"loan_amount","annual_income","debt_to_income","term","interest_rate"
28000,90000,18,60,14.07
5000,40000,5,36,12.61
2000,40000,21.2,36,17.09
21600,30000,10.2,36,6.72
5000,34000,6.5,36,6.72
24000,35000,23.7,60,13.59
20000,110000,16.2,60,11.99
20000,65000,36.5,36,13.59
6400,30000,18.9,36,6.71
25000,75000,10.4,60,15.04
40000,91900,1.8,60,9.92
16000,122000,12.1,36,13.59
17000,88000,3.7,60,9.43
3000,17000,34,36,19.03
20000,60000,38.5,60,19.03
12000,60000,31.2,60,19.03
30000,72000,20.3,60,28.72
20000,83000,18.4,60,15.05
7000,50000,15.6,36,6.08
10000,42000,32,36,11.98
21050,1e+05,26.5,60,13.59
3500,40280,7.3,36,6.71
8000,82000,17.3,36,7.96
18000,55000,14.4,60,12.61
10000,55000,13.7,36,11.98
3200,33000,19.4,36,7.34
10000,60000,11,36,5.32
6000,48000,2.9,36,6.07
12000,106000,26.2,36,12.62
19000,50000,36.8,60,19.03
28000,80000,28.3,60,20.39
15000,140000,13.8,60,9.93
2400,70000,0,36,6.08
10000,45000,10.6,36,21.45
24000,70000,17.1,60,15.04
9500,75000,18.5,36,10.42
30000,53592,7.1,36,12.61
10000,19000,24.8,60,18.06
15000,90000,15.7,60,11.99
35000,77000,14.8,60,15.05
10000,42000,25.9,36,15.05
40000,130000,13.5,60,12.62
15000,76300,10.7,36,6.72
20000,190000,2.7,36,6.71
4500,41000,25.7,36,15.05
16000,30000,3.6,60,9.93
10000,88000,17.2,36,10.42
20000,115000,18.7,60,22.91
20600,95731,19.6,60,30.79
35000,127000,9.1,60,15.05
10000,75000,22.9,36,6.07
12000,70000,21.4,36,6.07
1925,22000,13,36,17.47
15000,75000,20.2,36,7.34
20000,73000,39.1,36,13.59
6000,76000,14.6,36,6.72
10000,188000,11.6,36,5.31
25000,50000,12.2,36,9.93
10000,58000,12.6,36,9.92
6000,105000,16.7,36,9.93
20000,114000,28.1,60,14.07
15000,150000,7.9,36,7.97
20000,69000,15.4,36,5.31
10500,30000,32.4,60,9.93
11400,60000,17.3,60,14.08
5500,74000,32.1,36,12.61
5000,25000,3.7,36,12.62
9600,32000,22.1,36,17.47
15000,31000,16.3,36,12.62
10000,64000,8.7,36,6.71
10450,24000,16.3,60,19.42
7200,77000,16,36,12.62
35000,31000,28.4,60,14.08
4200,13930,21.9,36,10.91
2400,60000,19.2,36,17.47
12800,41787,37.7,36,18.06
8000,45000,15.4,36,16.02
30000,77000,18.4,36,19.03
7000,72000,27.2,36,12.62
25000,165000,11.1,36,6.07
40000,43000,1.6,60,9.43
24000,90000,17.4,60,10.42
5000,95000,11.4,36,7.96
40000,152000,21.1,60,13.59
15000,49500,34.9,60,15.04
5000,32000,13.8,36,12.61
7000,78000,9.6,36,7.96
17450,52000,24.4,60,13.58
30000,147000,5.2,60,16.01
15000,140000,28.5,36,22.91
20000,50000,20.7,36,7.97
15000,55000,12.2,60,18.06
12000,190000,15.8,36,6.08
16500,126000,3.8,36,5.32
19200,95000,15.5,36,5.32
7050,80000,14.2,36,9.93
15000,23000,49.6,60,20
11200,66000,13.3,36,15.05
8000,60000,16.7,36,7.96
20000,101000,18.5,60,26.77
10800,113000,15.3,60,9.44
7200,61000,19,36,13.59
12000,28000,27,36,15.04
20000,75000,21.6,36,5.31
7200,44000,24.8,36,14.08
6000,60000,18.4,36,13.59
5000,47000,18.9,36,7.97
16000,58000,14.7,60,9.93
15600,55000,29.6,36,6.08
10000,31812,37.8,60,21.85
10000,95000,13.5,36,10.42
30000,65000,29.4,36,17.47
16000,55200,18.7,36,6.08
20000,42000,25.2,36,12.61
6275,30784,27.6,36,23.87
15000,60000,26.9,36,18.06
16000,120000,21.4,60,13.59
10000,63000,15.3,36,16.02
25000,155000,16.1,36,9.93
12000,40000,2.9,36,9.92
6000,42500,18.6,36,7.35
10000,75000,8.5,60,13.59
20000,24000,9.8,36,14.07
8500,110000,11.6,36,7.34
36000,172000,24.3,60,15.05
40000,145000,14.7,36,6.72
9000,85000,22.7,36,16.01
7200,42000,9.9,36,7.34
6100,36000,29.5,36,23.88
2250,17000,27.7,36,15.05
10000,37000,4.2,36,6.72
25000,45000,17,36,21.45
16000,40000,19.4,60,25.82
32000,182000,6.1,60,14.08
12000,51000,17.2,36,15.05
10000,45000,23.3,36,9.44
2200,31200,33.2,36,17.09
4800,27278,19.9,36,16.01
35000,75000,15.3,60,10.9
35000,1e+05,22.9,36,12.62
10000,42000,14.4,60,21.45
2400,66000,6.1,36,10.41
19600,89000,18.6,36,5.32
26000,50000,27.1,60,21.85
12000,99000,11.7,60,18.06
13000,150000,7.8,36,5.32
11750,57000,18.9,60,17.09
30000,99000,20.8,60,9.93
7000,44000,19.4,36,6.08
35000,97000,0.3,36,16.01
10000,30000,8.6,60,13.59
20000,50000,14.2,36,9.92
40000,115000,12.9,60,15.04
12000,80000,9.9,36,6.71
16000,15000,7.2,36,17.47
10000,60000,27.1,36,11.99
10000,50000,13.3,36,13.59
15000,91000,25,36,7.35
24000,75000,0.5,60,10.42
40000,182000,16.7,36,7.97
25000,65000,10.6,60,9.92
32175,121500,39.3,36,12.61
25000,170000,14.2,60,9.93
24000,70000,21.8,60,14.07
15000,60000,6,60,14.08
36000,1e+05,22.5,60,12.62
20000,68000,17.3,60,16.02
30000,65000,29.4,60,14.07
11000,42500,24.6,36,18.06
15000,52000,21.3,60,14.08
13500,68250,8.6,60,16.02
10000,55000,8.7,60,11.99
25000,85000,26.5,36,6.72
28000,95000,11.3,36,6.71
10000,71000,15.5,36,6.07
10000,41200,17,36,7.35
10000,44088,27.9,36,13.59
2500,15000,5.9,36,13.59
6500,95000,12.4,36,5.31
10000,88000,13,36,7.97
14500,65000,40.2,36,7.35
40000,80000,11.9,36,11.99
16000,45000,25.4,36,16.02
14000,150000,9.3,36,9.93
10000,69000,27.7,36,19.42
2400,35000,23,36,7.96
17000,39000,10.8,36,13.59
24000,90000,39.6,36,12.61
20000,82000,18.1,36,19.03
30000,82000,7.1,36,16.01
3600,27000,2.5,36,6.72
20000,92000,25.3,36,6.07
8000,45000,23.9,36,15.05
16000,40000,29.7,36,6.07
24000,170000,22.7,36,13.58
2000,30000,5.7,36,10.42
2000,52500,9.7,36,11.98
6500,25000,2.8,36,9.43
8000,70000,39.1,36,16.02
7000,16000,25.4,36,18.06
25000,125000,2.5,60,12.61
15000,60000,22.9,60,14.07
35000,1e+05,27.7,36,10.42
12000,45000,11.8,60,17.47
10000,26448,30.5,60,10.91
15000,90000,18.6,36,5.32
14000,80000,18.4,60,9.44
15000,60000,27.8,36,9.44
10000,60000,9.2,36,14.08
5000,25000,14.3,36,7.35
28125,74000,14.4,60,12.62
10000,119568,22,36,15.04
10000,20000,0,60,9.92
40000,151000,15.8,60,10.9
10000,70000,27.6,36,6.72
8000,35000,29.1,36,5.32
35000,84000,7.6,60,11.99
20000,2e+05,10.7,36,5.32
9000,25000,31.6,36,10.41
20000,60000,8.7,60,14.07
3000,65000,15,36,6.07
8000,15000,29,36,9.93
10000,52000,2.3,36,11.99
5000,44000,12.9,36,6.71
15000,145000,16.6,36,5.31
10000,48000,18,60,13.59
40000,1e+05,10.9,36,10.9
3000,35000,5.6,36,12.62
1500,33000,27,36,10.42
28000,196000,24.4,36,15.05
8000,76000,11.4,36,6.71
20000,49000,28.8,60,21.45
11000,80000,13.5,36,11.99
3300,35500,16.9,36,11.99
15000,130000,14.4,36,6.07
11500,56000,16.1,36,5.31
16500,150000,33.2,36,6.07
15000,80000,23.7,60,19.42
35000,105000,14.4,60,21.85
4400,72000,21.3,36,14.08
19000,96000,18.7,60,18.06
3125,35300,27.2,36,10.91
20000,73000,24.4,60,9.44
20000,50000,17.2,60,12.62
10000,70000,7.8,60,9.44
14000,65000,26.9,36,11.98
16000,85820,19.4,36,9.92
7000,90000,16.3,36,10.41
24000,45000,42.6,60,9.93
10000,45000,17.5,36,7.97
2500,56000,32.3,36,19.42
25000,58500,18.2,60,18.45
5000,170000,7.2,36,6.72
9000,33428,3.5,36,10.91
5000,9600,20.7,36,17.47
10000,92000,9.4,36,10.41
10000,49000,15.3,36,9.44
6000,35000,9.1,36,12.61
2500,35000,3.7,36,7.96
32000,50000,2.7,36,10.9
28000,98000,16.1,60,21.85
10000,20400,9.8,36,7.96
35000,108000,21.1,60,9.43
25000,65319,22.2,60,15.04
15000,90000,13.7,60,14.07
16000,52000,15.3,36,10.9
20000,109000,13.8,36,6.08
10000,65000,15.9,36,9.93
10000,55000,11.5,36,12.61
15000,58000,18.5,60,10.42
11100,84000,22.6,60,30.17
24000,85000,21.2,60,19.42
1950,33000,20.6,36,9.43
15000,40000,7.2,60,17.47
8000,46800,16.6,36,7.34
8500,48000,15.4,36,7.96
12000,67764,17.6,36,13.58
24000,26000,10.8,60,9.43
11500,45000,27.3,60,21.85
1000,24000,1.2,36,22.91
15000,80000,0.8,36,12.61
13250,52000,12.1,36,9.93
10000,70000,13.8,36,6.72
18000,1e+05,8.6,36,19.42
2400,95000,18.9,36,9.92
21700,78000,20,60,14.07
36525,65000,37.1,36,10.42
5000,85000,17.6,36,7.35
28000,138000,27.5,36,6.71
35000,72900,21,36,12.62
40000,1e+05,38.4,60,21.45
14000,31000,18,60,16.01
20000,95000,6.3,60,16.02
7000,28000,11.4,36,10.9
20000,115000,9.1,36,11.99
10000,80000,15.5,36,12.61
8000,40000,7.2,36,6.71
4000,50000,2.4,36,9.43
30000,70000,34.1,36,13.59
20000,109000,17.7,36,6.08
4000,35000,25.6,36,7.35
14000,47328,10.2,60,10.9
24000,90000,24.2,36,6.07
2800,17000,5.4,36,19.03
12000,62000,27.7,36,10.42
9600,66000,1.4,36,9.44
9600,39000,9.8,36,5.31
3500,76000,11.8,36,7.97
8000,80000,14.4,36,5.32
12000,110000,31.2,36,10.91
32400,89000,39,36,10.91
15000,31800,14.7,60,12.61
8300,60000,17.6,36,13.59
25600,140000,20.6,36,5.32
20000,1e+05,22.6,60,13.58
27900,180000,9.9,60,16.01
4000,80000,14.5,36,7.35
1000,71000,18.6,36,9.92
24000,62000,16.8,60,9.43
40000,156000,13.2,36,7.35
22000,77000,7.8,36,9.43
6400,125000,5.6,36,9.44
12000,1e+05,24.8,36,17.09
30000,85000,24.4,36,18.06
12000,76000,18.1,60,21.85
20000,96000,10.7,36,6.72
24000,139500,21.2,36,9.43
38400,74200,16.2,60,10.42
10000,75000,10.2,60,15.04
30000,70000,2.6,36,18.06
9000,113000,12.9,36,15.04
28000,104000,33.8,36,13.59
5000,14400,3.8,36,15.05
26000,30163,27.7,60,26.77
25000,120000,7.8,36,7.35
25000,79500,18,36,11.98
14000,35000,22.6,36,13.59
6000,51200,9.1,36,11.98
12000,46000,36.4,36,7.35
20000,110000,13.6,36,9.92
10000,62000,30.4,36,14.08
10000,78000,15.3,60,9.93
5000,33800,16.7,36,17.47
10000,105000,16.6,36,9.43
10000,50960,6.9,36,7.97
15000,87000,20,60,9.43
17000,53000,24.3,36,14.08
19475,56000,20,36,7.97
10000,75000,17.2,36,14.07
10000,56000,11.6,36,10.42
16000,60000,20.2,60,25.82
14000,78900,34,60,25.82
11300,118000,19.7,36,7.35
15000,85000,20,60,15.05
10000,40000,15.5,36,7.96
25000,65000,38.3,36,13.58
15000,24000,35.5,60,16.01
19200,75999,34.4,36,7.34
14000,130000,9.5,36,6.08
13000,45000,27.9,36,12.61
28000,45000,25.3,60,16.02
26000,114000,18.6,60,11.99
7000,55000,20,36,6.08
25000,50000,24,60,30.79
20000,37000,30.5,36,16.02
20000,65000,21.9,60,12.61
12000,120000,14.2,36,12.61
8650,56000,6.8,36,14.08
7500,70000,3.8,36,17.09
21000,196000,14.4,36,7.96
12000,150000,4.7,36,10.42
10000,73000,26,36,7.34
25000,66000,26.4,60,9.92
8500,14000,17.7,36,6.72
18000,77000,24.1,36,10.42
18000,52000,16.4,60,6.71
9500,93500,17.2,36,16.01
20000,55000,23.9,36,14.08
10000,90000,8.8,36,10.9
30000,70000,13.5,36,5.31
28000,1e+05,27.7,60,17.47
25000,85000,29.6,36,9.93
30000,195000,13,36,9.43
40000,90000,14.7,60,14.08
8000,31000,25.2,36,7.97
12000,35000,8,36,7.35
12000,81000,18.5,60,15.05
8000,30000,19.8,36,14.07
10000,50000,13.1,36,11.99
6650,1e+05,9.2,36,5.31
10000,70000,6.4,36,5.32
5200,39053,22.9,36,11.99
15525,55000,12.5,60,15.04
6000,60000,9.8,36,6.72
5000,22000,9.9,36,7.97
3500,44190,19,36,5.32
15000,23000,22.7,36,22.91
21625,120000,16.7,60,10.91
11200,67000,33,36,15.05
40000,137000,14.2,36,7.35
10000,30000,3.8,36,11.99
36000,75000,17.7,36,9.93
17000,44500,19.8,60,20
9000,42000,11.7,36,13.59
28000,119000,8.6,60,26.77
15000,63000,35.1,60,16.01
7000,41600,5.2,36,5.31
20000,50000,10.8,60,21.85
1000,19719,3,36,11.99
7000,74500,21.6,36,6.08
5000,50000,34,36,19.03
30000,75000,21.5,36,7.35
6000,67000,22.1,36,7.96
20000,80000,33.4,36,20.39
12000,70000,17.6,36,7.96
5000,35000,18.4,36,5.32
15000,37000,30.6,36,14.08
15000,114000,13.2,36,18.45
5000,20000,34.7,36,6.72
13000,61000,13.1,60,17.09
17975,37000,37.5,36,10.9
28275,41600,27,60,13.58
11000,57057,3.8,60,14.08
25000,70000,25.7,60,6.72
3300,24000,9.2,36,9.43
30000,60000,27.2,60,11.99
7200,70000,9.7,36,11.98
30000,57000,16,60,10.42
25000,150000,7,36,11.98
20000,33000,27.2,60,7.96
4000,68000,11.2,36,9.93
40000,152000,13.4,36,9.43
40000,78000,17.2,36,10.41
13000,50000,15.7,36,7.34
15000,50000,18.2,36,14.07
27000,57000,14.1,60,10.42
13000,63000,20.3,36,7.97
15000,80000,10.9,60,21.45
3000,50000,1.8,36,21.45
21600,114000,19.7,60,26.77
35000,76500,27.5,60,20.39
2500,72000,24.3,36,10.42
4000,112000,12.4,36,17.47
10000,37400,21.5,60,7.34
6400,26000,14.1,36,7.35
6900,25000,9.8,36,17.09
6000,1e+05,38.5,36,13.59
3000,74500,2,36,6.07
12000,70000,11.1,36,9.44
16000,40000,39,36,11.99
30000,79000,29.2,60,25.82
10800,41000,27.4,60,19.03
12000,73000,12.1,36,10.41
6000,25000,7.1,36,12.61
6500,86000,3,36,6.71
6000,33000,5.8,36,10.42
7500,75000,32.9,36,18.06
10000,45000,10.6,36,6.08
27500,114000,11.2,36,7.97
25875,48000,44.4,60,24.85
6000,45000,16.1,36,15.04
40000,90000,10.2,60,21.45
2500,55000,23.4,36,17.09
7000,36000,4.9,36,20
8000,120000,8.2,36,9.44
12000,42000,16.5,60,15.04
15000,79500,16,60,20.39
4000,42000,5.8,36,7.97
6500,35000,21.5,36,11.98
32000,41000,41.5,60,21.45
10000,69000,11.8,36,9.44
15000,69200,5,36,9.43
12000,35000,10.7,60,21.85
15000,68000,17.2,60,10.42
15000,50000,37.7,36,13.59
10000,60000,16.1,36,7.35
8000,35000,10.8,36,6.71
6300,52000,17.8,36,9.44
4500,24000,18.8,36,6.72
30000,85000,26,36,7.97
12000,52000,28.5,60,15.05
16000,175000,14.8,36,6.72
24000,120000,6.8,36,5.32
15000,62000,13.5,36,17.47
15000,45000,16.8,36,15.05
14000,35000,16,36,10.91
35000,43000,19.2,60,21.45
12000,114000,10.8,36,5.32
10000,65000,12.4,36,12.61
5000,30000,3.8,36,10.91
36500,90000,12.5,36,5.32
4800,55000,1.6,36,7.96
20000,90000,23.2,36,6.08
2400,48000,18.6,36,13.58
6000,50000,23.5,36,7.35
20000,71422,15,36,7.97
24000,77000,12.2,36,10.42
15000,42000,14,36,6.71
20000,80000,10.4,36,5.31
11000,45000,8.3,36,12.61
7500,82000,25.8,36,25.82
14800,85600,37.9,36,18.06
20000,78000,12.3,36,9.44
10000,90000,21.3,36,19.03
22000,68000,20.8,36,5.32
10000,60000,0.9,36,11.99
13000,54600,20.4,36,7.96
32000,40000,32.7,36,18.45
20000,70000,26.1,60,9.92
2050,50000,10.8,36,7.96
12000,34000,15.8,36,13.58
12000,55000,28.2,36,7.34
12000,81000,18.5,36,9.43
5400,20000,18.7,36,15.05
6000,55000,5.8,36,11.98
7400,58000,29.4,36,13.59
8000,17000,22.7,36,14.08
12000,110000,21.3,60,14.07
10000,42000,16.6,36,16.01
9500,25000,14.3,36,9.93
15000,118000,14.2,60,12.61
14000,33000,29.7,60,14.08
10000,32248,24.7,60,16.02
35000,87500,17.6,60,19.03
11500,73000,31,60,9.93
21975,95000,16.3,36,7.96
23000,55000,19.4,60,18.06
10000,52000,14.5,36,5.31
40000,78000,13.2,60,11.98
20000,70090,32.8,36,21.85
10000,65000,25,36,7.35
40000,102000,11.4,60,9.93
15000,78000,20.3,36,6.08
8000,94000,17.8,36,16.01
6025,24000,4.4,36,10.9
30000,90000,3.9,36,7.35
20000,2e+05,27.4,60,9.93
35000,120000,16.5,36,6.72
12000,179000,11.1,36,9.92
15000,45240,18.4,60,21.45
13000,80000,10.7,60,21.85
20000,125000,21.3,36,20
1600,43000,25.8,36,10.9
6000,62000,21.9,36,13.58
30000,2e+05,5.4,60,21.85
15000,161105,28.3,36,10.9
3000,138000,6.8,36,10.42
39600,58000,29.5,36,22.91
5000,22212,9.1,36,12.62
18875,63000,33.6,36,14.07
40000,120000,28.6,36,15.05
15000,78000,20.1,60,9.93
6000,44000,29.5,36,16.01
12500,102000,33.1,60,12.62
9500,39333,15.1,36,7.35
13000,140000,17.8,60,15.04
20000,19000,41.4,36,9.44
35000,60000,5.7,36,16.01
7000,22000,11.2,36,10.9
16700,55000,37,36,6.72
15000,1e+05,18.2,36,9.93
40000,170000,13.7,36,11.99
24000,85000,13,36,9.93
4000,71000,24.3,36,10.41
35000,195000,24.8,36,13.59
9525,17200,21,36,15.05
13500,60000,16.3,60,14.08
20000,50000,14,36,19.03
10000,48000,22.1,36,6.08
3500,39000,23,36,11.99
9000,104000,11,36,5.31
15000,85000,34.6,60,12.62
5000,66914,12.9,36,13.59
5000,60000,15.3,36,13.59
2200,45000,34.8,36,11.98
10000,140000,37.2,36,14.08
2000,170000,12.5,36,15.05
6025,53000,9.8,36,12.62
28000,52000,4.6,60,10.9
10000,190000,12.3,60,10.9
38400,132000,9.4,36,6.72
40000,99000,10.1,36,9.92
18000,48222,12.2,60,16.02
10000,89000,2.2,36,9.43
27000,2e+05,19.7,60,11.99
15000,28750,38,60,13.59
24000,128500,20.6,36,6.72
10000,60000,28.5,36,13.58
6250,53000,13.6,36,9.92
25000,150000,14.9,36,10.41
4000,31000,5.3,36,10.91
36000,70000,32.8,60,12.61
12000,75000,10.9,36,10.91
20000,105000,10.2,36,6.07
20000,65000,11.1,36,10.42
16000,88000,17.8,36,9.43
20000,85000,21.6,60,10.91
7200,139000,19.4,36,6.07
22000,113000,23.6,60,9.44
10000,28000,14.7,36,16.02
8500,90000,6.1,36,10.42
15000,86500,25.2,60,9.44
5000,70020,7.9,36,7.34
21000,86000,14.3,36,15.05
20000,53000,8.9,60,16.02
21600,65000,16.1,60,16.02
28000,80000,10.5,60,14.07
35000,90000,18.4,36,10.41
5000,40000,32.3,36,14.08
6000,72000,30.8,36,11.99
25000,90000,12,60,10.42
15000,35000,44.1,60,13.59
8000,50000,32.5,36,6.08
35200,93000,29.9,36,6.71
6000,60000,19.2,36,10.42
6000,28000,19.8,36,7.34
10000,27000,20.7,36,17.47
24000,1e+05,20.4,60,12.62
15000,45000,1.1,60,21.45
2000,14200,36.4,36,7.97
40000,120000,7.2,60,9.93
7500,25875,6.6,36,7.96
10000,70000,28.7,36,6.72
24000,93000,30.8,60,16.01
10000,50000,7.4,36,7.96
9500,65000,21.6,36,10.42
11500,111000,6.2,36,6.08
18000,96000,22.2,36,6.72
10000,30000,25.6,36,5.31
6000,44000,34,36,10.42
30000,55000,36.7,60,25.81
15000,70000,27.2,36,7.35
14000,95000,5.8,60,10.9
9500,72276,16.2,36,5.32
10000,80000,18.2,36,16.02
6000,54800,25,36,9.92
30000,110000,2.7,36,6.71
10000,65000,28,36,14.08
12000,54000,18.2,36,9.44
16000,169880,20.6,36,16.02
24000,52000,11,36,10.42
4000,58000,20.5,36,7.97
8500,107000,20.4,36,16.02
3100,85000,18,36,9.43
20000,185000,12.6,36,11.98
25000,125000,29.2,60,10.9
21000,28000,10.5,36,6.71
8000,87000,13.4,36,6.71
30000,2e+05,17,36,19.03
20400,65000,16.8,60,23.88
2500,90000,8.5,36,10.9
15000,55000,9.8,60,19.03
10000,37000,23.9,36,6.72
16000,50000,13.1,36,9.44
9000,170000,9,36,5.31
24000,87000,23.1,60,14.07
7000,80000,10.8,36,13.58
10000,26000,29.7,36,14.08
5000,45000,9.2,36,9.43
17000,50000,28.8,36,10.91
4000,101000,23,36,16.02
18000,35000,1.2,36,18.06
9000,56000,10.1,36,5.31
18300,59000,16.3,60,11.99
16000,64000,25.7,60,28.72
6000,54000,23.6,36,10.91
24000,35000,1.8,36,12.62
10000,45384,3.4,60,22.91
7500,69000,22.9,36,17.09
12150,55000,11.4,36,7.97
10000,60000,9.4,36,14.08
10000,80000,11.3,36,7.34
29500,65000,20.4,60,7.34
10000,20000,16,36,11.99
12800,57500,12.8,60,11.99
6000,30000,20.7,36,10.91
25000,108000,34.8,60,9.44
6000,50000,6,36,6.72
32000,61800,13.8,60,18.45
10000,83740,23.9,36,16.01
10000,42000,20.2,36,15.04
10000,118000,8.1,60,30.17
8000,72000,5.5,36,7.97
12000,50000,20.5,36,9.44
10000,80000,21.1,60,12.61
23000,80000,17.3,60,16.02
40000,125381,20,60,14.08
22900,65000,6.4,36,10.91
13500,75000,5,60,17.47
30000,60000,34.4,60,17.09
24000,106000,18.4,60,10.42
6000,70000,4,36,10.91
10000,55000,38,36,6.07
11000,1e+05,15.1,60,16.02
16000,42000,19.5,60,22.91
5775,60000,11.2,36,11.99
10000,72000,10.2,60,12.61
16000,85000,7.3,60,19.03
35000,98000,17.8,60,15.04
40000,68000,28,36,6.07
12000,120000,12.6,36,14.08
8000,62000,2.4,36,6.07
14000,62500,21.3,36,10.91
18000,60000,27.1,36,6.72
20000,40000,18.3,60,9.44
35000,90000,28.3,60,25.81
6025,64721,15.4,36,12.61
10000,80000,12.4,60,12.61
6000,18000,34.2,36,7.35
25000,107200,31.5,60,20
24000,65000,12.7,60,24.84
5400,72000,13.9,36,6.08
5000,32000,0.9,36,11.99
22250,134676,14.4,60,9.44
10000,52000,8.4,36,5.32
27000,130000,20.8,60,9.92
4000,66000,21.9,36,21.45
16000,120000,4.3,60,12.61
4000,20000,17.5,36,14.08
9600,80000,16.6,36,10.9
7000,90000,3,36,15.05
8000,95000,8.1,36,11.98
15775,55000,15.1,36,10.91
2000,1e+05,11.5,36,14.07
14000,64000,31.6,60,17.09
16175,71500,21,36,30.75
16000,42000,27.2,60,29.69
7500,69000,18.5,36,11.98
10000,81000,7.8,36,5.32
24000,90000,19.4,60,13.59
16000,80000,24.1,60,15.05
28000,65000,21.1,60,14.08
16000,84000,20.7,60,19.03
26650,92000,26.8,60,13.59
7625,82000,15.6,36,12.61
10000,60000,12.5,36,18.06
9800,40000,14.8,36,14.08
16000,60000,31.5,36,18.06
40000,40000,49,36,6.07
4800,75000,33.5,36,11.99
15000,71000,6.1,60,10.42
3600,28000,7.2,36,6.08
10000,68000,18.2,60,18.06
4000,72000,23.5,36,15.05
8000,50000,14.1,36,6.72
8000,65000,23.7,36,12.62
6000,36000,35.8,36,5.32
3000,56000,3.8,36,7.34
12000,120000,19.4,36,9.93
30000,130000,10.8,60,15.04
35000,72000,10,36,6.07
15000,65000,21.1,60,10.41
40000,110000,5.8,60,5.32
10000,40000,7.6,36,16.01
28000,50840,27.8,60,28.72
5000,115000,18.2,36,7.35
16500,105000,17.3,36,5.31
23000,64000,1,36,6.72
21000,52400,14,60,15.04
12000,96000,19.2,60,21.45
12000,50000,22.6,60,14.07
20000,120000,15.3,36,6.72
7000,24000,5.9,36,11.99
15000,55000,9.8,60,10.9
10400,52000,11.3,36,6.72
8000,24000,23.3,36,9.92
20000,75000,24.9,36,7.97
10000,40012,17.4,36,7.34
3800,65000,3,36,9.92
4375,21432,7.2,36,10.42
14400,63000,28.6,36,16.02
6000,73400,12.1,36,6.08
10000,50000,3.6,36,20.39
8000,75000,6,36,13.59
19200,45000,16.2,60,9.44
3000,83000,16.1,36,10.42
12000,130000,7.9,60,9.92
19200,72465,12.5,60,11.99
13500,48000,17.8,36,6.72
35000,126700,32.4,36,18.06
10000,116480,13.7,36,10.42
4000,12276,26.8,36,14.08
36000,160000,17.6,60,9.43
8000,72000,17.6,36,16.02
10000,45000,18.2,36,6.72
7000,38000,18,36,9.43
10000,75000,20.7,36,7.35
16500,120000,12.6,36,6.08
8000,55000,13.1,36,6.08
16800,67000,17.4,36,10.91
10000,48200,18.7,60,17.09
10000,180000,5.3,60,19.42
25000,52755,35.1,60,11.99
10000,41600,21.4,36,13.58
12000,50000,18.6,36,11.99
10800,46500,17.7,60,13.59
8500,65000,13.9,36,9.44
10000,54000,19.2,36,17.09
10800,35000,27.6,60,11.98
36000,46000,37.4,36,20.39
17950,38000,37.6,60,26.3
20000,75000,11.6,60,13.59
20000,80000,15.1,36,9.93
6000,88000,10.9,36,10.41
7000,36000,3.2,36,12.62
3000,20000,9.9,36,17.09
6000,70000,10.8,36,6.07
28000,119000,26.1,60,24.85
10000,40000,12.6,36,10.91
5000,40000,2.9,36,5.31
40000,140000,7.1,36,6.08
4000,54000,19.2,36,6.07
22000,54500,8.7,36,9.43
8000,64000,11,36,14.07
10000,26000,21.9,36,17.09
25200,60000,20.1,60,11.98
30000,59000,23.6,36,14.07
12000,44000,20.6,60,9.92
10000,40000,14.4,36,5.32
10000,65000,12.5,60,16.02
35000,92000,26.1,60,17.47
25600,80000,16.4,36,9.43
30000,44000,31.4,36,16.02
25000,40250,46.1,36,9.93
29825,98000,18.6,60,9.93
20000,140000,5.3,36,9.93
24000,1e+05,6.2,60,10.9
20000,45000,19.7,36,10.42
7500,96000,25.7,36,11.99
10000,75000,2,60,26.3
10000,67500,9.9,60,9.43
29600,70000,0,36,7.97
6100,35000,11.7,36,11.98
25000,68000,42.7,60,15.04
24000,70000,26.1,36,7.97
10000,36000,10.9,36,14.08
13000,26000,44.5,36,19.03
8000,80000,17.5,36,7.96
18000,150000,9.2,60,9.44
8000,22000,8.2,36,11.99
20000,52000,23.4,60,13.59
9000,50000,17.3,36,7.97
25000,38000,21.7,60,16.02
30000,175000,15.6,60,12.62
7000,175000,2.8,36,5.32
15000,65000,4.1,36,7.97
30000,109000,35.1,36,12.61
15000,30000,5.7,36,11.98
16800,23000,9.7,60,18.45
11200,39000,16,36,10.9
11000,35000,11.6,36,9.92
27000,72000,10.5,36,12.61
30000,80000,20,60,11.99
28000,110000,17.5,60,9.43
17600,90000,12.1,60,10.9
18000,45001,11.5,36,20.39
19000,59182,19.8,36,9.44
28800,63000,16.3,60,9.44
18000,120000,15.4,36,12.61
15000,25000,19.5,36,16.01
10000,132323,0,60,10.9
10000,1e+05,3,36,6.71
10000,67000,18.2,36,9.43
10000,49000,16.8,36,10.41
20000,75000,14.8,36,10.9
11000,90000,11.6,60,16.02
21275,78000,33.5,36,14.08
5000,30000,14.3,36,10.91
18000,40000,23.2,36,7.34
31100,75000,27.6,60,9.92
8000,50000,16.8,36,23.88
5500,106000,18.7,36,10.9
6675,110000,30.8,36,12.62
20000,94000,9.1,36,9.93
5000,40000,20.8,36,6.72
18000,50000,32.2,36,21.45
15000,70000,11,60,13.59
2000,54000,11.1,36,6.72
14000,77100,22.4,60,15.04
6000,36051,17.5,36,7.97
16000,45000,34.8,60,13.59
6000,60000,3.2,36,9.44
1000,61000,14.7,36,6.72
3500,75000,1.9,36,7.96
8000,48000,26,36,9.44
4200,75000,8.8,36,10.91
10400,47000,23.2,60,18.45
3500,9996,9.4,36,13.58
12000,42586,7.1,36,9.93
15500,70000,15.8,36,9.44
25000,112000,18.3,60,15.05
20000,60000,12.5,60,12.62
10000,70000,5.8,60,10.42
6000,26000,37.1,36,9.44
18000,54000,24.8,60,10.9
10000,81000,22.6,60,6.72
24000,50000,21.9,60,26.77
9000,75000,34.3,36,12.61
11000,56500,15.3,36,7.35
5000,37000,34.1,36,6.07
15000,50000,27.3,36,6.72
40000,182000,17.3,36,10.91
18000,45000,13,60,21.45
30000,43000,28.4,60,12.61
7500,70000,12.2,36,7.34
7000,90000,11.6,36,15.05
15000,60500,7.3,36,7.35
40000,142000,20.2,36,6.08
40000,195000,14.3,60,11.98
7500,60000,33.5,36,21.45
20000,65000,13.6,36,6.71
25800,108000,18.4,60,9.93
12000,40000,16.3,60,10.9
7000,95000,12.4,36,6.07
8000,73000,10.8,36,6.07
25200,165000,7.2,60,7.34
12000,46000,8.6,60,12.62
13000,60000,11.5,36,6.71
20000,42000,10.2,60,15.04
6500,38000,21.3,36,7.35
24000,80000,27,60,11.99
4000,65000,4.3,36,6.72
32000,120000,1.1,36,6.72
28000,45000,13.7,36,20
3025,56000,14.6,36,6.08
9000,78000,4.9,36,7.96
25000,69000,16.7,36,6.07
16000,86000,12.1,60,9.93
25000,69000,16.5,36,10.91
17000,66000,17.5,60,16.02
18000,98560,5.9,60,17.47
33600,60000,27.6,60,15.04
24725,150000,21.9,36,6.08
9000,65000,24.5,36,21.85
20000,59200,8.7,60,16.01
5000,56800,17.9,36,10.91
12000,80000,23.3,60,15.05
15000,53000,12,36,10.41
8000,80000,22.4,36,7.97
3000,80000,20.9,36,18.06
10000,105000,17.3,36,9.92
3600,40000,13.1,36,9.44
40000,142500,10.3,60,9.93
25000,103500,30,36,10.41
12000,60000,13.3,36,6.71
10000,90000,9,36,9.44
10000,71000,30.2,36,9.93
16000,70000,3.9,36,5.31
25000,135500,24,36,10.9
4800,44346,20.3,36,23.87
20000,120000,17.8,36,5.32
15000,50000,29.4,36,18.06
9300,46000,28.8,36,22.9
21000,140000,10.5,36,9.93
13000,87000,31.4,60,5.31
9600,67200,37.7,36,19.42
12000,52499,26.3,36,21.45
6050,36000,41.9,36,26.3
4000,54000,27,36,6.72
16000,11000,42.2,36,7.97
16000,50000,37.9,60,21.45
12000,90000,9,36,6.71
12000,71000,19.7,36,5.32
6000,31000,1.9,36,6.71
9600,58000,25.3,36,15.05
26500,138000,9.4,60,17.09
4000,80000,17.7,36,10.41
5000,28000,25.8,36,9.43
20000,47000,21.9,36,11.98
15000,64000,27.1,60,18.45
6000,50000,10.5,36,7.97
15000,85000,21.1,36,11.98
9000,170000,5.3,36,9.44
40000,63215,33,60,11.98
1000,75000,15.2,36,7.97
10000,113000,14.9,36,5.32
4600,25000,28.3,36,24.84
14000,42000,25.2,36,20.39
20000,118000,10.6,60,9.93
8000,112000,7,36,6.08
10000,50000,35.6,36,11.99
14000,35000,12,60,12.62
5000,37024,8.3,36,6.72
2000,50000,16.1,36,7.97
12800,22000,23.2,36,7.34
25000,86850,12.4,60,12.62
6000,36000,18.2,36,6.08
6500,40000,21.8,36,10.91
15600,60000,14.3,36,10.41
17000,53000,41.2,60,10.9
9800,31000,36.5,36,14.08
20000,55000,21.9,60,21.45
27000,117000,15.6,60,12.62
10000,95000,15.4,36,13.58
10000,100600,13.8,36,7.96
15000,30000,3.3,60,20
14000,55000,31.3,60,15.04
3500,48000,27.1,36,6.08
35000,160000,35,60,20
10000,50000,20.5,60,16.01
5000,45000,20.3,36,13.59
24000,55000,17,60,10.42
8000,48000,35.1,36,16.02
26000,75000,21.4,36,11.99
25000,50000,13.4,36,7.34
15000,47000,32.2,36,20
10000,160000,11.4,36,11.98
40000,66800,14.5,36,7.96
8800,85000,18.2,36,17.47
6500,13164,4.6,36,7.97
15000,56368,22.1,60,19.03
40000,120000,19.9,36,7.96
35000,70000,5.6,36,18.06
7000,50000,25.8,36,17.09
8000,35000,11,36,18.06
3500,62000,29.1,36,12.61
10000,45000,24.7,36,10.42
10000,120000,15,36,16.02
13000,150000,16.5,36,9.92
10000,61000,25,36,10.41
6050,38500,6.4,36,15.05
9600,40390,15,36,10.41
14000,30000,23.4,36,12.62
16000,90000,23.4,36,6.08
10000,43000,19.6,36,18.06
15000,99000,20.7,36,11.98
21000,65000,19.6,60,14.07
10000,120000,20.7,36,7.97
6000,50000,29.7,36,11.98
14425,110000,29.3,36,10.9
10000,103000,12.9,36,6.72
35000,180000,4.4,60,14.07
22000,85000,19,60,25.82
12000,72100,30.8,36,12.62
8000,35000,14.8,36,10.91
21000,28000,4.7,60,26.77
36000,156000,18,36,5.32
14000,147000,18.3,36,10.41
7475,50000,20.8,36,18.06
2800,150000,10.7,36,9.44
18000,130000,31.2,36,10.41
16000,75000,13.8,36,17.09
12000,76000,20.5,60,9.44
10000,90000,25,60,21.45
40000,95000,19.6,36,9.43
5000,59000,10.2,36,9.93
17000,62000,14.5,60,13.59
10000,70000,2.3,36,6.72
16000,50000,4.5,60,26.3
30000,65000,26.4,36,21.85
20000,50000,21.9,36,15.04
20800,64000,13.2,36,10.41
24000,90000,8,36,6.71
3800,32800,29.1,36,7.35
9500,2e+05,16.3,36,6.07
30000,75000,12.6,60,13.59
5075,65000,13,36,5.32
20000,118000,11.5,60,13.58
30000,65800,28.1,60,24.84
15000,30000,16.2,60,21.45
10000,56000,24.6,60,21.45
10000,130000,0.1,36,7.35
16000,48000,20.5,36,10.91
11200,32000,27.5,60,17.47
6000,40000,3,36,10.42
15000,27511,0,36,6.71
10000,70000,17.3,36,7.35
30000,190000,13.8,60,28.72
12000,68200,22.6,60,17.09
13000,35860,17.7,60,15.05
10000,28600,24.1,60,14.08
6000,38000,29.3,36,16.02
18000,90000,30.3,60,16.02
5000,20000,32.6,36,5.32
12000,65000,24.2,36,17.47
20000,51000,22.7,36,17.47
16000,70000,39.4,60,17.09
35000,85000,36.9,36,21.85
14000,71000,10.3,36,15.04
40000,118000,16.1,60,11.98
6500,30000,8.4,36,9.43
8000,66000,9.6,36,18.45
20000,68000,34.9,60,20
7800,82000,10.1,36,5.32
6000,78000,4.5,36,6.08
6300,40000,22.8,36,15.04
4000,91275,10.7,36,15.04
2750,35000,4.2,36,13.59
22000,110000,23.8,60,9.92
22000,64000,22.7,60,12.62
10000,35000,8.8,60,14.08
10275,29415,10,60,25.81
35000,125000,6.2,60,18.45
3600,86000,12.4,36,7.97
20000,48000,16,36,13.59
26000,111000,14.3,60,11.98
10000,35000,36.5,36,13.59
12900,32000,20.6,36,16.02
15000,61846,29.1,36,15.05
7200,115000,9.7,36,10.9
28000,122000,24.6,60,15.04
12500,59000,21.8,36,11.98
15000,80000,10.6,36,7.96
6000,62000,13.2,36,9.92
20000,74400,33.2,36,14.08
20000,70000,10.5,36,6.08
10000,86000,14.5,60,12.61
10000,37000,25,36,16.02
20000,164000,8.6,36,5.31
5000,25700,18,36,6.08
6000,55000,27.5,36,18.45
12000,55000,30.9,36,6.07
40000,101000,15.5,36,9.44
17000,32000,27.2,60,16.02
10000,55000,16.8,36,6.07
30000,39000,15.2,60,25.82
3500,32844,20.9,36,15.05
8000,43125,22.5,36,6.07
30000,185000,9.7,36,7.97
21500,63000,17.5,60,11.99
30000,94000,38.2,36,18.45
6600,70000,25.6,36,9.92
21600,70000,35.6,36,13.59
22000,31000,5.3,36,9.43
20000,1e+05,4.4,60,16.01
19000,130000,9.6,60,11.98
9600,135000,14.2,36,10.91
12000,50000,24.1,36,6.71
3000,40000,26.2,36,11.98
9000,50000,9.2,36,11.99
16000,46000,7.5,60,9.92
12850,27000,9.5,36,11.98
15000,77500,20.3,36,6.08
18000,60000,16.3,36,6.08
10000,44000,3.3,36,7.96
12000,26000,24.8,60,9.93
8250,52000,12.6,36,6.71
28000,150000,8.7,36,10.91
35000,104000,13.4,60,19.03
8000,110000,19.4,36,9.93
15000,50000,14.3,36,7.34
8000,55200,22.2,36,15.04
13000,87000,18.4,60,18.45
28500,98000,10.7,60,9.44
17000,110000,17.4,36,6.08
22400,51000,28.2,36,7.35
4000,60000,23.6,36,13.59
35950,25000,29.7,60,17.09
35000,110000,27.3,60,10.91
5000,72000,25.2,36,13.59
3900,25000,15.6,36,5.32
11000,90000,15.7,36,10.91
14400,83600,23.9,60,16.01
40000,70000,8.9,60,10.42
2500,61000,11.8,36,9.43
14400,63000,9.3,60,9.43
7150,50000,20.9,36,6.07
22000,65000,24,60,11.99
5000,109000,14.8,36,10.42
25600,57626,18.3,36,13.59
10700,145000,20.8,36,10.9
24000,37000,36.7,60,14.08
32000,91000,19.6,60,11.98
30000,125000,23.8,60,11.99
4200,105000,11.6,36,6.71
40000,72000,24.9,36,9.92
15000,40800,19.4,60,10.9
12000,130000,29.1,36,9.93
12000,71500,5.8,36,11.99
25000,70000,22.9,36,5.32
10000,70000,27.6,60,18.45
25000,88000,20.4,60,6.07
3200,75000,16.1,36,11.98
15000,168000,30.9,36,10.9
8500,40000,6.2,36,11.98
35000,165000,14.9,60,12.62
18000,52000,30.3,60,10.9
10000,98000,11.3,36,5.32
4000,55000,19.4,36,11.98
30000,72000,13.5,60,19.03
8500,75000,22.5,36,6.07
4000,160000,12.5,36,13.59
8000,25000,27.7,36,12.61
35000,72000,26,36,12.62
14000,39000,22.1,60,21.45
17000,2e+05,8.4,36,23.88
12000,72000,20.1,36,9.44
10000,95000,22.3,36,6.08
6300,42700,17.1,36,21.85
20000,58000,6.3,60,7.34
8400,25000,20.1,36,14.07
30000,35000,9,60,11.99
3600,24000,5.5,36,7.97
8000,92000,5.5,36,11.98
20000,40758,31.5,60,23.87
30000,103000,6.6,36,7.35
20000,80000,17,36,16.02
5000,43000,16.3,36,10.9
25000,72000,26.4,60,12.61
10500,81200,21.7,36,14.08
6000,47000,3.9,36,9.92
16000,1e+05,2,36,15.05
8000,150000,12.8,36,9.43
10000,33000,5,36,6.07
12000,41000,21,36,6.08
25000,113000,14.8,36,6.08
23000,47757,25.1,60,13.58
35000,90000,19.8,60,18.45
5000,30000,18.8,36,7.35
40000,93000,0.3,36,6.72
8000,80000,0.4,36,16.02
5000,60000,19.1,36,10.42
27000,38000,0.8,60,14.08
27000,50000,17.8,36,13.58
15000,68750,33.9,36,7.97
6700,95000,8.9,36,10.91
12000,155000,23.7,36,9.44
13550,62100,35.2,36,16.01
15000,55000,20.4,36,10.42
20000,80000,27.5,60,17.47
12000,130000,8.2,36,18.06
38500,78000,30.8,36,11.99
4350,47500,6.9,36,11.98
11000,60000,8.3,36,15.04
10000,25000,10.8,36,9.44
30000,70000,16.6,60,9.92
10000,25000,41.2,36,11.98
19000,1e+05,10.2,36,10.42
13000,40000,14.9,36,7.35
4000,33000,2.4,36,9.44
9000,54237,8.2,36,9.43
30000,140000,21.8,36,18.06
20000,2e+05,17.2,36,21.85
10000,85000,4.4,60,9.93
21000,77178,28.3,60,20.39
7000,85000,2.8,36,7.34
7500,20000,33.5,36,15.05
20400,84500,29.2,60,10.9
1000,23000,13.7,36,20.39
15000,31000,29.9,36,24.85
21000,66000,2.4,36,7.35
22000,62000,21.8,36,9.44
10000,18000,10.1,36,17.47
12525,35790,32,36,10.91
2000,30000,26.6,36,9.44
25000,45000,2.4,36,6.71
14000,31000,15.6,36,15.04
35000,1e+05,14.5,36,10.41
13000,31700,17.3,36,13.59
20000,42000,37.3,60,11.99
5000,65000,19.4,36,20
26000,115000,11.6,60,12.62
14000,158000,2.3,36,6.71
1300,62400,12.8,36,11.98
3700,36000,18.8,36,7.35
36000,55000,5.6,60,12.62
19200,56400,2,60,11.99
22000,105000,19.4,36,11.98
9800,38000,21.7,36,18.06
12000,115000,7.9,60,12.61
28500,77017,20.2,60,17.47
25000,55000,0.6,60,15.05
6000,48000,0.7,36,9.43
12000,59000,18.3,36,10.41
4500,72000,20.2,36,15.05
10000,66920,12.3,60,19.03
5000,53000,28.9,36,10.41
5600,26000,18.2,36,10.91
12000,76000,25.1,36,7.97
8800,55000,12.7,36,9.93
25000,78000,33.1,60,12.62
10000,110000,18.6,36,12.62
15000,58000,20.8,36,18.06
12000,48000,27.9,36,6.71
20000,90000,19.5,36,6.07
2600,62000,30,36,18.06
20000,132000,9.1,36,5.32
3000,62000,9.2,36,7.96
6000,80000,8.9,36,5.31
40000,147000,26.1,36,6.07
15000,69116,20.3,36,21.45
20000,75000,5.3,36,7.35
16000,45000,9.6,36,11.98
14000,60000,26.2,36,7.34
20000,80000,16.2,36,6.07
20000,60000,10.3,60,12.61
10000,80000,10.2,36,7.34
3000,40000,4.2,36,9.93
15000,30000,17,60,9.44
11200,75000,35.3,60,18.45
20000,120000,7.7,36,6.07
3000,50000,14.4,36,11.99
8500,59000,31.1,36,9.44
3000,60000,17.6,36,12.62
28950,70000,33.6,60,11.98
30000,172000,14,36,12.61
20000,1e+05,15.9,36,5.32
35000,95000,27.2,36,12.61
17000,58000,21.7,36,9.44
7500,68000,18.8,36,15.04
2500,65000,9.6,36,6.71
15000,70000,20.3,36,7.35
36000,180000,27.3,36,6.07
5000,41000,13.1,36,15.04
25000,75000,17.5,36,9.92
20000,65000,27.8,36,16.01
5250,84646,2.5,36,6.72
4500,45000,24,36,15.05
1000,23500,26.7,36,22.91
18000,73000,20.5,60,28.72
35000,190000,10.7,36,6.71
10000,36000,26.8,36,10.42
22000,46310,16.2,60,9.93
7000,35000,26.3,36,7.35
12000,50000,10.8,60,26.3
10000,74000,30,60,7.34
12000,109000,6.8,36,9.43
20000,68000,32.3,60,10.41
5000,56000,32.9,36,13.58
4000,34000,17,36,14.08
12000,99000,7.9,36,9.44
10000,38000,21.7,36,10.91
9000,55000,35.4,36,9.44
40000,97000,30.3,36,6.71
16000,55000,4.7,60,10.91
35000,80000,29.6,36,14.08
13975,83200,22.8,60,11.98
35000,90000,2.2,36,6.72
25000,99000,17.8,60,6.71
3500,45000,22.2,36,15.05
10000,45000,25.9,60,10.9
11200,61000,19.3,60,12.62
30000,2e+05,10,60,11.99
10000,80000,16.2,36,5.32
10000,95000,10.4,36,5.32
15000,60000,2.7,36,19.03
7500,85000,3.5,36,9.93
22000,101500,26,60,14.07
6000,43000,25.9,36,13.58
6025,65000,17.6,36,5.31
10000,40000,5.6,36,20.39
30000,76000,20.3,36,6.71
20000,82000,30.6,36,13.58
10000,33000,22.2,36,9.93
12000,50000,28.3,36,6.71
6100,52000,18.3,36,10.91
12000,36000,14.7,36,7.97
4000,38000,24.4,36,10.41
6000,60000,14.4,36,14.08
30000,89000,17.6,36,5.32
9600,98000,17.9,36,10.91
10500,116000,19.6,36,12.62
6000,46000,28.2,36,9.44
5525,75610,24.4,36,16.01
5900,38168,23.7,36,11.98
13600,65000,14.2,36,6.07
12000,35000,15.2,36,17.47
20000,125000,25.1,36,10.91
23000,33195,47.7,36,21.85
25000,80000,24.2,60,30.79
19000,139000,13.6,36,7.96
1500,30000,20.5,36,10.42
15000,50000,4.7,36,6.72
25000,65000,24,60,14.07
5600,65000,3.7,36,15.05
7000,65000,24.2,36,13.59
35000,120000,5.8,36,12.62
8000,45000,9.7,36,6.08
18000,28790,20.8,36,10.91
30000,89000,21.5,36,16.01
15000,65000,4.9,36,9.44
4800,62000,35.5,36,10.41
21000,60000,30.9,60,10.42
12500,91000,19.7,36,10.42
13000,112000,17.6,36,5.32
28000,92000,19.7,60,10.9
10300,87000,10,36,13.59
6400,30000,5.6,36,9.92
10000,52000,27.8,36,21.85
2500,67846,11.5,36,7.35
30000,140000,11.8,60,11.99
22500,50000,16.6,60,24.84
5000,125000,11.3,36,6.71
40000,70000,25,60,7.97
3600,30000,33.7,36,13.59
6800,36000,8,36,12.61
34725,120000,29,60,15.05
35000,125000,3.2,36,14.07
30000,35000,32.6,36,20.39
17000,42000,17.6,36,13.59
3000,120000,16.1,36,10.9
15000,60000,0,60,10.42
24000,1e+05,16.9,36,10.91
6000,43000,17.1,36,9.92
8000,20000,27.4,36,12.61
16000,110000,6.7,36,12.61
30000,110000,38.3,36,7.96
40000,12000,5.6,36,5.32
7000,41969,6.6,36,16.02
15000,185000,9.2,36,9.92
12000,35000,10.3,36,11.98
6000,50000,31.9,36,6.08
26650,91000,11.8,36,9.44
10000,62000,21.7,60,11.98
20000,34000,14,60,20.39
10000,63360,17.4,36,7.97
15000,30000,22,36,16.02
40000,108000,9.6,60,14.07
1500,29000,10.9,36,21.45
3500,27000,18.2,36,6.08
21000,125000,12,36,6.71
14650,155000,27.8,36,15.04
20000,47000,31.9,60,18.45
12000,24000,23.2,60,18.45
20000,35000,18.7,60,13.59
24000,1e+05,12.7,36,13.58
30000,85500,6.6,60,13.59
8000,27000,5.6,36,15.05
40000,120000,16,60,7.34
15000,45000,24.9,60,19.03
32000,102004,14.5,60,19.42
8500,180000,9.3,36,9.92
16000,54000,30.7,36,7.97
10000,40000,24.3,36,9.44
12000,160482,36.2,36,7.96
12500,32000,2.5,60,15.05
1000,41000,9,36,7.35
40000,2e+05,2.3,36,7.35
35000,106080,22.8,60,18.06
6200,30000,8.9,36,13.59
15000,55000,18.7,36,6.71
6000,70566,15.2,36,6.08
5000,43000,31.4,36,17.47
40000,88251,0.3,60,15.05
19000,55000,11.4,60,7.34
10000,45000,16.3,36,12.61
39600,50000,37.3,36,7.35
16000,55000,13.4,60,9.93
6000,40000,24.7,36,18.45
6000,65000,10.7,36,18.06
25000,18400,43.6,36,20.39
40000,180000,0.2,36,7.35
25200,75000,17.4,60,16.02
10000,60000,18.7,36,5.32
30000,55000,29.1,60,12.62
30000,45000,13,60,10.9
25000,185000,18,36,6.07
5000,102000,32.3,36,10.9
8000,25000,6.7,36,10.9
35000,1e+05,25.6,36,16.02
28000,105000,23.5,36,7.97
2500,65000,20.2,36,6.72
5600,91000,23.4,36,17.09
13000,60000,22.4,36,12.61
14400,129600,26.4,36,9.44
10100,46650,34.1,36,13.59
7400,58000,29.2,36,19.03
14000,65000,25.1,36,9.44
20000,1e+05,24.9,36,9.44
40000,67790,11.3,60,16.02
4000,75000,32.6,36,14.07
10400,45000,21.9,36,6.72
16000,41000,20.4,36,7.97
17550,39000,11.4,60,22.91
12000,68186,15.6,60,17.47
7000,15500,16.1,36,14.08
19000,95000,10.9,36,18.06
25000,95000,27.2,36,9.93
30000,85000,16.1,60,23.88
1825,48000,30.9,36,13.59
8300,40000,17.9,36,7.96
7000,85000,11.2,36,6.08
3500,35000,11.8,36,14.08
12000,23500,20.4,36,7.34
10200,19582,20.2,60,18.06
8000,120000,22.3,36,6
13000,75000,22.8,60,13.59
11000,80000,16.6,60,18.06
13000,50000,22.4,36,14.07
10000,65000,9.6,60,13.58
4500,55000,25.2,36,7.35
8500,90000,26.7,36,9.43
18000,80000,38.1,60,21.45
30000,37000,17.6,60,24.84
22000,79500,13.6,36,6.72
15000,60000,4,36,9.44
24000,163000,13.4,36,5.32
10000,83233,9.8,36,9.43
15000,30000,16.5,36,15.05
10000,65000,5.3,36,9.93
11450,17000,34.4,60,30.65
5000,25000,11.1,36,11.98
14000,86000,20.8,36,14.08
4000,60000,11.1,36,19.03
5000,28000,37.2,36,6.72
20000,110000,10.4,60,21.45
20000,50000,19.8,36,10.41
9000,55000,3.2,36,11.98
10000,57500,25.3,36,12.62
4000,23000,23.1,36,7.97
4800,54000,13,36,10.91
12000,65000,18.8,36,6.72
6000,58000,13.1,36,15.05
10000,16000,10.1,36,19.03
30700,128000,23.8,60,13.58
10000,53695,17.1,36,13.58
12600,115000,19.4,60,13.59
13200,65000,33.4,36,9.93
12175,150000,31.6,36,10.91
35000,40000,14.2,60,9.44
5000,37840,10.6,36,7.97
12000,70000,26.1,60,24.85
20000,85000,35.1,36,6.08
40000,69077,23,36,9.44
6000,85000,16.2,36,5.32
11200,60000,3.6,60,15.04
10500,50400,6.3,36,6.72
7000,26304,17.7,36,11.98
12000,90000,10.9,36,19.03
12000,140000,24.2,36,13.59
30000,70000,18,60,10.9
40000,106883,16.4,60,13.58
5400,31600,24.8,36,15.04
5000,43000,12.5,36,7.34
25000,119000,21.5,36,13.58
30000,99000,12.7,60,21.45
15000,82000,10.5,36,6.07
5400,40000,14.5,36,10.42
6000,39000,23.5,36,6.71
4000,20000,9.4,36,7.34
17500,44000,20,60,11.99
5000,13000,9.5,36,6.72
16000,89000,17.6,36,13.58
12000,94000,3.4,60,17.09
40000,130000,13.4,36,6.07
8000,68000,24.6,36,7.96
14400,40000,31.4,36,9.92
35000,77500,25,36,16.01
12000,54250,14,36,11.99
6000,105000,9,36,10.9
18000,41000,34.4,36,12.62
16000,89000,44.7,36,16.02
3600,86000,14.8,36,6.72
11000,35000,14.4,36,14.08
17000,85000,26.6,36,6.07
10000,65000,17.6,36,9.43
4300,52000,17.9,36,9.93
14000,80000,12,36,10.42
4000,31500,2.6,36,12.62
12450,33701,34,36,19.03
35000,2e+05,9,36,10.41
3000,39000,9.5,36,7.97
4800,54024,19.6,36,16.02
20000,155000,13.9,36,11.98
20000,56000,35.8,36,10.91
16000,64000,23,60,14.07
39000,93000,5.3,60,12.62
19000,99000,13.1,36,7.96
6000,50000,18.9,36,15.05
16000,52000,19.8,60,12.61
14000,48000,11.2,60,12.61
4800,36000,13.7,36,13.59
10000,157000,3.1,36,13.58
17000,72000,7.8,36,15.05
20000,48000,21.2,60,10.9
3500,18960,15.2,36,6.08
17000,145262,15,36,5.32
10000,25000,11.8,36,16.02
25000,58000,20.3,36,9.92
4800,98000,13,36,6.72
12000,90000,12.1,36,9.43
35000,75000,30.5,36,19.03
3200,26000,18.6,36,18.45
12000,1e+05,15.1,36,5.32
5000,65000,15.2,36,15.05
1000,72000,9.8,36,9.44
33750,75000,9.9,36,20.39
14400,50000,22.1,60,16.01
24000,50000,24.7,60,13.59
16800,135000,17.4,60,16.02
1800,86000,20.4,36,17.47
36000,110000,31.7,60,16.02
10000,65000,8.9,36,20
16000,72000,14.5,60,10.9
30000,84676,26.3,60,26.77
24000,180000,2.9,36,9.93
28000,65000,18,60,6.08
15000,55000,29.3,60,14.08
5000,24000,25.1,36,13.59
16000,36000,24.4,36,6.08
35000,150000,18.4,36,6.07
30150,67000,9.1,36,12.62
15000,40000,15.2,60,12.62
18000,64000,28.1,36,11.98
26000,80000,18,36,13.59
10000,60000,35.6,36,23.88
16800,120000,13.7,60,13.59
9800,59000,9.3,36,10.9
16000,45000,6.4,36,9.93
10000,41000,16,36,6.08
10000,30000,5.9,36,10.41
2500,42000,17.1,36,12.62
8000,54902,22.5,36,13.58
10000,40000,18.3,36,13.58
40000,132000,13.5,36,7.97
12000,42000,22.3,36,10.42
17000,65000,22.8,60,9.43
12000,140000,15,36,10.91
11000,135000,22.3,36,19.03
2500,30000,3.9,36,9.44
40000,90000,1.3,36,5.31
31000,120000,3,60,7.35
16000,60000,11.6,60,26.77
16000,30000,24.2,60,25.82
16000,38411,9.4,36,10.91
30000,53528,10.5,36,18.06
15000,70000,6.9,36,14.08
30000,53000,21.2,60,9.44
10000,18000,7.1,60,21.85
6000,60000,1,36,7.96
13500,65000,6.5,36,10.42
10000,110000,24.2,36,16.02
13000,40000,36.5,36,12.61
6000,105000,26.2,36,13.59
19200,43500,26.7,60,20
35000,96000,9.4,60,20
20225,92000,18.7,36,15.04
14000,60000,35.4,60,18.45
8000,40000,9.1,36,16.01
10000,58000,6.6,60,12.61
10000,37840,26.9,60,23.88
25000,54000,29.3,36,15.04
6000,128000,16.7,36,6.72
32000,150000,21.2,36,10.41
32000,110000,18.9,60,14.07
5000,75000,13.3,36,6.07
20000,90000,8.7,60,13.58
6000,120000,15.9,36,5.31
16000,85000,10.8,60,17.09
30000,65000,47.7,36,7.34
35000,161000,20.5,60,17.09
35000,2e+05,27,36,11.99
12000,116365,9.4,36,5.31
25000,62823,39.4,36,14.08
20000,60000,25.3,60,28.72
10000,52000,0.8,36,5.31
15000,45000,12,60,13.58
20000,165000,10.8,36,7.96
10000,94500,19.2,36,6.08
20000,48000,20.7,60,9.44
12000,29000,1.2,36,10.91
1200,60000,5.1,36,15.04
15000,89000,11,36,5.32
19600,127000,20.2,60,9.44
7000,29000,23.6,36,14.07
25000,145000,17,36,6.72
5000,86000,19.1,36,15.05
20000,1e+05,12.2,36,14.08
7000,45000,22,36,9.44
10000,75000,15.9,36,20.39
30000,80000,0.4,60,9.44
16000,56000,14,36,5.32
12000,150000,13.9,36,6.72
35000,145000,23.3,60,17.47
16000,50000,12.1,60,9.43
3000,50000,17.6,36,9.43
6500,70000,29.9,36,10.9
40000,80000,26.2,60,9.93
7000,130000,31.5,36,13.59
20000,135000,20.4,36,9.93
12000,43000,24.3,36,10.42
16000,95000,16.5,36,16.01
13000,42204,20,60,10.42
12000,109000,24,36,7.96
20000,76012,16.5,60,10.91
30000,85000,21.7,60,6.07
25000,73000,13.1,36,7.35
30000,80000,10.5,60,9.43
35000,185000,28.5,36,9.44
30000,80000,25.4,60,13.59
5000,97000,9.4,36,6.08
13000,60000,17,36,5.32
12000,65000,19.6,36,5.32
10000,38000,17.5,36,16.02
10000,78648,26.6,36,20
10000,38043,38.3,60,9.44
11500,44000,13.8,60,12.61
20000,85000,24.6,60,30.79
15000,95000,27.2,60,18.45
40000,96000,29.3,60,14.07
10000,120000,8.5,60,15.04
35000,1e+05,6.2,36,6.07
40000,180000,15.4,36,5.31
15000,90000,14.6,60,9.43
18000,97000,8.6,36,6.72
12000,32760,17,36,10.41
20000,90000,12.2,60,21.45
6000,33197,8.4,36,9.92
30000,122000,18.8,60,10.9
5000,35000,26,36,10.9
5000,40000,29.1,36,13.59
17000,55000,6.1,36,10.41
22000,72500,12.8,36,6.71
24000,60000,7.3,60,15.04
20000,75000,37.8,36,18.06
34000,102000,20.3,36,9.44
15000,70000,19,36,7.35
15000,180000,15.4,36,7.97
10000,31943,16.2,60,18.45
28000,82000,28.5,36,15.05
5000,24000,21.5,36,9.44
10000,52000,13.7,36,12.62
5000,38000,22.2,36,6.07
20000,50000,26.9,36,6.07
40000,62000,4.5,60,7.34
5000,60000,35.4,36,13.58
17000,85000,27,36,6.07
16000,68000,25.9,60,18.45
32000,64000,20.4,36,9.93
6500,65000,18.8,36,10.42
24000,56000,23.5,60,9.93
24000,65000,9.8,60,13.58
25450,92000,25,36,7.97
18000,40000,15.8,36,9.93
3200,30000,21.4,36,18.06
11250,30000,34.2,36,10.41
19200,135000,17.8,60,11.98
9000,35000,27.9,36,7.97
18000,85000,9.5,36,6.07
4000,15864,20.6,36,10.42
10000,33000,27.2,60,11.98
20000,72000,28,36,13.59
6025,78000,10.9,36,15.05
6400,43000,11.1,36,14.07
13000,68000,13.1,36,10.91
24000,67400,1.8,36,6.72
20000,85000,20.2,60,17.47
1000,70000,0.9,36,7.97
5600,73000,19,36,7.96
35000,62000,31.6,60,9.44
17500,58000,6.6,60,15.05
15000,35360,10.4,36,13.58
4800,87000,19.7,36,9.44
25000,150000,39.1,60,30.65
36000,92000,20.4,36,9.43
1650,2e+05,5.5,36,7.35
30000,1e+05,26.8,36,6.07
15000,65000,15.7,60,17.09
25000,166088,8.5,36,7.35
17500,49000,13.1,60,10.42
20000,1e+05,17.4,60,17.09
24000,103000,27.5,36,21.45
3500,32000,36.4,36,11.99
6000,60000,25.5,36,7.34
39275,95000,19.6,60,13.59
20000,54000,16.9,60,17.09
16000,37000,3.7,60,17.09
8000,103000,13.7,36,18.06
4800,46000,20.6,36,14.08
20000,30000,3.6,36,7.96
40000,150000,18,36,11.99
5000,30000,16.1,36,7.97
8000,92000,13.1,36,12.61
40000,130000,13.9,60,16.01
22000,74000,13,36,13.58
12000,80400,11.3,60,10.41
10000,40000,21.6,36,13.59
4800,50000,10.7,36,18.45
4300,76000,17.8,36,12.62
36000,55000,17.8,36,7.97
20000,1e+05,29.8,36,21.45
10000,118000,14,36,5.32
1100,30457,29.2,36,11.99
40000,117000,0.4,36,9.44
20000,113000,6.1,36,6.07
12500,51900,11,60,24.85
20000,85000,10.5,60,12.61
17425,65000,16.1,60,9.43
7000,57000,5.3,36,6.71
15000,120000,16.9,36,17.09
7200,95000,9.5,36,10.42
20000,50000,9.8,36,6.72
7000,71000,22.5,36,7.35
22000,80000,16.4,60,14.08
6000,90000,12.6,36,5.32
35000,120000,20.5,60,10.42
24000,68274,17,60,28.72
25000,72000,24.7,36,7.34
4000,40000,8.4,36,5.31
28000,50000,27.5,60,15.04
8000,142000,14.9,36,11.98
9600,50000,14.2,36,10.91
6500,54000,20.7,36,6.08
20000,35000,43.4,60,25.82
3000,38000,11.3,36,13.59
8000,14616,39.1,36,16.01
10000,1e+05,11.6,36,15.05
35000,92500,9.8,60,25.81
35000,65000,11.8,36,14.08
7000,40000,17.7,36,9.43
10500,59000,20.7,36,9.43
28000,75000,10.3,60,9.43
15000,64000,21.8,60,11.99
15000,62000,16.9,36,10.41
6500,40000,21.4,36,11.99
35000,175000,30.7,36,7.34
15000,90000,19.2,36,16.02
11000,83000,11.3,36,10.91
30000,70000,23.1,60,21.85
7500,32000,27,36,18.45
21000,189000,10.9,60,17.09
32000,70000,17.8,36,9.93
9800,35000,10,36,13.59
4000,47128,14.3,36,12.61
25000,130500,29.6,60,18.06
15000,60000,11,36,9.44
12000,85000,18.9,36,10.42
35000,80000,26.1,36,16.01
16000,64000,27.9,60,13.59
13000,48000,12.6,36,10.42
20000,116000,29.3,36,7.35
38000,60000,10.2,60,15.04
10000,55000,12.8,36,7.97
13000,60000,24.7,36,7.34
30000,44000,17.1,60,23.88
30000,173180,30.6,36,20
6500,28000,1.1,36,10.9
10000,52600,13.3,60,13.59
40000,87000,12,60,11.99
25000,80000,29.4,60,16.01
19000,48000,28.8,36,16.01
16000,105000,19.8,36,7.96
13700,65244,5,36,5.32
40000,166000,19.8,36,10.91
6000,30000,12.6,36,7.35
40000,180000,43.6,60,15.04
12000,1e+05,17.1,36,21.85
35000,95000,24,36,12.62
17000,90500,25.1,36,7.35
6025,20280,26.3,36,10.41
12000,168000,13.4,36,10.91
7800,43500,19.3,36,7.34
28000,70000,32.1,36,19.03
10000,69108,17.4,36,7.97
25000,65000,23,60,12.62
16000,72000,29.7,60,13.58
12000,35000,31.7,36,12.62
2800,45000,43.6,36,14.08
25000,91690,21.6,60,13.58
35000,120000,26.2,36,7.97
20000,70000,15.1,36,15.05
10000,55000,7.4,36,6.72
20000,105000,13,36,5.32
6000,56000,15.8,36,20
10000,120000,18.5,36,5.31
12000,85000,9,36,13.58
10000,60000,11.8,36,10.9
12500,49500,24.5,36,6.71
20000,70000,17.7,60,11.99
12000,1e+05,9.1,36,10.41
4000,38678,11.7,36,9.92
10000,25000,1.6,60,12.61
10000,77000,17.1,36,11.98
2800,42000,0.6,36,10.42
5000,120000,21.4,36,6.72
32000,133000,20.9,60,15.05
9600,64934,18.6,36,13.58
15000,45000,25.1,60,17.09
14400,65000,30.7,36,9.92
10000,52000,22.5,36,10.42
21000,22800,20.6,36,16.01
40000,152000,10,36,5.32
10000,37700,13.9,60,20.39
1000,49300,14,36,11.99
16000,65000,15.9,36,15.04
24000,90000,20.2,36,9.93
20000,50000,24.3,36,10.91
28000,72000,14.2,36,6
25000,54500,24.6,60,10.42
6000,36433,26.9,36,7.35
40000,68000,25.2,60,9.93
15000,20000,11.3,36,11.99
15000,70000,20,36,7.34
25000,80000,9.3,36,18.45
10000,130000,17.3,36,7.97
15000,55000,24.2,60,28.72
30000,156000,30,36,6.08
25000,40000,27.8,60,12.61
28000,90000,11.5,60,16.02
25000,79000,25.5,60,12.62
13000,59000,16.1,36,7.97
10000,50000,34.1,36,9.44
2000,38000,11.5,36,13.59
10000,18000,28,36,11.98
7000,54000,17.2,36,10.91
30000,112000,11.7,60,26.77
20000,85000,9.8,36,5.32
10000,25200,28.5,36,12.62
7000,49000,21.4,36,13.59
23000,68000,26.8,60,19.03
20000,48000,16.8,60,24.84
10000,69860,13,60,9.43
10000,60000,37.5,36,7.35
15000,86000,8.5,36,10.41
6000,75000,19.8,36,11.99
6000,30000,28.8,36,16.01
13650,105000,22,60,12.62
20000,110000,16.3,36,9.43
10000,44000,3.2,36,6.08
35725,108000,28.6,36,10.91
3000,55000,23.1,36,7.97
12000,55000,41.7,36,13.59
10000,25000,11.6,36,16.02
12000,55000,25.5,36,7.34
4600,76000,28.5,36,14.07
13000,35000,17.4,60,9.44
10000,37540,26.3,36,12.61
5700,62628,24,36,7.97
10000,41000,10.1,36,10.42
15000,62000,17.4,36,7.97
5600,10000,20.8,36,21.45
11000,48000,18.8,60,17.09
25000,108000,8.2,60,10.42
25000,140000,14.5,36,6.71
5000,70000,16.6,36,9.92
7000,55000,3.5,36,7.34
35000,1e+05,20.7,60,21.85
12000,90000,6.5,36,5.32
40000,65000,19.7,36,9.43
20000,150000,9.9,60,7.34
3500,20000,12,36,26.3
2500,50000,27.5,36,12.61
15000,190000,11.5,60,11.98
10000,72000,5.6,36,9.43
12000,50000,19.2,36,10.42
14000,75000,26.6,36,10.9
10500,1e+05,29.4,36,10.9
10000,60000,8.2,36,6.72
10200,17000,18.2,36,7.96
10000,42000,16.4,36,13.58
15000,80000,15.7,60,7.34
25200,69000,22.8,36,15.04
5000,75000,13.6,36,6.08
12000,156000,8,36,7.96
4000,55000,9.5,36,6.07
36000,128000,33.8,60,10.9
6000,70000,26.7,36,6.72
1200,66000,17.7,36,11.99
10000,110000,6.1,36,15.04
17950,31656,22.2,36,16.01
11000,106000,15.7,36,7.35
40000,96800,13.2,36,5.31
25000,43000,19.3,60,13.59
1800,70000,22,36,9.43
7200,75000,22.2,36,7.97
8000,61400,11.8,36,6.07
14000,90000,22.7,36,11.99
21000,50000,20.9,60,14.08
10000,31000,17.4,36,15.04
20000,78000,16.5,36,7.35
30000,130000,14.8,36,9.43
18000,122000,24,36,11.98
28000,57000,2.6,36,5.32
35000,82000,18.4,60,18.06
12000,50000,31,36,11.98
18000,74000,14.3,36,10.9
30000,48000,21.8,60,21.45
14000,25000,8.7,60,11.98
36000,140000,11.2,36,6.07
5500,45000,25.5,36,6.72
16000,49000,23.2,60,10.41
40000,70000,20.4,36,7.35
10000,40000,22,36,10.9
14000,96000,22.4,60,19.03
19000,170000,13.2,36,6.71
12000,86000,16.7,36,11.99
7000,38000,7.6,36,10.42
20000,1e+05,15,60,17.47
10000,70000,31.5,36,9.93
10500,46500,16.5,60,15.05
15000,82000,9.1,60,10.9
18000,81900,11.2,36,13.59
13600,62000,24.5,36,19.03
20000,83000,31.7,36,19.42
3000,35000,0.9,36,19.03
4100,62000,19.3,36,14.08
7300,88000,38.2,36,6.08
20000,85765,16.6,36,5.31
20000,30000,22.5,60,13.59
28000,65926,11.8,36,16.02
35000,120000,12.5,36,14.08
10000,60000,19,36,6.07
5000,35000,31,36,11.98
35000,63500,10,36,13.59
16000,101000,17,36,10.41
30000,60000,24.1,60,20
4400,60000,23.5,36,7.97
10000,21000,3,36,9.44
8500,60000,6.4,36,14.08
20000,80000,32.4,36,21.45
9000,39000,23.5,36,9.93
24000,76000,33.5,36,12.61
10000,2e+05,17.2,36,5.32
10000,55000,11.9,36,7.96
9500,57500,19,36,5.32
8000,160000,6.1,36,7.35
10000,10800,0,60,16.02
15000,115000,25.4,36,5.32
23000,85000,14.2,60,6.72
12000,58000,21.2,60,26.3
10000,55000,27.3,60,12.62
35000,1e+05,31.4,36,19.42
10000,121000,11.8,36,11.98
6500,22000,30,36,10.42
40000,115000,9.5,36,9.43
4000,79000,35.9,36,10.42
5000,90000,7.5,36,9.43
20000,75000,28.2,36,14.08
3500,31000,6.2,36,20
15000,172000,4.4,60,20
15000,49992,19.2,36,10.41
11400,40600,32,60,18.45
24000,55000,12.3,60,12.62
20000,150000,6.9,36,10.42
15000,55000,14.1,36,11.99
8475,32000,27.7,36,10.9
7000,101000,9,36,5.32
25000,70500,11.5,36,22.9
10000,45000,22.2,36,10.42
16000,60000,22.6,60,10.42
15000,110000,20.6,36,6.07
40000,117000,25.4,60,14.07
40000,50000,45.8,36,10.9
10000,52000,10.1,36,10.91
3000,48000,11.3,36,17.47
2500,25000,30.3,36,12.62
20000,90000,30.1,36,7.96
10000,36000,21.3,36,7.97
16000,92000,16.4,60,13.58
20000,74000,12.8,60,26.77
6000,76000,15.1,36,9.43
25000,102000,39.7,36,23.88
9600,85000,8.7,36,11.99
24000,70000,15.3,36,6.07
5000,35000,15.4,36,14.07
20000,32000,35.2,36,15.04
20000,56000,13.9,36,7.34
26400,70000,24.8,60,9.43
10000,90000,23.1,60,9.92
25000,48000,37.3,36,19.03
10000,1e+05,13.3,60,15.04
1600,60000,6.2,36,13.59
15000,123000,17.5,36,11.99
10000,50000,25.4,60,21.85
10000,57000,22.5,36,10.91
20000,30000,17.1,60,9.43
14000,90000,11.7,36,5.31
7000,65000,4.9,36,5.31
4000,44200,5.1,36,5.32
10000,52000,34.9,36,7.97
20000,75000,29.5,36,6.72
20000,192000,13.2,60,15.05
2500,1e+05,1.5,36,7.96
5500,79300,26.1,36,18.06
12000,55000,0.6,36,13.59
6500,57000,9.1,36,17.09
2500,63500,1.1,36,11.98
5000,35000,16.7,36,11.99
8000,90000,17.6,36,20
18000,50000,17,60,7.35
1000,38400,15.7,36,10.41
10800,67000,23.1,36,10.42
40000,95000,7.5,36,7.34
12500,50000,17.2,36,7.34
6000,78000,19.4,36,16.01
12000,25000,21.6,36,15.05
12000,60000,14.6,60,14.08
15000,30000,25.9,60,9.92
8000,37500,28.6,36,15.04
6000,130000,6,36,9.44
12000,180000,19.9,60,13.59
12000,83000,17.5,36,6.72
20000,1e+05,7.2,60,13.59
25000,105000,32.7,60,30.79
25000,130000,17.3,60,15.05
4800,30000,26.6,36,7.96
9600,75000,22.4,36,7.34
10000,50000,23.1,36,14.08
5000,30000,37.8,36,11.98
3000,24000,13.8,36,7.35
10000,60000,18.3,36,13.58
40000,50000,2.4,60,13.58
19500,72000,33.3,60,16.02
8500,105000,13.5,36,7.35
10000,90000,7.8,36,17.09
6500,40000,29.7,36,15.05
24450,34000,25.7,60,18.45
15000,96000,30.3,36,19.42
24000,133000,20.1,60,10.42
11000,40000,19.8,36,14.08
40000,152000,10.3,60,12.61
14000,50000,23.3,60,19.03
17000,28201,35.7,36,19.03
5000,58000,13.6,36,7.34
7200,27000,23.9,36,13.59
7000,90000,7.7,36,9.44
20700,77000,21.6,36,9.92
20700,36000,26.7,60,26.77
9000,54000,29.7,36,10.41
10000,180000,12,36,19.03
35000,185000,4.8,60,9.92
10000,50000,24,36,11.99
4500,30000,30.8,36,17.09
5000,40000,5.3,36,11.98
15000,51882,21.4,36,17.09
12000,82000,12.6,36,10.41
16800,48000,32.2,60,18.06
6000,48000,24.7,36,6.72
10000,60000,15.5,36,9.43
4800,48769,11.1,36,21.45
15000,155555,20.2,36,10.41
12000,67000,32.6,36,11.99
5800,24576,26.7,36,5.32
40000,70000,7,60,9.44
24000,110000,5.7,60,10.9
15000,55000,26.2,60,9.92
15000,60000,3.1,60,7.35
30000,72135,23.7,60,11.98
10000,46000,25.1,36,7.96
1000,61584,14.1,36,19.03
1800,72000,20.9,36,10.91
9600,1e+05,13.6,36,12.61
28000,91000,10.7,60,13.58
5600,35000,21.7,36,9.92
6000,102900,14.7,36,6.08
10000,59789,13.3,36,13.59
30000,96000,19.7,36,10.41
22300,37000,19.1,60,21.85
10000,45000,11.9,36,9.44
16800,65000,37.5,36,12.61
10000,65000,35.6,36,7.34
10000,120000,12.8,36,14.07
22000,33000,30.9,36,6.07
24000,140000,36.7,36,10.42
13000,85500,20.3,36,6.71
13000,65000,9.4,36,7.35
6500,37000,5.8,36,9.93
4000,60000,10,36,12.61
9000,75000,15.8,36,14.08
40000,108000,12,36,9.44
3300,79000,25.1,36,5.31
6025,42000,24.7,36,12.61
8000,75000,1.4,36,7.34
5000,95000,19.7,36,6.07
24000,65000,9.4,36,10.41
10000,33186,9.5,60,19.42
5000,39000,13.3,36,6.08
18000,48000,9,36,20
15000,78000,18.3,36,5.32
20000,24000,18,36,13.58
9000,92000,19.3,36,11.98
20000,42640,22.8,60,14.07
40000,89000,18.4,60,15.05
25000,40000,25.4,36,13.58
24000,110000,23.8,60,10.42
40000,135000,4.2,36,5.32
40000,175000,28.3,36,7.97
10000,60000,25.4,60,12.61
40000,81000,8.6,36,9.92
6000,97598,14.8,36,7.96
8500,38000,24.5,36,14.08
13200,80000,27.9,60,23.88
5000,130000,6.2,36,7.34
3200,50000,17.7,36,21.45
14400,70000,16.4,36,9.44
5000,58800,11.8,36,12.62
30000,87120,17.5,60,15.05
6000,60000,36.7,36,13.58
18000,128500,24.4,36,9.93
4000,30000,16.7,36,7.97
28000,105000,17.7,60,17.09
10000,1e+05,5.6,60,13.59
8500,88000,15,36,14.07
12000,55000,19.8,36,7.96
20000,110000,23.5,60,21.45
20000,90000,16.5,60,9.43
30750,31972,12.3,36,9.44
8400,26000,38.6,36,16.01
9000,28000,28.8,36,7.97
30000,127000,10.7,60,23.88
35000,175000,18.3,60,19.42
16000,91200,26.2,36,10.41
11200,60000,27.5,60,19.03
22000,43437,18.4,36,17.47
9000,68000,13,36,10.91
5000,54164,33.5,36,11.99
8000,68000,15.2,36,10.91
5000,101000,27.8,36,9.93
7000,22500,28.1,36,14.07
12000,117000,25.2,36,7.34
5500,70000,20.7,36,9.92
10775,40000,4.3,60,13.59
5000,57000,27.9,36,11.98
20000,75000,26.2,60,21.45
16000,36000,20.9,60,19.03
21000,180000,17,36,7.96
15000,69351,25.4,36,19.03
20000,37000,11.4,60,16.01
28000,55500,8.6,60,12.62
20000,102000,9.3,36,5.31
24000,61000,1.1,60,18.45
5000,44000,25.7,36,15.04
17000,31000,19.1,36,12.62
6400,65000,5.6,36,6.08
17000,65000,14.8,36,5.32
26400,49642,34.4,60,20
24000,110000,4.2,60,9.92
10000,125000,2.8,60,17.47
8000,54000,1.7,36,21.45
5000,75250,19.4,36,13.58
23000,115000,16.6,60,21.45
12000,60000,20.9,36,16.01
35000,85000,7.8,60,15.04
3000,56000,15.7,36,20
7800,75000,23.5,36,14.07
20000,68000,11.6,60,10.9
19200,35000,22.3,60,17.09
40000,63330,8.4,60,7.34
16000,70000,17.4,36,7.96
10000,50000,7.1,36,6.07
9600,110000,12.7,36,6.08
17000,1e+05,13.6,60,10.9
22400,1e+05,10.3,60,10.42
20000,140000,11.6,60,13.58
10000,94000,10.8,36,16.02
10000,90000,12.1,36,7.97
4800,76000,17.1,36,11.99
16000,27000,24.4,60,17.09
35000,155000,0.2,36,6.08
2500,90000,16.6,36,9.44
15000,60000,26.5,36,5.32
15000,45000,3.6,36,9.93
20000,57600,34,60,15.05
10000,43000,6.7,36,14.07
7500,35500,17.1,36,10.42
10000,31200,36.5,36,12.62
9000,84000,11.9,36,14.07
25000,67000,29.9,36,14.07
4000,37000,38.4,36,6.08
5000,26271,9.9,36,9.44
24000,70000,25.9,36,19.42
15000,60000,20.8,36,20
10000,80000,14.8,60,14.07
14000,45000,21.6,36,9.93
10000,35000,33.6,36,16.01
16000,55000,16.6,60,16.01
10000,55000,35.4,36,15.05
4150,72828,35.1,36,13.58
10000,53574,10,60,10.42
35000,67600,11.8,60,12.62
5000,56000,28.8,36,12.62
11000,60000,31.7,36,6.08
21200,64874,37.5,36,18.06
2000,45000,21.3,36,10.42
36000,51000,39.3,60,10.9
20000,126000,17.9,36,7.96
16000,72000,9.4,36,9.93
10000,54996,4.1,36,9.93
5000,104000,23.2,36,15.05
10400,78000,15.4,36,9.43
40000,198000,7.3,36,10.42
35000,142000,11.3,36,7.97
40000,85000,22,36,5.31
3000,47840,21.8,36,7.35
4800,35000,6.2,36,5.31
35000,130000,5.5,36,16.02
19000,120000,7.7,36,6.72
18000,50000,2.5,60,17.47
4200,70000,13.7,36,9.43
10000,52000,21.8,36,15.04
10000,38000,46.1,60,19.03
22000,93500,5.9,36,5.32
40000,96000,25.5,60,13.58
6000,120000,17.7,36,10.9
15000,20000,9.3,36,11.99
3600,75000,24.1,36,7.96
9000,45000,4.8,36,15.04
12000,1e+05,16.4,36,7.34
13000,75000,10,36,9.43
6000,35000,40.7,36,9.92
5000,40000,27.7,36,7.34
17250,90000,32.2,60,20
20000,45000,34.9,60,24.85
15000,61368,37.5,60,14.07
15000,92000,19.7,60,10.91
13000,60000,7.3,36,10.41
16000,120000,7,60,12.62
13200,50000,5.1,60,10.42
3000,38000,9.3,36,6.71
17000,38000,19.1,36,7.97
10000,50000,18.3,36,7.97
14400,38450,24.8,60,13.58
7500,31360,7.2,36,5.32
6000,43000,20.6,36,15.04
26250,48000,19.8,36,9.43
8400,40000,20.2,36,14.08
1500,65000,15.1,36,9.44
15000,30000,2.1,60,18.06
16000,112000,15.3,60,26.3
4200,32000,13.2,36,7.34
30000,92200,4.2,36,5.32
19200,49000,25.8,60,19.03
12000,24480,26,36,15.05
3600,37020,10.2,36,10.91
7000,42000,17.3,36,6.72
25000,103000,18.2,36,12.61
6000,54000,27.9,36,16.02
12000,42000,18.7,36,12.62
20000,48000,18.2,60,10.9
12000,44211,11.9,36,16.02
10000,64000,8.2,36,9.44
12000,52000,21.8,60,21.45
10000,50000,3.5,36,9.43
10000,42000,16,36,19.42
20000,135000,23.7,36,5.32
25000,80000,14.2,36,10.91
17075,110000,16.4,36,6.72
7000,30000,5,36,7.35
1500,64000,21.6,36,10.91
15000,48000,15.2,60,28.72
24000,40000,50,36,13.59
3400,38000,12,36,10.42
21000,101000,10.2,36,5.31
14000,50000,17.6,36,14.08
15000,85000,29.7,36,6.08
25000,125000,16.4,36,9.44
20000,50000,18.1,36,9.44
16000,44000,7.2,60,12.61
25000,110000,25.1,60,10.42
1500,67700,27.5,36,23.88
5000,32000,38.8,36,12.61
8000,35000,11.8,36,10.91
10000,55000,13.5,36,6.71
35000,75000,10.1,60,15.05
12000,50000,37.2,36,12.62
10000,25000,22.5,36,7.97
30000,2e+05,11,60,15.04
29700,140000,24.7,36,22.9
10000,90000,9.8,60,11.98
28000,75894,28.2,36,16.02
1800,30000,32.5,36,7.34
38000,50000,30.5,36,11.99
15000,25236,27.1,36,20.39
20000,105000,10.7,60,7.34
10000,60000,21.1,36,6.08
25000,90000,10.8,60,13.58
4800,115000,3.4,36,6.08
10000,47106,25.9,60,14.08
20000,75000,23.5,60,10.9
10000,58000,12.9,60,18.06
25000,50000,8.9,60,12.61
40000,167000,32.2,60,13.59
1000,36000,10.7,36,7.97
16000,108000,23.1,60,12.61
14000,69000,11.5,36,7.96
27575,119016,25.4,36,17.47
3600,80000,14.8,36,6.07
35000,99270,16.9,36,12.62
5000,47000,5,36,9.92
15000,90000,16.1,60,11.99
1200,80000,19.5,36,7.34
30000,64660,25.3,36,16.01
24000,92000,22.1,60,15.05
16000,82000,7.8,60,16.01
14000,56000,25.7,36,9.44
15000,135000,5.1,60,9.92
20000,89000,7.5,36,13.59
14000,50000,3.3,60,15.04
11000,88000,18.3,36,20.39
16000,70000,48.2,36,6.08
7000,34771,30.2,36,19.42
16000,125000,13.4,36,19.42
21600,125000,14.5,36,9.44
14000,46280,27,36,14.07
35000,1e+05,13.3,36,9.44
4000,13000,35.8,36,9.92
7500,1e+05,22.1,36,7.34
16000,163000,21.1,36,6.08
15000,75000,16.8,36,9.92
20000,75000,7.9,60,14.08
24000,165000,14.1,36,18.06
8000,169000,11.2,36,19.03
10000,30000,22.6,36,19.03
7000,60000,11.8,36,9.93
36000,85451,16.1,60,11.99
25000,83000,4.8,60,7.34
6500,54000,9.9,36,12.61
5000,40000,25.9,36,10.91
20000,37440,23.5,36,21.45
24000,90000,5.8,36,9.44
35000,80000,20.9,36,12.62
3500,51632,34.4,36,13.58
5000,61000,30.7,36,21.45
10000,111000,16.3,36,6.71
20000,60000,21.7,60,14.08
24000,72000,5.7,36,12.61
3500,95000,17.7,36,6.08
13500,68000,16.8,60,9.92
40000,180000,11.7,36,5.31
15000,98000,21.2,36,20.39
4000,72000,5,36,13.59
40000,75000,34,36,9.93
31000,110000,21.3,60,20
7500,42000,1.4,36,14.07
7200,42000,14.9,36,11.99
16000,135000,20.2,60,14.08
5000,55412,31,36,21.45
25000,92000,18.2,36,9.44
30000,75000,20.1,36,18.45
3200,35000,27.5,36,10.9
6000,70000,11,36,11.99
40000,85000,18,36,6.71
11000,55000,13.4,36,6.72
40000,155000,2,36,6.08
12000,70000,9.7,60,24.84
23625,52000,9.6,36,21.45
14000,44000,38.2,36,17.47
40000,2e+05,8.1,36,6.72
8125,38000,28.5,36,14.07
11000,88272,35.5,60,16.02
35000,90000,5.1,36,12.62
16100,70000,16.5,36,5.31
5000,36000,21.4,36,12.62
10000,65000,16,36,13.58
8000,45000,10.8,36,15.05
25050,45000,46.3,60,9.92
25000,70000,21.7,36,9.44
5000,68000,18,36,15.05
20000,60000,14.1,36,12.62
12800,87000,3.4,36,9.44
24000,102000,4.1,36,7.35
25000,97000,18.6,60,11.99
5000,48000,22.3,36,10.9
20375,165000,22.4,36,9.43
11000,48000,14.7,36,10.42
25000,45000,25.4,60,12.62
9000,46000,18.2,36,12.61
24000,72000,27.5,60,14.08
19000,90000,14.6,60,15.05
8000,25400,11.3,36,9.93
15000,55000,26.7,60,9.92
7000,53953,21.1,36,9.44
8000,32000,5.8,36,18.06
5500,59000,29.8,36,10.91
17000,150000,5,60,21.85
15000,48000,32.2,36,25.82
12000,129000,16.4,36,9.92
24000,82000,6.2,60,20
20000,90000,24.9,36,7.97
35000,120000,7.7,36,14.08
24000,95000,22.9,60,12.62
15500,42000,21.8,60,10.42
18000,50000,0.6,60,18.45
4000,62000,5.6,36,13.59
15000,20000,17.5,36,6.08
25000,53774,29.2,60,21.45
8000,19200,10.6,36,10.42
5000,50000,13.8,36,10.91
12000,110000,18.5,36,16.02
4000,34000,7.5,36,17.09
2000,54000,40.4,36,9.44
16000,14400,45.8,60,16.02
4000,43000,26.8,36,13.58
4200,64000,7,36,7.35
20000,75000,30.6,36,9.43
10000,68000,16.1,60,11.98
7500,62000,6.7,36,10.91
3625,52000,9.2,36,13.59
18375,60000,23,60,10.9
30000,50120,21.4,60,18.45
10000,80000,16.2,60,13.59
3500,37260,24.5,36,18.06
40000,128000,12.5,36,6.72
20000,40000,29,60,10.42
8000,65000,17.4,36,10.42
5000,39804,16.7,36,7.97
8000,33000,34.6,36,19.42
25000,102000,32.7,36,6.08
34800,115942,21.6,36,13.59
20000,60000,22.5,36,10.91
22000,81526,9.2,60,12.61
16800,40000,37.3,36,13.59
35000,105000,15,36,18.06
12000,29000,33.8,36,20
15000,36000,18.9,36,7.34
22000,47000,7,36,5.31
16000,122000,24.8,36,16.01
6025,74300,5.8,36,16.01
30000,94000,25.9,60,11.99
20000,55000,17.7,36,9.44
10000,125000,11.3,36,16.01
5000,36886,22.8,36,10.41
24875,55000,28.5,60,24.85
3900,1e+05,5.5,36,9.92
6400,98000,8.9,36,10.91
16000,70000,13.5,36,6.71
12000,115000,30.7,36,6.08
10000,70000,10.2,36,6.72
7000,80000,10.9,36,10.42
25000,87000,26.7,36,7.35
4000,46000,13,36,17.47
40000,35000,24.8,60,11.99
25000,40000,21.6,36,15.05
26600,80000,21.4,60,20.39
17000,75000,25.4,36,9.44
15000,70000,2.1,36,5.31
5000,48000,20.5,36,12.61
25000,110000,18.6,36,7.34
12475,53000,28.8,60,25.82
15000,34000,14.9,36,18.06
1600,90000,14.1,36,9.43
40000,130000,24.2,36,6.07
40000,98000,28.8,60,7.34
10000,67000,9.8,36,10.42
40000,1e+05,21.4,60,11.99
10000,63000,16.4,36,7.96
10000,52000,6.7,36,7.34
14000,39600,14.6,60,20
5175,65000,7.2,36,18.45
8800,84000,21.8,36,9.92
24000,106000,19.8,60,12.61
15000,75000,25.4,36,11.99
12800,45000,18.4,60,13.58
4900,95000,21.6,36,13.58
4000,48000,12.8,36,9.44
40000,1e+05,4.6,36,7.96
12000,38000,31.9,60,26.77
6000,33000,19.7,36,9.92
26400,62200,19.6,60,14.07
3000,45000,14.4,36,16.01
12500,70000,22.5,60,13.58
39425,1e+05,27.9,60,10.9
8500,70000,17,36,13.58
15000,40825,6.7,60,20
3000,70000,9.6,36,10.41
8000,42000,30.5,36,6.72
18000,45000,34.5,36,18.06
8000,1e+05,16.3,36,9.93
6000,30000,7.4,36,9.93
5000,40000,14.6,36,12.62
10000,50000,16.1,36,13.58
25000,75000,18.8,36,15.05
22000,2e+05,7.1,36,9.93
16800,150000,13.2,36,12.61
40000,1e+05,25.7,60,10.42
10000,38000,17.8,36,17.09
9000,35000,26.9,36,7.97
5000,36331,17,36,18.06
23100,55000,12.6,60,12.61
38450,93600,26.5,36,6.07
40000,90000,26.3,60,9.93
21000,88000,11.7,36,5.31
15000,35000,32.5,36,15.04
12000,110500,18.9,36,13.59
8000,60000,26,36,21.45
5000,39000,1.3,36,16.01
1000,19700,28.2,36,16.02
20000,120000,18.7,36,12.62
20000,1e+05,29.2,36,15.04
30000,70000,27.1,60,13.58
5500,34500,17.6,36,6.71
14000,73000,17.8,60,9.93
11000,42000,11.8,60,15.05
4200,170000,4.2,36,9.43
30000,1e+05,10.7,60,11.99
10000,83000,12.8,60,9.93
11900,90000,16.2,60,11.98
15000,55000,17.3,60,17.09
5000,38000,36.9,36,9.44
15000,51000,34.2,36,9.93
26750,68640,22.8,60,20
6000,67000,8.8,36,5.31
10000,48000,26.4,36,12.62
17100,30000,32.6,60,23.88
3500,75000,30.7,36,7.34
5000,45000,9.2,36,7.34
6750,120000,13,36,7.96
16000,75000,2.9,60,9.43
35000,83740,24,36,15.04
15000,80000,23.4,36,11.99
20000,90000,5,36,13.58
20000,78000,18.1,60,25.82
15000,40000,18,36,10.91
21000,57500,2,36,6.71
3000,42000,26.8,36,12.61
27000,120000,31.7,36,16.01
15000,1e+05,21.7,60,21.45
14400,70000,14.6,36,14.07
20000,48000,17.2,60,7.34
3000,36240,22.8,36,18.45
2700,24000,8.2,36,22.91
25000,74000,23.8,60,19.42
25000,120000,8.9,60,7.35
40000,132500,8.4,60,9.44
7000,35000,21.5,36,7.97
16000,58000,17.8,36,17.47
3000,144000,17.7,36,16.02
8500,64000,16.3,36,20.39
1800,46000,4.5,36,7.96
20000,80000,16.6,60,18.45
25000,57000,33.7,60,7.34
22000,59000,24.9,60,10.9
35000,120000,15.4,36,12.62
30000,75000,23.5,60,24.84
10000,175000,5,36,6.72
28000,140000,16.2,36,10.42
6500,28500,39.8,36,6.71
25000,52000,2.9,60,11.98
4000,24000,15.5,36,16.02
8500,18000,25.3,36,12.61
38500,138900,7.7,60,11.99
29900,81258,33,36,19.42
24000,152000,9.8,36,15.05
20000,75000,12.5,60,26.3
15000,34113,14.1,60,17.09
30000,125000,22.6,60,16.02
20000,120000,23.8,36,7.35
15000,90000,9.7,36,6.72
6000,70200,22.8,36,18.45
5000,65000,34,36,20
36000,130000,28.2,60,12.62
15000,30000,25.6,60,9.93
12000,105000,12.4,36,9.43
11000,70000,5.8,36,7.34
16000,39000,13.7,36,12.61
16800,88000,18.3,36,7.97
4800,55000,7.9,36,17.47
22000,90000,19.4,36,14.08
4600,14928,11.6,36,19.42
18000,86000,15.9,36,6.72
15000,164200,12.9,60,19.42
30000,65000,29.2,60,28.72
16000,93844,24.5,60,19.42
30000,82000,22.6,60,12.61
24000,150000,9,60,9.44
10800,70000,23.4,60,13.58
19000,24000,21.2,60,21.85
28350,2e+05,11.3,36,12.62
2000,50000,6,36,14.07
22000,69000,18.9,36,6.72
10000,72000,4,60,9.43
5000,35000,32,36,16.01
4000,72000,9.1,36,10.41
12000,93707,14.1,36,11.99
2000,64000,28.9,36,10.42
12800,44500,38.8,36,18.06
7000,83000,10.6,36,6.71
8000,47800,19.5,36,13.59
25000,62000,16.2,60,21.45
8000,90000,31.8,36,15.05
40000,140000,8.2,60,7.35
20000,74000,22.8,60,17.47
10975,60000,22.8,36,6.07
7800,110000,31.9,36,21.45
20000,60000,24.6,60,26.3
10000,80000,4.7,36,7.97
10000,42000,26.7,36,16.02
7500,33600,28,36,14.08
10000,60000,1.2,60,11.99
15700,40000,16.6,60,17.09
25600,25000,4,60,17.09
24600,29760,48.5,36,26.3
8300,56000,17.3,36,6.07
18000,125000,17.5,60,7.96
7500,53000,30.6,36,17.09
20400,60000,6.9,36,6.07
12000,50000,15.1,60,13.58
40000,1e+05,12.4,36,10.91
25000,146000,23.2,36,6.07
3000,90000,7.2,36,11.98
40000,65000,10.6,60,9.44
12000,47000,22,60,15.05
40000,96000,33.2,36,7.34
6000,65000,21.9,36,10.41
28000,55000,22.2,36,13.58
14000,29000,10.8,36,9.43
26400,49000,22.6,60,11.98
25000,55000,22.2,36,15.04
12000,80000,15.5,36,7.96
9800,75000,14.3,36,15.05
15000,55000,10.8,36,7.97
3025,35000,9,36,9.43
2500,55000,6.1,36,11.99
36000,95543,8.2,36,6.08
24000,50000,13.6,36,11.99
24000,54500,27.4,60,18.45
5000,55000,10.9,36,11.98
9600,60000,19.6,36,21.85
4800,48000,26.1,36,10.42
20000,151000,18.5,60,17.09
3000,40000,16.5,36,9.92
29000,120000,7.5,36,10.42
3000,75000,18.4,36,9.93
2700,17000,30.4,36,12.62
16000,127000,5.6,36,13.59
13000,135000,21.2,36,11.99
14400,138000,25.1,36,11.99
8000,90000,26.8,36,16.02
25000,105000,24.5,36,6.72
28000,1e+05,26.7,36,18.06
3000,90000,13.2,36,9.43
24000,40000,21.2,60,25.82
24000,68000,25,36,6.71
20000,75000,13.3,36,5.32
12000,120000,5.3,36,9.44
11200,45000,16,36,12.62
38400,68000,24.4,36,7.34
18000,60000,4.4,36,10.42
2000,15984,27.7,36,14.07
13000,67000,21.9,36,13.58
8000,30000,11,36,9.44
17000,54000,20.4,36,14.08
40000,90000,20.6,60,16.01
1000,25000,2.4,36,22.9
6800,72000,16.2,36,17.09
35000,67000,35,60,16.01
24000,80000,9.6,36,10.91
15000,75000,20.4,36,16.01
5000,130000,13.6,36,6.72
25000,87040,13.7,60,15.04
25000,140000,19.2,36,14.08
15400,51000,33.6,36,17.09
40000,162000,2.8,36,9.44
10000,80000,6.8,60,14.07
20250,125000,15,36,16.02
12000,75000,18.6,36,5.31
7200,183000,18.7,36,6.72
10000,43000,11.1,36,5.32
15000,55000,14.3,60,9.93
10000,105000,17,36,9.93
11000,80000,13.9,60,13.59
3000,5235,19.5,36,10.9
25000,115000,15.4,60,13.59
7000,50000,11.9,36,6.72
6050,80000,17.7,36,10.42
10000,60000,16.5,36,14.07
30000,130000,31.3,36,16.02
4000,70000,29.6,36,15.05
5500,72672,17.7,36,18.45
6975,52000,27.2,36,13.59
10000,56000,20.5,60,16.01
20000,107000,13.3,60,15.04
15000,61582,29,60,19.03
40000,105000,3.5,60,7.35
10000,130000,5.5,36,9.43
13500,54200,26.7,36,7.97
10000,90000,17.4,60,20.39
40000,95000,1.1,60,10.42
20000,115200,10.4,36,7.97
10000,48000,15.6,60,7.34
15000,54500,32.4,60,11.98
8000,82000,21.1,36,12.62
7000,39000,33.8,36,15.05
9000,80000,6.4,36,10.91
22000,94000,22.9,60,11.99
15500,45000,35.7,36,9.44
9500,50000,12.6,36,9.92
10000,54000,22.7,36,19.42
10000,120000,13.5,60,12.62
4000,48000,24.6,36,14.07
24300,190000,14.5,36,14.08
35000,85000,24.1,36,12.61
10000,65000,16,36,9.93
30000,119000,30.5,60,26.3
12000,45000,4.3,60,13.59
17000,90000,10.6,36,9.93
10000,101000,16.3,36,5.31
10000,75000,3.6,36,6.71
5800,35000,34.4,36,14.08
35000,95000,7.6,36,9.92
13500,40000,46.5,60,9.44
20000,1e+05,20.8,36,9.93
7000,1e+05,6.8,36,10.42
12000,108367,37,36,14.08
17275,25000,47.9,36,7.35
35000,78000,3.4,60,17.09
3000,48000,34.5,36,19.03
10000,16752,25.9,36,19.42
40000,175000,15.9,60,9.93
2000,18348,24.1,36,10.42
33600,90000,19.5,60,13.59
3000,36000,30.6,36,7.35
8000,103000,18.9,36,16.01
8000,45000,22.6,36,11.99
3500,60000,35.6,36,7.34
15000,50000,0.6,60,15.05
15000,24000,19.8,36,14.08
22000,97000,2,36,7.35
13000,58734,23.3,36,11.98
25000,102000,29,60,11.98
22000,79000,20.3,60,7.35
15000,35000,45.8,36,12.62
20000,32028,20.3,60,14.07
24000,74000,9.8,36,17.47
12000,92000,16.5,36,6.07
16000,53000,49.3,60,9.43
6000,42000,8.3,36,13.59
10000,64000,13.3,36,7.96
20000,62339,49,36,12.62
13500,67000,15.6,36,7.96
6000,22000,21.3,36,15.04
18550,32000,18.8,60,11.98
16000,36000,29.7,60,23.88
20000,98000,25,36,18.06
30000,58500,30.1,36,21.45
31700,90000,21.1,60,10.9
11200,88000,34.6,60,14.08
12000,70000,22.2,36,16.02
17000,104000,26,36,7.35
11000,96000,4.4,36,6.08
9000,55000,34.8,36,20
19000,45000,20.9,36,9.43
8000,61000,36.3,36,17.47
26500,112000,14,60,9.43
25000,21000,45.4,60,26.77
14000,85000,8.3,36,7.97
5000,65000,14.1,36,15.05
2100,15380,4.5,36,15.04
10000,44000,34.2,36,11.99
33600,124500,24.2,36,9.93
14400,1e+05,3.2,36,6.72
10000,65000,10.3,60,9.44
5000,59000,5.8,36,6.08
3000,44050,18,36,19.03
4800,39600,4.6,36,14.07
22400,64000,26.5,36,10.91
35000,90000,28,60,15.04
10000,42000,21.1,36,7.97
9600,63000,19.7,36,14.08
14000,116000,28.5,60,10.91
6000,61000,18.2,36,10.91
6000,71000,8.8,36,9.43
12000,58000,13.1,36,9.92
4200,20000,14.6,36,10.91
25000,187116,13.8,36,21.45
16000,128000,15.4,60,13.59
5000,63000,13.5,36,6.71
36000,90000,15.3,36,6.71
16000,60000,14,36,9.93
22400,20076,39.4,60,9.92
13000,42433,17,60,11.98
15000,50000,2,60,21.45
40000,85000,22.2,60,9.93
17000,65000,36.9,36,10.42
35000,80000,20.8,60,29.69
10000,35000,26.6,36,6.08
16000,23077,36,36,18.06
20000,110000,15.4,36,9.92
15000,75000,9.9,36,10.91
12600,120000,7.1,36,10.91
10000,22800,20.7,36,15.04
1200,90000,9.8,36,7.96
13000,32000,44,36,5.31
24000,70500,11.3,60,19.42
16000,80000,27.3,60,10.42
6000,45000,16.5,36,13.59
14450,20800,29.6,36,15.05
1600,30000,43.6,36,13.58
40000,90000,1.1,60,9.43
8000,71104,14.1,36,5.32
5000,65000,20.8,36,9.93
31000,63500,37.4,60,11.98
12000,35000,24.3,60,17.47
17000,130000,27.2,36,12.62
18000,30800,18.5,60,10.42
25000,60000,38.5,36,9.43
25000,75000,23,36,10.9
20000,75000,26.2,60,16.02
12000,75000,15.2,36,7.97
24000,65000,2.7,60,7.35
30000,65000,22.4,60,15.05
25000,70000,29.1,36,11.99
40000,81800,28.6,36,10.41
10000,83000,18,36,9.93
16000,50000,15.7,36,7.35
25000,148000,28.4,60,7.34
36000,132200,14.4,60,7.96
9600,75000,10,36,13.58
6000,40000,11.4,36,6.07
20000,60000,12.1,36,14.07
15000,90000,7.9,36,6.07
15000,52000,26.8,36,9.93
7000,82000,19.4,36,12.61
6000,40000,13.1,36,5.32
5000,53045,21,36,21.85
8000,46236,32.8,36,16.01
16000,65000,21,36,15.04
5000,118500,4,36,5.31
40000,140000,23.8,36,7.97
25000,94000,26.7,60,12.62
10000,40000,32.8,60,15.04
3000,38000,26.3,36,21.85
28000,57000,27.5,60,9.43
10000,33500,32.9,36,9.44
7000,50000,16.1,36,6.07
10000,45000,20.4,36,20
2200,50000,15.2,36,10.42
30000,58756,29.8,36,19.42
38400,70000,9.1,36,7.35
40000,55160,7.7,36,11.98
40000,135000,9.7,60,13.58
12800,33000,27.2,36,20.39
7000,86000,9.4,36,9.43
20000,120000,20.4,60,7.35
25000,125000,14.2,36,12.62
35000,83000,1.7,36,5.32
5000,36000,12.4,36,9.92
3000,50000,18.3,36,6.07
20000,50000,10.2,60,20
35000,70500,32.5,36,10.41
35000,60000,11.9,36,6.07
4000,120000,28,36,11.99
12000,188500,7.9,36,7.96
12000,51000,36.3,36,10.91
15000,114000,13.1,60,15.05
10000,90000,20.2,36,10.42
24000,65000,14.4,36,7.97
20000,1e+05,4.5,36,10.41
3000,60000,12.3,36,9.93
15000,180000,25.6,36,9.93
10000,47476,19,36,7.35
2200,30000,31.7,36,18.06
18000,30000,29.1,36,6.08
25000,80000,18.3,36,6.07
12000,32000,18.1,36,9.92
5000,66144,23.5,36,14.08
2400,34000,21.6,36,10.42
8000,90000,25.1,36,18.06
9550,95000,35.3,36,26.3
3000,23000,5.8,36,15.05
40000,60000,40.8,60,15.05
8000,96000,27,36,10.91
35000,2e+05,10.8,36,7.97
35000,75000,20.1,36,7.96
9000,117000,13.3,36,7.97
22000,66996,21.4,36,5.32
26000,1e+05,24.5,60,14.08
4000,90000,28,36,7.97
1000,24000,35.4,36,21.85
25000,1e+05,7.5,60,13.59
20000,87000,9.6,60,9.92
14000,85000,23.4,60,18.45
35000,92000,20.2,60,20
10000,70000,9.1,36,5.32
5000,55000,3.8,36,13.59
10000,45000,39.2,36,15.05
21000,67800,16.3,36,10.42
12000,53000,8,36,7.97
40000,146000,9.8,60,7.34
5000,25000,8.2,36,15.05
6000,63645,21,36,19.03
3600,71000,17.5,36,20.39
24000,90000,11.6,60,9.92
30000,104000,32.2,36,16.02
30000,105000,12.1,60,16.01
30000,56450,31.1,60,24.85
30000,44184,38.2,60,24.84
15000,70260,38.4,60,13.59
20000,44500,39.9,60,13.58
10000,75000,7,36,6.08
11000,33040,19.6,36,7.35
40000,190000,21.7,36,7.35
3500,39000,7,36,13.58
10000,54000,9.7,36,9.44
14400,75000,22.5,60,17.09
10000,60000,28.6,36,12.62
16000,35000,10.3,60,12.61
14400,120000,8.2,36,7.34
10000,25000,21.1,36,19.03
14500,176000,29.9,36,6.71
10000,23000,13.4,36,6.08
15000,67000,8,36,10.42
21000,110000,31.4,36,9.92
5000,13136,18.9,36,19.42
40000,165000,23.6,60,14.07
8500,103500,31.3,36,18.45
20000,131000,28,36,6.08
13000,2e+05,20.2,36,12.62
5400,26000,9,36,15.04
12000,52000,21.8,60,7.35
22000,124000,16.2,36,6.07
3600,55000,25.9,36,6.72
8000,120000,6.5,36,5.32
24000,43000,24.4,60,26.3
35000,108000,15.2,60,7.35
24000,175000,13.8,36,9.93
3000,60000,17.5,36,15.05
20000,115000,23.3,36,6.07
20000,72400,19.2,36,5.32
10000,50000,15.9,36,18.06
22100,29744,26.7,60,26.3
15000,40000,12.6,36,14.07
18000,40000,10.4,60,15.05
1200,75200,8.9,36,6.72
35000,96000,21.8,36,14.08
6000,40000,3.2,36,11.99
10000,77000,11,36,5.31
20000,130000,7.7,60,23.87
20000,103000,20.5,36,9.43
25000,72000,17.2,36,6.72
35000,68000,26.1,60,19.03
6000,112000,24.8,36,11.99
20000,86845,17.4,60,21.45
16000,85000,7.6,36,6.08
35000,109500,20.1,36,11.98
10000,40000,20.2,36,9.43
1800,33024,28.8,36,7.34
6000,35000,4.8,36,10.9
9000,42000,26.7,36,6.72
19600,74000,22.6,60,10.42
3000,30000,34.7,36,10.9
36000,42000,8.9,60,17.47
7200,68000,19,36,16.01
5000,63000,5.3,36,11.99
12000,60000,7.5,60,26.3
18000,65000,26.4,60,9.44
30000,55000,44,60,10.42
22000,70000,5.2,60,11.98
8000,80000,15.8,36,7.96
7000,62000,6,36,11.98
25000,84000,15.1,36,5.32
35000,32000,20.1,36,6.72
20000,70000,15.7,36,6.07
5000,30000,28.7,36,21.45
30000,54000,25,36,12.62
16000,60000,24.6,36,13.58
10500,21600,34.3,60,25.82
3350,20000,6.7,36,5.31
40000,120000,4.3,60,15.04
10000,125000,7.8,36,6.08
18000,60000,10.1,36,6.72
25000,80000,25,60,16.02
24000,56000,24.9,60,22.9
15000,72000,4.5,60,15.04
10000,50000,1.9,36,10.41
1000,58000,29.3,36,9.93
27000,123973,6.2,60,15.05
16000,1e+05,9.5,60,16.02
25000,112000,34.3,36,26.77
10000,60000,13.4,36,12.62
33400,72000,13.8,60,13.58
36000,106000,23.5,60,9.44
11500,28000,10.2,36,10.42
15000,93000,24.8,60,10.9
5000,42000,26.1,36,11.99
20000,65000,8,36,9.44
6000,58000,25.7,36,9.93
21600,60000,23.7,60,14.08
10000,60000,9.8,36,11.98
8400,65000,31.1,36,16.02
28000,96000,20.9,36,9.43
10000,92879,10.9,36,9.93
25000,75000,20.9,60,15.05
7000,52000,12.8,36,9.43
7500,67000,37.5,36,16.02
21000,1e+05,21.8,60,15.04
2600,35000,18.4,36,9.93
8000,120000,22.5,36,14.08
22000,157000,12.6,60,7.35
9000,54000,17.3,36,5.32
17650,70000,31.9,60,20
1800,10000,0,36,10.42
8000,1e+05,12.6,36,6.08
10000,54000,23.2,36,5.32
10000,61880,17.2,36,9.92
25000,33134,31.4,60,14.07
40000,60000,36.3,36,9.93
30000,70000,13.3,36,6.72
15000,65488,18.5,36,15.04
9800,47500,32.9,36,9.44
21000,105000,28.8,36,10.91
25000,120000,15.1,60,9.93
5000,42000,34,36,13.59
3000,39000,11,36,7.96
11200,82000,12,60,16.01
7000,55000,19.2,36,10.42
21000,1e+05,20.3,36,9.92
29600,86000,27.4,36,9.93
10000,80000,15.8,36,17.09
6000,85000,8.5,36,7.35
20000,185000,7.7,36,16.02
10000,75000,13.5,36,13.59
16000,115000,10.5,60,15.05
20000,47000,16.1,60,17.09
20000,82000,17.5,36,7.97
10000,75000,12.8,36,6.71
17600,38000,16.3,60,15.04
38400,170000,8.1,60,15.05
20000,50000,49.3,60,30.75
2500,33000,19.2,36,19.03
35000,142000,13.4,36,10.9
8000,60000,15.3,36,13.59
28000,150000,21.9,60,9.92
25000,35000,28.9,60,9.93
12000,60000,19.3,36,11.99
36000,82000,31.7,60,9.44
10800,60000,29,36,12.61
20000,136000,15.1,36,7.97
12800,53000,25.2,60,10.9
8725,28000,9.4,36,11.99
20000,93000,5.2,36,10.42
5400,48000,24.1,36,18.45
12800,75000,23.9,60,12.61
24000,79040,31.6,36,7.96
1700,32000,19.6,36,6.71
25000,46000,24.6,60,17.47
40000,40000,22.5,60,9.93
4000,24000,15.2,36,13.58
25000,1e+05,16.9,36,6.71
10000,57000,23.8,60,19.03
32400,74000,17.4,60,19.42
21000,105000,13.5,36,5.32
12000,19000,3.5,60,26.3
16000,1e+05,18.8,60,11.98
3000,60000,7.4,36,9.93
10000,37000,21.2,36,11.99
19350,46996,15,36,11.99
5600,56000,24,36,12.61
10000,36000,24,36,7.96
12000,50000,29.5,60,11.98
20000,70000,16.3,36,9.44
40000,80000,0.8,36,6.71
36000,180000,5.6,36,9.93
30000,80833,18.2,36,5.32
32000,86000,22.2,60,9.93
5150,57200,3.2,36,5.32
35000,121000,12.6,36,13.59
10000,80000,6.3,36,15.05
10200,65000,17.4,36,6.72
3500,36500,4.7,36,9.92
20000,106000,23,60,7.35
40000,80000,1.9,60,12.62
15000,35000,11.6,36,7.96
8000,50000,22.5,36,12.61
21000,80000,25.6,36,10.42
25000,82000,31.9,36,24.85
25000,72000,21.3,60,21.45
28000,25000,49.7,60,16.02
10000,95000,33.1,36,16.01
10000,45000,18.7,36,17.47
10000,30000,49.4,36,7.96
35000,105000,9.2,36,13.58
25000,55000,15.6,36,6.72
1800,33000,19.2,36,6.07
8000,41000,23.2,36,6.08
12000,80000,4.1,36,14.08
12975,120000,13.5,60,12.62
6500,27500,24.8,36,7.97
28000,40000,23.4,60,19.03
4500,78000,8.4,36,10.41
4550,73000,20.3,36,9.44
10000,35000,6.3,36,5.31
2700,35000,21.3,36,19.03
15000,81000,20.6,60,18.45
20850,31000,24,60,20
7500,46000,10.9,36,6.08
10000,48000,18,36,7.97
5000,40000,31,36,6.72
5000,65000,13.9,36,15.05
9000,35000,30.5,36,13.58
15000,50000,13.7,60,13.59
3700,64000,11.2,36,6.07
18000,40000,15.8,60,21.85
30000,144000,6.8,60,21.85
12000,110000,25.6,60,17.47
20000,60000,14.8,60,12.62
7800,66200,12.7,36,6.71
13000,54000,35.4,36,19.42
40000,120000,9.4,60,9.92
16000,33600,12.9,36,7.34
16000,124500,21,36,12.61
16000,88000,39.8,60,17.09
15000,80000,38.2,60,19.42
27600,25000,19.8,36,16.01
20000,70000,22.8,36,9.44
4000,52000,3.6,36,21.45
38000,75000,15.3,60,14.08
19000,104000,31.1,36,15.04
13000,90000,8,60,16.01
8500,33280,45.5,36,9.43
10000,108000,33.3,60,14.08
16000,45000,10.8,36,10.9
15000,130000,14.5,36,6.08
15000,65000,30.1,36,7.97
10000,40000,20.5,60,9.92
32400,120000,19.1,60,15.04
20000,62000,18.1,36,14.08
3500,70000,27.3,36,6.71
2500,73000,8.2,36,10.42
16000,55000,26.6,36,13.59
21600,120000,14.1,60,13.59
5000,45000,34.8,36,20
2100,26694,8.2,36,9.44
15000,70000,10.9,36,6.72
21000,80000,26.8,60,11.99
10000,55000,13.6,60,13.59
20000,50000,13.7,36,11.99
28000,74000,29.4,60,13.59
7000,118000,9.3,36,10.91
15000,28800,18.2,60,21.45
6000,60000,21.1,36,6.08
12000,75000,15.7,36,5.32
5000,48000,15.2,36,18.06
20000,75000,9.4,60,21.85
30000,107000,20.1,60,23.87
21000,104000,9.5,36,5.31
18000,125000,6.4,36,6.71
10000,18312,18.8,36,19.42
15000,62000,21,36,7.97
20000,80000,22.7,36,7.97
19500,72000,16.2,36,16.02
22000,50000,29.4,60,18.06
12000,110000,6.7,36,5.31
3000,39000,27.4,36,10.91
8000,30564,11.4,36,15.04
17600,20000,41.1,60,13.58
10000,60000,31.9,36,20.39
5000,36000,7.3,36,18.06
15000,45000,35.7,60,19.03
30000,98000,29.9,60,25.81
25050,50000,28.6,60,15.04
7500,60000,10.7,36,7.96
11200,40000,3.2,36,11.98
12800,30600,40.8,36,5.32
20000,60000,30.8,36,16.01
10000,62400,16.9,36,18.45
11200,1e+05,11.4,36,16.02
12600,1e+05,13.2,36,7.97
6000,28000,21.2,36,13.59
12000,60000,12.9,60,16.01
16000,132000,10.6,60,9.44
5125,91000,16.3,36,11.99
26000,83000,18.1,60,12.61
15600,1e+05,18.7,36,14.07
13000,49000,28.3,36,10.91
5600,30000,8,36,7.96
10000,91000,11.6,36,7.97
20200,26500,17.7,36,18.06
10000,185000,4.6,36,10.91
2000,37000,26.9,36,21.85
34650,57000,29.7,36,11.99
18000,40000,16.4,36,10.91
12000,45000,24.9,36,15.05
3000,130000,4.5,36,6.72
9000,94000,17.3,36,9.43
5000,18000,34.7,36,13.58
15000,15600,36.3,36,10.9
9000,30000,24.6,36,12.62
5000,28000,7.2,36,9.92
14000,60000,19.8,60,11.98
4800,50000,10.8,36,15.05
16000,74000,22.2,36,7.97
16000,165000,21.3,60,18.45
10000,42000,22.1,60,15.04
7500,40000,10.6,36,13.59
36000,70000,0.8,60,12.62
40000,1e+05,4.5,36,9.44
10000,50000,13.7,60,19.03
15000,80000,12.2,36,6.71
3000,38000,10.1,36,7.96
6500,36000,42.7,36,10.91
9000,48000,24.5,36,21.85
16000,99097,11,60,9.93
10000,33000,9.1,36,9.93
12000,75000,5.8,36,6.07
16000,75000,7.8,60,12.61
12000,65000,20.1,60,18.45
8500,30000,21.9,36,14.07
5000,16000,14.8,36,6.07
20000,54000,9.2,60,16.01
36000,160000,24.3,36,6.72
3000,65000,13.1,36,7.35
10000,33768,23.5,36,9.92
7500,75000,28.7,36,12.62
20000,44240,22.2,60,16.02
6000,50000,44.7,36,11.99
7000,18720,32.4,36,13.59
3000,25600,12.1,36,9.43
7000,68000,14.1,36,6.08
15000,1e+05,35.8,36,11.98
5000,30000,26.9,36,9.44
15000,14508,39,36,7.97
6600,55000,1.8,36,10.42
30000,65000,21.3,36,7.97
15000,88400,27.4,60,12.62
10000,50000,38.6,60,11.99
10000,20000,7.1,60,13.59
17000,50000,26.3,36,21.45
10800,58000,1.2,36,7.34
1000,10500,12.8,36,18.06
36000,72150,34.9,36,7.34
40000,82000,7.5,60,9.92
20000,70000,23.3,60,16.01
2000,47000,28.1,36,10.9
30000,43000,7.6,60,25.82
16000,66500,14.4,60,20.39
12000,30000,8.8,36,7.97
1800,50000,8.6,36,10.91
12000,55000,32.4,36,10.41
10000,67000,29.6,36,10.42
25000,66500,24.1,60,26.3
40000,95000,14,36,7.96
12000,67000,23.2,60,15.04
14000,63000,32,60,19.42
25000,67400,6.5,60,7.34
6000,70000,10.3,36,18.06
2500,50000,21.4,36,5.32
35000,110000,12,36,11.99
15000,86000,5.6,36,5.31
6000,110000,20.2,36,7.35
11200,55000,13.1,36,11.99
36000,127000,21.5,36,9.44
10000,99000,13.2,36,21.45
40000,66000,36.9,36,6.08
10000,98000,7.6,36,12.62
20000,61000,19.6,36,7.97
10000,25000,16.6,36,10.9
30000,100610,11.4,60,10.9
5000,35000,29.2,36,15.05
20000,70000,11.9,36,16.02
16000,50000,30.8,36,9.93
25000,69131,28.6,60,9.43
21000,110000,32.1,36,6.07
28000,72000,18.4,36,19.03
24000,87500,13.1,36,21.45
30000,102000,16,36,10.91
10000,70000,7,60,9.44
13800,125000,5,60,17.09
18000,34415,36.8,36,18.45
12000,40000,22.3,36,6.72
24000,22104,14,36,16.02
11500,61000,15.2,36,7.97
25200,86000,12.5,60,17.09
10000,75000,25,36,5.32
3000,52000,16.3,36,16.02
8000,40000,16.4,36,9.92
12000,85000,14.3,36,6.07
5200,39000,17.1,36,11.98
10000,82000,9.9,36,16.01
12000,75000,8.2,36,18.06
4800,60000,9.7,36,6.71
3200,79000,14.1,36,20
10000,42000,12.1,36,12.62
30000,94000,12.8,36,12.61
10000,40000,24.1,60,12.62
40000,70000,1.9,60,15.04
17000,63950,22.3,36,5.32
16000,40000,30.3,60,14.07
4000,37000,22.6,36,18.06
7000,110000,14.6,36,10.91
14000,45000,25.6,60,17.09
40000,72000,49.8,60,11.99
29400,154000,5.8,36,21.45
20000,65000,15.6,36,17.09
7000,150000,6.4,36,6.08
14000,59000,13.4,60,10.42
10000,132000,8.3,60,23.88
4000,62000,29.7,36,6.08
6000,62000,33.5,36,24.84
23000,42000,26.2,36,6.07
3600,32000,21.2,36,9.44
40000,170000,9.9,36,6.08
2400,94000,19.8,36,19.03
28000,130000,23.5,60,30.17
6500,40000,5.8,36,14.07
18000,80000,20.8,36,6.71
3000,25560,6.2,36,15.05
20000,62400,39.3,36,21.85
2200,50000,25.1,36,7.97
20000,175500,9.4,36,6.72
25000,180000,7,36,6.07
7200,60000,29,36,9.93
12950,53701,36.5,60,17.47
15000,33000,10.6,36,20.39
9050,52000,29.7,36,6.72
6400,67000,19.7,36,9.92
20000,150000,14.1,36,14.07
30000,130000,14.6,60,9.93
10000,110000,16.9,36,5.32
40000,140000,18.1,36,5.31
14000,80000,23,36,6.08
5000,131005,18.5,36,11.98
12000,47700,16.8,36,11.99
2400,80000,7.8,36,9.43
6000,75000,10,36,14.08
39200,90000,13.1,36,5.31
20000,50000,16.1,60,21.85
1000,14300,22.6,36,14.07
10000,110000,6.8,36,6.72
12000,55000,38.8,60,17.09
20000,130000,19.4,36,21.45
20000,50000,11.2,36,11.98
15000,70000,9.8,36,9.43
12000,26000,25.4,60,26.3
25600,87000,29.5,60,21.45
29000,154400,14.9,60,9.43
11000,95000,33.4,36,16.01
17500,75000,16.4,36,14.08
25000,156000,27.6,36,7.97
33000,137000,9.6,60,9.93
30000,89500,11.3,36,5.31
17000,85000,35.5,36,16.01
30000,42000,25.4,36,15.04
30000,50000,23.7,60,18.45
20000,115000,15.2,36,7.96
15000,68000,27.6,60,10.9
16000,82000,12,36,7.96
20000,70000,6.8,36,6.07
20000,40000,15.2,60,15.05
40000,160000,15.1,36,5.31
40000,120000,10.7,60,15.04
27000,35000,14.4,60,11.99
10000,70000,10.1,60,7.35
5000,75000,13.8,36,13.59
20000,54883,12.3,60,15.04
7800,68000,9.3,36,9.43
8000,42000,13.7,36,7.35
17600,115000,12.2,36,13.58
6400,40000,31.4,36,11.99
35000,108000,20.6,36,7.35
14000,103000,17.2,36,20.39
28000,76000,18.9,60,17.09
10000,60000,22.6,36,10.42
14000,143000,4,36,9.44
5000,30000,5,36,6.71
15000,57000,27.5,36,10.91
37000,80000,40,36,12.62
3500,67745,8.8,36,6.72
10000,75000,8,36,24.84
34425,138000,11.7,36,10.41
6000,70000,8.3,36,9.92
15600,48996,14.2,60,13.59
7000,64000,28.6,36,15.04
3100,101000,10.7,36,5.31
8400,40320,25.8,36,9.44
3025,96000,13.3,36,18.06
4000,27000,5.1,36,11.99
9000,155000,6.7,36,9.43
8400,80000,6.4,36,6.07
32000,55400,44.3,60,13.59
7550,40000,15.9,36,17.47
8000,50000,32.5,36,7.35
16000,60000,21.4,36,7.35
35200,64000,43.9,36,11.99
25000,68000,29.3,60,10.9
10000,60000,19.4,36,7.35
10000,45000,24.2,36,10.42
25000,62500,27,60,14.08
8000,21600,37.6,36,12.62
3200,44500,28,36,9.43
14850,30000,33.3,36,16.02
12000,47700,19.6,60,11.99
10000,56736,12.6,36,10.42
6000,83000,16.2,36,6.71
9800,48000,25,36,6.08
4500,33500,14.4,36,12.62
9000,36250,29.8,36,10.41
39000,104000,17.7,36,5.31
8400,1e+05,21,36,11.98
5100,96000,19.6,36,6.72
10000,180000,12.8,36,26.77
8000,130000,10.4,36,10.42
24000,63000,9.2,36,9.43
20000,130800,14.5,36,11.99
12500,55000,15.5,36,7.35
7000,125000,15.8,36,9.44
12000,69000,19.2,36,10.42
22000,60000,19.6,36,15.05
15000,74600,14.7,60,16.01
33000,65000,20.4,60,9.93
5600,39000,12.5,36,9.44
10000,45000,6.4,60,7.97
5100,18000,17.7,36,17.09
10000,40000,29.4,60,18.06
10000,60000,8.7,36,13.58
20000,63000,11.1,60,9.93
15600,60000,40.4,60,20
15000,82500,24.8,36,9.43
20000,57600,15.2,36,7.97
12000,40000,28.4,60,16.01
10000,46000,20,60,25.81
3000,47000,21.6,36,12.61
11200,78000,4.2,60,21.85
7000,46000,27.4,36,7.34
16000,78000,14.4,36,7.96
8650,110000,7.7,36,6.72
10000,37000,30.6,60,11.99
15000,168000,34.7,36,6.07
20000,162000,12.9,36,5.31
10000,82000,35,36,9.44
12000,48589,21.2,36,24.85
5000,98000,3.6,36,13.59
28000,150000,13.1,36,17.09
5000,65000,13.3,36,17.47
38400,195000,18,60,7.35
5400,129000,27.2,36,10.91
25000,123000,13.8,36,9.43
25000,75000,12.6,60,18.45
9550,34000,33.8,36,17.09
5500,31000,3.9,36,7.97
15000,60000,1.2,36,9.93
11000,50000,14,60,17.09
35000,91000,37.1,60,12.61
10000,65000,10.1,60,20
3600,40000,30.9,36,9.93
7000,52821,20.2,36,7.35
3000,75000,22.3,36,19.03
15000,60000,19.3,36,6.72
25000,110000,10.7,36,10.91
20000,41000,13.3,36,15.04
3000,47000,12.7,36,13.59
5000,82500,22.2,36,9.44
10000,26000,16.2,60,20.39
14000,108000,10.3,36,9.43
2000,68000,23.3,36,11.99
15000,160000,16.1,36,11.99
7200,70000,24.6,36,13.58
12000,25992,9.2,36,18.45
32000,130000,32.3,60,15.05
35000,190000,26,36,7.97
7000,40000,10.2,36,10.42
16000,48000,36.6,36,21.45
15000,39000,25.9,36,19.03
3000,18000,10.2,36,6.71
32000,115000,30.3,60,21.85
10000,42000,10.7,36,12.62
10450,62000,36.2,36,13.58
10000,52000,29.9,36,18.06
13000,70000,18.5,60,10.9
16000,51200,26,60,18.45
5000,120000,15.6,36,6.72
30000,118500,26,36,20
27000,93000,8.7,36,5.31
30000,130000,7.9,36,5.31
25000,1e+05,3.3,60,9.93
32000,59000,30.9,36,15.05
10000,26000,37.3,36,7.96
40000,60000,8.2,36,9.93
10000,60000,21.6,36,7.34
18000,85000,22.3,36,14.08
10000,71000,7.5,60,9.44
13575,47782,17.3,36,21.85
30000,63780,22.8,60,14.07
40000,130000,19.2,60,12.62
2500,50000,33.2,36,11.99
10000,46500,20.3,36,6.71
14400,86000,11.9,60,16.02
25000,150000,20.6,36,9.93
15000,103000,14.5,36,6.72
14000,48000,19.2,60,16.02
6000,45000,16.4,36,9.44
24000,82000,20.5,60,14.08
8000,21918,24.4,36,6.71
11200,81015,16.5,36,7.34
13000,60000,10.3,36,12.62
1200,130000,10,36,15.04
28000,135000,7.4,36,9.92
5000,30000,4.8,36,16.01
20000,125000,35.2,36,14.07
28000,81000,22.1,36,18.45
31000,70000,19.4,36,16.01
16000,95000,8,60,26.3
10000,70000,0.5,60,26.77
15000,58700,33.2,36,13.58
25000,114000,13.6,60,11.99
10000,68200,34.1,36,9.93
15800,70000,23.8,60,19.42
2000,45000,12.8,36,7.96
24775,120000,5.2,60,9.43
10000,60000,17.7,60,14.08
5000,38900,3.1,36,5.31
22000,125000,13.3,60,9.93
40000,65000,17.2,60,18.06
9000,75000,10.6,36,17.09
5000,19000,23.1,36,7.97
5000,38200,12.8,36,17.47
16000,22000,16.5,36,25.81
40000,95000,14.3,36,7.97
25000,144000,9.8,60,15.04
30000,70000,16.7,36,19.03
7200,61000,15.8,36,15.05
8000,57000,9.6,36,9.44
30000,60000,15.8,60,14.07
10000,60000,7.9,36,9.43
3000,32000,7,36,10.91
4475,37000,13.8,36,19.42
9500,17000,5.6,36,10.42
35000,70000,0.5,60,9.93
9000,55213,24.7,36,14.07
20000,48000,37.9,36,18.45
20000,84500,17.2,36,11.99
20000,50000,8.4,36,10.41
28000,70000,15.6,60,9.93
4800,53000,21.4,36,7.35
15000,60000,14.6,36,11.99
19200,51000,22.5,36,9.92
32000,160000,9.4,36,12.61
12000,45000,28.4,60,11.98
13000,50000,29.3,36,9.93
7500,46000,8.7,36,7.35
10000,38990,16.5,36,9.92
10000,92000,11.6,36,9.43
30000,90000,18.9,36,12.61
15825,22000,32.2,36,17.47
8400,53000,33.6,36,5.32
12000,70866,20.2,60,13.59
30000,43000,38.3,60,14.08
30000,70000,4.2,36,7.97
16000,35000,37.3,60,10.42
10000,113000,17,36,7.97
12000,82000,31.3,60,15.04
19500,92000,29.2,36,15.04
35000,70900,42.5,60,26.3
33600,75000,23,36,12.62
29400,98000,31.7,60,24.85
40000,130000,7.5,36,6.71
30000,54060,1,36,16.02
15000,60000,31.1,60,19.03
1500,18000,35.3,36,10.91
15000,95000,15.8,36,13.58
33250,145000,26.9,36,6.72
25000,65000,15.3,60,14.08
5500,32357,10.4,36,7.96
16000,70000,33.4,60,17.47
8000,52000,27.4,36,20
16000,60000,2.4,36,6.07
3200,88944,18.4,36,13.58
40000,1e+05,18,60,15.05
20000,40000,0,36,5.32
10000,1e+05,15.6,36,5.31
20000,60000,1.5,60,17.47
22000,80000,28.6,60,12.62
12475,55000,24,60,25.82
35000,50000,18.7,60,17.09
12000,48000,22,36,13.58
40000,110000,30.8,60,15.04
11500,60000,14.7,36,10.91
4000,125000,9.5,36,9.43
16000,46000,8.8,60,11.98
6000,80000,37.6,36,10.41
11000,75000,12.9,60,12.62
5000,75000,23,36,9.44
7000,92000,26.6,36,13.59
35000,83000,17,36,30.94
35000,185000,23.8,60,18.06
8400,50000,38.3,36,13.58
5000,150000,9.7,36,7.97
30000,190000,3.3,36,6.72
10000,32000,16.6,36,9.92
3000,53000,25.4,36,10.9
10500,70000,17.4,60,20.39
10000,28740,22,36,10.9
13200,23000,2.4,36,7.35
5000,70000,9.4,36,11.99
10000,125000,19.8,36,7.96
15000,120000,22.1,36,9.93
40000,98000,14.7,60,9.43
10000,80000,14,36,7.97
10000,34451,13.2,60,16.01
24000,42000,1.6,36,10.42
3000,34000,21.5,36,7.96
15000,45000,15.5,36,9.44
4000,15250,2,36,7.35
40000,136000,25.6,60,11.99
10000,155000,10.9,36,12.62
30000,45000,30.9,60,26.77
24000,65000,18,36,6.72
6000,40000,9.2,36,5.32
1500,72500,15.7,36,9.44
40000,84280,10.3,60,9.92
30000,83000,3.7,60,12.61
14000,45000,27.8,60,7.34
17000,95000,21.9,60,9.93
3200,35000,4,36,14.08
23000,166000,9,36,7.35
20000,34000,13.8,60,12.62
2000,68000,16.5,36,25.82
16300,107000,27.6,60,25.82
40000,180000,2.6,36,7.96
7500,82500,20.5,36,9.92
15000,70000,30.4,36,11.98
8000,70000,46,36,18.45
40000,92000,18.2,36,9.93
35000,138000,16.7,36,10.91
20000,50000,0.8,36,17.47
30000,65000,15.7,36,14.08
18000,145000,25.6,36,7.96
2000,60000,2.2,36,7.97
24000,66000,29.8,60,12.61
10000,85000,15,36,16.02
25000,65000,14.4,36,11.98
25600,40000,34,60,19.03
7000,57000,19.2,36,19.42
5000,30000,4.2,36,13.58
40000,104000,7,60,9.44
12000,42000,33.9,36,10.91
30000,125000,16.2,60,26.3
8000,85000,10.4,36,6.07
30000,128000,20.5,60,9.93
21500,23000,39.7,36,6.72
20000,65000,11.8,60,11.99
15000,40000,16.2,60,19.42
9000,45000,14.4,36,7.96
3000,13692,24.6,36,17.47
8000,78000,22,36,7.96
9000,80000,11.3,36,7.34
23475,151000,22.9,36,13.58
20000,90000,11.3,60,21.45
20000,73000,9.1,36,11.99
10000,35000,14.6,36,6.08
20000,48028,26.8,60,17.47
10000,38400,12.1,60,15.05
30000,114000,26.1,36,5.32
35000,85000,24,36,13.58
20000,51000,20.7,36,6.72
40000,29000,25.2,60,30.79
30000,85000,18.5,36,10.9
8000,47000,7.4,36,9.92
7500,48000,14.6,36,9.93
1000,77000,18.2,36,11.98
11200,41000,41.5,36,15.05
22750,60433,29.3,60,13.58
36000,90000,23.9,36,7.34
10000,25000,17.7,60,15.05
18000,134000,31.1,36,16.01
3000,33000,12.5,36,14.08
28000,72000,15.8,60,21.45
4000,35000,14.8,36,16.02
4000,52000,22.8,36,6.07
15600,95000,5.2,36,6.72
11800,50000,29.3,60,16.02
8000,68000,11.8,36,9.93
20000,105000,12.9,60,14.08
20000,43611,22,36,10.9
25000,110000,12,60,14.07
12000,36500,30.6,60,26.3
14000,117000,27.9,60,20.39
20000,70000,15.7,36,12.62
9600,75000,23.8,36,9.44
6000,35000,12.2,36,7.34
8400,75000,15.8,36,9.92
35000,67000,13.3,36,15.05
27500,37184,18.2,60,15.05
4000,72768,24.5,36,17.47
1500,19000,0,36,18.45
2500,40000,16.5,36,11.99
24000,42000,7.5,60,15.04
10000,62712,24.5,36,12.61
8000,45000,16.6,36,18.06
14500,80000,8.5,60,9.93
24000,120000,20,36,12.62
10000,48000,17.4,36,10.91
6000,28000,12.7,36,13.58
20000,99000,15.6,60,12.61
16000,1e+05,14.8,60,13.58
40000,80000,15.4,36,7.97
18000,78000,3.2,36,19.42
2800,28000,17.8,36,13.59
12000,72000,18.2,36,6.72
30000,1e+05,23.2,36,20.39
16000,65500,18.7,36,12.62
20000,65000,33,36,18.45
20000,120000,7.9,60,7.34
16000,67000,11,60,16.02
12800,85000,28.2,60,15.04
30000,68000,19.9,60,25.81
13650,55000,26.4,60,13.58
7000,45000,15.9,36,5.32
20000,143000,29.3,36,10.42
35000,188000,15.4,60,16.01
7000,52537,10.9,36,15.05
25000,80000,18.7,36,6.71
36000,80000,5.3,36,7.96
15000,32000,35.8,60,20.39
15000,80000,20.3,36,9.44
30000,28000,43.4,60,16.01
15000,78000,11.2,36,10.42
27000,70000,17.9,36,6.72
3100,37500,12.7,36,12.61
11200,47611,20.1,60,20.39
10000,89000,16.5,60,20.39
10000,42000,38.2,60,17.09
19000,60200,20.2,36,10.41
15000,32000,33,36,7.96
19425,140000,17.4,60,12.62
15000,45000,25.2,36,11.99
30000,65000,12.4,60,11.98
20000,62000,11.8,36,18.06
15000,75000,20,36,9.93
6000,125000,24.2,36,11.99
14000,115000,18.1,60,13.58
15000,126000,6.6,36,5.32
20000,60000,16.1,60,10.41
7000,46000,19.4,36,15.05
20000,75000,21,36,9.93
4900,42000,26.2,36,18.06
10000,51000,26,36,21.45
20000,120000,7.5,36,7.34
6000,50320,27.4,36,11.98
35000,104660,29.4,60,20
34450,130000,36.6,36,13.59
16000,114000,17.8,36,16.02
12000,65000,43.4,36,20
40000,20000,18.4,60,9.44
34200,107000,29.4,60,10.9
11200,50000,22.1,36,5.31
35000,145000,6.8,36,5.32
6000,110000,38.8,36,12.62
5000,71000,2.2,36,15.04
16000,85605,13,36,11.98
9000,109000,21.8,36,9.44
26000,60000,11.7,60,29.69
16000,81000,13.7,36,12.62
8000,43000,16.1,36,11.98
20325,62300,34.1,36,18.06
5000,9000,6.9,36,16.02
12000,1e+05,4.8,36,6.07
7325,55000,20.6,36,11.99
10000,60000,16,36,15.05
40000,135000,7.7,60,10.91
10000,60000,7.4,36,7.96
10000,32000,4.5,60,13.59
28775,1e+05,11.9,36,12.61
16800,64600,27.2,36,17.09
10000,150000,13.9,36,12.62
6000,25000,0,36,13.58
35000,39800,14,60,20
10000,73000,24.3,36,5.31
1500,63288,22.2,36,17.47
29000,84000,7.1,36,11.98
20000,63000,30,60,21.85
15000,116000,24,60,9.92
5000,60495,27.2,36,9.43
2500,28000,0,36,21.85
8000,65000,15.7,36,12.62
11600,106000,13.2,36,10.91
30000,145000,11.2,60,19.03
18000,53000,26.4,60,19.03
9000,105000,21,36,9.44
14000,115000,9.6,36,11.99
12000,38000,7.8,36,7.97
13000,1e+05,12.6,60,10.91
8000,79547,22.2,36,13.59
20000,87500,10.6,60,15.04
5000,50000,7.2,36,7.97
8000,40000,35.7,36,13.58
16000,54625,24.7,36,5.31
35000,83000,30.1,60,19.03
15000,64000,20.8,36,11.99
20000,87500,14.3,60,9.93
11000,95000,17,36,5.32
10000,18000,22.4,60,15.04
36000,127000,21.3,36,10.42
8000,24525,8.8,36,12.61
40000,75000,0.4,36,7.35
9600,63000,9.7,36,23.87
5000,60000,1.7,36,16.02
13000,44000,9.7,36,6.72
7200,50000,1.7,36,10.42
12800,50000,35.8,36,21.45
20000,65000,18.4,60,16.02
17000,71240,30.2,36,7.96
6025,22244,20.4,36,12.61
32000,75000,27.2,60,9.43
10000,32000,31.3,36,14.07
6200,39000,2.1,36,13.59
30000,73000,22.8,60,17.47
2200,74000,21.9,36,12.61
10000,7800,32,36,16.02
30000,67000,33.7,60,18.45
10000,40000,13.7,36,10.91
27000,145000,24.8,60,7.97
20000,90000,22.2,36,15.04
12000,80000,20.3,60,21.45
5000,30000,37.4,36,16.01
6000,98000,17.8,36,11.98
15000,43000,25.7,36,13.59
3500,70000,11.8,36,6.71
7325,42000,19.3,36,10.91
12000,35000,9.9,36,7.96
12000,36000,32,36,10.42
5000,50000,8.9,36,7.35
5000,50000,37.3,36,16.02
18000,67000,19.2,36,16.01
3000,23000,5.6,36,13.58
5000,28000,8.7,36,10.42
40000,62000,27.4,60,14.07
3500,69000,23.9,36,7.97
40000,80000,11.1,36,11.99
32000,55000,21.5,36,13.59
6000,110000,1,36,7.34
12000,70000,34.3,36,15.04
25000,160000,27.6,60,12.62
25000,75000,9.4,36,19.42
5500,70000,11,36,9.43
9000,59390,11.9,36,7.34
19800,35000,45.8,60,14.07
25000,169000,13.2,36,5.31
10000,40000,1.5,36,6.71
25000,60000,14.7,60,7.35
25000,67000,7.3,36,6.08
19000,130000,15.3,36,6.71
14400,69000,7,36,6.08
27000,90000,24.8,60,5.32
4800,31500,31.1,36,16.02
20400,43000,33.1,60,21.45
5000,20000,32.1,36,16.02
12000,54000,33,36,21.45
30000,120000,1.8,60,12.62
30000,91200,35.3,36,10.41
28000,75000,28.6,60,28.72
12800,50000,5,36,9.43
24000,21000,24.2,36,10.42
12000,75000,5.4,36,10.9
13000,57000,9,36,9.43
10000,33000,15.3,36,11.98
21600,75000,9.2,36,20
14000,92000,7.1,36,9.43
9600,30000,22.2,36,10.41
40000,64000,12.5,60,9.43
20000,28000,24.9,36,9.44
25000,120000,21.9,60,9.93
10000,25000,25.4,36,12.62
32000,82000,20.3,36,16.01
4500,56000,21.5,36,21.45
10000,1e+05,8.6,36,7.96
23000,50000,13.4,36,13.59
30800,106000,28.6,36,13.59
20000,75000,18.6,36,7.34
7000,35000,34.6,36,14.07
6000,43930,27.3,36,12.61
28000,175000,6.6,60,19.03
16000,56400,17.6,36,11.98
7325,40743,27.3,36,21.85
15000,30000,20.7,36,12.62
25000,2e+05,21.9,36,5.32
25825,36000,29,36,19.42
15600,28000,6.7,60,16.01
10000,139000,29.6,60,11.99
5000,15000,21.1,36,20
13000,120000,8.5,36,11.98
15000,73000,22.2,60,19.03
6000,65000,4,36,6.08
1500,82000,9.4,36,7.35
8000,50000,12.5,36,7.35
30000,120000,10.2,60,12.62
8500,65000,30.7,36,13.59
7500,54000,36.6,36,7.34
3500,195000,10.4,36,7.35
6500,34000,30.2,36,12.61
23200,101000,17.5,36,7.35
10000,30000,10.9,36,15.05
11200,95000,16.8,60,18.45
10000,29000,4.7,60,18.45
30000,94000,19.3,36,7.96
8400,34000,17,36,11.99
7750,80000,20.1,36,20
9100,35000,20.5,36,25.82
30000,85000,10.6,36,11.98
20675,64000,15.5,60,13.59
16000,45000,29.3,36,10.91
25000,120000,9.9,36,9.44
12000,58000,15.1,36,16.02
5000,62000,3.4,36,7.97
12000,1e+05,22.6,36,5.32
30000,78133,4.7,36,10.41
30000,95000,15.2,60,12.62
15000,120000,9.3,60,10.9
17325,130000,25.3,36,15.05
20000,1e+05,9.2,36,9.93
7000,56000,11,36,10.91
35000,105000,25.1,60,13.58
16500,51000,17.1,60,15.05
14800,72720,22.2,36,22.91
6000,70000,14.5,36,7.35
40000,124800,14.2,36,10.9
6000,60000,15.6,36,17.47
15000,70000,15.3,36,5.31
30000,120000,14.7,60,9.43
19000,117000,19.9,60,14.07
30000,57500,16.9,36,10.41
1000,40000,17.8,36,22.9
15000,50000,9,36,6.72
10000,23000,16.1,36,13.58
28000,64000,25.3,60,15.05
10000,50000,5,60,19.03
3000,41600,16.4,36,19.03
14000,96000,10,36,9.43
35000,130000,12.5,36,6.08
35000,94000,5.4,36,16.01
4000,43000,8.1,36,14.07
12800,67000,21.5,36,6.71
7200,90000,29.5,36,15.04
12000,50919,7.6,36,7.35
35000,103000,13.7,60,12.62
10000,56160,14.5,36,7.34
14900,50731,33.3,36,18.45
12600,68000,20.3,60,11.98
20000,50000,13.7,60,12.62
15000,36000,21.9,36,16.02
6000,27600,18.4,36,7.34
35000,62400,12.6,60,21.45
24000,185000,20.2,36,10.9
10000,70000,28.8,36,10.41
10000,33000,27.7,36,15.05
6600,81000,16.8,36,9.93
6500,32000,27,36,6.08
5000,52000,29.1,36,19.42
1500,55000,15.4,36,18.06
15000,40000,20.9,36,10.91
20000,35000,18.7,36,16.02
25000,120000,10.5,36,6.07
7200,25000,7.7,36,14.08
8300,28800,24.6,36,6.72
4000,130000,0.8,36,10.42
35000,87812,15.7,60,7.34
8000,29000,20.9,36,14.08
33000,96000,25.8,36,9.92
20000,80000,15.3,60,20.39
1800,20000,11,36,17.47
20000,60000,47.5,60,18.45
5000,65000,21.6,36,9.43
40000,160000,0.5,36,7.96
18000,1e+05,9,60,14.08
10000,44000,0,36,5.32
10000,53000,8.5,36,7.97
5000,55000,9.1,36,9.43
16000,28000,27.1,36,17.09
10000,105000,26.6,36,20.39
21800,115800,26.9,36,5.31
10000,30000,23.2,36,6.72
25000,180000,11.7,36,10.41
12800,40000,21.9,36,9.44
20050,81750,19,60,12.62
6500,39500,17,36,7.96
15000,75000,34.8,36,14.07
12000,65000,19.8,36,9.92
37200,96000,23.8,36,9.44
5000,60000,22.3,36,10.91
12000,35000,15.9,60,14.08
21000,90000,32.2,36,16.01
8500,54000,27.2,36,18.45
25000,1e+05,26.6,36,15.05
16000,101000,8.2,36,16.02
26525,74000,10.2,60,13.59
2000,17000,22.7,36,10.91
10000,84000,19.8,36,16.02
15000,68000,27.6,60,15.05
30000,95000,15.8,36,10.41
13000,80000,18.1,36,9.93
25000,82000,13.4,60,18.06
25000,172000,12.4,36,26.3
21000,70000,18,60,20.39
32000,50000,26.6,36,16.02
26600,75000,25.9,60,9.93
20000,71000,6.6,36,7.96
10000,17340,38.8,60,26.77
12000,79000,22.5,36,6.08
25000,55000,44.6,60,12.62
20000,80000,19,60,14.07
2400,96000,8.9,36,10.42
25000,86000,29.8,60,25.81
25000,51000,3.5,36,6.08
2000,42000,14.3,36,9.92
18000,65000,22.7,60,20.39
5000,69000,15.7,36,7.34
8400,30000,24,36,10.9
11000,103000,4,36,10.91
5000,54000,1.8,36,7.35
29100,50000,36.4,36,10.41
24000,160000,17.3,60,17.09
20000,94000,16.7,36,15.05
18500,53200,28.7,36,7.34
7000,30000,6.8,36,9.43
14000,50000,20.7,60,18.45
5000,35000,45.5,36,6.71
6400,70000,15,36,12.61
16000,75000,17.5,36,7.34
6000,42000,12.1,36,19.42
10000,30000,15.2,36,9.44
12000,71000,14.4,36,12.62
11500,54840,23,60,11.99
7500,40000,14.3,36,15.05
6000,40000,8.9,36,16.01
16000,26600,47.6,36,7.35
10000,59142,8.8,36,7.35
30000,108000,35.1,36,7.96
40000,82000,26.9,60,17.09
40000,65000,36.5,36,22.91
16000,48370,23,36,9.43
25000,82000,25.5,36,6.08
1500,65000,26.8,36,6.07
4000,35000,17,36,11.98
20000,80000,10.1,60,9.93
30000,44000,17.7,60,14.07
26000,80000,3.1,36,6.07
20000,150000,2.5,60,12.62
4000,94000,18.3,36,12.62
5000,25920,41.9,36,9.44
20000,70000,9.7,36,6.08
8000,36000,31.7,36,9.44
25000,1e+05,12.9,60,12.62
5000,55000,14.4,36,18.06
30000,140000,11.5,36,7.35
21000,87000,20.7,60,15.04
40000,50000,9.7,60,10.42
15000,40000,20.9,60,17.09
24000,1e+05,16.6,36,12.62
20000,56820,1.4,60,11.98
22000,126200,32.2,36,11.98
35000,160000,34,60,10.9
8000,36171,18.4,36,10.9
10000,60000,19.4,36,17.09
4600,37000,9.8,36,16.01
15000,50000,28.4,36,7.35
12000,120000,18.7,36,5.31
4000,45000,21.6,36,6.72
30000,40000,37.1,60,14.07
30000,155000,8.9,36,6.71
3500,72600,16.7,36,6.72
6050,26000,18.8,36,14.08
40000,118000,17.3,36,7.35
10000,67000,20.8,36,15.05
10500,16000,28.1,36,16.02
37000,82000,29.8,60,13.58
10000,40000,23.1,36,11.99
30925,110000,14.7,60,16.02
17500,84000,22.6,60,11.99
15000,45000,28.3,60,17.47
20000,65000,12.9,36,9.92
8000,54000,3.9,36,5.32
6300,40000,19,36,13.59
15000,97000,32.9,36,9.93
7000,80000,12.6,36,21.45
8000,13000,19.8,36,16.02
10000,85000,10.8,36,6.72
32000,83000,10.7,60,21.45
36000,160000,18.2,60,11.98
9600,65000,17,36,7.96
15000,50000,31.4,36,19.03
40000,80000,20.8,60,9.93
10500,28000,34.8,36,14.07
12000,60000,11.5,60,15.04
10200,98000,30.8,60,9.44
22000,70000,14.2,36,20
4500,50000,12.4,36,11.99
5600,30000,17.5,36,6.07
17000,70000,9.9,60,9.43
6000,55000,8.4,36,11.99
15000,55000,22.2,36,19.03
9500,63000,14.6,36,12.62
21000,42000,4.3,36,7.34
15000,40000,24.7,36,7.96
12000,48000,27.8,36,10.41
11200,50000,4.8,60,14.08
30000,165000,14.2,36,19.42
6600,60000,26.3,36,17.09
4000,43896,4,36,9.93
25000,91000,12.2,36,15.04
19000,35000,12.3,36,6.71
20000,49000,32.8,60,23.88
1200,52000,5.9,36,9.44
2100,110000,7.7,36,19.03
29000,148000,16.4,36,9.44
25000,75000,16.9,36,9.92
16000,60000,39.7,36,16.01
3000,10548,25.6,36,9.93
25000,80000,7,36,5.32
13500,34000,26.8,60,17.09
5400,37000,13.2,36,7.34
6000,65000,11.5,36,9.43
40000,175000,11.4,36,10.91
5000,20000,7.1,36,11.99
30000,60000,14.1,36,7.35
15000,30504,39.5,36,23.87
14400,64000,23.6,36,7.97
20000,78000,28.8,36,14.08
30000,70000,8.6,36,10.9
2500,37262,47.5,36,14.07
32000,79000,34.5,36,9.44
4000,38000,0.6,36,9.92
8400,42000,16.9,36,10.91
12000,50000,22.5,60,11.99
21000,50000,27.5,60,23.88
10000,99000,14,36,16.02
25000,155000,24.2,60,7.35
19000,43000,25.9,36,21.85
16000,53000,14,60,16.02
25200,94000,1.8,36,10.91
20000,90720,21.9,36,12.61
1300,21750,27.9,36,10.91
14000,72000,0.6,60,17.47
8400,44000,32.8,36,9.44
22000,81000,33.3,60,12.62
6400,95000,23,36,14.08
6000,54000,19.8,36,6.08
9000,80000,20,36,13.58
20000,71000,7.4,36,9.93
25200,90000,25.1,60,11.98
9900,39000,21.5,36,7.35
12000,120000,8,36,7.35
35000,101920,27,36,12.62
24000,65000,30.1,60,11.99
20000,65000,15.4,60,17.09
35000,167000,12.3,60,21.45
40000,120000,16.1,60,9.43
4800,78000,36.6,36,10.91
10000,57000,13.3,36,12.61
12000,35000,1.8,36,9.43
16000,87500,24.8,36,9.92
30000,52000,32.8,36,10.9
6000,75000,6.9,36,11.98
12800,75000,10,36,17.09
16000,30000,46.4,36,25.82
5000,13000,15.2,36,16.01
15000,55000,23,60,19.42
34800,23898,46.1,36,13.59
4500,84000,30.9,36,9.44
40000,34047,9.3,36,9.92
6025,63000,18.1,36,10.9
24000,63000,2.8,60,9.44
14000,47710,12.9,60,13.58
12000,90000,14.9,60,13.59
36000,70000,9.5,60,9.43
16000,54000,13.2,60,10.9
15000,66000,39.6,60,20
10000,33110,17.2,60,13.59
7500,62000,11.5,36,15.05
25600,60000,20.8,60,15.05
25025,39000,19.1,60,16.01
30000,76000,23.7,60,10.9
13000,45360,27,60,23.88
40000,180000,8.2,36,9.43
30000,160000,12.7,36,5.32
8500,59000,6.8,36,10.91
15000,65000,14.3,36,7.96
10000,48000,25.5,36,9.44
24000,72000,24.3,60,15.05
15000,165000,31.7,36,15.04
3200,50000,9.6,36,10.42
7000,116162,6.6,36,5.32
10000,25000,15.7,60,10.42
10000,65000,21.4,36,7.35
15000,80000,24.3,36,14.08
10000,36536,21.4,36,5.31
26100,171000,13.9,60,10.9
10000,39579,32.9,36,10.42
25000,86000,10.8,36,11.99
35000,125000,13,60,20
14000,115000,11,36,13.59
30000,72000,27.1,36,17.47
15000,55000,27.3,60,19.42
4000,95000,4.4,36,6.72
10000,54000,9.8,36,14.08
24000,78000,19.6,60,12.61
3600,20000,25,36,11.99
16000,67000,23,36,6.71
10000,70000,3.5,36,10.91
10000,69000,13.3,36,15.05
14500,37000,28.4,36,6.07
22400,110000,19.6,60,11.98
25000,110000,18.6,36,9.44
10000,146000,9.3,36,6.71
14000,70000,11.6,36,16.01
32000,140000,18.1,60,7.97
14300,54000,24,60,13.58
1400,124000,0.2,36,24.84
38000,51000,21.2,36,7.35
40000,1e+05,14.3,36,10.42
25000,60000,20.1,60,20.39
14800,42000,28.5,60,10.91
12000,106000,8.2,60,25.82
16000,77000,15.9,60,18.45
24000,115000,17.3,60,11.98
4500,70000,22.3,36,7.97
6000,64000,27,36,13.59
20000,42000,19.8,36,10.42
10600,90000,15.8,36,9.44
10000,78000,5.9,36,6.08
7000,52000,8.3,36,14.07
3000,54000,25.4,36,13.58
18000,82000,13.6,36,7.97
10000,40000,3.3,60,21.85
35000,150000,11.6,36,29.69
25000,130000,31.2,36,7.34
12000,89179,35.8,36,7.97
30000,138000,5.9,60,7.35
15000,2e+05,10,36,5.32
30000,110000,14.1,60,17.47
10000,70000,11.8,36,7.34
20000,95000,23.1,36,12.61
28200,2e+05,22.3,60,26.3
25000,120000,33.7,60,9.92
7000,32000,1.3,36,7.96
18000,32000,35.8,60,16.01
19500,70000,18.5,36,16.01
35000,64000,20.9,36,16.01
15000,61000,9.3,60,12.62
15000,33000,15.7,60,26.3
3000,82000,25.1,36,6.72
5000,82000,36.7,36,11.99
21600,25000,21.8,60,18.45
3000,54000,14.2,36,7.97
10000,26000,11.2,60,12.61
20000,56000,25.8,36,7.97
20000,1e+05,32.3,36,7.34
18000,58746,0.6,36,11.99
7500,59000,1,36,13.59
6500,58000,27.9,36,5.32
16000,133000,12,36,5.32
7000,44500,19.7,36,5.31
31275,36400,37.8,60,13.59
17800,140000,6.6,36,6.07
12000,94000,19.1,36,5.32
15000,23000,19.5,60,25.82
32000,68450,8.2,36,12.62
25000,66000,6.5,60,12.62
14000,25000,25.8,36,6.08
8500,120000,25.3,36,15.05
13000,26592,17.5,60,19.42
25000,65000,19.6,60,18.06
7000,58000,8.4,36,9.92
3000,165000,15.4,36,7.35
9600,35000,8.8,36,10.9
12000,60000,21.3,36,6.71
20000,36000,17.5,36,19.03
12000,25000,20,60,11.99
14500,42000,15.2,36,7.96
5000,62000,26.5,36,16.01
6025,43493,6.2,36,7.34
24000,70000,23.3,36,10.41
25000,80000,30.1,60,21.85
9600,62000,19.4,36,7.35
25500,143559,5,36,10.9
15000,55000,15.7,36,10.41
10000,48000,18,36,11.98
40000,72000,44.9,60,11.98
6500,23000,15.1,36,6.72
12000,145000,17.2,36,5.31
20000,84000,6.1,60,12.61
18000,44900,3,36,7.35
21000,90000,12.3,36,7.96
30000,150000,10.5,60,14.08
10000,30000,0,60,9.93
20000,55000,34.4,60,16.02
12000,52000,14,60,9.93
12000,45000,13.3,36,9.92
3500,29000,27.6,36,19.03
8000,40000,16.1,36,9.93
25000,80000,23.7,60,16.02
13500,46000,26.2,36,9.93
15000,40000,16.2,36,10.42
8400,90000,11.1,36,10.91
11000,80000,29.2,60,9.92
20000,66000,19.3,36,9.93
8400,80000,11.3,36,9.44
10000,35000,19,36,15.05
21000,60000,32.2,36,17.09
4000,70000,16.5,36,6.72
12000,110000,30.6,36,6.72
27025,79000,18.4,60,21.85
5000,65000,24,36,16.01
10000,22772,18.9,36,7.96
2400,26000,21,36,12.62
30000,112798,32.5,60,19.03
15000,88141,14.3,60,12.61
2400,76000,17.1,36,10.9
25475,51000,16.4,36,15.04
10000,56000,18.1,36,15.05
32000,85000,48.1,36,14.08
20000,28000,9.2,60,9.93
40000,1e+05,10.1,36,6.71
12000,50000,14.1,36,13.59
20000,80000,17.6,60,12.61
10000,38248,12.4,60,16.02
35000,150000,4.9,36,17.09
5600,50000,31.5,36,10.9
19175,55200,27.6,36,6.71
40000,87400,32,60,15.05
14000,55000,11.3,60,21.45
40000,185000,8.1,60,7.35
32000,93000,17.6,36,6.71
15000,41000,5,60,12.61
6000,48000,17.2,36,6.72
40000,71000,22.3,60,16.02
20000,80000,21,60,11.99
14000,80000,11.6,36,7.96
1500,34000,3.4,36,10.42
5600,55000,20.6,36,9.43
9500,29881,31.4,36,7.35
9600,60000,13,36,7.97
25000,165000,20.2,36,6.07
16000,31000,32.3,60,13.59
10000,43640,12.6,60,10.42
8000,102000,14.1,36,6.72
8000,65000,21.7,36,17.09
16000,37000,23.6,60,14.08
6000,1e+05,24.6,36,6.71
20000,78000,32.1,36,7.34
4300,85209,5.7,36,6.07
12000,155000,20.7,60,24.85
40000,175000,12,60,16.01
16000,55000,23.9,60,14.08
12000,75000,20.4,36,9.43
35000,2e+05,8.8,60,29.69
8275,72000,28.3,36,21.45
10000,55000,17.4,36,6.72
25000,165000,23.2,60,11.99
15000,70000,12,60,13.59
12000,142000,26,36,6.72
10000,62000,10.4,60,16.02
15000,52000,13.4,36,15.05
8000,75000,35.2,36,11.99
20575,62000,15.3,36,7.96
11000,87000,15.2,60,15.04
36000,105000,21.7,36,9.93
19300,145000,33,36,16.02
10000,50000,5.4,36,5.31
20000,90000,12.9,36,10.91
20000,45782,27,36,9.93
8000,150000,15.4,36,10.91
8900,24000,9.4,36,9.92
10000,140000,23.3,36,5.31
10000,40000,14.9,60,19.42
19200,79000,17.4,60,19.03
1600,28000,32.9,36,11.99
5000,90000,8.8,36,9.92
4000,50000,7.5,36,16.02
25000,42000,21.9,36,11.99
16000,70000,22.8,60,21.85
10000,86000,14.3,36,20.39
1800,37500,24.5,36,10.41
15000,65000,16.1,36,10.91
35000,50000,4.6,60,20
18000,65000,25,36,10.91
10000,1e+05,15.7,60,14.08
2500,72000,16.7,36,10.42
30000,75312,6.9,36,5.31
40000,170000,18.1,36,23.87
3150,60100,20.5,36,7.97
7650,35000,14.1,36,9.44
12000,60000,31.7,60,15.05
31500,182000,15.4,60,18.45
6600,50000,26,36,10.91
20000,60000,14.5,36,6.07
8000,47800,34.2,36,9.93
16000,110000,7.8,60,10.9
12000,42656,11.6,36,16.01
10000,30000,26.2,60,13.59
18000,78000,15.5,36,6.71
15000,42000,28,36,9.93
1800,77000,15.4,36,12.62
4500,13728,14.2,36,9.43
12000,65000,21.2,36,9.93
11000,55000,19.7,36,12.61
20000,51600,19.9,36,11.98
2100,45000,0.7,36,7.34
27200,80400,6.7,36,9.43
35000,156000,20.2,36,16.02
5600,45000,39,36,13.59
15000,40000,28.2,36,16.02
30000,95000,17.7,36,10.42
10000,109000,19.4,36,6.07
14400,37000,13.2,36,15.04
15000,107000,11,60,12.62
5000,33477,35.7,36,13.58
12000,65000,20.3,60,10.41
12000,91000,12.7,36,10.9
2500,12696,2.4,36,11.99
30000,40000,3.3,60,21.45
24000,135000,21.8,60,11.99
7500,73000,25.4,36,12.62
6025,70000,12.6,36,10.41
6000,25500,10.2,36,10.91
6000,30000,26.2,36,12.62
8000,40000,24.7,36,9.93
4700,40000,11.4,36,19.03
36000,120000,16.8,36,6.72
3100,69996,11.3,36,7.35
20000,78000,15.1,36,6.72
20000,85000,13.4,36,5.31
12000,74000,28.2,36,10.42
10000,50000,3.5,36,9.44
24000,152000,9.7,60,20
8000,82500,26.6,36,7.35
5600,50000,19.6,36,5.31
15000,33250,24.7,36,6.71
13000,65000,14,36,13.59
16000,68000,21.4,60,11.98
24000,145000,22.3,60,13.59
15000,74000,29.4,36,17.47
40000,160000,13.3,36,6.71
1500,83820,19.4,36,9.43
6000,58000,18,36,14.08
6500,68000,19.6,36,6.07
35000,160000,6.6,60,17.47
5000,55000,31,36,6.72
16300,195000,6.7,36,12.62
35000,168000,11.3,60,9.93
20000,26000,3.5,36,16.01
9600,58800,16.7,36,9.93
4000,65918,16.5,36,15.04
10000,70000,14.1,36,6.72
35000,125000,23,36,11.99
40000,113213,13,60,9.93
4000,50000,11,36,13.58
7925,190000,28.5,36,11.99
8000,76800,5.2,36,18.45
9000,75000,23,36,6.72
12000,60000,26.3,36,16.02
6000,166000,9.8,36,5.31
11000,60000,20.1,36,7.34
3600,80000,13.5,36,6.72
25000,66150,35.1,36,15.05
12000,160000,9.3,60,25.82
10000,13200,34.6,60,26.3
15000,31000,19.5,36,7.35
24000,125000,21.2,36,5.32
18000,74000,21.3,36,13.59
40000,100500,20.7,60,7.96
12000,57000,16.5,36,16.01
10000,38000,34.6,36,14.08
18000,85000,16.2,60,11.99
30000,82416,19.1,36,15.05
12000,82000,14.2,36,9.93
32000,160000,21.9,36,9.93
40000,130000,4.9,60,12.61
3000,38000,15.1,36,15.05
6000,80000,5.8,36,11.99
15000,162000,22.7,36,11.98
15000,73000,5.5,36,17.47
10300,12816,16.3,36,20
30000,62000,29.9,60,13.59
21925,152000,16,36,10.91
40000,140000,9,36,10.91
10000,77000,20,36,7.35
10000,45000,4.6,60,13.58
8000,50000,31.3,36,19.03
18000,68000,29,36,6.71
21000,75000,12,60,9.93
18000,70000,21.8,36,14.07
10000,70000,21.4,36,17.09
15000,51000,19.3,36,10.91
22400,25000,23.2,36,17.09
20000,120000,14.2,36,6.08
5000,58000,3.7,36,10.91
10000,80000,9.8,60,24.85
5000,35000,15.5,36,15.05
3000,68000,32.5,36,6.08
12000,160000,6.7,60,12.61
20800,46000,7.8,36,6.72
10000,50000,25.7,36,9.44
20000,70000,22.4,36,6.71
37000,95000,18.5,60,10.42
6000,144000,5.6,36,6.72
10000,30000,29.5,36,9.93
18000,110000,18,60,9.44
10000,1e+05,19.3,36,13.59
25000,50000,18.1,60,12.61
5000,35000,1.7,36,21.45
6000,80000,5.8,36,9.43
8400,25000,0,36,6.71
23000,85000,7.9,60,9.92
3025,64655,14.2,36,19.42
25000,75000,15.6,36,14.08
25000,32000,19.4,60,20
5000,60000,11,36,9.93
20000,1e+05,16.5,36,7.35
35000,103000,17.4,36,18.06
15000,56000,17.6,60,14.08
6000,52000,28.2,36,13.59
40000,140000,15,36,5.31
10000,24000,17.6,36,10.41
40000,116365,12.6,60,9.44
18000,45000,17.9,60,13.58
6500,16848,29.7,36,23.88
6000,25000,8.7,36,13.59
12000,56912,17.4,36,6.71
13000,135000,4.2,60,12.62
10000,54000,20.5,36,9.44
35000,115000,22.8,36,15.05
8000,60000,5.6,36,9.93
20000,42780,21.6,60,18.06
30000,110000,17.8,36,16.01
5000,39000,5.2,36,11.99
5000,49000,11.7,36,9.43
21000,63000,13.1,36,11.99
2500,35000,1.3,36,5.32
25000,80000,12.8,60,12.62
3600,75000,25.8,36,15.05
10000,70000,13.6,36,15.05
6500,60000,8.3,36,10.42
10000,75000,3.1,36,6.72
8000,42000,2,36,7.35
3500,55000,3.9,36,20.39
32000,60000,29.4,36,6.08
30000,84000,15.2,36,9.93
16000,122000,6.4,36,11.98
8400,27000,17.6,36,20.39
6000,51000,22.5,36,13.58
10000,22114,11.1,36,5.31
10000,53000,19.9,36,16.02
16000,55000,11.5,60,18.06
22000,69000,22.4,60,19.03
10000,50000,31.4,60,16.02
10000,75341,8.4,36,9.93
35000,117000,10,60,13.59
23000,27000,33.2,60,15.05
7200,65000,18.8,36,23.87
14000,88932,17.4,60,9.93
19525,67000,30.5,60,20
7800,50000,6.5,36,5.32
28600,36000,21,60,26.77
2500,18000,19.3,36,7.34
30000,76000,9.5,36,15.05
10400,50000,14.1,36,10.9
7000,58000,24.8,36,9.93
7000,121000,29.6,36,7.35
8000,87500,20.9,36,13.58
7200,46000,9.9,36,14.07
40000,64000,3,60,11.99
34000,70480,37.1,60,12.61
12000,41000,28.6,36,11.98
4625,13920,28.8,36,9.92
10000,57500,11.2,36,10.91
14000,45000,24.2,60,14.07
1800,55000,18.1,36,7.35
5000,65000,16.9,36,9.92
1500,41000,18.4,36,13.58
22000,75000,10.2,36,6.71
1625,55000,8.8,36,7.34
8000,150000,3.1,36,5.32
5000,25000,31.4,36,18.45
40000,80000,47.3,60,19.42
30000,83800,13.9,60,10.42
15000,102500,3.5,36,6.71
20000,106000,10,36,6.08
13000,110000,19.3,36,9.92
8000,55000,32.6,36,25.82
15000,14500,8.4,60,24.84
12700,73500,13.4,36,9.93
36000,95000,1.1,36,7.97
40000,33999,1.4,60,9.44
15500,85000,20.3,60,17.47
25000,85000,11.1,36,7.34
32000,185000,35.7,36,13.59
12000,46500,41.7,60,19.03
23400,57000,15.5,36,14.08
6000,62000,26.8,36,12.62
3000,70000,15.1,36,14.08
21000,75000,19.3,36,16.02
28000,163000,6.5,36,7.35
12000,46000,28.2,36,6.72
13800,62500,30.4,60,24.85
9000,30000,24.1,36,10.91
4000,63000,10,36,18.45
18000,62000,24,36,14.08
10000,75000,19.3,36,11.99
32000,65000,27,60,12.62
36000,60000,11.8,60,14.07
10000,65000,13.4,36,7.35
20000,50000,35.8,36,7.97
12000,50000,12.6,36,5.31
35000,134666,18.2,60,19.03
25000,115000,18.1,60,14.08
10000,30000,5.5,36,16.02
25000,70000,48.2,36,13.59
10000,187000,34.9,36,11.98
13000,1e+05,7.5,36,10.41
13000,85000,28.7,36,13.58
15000,67400,13.8,60,9.92
8550,120000,30.8,36,15.05
20000,65000,6.2,60,11.99
30000,92000,5.9,60,28.72
25000,80000,20.5,36,11.99
12500,92000,18.8,60,24.85
12000,71400,2.3,36,7.35
3200,18000,12.1,36,15.05
15100,30000,45.8,60,12.62
15000,70000,14.5,60,9.44
32200,38000,46,60,14.07
7000,65000,6.4,36,9.43
18000,82000,26.4,36,17.47
12000,103170,1,36,5.31
10000,75000,1.4,36,12.62
2500,54000,26.7,36,7.35
28000,80000,20.3,36,15.04
7000,40000,20.2,36,11.98
4200,65000,29.5,36,14.07
20000,196000,11.2,36,5.32
14400,114000,30.6,36,10.91
4800,87000,13.6,36,12.62
2500,42000,17.4,36,7.35
27000,142000,15.5,60,13.59
11200,40000,31.3,36,10.91
10000,42000,38.5,60,10.42
30000,1e+05,16.7,60,15.05
40000,170000,15.5,60,10.42
5500,81000,11.1,36,10.91
22000,70000,24.8,36,5.32
10050,94000,0,60,13.58
11000,37440,10.3,36,10.9
6000,89000,6.9,36,9.44
24000,80000,35.2,60,10.91
25000,82000,8.1,36,10.41
12500,78000,26.8,60,7.97
4000,48000,21.4,36,20.39
14000,102000,28.7,36,10.9
35000,101200,17.6,36,7.97
20000,185220,12.8,36,5.31
10000,57000,4.2,36,15.05
18000,36000,23.7,60,13.59
15000,68000,24.5,36,17.47
9600,14400,8.8,36,9.92
6000,131000,12.6,36,15.05
20000,115000,15.5,36,7.35
27000,117000,10,36,9.93
4800,62400,6,36,13.59
4200,185000,13.5,36,19.03
7200,30000,5,36,20
1000,40000,6,36,9.93
5600,62400,25.7,36,6.08
10000,92000,7.5,36,7.96
24000,72000,19.4,60,9.44
15000,50000,13,60,28.72
25000,65000,14.7,60,26.3
5000,70000,7,36,13.59
5000,90000,7.2,36,6.72
11000,55000,7.2,60,11.99
10000,75000,18.1,36,19.42
35000,65000,9.4,36,11.99
12000,30000,21.2,60,25.82
13000,89000,13,60,15.04
10000,88000,25.3,60,28.72
40000,65000,4,60,16.01
15000,75000,11.2,60,12.62
20000,55000,25.1,36,17.09
7200,59000,13.2,36,6.08
25000,180000,16.6,60,7.34
17000,84500,22.6,36,6.72
22325,1e+05,35.3,36,19.03
30000,36000,9.9,60,11.99
14400,45000,22.1,60,9.92
20000,55000,25.5,60,20
12000,55000,16.6,36,10.9
14400,40000,5.7,36,6.72
20000,135000,3.5,36,12.62
10000,36000,29.2,36,6.07
35000,94000,25.3,36,14.07
8000,63360,38.6,36,18.06
7200,60000,22,36,10.42
20000,144000,8,60,12.61
5000,1e+05,13.8,36,7.97
40000,120000,8.7,60,11.99
14000,34521,16.4,36,19.03
30000,60000,19.2,60,26.3
17000,82000,21.6,60,9.93
35000,74644,19,60,21.85
10000,20000,17.2,36,12.61
30000,78000,26.1,36,14.08
6400,24000,3.8,36,6.07
28000,76000,11.3,36,12.61
7225,25000,11,36,10.91
21100,160000,14.9,36,13.58
6175,75000,21.9,36,10.9
6000,55000,18.8,36,12.61
35000,1e+05,19.7,36,7.34
5000,67000,19.1,36,7.34
10000,85000,15.4,36,6.72
6500,102000,7.9,36,6.07
12000,130000,10.8,36,5.32
13500,39000,22.2,60,9.43
15000,38000,24.6,36,15.04
14000,80000,19.9,36,10.91
11200,60000,25.5,36,10.41
12000,56000,35,36,7.96
7225,32000,13.8,36,10.9
6500,123000,14.6,36,10.42
11200,120000,24.7,60,26.77
35000,110000,18.9,60,17.09
4000,45000,12.7,36,17.47
10000,21600,25.5,36,15.05
40000,93006,9.1,36,14.07
12000,35000,19.6,36,11.98
6000,60000,5.3,36,11.98
13000,60000,14.3,60,16.02
14400,55000,18.7,60,10.9
7000,46680,4.1,36,6.72
10000,40000,7.8,60,16.02
20000,40000,16.8,36,10.41
2000,45000,28.5,36,13.59
8425,30000,31.8,36,15.05
7000,73000,23.6,36,11.99
25000,104000,2.7,60,9.92
10000,60000,8.7,36,7.97
15000,60000,15.8,36,11.99
15000,95000,28,36,7.34
4200,48750,5.3,36,19.42
18000,60825,21.4,60,12.62
6000,61000,33.3,36,7.96
27000,127563,9,60,11.99
12000,35000,14.7,36,10.42
10000,35000,25.4,36,19.42
30000,50615,14.6,60,11.98
7000,53000,26.5,36,6.07
15000,75000,26.3,36,6.72
15000,135000,9,60,7.35
30850,83000,24.7,36,13.59
15000,50000,22.2,36,15.05
40000,145000,9.4,36,5.31
6000,90000,15.6,36,9.43
2600,31500,19.1,36,9.43
10000,27000,9.4,36,9.44
3600,79000,19.3,36,20
3000,35000,14.6,36,11.98
10000,72000,26.4,60,20.39
4000,15000,19.4,36,9.93
10000,85500,19,36,12.61
3600,63000,5.6,36,7.97
20500,95000,19.9,36,9.44
35000,115000,14.9,60,14.07
6000,92400,14.5,36,10.41
13000,60000,20.8,60,13.59
25000,73000,16.1,60,14.07
3500,42000,19.4,36,7.97
25000,50000,31.1,60,19.42
30000,83000,20.3,36,9.44
13000,55000,12.5,60,11.98
25000,128000,29.6,36,7.96
5000,72000,37.8,36,15.04
4800,75000,9.6,36,9.92
3000,104000,15.5,36,12.62
15000,156000,35.2,36,18.45
20000,95000,6.7,36,9.43
15000,35000,14.6,60,21.85
14500,135000,8.8,36,7.97
12000,15200,9,36,18.06
20000,78000,25.5,36,14.08
30000,1e+05,7.4,60,18.06
10000,73364,26.2,36,17.09
6000,30000,28.8,36,9.93
12000,35000,23.9,36,11.99
16000,175000,16,60,13.58
15000,85000,11.9,60,10.9
15000,45000,22.4,36,7.97
9000,24000,2.9,36,7.35
1000,35000,21,36,10.91
25000,45000,19,36,13.59
40000,98000,10.7,36,7.34
12500,81000,3.2,36,6.72
20000,42000,3.6,60,10.91
16500,90000,14.7,60,16.02
40000,106500,11,36,10.91
1500,47028,17.6,36,6.72
10000,114000,13,60,16.01
5000,31600,12,36,10.42
16000,75000,15.1,60,9.93
35000,72000,21.2,36,14.08
10000,44775,21.7,36,12.61
10000,60000,12.3,36,14.08
20000,75000,26.3,36,10.91
10000,120000,16.2,36,14.08
10800,43000,10.5,60,24.85
21600,72000,1.4,60,7.34
15000,100800,9.9,60,12.61
30000,90000,26,36,9.93
10000,75000,23.2,36,13.59
6000,33000,4.9,36,10.41
13000,46328,36.4,36,19.03
22000,77000,18.5,60,9.44
15000,62000,19.2,36,10.9
20000,68000,27.1,36,9.92
24000,36000,1.2,60,10.9
35000,140000,14.2,36,13.59
6000,42000,20.1,36,9.92
14000,73460,32.1,36,11.99
20000,125000,28.6,36,7.34
16000,70000,23,36,21.45
4800,26000,1.2,36,9.93
15000,150000,23.2,60,9.44
20000,130000,6.8,60,18.06
8000,98000,21.3,36,10.9
18125,18000,8.5,36,13.59
8000,65000,24.9,36,6.71
30000,68000,13.8,60,24.85
19500,154000,4.4,36,6.71
10000,64992,11.7,36,5.31
21000,56000,1.6,36,6.71
9000,42000,23.3,36,11.98
10000,63235,10.3,36,6.71
15000,42000,36.1,36,14.08
13000,120000,16.3,60,12.62
35000,67000,27,36,23.87
10000,22000,10.1,36,6.71
20000,96000,6.7,60,16.02
20000,95000,22.7,60,9.93
16000,43000,0.7,36,7.96
3500,50000,32.7,36,10.42
4800,55000,13.7,36,17.09
7000,98000,17.4,36,5.32
14700,55000,16,36,10.9
3600,50000,19.6,36,7.35
8000,196000,14.6,36,5.31
5000,31000,31.2,36,19.42
1500,41000,24.7,36,17.47
11000,68000,10.7,36,7.96
8500,54500,19.6,36,15.04
7500,23040,9.9,36,12.62
8000,35000,23.1,36,10.42
12000,48000,13.3,36,7.97
18000,78000,28.4,36,10.91
4000,49000,24,36,20.39
40000,80000,11,36,5.32
6000,104000,10.5,36,10.91
10000,54000,34.1,36,12.62
30000,44000,21.2,36,21.45
4000,72000,2.3,36,14.08
5500,44268,23.8,36,6.72
16000,40000,15.2,60,16.01
3800,68000,11.6,36,7.96
2500,33000,20.6,36,7.97
11000,45000,17,36,18.45
11875,80000,16.8,36,9.93
18000,80000,28.9,60,9.93
5000,68000,33.4,36,10.42
25000,112500,11.2,36,5.31
20000,160000,23.4,36,12.62
9000,80000,13.3,36,18.45
6000,45000,27.4,36,14.07
10000,30000,7.3,36,15.05
30000,96000,16,60,17.09
6000,90000,24.2,36,7.97
4200,25000,8.8,36,10.42
4000,45000,8.8,36,9.93
10000,42000,19.6,36,5.31
16000,125000,4.4,36,6.07
5000,30000,9.6,36,11.99
18000,65000,17.7,36,7.35
40000,155000,8.6,36,5.31
12000,45000,4.1,36,9.92
10000,29000,9.3,60,25.81
14400,69000,24.1,36,5.31
30000,95000,9,60,20
11850,34000,19.8,60,9.43
4800,65000,16.3,36,9.44
10000,22800,13.3,36,12.61
12000,65000,12,60,15.05
40000,80000,12,36,6.08
6000,41000,23.5,36,9.93
35000,99000,10.5,36,6.08
15000,54000,7.8,36,6.08
14000,85000,33.9,36,13.59
3000,28800,19.2,36,17.09
13000,55000,15.8,60,9.93
10000,50000,12.4,60,18.06
25000,75000,30.8,60,9.44
35000,144000,17.5,36,12.61
9600,31000,34.4,36,9.93
12000,85000,11.2,36,15.04
20000,42000,21.9,36,13.58
10000,38000,4,36,17.47
4000,65000,36.4,36,13.59
24000,62000,19.2,60,19.42
9100,65000,4.9,36,5.32
12000,12300,45.4,36,7.34
12500,33500,18.1,36,6.07
30000,76500,13.1,60,10.9
30000,88000,30.1,60,26.77
10000,108000,12.9,60,9.93
12000,65000,15.8,36,6.72
15000,38400,26.6,36,10.91
12000,75000,12.8,36,7.96
35000,150000,12.7,36,10.91
13000,50000,5.2,36,18.06
8000,33000,10.3,36,16.02
8000,37000,15.7,36,9.44
26000,63000,29.4,36,19.03
21000,55000,15.4,36,6.71
18400,45198,44.4,60,19.03
4550,68748,11.4,36,10.91
25000,48000,33.9,60,19.03
20000,72000,1.6,60,11.99
4000,37000,17.3,36,10.91
24000,75000,2,60,9.92
24000,135000,0,60,9.92
10000,70000,5.8,36,14.07
21000,90000,36.2,60,10.42
12000,53500,26.6,60,11.99
3000,48000,5,36,12.62
15000,180000,12.2,36,6.08
15000,90000,8.8,36,5.32
16000,75000,18,60,11.99
30000,74000,18.8,36,10.9
16000,43000,11.4,60,10.42
25000,58000,13,36,6.71
25000,120000,19.5,60,15.05
25000,133000,12.8,60,12.61
12000,30000,40.8,36,10.91
7500,30000,19.3,36,14.07
8900,68000,14.5,36,7.35
28800,160000,6,36,10.91
14500,60600,49.7,60,26.77
10000,85000,17.6,36,6.71
30000,125000,17.2,36,10.41
39825,2e+05,19.1,36,7.96
16000,65000,10.1,36,10.91
12000,125000,24.6,60,19.03
8500,60000,25.1,36,6.07
12000,30000,18.9,60,14.08
11000,67000,20.7,36,16.01
18000,145000,13.5,36,10.91
2000,26000,21.6,36,11.99
5000,61000,12.3,36,6.08
35000,20000,45.8,36,20.39
13000,40000,14.3,60,11.99
24000,46128,34,60,26.77
17000,104500,12.4,60,11.99
35000,85000,25.8,60,18.45
10000,96500,2.4,36,21.45
37800,132000,1.2,60,9.43
5500,52000,2.7,36,10.41
15000,108000,16.3,36,12.61
30000,110000,13.7,60,12.62
10000,57000,9.9,36,13.58
24000,90000,12.5,60,9.43
30000,85000,18.6,36,19.03
24000,87400,13.6,36,10.91
10000,83000,16,36,9.44
11200,50000,25.4,36,18.06
4000,36000,4.3,36,7.34
29000,45000,13.6,60,17.47
32000,34000,33.9,60,12.62
7500,25000,22.5,36,9.92
30000,155000,22.5,60,7.97
30000,70000,26.6,60,14.08
15000,34000,31,60,19.03
25000,175000,6.4,60,11.99
13500,92000,31.6,36,10.41
20000,56000,24.7,36,14.08
1500,44393,18.4,36,21.45
10000,16000,41.3,36,14.08
3000,33000,16.2,36,13.59
15000,45000,24.3,36,6.72
19000,87000,20,36,6.72
18000,71000,16.7,36,5.32
30000,120000,13.4,36,12.62
12000,44000,4.3,60,14.08
15000,49500,9.5,60,21.45
2000,14400,31.3,36,16.02
25000,96000,18.7,36,21.85
10000,25000,19.4,36,11.99
30000,48712,4.5,60,28.72
28000,140000,25.8,60,9.44
15000,38666,34.6,60,18.06
1600,40000,47.1,36,21.45
19200,46000,35.6,60,11.98
21275,41641,31.9,36,19.03
15000,42000,20.9,36,10.91
8400,65000,1.8,36,6.72
15000,110000,11.2,60,7.34
5200,40000,26.6,36,6.08
7000,130000,20.1,36,6.72
20000,68000,13.7,60,10.91
40000,77000,37.6,36,14.08
10300,75000,15,60,11.99
5000,28560,10.7,36,14.07
14000,20000,32,36,13.59
18000,55000,11.9,60,12.62
4000,70000,12.3,36,14.07
16000,40000,34.9,36,7.35
8000,29500,28,36,14.08
10000,47700,7.7,36,10.9
12000,38550,23.4,60,16.01
12000,25000,40,60,12.62
30000,110000,28.3,60,26.77
12000,81000,22.1,60,17.09
14400,65500,31.7,36,13.59
36350,71000,17.4,60,12.61
15000,90000,19.9,36,6.08
21000,36000,34,36,26.3
10000,60000,12.4,60,12.62
27000,1e+05,14,36,7.96
4000,34385,23,36,14.08
12000,44865,11.2,60,15.04
30000,144000,39.9,60,25.82
16000,170000,16.1,60,9.93
18000,40000,18.1,60,13.58
3000,21000,8.1,36,16.01
12000,61000,28,36,13.59
4200,30000,37.4,36,13.58
25000,75000,8.9,36,5.32
8800,30000,23,36,10.9
6000,48000,22.8,36,9.93
11500,140000,7.9,36,6.72
37000,70000,0,60,12.61
16000,66300,29,36,12.62
18000,65000,23.1,36,9.43
7000,100100,30,36,6.07
18000,1e+05,23.7,36,9.93
6000,32000,18.2,36,16.02
35000,140000,9.7,36,13.58
5000,48000,7.1,36,7.35
40000,113500,1,36,7.35
23500,47500,42.3,60,13.59
2200,91000,4.5,36,11.99
40000,91000,22.3,36,5.32
40000,59000,41.9,36,6.07
3000,25200,6.9,36,11.98
40000,175000,22.8,36,11.98
20000,120000,25.2,36,11.99
12000,36000,3.3,36,11.99
10000,90000,25.2,36,7.97
16000,61000,5.9,60,16.02
35000,88000,11.3,36,16.01
28000,75000,30.7,36,17.09
35000,150000,7.8,36,13.59
5000,34560,6,36,10.91
1000,79800,2,36,17.09
35000,2e+05,14.4,36,9.43
15000,40000,14,60,14.07
20000,60000,25.7,60,9.93
7000,70000,12.4,36,16.01
15000,104000,18.2,36,5.32
2000,30000,35.6,36,12.62
11000,65000,15.2,36,9.44
12000,32000,8.7,60,15.04
32000,85000,2.1,60,16.02
30000,1e+05,11.5,60,17.47
25000,99000,24.3,36,6.08
24500,71000,17.7,60,9.93
20000,120000,33.2,36,14.08
9600,60000,12.8,36,11.99
10625,53000,29,36,5.31
40000,106686,20,60,16.01
24000,70400,22.1,60,13.58
30000,1e+05,28.2,60,14.07
21000,120000,23.3,36,7.35
18000,40000,16.3,60,10.42
12000,75000,6.3,60,10.42
40000,107000,9.8,60,7.35
6000,59000,18.3,36,11.99
20000,85000,10.3,36,7.34
24000,50000,22.1,60,9.93
35000,65000,44.7,60,13.58
2500,60000,23.6,36,7.35
10000,45000,31.4,60,14.07
30000,85000,27.1,36,11.99
12500,110000,12.3,36,9.44
20000,65000,28.3,60,14.08
11500,32000,39.8,60,19.03
25000,36000,12.2,60,14.07
13150,60000,12,36,6.72
4000,80000,4.6,36,5.31
40000,129000,17.2,60,9.44
9000,62000,20.8,36,6.08
20000,75000,20,60,18.45
4200,55000,22.7,36,10.9
20000,72949,6,60,14.08
24000,82500,27,60,15.05
24000,88000,12.2,36,7.35
40000,75000,28.8,36,5.31
20000,65000,20.7,60,9.93
24000,65900,39.6,60,18.06
10000,34320,33.8,36,7.97
15000,112000,8.6,36,9.93
6300,59000,25.9,36,7.35
38000,85000,18.1,60,10.91
5300,33000,22.2,36,19.03
10000,104000,2.4,36,7.35
20000,92000,17.9,36,10.42
14000,50000,18.7,36,16.02
28000,98000,21.3,60,21.45
8000,50000,17.9,36,13.58
6700,46000,24.5,36,14.08
8000,80000,20.9,36,7.34
25000,64106,33,36,16.02
15000,70000,12,36,9.44
27200,103000,14.7,60,12.62
6600,53000,21.1,36,7.35
16600,101000,27.7,36,6.07
9000,18000,31.3,36,9.93
10000,36900,22.6,60,9.43
9000,35000,12.7,36,5.31
16000,40000,21.4,36,17.09
16000,75000,11.2,60,9.93
30000,80000,18.2,60,19.03
35000,105000,17.7,60,17.47
9000,78500,17.5,36,7.34
11000,68000,16.8,60,6.72
16000,105000,22.5,36,6.72
14000,50000,12.7,36,10.91
21000,68000,23.3,60,16.02
25000,73000,15.1,36,6.72
3000,60372,13.3,36,9.93
35000,60000,19.6,60,21.45
35000,157000,5.7,60,12.61
35000,165000,31.6,60,21.45
10000,140000,3.2,36,11.99
18000,44100,10.7,36,6.08
17000,90000,10.3,60,18.45
1200,105000,12.5,36,24.85
20000,53039,8.9,36,14.08
20000,40000,15,60,15.05
40000,190000,21.2,36,9.43
15600,79584,17.1,36,6.72
8000,61000,25.6,36,6.71
20000,30000,10.5,36,9.44
3000,54000,6.3,36,9.44
32000,57000,27.8,60,10.42
2200,120000,37.7,36,30.65
5000,43000,19.7,36,9.93
10000,55000,29,36,9.43
13000,50000,16.6,36,9.44
16000,1e+05,18.4,36,11.99
24000,150000,31.7,60,21.85
30000,65000,33.8,36,13.58
6600,32000,36,36,7.35
10500,84000,4.6,36,7.97
20000,112000,20.6,36,25.82
3800,54000,12.8,36,9.43
20000,44640,0,36,14.07
18000,42000,32,36,20
40000,1e+05,7.7,36,9.43
1200,48200,27.6,36,14.08
30000,166000,14.6,36,15.05
15000,90000,4.3,60,9.92
23525,132000,16.4,60,14.08
20000,42000,20.5,60,13.58
17000,70000,28.6,60,18.06
30000,58544,21.6,36,10.42
2800,50000,22.5,36,16.02
10000,45000,15.4,60,20
12000,39000,12.9,60,12.62
25000,57000,19.1,60,9.93
10000,65000,26,36,18.45
3600,43500,23.3,36,6.08
1675,48000,10.4,36,9.43
16000,28000,29.7,36,10.42
8500,90000,32.4,36,16.02
20000,35000,39.4,36,11.98
8000,70000,13,36,19.42
30000,140000,10.4,36,10.91
20000,27000,5.1,60,21.45
40000,110100,25.7,36,7.96
19950,52680,23.5,60,30.17
26250,44668,49.8,36,12.62
40000,90000,10.3,60,11.99
18000,1e+05,18.4,36,7.97
3000,25000,24.5,36,7.34
10000,59000,13,60,12.62
5000,70000,11.6,36,6.72
15000,60000,29.7,60,15.04
9600,50000,15.3,36,6.08
16000,80000,19.8,60,11.98
5000,125000,9.7,36,12.61
13850,190000,39.1,60,21.45
2000,27000,15.4,36,10.42
12000,26000,29.7,60,14.08
11200,72000,12,36,9.44
7200,61300,26.1,36,10.41
7500,29000,24.6,36,12.62
10000,71000,3.6,36,19.03
25000,65000,20.4,60,9.44
5000,32000,6,36,10.9
25000,65000,27.7,60,24.85
13200,48000,8.9,36,9.44
1600,80000,25.7,36,10.42
20000,70000,22.9,60,14.07
40000,155000,4.4,60,9.44
3200,60000,19.8,36,12.61
15000,115000,8.7,36,6.08
18000,98000,18.4,36,6.08
10000,50400,25.1,60,16.02
10000,105000,23,36,15.04
10000,101000,8.7,36,5.31
8400,30000,30.8,36,20
19000,49000,27.5,60,20.39
9000,67000,1.6,36,9.43
15000,80000,34,36,9.93
24450,55000,12.8,60,12.62
18000,70000,15.2,60,13.59
11000,70000,18.6,36,7.35
12000,48000,34.2,60,10.9
21000,152000,12.7,60,9.93
2000,15000,7.7,36,10.91
8000,62000,11.4,36,10.9
21000,60000,5.4,60,16.02
3000,28000,12.4,36,20
20000,150000,16.8,60,24.85
20000,38000,28.5,60,28.72
18000,140000,22.1,36,6.72
10000,36000,23.6,60,14.08
5000,71000,12.3,36,9.93
20000,105000,10,60,12.62
40000,75000,18.9,36,6.72
29000,98000,27.5,60,7.35
24000,45000,25.9,60,16.02
20000,106000,20.4,36,9.93
1500,32000,29.1,36,18.06
30000,70000,24.8,36,9.93
5000,65000,38.5,36,17.09
9550,71000,9.1,36,7.35
10000,54000,5.4,36,12.62
15000,32000,37.2,36,9.93
14400,42000,32.8,36,21.85
15000,84000,18.5,36,9.44
30000,78000,23,60,10.9
20000,71000,8.4,60,20
8000,50000,32.8,36,13.59
14400,50000,30.9,60,9.93
24000,85000,12.5,36,9.93
8500,45000,22.1,36,7.96
28000,110000,20.8,36,21.45
16000,70000,24.1,60,24.85
12000,60000,22.4,60,21.45
24000,60000,19.2,60,11.99
28000,104000,33.3,36,13.58
8000,63000,27,36,19.03
28000,120000,9.9,36,7.97
13000,90000,21.1,36,7.35
5575,37000,36.2,36,22.91
8000,150000,12.6,36,9.93
27000,1e+05,37.4,36,6.71
15000,84000,13.8,36,6.07
40000,55000,23.2,60,10.42
6000,46800,32.4,36,12.61
11000,49000,28,60,16.01
12000,160000,13,36,6.07
6500,84000,10.4,36,6.08
20000,90000,21.4,60,15.05
2500,32000,22.5,36,7.96
24000,56309,6.9,60,15.04
10000,90000,18.7,36,6.08
20000,46000,33.8,60,14.08
11000,115000,22.4,36,11.99
8000,25000,16.5,36,10.9
7800,90000,17.2,36,13.58
9000,45000,1.1,36,10.91
30000,80000,20.7,36,9.93
8000,25252,35.5,36,19.03
10000,51000,10.9,36,10.41
12000,50000,10.1,36,9.43
7000,18000,30.7,36,18.06
20000,150000,19.9,36,12.62
25000,115000,15.6,60,12.62
9000,104000,13.1,36,14.08
6000,63000,15.1,36,6.71
25600,40000,21.4,60,14.08
11000,35000,23,36,11.99
30000,94000,9.3,60,21.45
3500,135000,27.1,36,16.01
12000,30000,2,36,6.71
25000,40000,18.4,36,12.61
10000,57000,8.8,60,13.58
16000,72000,13.9,60,7.35
3000,1e+05,29,36,17.47
7200,15000,25.5,36,11.98
12000,62400,16.4,36,15.05
1000,12000,10.1,36,11.98
7200,42996,4.2,36,6.72
32000,180000,7.8,60,15.05
16000,60000,27.8,60,20.39
5000,70000,16.4,36,16.02
40000,49343,28.8,36,5.32
40000,135000,12.6,60,7.35
35000,50220,36.6,36,10.42
5000,77000,13.3,36,16.02
1800,50000,6.3,36,6.07
5000,16356,16.1,36,19.03
35000,137500,9.1,36,6.71
8000,42000,35.2,36,6.72
6025,1e+05,10.4,36,18.45
38375,106300,21.7,60,16.02
5000,50000,12.8,36,9.44
4000,29982,30.9,36,22.91
6500,50000,9.2,36,6.08
5000,75000,16.5,36,9.92
30000,120000,36.2,36,12.62
20800,1e+05,22,60,12.62
9000,66872,18.1,36,21.45
1500,75000,16,36,6.08
20000,40000,35,36,17.47
28000,125000,18.2,60,11.98
15000,55000,9.9,36,15.05
6000,56000,13,36,16.02
3600,49000,23.6,36,10.91
12000,41000,13.8,36,7.97
4000,44000,27.9,36,14.07
24000,80000,6.4,60,24.85
18000,80000,22.2,60,13.58
32000,54000,10.5,36,9.93
10000,43200,24.5,36,6.08
24000,80000,11.4,36,7.35
1925,20000,2.7,36,15.04
9000,57000,5.4,36,9.44
10000,31000,26.6,60,12.61
20000,70000,25.4,60,11.98
10000,45000,22.9,36,12.61
7300,53000,8,36,6.71
24000,58000,14.1,36,20.39
19000,120000,15.8,36,9.43
9600,20000,12.4,36,22.91
21000,35000,21.1,60,16.02
28000,123000,27.8,60,10.42
20000,106000,10.3,60,20.39
10000,70000,14.3,60,12.61
12000,51000,21.6,36,15.04
15000,80000,18.9,36,6.08
12000,63000,19,60,10.91
16000,82200,23.2,36,7.34
40000,49920,17.2,36,6.72
2000,18000,37.1,36,15.05
40000,112000,2.7,36,5.32
20000,70000,8.4,60,6.72
7500,50000,23.8,36,19.03
7000,51800,35.4,36,7.97
24000,77000,39.5,60,17.09
6000,85000,10.7,36,14.08
4800,58000,17.7,36,15.04
5000,48000,42.6,36,21.45
5600,50622,6,36,9.44
21000,47000,48.2,36,9.93
21275,31200,18,60,14.08
24000,75000,16.4,36,15.05
5000,43000,15.9,36,9.44
20000,1e+05,9.4,36,5.31
18000,159000,18.5,36,10.42
3500,103960,7.5,36,6.72
18000,67000,33.3,60,17.09
10000,70000,8.6,60,14.07
24000,30000,18.8,60,13.59
35000,107000,28.9,36,15.04
10000,38000,3.3,60,11.98
24000,70000,30.6,36,9.92
25000,50000,14.1,60,15.04
30000,105000,29.3,36,17.47
20800,75000,6.8,36,6.07
20000,75000,14.8,36,11.99
4000,37447,43.1,36,14.07
30000,103000,26.8,36,6.08
1200,30000,4.3,36,13.58
13600,42000,8,60,15.04
27000,80000,20.5,60,10.42
8000,73000,18,36,7.35
20000,87000,32.1,36,13.58
9600,45000,24.9,36,7.35
10000,65000,37.2,36,7.34
30000,120000,9.4,60,10.42
8000,65000,34.1,36,16.02
4000,56000,9.1,36,12.61
23100,140000,15,36,9.44
24000,85175,4.6,36,19.03
33100,50000,24.4,60,14.08
15000,40000,22.6,36,9.44
8000,59000,11.3,36,9.93
15000,70000,25.3,60,30.79
30000,110000,19.6,36,18.45
5000,50000,9.4,36,9.93
10000,75000,11.6,60,16.02
6500,55000,10.6,36,9.44
10000,58000,34.5,36,16.02
28000,80000,22.6,36,14.07
30000,88000,3.5,60,17.09
6000,70000,36,36,12.62
30000,54750,21.4,60,16.01
10000,64000,18.6,36,10.91
30000,86000,30,60,16.02
7000,50000,20,36,11.98
40000,48000,1.5,36,7.35
5000,38000,15,36,15.04
12000,75000,22.6,60,13.58
10000,59871,29.2,36,7.97
2000,40000,35.2,36,10.42
13000,1e+05,22,36,7.97
10000,95000,14,36,19.03
5000,20000,3.6,36,10.42
16000,89000,23.7,36,7.35
12000,26895,3,60,15.05
8500,110000,2.1,36,13.59
40000,2e+05,4.7,36,5.31
20000,64000,13.5,60,21.45
32000,80500,32.7,60,26.3
29825,130000,12.4,36,6.08
2500,47000,18.2,36,18.06
12000,130000,15.1,36,7.96
8000,31000,30.9,36,20
20000,50000,5,36,12.61
6000,37000,6.3,36,6.08
6000,61000,10.6,36,13.58
20000,32900,30.4,36,15.05
16000,92000,18.4,36,5.31
24000,120000,17.9,36,7.35
6000,116000,11.5,36,7.34
12000,92000,13.7,36,7.97
35000,167000,21.9,36,19.03
22000,67400,41.4,60,16.02
2000,31000,21.3,36,11.98
10000,50000,4.4,36,6.08
10000,75000,28.4,36,7.96
10000,54000,13.4,36,13.59
25000,115000,27.8,60,30.79
10000,45000,28.7,36,13.58
8000,79312,30.9,36,14.08
20000,155000,27.4,36,6.08
20000,126000,23.2,36,7.35
6000,23000,24.9,36,12.61
9000,65000,12.3,36,10.42
15000,66900,30.7,60,14.08
15000,72000,15.2,60,9.93
4000,50000,13.6,36,5.32
24000,137000,6.9,36,11.99
28000,78000,21.8,36,11.99
4000,30000,1,36,10.9
14000,21000,20.9,60,19.03
5000,62000,28.4,36,26.3
20000,160000,13.7,36,6.72
40000,95000,16,60,14.08
7000,60000,16.4,36,15.05
26475,93000,19.3,60,16.02
35000,120000,22.7,36,9.93
21000,58000,31.9,36,16.02
12000,65000,9,36,10.42
5000,28000,9,36,15.05
4850,111000,4.7,36,7.97
24000,70000,19.6,36,9.43
20000,57500,9,60,13.58
35000,133500,38.9,36,15.05
16000,40000,25.8,60,13.58
12000,143000,25.3,36,7.34
14000,32000,24.5,60,13.59
20000,45000,23.8,36,11.99
22000,35000,17.4,60,21.85
12000,72000,9.6,36,7.35
18125,58000,31.9,60,20
32000,80000,19.3,60,21.45
30000,155000,16.7,60,12.61
15000,50000,20,36,12.62
10000,38000,25.6,60,20.39
22000,110000,22.5,36,5.32
25000,81000,32.4,60,12.61
16000,128000,10,36,5.31
10000,197280,21.1,36,10.91
7200,35000,40.5,36,15.05
25000,142500,7.2,60,10.91
12000,34000,16.1,36,17.47
3600,60000,9.1,36,7.97
4800,55000,10.3,36,7.35
5600,30000,32.5,36,9.44
12000,23920,12.3,60,14.07
14000,72000,38.7,36,18.06
23000,45000,36.5,60,26.77
13000,80000,15.5,60,12.62
10000,80000,21.3,36,7.35
25000,51921,31.5,36,12.61
10000,140000,5.7,36,5.32
4200,45000,1.8,36,12.62
12000,1e+05,13.7,60,9.93
20000,60000,12.8,36,19.42
15000,42000,27.7,36,5.31
10200,47000,28.2,36,10.41
8000,32000,14.8,36,17.47
16000,92000,25.3,60,21.45
6000,85000,3.5,36,5.32
24200,130000,19.7,60,9.43
9600,84000,14.2,36,12.62
11200,60000,28,36,10.41
12000,59500,27.8,36,10.42
18000,175900,12.5,60,10.41
12000,115000,24.3,60,16.01
12800,50000,18.2,60,13.59
8000,45000,11.6,36,14.08
28000,45000,23,60,25.82
20000,98000,23.6,60,24.85
4500,50000,10.9,36,7.96
23025,17000,1.8,36,10.9
13000,86000,8.4,36,7.34
3500,38000,22.6,36,16.02
2500,20376,22.1,36,10.91
30000,95634,18.4,60,11.98
24000,88116,16.8,60,11.99
24000,60000,27.3,36,6.07
16000,35000,17.7,60,21.45
22000,90000,8.3,36,6.08
2000,45000,46.3,36,12.61
26000,65000,26.7,60,10.42
15000,142000,15,36,6.72
35000,65000,9.6,36,14.08
5000,140000,10.8,36,6.08
12000,50066,28.4,36,7.96
3500,50000,36.9,36,16.02
1600,38600,11.9,36,19.03
32000,71000,23.5,36,7.34
5000,126000,6.8,36,7.97
16000,21049,25.3,60,17.09
32000,42000,44.7,60,9.93
26000,65000,33.2,60,11.98
10000,52000,13.1,60,9.44
23000,95000,24.5,36,11.98
7000,30000,30.8,36,9.93
6500,50000,17.4,36,12.62
20000,168500,19.2,60,15.04
13300,170000,11.6,60,19.03
11525,21000,35.7,60,19.03
18000,38500,10.9,36,11.98
3000,60000,9.9,36,10.41
20000,85000,12.9,60,7.34
35000,122000,2.2,60,17.09
15000,115000,19.2,36,5.31
15000,110000,6.8,36,6.07
15000,50000,13.7,60,16.02
7000,41500,24.2,36,7.34
3000,180000,15.8,36,15.04
36000,110000,10.7,60,11.99
4000,34840,19.5,36,11.99
12000,63000,12.2,60,26.3
22000,105000,14.5,36,6.71
20000,80000,18.9,36,13.59
15000,45000,25.9,36,5.31
6000,48000,7.4,36,6.72
25000,60000,4.7,60,19.03
40000,94000,17.1,60,12.61
32000,140000,13.8,36,16.02
30000,120000,33,36,17.09
20000,33000,27.6,60,12.62
27000,135000,14.6,60,15.05
10000,45000,18.2,36,6.71
20000,85000,19.2,60,16.02
6000,12250,6.2,36,10.91
12000,1e+05,4.9,36,7.34
30000,72000,5.7,36,14.08
17500,75000,34.6,36,6.72
40000,46400,34.2,60,15.05
5000,43000,15.9,36,7.35
7000,35000,16.3,36,7.97
2000,52500,22.6,36,9.43
20000,123000,15.9,36,10.9
7000,22363,1.9,36,6.72
35000,69000,44.1,60,9.93
5000,60000,8.1,36,7.34
12800,140000,16.5,60,14.08
10000,66000,12.6,36,19.42
5000,21000,7.4,36,7.97
5000,42240,7.8,36,10.9
4500,62000,11.2,36,9.44
15000,75000,10.6,36,10.91
7500,65000,35.7,36,9.43
10000,33300,17.9,36,19.42
19000,35000,12.9,60,24.85
20000,140000,19.5,36,12.61
5000,35000,30.7,36,13.58
11000,34000,42.3,60,21.45
3600,38000,37.4,36,12.61
10000,88000,6,36,21.45
6000,36000,3.8,36,16.02
15000,30000,30.2,36,15.04
5000,27000,15.9,36,10.9
9000,50000,8,36,13.59
3000,14000,14.4,36,7.97
12000,75000,27.3,36,12.62
18000,56000,15.8,60,17.09
31200,97000,17.4,60,20
14500,26551,33.6,60,19.42
4000,80000,13.8,36,9.44
5000,39000,0,36,20.39
24000,48000,23.3,60,17.09
30000,114000,30.4,36,10.9
10000,42000,17.5,36,16.01
22000,75000,26.2,60,17.09
25000,198999,11.6,60,9.93
10000,65895,16.8,36,9.43
10000,60000,20,36,6.72
19600,44500,23.9,36,17.09
15000,51000,27,60,15.05
30000,155000,18.7,60,10.9
15000,120000,7.5,60,9.93
18825,92000,29.1,60,12.61
5300,14000,14.7,36,9.93
7000,35000,13.1,36,15.05
3600,56000,29.2,36,6.72
4000,55000,18.3,36,9.44
21000,54200,35.3,60,25.81
25000,150000,17.6,60,10.42
20000,75000,25.1,36,13.59
14000,62000,12,36,6.72
40000,110000,20.8,36,9.93
35000,1e+05,26.6,36,7.96
15000,195000,3.8,36,13.59
10000,18900,12.2,60,10.41
36000,107000,4.2,36,9.93
25000,72000,20.7,60,7.97
6000,55000,14.8,36,10.91
9000,97000,27.6,36,9.92
6000,68000,10.5,36,15.04
5000,139000,18.3,36,13.58
7500,60000,41.9,36,15.04
34725,175000,16.6,36,7.35
12000,42000,16.2,36,9.93
3000,23000,23.4,36,25.82
15000,46080,19.4,36,6.07
30000,125000,4.1,36,14.08
9000,81000,2.8,36,7.97
20000,110000,19.3,60,10.91
10000,38000,23.5,36,11.99
30000,144000,34.3,36,6.72
6500,55000,22.1,36,10.41
6000,29120,5.1,36,6.71
20000,150000,15.4,36,5.31
25000,150000,20.5,36,10.9
8000,80000,15.4,36,6.71
6025,145000,16.1,36,13.59
20000,65000,18.7,36,10.91
35000,106000,8.7,36,13.59
6500,74000,21.1,36,14.07
5000,29000,3.4,36,10.42
12000,86000,32.2,36,19.42
18000,59300,21.6,60,16.01
25000,71000,20.6,36,9.43
20000,56000,18,36,14.07
12000,190000,8.2,36,5.32
2700,55000,16.6,36,6.72
14000,74000,26.2,60,12.61
15000,40000,45.1,60,17.09
40000,108000,20.8,60,12.61
18000,40000,8.8,36,14.08
20000,75000,17.7,60,17.09
9500,62400,20.3,36,6.72
32400,148000,14.8,60,9.93
12000,51072,31.3,36,10.42
36000,60000,16.5,60,9.44
35925,95000,24.5,36,5.32
12000,79500,11,36,13.58
40000,66900,20.7,36,6.08
10000,25000,22.2,60,10.91
28000,165000,20.6,36,12.61
30000,150000,32.5,36,20.39
14000,42000,19.1,60,12.62
12000,140000,21.5,36,19.03
20000,50000,1.8,36,7.35
40000,65000,8,60,12.62
25000,65000,34.5,36,6.71
40000,180000,8.8,36,10.42
11000,57000,17,36,6.07
16000,139000,28,60,19.42
5000,59019,16.3,36,7.34
5000,49000,21.5,36,17.09
1500,44000,43.4,36,16.01
9000,72000,13.7,36,6.08
5000,48000,3.2,36,7.34
1800,38427,23.9,36,9.43
27900,135000,8.8,36,9.93
24000,140000,19.9,60,18.45
5000,25000,27.8,36,10.42
28000,107000,25.1,60,15.05
12000,85000,6.7,36,6.08
5000,35000,4.9,36,10.42
12200,61766,11.8,36,21.85
23800,70209,33.1,60,15.05
40000,94000,20.6,60,13.59
25000,195000,10.3,36,5.31
6000,31000,6.3,36,10.41
12000,37000,16.6,36,9.44
35000,53000,28,60,26.77
6000,99000,9.8,36,10.91
20000,76000,24.2,60,23.87
4200,109000,5.4,36,11.99
15000,129000,11.1,36,6.07
20000,63500,1,60,14.08
15000,80000,28.5,60,9.43
10000,67200,18.8,36,10.91
5000,50000,18.4,36,16.02
35000,135400,17.9,60,10.9
5500,29000,16.9,36,17.09
12000,45000,6.7,60,19.03
15000,60000,16.5,36,10.91
3600,72000,22.7,36,6.72
10000,80000,23.1,36,5.32
6000,63000,11.1,36,6.72
20000,60000,18.1,60,12.62
10000,39910,20.7,36,11.99
15000,56000,6.7,60,24.85
13000,48000,24.6,36,10.42
6000,57000,21.5,36,10.91
8500,57000,32.3,36,9.93
24000,105000,21.2,60,19.03
5000,55000,27.7,36,6.08
12800,65000,5.5,36,14.08
12600,39000,32.7,60,12.61
35000,185000,0,36,6.08
22400,60000,25.8,36,17.09
16000,43000,13.2,60,16.01
31500,61000,8.5,60,10.91
4000,37000,33.4,36,14.08
16000,81120,18,36,18.06
8500,24000,8.6,36,15.04
11000,140000,3.4,60,15.04
6500,80000,18.1,36,10.91
8000,25000,5.6,36,10.91
20000,63695,20.5,60,19.03
36000,65000,30.4,60,9.93
25000,96996,26.2,36,10.9
2500,198000,19.1,36,10.9
26000,90000,19.5,36,6.72
15000,70000,14.1,60,17.09
23000,74000,39.6,36,16.02
19200,135000,18.6,36,13.58
15000,65000,10.9,60,11.99
3400,32000,5.2,36,9.92
34100,115000,3.2,36,6.72
35000,90000,8.2,36,12.62
30000,85000,26.3,60,11.98
3625,40000,8,36,5.32
15000,63130,26.4,36,10.9
28525,1e+05,13.7,36,21.45
3500,34000,32.4,36,16.02
20000,35000,10.1,36,7.35
14000,50000,28.4,36,10.91
20000,150000,22.4,36,6.72
10000,63024,5,36,7.97
10000,30000,31.3,60,10.41
16000,42563,14.2,36,17.47
16350,55836,37.7,36,16.02
15000,68575,10,36,9.93
10000,50000,8.2,36,16.01
16000,62000,31.2,60,16.02
15000,10000,42.7,36,12.61
12000,60000,24.1,36,7.35
21150,54269,21.5,60,25.81
22500,150000,18.8,36,5.31
14000,55000,26.8,60,14.08
23000,170000,19.1,36,7.35
30000,36000,5.1,36,19.03
15000,65000,20.6,60,13.58
7200,30000,29.2,36,16.02
10000,29388,29.2,60,13.59
12000,35000,37.1,36,6.08
20000,45000,9.3,60,14.08
25000,140000,16.1,60,12.61
9500,59000,5.3,36,5.32
5000,65000,21.6,36,10.91
12000,83000,22.7,60,14.08
18000,189000,16.6,60,12.62
21000,130000,15,60,15.05
16000,48500,22.2,36,11.99
5600,47000,13,36,19.03
14775,60000,12.6,36,10.91
15000,117000,25.6,36,13.59
10000,15000,31.3,36,19.03
25000,41280,4.4,36,16.01
20000,72800,18.7,36,11.99
15000,50000,24.4,36,7.35
10000,40000,7.4,36,10.42
10000,42000,7.4,36,16.02
8000,62000,18.3,36,9.43
11200,35000,12.5,60,9.93
20000,125000,10.4,60,9.43
10000,70000,14.7,60,11.99
1500,30000,5.5,36,12.61
15000,81000,11,36,5.31
14400,37200,24.6,60,18.06
17000,30000,27.1,60,24.85
35000,60000,0.5,60,14.08
20000,42000,25.6,60,21.45
27850,130000,18.8,60,15.05
20000,140000,17.5,36,16.01
32000,56000,11.6,36,6.07
32200,48000,14.3,60,19.42
15000,58000,10.4,36,6.08
20000,1e+05,10.9,36,16.01
12000,60000,19.5,36,10.9
8000,40060,25,36,16.01
15000,120000,6.4,36,9.44
10000,30000,34.7,60,19.03
30000,60000,22.9,60,17.47
30000,60000,18.9,36,19.03
10000,139200,20.5,36,14.07
11000,62400,23.8,60,16.01
10000,120000,6.3,36,10.9
7200,1e+05,17.7,36,15.05
2000,30000,10.1,36,13.59
40000,75000,10.1,36,9.44
15000,84000,0.4,60,9.44
28000,105000,23.1,36,5.32
6000,62000,16.4,36,5.31
11200,120000,13.9,60,9.92
15000,68000,10.6,60,12.62
7200,23000,31.4,36,12.61
35000,48509,18.4,36,6.08
17000,65000,11.6,36,6.71
2000,72000,25.4,36,19.03
10000,49500,21.5,60,10.42
30600,62000,29,60,18.06
6000,180000,12.7,36,7.34
4000,65000,28.6,36,10.91
9200,47000,18.3,36,6.71
8675,54000,14.5,36,15.05
20000,60000,15,36,6.71
4000,110000,6.7,36,6.07
10000,52000,40.6,60,9.92
12000,54000,13,60,18.45
4000,70000,11,36,7.35
5000,58380,10.1,36,7.97
25000,75000,16.3,36,9.44
10200,105000,10.1,36,13.59
21600,96821,26.2,36,18.45
12000,80000,16,36,12.62
12000,22800,13.7,60,15.04
27225,52000,18.6,36,10.91
35000,65000,33.4,36,17.09
6500,55000,7.5,36,6.72
10000,34560,16.9,60,21.85
30000,95504,26.1,36,15.05
6000,110000,15.9,36,19.03
3000,70000,2,36,6.08
23000,1e+05,24.4,60,18.06
12000,55000,25.4,60,9.92
7000,48000,3.8,36,6.07
6000,42000,21.3,36,18.45
25600,77000,12.2,36,12.62
33500,86000,16.9,36,7.35
12000,54000,9.7,36,6.07
20400,48000,22,36,14.08
35000,160000,12.7,36,13.58
29000,101794,26.2,36,12.62
6400,41000,15.9,36,10.42
10000,107000,10.1,36,10.91
15000,120000,8.5,60,7.35
12000,100203,20.4,36,11.99
16000,105000,3.1,36,9.43
34000,125000,36.3,60,16.02
14000,70000,14.2,60,12.62
10000,48000,19.2,36,16.02
12000,50000,25.3,60,16.01
17000,75000,16.1,36,5.31
17500,130000,12.3,60,7.35
12000,85000,23.4,36,9.93
19000,2e+05,23,60,14.08
12000,95000,24.9,36,12.61
18000,75000,29.5,36,15.05
18000,140000,18.8,60,12.62
16000,70000,4.8,60,14.08
11000,35000,23.9,36,6.71
6000,65000,2.1,36,6.72
7000,144000,7.2,36,12.61
9600,95000,14.9,36,9.43
30000,88000,28.3,36,15.05
20000,65000,19.9,60,9.92
8000,35000,20.6,36,16.02
23000,60000,7.7,60,13.59
15675,65000,16.3,36,10.91
30000,64000,6.6,60,9.43
8400,180000,21,36,18.45
2400,35568,6.3,36,9.44
10000,65000,18.9,36,6.08
10500,55000,24.2,60,15.05
28000,150000,12.4,60,9.93
30000,42000,21.8,36,19.03
6400,50000,8.4,36,14.08
22000,90000,37.3,36,18.06
17000,53000,22.9,60,5.32
10000,104550,11,36,5.32
5000,132000,7.5,36,7.97
21000,45804,15.1,36,7.35
3000,72000,4.4,36,7.34
15000,55000,20.4,60,11.99
5000,60000,12.6,36,14.08
20000,1e+05,17.9,36,10.42
6500,75000,6,36,7.35
3600,55000,15.5,36,14.08
10000,55000,8.9,60,26.3
12000,63000,6,36,6.71
11000,42000,22.8,60,9.43
20000,105000,24.1,60,11.98
40000,1e+05,19.2,36,9.43
25000,103000,19.8,60,10.9
12000,52505,28.7,36,12.62
23650,70000,17.6,36,5.32
28000,80000,38.7,36,21.85
16000,65000,15.7,36,9.43
18000,1e+05,16.4,36,9.44
13000,72000,31,36,9.44
5000,46000,23.2,36,16.02
21000,120000,12.9,36,6.71
12000,70000,36.1,60,13.59
5000,80200,22.7,36,12.61
15000,35000,13.1,60,19.03
28000,50000,28.5,60,13.59
4000,85000,34.8,36,16.02
16000,32000,41.1,60,26.3
5000,60000,29.3,36,10.91
6000,58000,1.8,36,6.08
12000,64000,15.3,36,12.61
16000,96000,20.2,36,9.44
16000,65000,8.8,36,7.97
24000,50000,1.3,36,10.91
16000,40000,20.6,36,21.45
40000,150000,33.4,36,11.98
20300,75000,21.7,60,30.79
7500,115000,15.9,36,6.07
8400,55000,26,36,7.97
40000,148650,0.5,60,7.35
17000,1e+05,15.2,36,10.42
8400,115000,17.3,36,7.97
15000,80000,23.2,36,12.61
20000,39000,47.4,36,10.91
20000,60000,24.7,36,9.92
40000,124000,29.8,60,9.93
22725,40000,5.2,60,11.98
10000,76000,9.4,36,9.43
5000,70000,17.3,36,10.9
15000,60000,14.7,36,14.08
10500,32000,34.7,36,10.41
4000,43000,4.1,36,15.05
2000,37000,15.9,36,9.93
10000,34000,19,60,15.05
20000,35000,9.6,60,7.34
10000,110000,18.7,36,15.04
12000,108000,3,36,14.08
18000,130000,8.4,60,20
10000,55000,29.6,36,14.08
16525,130000,22.1,36,12.61
18000,44000,20.2,60,11.99
11000,52000,14.5,36,16.01
14000,115000,21.3,60,16.01
1500,25000,25.9,36,11.98
14000,67500,4.7,60,10.41
13100,49000,36.7,36,18.06
20000,62000,17.4,36,11.99
5000,51000,2.2,36,10.9
16000,43000,13.2,60,11.99
6000,56891,11.3,36,22.91
18000,70000,25.6,36,17.09
7000,126049,18.1,36,14.08
35000,180000,5.2,36,10.41
19000,80000,23.5,36,6.07
16000,45000,8.8,60,15.05
15000,50000,30.5,36,18.06
6500,90000,16.8,36,10.42
24000,65000,19.2,60,13.59
40000,135000,14.8,36,5.32
4000,32000,31.4,36,6.72
4500,47840,19.2,36,10.42
30000,55000,33.8,60,19.03
10000,65000,10.5,36,9.43
5000,37000,21,36,7.34
10000,38000,20.4,60,21.85
5000,45000,20.2,36,14.08
8200,29200,37.6,36,20.39
30000,86000,13.9,60,14.08
20000,49000,5.5,36,7.96
10400,42000,14,60,15.04
12150,120000,21.7,60,15.04
5000,60000,23.4,36,6.72
24000,110000,12.7,36,10.42
31000,60000,14.7,60,12.62
10000,40000,11.4,36,18.06
2400,56446,7.1,36,7.34
24000,90000,18.6,60,21.45
40000,1e+05,10.3,60,12.61
10000,52000,33.4,36,9.92
12600,60000,13.9,36,5.32
20000,52000,20.8,60,19.03
10000,32500,25.1,60,10.42
15000,80000,13.9,60,9.93
28000,84396,17,60,16.02
21275,126000,8.4,60,16.02
6800,40000,9.3,36,18.06
5000,13200,31.7,36,7.97
20000,52464,36.5,60,21.45
7500,47600,4.6,36,6.71
5000,27000,8,36,16.01
3000,80000,20.4,36,13.59
3200,180000,6.6,36,6.08
25000,42733,28.6,36,10.9
1500,26000,21.1,36,13.59
10000,1e+05,11.2,36,11.98
30000,70000,17.5,60,11.98
21000,106000,7,60,10.9
10000,120000,17.2,36,5.32
32000,50000,7.1,60,18.45
16000,60000,30.6,36,16.02
18000,60000,23.4,36,19.03
12000,39000,22.4,36,13.59
3500,75000,5,36,5.31
3000,39000,2.4,36,11.98
5000,38000,30,36,18.45
10000,55000,28.9,36,16.02
32000,195000,4.6,60,12.62
20000,160000,6,60,9.93
6000,107000,15.9,36,10.91
9500,22848,16.9,36,7.35
15000,30000,13.8,36,11.99
20000,102000,3.5,60,25.82
9600,159000,13.1,36,7.97
10000,34000,19.7,36,14.08
20000,112914,18.6,60,9.44
6000,27500,13.7,36,15.05
18000,44000,29.3,36,13.59
40000,150000,19.8,60,11.98
35000,95000,20.4,60,13.58
12000,45000,10.7,36,6.72
15000,175000,0.4,36,13.59
35000,85000,19.2,60,7.34
24000,110000,7.4,60,9.93
16000,65000,16.1,36,10.9
6000,1e+05,16.3,36,10.41
20000,1e+05,5.8,36,6.08
7200,110000,17.1,36,14.07
25000,115000,17.6,60,10.42
3200,41000,21.5,36,10.42
16000,150000,17.1,60,14.08
15000,50000,5.2,36,6.71
10000,83000,12.3,60,21.45
20000,72000,46.6,60,20
5000,27000,27.2,36,17.47
7000,60000,18.3,36,6.08
7200,38000,25.3,36,5.32
7000,57000,29.6,36,19.03
11000,72000,19.1,60,10.42
15000,85000,23,60,9.93
18000,51000,24.4,60,18.06
40000,170000,4.8,60,11.98
12000,32000,10.9,36,11.99
25700,90000,23.8,60,18.06
19000,92000,26.5,60,21.85
20000,75000,28.3,60,9.93
5000,25500,33.6,36,10.9
14000,60000,31.4,36,5.32
35000,1e+05,31.5,36,24.85
10000,67000,31.9,60,20.39
10000,115000,11.6,36,9.44
10000,80000,9.6,36,7.34
16000,82000,16.1,36,7.96
35000,81000,13.4,60,19.42
20000,150000,18.9,36,13.58
13000,70000,32.7,36,6.07
25000,144000,23.8,36,6.08
16800,60000,42.9,60,9.44
10000,45000,2.3,36,6.08
17000,55000,24.4,36,6.72
25000,111000,24.5,36,7.35
15000,92000,26.7,60,6.71
35000,65000,6.9,60,19.42
30000,110000,31.1,60,24.84
3000,65000,13.5,36,18.06
6500,65000,27.6,36,12.61
19000,131000,19,36,14.08
20000,45000,20,36,10.42
3000,39442,31.4,36,9.92
5000,50000,38.8,36,16.02
19675,40000,36.6,60,24.84
10000,95000,18.2,36,7.34
25000,82000,14.2,60,19.03
5000,9000,18.9,36,13.59
15000,35000,12.8,36,11.99
12000,65000,25.9,60,12.62
10000,28000,36.8,36,6.07
2000,22000,2.6,36,9.92
2800,53000,24.6,36,10.91
17600,60000,27.4,36,9.93
6000,40000,8.8,36,11.99
5000,30000,14.6,36,9.93
32000,189000,13.3,60,15.05
6000,80000,3.6,36,6.08
5000,50000,26.4,36,14.07
5600,54600,32.7,36,14.08
10000,55000,14.2,36,7.35
19200,80000,4.5,36,6.08
7000,125000,19.7,36,16.02
21700,32000,19.4,36,9.43
1200,34000,13.2,36,10.9
3200,80000,4,36,10.91
35000,175000,10.8,60,9.93
6500,35000,1.9,36,7.96
15000,62000,29.9,36,10.9
3000,70000,11.4,36,12.62
11000,69000,27.4,36,12.62
20000,120000,9.2,60,17.47
6600,31680,18.7,36,19.03
18000,80000,7.2,60,14.08
40000,132000,0.3,36,6.72
11200,33000,29.9,36,9.93
10000,43260,4.8,36,6.08
30000,95000,14.2,60,9.43
18000,75000,37,36,11.99
10000,136000,11.3,36,13.58
5600,57000,11.6,36,11.99
3500,35600,25.4,36,6.72
24000,194000,15.1,36,11.99
3000,60000,10.4,36,9.43
14000,65000,23.4,36,5.31
10000,12000,5.2,36,13.59
16200,45000,31.4,36,10.42
5000,32000,18.9,36,18.45
12000,125000,23.9,36,14.07
10000,22000,24.2,36,22.91
10000,102000,21.6,36,16.02
35000,150000,35,36,16.01
18000,31500,16.6,36,6.72
12000,1e+05,21.4,36,10.9
14000,109000,7.1,36,10.42
11000,48000,34.6,60,11.99
40000,97600,27.1,60,14.08
24000,125000,27.9,36,12.62
35000,1e+05,21.4,36,13.59
24000,90000,27.7,36,17.09
30000,35000,40,60,11.99
7000,35000,31.7,36,18.45
6000,98281,13.1,36,9.92
12800,73000,30.9,60,26.77
40000,150000,34.4,36,6.72
12400,41600,27.6,60,16.01
20000,85000,10.7,36,5.31
9600,42000,29,36,17.47
5000,34000,40.5,36,11.99
2200,40000,23.4,36,13.59
25000,110000,19.3,36,6.71
28000,65500,24.6,36,16.02
40000,166600,21.3,36,6.07
15000,109000,2.8,60,17.47
15000,90000,12.1,60,23.88
5000,35000,19.4,36,15.04
32000,48000,35.1,60,11.98
24000,43000,16.9,36,16.01
24000,80000,4,36,7.35
11000,60000,26.6,36,7.96
35000,112000,26.4,60,13.58
15000,50000,23.4,60,11.99
16000,20000,37.6,36,20
4925,20567,6.7,36,13.58
10000,26127,15,36,7.35
30000,80000,25.6,60,16.02
20000,57820,27.6,60,19.42
30000,67000,25.5,60,9.93
5500,49000,10,36,12.61
9000,72000,15.2,36,7.35
18000,120000,5.2,36,6.71
18000,45000,38.2,60,10.41
10000,80000,10.8,60,19.42
2000,55000,13,36,5.31
19225,48500,20.6,60,18.06
30000,111996,15.3,60,11.99
4000,50000,35.1,36,14.08
20000,85000,16.1,60,15.05
9600,65000,4.3,36,14.07
40000,79000,19.9,36,7.35
12000,56000,14.5,60,17.47
15000,25000,3.5,60,16.01
8000,40000,11.6,36,13.59
40000,110000,23.4,36,11.99
13000,75000,19.6,60,12.62
10000,55000,18,36,10.9
4000,107000,25.5,36,10.41
10000,25000,18.2,60,17.09
4000,25000,16.2,36,14.08
30000,110000,10.3,60,16.01
28800,40000,18.7,36,5.32
12000,79500,17.8,36,6.72
11000,35000,28.3,36,7.34
6000,190000,5.3,36,7.34
14000,63000,20.6,60,20.39
20000,55000,1.9,60,14.07
11200,54000,22.6,60,15.04
20000,1e+05,16.2,36,6.07
15000,110000,0.6,36,13.59
26000,78000,16.9,60,14.08
7800,31200,28,36,11.99
30000,51000,4.4,36,13.58
10000,40000,21.5,36,9.93
7500,105000,21.2,36,6.08
24400,70000,21.2,60,13.59
10000,150000,5.8,36,10.42
10000,70000,17.5,36,6.72
18000,95000,17.2,36,12.61
15000,70000,18.7,36,14.08
15000,50000,15.6,60,18.06
14000,56000,12.4,36,9.44
1500,16200,10.5,36,11.99
13000,55000,5.9,36,7.35
10000,44200,30.9,36,7.34
40000,46000,45.2,60,16.01
6000,65000,29.6,36,19.03
24000,108000,14.7,60,9.44
9600,49000,38.8,36,15.05
26500,66000,24.7,60,18.45
4500,90000,4.8,36,9.93
16000,48000,28.4,36,6.07
6000,50000,16.5,36,9.44
21600,52000,21.7,36,6.71
28000,1e+05,23.3,60,13.58
18000,71000,17.1,60,20
17000,85000,16.8,60,15.05
6650,42500,14.5,36,17.09
12000,45000,7.6,60,17.09
4500,35000,6.6,36,9.44
36000,170000,32.3,60,10.42
30000,180000,7.3,36,11.99
15000,63000,12.6,36,13.58
5000,31000,16,36,15.05
40000,165200,1.1,36,7.35
4000,32000,4.9,36,9.44
14000,78000,15.3,60,10.9
20000,56000,7.8,60,14.08
20000,75000,16.8,36,10.91
18000,63000,23.4,36,17.09
40000,76000,5,60,9.44
8000,60000,21.3,36,7.34
15000,82000,9.2,60,11.99
7000,25000,17.5,36,15.04
5000,55000,33.8,36,23.88
16100,120000,9.4,36,24.84
15000,75000,3.8,60,18.45
35000,60000,9.4,60,21.45
8300,72000,28,36,10.41
3500,95000,12.2,36,6.07
10400,35200,1.9,36,14.08
6000,23000,12.8,36,11.99
32000,180000,9.6,60,9.43
20000,91380,14.2,36,10.41
20000,89000,21.9,36,16.02
36000,124000,20.6,60,12.61
7200,34000,21,36,10.91
2000,58000,5,36,6.07
20000,85800,23.6,36,10.41
8000,70000,16.4,36,6.08
15000,50000,0.8,36,9.44
8400,90000,4.8,36,13.59
7700,24000,21.5,36,7.35
1500,24000,4.7,36,10.91
2000,30000,14.6,36,18.06
13000,40000,30.4,60,13.59
35000,175000,6.3,60,10.41
16000,60000,1,60,12.62
10000,26500,10.2,36,10.9
12000,25000,21.4,60,16.02
23000,109000,27.2,60,12.62
8000,55000,32.9,36,12.61
8400,117650,12.9,36,10.91
35000,49000,13.7,36,12.62
25000,125000,1.3,36,6.72
25000,54200,28.6,36,14.08
16000,120000,8,60,18.06
15000,80000,1.9,36,10.42
17000,60000,3.3,36,13.59
11200,83500,30.1,60,7.97
2000,82768,17.5,36,16.02
10000,94000,44.5,36,18.06
20000,62004,14.3,36,9.93
10000,55000,18.3,36,7.97
35000,70000,23.3,60,12.61
8000,58000,29,36,7.34
6000,39000,5.3,36,10.42
40000,98700,12,36,10.91
1500,45000,2.9,36,6.07
20000,120000,8.1,36,9.44
16800,68000,28.5,60,18.06
35500,31000,16,60,30.79
38825,84000,21.8,60,9.93
14500,44600,31,60,16.02
32000,53500,32.7,36,19.03
20000,85000,14.4,36,12.62
20000,90000,19.2,36,7.97
20000,83207,12.9,36,9.93
10000,40000,20.6,36,12.62
12000,36144,16,36,14.08
35000,106000,29.4,36,17.47
16400,170000,22.8,36,16.02
5000,43200,14,36,11.99
10000,97000,18.3,36,10.41
25000,82000,29.5,60,21.85
10000,102000,17.3,36,17.09
10000,45000,4.3,36,18.06
20000,75000,16.1,36,11.99
16000,37000,12.9,60,12.62
30000,90000,14,60,10.9
15750,150000,17.2,36,7.34
2200,34626,8.1,36,18.06
21000,120000,11.1,60,19.03
6500,45000,22.8,36,15.05
24725,136000,22.8,60,9.43
8400,37000,19.9,36,11.99
1450,45000,30.8,36,7.97
20000,52000,2.4,60,9.44
6100,27610,18.6,36,26.77
20000,125000,22.9,60,10.42
18000,74620,0.4,36,9.92
20000,125000,19.6,60,17.09
28000,137000,18.6,60,16.02
16800,36598,10,36,10.9
10000,36000,29.8,36,16.02
5000,41000,18.8,36,15.04
13000,52000,17.4,36,5.31
7200,60000,9.3,36,14.07
2975,12000,25.8,36,13.59
20000,46219,20.8,36,6.72
6000,45000,3.8,36,6.08
14000,81000,10.8,60,7.34
10000,70000,27.5,36,10.42
25000,65000,16.2,60,21.85
5000,24000,6.5,36,11.99
2500,70000,4.7,36,6.72
20000,51500,14.4,60,17.09
9000,36000,31.2,36,9.93
27400,103000,26.9,60,13.58
40000,45000,41,36,16.01
40000,180000,24.6,36,6.08
8000,75000,23.2,36,10.91
5000,50256,28.4,36,6.07
12800,23000,32.6,60,26.3
33600,76000,36.1,36,12.62
13000,63000,39.6,36,21.45
12000,50000,31.2,36,18.45
18000,80000,19.1,60,9.44
17000,135000,1.3,36,6.08
3200,32844,22.1,36,7.97
13500,42000,24.8,36,13.58
19200,93300,21.6,60,14.07
8000,93700,25.1,36,5.31
10000,65000,22.9,36,10.41
15000,50000,16.4,36,6.08
12000,110000,20.7,36,6.07
15600,84000,9.7,60,13.58
9600,30000,16.3,36,9.93
12000,48000,29.4,36,10.41
25000,71000,27.6,36,10.41
22325,155000,23.7,36,17.09
8400,31200,33.4,36,9.92
15000,82000,13.2,36,15.05
30000,90000,12.4,36,7.96
25000,50000,24,60,9.92
16000,55000,6,36,6.08
6500,40000,18.6,36,16.01
12000,11000,9,60,21.45
5000,35000,18.2,36,16.02
30000,89000,17.5,36,6.08
3000,65000,10.4,36,6.08
17000,73000,10,36,17.09
20000,70000,17,60,12.62
3000,36000,1.7,36,5.32
10000,43000,5.6,36,16.01
2300,54100,15.4,36,10.91
12000,70000,9.3,60,9.44
5600,32500,27.3,36,9.92
25000,102000,17.1,60,16.01
1750,16000,8.3,36,20
16000,30000,19.8,36,13.59
18400,38272,38,60,14.08
26000,78000,30.1,60,17.09
15000,153000,5.9,36,14.08
10000,55000,12.1,60,23.87
19200,71000,15.2,36,9.92
9800,88000,13.3,36,9.92
7700,40000,8,36,10.91
4500,90000,12.9,36,16.01
6600,40000,12.1,36,7.35
13825,30000,34.8,60,16.01
24000,70000,19.4,60,20.39
16000,71000,24.6,36,10.41
9000,18000,15.5,36,12.62
31200,65000,29.1,60,21.45
35000,110000,21.1,60,24.85
20000,80970,22.4,60,21.85
16000,60000,18.5,36,10.9
10000,63000,14.4,36,11.98
4500,56000,14.2,36,7.97
10000,52250,24.2,60,10.9
20000,61000,23.6,36,12.62
20000,52440,5.7,36,15.04
16500,30000,32,36,19.42
30000,75000,35.1,60,25.81
8500,23000,23.6,36,16.02
6800,50000,19.4,36,6.71
15400,80000,13.9,60,12.62
15000,55000,16.2,36,9.93
30000,80901,14.4,36,18.45
6500,47000,8.4,36,13.59
19200,36420,22.7,60,13.59
27000,125000,4.6,60,23.88
12800,37000,20.6,36,7.35
10000,45000,11.7,36,10.9
10000,33661,27.8,36,14.08
10500,85000,13.1,36,7.35
12500,20562,12.5,60,17.47
10000,60000,16.5,60,10.42
1200,120000,7.9,36,9.92
20000,65000,13.8,36,9.92
30000,80000,20.8,60,25.82
14000,86000,10,36,6.72
10000,75000,0.7,36,6.08
20000,72000,20.9,36,16.02
3500,40000,19.3,36,7.35
18000,43000,22.3,60,9.43
25000,80000,11.5,60,16.02
15000,1e+05,18.3,36,7.96
8000,74000,9.4,36,6.07
1000,14568,2.1,36,15.05
8000,39000,22.3,36,19.03
1125,90000,26.2,36,18.06
35000,145000,12.2,36,5.32
9000,170000,4.8,36,9.43
23000,65000,17.4,60,21.45
20000,122000,14.7,60,19.03
10000,32000,16.1,36,13.59
25000,135000,3,36,5.32
15300,48425,36.5,36,9.92
18000,108000,24.3,36,19.03
33000,75000,3.2,60,12.61
18000,126000,10.5,36,6.08
24450,65000,27.8,60,28.72
15000,110000,9.8,60,12.61
6000,41900,18,36,7.35
16000,60000,22.5,36,6.08
10000,55000,6.2,36,6.08
7200,1e+05,8.5,36,10.91
10000,56000,31.6,60,19.03
3000,73000,4,36,7.96
32000,175000,11.6,36,6.08
2000,50000,19.6,36,6.71
7000,2e+05,5.7,36,9.93
2000,25000,8.4,36,7.96
40000,1e+05,13.6,60,17.09
35000,110000,12.9,60,21.45
15000,32000,37.2,36,19.03
15000,40000,25.9,36,14.08
30000,63000,23.9,60,13.58
23000,66000,22.8,60,13.59
15000,29016,18.9,36,10.41
10000,80000,21,60,17.09
3000,70000,8.3,36,9.93
40000,185000,11.8,36,9.43
25000,80000,9.2,60,17.09
12900,30000,40,36,22.91
30000,120000,29.2,60,9.93
15000,115000,8.7,36,9.93
35000,114000,20.8,60,15.05
25000,1e+05,26.8,60,10.42
35000,137500,9.5,36,7.35
12000,59820,15,36,10.91
10000,51000,26.8,36,9.44
8000,60000,34.6,36,12.61
25000,93000,24.6,36,11.99
8000,120000,7.9,36,15.05
14000,47000,13.9,36,11.99
10000,40000,19.6,60,19.03
6000,50000,13,36,9.44
2800,22645,22.8,36,9.93
12000,53000,16.4,60,20
12800,37000,33.8,36,20
13000,31858,18.1,36,10.41
5000,36400,11,36,11.99
22175,147000,30.5,60,13.59
10000,40000,11.1,36,9.93
8800,40000,17,36,10.42
9000,25500,4.4,36,7.97
17000,73000,24.4,36,7.35
16000,75000,30.4,36,13.58
20000,68000,22.1,36,13.59
10000,46000,25,36,7.97
10000,55000,17,36,6.71
20400,85000,14.4,60,21.45
10000,42000,3.2,36,9.44
7000,150000,9.1,36,10.41
10000,57000,0.5,60,9.92
20000,52000,18.7,60,16.02
10000,1e+05,24.9,36,9.93
15000,120000,11.4,36,16.01
2000,47000,15.8,36,12.62
4000,43000,11.5,36,9.92
5000,37000,23.2,36,11.99
1000,35000,29.8,36,21.85
25000,95000,30.3,36,26.3
14000,1e+05,18.8,36,9.92
6000,53000,12.4,36,14.08
18000,52500,14.5,36,6.08
18000,65000,4,60,9.44
10000,58000,16.6,36,21.45
20000,84000,16.7,36,12.61
40000,102000,9.9,36,6.71
20000,84000,9.6,36,6.72
39725,43000,3.8,60,18.45
3500,90000,16,36,12.61
23000,75400,0.4,36,19.42
15000,52000,27.9,60,12.62
5000,35000,11.5,36,9.93
23500,65000,30.3,60,9.93
6000,41000,5.3,36,10.41
7000,65000,4.8,36,6.71
8000,30000,6.4,36,10.41
24750,131000,23.8,60,26.77
20000,80000,27,60,10.91
23175,69800,27.1,60,11.99
8500,45000,27.5,36,19.42
10000,55000,7.6,36,9.44
24000,32000,36.2,60,18.45
15000,83004,18.3,60,22.91
14000,150000,23.2,36,11.99
11000,45000,16.8,36,6.07
16000,58800,24,36,14.07
22000,189000,11.2,36,7.35
5000,65000,1.4,36,6.71
35000,96355,9.4,60,19.42
40000,65000,7,60,15.04
12000,85000,10.9,36,5.32
40000,109000,9.9,36,11.99
27000,65000,18.8,60,16.02
32000,117000,13,36,12.61
15000,38000,16.9,36,11.98
1600,52540,28,36,16.02
4000,31300,8.8,36,5.32
16000,87276,16.3,36,6.71
22050,70000,28,36,19.42
10000,80000,9,36,6.71
10800,18500,34.4,36,21.45
5000,89000,7.4,36,12.62
20000,122000,6.6,36,9.43
10000,65000,11.3,36,6.71
15000,34000,7.3,36,18.06
30000,75000,16.2,60,17.47
11500,60000,13,36,9.43
18000,45000,17.7,60,11.98
40000,50000,31.5,36,5.32
9600,72000,22.6,36,18.06
6000,15000,26.5,36,7.96
14500,41000,24.8,60,7.35
30000,1e+05,9.1,60,9.43
30000,109688,6.4,60,11.99
11000,85000,10.2,36,6.08
25000,65000,27.8,60,21.45
5000,76760,7.7,36,9.44
8000,170000,13.5,36,14.08
16000,95000,16.1,36,9.92
24000,105000,17.1,36,9.43
4800,50000,32.1,36,15.05
6000,52000,20.2,36,15.05
36000,170000,9.7,60,5.31
4000,45000,21.4,36,16.01
3000,32000,32.9,36,11.99
36000,67000,10.2,60,12.61
15000,58142,21.7,60,16.02
10800,19000,24.9,60,12.62
1000,26500,25.8,36,19.03
10050,95000,29.8,36,11.99
16000,78762,12.3,60,11.99
8000,40000,21.6,36,15.05
8500,175000,14.7,36,7.35
35000,108000,0.3,60,19.03
10000,120000,12.2,36,11.98
30000,57000,30.9,60,19.42
15000,50000,30.8,60,12.61
18000,60000,38.9,60,14.07
27600,65000,30.7,60,12.62
13200,33000,25.4,60,19.03
1500,47000,23.3,36,15.05
13125,116000,19,36,10.91
5000,49000,12,36,9.44
20000,180000,8.8,36,9.43
3000,55000,11.1,36,14.07
5000,16200,20.4,36,13.59
30000,1e+05,19.6,36,10.91
5000,27872,14.3,36,11.98
6000,55000,10.7,36,16.02
15000,50000,10,36,10.41
20000,57845,18,36,7.35
18750,48000,28.1,60,30.79
35000,140000,34,36,10.42
28000,120000,11.3,36,13.59
12500,10500,16.1,60,25.81
31000,95000,9.5,36,10.42
10000,58000,13.7,60,9.93
8000,70000,15.6,36,6.08
8000,37000,29.2,36,10.42
4000,50000,4.3,36,9.44
9000,30000,34,36,13.59
20000,140000,11.7,60,16.01
9600,54000,9.7,36,13.59
25000,1e+05,8.1,36,5.32
9000,59600,38.3,36,6.71
10000,48000,33.3,36,7.35
15000,112000,7.1,36,10.42
5300,51000,24.6,36,12.62
15000,33000,21.9,60,19.03
14000,50000,33.4,60,19.03
20000,105000,7.8,36,7.34
35000,154000,26.2,36,6.72
3000,15000,21,36,11.98
9000,50000,18.3,36,10.41
5000,95000,19.4,36,18.06
15000,62000,29.4,36,13.59
17000,32000,14.7,36,18.45
4000,63000,15.5,36,7.34
35000,160000,4.4,36,15.05
16800,30000,15.4,36,20.39
13000,53000,7.7,36,7.35
12000,68000,25.3,60,11.99
14000,77500,29.7,36,7.34
4800,40000,9.9,36,13.59
10200,58000,12.4,36,15.04
18000,40000,32.7,36,17.09
4000,75000,4.9,36,9.92
17000,64000,15.6,60,17.09
5000,80000,9,36,10.42
10000,115000,12.9,36,9.44
5000,16700,1.8,36,10.9
15000,55000,23.1,60,9.43
12000,90000,26,60,9.44
36000,121800,15.6,60,9.92
24000,38000,24.2,60,26.77
35000,150000,26.7,60,19.03
14500,45000,14.5,36,12.62
2500,28000,0,36,12.61
35000,92000,11.9,36,6.72
22225,120000,12.6,36,9.43
35000,75000,11.9,36,15.04
30000,138000,15.1,60,12.61
15000,111231,20.4,36,11.99
36000,70000,33.6,36,11.98
26000,1e+05,23.8,36,7.35
3300,60198,30.8,36,21.85
25000,85000,6.5,36,6.08
3500,30000,9.1,36,7.35
15000,110000,12.7,60,10.42
10000,48000,20.1,36,6.08
10000,18624,20.5,60,11.98
24000,87000,29.8,60,28.72
10000,41000,12.8,36,20
8000,41072,25.9,36,9.44
40000,75000,13.2,60,13.59
24000,20000,49.9,60,12.61
10000,31000,24.1,36,16.01
8000,44000,29.7,36,21.85
15000,53000,36.5,36,23.88
25000,65000,31,60,13.59
28000,191000,12.8,36,9.44
15000,65000,20.2,36,12.62
12000,55000,49.6,36,7.34
10000,60000,14,36,9.44
9000,50000,18.3,36,5.31
7000,120000,4.9,36,10.42
7000,74106,38.4,36,6.72
10000,68000,18.6,36,9.44
5000,40000,39.9,36,9.44
4200,39000,0,36,9.93
10500,71000,28.7,36,7.96
10000,85000,14.8,36,7.97
6000,55000,25.3,36,23.87
14000,165000,31.1,60,9.92
4800,68000,11.4,36,20.39
12000,46500,18.3,36,9.43
20000,85000,27.1,60,7.35
38000,20000,27,60,11.98
12000,125000,19.2,36,9.93
20000,83000,11.6,60,13.59
5000,22560,7.9,36,21.45
15000,89000,17.9,36,10.91
10000,60000,11.5,36,14.07
16000,102000,8.8,36,9.43
32000,33000,17.2,60,14.08
30000,80000,5.5,36,12.62
28000,60000,18,60,9.44
11600,57000,35.5,36,23.88
20000,94000,11.1,60,14.08
9000,68000,14.3,36,14.08
15000,55000,17.6,36,7.35
20000,98460,14.7,36,6.07
40000,122000,15.3,60,9.44
12000,70000,21.3,36,17.47
40000,110500,22,60,12.62
2100,75000,19.3,36,10.42
20000,150000,9.3,36,9.44
11000,180000,38.7,36,11.98
8000,40000,40.4,36,6.07
35000,125000,22,60,14.08
10000,40000,30.1,36,10.91
16000,36000,19.6,60,10.42
8000,60000,10.4,36,14.07
35000,92000,16.2,36,6.72
35000,67600,17,60,12.62
25000,62000,18.6,36,6.72
9000,55000,19,36,6.08
12800,115000,28.6,36,19.03
20000,85000,31,36,16.02
17000,13050,49.4,60,20
17000,51000,13.8,36,20
12800,135000,21.8,36,21.85
9600,80000,0.4,36,6.08
20000,120000,4.9,36,9.93
25000,150000,2,36,7.96
12000,72000,27,36,9.93
15000,105000,1.8,36,7.34
5000,60000,40.1,36,5.31
18000,95000,10.6,36,16.01
8000,42000,11.4,36,15.04
15000,24000,26.7,36,16.02
18000,88000,8.8,36,7.97
3000,53000,0.6,36,7.97
10500,76000,23.6,60,12.62
10700,103500,22.1,36,23.87
7000,32000,35,36,9.44
25000,1e+05,15.9,60,10.91
30000,49583,16.4,60,24.84
12000,32000,48.2,36,10.41
6000,1e+05,2.8,36,7.35
8000,120000,13.2,36,10.41
22000,49000,7.9,60,18.45
25000,190000,7.5,36,11.99
20000,70000,11.2,60,9.92
15600,70000,10.9,36,10.42
30000,65000,19.6,36,16.01
14000,58000,14.8,60,28.72
16000,114416,3.3,36,5.32
20000,93500,20.9,60,14.07
2800,75000,10.6,36,7.97
15000,88000,15.1,36,5.32
25000,65000,23.7,36,20.39
14000,58000,17.7,36,10.41
15000,75000,22.8,36,9.44
15000,77000,20.1,36,10.42
20000,65000,8.4,36,6.72
25000,101576,4.3,60,13.59
10000,37780,38,60,20.39
5000,83000,10,36,10.41
40000,120000,13.7,60,14.08
10000,65000,13.2,36,12.61
15000,45000,25.1,36,16.01
22000,92000,13,36,10.9
5000,25825,10.5,36,13.59
30000,110000,18.7,36,6.72
11625,11772,38.9,60,26.3
12975,37500,21.1,36,15.05
28000,140000,28.1,60,10.9
12000,68000,17.5,36,20
2000,34982,16.6,36,7.35
2500,70000,24.6,36,14.07
10125,60000,6.9,60,13.59
6300,26000,26.1,36,16.01
2500,39000,8.7,36,10.42
10000,58900,3.1,36,6.07
3600,48000,9.6,36,11.98
15000,109000,31.1,36,5.32
10000,35000,36,36,22.9
26000,50000,11.1,60,9.92
20000,65000,26.3,36,7.35
17425,41442,34.7,36,12.62
8000,95000,20.2,36,21.85
10000,135000,2.9,36,9.43
7700,29000,16.1,36,6.08
5000,94000,25.7,36,9.43
4500,80000,16.9,36,9.44
6500,72000,5.9,36,5.31
26400,60000,18.4,36,9.44
5000,48391,22.7,36,15.05
24000,75000,18.9,60,16.02
30000,55000,1.1,36,7.35
2400,28865,13,36,12.62
7000,34000,22.8,36,9.43
5000,64800,10.9,36,10.41
3500,60800,11.4,36,12.61
15000,120000,4.2,36,9.93
13775,55584,26.2,36,13.59
5000,38455,29.9,36,13.58
6500,40000,24,36,22.91
16825,35000,12,36,18.45
20000,115000,5.2,60,13.58
30000,1e+05,26.5,60,19.42
10000,46000,26.6,60,9.44
26000,1e+05,16.3,60,10.91
14000,70000,24.6,36,6.72
1000,58800,14.4,36,13.59
10000,70000,3.2,36,13.59
40000,150000,10,36,9.92
35000,97500,25.8,60,15.05
18000,44820,44.3,60,20
10000,33280,12.9,36,17.09
38000,120000,14.8,36,6.71
14000,87800,32.9,36,12.61
12000,40800,19.1,36,14.08
13000,75000,11.2,60,9.93
3000,70000,3.6,36,9.92
16000,22000,30.5,60,13.59
4200,75800,11.9,36,6.07
12000,60000,19.3,36,10.91
3000,43188,6.7,36,13.59
15000,50000,35.8,60,15.04
10000,80000,32,36,12.62
35000,61000,32.7,36,16.02
4000,60000,24.1,36,15.04
5000,20000,23.5,36,11.98
40000,130000,8.6,36,6.72
4200,31500,13.8,36,10.91
7000,60000,11.3,36,10.9
20000,1e+05,18.2,36,7.35
20000,150000,11.9,36,7.34
8500,42000,19.7,36,9.92
30000,63373,33.7,60,24.84
30000,35000,24.5,60,7.34
4000,75000,29.6,36,10.41
18000,120000,1.4,36,9.43
24000,111275,28.9,60,15.05
21000,120000,19.1,60,12.61
1500,38400,11.6,36,9.92
20000,64000,34.9,60,19.42
5000,23500,32.4,36,10.9
16000,150000,6.1,36,6.72
24000,98000,7.5,60,12.61
4000,62500,25.4,36,7.96
11000,70000,13.8,36,9.93
8000,75000,7.4,36,16.02
32000,60000,19.3,36,9.44
15000,31000,15.2,60,9.93
7000,76000,10.7,36,14.08
10000,42000,11.3,60,13.58
20000,87000,7.4,36,9.92
27500,89000,9.7,60,9.44
20000,39000,17.4,60,18.45
6000,95000,22,36,10.42
15000,86000,13.5,36,6.07
20000,62934,33.6,36,15.04
20000,60000,14.2,36,9.93
2000,25000,15.5,36,6.08
20000,50000,29.1,60,15.05
30000,42321,16.9,36,23.87
3000,7500,8.2,36,19.42
3000,38000,23.4,36,16.02
30000,56000,24,60,26.77
7550,47500,12.1,36,10.91
4000,21000,12.3,36,7.96
20000,80000,15.8,60,10.42
27000,90000,13.5,36,6.72
15000,48000,18.7,36,13.59
18000,37500,3.2,36,7.34
15000,75000,17.3,36,7.35
35000,69854,45.6,60,30.17
5000,72000,24.2,36,15.05
35500,86000,15.2,60,9.44
15000,50000,29.5,36,15.04
25000,2e+05,20.5,36,7.34
5000,22000,27.1,36,7.34
35875,1e+05,32.1,60,13.59
12000,66000,21,36,6.72
7000,32000,20.2,36,10.42
23875,150000,38.4,60,18.06
30000,38000,3.4,36,21.45
35000,117000,25.1,36,5.31
32150,75000,25.9,60,13.58
4800,1e+05,6.4,36,11.99
10000,50000,28.9,36,21.45
12000,71000,21.2,36,9.93
12000,55000,6.4,36,14.07
10000,52325,24,36,7.35
10000,40000,7.2,36,14.08
1000,52420,1.9,36,7.35
17000,40000,5.7,60,14.08
15000,90000,7.1,36,10.91
15000,60000,20.7,60,12.61
5000,35000,10.7,36,5.31
32000,105000,13.2,60,15.05
3000,29120,15.1,36,9.92
18000,115000,16.6,36,5.32
12000,70000,20.5,60,28.72
10000,90000,23.9,36,7.97
15000,65000,8,36,22.9
15000,50000,9.6,60,13.59
40000,110000,8.2,60,16.02
5000,27000,8.4,36,7.97
7200,35000,13.5,36,6.71
5800,90000,23.8,36,7.34
14375,19000,13.1,60,10.9
35000,148692,23.1,60,10.42
7500,15000,33.6,36,21.85
6000,55000,41.2,36,9.92
21000,105000,18,60,11.99
10000,64449,26.2,60,17.09
10400,49623,25.7,36,20
24000,102000,30.1,36,10.9
24000,35000,21.1,36,15.05
35000,90000,14.9,60,13.58
12000,133000,14.9,60,19.03
1000,32000,25.8,36,25.82
35000,85000,33.2,36,11.98
7200,33000,27.9,36,21.45
25000,150000,19.7,36,9.93
25000,175000,15.3,36,16.02
24000,1e+05,11.4,60,7.34
12000,28000,47.4,60,11.99
16000,150000,26.1,60,19.03
12000,25000,5.6,60,17.09
15000,70000,20.2,60,9.44
3125,95280,9.6,36,6.07
33600,65000,26.6,60,9.93
5000,19000,13.8,36,6.72
40000,125000,18,60,16.02
3000,76000,6.8,36,9.44
2500,105000,14.4,36,6.07
30000,2e+05,8.8,36,9.93
20000,80000,24.1,60,18.06
34825,125000,21.3,60,12.61
19000,53456,13,36,7.35
8000,95000,26.4,36,13.59
24725,170000,27.6,60,10.9
10000,38000,1.1,36,11.98
20000,33000,13.2,36,14.08
11000,35000,10.9,60,7.35
7800,47000,13.7,36,10.91
15000,60000,5.6,36,9.92
6000,52000,24.3,36,7.97
13000,40000,20,60,12.62
20000,42500,29.9,60,28.72
20000,30000,30.5,36,20
25000,175000,11.6,36,6.08
35000,82000,33.3,60,12.61
6000,69996,17.7,36,17.09
23550,68700,46.8,36,7.97
20000,45000,22.2,60,23.87
7600,60000,28.2,36,7.96
40000,125000,28,36,6.08
15000,65000,15.3,60,14.08
5000,1e+05,4.6,36,10.9
10000,40000,37.8,60,30.65
11500,38000,29.4,36,15.05
21000,1e+05,9.8,36,11.99
10000,170000,29.6,36,7.35
9000,89206,5.8,36,13.58
24000,50000,24.5,36,15.04
10000,155000,17.6,36,10.41
12000,55000,30.5,36,16.02
12000,30000,29.4,60,16.01
7000,28000,10.5,36,23.88
15500,130000,14.6,36,7.35
11100,75000,14.6,60,9.93
14000,62000,17.5,60,16.02
13000,71000,10.9,36,5.32
15000,75000,20.2,36,13.59
5150,14364,4.8,36,7.96
39000,158000,11.6,60,10.42
4000,60000,35.8,36,18.06
23000,85000,18,36,10.42
30000,42000,45.5,60,18.45
16000,45000,21.2,60,10.42
8425,9600,3.4,36,22.9
15000,45000,32.7,36,10.91
20000,89000,24.7,36,10.41
9800,58000,29.8,36,6.08
30000,65000,8.1,60,14.08
11500,57564,31.8,60,18.45
7000,8500,8.5,36,11.99
16500,51252,25.7,60,23.88
10000,60000,12.7,36,6.71
38500,160000,15,60,12.62
6000,75000,0.5,36,7.34
6000,58000,18.8,36,11.98
14000,52000,22.2,36,5.31
32000,125000,19.1,60,9.93
7000,67000,15.2,36,6.07
6000,26000,11.3,36,9.92
9600,60000,16.6,36,7.34
20000,48000,17.2,60,10.9
31000,64000,18.4,36,7.96
6500,135865,17.2,36,6.08
10000,120000,13.4,36,9.43
30000,39000,0.8,36,7.97
16800,30000,23,60,15.05
10000,120000,23.8,60,9.44
10000,2e+05,7.2,36,6.08
20000,2e+05,2.3,36,9.44
20000,1e+05,17.6,36,9.43
19000,75000,22.2,36,16.02
11200,68000,10.3,36,6.72
25000,125000,44,60,9.93
16800,55000,15,60,13.58
7000,72000,32.9,36,9.92
13425,67000,15.3,60,10.9
2800,35000,26.8,36,9.93
10000,96000,2.8,36,6.72
16000,87500,30.8,36,19.42
10000,105000,11,36,6.72
35000,70000,17,60,9.44
3000,25000,22,36,6.72
12000,72000,22.8,36,7.96
2500,53700,28.6,36,6.71
30000,40000,20.7,60,9.93
5000,40000,14.7,36,22.9
35000,70000,18.5,60,17.47
11500,82000,10.8,36,6.07
20000,42000,16.5,36,16.02
32000,84000,35.4,36,18.45
17000,40000,6.9,60,9.44
10000,30000,17.2,36,11.99
10000,75000,1.9,36,6.72
23275,105000,30.4,60,18.45
21600,88600,15.7,60,13.59
10000,62000,22.9,60,21.45
30000,35000,18.2,60,30.17
4200,33000,2.6,36,7.35
26000,132900,14.5,60,25.82
6000,18708,10.6,36,10.41
20000,96000,10.1,60,12.62
15500,1e+05,12,36,7.34
20000,45000,4.8,60,15.05
7000,57000,15,36,9.43
34700,39362,7.6,60,12.61
5000,82000,32.1,36,19.42
11400,85750,20.4,60,12.62
7000,45500,27,36,11.99
30000,90000,18.7,60,7.34
27700,71000,10.2,60,17.09
32000,82500,40.9,60,12.62
12000,111000,22.9,60,14.07
10050,47000,22,36,16.01
15000,65000,3.5,36,7.34
10000,96000,13,60,15.04
40000,120000,0,60,7.35
4900,50000,11.7,36,6.72
28000,125000,18.6,60,12.62
18000,60000,32.7,60,24.85
28000,80000,26.4,36,5.31
40000,2e+05,0.6,60,9.43
10000,60000,1.8,36,7.35
5250,35000,29.5,36,11.98
40000,95000,21.8,60,9.92
5000,90000,7.8,36,11.99
24000,47960,26.6,36,21.45
5000,140000,5.7,36,7.35
4000,55000,22.2,36,16.01
10000,52000,11.6,36,12.62
2800,45000,0,36,7.34
15600,70000,44.5,36,11.98
6025,39000,19.4,36,9.43
7000,88000,27.5,36,6.72
14000,48000,19.4,36,6.07
8000,52000,19.4,36,10.91
8000,65000,18.6,36,10.42
39400,102000,23.9,60,15.05
15000,44500,16,36,15.05
10000,72000,32.2,36,11.98
20000,40000,12.1,36,7.34
10000,27200,14,60,19.42
25000,65000,25.8,60,24.85
6500,52000,16.5,36,7.96
15000,40000,16.9,36,7.96
16000,155000,23.2,36,10.9
2400,120000,10.8,36,7.96
10000,90000,25.8,36,15.05
15400,98728,22.9,60,24.85
7000,40000,32.2,36,11.99
24000,92000,16.2,60,11.99
22000,50000,32.7,36,7.96
40000,145000,6,36,5.32
10000,35000,20.1,36,15.04
16000,60000,3.1,60,12.61
20400,79000,8.6,60,9.93
12000,60000,20.6,36,9.43
8000,160000,11.7,36,18.06
7000,42000,15.2,36,13.58
10000,59700,23.7,36,11.98
10000,96512,12.6,60,11.98
36000,145000,28.9,36,7.35
10000,50000,3.6,36,7.97
28000,82000,31.5,60,7.35
6000,69900,36.1,36,14.07
20000,2e+05,6.7,60,10.9
5350,45000,15.9,36,10.91
23000,75000,10,60,9.93
6000,60000,14.6,36,6.08
17000,101000,25.7,60,9.92
10000,25000,8.3,36,16.02
12000,85000,13.1,36,13.59
14000,42000,17.3,60,9.93
30000,160000,5.2,60,7.35
3000,36000,7.4,36,11.99
6000,31000,22.3,36,17.47
7000,60000,26,36,15.05
12000,36000,31.4,36,7.97
16000,80500,22.6,60,26.3
9600,50000,23.4,36,10.42
5100,45000,37.3,36,23.88
10000,69000,23.2,60,15.05
6500,84000,23.9,36,7.96
6000,82757,27,36,11.99
20000,60000,11.4,60,20
20000,120000,21.8,36,18.06
15000,60000,5.9,36,9.43
25000,60000,12.2,36,13.58
6000,64000,5.3,36,6.07
30000,83043,17.3,36,13.59
2000,50000,9.7,36,12.61
14400,62000,33,36,18.06
25000,91000,17.7,60,15.05
35000,125000,24.9,60,16.02
40000,96000,23.5,60,10.42
35000,125000,4.2,60,17.09
14800,1e+05,24.7,36,9.92
15000,175000,18.1,36,11.99
21000,53000,10.5,60,9.92
22000,146000,19.1,60,9.93
18200,43000,15.6,60,10.42
15000,70000,7.2,36,18.06
15500,93000,19.6,60,12.61
15000,50976,12.7,36,9.92
10000,45000,20.6,36,9.93
21000,120000,31.6,36,7.97
8000,45000,12,36,7.96
9600,60000,18.6,36,7.35
12000,78000,10.6,60,13.58
10000,165000,14.3,36,10.41
8000,49000,34.5,36,9.93
13000,36000,10.1,36,10.42
34650,150000,32.6,36,11.99
12000,61538,7.7,36,9.92
10000,75000,24.7,36,9.44
16000,137000,14.3,36,7.34
32000,97000,2.7,60,16.02
15000,48000,10.1,36,12.61
10000,48000,20.6,36,17.47
15000,140000,7.4,60,14.07
30000,120000,28.1,36,5.31
26000,53400,14.1,60,19.03
17625,60000,1.9,36,18.45
20000,75000,2.4,60,21.85
21000,120000,16.7,36,7.34
20000,65000,36.5,60,19.03
30000,79000,13.5,36,7.34
16000,61200,17.4,36,15.05
16500,150000,8.2,60,9.43
10000,28000,7.9,60,21.45
31325,91000,19.7,60,11.98
10000,78000,37.9,36,6.71
13000,48000,35,60,14.08
20000,90000,21.5,36,7.97
35000,158000,22.4,36,14.08
10000,86000,31.9,36,9.92
15000,90000,22.1,36,6.72
12000,150000,22,36,14.08
10000,32000,32.8,36,13.59
36000,90000,17.9,60,13.59
13000,50000,14.4,60,10.9
2250,10596,22.8,36,26.3
32200,80000,3.2,60,9.44
11000,35000,13.2,60,15.05
10000,65000,16.1,36,7.34
15000,50000,15.4,60,20
20000,63700,35.4,36,7.34
24000,71000,29.5,60,10.9
16000,110000,4,36,16.02
7000,80000,26.2,36,16.02
25200,84240,25.3,60,10.9
30000,130000,27.5,60,13.59
4050,25000,31,36,26.3
15000,55000,5.9,36,10.91
40000,106000,21.3,60,7.34
23000,75000,18.9,60,14.08
35000,66000,42.2,36,16.01
10000,140000,17.5,36,11.99
36000,90000,21.6,60,14.08
6000,60000,26.2,36,6.07
2000,52000,18.9,36,6.08
36000,60000,12.2,60,25.82
7500,62000,5.6,36,10.41
24775,140000,17.2,60,20
16000,1e+05,11.4,36,7.35
30000,56000,6,36,20.39
3600,120000,9.2,36,7.96
3600,63000,25.9,36,6.08
40000,117000,11.6,60,13.58
15000,115000,11.9,36,7.34
24000,65000,20.6,36,14.08
15000,35600,11.1,60,14.08
10000,60000,15.5,36,9.44
19200,80000,14.5,60,20
32675,85000,22.7,60,24.84
2500,56000,11.8,36,9.93
6000,31500,18.4,36,10.42
8000,85000,10.5,36,9.44
6000,42600,24.6,36,15.05
5000,28000,32.4,36,11.98
6000,70000,14.5,36,9.44
7000,54000,9,36,18.45
13000,71000,19.5,60,26.3
5000,72000,3.8,36,6.08
8900,52000,8.6,36,7.96
27300,185000,26.2,60,26.77
9000,41500,29.7,36,6.08
6400,150000,4.4,36,6.08
10000,65000,23.4,36,7.34
5000,65000,14.2,36,13.59
25000,60000,20.8,36,7.35
13000,49000,25.1,60,12.62
10000,45000,22.9,36,17.09
15200,55000,27.9,36,20
20000,48750,27.4,60,14.07
20000,50000,33.8,36,9.43
2400,59000,32.6,36,12.61
3000,120000,33.4,36,6.08
5000,63000,29.5,36,17.09
12000,36000,34,36,10.9
10500,78927,27.8,36,6.72
12000,39000,21.6,60,16.02
24000,65000,28.2,60,14.08
5600,25000,35.6,36,7.34
10000,50000,9,36,14.08
30000,60000,11,60,10.42
15000,60000,25.3,36,7.35
8000,32000,13.7,36,9.44
15000,70000,34.8,36,20
19425,30000,33.9,36,15.04
8000,84000,29.6,36,21.45
5825,50000,16.4,36,10.91
15000,32000,32.3,36,10.41
30000,126000,25.3,60,12.62
10000,55232,8.4,36,9.44
2000,90000,2.6,36,9.92
25000,75000,12.5,36,9.44
14400,55000,8.9,36,13.59
12000,50000,12.2,36,15.05
2000,30000,24.5,36,19.42
32000,78000,30.3,36,10.9
8650,60000,14.1,36,6.08
22000,53000,22.8,36,17.09
36000,1e+05,16,36,9.44
32000,60000,20.2,60,16.01
9000,68000,5.2,36,6.07
20000,59000,4.9,60,13.59
10000,75000,15.2,60,25.82
10000,99000,2.4,60,9.43
20000,81000,29.2,60,25.81
4700,24000,19.1,36,6.08
35175,68095,2.8,60,9.44
30000,89000,42.5,36,7.35
10000,36000,3.8,60,14.07
2500,54032,30.5,36,20
12000,72000,14.4,60,9.92
9775,95000,17.3,36,5.31
8000,193000,14.3,36,15.04
11000,62000,19.4,60,19.03
20000,69000,41.1,60,17.09
20000,70000,24.9,60,12.62
27000,63938,27.9,60,16.02
2000,36000,12.8,36,10.41
3000,58000,9.3,36,9.44
20000,75696,18.2,36,13.59
5500,65000,16.4,36,10.41
22000,132000,7.8,60,5.31
8400,40000,34.6,36,7.97
5500,96000,15,36,6.72
20000,104000,12,36,14.08
15000,97500,16.5,36,13.59
32000,102947,17.6,36,10.91
8400,94000,28.8,36,10.9
10000,25000,28.3,36,14.08
24500,95000,25.2,36,12.62
6000,14000,15.3,36,20
18000,75000,19.3,36,6.08
2050,57000,6.5,36,6.08
32000,75000,9.8,60,9.93
3600,55000,15.5,36,9.44
20000,104465,25.6,36,7.96
5000,120000,10,36,9.93
15000,93000,29.9,60,12.61
15000,52000,17.4,36,5.32
20000,65000,24.5,60,25.81
20000,85000,26.4,60,10.9
30000,126402,5.9,60,25.81
15000,36000,2,36,5.32
15000,56000,36.7,36,11.98
16000,85000,25.1,60,21.85
5000,36610,13.8,36,5.31
20000,110000,12.9,36,9.92
4200,15000,6.4,36,20.39
20000,62000,23.5,36,10.9
25000,123000,19.5,36,14.08
18000,56000,8.7,60,21.85
12000,1e+05,6.5,60,13.58
35000,180000,20.6,36,11.99
20000,83000,20.4,36,10.91
30000,120000,17,36,6.72
12500,78000,5.8,36,19.03
28000,124000,12.4,36,18.45
15000,82000,19.6,60,10.9
4500,67000,16.8,36,7.97
5000,72000,19.8,36,7.35
30000,166000,6.2,36,7.34
10000,57000,4.2,36,10.41
10000,80000,6.9,36,10.41
10000,62000,13.3,36,10.41
5000,70000,2.9,36,10.41
24000,75000,18.6,36,7.96
28000,77000,16.1,60,24.85
35000,115000,29.2,60,10.9
7600,25465,16,36,9.43
16000,1e+05,22.5,60,19.42
2400,47418,14,36,11.99
36000,125000,8.1,36,9.43
30000,34800,5.5,60,12.62
10000,60000,12.9,36,7.34
12500,77000,26,36,17.09
22000,150000,8.3,60,15.04
10000,83000,0.4,36,7.97
3600,23000,20.8,36,14.08
27625,145000,12.8,60,17.47
16000,60000,11.5,36,9.43
16000,68000,19.3,36,9.43
10000,60000,13.1,36,7.97
10000,43000,22.6,36,9.44
10000,70000,26.6,36,13.58
2500,45000,1.4,36,12.62
24000,150000,37.1,36,12.62
6650,25000,26.5,36,22.91
20000,65000,20.3,60,14.07
10000,42000,27.1,36,7.96
14000,42000,29.1,60,14.07
16000,107000,26.2,36,6.72
8000,125000,17.4,36,10.9
4000,75000,32.9,36,11.99
20000,37000,27.4,60,10.9
8000,80000,10.3,36,9.44
15000,55000,5.8,36,5.31
5000,34964,38.1,36,11.99
3200,25000,13,36,6.08
30000,95000,19.4,36,5.32
24000,50000,23.4,60,16.02
5000,65000,24.4,36,15.05
10000,98000,30.8,36,20.39
5000,127200,7.9,36,6.72
13000,52000,25.3,36,15.05
20000,60000,28,60,9.93
15000,55000,14.2,60,10.9
5500,35000,14.3,36,9.93
7200,110000,7.5,36,6.72
10000,40000,24.1,36,18.45
15000,50000,13.2,60,26.77
6000,96152,8.7,36,18.06
21600,72198,15.1,36,6.07
10000,50000,11.3,60,14.08
4500,87000,19.3,36,7.34
10000,30000,18.7,60,12.61
8400,30000,12.9,36,9.92
5000,47000,15.8,36,6.71
16000,90000,15.7,36,7.35
36000,185000,22.6,60,9.93
12000,42000,15.4,36,7.34
35000,125000,18.8,60,16.01
15000,92000,24.7,36,7.35
13700,57506,27.3,36,9.92
9600,40000,14.3,36,6.71
24000,58000,29.1,60,10.91
10000,35000,9,60,11.98
25000,43678,16.8,36,19.03
10000,78000,12.3,36,16.02
5500,17453,17.9,36,9.92
7500,80000,7.4,36,7.34
40000,150000,19.9,60,10.42
22000,55000,14.4,60,19.42
7000,58000,14.9,36,6.08
16000,80000,9.6,36,9.92
26000,65000,16,60,10.91
32000,170000,12.6,36,14.08
7500,120000,10,36,6.71
4800,55000,17.5,36,7.35
10000,72000,2.2,60,18.06
4000,72000,25.3,36,13.58
8000,65000,25.7,36,7.97
6000,75000,20.1,36,13.58
20000,60000,17.1,60,11.99
8000,50000,7.4,36,7.97
25000,61000,39.6,36,6.07
30000,125000,4.2,36,9.92
5000,40000,22.6,36,5.31
15000,90000,21.5,36,15.05
40000,152000,4.4,60,7.34
30000,84000,27.5,60,9.93
20000,39000,21.2,60,25.82
15000,50000,6.5,36,7.34
20000,61000,14.7,36,5.31
12000,34734,29.9,60,15.04
19000,120000,20.5,36,9.43
8000,120000,11.8,36,5.31
6500,45000,19.5,36,10.41
30000,65000,21.5,36,18.06
5000,15600,10.9,36,14.08
12000,84000,4.9,36,10.41
1200,34000,20.9,36,15.04
36475,125000,24,36,7.97
20000,60000,23.7,60,25.81
40000,115000,38.3,60,13.59
18000,80000,29.2,60,21.85
4000,75000,15.5,36,6.72
24000,72000,33.1,60,20.39
35000,65000,36.1,36,12.61
10000,38000,6.4,36,9.92
25000,140000,10,60,7.34
12500,60000,24.7,36,7.34
2800,57000,22.2,36,9.44
20000,73000,32.2,60,16.02
22400,50000,33.2,60,9.92
40000,2e+05,14.3,36,9.92
12600,28100,23.2,36,13.59
10000,40000,19.7,60,17.09
20000,126000,7.3,60,14.08
20000,15000,15.7,60,18.06
35500,54000,28.2,36,21.45
12000,1e+05,22,60,18.06
35000,1e+05,21.1,60,14.08
18000,94000,6.6,36,5.31
10000,35000,35.9,60,17.09
6025,34000,23,36,10.42
15000,55000,35.4,36,5.31
14000,140000,10.3,60,15.05
6000,40000,31,36,10.91
40000,107611,30.5,60,9.44
10000,46000,21.3,36,9.44
40000,115000,10.4,36,5.32
28000,150000,9.2,60,7.35
10450,57920,18.6,36,6.08
5000,40000,10.2,36,17.09
12000,52000,11,36,7.96
10000,55000,14,36,7.97
12000,60000,17.8,36,9.43
30000,80000,8.9,60,26.77
20000,48000,10.7,36,5.31
12000,70000,3.2,60,9.43
40000,115000,27.7,36,6.07
40000,140000,9.9,60,12.62
6400,45000,5,36,13.59
8000,65000,29,36,7.96
2000,77049,14.8,36,14.08
30000,186000,26.3,60,13.58
10900,20000,33.8,60,21.45
4000,15599,10.1,36,13.58
6500,125000,15.6,36,19.03
10500,44000,23.5,36,7.96
12000,126000,37,36,7.96
2000,33000,7.9,36,6.72
10000,190000,9.8,60,18.45
28500,92942,6,60,11.98
24000,29000,23.6,36,17.09
5000,55000,23.1,36,9.44
28000,76000,11.1,36,7.34
19725,61500,11.4,36,11.98
7000,92465,12.9,36,19.03
12000,66000,32.8,36,9.92
12000,35000,17.5,60,20
20000,119216,23.9,60,7.34
11200,54000,22.8,36,7.97
1700,117000,14.6,36,9.44
10000,65000,8.6,36,15.05
20000,65000,25.2,60,19.03
9600,72612,12.4,36,12.62
28000,190000,16,36,5.32
15000,76000,35.7,36,6.72
20000,60000,7,36,5.32
15000,30000,13.4,36,11.99
10000,84800,30.1,36,6.07
20000,91100,10.7,60,11.99
25000,58000,27.3,60,16.02
8400,25000,29.8,36,15.05
7000,75000,15.8,36,11.98
28000,68000,7.4,60,15.05
5200,51000,19.1,36,18.45
20000,70000,31.5,60,15.04
30000,79982,6.9,60,15.04
18000,103000,11.9,36,9.44
21000,90000,14.6,60,16.02
5000,46000,12.8,36,14.07
30000,74000,12.1,60,28.72
30000,59000,14.2,36,19.03
18000,60000,15.7,60,9.92
1000,24000,39.6,36,22.91
25000,90000,23.1,36,7.35
3000,87500,5.6,36,18.45
20000,40000,23.5,36,15.05
30000,189000,26.1,60,23.88
2500,46000,11.3,36,10.9
10000,75000,19.8,36,6.08
35000,45000,47.8,60,21.85
8000,80000,14,36,6.72
30000,80000,17.7,60,13.58
25000,84000,15.3,36,13.58
8000,59000,24.8,36,15.04
20000,155000,11.1,60,9.44
9000,52000,16.6,36,17.47
20000,61000,7.1,60,15.05
30000,65000,16.4,60,25.81
28000,42000,10.7,36,20.39
16000,113500,31.1,60,13.58
16000,2e+05,8.4,36,9.93
6000,68000,16.7,36,15.05
12500,35000,24.7,36,18.45
15000,65000,21.7,60,15.04
40000,190000,9.4,60,16.02
10000,42000,27.1,36,14.07
35000,70000,31.4,36,14.07
9000,68000,29,36,7.97
25000,95000,7.3,60,13.59
13500,50000,17.3,36,15.05
12000,1e+05,23.9,60,16.02
20000,40000,14.6,36,12.62
30000,163000,5,60,9.43
25000,55120,15.2,60,12.62
25000,136000,8.1,36,11.98
40000,72000,8.2,36,6.08
20000,67600,17.8,36,10.41
7500,50000,8.7,36,13.59
17000,42000,18.8,60,28.72
35000,52780,44.8,36,7.35
12000,75000,25.7,36,10.9
16500,75000,22.4,60,7.34
10000,30000,23.8,60,10.42
10000,66000,15.1,60,12.62
2500,51754,25.1,36,9.93
20000,65000,17.9,36,13.58
15000,57000,21.4,60,12.61
30000,2e+05,16.2,36,9.43
21000,62000,25,60,12.62
14000,50000,20.1,36,9.93
15000,50000,10.7,60,15.05
11200,45000,33.1,60,25.81
25000,80000,13.8,36,7.34
12000,120000,14.7,60,10.42
10000,1e+05,28.2,36,5.31
21000,60960,15.9,36,12.62
16000,95000,21,60,20
40000,130000,24.3,36,10.91
16800,124730,13.8,36,12.62
7000,69000,8.6,36,5.31
20000,80000,30.2,60,11.98
14400,44000,27.8,36,7.96
30000,75000,15.8,36,14.07
8000,36000,18.8,36,14.08
5000,72000,34.5,36,9.44
10000,65000,13.2,36,13.59
5000,40000,26.8,36,22.91
4000,51000,14.8,36,6.08
15000,31200,26.5,36,6.72
37000,148600,12.8,60,16.01
10000,56000,10.3,36,18.06
19000,50000,31.2,36,14.07
35000,85000,8.9,60,10.42
40000,175000,15.5,36,5.32
10000,70000,15,36,10.41
20000,75000,14.1,60,11.98
37000,60000,16.5,60,16.02
18000,120000,7.5,36,5.32
16000,35000,20.8,36,16.01
10000,85000,11.9,36,11.99
25000,185000,3.1,36,9.92
14000,32112,18.6,36,11.98
24000,45000,18.1,60,11.99
40000,60000,34.1,60,7.97
12000,30000,12.6,36,7.34
6000,46000,22.5,36,6.71
20000,54000,12.4,60,9.92
11000,135000,11.8,60,9.92
11500,54000,8.2,60,9.44
7500,90000,11.8,36,7.97
6000,65000,6,36,10.91
10000,60000,19.4,36,10.91
7500,80000,9.2,36,9.44
25000,133000,28,36,23.87
6600,30000,26.2,36,18.45
15500,30000,19.1,36,10.41
25000,105000,22.7,60,19.42
2000,80000,34.3,36,13.58
4000,32000,21,36,9.92
5000,40000,16.6,36,16.02
10000,175000,25.4,60,23.88
6000,37000,23.8,36,10.91
15000,140000,6.5,36,13.59
18000,62000,17.8,60,10.9
25350,120000,25.6,60,19.03
15600,50000,0.6,36,14.07
15000,77000,11.9,36,10.91
10000,18700,20.3,36,10.91
13500,68700,13.4,60,18.06
6000,45000,20.1,36,9.93
12800,80000,0,60,24.85
30000,170000,8.7,36,10.42
20000,101000,20.7,60,11.98
4000,31000,28.3,36,5.32
24000,50000,15.9,60,21.45
25000,25200,2,60,14.08
20000,85000,10.8,60,6.72
18000,65000,20.6,36,15.05
7000,92000,11.5,36,9.43
24000,167000,9,60,19.42
16000,75250,25.4,60,10.91
25000,42000,17.5,60,14.08
7000,59000,10.9,36,9.92
4200,47000,18,36,9.92
4800,50000,3.1,36,11.99
16000,76000,18.9,36,9.44
15000,151000,5.5,36,9.43
1500,61000,30.4,36,7.35
20000,21000,17.4,60,15.05
11700,55000,18.9,60,11.99
35000,81000,16.1,36,9.44
15000,70000,12.7,36,9.92
13150,1e+05,22.8,60,12.62
20000,50000,21.1,36,14.08
17400,45700,25.5,36,10.41
14000,25356,18.6,60,24.84
25000,120000,28.9,36,13.59
8425,60000,11.4,36,17.09
4000,22000,10.5,36,6.07
28000,2e+05,27.6,36,9.43
15850,40000,19.4,36,6.08
4200,13000,16.4,36,7.97
16000,31000,25,60,16.01
40000,108407,7.1,60,9.92
24000,75000,13.5,60,15.04
12500,54000,11.4,36,7.96
15000,41000,37.6,36,15.05
5000,61000,22.6,36,9.43
30000,32000,22.6,60,20
2000,30000,15.9,36,17.09
17000,1e+05,27.3,60,14.07
22500,98000,12.9,36,10.42
24000,90000,20.3,60,12.62
16000,45000,13.2,36,15.04
24000,185000,30.1,60,10.42
25600,90000,19.6,60,18.45
7100,57500,15.2,36,22.91
12000,132454,22,36,6.08
20000,104000,19.3,60,7.35
6000,89000,11.2,36,11.98
5000,60000,16.7,36,7.34
5600,90000,24.4,36,16.02
20000,58000,22.3,60,17.47
25000,90000,10.4,60,20
20000,122000,11.4,36,10.41
35000,1e+05,8.1,36,12.62
14000,103000,17.4,60,9.44
2500,52000,15.6,36,10.9
10000,70000,12.3,36,7.35
15000,48000,39.4,36,5.32
32000,85000,13.1,60,17.09
6000,54000,4.6,36,5.31
17000,75000,21,60,10.9
5000,110000,5.5,36,9.92
10000,140000,10.5,36,6.71
4500,40765,37.9,36,9.43
11000,75000,16.5,60,25.82
40000,107000,19.5,60,16.02
10000,76000,3.7,36,6.72
19000,120000,11.7,36,10.9
7500,37000,11.1,36,7.97
4800,60000,1.1,36,13.59
18000,85000,20.4,36,11.98
8000,105000,36.8,36,12.61
15000,150000,14.3,36,7.97
32000,97000,15.7,60,12.62
40000,93000,13.6,36,10.91
10000,86000,36.8,36,12.62
7200,72000,11.8,36,14.08
30000,110000,1.2,36,6.08
9500,70000,17.3,36,12.61
20000,65000,13.4,60,20
23200,43000,5.2,60,12.62
19000,36000,15.3,60,7.34
35000,155000,19.5,36,7.35
6000,21120,27.3,36,12.62
12000,120000,37.6,36,16.02
10800,113000,18.4,36,15.05
10000,33000,28.6,60,21.45
14000,45000,23.9,36,6.72
30000,85500,12.4,60,9.93
13000,24000,16.2,36,13.58
8000,87000,16.8,36,11.98
40000,84000,26.9,36,5.32
40000,135000,14,60,10.9
20000,132000,6.4,60,12.61
35000,182200,16,60,18.06
25000,51000,10.7,60,10.42
40000,150000,15.8,36,10.91
10000,48300,33.9,36,24.85
5000,34000,8.3,36,11.98
30000,65000,25,60,11.99
8500,88000,14.8,36,7.97
10000,39000,28.8,60,19.42
9000,24000,24.4,36,19.03
10000,25000,2.9,36,6.72
20000,50000,31,60,20
36000,125000,18.8,60,12.61
5000,42640,5.9,36,15.05
15000,95800,7.3,60,9.44
10000,50000,17.3,36,10.42
20000,34500,34.2,36,11.98
6500,85000,21.6,36,10.42
16000,41600,14,60,9.92
12000,75000,28.4,36,9.92
15200,36400,42.9,36,24.85
8000,58500,6.4,36,12.62
22000,60000,4.1,36,14.07
8000,54105,10.6,36,18.45
20000,35859,49.9,60,16.01
7000,110000,20.9,36,6.07
10000,45000,14.9,36,6.71
12000,75000,13.2,36,13.59
4400,62000,27.4,36,7.34
7000,95000,3.9,36,6.72
25000,110000,7.7,36,5.31
40000,82000,21.7,36,9.44
24000,125000,23.2,36,10.91
35000,90000,13.9,36,10.41
20000,55000,2,60,11.99
5500,49500,33,36,9.93
8600,49000,8.4,36,14.08
18000,33600,17.4,36,9.93
18000,45300,17.4,60,16.02
28225,52000,33.3,36,20.39
24100,95000,36,60,30.65
4200,85000,13.6,36,11.99
19200,36400,30.2,60,26.3
16800,75000,37.6,60,21.45
30000,95000,14.7,60,13.59
10000,62914,37.2,36,18.45
22000,24000,34.2,36,11.99
26500,152000,17.1,60,12.61
6500,85000,15.8,36,10.41
6000,33000,31.2,36,25.82
21000,1e+05,19.6,60,15.05
7300,54000,33,36,9.43
20000,97000,16.6,36,12.62
6000,48000,14.3,36,21.45
40000,85000,12.2,36,11.99
30000,142000,20.6,60,16.02
20000,33000,26.2,60,20.39
18000,76000,19.6,60,19.42
12000,52000,26,60,9.44
15000,79000,8.6,36,15.05
40000,52000,24.6,36,10.9
6000,19000,21,36,7.35
25200,54000,29.5,60,24.84
3600,38400,26.2,36,7.35
15000,72000,31.2,60,14.07
5000,35000,24.1,36,11.99
20000,43000,11.3,60,11.99
10000,145000,12.9,36,7.97
28900,75000,21.2,60,28.72
12000,80000,7.3,36,9.43
14000,81000,20.2,36,12.61
10000,48000,15.2,36,7.34
25600,90000,35.6,60,9.93
24875,36000,26.3,60,26.77
22000,109000,17.1,60,10.9
10000,32000,36.1,60,24.85
7500,107000,6.7,36,20
30000,117000,13.4,36,18.06
4800,56000,29.8,36,12.61
32000,75000,31,60,18.45
10000,75000,15.7,36,13.59
25000,77000,15.3,36,10.42
20000,1e+05,8,36,11.98
7900,47000,17.9,36,6.71
40000,1e+05,17.9,60,9.43
22000,104000,14,60,25.82
6500,36025,19.2,36,13.59
8000,48000,35.3,36,15.05
9600,78000,16.6,36,13.59
10000,72000,9.2,36,5.32
8000,39000,21,36,24.84
18500,80000,13.6,60,12.62
22800,25000,24.2,36,12.62
28500,160000,31.6,60,24.84
12000,120850,27.9,36,6.07
35000,150000,22,60,17.47
30000,70000,9.8,60,17.47
20000,44000,21.7,60,16.02
5000,12480,8.6,36,7.34
20000,97000,28.2,60,12.62
10000,35000,19.4,36,10.9
32000,72000,27.8,36,7.35
3000,65000,8.8,36,13.59
9000,82000,4.8,36,6.08
12500,60000,25.9,36,5.32
20000,60000,11.7,60,18.06
10000,79000,5,36,9.93
11000,41000,19.3,36,20.39
13000,32000,12.7,36,17.47
17500,80000,12.8,60,9.44
21650,41000,21,36,11.98
12000,24000,21.7,36,12.62
22000,62000,16.9,60,9.92
26000,132000,19.1,60,10.42
14000,62000,5.6,60,11.99
5000,40000,5.8,36,10.42
7000,23000,27.3,36,14.08
3500,38000,3,36,10.41
4800,42000,17.4,36,12.61
36000,105000,19.6,60,12.61
14000,83000,25.2,60,21.45
10000,1e+05,29.9,36,13.58
18000,110000,17.6,36,12.61
27250,125000,34.9,60,19.42
4700,38464,23.7,36,14.08
40000,101000,21.5,60,10.42
7500,89000,8.9,36,16.01
16000,69000,19.6,60,18.06
30000,90000,23.3,60,15.05
21000,69900,23.4,60,10.42
10000,91000,15.9,36,14.08
10000,34000,22.1,36,10.91
12000,50000,13.3,60,18.45
20000,58559,20.4,60,10.41
25200,1e+05,31.3,36,10.91
10000,40000,25.8,36,9.92
5000,25000,33.8,36,7.34
11400,50000,11.9,60,30.17
25000,60000,35.7,60,19.03
12000,48000,19.1,36,7.97
18000,56000,14.5,36,12.62
6000,35000,27.4,36,9.93
20000,80000,16,36,5.31
12000,50000,24.2,36,10.42
8500,90000,3.7,36,10.91
4500,40000,16.7,36,10.42
40000,92600,18.8,36,10.91
40000,1e+05,8.2,60,12.62
4200,36000,30.5,36,9.92
32925,72000,6.2,36,9.92
12000,31536,40,36,20
1500,45000,23.5,36,19.42
6000,48000,4.6,36,6.71
25000,60000,16.5,60,14.07
12500,1e+05,15.1,36,14.08
23100,185000,15.5,36,6.72
35000,180000,5.1,36,6.08
30000,65000,13.6,36,11.98
18000,91000,14.3,60,25.82
11700,60000,19,36,19.03
4000,27000,22.8,36,6.71
25000,75000,22.1,60,16.02
15000,112000,15.3,36,9.44
18000,98000,2,36,14.07
1500,62000,13.8,36,18.45
10000,85000,12.7,36,9.93
10000,49000,23,60,17.09
8000,130000,20.1,36,11.98
30000,48000,5.1,36,7.97
30000,1e+05,18.8,60,10.9
12000,21500,17.1,36,16.01
30000,126000,17.6,60,20
5000,91000,30.4,36,14.07
1700,15000,17.6,36,10.91
10000,76000,19.4,36,10.41
35000,140000,32.1,60,10.9
12000,59000,0.7,36,6.71
15600,29000,46.8,36,11.99
23075,50000,29.6,60,16.01
4200,90000,14.2,36,10.9
10000,60000,29.2,36,13.58
6425,55000,9,36,15.05
10000,45000,3.9,36,7.34
20000,180000,7.3,36,9.93
6400,65000,14,36,15.05
35000,137200,18.8,36,6.72
14000,125000,10.4,60,7.35
10000,40000,31.3,36,13.59
30000,130000,5.9,60,12.62
21000,82000,26.5,36,17.09
40000,88000,11.3,36,10.42
18000,48000,23.8,60,21.85
23000,68000,12.9,60,18.45
10000,99985,1,60,14.08
40000,138000,2.1,36,5.32
4200,22000,31.4,36,12.62
10000,84362,24.8,36,17.47
15000,27000,48.6,36,19.42
30000,65000,21.4,60,16.01
4800,17000,1.8,36,11.98
20000,98000,20.2,36,6.72
18000,107000,11.9,60,9.43
3200,70000,11.3,36,13.59
12000,115000,11.2,36,6.72
10000,58000,22.8,36,9.44
10000,38600,18.4,36,11.98
5000,30000,24.6,36,11.99
5000,68000,17.2,36,7.35
15000,44000,31.1,60,13.59
16000,55000,8.6,36,7.96
4000,52000,17.2,36,20.39
20000,66000,18,36,6.72
30000,93000,22.6,36,20
6000,40000,6.6,36,9.92
16100,1e+05,24,36,16.02
15000,65000,26.3,60,18.06
20000,75000,21,60,17.47
35000,50000,36.2,36,16.01
10000,145000,13.5,36,13.59
40000,115000,8.7,36,9.43
9000,60000,3.4,36,5.31
20000,50000,25.8,60,21.45
29000,145000,6.3,36,5.32
15000,55000,23.6,36,18.45
28000,66000,34.7,60,20
20000,46000,42.8,36,9.93
20000,70000,6.7,60,7.35
20000,34000,27.1,36,9.92
27000,197000,8.4,60,16.01
19000,1e+05,16.8,36,15.05
28000,4800,8.8,60,14.08
25000,40000,25.5,36,13.58
3800,70000,5.5,36,10.9
19000,58000,12.4,36,6.72
14000,61000,6.9,60,9.93
6000,40000,8.2,36,12.61
10000,60000,13.3,36,7.97
4000,26000,35.9,36,20
25000,165000,18.3,60,26.77
12000,58000,29.8,36,6.72
15000,50000,14.2,36,14.08
15000,160000,10.4,36,9.44
10000,65000,22.5,36,16.02
11000,40000,16.2,36,13.59
1800,30000,19.8,36,10.9
1000,22000,29.4,36,19.03
21000,43000,35.5,36,10.91
8000,120000,12,36,12.62
14400,67000,24.9,60,16.01
8000,23666,35.9,36,11.99
40000,125000,16.2,60,12.62
40000,140000,9.5,36,7.96
35000,150000,22.7,60,12.62
13000,55000,23.5,60,9.43
5000,90000,4.9,36,7.34
1200,50000,4.9,36,9.93
18000,44200,3.4,60,12.62
18500,55000,23.9,60,11.98
16000,80000,13.6,60,11.98
10000,49200,30.6,36,20
35000,50000,41.5,60,9.93
19000,115000,12.4,36,7.97
25000,121000,8.5,60,15.04
13500,78000,15.1,36,6.07
24000,1e+05,23.2,60,24.85
9600,80000,20.8,36,10.9
10000,35000,12.8,36,6.08
24000,120000,13,36,11.98
14200,68400,13.2,36,16.02
40000,125000,12.3,60,14.07
7000,24000,6,36,7.35
10000,43000,23,36,10.42
16000,52000,10.6,60,20.39
12000,91000,12.3,36,9.44
7000,76000,5.4,36,12.62
7000,58500,28.8,36,5.31
24000,110000,20.2,60,13.59
24000,30000,38.1,60,14.08
29000,38000,15.1,60,9.93
35000,132400,10.4,36,14.08
27900,62000,19.8,36,16.02
3600,60000,16.3,36,6.08
4800,52000,20.5,36,6.07
4000,21800,8.8,36,7.97
7825,35000,26.6,36,5.31
18000,130000,16.7,60,21.45
12000,45000,23,36,16.02
40000,75000,18,36,9.44
12800,35000,35.6,60,23.88
10000,128000,11.6,36,5.32
20000,115000,22.8,36,7.34
12000,60000,20,36,10.9
18000,140000,11.5,60,11.98
22000,56000,14,60,9.93
16000,77000,33.8,36,19.42
35000,130000,9.8,36,14.07
25000,90000,20.8,60,15.04
12500,40552,19.1,36,7.97
15000,52000,18,60,16.02
1000,34000,28.3,36,18.06
30000,135000,29.6,36,10.91
25000,90000,20.4,60,9.43
5000,140000,14.7,36,13.59
3000,79700,20.3,36,7.97
10000,27976,18.2,36,15.04
28000,65000,14.7,60,25.81
12000,70000,24.6,60,19.42
17000,82000,18.4,60,24.85
15700,99000,9.9,60,29.69
15000,67000,13.6,60,18.06
4800,33395,20.9,36,14.07
30000,72000,27,36,17.09
30000,38000,4.3,60,19.42
36000,52140,47.4,60,11.99
39275,180000,9,36,10.9
15575,68810,14.9,60,11.98
10000,125000,8.4,60,21.85
6000,165000,12,36,9.44
25375,65000,8.5,60,12.62
25000,124000,18.1,36,15.05
7000,90000,16.7,36,7.35
22000,55000,29.6,60,23.87
35000,96000,10.1,36,12.61
10000,24482,9.1,36,9.92
35000,198000,24.7,60,15.05
5000,71000,18.8,36,9.43
32000,65000,33.4,36,16.02
40000,130000,2.8,60,7.34
3000,37000,0.8,36,9.43
10400,30000,11.2,36,10.9
7000,60000,23,36,23.87
24000,80000,31,36,10.42
9600,30720,37.8,36,17.09
20000,40000,14.6,36,6.07
18000,29250,13.7,36,9.43
18000,50000,29.4,60,13.58
40000,132300,3.5,60,11.99
17500,79000,11,36,11.98
35000,80000,3.8,36,5.32
35000,90000,25.3,60,12.62
24000,63000,7.5,60,15.05
19000,85000,17.8,60,7.35
20000,50000,23.9,60,15.04
3600,34500,13.1,36,19.42
6000,35000,29.2,36,6.71
9000,110000,15.3,36,5.31
32000,101760,14.4,60,12.61
6400,65000,21.1,36,9.44
30000,39000,7.2,60,21.45
17000,110000,7.9,36,6.72
8000,48000,39.2,36,13.58
12000,64865,27.9,36,9.93
20000,89400,18,60,10.42
30000,104000,2.2,60,10.42
25000,50000,17.4,36,9.43
40000,52000,44.8,36,10.41
30000,66000,9.5,60,14.08
10000,65000,11.5,36,6.72
4000,27684,28.4,36,12.61
3700,25100,22.9,36,15.04
5000,33000,3.9,36,9.92
32000,82000,19.9,60,21.85
40000,71000,43.2,36,5.32
10000,60000,13.3,36,9.92
10000,132000,9.4,36,5.31
24000,63000,28.3,36,6.07
14000,50000,27.8,60,16.02
9000,35000,38.8,36,18.06
18000,70000,17.3,36,20
36000,60000,26.9,60,10.9
25000,57000,28.2,36,7.34
25000,20000,0,60,17.09
11200,48000,31.4,36,6.72
5000,53000,11.1,36,5.31
40000,130000,21.2,60,15.05
17000,51000,16,36,11.99
7500,40000,28.5,36,7.97
4075,15000,20.5,36,20
15000,80000,28.5,36,10.42
1200,39000,34,36,10.41
22000,66000,22.3,36,7.96
40000,124000,18.8,36,11.98
40000,84000,10.4,36,9.93
3000,39900,5.9,36,13.59
17000,1e+05,7.6,36,6.07
7200,65000,4.2,36,7.96
22000,170000,11.6,60,30.17
35000,90000,8.8,36,7.96
3500,20000,1.5,36,7.35
15000,90666,19.9,36,9.43
1000,33000,14.6,36,10.91
33000,104000,21.5,36,10.42
8400,90000,10.4,36,13.59
20000,125000,15.9,36,13.58
9975,84000,5.7,36,6.08
13000,70000,27.4,36,7.97
33900,79040,30,60,19.42
10000,110000,23.6,36,14.08
24000,60600,26.6,60,13.59
15000,103294,30.9,36,18.45
12000,43000,22.5,36,16.01
16800,67000,14.5,60,13.58
4800,33600,8.4,36,13.59
15000,36000,25.1,36,9.93
25000,48000,19.5,60,12.62
24000,36000,31.5,60,30.75
23000,62000,17.9,60,24.84
20000,74600,8.2,36,9.93
5000,61500,11.1,36,13.59
15000,84400,16.6,36,16.02
40000,140000,24.3,36,6.08
20000,60000,9.2,36,15.05
15200,109000,23.6,36,9.43
4800,103000,6.2,36,11.99
7500,105000,11,36,9.93
28000,120000,8.6,60,12.61
12800,160000,8.7,60,21.45
8400,160000,7.4,36,7.34
35000,60000,25.5,60,13.58
17600,30000,20.5,36,9.43
1800,60000,12.6,36,10.42
10000,68000,14.8,36,12.62
5000,48000,15.8,36,6.71
10000,1e+05,29.8,36,7.96
6000,65000,16,36,7.34
30000,85000,14.1,60,13.58
21000,108255,8.7,36,10.9
9000,170000,5.6,36,10.9
10000,160000,9.1,36,6.08
15000,1e+05,23.7,36,5.32
2500,74000,2.2,36,6.72
28000,70000,38.5,60,9.44
6000,60000,19,36,14.08
9000,193783,10.6,36,11.99
37000,42000,18.6,36,9.44
6000,53232,6.3,36,17.47
15000,75000,21.1,36,17.09
6000,51000,16.5,36,14.08
4800,40000,28.1,36,18.45
32000,98000,15.2,36,13.58
13500,104000,23.5,36,19.03
10500,190000,7.6,36,5.32
15000,63000,17.4,60,9.92
20000,69000,10.6,60,12.62
3000,15996,18.2,36,11.99
18000,114000,20.2,36,10.9
1375,55000,4.6,36,7.97
5000,75000,12.4,36,11.98
1000,41524,21.4,36,17.09
30000,60000,2.3,36,6.08
5000,72800,0.5,36,9.93
18000,70000,12,60,9.44
5000,91000,16.4,36,7.34
12500,28500,33.4,60,18.45
5000,72000,20.1,36,22.91
28000,138000,21.2,36,16.01
15250,75000,6.1,36,6.71
29450,28500,34.8,36,10.91
6800,82000,10,36,17.47
4375,135000,12.7,36,26.3
6000,36609,45.2,36,7.97
20000,69700,7,36,7.35
15000,67000,9.6,36,9.43
15000,160000,15.3,60,19.03
12000,90000,29.2,60,10.41
30550,140000,13.5,36,14.08
6000,50000,17.7,36,15.04
25000,85000,15.4,60,10.9
15000,55000,5,36,9.43
8000,50000,8,36,10.91
14000,44000,23.2,36,7.97
6000,42000,12.9,36,7.34
20000,25000,28.7,60,20.39
10500,57000,7.6,36,10.42
10000,110000,6.4,60,18.45
30000,125000,17.2,60,15.05
12000,75000,14,60,13.59
7500,2e+05,24.4,36,7.97
11000,35000,11.9,36,6.08
17000,80000,19.3,36,5.32
30000,74895,20.2,36,15.05
4800,36300,14,36,17.09
15000,40000,0.8,60,10.42
10000,60000,31.5,60,19.03
18000,1e+05,7.8,36,5.32
15000,101000,19.4,36,9.93
9600,60000,8.2,36,14.08
25000,63071,16.4,36,11.99
8000,52000,11.5,36,7.96
24350,80000,34.5,36,9.93
14000,64000,34.5,36,11.99
30000,76000,19.8,36,10.9
5000,25000,9.1,36,9.93
8000,95000,7.8,36,6.72
10000,49500,15.3,60,14.08
8500,25000,10,36,9.92
40000,166400,13.2,60,15.04
1800,27000,16.4,36,19.03
20000,75000,9.8,60,9.43
7775,32000,30.3,36,21.45
9600,60000,34.1,36,10.9
30000,152000,11.4,60,11.98
10000,41364,28.8,60,20
20000,110000,10.4,36,11.98
37000,104000,13.3,60,9.44
15000,120000,16.4,60,11.99
14000,56000,12.3,60,9.93
5000,30000,24,36,13.59
4800,70000,18.8,36,9.43
35000,104000,18.6,60,15.04
5000,28000,30.4,36,16.02
20000,65000,30.3,60,17.09
20000,39000,8.2,36,10.42
10000,55000,20.7,36,10.41
22000,35000,18.8,60,17.09
10800,50000,25.9,60,18.06
20000,85000,25.6,36,16.02
11000,35000,25.9,36,7.35
25000,69000,18.4,60,10.91
16000,40000,6.3,60,21.45
8000,50676,30.7,36,6.71
15000,63000,23.5,60,18.06
7500,86500,5.7,36,10.42
10000,65000,11.4,36,6.08
16000,57000,27.8,36,10.9
15000,53655,7,36,9.93
25000,55000,35.8,60,28.72
9000,32300,12.6,36,10.9
10000,98000,12.8,36,10.9
2000,55000,10.9,36,9.93
18000,38000,1.6,36,7.97
7000,48000,26.5,36,6.07
20000,95000,28.8,36,10.91
10000,35000,22.3,36,9.44
35000,105000,29.5,60,10.9
28000,125000,13.4,60,9.44
18000,50000,18.4,36,7.97
30000,62000,19.7,36,20
33600,72000,30.1,36,12.62
6500,32500,19.8,36,6.71
3000,142000,14,36,11.99
28000,70000,35.3,36,17.09
35000,104000,8,36,15.04
24000,69000,7.6,60,11.98
5000,60000,27.2,36,6.07
14350,30206,47.7,36,21.45
4800,53246,43.1,36,20
10050,1e+05,9.1,36,11.99
40000,120700,40.5,60,24.84
10000,2e+05,6.1,36,18.06
12000,69000,28.7,36,7.35
10000,50000,21.6,60,11.98
4000,45000,29.2,36,6.08
30000,150000,25.1,60,26.3
15000,28711,16,36,15.05
29975,109000,16.9,36,15.05
20000,54000,25.1,60,19.03
6000,60000,10.5,36,10.91
18000,180000,13.6,60,16.02
7000,150000,2,36,5.32
5000,15000,20.8,36,11.99
12000,30000,23.7,36,19.42
14500,70000,20.1,36,6.71
20000,63000,8.6,36,7.34
15000,92290,4,36,6.08
15000,45000,22.8,60,10.9
10000,41000,25.7,36,6.72
35000,138000,19.4,36,14.07
40000,56000,7.2,60,10.9
5000,25000,7.4,36,6.72
8000,68000,16,36,13.58
18000,65000,17,60,10.42
13000,52500,33.1,36,10.41
7000,80000,10.5,36,7.96
20000,45000,13.2,60,11.98
6000,45500,17.5,36,11.99
8000,48000,19,36,7.35
28000,23000,11.7,60,13.59
20000,85000,11.2,36,6.08
12000,130000,11.2,36,12.61
26400,37000,17.7,60,12.62
35000,50912,42,60,15.05
28000,50000,11.3,60,15.05
24000,140000,26.8,60,15.04
11500,34416,37.8,60,9.43
5000,34235,29.6,36,12.62
23175,125000,27,60,11.99
8000,45000,18.3,36,11.99
12250,35000,30.8,36,14.08
40000,1e+05,16.3,36,5.32
24000,103000,27.4,60,14.07
6000,72550,2.8,36,10.9
4000,55000,21.8,36,18.45
3000,95500,16.4,36,18.06
10000,15000,29.1,36,6.72
14000,59000,25,60,19.42
20000,175933,17.5,36,9.92
16000,113409,19.9,36,10.42
29000,65000,21.2,60,7.35
35000,60000,7.6,60,14.08
9600,85000,22.9,36,14.08
18000,150000,12.9,36,5.31
35000,130000,39.5,36,15.05
25000,70000,20.5,60,14.08
17000,1e+05,6,60,11.99
10000,78000,19.3,36,7.96
10000,106500,10.3,36,7.96
15000,60000,4.9,60,9.44
35000,134315,29.4,36,13.58
5000,45000,7.3,36,7.34
15000,89000,11.8,36,5.31
4000,57500,16.2,36,6.71
20000,102000,2.2,36,5.31
20000,112700,9.1,36,11.99
10000,96000,9.4,36,6.72
30000,112500,19.4,36,11.99
5000,52000,21.4,36,5.32
10000,177000,17.1,60,12.61
4200,34500,6.4,36,10.42
16025,15000,6.8,60,23.88
10000,65000,26.4,36,6.72
10000,75000,27.2,60,14.07
17000,88000,13.5,60,9.44
10000,45000,33.4,36,17.09
28800,180000,19.1,60,12.62
30000,77900,34.6,36,19.42
10000,34000,13.7,36,10.91
16000,90000,24.6,60,14.08
10000,80000,22.4,36,6.72
10000,108000,4.6,36,10.42
35000,80000,29.3,60,21.45
36000,49000,10.8,60,16.01
24000,93600,15.8,36,11.98
12000,50000,26,36,13.58
35000,98000,22.9,60,17.47
8000,70000,14.1,36,16.02
4000,50000,3.4,36,5.32
3000,50000,25.3,36,11.98
10000,25000,32.1,36,13.59
9600,45000,18.2,36,14.08
6000,175000,8.9,36,9.44
16000,118000,12.5,36,10.41
10500,105000,12.5,36,9.92
25000,159000,12.4,60,15.05
21600,74000,19.8,60,9.44
4000,43000,4,36,12.61
15000,90500,15.9,60,21.85
22600,78000,30.1,60,30.17
15000,115000,12.8,36,19.42
5000,56000,22.3,36,10.42
32000,120000,4.8,60,14.08
40000,128000,24.8,60,11.99
36000,120000,26.2,36,6.08
8600,55000,7.3,36,13.58
30000,115000,18.4,60,10.42
18200,73623,17.7,60,9.93
6500,32500,9.9,36,10.9
27000,60705,28.9,36,14.08
25000,70000,27,36,6.07
30000,70000,9.5,36,10.91
24000,62000,19.8,36,9.44
20000,55000,45.5,60,26.3
9000,40000,6.7,36,11.99
32000,50000,33.7,36,9.43
20000,48000,15.7,60,21.45
9500,42000,23.2,36,14.08
25000,72000,24.8,36,9.44
8000,48450,20.2,36,17.09
40000,72200,50,60,21.85
8400,32000,9.3,36,17.09
10000,95500,31.3,36,14.08
25000,80000,17.9,36,13.58
4000,65000,5.1,36,5.32
10000,1e+05,4,36,12.62
12000,59000,10.9,36,9.44
28000,50000,13.7,60,14.07
8000,55000,18.8,36,10.9
30000,60000,27,36,14.08
6400,71000,18.6,36,7.97
30000,75000,4.1,60,14.07
20000,1e+05,9.7,60,13.58
10000,108000,19,36,6.72
20000,60000,11.7,60,16.02
16000,76000,8.3,36,5.32
5000,130000,12,36,7.96
15000,70000,14,36,20.39
4500,80000,10.4,36,9.93
16000,118000,18.5,60,18.06
35000,70000,21.1,36,23.88
5475,20000,11.3,36,20.39
6000,35000,20.2,36,12.61
14400,35000,35,36,14.08
20000,128000,16.3,36,10.41
10000,55000,36.2,36,19.03
10000,60000,15.2,36,6.08
10000,22000,12.1,36,10.91
12000,50000,15.2,36,7.35
10000,45000,21.8,36,6.71
10000,48000,30.9,36,10.91
7200,35000,19,36,15.04
9200,90000,37,36,12.61
15000,40000,16.6,36,11.98
18000,38500,35.6,36,14.07
3800,1e+05,9.6,36,5.31
35000,45000,44.1,36,12.61
3725,32000,34.4,36,20
10000,82000,0.7,36,10.9
30000,65000,22,60,25.82
19100,56000,22.8,60,9.44
16000,38560,17.8,36,6.08
5000,50000,7.6,36,7.96
35000,82048,30,36,17.09
6000,40000,9.7,36,10.41
15000,60000,39.3,36,10.9
18000,58000,12.4,60,17.09
10000,50000,13.1,36,11.98
40000,125000,7.2,60,13.59
3200,30000,11.3,36,12.62
19200,35000,24.9,36,18.06
12800,83000,16,36,6.71
10200,30000,22.6,36,17.09
26450,88500,24.4,60,16.01
9000,80000,7.7,36,10.42
30000,55000,11.6,36,18.06
15000,50000,12.9,36,7.35
20500,53000,32.1,36,12.62
18000,60000,8.3,60,9.44
20000,55296,24.3,60,21.85
30000,106000,11.3,36,11.99
5000,50000,18.8,36,7.97
3600,41000,16.6,36,16.01
4000,26000,43.2,36,20.39
10000,83000,12.6,60,10.9
11000,38000,24.4,36,13.58
20000,89000,21.4,36,18.06
40000,106000,16.9,60,11.98
13500,30000,14.5,36,5.31
24000,110000,22.1,36,7.97
30000,89748,17.2,36,19.03
6000,60000,2.8,36,6.07
40000,55000,28.4,36,14.08
12000,34000,13.2,36,10.91
4000,86000,10.8,36,6.71
18000,104000,31.4,36,10.9
9600,72000,23,36,19.42
30000,63000,14.8,60,25.81
20000,50000,34.2,36,13.59
17575,97500,31.4,36,5.31
2600,32000,10.6,36,12.62
3500,83000,26.1,36,12.61
25000,1e+05,11.5,36,10.42
15000,58000,23.4,36,10.91
13175,1e+05,9.7,36,21.45
20000,71000,29.7,60,11.98
8550,97000,11.2,36,9.93
30750,68353,16.1,36,25.82
21200,52279,18,36,10.42
15000,60000,34.1,36,12.61
19000,54000,28.2,60,25.82
10000,42000,22.1,36,6.71
4975,12000,10.3,36,16.01
5550,110000,34.2,36,21.45
10500,40400,27.2,36,5.32
25000,115000,23.9,36,6.72
10000,36000,6.1,60,12.62
15000,115000,23,36,9.93
16000,70000,0,36,10.42
14000,56000,9.8,36,12.62
4000,118000,8.4,36,17.09
24000,105000,22.1,60,28.72
14000,85000,9.8,36,6.08
6500,71487,18.5,36,10.42
3200,27480,24.9,36,16.01
15000,50000,25.1,36,7.97
19000,65000,22.5,36,11.99
22000,120690,12.9,60,15.05
11100,80000,20.8,60,21.85
8000,60000,12.3,36,10.9
23000,97000,7.3,36,5.31
9000,109992,2.2,36,10.42
18000,125000,5.4,36,6.07
12000,40000,6.9,36,7.35
4650,52500,9.9,36,6.71
18000,50000,25.2,36,7.97
6000,45000,13.8,36,10.42
40000,161000,20.2,60,11.99
30000,50000,30.3,60,15.05
30000,170000,27.6,60,28.72
24000,105832,10.5,36,6.72
9100,42000,15.7,36,26.77
7000,94966,10.5,36,6.08
10000,55000,22,36,16.01
16000,105000,17.8,60,19.03
20000,60000,16.4,36,9.44
40000,151500,11.8,36,5.31
9000,56000,28.6,36,9.43
7800,65000,16.8,36,9.43
25000,75000,31,36,25.82
35000,98000,17.7,60,11.98
14000,38700,29.2,36,7.97
40000,60000,15,60,13.58
13175,72000,30.1,36,9.92
5600,120000,14,36,16.02
25000,120000,4.8,36,5.32
10000,80000,16.7,36,7.35
12500,68000,19.2,60,11.99
23000,80000,8.8,60,11.98
18000,110000,17.4,36,10.91
20000,120000,18.8,36,6.07
35000,78000,14.3,60,19.42
40000,86000,20.3,36,5.32
10000,41000,16.9,60,14.08
15000,90000,10.1,36,6.07
9125,54000,25,36,15.05
12000,50000,23.4,60,24.84
8300,33996,4.4,36,14.07
17150,60000,17.9,36,12.62
3000,60000,16.2,36,10.9
12000,92000,15.7,60,17.09
16000,87000,32.7,60,14.08
11000,80000,15.9,36,18.06
35000,68000,41.4,36,10.41
23000,125000,14.9,60,12.62
12675,52000,21,36,10.41
8000,20000,17.2,36,9.44
5500,49000,17.2,36,10.42
36025,179443,28.1,36,10.91
20000,112029,11.5,36,13.59
15000,34000,30.3,60,12.62
4500,43000,18.1,36,6.08
13000,61175,6.4,36,9.44
2800,24000,5.7,36,14.07
12000,45000,44.3,36,11.99
20000,110000,33.6,60,13.59
3000,30000,31.2,36,9.44
18200,93000,9.6,36,7.96
10000,40000,15.2,36,6.72
16225,72320,14,60,12.62
3000,58764,26.6,36,10.9
6000,48000,27.9,36,7.34
15000,75000,17.8,60,18.06
12000,150000,7.2,36,21.45
18450,45000,9.8,36,6.71
5000,89000,6.3,36,9.93
16600,35000,43.4,36,7.34
5000,40000,0.8,36,11.99
6000,56000,28.7,36,9.43
10500,86000,27.7,36,10.91
5000,52000,27.8,36,9.92
9000,128000,14.8,36,10.41
30000,120000,17.8,36,7.34
10000,25000,9.1,36,11.99
8000,60000,22.6,36,9.93
13000,30000,14,36,9.93
2000,42000,17.7,36,17.09
8000,27703,8.2,36,6.72
12000,22000,4.1,36,6.72
14300,55000,5,60,13.58
12000,80000,9.4,36,6.72
20000,110000,11.6,36,11.98
2200,60000,7.6,36,6.08
35000,165000,16.6,60,19.03
17500,150000,9.7,60,24.85
3500,104177,13.4,36,14.08
20000,70000,8,36,10.42
25000,20600,25.2,36,7.96
35000,60000,33.9,60,19.03
25000,101000,15.8,60,19.42
3000,93000,13.2,36,9.93
10000,42000,14.6,36,13.58
20000,45576,4.3,36,10.9
37025,110000,31.9,36,7.96
14900,95000,30.1,60,10.42
21075,85000,21.5,36,20
20000,28000,31.8,60,19.03
20000,90540,15.9,36,14.07
5000,57000,15.5,36,6.08
10000,68000,17.1,36,7.97
25000,40000,19.4,60,23.88
18000,1e+05,12,36,10.42
12000,40000,19.3,36,7.35
5000,38000,19.7,36,14.08
4800,43000,14.2,36,7.35
4900,45000,37.5,36,7.35
19000,101000,11.2,36,13.58
35000,82000,24.5,36,16.02
29800,56000,19,60,25.81
5000,30000,25.2,36,15.04
35000,2e+05,5.4,60,10.42
6000,103000,12.4,36,13.59
15000,51883,22.3,36,14.08
8000,42000,26.7,36,6.72
8000,109000,15.1,36,20
18000,68000,13.4,60,9.93
15000,78000,27.8,36,10.42
30000,95000,28.7,36,11.99
11500,35000,18.4,36,11.99
20000,45000,20,36,10.91
9000,70000,19.4,36,7.97
15000,54000,25.1,60,10.9
10000,50000,8.6,36,6.08
4000,38000,15,36,19.42
24000,68000,26.1,36,13.59
7000,55000,14.3,36,17.09
8000,87000,18.5,36,14.07
29975,47000,26.6,36,20
1200,32000,8.7,36,19.03
20000,145000,8.5,36,9.92
15000,125000,2.2,36,6.07
10000,67000,15.5,36,18.45
15000,50000,26,36,7.35
20000,105000,14.3,36,7.96
30000,2e+05,7.4,60,14.08
8000,130000,6.1,36,6.08
12000,50000,26.8,36,10.42
10000,40000,22.4,36,6.07
11000,32000,14.5,36,10.91
10000,87600,20,36,9.92
7000,64000,18,36,6.08
20000,55000,5.9,60,9.43
30000,160000,7.4,36,7.35
17500,77400,15.1,36,12.61
16000,45000,27.6,36,9.93
40000,87500,0.3,60,15.05
40000,90000,22.7,60,13.59
5000,32000,11.4,36,20.39
12000,50160,29.4,36,11.98
3000,30000,19.8,36,15.05
4800,33000,33.4,36,10.42
1550,55000,21.6,36,9.93
20000,92000,24.5,36,20
16000,93000,9.9,36,11.99
26600,43000,35.8,36,14.08
4000,55000,21.4,36,6.71
10000,34000,27.9,60,7.97
30000,80000,26,60,14.07
16000,130000,18.9,36,5.32
28000,65000,27.4,36,17.09
20000,90000,13.6,36,7.34
12000,21444,14.4,60,17.09
25000,81000,7.3,60,12.62
28000,115000,15.3,60,28.72
12000,50000,29.3,36,14.08
16550,90000,16.1,36,7.35
17600,35000,40.1,60,24.84
24000,35000,14.2,60,25.82
5300,67760,30.7,36,9.43
10000,31280,1.8,60,15.05
11000,33000,33.7,36,9.92
7500,54000,13,36,10.42
15000,123000,15.6,36,6.72
26275,52000,14.5,36,9.92
12000,24720,18.7,36,12.62
16000,80000,24.1,60,19.42
10000,46000,19.4,36,10.91
20000,60000,19.3,60,18.45
24000,73000,17,36,9.44
18000,60000,24,36,5.31
10000,33000,4.7,36,7.34
13500,28000,15.6,60,29.69
1000,65000,16.8,36,16.02
19000,92000,15.3,36,6.72
35000,144000,22.4,60,25.81
11200,65700,14.1,36,5.32
28000,58000,25.4,60,20.39
10000,55000,15.8,36,19.42
35000,190000,25.6,36,13.59
26000,105000,24,36,10.91
8000,25000,18.3,36,6.71
15000,61000,20.9,36,7.34
16000,150000,9,60,7.96
6000,46000,34,36,6.72
15000,40000,5.5,36,6.08
10000,49500,23,60,18.45
15000,125000,6.1,60,13.59
20000,90000,15.4,36,10.42
16000,165000,15.7,60,9.44
15000,60000,37.1,36,9.93
6300,40000,25.2,36,7.34
30000,76500,24.8,60,9.43
11000,48000,24.8,36,7.97
20000,144000,13.4,36,6.08
2500,40000,0.4,36,10.41
15000,70000,16.8,36,10.9
38000,88300,7.4,60,7.34
28000,80000,5.2,60,16.02
7200,60000,12,36,11.98
40000,155000,15,36,6.08
22000,69467,17.7,36,5.32
36000,78000,22.1,60,9.93
30000,120000,27.5,60,13.59
20000,36000,31.9,36,9.44
8000,64000,15.5,36,10.91
15850,41000,25.8,60,9.93
16000,128000,15.8,60,21.85
13425,120000,40.7,36,21.85
14000,70000,9.9,36,10.91
32000,151000,1,60,13.59
20000,130000,10.3,36,12.61
20000,185000,19.9,60,12.62
3000,115000,16.9,36,16.02
5000,45000,13.3,36,10.42
4800,65000,11.7,36,20
7225,38000,19.5,36,13.58
15000,30000,2.7,60,12.61
10000,75000,8,36,6.08
2400,110000,26.1,36,13.58
8000,1e+05,29.6,36,7.96
20000,85000,20.2,36,11.99
8000,55944,28,36,16.01
24000,192000,11.1,36,6.72
16000,90000,16,60,17.09
30000,1e+05,5.9,60,14.08
20000,54000,19.8,60,7.34
4900,34000,33.8,36,7.97
9000,58000,19.3,36,6.72
21000,72000,14,36,15.04
5625,15000,36.9,36,7.96
10000,95000,20.9,36,6.08
5000,90000,19.6,36,6.08
22875,67500,28.4,36,18.45
20000,80000,17.7,36,7.97
24000,118000,6.7,60,9.44
10000,43600,44.2,60,10.42
6000,20000,37.4,36,7.35
10000,64000,12.4,36,10.91
24000,59000,37.9,36,7.97
25000,150000,17.8,36,10.41
15000,55000,36.9,36,21.45
15000,120000,8.6,36,5.32
14000,80000,30.9,60,15.05
13200,61000,2.3,60,18.45
35000,112000,11.2,36,12.61
20000,90000,13.4,60,21.45
12000,55000,24.1,60,9.44
11500,94000,3.5,36,16.02
6000,70000,19.4,36,7.34
28000,130000,16,60,7.96
21675,59000,24.4,60,13.58
5000,70000,29.4,36,9.93
13000,63000,1,36,13.59
8800,50000,29.2,36,10.41
10000,80000,25.7,36,10.41
30000,1e+05,15.7,36,21.85
24000,160000,8.7,36,9.93
7200,23000,34.2,36,11.98
6000,40000,13.2,36,9.44
2000,90000,3.1,36,6.08
20000,120000,7.3,36,7.35
2000,76892,30.7,36,17.09
10000,130000,12.8,36,15.05
4000,62000,11.9,36,10.42
6000,1e+05,8,36,7.96
30000,72000,18.4,36,15.05
40000,160000,8.8,36,7.97
9000,46000,15.4,36,13.58
9000,60000,9.1,36,9.43
4200,46500,10.7,36,19.03
7000,42000,36.3,36,9.44
6000,40000,12.5,36,11.99
6700,76000,11.3,36,10.41
1000,13000,31.1,36,9.92
15000,26000,15.2,36,7.97
18000,50000,28.7,36,9.43
4000,48000,3.4,36,6.72
10000,32000,7.2,36,15.04
12000,65000,15,36,9.44
16800,75000,20.5,36,10.91
15000,53000,32.4,36,16.01
23525,58000,38.5,36,10.41
30025,62400,35.4,36,16.01
4725,60000,31.7,36,14.08
7200,44000,20.6,36,7.34
5000,68000,13.1,36,7.97
40000,125000,21.8,36,6.08
24000,115000,16.3,36,9.43
20000,71500,31.8,60,11.99
25000,84000,17,60,15.05
25000,96500,10.9,60,11.99
15000,28000,33.8,36,20
16000,75000,24.4,36,7.35
20000,39400,10.9,36,9.43
15000,40296,28.2,36,11.99
7500,32344,25.4,36,18.45
3000,45000,37.6,36,15.05
2500,70000,9.5,36,9.43
10000,58000,10.3,36,9.93
15600,66000,20.8,60,13.59
8000,80000,18.7,36,5.32
10000,58000,10,36,16.02
8000,38000,33.4,36,10.41
10000,54000,8.4,36,10.42
10800,42000,24.5,36,7.35
14400,72000,24.6,36,11.99
16800,45000,24.7,60,13.58
10000,60000,11.7,36,5.31
12000,60000,23.9,60,11.99
6000,18375,23.6,36,25.82
16000,105000,13.8,60,11.98
15000,90000,27.5,36,5.31
16000,40000,31.6,36,15.05
28000,109600,25.5,60,10.42
30000,121000,16.1,60,9.92
40000,118000,19,60,10.42
15000,37000,29.5,36,12.62
25000,58240,12.8,36,6.71
7200,71000,25.6,36,10.91
16800,93500,15.9,60,11.99
8000,45000,28.8,36,19.03
8000,70000,31.2,36,13.59
2000,65000,13,36,6.71
6025,29000,30.5,36,16.01
10000,51000,9.8,60,15.05
30000,75000,19.1,60,23.88
10000,75000,10.9,36,12.61
2400,28000,16.9,36,22.9
32000,140000,11.4,36,12.62
16000,40000,23.2,60,18.45
1500,17500,16,36,11.99
1000,126000,10,36,18.06
26000,86110,16.2,36,6.72
15000,70000,7.9,36,17.47
10000,47000,7.6,36,6.08
23200,96000,1,60,16.02
38225,154000,10.2,36,6.07
7500,56000,23.4,36,10.42
35000,142000,16.1,60,20
11200,129000,31.6,36,5.32
12000,90000,10.3,60,20
13000,55000,10.2,36,9.93
5000,90000,4.6,36,21.45
33875,65000,34.5,36,11.99
10000,72000,7.3,60,14.07
4000,91000,7.7,36,12.61
7000,85410,28.6,36,10.9
40000,120000,14.6,36,10.91
15800,145000,11.6,60,11.98
18000,60000,14.9,36,21.45
6000,55000,5.8,36,5.31
8000,40000,1.6,36,20
12000,90000,27.8,36,9.43
15000,42000,18.3,60,14.08
3000,85000,12.4,36,5.31
7400,78000,20.7,36,11.99
12000,139000,13.5,36,9.92
25000,65000,35,36,7.96
32000,1e+05,4.3,36,6.72
6300,65000,33,36,14.07
25000,129000,12.2,60,20.39
3000,60000,22.3,36,5.31
10000,76000,3.3,36,6.08
6000,75500,19.3,36,12.61
11000,36800,26.6,36,9.93
18500,42000,20.7,36,6.08
30000,150000,12.5,36,9.44
24000,45000,23.3,36,7.97
5000,70000,20.9,36,10.91
15000,57000,13.4,36,13.58
16800,187500,11.1,60,20
18000,130000,8.8,36,7.97
5000,57000,27,36,9.44
12500,90000,7.5,36,6.72
3300,19250,27.4,36,7.35
8000,56000,12.5,36,6.08
7000,40000,38,36,21.45
16000,24000,25,36,13.59
18000,130000,5.1,60,9.92
28550,190000,26.5,36,9.93
10000,52000,22.5,36,16.02
4000,34000,20.2,36,14.07
17000,101000,17,60,16.01
18000,112000,14.1,36,10.91
37000,24402,47.1,36,5.32
6400,60000,10.4,36,6.72
12000,26000,22.8,60,21.45
15000,50000,8.2,36,7.96
30000,2e+05,4,60,10.42
7000,40000,31,36,19.03
40000,36000,46.8,60,17.09
32000,62000,17.3,60,18.06
10000,54600,9.8,36,10.9
13600,88000,21,60,16.02
8000,73000,20.7,36,7.35
40000,125000,17.9,60,7.35
12000,68000,15.4,36,19.03
20000,61401,28.6,36,14.08
28000,125000,24.1,60,15.04
12000,140000,12.6,36,14.08
13150,28000,31.5,36,14.08
5000,25800,22,36,12.61
5000,60000,35.6,36,15.04
18000,40000,23.6,60,7.35
12000,52000,17.3,36,12.61
14000,20000,33.3,36,7.96
35000,108000,15.1,36,12.61
10000,46000,28.9,60,13.59
34800,120000,12,36,14.08
15350,68520,30.2,60,9.44
10000,45000,30.1,60,13.58
25000,60000,25.1,60,12.61
16800,60000,12.5,36,5.32
16000,78000,21.4,60,16.02
30000,190000,11.2,36,17.09
21000,125000,14.2,60,9.92
18000,1e+05,17.3,36,9.93
26400,1e+05,8.4,60,9.92
5000,34320,3.8,36,9.44
12000,110000,3.2,60,9.44
35000,63478,22.1,60,20
30000,84000,29,36,17.09
28000,58000,9,60,12.61
14400,30720,27.8,60,16.02
28675,140000,23,36,10.9
5000,26000,27,36,15.04
10000,155000,31.9,36,10.42
15000,59054,24.2,36,6.08
10000,32340,37.6,60,12.62
25000,45000,8.1,60,10.9
18000,60000,18.8,36,13.59
15000,80000,23.2,60,11.99
29825,65000,39,60,19.42
12000,27354,24.4,36,16.01
6000,65000,29.4,36,10.41
6800,25000,13.2,36,7.97
6000,57000,31.2,36,10.42
6000,53000,25,36,11.98
10000,36000,29.6,36,10.42
18000,34000,38,60,12.61
25000,77000,20.7,60,26.3
13000,78816,17.6,36,7.97
20000,85000,15.4,36,7.97
15000,56000,26.8,36,9.93
10000,48000,23.8,36,10.9
2000,55000,39.8,36,9.93
5000,25000,36.9,36,11.98
24000,38400,5.8,60,18.45
25000,81000,19.7,36,9.93
7500,80000,17.3,36,5.32
35000,140000,7.8,36,6.08
40000,79043,42.5,60,9.93
35000,130000,29.3,60,28.72
30000,105000,18.9,60,14.08
35000,55000,15.9,36,13.59
32000,110000,22,60,13.59
8000,45000,19.9,36,11.99
4000,137000,2,36,7.35
16000,86000,20.4,36,6.72
10000,38400,6.5,36,9.44
4000,48000,14.6,36,10.42
32500,52764,39,36,11.99
21000,75000,25.2,60,10.42
16000,27840,44.5,60,10.91
10400,20712,31.7,36,9.43
28000,177000,21,36,7.96
10800,85000,17,60,20.39
7200,95000,16.8,36,6.72
10000,37770,1.8,36,17.47
12000,65000,29.6,36,7.97
20000,55000,24.6,60,9.93
12000,30000,35.8,60,12.61
10000,46556,4.8,36,12.61
15000,56000,21.2,60,11.99
10000,30000,25.9,36,10.41
8000,50000,13.6,36,7.97
27650,110000,28.2,60,10.42
35000,185000,6.2,60,14.08
4500,45000,12.2,36,13.59
8000,80000,27.6,36,22.91
8000,39000,9.3,36,6.72
5000,35000,7.5,36,18.06
40000,120000,17,60,12.61
10000,36000,17.3,60,22.9
8000,90000,14.9,36,14.08
21000,85000,4.3,36,20
30000,71000,20,36,18.06
4800,75000,43,36,16.01
12000,52000,7.2,60,25.82
19225,60000,35.2,36,12.62
16000,45000,23.8,60,15.05
10000,59991,12.9,60,19.42
5125,94000,37.6,36,18.06
35000,70000,17.8,60,17.09
5000,66000,38.7,36,6.72
16500,79992,16.6,36,15.04
40000,135000,16,36,6.71
36975,41000,47.2,36,10.9
1450,27500,11.3,36,19.03
5500,85000,24.5,36,11.98
17300,45930,31.2,60,11.99
6025,26000,6.6,36,12.61
4000,85000,34.4,36,7.96
21000,70000,23.5,36,9.92
23000,65000,35.9,60,12.61
18000,93500,29,60,12.61
30000,120000,26.1,36,18.06
6000,60000,21.5,36,9.92
25000,125000,4.3,60,10.41
15000,1e+05,22.9,36,6.08
10000,42500,16.8,60,13.58
7000,50000,26.6,36,10.42
10000,55000,16.2,36,10.9
2000,50000,13.2,36,6.07
15000,101000,14.4,36,10.41
30000,101400,12.2,36,20
20800,150000,15.5,36,6.08
7000,72800,7.8,36,7.96
5750,7200,0,36,20.39
20000,58000,25.4,36,16.02
10000,44000,10.5,36,10.42
30000,120000,14.4,36,15.04
30000,97000,7.4,60,19.42
40000,52000,3.3,60,13.58
30000,62400,9.5,36,9.43
25600,63000,18.2,36,16.01
32000,96000,24.2,36,9.92
10000,30000,34.3,60,11.98
40000,130000,19.4,36,9.43
10000,80000,8.7,60,12.62
29150,1e+05,23.9,36,11.99
10000,83000,20.4,36,6.07
30000,72000,41.3,36,16.02
15000,55000,36,60,12.62
16000,133000,11.8,36,9.92
4400,58000,5.4,36,18.45
35000,160000,16.1,60,20.39
4900,40000,24.8,36,21.45
10000,65000,12.1,36,6.72
10000,40000,2.5,60,9.92
30000,140000,10.5,36,5.32
20000,21900,7.9,36,11.99
28000,60000,32,60,12.61
19200,134000,23.5,36,14.07
10000,36000,8.9,36,5.32
35000,97000,24.3,36,6.08
4200,78000,12.8,36,7.97
1000,43000,20.3,36,18.45
14500,80000,18.5,36,6.08
40000,153000,12.2,60,14.08
4000,41500,18,36,10.91
12800,90000,14.9,60,10.9
40000,1e+05,8.4,60,9.93
10000,70000,19.1,36,5.31
35000,110000,25,36,10.9
10500,1e+05,17.8,36,9.93
8400,60000,16.7,36,21.85
6000,1e+05,11.3,36,10.91
20000,44000,24.8,36,11.98
15000,55700,21.2,36,12.62
10000,53900,17.5,36,10.42
7000,40000,8.5,36,20.39
17650,87125,29,36,13.58
20000,39995,9.4,36,13.59
15050,60000,35.6,36,19.03
26000,63447,7.8,60,10.91
5000,35000,23.2,36,7.96
25000,65000,15.3,36,10.41
40000,92000,19.3,60,9.93
30000,85000,30.6,36,21.45
20000,45000,5,60,14.08
40000,65000,20.9,60,13.59
4800,56000,19.8,36,16.01
40000,165000,10.3,60,15.05
40000,50000,39.9,36,11.98
20000,50000,22.4,60,13.59
10000,95000,16.6,36,7.97
26000,120000,14.5,36,18.45
14000,72000,18.7,36,13.58
20000,65000,40.9,36,14.08
35000,75000,19.8,36,10.41
25000,108000,31.9,60,14.08
6000,30000,8.2,36,15.04
16000,39000,43.3,60,18.06
25000,42000,4.2,36,24.84
8700,90000,21.3,36,16.02
19200,32000,33.3,36,12.61
16000,30000,31,60,13.59
13500,38000,29.3,60,9.44
30000,170000,17.4,36,7.34
7000,85000,6.1,36,6.08
10000,20400,10.3,36,14.07
4200,60000,22.4,36,15.05
18000,85000,23.6,36,19.42
16000,2e+05,9.6,36,6.72
10000,36000,29.3,36,15.05
20000,60000,26.5,60,24.85
25000,55000,17.1,36,5.32
7000,58000,33.5,36,21.45
16000,95000,12.6,60,16.02
20000,35000,32.6,36,21.45
15000,78000,14.4,60,18.06
4200,50000,16,36,6.07
9600,72500,0.7,36,5.32
6300,26000,28,36,12.62
40000,72000,24.2,60,10.42
19000,56500,22.8,60,13.58
20000,36000,29.7,60,10.9
11000,74000,15.7,36,14.08
24000,1e+05,19.3,60,20
35000,180000,4.6,60,9.92
8000,70540,21.8,36,10.91
3500,59000,8.3,36,10.9
12800,59869,21.2,36,17.09
25500,60000,18.3,60,12.62
8000,70000,10.4,36,10.41
8000,45000,6,36,13.58
2000,28000,21.9,36,12.61
6700,60000,11.8,36,10.41
10000,120000,20.7,36,6.72
20000,58000,22,60,14.08
10000,50000,8.3,60,14.08
20000,38000,5.4,36,13.58
15000,36785,2.7,36,9.44
33725,40000,13.5,36,6.08
8000,43664,20.3,36,12.62
6000,50000,21.4,36,17.47
6300,35000,10.4,36,9.44
20000,2e+05,10.3,36,11.98
16000,85000,9.9,60,9.92
35400,175000,19.6,36,7.96
40000,1e+05,21,60,7.35
40000,144000,18.6,36,5.32
27575,129000,29.2,60,17.09
35000,110000,32.1,60,14.08
15000,81250,14.6,36,6.08
15500,91000,16.6,36,6.07
40000,82000,11,60,9.92
26575,85000,41.7,36,6.07
12000,53800,18.4,60,17.09
28000,72000,19.4,60,26.3
30000,1e+05,21.5,36,5.32
3000,29000,20.7,36,17.47
25000,1e+05,32.1,60,16.02
34000,98000,26.8,60,11.98
40000,139000,3.7,36,5.31
11000,29000,14.6,36,10.41
5500,65000,22,36,10.9
7000,19000,21.6,36,6.71
9000,25000,26.8,36,6.71
4000,25000,21.1,36,17.09
27000,76000,35.9,60,14.08
7000,34600,4.4,36,5.32
25000,115000,15.8,60,9.44
25000,48000,12,36,15.05
10000,36224,7.9,36,7.97
12000,28000,40.5,36,17.47
40000,105000,20.5,36,9.93
24000,65000,17.4,36,6
2400,98000,7.2,36,6.08
28000,150000,22.8,60,18.06
10000,65000,24.8,36,5.31
32000,95000,11.9,60,14.08
8300,38000,14.5,36,9.43
28000,90000,26.3,36,10.91
28000,1e+05,38.2,36,11.98
36000,175000,35,36,5.32
22500,102000,14,36,14.07
7200,150000,1.7,36,16.02
12800,60000,21.6,60,14.08
8000,90000,10.7,36,9.44
30000,93000,17.3,60,13.58
7200,180000,15.1,36,7.34
40000,110000,18.4,60,10.42
5700,30000,26.1,36,9.93
5000,56000,15.6,36,5.32
16050,155000,23.5,36,16.01
3500,57000,1.3,36,7.96
1200,14560,9.6,36,9.43
27000,101000,14.7,60,5.31
12000,53500,18,36,12.62
12500,45000,3,36,7.34
30000,80000,12.5,36,18.06
20000,65000,36.3,60,21.45
16000,38979,33.7,60,14.08
2000,60000,12.7,36,16.02
25000,1e+05,1.2,60,20
35000,150000,17.4,60,21.45
3025,78000,18.6,36,20
6000,12000,14.5,36,16.01
20000,107000,13,36,6.72
20000,64000,17.2,60,19.03
35000,108000,33.2,60,15.05
11000,130000,14.3,60,7.35
20975,30000,34.7,36,18.06
11775,13140,15.7,36,14.08
7500,21000,27.9,36,12.61
21000,79700,18.3,60,17.09
2500,56420,30.6,36,15.04
28000,160000,13.9,60,12.62
4000,34000,6.7,36,11.99
10000,63000,2.1,36,6.08
16000,20000,47.6,60,29.69
4800,27550,39.6,36,7.34
12000,38000,2.4,60,16.02
10000,33852,6.1,60,21.85
18000,97000,13,60,13.59
15000,85441,24.3,36,10.91
6000,75000,15.1,36,9.92
16000,60000,18.1,60,12.61
15000,70000,8.5,36,11.98
25000,60000,25.5,36,7.35
22500,106000,7.9,36,6.71
15000,125000,16.2,36,10.91
1500,30000,18.7,36,10.9
33900,150000,19.5,60,9.92
10000,30000,29.6,60,26.3
16000,77000,15.7,60,12.62
25000,90000,23,36,12.61
10000,35000,2.9,60,14.07
19000,97000,8.4,36,10.9
15000,90000,27.4,60,18.06
10400,112000,17.6,36,15.04
35000,167000,25.9,60,20
11000,55000,9.6,36,9.92
3025,32688,1.8,36,16.02
40000,80000,8.3,36,10.42
40000,110000,5.7,60,10.9
10000,60000,21.8,60,23.88
30000,65000,5.2,36,6.08
24000,55000,26.2,36,19.03
40000,55000,41.8,36,7.34
10000,110000,11.3,36,11.99
35000,86000,14.4,36,16.02
10000,99000,15.4,36,5.31
30000,40000,20.4,60,21.85
18000,98000,15.6,60,7.35
20000,65000,26.2,60,11.98
5400,40000,2.3,36,10.91
8000,25320,12.8,36,9.44
12000,85000,17.1,36,21.85
40000,140000,7.2,60,7.34
9000,63000,12.8,36,11.99
40000,125000,12.1,36,5.32
15000,30000,9.5,36,6.07
5000,80000,31.2,36,14.08
12000,106000,21.1,60,7.35
14000,45000,35,60,12.62
10000,28000,19.3,36,18.06
7500,78500,4.8,36,15.05
20000,140000,10,36,9.44
6000,36420,11.6,36,9.92
26000,59000,25.4,36,13.59
10800,36000,19.3,60,17.47
5000,45000,7,36,10.42
40000,1e+05,8.7,36,5.31
4000,49000,15.6,36,6.07
2750,35000,3.9,36,10.41
10000,43900,22.2,36,9.93
10000,58250,15.6,60,21.45
7000,55000,20.2,36,6.71
8000,9000,15.9,36,16.02
6025,62800,2.4,36,18.06
8000,38000,32.7,36,11.99
10000,150000,15.8,36,11.99
20000,92000,9.6,36,14.08
12000,42000,13.1,36,5.31
8000,76500,24.2,36,9.44
6000,79000,14.2,36,17.47
31650,38000,24.2,60,21.45
10800,74870,47.7,36,16.01
10000,90000,24.8,36,23.87
8500,64000,6.8,36,9.93
6100,15000,14.4,36,12.61
6000,69000,37.7,36,13.59
20000,60000,22.5,36,14.08
8000,40000,20.5,36,10.42
26000,41000,29.1,36,11.98
10000,160000,10,36,12.61
15000,50000,28.8,36,16.02
25000,50000,15,60,9.92
26000,125000,7.5,60,15.04
4300,15000,13.9,36,10.91
20000,75000,20.1,60,9.92
16000,42000,4.7,60,13.59
10800,65000,21.8,36,6.71
21000,63000,20.5,60,18.06
1600,30000,9,36,9.44
25200,40000,11.7,36,16.02
18625,88000,32.3,60,10.42
32000,141000,14.1,36,5.31
10000,55523,25.9,36,7.34
18000,140000,8.7,36,10.42
25000,40000,27.8,60,17.47
25000,75000,37.8,36,26.3
16000,42000,18.6,36,7.35
1700,45000,17.1,36,10.91
15000,96400,16.9,60,9.43
24000,132000,11.6,60,9.93
14000,38000,28.1,36,7.35
35050,78000,32,60,10.9
30000,58000,17.1,36,7.96
10000,35000,31.3,36,13.58
16000,1e+05,19.8,36,6.07
13500,55000,41.9,36,6.07
10000,43000,10.9,60,16.01
31750,103000,27.3,60,10.42
5000,82000,19.5,36,12.62
8000,43000,11.8,36,6.08
32000,56750,10.4,60,10.9
21000,145000,21.5,36,10.91
11500,36320,6.2,60,18.06
14000,67500,14.8,60,19.03
5000,48000,12.1,36,5.32
24000,103000,17.9,60,14.07
35000,139000,27.4,60,15.04
20000,115000,21.9,36,13.58
6500,67200,12.6,36,15.05
15000,65000,8.9,60,9.43
8000,50000,5,36,10.91
25500,39520,28.9,60,10.42
11000,57000,23.3,36,9.93
12000,75000,14.4,36,7.96
25000,70000,10.4,60,12.62
6500,36000,19,36,7.96
10400,77856,26.4,36,9.43
38400,96800,0.2,60,11.99
16000,37000,22.6,36,6.71
35000,98241,13.7,36,7.34
6000,62000,13.6,36,6.07
7000,65000,5.4,36,7.35
20000,95000,26.8,60,15.05
40000,1e+05,28.4,60,15.04
30000,85000,21.3,36,10.42
30000,60000,20.4,60,14.08
34000,40000,46.7,36,6.08
7000,50000,30.8,36,7.97
10000,21000,17.1,36,9.43
10000,120000,10.4,36,6.07
16200,72000,14.1,36,6.72
13200,53000,35.5,36,20.39
20000,75000,35.5,36,5.31
12000,31000,1.9,60,11.99
3800,58000,35.4,36,14.07
11000,76590,26.7,60,21.45
30000,112000,18.6,60,10.42
28000,144000,11.8,60,11.98
16000,110000,18.8,36,12.61
6000,33000,6,36,7.97
25000,101851,26.3,60,15.05
32000,65000,32.8,60,30.75
13000,106000,17.1,36,9.44
20000,54000,11.9,60,24.84
19000,52300,15.9,36,10.41
10000,40000,24.7,36,14.08
12000,44000,25.6,60,10.91
6500,65000,7,36,11.98
10000,128000,10.9,60,10.9
38000,60000,31.2,36,19.42
6025,54127,3.8,36,7.35
32000,70000,16.5,36,10.91
25000,60000,26.9,60,9.92
8000,26000,22.2,36,18.45
3000,67000,19.4,36,15.04
4000,49650,22.5,36,24.84
30000,90000,30,36,11.99
6300,70000,17.1,36,5.31
28000,120000,12.4,36,9.93
35000,120000,24,60,13.59
16000,65000,36,60,9.92
40000,150000,21.9,36,7.34
5000,65000,11.3,36,6.71
36000,130000,5.5,36,10.41
10000,45000,25,36,10.9
5000,106090,11.9,36,9.43
4000,30000,13.1,36,6.71
15000,66000,20.6,36,5.32
13000,84000,16.3,36,5.31
19375,150000,19.5,60,26.3
8000,75000,13.7,36,9.43
12600,107000,12.2,36,6.72
25000,40000,48,36,14.07
21250,85000,9.8,36,18.45
13200,79000,8.8,36,7.35
28000,50000,1.9,60,9.43
10000,45000,38.1,60,19.03
25000,120000,17,60,9.44
8000,50000,21.2,36,21.45
20000,54000,4.7,60,10.9
5000,55000,9.2,36,7.35
12000,102500,15.4,36,10.9
10000,60000,19.4,36,18.45
15000,90000,27,60,24.84
20000,45000,14.9,36,9.43
10000,60000,25.3,36,10.9
25000,110000,25.6,60,11.99
10000,50000,10.9,36,7.97
9600,40000,22.1,36,13.59
20000,80000,12.1,36,10.42
2800,103000,23.3,36,6.07
17000,55000,10.3,36,15.04
30000,86000,19.5,60,19.03
3025,25000,28.4,36,9.93
20000,195000,15.7,36,9.93
20000,31000,14.2,36,10.9
15000,160000,11.4,36,13.59
17000,85000,13,60,15.04
20000,59000,38.7,36,9.92
10000,20000,35.2,60,29.69
4000,48000,22.8,36,6.07
4300,32000,16.4,36,7.96
16125,23000,30,60,14.08
9600,50000,24.1,36,14.08
9000,40000,6.8,36,10.91
3000,1e+05,14.1,36,5.32
20000,35000,24.7,60,20
2400,70000,27.4,36,10.91
6800,70000,16.5,36,10.42
6000,29500,15.2,36,7.96
1600,18000,4.7,36,15.04
14000,36000,13.1,60,14.07
6400,35000,23.4,36,20.39
4500,32000,27.9,36,6.08
27100,56000,18.4,36,6.72
7500,65000,8.9,36,6.07
36000,75000,19.8,60,13.59
1975,57000,18.2,36,7.35
25000,60000,23.4,36,7.35
30500,96000,24.9,60,15.05
18325,65000,29.4,36,15.05
19000,87000,17.3,60,12.61
8000,50000,2.4,36,7.96
8975,33480,24,36,15.05
20000,97000,38.5,60,18.45
7000,25000,46.9,36,16.02
20000,95000,10.7,36,14.07
14000,90000,24.4,36,9.43
25000,125000,21.3,60,17.09
7000,32000,37.1,36,18.45
30000,170000,10.4,36,6.08
15000,85000,12.4,36,9.43
30000,64000,36.5,36,9.93
16000,1e+05,21.7,60,9.93
20000,114000,14.6,36,9.93
31200,49000,36.2,60,21.45
12500,106000,22.3,36,7.35
40000,150000,6.3,36,6.07
16000,55000,22.2,60,9.43
3200,65000,9.8,36,9.92
10000,65000,27.1,60,15.05
20000,96774,0,36,9.44
35000,75000,28.4,60,11.99
23000,70000,15.3,60,9.93
5000,20000,23.2,36,7.97
4800,40000,12.1,36,10.41
24000,108000,22.3,36,7.35
10000,121000,32.4,36,19.03
30000,67000,45.3,36,23.88
24000,80000,12,36,5.32
12800,66000,20.8,36,10.91
