title,score,scored_by,rank,popularity,members,favorites,episodes,type,source,status,year,season,rating,duration,genres,themes,demographics,studios,producers,licensors
Frieren: Beyond Journey's End,9.26,906988,1.0,103,1470685,91153,28.0,TV,Manga,Finished Airing,2023.0,fall,PG-13 - Teens 13 or older,24 min per ep,"Adventure, Award Winning, Drama, Fantasy",,Shounen,Madhouse,"Aniplex, Dentsu, Shogakukan-Shueisha Productions, Nippon Television Network, TOHO animation, Shogakukan",Crunchyroll
Re:ZERO -Starting Life in Another World- Season 4,9.19,76899,2.0,1015,278785,6098,19.0,TV,Light novel,Currently Airing,2026.0,spring,R - 17+ (violence & profanity),23 min per ep,"Drama, Fantasy, Suspense","Isekai, Psychological, Time Travel",,White Fox,"AT-X, Magic Capsule, Memory-Tech, Hakuhodo DY Music & Pictures, Kadokawa, DAXEL",
Fullmetal Alchemist: Brotherhood,9.11,2324176,3.0,3,3705252,243877,64.0,TV,Manga,Finished Airing,2009.0,spring,R - 17+ (violence & profanity),24 min per ep,"Action, Adventure, Drama, Fantasy",Military,Shounen,Bones,"Aniplex, Square Enix, Mainichi Broadcasting System, Techno Sound","Funimation, Aniplex of America"
Steel Ball Run: JoJo's Bizarre Adventure,9.11,99102,4.0,1300,218034,7481,,ONA,Manga,Currently Airing,,,R - 17+ (violence & profanity),47 min,"Action, Adventure, Mystery, Supernatural","Historical, Racing","Seinen, Shounen",David Production,"Warner Bros. Japan, Studio Mausu, ONEMUSIC",
Steins;Gate,9.07,1528890,5.0,14,2829293,203509,24.0,TV,Visual novel,Finished Airing,2011.0,spring,PG-13 - Teens 13 or older,24 min per ep,"Drama, Sci-Fi, Suspense","Psychological, Time Travel",,White Fox,"Frontier Works, Media Factory, Kadokawa Shoten, Movic, AT-X, Kadokawa Pictures Japan, Nitroplus, MAGES.",Funimation
Chainsaw Man – The Movie: Reze Arc,9.06,328255,6.0,520,508650,14487,1.0,Movie,Manga,Finished Airing,,,R - 17+ (violence & profanity),1 hr 39 min,"Action, Fantasy","Gore, Urban Fantasy",Shounen,MAPPA,,
Gintama: The Very Final,9.05,87911,7.0,1506,186018,4698,1.0,Movie,Manga,Finished Airing,,,PG-13 - Teens 13 or older,1 hr 44 min,"Action, Comedy, Drama, Sci-Fi","Gag Humor, Historical, Parody, Samurai",Shounen,Bandai Namco Pictures,"TV Tokyo, Aniplex, Dentsu, Bandai, Warner Bros. Japan, Shueisha",Eleven Arts
Gintama Season 4,9.05,273824,8.0,349,695204,17583,51.0,TV,Manga,Finished Airing,2015.0,spring,PG-13 - Teens 13 or older,24 min per ep,"Action, Comedy, Sci-Fi","Gag Humor, Historical, Parody, Samurai",Shounen,Bandai Namco Pictures,"TV Tokyo, Aniplex, Dentsu","Funimation, Crunchyroll"
Attack on Titan Season 3 Part 2,9.05,1806922,9.0,20,2612946,63577,10.0,TV,Manga,Finished Airing,2019.0,spring,R - 17+ (violence & profanity),23 min per ep,"Action, Drama, Suspense","Gore, Military, Survival",Shounen,Wit Studio,"Production I.G, Dentsu, Mainichi Broadcasting System, Pony Canyon, Kodansha, Techno Sound, Pony Canyon Enterprises",Funimation
Hunter x Hunter (2011),9.03,1993263,10.0,8,3210557,230548,148.0,TV,Manga,Finished Airing,2011.0,fall,PG-13 - Teens 13 or older,23 min per ep,"Action, Adventure, Fantasy",,Shounen,Madhouse,"VAP, Nippon Television Network, Shueisha",VIZ Media
Legend of the Galactic Heroes,9.02,88482,11.0,757,365867,18005,110.0,OVA,Novel,Finished Airing,,,R - 17+ (violence & profanity),26 min per ep,"Drama, Sci-Fi","Adult Cast, Military, Space",,"K-Factory, Kitty Film Mitaka Studio","TV Tokyo, Kitty Films, Tokuma Shoten, Tokuma Japan Communications, Wright Staff",Sentai Filmworks
Gintama Season 2,9.02,259120,12.0,408,617873,8653,51.0,TV,Manga,Finished Airing,2011.0,spring,PG-13 - Teens 13 or older,24 min per ep,"Action, Comedy, Sci-Fi","Gag Humor, Historical, Parody, Samurai",Shounen,Sunrise,"TV Tokyo, Aniplex, Dentsu, Trinity Sound, Miracle Robo, Shueisha",
Gintama: Enchousen,9.02,180210,13.0,766,360087,3188,13.0,TV,Manga,Finished Airing,2012.0,fall,PG-13 - Teens 13 or older,24 min per ep,"Action, Comedy, Sci-Fi","Gag Humor, Historical, Parody, Samurai",Shounen,Sunrise,"TV Tokyo, Aniplex, Dentsu, Shueisha, Miracle Bus",
One Piece Fan Letter,9.01,114816,14.0,1698,159975,2624,1.0,TV Special,Light novel,Finished Airing,,,PG-13 - Teens 13 or older,24 min,"Action, Adventure, Fantasy",,Shounen,Toei Animation,,
Bleach: Thousand-Year Blood War,8.98,387868,15.0,332,715955,23377,13.0,TV,Manga,Finished Airing,2022.0,fall,R - 17+ (violence & profanity),24 min per ep,"Action, Adventure, Supernatural",,Shounen,Studio Pierrot,"TV Tokyo, Aniplex, Dentsu, Shueisha",VIZ Media
Gintama Season 5,8.98,160971,16.0,793,350781,2858,12.0,TV,Manga,Finished Airing,2017.0,winter,PG-13 - Teens 13 or older,24 min per ep,"Action, Comedy, Sci-Fi","Gag Humor, Historical, Parody, Samurai",Shounen,Bandai Namco Pictures,"TV Tokyo, Aniplex, Dentsu, Shueisha",
Kaguya-sama: Love is War -Ultra Romantic-,8.95,642566,17.0,163,1123113,33316,13.0,TV,Manga,Finished Airing,2022.0,spring,PG-13 - Teens 13 or older,23 min per ep,"Comedy, Romance",School,Seinen,A-1 Pictures,"Aniplex, Mainichi Broadcasting System, Magic Capsule, Shueisha, JR East Marketing & Communications",Aniplex of America
Clannad: After Story,8.93,702919,18.0,124,1292211,74445,24.0,TV,Visual novel,Finished Airing,2008.0,fall,PG-13 - Teens 13 or older,24 min per ep,"Drama, Romance",,,Kyoto Animation,"Pony Canyon, TBS, Rakuonsha, Animation Do",Sentai Filmworks
Fruits Basket: The Final Season,8.93,282677,19.0,443,568108,21437,13.0,TV,Manga,Finished Airing,2021.0,spring,PG-13 - Teens 13 or older,23 min per ep,"Drama, Romance, Supernatural",,Shoujo,TMS Entertainment,"TV Tokyo, TV Osaka, Nihon Ad Systems, Hakusensha, Avex Pictures, TMS Music, 8PAN",Funimation
Gintama,8.93,426246,20.0,147,1160787,62210,201.0,TV,Manga,Finished Airing,2006.0,spring,PG-13 - Teens 13 or older,24 min per ep,"Action, Comedy, Sci-Fi","Gag Humor, Historical, Parody, Samurai",Shounen,Sunrise,"TV Tokyo, Aniplex, Dentsu, Trinity Sound, Miracle Robo, Shueisha","Sentai Filmworks, Crunchyroll"
A Silent Voice,8.93,1812398,21.0,19,2635301,96717,1.0,Movie,Manga,Finished Airing,,,PG-13 - Teens 13 or older,2 hr 10 min,"Award Winning, Drama",,Shounen,Kyoto Animation,"Shochiku, Pony Canyon, Kodansha, ABC Animation, Quaras","Eleven Arts, NYAV Post, GKIDS"
Code Geass: Lelouch of the Rebellion R2,8.92,1305874,22.0,50,1967200,81717,25.0,TV,Original,Finished Airing,2008.0,spring,R - 17+ (violence & profanity),24 min per ep,"Award Winning, Drama, Sci-Fi","Mecha, Military, Super Power",,Sunrise,"Bandai Visual, Mainichi Broadcasting System, Bandai, Bandai Namco Entertainment, Hakuhodo DY Media Partners","Funimation, Bandai Entertainment"
The Apothecary Diaries Season 2,8.91,274643,23.0,491,522932,8104,24.0,TV,Light novel,Finished Airing,2025.0,winter,PG-13 - Teens 13 or older,24 min per ep,"Drama, Mystery","Historical, Medical",,"OLM, TOHO animation STUDIO","Dentsu, Square Enix, Nippon Television Network, TOHO animation, Sound Team Don Juan, Shogakukan, Imagica Infos",
March Comes In Like a Lion 2nd Season,8.9,216334,24.0,613,441010,15474,22.0,TV,Manga,Finished Airing,2017.0,fall,PG-13 - Teens 13 or older,25 min per ep,Drama,Strategy Game,Seinen,Shaft,"Aniplex, Dentsu, NHK, Hakusensha, Asmik Ace, Toy's Factory, NHK Enterprises",Aniplex of America
Gintama: The Movie: The Final Chapter: Be Forever Yorozuya,8.89,145248,25.0,1080,263676,2164,1.0,Movie,Manga,Finished Airing,,,PG-13 - Teens 13 or older,1 hr 50 min,"Action, Comedy, Sci-Fi","Gag Humor, Historical, Parody, Samurai, Time Travel",Shounen,Sunrise,"TV Tokyo, Aniplex, Dentsu, Bandai, Warner Bros. Japan, Shueisha",
Gintama. Silver Soul Arc - Second Half War,8.88,107844,27.0,1246,227747,1106,14.0,TV,Manga,Finished Airing,2018.0,summer,PG-13 - Teens 13 or older,24 min per ep,"Action, Comedy, Sci-Fi","Gag Humor, Historical, Parody, Samurai",Shounen,Bandai Namco Pictures,"TV Tokyo, Aniplex, Dentsu, Shueisha",
Owarimonogatari Second Season,8.86,211449,28.0,617,439654,9226,7.0,TV Special,Light novel,Finished Airing,,,R - 17+ (violence & profanity),22 min per ep,"Comedy, Mystery, Supernatural",Vampire,,Shaft,"Aniplex, Kodansha",Aniplex of America
Attack on Titan: Final Season - The Final Chapters,8.86,537290,29.0,245,879378,17497,2.0,TV Special,Manga,Finished Airing,,,R - 17+ (violence & profanity),1 hr 12 min per ep,"Action, Drama, Suspense","Gore, Military, Survival",Shounen,MAPPA,"Production I.G, Dentsu, Mainichi Broadcasting System, Pony Canyon, Kodansha, Techno Sound, Pony Canyon Enterprises",Funimation
Frieren: Beyond Journey's End Season 2,8.86,260553,30.0,440,569831,7573,10.0,TV,Manga,Finished Airing,2026.0,winter,PG-13 - Teens 13 or older,24 min per ep,"Adventure, Drama, Fantasy",,Shounen,Madhouse,"Aniplex, Dentsu, Shogakukan-Shueisha Productions, Nippon Television Network, TOHO animation, Sound Team Don Juan, Miracle Bus, Shogakukan, Toho Music",
Kingdom Season 3,8.85,56500,31.0,1945,135739,2840,26.0,TV,Manga,Finished Airing,2020.0,spring,R - 17+ (violence & profanity),25 min per ep,Action,"Historical, Military",Seinen,"Studio Pierrot, Studio Signpost","Shueisha, NHK Enterprises",Funimation
The Apothecary Diaries,8.85,488764,32.0,254,863917,29285,24.0,TV,Light novel,Finished Airing,2023.0,fall,PG-13 - Teens 13 or older,22 min per ep,"Drama, Mystery","Historical, Medical",,"OLM, TOHO animation STUDIO","Dentsu, Square Enix, Nippon Television Network, TOHO animation, Shogakukan, Imagica Infos",Crunchyroll
Attack on Titan: The Last Attack,8.83,44554,33.0,2517,93896,677,1.0,Movie,Manga,Finished Airing,,,R - 17+ (violence & profanity),2 hr 24 min,"Action, Drama, Suspense","Gore, Military, Survival",Shounen,MAPPA,Pony Canyon,
Vinland Saga Season 2,8.83,494743,34.0,251,870688,20973,24.0,TV,Manga,Finished Airing,2023.0,winter,R - 17+ (violence & profanity),25 min per ep,"Action, Adventure, Drama","Gore, Historical",Seinen,MAPPA,"Dentsu, Kodansha, Twin Engine",Crunchyroll
Violet Evergarden: The Movie,8.83,345110,35.0,319,735934,9905,1.0,Movie,Light novel,Finished Airing,,,PG-13 - Teens 13 or older,2 hr 20 min,"Award Winning, Drama",,,Kyoto Animation,"Shochiku, ABC Animation",Funimation
Your Name.,8.82,2094764,36.0,12,3044848,95703,1.0,Movie,Original,Finished Airing,,,PG-13 - Teens 13 or older,1 hr 46 min,"Award Winning, Drama",,,CoMix Wave Films,"TOHO, Sound Team Don Juan, Lawson HMV Entertainment, Amuse, JR East Marketing & Communications, Kadokawa, voque ting","Funimation, NYAV Post"
Tomorrow's Joe 2,8.81,26684,37.0,3035,69016,3465,47.0,TV,Manga,Finished Airing,1980.0,fall,PG-13 - Teens 13 or older,24 min per ep,"Drama, Sports",Combat Sports,Shounen,Tokyo Movie Shinsha,Annapuru,
Gintama. Silver Soul Arc,8.81,116717,38.0,1192,239392,1242,12.0,TV,Manga,Finished Airing,2018.0,winter,PG-13 - Teens 13 or older,24 min per ep,"Action, Comedy, Sci-Fi","Gag Humor, Historical, Parody, Samurai",Shounen,Bandai Namco Pictures,"TV Tokyo, Aniplex, Dentsu, Shueisha",
Attack on Titan: Final Season,8.79,1535362,39.0,29,2308349,54206,16.0,TV,Manga,Finished Airing,2021.0,winter,R - 17+ (violence & profanity),23 min per ep,"Action, Drama, Suspense","Gore, Military, Survival",Shounen,MAPPA,"Production I.G, Dentsu, Mainichi Broadcasting System, Pony Canyon, Kodansha, Techno Sound, Pony Canyon Enterprises",Funimation
Fighting Spirit,8.78,345722,40.0,344,700687,25516,75.0,TV,Manga,Finished Airing,2000.0,fall,PG-13 - Teens 13 or older,23 min per ep,Sports,Combat Sports,Shounen,Madhouse,VAP,"Discotek Media, Geneon Entertainment USA"
Kizumonogatari Part 3: Cold-Blooded,8.78,300661,41.0,507,516420,8292,1.0,Movie,Light novel,Finished Airing,,,R - 17+ (violence & profanity),1 hr 22 min,"Action, Mystery, Supernatural",Vampire,,Shaft,"Aniplex, Kodansha",Aniplex of America
Mob Psycho 100 II,8.78,1097721,42.0,73,1739299,33923,13.0,TV,Web manga,Finished Airing,2019.0,winter,PG-13 - Teens 13 or older,24 min per ep,"Action, Comedy, Supernatural",,,Bones,"Warner Bros. Japan, KlockWorx, BS Fuji, Hakuhodo DY Music & Pictures, Shogakukan",Funimation
Vinland Saga,8.78,1075418,43.0,61,1841524,57898,24.0,TV,Manga,Finished Airing,2019.0,summer,R - 17+ (violence & profanity),24 min per ep,"Action, Adventure, Drama","Gore, Historical",Seinen,Wit Studio,"Production I.G, Dentsu, Kodansha, Twin Engine",Sentai Filmworks
Haikyu!! 3rd Season,8.77,879079,44.0,117,1335493,16045,10.0,TV,Manga,Finished Airing,2016.0,fall,PG-13 - Teens 13 or older,24 min per ep,Sports,"School, Team Sports",Shounen,Production I.G,"Dentsu, Mainichi Broadcasting System, Movic, Sony Music Entertainment, TOHO animation, Shueisha",Sentai Filmworks
Spirited Away,8.77,1419489,45.0,45,2038983,35214,1.0,Movie,Original,Finished Airing,,,PG - Children,2 hr 4 min,"Adventure, Award Winning, Fantasy",Mythology,,Studio Ghibli,"Dentsu, TOHO, Tokuma Shoten, Tohokushinsha Film Corporation, Nippon Television Network, Mitsubishi","Disney Platform Distribution, GKIDS"
Attack on Titan: Final Season Part 2,8.77,945850,46.0,87,1577662,32602,12.0,TV,Manga,Finished Airing,2022.0,winter,R - 17+ (violence & profanity),23 min per ep,"Action, Drama, Suspense","Gore, Military, Survival",Shounen,MAPPA,"Production I.G, Dentsu, Mainichi Broadcasting System, Pony Canyon, Kodansha, Pony Canyon Enterprises",Funimation
Monogatari Series: Second Season,8.76,381877,47.0,327,722456,24435,26.0,TV,Light novel,Finished Airing,2013.0,summer,R - 17+ (violence & profanity),25 min per ep,"Comedy, Mystery, Romance, Supernatural",Vampire,,Shaft,"Aniplex, Kodansha, Cyclone Graphics",Aniplex of America
Cowboy Bebop,8.75,1067314,48.0,41,2068619,90138,26.0,TV,Original,Finished Airing,1998.0,spring,R - 17+ (violence & profanity),24 min per ep,"Action, Award Winning, Sci-Fi","Adult Cast, Space",,Sunrise,"Bandai Visual, Victor Entertainment, Audio Planning U",Funimation
Lord of Mysteries Specials,8.75,4375,49.0,6310,14321,99,3.0,ONA,Web novel,Finished Airing,,,R - 17+ (violence & profanity),24 min per ep,"Action, Fantasy, Mystery, Suspense","Adult Cast, Isekai",,B.CMAY PICTURES,"Tencent Video, China Literature Limited",
Takopi's Original Sin,8.75,185953,50.0,850,334011,7091,6.0,ONA,Manga,Finished Airing,,,R - 17+ (violence & profanity),26 min per ep,"Drama, Sci-Fi","Psychological, Time Travel",Shounen,Enishiya,"TBS, Movic, Magic Capsule, KlockWorx, Good Smile Company, Toy's Factory, Toho Music",
86 Eighty-Six Part 2,8.73,381018,51.0,379,651902,18882,12.0,TV,Light novel,Finished Airing,2021.0,fall,R - 17+ (violence & profanity),23 min per ep,"Drama, Sci-Fi","Mecha, Military",,A-1 Pictures,"Aniplex, Kadokawa, Bandai Spirits",
Bocchi the Rock!,8.73,486593,52.0,286,805844,37258,12.0,TV,4-koma manga,Finished Airing,2022.0,fall,PG-13 - Teens 13 or older,23 min per ep,Comedy,"CGDCT, Music",,CloverWorks,"Aniplex, Houbunsha",Crunchyroll
Sound! Euphonium 3,8.73,39814,53.0,2418,99652,2246,13.0,TV,Novel,Finished Airing,2024.0,spring,PG-13 - Teens 13 or older,24 min per ep,Drama,"Music, Performing Arts, School",,Kyoto Animation,"Lantis, Pony Canyon, Rakuonsha, ABC Animation, Heart Company, Bandai Namco Music Live",
Journal with Witch,8.73,42090,54.0,2156,117866,1991,13.0,TV,Manga,Finished Airing,2026.0,winter,PG-13 - Teens 13 or older,23 min per ep,Drama,,Josei,Shuka,"Pony Canyon, Movic, Ai Addiction, Tokyo MX, ABC Animation, BS Asahi",
Kingdom Season 4,8.73,41760,55.0,2552,92093,1215,26.0,TV,Manga,Finished Airing,2022.0,spring,R - 17+ (violence & profanity),24 min per ep,Action,"Historical, Military",Seinen,"Studio Pierrot, Studio Signpost","Avex Pictures, Shueisha, NHK Enterprises",
One Piece,8.73,1542050,56.0,17,2700680,253805,,TV,Manga,Currently Airing,1999.0,fall,PG-13 - Teens 13 or older,24 min,"Action, Adventure, Fantasy",,Shounen,Toei Animation,"Fuji TV, TAP","Funimation, 4Kids Entertainment"
Orb: On the Movements of the Earth,8.72,124235,57.0,925,305559,8049,25.0,TV,Manga,Finished Airing,2024.0,fall,R - 17+ (violence & profanity),25 min per ep,Drama,Historical,Seinen,Madhouse,"Shogakukan-Shueisha Productions, Shogakukan, NHK Enterprises, SKY Perfect Pictures",
Kingdom Season 5,8.72,29585,58.0,3160,64245,625,13.0,TV,Manga,Finished Airing,2024.0,winter,R - 17+ (violence & profanity),24 min per ep,Action,"Historical, Military",Seinen,"Studio Pierrot, Studio Signpost","Avex Pictures, Shueisha, Jinnan Studio, NHK Enterprises",
Mob Psycho 100 III,8.72,453530,59.0,249,872314,12823,12.0,TV,Web manga,Finished Airing,2022.0,fall,PG-13 - Teens 13 or older,23 min per ep,"Action, Comedy, Supernatural",,,Bones,"Shogakukan-Shueisha Productions, Warner Bros. Japan, KlockWorx, BS Fuji, Hakuhodo DY Music & Pictures, Shogakukan, Peerless Gerbera",
Mushi-shi: Next Passage Part 2,8.72,117110,60.0,958,294375,1579,10.0,TV,Manga,Finished Airing,2014.0,fall,PG-13 - Teens 13 or older,23 min per ep,"Adventure, Mystery, Slice of Life, Supernatural","Adult Cast, Historical, Iyashikei",Seinen,Artland,"Aniplex, Kodansha, Delfi Sound",Aniplex of America
My Hero Academia Final Season,8.71,171364,61.0,876,325486,3213,11.0,TV,Manga,Finished Airing,2025.0,fall,PG-13 - Teens 13 or older,23 min per ep,Action,"School, Super Power",Shounen,Bones Film,"Bones, Dentsu, Yomiuri Telecasting, Movic, Sony Music Entertainment, TOHO animation, Shueisha, Techno Sound, Toho Music",
Kaguya-sama: Love is War -The First Kiss That Never Ends-,8.71,221055,63.0,708,388417,2344,1.0,Movie,Manga,Finished Airing,,,PG-13 - Teens 13 or older,1 hr 36 min,"Comedy, Drama, Romance",School,Seinen,A-1 Pictures,"Aniplex, Mainichi Broadcasting System, Shueisha, JR East Marketing & Communications",Aniplex of America
Bleach: Thousand-Year Blood War - The Separation,8.7,240585,64.0,642,422709,5162,13.0,TV,Manga,Finished Airing,2023.0,summer,R - 17+ (violence & profanity),24 min per ep,"Action, Adventure, Supernatural",,Shounen,Studio Pierrot,"TV Tokyo, Aniplex, Dentsu, Shueisha, Zack Promotion",VIZ Media
Jujutsu Kaisen Season 2,8.7,845438,65.0,105,1424246,26382,23.0,TV,Manga,Finished Airing,2023.0,summer,R - 17+ (violence & profanity),23 min per ep,"Action, Supernatural","Gore, School",Shounen,MAPPA,"Mainichi Broadcasting System, TOHO animation, Shueisha, dugout, Sumzap",Crunchyroll
Link Click,8.7,191942,66.0,542,487009,15043,11.0,ONA,Original,Finished Airing,,,PG-13 - Teens 13 or older,23 min per ep,"Drama, Mystery, Suspense","Adult Cast, Super Power, Time Travel",,LAN Studio,"bilibili, BeDream",Funimation
Descending Stories: Showa Genroku Rakugo Shinju,8.7,70013,67.0,1394,202943,3249,12.0,TV,Manga,Finished Airing,2017.0,winter,PG-13 - Teens 13 or older,24 min per ep,Drama,"Adult Cast, Historical, Love Polygon, Performing Arts",Josei,Studio Deen,"Mainichi Broadcasting System, Kodansha, DAX Production, King Records",
The First Slam Dunk,8.7,37038,68.0,2816,78486,1104,1.0,Movie,Manga,Finished Airing,,,PG-13 - Teens 13 or older,2 hr 4 min,"Award Winning, Sports","School, Team Sports",Shounen,"Toei Animation, DandeLion Animation Studio",Shueisha,GKIDS
Demon Slayer: Kimetsu no Yaiba Entertainment District Arc,8.69,1128529,69.0,70,1757748,25162,11.0,TV,Manga,Finished Airing,2022.0,winter,R - 17+ (violence & profanity),26 min per ep,"Action, Supernatural",Historical,Shounen,ufotable,"Aniplex, Studio Mausu, Shueisha","Aniplex of America, Crunchyroll"
Mushi-shi: Next Passage Part 1,8.69,128763,70.0,865,328400,1653,10.0,TV,Manga,Finished Airing,2014.0,spring,PG-13 - Teens 13 or older,24 min per ep,"Adventure, Mystery, Slice of Life, Supernatural","Adult Cast, Historical, Iyashikei",Seinen,Artland,"Aniplex, Kodansha, Delfi Sound",Aniplex of America
Samurai X: Trust and Betrayal,8.69,144553,71.0,963,293317,6460,4.0,OVA,Manga,Finished Airing,,,R - 17+ (violence & profanity),29 min per ep,"Action, Drama, Romance","Adult Cast, Historical, Samurai",Shounen,Studio Deen,Aniplex,"ADV Films, Aniplex of America"
Violet Evergarden,8.69,1098379,72.0,46,2011245,69708,13.0,TV,Light novel,Finished Airing,2018.0,winter,PG-13 - Teens 13 or older,24 min per ep,Drama,,,Kyoto Animation,"Lantis, Pony Canyon, Rakuonsha, ABC Animation",Funimation
[Oshi No Ko] Season 3,8.69,119816,73.0,1010,279943,2256,11.0,TV,Manga,Finished Airing,2026.0,winter,PG-13 - Teens 13 or older,27 min per ep,Drama,"Reincarnation, Showbiz",Seinen,Doga Kobo,"Delfi Sound, Shueisha, CyberAgent, Kadokawa",
The Dangers in My Heart Season 2,8.68,180903,74.0,900,316781,6187,13.0,TV,Manga,Finished Airing,2024.0,winter,PG-13 - Teens 13 or older,23 min per ep,"Comedy, Romance",School,Shounen,Shin-Ei Animation,"Dentsu, TV Asahi, Movic, Magic Capsule, Avex Pictures, Akita Shoten, BS Asahi, TV Asahi Music",Sentai Filmworks
Great Teacher Onizuka,8.68,452194,75.0,221,926769,28943,43.0,TV,Manga,Finished Airing,1999.0,summer,R - 17+ (violence & profanity),25 min per ep,Comedy,"Delinquents, School, Workplace",Shounen,Studio Pierrot,"Aniplex, Fuji TV, Zack Promotion","Discotek Media, Tokyopop"
Bleach: Thousand-Year Blood War - The Conflict,8.67,163767,76.0,923,306130,3779,14.0,TV,Manga,Finished Airing,2024.0,fall,R - 17+ (violence & profanity),24 min per ep,"Action, Adventure, Supernatural",,Shounen,Pierrot Films,"Studio Pierrot, TV Tokyo, Aniplex, Dentsu, Shueisha, Zack Promotion",VIZ Media
Fighting Spirit: New Challenger,8.67,190710,77.0,863,328895,1967,26.0,TV,Manga,Finished Airing,2009.0,winter,PG-13 - Teens 13 or older,23 min per ep,Sports,Combat Sports,Shounen,Madhouse,"VAP, Kodansha, Nippon Television Network",
Howl's Moving Castle,8.67,1032220,78.0,97,1499596,31906,1.0,Movie,Novel,Finished Airing,,,G - All Ages,1 hr 59 min,"Adventure, Award Winning, Drama, Fantasy, Romance",,,Studio Ghibli,"d-rights, Tokuma Shoten, Fonishia",Disney Platform Distribution
Kingdom Season 6,8.67,18412,79.0,4078,40616,478,13.0,TV,Manga,Finished Airing,2025.0,fall,R - 17+ (violence & profanity),24 min per ep,Action,"Historical, Military",Seinen,"Studio Pierrot, Studio Signpost","Avex Pictures, Shueisha, NHK Enterprises",
Princess Mononoke,8.67,892736,80.0,108,1388575,24372,1.0,Movie,Original,Finished Airing,,,PG-13 - Teens 13 or older,2 hr 13 min,"Action, Adventure, Award Winning, Fantasy",,,Studio Ghibli,"Tokuma Shoten, Nippon Television Network, Omnibus Promotion",GKIDS
To Be Hero X,8.67,115782,81.0,1098,258170,5430,24.0,ONA,Original,Finished Airing,,,PG-13 - Teens 13 or older,23 min per ep,Action,Super Power,,"Pb Animation, LAN Studio, Paper Plane Animation Studio, B.COOL STUDIO","Aniplex, bilibili, BeDream",
Umamusume: Cinderella Gray Part 2,8.67,36186,82.0,3012,69790,731,10.0,TV,Manga,Finished Airing,2025.0,fall,PG-13 - Teens 13 or older,23 min per ep,"Drama, Sports","Anthropomorphic, Racing",Seinen,CygamesPictures,"TBS, Universal Music Japan, Cygames, Bit grooove promotion, Happinet Media Marketing",
Demon Slayer: Kimetsu no Yaiba - The Movie: Infinity Castle - Part 1: Akaza Returns,8.66,203776,83.0,705,391026,3561,1.0,Movie,Manga,Finished Airing,,,R - 17+ (violence & profanity),2 hr 35 min,"Action, Award Winning, Supernatural",Historical,Shounen,ufotable,"Aniplex, Shueisha",
The Legend of Hei 2,8.66,3299,84.0,6634,12664,101,1.0,Movie,Original,Finished Airing,,,G - All Ages,1 hr 58 min,"Adventure, Drama, Fantasy",,,HMCH,MaoYan Movie,GKIDS
The Master of Diabolism 3,8.65,35110,85.0,2458,97301,1753,12.0,ONA,Web novel,Finished Airing,,,R - 17+ (violence & profanity),24 min per ep,"Action, Adventure, Drama, Fantasy, Mystery","Historical, Mythology, Reincarnation",,B.CMAY PICTURES,Tencent Video,
Mushi-Shi,8.65,299070,86.0,227,911102,28487,26.0,TV,Manga,Finished Airing,2005.0,fall,PG-13 - Teens 13 or older,23 min per ep,"Adventure, Mystery, Slice of Life, Supernatural","Adult Cast, Historical, Iyashikei",Seinen,Artland,"Avex Entertainment, Marvelous Entertainment, SKY Perfect Well Think, Delfi Sound",Funimation
Attack on Titan Season 3,8.65,1824413,87.0,18,2685442,22589,12.0,TV,Manga,Finished Airing,2018.0,summer,R - 17+ (violence & profanity),23 min per ep,"Action, Drama, Suspense","Gore, Military, Survival",Shounen,Wit Studio,"Production I.G, Dentsu, Mainichi Broadcasting System, Pony Canyon, Kodansha, Techno Sound, Pony Canyon Enterprises",Funimation
Monogatari Series: Off & Monster Season,8.64,40549,88.0,2333,105291,903,14.0,ONA,Light novel,Finished Airing,,,R - 17+ (violence & profanity),25 min per ep,"Comedy, Mystery, Supernatural",Vampire,,Shaft,"Aniplex, Kodansha, Rakuonsha",Aniplex of America
Your Lie in April,8.64,1480749,89.0,24,2440146,90620,22.0,TV,Manga,Finished Airing,2014.0,fall,PG-13 - Teens 13 or older,22 min per ep,"Drama, Romance","Love Polygon, Music, Performing Arts, School",Shounen,A-1 Pictures,"Aniplex, Dentsu, Kodansha, Fuji TV, Lawson HMV Entertainment, Kyoraku Industrial Holdings, Kansai TV",Aniplex of America
Gurren Lagann,8.64,982474,90.0,66,1778161,85632,27.0,TV,Original,Finished Airing,2007.0,spring,PG-13 - Teens 13 or older,24 min per ep,"Adventure, Award Winning, Sci-Fi",Mecha,,Gainax,"TV Tokyo, Aniplex, Dentsu, Konami, Half H.P Studio, Bandai","ADV Films, Bandai Entertainment, Aniplex of America"
Heaven Official's Blessing Season 2,8.64,25783,91.0,3110,65954,1315,12.0,ONA,Web novel,Finished Airing,,,PG-13 - Teens 13 or older,24 min per ep,"Action, Adventure, Drama, Fantasy","Historical, Mythology",,Red Dog Culture House,bilibili,
Umamusume: Pretty Derby - Beginning of a New Era,8.64,38109,92.0,3228,61731,1129,1.0,Movie,Game,Finished Airing,,,PG-13 - Teens 13 or older,1 hr 47 min,Sports,"Anthropomorphic, Racing",,CygamesPictures,Cygames,
Fate/stay night: Heaven's Feel - III. Spring Song,8.63,225299,93.0,664,411680,8555,1.0,Movie,Visual novel,Finished Airing,,,R - 17+ (violence & profanity),2 hr 2 min,"Action, Fantasy",Urban Fantasy,,ufotable,"Aniplex, Notes, Kadokawa",Aniplex of America
Natsume's Book of Friends Season 4,8.63,117977,94.0,1066,267125,2118,13.0,TV,Manga,Finished Airing,2012.0,winter,PG-13 - Teens 13 or older,24 min per ep,"Slice of Life, Supernatural","Iyashikei, Mythology",Shoujo,Brain's Base,"TV Tokyo, Aniplex, Nihon Ad Systems, Hakusensha, Sony Music Entertainment",NIS America
Odd Taxi,8.63,252950,95.0,509,515178,9229,13.0,TV,Original,Finished Airing,2021.0,spring,PG-13 - Teens 13 or older,23 min per ep,"Award Winning, Drama, Mystery, Suspense","Adult Cast, Anthropomorphic, Organized Crime",,"OLM, P.I.C.S.","TV Tokyo, Dentsu, Pony Canyon, AT-X, Crunchyroll, Pony Canyon Enterprises, Mimoid, Yoshimoto Kogyo",
Ping Pong the Animation,8.63,205627,96.0,608,443153,17623,11.0,TV,Manga,Finished Airing,2014.0,spring,PG-13 - Teens 13 or older,23 min per ep,"Award Winning, Drama, Sports",,Seinen,Tatsunoko Production,"Aniplex, Dentsu, Fuji TV, Kyoraku Industrial Holdings",Funimation
Death Note,8.62,3024042,98.0,2,4326205,186643,37.0,TV,Manga,Finished Airing,2006.0,fall,R - 17+ (violence & profanity),23 min per ep,"Supernatural, Suspense",Psychological,Shounen,Madhouse,"VAP, Nippon Television Network, Shueisha, D.N. Dream Partners",VIZ Media
Haikyu!! Movie: The Dumpster Battle,8.62,111658,99.0,1224,233465,1757,1.0,Movie,Manga,Finished Airing,,,PG-13 - Teens 13 or older,1 hr 24 min,Sports,"School, Team Sports",Shounen,Production I.G,"Dentsu, Mainichi Broadcasting System, Movic, Sony Music Entertainment, TOHO animation, Shueisha",Crunchyroll
Look Back,8.62,144838,100.0,1133,252664,5200,1.0,Movie,Manga,Finished Airing,,,PG-13 - Teens 13 or older,57 min,"Award Winning, Drama",Otaku Culture,Shounen,Studio DURIAN,"Tohokushinsha Film Corporation, Avex Pictures, Shueisha, Amazon MGM Studios",GKIDS
Made in Abyss,8.62,842287,101.0,90,1562173,48026,13.0,TV,Web manga,Finished Airing,2017.0,summer,R - 17+ (violence & profanity),25 min per ep,"Adventure, Drama, Fantasy, Mystery, Sci-Fi",Gore,,Kinema Citrus,"AT-X, Takeshobo, Sony Music Communications, Kadokawa Media House, Cygames, Kanetsu Investment, Kadokawa, Global Solutions, IRMA LA DOUCE",Sentai Filmworks
Link Click Season 2,8.62,82096,102.0,1587,175050,2183,12.0,ONA,Original,Finished Airing,,,R - 17+ (violence & profanity),24 min per ep,"Drama, Mystery, Suspense","Adult Cast, Super Power, Time Travel",,LAN Studio,"bilibili, BeDream",
Lord of Mysteries,8.61,80454,103.0,1311,215961,4545,13.0,ONA,Web novel,Finished Airing,,,R - 17+ (violence & profanity),35 min per ep,"Action, Fantasy, Mystery, Suspense","Adult Cast, Isekai",,B.CMAY PICTURES,"Tencent Video, China Literature Limited",
Haikyu!! 2nd Season,8.61,1033121,104.0,88,1575473,16142,25.0,TV,Manga,Finished Airing,2015.0,fall,PG-13 - Teens 13 or older,24 min per ep,Sports,"School, Team Sports",Shounen,Production I.G,"Dentsu, Mainichi Broadcasting System, Movic, Sony Music Entertainment, TOHO animation, Shueisha",Sentai Filmworks
Fighting Spirit: Rising,8.61,165140,105.0,937,301272,1441,25.0,TV,Manga,Finished Airing,2013.0,fall,PG-13 - Teens 13 or older,22 min per ep,Sports,Combat Sports,Shounen,"Madhouse, MAPPA","VAP, Kodansha, Nippon Television Network",
Jujutsu Kaisen: The Culling Game Part 1,8.61,263220,106.0,481,532128,4176,12.0,TV,Manga,Finished Airing,2026.0,winter,R - 17+ (violence & profanity),23 min per ep,"Action, Supernatural",,Shounen,MAPPA,"Mainichi Broadcasting System, TOHO animation, Shueisha, dugout, Toho Music, Sumzap",
Kaguya-sama: Love is War?,8.61,966550,107.0,96,1511234,19096,12.0,TV,Manga,Finished Airing,2020.0,spring,PG-13 - Teens 13 or older,24 min per ep,"Comedy, Romance",School,Seinen,A-1 Pictures,"Aniplex, Mainichi Broadcasting System, Shueisha, JR East Marketing & Communications",Aniplex of America
Natsume's Book of Friends Season 6,8.61,76785,109.0,1370,206800,1161,11.0,TV,Manga,Finished Airing,2017.0,spring,PG-13 - Teens 13 or older,23 min per ep,"Slice of Life, Supernatural","Iyashikei, Mythology",Shoujo,Shuka,"TV Tokyo, Aniplex, Nihon Ad Systems, Hakusensha",
Bungo Stray Dogs 5,8.6,123315,111.0,1082,263442,3013,11.0,TV,Manga,Finished Airing,2023.0,summer,R - 17+ (violence & profanity),23 min per ep,"Action, Mystery","Adult Cast, Detective, Organized Crime, Super Power, Vampire",Seinen,Bones,"WOWOW, Lantis, Movic, Glovision, Crunchyroll, Sunrise Music, Kadokawa, Sony Music Solutions, Bandai Namco Music Live",
Chiikawa,8.6,6921,112.0,5296,22560,793,,TV,Web manga,Currently Airing,2022.0,spring,G - All Ages,1 min,Slice of Life,,,Doga Kobo,,Sentai Filmworks
Made in Abyss: Dawn of the Deep Soul,8.6,307705,113.0,470,542036,4005,1.0,Movie,Web manga,Finished Airing,,,R - 17+ (violence & profanity),1 hr 45 min,"Adventure, Drama, Fantasy, Mystery, Sci-Fi",Gore,,Kinema Citrus,"AT-X, Takeshobo, Kadokawa Media House, Cygames, Kanetsu Investment, Kadokawa, Global Solutions, Sony Music Solutions, IRMA LA DOUCE",Sentai Filmworks
Mushoku Tensei: Jobless Reincarnation Part 2,8.6,714745,114.0,158,1135044,19280,12.0,TV,Light novel,Finished Airing,2021.0,fall,R - 17+ (violence & profanity),23 min per ep,"Adventure, Drama, Fantasy, Ecchi","Isekai, Reincarnation",,Studio Bind,"Frontier Works, TOHO, TOHO animation, Tokyo MX, Hakuhodo DY Music & Pictures, BS11, Egg Firm, Kadokawa, GREE Entertainment",Funimation
Delicious in Dungeon,8.59,307655,115.0,422,596595,13045,24.0,TV,Manga,Finished Airing,2024.0,winter,R - 17+ (violence & profanity),25 min per ep,"Adventure, Comedy, Fantasy, Gourmet",,Seinen,Trigger,"Ultra Super Pictures, Good Smile Company, Tencent Japan, Kadokawa",
Made in Abyss: The Golden City of the Scorching Sun,8.59,264216,116.0,469,544658,6941,12.0,TV,Web manga,Finished Airing,2022.0,summer,R - 17+ (violence & profanity),25 min per ep,"Adventure, Drama, Fantasy, Mystery, Sci-Fi",Gore,,Kinema Citrus,"AT-X, Takeshobo, Kadokawa Media House, Cygames, Kadokawa, Global Solutions, Sony Music Solutions, IRMA LA DOUCE",Sentai Filmworks
Rascal Does Not Dream of a Dreaming Girl,8.59,524327,117.0,273,828854,11317,1.0,Movie,Light novel,Finished Airing,,,PG-13 - Teens 13 or older,1 hr 30 min,"Drama, Romance, Supernatural",School,,CloverWorks,"Aniplex, Tokyo MX, Hakuhodo DY Music & Pictures, Nagoya Broadcasting Network, BS11, ABC Animation, Kadokawa",Aniplex of America
The Disappearance of Haruhi Suzumiya,8.59,330497,118.0,377,652464,14405,1.0,Movie,Light novel,Finished Airing,,,PG-13 - Teens 13 or older,2 hr 41 min,"Award Winning, Mystery, Sci-Fi, Supernatural",School,,Kyoto Animation,"Lantis, Kadokawa Shoten, Rakuonsha, Animation Do","Funimation, Bandai Entertainment"
JoJo's Bizarre Adventure: Golden Wind,8.58,794231,119.0,142,1182597,35494,39.0,TV,Manga,Finished Airing,2018.0,fall,R - 17+ (violence & profanity),23 min per ep,"Action, Adventure","Organized Crime, Super Power",Shounen,David Production,"Warner Bros. Japan, KlockWorx, Medicos Entertainment, Shueisha",VIZ Media
Mushi-Shi: The Next Chapter - Drops of Bells,8.58,56367,120.0,1875,141642,236,1.0,Movie,Manga,Finished Airing,,,PG-13 - Teens 13 or older,47 min,"Adventure, Mystery, Slice of Life, Supernatural","Adult Cast, Historical, Iyashikei",Seinen,Artland,"Aniplex, Kodansha, Delfi Sound",
Nippon Sangoku: The Three Nations of the Crimson Sun,8.58,31113,121.0,2415,99773,718,12.0,TV,Web manga,Finished Airing,2026.0,spring,R - 17+ (violence & profanity),24 min per ep,Drama,Military,,Studio Kafka,"Sound Team Don Juan, Twin Engine, Amazon MGM Studios",
Evangelion: 3.0+1.0 Thrice Upon a Time,8.58,194808,122.0,634,427887,8316,1.0,Movie,Original,Finished Airing,,,PG-13 - Teens 13 or older,2 hr 35 min,"Award Winning, Drama, Sci-Fi, Suspense","Mecha, Psychological",,Khara,,GKIDS
Natsume's Book of Friends Season 7,8.57,19002,124.0,3279,59744,542,12.0,TV,Manga,Finished Airing,2024.0,fall,PG-13 - Teens 13 or older,23 min per ep,"Slice of Life, Supernatural","Iyashikei, Mythology",Shoujo,Shuka,"TV Tokyo, Aniplex, Nihon Ad Systems, Hakusensha, Ai Addiction",
Attack on Titan,8.57,3085758,125.0,1,4388663,190398,25.0,TV,Manga,Finished Airing,2013.0,spring,R - 17+ (violence & profanity),24 min per ep,"Action, Award Winning, Drama, Suspense","Gore, Military, Survival",Shounen,Wit Studio,"Production I.G, Dentsu, Mainichi Broadcasting System, Pony Canyon, Kodansha, Pony Canyon Enterprises",Funimation
Umamusume: Cinderella Gray,8.57,53922,127.0,2316,106417,1708,13.0,TV,Manga,Finished Airing,2025.0,spring,PG-13 - Teens 13 or older,23 min per ep,"Drama, Sports","Anthropomorphic, Racing",Seinen,CygamesPictures,"TBS, Universal Music Japan, Cygames, Bit grooove promotion, Happinet Media Marketing",
Haikyu!! To the Top 2nd-cour,8.56,558058,128.0,218,934629,6521,12.0,TV,Manga,Finished Airing,2020.0,fall,PG-13 - Teens 13 or older,23 min per ep,Sports,"School, Team Sports",Shounen,Production I.G,"Dentsu, Mainichi Broadcasting System, Movic, Sony Music Entertainment, TOHO animation, Shueisha",Sentai Filmworks
Kizumonogatari Part 2: Hot-Blooded,8.56,298518,129.0,536,491923,2508,1.0,Movie,Light novel,Finished Airing,,,R - 17+ (violence & profanity),1 hr 8 min,"Action, Mystery, Supernatural",Vampire,,Shaft,"Aniplex, Kodansha",Aniplex of America
Natsume's Book of Friends Season 5,8.56,84075,130.0,1367,206924,914,11.0,TV,Manga,Finished Airing,2016.0,fall,PG-13 - Teens 13 or older,23 min per ep,"Slice of Life, Supernatural","Iyashikei, Mythology",Shoujo,Shuka,"TV Tokyo, Aniplex, Nihon Ad Systems, Hakusensha",
Natsume's Book of Friends Season 3,8.56,127345,131.0,1040,273310,1507,13.0,TV,Manga,Finished Airing,2011.0,summer,PG-13 - Teens 13 or older,24 min per ep,"Slice of Life, Supernatural","Iyashikei, Mythology",Shoujo,Brain's Base,"Aniplex, Sakura Create",NIS America
Wolf Children,8.56,487842,132.0,250,871508,11935,1.0,Movie,Original,Finished Airing,,,PG-13 - Teens 13 or older,1 hr 57 min,"Award Winning, Slice of Life, Supernatural",Childcare,,Studio Chizu,"Madhouse, VAP, Dentsu, Yomiuri Telecasting, Kadokawa Shoten, TOHO, Hiroshima Television","Funimation, GKIDS"
Slam Dunk,8.56,152213,134.0,833,340236,8190,101.0,TV,Manga,Finished Airing,1993.0,fall,PG-13 - Teens 13 or older,23 min per ep,Sports,"School, Team Sports",Shounen,Toei Animation,TV Asahi,Geneon Entertainment USA
Steins;Gate 0,8.56,477586,135.0,208,961304,12939,23.0,TV,Visual novel,Finished Airing,2018.0,spring,PG-13 - Teens 13 or older,23 min per ep,"Drama, Sci-Fi, Suspense",Time Travel,,White Fox,"Frontier Works, Movic, MAGES., Kadokawa",Funimation
Witch Hat Atelier,8.56,125959,136.0,740,373963,4681,13.0,TV,Manga,Finished Airing,2026.0,spring,PG-13 - Teens 13 or older,23 min per ep,Fantasy,,Seinen,BUG FILMS,"Kodansha, Avex Pictures, Crunchyroll, Twin Engine, dugout",
Fights Break Sphere Special 3: Three Years of Pledge,8.55,5047,137.0,6874,11651,208,13.0,ONA,Web novel,Finished Airing,,,PG-13 - Teens 13 or older,24 min per ep,"Action, Adventure, Fantasy","Historical, Martial Arts",,Motion Magic,"Tencent Video, China Literature Limited, Wanda Cinemas",
I Want To Eat Your Pancreas,8.55,674956,138.0,160,1128817,23490,1.0,Movie,Novel,Finished Airing,,,PG-13 - Teens 13 or older,1 hr 48 min,"Drama, Romance",School,,Studio VOLN,"Aniplex, Asahi Shimbun, Futabasha, ABC Animation, JR East Marketing & Communications, Tohan Corporation",Aniplex of America
The Tatami Galaxy,8.55,157485,139.0,529,498287,19262,11.0,TV,Novel,Finished Airing,2010.0,spring,R - 17+ (violence & profanity),22 min per ep,"Award Winning, Comedy, Mystery, Romance, Suspense","Adult Cast, Psychological, Time Travel",,Madhouse,"Dentsu, Kadokawa Shoten, Fuji TV, TOHO, Asmik Ace, Tohokushinsha Film Corporation, Sony Music Entertainment, Fujipacific Music",Funimation
Fate/Zero Season 2,8.54,760266,140.0,140,1201337,20720,12.0,TV,Light novel,Finished Airing,2012.0,spring,R - 17+ (violence & profanity),24 min per ep,"Action, Fantasy",Urban Fantasy,,ufotable,"Aniplex, Nitroplus, Seikaisha, Notes",Aniplex of America
Grave of the Fireflies,8.54,463391,141.0,303,773131,9281,1.0,Movie,Novel,Finished Airing,,,PG-13 - Teens 13 or older,1 hr 28 min,Drama,Historical,,Studio Ghibli,,"ADV Films, Central Park Media, Sentai Filmworks, GKIDS"
Attack on Titan Season 2,8.54,2078396,142.0,13,3039394,23198,12.0,TV,Manga,Finished Airing,2017.0,spring,R - 17+ (violence & profanity),24 min per ep,"Action, Drama, Suspense","Gore, Military, Survival",Shounen,Wit Studio,"Production I.G, Dentsu, Mainichi Broadcasting System, Pony Canyon, Kodansha, Techno Sound, Pony Canyon Enterprises",Funimation
A Record Of Mortal's Journey To Immortality 4th Season,8.53,1405,143.0,10962,3307,58,52.0,ONA,Web novel,Finished Airing,,,PG-13 - Teens 13 or older,20 min per ep,"Action, Adventure, Fantasy","Historical, Martial Arts",,"Original Force, Wonder Cat Animation",bilibili,
Showa Genroku Rakugo Shinju,8.54,99881,143.0,903,316182,6063,13.0,TV,Manga,Finished Airing,2016.0,winter,PG-13 - Teens 13 or older,26 min per ep,Drama,"Historical, Love Polygon, Performing Arts",Josei,Studio Deen,"Starchild Records, Mainichi Broadcasting System, Kodansha, DAX Production",
Demon Slayer: Kimetsu no Yaiba - The Movie: Mugen Train,8.53,1189706,145.0,64,1790906,13511,1.0,Movie,Manga,Finished Airing,,,R - 17+ (violence & profanity),1 hr 56 min,"Action, Supernatural",Historical,Shounen,ufotable,"Aniplex, Shueisha",Aniplex of America
Mushi-shi: The Shadow that Devours the Sun,8.53,73575,146.0,1749,154239,214,1.0,TV Special,Manga,Finished Airing,,,PG-13 - Teens 13 or older,44 min,"Adventure, Mystery, Slice of Life, Supernatural","Adult Cast, Historical, Iyashikei",Seinen,Artland,"Aniplex, Kodansha, Delfi Sound",
Natsume's Book of Friends Season 2,8.53,134756,147.0,1060,267762,1505,13.0,TV,Manga,Finished Airing,2009.0,winter,PG-13 - Teens 13 or older,24 min per ep,"Slice of Life, Supernatural","Iyashikei, Mythology",Shoujo,Brain's Base,"Aniplex, Nihon Ad Systems",NIS America
[Oshi No Ko],8.53,628880,148.0,175,1062984,31713,11.0,TV,Manga,Finished Airing,2023.0,spring,PG-13 - Teens 13 or older,30 min per ep,"Award Winning, Drama","Reincarnation, Showbiz",Seinen,Doga Kobo,"Delfi Sound, Shueisha, CyberAgent, Kadokawa",Sentai Filmworks
Fruits Basket 2nd Season,8.52,305182,149.0,431,588921,6505,25.0,TV,Manga,Finished Airing,2020.0,spring,PG-13 - Teens 13 or older,23 min per ep,"Drama, Romance, Supernatural",School,Shoujo,TMS Entertainment,"TV Tokyo, TV Osaka, Nihon Ad Systems, Hakusensha, Avex Pictures, TMS Music, 8PAN",Funimation
Gintama: The Movie,8.52,102518,150.0,1567,178243,643,1.0,Movie,Manga,Finished Airing,,,R - 17+ (violence & profanity),1 hr 35 min,"Action, Comedy, Sci-Fi","Historical, Parody, Samurai",Shounen,Sunrise,"TV Tokyo, Aniplex, Dentsu, Bandai, Warner Bros. Japan, Shueisha",Sentai Filmworks
Kaguya-sama: Love Is War - Stairway to Adulthood,8.52,53561,151.0,2242,110961,344,1.0,TV Special,Manga,Finished Airing,,,PG-13 - Teens 13 or older,52 min,"Comedy, Romance",School,Seinen,A-1 Pictures,"Aniplex, Mainichi Broadcasting System, Shueisha, JR East Marketing & Communications",
Solo Leveling Season 2: Arise from the Shadow,8.52,513805,152.0,290,800928,11555,13.0,TV,Web manga,Finished Airing,2025.0,winter,R - 17+ (violence & profanity),23 min per ep,"Action, Adventure, Fantasy","Adult Cast, Urban Fantasy",,A-1 Pictures,"Aniplex, Crunchyroll, Sonilude, Netmarble, Kakao piccoma, D&C Media",
Samurai Champloo,8.52,689469,153.0,112,1358473,41436,26.0,TV,Original,Finished Airing,2004.0,spring,R - 17+ (violence & profanity),24 min per ep,"Action, Adventure, Comedy","Historical, Samurai",,Manglobe,"Victor Entertainment, Fuji TV, Barnum Studio, Tokuma Shoten, flying DOG","Funimation, Geneon Entertainment USA"
Revue Starlight: The Movie,8.52,11319,154.0,4956,26378,1075,1.0,Movie,Original,Finished Airing,,,PG-13 - Teens 13 or older,2 hr,Drama,"Music, Performing Arts, School",,Kinema Citrus,Bushiroad,Sentai Filmworks
Smoking Behind the Supermarket with You,8.52,26325,155.0,1969,132816,917,,TV,Manga,Currently Airing,2026.0,summer,PG-13 - Teens 13 or older,Unknown,Romance,"Adult Cast, Love Status Quo",Seinen,Asahi Production,"Nichion, Bit grooove promotion",
Bakuman. Season 3,8.51,204097,156.0,799,349106,2942,25.0,TV,Manga,Finished Airing,2012.0,fall,PG-13 - Teens 13 or older,24 min per ep,"Comedy, Drama, Romance",Otaku Culture,Shounen,J.C.Staff,"NHK, Shueisha",
Dr. Stone: Science Future Part 2,8.51,121877,157.0,1196,238538,950,12.0,TV,Manga,Finished Airing,2025.0,summer,PG-13 - Teens 13 or older,24 min per ep,"Adventure, Comedy",,Shounen,TMS Entertainment,"TOHO animation, Shueisha",
Gintama. Slip Arc,8.51,113276,158.0,1270,223626,961,13.0,TV,Manga,Finished Airing,2017.0,fall,PG-13 - Teens 13 or older,23 min per ep,"Action, Comedy, Sci-Fi","Gag Humor, Historical, Parody, Samurai",Shounen,Bandai Namco Pictures,"TV Tokyo, Aniplex, Dentsu, Shueisha",
JoJo's Bizarre Adventure: Diamond Is Unbreakable,8.51,886640,159.0,129,1282446,44141,39.0,TV,Manga,Finished Airing,2016.0,spring,R - 17+ (violence & profanity),23 min per ep,"Action, Adventure",Super Power,Shounen,David Production,"Warner Bros. Japan, KlockWorx, Medicos Entertainment, Shueisha",VIZ Media
JoJo's Bizarre Adventure: Stone Ocean Part 3,8.51,207824,160.0,902,316616,3649,14.0,ONA,Manga,Finished Airing,,,R - 17+ (violence & profanity),24 min per ep,"Action, Adventure",Super Power,Shounen,David Production,"Warner Bros. Japan, KlockWorx, Medicos Entertainment, Shueisha",VIZ Media
Ghost in the Shell: Stand Alone Complex 2nd GIG,8.51,109685,161.0,1175,243152,3326,26.0,TV,Manga,Finished Airing,2004.0,winter,R - 17+ (violence & profanity),25 min per ep,"Mystery, Sci-Fi","Adult Cast, Detective, Mecha, Military",Seinen,Production I.G,"Bandai Visual, Dentsu, Victor Entertainment, Kodansha, Tokuma Shoten, Nippon Television Network, Fonishia","Bandai Entertainment, Manga Entertainment"
Puella Magi Madoka Magica the Movie: Rebellion,8.51,251493,162.0,640,424386,9826,1.0,Movie,Original,Finished Airing,,,PG-13 - Teens 13 or older,1 hr 56 min,"Award Winning, Drama, Suspense","Mahou Shoujo, Psychological",,Shaft,"Aniplex, Mainichi Broadcasting System, Movic, Nitroplus, Houbunsha, Hakuhodo DY Media Partners",Aniplex of America
[Oshi No Ko] Season 2,8.51,267498,163.0,486,529154,6096,13.0,TV,Manga,Finished Airing,2024.0,summer,PG-13 - Teens 13 or older,25 min per ep,Drama,"Reincarnation, Showbiz",Seinen,Doga Kobo,"Delfi Sound, Shueisha, CyberAgent, Kadokawa",Sentai Filmworks
given The Movie: To the Sea,8.5,11094,164.0,4509,32837,194,1.0,Movie,Manga,Finished Airing,,,PG-13 - Teens 13 or older,1 hr 20 min,"Boys Love, Drama",Music,,Lerche,"Aniplex, Dentsu, Studio Hibari, Movic, Fuji TV, Shinshokan, Blue Lynx",
Grand Blue Dreaming Season 2,8.5,93688,165.0,1371,206494,1363,12.0,TV,Manga,Finished Airing,2025.0,summer,PG-13 - Teens 13 or older,24 min per ep,Comedy,"Adult Cast, Gag Humor",Seinen,"Zero-G, Liber","Mainichi Broadcasting System, Kodansha, NBCUniversal Entertainment Japan, Avex Pictures, JR East Marketing & Communications, Saber Links, qooop",
Jujutsu Kaisen,8.5,2021940,166.0,11,3067369,96727,24.0,TV,Manga,Finished Airing,2020.0,fall,R - 17+ (violence & profanity),23 min per ep,"Action, Award Winning, Supernatural",School,Shounen,MAPPA,"Mainichi Broadcasting System, TOHO animation, Shueisha, dugout, Sumzap",VIZ Media
The Garden of Sinners Chapter 5: Paradox Spiral,8.5,140179,167.0,1117,254824,4719,1.0,Movie,Light novel,Finished Airing,,,R - 17+ (violence & profanity),1 hr 54 min,"Action, Drama, Fantasy, Mystery, Romance, Suspense",Urban Fantasy,,ufotable,"Aniplex, Kodansha, Notes",Aniplex of America
A Place Further Than The Universe,8.5,237131,168.0,459,556424,14876,13.0,TV,Original,Finished Airing,2018.0,winter,PG-13 - Teens 13 or older,23 min per ep,"Adventure, Comedy, Drama",CGDCT,,Madhouse,"Movic, AT-X, Sony Music Communications, Docomo Anime Store, Kadokawa Media House, Kadokawa, NewGin, Crunchyroll SC Anime Fund",Anime Limited
Heaven Official's Blessing Short Films,8.5,2622,169.0,6790,12016,190,,ONA,Web novel,Currently Airing,,,PG-13 - Teens 13 or older,8 min,"Action, Adventure, Drama, Fantasy","Historical, Mythology",,Red Dog Culture House,bilibili,
Renegade Immortal,8.5,3189,170.0,6787,11944,397,180.0,ONA,Web novel,Currently Airing,,,PG-13 - Teens 13 or older,25 min per ep,"Action, Adventure, Fantasy","Historical, Martial Arts",,BUILD DREAM,Tencent Video,
Laid-Back Camp Season 2,8.5,114235,171.0,1114,255291,3197,13.0,TV,Manga,Finished Airing,2021.0,winter,PG-13 - Teens 13 or older,23 min per ep,Slice of Life,"CGDCT, Iyashikei",,C-Station,"Half H.P Studio, MAGES., DeNA",
The Fragrant Flower Blooms with Dignity,8.49,238044,172.0,555,475628,8990,13.0,TV,Web manga,Finished Airing,2025.0,summer,PG-13 - Teens 13 or older,24 min per ep,"Drama, Romance",School,,CloverWorks,"Aniplex, Kodansha, Movic, Magic Capsule, Tokyo MX, BS11, Marui Group",
Mob Psycho 100,8.49,1431056,173.0,27,2336358,54985,12.0,TV,Web manga,Finished Airing,2016.0,summer,PG-13 - Teens 13 or older,24 min per ep,"Action, Comedy, Supernatural",,,Bones,"Warner Bros. Japan, KlockWorx, BS Fuji, Hakuhodo DY Music & Pictures, Shogakukan, Peerless Gerbera","Funimation, Crunchyroll"
Aria the Origination,8.48,34844,174.0,1861,142867,4306,13.0,TV,Manga,Finished Airing,2008.0,winter,G - All Ages,24 min per ep,"Sci-Fi, Slice of Life",Iyashikei,Shounen,HAL Film Maker,"Production I.G, TV Tokyo, Media Factory, Shochiku, Mag Garden",Nozomi Entertainment
Dorohedoro Season 2,8.48,26877,175.0,2647,86381,537,11.0,ONA,Manga,Finished Airing,,,R - 17+ (violence & profanity),26 min per ep,"Action, Comedy, Fantasy, Horror",Gore,Seinen,MAPPA,"dugout, Toho Music",
Ranking of Kings,8.48,402553,176.0,306,762979,13901,23.0,TV,Web manga,Finished Airing,2021.0,fall,PG-13 - Teens 13 or older,22 min per ep,"Adventure, Fantasy",,,Wit Studio,"Aniplex, Dentsu, Fuji TV, Kadokawa, Bandai Spirits",Funimation
Heaven Official's Blessing Special,8.48,31059,177.0,3251,61052,535,1.0,ONA,Web novel,Finished Airing,,,PG-13 - Teens 13 or older,21 min,"Action, Adventure, Drama, Fantasy","Historical, Mythology",,Haoliners Animation,bilibili,
Space Brothers,8.48,56044,178.0,1338,211577,3954,99.0,TV,Manga,Finished Airing,2012.0,spring,PG-13 - Teens 13 or older,24 min per ep,Comedy,"Adult Cast, Space, Workplace",Seinen,A-1 Pictures,"Yomiuri Telecasting, Trinity Sound",Sentai Filmworks
Assassination Classroom Second Season,8.47,978810,179.0,86,1577948,17973,25.0,TV,Manga,Finished Airing,2016.0,winter,PG-13 - Teens 13 or older,23 min per ep,"Action, Comedy",School,Shounen,Lerche,"Dentsu, Studio Hibari, Fuji TV, DAX Production, Avex Pictures, Shueisha, Kansai TV",Funimation
Cosmic Princess Kaguya!,8.47,49757,180.0,2411,99856,2334,1.0,ONA,Original,Finished Airing,,,PG-13 - Teens 13 or older,2 hr 20 min,"Action, Sci-Fi, Supernatural","Music, Mythology",,"Studio Colorido, Studio Chromato",Twin Engine,
Nichijou - My Ordinary Life,8.47,403260,181.0,198,988211,25730,26.0,TV,Manga,Finished Airing,2011.0,spring,PG-13 - Teens 13 or older,23 min per ep,Comedy,"Gag Humor, School",Shounen,Kyoto Animation,"Lantis, Kadokawa Shoten, Movic, Rakuonsha, Kadokawa Pictures Japan, KlockWorx, Animation Do","Funimation, Bandai Entertainment"
One-Punch Man,8.47,2433273,182.0,4,3536745,66358,12.0,TV,Web manga,Finished Airing,2015.0,fall,R - 17+ (violence & profanity),24 min per ep,"Action, Comedy","Adult Cast, Parody, Super Power",Seinen,Madhouse,"TV Tokyo, Bandai Visual, Lantis, Asatsu DK, Banpresto, Good Smile Company, Shueisha, JR East Marketing & Communications",VIZ Media
The Promised Neverland,8.47,1404944,183.0,37,2166247,32984,12.0,TV,Manga,Finished Airing,2019.0,winter,R - 17+ (violence & profanity),22 min per ep,"Mystery, Suspense","Psychological, Survival",Shounen,CloverWorks,"Aniplex, Dentsu, Fuji TV, Shueisha, CA-Cygames Anime Fund",Aniplex of America
Chihayafuru 3,8.46,71402,184.0,1714,158086,1697,24.0,TV,Manga,Finished Airing,2019.0,fall,PG-13 - Teens 13 or older,22 min per ep,"Drama, Romance, Sports","Love Polygon, School, Strategy Game",Josei,Madhouse,"Kodansha, Nippon Television Network, TC Entertainment, Nippon Television Music, FBC",Sentai Filmworks
Fate/stay night: Heaven's Feel - II. Lost Butterfly,8.46,262738,185.0,612,442209,3588,1.0,Movie,Visual novel,Finished Airing,,,R - 17+ (violence & profanity),1 hr 57 min,"Action, Fantasy",Urban Fantasy,,ufotable,"Aniplex, Notes, Kadokawa",Aniplex of America
The Master of Diabolism 2,8.46,55983,186.0,2142,119446,1309,8.0,ONA,Web novel,Finished Airing,,,R - 17+ (violence & profanity),24 min per ep,"Action, Adventure, Drama, Fantasy, Mystery","Historical, Mythology, Reincarnation",,B.CMAY PICTURES,Tencent Video,
Ne Zha 2,8.46,5716,187.0,6768,12043,78,1.0,Movie,Original,Finished Airing,,,PG-13 - Teens 13 or older,2 hr 23 min,"Action, Comedy, Drama, Fantasy",Historical,,October Media,"Enlight Pictures, Horgos Coloroom Pictures",
Love Through a Prism,8.46,23440,188.0,3154,64202,1171,20.0,ONA,Original,Finished Airing,,,PG-13 - Teens 13 or older,26 min per ep,"Drama, Romance","Adult Cast, Historical, Visual Arts",,Wit Studio,Glovision,
Rainbow,8.46,167631,189.0,636,426888,8684,26.0,TV,Manga,Finished Airing,2010.0,spring,R - 17+ (violence & profanity),22 min per ep,"Drama, Suspense","Delinquents, Historical",Seinen,Madhouse,"VAP, Nippon Television Network","Funimation, Discotek Media"
Summer Time Rendering,8.46,294835,190.0,355,686090,11554,25.0,TV,Manga,Finished Airing,2022.0,spring,R - 17+ (violence & profanity),23 min per ep,"Mystery, Supernatural, Suspense",Time Travel,Shounen,OLM,"Shogakukan-Shueisha Productions, Movic, MAGES., Tokyo MX, Shueisha, Toy's Factory, Bandai Spirits",
Yu Yu Hakusho: Ghost Files,8.46,359621,191.0,308,757312,24801,112.0,TV,Manga,Finished Airing,1992.0,fall,PG-13 - Teens 13 or older,23 min per ep,"Action, Supernatural","Martial Arts, Mythology",Shounen,Studio Pierrot,"Yomiko Advertising, Fuji TV",Funimation
Banana Fish,8.45,416603,192.0,205,968970,32199,24.0,TV,Manga,Finished Airing,2018.0,summer,R - 17+ (violence & profanity),22 min per ep,"Action, Adventure, Drama, Suspense","Delinquents, Organized Crime, Psychological",Shoujo,MAPPA,"Aniplex, Dentsu, Movic, Fuji TV, Shogakukan",
Gintama: The Semi-Final,8.45,47857,193.0,2513,94132,271,2.0,Special,Manga,Finished Airing,,,PG-13 - Teens 13 or older,24 min per ep,"Action, Comedy","Gag Humor, Historical, Parody, Samurai",Shounen,Bandai Namco Pictures,,
Grand Blue Dreaming,8.45,487633,194.0,225,914325,22825,12.0,TV,Manga,Finished Airing,2018.0,summer,PG-13 - Teens 13 or older,24 min per ep,Comedy,"Adult Cast, Gag Humor",Seinen,Zero-G,"Mainichi Broadcasting System, Kodansha, NBCUniversal Entertainment Japan, Avex Pictures, Q-Tec, JR East Marketing & Communications, GYAO!",
The Master of Diabolism,8.45,89348,195.0,1104,257144,7241,15.0,ONA,Web novel,Finished Airing,,,R - 17+ (violence & profanity),25 min per ep,"Action, Adventure, Drama, Fantasy, Mystery","Historical, Mythology, Reincarnation",,B.CMAY PICTURES,"Aniplex, Tencent Video",
Owarimonogatari,8.45,252755,196.0,515,512961,3054,12.0,TV,Light novel,Finished Airing,2015.0,fall,R - 17+ (violence & profanity),26 min per ep,"Comedy, Mystery, Supernatural",Vampire,,Shaft,Aniplex,Aniplex of America
Steins;Gate: The Movie - Load Region of Déjà Vu,8.45,384879,197.0,385,646502,2887,1.0,Movie,Visual novel,Finished Airing,,,PG-13 - Teens 13 or older,1 hr 30 min,"Drama, Sci-Fi",,,White Fox,"Frontier Works, Media Factory, Movic, AT-X, Kadokawa Pictures Japan, MAGES., Cinema Sunshine",Funimation
Hunter x Hunter (1999),8.44,316325,198.0,380,651936,12246,62.0,TV,Manga,Finished Airing,1999.0,fall,PG-13 - Teens 13 or older,23 min per ep,"Action, Adventure, Fantasy",,Shounen,Nippon Animation,Fuji TV,VIZ Media
JoJo's Bizarre Adventure: Stardust Crusaders - Battle in Egypt,8.44,892394,199.0,132,1260754,22203,24.0,TV,Manga,Finished Airing,2015.0,winter,R - 17+ (violence & profanity),23 min per ep,"Action, Adventure",Super Power,Shounen,David Production,"Yomiko Advertising, Warner Bros. Japan, KlockWorx, Medicos Entertainment, Shueisha",VIZ Media
Medalist Season 2,8.44,20351,200.0,3904,44403,173,9.0,TV,Manga,Finished Airing,2026.0,winter,PG-13 - Teens 13 or older,23 min per ep,"Drama, Sports",Performing Arts,Seinen,ENGI,"TV Asahi, Kodansha, Glovision, Kadokawa",
Pluto,8.44,112939,201.0,1107,256474,3471,8.0,ONA,Manga,Finished Airing,,,PG-13 - Teens 13 or older,1 hr 1 min per ep,"Action, Mystery, Sci-Fi, Suspense","Detective, Psychological",Seinen,Studio M2,"Genco, Tezuka Productions, Netflix, NetEase",
Zoku Owarimonogatari,8.44,122367,202.0,1124,254228,1095,6.0,TV,Light novel,Finished Airing,2019.0,spring,R - 17+ (violence & profanity),28 min per ep,"Comedy, Mystery, Supernatural",Vampire,,Shaft,"Aniplex, Kodansha",Aniplex of America
Golden Kamuy Season 3,8.43,100136,203.0,1395,202785,1640,12.0,TV,Manga,Finished Airing,2020.0,fall,R - 17+ (violence & profanity),23 min per ep,"Action, Adventure","Adult Cast, Historical, Military",Seinen,Geno Studio,"Magic Capsule, NBCUniversal Entertainment Japan, Twin Engine",Funimation
Haikyu!!,8.43,1355333,204.0,36,2186180,78767,25.0,TV,Manga,Finished Airing,2014.0,spring,PG-13 - Teens 13 or older,24 min per ep,Sports,"School, Team Sports",Shounen,Production I.G,"Dentsu, Mainichi Broadcasting System, Movic, TOHO animation, Shueisha, Spacey Music Entertainment",Sentai Filmworks
Violet Evergarden: Eternity and the Auto Memory Doll,8.43,286040,205.0,544,486604,1774,1.0,Movie,Light novel,Finished Airing,,,PG-13 - Teens 13 or older,1 hr 31 min,Drama,,,Kyoto Animation,"Shochiku, ABC Animation",Funimation
Chainsaw Man,8.42,1162073,206.0,47,1992067,56350,12.0,TV,Manga,Finished Airing,2022.0,fall,R - 17+ (violence & profanity),24 min per ep,"Action, Fantasy","Gore, Urban Fantasy",Shounen,MAPPA,dugout,VIZ Media
Battle Through The Heavens Season 5,8.42,4280,207.0,6662,12570,413,209.0,ONA,Web novel,Currently Airing,,,PG-13 - Teens 13 or older,24 min per ep,"Action, Adventure, Fantasy","Historical, Martial Arts",,Motion Magic,"Tencent Video, China Literature Limited, Wanda Cinemas",
Kimi ni Todoke: From Me to You Season 3,8.42,44387,208.0,2164,117565,807,5.0,ONA,Manga,Finished Airing,,,PG-13 - Teens 13 or older,1 hr 6 min per ep,"Drama, Romance",School,Shoujo,Production I.G,Sound Team Don Juan,
Kono Oto Tomare!: Sounds of Life Season 2,8.42,108448,209.0,1384,204614,1864,13.0,TV,Manga,Finished Airing,2019.0,fall,PG-13 - Teens 13 or older,23 min per ep,Drama,"Music, Performing Arts, School",Shounen,Platinum Vision,"WOWOW, Movic, KlockWorx, Memory-Tech, King Records, Shueisha, Pony Canyon Enterprises",Funimation
Ghost in the Shell: Stand Alone Complex,8.42,173092,210.0,638,426556,9040,26.0,TV,Manga,Finished Airing,2002.0,fall,R - 17+ (violence & profanity),24 min per ep,"Award Winning, Mystery, Sci-Fi","Adult Cast, Detective, Mecha, Military",Seinen,Production I.G,"Bandai Visual, Dentsu, Victor Entertainment, Animax, Kodansha, Trilogy Future Studio, Tokuma Shoten, Nippon Television Network","Bandai Entertainment, Manga Entertainment"
Mushi-shi Path of Thorns,8.42,54233,211.0,2234,111637,128,1.0,TV Special,Manga,Finished Airing,,,PG-13 - Teens 13 or older,47 min,"Adventure, Mystery, Slice of Life, Supernatural","Adult Cast, Historical, Iyashikei",Seinen,Artland,"Aniplex, Kodansha, Delfi Sound",Aniplex of America
Natsume's Book of Friends Movie: Ephemeral Bond,8.42,31047,212.0,2693,84589,230,1.0,Movie,Manga,Finished Airing,,,PG-13 - Teens 13 or older,1 hr 44 min,"Slice of Life, Supernatural","Iyashikei, Mythology",Shoujo,Shuka,Aniplex,Aniplex of America
Re:ZERO -Starting Life in Another World- Season 2 Part 2,8.42,648371,213.0,169,1088080,13583,12.0,TV,Light novel,Finished Airing,2021.0,winter,R - 17+ (violence & profanity),29 min per ep,"Drama, Fantasy, Suspense","Isekai, Psychological, Time Travel",,White Fox,"AT-X, Memory-Tech, Hakuhodo DY Music & Pictures, Kadokawa Media House, Kadokawa",
Re:ZERO -Starting Life in Another World- Season 3,8.42,247884,214.0,494,522028,6730,16.0,TV,Light novel,Finished Airing,2024.0,fall,R - 17+ (violence & profanity),28 min per ep,"Drama, Fantasy, Suspense","Isekai, Psychological, Time Travel",,White Fox,"AT-X, Magic Capsule, Memory-Tech, Hakuhodo DY Music & Pictures, Kadokawa, DAXEL",
Saekano the Movie: Finale,8.42,95344,215.0,1372,206264,2805,1.0,Movie,Light novel,Finished Airing,,,PG-13 - Teens 13 or older,1 hr 54 min,"Comedy, Romance","Harem, Otaku Culture, School",,CloverWorks,"Aniplex, Dentsu, Fuji TV, Cospa, Good Smile Company, Kansai TV, Kadokawa",
Attack on Titan: No Regrets,8.42,337879,216.0,444,567548,2040,2.0,OVA,Visual novel,Finished Airing,,,R - 17+ (violence & profanity),27 min per ep,Action,,,Wit Studio,Production I.G,Funimation
Bungo Stray Dogs 4,8.41,151157,217.0,761,363821,3438,13.0,TV,Manga,Finished Airing,2023.0,winter,R - 17+ (violence & profanity),23 min per ep,"Action, Mystery","Adult Cast, Detective, Organized Crime, Super Power",Seinen,Bones,"WOWOW, Lantis, Movic, Glovision, Crunchyroll, Kadokawa, Sony Music Solutions, Bandai Namco Music Live",
Gintama: Yorinuki Gintama-san on Theater 2D,8.41,18407,218.0,3672,48966,46,2.0,Movie,Manga,Finished Airing,,,PG-13 - Teens 13 or older,1 hr 36 min per ep,"Action, Comedy, Sci-Fi","Gag Humor, Historical, Parody, Samurai",Shounen,Sunrise,,
Kamisama Hajimemashita: Kako-hen,8.41,91929,219.0,1499,186266,1138,4.0,OVA,Manga,Finished Airing,,,PG-13 - Teens 13 or older,30 min per ep,"Comedy, Romance, Supernatural","Mythology, Time Travel",Shoujo,TMS Entertainment,,
Mononoke,8.41,106570,220.0,752,370045,9360,12.0,TV,Original,Finished Airing,2007.0,summer,R - 17+ (violence & profanity),22 min per ep,"Horror, Mystery, Supernatural, Suspense","Adult Cast, Historical, Mythology, Psychological",,Toei Animation,"Dentsu, SKY Perfect Well Think, Fuji TV, Asmik Ace, Sony Music Entertainment",Discotek Media
The Disastrous Life of Saiki K.,8.41,705741,221.0,131,1263974,34297,120.0,TV,Manga,Finished Airing,2016.0,summer,PG-13 - Teens 13 or older,5 min per ep,Comedy,"Gag Humor, School, Super Power",Shounen,"J.C.Staff, Egg Firm","TV Tokyo, Shogakukan-Shueisha Productions, Pony Canyon, Nippon Columbia, KlockWorx, Asmik Ace, Bandai Namco Entertainment, Shueisha, Toy's Factory, Dear Stage inc.",Funimation
The Disastrous Life of Saiki K. 2,8.41,434808,222.0,325,727578,4500,24.0,TV,Manga,Finished Airing,2018.0,winter,PG-13 - Teens 13 or older,24 min per ep,Comedy,"Gag Humor, School, Super Power",Shounen,"J.C.Staff, Egg Firm","TV Tokyo, Shogakukan-Shueisha Productions, Nippon Columbia, KlockWorx, Asmik Ace, Bandai Namco Entertainment, Shueisha, Toy's Factory, Dear Stage inc.",
Spy x Family,8.41,1175018,223.0,55,1909999,41481,12.0,TV,Manga,Finished Airing,2022.0,spring,PG-13 - Teens 13 or older,24 min per ep,"Action, Award Winning, Comedy","Childcare, Super Power",Shounen,"Wit Studio, CloverWorks","TV Tokyo, Shogakukan-Shueisha Productions, TOHO animation, Shueisha",Funimation
Heaven Official's Blessing,8.41,77697,224.0,1564,178457,6219,11.0,ONA,Web novel,Finished Airing,,,PG-13 - Teens 13 or older,26 min per ep,"Action, Adventure, Drama, Fantasy","Historical, Mythology",,Haoliners Animation,bilibili,Funimation
Violet Evergarden: Recollections,8.41,17050,226.0,3692,48602,179,1.0,Special,Light novel,Finished Airing,,,PG-13 - Teens 13 or older,1 hr 35 min,Drama,,,Kyoto Animation,,
Dan Da Dan,8.4,608888,226.0,195,996269,15836,12.0,TV,Manga,Finished Airing,2024.0,fall,R - 17+ (violence & profanity),23 min per ep,"Action, Comedy, Supernatural",,Shounen,Science SARU,"Aniplex, Dentsu, Shogakukan-Shueisha Productions, Mainichi Broadcasting System, Shueisha",GKIDS
Beyond Time's Gaze,8.4,681,227.0,12452,2175,44,26.0,ONA,Web novel,Finished Airing,,,PG-13 - Teens 13 or older,25 min per ep,"Action, Adventure, Fantasy","Historical, Martial Arts",,"Yien Animation Studio, Flying Fish Studio","Youku, Bu Keneng de Shijie",
Kaguya-sama: Love is War,8.4,1221414,228.0,51,1954298,42693,12.0,TV,Manga,Finished Airing,2019.0,winter,PG-13 - Teens 13 or older,25 min per ep,"Comedy, Romance",School,Seinen,A-1 Pictures,"Aniplex, Mainichi Broadcasting System, Magic Capsule, Shueisha, JR East Marketing & Communications",Aniplex of America
Teasing Master Takagi-san: The Movie,8.4,44467,229.0,2460,97068,780,1.0,Movie,Manga,Finished Airing,,,PG-13 - Teens 13 or older,1 hr 13 min,Romance,"Love Status Quo, School",Shounen,Shin-Ei Animation,TOHO animation,Sentai Filmworks
Demon Slayer: Kimetsu no Yaiba,8.4,2380359,230.0,5,3473170,95133,26.0,TV,Manga,Finished Airing,2019.0,spring,R - 17+ (violence & profanity),23 min per ep,"Action, Award Winning, Supernatural",Historical,Shounen,ufotable,"Aniplex, Studio Mausu, Shueisha",Aniplex of America
KonoSuba: God's Blessing on This Wonderful World! - Legend of Crimson,8.4,565118,231.0,236,893579,5059,1.0,Movie,Light novel,Finished Airing,,,PG-13 - Teens 13 or older,1 hr 30 min,"Adventure, Comedy, Fantasy","Isekai, Parody",,J.C.Staff,"Half H.P Studio, Nippon Columbia, Toranoana, MAGES., 81 Produce, Sammy, Kadokawa Media House, Kadokawa, Sony Music Solutions",
Natsume's Book of Friends Season 6 Specials,8.4,24339,232.0,3477,54199,79,2.0,Special,Manga,Finished Airing,,,PG-13 - Teens 13 or older,23 min per ep,"Slice of Life, Supernatural","Iyashikei, Mythology",Shoujo,Shuka,NAZ,
Maquia: When the Promised Flower Blooms,8.4,219171,233.0,527,498888,8646,1.0,Movie,Original,Finished Airing,,,PG-13 - Teens 13 or older,1 hr 54 min,"Drama, Fantasy",,,P.A. Works,"Bandai Visual, Lantis, Rakuonsha, Showgate, Hakuhodo DY Music & Pictures, Cygames",Eleven Arts
Scissor Seven: Xuanwu Kingdom Chapter,8.4,46716,234.0,2673,85781,895,10.0,ONA,Original,Finished Airing,,,R - 17+ (violence & profanity),16 min per ep,"Action, Adventure, Comedy, Drama, Mystery","Martial Arts, Super Power",,Sharefun Studio,AHAVERSE,
Blue Giant,8.39,18400,235.0,3627,49933,517,1.0,Movie,Manga,Finished Airing,,,PG-13 - Teens 13 or older,1 hr 59 min,Drama,Music,Seinen,Nut,"TOHO animation, Shogakukan",GKIDS
Dan Da Dan Season 2,8.39,306511,236.0,441,570075,3869,12.0,TV,Manga,Finished Airing,2025.0,summer,R - 17+ (violence & profanity),24 min per ep,"Action, Comedy, Supernatural",,Shounen,Science SARU,"Aniplex, Dentsu, Shogakukan-Shueisha Productions, Mainichi Broadcasting System, Tohokushinsha Film Corporation, Shueisha",
Golden Kamuy Final Season,8.39,18242,237.0,3212,62284,207,13.0,TV,Manga,Finished Airing,2026.0,winter,R - 17+ (violence & profanity),23 min per ep,"Action, Adventure","Adult Cast, Historical, Military",Seinen,Brain's Base,"Magic Capsule, NBCUniversal Entertainment Japan, Tokyo MX, Good Smile Company, Sammy, Shueisha, JR East Marketing & Communications, Twin Engine",
Land of the Lustrous,8.39,221281,238.0,496,522076,15138,12.0,TV,Manga,Finished Airing,2017.0,fall,PG-13 - Teens 13 or older,24 min per ep,"Action, Drama, Fantasy, Mystery",Anthropomorphic,Seinen,Orange,"Mainichi Broadcasting System, Kodansha, Movic, AT-X, TOHO animation, Tokyo MX, Q-Tec, Kyoraku Industrial Holdings, BS11",Sentai Filmworks
Made in Abyss: Wandering Twilight,8.39,70379,239.0,1651,166767,297,1.0,Movie,Web manga,Finished Airing,,,R - 17+ (violence & profanity),1 hr 45 min,"Adventure, Drama, Fantasy, Mystery, Sci-Fi",Gore,,Kinema Citrus,"AT-X, Takeshobo, Sony Music Communications, Kadokawa Media House, Cygames, Kanetsu Investment, Kadokawa, Global Solutions, IRMA LA DOUCE",Sentai Filmworks
Puella Magi Madoka Magica,8.39,822354,240.0,106,1419652,60891,12.0,TV,Original,Finished Airing,2011.0,winter,PG-13 - Teens 13 or older,24 min per ep,"Award Winning, Drama, Suspense","Mahou Shoujo, Psychological",,Shaft,"Aniplex, Mainichi Broadcasting System, Movic, Nitroplus, Houbunsha",Aniplex of America
Major S5,8.39,43883,241.0,2863,76089,646,25.0,TV,Manga,Finished Airing,2009.0,winter,PG-13 - Teens 13 or older,24 min per ep,Sports,Team Sports,Shounen,SynergySP,"Shogakukan-Shueisha Productions, NHK, NHK Enterprises",
Tomorrow's Joe,8.38,30063,242.0,2189,115181,2519,79.0,TV,Manga,Finished Airing,1970.0,spring,PG-13 - Teens 13 or older,25 min per ep,"Drama, Sports",Combat Sports,Shounen,Mushi Production,Fuji TV,
Cowboy Bebop: The Movie,8.38,232987,243.0,659,413803,1794,1.0,Movie,Original,Finished Airing,,,R - 17+ (violence & profanity),1 hr 55 min,"Action, Sci-Fi","Adult Cast, Space",,Bones,"Sunrise, Bandai Visual","Sony Pictures Entertainment, Funimation"
Girls und Panzer das Finale – Part 4,8.38,10052,244.0,4859,27796,133,1.0,Movie,Original,Finished Airing,,,PG-13 - Teens 13 or older,54 min,,"CGDCT, Military, School",,Actas,"Bandai Visual, Lantis, Movic, Q-Tec, Hakuhodo DY Music & Pictures",Sentai Filmworks
"Josee, the Tiger and the Fish",8.38,280601,245.0,474,538174,7285,1.0,Movie,Novel,Finished Airing,,,PG-13 - Teens 13 or older,1 hr 38 min,"Drama, Romance","Adult Cast, Visual Arts",,Bones,"Shochiku, Kadokawa, Sonilude, Movie Walker",Funimation
Run with the Wind,8.38,151979,246.0,841,337424,6562,23.0,TV,Novel,Finished Airing,2018.0,fall,PG-13 - Teens 13 or older,23 min per ep,"Drama, Sports",Adult Cast,,Production I.G,"Movic, Nippon Television Network, TOHO animation, Toy's Factory, Cygames, Yomiuri Shimbun, MediaLink Entertainment Limited",Sentai Filmworks
Puella Magi Madoka Magica the Movie Part 2: Eternal,8.38,108663,247.0,1281,221671,1111,1.0,Movie,Original,Finished Airing,,,PG-13 - Teens 13 or older,1 hr 51 min,"Drama, Suspense","Mahou Shoujo, Psychological",,Shaft,"Aniplex, Mainichi Broadcasting System, Movic, Nitroplus, Houbunsha",Aniplex of America
Medalist,8.38,40117,248.0,2488,95064,732,13.0,TV,Manga,Finished Airing,2025.0,winter,PG-13 - Teens 13 or older,23 min per ep,"Drama, Sports",Performing Arts,Seinen,ENGI,"TV Asahi, Kodansha, Glovision, Kadokawa",
Mushoku Tensei: Jobless Reincarnation Season 2 Part 2,8.38,339393,249.0,433,586393,4725,12.0,TV,Light novel,Finished Airing,2024.0,spring,R - 17+ (violence & profanity),23 min per ep,"Adventure, Drama, Fantasy, Ecchi","Isekai, Reincarnation",,Studio Bind,"Frontier Works, TOHO animation, Hakuhodo DY Music & Pictures, BS11, Egg Firm, Kadokawa, GREE Entertainment",
Ramayana: The Legend of Prince Rama,8.38,7350,250.0,6106,15678,230,1.0,Movie,Other,Finished Airing,,,G - All Ages,2 hr 15 min,Adventure,,,Nippon Ramayana Film,"TEM Co., Ltd.",
March Comes In Like a Lion,8.37,302543,251.0,316,739709,16536,22.0,TV,Manga,Finished Airing,2016.0,fall,PG-13 - Teens 13 or older,25 min per ep,Drama,Strategy Game,Seinen,Shaft,"Aniplex, Dentsu, NHK, Hakusensha, Asmik Ace, Toy's Factory, NHK Enterprises",Aniplex of America
Chihayafuru 2,8.37,138799,252.0,1127,253750,1671,25.0,TV,Manga,Finished Airing,2013.0,winter,PG-13 - Teens 13 or older,22 min per ep,"Drama, Romance, Sports","Love Polygon, School, Strategy Game",Josei,Madhouse,"VAP, Nippon Television Network",Sentai Filmworks
Cross Game,8.37,53739,253.0,1968,133178,3096,50.0,TV,Manga,Finished Airing,2009.0,spring,PG-13 - Teens 13 or older,23 min per ep,"Drama, Romance, Sports","School, Team Sports",Shounen,SynergySP,"TV Tokyo, Shogakukan-Shueisha Productions, Half H.P Studio",
A Record Of Mortal's Journey To Immortality 3rd Season,8.37,1873,254.0,10125,4246,39,48.0,ONA,Web novel,Finished Airing,,,PG-13 - Teens 13 or older,20 min per ep,"Action, Adventure, Fantasy","Historical, Martial Arts",,"Original Force, Wonder Cat Animation",bilibili,
Gintama: Love Incense Arc,8.37,49213,255.0,2531,93360,147,2.0,OVA,Manga,Finished Airing,,,PG-13 - Teens 13 or older,25 min per ep,Comedy,"Gag Humor, Parody",Shounen,Bandai Namco Pictures,"TV Tokyo, Dentsu",
Haikyu!! To the Top,8.37,652126,256.0,176,1059040,5555,13.0,TV,Manga,Finished Airing,2020.0,winter,PG-13 - Teens 13 or older,24 min per ep,Sports,"School, Team Sports",Shounen,Production I.G,"Dentsu, Mainichi Broadcasting System, Movic, Sony Music Entertainment, TOHO animation, Shueisha",Sentai Filmworks
Ling Cage 2,8.37,773,257.0,12710,2017,43,12.0,ONA,Original,Finished Airing,,,R - 17+ (violence & profanity),38 min per ep,"Action, Sci-Fi",,,YHKT Entertainment,bilibili,
Neon Genesis Evangelion,8.37,1222788,258.0,44,2043220,118752,26.0,TV,Original,Finished Airing,1995.0,fall,PG-13 - Teens 13 or older,24 min per ep,"Avant Garde, Award Winning, Drama, Sci-Fi, Suspense","Mecha, Psychological",,"Gainax, Tatsunoko Production","TV Tokyo, Kadokawa Shoten, Nihon Ad Systems, Audio Tanaka","ADV Films, GKIDS"
Vivy -Fluorite Eye's Song-,8.37,274949,259.0,411,613439,11607,13.0,TV,Original,Finished Airing,2021.0,spring,R - 17+ (violence & profanity),24 min per ep,"Action, Sci-Fi, Suspense","Music, Time Travel",,Wit Studio,Aniplex,Aniplex of America
Laid-Back Camp: The Movie,8.37,35685,260.0,2482,95413,469,1.0,Movie,Manga,Finished Airing,,,PG-13 - Teens 13 or older,2 hr,Slice of Life,"Adult Cast, CGDCT, Iyashikei",,C-Station,"Sotsu, Half H.P Studio, AT-X, KlockWorx, Houbunsha, MAGES., 81 Produce, BS11, DeNA, FuRyu, Sony Music Solutions",
Barakamon,8.36,363425,261.0,331,717212,13533,12.0,TV,Web manga,Finished Airing,2014.0,summer,PG-13 - Teens 13 or older,22 min per ep,Slice of Life,"Childcare, Iyashikei, Visual Arts",,Kinema Citrus,"VAP, Nippon Television Network",Funimation
Doraemon: Nobita and the Steel Troops - The New Age,8.36,14612,262.0,5274,22872,192,1.0,Movie,Manga,Finished Airing,,,PG - Children,1 hr 48 min,"Adventure, Comedy, Fantasy",Mecha,"Kids, Shounen",Shin-Ei Animation,"TV Asahi, Asatsu DK",
Soul Land 2nd Season,8.36,10571,263.0,5136,24237,512,237.0,ONA,Novel,Finished Airing,,,PG-13 - Teens 13 or older,20 min per ep,"Action, Adventure, Fantasy","Historical, Martial Arts",,Sparkly Key Animation Studio,"Tencent Video, Xuanshi Tangmen",
Fruits Basket: Prelude,8.36,51021,264.0,1971,132429,880,1.0,Movie,Manga,Finished Airing,,,PG-13 - Teens 13 or older,1 hr 28 min,"Drama, Romance",,Shoujo,TMS Entertainment,"TV Tokyo, TV Osaka, Funimation, Nihon Ad Systems, Hakusensha, Avex Pictures, 8PAN",Crunchyroll
Gintama: Jump Festa 2008 Special,8.36,36954,265.0,2864,75869,93,1.0,Special,Manga,Finished Airing,,,PG-13 - Teens 13 or older,10 min,"Action, Comedy, Sci-Fi","Historical, Parody",,Sunrise,,
Girls Band Cry,8.36,55897,266.0,1892,139757,3258,13.0,TV,Original,Finished Airing,2024.0,spring,PG-13 - Teens 13 or older,23 min per ep,Drama,Music,,Toei Animation,agehasprings,
Initial D First Stage,8.36,220346,267.0,605,444064,14145,26.0,TV,Manga,Finished Airing,1998.0,spring,PG-13 - Teens 13 or older,25 min per ep,"Action, Drama",Racing,Seinen,"Gallop, Studio Comet","OB Planning, Fuji TV","Funimation, Tokyopop"
Jujutsu Kaisen 0,8.36,808483,268.0,127,1284765,11276,1.0,Movie,Manga,Finished Airing,,,R - 17+ (violence & profanity),1 hr 44 min,"Action, Supernatural",School,Shounen,MAPPA,"Mainichi Broadcasting System, TOHO animation, Shueisha, Sumzap",Crunchyroll
K-ON! The Movie,8.36,210449,269.0,774,357468,3060,1.0,Movie,4-koma manga,Finished Airing,,,PG-13 - Teens 13 or older,1 hr 50 min,"Award Winning, Comedy","CGDCT, Music",,Kyoto Animation,"Pony Canyon, Animation Do",Sentai Filmworks
Teasing Master Takagi-san 3,8.36,97250,271.0,1323,213813,2354,12.0,TV,Manga,Finished Airing,2022.0,winter,PG-13 - Teens 13 or older,24 min per ep,"Comedy, Romance","Love Status Quo, School",Shounen,Shin-Ei Animation,"Shogakukan-Shueisha Productions, Magic Capsule, Asmik Ace, TOHO animation, Shogakukan, Toho Music",Sentai Filmworks
Nausicaä of the Valley of the Wind,8.36,259242,272.0,653,416559,6144,1.0,Movie,Manga,Finished Airing,,,PG-13 - Teens 13 or older,1 hr 57 min,"Adventure, Award Winning, Drama, Fantasy",,,Topcraft,Omnibus Promotion,"Disney Platform Distribution, GKIDS"
Kizumonogatari Part 1: Iron-Blooded,8.36,314698,273.0,434,584436,4003,1.0,Movie,Light novel,Finished Airing,,,R - 17+ (violence & profanity),1 hr 3 min,"Action, Mystery, Supernatural",Vampire,,Shaft,"Aniplex, Kodansha",Aniplex of America
Swallowed Star 3rd Season,8.36,2554,274.0,9342,5409,49,33.0,ONA,Web novel,Finished Airing,,,PG-13 - Teens 13 or older,21 min per ep,"Action, Adventure, Fantasy, Sci-Fi",Martial Arts,,Sparkly Key Animation Studio,"Tencent Animation & Comics, Tencent Video",
The Rose of Versailles,8.36,34325,275.0,2181,115882,3459,40.0,TV,Manga,Finished Airing,1979.0,fall,PG-13 - Teens 13 or older,24 min per ep,"Drama, Romance","Crossdressing, Historical, Military",Shoujo,Tokyo Movie Shinsha,Nippon Television Network,"Nozomi Entertainment, Discotek Media"
"Violet Evergarden: The Day You Understand ""I Love You"" Will Surely Come",8.36,223801,276.0,741,374216,998,1.0,Special,Light novel,Finished Airing,,,PG-13 - Teens 13 or older,34 min,Drama,,,Kyoto Animation,"Lantis, Pony Canyon, Rakuonsha, ABC Animation",
86 Eighty-Six,8.35,516556,277.0,199,986582,27756,11.0,TV,Light novel,Finished Airing,2021.0,spring,R - 17+ (violence & profanity),23 min per ep,"Drama, Sci-Fi","Mecha, Military",,A-1 Pictures,"Aniplex, Kadokawa, Bandai Spirits",
To Your Eternity,8.35,428992,278.0,192,1005476,16331,20.0,TV,Manga,Finished Airing,2021.0,spring,R - 17+ (violence & profanity),25 min per ep,"Adventure, Drama, Supernatural",,Shounen,Brain's Base,"NHK, NHK Enterprises",VIZ Media
Sound! Euphonium 2,8.35,137052,279.0,1099,258514,3849,13.0,TV,Novel,Finished Airing,2016.0,fall,PG-13 - Teens 13 or older,23 min per ep,Drama,"Music, Performing Arts, School",,Kyoto Animation,"Lantis, Pony Canyon, Rakuonsha",Ponycan USA
Detective Conan Movie 26: Black Iron Submarine,8.35,9782,280.0,5603,19550,127,1.0,Movie,Manga,Finished Airing,,,PG-13 - Teens 13 or older,1 hr 49 min,"Action, Mystery",Detective,Shounen,TMS Entertainment,"Shogakukan-Shueisha Productions, Yomiuri Telecasting, TOHO, Nippon Television Network, Shogakukan",
Non Non Biyori Nonstop,8.35,54284,281.0,1893,139874,991,12.0,TV,Manga,Finished Airing,2021.0,winter,PG-13 - Teens 13 or older,24 min per ep,Slice of Life,"CGDCT, Iyashikei",Seinen,SILVER LINK.,"TV Tokyo, Lantis, AT-X, Kadokawa, Bandai Namco Arts, Bit grooove promotion, Sony Music Solutions",Sentai Filmworks
My Teen Romantic Comedy SNAFU Climax!,8.35,461208,282.0,274,827915,15075,12.0,TV,Light novel,Finished Airing,2020.0,summer,PG-13 - Teens 13 or older,24 min per ep,"Comedy, Romance","Love Polygon, School",,feel.,"Marvelous Entertainment, TBS, Movic, Delfi Sound, NBCUniversal Entertainment Japan",Sentai Filmworks
Baccano!,8.34,399978,283.0,207,962129,23807,13.0,TV,Light novel,Finished Airing,2007.0,summer,R - 17+ (violence & profanity),24 min per ep,"Action, Mystery, Supernatural","Adult Cast, Historical, Organized Crime",,Brain's Base,"Aniplex, Movic","Funimation, Aniplex of America"
Hellsing Ultimate,8.34,528384,284.0,182,1025464,23870,10.0,OVA,Manga,Finished Airing,,,R - 17+ (violence & profanity),49 min per ep,"Action, Horror, Supernatural","Adult Cast, Gore, Military, Vampire",Seinen,"Madhouse, Satelight, Graphinica","GDH, Geneon Entertainment USA, Shounen Gahousha",Funimation
100 Meters,8.34,46196,285.0,2784,79647,815,1.0,Movie,Web manga,Finished Airing,,,PG-13 - Teens 13 or older,1 hr 46 min,"Drama, Sports",,,Rock'n Roll Mountain,"Pony Canyon, TBS, Asmik Ace, GKIDS",
IDOLiSH7 Third BEAT! Part 2,8.34,6049,286.0,5773,18063,284,17.0,TV,Game,Finished Airing,2022.0,fall,PG-13 - Teens 13 or older,24 min per ep,Drama,"Idols (Male), Music",,TROYCA,,
Swallowed Star 4th Season,8.34,2235,287.0,8771,6338,177,175.0,ONA,Web novel,Currently Airing,,,PG-13 - Teens 13 or older,21 min per ep,"Action, Adventure, Fantasy, Sci-Fi",Martial Arts,,Sparkly Key Animation Studio,Tencent Video,
Call of the Night Season 2,8.34,99170,288.0,1122,254108,1844,12.0,TV,Manga,Finished Airing,2025.0,summer,PG-13 - Teens 13 or older,22 min per ep,"Romance, Supernatural",Vampire,Shounen,LIDENFILMS,"Aniplex, Dentsu, Shogakukan-Shueisha Productions, Animax, Fuji TV, Ultra Super Pictures, Tohokushinsha Film Corporation, Fujipacific Music, Shogakukan, Fuji Creative, Tohan Corporation",Sentai Filmworks
Bakuman. Season 2,8.33,222626,289.0,744,373113,1369,25.0,TV,Manga,Finished Airing,2011.0,fall,PG-13 - Teens 13 or older,24 min per ep,"Comedy, Drama, Romance",Otaku Culture,Shounen,J.C.Staff,"NHK, Shueisha",Media Blasters
Demon Slayer: Kimetsu no Yaiba Mugen Train Arc,8.33,600269,291.0,197,990369,4687,7.0,TV,Manga,Finished Airing,2021.0,fall,R - 17+ (violence & profanity),24 min per ep,"Action, Supernatural",Historical,Shounen,ufotable,"Aniplex, Shueisha",
KonoSuba: God's Blessing on This Wonderful World! 3,8.33,245844,292.0,457,560041,5631,11.0,TV,Light novel,Finished Airing,2024.0,spring,PG-13 - Teens 13 or older,23 min per ep,"Adventure, Comedy, Fantasy","Isekai, Parody",,Drive,"Half H.P Studio, Nippon Columbia, 81 Produce, Sammy, Kadokawa",
Re:ZERO -Starting Life in Another World- Season 2,8.33,769207,293.0,123,1298552,12689,13.0,TV,Light novel,Finished Airing,2020.0,summer,R - 17+ (violence & profanity),26 min per ep,"Drama, Fantasy, Suspense","Isekai, Psychological, Time Travel",,White Fox,"AT-X, Memory-Tech, Hakuhodo DY Music & Pictures, Kadokawa Media House, Kadokawa",
That Time I Got Reincarnated as a Slime Season 2,8.33,654834,294.0,162,1125893,11049,12.0,TV,Manga,Finished Airing,2021.0,winter,PG-13 - Teens 13 or older,23 min per ep,"Action, Comedy, Fantasy","Isekai, Reincarnation",Shounen,8bit,Kodansha,Funimation
Bakemonogatari,8.32,774816,295.0,98,1497787,51674,15.0,TV,Light novel,Finished Airing,2009.0,summer,R - 17+ (violence & profanity),25 min per ep,"Mystery, Romance, Supernatural",Vampire,,Shaft,"Aniplex, Kodansha",Aniplex of America
Fate/stay night [Unlimited Blade Works] Season 2,8.32,608754,296.0,222,926678,9699,13.0,TV,Visual novel,Finished Airing,2015.0,spring,R - 17+ (violence & profanity),24 min per ep,"Action, Fantasy",Urban Fantasy,,ufotable,"Aniplex, Notes",Aniplex of America
Legend of the Galactic Heroes: Die Neue These - Collision,8.32,10129,297.0,4936,26631,154,12.0,Movie,Novel,Finished Airing,,,R - 17+ (violence & profanity),25 min per ep,"Drama, Sci-Fi","Adult Cast, Military, Space",,Production I.G,"Shochiku, Wright Staff, Aiming",Crunchyroll
Legend of the Galactic Heroes: Die Neue These - Intrigue,8.32,7656,298.0,5656,19195,72,12.0,Movie,Novel,Finished Airing,,,R - 17+ (violence & profanity),25 min per ep,"Drama, Sci-Fi","Adult Cast, Military, Space",,Production I.G,"Shochiku, Wright Staff, Aiming",
Hunter x Hunter: Original Video Animation,8.32,70695,299.0,1920,137665,446,8.0,OVA,Manga,Finished Airing,,,PG-13 - Teens 13 or older,23 min per ep,"Action, Adventure, Fantasy",,Shounen,Nippon Animation,,
Parasyte: The Maxim,8.32,1257955,300.0,43,2051105,36929,24.0,TV,Manga,Finished Airing,2014.0,fall,R - 17+ (violence & profanity),23 min per ep,"Action, Horror, Sci-Fi, Suspense","Gore, Psychological",Seinen,Madhouse,"VAP, Nippon Television Network, Forecast Communications",Sentai Filmworks
Miss Kobayashi's Dragon Maid: A Lonely Dragon Wants to be Loved,8.32,14428,301.0,3261,60649,171,1.0,Movie,Manga,Finished Airing,,,PG-13 - Teens 13 or older,1 hr 45 min,"Slice of Life, Supernatural",,,Kyoto Animation,"Lantis, Pony Canyon, ABC Animation, Heart Company, Bandai Namco Music Live",Crunchyroll
The Legend of Hei,8.32,14631,302.0,3850,45251,530,1.0,Movie,Original,Finished Airing,,,G - All Ages,1 hr 41 min,"Adventure, Drama, Fantasy",,,HMCH,"bilibili, MaoYan Movie",
Major S6,8.32,39058,303.0,3076,67521,479,25.0,TV,Manga,Finished Airing,2010.0,spring,PG-13 - Teens 13 or older,24 min per ep,Sports,Team Sports,Shounen,SynergySP,"Shogakukan-Shueisha Productions, NHK, NHK Enterprises",
Mushoku Tensei: Jobless Reincarnation,8.32,984195,304.0,84,1591640,39870,11.0,TV,Light novel,Finished Airing,2021.0,winter,R - 17+ (violence & profanity),23 min per ep,"Adventure, Drama, Fantasy, Ecchi","Isekai, Reincarnation",,Studio Bind,"Frontier Works, TOHO, Magic Capsule, TOHO animation, Hakuhodo DY Music & Pictures, BS11, Egg Firm, Kadokawa, GREE, Toho Music",Funimation
Natsume’s Book of Friends: On a Certain Snowy Day,8.32,38887,305.0,2634,87221,115,1.0,OVA,Manga,Finished Airing,,,PG-13 - Teens 13 or older,22 min,"Slice of Life, Supernatural","Iyashikei, Mythology",Shoujo,Brain's Base,"Aniplex, Nihon Ad Systems",
One Outs,8.32,123491,307.0,1102,258175,4255,25.0,TV,Manga,Finished Airing,2008.0,fall,PG-13 - Teens 13 or older,23 min per ep,"Sports, Suspense","Adult Cast, Psychological, Team Sports",Seinen,Madhouse,"VAP, Nippon Television Network, D.N. Dream Partners",
Psycho-Pass,8.32,833322,308.0,71,1756129,40478,22.0,TV,Original,Finished Airing,2012.0,fall,R - 17+ (violence & profanity),23 min per ep,"Action, Mystery, Sci-Fi, Suspense","Adult Cast, Detective, Psychological",,Production I.G,"Dentsu, Fuji TV, Nitroplus, Sony Music Entertainment, Fujipacific Music, TOHO animation, Glovision, Kyoraku Industrial Holdings",Funimation
Romeo's Blue Skies,8.32,19030,309.0,3400,56117,701,33.0,TV,Novel,Finished Airing,1995.0,winter,PG-13 - Teens 13 or older,23 min per ep,"Adventure, Drama",Historical,,Nippon Animation,,AnimEigo
Throne of Seal 2nd Season,8.32,3111,310.0,7997,7970,166,182.0,ONA,Web novel,Finished Airing,,,PG-13 - Teens 13 or older,20 min per ep,"Action, Adventure, Fantasy",,,Shenman Entertainment,"Tencent Video, Xuanshi Tangmen, Tianshi Wenhua",
Star Blazers: Space Battleship Yamato 2199,8.32,41916,311.0,2040,126649,1960,26.0,OVA,Original,Finished Airing,,,PG-13 - Teens 13 or older,25 min per ep,"Action, Drama, Sci-Fi","Adult Cast, Military, Space",,"Xebec, AIC","Production I.G, Bandai Visual, OLM, Lantis, Shochiku, Bandai, Tohokushinsha Film Corporation, Bandai Namco Games, Voyager Entertainment",Funimation
Umamusume: Pretty Derby Season 2,8.32,61386,312.0,2204,114324,1971,13.0,TV,Game,Finished Airing,2021.0,winter,PG-13 - Teens 13 or older,23 min per ep,Sports,"Anthropomorphic, Racing",,Studio KAI,"TOHO animation, Cygames",
Zombieland Saga Movie: Yumeginga Paradise,8.32,3673,313.0,4079,40622,140,1.0,Movie,Original,Finished Airing,,,R - 17+ (violence & profanity),2 hr,"Comedy, Supernatural","Idols (Female), Music, Parody",,MAPPA,Avex Pictures,
Bocchi the Rock! Movie,8.31,9013,314.0,2928,73440,448,2.0,Movie,4-koma manga,Finished Airing,,,PG-13 - Teens 13 or older,1 hr 22 min per ep,"Award Winning, Comedy","CGDCT, Music",,CloverWorks,"Aniplex, Houbunsha",
Ace of Diamond: Second Season,8.31,83458,315.0,1775,151882,1132,51.0,TV,Manga,Finished Airing,2015.0,spring,PG-13 - Teens 13 or older,24 min per ep,Sports,"School, Team Sports",Shounen,"Production I.G, Madhouse","TV Tokyo, Sotsu, Pony Canyon, Kodansha, AT-X",
The Beast Player Erin,8.31,22796,316.0,2496,94762,1546,50.0,TV,Novel,Finished Airing,2009.0,winter,PG-13 - Teens 13 or older,24 min per ep,"Drama, Fantasy",,,"Production I.G, Trans Arts",NHK,
Tales of Herding Gods,8.31,13082,316.0,6047,16036,75,,ONA,Web novel,Currently Airing,,,PG-13 - Teens 13 or older,20 min,"Action, Adventure, Fantasy","Historical, Martial Arts",,Sparkly Key Animation Studio,bilibili,
Natsume's Book of Friends Season 5 Specials,8.31,24383,318.0,3529,52669,67,2.0,Special,Manga,Finished Airing,,,PG-13 - Teens 13 or older,23 min per ep,"Slice of Life, Supernatural","Iyashikei, Mythology",Shoujo,Shuka,,
Sasaki and Miyano: Graduation,8.31,23154,318.0,3217,62229,410,1.0,Movie,Manga,Finished Airing,,,PG-13 - Teens 13 or older,51 min,Boys Love,"Otaku Culture, School",,Studio Deen,"Frontier Works, Movic, Nippon Columbia, U-NEXT, BS NTV, Kadokawa, TVA advance, Cinema Sunshine",
Bunny Drop,8.31,255945,319.0,488,526931,6057,11.0,TV,Manga,Finished Airing,2011.0,summer,PG-13 - Teens 13 or older,22 min per ep,Slice of Life,"Childcare, Iyashikei",Josei,Production I.G,"Dentsu, Fuji TV, TOHO, Tohokushinsha Film Corporation, Sony Music Entertainment, Sakura Create, Fujipacific Music, Shodensha, Fonishia",NIS America
Erased,8.3,1486038,320.0,30,2306134,51451,12.0,TV,Manga,Finished Airing,2016.0,winter,R - 17+ (violence & profanity),23 min per ep,"Mystery, Suspense","Psychological, Time Travel",Seinen,A-1 Pictures,"Aniplex, Dentsu, Kadokawa Shoten, Fuji TV, DAX Production, Kyoraku Industrial Holdings, Kansai TV, Lawson, Kanetsu Investment, C-one",Aniplex of America
Dr. Stone: New World Part 2,8.3,239131,321.0,614,440389,1648,11.0,TV,Manga,Finished Airing,2023.0,fall,PG-13 - Teens 13 or older,23 min per ep,"Adventure, Comedy",,Shounen,TMS Entertainment,"TOHO animation, Shueisha",Crunchyroll
Initial D Final Stage,8.3,86317,323.0,1637,168582,1062,4.0,TV,Manga,Finished Airing,2014.0,spring,PG-13 - Teens 13 or older,27 min per ep,"Action, Drama",Racing,Seinen,SynergySP,Avex Entertainment,
Case Closed Movie 06: The Phantom of Baker Street,8.3,50954,324.0,2671,85943,300,1.0,Movie,Manga,Finished Airing,,,PG-13 - Teens 13 or older,1 hr 47 min,"Adventure, Mystery","Detective, Video Game",Shounen,TMS Entertainment,"Yomiuri Telecasting, TOHO, Nippon Television Network, Shogakukan, Audio Planning U, Shogakukan Productions",Funimation
Natsume's Book of Friends,8.3,200594,325.0,428,591179,16893,13.0,TV,Manga,Finished Airing,2008.0,summer,PG-13 - Teens 13 or older,24 min per ep,"Slice of Life, Supernatural","Iyashikei, Mythology",Shoujo,Brain's Base,"TV Tokyo, Aniplex, Nihon Ad Systems, Hakusensha","NIS America, Crunchyroll"
Spice and Wolf II,8.3,290422,326.0,492,522760,4309,12.0,TV,Light novel,Finished Airing,2009.0,summer,PG-13 - Teens 13 or older,23 min per ep,"Adventure, Drama, Romance, Supernatural",Adult Cast,,"Brain's Base, Marvy Jack","Imagin, Pony Canyon, Movic, Kadokawa Pictures Japan, flying DOG, ASCII Media Works",Funimation
Link Click: Bridon Arc,8.3,29133,327.0,3007,70112,536,6.0,ONA,Original,Finished Airing,,,PG-13 - Teens 13 or older,32 min per ep,Drama,"Adult Cast, Super Power, Time Travel",,CMC Media,"bilibili, BeDream",
Beck: Mongolian Chop Squad,8.29,151696,328.0,731,378374,9280,26.0,TV,Manga,Finished Airing,2004.0,fall,R - 17+ (violence & profanity),24 min per ep,Drama,Music,Shounen,Madhouse,"Marvelous Entertainment, Starchild Records, Asatsu DK, Kodansha, DefSTAR Records",Funimation
Dr. Stone: Science Future Part 3,8.29,53426,329.0,1648,166620,646,13.0,TV,Manga,Finished Airing,2026.0,spring,PG-13 - Teens 13 or older,24 min per ep,"Adventure, Comedy",,Shounen,TMS Entertainment,"Magic Capsule, TOHO animation, Shueisha",
Gintama Movie 3: Yoshiwara Daienjou,8.29,710,331.0,6636,12684,53,1.0,Movie,Manga,Finished Airing,,,PG-13 - Teens 13 or older,2 hr 4 min,"Action, Comedy, Sci-Fi","Gag Humor, Historical, Parody, Samurai",Shounen,Bandai Namco Pictures,Warner Bros. Pictures,
given,8.29,349437,332.0,389,641542,18204,11.0,TV,Manga,Finished Airing,2019.0,summer,PG-13 - Teens 13 or older,22 min per ep,"Boys Love, Drama","Music, School",,Lerche,"Aniplex, Dentsu, Movic, Fuji TV, Shinshokan",Crunchyroll
Katanagatari,8.29,224039,333.0,424,595632,11034,12.0,TV,Light novel,Finished Airing,2010.0,winter,R - 17+ (violence & profanity),49 min per ep,"Action, Adventure, Romance","Historical, Martial Arts",,White Fox,"Aniplex, Lantis, Kodansha, Movic, Fuji TV",NIS America
Kingdom Season 2,8.29,75517,334.0,1772,151989,966,39.0,TV,Manga,Finished Airing,2013.0,summer,R - 17+ (violence & profanity),25 min per ep,Action,"Historical, Military",Seinen,Studio Pierrot,"NHK, NHK Enterprises",Funimation
Kuroko's Basketball 3,8.29,515771,335.0,268,836374,5246,25.0,TV,Manga,Finished Airing,2015.0,winter,PG-13 - Teens 13 or older,24 min per ep,Sports,"School, Team Sports",Shounen,Production I.G,"Bandai Visual, Lantis, Nihon Ad Systems, Banpresto, Shueisha, BS11",
Major: World Series,8.29,22128,336.0,4104,40273,100,2.0,OVA,Manga,Finished Airing,,,PG-13 - Teens 13 or older,28 min per ep,Sports,Team Sports,Shounen,SynergySP,,
Mononoke The Movie: Chapter II - The Ashes of Rage,8.29,6655,337.0,5257,22970,112,1.0,Movie,Original,Finished Airing,,,R - 17+ (violence & profanity),1 hr 14 min,"Horror, Mystery, Supernatural, Suspense","Adult Cast, Historical, Mythology, Psychological",,"EOTA, Crew-Cell",,
Naruto Shippuden,8.29,1834349,338.0,15,2764709,121030,500.0,TV,Manga,Finished Airing,2007.0,winter,PG-13 - Teens 13 or older,23 min per ep,"Action, Adventure, Fantasy",Martial Arts,Shounen,Studio Pierrot,"TV Tokyo, Aniplex, KSS, Rakuonsha, TV Tokyo Music",VIZ Media
Kids on the Slope,8.29,182924,340.0,649,417388,7366,12.0,TV,Manga,Finished Airing,2012.0,spring,PG-13 - Teens 13 or older,22 min per ep,"Drama, Romance","Historical, Love Polygon, Music, School",Josei,"Tezuka Productions, MAPPA","Dentsu, Fuji TV, TOHO, DAX Production, Sony Music Entertainment",Sentai Filmworks
Steins;Gate: Egoistic Poriomania,8.29,298097,341.0,554,477043,905,1.0,Special,Visual novel,Finished Airing,,,PG-13 - Teens 13 or older,24 min,"Comedy, Sci-Fi",Time Travel,,White Fox,Frontier Works,Funimation
Moomin,8.29,13938,342.0,4466,33628,874,78.0,TV,Book,Finished Airing,1990.0,spring,G - All Ages,24 min per ep,"Adventure, Fantasy, Slice of Life",Iyashikei,Kids,Telescreen,"TV Tokyo, Starchild Records, Visual 80",
That Time I Got Reincarnated as a Slime Season 2 Part 2,8.29,535181,343.0,223,922668,11069,12.0,TV,Manga,Finished Airing,2021.0,summer,PG-13 - Teens 13 or older,23 min per ep,"Action, Comedy, Fantasy","Isekai, Reincarnation",Shounen,8bit,"Kodansha, BS11, Bandai Namco Arts, Micro Magazine Publishing, Bandai Spirits, Sony Music Solutions, ADK Marketing Solutions",Crunchyroll
Swallowed Star 2nd Season,8.29,3459,345.0,7542,9270,147,26.0,ONA,Web novel,Finished Airing,,,PG-13 - Teens 13 or older,21 min per ep,"Action, Adventure, Fantasy, Sci-Fi",Martial Arts,,Sparkly Key Animation Studio,"Tencent Animation & Comics, Tencent Video",
Fog Hill of Five Elements 2nd Season,8.29,6442,346.0,5579,19664,129,4.0,ONA,Original,Finished Airing,,,R - 17+ (violence & profanity),38 min per ep,"Action, Fantasy","Historical, Martial Arts",,Samsara Animation Studio,"bilibili, Nice Boat Animation",
Moriarty the Patriot Part 2,8.29,139001,347.0,957,294366,3336,13.0,TV,Manga,Finished Airing,2021.0,spring,R - 17+ (violence & profanity),23 min per ep,"Mystery, Suspense","Adult Cast, Historical, Organized Crime, Psychological",Shounen,Production I.G,"Mainichi Broadcasting System, Shueisha, Yomiuri TV Enterprise, Bandai Namco Arts, Bandai Spirits",Funimation
Anohana: The Flower We Saw That Day,8.28,1038464,348.0,74,1715224,33239,11.0,TV,Original,Finished Airing,2011.0,spring,PG-13 - Teens 13 or older,22 min per ep,"Drama, Supernatural",,,A-1 Pictures,"Aniplex, Dentsu, Fuji TV, Fujipacific Music","NIS America, Aniplex of America"
Ace of Diamond Act II,8.28,51611,349.0,2371,102971,1092,52.0,TV,Manga,Finished Airing,2019.0,spring,PG-13 - Teens 13 or older,24 min per ep,Sports,"School, Team Sports",Shounen,Madhouse,"TV Tokyo, Sotsu, Pony Canyon, Kodansha, AT-X, DAX Production",
Fate/strange Fake,8.28,66895,350.0,1541,180656,1173,13.0,TV,Light novel,Finished Airing,2026.0,winter,R - 17+ (violence & profanity),24 min per ep,"Action, Fantasy",Urban Fantasy,,A-1 Pictures,"Aniplex, Notes, Tokyo MX, BS11, Contents Seed, INSPION Edge",
Legend of the Galactic Heroes: Die Neue These - Stellar War Part 3,8.28,15140,351.0,4669,30725,114,4.0,Movie,Novel,Finished Airing,,,R - 17+ (violence & profanity),25 min per ep,"Drama, Sci-Fi","Adult Cast, Military, Space",,Production I.G,Shochiku,
Kino's Journey,8.28,106554,352.0,770,358666,7703,13.0,TV,Light novel,Finished Airing,2003.0,spring,R - 17+ (violence & profanity),24 min per ep,"Adventure, Drama, Fantasy",,,A.C.G.T.,"WOWOW, Genco, Pony Canyon, Studio Wombat, chara-ani.com, ASCII Media Works","ADV Films, Sentai Filmworks"
You and I Are Polar Opposites,8.28,102769,353.0,1303,217126,1783,12.0,TV,Manga,Finished Airing,2026.0,winter,PG-13 - Teens 13 or older,24 min per ep,"Comedy, Romance",School,Shounen,Lapin Track,"Dentsu, Shochiku, Mainichi Broadcasting System, Tohokushinsha Film Corporation, Shueisha, Shochiku Music Publishing, AbemaTV",
Rascal Does Not Dream of a Knapsack Kid,8.28,86354,354.0,1458,191813,699,1.0,Movie,Light novel,Finished Airing,,,PG-13 - Teens 13 or older,1 hr 14 min,"Drama, Romance, Supernatural",School,,CloverWorks,"Aniplex, Kadokawa",Aniplex of America
Scissor Seven: Fragments of Memory,8.28,8279,355.0,5495,20532,89,10.0,ONA,Original,Finished Airing,,,R - 17+ (violence & profanity),15 min per ep,"Action, Adventure, Comedy, Drama, Mystery, Sci-Fi, Supernatural",,,Sharefun Studio,AHAVERSE,
Doukyusei: Classmates,8.27,159646,356.0,949,298385,6662,1.0,Movie,Manga,Finished Airing,,,PG-13 - Teens 13 or older,1 hr,Boys Love,School,,A-1 Pictures,"Aniplex, Half H.P Studio",Aniplex of America
Silver Spoon 2nd Season,8.27,94822,357.0,1738,155661,699,11.0,TV,Manga,Finished Airing,2014.0,winter,PG-13 - Teens 13 or older,24 min per ep,Comedy,School,Shounen,A-1 Pictures,"Aniplex, Dentsu, Fuji TV, Kyoraku Industrial Holdings",Aniplex of America
Haikyu!! The Movie: Battle of Concepts,8.27,43110,358.0,2309,107040,94,1.0,Movie,Manga,Finished Airing,,,PG-13 - Teens 13 or older,1 hr 28 min,Sports,"School, Team Sports",Shounen,Production I.G,,
Rurouni Kenshin,8.27,248394,360.0,489,526515,10407,94.0,TV,Manga,Finished Airing,1996.0,winter,PG-13 - Teens 13 or older,25 min per ep,"Action, Comedy, Romance","Historical, Samurai",Shounen,"Gallop, Studio Deen","Aniplex, SME Visual Works, Fuji TV","Media Blasters, Aniplex of America"
Space Dandy 2nd Season,8.27,96361,361.0,1521,183477,1968,13.0,TV,Original,Finished Airing,2014.0,summer,PG-13 - Teens 13 or older,24 min per ep,"Comedy, Sci-Fi","Adult Cast, Space",,Bones,"Bandai Visual, flying DOG, Bandai Namco Entertainment",Funimation
Steins;Gate: Open the Missing Link - Divide By Zero,8.27,162976,362.0,971,291924,491,1.0,TV Special,Visual novel,Finished Airing,,,PG-13 - Teens 13 or older,24 min,"Sci-Fi, Suspense",Time Travel,,White Fox,"Frontier Works, Media Factory, Movic, AT-X, Kadokawa Pictures Japan, Nitroplus",Funimation
Weathering with You,8.27,683695,363.0,155,1138885,13424,1.0,Movie,Original,Finished Airing,,,PG-13 - Teens 13 or older,1 hr 52 min,"Award Winning, Drama, Romance, Supernatural",,,CoMix Wave Films,"TOHO, JR East Marketing & Communications, Kadokawa, voque ting, STORY, Lawson Entertainment",GKIDS
Dororo,8.26,705190,364.0,109,1386181,23204,24.0,TV,Manga,Finished Airing,2019.0,winter,R - 17+ (violence & profanity),24 min per ep,"Action, Adventure, Fantasy","Historical, Mythology, Samurai",Shounen,"Tezuka Productions, MAPPA",Twin Engine,Sentai Filmworks
Fights Break Sphere 4,8.26,5024,365.0,7190,10474,112,24.0,ONA,Web novel,Finished Airing,,,PG-13 - Teens 13 or older,24 min per ep,"Action, Adventure, Fantasy, Romance","Historical, Martial Arts",,Motion Magic,"Tencent Video, China Literature Limited, Wanda Cinemas",
Dr. Stone,8.26,1189389,366.0,49,1971960,31606,24.0,TV,Manga,Finished Airing,2019.0,summer,PG-13 - Teens 13 or older,24 min per ep,"Adventure, Comedy",,Shounen,TMS Entertainment,"TOHO animation, Shueisha, 8PAN","Funimation, Crunchyroll"
Dr. Stone: Science Future,8.26,156777,367.0,897,318242,1317,12.0,TV,Manga,Finished Airing,2025.0,winter,PG-13 - Teens 13 or older,24 min per ep,"Adventure, Comedy",,Shounen,TMS Entertainment,"TOHO animation, Shueisha",
Is It Wrong to Try to Pick Up Girls in a Dungeon? IV Part 2,8.26,158550,368.0,946,298792,1968,11.0,TV,Light novel,Finished Airing,2023.0,winter,R - 17+ (violence & profanity),23 min per ep,"Action, Adventure, Fantasy",,,J.C.Staff,"Genco, Movic, Warner Bros. Japan, KlockWorx, Hakuhodo DY Music & Pictures, Egg Firm, FuRyu, GREE, SB Creative",Sentai Filmworks
Fate/Zero,8.26,917445,369.0,83,1610503,34476,13.0,TV,Light novel,Finished Airing,2011.0,fall,R - 17+ (violence & profanity),27 min per ep,"Action, Fantasy",Urban Fantasy,,ufotable,"Aniplex, Nitroplus, Seikaisha, Notes",Aniplex of America
Gintama: Shinyaku Benizakura-hen,8.26,21137,370.0,3728,47963,55,1.0,Special,Manga,Finished Airing,,,PG-13 - Teens 13 or older,11 min,"Action, Comedy, Sci-Fi","Historical, Parody, Samurai",Shounen,Sunrise,,
Fighting Spirit: Mashiba vs. Kimura,8.26,78692,371.0,2015,128935,241,1.0,OVA,Manga,Finished Airing,,,PG-13 - Teens 13 or older,1 hr 1 min,Sports,Combat Sports,Shounen,Madhouse,,Discotek Media
Into the Forest of Fireflies' Light,8.26,489094,372.0,243,882286,10583,1.0,Movie,Manga,Finished Airing,,,G - All Ages,45 min,"Award Winning, Drama, Romance, Supernatural",,Shoujo,Brain's Base,"TV Tokyo, Aniplex, Nihon Ad Systems, Hakusensha, DAX Production",
Hunter x Hunter: Greed Island Final,8.26,84003,373.0,1717,157681,263,14.0,OVA,Manga,Finished Airing,,,PG-13 - Teens 13 or older,23 min per ep,"Action, Adventure, Fantasy",,Shounen,Nippon Animation,,
Shangri-La Frontier Season 2,8.26,138711,374.0,1033,274754,1611,25.0,TV,Manga,Finished Airing,2024.0,fall,PG-13 - Teens 13 or older,23 min per ep,"Action, Adventure, Fantasy",Video Game,Shounen,C2C,"Dentsu, Mainichi Broadcasting System, Kodansha, Sammy, Crunchyroll, Tencent Games, Netmarble",
Shirobako,8.26,149962,375.0,563,472367,6250,24.0,TV,Original,Finished Airing,2014.0,fall,PG-13 - Teens 13 or older,24 min per ep,"Award Winning, Comedy, Drama","Adult Cast, Otaku Culture, Workplace",,P.A. Works,"Sotsu, Movic, Warner Bros. Japan, KlockWorx, Showgate, Infinite, Imagine",Sentai Filmworks
Castle in the Sky,8.26,336528,376.0,471,540420,4876,1.0,Movie,Original,Finished Airing,,,PG - Children,2 hr 4 min,"Adventure, Award Winning, Fantasy",,,Studio Ghibli,"Tokuma Shoten, Streamline Pictures, Omnibus Promotion","Disney Platform Distribution, GKIDS"
Tsubasa RESERVoir CHRoNiCLE: Tokyo Revelations,8.26,46765,377.0,2386,101959,837,3.0,OVA,Manga,Finished Airing,,,R - 17+ (violence & profanity),24 min per ep,"Action, Adventure, Drama, Fantasy, Romance",,Shounen,Production I.G,Kodansha,Funimation
Laid-Back Camp,8.26,240954,378.0,465,545417,12057,12.0,TV,Manga,Finished Airing,2018.0,winter,PG-13 - Teens 13 or older,23 min per ep,Slice of Life,"CGDCT, Iyashikei",,C-Station,"Sotsu, AT-X, Sony Music Communications, MAGES., 81 Produce, BS11, FuRyu, Crunchyroll SC Anime Fund",
Kaiji: Ultimate Survivor,8.25,179261,379.0,700,394201,10953,26.0,TV,Manga,Finished Airing,2007.0,fall,R - 17+ (violence & profanity),23 min per ep,Suspense,"Adult Cast, High Stakes Game, Psychological, Strategy Game",Seinen,Madhouse,"VAP, Nippon Television Network, Arts Pro",Sentai Filmworks
Fighting Spirit: Champion Road,8.25,95515,380.0,1711,158470,281,1.0,TV Special,Manga,Finished Airing,,,PG-13 - Teens 13 or older,1 hr 31 min,Sports,Combat Sports,Shounen,Madhouse,,"Discotek Media, Geneon Entertainment USA"
The Eminence in Shadow Season 2,8.25,305585,381.0,468,544924,5297,12.0,TV,Light novel,Finished Airing,2023.0,fall,R - 17+ (violence & profanity),23 min per ep,"Action, Comedy, Fantasy","Isekai, Reincarnation",,Nexus,"AT-X, Magic Capsule, BS NTV, Kadokawa, NewGin, Aiming",Sentai Filmworks
Black Butler: Book of the Atlantic,8.25,105744,382.0,1247,227646,1679,1.0,Movie,Manga,Finished Airing,,,R - 17+ (violence & profanity),1 hr 40 min,"Action, Mystery, Supernatural","Historical, Mythology",Shounen,A-1 Pictures,"Aniplex, WOWOW, Square Enix, Mainichi Broadcasting System, Movic, Hakuhodo DY Music & Pictures, Lawson, Kinoshita Group Holdings",Funimation
Detective Conan: Episode One - The Great Detective Turned Small,8.25,16539,383.0,4410,34690,68,1.0,TV Special,Manga,Finished Airing,,,PG-13 - Teens 13 or older,1 hr 33 min,"Adventure, Comedy, Mystery",Detective,Shounen,TMS Entertainment,Yomiuri Telecasting,Discotek Media
Nodame Cantabile,8.25,134624,384.0,855,333202,5008,23.0,TV,Manga,Finished Airing,2007.0,winter,PG-13 - Teens 13 or older,22 min per ep,"Comedy, Romance","Adult Cast, Music, Performing Arts",Josei,J.C.Staff,"Dentsu, Genco, SKY Perfect Well Think, Kodansha, Fuji TV, Magic Capsule, Asmik Ace, Sony Music Entertainment, Fujipacific Music",
Planetes,8.25,83395,385.0,998,282669,4150,26.0,TV,Manga,Finished Airing,2003.0,fall,PG-13 - Teens 13 or older,25 min per ep,"Award Winning, Drama, Romance, Sci-Fi","Adult Cast, Space, Workplace",Seinen,Sunrise,"Bandai Visual, NHK","Bandai Entertainment, Crunchyroll"
Re:ZERO -Starting Life in Another World-,8.25,1582123,386.0,23,2481592,77619,25.0,TV,Light novel,Finished Airing,2016.0,spring,R - 17+ (violence & profanity),26 min per ep,"Drama, Fantasy, Suspense","Isekai, Psychological, Time Travel",,White Fox,"TV Tokyo, Media Factory, Kadokawa Shoten, AT-X, Magic Capsule, Memory-Tech, Hakuhodo DY Music & Pictures",Funimation
Millennium Actress,8.25,96089,387.0,1331,212632,3039,1.0,Movie,Original,Finished Airing,,,PG-13 - Teens 13 or older,1 hr 26 min,"Action, Adventure, Award Winning, Drama, Fantasy, Romance","Adult Cast, Historical, Showbiz",,Madhouse,"Bandai Visual, WOWOW, Genco, Kadokawa Shoten, KlockWorx, Chaos Union","Eleven Arts, DreamWorks"
Revolutionary Girl Utena,8.25,72523,388.0,1140,250313,9940,39.0,TV,Original,Finished Airing,1997.0,spring,PG-13 - Teens 13 or older,23 min per ep,"Award Winning, Drama","Mahou Shoujo, Psychological, School",,J.C.Staff,"TV Tokyo, Yomiko Advertising, SoftX, Audio Tanaka","Nozomi Entertainment, Central Park Media"
My Neighbor Totoro,8.25,760595,389.0,145,1170334,9326,1.0,Movie,Original,Finished Airing,,,G - All Ages,1 hr 26 min,"Adventure, Award Winning, Supernatural",,,Studio Ghibli,"Tokuma Shoten, Streamline Pictures","Disney Platform Distribution, GKIDS"
Scissor Seven: Shadow Fate,8.25,21072,390.0,4060,41285,240,10.0,ONA,Original,Finished Airing,,,R - 17+ (violence & profanity),16 min per ep,"Action, Adventure, Comedy, Drama, Mystery","Martial Arts, Super Power",,Sharefun Studio,AHAVERSE,
A Will Eternal 3rd Season,8.25,1464,391.0,9959,4494,51,59.0,ONA,Web novel,Finished Airing,,,PG-13 - Teens 13 or older,19 min per ep,"Action, Adventure, Comedy, Fantasy","Historical, Martial Arts",,B.CMAY PICTURES,Tencent Video,
BanG Dream! It's MyGO!!!!!,8.24,20868,392.0,3964,43176,1221,13.0,TV,Mixed media,Finished Airing,2023.0,summer,PG-13 - Teens 13 or older,23 min per ep,Drama,Music,,SANZIGEN,"Ultra Super Pictures, Bushiroad, Tokyo MX, Good Smile Company, Bushiroad Music, HoriPro International, Ace Crew Entertainment",
Golden Kamuy Season 2,8.24,131119,393.0,1185,241045,1040,12.0,TV,Manga,Finished Airing,2018.0,fall,R - 17+ (violence & profanity),23 min per ep,"Action, Adventure","Adult Cast, Historical, Military",Seinen,Geno Studio,"Magic Capsule, NBCUniversal Entertainment Japan, Tokyo MX, Good Smile Company, Sammy, Shueisha, JR East Marketing & Communications, Twin Engine",Funimation
Kaiji: Against All Rules,8.24,118105,394.0,1318,214951,3020,26.0,TV,Manga,Finished Airing,2011.0,spring,R - 17+ (violence & profanity),24 min per ep,Suspense,"Adult Cast, High Stakes Game, Psychological, Strategy Game",Seinen,Madhouse,"VAP, Nippon Television Network, Arts Pro",Sentai Filmworks
IDOLISH7 Third BEAT!,8.24,9222,395.0,4919,27052,418,13.0,TV,Game,Finished Airing,2021.0,summer,PG-13 - Teens 13 or older,24 min per ep,Drama,"Idols (Male), Music",,TROYCA,Lantis,
Kamisama Kiss Season 2,8.24,251732,396.0,559,473976,3942,12.0,TV,Manga,Finished Airing,2015.0,winter,PG-13 - Teens 13 or older,23 min per ep,"Comedy, Romance, Supernatural",Mythology,Shoujo,TMS Entertainment,"Dentsu, Sotsu",Funimation
KonoSuba: God's Blessing on This Wonderful World! 2,8.24,1098709,396.0,75,1663527,11991,10.0,TV,Light novel,Finished Airing,2017.0,winter,PG-13 - Teens 13 or older,23 min per ep,"Adventure, Comedy, Fantasy","Isekai, Parody",,Studio Deen,"Kadokawa Shoten, Nippon Columbia, KlockWorx, Sony Music Communications, Toranoana, 81 Produce, Kadokawa Media House",Discotek Media
Kiki's Delivery Service,8.24,432316,397.0,368,668050,6791,1.0,Movie,Novel,Finished Airing,,,G - All Ages,1 hr 43 min,"Adventure, Award Winning, Comedy, Drama, Fantasy",,,Studio Ghibli,Streamline Pictures,"Disney Platform Distribution, GKIDS"
Non Non Biyori Movie: Vacation,8.24,41394,399.0,2641,86970,222,1.0,Movie,Manga,Finished Airing,,,PG-13 - Teens 13 or older,1 hr 11 min,Slice of Life,"CGDCT, Iyashikei",Seinen,SILVER LINK.,"TV Tokyo, Lantis, AT-X, Sony Music Communications, Grooove, Kadokawa, Bandai Namco Arts",Sentai Filmworks
From the New World,8.24,290169,400.0,276,824953,22480,25.0,TV,Novel,Finished Airing,2012.0,fall,R - 17+ (violence & profanity),22 min per ep,"Drama, Fantasy, Horror, Mystery, Sci-Fi, Suspense",Psychological,,A-1 Pictures,"Aniplex, TV Asahi, Pony Canyon",Sentai Filmworks
Girls' Last Tour,8.24,153374,401.0,671,407211,8838,12.0,TV,Web manga,Finished Airing,2017.0,fall,PG-13 - Teens 13 or older,23 min per ep,"Adventure, Mystery, Sci-Fi, Slice of Life",Iyashikei,,White Fox,"AT-X, Shinchosha, Kadokawa Media House, Kadokawa",Sentai Filmworks
Sword of the Stranger,8.24,172867,402.0,778,355849,3066,1.0,Movie,Original,Finished Airing,,,R - 17+ (violence & profanity),1 hr 42 min,"Action, Adventure","Historical, Samurai",,Bones,"Bandai Visual, Shochiku, Sony Music Entertainment, Hakuhodo DY Media Partners, Fonishia","Funimation, Bandai Entertainment"
Suzume,8.24,285172,403.0,516,512097,5532,1.0,Movie,Original,Finished Airing,,,PG-13 - Teens 13 or older,2 hr 1 min,"Adventure, Supernatural",Mythology,,CoMix Wave Films,"Aniplex, TOHO, JR East Marketing & Communications, Kadokawa, voque ting, STORY, Lawson Entertainment",Crunchyroll
World Trigger 3rd Season,8.24,55842,404.0,1868,142317,1310,14.0,TV,Manga,Finished Airing,2021.0,fall,PG-13 - Teens 13 or older,23 min per ep,"Action, Sci-Fi",,Shounen,Toei Animation,TV Asahi,
Mobile Suit Gundam: Iron-Blooded Orphans 2nd Season,8.23,90551,405.0,1678,162079,1768,25.0,TV,Original,Finished Airing,2016.0,fall,R - 17+ (violence & profanity),24 min per ep,"Drama, Sci-Fi","Mecha, Space",,Sunrise,"Sotsu, Asatsu DK, Mainichi Broadcasting System",Funimation
In This Corner of the World,8.23,84883,406.0,1348,210065,1730,1.0,Movie,Manga,Finished Airing,,,PG-13 - Teens 13 or older,2 hr 48 min,"Award Winning, Drama",Historical,Seinen,MAPPA,"Genco, Animatsu Entertainment",Shout! Factory
Liz and the Blue Bird,8.23,67417,407.0,1667,164464,3213,1.0,Movie,Novel,Finished Airing,,,PG-13 - Teens 13 or older,1 hr 30 min,"Award Winning, Drama","Music, Performing Arts, School",,Kyoto Animation,"Lantis, Shochiku, Pony Canyon, Rakuonsha, Bandai Namco Arts","Eleven Arts, GKIDS, Ponycan USA"
Puella Magi Madoka Magica the Movie Part 1: Beginnings,8.23,108788,408.0,1301,218004,996,1.0,Movie,Original,Finished Airing,,,PG-13 - Teens 13 or older,2 hr 11 min,"Drama, Suspense","Mahou Shoujo, Psychological",,Shaft,"Aniplex, Mainichi Broadcasting System, Movic, Nitroplus, Houbunsha",Aniplex of America
Whisper of the Heart,8.23,230879,409.0,669,409834,5781,1.0,Movie,Manga,Finished Airing,,,G - All Ages,1 hr 51 min,"Drama, Romance",,Shoujo,Studio Ghibli,Tokuma Shoten,"Disney Platform Distribution, GKIDS"
Rascal Does Not Dream of Bunny Girl Senpai,8.23,1248201,410.0,48,1974574,51387,13.0,TV,Light novel,Finished Airing,2018.0,fall,PG-13 - Teens 13 or older,24 min per ep,"Drama, Romance, Supernatural",School,,CloverWorks,"Aniplex, Tokyo MX, Hakuhodo DY Music & Pictures, Nagoya Broadcasting Network, BS11, ABC Animation, Kadokawa",Aniplex of America
Saga of Tanya the Evil: The Movie,8.23,178271,411.0,847,335016,1272,1.0,Movie,Light novel,Finished Airing,,,R - 17+ (violence & profanity),1 hr 38 min,"Action, Fantasy","Isekai, Military, Reincarnation",,Nut,"AT-X, Sony Music Communications, Kadokawa, Kadokawa Animation",
The Boy and the Beast,8.22,240820,412.0,582,457660,3273,1.0,Movie,Original,Finished Airing,,,PG-13 - Teens 13 or older,1 hr 59 min,Fantasy,"Anthropomorphic, Isekai",,Studio Chizu,"Dentsu, Yomiuri Telecasting, Kadokawa Shoten, TOHO, Nippon Television Network, Arquebuse",Funimation
Cardcaptor Sakura Movie 2: The Sealed Card,8.22,70934,413.0,2079,124281,509,1.0,Movie,Manga,Finished Airing,,,PG - Children,1 hr 22 min,"Award Winning, Comedy, Drama, Romance",Mahou Shoujo,Shoujo,Madhouse,"Bandai Visual, Shochiku, Kodansha, Shelty, Amber Film Works","Nelvana, Discotek Media, Geneon Entertainment USA"
Daily Lives of High School Boys,8.22,443944,414.0,240,890085,14914,12.0,TV,Web manga,Finished Airing,2012.0,winter,PG-13 - Teens 13 or older,24 min per ep,Comedy,"Gag Humor, School",,Sunrise,"TV Tokyo, Square Enix, Trinity Sound, Happinet Pictures",NIS America
"Go For It, Nakamura-kun!!",8.22,17375,415.0,3325,58390,758,13.0,TV,Manga,Finished Airing,2026.0,spring,PG-13 - Teens 13 or older,23 min per ep,"Boys Love, Comedy",School,,Drive,"Aniplex, Half H.P Studio, Crunchyroll, Kinoshita Group Holdings",
Major S3,8.22,45835,417.0,2895,74606,353,26.0,TV,Manga,Finished Airing,2007.0,winter,PG-13 - Teens 13 or older,25 min per ep,Sports,Team Sports,Shounen,Studio Hibari,"NHK, NHK Enterprises, Shogakukan Productions",
Nodame Cantabile Finale,8.22,72073,418.0,1964,133736,417,11.0,TV,Manga,Finished Airing,2010.0,winter,PG-13 - Teens 13 or older,22 min per ep,"Comedy, Romance","Adult Cast, Music, Performing Arts",Josei,J.C.Staff,"Dentsu, Genco, SKY Perfect Well Think, Kodansha, Fuji TV, Asmik Ace, Sony Music Entertainment",
Stand By Me Doraemon 2,8.22,18683,419.0,3990,42729,141,1.0,Movie,Manga,Finished Airing,,,PG - Children,1 hr 35 min,"Comedy, Sci-Fi",Time Travel,Kids,"Shirogumi, Shin-Ei Animation","Dentsu, TV Asahi, TOHO, Shueisha, Nagoya Broadcasting Network, Asahi Broadcasting, Shogakukan, Abe Shuuji Jimusho, Shizuoka Asahi Television",
Trigun,8.22,402995,420.0,266,838656,17784,26.0,TV,Manga,Finished Airing,1998.0,spring,PG-13 - Teens 13 or older,24 min per ep,"Action, Adventure, Sci-Fi",Adult Cast,Shounen,Madhouse,"Victor Entertainment, Arts Pro",Funimation
Wistoria: Wand and Sword Season 2,8.22,58320,421.0,1509,184438,1025,12.0,TV,Manga,Finished Airing,2026.0,spring,PG-13 - Teens 13 or older,23 min per ep,"Action, Fantasy",School,Shounen,"Actas, Bandai Namco Pictures","Lantis, TBS, Kodansha, Crunchyroll, Jinnan Studio, Bandai Namco Filmworks, Bandai Namco Music Live",
My Hero Academia Season 6,8.21,432222,423.0,270,834447,7361,25.0,TV,Manga,Finished Airing,2022.0,fall,PG-13 - Teens 13 or older,23 min per ep,Action,"School, Super Power",Shounen,Bones,"Dentsu, Yomiuri Telecasting, Movic, Sony Music Entertainment, TOHO animation, Shueisha",Crunchyroll
Dragon Ball Super: Broly,8.21,327500,424.0,560,473692,3615,1.0,Movie,Manga,Finished Airing,,,PG-13 - Teens 13 or older,1 hr 40 min,"Action, Adventure, Fantasy",Martial Arts,Shounen,Toei Animation,"Fuji TV, Bandai, Bandai Namco Entertainment, Shueisha",Funimation
Dragon Ball Z,8.21,910088,425.0,118,1332546,42463,291.0,TV,Manga,Finished Airing,1989.0,spring,PG-13 - Teens 13 or older,24 min per ep,"Action, Adventure, Comedy, Fantasy",Martial Arts,Shounen,Toei Animation,Fuji TV,Funimation
Release that Witch,8.21,13138,426.0,4580,31714,275,8.0,ONA,Web novel,Finished Airing,,,PG-13 - Teens 13 or older,26 min per ep,Fantasy,Isekai,,Thundray,"Tencent Animation & Comics, Yuewen Animation & Comics",
Gachiakuta,8.21,232585,427.0,497,520651,6255,24.0,TV,Manga,Finished Airing,2025.0,summer,PG-13 - Teens 13 or older,23 min per ep,"Action, Fantasy",,Shounen,Bones Film,"Bones, Dentsu, Kodansha, AT-X, Avex Pictures, DMM.com, dugout, Team-MAX",
Haikyu!! The Movie: Talent and Sense,8.21,45027,428.0,2250,110670,110,1.0,Movie,Manga,Finished Airing,,,PG-13 - Teens 13 or older,1 hr 29 min,Sports,"School, Team Sports",Shounen,Production I.G,,
The Eminence in Shadow,8.21,477943,429.0,244,879201,18391,20.0,TV,Light novel,Finished Airing,2022.0,fall,R - 17+ (violence & profanity),23 min per ep,"Action, Comedy, Fantasy","Isekai, Reincarnation",,Nexus,"AT-X, BS NTV, Kadokawa, NewGin, Aiming",Sentai Filmworks
Major S1,8.21,54197,431.0,2276,108505,1447,26.0,TV,Manga,Finished Airing,2004.0,fall,PG-13 - Teens 13 or older,25 min per ep,Sports,Team Sports,Shounen,Studio Hibari,"NHK, NHK Enterprises, Shogakukan Productions",
Spice and Wolf,8.21,415942,432.0,246,874510,18332,13.0,TV,Light novel,Finished Airing,2008.0,winter,PG-13 - Teens 13 or older,23 min per ep,"Adventure, Drama, Romance, Supernatural",Adult Cast,,Imagin,"Victor Entertainment, Pony Canyon, Movic, Kadokawa Pictures Japan","Funimation, Kadokawa Pictures USA"
ReLIFE: Final Arc,8.21,268257,433.0,595,450993,2164,4.0,Special,Web manga,Finished Airing,,,PG-13 - Teens 13 or older,23 min per ep,"Drama, Romance",School,,TMS Entertainment,"comico, TMS Music",Funimation
The Disastrous Life of Saiki K. Final Arc,8.21,148862,434.0,1138,251536,438,1.0,TV Special,Manga,Finished Airing,,,PG-13 - Teens 13 or older,47 min,Comedy,"Gag Humor, School, Super Power",Shounen,"J.C.Staff, Egg Firm",,
Spy x Family Season 3,8.21,140688,435.0,767,359628,1919,13.0,TV,Manga,Finished Airing,2025.0,fall,PG-13 - Teens 13 or older,23 min per ep,"Action, Comedy","Childcare, Super Power",Shounen,"Wit Studio, CloverWorks","TV Tokyo, Shogakukan-Shueisha Productions, TOHO animation, Sound Team Don Juan, Shueisha, Toho Music, Verygoo",
Scissor Seven: The Strongest Hairstylist,8.21,56968,436.0,2426,99159,606,10.0,ONA,Original,Finished Airing,,,PG-13 - Teens 13 or older,16 min per ep,"Action, Comedy, Drama, Mystery","Martial Arts, Super Power",,Sharefun Studio,AHAVERSE,
The Dangers in My Heart,8.2,234247,437.0,594,450657,6484,12.0,TV,Manga,Finished Airing,2023.0,spring,PG-13 - Teens 13 or older,23 min per ep,"Comedy, Romance",School,Shounen,Shin-Ei Animation,"Dentsu, TV Asahi, Movic, Magic Capsule, Avex Pictures, Akita Shoten, BS Asahi, TV Asahi Music",Sentai Filmworks
The Demon Hunter 2,8.2,1086,438.0,11910,2554,30,36.0,ONA,Web novel,Finished Airing,,,PG-13 - Teens 13 or older,21 min per ep,"Action, Adventure, Fantasy","Historical, Martial Arts",,"Shenman Entertainment, Tianshi Wenhua",Youku,
Fruits Basket 1st Season,8.2,453118,439.0,212,954026,18326,25.0,TV,Manga,Finished Airing,2019.0,spring,PG-13 - Teens 13 or older,23 min per ep,"Drama, Romance, Supernatural","Love Polygon, School",Shoujo,TMS Entertainment,"TV Tokyo, TV Osaka, Nihon Ad Systems, Hakusensha, Avex Pictures, TMS Music, 8PAN",Funimation
Girls und Panzer der Film,8.2,65215,440.0,1986,131685,1509,1.0,Movie,Original,Finished Airing,,,PG-13 - Teens 13 or older,2 hr,"Action, Award Winning","CGDCT, Military, School",,Actas,"Bandai Visual, Lantis, Movic, Q-Tec, Hakuhodo DY Music & Pictures, Hakuhodo DY Media Partners",Sentai Filmworks
Initial D Second Stage,8.2,154041,441.0,1074,265528,1237,13.0,TV,Manga,Finished Airing,1999.0,fall,PG-13 - Teens 13 or older,23 min per ep,"Action, Drama",Racing,Seinen,Pastel,"OB Planning, Fuji TV","Funimation, Tokyopop"
InuYasha: The Final Act,8.2,154025,442.0,921,307643,2326,26.0,TV,Manga,Finished Airing,2009.0,fall,PG-13 - Teens 13 or older,24 min per ep,"Action, Adventure, Fantasy, Romance","Historical, Love Polygon, Mythology, Time Travel",Shounen,Sunrise,"Yomiuri Telecasting, Shogakukan",VIZ Media
Jujutsu Kaisen: Hidden Inventory/Premature Death,8.2,14403,443.0,3158,64199,347,1.0,Movie,Manga,Finished Airing,,,R - 17+ (violence & profanity),1 hr 50 min,"Action, Supernatural","Gore, School",Shounen,MAPPA,dugout,GKIDS
Kaiju No. 8,8.2,428744,443.0,315,742456,6704,12.0,TV,Manga,Finished Airing,2024.0,spring,PG-13 - Teens 13 or older,23 min per ep,"Action, Fantasy, Sci-Fi","Adult Cast, Military, Urban Fantasy",Shounen,Production I.G,"TV Tokyo, Khara, Nippon Columbia, TOHO animation, Shueisha, Sonilude, Toho Music",
Miss Kobayashi's Dragon Maid S,8.2,311602,445.0,409,615904,5755,12.0,TV,Manga,Finished Airing,2021.0,summer,PG-13 - Teens 13 or older,23 min per ep,"Slice of Life, Supernatural",,,Kyoto Animation,"Lantis, Pony Canyon, ABC Animation, Bandai Namco Arts, Heart Company",
Kuroko's Basketball 2,8.2,591183,446.0,219,933067,4436,25.0,TV,Manga,Finished Airing,2013.0,fall,PG-13 - Teens 13 or older,24 min per ep,Sports,"School, Team Sports",Shounen,Production I.G,"Bandai Visual, Lantis, Nihon Ad Systems, Banpresto, Shueisha, BS11",
Magi: The Kingdom of Magic,8.2,485610,447.0,234,901866,7866,25.0,TV,Manga,Finished Airing,2013.0,fall,PG-13 - Teens 13 or older,25 min per ep,"Action, Adventure, Fantasy",,Shounen,A-1 Pictures,"Aniplex, Dentsu, Shogakukan-Shueisha Productions, Mainichi Broadcasting System, Movic, GYAO!",Aniplex of America
Detective Conan Movie 13: The Raven Chaser,8.2,36571,448.0,3125,65409,84,1.0,Movie,Manga,Finished Airing,,,PG-13 - Teens 13 or older,1 hr 51 min,"Action, Mystery",Detective,Shounen,"Tokyo Movie Shinsha, TMS Entertainment",Shogakukan-Shueisha Productions,
Mushoku Tensei: Jobless Reincarnation Season 2,8.2,451740,448.0,305,769330,7899,12.0,TV,Light novel,Finished Airing,2023.0,summer,R - 17+ (violence & profanity),23 min per ep,"Adventure, Drama, Fantasy, Ecchi","Isekai, Reincarnation",,Studio Bind,"Frontier Works, TOHO, TOHO animation, Hakuhodo DY Music & Pictures, BS11, Egg Firm, Kadokawa, GREE Entertainment",
Symphogear XV,8.2,15842,450.0,3920,44222,934,13.0,TV,Original,Finished Airing,2019.0,summer,PG-13 - Teens 13 or older,23 min per ep,"Action, Sci-Fi","Idols (Female), Music",,Satelight,"Memory-Tech, Bushiroad, MAGES., King Records, Kinyosha",Discotek Media
SKET Dance,8.2,88687,451.0,1193,239348,3280,77.0,TV,Manga,Finished Airing,2011.0,spring,PG-13 - Teens 13 or older,24 min per ep,Comedy,School,Shounen,Tatsunoko Production,"TV Tokyo, Avex Entertainment, Dentsu",
Spy x Family Part 2,8.2,626479,452.0,152,1145985,7712,13.0,TV,Manga,Finished Airing,2022.0,fall,PG-13 - Teens 13 or older,24 min per ep,"Action, Comedy","Childcare, Super Power",Shounen,"Wit Studio, CloverWorks","TV Tokyo, Shogakukan-Shueisha Productions, TOHO animation, Shueisha",
Heavenly Delusion,8.2,296134,453.0,392,637840,7875,13.0,TV,Manga,Finished Airing,2023.0,spring,R - 17+ (violence & profanity),23 min per ep,"Adventure, Mystery, Sci-Fi",,Seinen,Production I.G,"Mainichi Broadcasting System, Kodansha, NBCUniversal Entertainment Japan, Avex Pictures, NetEase",
xxxHOLiC◆Kei,8.2,70392,454.0,1730,156221,675,13.0,TV,Manga,Finished Airing,2008.0,spring,PG-13 - Teens 13 or older,24 min per ep,"Comedy, Drama, Mystery, Supernatural",,Seinen,Production I.G,"TBS, BMG Japan, Kids Station, Kodansha, Movic, Fonishia",
My Teen Romantic Comedy SNAFU TOO!,8.2,751261,454.0,146,1169563,16243,13.0,TV,Light novel,Finished Airing,2015.0,spring,PG-13 - Teens 13 or older,24 min per ep,"Comedy, Romance","Love Polygon, School",,feel.,"TBS, Movic, Delfi Sound, Marvelous AQL, NBCUniversal Entertainment Japan",Sentai Filmworks
Asobi Asobase: Workshop of Fun,8.19,253017,456.0,475,538260,7376,12.0,TV,Manga,Finished Airing,2018.0,summer,PG-13 - Teens 13 or older,23 min per ep,Comedy,"Gag Humor, School",Seinen,Lerche,"Hakusensha, AT-X, Sony Music Communications, Kadokawa Media House, Kadokawa",
Bungo Stray Dogs 3,8.19,380069,457.0,335,713793,5100,12.0,TV,Manga,Finished Airing,2019.0,spring,R - 17+ (violence & profanity),23 min per ep,"Action, Mystery","Adult Cast, Detective, Organized Crime, Super Power",Seinen,Bones,"WOWOW, Lantis, Movic, Bandai Namco Live Creative, Sony Music Entertainment, Glovision, Kadokawa Media House, Kadokawa, Bandai Namco Arts",Funimation
Cardcaptor Sakura,8.19,234965,458.0,540,488274,14888,70.0,TV,Manga,Finished Airing,1998.0,spring,PG - Children,25 min per ep,"Adventure, Comedy, Drama, Romance","Mahou Shoujo, School",Shoujo,Madhouse,"NHK, Kodansha, Sogo Vision","Nelvana, NIS America, Geneon Entertainment USA"
Girls und Panzer das Finale – Part 3,8.19,17024,459.0,3698,48505,125,1.0,Movie,Original,Finished Airing,,,PG-13 - Teens 13 or older,48 min,,"CGDCT, Military, School",,Actas,"Bandai Visual, Lantis, Movic, Q-Tec, Hakuhodo DY Music & Pictures",Sentai Filmworks
Great Pretender,8.19,359458,460.0,309,752949,10543,23.0,TV,Original,Finished Airing,2020.0,summer,R - 17+ (violence & profanity),23 min per ep,"Action, Adventure, Mystery","Adult Cast, Organized Crime",,Wit Studio,"Production I.G, Fuji TV, BS Fuji, TOHO animation, Hakuhodo DY Media Partners","Netflix, Anime Limited"
Hunter x Hunter: Greed Island,8.19,92778,461.0,1525,183164,326,8.0,OVA,Manga,Finished Airing,,,PG-13 - Teens 13 or older,23 min per ep,"Action, Adventure, Fantasy",,Shounen,Nippon Animation,,
Made in Abyss: Journey's Dawn,8.19,61316,462.0,1669,164379,272,1.0,Movie,Web manga,Finished Airing,,,R - 17+ (violence & profanity),1 hr 59 min,"Adventure, Drama, Fantasy, Mystery, Sci-Fi",Gore,,Kinema Citrus,"AT-X, Takeshobo, Sony Music Communications, Kadokawa Media House, Cygames, Kanetsu Investment, Kadokawa, Global Solutions, IRMA LA DOUCE",Sentai Filmworks
One Piece: Episode of Merry - The Tale of One More Friend,8.19,34789,463.0,2757,81246,82,1.0,TV Special,Manga,Finished Airing,,,PG-13 - Teens 13 or older,1 hr 46 min,"Action, Adventure, Fantasy",,Shounen,Toei Animation,Fuji TV,
The Case Study of Vanitas Part 2,8.19,152756,464.0,801,348754,2942,12.0,TV,Manga,Finished Airing,2022.0,winter,R - 17+ (violence & profanity),23 min per ep,"Action, Fantasy, Mystery","Historical, Urban Fantasy, Vampire",Shounen,Bones,"Aniplex, Square Enix, Hakuhodo DY Music & Pictures, Contents Seed",Funimation
A Will Eternal 2nd Season,8.19,3175,465.0,7420,9664,106,54.0,ONA,Web novel,Finished Airing,,,PG-13 - Teens 13 or older,19 min per ep,"Action, Adventure, Fantasy","Historical, Martial Arts",,B.CMAY PICTURES,Tencent Video,
The Tatami Time Machine Blues,8.19,16099,466.0,3124,65532,351,6.0,ONA,Novel,Finished Airing,,,PG-13 - Teens 13 or older,20 min per ep,"Comedy, Mystery, Romance, Suspense","Adult Cast, Psychological, Time Travel",,Science SARU,"Dentsu, Fuji TV, TOHO, Asmik Ace, Fujipacific Music, Kadokawa, Tohan Corporation",
A Sign of Affection,8.19,164062,467.0,784,353264,4702,12.0,TV,Manga,Finished Airing,2024.0,winter,PG-13 - Teens 13 or older,23 min per ep,Romance,Adult Cast,Shoujo,Ajia-do,"Mainichi Broadcasting System, Kodansha, NBCUniversal Entertainment Japan, Tokyo MX, Crunchyroll, TO Books, Myrica Music, NetEase",
Welcome to the Ballroom,8.18,160885,468.0,759,364506,3791,24.0,TV,Manga,Finished Airing,2017.0,summer,PG-13 - Teens 13 or older,24 min per ep,Sports,Performing Arts,Shounen,Production I.G,"Dentsu, Mainichi Broadcasting System, Pony Canyon, Kodansha, Movic, Bandai Namco Games, Toy's Factory, Animatic",Ponycan USA
Black Lagoon: The Second Barrage,8.18,343482,469.0,435,578313,3391,12.0,TV,Manga,Finished Airing,2006.0,fall,R - 17+ (violence & profanity),23 min per ep,Action,"Adult Cast, Organized Crime",Seinen,Madhouse,"Geneon Entertainment, Arts Pro","Funimation, Geneon Entertainment USA"
Digimon Adventure: Last Evolution Kizuna,8.18,22497,470.0,3191,63360,349,1.0,Movie,Original,Finished Airing,,,PG-13 - Teens 13 or older,1 hr 34 min,"Action, Adventure, Comedy, Drama",,,Yumeta Company,Toei Animation,Shout! Factory
Fate/stay night [Unlimited Blade Works],8.18,734895,471.0,143,1181755,17524,12.0,TV,Visual novel,Finished Airing,2014.0,fall,R - 17+ (violence & profanity),28 min per ep,"Action, Fantasy",Urban Fantasy,,ufotable,"Aniplex, Notes, Studio Mausu",Aniplex of America
Legend of the Galactic Heroes: Die Neue These - Stellar War Part 2,8.18,15215,472.0,4054,41541,60,4.0,Movie,Novel,Finished Airing,,,R - 17+ (violence & profanity),25 min per ep,"Drama, Sci-Fi","Adult Cast, Military, Space",,Production I.G,Shochiku,
Honey and Clover II,8.18,56556,473.0,2074,124814,963,12.0,TV,Manga,Finished Airing,2006.0,summer,PG-13 - Teens 13 or older,23 min per ep,"Drama, Romance","Adult Cast, Love Polygon, Visual Arts",Josei,J.C.Staff,"Dentsu, Genco, Fuji TV, Asmik Ace, Sony Music Entertainment, Shueisha","VIZ Media, Discotek Media"
Horimiya,8.18,1009353,474.0,79,1658977,40292,13.0,TV,Manga,Finished Airing,2021.0,winter,PG-13 - Teens 13 or older,23 min per ep,Romance,School,Shounen,CloverWorks,"Aniplex, Square Enix, Mainichi Broadcasting System, Movic, Kanetsu Investment, My Theater D.D., Global Solutions, Mirai-Kojo",Funimation
Initial D Fourth Stage,8.18,120314,475.0,1308,216659,1446,24.0,TV,Manga,Finished Airing,2004.0,spring,PG-13 - Teens 13 or older,27 min per ep,"Action, Drama",Racing,Seinen,A.C.G.T.,OB Planning,Funimation
K-ON! Season 2,8.18,416133,476.0,307,758240,15470,26.0,TV,4-koma manga,Finished Airing,2010.0,spring,PG-13 - Teens 13 or older,24 min per ep,"Award Winning, Comedy","CGDCT, Music, School",,Kyoto Animation,"Pony Canyon, TBS, Movic, Rakuonsha, Animation Do",Sentai Filmworks
Botan Kamiina Fully Blossoms When Drunk,8.18,12930,477.0,3610,50349,493,12.0,TV,Web manga,Finished Airing,2026.0,spring,PG-13 - Teens 13 or older,23 min per ep,"Girls Love, Gourmet, Slice of Life","Adult Cast, CGDCT",,Soigne,"Aniplex, Movic, Magic Capsule, Tokyo MX, Akita Shoten, BS11, AbemaTV, Yostar, Sankyo, Seibu Railway",
Major S2,8.18,47904,478.0,2844,76837,313,26.0,TV,Manga,Finished Airing,2006.0,winter,PG-13 - Teens 13 or older,25 min per ep,Sports,Team Sports,Shounen,Studio Hibari,"NHK, NHK Enterprises, Shogakukan Productions",
Major S4,8.18,42996,479.0,3016,69862,193,26.0,TV,Manga,Finished Airing,2008.0,winter,PG-13 - Teens 13 or older,24 min per ep,Sports,Team Sports,Shounen,SynergySP,"NHK, NHK Enterprises, Shogakukan Productions",
Case Closed,8.18,170652,480.0,729,379478,16163,,TV,Manga,Currently Airing,1996.0,winter,PG-13 - Teens 13 or older,24 min,"Adventure, Comedy, Mystery",Detective,Shounen,TMS Entertainment,"Yomiuri Telecasting, Shogakukan, Audio Planning U, Tokyo Movie, Polydor Records, Zet","Funimation, Crunchyroll"
Natsume's Book of Friends: The Waking Rock and the Strange Visitor,8.18,13981,482.0,3489,53877,112,1.0,Movie,Manga,Finished Airing,,,PG-13 - Teens 13 or older,51 min,"Slice of Life, Supernatural","Iyashikei, Mythology",Shoujo,Shuka,"Aniplex, Ai Addiction",
Detective Conan Movie 20: The Darkest Nightmare,8.18,26184,482.0,3757,47403,106,1.0,Movie,Manga,Finished Airing,,,G - All Ages,1 hr 52 min,"Action, Mystery",Detective,Shounen,TMS Entertainment,,Discotek Media
Megalobox 2: Nomad,8.18,92467,483.0,1234,231459,2261,13.0,TV,Original,Finished Airing,2021.0,spring,R - 17+ (violence & profanity),24 min per ep,"Sci-Fi, Sports","Adult Cast, Combat Sports",,TMS Entertainment,"Kodansha, Tohokushinsha Film Corporation, Bandai Namco Arts",Funimation
Non Non Biyori Repeat,8.18,107667,484.0,1320,214459,1268,12.0,TV,Manga,Finished Airing,2015.0,summer,PG-13 - Teens 13 or older,23 min per ep,Slice of Life,"CGDCT, Iyashikei, School",Seinen,SILVER LINK.,"TV Tokyo, Lantis",Sentai Filmworks
Sasaki and Miyano,8.18,109471,485.0,1188,240325,5709,12.0,TV,Web manga,Finished Airing,2022.0,winter,PG-13 - Teens 13 or older,23 min per ep,Boys Love,"Otaku Culture, School",,Studio Deen,"Frontier Works, Movic, Nippon Columbia, Sound Team Don Juan, TV Aichi, Kadokawa Media House, U-NEXT, BS NTV, Kadokawa",
Gurren Lagann The Movie: Childhood's End,8.18,90506,486.0,1446,193599,479,1.0,Movie,Original,Finished Airing,,,PG-13 - Teens 13 or older,1 hr 52 min,Sci-Fi,Mecha,,Gainax,Aniplex,Aniplex of America
xxxHOLiC Rou,8.18,34480,487.0,2652,86485,196,2.0,OVA,Manga,Finished Airing,,,PG-13 - Teens 13 or older,34 min per ep,"Drama, Mystery, Supernatural",,Seinen,Production I.G,"Kodansha, Fonishia",
Aria the Natural,8.17,32175,488.0,2655,86341,836,26.0,TV,Manga,Finished Airing,2006.0,spring,G - All Ages,24 min per ep,"Sci-Fi, Slice of Life",Iyashikei,Shounen,HAL Film Maker,"TV Tokyo, Shochiku, Mag Garden",Nozomi Entertainment
Bakuman.,8.17,311702,489.0,373,660093,9679,25.0,TV,Manga,Finished Airing,2010.0,fall,PG-13 - Teens 13 or older,24 min per ep,"Comedy, Drama, Romance",Otaku Culture,Shounen,J.C.Staff,"NHK, Shueisha",Media Blasters
Chihayafuru,8.17,195760,490.0,528,498347,8459,25.0,TV,Manga,Finished Airing,2011.0,fall,PG-13 - Teens 13 or older,22 min per ep,"Drama, Romance, Sports","Love Polygon, School, Strategy Game",Josei,Madhouse,"VAP, Nippon Television Network",Sentai Filmworks
Hell's Paradise Season 2,8.17,144920,491.0,686,397861,3060,12.0,TV,Manga,Finished Airing,2026.0,winter,R - 17+ (violence & profanity),24 min per ep,"Action, Adventure, Supernatural","Gore, Historical, Samurai",Shounen,MAPPA,"Fujipacific Music, Twin Engine, dugout",
"Kamisama Hajimemashita: Kamisama, Shiawase ni Naru",8.17,37184,492.0,2909,74206,214,1.0,OVA,Manga,Finished Airing,,,PG-13 - Teens 13 or older,12 min,"Comedy, Romance, Supernatural",Mythology,Shoujo,TMS Entertainment,,
Mobile Suit Gundam: The Origin - Advent of the Red Comet,8.17,12785,493.0,4796,28635,143,13.0,TV,Manga,Finished Airing,2019.0,spring,PG-13 - Teens 13 or older,25 min per ep,Sci-Fi,"Mecha, Military, Space",Shounen,Sunrise,Sunrise Music,
Black Butler: Emerald Witch Arc,8.17,26827,494.0,2866,75648,570,13.0,TV,Manga,Finished Airing,2025.0,spring,R - 17+ (violence & profanity),23 min per ep,"Action, Mystery, Supernatural","Historical, Mythology",Shounen,CloverWorks,"Aniplex, Square Enix, Magic Capsule, Crunchyroll",
Little Busters! ~Refrain~,8.17,81370,495.0,1576,177192,2152,13.0,TV,Visual novel,Finished Airing,2013.0,fall,PG-13 - Teens 13 or older,24 min per ep,"Comedy, Drama, Romance",School,,J.C.Staff,"Warner Bros. Japan, Showgate",Sentai Filmworks
One Piece: Stampede,8.17,137450,496.0,1272,223321,689,1.0,Movie,Manga,Finished Airing,,,PG-13 - Teens 13 or older,1 hr 41 min,"Action, Adventure, Fantasy",,Shounen,Toei Animation,,Funimation
The King's Avatar (2018),8.17,57451,497.0,2221,112977,347,3.0,ONA,Web novel,Finished Airing,,,PG-13 - Teens 13 or older,27 min per ep,Action,Video Game,,Colored Pencil Animation,"Tencent Animation & Comics, Tencent Video, China Literature Limited, Colored Pencil Animation Japan",
Rascal Does Not Dream of Santa Claus,8.17,74171,498.0,1279,221453,1148,13.0,TV,Light novel,Finished Airing,2025.0,summer,PG-13 - Teens 13 or older,24 min per ep,"Drama, Romance, Supernatural",School,,CloverWorks,"Aniplex, Half H.P Studio, Tokyo MX, Nagoya Broadcasting Network, BS11, ABC Animation, Kadokawa",
My Dress-Up Darling Season 2,8.17,219268,499.0,541,487237,4589,12.0,TV,Manga,Finished Airing,2025.0,summer,PG-13 - Teens 13 or older,23 min per ep,Romance,"Otaku Culture, School",Seinen,CloverWorks,"Aniplex, Square Enix, Movic, Studio Mausu, Tokyo MX, BS11",
Tamayura: Sotsugyou Shashin Part 4 - Ashita,8.17,4278,500.0,6396,13868,82,1.0,Movie,Original,Finished Airing,,,G - All Ages,57 min,Slice of Life,"CGDCT, Iyashikei",,TYO Animations,"Shochiku, flying DOG",
Moriarty the Patriot,8.17,212163,502.0,517,512141,8413,11.0,TV,Manga,Finished Airing,2020.0,fall,R - 17+ (violence & profanity),23 min per ep,"Mystery, Suspense","Adult Cast, Historical, Organized Crime, Psychological",Shounen,Production I.G,"Mainichi Broadcasting System, Shueisha, Yomiuri TV Enterprise, Bandai Namco Arts, Bandai Spirits",Funimation
Bungo Stray Dogs 2,8.16,547170,504.0,210,958223,6844,12.0,TV,Manga,Finished Airing,2016.0,fall,R - 17+ (violence & profanity),23 min per ep,"Action, Mystery","Adult Cast, Detective, Organized Crime, Super Power",Seinen,Bones,"Lantis, Movic, KlockWorx, Bandai Namco Live Creative, Glovision, Lawson HMV Entertainment, Sony PCL, Kadokawa","Funimation, Crunchyroll"
Higurashi: When They Cry – Kai,8.16,268514,505.0,495,522374,7708,24.0,TV,Visual novel,Finished Airing,2007.0,summer,R - 17+ (violence & profanity),24 min per ep,"Horror, Mystery, Suspense","Gore, Psychological",,Studio Deen,"Frontier Works, Sotsu, Movic",Sentai Filmworks
Lupin III: The Castle of Cagliostro,8.16,79339,506.0,1906,139031,1511,1.0,Movie,Manga,Finished Airing,,,PG-13 - Teens 13 or older,1 hr 39 min,"Action, Adventure, Award Winning, Comedy, Mystery",Adult Cast,Seinen,"Tokyo Movie Shinsha, Telecom Animation Film",,"Discotek Media, Manga Entertainment, Streamline Pictures"
"No Game, No Life: Zero",8.16,512111,507.0,213,954196,8020,1.0,Movie,Light novel,Finished Airing,,,PG-13 - Teens 13 or older,1 hr 46 min,"Drama, Fantasy, Romance",Isekai,,Madhouse,"Frontier Works, Movic, AT-X, Kadokawa",Sentai Filmworks
Ouran High School Host Club,8.16,732952,508.0,136,1236895,37418,26.0,TV,Manga,Finished Airing,2006.0,spring,PG-13 - Teens 13 or older,23 min per ep,"Comedy, Romance","Crossdressing, Reverse Harem, School",Shoujo,Bones,"VAP, Hakusensha, Nippon Television Network, Fonishia",Funimation
GaoGaiGar Final,8.16,5105,510.0,6574,12940,202,8.0,OVA,Original,Finished Airing,,,PG-13 - Teens 13 or older,32 min per ep,"Adventure, Drama, Sci-Fi","Mecha, Super Power",,Sunrise,,Discotek Media
Aoashi,8.15,132616,510.0,1089,260559,3497,24.0,TV,Manga,Finished Airing,2022.0,spring,PG-13 - Teens 13 or older,24 min per ep,Sports,Team Sports,Seinen,Production I.G,"Shogakukan-Shueisha Productions, Marvelous Entertainment, NHK Enterprises, Bandai Spirits",Crunchyroll
Blue Box,8.15,158839,511.0,823,342242,4589,25.0,TV,Manga,Finished Airing,2024.0,fall,PG-13 - Teens 13 or older,23 min per ep,"Romance, Sports","Love Polygon, School, Team Sports",Shounen,Telecom Animation Film,"TBS, Magic Capsule, TOHO animation, Shueisha, TMS Music, Unlimited Produce by TMS",
Dr. Stone: Stone Wars,8.15,692998,513.0,138,1214015,7598,11.0,TV,Manga,Finished Airing,2021.0,winter,PG-13 - Teens 13 or older,24 min per ep,"Adventure, Comedy",,Shounen,TMS Entertainment,"TOHO animation, Shueisha, Toho Music, 8PAN",Funimation
The Demon Hunter,8.15,2193,513.0,9206,5585,70,26.0,ONA,Web novel,Finished Airing,,,PG-13 - Teens 13 or older,23 min per ep,"Action, Adventure, Fantasy","Historical, Martial Arts",,Shenman Entertainment,"Youku, Tianshi Wenhua",
Demon Slayer: Kimetsu no Yaiba Swordsmith Village Arc,8.15,687145,514.0,159,1129551,9809,11.0,TV,Manga,Finished Airing,2023.0,spring,R - 17+ (violence & profanity),28 min per ep,"Action, Supernatural",Historical,Shounen,ufotable,"Aniplex, Shueisha",Aniplex of America
Solo Leveling,8.15,721674,515.0,148,1160329,20191,12.0,TV,Web manga,Finished Airing,2024.0,winter,R - 17+ (violence & profanity),23 min per ep,"Action, Adventure, Fantasy","Adult Cast, Urban Fantasy",,A-1 Pictures,"Aniplex, Crunchyroll, Netmarble, Kakao piccoma, D&C Media",
Princess Tutu,8.15,70693,516.0,1501,186219,5475,38.0,TV,Original,Finished Airing,2002.0,summer,PG-13 - Teens 13 or older,16 min per ep,"Drama, Mystery, Romance","Anthropomorphic, Love Polygon, Mahou Shoujo, Performing Arts",,HAL Film Maker,"Starchild Records, Memory-Tech, GANSIS, Marvelous AQL, Omnibus Promotion","ADV Films, Sentai Filmworks"
The Fable,8.15,41786,517.0,2233,111429,869,25.0,TV,Manga,Finished Airing,2024.0,spring,R - 17+ (violence & profanity),22 min per ep,"Comedy, Suspense","Adult Cast, Organized Crime",Seinen,Tezuka Productions,"VAP, Kodansha, Nippon Television Network, Audio Planning U",
Black Clover,8.14,993071,518.0,54,1917600,51371,170.0,TV,Manga,Finished Airing,2017.0,fall,PG-13 - Teens 13 or older,23 min per ep,"Action, Fantasy",,Shounen,Studio Pierrot,"TV Tokyo, Avex Pictures, Shueisha","Funimation, Crunchyroll"
My Hero Academia Season 7,8.14,235386,519.0,535,493222,3116,21.0,TV,Manga,Finished Airing,2024.0,spring,PG-13 - Teens 13 or older,23 min per ep,Action,"School, Super Power",Shounen,Bones,"Dentsu, Yomiuri Telecasting, Movic, Sony Music Entertainment, TOHO animation, Shueisha",Crunchyroll
Dr. Stone: New World,8.14,299124,520.0,410,615283,3370,11.0,TV,Manga,Finished Airing,2023.0,spring,PG-13 - Teens 13 or older,24 min per ep,"Adventure, Comedy",,Shounen,TMS Entertainment,"TOHO animation, Shueisha",Crunchyroll
Fate/stay night: Heaven's Feel - I. Presage Flower,8.14,288235,521.0,498,520862,2690,1.0,Movie,Visual novel,Finished Airing,,,R - 17+ (violence & profanity),2 hr,"Action, Fantasy",Urban Fantasy,,ufotable,"Aniplex, Notes, Kadokawa",Aniplex of America
Fate/strange Fake: Whispers of Dawn,8.14,67993,522.0,2060,125801,396,1.0,TV Special,Light novel,Finished Airing,,,R - 17+ (violence & profanity),55 min,"Action, Fantasy",Urban Fantasy,,A-1 Pictures,"Aniplex, Notes",Aniplex of America
Golden Kamuy Season 4,8.14,49050,523.0,2078,124269,650,13.0,TV,Manga,Finished Airing,2022.0,fall,R - 17+ (violence & profanity),23 min per ep,"Action, Adventure","Adult Cast, Historical, Military",Seinen,Brain's Base,"NBCUniversal Entertainment Japan, Tokyo MX, Good Smile Company, Sammy, Shueisha, JR East Marketing & Communications, Twin Engine",
Holo Graffiti,8.14,17860,524.0,3326,58502,1845,,ONA,Other,Currently Airing,,,PG-13 - Teens 13 or older,1 min,Comedy,,,Hololive Production,,
The Wind Rises,8.14,222431,526.0,706,390024,4042,1.0,Movie,Manga,Finished Airing,,,PG-13 - Teens 13 or older,2 hr 6 min,"Award Winning, Drama, Romance",Historical,,Studio Ghibli,Nichion,Disney Platform Distribution
KonoSuba: God's Blessing on This Wonderful World! 3 OVA,8.14,35976,527.0,2684,84921,109,2.0,OVA,Light novel,Finished Airing,,,PG-13 - Teens 13 or older,25 min per ep,"Adventure, Comedy, Fantasy","Isekai, Parody",,Drive,"Half H.P Studio, Nippon Columbia, Atelier Musa, 81 Produce, Sammy, Kadokawa",
Lycoris Recoil,8.14,293263,529.0,419,601025,9887,13.0,TV,Original,Finished Airing,2022.0,summer,PG-13 - Teens 13 or older,24 min per ep,Action,,,A-1 Pictures,"Aniplex, BS11, ABC Animation",Aniplex of America
Kotaro Lives Alone,8.14,111258,529.0,1357,208572,2340,10.0,ONA,Manga,Finished Airing,,,PG-13 - Teens 13 or older,26 min per ep,Slice of Life,Childcare,Seinen,LIDENFILMS,,
Major: Message,8.14,18654,531.0,3916,44328,62,1.0,OVA,Manga,Finished Airing,,,PG-13 - Teens 13 or older,24 min,Sports,Team Sports,Shounen,SynergySP,,
Noragami Aragoto,8.14,948295,532.0,92,1561903,11627,13.0,TV,Manga,Finished Airing,2015.0,fall,PG-13 - Teens 13 or older,24 min per ep,"Action, Supernatural",Mythology,Shounen,Bones,"Dentsu, Shochiku, Kodansha, Ai Addiction, Avex Pictures, A-Sketch",Funimation
Non Non Biyori Nonstop: Our Club Worked Hard,8.14,12741,532.0,4152,39373,30,1.0,OVA,Manga,Finished Airing,,,PG-13 - Teens 13 or older,22 min,Slice of Life,"CGDCT, Iyashikei",Seinen,SILVER LINK.,,Sentai Filmworks
Stand By Me Doraemon,8.14,44159,534.0,3159,64305,238,1.0,Movie,Manga,Finished Airing,,,PG - Children,1 hr 34 min,"Comedy, Sci-Fi",,"Kids, Shounen","Shirogumi, Shin-Ei Animation","TOHO, Robot Communications",
A Certain Scientific Railgun T,8.14,104001,535.0,1061,267651,3319,25.0,TV,Manga,Finished Airing,2020.0,winter,R - 17+ (violence & profanity),24 min per ep,"Action, Fantasy, Sci-Fi","Super Power, Urban Fantasy",,J.C.Staff,"Square Enix, Movic, AT-X, Warner Bros. Japan, NBCUniversal Entertainment Japan, Kadokawa",Funimation
Sentenced to Be a Hero,8.14,143519,535.0,853,333377,1759,12.0,TV,Light novel,Finished Airing,2026.0,winter,R - 17+ (violence & profanity),27 min per ep,"Action, Adventure, Fantasy",,,Studio KAI,"Sammy, Kansai TV, Bit grooove promotion",
Death Parade,8.13,1087058,536.0,52,1926913,29727,12.0,TV,Original,Finished Airing,2015.0,winter,R - 17+ (violence & profanity),23 min per ep,"Drama, Fantasy, Suspense","Adult Cast, High Stakes Game, Psychological",,Madhouse,"VAP, DAX Production, Nippon Television Network",Funimation
Pompo: The Cinéphile,8.13,22557,538.0,3022,69396,565,1.0,Movie,Web manga,Finished Airing,,,PG-13 - Teens 13 or older,1 hr 34 min,"Comedy, Drama",Showbiz,,CLAP,"Shochiku, Movic, Studio Mausu, Avex Pictures, Kadokawa, Happinet Phantom Studios, Movie Walker",GKIDS
Keep Your Hands Off Eizouken!,8.13,150156,539.0,747,371889,4581,12.0,TV,Manga,Finished Airing,2020.0,winter,PG-13 - Teens 13 or older,25 min per ep,"Adventure, Award Winning, Comedy","Otaku Culture, School",Seinen,Science SARU,"Warner Bros. Japan, Warner Music Japan, Shogakukan, NHK Enterprises",Sentai Filmworks
given - on the other hand,8.13,46370,541.0,2362,103595,786,1.0,OVA,Manga,Finished Airing,,,PG-13 - Teens 13 or older,22 min,"Boys Love, Drama","Music, School",,Lerche,Blue Lynx,
Hidamari Sketch: Sae & Hiro Graduation,8.13,7227,542.0,5940,16911,38,2.0,OVA,4-koma manga,Finished Airing,,,PG-13 - Teens 13 or older,23 min per ep,Slice of Life,"CGDCT, Iyashikei, School, Visual Arts",,Shaft,"Aniplex, Lantis, TBS, Movic, Houbunsha",Sentai Filmworks
IDOLiSH7 Second BEAT!,8.13,13084,543.0,4309,36422,433,15.0,TV,Game,Finished Airing,2020.0,spring,PG-13 - Teens 13 or older,24 min per ep,Drama,"Idols (Male), Music",,TROYCA,"Bandai Visual, Lantis, Bandai Namco Games",
Kamisama Kiss,8.13,376243,544.0,321,733871,17584,13.0,TV,Manga,Finished Airing,2012.0,fall,PG-13 - Teens 13 or older,24 min per ep,"Comedy, Romance, Supernatural",Mythology,Shoujo,TMS Entertainment,"TV Tokyo, Dentsu, Sotsu, Pony Canyon, Hakusensha, DAX Production",Funimation
Interstella5555: The 5tory of The 5ecret 5tar 5ystem,8.13,47960,544.0,2725,83141,1105,1.0,Movie,Music,Finished Airing,,,G - All Ages,1 hr 5 min,"Adventure, Drama, Sci-Fi","Adult Cast, Music",,Toei Animation,EMI,
Beyond the Boundary: I'll Be Here - Future,8.13,144671,546.0,961,294213,1080,1.0,Movie,Light novel,Finished Airing,,,PG-13 - Teens 13 or older,1 hr 30 min,"Action, Romance, Supernatural",School,,Kyoto Animation,Shochiku,Sentai Filmworks
Lupin the Third Part 5,8.13,18295,547.0,3661,49209,414,24.0,TV,Manga,Finished Airing,2018.0,spring,PG-13 - Teens 13 or older,22 min per ep,"Action, Adventure, Comedy, Mystery",Adult Cast,Seinen,Telecom Animation Film,"Nippon Television Network, TMS Music",Discotek Media
Welcome to Demon School! Iruma-kun Season 4,8.13,9563,548.0,2737,82242,342,24.0,TV,Manga,Currently Airing,2026.0,spring,PG-13 - Teens 13 or older,25 min per ep,"Comedy, Fantasy",School,Shounen,Bandai Namco Pictures,,
The Master of Diabolism Q,8.13,10458,550.0,4841,28067,250,30.0,ONA,Web novel,Finished Airing,,,PG-13 - Teens 13 or older,5 min per ep,"Comedy, Fantasy","Historical, Mythology, Reincarnation",,B.CMAY PICTURES,Tencent Video,
Nodame Cantabile: Paris-hen,8.13,77974,551.0,1995,130861,293,11.0,TV,Manga,Finished Airing,2008.0,fall,PG-13 - Teens 13 or older,23 min per ep,"Comedy, Romance","Adult Cast, Music, Performing Arts",Josei,J.C.Staff,"Dentsu, Genco, SKY Perfect Well Think, Kodansha, Fuji TV, Asmik Ace, Sony Music Entertainment",
Spice and Wolf: Merchant Meets the Wise Wolf,8.13,87344,552.0,1073,265133,2314,25.0,TV,Light novel,Finished Airing,2024.0,spring,PG-13 - Teens 13 or older,23 min per ep,"Adventure, Drama, Romance, Supernatural",Adult Cast,,Passione,"TV Tokyo, Movic, TOHO animation, Good Smile Company, Kadokawa, Enishiya, Hayabusa Film",Crunchyroll
My Dress-Up Darling,8.13,824059,553.0,114,1345199,24062,12.0,TV,Manga,Finished Airing,2022.0,winter,PG-13 - Teens 13 or older,23 min per ep,Romance,"Otaku Culture, School",Seinen,CloverWorks,"Aniplex, Square Enix, Movic, Studio Mausu, Tokyo MX, BS11",
Precure All Stars Movie F,8.13,1638,553.0,9735,4806,45,1.0,Movie,Original,Finished Airing,,,G - All Ages,1 hr 12 min,Action,Mahou Shoujo,,Toei Animation,,
That Time I Got Reincarnated as a Slime,8.13,1002145,554.0,78,1659342,33202,24.0,TV,Manga,Finished Airing,2018.0,fall,PG-13 - Teens 13 or older,23 min per ep,"Action, Comedy, Fantasy","Isekai, Reincarnation",Shounen,8bit,"Lantis, Kodansha, BS11, Bandai Namco Arts, Micro Magazine Publishing",Funimation
Fullmetal Alchemist,8.12,935337,556.0,89,1564298,27008,51.0,TV,Manga,Finished Airing,2003.0,fall,R - 17+ (violence & profanity),24 min per ep,"Action, Adventure, Award Winning, Drama, Fantasy",Military,Shounen,Bones,"Aniplex, Dentsu, Square Enix, Mainichi Broadcasting System","Funimation, Aniplex of America"
Working!!! Lord of the Takanashi,8.13,61236,556.0,2272,109022,221,1.0,Special,4-koma manga,Finished Airing,,,PG-13 - Teens 13 or older,49 min,"Comedy, Romance","Love Status Quo, Workplace",Seinen,A-1 Pictures,,Aniplex of America
Gintama: Jump Festa 2014 Special,8.12,20076,558.0,3827,45870,73,1.0,Special,Manga,Finished Airing,,,PG-13 - Teens 13 or older,24 min,"Action, Comedy, Sci-Fi","Gag Humor, Historical, Parody, Samurai",Shounen,Sunrise,,
Haikyu!! the Movie: The End and the Beginning,8.12,51091,559.0,2042,126638,158,1.0,Movie,Manga,Finished Airing,,,PG-13 - Teens 13 or older,1 hr 29 min,Sports,"School, Team Sports",Shounen,Production I.G,TOHO animation,
Haikyuu!! the Movie: The Winner and the Loser,8.12,44227,560.0,2214,113459,106,1.0,Movie,Manga,Finished Airing,,,PG-13 - Teens 13 or older,1 hr 28 min,Sports,"School, Team Sports",Shounen,Production I.G,,
Horimiya: The Missing Pieces,8.12,214100,560.0,568,469141,3131,13.0,TV,Manga,Finished Airing,2023.0,summer,PG-13 - Teens 13 or older,23 min per ep,Romance,School,Shounen,CloverWorks,"Aniplex, Square Enix, Mainichi Broadcasting System, Movic, Kanetsu Investment, Global Solutions, Mirai-Kojo",Crunchyroll
Reborn!,8.12,270570,561.0,430,588890,16386,203.0,TV,Manga,Finished Airing,2006.0,fall,PG-13 - Teens 13 or older,24 min per ep,"Action, Comedy","Organized Crime, Super Power",Shounen,Artland,"TV Tokyo, Dentsu, Marvelous Entertainment, Pony Canyon, d-rights","VIZ Media, Discotek Media"
Nisemonogatari,8.12,455615,563.0,300,777471,3961,11.0,TV,Light novel,Finished Airing,2012.0,winter,R - 17+ (violence & profanity),25 min per ep,"Comedy, Mystery, Supernatural, Ecchi",,,Shaft,"Aniplex, Kodansha, Rakuonsha",Aniplex of America
Case Closed Movie 05: Countdown to Heaven,8.12,41404,563.0,2996,70558,73,1.0,Movie,Manga,Finished Airing,,,PG-13 - Teens 13 or older,1 hr 40 min,"Adventure, Comedy, Mystery",Detective,Shounen,TMS Entertainment,"Yomiuri Telecasting, TOHO, Universal Music Japan, Shogakukan, Audio Planning U, Shogakukan Productions",Funimation
Moribito - Guardian of the Spirit,8.12,80677,565.0,1206,236762,2911,26.0,TV,Novel,Finished Airing,2007.0,spring,PG-13 - Teens 13 or older,25 min per ep,"Action, Adventure, Fantasy",,,Production I.G,"Dentsu, NHK Enterprises, Geneon Entertainment, Fonishia","VIZ Media, Media Blasters, Sentai Filmworks, Geneon Entertainment USA"
Yona of the Dawn OVA,8.11,76146,567.0,1816,147129,421,3.0,OVA,Manga,Finished Airing,,,PG-13 - Teens 13 or older,23 min per ep,"Adventure, Fantasy",,Shoujo,Studio Pierrot,"Hakusensha, Age Global Networks",
The Duke of Death and His Maid Season 3,8.12,28176,567.0,2950,72465,303,12.0,TV,Web manga,Finished Airing,2024.0,spring,PG-13 - Teens 13 or older,23 min per ep,"Comedy, Fantasy, Romance",Love Status Quo,,J.C.Staff,"Shogakukan-Shueisha Productions, Shogakukan Music & Digital Entertainment, NBCUniversal Entertainment Japan, BS11, Shogakukan, Yomiuri TV Enterprise, Bandai Spirits",
My Hero Academia: More,8.11,32286,568.0,3109,65968,101,1.0,TV Special,Manga,Finished Airing,,,PG-13 - Teens 13 or older,23 min,Action,"School, Super Power",Shounen,Bones Film,Bones,
Ace of Diamond,8.11,124852,569.0,1057,268679,5001,75.0,TV,Manga,Finished Airing,2013.0,fall,PG-13 - Teens 13 or older,24 min per ep,Sports,"School, Team Sports",Shounen,"Production I.G, Madhouse","TV Tokyo, Sotsu, Pony Canyon, Kodansha, AT-X, DAX Production",
Dr. Stone: Ryusui,8.11,228739,570.0,696,395366,968,1.0,TV Special,Manga,Finished Airing,,,PG-13 - Teens 13 or older,54 min,"Adventure, Comedy",,Shounen,TMS Entertainment,"TOHO animation, Shueisha",Crunchyroll
Fire Force Season 3 Part 2,8.11,79743,570.0,1369,206431,755,13.0,TV,Manga,Finished Airing,2026.0,winter,PG-13 - Teens 13 or older,24 min per ep,"Action, Fantasy, Sci-Fi",Urban Fantasy,Shounen,David Production,"Mainichi Broadcasting System, Kodansha, Magic Capsule, Crunchyroll, DMM.com, ADK Marketing Solutions, Sankyo",
To Your Eternity Season 2,8.11,139395,572.0,818,344018,1776,20.0,TV,Manga,Finished Airing,2022.0,fall,R - 17+ (violence & profanity),25 min per ep,"Adventure, Drama, Supernatural",,Shounen,Drive,"NHK, NHK Enterprises",
Gankutsuou: The Count of Monte Cristo,8.11,79170,572.0,1048,272000,4080,24.0,TV,Novel,Finished Airing,2004.0,fall,R - 17+ (violence & profanity),24 min per ep,"Award Winning, Drama, Mystery, Sci-Fi, Supernatural, Suspense",,,Gonzo,"GDH, TV Asahi, Media Factory, Sotsu Music Publishing, Future Vision Music","Funimation, Geneon Entertainment USA"
given The Movie,8.11,144458,574.0,1071,265927,1715,1.0,Movie,Manga,Finished Airing,,,PG-13 - Teens 13 or older,59 min,"Boys Love, Drama",Music,,Lerche,"Aniplex, Dentsu, Movic, Fuji TV, Shinshokan, Blue Lynx",Crunchyroll
Hinamatsuri,8.11,270239,575.0,458,557587,4701,12.0,TV,Manga,Finished Airing,2018.0,spring,PG-13 - Teens 13 or older,23 min per ep,Comedy,"Childcare, Organized Crime, Super Power",Seinen,feel.,"AT-X, Magic Capsule, Nippon Columbia, Kadokawa Media House, NTT Plala, Kadokawa, Akatsuki",Funimation
Initial D Fifth Stage,8.11,90540,576.0,1598,174064,831,14.0,TV,Manga,Finished Airing,2012.0,fall,PG-13 - Teens 13 or older,27 min per ep,"Action, Drama",Racing,Seinen,SynergySP,"Avex Entertainment, Animax",
JoJo's Bizarre Adventure: Stardust Crusaders,8.11,977449,577.0,110,1383371,24430,24.0,TV,Manga,Finished Airing,2014.0,spring,R - 17+ (violence & profanity),24 min per ep,"Action, Adventure",Super Power,Shounen,David Production,"Yomiko Advertising, Warner Bros. Japan, KlockWorx, Medicos Entertainment, Shueisha",VIZ Media
Princess Jellyfish,8.11,120562,578.0,1069,266269,5302,11.0,TV,Manga,Finished Airing,2010.0,fall,PG-13 - Teens 13 or older,22 min per ep,Comedy,"Adult Cast, Crossdressing, Visual Arts",Josei,Brain's Base,"Dentsu, Genco, Kodansha, Fuji TV, TOHO, Asmik Ace, Sony Music Entertainment, Sakura Create, Fujipacific Music",Funimation
Detective Conan Movie 14: The Lost Ship in the Sky,8.11,35967,579.0,3197,63154,82,1.0,Movie,Manga,Finished Airing,,,G - All Ages,1 hr 42 min,"Action, Mystery",Detective,Shounen,"Tokyo Movie Shinsha, TMS Entertainment",Shogakukan-Shueisha Productions,
Future Boy Conan,8.11,18922,580.0,3336,58151,674,26.0,TV,Novel,Finished Airing,1978.0,spring,PG-13 - Teens 13 or older,29 min per ep,"Adventure, Drama, Sci-Fi",,,Nippon Animation,,GKIDS
One Piece: Episode of Nami - Tears of a Navigator and the Bonds of Friends,8.11,41215,580.0,2850,76720,88,1.0,TV Special,Manga,Finished Airing,,,PG-13 - Teens 13 or older,1 hr 46 min,"Action, Adventure, Fantasy",,Shounen,Toei Animation,Fuji TV,
The Disastrous Life of Saiki K.: Reawakened,8.11,153568,582.0,1136,251798,491,6.0,ONA,Manga,Finished Airing,,,PG-13 - Teens 13 or older,22 min per ep,Comedy,"Gag Humor, School, Super Power",Shounen,"J.C.Staff, Egg Firm",,
Saint Seiya: The Lost Canvas 2,8.11,48027,583.0,2755,81387,348,13.0,OVA,Manga,Finished Airing,,,PG-13 - Teens 13 or older,24 min per ep,"Action, Adventure, Fantasy","Historical, Mythology",Shounen,TMS Entertainment,Akita Shoten,Discotek Media
Throne of Seal,8.11,4145,584.0,6976,11207,169,26.0,ONA,Web novel,Finished Airing,,,PG-13 - Teens 13 or older,20 min per ep,"Action, Adventure, Fantasy",,,Shenman Entertainment,"Tencent Video, Xuanshi Tangmen, Tianshi Wenhua",
Food Wars! Shokugeki no Soma,8.11,1059425,584.0,72,1754692,23755,24.0,TV,Manga,Finished Airing,2015.0,spring,PG-13 - Teens 13 or older,25 min per ep,"Gourmet, Ecchi",School,Shounen,J.C.Staff,"Dentsu, Frontier Works, Mainichi Broadcasting System, Magic Capsule, Warner Bros. Japan, KlockWorx, Showgate, Shueisha, I Will",Sentai Filmworks
Secrets of the Silent Witch,8.11,113335,585.0,1249,227120,1922,13.0,TV,Light novel,Finished Airing,2025.0,summer,PG-13 - Teens 13 or older,24 min per ep,Fantasy,School,,Studio Gokumi,"Aniplex, Movic, Half H.P Studio, Tokyo MX, BS11, Cygames, Kadokawa",
Blue Lock,8.1,507532,587.0,230,910249,14597,24.0,TV,Manga,Finished Airing,2022.0,fall,PG-13 - Teens 13 or older,24 min per ep,Sports,Team Sports,Shounen,8bit,"TV Asahi, Lantis, Kodansha, Toy's Factory, Crunchyroll, Bandai Spirits, Bit grooove promotion, Bandai Namco Filmworks, Bandai Namco Music Live",
Tsurune - The Linking Shot -,8.11,21733,587.0,3023,69333,481,13.0,TV,Light novel,Finished Airing,2023.0,winter,PG-13 - Teens 13 or older,23 min per ep,Sports,School,,Kyoto Animation,"Lantis, Pony Canyon, Rakuonsha, ABC Animation, Heart Company, Bandai Namco Music Live",Sentai Filmworks
Buddy Daddies,8.1,164114,588.0,765,360908,3680,12.0,TV,Original,Finished Airing,2023.0,winter,PG-13 - Teens 13 or older,24 min per ep,"Action, Comedy","Childcare, Organized Crime",,P.A. Works,"Aniplex, Movic, Nitroplus, Tokyo MX, Nagoya Broadcasting Network, BS11, Bit grooove promotion",Crunchyroll
"Love, Chunibyo & Other Delusions!: Take On Me",8.1,164842,590.0,931,305127,1752,1.0,Movie,Light novel,Finished Airing,,,PG-13 - Teens 13 or older,1 hr 33 min,"Comedy, Drama, Romance",School,,Kyoto Animation,"Lantis, Pony Canyon, TBS",Sentai Filmworks
Girls und Panzer das Finale – Part 2,8.1,23195,591.0,3801,46406,120,1.0,Movie,Original,Finished Airing,,,PG-13 - Teens 13 or older,54 min,,"CGDCT, Military, School",,Actas,"Bandai Visual, Lantis, Movic, Q-Tec, Hakuhodo DY Music & Pictures",Sentai Filmworks
Mobile Suit Gundam 00,8.1,128046,592.0,1215,235434,4641,25.0,TV,Original,Finished Airing,2007.0,fall,R - 17+ (violence & profanity),24 min per ep,"Drama, Sci-Fi","Mecha, Military, Space",,Sunrise,"Sotsu, Asatsu DK, Mainichi Broadcasting System, Sony Music Entertainment","Nozomi Entertainment, Bandai Entertainment"
Ghost in the Shell: Stand Alone Complex - Solid State Society,8.1,50386,593.0,2275,108584,265,1.0,TV Special,Manga,Finished Airing,,,R - 17+ (violence & profanity),1 hr 48 min,"Award Winning, Mystery, Sci-Fi","Adult Cast, Detective, Mecha, Military",Seinen,Production I.G,"Bandai Visual, Dentsu, Victor Entertainment, Nippon Television Network, Fonishia","Bandai Entertainment, Manga Entertainment"
One Piece Film: Z,8.1,199289,594.0,898,317838,676,1.0,Movie,Manga,Finished Airing,,,PG-13 - Teens 13 or older,1 hr 47 min,"Action, Adventure, Fantasy",,Shounen,Toei Animation,Shueisha,Funimation
Serial Experiments Lain,8.1,360107,594.0,231,909231,33307,13.0,TV,Original,Finished Airing,1998.0,summer,R - 17+ (violence & profanity),23 min per ep,"Avant Garde, Award Winning, Drama, Mystery, Sci-Fi, Supernatural, Suspense",Psychological,,Triangle Staff,"Genco, Pioneer LDC",Funimation
Shangri-La Frontier,8.1,247542,595.0,556,475343,4206,25.0,TV,Manga,Finished Airing,2023.0,fall,PG-13 - Teens 13 or older,25 min per ep,"Action, Adventure, Fantasy",Video Game,Shounen,C2C,"Dentsu, Mainichi Broadcasting System, Kodansha, flying DOG, Sammy, Crunchyroll, Tencent Japan, Netmarble",
Skip and Loafer,8.1,162043,597.0,806,347963,4071,12.0,TV,Manga,Finished Airing,2023.0,spring,PG-13 - Teens 13 or older,23 min per ep,Drama,School,Seinen,P.A. Works,"Kodansha, Kansai TV, Crunchyroll, A-Sketch, DMM pictures, DMM Music, NetEase",
Spy x Family Code: White,8.1,122022,597.0,1112,255730,736,1.0,Movie,Manga,Finished Airing,,,PG-13 - Teens 13 or older,1 hr 50 min,"Action, Comedy","Childcare, Super Power",Shounen,"Wit Studio, CloverWorks","TV Tokyo, Shogakukan-Shueisha Productions, TOHO animation, Shueisha",Crunchyroll
Genshin Impact: The Song Burning in the Embers,8.1,3876,599.0,8256,7344,26,1.0,ONA,Game,Finished Airing,,,PG-13 - Teens 13 or older,7 min,"Action, Drama, Fantasy",,,,miHoYoAnime,
City The Animation,8.09,29257,599.0,2573,90432,736,13.0,TV,Manga,Finished Airing,2025.0,summer,PG-13 - Teens 13 or older,27 min per ep,Comedy,Gag Humor,Seinen,Kyoto Animation,"Pony Canyon, Kodansha, Rakuonsha, ABC Animation",
Detroit Metal City,8.09,113762,601.0,1262,225430,3351,12.0,OVA,Manga,Finished Airing,,,R - 17+ (violence & profanity),14 min per ep,Comedy,"Adult Cast, Gag Humor, Music, Parody, Showbiz",Seinen,Studio 4°C,"Sony Music Entertainment, Beyond C.",Sentai Filmworks
Durarara!!,8.09,692979,601.0,99,1497272,30504,24.0,TV,Light novel,Finished Airing,2010.0,winter,R - 17+ (violence & profanity),24 min per ep,"Action, Mystery, Supernatural",,,Brain's Base,"Aniplex, Square Enix, Mainichi Broadcasting System, Movic, ASCII Media Works",Aniplex of America
Silver Spoon,8.09,139109,603.0,907,314966,3084,11.0,TV,Manga,Finished Airing,2013.0,summer,PG-13 - Teens 13 or older,23 min per ep,Comedy,School,Shounen,A-1 Pictures,"Aniplex, Dentsu, Fuji TV, DAX Production, Kyoraku Industrial Holdings",Aniplex of America
Gintama: Jump Festa 2015 Special,8.09,17580,604.0,4239,37659,37,1.0,Special,Manga,Finished Airing,,,PG-13 - Teens 13 or older,12 min,"Action, Comedy","Gag Humor, Historical, Parody, Samurai",Shounen,Bandai Namco Pictures,"TV Tokyo, Dentsu",
Mobile Suit Gundam Unicorn,8.09,55109,606.0,2284,108031,1688,7.0,OVA,Novel,Finished Airing,,,PG-13 - Teens 13 or older,1 hr 2 min per ep,"Drama, Sci-Fi","Mecha, Military, Space",,Sunrise,"Bandai Visual, Kadokawa Shoten","Nozomi Entertainment, Bandai Entertainment, NYAV Post"
KonoSuba: God's Blessing on This Wonderful World!,8.09,1392439,606.0,38,2164356,47821,10.0,TV,Light novel,Finished Airing,2016.0,winter,PG-13 - Teens 13 or older,23 min per ep,"Adventure, Comedy, Fantasy","Isekai, Parody",,Studio Deen,"Half H.P Studio, Nippon Columbia, KlockWorx, Sony Music Communications, Toranoana, 81 Produce, Kadokawa Media House, Kadokawa","Discotek Media, Crunchyroll"
Kamisama Kiss OVA,8.09,77605,607.0,1794,150037,526,2.0,OVA,Manga,Finished Airing,,,PG-13 - Teens 13 or older,14 min per ep,"Comedy, Romance, Supernatural",Mythology,Shoujo,TMS Entertainment,,
Kuroko’s Basketball: It is the Best Present,8.09,62193,609.0,2151,118734,217,1.0,Special,Manga,Finished Airing,,,PG-13 - Teens 13 or older,23 min,Sports,"School, Team Sports",Shounen,Production I.G,"Bandai Visual, Nihon Ad Systems",
The Ancient Magus' Bride: Those Awaiting a Star,8.09,134608,609.0,943,299757,764,3.0,OVA,Manga,Finished Airing,,,PG-13 - Teens 13 or older,23 min per ep,"Drama, Fantasy",Urban Fantasy,Shounen,Wit Studio,"Production I.G, flying DOG",Crunchyroll
Ya Boy Kongming!,8.09,160962,609.0,857,332116,2618,12.0,TV,Web manga,Finished Airing,2022.0,spring,PG-13 - Teens 13 or older,23 min per ep,Comedy,"Adult Cast, Music, Reincarnation, Showbiz",,P.A. Works,"Mainichi Broadcasting System, Kodansha, Avex Pictures, DMM pictures, Bit grooove promotion",Sentai Filmworks
That Time I Got Reincarnated as a Slime Season 4,8.09,30269,610.0,1299,217635,1344,,TV,Manga,Currently Airing,2026.0,spring,PG-13 - Teens 13 or older,24 min,"Action, Comedy, Fantasy","Isekai, Reincarnation",Shounen,8bit,"Lantis, Kodansha, Magic Capsule, Nippon Television Network, BS11, Micro Magazine Publishing, Bandai Spirits, Sony Music Solutions, ADK Marketing Solutions, Bandai Namco Filmworks, Bandai Namco Music Live",
The Girl Who Leapt Through Time,8.09,478248,612.0,265,842384,6135,1.0,Movie,Novel,Finished Airing,,,G - All Ages,1 hr 38 min,"Award Winning, Drama, Romance, Sci-Fi","School, Time Travel",,Madhouse,"Kadokawa Shoten, Bandai, Memory-Tech, Happinet Pictures","Funimation, Bandai Entertainment, Kadokawa Pictures USA"
Azumanga Daioh: The Animation,8.08,185145,613.0,626,431274,9545,26.0,TV,4-koma manga,Finished Airing,2002.0,spring,PG-13 - Teens 13 or older,24 min per ep,Comedy,"CGDCT, Gag Humor, School",,J.C.Staff,"Genco, Lantis, Imagica, TV Tokyo Music, Cosmic Ray, King Records","ADV Films, Sentai Filmworks"
Slay The Gods,8.09,2264,613.0,8687,6480,95,15.0,ONA,Web novel,Finished Airing,,,PG-13 - Teens 13 or older,25 min per ep,"Action, Fantasy, Suspense",Psychological,,Shenman Entertainment,"Tencent Video, Tianshi Wenhua, Fanqie Animation & Comics",
City Hunter 2,8.08,12656,615.0,4594,31659,177,63.0,TV,Manga,Finished Airing,1988.0,spring,PG-13 - Teens 13 or older,25 min per ep,"Action, Comedy, Mystery",,Shounen,Sunrise,,"ADV Films, Discotek Media"
Fighting Spirit Special,8.08,36419,616.0,3183,63585,93,1.0,Special,Manga,Finished Airing,,,PG-13 - Teens 13 or older,23 min,Sports,Combat Sports,Shounen,Madhouse,VAP,"Discotek Media, Geneon Entertainment USA"
Hikaru no Go,8.08,66911,617.0,1786,150695,2592,75.0,TV,Manga,Finished Airing,2001.0,fall,PG-13 - Teens 13 or older,23 min per ep,"Comedy, Drama, Supernatural","School, Strategy Game",Shounen,Studio Pierrot,"TV Tokyo, Dentsu, Dream Force",VIZ Media
Hell's Paradise,8.08,536140,617.0,204,970403,10331,13.0,TV,Manga,Finished Airing,2023.0,spring,R - 17+ (violence & profanity),24 min per ep,"Action, Adventure, Supernatural","Gore, Historical, Samurai",Shounen,MAPPA,Twin Engine,Crunchyroll
Insomniacs After School,8.08,109884,619.0,1007,280207,2567,13.0,TV,Manga,Finished Airing,2023.0,spring,PG-13 - Teens 13 or older,23 min per ep,Romance,School,Seinen,LIDENFILMS,"TV Tokyo, Pony Canyon, Ultra Super Pictures, Shogakukan, MAGNET, CHOCOLATE",Sentai Filmworks
Kuroko's Basketball the Movie: Last Game,8.08,211645,620.0,790,351461,1133,1.0,Movie,Manga,Finished Airing,,,PG-13 - Teens 13 or older,1 hr 30 min,Sports,"School, Team Sports",Shounen,Production I.G,Bandai Visual,
Kyou kara Ore wa!!,8.08,12921,621.0,4088,40506,493,10.0,OVA,Manga,Finished Airing,,,R - 17+ (violence & profanity),43 min per ep,"Action, Comedy","Delinquents, School",Shounen,Studio Pierrot,,
Persona 3 the Movie: #4 Winter of Rebirth,8.08,41481,622.0,2662,86265,878,1.0,Movie,Game,Finished Airing,,,R - 17+ (violence & profanity),1 hr 45 min,"Action, Supernatural",Super Power,,A-1 Pictures,"Aniplex, Yomiko Advertising, Movic, Atlus, Hakuhodo DY Media Partners",
Tsubasa RESERVoir CHRoNiCLE: Spring Thunder Chronicle,8.08,31033,623.0,3121,65579,255,2.0,OVA,Manga,Finished Airing,,,R - 17+ (violence & profanity),28 min per ep,"Action, Adventure, Drama, Fantasy, Romance",,Shounen,Production I.G,Kodansha,Funimation
Tsukimonogatari,8.08,253197,624.0,603,446140,956,4.0,TV Special,Light novel,Finished Airing,,,R - 17+ (violence & profanity),26 min per ep,"Comedy, Mystery, Supernatural, Ecchi",Vampire,,Shaft,Aniplex,Aniplex of America
The Eccentric Family 2,8.08,27519,625.0,3021,69543,317,12.0,TV,Novel,Finished Airing,2017.0,spring,PG-13 - Teens 13 or older,23 min per ep,"Drama, Supernatural","Anthropomorphic, Mythology",,P.A. Works,"Lantis, Good Smile Company, Docomo Anime Store, Yomiuri TV Enterprise, DMM.com, Cygames",
Terror in Resonance,8.08,674348,626.0,125,1289042,23565,11.0,TV,Original,Finished Airing,2014.0,summer,R - 17+ (violence & profanity),22 min per ep,"Mystery, Suspense","Detective, Psychological",,MAPPA,"Aniplex, Dentsu, Fuji TV, Tohokushinsha Film Corporation, Kyoraku Industrial Holdings",Funimation
Assassination Classroom,8.07,1311532,627.0,32,2228804,31646,22.0,TV,Manga,Finished Airing,2015.0,winter,PG-13 - Teens 13 or older,23 min per ep,"Action, Comedy",School,Shounen,Lerche,"Dentsu, Studio Hibari, Fuji TV, DAX Production, BS Fuji, Avex Pictures, Shueisha",Funimation
Baccano! Specials,8.07,116589,628.0,1495,187495,310,3.0,Special,Light novel,Finished Airing,,,R - 17+ (violence & profanity),28 min per ep,"Action, Mystery, Supernatural","Adult Cast, Historical, Organized Crime",,Brain's Base,Aniplex,"Funimation, Aniplex of America"
Ave Mujica: The Die is Cast,8.07,15736,629.0,4238,37597,953,13.0,TV,Mixed media,Finished Airing,2025.0,winter,PG-13 - Teens 13 or older,23 min per ep,Drama,Music,,SANZIGEN,"Ultra Super Pictures, Bushiroad, Tokyo MX, Good Smile Company, Bushiroad Music, HoriPro International",
Legend of the Galactic Heroes: Overture to a New War,8.07,20199,630.0,4085,40525,57,1.0,Movie,Novel,Finished Airing,,,PG-13 - Teens 13 or older,1 hr 29 min,"Action, Drama, Sci-Fi","Adult Cast, Military, Space",,Kitty Film Mitaka Studio,"Kitty Films, Tokuma Shoten, Tokuma Japan Communications",
Legend of the Galactic Heroes: Die Neue These - Stellar War Part 1,8.07,16363,631.0,4441,34179,79,4.0,Movie,Novel,Finished Airing,,,R - 17+ (violence & profanity),25 min per ep,"Drama, Sci-Fi","Adult Cast, Military, Space",,Production I.G,Shochiku,
Gintama: Jump Festa 2005 Special,8.07,31821,633.0,3245,61280,75,1.0,Special,Manga,Finished Airing,,,PG-13 - Teens 13 or older,32 min,"Comedy, Sci-Fi","Historical, Mecha, Parody, Samurai",Shounen,Sunrise,Miracle Robo,
given The Movie: Hiiragi Mix,8.07,15244,634.0,3584,51187,249,1.0,Movie,Manga,Finished Airing,,,PG-13 - Teens 13 or older,1 hr 10 min,"Boys Love, Drama",Music,,Lerche,"Aniplex, Dentsu, Studio Hibari, Movic, Fuji TV, Shinshokan, Blue Lynx",
Ascendance of a Bookworm Season 2,8.07,152274,634.0,1092,260128,887,12.0,TV,Light novel,Finished Airing,2020.0,spring,PG-13 - Teens 13 or older,23 min per ep,Fantasy,"Isekai, Reincarnation",,Ajia-do,"WOWOW, Genco, MediaNet, KlockWorx, flying DOG, BS Fuji, Yomiuri TV Enterprise, ABC Animation, Happinet, Tokyo Animator Gakuin, TO Books, JTB Next Creation","Sentai Filmworks, Crunchyroll"
Toilet-Bound Hanako-kun Season 2 Part 2,8.07,19688,635.0,3312,58897,339,12.0,TV,Manga,Finished Airing,2025.0,summer,PG-13 - Teens 13 or older,23 min per ep,Supernatural,School,Shounen,Lerche,"Square Enix, Studio Hibari, Pony Canyon, TBS, Movic, Half H.P Studio, Crunchyroll, Contents Seed, Gloria",
Mobile Suit Gundam 00: Second Season,8.07,99789,637.0,1676,162212,1424,25.0,TV,Original,Finished Airing,2008.0,fall,R - 17+ (violence & profanity),24 min per ep,"Drama, Sci-Fi","Mecha, Military, Space",,Sunrise,Mainichi Broadcasting System,"Nozomi Entertainment, Bandai Entertainment"
Astra Lost in Space,8.07,162999,637.0,804,348176,3483,12.0,TV,Manga,Finished Airing,2019.0,summer,PG-13 - Teens 13 or older,28 min per ep,"Adventure, Award Winning, Mystery, Sci-Fi, Suspense","Space, Survival",Shounen,Lerche,"AT-X, Docomo Anime Store, Shueisha, Kadokawa Media House, Kadokawa",Funimation
Mobile Suit Gundam: Iron-Blooded Orphans,8.07,136562,638.0,1031,275220,3696,25.0,TV,Original,Finished Airing,2015.0,fall,R - 17+ (violence & profanity),24 min per ep,"Drama, Sci-Fi","Mecha, Space",,Sunrise,"Sotsu, Asatsu DK, Mainichi Broadcasting System",Funimation
Kodocha,8.07,29573,639.0,2807,78812,1485,102.0,TV,Manga,Finished Airing,1996.0,spring,PG-13 - Teens 13 or older,24 min per ep,"Comedy, Drama, Romance","Love Polygon, Showbiz",Shoujo,Gallop,"TV Tokyo, Nihon Ad Systems, Pony Canyon","Funimation, Discotek Media"
Makeine: Too Many Losing Heroines!,8.07,179683,640.0,827,341203,3690,12.0,TV,Light novel,Finished Airing,2024.0,summer,PG-13 - Teens 13 or older,24 min per ep,"Award Winning, Comedy, Romance",School,,A-1 Pictures,"Aniplex, Yomiuri Telecasting, Tokyo MX, Good Smile Company, BS11, Contents Seed, INSPION Edge, JR Tokai Agency",
Saint Seiya: The Hades Chapter - Sanctuary,8.07,38170,641.0,3188,63450,419,13.0,OVA,Manga,Finished Airing,,,PG-13 - Teens 13 or older,29 min per ep,"Action, Adventure, Fantasy, Sci-Fi",Mythology,Shounen,Toei Animation,,
Skip Beat!,8.07,147722,642.0,984,288157,5348,25.0,TV,Manga,Finished Airing,2008.0,fall,PG-13 - Teens 13 or older,24 min per ep,"Comedy, Drama, Romance","Love Polygon, Showbiz",Shoujo,HAL Film Maker,"Sotsu, Pony Canyon, Hakusensha, TV Tokyo Music, Omnibus Promotion",Pied Piper
Swallowed Star,8.07,4435,643.0,6554,12998,200,26.0,ONA,Web novel,Finished Airing,,,PG-13 - Teens 13 or older,21 min per ep,"Action, Adventure, Fantasy, Sci-Fi",Martial Arts,,Sparkly Key Animation Studio,"Tencent Animation & Comics, Tencent Video",
Legend of the Galactic Heroes Gaiden (1999),8.06,8383,644.0,5263,22954,27,28.0,OVA,Novel,Finished Airing,,,R - 17+ (violence & profanity),26 min per ep,"Action, Drama, Sci-Fi","Adult Cast, Military, Space",,K-Factory,"Tokuma Shoten, Tokuma Japan, Wright Staff",Sentai Filmworks
Ascendance of a Bookworm Season 3,8.06,99514,644.0,1410,200969,1017,10.0,TV,Light novel,Finished Airing,2022.0,spring,PG-13 - Teens 13 or older,23 min per ep,Fantasy,"Isekai, Reincarnation",,Ajia-do,"WOWOW, KlockWorx, flying DOG, BS Fuji, Yomiuri TV Enterprise, TO Books, JTB Next Creation, MediaNet Pictures, Happinet Phantom Studios",Crunchyroll
The Ramparts of Ice,8.06,21813,645.0,2313,106444,548,14.0,TV,Web manga,Currently Airing,2026.0,spring,PG-13 - Teens 13 or older,23 min per ep,"Drama, Romance",School,,Studio KAI,"TBS, Rakuonsha, Universal Music Japan, Nichion, ADK Emotions",
Ghost in the Shell: Stand Alone Complex - The Laughing Man,8.06,16888,646.0,3878,44732,60,1.0,OVA,Manga,Finished Airing,,,R - 17+ (violence & profanity),2 hr 40 min,"Mystery, Sci-Fi, Suspense","Adult Cast, Detective, Mecha, Psychological",Seinen,Production I.G,"Bandai Visual, Animax, Kodansha, Fonishia","Bandai Entertainment, Manga Entertainment"
Black Butler: Book of Circus,8.06,233624,647.0,604,445392,3906,10.0,TV,Manga,Finished Airing,2014.0,summer,R - 17+ (violence & profanity),24 min per ep,"Action, Mystery, Supernatural","Historical, Mythology",Shounen,A-1 Pictures,"Aniplex, Square Enix, Mainichi Broadcasting System, Movic, Asmik Ace, Hakuhodo DY Media Partners, DeNA",Funimation
Detective Conan Movie 08: Magician of the Silver Sky,8.06,36173,648.0,3207,62904,53,1.0,Movie,Manga,Finished Airing,,,PG-13 - Teens 13 or older,1 hr 48 min,"Adventure, Comedy, Mystery",Detective,Shounen,TMS Entertainment,"Yomiuri Telecasting, TOHO, Nippon Television Network, Shogakukan, Audio Planning U, Shogakukan Productions",
Detective Conan Movie 18: Dimensional Sniper,8.06,27180,649.0,3663,49206,47,1.0,Movie,Manga,Finished Airing,,,PG-13 - Teens 13 or older,1 hr 50 min,"Action, Mystery",Detective,Shounen,TMS Entertainment,,
NieR:Automata Ver1.1a (Cour 2),8.06,39667,650.0,2223,112774,589,12.0,TV,Game,Finished Airing,2024.0,summer,R - 17+ (violence & profanity),23 min per ep,"Action, Fantasy, Sci-Fi",,,A-1 Pictures,"Aniplex, Square Enix",Aniplex of America
Overlord IV,8.06,328509,651.0,388,641863,7510,13.0,TV,Light novel,Finished Airing,2022.0,summer,R - 17+ (violence & profanity),23 min per ep,"Action, Adventure, Fantasy",Isekai,,Madhouse,"AT-X, Hakuhodo DY Music & Pictures, NTT Plala, Kadokawa",
Shoshimin: How to Become Ordinary Season 2,8.06,25408,652.0,3356,57280,367,12.0,TV,Novel,Finished Airing,2025.0,spring,PG-13 - Teens 13 or older,22 min per ep,Mystery,School,,Lapin Track,"TV Asahi, Movic, KlockWorx, Nagoya Broadcasting Network, AbemaTV, Bit grooove promotion, BS Asahi, TV Asahi Music, Anici, Tokyo Sogensha",
Angel Beats!,8.05,1351681,653.0,35,2209491,50729,13.0,TV,Original,Finished Airing,2010.0,spring,PG-13 - Teens 13 or older,26 min per ep,"Drama, Fantasy",School,,P.A. Works,"Aniplex, Dentsu, Mainichi Broadcasting System, CBC Television, Movic, Visual Arts, ASCII Media Works","Sentai Filmworks, Aniplex of America"
Dorohedoro,8.05,325302,654.0,378,652066,10660,12.0,TV,Manga,Finished Airing,2020.0,winter,R - 17+ (violence & profanity),23 min per ep,"Action, Comedy, Fantasy, Horror",Gore,Seinen,MAPPA,"Shogakukan-Shueisha Productions, Mainichi Broadcasting System, Movic, TOHO animation, BS11, Shogakukan, Sumitomo, RAY, Pia",
Soul Land 2: The Peerless Tang Clan,8.05,2103,655.0,8260,7315,121,182.0,ONA,Web novel,Currently Airing,,,PG-13 - Teens 13 or older,20 min per ep,"Action, Adventure, Fantasy",Martial Arts,,Sparkly Key Animation Studio,"Tencent Video, Xuanshi Tangmen",
Durarara!! x2 Ketsu,8.05,197441,656.0,675,404000,1093,12.0,TV,Light novel,Finished Airing,2016.0,winter,R - 17+ (violence & profanity),24 min per ep,"Action, Mystery, Supernatural",,,Shuka,Aniplex,Aniplex of America
Gintama: Dai Hanseikai,8.05,17592,657.0,4029,42082,51,1.0,Special,Manga,Finished Airing,,,PG-13 - Teens 13 or older,14 min,"Action, Comedy","Parody, Samurai",Shounen,Sunrise,,
Glass Mask,8.05,13601,658.0,3859,45154,534,51.0,TV,Manga,Finished Airing,2005.0,spring,G - All Ages,23 min per ep,"Drama, Romance","Performing Arts, Showbiz",Shoujo,Tokyo Movie Shinsha,"TMS Entertainment, MediaNet",Sentai Filmworks
Hyouka,8.05,692890,659.0,100,1486297,28237,22.0,TV,Novel,Finished Airing,2012.0,spring,PG-13 - Teens 13 or older,25 min per ep,"Mystery, Slice of Life",School,,Kyoto Animation,"Lantis, Kadokawa Shoten, KlockWorx, chara-ani.com, Animation Do",Funimation
JoJo's Bizarre Adventure: Stone Ocean,8.05,365767,660.0,402,623173,7467,12.0,ONA,Manga,Finished Airing,,,R - 17+ (violence & profanity),24 min per ep,"Action, Adventure",Super Power,Shounen,David Production,"Warner Bros. Japan, KlockWorx, Medicos Entertainment, Shueisha",VIZ Media
Yatagarasu: The Raven Does Not Choose Its Master,8.05,19555,661.0,3208,62546,530,20.0,TV,Novel,Finished Airing,2024.0,spring,PG-13 - Teens 13 or older,25 min per ep,"Drama, Fantasy","Historical, Mythology",,Studio Pierrot,"NHK, NHK Enterprises",
Patlabor 2: The Movie,8.05,19888,662.0,3776,46932,988,1.0,Movie,Original,Finished Airing,,,PG-13 - Teens 13 or older,1 hr 53 min,"Award Winning, Drama, Mystery, Sci-Fi","Detective, Mecha, Military",,Production I.G,"Bandai Visual, VAP, Shochiku, Tohokushinsha Film Corporation","Maiden Japan, Manga Entertainment, Bandai Visual USA"
Eureka Seven,8.05,189012,663.0,577,461761,9406,50.0,TV,Original,Finished Airing,2005.0,spring,PG-13 - Teens 13 or older,24 min per ep,"Adventure, Drama, Romance, Sci-Fi",Mecha,,Bones,"Aniplex, Bandai Visual, Kadokawa Shoten, Mainichi Broadcasting System, Bandai, Ashi Productions, Sony Music Entertainment, Bandai Namco Games, Hakuhodo DY Media Partners, Bandai Channel, USEN, Fonishia","Funimation, Bandai Entertainment"
The Ancient Magus' Bride,8.05,427303,664.0,183,1023241,13441,24.0,TV,Manga,Finished Airing,2017.0,fall,PG-13 - Teens 13 or older,24 min per ep,"Drama, Fantasy, Romance","Mythology, Urban Fantasy",Shounen,Wit Studio,"Production I.G, Shochiku, flying DOG, Mag Garden",Funimation
Detective Conan Movie 25: The Bride of Halloween,8.05,10269,665.0,5459,21037,98,1.0,Movie,Manga,Finished Airing,,,PG-13 - Teens 13 or older,1 hr 50 min,"Action, Mystery",Detective,Shounen,TMS Entertainment,,
The King's Avatar: For the Glory,8.05,25843,667.0,3366,57052,141,1.0,Movie,Web novel,Finished Airing,,,PG-13 - Teens 13 or older,1 hr 38 min,Action,Video Game,,Colored Pencil Animation,"bilibili, China Literature Limited, Colored Pencil Animation Japan",
Food Wars! The Second Plate,8.05,764775,668.0,139,1211381,3112,13.0,TV,Manga,Finished Airing,2016.0,summer,PG-13 - Teens 13 or older,24 min per ep,"Gourmet, Ecchi",School,Shounen,J.C.Staff,"Dentsu, Lantis, Mainichi Broadcasting System, Warner Bros. Japan, KlockWorx, Showgate, Shueisha",Sentai Filmworks
Spy x Family Season 2,8.05,343943,669.0,352,690633,3833,12.0,TV,Manga,Finished Airing,2023.0,fall,PG-13 - Teens 13 or older,23 min per ep,"Action, Comedy","Childcare, Super Power",Shounen,"Wit Studio, CloverWorks","TV Tokyo, Shogakukan-Shueisha Productions, TOHO animation, Shueisha, Studio Easter",Crunchyroll
Yowamushi Pedal: Grande Road,8.05,83960,670.0,1780,151226,516,24.0,TV,Manga,Finished Airing,2014.0,fall,PG-13 - Teens 13 or older,23 min per ep,Sports,Racing,Shounen,TMS Entertainment,"TV Tokyo, MediaNet, TOHO animation, Akita Shoten",Discotek Media
Yona of the Dawn,8.04,455750,671.0,215,943582,18078,24.0,TV,Manga,Finished Airing,2014.0,fall,PG-13 - Teens 13 or older,24 min per ep,"Adventure, Fantasy, Romance",,Shoujo,Studio Pierrot,"VAP, Hakusensha, AT-X, Delfi Sound, Marvelous AQL, Tokyo MX, Age Global Networks, Docomo Anime Store, Top-Insight International",Funimation
Black Lagoon,8.04,539010,672.0,165,1118128,21039,12.0,TV,Manga,Finished Airing,2006.0,spring,R - 17+ (violence & profanity),23 min per ep,Action,"Adult Cast, Organized Crime",Seinen,Madhouse,"Geneon Entertainment, Arts Pro","Funimation, Geneon Entertainment USA"
My Hero Academia Season 2,8.04,1862793,673.0,16,2747549,16884,25.0,TV,Manga,Finished Airing,2017.0,spring,PG-13 - Teens 13 or older,23 min per ep,Action,"School, Super Power",Shounen,Bones,"Dentsu, Yomiuri Telecasting, Movic, Sony Music Entertainment, TOHO animation, Shueisha",Funimation
Darker than Black,8.04,455232,674.0,189,1010796,17078,25.0,TV,Original,Finished Airing,2007.0,spring,R - 17+ (violence & profanity),24 min per ep,"Action, Mystery",Super Power,,Bones,"Aniplex, Square Enix, Mainichi Broadcasting System, Movic, Myrica Music, Fonishia",Funimation
FLCL,8.04,469135,675.0,235,901556,33405,6.0,OVA,Original,Finished Airing,,,PG-13 - Teens 13 or older,25 min per ep,"Avant Garde, Comedy, Sci-Fi, Suspense","Mecha, Parody, Psychological",,"Gainax, Production I.G","Starchild Records, King Records",Funimation
Gosick,8.04,249083,678.0,412,608173,9061,24.0,TV,Light novel,Finished Airing,2011.0,winter,R - 17+ (violence & profanity),24 min per ep,"Drama, Mystery, Romance",Historical,,Bones,"TV Tokyo, Kadokawa Shoten, KlockWorx, Memory-Tech, NTT Docomo, Fonishia",Funimation
Gridman Universe,8.04,12505,679.0,4027,42004,322,1.0,Movie,Original,Finished Airing,,,PG-13 - Teens 13 or older,1 hr 57 min,Sci-Fi,Mecha,,Trigger,"Pony Canyon, Tsuburaya Productions",
Kuroko's Basketball,8.04,776635,681.0,121,1320263,21832,25.0,TV,Manga,Finished Airing,2012.0,spring,PG-13 - Teens 13 or older,24 min per ep,Sports,"School, Team Sports",Shounen,Production I.G,"Bandai Visual, Lantis, Nihon Ad Systems, Mainichi Broadcasting System, Banpresto, Shueisha, BS11",
Black Butler: Book of Murder,8.04,135193,682.0,1037,273961,1221,2.0,OVA,Manga,Finished Airing,,,R - 17+ (violence & profanity),1 hr 1 min per ep,"Action, Mystery, Supernatural","Historical, Mythology",Shounen,A-1 Pictures,"Aniplex, Square Enix, Mainichi Broadcasting System, Movic, Asmik Ace, Hakuhodo DY Media Partners, DeNA",Funimation
Case Closed Movie 03: The Last Wizard of the Century,8.04,43593,683.0,2943,72857,96,1.0,Movie,Manga,Finished Airing,,,PG-13 - Teens 13 or older,1 hr 40 min,"Adventure, Comedy, Mystery",Detective,Shounen,TMS Entertainment,"Yomiuri Telecasting, Polygram Japan, TOHO, Shogakukan, Audio Planning U, Shogakukan Productions",Funimation
When Marnie Was There,8.04,184307,684.0,845,336369,2939,1.0,Movie,Novel,Finished Airing,,,G - All Ages,1 hr 42 min,"Drama, Mystery, Suspense",Psychological,,Studio Ghibli,"Dentsu, TOHO, Disney Platform Distribution, Nippon Television Network",GKIDS
One Piece Film: Strong World,8.04,173393,685.0,1011,280328,483,1.0,Movie,Manga,Finished Airing,,,PG-13 - Teens 13 or older,1 hr 55 min,"Action, Adventure, Fantasy",,Shounen,Toei Animation,,Funimation
Solo Leveling: ReAwakening,8.04,12793,686.0,3526,52605,235,1.0,Movie,Web manga,Finished Airing,,,R - 17+ (violence & profanity),1 hr 56 min,"Action, Adventure, Fantasy","Adult Cast, Urban Fantasy",,A-1 Pictures,Aniplex,
The Pet Girl of Sakurasou,8.04,747351,687.0,119,1329306,26239,24.0,TV,Light novel,Finished Airing,2012.0,fall,PG-13 - Teens 13 or older,23 min per ep,"Drama, Romance",School,,J.C.Staff,"Frontier Works, Genco, Media Factory, Animax, Mainichi Broadcasting System, ASCII Media Works, Sony Music Communications",Sentai Filmworks
Toradora!,8.04,1477609,688.0,26,2377510,58589,25.0,TV,Light novel,Finished Airing,2008.0,fall,PG-13 - Teens 13 or older,23 min per ep,"Drama, Romance","Love Polygon, School",,J.C.Staff,"Genco, Starchild Records, Yomiko Advertising, Magic Capsule, TV Tokyo Music",NIS America
World Trigger 2nd Season,8.04,68935,689.0,1577,177013,876,12.0,TV,Manga,Finished Airing,2021.0,winter,PG-13 - Teens 13 or older,23 min per ep,"Action, Sci-Fi",,Shounen,Toei Animation,TV Asahi,
Classroom of the Elite II,8.04,473195,690.0,281,814844,8446,13.0,TV,Light novel,Finished Airing,2022.0,summer,PG-13 - Teens 13 or older,23 min per ep,"Drama, Suspense","Psychological, School",,Lerche,"Studio Hibari, Movic, AT-X, Sammy, Crunchyroll, Kadokawa Media House, Kadokawa, Bandai Namco Music Live",
Laid-Back Camp Season 3,8.04,39340,691.0,2348,104667,573,12.0,TV,Manga,Finished Airing,2024.0,spring,PG-13 - Teens 13 or older,23 min per ep,Slice of Life,"CGDCT, Iyashikei",,8bit,"Sotsu, Half H.P Studio, AT-X, KlockWorx, Houbunsha, MAGES., 81 Produce, BS11, FuRyu, Sony Music Solutions, enish",
Fate/stay night [Unlimited Blade Works] - Prologue,8.03,215655,693.0,791,351022,472,1.0,TV Special,Visual novel,Finished Airing,,,PG-13 - Teens 13 or older,51 min,"Action, Fantasy",Urban Fantasy,,ufotable,"Aniplex, Notes",Aniplex of America
Silver Fang,8.03,12624,694.0,4698,30190,876,21.0,TV,Manga,Finished Airing,1986.0,spring,PG-13 - Teens 13 or older,23 min per ep,"Action, Adventure, Drama",Anthropomorphic,Shounen,Toei Animation,TV Asahi,
Sound! Euphonium,8.03,213235,695.0,513,514010,8294,13.0,TV,Novel,Finished Airing,2015.0,spring,PG-13 - Teens 13 or older,23 min per ep,Drama,"Music, Performing Arts, School",,Kyoto Animation,"Lantis, Pony Canyon, Rakuonsha","Ponycan USA, Crunchyroll"
Hyouge Mono,8.03,5374,696.0,4556,32220,348,39.0,TV,Manga,Finished Airing,2011.0,spring,R - 17+ (violence & profanity),25 min per ep,,"Adult Cast, Historical, Samurai, Visual Arts",Seinen,Bee Train,"NHK, Sogo Vision",
JoJo's Bizarre Adventure: Stone Ocean Part 2,8.03,227479,697.0,758,364775,1385,12.0,ONA,Manga,Finished Airing,,,R - 17+ (violence & profanity),24 min per ep,"Action, Adventure",Super Power,Shounen,David Production,"Warner Bros. Japan, KlockWorx, Medicos Entertainment, Shueisha",VIZ Media
Kill la Kill,8.03,1013015,698.0,59,1856530,39435,24.0,TV,Original,Finished Airing,2013.0,fall,PG-13 - Teens 13 or older,24 min per ep,"Action, Comedy, Fantasy, Ecchi","School, Urban Fantasy",,Trigger,"Aniplex, Dentsu, Kadokawa Shoten, Mainichi Broadcasting System, Movic, Half H.P Studio, Ultra Super Pictures, Lucent Pictures Entertainment",Aniplex of America
Lovely Complex,8.03,321156,699.0,374,659763,11282,24.0,TV,Manga,Finished Airing,2007.0,spring,PG-13 - Teens 13 or older,24 min per ep,"Comedy, Romance",School,Shoujo,Toei Animation,"TBS, TAP, Sony Music Entertainment, Shueisha, Nichion",Discotek Media
Case Closed Movie 04: Captured In Her Eyes,8.03,40750,700.0,3025,69310,109,1.0,Movie,Manga,Finished Airing,,,PG-13 - Teens 13 or older,1 hr 39 min,"Adventure, Comedy, Mystery",Detective,Shounen,TMS Entertainment,"Yomiuri Telecasting, Polygram Japan, TOHO, Shogakukan, Audio Planning U, Polydor Records, Shogakukan Productions",Funimation
Detective Conan Movie 10: The Private Eyes' Requiem,8.03,35316,701.0,3210,62581,59,1.0,Movie,Manga,Finished Airing,,,PG-13 - Teens 13 or older,1 hr 51 min,"Adventure, Comedy, Mystery",Detective,Shounen,TMS Entertainment,Shogakukan Productions,
"No Game, No Life",8.03,1630437,702.0,21,2568423,48567,12.0,TV,Light novel,Finished Airing,2014.0,spring,PG-13 - Teens 13 or older,23 min per ep,"Comedy, Fantasy, Ecchi","Isekai, Strategy Game",,Madhouse,"Frontier Works, Media Factory, Movic, AT-X",Sentai Filmworks
Heart and Yummie,8.03,9333,703.0,5264,22946,203,1.0,Movie,Picture book,Finished Airing,,,G - All Ages,1 hr 30 min,"Action, Adventure, Fantasy","Anthropomorphic, Childcare",Kids,Ajia-do,"TMS Entertainment, MediaNet, Kids Station, Happinet Pictures, Tokyo Theatres",Discotek Media
KenIchi: The Mightiest Disciple,8.03,166006,704.0,878,325472,3737,50.0,TV,Manga,Finished Airing,2006.0,fall,PG-13 - Teens 13 or older,24 min per ep,"Action, Comedy","Martial Arts, School",Shounen,TMS Entertainment,"TV Tokyo, Tokyo Movie Shinsha, Shogakukan","Funimation, Discotek Media"
There's No Freaking Way I'll be Your Lover! Unless...,8.03,17999,705.0,4339,35820,247,5.0,TV Special,Light novel,Finished Airing,,,PG-13 - Teens 13 or older,24 min per ep,"Comedy, Girls Love","Harem, School",,studio MOTHER,"Half H.P Studio, Shueisha, REMOW, Shueisha DeNA Projects",
xxxHOLiC Shunmuki,8.03,36219,706.0,2855,76377,122,2.0,OVA,Manga,Finished Airing,,,PG-13 - Teens 13 or older,26 min per ep,"Comedy, Drama, Mystery, Supernatural",,Seinen,Production I.G,"Kodansha, Fonishia",
Apocalypse Hotel,8.02,28323,707.0,2770,80273,484,12.0,TV,Original,Finished Airing,2025.0,spring,PG-13 - Teens 13 or older,23 min per ep,"Comedy, Sci-Fi",,,CygamesPictures,"Takeshobo, Nippon Television Network, Sammy, CyberAgent, dugout, arma bianca",
BanG Dream! Movie: Episode of Roselia - II: Song I Am.,8.02,5721,708.0,6611,12782,80,1.0,Movie,Mixed media,Finished Airing,,,PG-13 - Teens 13 or older,1 hr 10 min,,Music,,SANZIGEN,,
Den-noh Coil,8.02,46159,709.0,1696,160167,1707,26.0,TV,Original,Finished Airing,2007.0,spring,G - All Ages,25 min per ep,"Adventure, Award Winning, Drama, Mystery, Sci-Fi",,,Madhouse,"Bandai Visual, NHK, Tokuma Shoten, Mediarte Entertainment Works",Maiden Japan
Ace of Diamond Act II Season 2,8.02,4400,710.0,5447,21116,174,13.0,TV,Manga,Finished Airing,2026.0,spring,PG-13 - Teens 13 or older,23 min per ep,Sports,"School, Team Sports",Shounen,OLM,"TV Tokyo, Pony Canyon, Kodansha, AT-X, DAX Production, DMM.com, MAGNET, Tokyu Agency",
Full Metal Panic? Fumoffu,8.02,181890,711.0,911,312763,3038,12.0,TV,Light novel,Finished Airing,2003.0,summer,PG-13 - Teens 13 or older,24 min per ep,"Action, Comedy","Gag Humor, School",,Kyoto Animation,"Tatsunoko Production, Kadokawa Shoten, Fuji TV, Imagica, Rakuonsha, Kadokawa Pictures Japan, KlockWorx, Happinet Pictures, Animation Do","ADV Films, Funimation"
The Summer Hikaru Died,8.02,119237,712.0,914,310999,4612,12.0,TV,Web manga,Finished Airing,2025.0,summer,R - 17+ (violence & profanity),22 min per ep,"Horror, Mystery, Supernatural",,,CygamesPictures,"Nippon Television Network, CyberAgent, Kadokawa, dugout",
Mobile Suit Gundam 0080: War in the Pocket,8.02,39130,713.0,2986,70918,1241,6.0,OVA,Original,Finished Airing,,,PG-13 - Teens 13 or older,27 min per ep,"Drama, Sci-Fi","Mecha, Military, Space",,Sunrise,Bandai Visual,"Nozomi Entertainment, Bandai Entertainment"
Welcome to Demon School! Iruma-kun Season 2,8.02,189937,714.0,730,378499,2517,21.0,TV,Manga,Finished Airing,2021.0,spring,PG-13 - Teens 13 or older,24 min per ep,"Comedy, Fantasy",School,Shounen,Bandai Namco Pictures,"NHK, NHK Enterprises",Crunchyroll
Mononoke the Movie: Phantom in the Rain,8.02,14946,715.0,3553,52155,427,1.0,Movie,Original,Finished Airing,,,R - 17+ (violence & profanity),1 hr 29 min,"Horror, Mystery, Supernatural, Suspense","Adult Cast, Historical, Mythology, Psychological",,EOTA,Twin Engine,
Naruto,8.02,2152891,716.0,9,3134488,86983,220.0,TV,Manga,Finished Airing,2002.0,fall,PG-13 - Teens 13 or older,23 min per ep,"Action, Adventure, Fantasy",Martial Arts,Shounen,Studio Pierrot,"TV Tokyo, Aniplex",VIZ Media
Pui Pui Molcar,8.02,11435,717.0,5592,19628,315,12.0,TV,Other,Finished Airing,2021.0,winter,G - All Ages,2 min per ep,Comedy,Anthropomorphic,Kids,Shin-Ei Animation,,Muse Communication
Shadows House 2nd Season,8.02,59676,718.0,1877,141531,737,12.0,TV,Manga,Finished Airing,2022.0,summer,PG-13 - Teens 13 or older,23 min per ep,"Fantasy, Mystery",,Seinen,CloverWorks,"Aniplex, WOWOW, Tokyo MX, Shueisha, BS Asahi",
Attack on Titan: Wings of Freedom,8.02,64499,719.0,1709,158687,342,1.0,Movie,Manga,Finished Airing,,,R - 17+ (violence & profanity),2 hr,"Action, Drama, Suspense","Gore, Survival",Shounen,Wit Studio,"Production I.G, Dentsu, Mainichi Broadcasting System, Pony Canyon, Kodansha, Pony Canyon Enterprises",Funimation
Slayers Next,8.02,39746,720.0,2861,76164,882,26.0,TV,Light novel,Finished Airing,1996.0,spring,PG-13 - Teens 13 or older,24 min per ep,"Action, Adventure, Comedy, Fantasy",,,E&G Films,"J.C.Staff, TV Tokyo, SoftX","Funimation, Central Park Media, Enoki Films"
Tsukigakirei,8.02,278440,721.0,420,600389,8193,12.0,TV,Original,Finished Airing,2017.0,spring,PG-13 - Teens 13 or older,24 min per ep,Romance,School,,feel.,"Sotsu, Mainichi Broadcasting System, flying DOG","Funimation, Crunchyroll"
My Teen Romantic Comedy SNAFU TOO! OVA,8.02,161019,722.0,1030,275956,509,1.0,OVA,Light novel,Finished Airing,,,PG-13 - Teens 13 or older,23 min,"Comedy, Romance","Love Polygon, School",,feel.,"Marvelous Entertainment, TBS, Movic, NBCUniversal Entertainment Japan",
A Record Of Mortal's Journey To Immortality 2nd Season,8.01,2259,723.0,9296,5488,40,51.0,ONA,Web novel,Finished Airing,,,PG-13 - Teens 13 or older,19 min per ep,"Action, Adventure, Fantasy","Historical, Martial Arts",,"Original Force, Wonder Cat Animation",bilibili,
The Twelve Kingdoms,8.01,49643,724.0,1593,174533,2669,45.0,TV,Novel,Finished Airing,2002.0,spring,PG-13 - Teens 13 or older,25 min per ep,"Action, Adventure, Fantasy",Isekai,,Studio Pierrot,"NHK, Sogo Vision","Media Blasters, Discotek Media"
Teasing Master Takagi-san 2,8.01,197861,725.0,763,363578,2291,12.0,TV,Manga,Finished Airing,2019.0,summer,PG-13 - Teens 13 or older,23 min per ep,"Comedy, Romance","Love Status Quo, School",Shounen,Shin-Ei Animation,"Dentsu, TMS Entertainment, Asmik Ace, TOHO animation, Shogakukan, Sumitomo",
Demon Slayer: Kimetsu no Yaiba Hashira Training Arc,8.01,463117,726.0,294,789923,4975,8.0,TV,Manga,Finished Airing,2024.0,spring,R - 17+ (violence & profanity),29 min per ep,"Action, Supernatural",Historical,Shounen,ufotable,"Aniplex, Shueisha",Aniplex of America
Kimi ni Todoke: From Me to You,8.01,525605,727.0,172,1080189,15552,25.0,TV,Manga,Finished Airing,2009.0,fall,PG-13 - Teens 13 or older,22 min per ep,"Drama, Romance",School,Shoujo,Production I.G,"VAP, Nippon Television Network, Shueisha",NIS America
KonoSuba: God's Blessing on This Wonderful World! 2 - God's Blessing on This Wonderful Art!,8.01,247560,728.0,668,410219,762,1.0,OVA,Light novel,Finished Airing,,,PG-13 - Teens 13 or older,28 min,"Adventure, Comedy, Fantasy","Isekai, Parody",,Studio Deen,"Half H.P Studio, Nippon Columbia",Discotek Media
Summer Wars,8.01,308272,729.0,461,552345,4155,1.0,Movie,Original,Finished Airing,,,PG-13 - Teens 13 or older,1 hr 54 min,"Award Winning, Comedy, Sci-Fi",,,Madhouse,"VAP, Yomiuri Telecasting, Kadokawa Shoten, Warner Bros. Japan, Nippon Television Network","Funimation, GKIDS"
Touch,8.01,11650,730.0,4112,40113,618,101.0,TV,Manga,Finished Airing,1985.0,spring,PG-13 - Teens 13 or older,25 min per ep,"Drama, Romance, Sports","Love Polygon, School, Team Sports",Shounen,Group TAC,"Asatsu DK, Fuji TV, TOHO",
All Saints Street 2,8.01,8011,731.0,6096,15726,62,12.0,ONA,Web manga,Finished Airing,,,PG-13 - Teens 13 or older,4 min per ep,"Comedy, Fantasy","Mythology, Urban Fantasy",,"Fenz, HMCH",Tencent Video,Aniplex of America
Yuuki Yuuna wa Yuusha de Aru: Washio Sumi no Shou 3 - Yakusoku,8.01,6151,732.0,5967,16635,43,1.0,Movie,Light novel,Finished Airing,,,PG-13 - Teens 13 or older,48 min,Drama,Mahou Shoujo,,Studio Gokumi,Pony Canyon,
The Quintessential Quintuplets 2,8.0,503518,733.0,277,823750,11993,12.0,TV,Manga,Finished Airing,2021.0,winter,PG-13 - Teens 13 or older,24 min per ep,"Comedy, Romance","Harem, School",Shounen,Bibury Animation Studios,"Pony Canyon, Kodansha, DAX Production, BS11, Nichion, GYAO!, Good Smile Film, MAGNET",
Aria the Benedizione,8.0,4294,734.0,6801,11968,30,1.0,Movie,Manga,Finished Airing,,,PG-13 - Teens 13 or older,1 hr,"Sci-Fi, Slice of Life",Iyashikei,Shounen,J.C.Staff,"Shochiku, Rakuonsha, flying DOG",
Aria the OVA: Arietta,8.0,18787,735.0,4022,42207,82,1.0,OVA,Manga,Finished Airing,,,G - All Ages,30 min,"Sci-Fi, Slice of Life",Iyashikei,Shounen,HAL Film Maker,"TV Tokyo, Media Factory, Shochiku, AT-X",Nozomi Entertainment
Baby Steps 2nd Season,8.0,57006,736.0,2475,96398,308,25.0,TV,Manga,Finished Airing,2015.0,spring,PG-13 - Teens 13 or older,24 min per ep,Sports,School,Shounen,Studio Pierrot,NHK,
BanG Dream! 3rd Season,8.0,20467,737.0,3921,44209,592,13.0,TV,Mixed media,Finished Airing,2020.0,winter,PG-13 - Teens 13 or older,23 min per ep,,"CGDCT, Music, School",,SANZIGEN,"Ultra Super Pictures, Bushiroad, Tokyo MX, Good Smile Company, HoriPro International, Cloud22",Sentai Filmworks
Bleach,8.0,1270329,738.0,33,2223703,84578,366.0,TV,Manga,Finished Airing,2004.0,fall,PG-13 - Teens 13 or older,24 min per ep,"Action, Adventure, Supernatural",,Shounen,Studio Pierrot,"TV Tokyo, Aniplex, Dentsu, TV Tokyo Music",VIZ Media
D.Gray-man,8.0,297865,739.0,322,733871,13970,103.0,TV,Manga,Finished Airing,2006.0,fall,PG-13 - Teens 13 or older,23 min per ep,"Action, Adventure, Fantasy",Urban Fantasy,Shounen,TMS Entertainment,"TV Tokyo, Aniplex, Dentsu, Half H.P Studio, Sony Music Entertainment",Funimation
Fullmetal Alchemist: Brotherhood OVA Collection,8.0,79626,741.0,1632,169979,214,4.0,Special,Manga,Finished Airing,,,PG-13 - Teens 13 or older,15 min per ep,"Action, Adventure, Drama, Fantasy",Military,Shounen,Bones,"Aniplex, Square Enix","Funimation, Aniplex of America"
Haibane Renmei,8.0,116534,742.0,830,340762,9413,13.0,TV,Other,Finished Airing,2002.0,fall,PG-13 - Teens 13 or older,24 min per ep,"Drama, Fantasy, Mystery",Psychological,,Radix,"Kadokawa Shoten, Fuji TV, Omnibus Promotion","Funimation, Geneon Entertainment USA"
Mobile Suit Gundam: The 08th MS Team,8.0,51864,744.0,2495,94825,1233,12.0,OVA,Original,Finished Airing,,,PG-13 - Teens 13 or older,24 min per ep,"Drama, Romance, Sci-Fi","Mecha, Military",,Sunrise,Atelier Musa,"Nozomi Entertainment, Bandai Entertainment"
Magi: The Labyrinth of Magic,8.0,587076,745.0,161,1127167,9641,25.0,TV,Manga,Finished Airing,2012.0,fall,PG-13 - Teens 13 or older,24 min per ep,"Action, Adventure, Fantasy",,Shounen,A-1 Pictures,"Aniplex, Dentsu, Shogakukan-Shueisha Productions, Mainichi Broadcasting System, Movic, GYAO!",Aniplex of America
Detective Conan Movie 15: Quarter of Silence,8.0,30811,746.0,3487,53929,59,1.0,Movie,Manga,Finished Airing,,,G - All Ages,1 hr 49 min,"Adventure, Comedy, Mystery",Detective,Shounen,TMS Entertainment,"Shogakukan-Shueisha Productions, Tokyo Movie Shinsha, TOHO",
Saint Seiya: The Lost Canvas,8.0,63954,747.0,2168,116996,1067,13.0,OVA,Manga,Finished Airing,,,PG-13 - Teens 13 or older,24 min per ep,"Action, Adventure, Fantasy","Historical, Mythology",Shounen,TMS Entertainment,Akita Shoten,Discotek Media
A Certain Scientific Railgun S,8.0,217330,748.0,656,415083,3835,24.0,TV,Manga,Finished Airing,2013.0,spring,R - 17+ (violence & profanity),24 min per ep,"Action, Fantasy, Sci-Fi","Super Power, Urban Fantasy",,J.C.Staff,"Geneon Universal Entertainment, Movic, AT-X, Warner Bros. Japan, ASCII Media Works",Funimation
Tokyo Magnitude 8.0,8.0,131397,749.0,905,315234,1821,11.0,TV,Original,Finished Airing,2009.0,summer,PG-13 - Teens 13 or older,22 min per ep,"Award Winning, Drama",,,"Bones, Kinema Citrus","Dentsu, Fuji TV, Asmik Ace, Sony Music Entertainment, Sakura Create, Aquatone, Sony Music Publishing",Maiden Japan
Tonikawa: Over The Moon For You - SNS,8.0,97374,750.0,1532,182070,812,1.0,OVA,Manga,Finished Airing,,,PG-13 - Teens 13 or older,23 min,"Comedy, Romance",,Shounen,Seven Arcs,"Shogakukan-Shueisha Productions, Warner Bros. Japan, KlockWorx, Shogakukan, Crunchyroll",
All Saints Street 3,8.0,5147,751.0,7070,10861,40,12.0,ONA,Web manga,Finished Airing,,,PG-13 - Teens 13 or older,4 min per ep,"Comedy, Fantasy","Mythology, Urban Fantasy",,"Fenz, HMCH",Tencent Video,Aniplex of America
My Teen Romantic Comedy SNAFU,8.0,928102,752.0,85,1577593,30979,13.0,TV,Light novel,Finished Airing,2013.0,spring,PG-13 - Teens 13 or older,24 min per ep,"Comedy, Romance","Love Polygon, School",,Brain's Base,"Geneon Universal Entertainment, TBS, Delfi Sound, Marvelous AQL, Atelier Musa",Sentai Filmworks
Blue Exorcist: The Blue Night Saga,7.99,32571,753.0,2592,89384,285,12.0,TV,Manga,Finished Airing,2025.0,winter,PG-13 - Teens 13 or older,23 min per ep,"Action, Supernatural","Mythology, School",Shounen,Studio VOLN,"Dentsu, Mainichi Broadcasting System, Movic, Rakuonsha, Shueisha",
How Dare You!?,7.99,13023,754.0,5859,17448,60,24.0,ONA,Web novel,Finished Airing,,,PG-13 - Teens 13 or older,25 min per ep,"Comedy, Romance","Historical, Isekai",,Shengying Animation,iQIYI,
Clannad,7.99,799850,755.0,95,1517712,28823,23.0,TV,Visual novel,Finished Airing,2007.0,fall,PG-13 - Teens 13 or older,24 min per ep,"Drama, Romance",School,,Kyoto Animation,"Pony Canyon, TBS, Movic, Animation Do",Sentai Filmworks
Maid Sama!,7.99,778916,756.0,113,1346088,23890,26.0,TV,Manga,Finished Airing,2010.0,spring,PG-13 - Teens 13 or older,24 min per ep,"Comedy, Romance",School,Shoujo,J.C.Staff,"Geneon Universal Entertainment, TBS, Hakusensha, Half H.P Studio",Sentai Filmworks
"The Tunnel to Summer, the Exit of Goodbyes",7.99,107768,758.0,1088,261259,2870,1.0,Movie,Light novel,Finished Airing,,,PG-13 - Teens 13 or older,1 hr 22 min,"Drama, Mystery, Romance, Supernatural",,,CLAP,"Pony Canyon, Studio Mausu",Sentai Filmworks
Tales of Saiunkoku,7.99,19007,759.0,3849,45455,208,39.0,TV,Light novel,Finished Airing,2007.0,spring,PG-13 - Teens 13 or older,25 min per ep,"Adventure, Fantasy, Romance","Historical, Reverse Harem",Shoujo,Madhouse,"NHK, Sogo Vision",
SK8 the Infinity,7.99,323143,760.0,395,636164,13883,12.0,TV,Original,Finished Airing,2021.0,winter,PG-13 - Teens 13 or older,23 min per ep,Sports,Racing,,Bones,"Aniplex, Movic, ABC Animation",Aniplex of America
La Maison en Petits Cubes,7.99,55673,761.0,2389,101767,476,1.0,Movie,Original,Finished Airing,,,G - All Ages,12 min,"Award Winning, Drama",,,Oh! Production,Robot Communications,
Swallowed Star The Movie: Xueluo Continent,7.99,893,762.0,12356,2249,10,1.0,ONA,Novel,Finished Airing,,,PG-13 - Teens 13 or older,1 hr 33 min,"Action, Adventure, Fantasy, Sci-Fi",Martial Arts,,Sparkly Key Animation Studio,Tencent Video,
Vampire Hunter D: Bloodlust,7.99,117515,763.0,1141,250132,3509,1.0,Movie,Light novel,Finished Airing,,,R - 17+ (violence & profanity),1 hr 42 min,"Action, Drama, Fantasy, Horror, Romance, Sci-Fi",Vampire,,Madhouse,"Movic, Filmlink International, animate",Discotek Media
"Yuri!!! On ICE: Yuri Plisetsky GPF in Barcelona EX ""Welcome to The Madness""",7.99,39660,764.0,2544,92618,303,1.0,Special,Original,Finished Airing,,,PG-13 - Teens 13 or older,2 min,Sports,Performing Arts,,MAPPA,Avex Pictures,Funimation
The Girl Downstairs Extra,7.98,4502,765.0,7143,10591,37,1.0,ONA,Web manga,Finished Airing,,,PG-13 - Teens 13 or older,10 min,Romance,Adult Cast,,Red Dog Culture House,bilibili,
Black Clover: Sword of the Wizard King,7.98,124029,766.0,1042,273082,2806,1.0,Movie,Manga,Finished Airing,,,PG-13 - Teens 13 or older,1 hr 53 min,"Action, Comedy, Fantasy",,Shounen,Studio Pierrot,Shochiku,
My Hero Academia Season 3,7.98,1568425,767.0,25,2395870,12470,25.0,TV,Manga,Finished Airing,2018.0,spring,PG-13 - Teens 13 or older,23 min per ep,Action,"School, Super Power",Shounen,Bones,"Dentsu, Yomiuri Telecasting, Movic, Sony Music Entertainment, TOHO animation, Shueisha",Funimation
Bungo Stray Dogs Wan!,7.98,58463,768.0,1941,136118,1189,12.0,TV,Web manga,Finished Airing,2021.0,winter,PG-13 - Teens 13 or older,11 min per ep,Comedy,,,"Bones, Nomad","Lantis, Kadokawa",
Dragon Ball,7.98,729409,769.0,153,1146031,18078,153.0,TV,Manga,Finished Airing,1986.0,winter,PG-13 - Teens 13 or older,24 min per ep,"Action, Adventure, Comedy, Fantasy",Martial Arts,Shounen,Toei Animation,Fuji TV,Funimation
ef - a tale of melodies.,7.98,69677,770.0,1625,171060,1717,12.0,TV,Visual novel,Finished Airing,2008.0,fall,PG-13 - Teens 13 or older,24 min per ep,"Drama, Mystery, Romance, Supernatural",,,Shaft,"ASCII Media Works, Geneon Entertainment",Sentai Filmworks
Time of Eve (ONA),7.98,82172,771.0,1431,196669,1254,6.0,ONA,Original,Finished Airing,,,PG-13 - Teens 13 or older,18 min per ep,"Sci-Fi, Slice of Life",,,Studio Rikka,"Directions, Code, Trick Block",AnimEigo
Honey and Clover,7.98,87136,772.0,988,286282,4215,24.0,TV,Manga,Finished Airing,2005.0,spring,PG-13 - Teens 13 or older,23 min per ep,"Comedy, Drama, Romance","Adult Cast, Love Polygon, Visual Arts",Josei,J.C.Staff,"Aniplex, Dentsu, Genco, Fuji TV, Asmik Ace, Shueisha","VIZ Media, Discotek Media"
The World God Only Knows: Goddesses,7.98,203769,773.0,753,368131,2135,12.0,TV,Manga,Finished Airing,2013.0,summer,PG-13 - Teens 13 or older,24 min per ep,"Comedy, Romance, Supernatural","Harem, Otaku Culture, School",Shounen,Manglobe,"TV Tokyo, Geneon Universal Entertainment, Shogakukan, Imagine",Sentai Filmworks
The Garden of Sinners: Future Gospel,7.98,58193,774.0,2039,126686,284,1.0,Movie,Light novel,Finished Airing,,,R - 17+ (violence & profanity),1 hr 30 min,"Drama, Mystery, Supernatural",,,ufotable,"Aniplex, Kodansha, Seikaisha, Notes",Aniplex of America
Kimi ni Todoke: From Me to You Season 2,7.98,321814,775.0,454,560746,1929,12.0,TV,Manga,Finished Airing,2011.0,winter,PG-13 - Teens 13 or older,23 min per ep,"Drama, Romance",School,Shoujo,Production I.G,"VAP, Nippon Television Network, Shueisha",NIS America
Ruri Rocks,7.98,30998,776.0,2547,92025,474,13.0,TV,Manga,Finished Airing,2025.0,summer,PG-13 - Teens 13 or older,23 min per ep,Slice of Life,"CGDCT, Educational",Seinen,Studio Bind,"Aniplex, Movic, AT-X, Tokyo MX, BS11, Egg Firm, FuRyu, Kadokawa, Bit grooove promotion",
Attack on Titan: The Roar of Awakening,7.98,28601,777.0,2677,85681,107,1.0,Movie,Manga,Finished Airing,,,R - 17+ (violence & profanity),2 hr,"Action, Drama, Suspense","Gore, Survival",Shounen,Wit Studio,"Production I.G, Dentsu, Mainichi Broadcasting System, Pony Canyon, Kodansha, Pony Canyon Enterprises",Funimation
Treasure Island,7.98,8031,778.0,5071,25116,325,26.0,TV,Novel,Finished Airing,1978.0,fall,PG-13 - Teens 13 or older,24 min per ep,"Adventure, Drama, Mystery",Historical,,Tokyo Movie Shinsha,Madhouse,Discotek Media
Wolf's Rain OVA,7.98,37865,779.0,2838,77331,430,4.0,OVA,Original,Finished Airing,,,PG-13 - Teens 13 or older,23 min per ep,"Action, Adventure, Drama, Fantasy",,,Bones,"Bandai Visual, Victor Entertainment, Asatsu DK","Funimation, Bandai Entertainment"
Zombie Land Saga Revenge,7.98,97753,780.0,1191,239416,1629,12.0,TV,Original,Finished Airing,2021.0,spring,R - 17+ (violence & profanity),23 min per ep,"Comedy, Supernatural","Idols (Female), Music, Parody",,MAPPA,"AT-X, Avex Pictures, CyberAgent, dugout",Funimation
Snow White with the Red Hair 2,7.97,216664,781.0,702,391821,1803,12.0,TV,Manga,Finished Airing,2016.0,winter,PG-13 - Teens 13 or older,24 min per ep,"Drama, Romance",Medical,Shoujo,Bones,"Hakusensha, Warner Bros. Japan, KlockWorx, Showgate, BS Fuji, Docomo Anime Store, Hakuhodo DY Media Partners",Funimation
Durarara!! x2 Shou,7.97,263637,782.0,510,515204,1015,12.0,TV,Light novel,Finished Airing,2015.0,winter,R - 17+ (violence & profanity),24 min per ep,"Action, Mystery, Supernatural",,,Shuka,"Aniplex, Square Enix, Mainichi Broadcasting System, Movic, ASCII Media Works",Aniplex of America
Ponyo,7.97,434726,783.0,375,659114,5126,1.0,Movie,Original,Finished Airing,,,G - All Ages,1 hr 40 min,"Adventure, Award Winning, Fantasy",,,Studio Ghibli,"Dentsu, d-rights, TOHO","Disney Platform Distribution, GKIDS"
Girls und Panzer das Finale – Part 1,7.97,28730,784.0,3294,59233,152,1.0,Movie,Original,Finished Airing,,,PG-13 - Teens 13 or older,47 min,,"CGDCT, Military, School",,Actas,"Bandai Visual, Lantis, Movic, Q-Tec, Hakuhodo DY Music & Pictures",Sentai Filmworks
Mobile Suit Gundam Thunderbolt: December Sky,7.97,15777,785.0,4768,29028,222,1.0,Movie,Manga,Finished Airing,,,R - 17+ (violence & profanity),1 hr 9 min,"Drama, Sci-Fi","Mecha, Military, Space",Seinen,Sunrise,,NYAV Post
The File of Young Kindaichi,7.97,8749,786.0,4293,36706,285,148.0,TV,Manga,Finished Airing,1997.0,spring,R - 17+ (violence & profanity),24 min per ep,Mystery,,Shounen,Toei Animation,"Dentsu, Yomiuri Telecasting",
Komi Can't Communicate Season 2,7.97,284825,787.0,448,562210,4014,12.0,TV,Manga,Finished Airing,2022.0,spring,PG-13 - Teens 13 or older,23 min per ep,Comedy,School,Shounen,OLM,"TV Tokyo, Dentsu, Shogakukan-Shueisha Productions, Half H.P Studio, Nippon Columbia",
Ghost in the Shell: Stand Alone Complex 2nd GIG - Individual Eleven,7.97,11851,788.0,4503,32942,47,1.0,OVA,Manga,Finished Airing,,,R - 17+ (violence & profanity),2 hr 41 min,Sci-Fi,"Adult Cast, Mecha",,Production I.G,"Bandai Visual, Tokuma Shoten, Fonishia","Bandai Entertainment, Manga Entertainment"
Porco Rosso,7.97,182079,789.0,975,290031,2550,1.0,Movie,Manga,Finished Airing,,,G - All Ages,1 hr 33 min,"Action, Adventure, Award Winning, Comedy, Drama, Romance","Historical, Military",,Studio Ghibli,"Tokuma Shoten, Nippon Television Network","Disney Platform Distribution, GKIDS"
Ranma ½ (2024),7.97,87318,790.0,1596,173972,1318,12.0,TV,Manga,Finished Airing,2024.0,fall,PG-13 - Teens 13 or older,22 min per ep,"Action, Comedy, Romance, Ecchi","Magical Sex Shift, Martial Arts, School",Shounen,MAPPA,"Shogakukan-Shueisha Productions, Nippon Television Network, Shogakukan, dugout",
School Rumble: 2nd Semester,7.97,95856,791.0,1612,172663,842,26.0,TV,Manga,Finished Airing,2006.0,spring,PG-13 - Teens 13 or older,24 min per ep,"Comedy, Romance","Gag Humor, Love Polygon, School",Shounen,Studio Comet,"Sotsu, Marvelous Entertainment",Funimation
Food Wars! The Third Plate,7.97,633043,792.0,179,1045641,2650,12.0,TV,Manga,Finished Airing,2017.0,fall,PG-13 - Teens 13 or older,24 min per ep,"Gourmet, Ecchi",School,Shounen,J.C.Staff,"Lantis, Warner Bros. Japan, KlockWorx, Shueisha",Sentai Filmworks
Umamusume: Pretty Derby - Road to the Top (Movie),7.97,11740,793.0,5406,21478,87,1.0,Movie,Game,Finished Airing,,,PG-13 - Teens 13 or older,1 hr 39 min,Sports,"Anthropomorphic, Racing",,CygamesPictures,,
xxxHOLiC,7.97,128499,794.0,794,350078,4913,24.0,TV,Manga,Finished Airing,2006.0,spring,PG-13 - Teens 13 or older,24 min per ep,"Comedy, Drama, Mystery, Supernatural",,Seinen,Production I.G,"TBS, BMG Japan, Kids Station, Kodansha, Movic, Fonishia",Funimation
A Will Eternal,7.97,6266,795.0,5189,23640,248,52.0,ONA,Web novel,Finished Airing,,,PG-13 - Teens 13 or older,19 min per ep,"Action, Adventure, Comedy, Fantasy","Historical, Martial Arts",,B.CMAY PICTURES,Tencent Video,
Sailor Moon Sailor Stars,7.96,60981,796.0,2089,122982,1291,34.0,TV,Manga,Finished Airing,1996.0,spring,PG-13 - Teens 13 or older,24 min per ep,"Adventure, Comedy, Drama, Romance",Mahou Shoujo,Shoujo,Toei Animation,"TV Asahi, Toei Advertising",VIZ Media
Code Geass: Lelouch of the Rebellion III - Glorification,7.96,40411,797.0,2340,105133,160,1.0,Movie,Original,Finished Airing,,,R - 17+ (violence & profanity),2 hr 20 min,Sci-Fi,"Mecha, Military, School, Super Power",,Sunrise,,Funimation
Durarara!! x2 Ten,7.96,213944,799.0,643,422269,774,12.0,TV,Light novel,Finished Airing,2015.0,summer,R - 17+ (violence & profanity),24 min per ep,"Action, Mystery, Supernatural",,,Shuka,Aniplex,Aniplex of America
Girls Band Cry Movie,7.96,583,800.0,7475,9468,26,2.0,Movie,Original,Finished Airing,,,PG-13 - Teens 13 or older,2 hr per ep,Drama,Music,,Toei Animation,TOHO animation,
Hidamari Sketch x Honeycomb,7.96,11591,801.0,4858,27822,186,12.0,TV,4-koma manga,Finished Airing,2012.0,fall,PG-13 - Teens 13 or older,24 min per ep,Slice of Life,"CGDCT, Iyashikei, School, Visual Arts",,Shaft,"Aniplex, Lantis, TBS, Movic, Houbunsha, Grooove",Sentai Filmworks
Ascendance of a Bookworm,7.96,193574,803.0,733,378048,3469,14.0,TV,Light novel,Finished Airing,2019.0,fall,PG-13 - Teens 13 or older,23 min per ep,Fantasy,"Isekai, Reincarnation",,Ajia-do,"WOWOW, Genco, MediaNet, KlockWorx, flying DOG, BS Fuji, Yomiuri TV Enterprise, ABC Animation, Happinet, Tokyo Animator Gakuin, TO Books, JTB Next Creation","Sentai Filmworks, Crunchyroll"
Kakushigoto,7.96,149525,804.0,780,355226,2156,12.0,TV,Manga,Finished Airing,2020.0,spring,PG-13 - Teens 13 or older,23 min per ep,Comedy,"Childcare, Gag Humor, Otaku Culture",Shounen,Ajia-do,"Dentsu, Marvelous Entertainment, Kodansha, AT-X, Studio Mausu, Tokyo MX, Avex Pictures, A-Sketch",Funimation
Mobile Suit Gundam Thunderbolt,7.96,31922,805.0,3135,65121,480,4.0,ONA,Manga,Finished Airing,,,R - 17+ (violence & profanity),18 min per ep,"Drama, Sci-Fi","Mecha, Military, Space",Seinen,Sunrise,,
Kizumonogatari: Koyomi Vamp,7.96,4148,806.0,5268,22898,115,1.0,Movie,Light novel,Finished Airing,,,R - 17+ (violence & profanity),2 hr 24 min,"Action, Mystery, Supernatural",Vampire,,Shaft,Aniplex,Aniplex of America
Magical Girl Lyrical Nanoha A's,7.96,35491,808.0,3019,69701,1025,13.0,TV,Original,Finished Airing,2005.0,fall,PG-13 - Teens 13 or older,25 min per ep,"Action, Comedy, Drama",Mahou Shoujo,,Seven Arcs,"Starchild Records, Omnibus Promotion","Discotek Media, Geneon Entertainment USA"
Big Windup! 2,7.96,24260,809.0,3740,47810,191,13.0,TV,Manga,Finished Airing,2010.0,spring,PG-13 - Teens 13 or older,24 min per ep,Sports,Team Sports,Seinen,A-1 Pictures,"Aniplex, Mainichi Broadcasting System, TBS, Kodansha, Movic, Rakuonsha",Nozomi Entertainment
ReLIFE,7.96,636590,810.0,151,1147495,10891,13.0,TV,Web manga,Finished Airing,2016.0,summer,PG-13 - Teens 13 or older,23 min per ep,"Drama, Romance",School,,TMS Entertainment,"Aniplex, Half H.P Studio, comico, Hakuhodo DY Media Partners, Lawson, C & I entertainment, TMS Music","Funimation, Crunchyroll"
Samurai X: Reflection,7.96,48518,811.0,2585,89913,389,2.0,OVA,Manga,Finished Airing,,,R - 17+ (violence & profanity),41 min per ep,"Drama, Romance","Historical, Samurai",Shounen,Studio Deen,SME Visual Works,"ADV Films, Aniplex of America"
All Saints Street,7.96,12581,812.0,4487,33298,513,12.0,ONA,Web manga,Finished Airing,,,PG-13 - Teens 13 or older,4 min per ep,"Comedy, Fantasy","Mythology, Urban Fantasy",,"Fenz, HMCH","Tencent Video, Tianwen Kadokawa Animation & Comics",Aniplex of America
Saga of Tanya the Evil,7.96,567323,813.0,177,1053936,13874,12.0,TV,Light novel,Finished Airing,2017.0,winter,R - 17+ (violence & profanity),23 min per ep,"Action, Fantasy","Isekai, Military, Reincarnation",,Nut,"AT-X, Enterbrain, Sony Music Communications, Kadokawa","Funimation, Crunchyroll"
Aria the Origination Episode 5.5: That Little Secret Place…,7.95,10669,814.0,5176,23834,29,1.0,Special,Manga,Finished Airing,,,G - All Ages,24 min,Slice of Life,Iyashikei,Shounen,HAL Film Maker,"TV Tokyo, Media Factory, Shochiku, Mag Garden",Nozomi Entertainment
BanG Dream! Film Live 2nd Stage,7.95,3508,815.0,7349,9928,39,1.0,Movie,Mixed media,Finished Airing,,,PG-13 - Teens 13 or older,1 hr 44 min,,Music,,SANZIGEN,,
Crayon Shin-chan: The Storm Called - The Adult Empire Strikes Back,7.95,6983,816.0,6442,13604,134,1.0,Movie,Manga,Finished Airing,,,G - All Ages,1 hr 29 min,"Comedy, Sci-Fi",,Seinen,Shin-Ei Animation,"TV Asahi, Asatsu DK",
Time of Eve (Movie),7.95,58369,817.0,1990,131320,595,1.0,Movie,Original,Finished Airing,,,PG-13 - Teens 13 or older,1 hr 46 min,"Sci-Fi, Slice of Life",,,Studio Rikka,"Directions, Code","AnimEigo, NYAV Post, Pied Piper"
A Record Of Mortal's Journey To Immortality: Speeding in the Sea of Stars Prologue,7.95,13187,818.0,6204,14962,14,4.0,ONA,Web novel,Finished Airing,,,PG-13 - Teens 13 or older,23 min per ep,"Action, Adventure, Fantasy","Historical, Martial Arts",,"Original Force, Wonder Cat Animation",bilibili,
Galaxy Warring State Chronicle Rai,7.95,5701,819.0,5776,18054,95,52.0,TV,Manga,Finished Airing,1994.0,spring,PG-13 - Teens 13 or older,25 min per ep,"Adventure, Romance, Sci-Fi",Space,Shounen,E&G Films,"TV Tokyo, SoftX, Arts Pro",Enoki Films
Hi Score Girl: Extra Stage,7.95,51006,820.0,2738,82520,177,3.0,OVA,Manga,Finished Airing,,,PG-13 - Teens 13 or older,25 min per ep,"Comedy, Romance","Love Polygon, School, Video Game",Seinen,J.C.Staff,Warner Bros. Japan,
IDOLiSH7 Vibrato,7.95,7015,821.0,5781,18046,105,8.0,ONA,Game,Finished Airing,,,PG-13 - Teens 13 or older,14 min per ep,Drama,"Idols (Male), Music",,TROYCA,,
Toilet-Bound Hanako-kun Season 2,7.95,32307,822.0,2358,104160,722,12.0,TV,Manga,Finished Airing,2025.0,winter,PG-13 - Teens 13 or older,23 min per ep,Supernatural,School,Shounen,Lerche,"Square Enix, Studio Hibari, Pony Canyon, TBS, Movic, Half H.P Studio, Crunchyroll, Contents Seed, Gloria",
Les Misérables: Shoujo Cosette,7.95,10851,823.0,4416,34604,320,52.0,TV,Novel,Finished Airing,2007.0,winter,G - All Ages,24 min per ep,Drama,Historical,,Nippon Animation,,
Macross Frontier: The Wings of Farewell,7.95,14690,824.0,4714,29961,142,1.0,Movie,Original,Finished Airing,,,PG-13 - Teens 13 or older,1 hr 54 min,"Award Winning, Romance, Sci-Fi","Mecha, Military, Music, Space",,Satelight,"Bandai Visual, Big West, KlockWorx, Bandai Namco Games",
Major Movie: Yuujou no Winning Shot,7.95,12133,825.0,5322,22371,23,1.0,Movie,Manga,Finished Airing,,,PG-13 - Teens 13 or older,1 hr 43 min,Sports,Team Sports,Shounen,Xebec,"Avex Entertainment, Shogakukan-Shueisha Productions, NHK, TOHO, Mainichi Shimbun",
Sleepy Princess in the Demon Castle,7.95,114469,826.0,1137,251632,2582,12.0,TV,Manga,Finished Airing,2020.0,fall,PG-13 - Teens 13 or older,23 min per ep,"Comedy, Fantasy",Parody,Shounen,Doga Kobo,"Lantis, FuRyu",Funimation
Throne of Seal The Movie: The Crownless God,7.95,463,827.0,13525,1577,8,1.0,ONA,Web novel,Finished Airing,,,PG-13 - Teens 13 or older,1 hr 30 min,"Action, Adventure, Fantasy",,,Shenman Entertainment,Tencent Video,
The Prince of Tennis: The National Tournament Finals,7.95,20720,828.0,4160,39268,52,7.0,OVA,Manga,Finished Airing,,,PG-13 - Teens 13 or older,23 min per ep,Sports,,Shounen,M.S.C,"Production I.G, TV Tokyo, Bandai Visual, Marvelous Entertainment, Nihon Ad Systems, Shueisha",
The Quintessential Quintuplets~,7.94,40975,829.0,2412,99965,618,2.0,TV Special,Manga,Finished Airing,,,PG-13 - Teens 13 or older,24 min per ep,"Comedy, Romance","Harem, School",Shounen,Shaft,"Pony Canyon, TBS, Kodansha, Bushiroad, BS11, Nichion, GYAO!, Good Smile Film, MAGNET",
Akane-banashi,7.94,18574,830.0,3073,67373,156,12.0,TV,Manga,Finished Airing,2026.0,spring,PG-13 - Teens 13 or older,24 min per ep,Drama,Performing Arts,Shounen,Zexcs,"Aniplex, TV Asahi, Shueisha, AbemaTV, Bit grooove promotion, BS Asahi, TV Asahi Music",
Soul Land,7.94,13777,831.0,4413,34613,630,26.0,ONA,Novel,Finished Airing,,,PG-13 - Teens 13 or older,20 min per ep,"Action, Adventure, Fantasy, Romance","Historical, Martial Arts, Reincarnation",,Sparkly Key Animation Studio,Tencent Video,
Fate/Grand Order: Absolute Demonic Front - Babylonia,7.94,149326,832.0,904,315211,2665,21.0,TV,Game,Finished Airing,2019.0,fall,PG-13 - Teens 13 or older,23 min per ep,"Action, Fantasy",Isekai,,CloverWorks,"Aniplex, Notes, Delightworks",Aniplex of America
Looking for the Full Moon,7.94,50029,833.0,2153,118365,1932,52.0,TV,Manga,Finished Airing,2002.0,spring,PG-13 - Teens 13 or older,24 min per ep,"Comedy, Drama, Romance, Supernatural","Music, Showbiz",Shoujo,Studio Deen,"TV Tokyo, Nihon Ad Systems","VIZ Media, AnimEigo"
Hi Score Girl II,7.94,89108,834.0,1771,152067,904,9.0,TV,Manga,Finished Airing,2019.0,fall,PG-13 - Teens 13 or older,23 min per ep,"Comedy, Romance","Love Polygon, School, Video Game",Seinen,J.C.Staff,"Square Enix, Mainichi Broadcasting System, Magic Capsule, Warner Bros. Japan, KlockWorx, Good Smile Company",
Kanon,7.94,143155,835.0,965,292831,4553,24.0,TV,Visual novel,Finished Airing,2006.0,fall,PG-13 - Teens 13 or older,24 min per ep,"Drama, Romance, Supernatural",,,Kyoto Animation,"Pony Canyon, TBS, Movic","ADV Films, Funimation"
Kobato.,7.94,64480,836.0,1568,177932,1616,24.0,TV,Manga,Finished Airing,2009.0,fall,PG-13 - Teens 13 or older,24 min per ep,"Drama, Romance, Supernatural",,,Madhouse,"NHK, Kadokawa Shoten, NHK-BS2, KlockWorx, flying DOG",Sentai Filmworks
Kono Oto Tomare!: Sounds of Life,7.94,138661,837.0,783,353808,2831,13.0,TV,Manga,Finished Airing,2019.0,spring,PG-13 - Teens 13 or older,23 min per ep,Drama,"Music, Performing Arts, School",Shounen,Platinum Vision,"WOWOW, Movic, KlockWorx, Memory-Tech, King Records, Shueisha, Pony Canyon Enterprises",Funimation
Non Non Biyori,7.94,186280,839.0,584,456823,6552,12.0,TV,Manga,Finished Airing,2013.0,fall,PG-13 - Teens 13 or older,24 min per ep,Slice of Life,"CGDCT, Iyashikei, School",Seinen,SILVER LINK.,"TV Tokyo, Lantis, Media Factory, Kadokawa Shoten, AT-X, Sony Music Communications",Sentai Filmworks
Noragami,7.94,1350028,840.0,28,2325675,34728,12.0,TV,Manga,Finished Airing,2014.0,winter,PG-13 - Teens 13 or older,24 min per ep,"Action, Supernatural",Mythology,Shounen,Bones,"Avex Entertainment, Dentsu, Shochiku, Kodansha, Movic, Ai Addiction, Lawson HMV Entertainment, A-Sketch",Funimation
Rising Impact Season 2,7.94,9558,841.0,6100,15707,52,14.0,ONA,Manga,Finished Airing,,,PG-13 - Teens 13 or older,24 min per ep,Sports,,Shounen,Lay-duce,,
Sword Art Online the Movie: Progressive - Aria of a Starless Night,7.94,118332,842.0,981,288601,2162,1.0,Movie,Light novel,Finished Airing,,,PG-13 - Teens 13 or older,1 hr 37 min,"Action, Adventure, Fantasy",Video Game,,A-1 Pictures,"Aniplex, Bandai Namco Entertainment, Egg Firm, Straight Edge, Kadokawa, Sonilude",Aniplex of America
Tekkonkinkreet,7.94,48246,843.0,2071,124971,1593,1.0,Movie,Manga,Finished Airing,,,R - 17+ (violence & profanity),1 hr 50 min,"Action, Adventure, Award Winning, Supernatural, Suspense",Psychological,Seinen,Studio 4°C,"Aniplex, Tokyo MX, Beyond C.",Sony Pictures Entertainment
Wagnaria!!3,7.94,135031,844.0,1075,264751,965,13.0,TV,4-koma manga,Finished Airing,2015.0,summer,PG-13 - Teens 13 or older,23 min per ep,"Comedy, Romance","Love Status Quo, Workplace",Seinen,A-1 Pictures,Aniplex,Aniplex of America
Wotakoi: Love is Hard for Otaku OVA,7.94,118361,845.0,1212,235761,525,3.0,OVA,Web manga,Finished Airing,,,PG-13 - Teens 13 or older,23 min per ep,Romance,"Adult Cast, Otaku Culture, Workplace",,"A-1 Pictures, Lapin Track","Aniplex, Half H.P Studio, Fujipacific Music",
Call of the Night,7.94,360357,846.0,297,786659,10827,13.0,TV,Manga,Finished Airing,2022.0,summer,PG-13 - Teens 13 or older,22 min per ep,"Romance, Supernatural",Vampire,Shounen,LIDENFILMS,"Aniplex, Dentsu, Shogakukan-Shueisha Productions, Animax, Fuji TV, Ultra Super Pictures, Shogakukan, Fuji Creative, Tohan Corporation",Sentai Filmworks
Jade Dynasty 2nd Season,7.94,1312,847.0,10726,3524,27,26.0,ONA,Web novel,Finished Airing,,,PG-13 - Teens 13 or older,20 min per ep,"Action, Adventure, Fantasy","Historical, Martial Arts",,Cloud Art,Tencent Video,
Aikatsu! 10th Story: Mirai e no Starway (2023),7.93,872,848.0,11191,3115,33,1.0,Movie,Original,Finished Airing,,,PG - Children,48 min,,"Idols (Female), Music",,Bandai Namco Pictures,,
Jade Dynasty 3rd Season,7.94,639,848.0,13476,1602,11,26.0,ONA,Web novel,Finished Airing,,,PG-13 - Teens 13 or older,20 min per ep,"Action, Adventure, Fantasy","Historical, Martial Arts",,Cloud Art,Tencent Video,
My Hero Academia: Heroes Rising,7.93,372304,849.0,394,636334,1853,1.0,Movie,Manga,Finished Airing,,,PG-13 - Teens 13 or older,1 hr 44 min,Action,Super Power,Shounen,Bones,"Dentsu, Yomiuri Telecasting, Movic, TOHO, Sony Music Entertainment, Nippon Television Network, Shueisha, Toho Music",Funimation
"Clannad: Another World, Tomoyo Chapter",7.93,211758,850.0,887,321106,885,1.0,Special,Visual novel,Finished Airing,,,PG-13 - Teens 13 or older,23 min,"Drama, Romance",School,,Kyoto Animation,Pony Canyon,Sentai Filmworks
Fate/kaleid liner Prisma Illya: Vow in the Snow,7.93,51473,851.0,2323,105880,385,1.0,Movie,Manga,Finished Airing,,,PG-13 - Teens 13 or older,1 hr 29 min,"Action, Fantasy",,,SILVER LINK.,"Lantis, AT-X, KlockWorx, Sony Music Communications, Tokyo MX, Glovision, Kadokawa Media House, Kadokawa, Plusone",Sentai Filmworks
My Melody & Kuromi,7.93,3097,852.0,8232,7420,59,12.0,ONA,Other,Finished Airing,,,PG - Children,12 min per ep,Fantasy,,,Wit Studio,"Sanrio, Netflix",
A Lull in the Sea,7.93,269296,853.0,390,639682,9578,26.0,TV,Original,Finished Airing,2013.0,fall,PG-13 - Teens 13 or older,23 min per ep,"Drama, Fantasy, Romance","Love Polygon, Urban Fantasy",,P.A. Works,"Geneon Universal Entertainment, Sotsu, Animax, Rondo Robe, Showgate, Infinite",NIS America
Patema Inverted,7.93,145564,854.0,881,323428,1527,1.0,Movie,Original,Finished Airing,,,PG-13 - Teens 13 or older,1 hr 38 min,"Adventure, Award Winning, Sci-Fi",,,"Studio Rikka, Purple Cow Studio Japan","Directions, Asmik Ace, Good Smile Company, Kadokawa",GKIDS
Akagi,7.93,48671,855.0,2200,114727,1470,26.0,TV,Manga,Finished Airing,2005.0,fall,R - 17+ (violence & profanity),23 min per ep,Suspense,"Adult Cast, High Stakes Game, Organized Crime, Psychological, Strategy Game",Seinen,Madhouse,"VAP, Nippon Television Network, Arts Pro",
Fabulous Beasts 3rd Season,7.93,493,857.0,14925,1123,8,12.0,ONA,Manga,Finished Airing,,,PG-13 - Teens 13 or older,6 min per ep,"Comedy, Fantasy",,,Fenz,,
Honkai: Star Rail - The Embers of Glamoth,7.92,1677,858.0,10745,3522,8,1.0,ONA,Game,Finished Airing,,,PG-13 - Teens 13 or older,6 min,"Action, Fantasy, Sci-Fi",,,,miHoYoAnime,
Sailor Moon S,7.92,83699,860.0,1702,159374,1555,38.0,TV,Manga,Finished Airing,1994.0,spring,PG-13 - Teens 13 or older,24 min per ep,Romance,Mahou Shoujo,Shoujo,Toei Animation,"TV Asahi, Toei Advertising","VIZ Media, Geneon Entertainment USA"
Dead Dead Demons Dededede Destruction,7.92,25525,861.0,3004,70001,632,17.0,ONA,Manga,Finished Airing,,,PG-13 - Teens 13 or older,23 min per ep,"Drama, Sci-Fi",School,Seinen,Production +h.,"TV Tokyo, GAGA, Tohokushinsha Film Corporation, Sony Music Entertainment, Toy's Factory, Shogakukan, GrandFunk",
Milky☆Subway: The Galactic Limited Express,7.92,9122,862.0,5457,20999,97,12.0,TV,Original,Finished Airing,2025.0,summer,PG-13 - Teens 13 or older,3 min per ep,"Comedy, Sci-Fi",Space,,Shin-Ei Animation,"Bit grooove promotion, YURUPPE Inc.",
Is the Order a Rabbit? Bloom,7.92,26620,863.0,2937,72999,502,12.0,TV,4-koma manga,Finished Airing,2020.0,fall,PG-13 - Teens 13 or older,24 min per ep,Slice of Life,"CGDCT, Iyashikei, Workplace",,Encourage Films,,Sentai Filmworks
Hidamari Sketch x ☆☆☆,7.92,14337,864.0,4635,31137,150,12.0,TV,4-koma manga,Finished Airing,2010.0,winter,PG-13 - Teens 13 or older,24 min per ep,Slice of Life,"CGDCT, Iyashikei, School, Visual Arts",,Shaft,"Aniplex, Lantis, TBS, Movic, Houbunsha, Omnibus Promotion",Sentai Filmworks
Hikaru no Go: Hokuto Hai e no Michi,7.92,13656,865.0,4974,26167,39,1.0,Special,Manga,Finished Airing,,,PG-13 - Teens 13 or older,1 hr 17 min,,Strategy Game,Shounen,Studio Pierrot,Dentsu,
Hug tto! Precure,7.92,17998,866.0,4581,31889,318,49.0,TV,Original,Finished Airing,2018.0,winter,G - All Ages,24 min per ep,Action,Mahou Shoujo,,Toei Animation,"Asahi Broadcasting, ABC Animation, Echoes",
Nobody's Boy Remi,7.92,5928,867.0,5576,19733,358,51.0,TV,Novel,Finished Airing,1977.0,fall,G - All Ages,24 min per ep,"Adventure, Drama",Historical,Kids,"Madhouse, TMS Entertainment",,"AnimEigo, ImaginAsian Entertainment"
Sans Famille,7.92,9680,868.0,5157,24008,137,23.0,TV,Novel,Finished Airing,1996.0,fall,G - All Ages,23 min per ep,"Adventure, Drama",Historical,,Nippon Animation,Fuji TV,
Initial D Third Stage,7.92,128501,869.0,1355,209220,745,1.0,Movie,Manga,Finished Airing,,,PG-13 - Teens 13 or older,1 hr 44 min,"Action, Drama",Racing,Seinen,Studio Deen,OB Planning,Funimation
Love Live! SuperStar!!,7.92,30789,870.0,2799,79158,1153,12.0,TV,Other,Finished Airing,2021.0,summer,PG-13 - Teens 13 or older,23 min per ep,Slice of Life,"Idols (Female), Music, School",,Sunrise,"Kadokawa, Bandai Namco Arts",Funimation
Love Live! The School Idol Movie,7.92,78511,871.0,1903,139181,1239,1.0,Movie,Original,Finished Airing,,,PG-13 - Teens 13 or older,1 hr 39 min,"Award Winning, Slice of Life","Idols (Female), Music, School",,Sunrise,"Bandai Visual, Lantis, ASCII Media Works, Bushiroad, Graphinica, ILCA",NIS America
The Ancient Magus' Bride Season 2 Part 2,7.92,51913,872.0,2052,125976,351,12.0,TV,Manga,Finished Airing,2023.0,fall,PG-13 - Teens 13 or older,24 min per ep,"Drama, Fantasy, Romance","Mythology, School, Urban Fantasy",Shounen,Studio Kafka,"flying DOG, bilibili, Mag Garden, Chiptune, Twin Engine",Crunchyroll
Penguindrum,7.92,113079,873.0,888,320997,7449,24.0,TV,Original,Finished Airing,2011.0,summer,R - 17+ (violence & profanity),24 min per ep,"Avant Garde, Drama, Mystery, Supernatural, Suspense",Psychological,,Brain's Base,"Starchild Records, Mainichi Broadcasting System",Sentai Filmworks
Nura: Rise of the Yokai Clan - Demon Capital,7.92,87145,874.0,1604,173336,645,24.0,TV,Manga,Finished Airing,2011.0,summer,PG-13 - Teens 13 or older,23 min per ep,"Action, Supernatural",Mythology,Shounen,Studio Deen,"Yomiuri Telecasting, Yomiko Advertising, Pony Canyon, TOHO, Shueisha, BS11, Imagine",VIZ Media
Mr. Osomatsu,7.92,69904,875.0,1533,181963,3604,25.0,TV,Manga,Finished Airing,2015.0,fall,R - 17+ (violence & profanity),23 min per ep,Comedy,"Adult Cast, Gag Humor, Parody",,Studio Pierrot,"TV Tokyo, Dentsu, Rakuonsha, Avex Pictures, Daiichi Shokai, Fujio Production",VIZ Media
Plastic Memories,7.92,515783,876.0,181,1036135,12856,13.0,TV,Original,Finished Airing,2015.0,spring,PG-13 - Teens 13 or older,24 min per ep,"Drama, Romance, Sci-Fi",,,Doga Kobo,"Aniplex, Movic, AT-X, ASCII Media Works, Bushiroad, MAGES., Asahi Broadcasting, BS11",Aniplex of America
Food Wars! The Third Plate: Totsuki Train Arc,7.92,461357,877.0,299,777601,1414,12.0,TV,Manga,Finished Airing,2018.0,spring,PG-13 - Teens 13 or older,24 min per ep,"Gourmet, Ecchi",School,Shounen,J.C.Staff,"Lantis, Warner Bros. Japan, KlockWorx, Shueisha",Sentai Filmworks
Summer Ghost,7.92,60706,878.0,1753,153722,1317,1.0,Movie,Mixed media,Finished Airing,,,PG-13 - Teens 13 or older,39 min,"Drama, Supernatural",,,Flat Studio,"Avex Pictures, Flagship Line",GKIDS
Martial Universe 6,7.92,623,879.0,13553,1561,5,12.0,ONA,Web novel,Finished Airing,,,PG-13 - Teens 13 or older,24 min per ep,"Action, Adventure, Fantasy","Historical, Martial Arts",,Motion Magic,"Tencent Animation & Comics, Tencent Video, China Literature Limited",
xxxHOLiC The Movie: A Midsummer Night's Dream,7.92,35742,880.0,2976,71442,134,1.0,Movie,Manga,Finished Airing,,,PG-13 - Teens 13 or older,1 hr,"Comedy, Drama, Mystery, Supernatural",Psychological,Seinen,Production I.G,"Shochiku, Kodansha, Movic, Fonishia",Funimation
Classroom of the Elite III,7.92,284292,881.0,464,546069,4552,13.0,TV,Light novel,Finished Airing,2024.0,winter,PG-13 - Teens 13 or older,23 min per ep,"Drama, Suspense","Psychological, School",,Lerche,"Studio Hibari, Movic, AT-X, Sammy, Crunchyroll, Kadokawa Media House, Kadokawa, Bandai Namco Music Live",
Yowamushi Pedal,7.92,122739,882.0,1151,248399,2330,38.0,TV,Manga,Finished Airing,2013.0,fall,PG-13 - Teens 13 or older,24 min per ep,Sports,Racing,Shounen,TMS Entertainment,"TV Tokyo, MediaNet, TOHO animation, Akita Shoten",Discotek Media
BanG Dream! Poppin'Dream!,7.91,4939,883.0,6462,13541,80,1.0,Movie,Mixed media,Finished Airing,,,PG-13 - Teens 13 or older,1 hr 10 min,,"CGDCT, Music",,SANZIGEN,,
Bungo Stray Dogs: Dead Apple,7.91,179519,884.0,902,316645,1981,1.0,Movie,Manga,Finished Airing,,,R - 17+ (violence & profanity),1 hr 30 min,"Action, Mystery","Adult Cast, Detective, Organized Crime, Super Power",Seinen,Bones,"WOWOW, Lantis, Movic, KlockWorx, Bandai Namco Live Creative, Sony Music Communications, Glovision, Kadokawa Media House, Kadokawa, Bandai Namco Arts",Crunchyroll
City Hunter,7.91,26438,885.0,2551,92102,1119,51.0,TV,Manga,Finished Airing,1987.0,spring,PG-13 - Teens 13 or older,24 min per ep,"Action, Comedy, Mystery",Adult Cast,Shounen,Sunrise,Yomiuri Telecasting,"ADV Films, Discotek Media"
Code Geass: Lelouch of the Re;surrection,7.91,161646,886.0,809,346842,2181,1.0,Movie,Original,Finished Airing,,,R - 17+ (violence & profanity),1 hr 52 min,"Drama, Sci-Fi","Mecha, Military, Super Power",,Sunrise,Showgate,Funimation
Eyeshield 21,7.91,93557,887.0,1433,196374,2130,145.0,TV,Manga,Finished Airing,2005.0,spring,PG-13 - Teens 13 or older,23 min per ep,Sports,Team Sports,Shounen,Gallop,"TV Tokyo, Nihon Ad Systems, TV Tokyo Music, Shueisha","VIZ Media, Sentai Filmworks"
Full Metal Panic! The Second Raid,7.91,153890,888.0,1036,274262,1315,13.0,TV,Light novel,Finished Airing,2005.0,summer,R - 17+ (violence & profanity),24 min per ep,,"Mecha, Military",,Kyoto Animation,"WOWOW, Kadokawa Shoten, KlockWorx, Happinet Pictures","ADV Films, Funimation, Kadokawa Pictures USA"
Hanamonogatari,7.91,257352,889.0,586,456621,1119,5.0,TV Special,Light novel,Finished Airing,,,R - 17+ (violence & profanity),25 min per ep,"Comedy, Mystery, Supernatural",,,Shaft,"Aniplex, Kodansha",Aniplex of America
Baki Hanma 2nd Season,7.91,64702,890.0,2139,119620,527,27.0,ONA,Manga,Finished Airing,,,R - 17+ (violence & profanity),25 min per ep,Sports,"Combat Sports, Gore",Shounen,TMS Entertainment,,
Heartcatch Precure!,7.91,13664,890.0,4254,37373,709,49.0,TV,Original,Finished Airing,2010.0,winter,G - All Ages,24 min per ep,"Action, Comedy",Mahou Shoujo,,Toei Animation,,
Kaleido Star,7.91,37425,891.0,2539,92954,1372,51.0,TV,Original,Finished Airing,2003.0,spring,PG-13 - Teens 13 or older,23 min per ep,"Comedy, Drama, Supernatural","Performing Arts, Showbiz",,Gonzo,"Production I.G, TV Tokyo, HAL Film Maker, HoriPro, MediaNet","ADV Films, Funimation"
Mobile Suit Zeta Gundam,7.91,45349,892.0,2605,88626,2753,50.0,TV,Original,Finished Airing,1985.0,spring,PG-13 - Teens 13 or older,24 min per ep,"Drama, Romance, Sci-Fi","Mecha, Military, Space",,Sunrise,"Sotsu, Nagoya Broadcasting Network","Nozomi Entertainment, Bandai Entertainment"
You and Me 2,7.91,43887,893.0,2496,94774,379,13.0,TV,Manga,Finished Airing,2012.0,spring,PG-13 - Teens 13 or older,24 min per ep,Slice of Life,"Iyashikei, School",Shounen,J.C.Staff,"TV Tokyo, Aniplex, Square Enix, Nihon Ad Systems, Movic",
Kokoro Connect OVA,7.91,178067,894.0,1032,275076,835,4.0,Special,Light novel,Finished Airing,,,PG-13 - Teens 13 or older,27 min per ep,"Drama, Romance, Supernatural",School,,SILVER LINK.,"Starchild Records, Enterbrain",Sentai Filmworks
Welcome to Irabu's Office,7.91,27335,895.0,2370,102990,1394,11.0,TV,Novel,Finished Airing,2009.0,fall,R - 17+ (violence & profanity),23 min per ep,"Avant Garde, Drama","Adult Cast, Medical, Psychological",,Toei Animation,"Dentsu, Fuji TV, Asmik Ace, Sony Music Entertainment, Bungeishunjuu",
Love Live! Superstar!! Season 3,7.91,8438,896.0,5298,22532,165,12.0,TV,Other,Finished Airing,2024.0,fall,PG-13 - Teens 13 or older,23 min per ep,Slice of Life,"Idols (Female), Music, School",,Sunrise,"Lantis, Bandai Namco Filmworks, Bandai Namco Music Live, Bushiroad Creative",
Detective Conan Movie 27: The Million-Dollar Pentagram,7.91,6543,897.0,6293,14401,74,1.0,Movie,Manga,Finished Airing,,,PG-13 - Teens 13 or older,1 hr 50 min,Mystery,Detective,Shounen,TMS Entertainment,"Shogakukan-Shueisha Productions, TOHO, Nippon Television Network, Shogakukan, Yomiuri TV Enterprise",
Nekomonogatari Black,7.91,359164,899.0,427,591963,1335,4.0,TV Special,Light novel,Finished Airing,,,R - 17+ (violence & profanity),27 min per ep,"Mystery, Romance, Supernatural, Ecchi",,,Shaft,"Aniplex, Kodansha",Aniplex of America
Sacrificial Princess and the King of Beasts,7.91,33013,900.0,2377,102495,717,24.0,TV,Manga,Finished Airing,2023.0,spring,PG-13 - Teens 13 or older,23 min per ep,"Fantasy, Romance",Anthropomorphic,Shoujo,J.C.Staff,"Pony Canyon, Hakusensha, BS11, Crunchyroll, Contents Seed, WOWMAX",
One Piece Film: Strong World Episode 0,7.91,51339,901.0,2541,92849,52,1.0,OVA,Manga,Finished Airing,,,PG-13 - Teens 13 or older,18 min,"Adventure, Fantasy",,Shounen,Toei Animation,,
Overlord III,7.91,626689,902.0,187,1017658,5611,13.0,TV,Light novel,Finished Airing,2018.0,summer,R - 17+ (violence & profanity),23 min per ep,"Action, Adventure, Fantasy",Isekai,,Madhouse,"AT-X, Hakuhodo DY Music & Pictures, NTT Plala, Kadokawa",Funimation
Sakamoto Days Part 2,7.91,121331,904.0,1085,262767,863,11.0,TV,Manga,Finished Airing,2025.0,summer,R - 17+ (violence & profanity),25 min per ep,"Action, Comedy","Adult Cast, Organized Crime",Shounen,TMS Entertainment,"TV Tokyo, Shueisha",
Tamako Love Story,7.91,195378,905.0,628,430891,2390,1.0,Movie,Original,Finished Airing,,,PG-13 - Teens 13 or older,1 hr 23 min,"Award Winning, Romance",,,Kyoto Animation,"Pony Canyon, TBS",Sentai Filmworks
Bunny Drop Specials,7.91,42695,906.0,2882,75276,37,4.0,Special,Manga,Finished Airing,,,PG-13 - Teens 13 or older,5 min per ep,Slice of Life,"Childcare, Iyashikei",Josei,Production I.G,,NIS America
Wotakoi: Love is Hard for Otaku,7.91,586556,907.0,166,1109114,12539,11.0,TV,Web manga,Finished Airing,2018.0,spring,PG-13 - Teens 13 or older,22 min per ep,"Comedy, Romance","Adult Cast, Otaku Culture, Workplace",,A-1 Pictures,"Aniplex, Dentsu, Fuji TV, Half H.P Studio, Ichijinsha, Kanetsu Investment, Christmas Holly",
Yakitate!! Japan,7.91,43347,909.0,2331,105471,954,69.0,TV,Manga,Finished Airing,2004.0,fall,PG-13 - Teens 13 or older,24 min per ep,"Comedy, Gourmet",,Shounen,Sunrise,"TV Tokyo, Aniplex, d-rights, Tohokushinsha Film Corporation, Atelier Musa",Nozomi Entertainment
Yuru Yuri San☆Hai!,7.91,69754,909.0,1960,133947,680,12.0,TV,Manga,Finished Airing,2015.0,fall,PG-13 - Teens 13 or older,23 min per ep,"Comedy, Girls Love","CGDCT, Gag Humor, School",,TYO Animations,"Sotsu, Pony Canyon",
Anne of Green Gables,7.9,23066,910.0,3531,52622,986,50.0,TV,Novel,Finished Airing,1979.0,winter,G - All Ages,25 min per ep,Drama,Historical,,Nippon Animation,,
My New Boss Is Goofy,7.9,28783,911.0,2917,73827,675,12.0,TV,Web manga,Finished Airing,2023.0,fall,PG-13 - Teens 13 or older,23 min per ep,Slice of Life,"Adult Cast, Iyashikei, Workplace",,A-1 Pictures,"Aniplex, Movic, Tokyo MX, Akita Shoten, BS11, ABC Animation, ABC Frontier",Aniplex of America
Date A Live II: Kurumi Star Festival,7.9,121075,913.0,1403,201769,1171,1.0,OVA,Light novel,Finished Airing,,,PG-13 - Teens 13 or older,29 min,Romance,,,Production IMS,,Funimation
Scissor Seven,7.9,67345,913.0,1872,141610,1788,10.0,ONA,Original,Finished Airing,,,PG-13 - Teens 13 or older,15 min per ep,"Action, Comedy, Drama, Mystery, Romance","Martial Arts, Super Power",,Sharefun Studio,AHAVERSE,
Doraemon,7.9,42029,915.0,2952,72589,727,1787.0,TV,Manga,Finished Airing,1979.0,spring,PG - Children,11 min per ep,"Adventure, Comedy, Fantasy, Sci-Fi",Anthropomorphic,"Kids, Shounen",Shin-Ei Animation,"TV Asahi, Asatsu DK",
School Babysitters,7.9,192038,916.0,727,381889,3488,12.0,TV,Manga,Finished Airing,2018.0,winter,PG-13 - Teens 13 or older,23 min per ep,Slice of Life,"Childcare, Iyashikei, School",Shoujo,Brain's Base,"Bandai Visual, Lantis, Nihon Ad Systems, Hakusensha, Banpresto, Marui Group",
Ergo Proxy,7.9,259616,916.0,328,721524,14964,23.0,TV,Original,Finished Airing,2006.0,winter,R - 17+ (violence & profanity),25 min per ep,"Mystery, Sci-Fi, Suspense","Adult Cast, Psychological",,Manglobe,"WOWOW, Rondo Robe, Geneon Entertainment USA, Geneon Entertainment",Funimation
IDOLiSH7 Movie: LIVE 4bit - BEYOND THE PERiOD,7.9,1130,918.0,9950,4514,36,2.0,Movie,Game,Finished Airing,,,PG-13 - Teens 13 or older,1 hr 33 min per ep,,"Idols (Male), Music",,Orange,Lantis,
Lost in Starlight,7.9,8779,918.0,5558,19838,126,1.0,ONA,Original,Finished Airing,,,PG-13 - Teens 13 or older,1 hr 36 min,"Romance, Sci-Fi","Adult Cast, Space",,Climax Studio,,
The Secret World of Arrietty,7.9,247910,920.0,691,396787,1479,1.0,Movie,Novel,Finished Airing,,,G - All Ages,1 hr 34 min,"Award Winning, Supernatural",,,Studio Ghibli,,Disney Platform Distribution
Lupin the Third Part 4,7.9,24598,922.0,2819,78296,482,24.0,TV,Manga,Finished Airing,2015.0,fall,PG-13 - Teens 13 or older,22 min per ep,"Action, Adventure, Comedy, Mystery",Adult Cast,Seinen,Telecom Animation Film,"TMS Entertainment, TMS Music",Discotek Media
Miss Kobayashi's Dragon Maid,7.9,798152,922.0,116,1335651,17127,13.0,TV,Manga,Finished Airing,2017.0,winter,PG-13 - Teens 13 or older,24 min per ep,"Slice of Life, Supernatural",,,Kyoto Animation,"Lantis, Pony Canyon, ABC Animation","Funimation, Crunchyroll"
Dear Brother,7.9,12463,923.0,3362,57181,1358,39.0,TV,Manga,Finished Airing,1991.0,summer,PG-13 - Teens 13 or older,25 min per ep,"Drama, Girls Love","Psychological, School",Shoujo,Tezuka Productions,NHK,Discotek Media
Ojamajo Doremi Na-i-sho,7.9,5572,923.0,6498,13312,113,13.0,OVA,Original,Finished Airing,,,G - All Ages,25 min per ep,Comedy,Mahou Shoujo,,Toei Animation,,
Overlord,7.9,1041718,924.0,69,1766500,28551,13.0,TV,Light novel,Finished Airing,2015.0,summer,R - 17+ (violence & profanity),24 min per ep,"Action, Adventure, Fantasy",Isekai,,Madhouse,"AT-X, Grooove, Hakuhodo DY Music & Pictures, Kadokawa",Funimation
Romantic Killer,7.9,160659,926.0,948,298281,3346,12.0,ONA,Manga,Finished Airing,,,PG-13 - Teens 13 or older,26 min per ep,"Comedy, Romance, Supernatural","Parody, Reverse Harem",Shounen,domerica,"Shueisha, Netflix",
The Rising of the Shield Hero,7.9,1097423,926.0,67,1776762,25113,25.0,TV,Light novel,Finished Airing,2019.0,winter,PG-13 - Teens 13 or older,24 min per ep,"Action, Adventure, Drama, Fantasy",Isekai,,Kinema Citrus,"Frontier Works, AT-X, Nippon Columbia, Glovision, Good Smile Company, Sammy, Crunchyroll, Kadokawa Media House, NTT Plala, Kadokawa",Funimation
Trigun: Badlands Rumble,7.9,81897,927.0,1746,154868,314,1.0,Movie,Manga,Finished Airing,,,PG-13 - Teens 13 or older,1 hr 30 min,"Action, Adventure, Sci-Fi",Adult Cast,Shounen,Madhouse,"flying DOG, Sunny Side Up, Shounen Gahousha, Arts Pro",Funimation
The Case Study of Vanitas,7.9,258997,928.0,396,634806,8427,12.0,TV,Manga,Finished Airing,2021.0,summer,R - 17+ (violence & profanity),23 min per ep,"Action, Fantasy, Mystery","Historical, Urban Fantasy, Vampire",Shounen,Bones,"Aniplex, Square Enix, Hakuhodo DY Music & Pictures, Contents Seed, Peerless Gerbera",Funimation
Stellar Transformation 6th Season,7.9,648,929.0,13406,1642,7,28.0,ONA,Web novel,Finished Airing,,,PG-13 - Teens 13 or older,24 min per ep,"Action, Adventure, Fantasy, Romance","Historical, Martial Arts",,Foch Film,"Tencent Animation & Comics, Tencent Video, China Literature Limited",
Daemons of the Shadow Realm,7.9,32374,929.0,1375,205057,903,24.0,TV,Manga,Currently Airing,2026.0,spring,R - 17+ (violence & profanity),23 min per ep,"Action, Adventure, Supernatural",,Shounen,Bones Film,"Bones, Aniplex, Square Enix, Peerless Gerbera",
Yuri!!! On Ice,7.9,570986,931.0,211,957882,21639,12.0,TV,Original,Finished Airing,2016.0,fall,PG-13 - Teens 13 or older,23 min per ep,"Award Winning, Sports",Performing Arts,,MAPPA,"Dentsu, TV Asahi, Movic, Avex Pictures, CIC, Cygames","Funimation, Crunchyroll"
Darker Than Black: Gemini of the Meteor OVAs,7.89,148256,932.0,1049,270591,853,4.0,Special,Original,Finished Airing,,,R - 17+ (violence & profanity),24 min per ep,"Action, Mystery",Super Power,,Bones,Square Enix,Funimation
Fights Break Sphere 3,7.89,5578,933.0,6861,11701,63,12.0,ONA,Web novel,Finished Airing,,,PG-13 - Teens 13 or older,23 min per ep,"Action, Adventure, Fantasy, Romance","Historical, Martial Arts",,Motion Magic,"Tencent Video, China Literature Limited, Wanda Cinemas",
Is It Wrong to Try to Pick Up Girls in a Dungeon? V,7.89,95877,934.0,1266,223809,1204,15.0,TV,Light novel,Finished Airing,2024.0,fall,PG-13 - Teens 13 or older,23 min per ep,"Action, Adventure, Fantasy",,,J.C.Staff,"Movic, Warner Bros. Japan, KlockWorx, Hakuhodo DY Music & Pictures, Egg Firm, FuRyu, SB Creative, GREE Entertainment",Sentai Filmworks
Final Fantasy VII: Advent Children Complete,7.89,85910,935.0,1909,138718,792,1.0,OVA,Game,Finished Airing,,,PG-13 - Teens 13 or older,2 hr 6 min,"Action, Fantasy",,,Square Enix Visual Works,Square Enix,
Golden Kamuy,7.89,189247,936.0,576,462200,5321,12.0,TV,Manga,Finished Airing,2018.0,spring,R - 17+ (violence & profanity),23 min per ep,"Action, Adventure","Adult Cast, Historical, Military",Seinen,Geno Studio,"Magic Capsule, NBCUniversal Entertainment Japan, Tokyo MX, Good Smile Company, Sammy, Shueisha, JR East Marketing & Communications, Twin Engine",Funimation
Hanasaku Iroha: Blossoms for Tomorrow,7.89,134085,937.0,803,348422,2616,26.0,TV,Original,Finished Airing,2011.0,spring,PG-13 - Teens 13 or older,24 min per ep,Drama,Workplace,,P.A. Works,"Bandai Visual, Sotsu, Yomiuri Telecasting, Lantis, Pony Canyon, Showgate, Infinite",NIS America
Hozuki's Coolheadedness 2,7.89,20511,938.0,3576,51509,118,13.0,TV,Manga,Finished Airing,2017.0,fall,PG-13 - Teens 13 or older,23 min per ep,"Comedy, Fantasy",,Seinen,Studio Deen,"Kodansha, King Records",Sentai Filmworks
Log Horizon,7.89,609600,939.0,141,1187606,10473,25.0,TV,Light novel,Finished Airing,2013.0,fall,PG-13 - Teens 13 or older,24 min per ep,"Action, Adventure, Fantasy","Adult Cast, Video Game",,Satelight,NHK,"Funimation, Sentai Filmworks"
Super Dimension Fortress Macross,7.89,40048,940.0,2067,125100,1886,36.0,TV,Original,Finished Airing,1982.0,fall,PG-13 - Teens 13 or older,25 min per ep,"Romance, Sci-Fi","Mecha, Military, Music, Space",,Tatsunoko Production,"Artland, Mainichi Broadcasting System, Studio Nue, Big West, Anime Friend","ADV Films, AnimEigo, Harmony Gold"
Detective Conan OVA 09: The Stranger in 10 Years...,7.89,11583,941.0,5283,22712,14,1.0,OVA,Manga,Finished Airing,,,PG-13 - Teens 13 or older,22 min,"Adventure, Comedy, Mystery",Detective,Shounen,TMS Entertainment,,
One Piece Log: Fish-Man Island Saga,7.89,14297,942.0,4070,40813,165,21.0,TV,Manga,Finished Airing,2024.0,fall,PG-13 - Teens 13 or older,23 min per ep,"Action, Adventure, Fantasy",,Shounen,Toei Animation,,
My Love Story!!,7.89,352008,943.0,318,739039,5422,24.0,TV,Manga,Finished Airing,2015.0,spring,PG-13 - Teens 13 or older,22 min per ep,"Comedy, Romance",,Shoujo,Madhouse,"VAP, Nippon Television Network, Shueisha",Sentai Filmworks
The King's Avatar 2,7.89,49289,944.0,1998,130442,561,12.0,ONA,Web novel,Finished Airing,,,PG-13 - Teens 13 or older,24 min per ep,Action,Video Game,,Colored Pencil Animation,"Tencent Video, China Literature Limited, Colored Pencil Animation Japan",
Rock Is a Lady's Modesty,7.89,33209,945.0,2692,84396,546,13.0,TV,Manga,Finished Airing,2025.0,spring,PG-13 - Teens 13 or older,23 min per ep,Comedy,"Music, School",Seinen,Bandai Namco Pictures,"Shochiku, Pony Canyon, Hakusensha, Movic, Studio Mausu, Rakuten, Bandai Namco Music Live",Sentai Filmworks
Cromartie High School,7.89,58460,946.0,1736,155731,1791,26.0,TV,Manga,Finished Airing,2003.0,fall,PG-13 - Teens 13 or older,11 min per ep,Comedy,"Delinquents, Gag Humor, Parody, School",Shounen,Production I.G,TV Tokyo Music,"ADV Films, Sentai Filmworks, Discotek Media"
Attack on Titan OAD,7.89,297270,947.0,518,509898,1017,3.0,OVA,Manga,Finished Airing,,,R - 17+ (violence & profanity),24 min per ep,"Action, Drama, Suspense","Gore, Survival",Shounen,Wit Studio,"Production I.G, Dentsu, Mainichi Broadcasting System, Pony Canyon, Kodansha, Pony Canyon Enterprises",Funimation
Polar Bear Cafe,7.89,25078,948.0,2375,102824,1019,50.0,TV,Manga,Finished Airing,2012.0,spring,G - All Ages,24 min per ep,Slice of Life,"Anthropomorphic, Iyashikei, Workplace",Josei,Studio Pierrot,"TV Tokyo, Avex Entertainment",
Space Dandy,7.89,164944,949.0,701,393190,5938,13.0,TV,Original,Finished Airing,2014.0,winter,PG-13 - Teens 13 or older,24 min per ep,"Comedy, Sci-Fi","Adult Cast, Space",,Bones,"Bandai Visual, flying DOG, Bandai Namco Entertainment",Funimation
Martial Universe 5,7.89,1085,950.0,11933,2540,10,12.0,ONA,Web novel,Finished Airing,,,PG-13 - Teens 13 or older,22 min per ep,"Action, Adventure, Fantasy","Historical, Martial Arts",,"Motion Magic, DC Impression Vision","Tencent Animation & Comics, Tencent Video, Yuewen Animation & Comics",
"Classroom of the Elite 4th Season: Second Year, First Semester",7.89,66963,951.0,1243,229605,1495,16.0,TV,Light novel,Finished Airing,2026.0,spring,PG-13 - Teens 13 or older,23 min per ep,"Drama, Suspense","Psychological, School",,Lerche,"Studio Hibari, Lantis, Movic, Half H.P Studio, AT-X, Sammy, Crunchyroll, BS NTV, Bandai Namco Music Live",
Zoku Sayonara Zetsubou Sensei,7.89,62323,952.0,1884,140732,555,13.0,TV,Manga,Finished Airing,2008.0,winter,R - 17+ (violence & profanity),23 min per ep,Comedy,"Gag Humor, Parody, School",Shounen,Shaft,"Starchild Records, Omnibus Promotion",
Aria the Avvenire,7.88,12446,953.0,4595,31677,106,3.0,Special,Manga,Finished Airing,,,G - All Ages,21 min per ep,"Sci-Fi, Slice of Life",Iyashikei,Shounen,TYO Animations,Shochiku,Nozomi Entertainment
Drifters,7.88,292862,955.0,404,621244,4324,12.0,TV,Manga,Finished Airing,2016.0,fall,R - 17+ (violence & profanity),24 min per ep,"Action, Adventure, Comedy, Fantasy","Adult Cast, Gore, Historical, Isekai, Military, Samurai",Seinen,Hoods Entertainment,"Rakuonsha, NBCUniversal Entertainment Japan, Shounen Gahousha",Funimation
Go! Princess Pretty Cure,7.88,19803,956.0,4397,34935,409,50.0,TV,Original,Finished Airing,2015.0,winter,G - All Ages,24 min per ep,"Action, Comedy","Mahou Shoujo, School",,Toei Animation,,
InuYasha,7.88,417201,957.0,253,864945,20149,167.0,TV,Manga,Finished Airing,2000.0,fall,PG-13 - Teens 13 or older,24 min per ep,"Action, Adventure, Fantasy, Romance","Historical, Love Polygon, Mythology, Time Travel",Shounen,Sunrise,"Yomiuri Telecasting, Avex Mode",VIZ Media
Mobile Suit Gundam: The Witch from Mercury Season 2,7.88,62568,959.0,2254,110408,836,12.0,TV,Original,Finished Airing,2023.0,spring,R - 17+ (violence & profanity),24 min per ep,Sci-Fi,"Mecha, School, Space",,Sunrise,"Sotsu, Mainichi Broadcasting System, Bandai Namco Filmworks",
Macross Frontier,7.88,69794,960.0,1729,156235,1943,25.0,TV,Original,Finished Airing,2008.0,spring,PG-13 - Teens 13 or older,24 min per ep,"Award Winning, Romance, Sci-Fi","Mecha, Military, Music, Space",,Satelight,"Bandai Visual, Mainichi Broadcasting System, Big West",Nozomi Entertainment
Case Closed Movie 02: The Fourteenth Target,7.88,42772,962.0,2995,70573,83,1.0,Movie,Manga,Finished Airing,,,PG-13 - Teens 13 or older,1 hr 39 min,"Adventure, Comedy, Mystery",Detective,Shounen,TMS Entertainment,"Audio Planning U, Shogakukan Productions",Funimation
Initial D Legend 3: Dream,7.88,15027,963.0,4529,32562,63,1.0,Movie,Manga,Finished Airing,,,PG-13 - Teens 13 or older,1 hr,,Racing,Seinen,"SANZIGEN, LIDENFILMS","Shochiku, Kodansha, Ultra Super Pictures, Avex Pictures",Sentai Filmworks
Mr. Osomatsu the Movie,7.88,7166,965.0,5884,17254,98,1.0,Movie,Manga,Finished Airing,,,R - 17+ (violence & profanity),1 hr 48 min,Comedy,"Gag Humor, Parody",,Studio Pierrot,Shochiku,
Paradise Kiss,7.88,111663,965.0,1086,263000,5455,12.0,TV,Manga,Finished Airing,2005.0,fall,R - 17+ (violence & profanity),24 min per ep,"Drama, Romance","School, Visual Arts",Josei,Madhouse,"Aniplex, Dentsu, Fuji TV, Shodensha",Geneon Entertainment USA
Promare,7.88,149176,967.0,930,305119,3398,1.0,Movie,Original,Finished Airing,,,PG-13 - Teens 13 or older,1 hr 51 min,Sci-Fi,"Mecha, Super Power",,Trigger,"TOHO animation, XFLAG",GKIDS
School Rumble,7.88,154960,967.0,810,345989,5416,26.0,TV,Manga,Finished Airing,2004.0,fall,PG-13 - Teens 13 or older,23 min per ep,"Comedy, Romance","Gag Humor, Love Polygon, School",Shounen,Studio Comet,"TV Tokyo, Sotsu, Marvelous Entertainment, Starchild Records, Media Factory, DAX Production",Funimation
Attack on Titan: Crimson Bow and Arrow,7.88,62673,969.0,1815,147200,266,1.0,Movie,Manga,Finished Airing,,,R - 17+ (violence & profanity),1 hr 58 min,"Action, Drama, Suspense","Gore, Survival",Shounen,Wit Studio,"Production I.G, Dentsu, Mainichi Broadcasting System, Pony Canyon, Kodansha, Pony Canyon Enterprises",Funimation
SKET Dance: Imouto no Nayami ni Nayamu Ani ni Nayamu Imouto to Sono Nakama-tachi,7.88,11731,971.0,5187,23743,18,1.0,OVA,Manga,Finished Airing,,,PG-13 - Teens 13 or older,27 min,Comedy,School,Shounen,Tatsunoko Production,Shueisha,
Tamayura: Sotsugyou Shashin Part 3 - Akogare,7.88,3999,972.0,6782,12034,13,1.0,Movie,Original,Finished Airing,,,G - All Ages,51 min,Slice of Life,"CGDCT, Iyashikei",,TYO Animations,"Shochiku, flying DOG",
The Prince of Tennis: National Championship Chapter,7.88,26767,973.0,3636,49750,66,13.0,OVA,Manga,Finished Airing,,,PG-13 - Teens 13 or older,23 min per ep,Sports,,Shounen,M.S.C,"Production I.G, TV Tokyo, Bandai Visual, Marvelous Entertainment, Nihon Ad Systems, Shueisha",
Urusei Yatsura Movie 2: Beautiful Dreamer,7.88,10464,974.0,5095,24765,305,1.0,Movie,Manga,Finished Airing,,,PG-13 - Teens 13 or older,1 hr 37 min,"Action, Adventure, Comedy, Drama, Romance, Sci-Fi",,Shounen,Studio Pierrot,"Kitty Films, Studio Kyuuma","Central Park Media, Discotek Media"
Ushio & Tora (2016),7.88,69771,975.0,1882,141115,333,13.0,TV,Manga,Finished Airing,2016.0,spring,PG-13 - Teens 13 or older,24 min per ep,"Action, Adventure, Supernatural",Mythology,Shounen,"MAPPA, Studio VOLN","Sotsu, Showgate, Tokuma Japan Communications, Daiichi Shokai",Sentai Filmworks
Bloom Into You,7.88,162466,975.0,712,386498,7089,13.0,TV,Manga,Finished Airing,2018.0,fall,PG-13 - Teens 13 or older,24 min per ep,"Drama, Girls Love",School,,TROYCA,"AT-X, Sony Music Communications, Docomo Anime Store, Kadokawa Media House, Kadokawa",Sentai Filmworks
Fabulous Beasts 4th Season,7.88,448,977.0,15104,1076,4,12.0,ONA,Original,Finished Airing,,,PG-13 - Teens 13 or older,6 min per ep,"Comedy, Fantasy",,,Fenz,bilibili,
Blast of Tempest,7.88,270776,978.0,400,627441,6559,24.0,TV,Manga,Finished Airing,2012.0,fall,PG-13 - Teens 13 or older,24 min per ep,"Action, Drama, Fantasy, Mystery","Psychological, Urban Fantasy",Shounen,Bones,"Aniplex, Dentsu, Square Enix, Mainichi Broadcasting System, Yahoo! Japan",Aniplex of America
King of Braves GaoGaiGar,7.88,7247,978.0,5046,25437,368,49.0,TV,Original,Finished Airing,1997.0,winter,PG-13 - Teens 13 or older,24 min per ep,"Adventure, Sci-Fi","Mecha, Super Power",,Sunrise,"Victor Entertainment, Nagoya Broadcasting Network, Tokyu Agency","Media Blasters, Discotek Media"
The Swords 2,7.87,422,988.0,14200,1323,16,27.0,ONA,Web novel,Finished Airing,,,PG-13 - Teens 13 or older,30 min per ep,"Action, Adventure, Fantasy","Historical, Martial Arts",,Cloud Art,Tencent Video,
"The 100 Girlfriends Who Really, Really, Really, Really, Really Love You Season 2",7.87,88546,992.0,1527,182561,1360,12.0,TV,Manga,Finished Airing,2025.0,winter,PG-13 - Teens 13 or older,23 min per ep,"Comedy, Romance","Harem, Parody, School",Seinen,Bibury Animation Studios,"Lantis, Movic, Bushiroad, Tokyo MX, Shueisha, Bandai Namco Filmworks, Bandai Namco Music Live, Anici",
The Yuzuki Family's Four Sons,7.87,27690,1004.0,2890,74870,402,12.0,TV,Manga,Finished Airing,2023.0,fall,PG-13 - Teens 13 or older,23 min per ep,Slice of Life,School,Shoujo,Shuka,"Studio Pierrot, Movic, AT-X, Tokyo MX, Avex Pictures, BS11, Shogakukan, U-NEXT, A-Sketch, Bit grooove promotion",
