pl_name,hostname,pl_rade,pl_masse,pl_orbper,pl_orbsmax,pl_eqt,st_teff,st_rad,st_mass,discoverymethod,disc_year,sy_dist
Kepler-1167 b,Kepler-1167,1.71,,1.003933739,0.0175,1419.0,4971.0,0.75,0.79,Transit,2016.0,820.905
Kepler-1740 b,Kepler-1740,3.32321414,,8.172400475,0.0779,858.0,5705.0,0.905,0.943,Transit,2021.0,1061.77
Kepler-1581 b,Kepler-1581,0.8,,6.28385491,0.06865,1108.0,6022.0,1.23,1.12,Transit,2016.0,493.175
Kepler-644 b,Kepler-644,3.15,,3.173917103,0.04641,1655.0,6747.0,1.81,1.49,Transit,2016.0,1318.05
Kepler-1752 b,Kepler-1752,4.54060463,,56.35850143,0.2698,419.0,5446.0,0.821,0.824,Transit,2021.0,962.888
Kepler-280 c,Kepler-280,2.01,,4.807091,0.056,1088.0,5744.0,0.886,0.962,Transit,2014.0,780.361
Kepler-1208 b,Kepler-1208,2.32,,11.08507637,0.0901,665.0,5001.0,0.76,0.8,Transit,2016.0,825.176
Kepler-263 c,Kepler-263,2.47,,47.332773,0.242,386.0,5265.0,0.785,0.793,Transit,2014.0,754.747
Kepler-1101 b,Kepler-1101,2.47,,81.3151059,0.3483,393.0,5614.0,0.91,0.94,Transit,2016.0,742.473
HD 168746 b,HD 168746,11.1,,6.404,0.07,900.0,5570.0,1.09,1.07,Radial Velocity,2002.0,41.5681
TOI-2406 b,TOI-2406,2.86,15.6,3.0766891,0.02267,449.0,3100.0,0.204,0.166,Transit,2021.0,55.419
HD 18599 b,HD 18599,2.6,24.1,4.1374354,0.048,863.0,5145.0,0.767,0.863,Transit,2022.0,38.5653
Kepler-560 b,Kepler-560,1.72,,18.47764449,0.0899,298.0,3556.0,0.33,0.34,Transit,2016.0,109.308
Kepler-150 d,Kepler-150,2.79,,12.56093,0.104,734.0,5560.0,0.939,0.956,Transit,2014.0,891.092
Kepler-498 b,Kepler-498,3.03,,9.61375356,0.0897,931.0,5744.0,0.96,0.98,Transit,2016.0,938.844
Kepler-817 b,Kepler-817,9.03,,3.990106229,0.0493,1124.0,5861.0,1.03,1.03,Transit,2016.0,1484.46
Kepler-937 b,Kepler-937,3.72,,67.668827,0.3214,495.0,6095.0,1.22,1.15,Transit,2016.0,1571.46
K2-10 b,K2-10,3.773,25.2,19.30553,0.137,649.0,5533.0,0.956,0.88,Transit,2015.0,272.36
Kepler-571 b,Kepler-571,2.64,,4.798599388,0.0546,978.0,5527.0,0.9,0.93,Transit,2016.0,723.875
Kepler-1458 b,Kepler-1458,2.76,,47.9872764,0.24869,493.0,5653.0,0.94,0.96,Transit,2016.0,544.45
Kepler-1600 c,Kepler-1600,1.94206512,,7.298049927,0.06961,786.0,5119.0,0.834,0.818,Transit,2021.0,1030.81
Kepler-221 d,Kepler-221,2.73,3.61,10.04156,0.087,712.0,5243.0,0.821,0.854,Transit,2014.0,385.231
Kepler-626 b,Kepler-626,2.29,,14.48585199,0.10913,784.0,5813.0,1.05,1.01,Transit,2016.0,635.643
Kepler-1549 b,Kepler-1549,2.57,,214.886545,0.6687,286.0,5324.0,0.84,0.88,Transit,2016.0,803.052
K2-62 c,K2-62,1.99,,16.19697,0.1148,495.0,4455.0,0.696,0.67,Transit,2016.0,112.467
Kepler-1149 b,Kepler-1149,1.44,,3.73089898,0.0473,1128.0,5833.0,1.01,1.02,Transit,2016.0,1217.73
Kepler-1288 b,Kepler-1288,1.12,,2.76122421,0.04135,2017.0,6132.0,1.29,1.2,Transit,2016.0,814.078
Kepler-128 b,Kepler-128,1.421,3.79,15.0,0.12545,968.0,6072.0,1.659,1.184,Transit,2013.0,396.379
Kepler-1245 b,Kepler-1245,1.44,,4.35409304,0.0484,1043.0,5306.0,0.83,0.86,Transit,2016.0,805.936
Kepler-1068 b,Kepler-1068,3.63,,16.92344113,0.13038,702.0,5806.0,1.01,1.01,Transit,2016.0,1473.61
Kepler-150 e,Kepler-150,3.12,,30.826557,0.189,544.0,5560.0,0.939,0.956,Transit,2014.0,891.092
Kepler-272 c,Kepler-272,1.79,97.8,6.057342,0.061,947.0,5297.0,0.929,0.91,Transit,2014.0,889.608
Kepler-152 c,Kepler-152,2.39,,88.255055,0.356,326.0,5088.0,0.724,0.779,Transit,2014.0,441.09
Kepler-1506 b,Kepler-1506,1.32,,14.0329154,0.1168,783.0,5676.0,0.93,0.95,Transit,2016.0,2366.02
CoRoT-3 b,CoRoT-3,11.32,6883.91,4.2568,0.05783,1695.0,6740.0,1.56,1.37,Transit,2008.0,768.771
HD 205739 b,HD 205739,13.6,,279.8,0.896,,6176.0,1.33,1.22,Radial Velocity,2008.0,92.5087
HD 224693 b,HD 224693,14.0,,26.6904,0.191,,5894.0,1.93,1.31,Radial Velocity,2006.0,93.5015
HD 16417 b,HD 16417,5.0,,17.24,0.14,,5841.0,1.639984,1.2,Radial Velocity,2008.0,25.3936
HD 19994 b,HD 19994,13.6,,466.2,1.305,,6188.0,1.79647,1.365,Radial Velocity,2003.0,22.5242
GJ 179 b,GJ 179,13.8,301.93698665,2288.0,2.41,,3370.0,0.38,0.357,Radial Velocity,2009.0,12.356
GQ Lup b,GQ Lup,33.6,6356.0,,100.0,2650.0,4360.0,1.94153,0.7,Imaging,2004.0,151.169
HD 37605 b,HD 37605,13.2,,55.01292,0.277,,5329.0,0.91,0.94,Radial Velocity,2004.0,46.7864
HD 33283 b,HD 33283,12.5,,18.1991,0.1508,,5935.0,1.97,1.38,Radial Velocity,2006.0,89.8623
HD 9446 b,HD 9446,14.0,,30.052,0.189,,5793.0,1.0,1.0,Radial Velocity,2009.0,50.3503
HD 134987 c,HD 134987,13.9,,5000.0,5.8,,5585.0,1.25,1.1,Radial Velocity,2009.0,26.1804
HD 110014 b,HD 110014,12.4,,835.477,2.14,,4445.0,20.9,2.17,Radial Velocity,2009.0,100.758
HD 79498 b,HD 79498,13.6,,1807.0,2.98,,5748.0,1.05,1.08,Radial Velocity,2011.0,48.9489
HD 45652 b,HD 45652,14.3,,44.073,0.237,,5294.0,0.94,0.92,Radial Velocity,2008.0,34.8541
HIP 79431 b,HIP 79431,13.4,,111.7,0.36,,3191.0,0.478625,0.49,Radial Velocity,2009.0,14.5324
GJ 876 b,GJ 876,13.3,723.2235,61.1166,0.208317,,3293.74,0.3,0.32,Radial Velocity,1998.0,4.67517
HD 86226 b,HD 86226,14.3,143.0235,1628.0,2.73,176.0,5863.0,1.053,1.019,Radial Velocity,2009.0,45.683
HD 47186 c,HD 47186,13.0,,1353.6,2.395,,5657.0,1.08,0.96,Radial Velocity,2008.0,37.4574
HD 148156 b,HD 148156,13.9,,1027.0,2.45,,6308.0,1.21,1.22,Radial Velocity,2009.0,57.1289
HD 86226 c,HD 86226,2.16,7.25,3.98442,0.049,1311.0,5863.0,1.053,1.019,Transit,2020.0,45.683
HIP 14810 c,HIP 14810,13.6,,147.747,0.549,,5544.0,1.07,1.01,Radial Velocity,2006.0,50.48
HIP 14810 b,HIP 14810,13.0,,6.673892,0.0696,,5544.0,1.07,1.01,Radial Velocity,2005.0,50.48
GJ 876 d,GJ 876,2.51,6.83,1.93778,0.02080665,,3293.74,0.3,0.32,Radial Velocity,2005.0,4.67517
GJ 876 e,GJ 876,3.92,14.6,124.26,0.3343,,3293.74,0.3,0.32,Radial Velocity,2010.0,4.67517
gam1 Leo b,gam1 Leo,12.5,,428.5,1.19,,4330.0,31.88,1.23,Radial Velocity,2009.0,39.8883
HD 156411 b,HD 156411,14.0,,842.2,1.88,,5900.0,2.16,1.25,Radial Velocity,2009.0,56.8655
HD 8535 b,HD 8535,14.0,,1313.0,2.45,,6136.0,1.19,1.13,Radial Velocity,2010.0,55.4401
HD 37605 c,HD 37605,13.1,,2720.0,3.74,,5329.0,0.91,0.94,Radial Velocity,2012.0,46.7864
HD 1605 c,HD 1605,13.0,,2149.0,3.584,,4915.0,3.49,1.33,Radial Velocity,2015.0,88.8047
BD+20 2457 b,BD+20 2457,12.1,,379.63,1.45,,4137.0,49.0,2.8,Radial Velocity,2009.0,1539.71
HD 240210 b,HD 240210,12.8,,501.75,1.16,,4297.0,25.456816,0.82,Radial Velocity,2009.0,372.405
CoRoT-17 b,CoRoT-17,11.43,772.29,3.7681,0.0461,1626.0,5740.0,1.59,1.04,Transit,2011.0,1176.12
HD 132563 b,HD 132563,13.6,,1544.0,2.62,,6289.0,1.29577,1.231,Radial Velocity,2011.0,105.155
HD 55696 b,HD 55696,12.9,1357.12729789,1827.0,3.18,,6012.0,1.52,1.29,Radial Velocity,2018.0,77.9693
HD 148164 b,HD 148164,13.7,,328.55,0.993,,6032.0,1.34,1.21,Radial Velocity,2018.0,77.1971
24 Sex c,24 Sex,13.9,,883.0,2.08,,5098.0,4.9,1.54,Radial Velocity,2010.0,72.0691
HD 22781 b,HD 22781,12.3,,528.07,1.167,,5027.0,0.743475,0.75,Radial Velocity,2011.0,32.6034
HD 148164 c,HD 148164,12.8,,5062.0,6.15,,6032.0,1.34,1.21,Radial Velocity,2018.0,77.1971
HD 90156 b,HD 90156,4.43,,49.77,0.25,,5599.0,0.920286,0.84,Radial Velocity,2009.0,21.9496
HD 45350 b,HD 45350,13.5,,963.6,1.92,,5566.0,1.26442,0.98,Radial Velocity,2004.0,46.8733
MOA-2009-BLG-266L b,MOA-2009-BLG-266L,3.21,10.4,2800.0,3.2,,,,0.56,Microlensing,2011.0,3040.0
Kepler-595 c,Kepler-595,1.009,3.3,12.38602,0.0983,679.0,5138.5,0.821,0.93,Transit,2020.0,643.009
Kepler-595 b,Kepler-595,3.708,17.4,25.3029092,0.1582,535.0,5138.5,0.821,0.93,Transit,2016.0,643.009
HD 177830 c,HD 177830,7.87,,110.9,0.5137,,4949.0,2.62,1.47,Radial Velocity,2010.0,62.7674
OGLE-TR-111 b,OGLE-TR-111,11.421971,174.799,4.0144463,0.0473,1019.0,5040.0,0.83,0.82,Transit,2004.0,1068.33
PSR B1257+12 b,PSR B1257+12,0.338,0.02,25.262,0.19,,,,1.4,Pulsar Timing,1994.0,600.0
PSR B1257+12 d,PSR B1257+12,1.8,3.9,98.2114,0.46,,,,1.4,Pulsar Timing,1992.0,600.0
HD 21749 c,GJ 143,0.892,3.7,7.78993,0.0695,701.0,4640.0,0.695,0.73,Transit,2019.0,16.32
TOI-2374 b,TOI-2374,7.48759911,61.658710958,4.3136193,0.04818,926.0,5002.0,0.711,0.802,Transit,2024.0,134.655
CoRoT-18 b,CoRoT-18,14.68,1102.82,1.9000693,0.0295,1550.0,5440.0,1.0,0.95,Transit,2011.0,764.889
Kepler-45 b,Kepler-45,10.76,160.497,2.455239,0.03,1000.0,3820.0,0.55,0.59,Transit,2011.0,381.949
WASP-23 b,WASP-23,10.783,280.95,2.9444256,0.0376,1076.55,5150.0,0.765,0.78,Transit,2010.0,207.49
HD 107148 b,HD 107148,9.6,,48.056,0.269,,5797.0,1.169193,1.12,Radial Velocity,2005.0,49.4156
SWEEPS-11 b,SWEEPS-11,12.666,3082.82,1.796,0.03,,,1.45,1.1,Transit,2006.0,8500.0
OGLE-TR-211 b,OGLE-TR-211,15.244,327.351,3.67724,0.051,1686.0,6325.0,1.64,1.33,Transit,2007.0,1515.26
Lupus-TR-3 b,Lupus-TR-3,9.976,257.431,3.91405,0.0464,,5000.0,0.82,0.87,Transit,2007.0,773.409
OGLE-2005-BLG-390L b,OGLE-2005-BLG-390L,2.21,5.5,3285.0,2.6,50.0,,,0.22,Microlensing,2005.0,6600.0
HN Peg b,HN Peg,11.7768,6991.57,,773.0,,6186.0,1.006954,1.08,Imaging,2006.0,18.1186
MOA-2009-BLG-387L b,MOA-2009-BLG-387L,13.2,830.0,1980.0,1.8,,,,0.19,Microlensing,2010.0,5690.0
GJ 674 b,GJ 674,3.33,,4.6938,0.039,,3600.0,0.36463,0.35,Radial Velocity,2007.0,4.54896
CoRoT-11 b,CoRoT-11,16.03,740.51,2.99433,0.0436,1657.0,6440.0,1.37,1.27,Transit,2010.0,655.037
2MASS J04414489+2301513 b,2MASS J04414489+2301513,12.6,2383.6,,15.0,,2936.0,0.231916,0.019,Imaging,2010.0,120.42398696
GJ 3634 b,GJ 3634,2.83,8.4,2.64561,0.0287,,3517.0,0.43,0.45,Radial Velocity,2010.0,20.3779
CoRoT-13 b,CoRoT-13,9.92,415.704,4.03519,0.051,1700.0,5945.0,1.01,1.09,Transit,2010.0,1148.93
OGLE-TR-10 b,OGLE-TR-10,14.011,197.046,3.101278,0.0434,1702.0,5950.0,1.17,1.14,Transit,2004.0,1344.97
HD 27442 b,HD 27442,13.5,,428.1,1.271,,4846.0,3.18,1.23,Radial Velocity,2000.0,18.2704
GJ 3021 b,GJ 3021,13.1,,133.71,0.49,350.0,5540.0,0.9,0.9,Radial Velocity,2000.0,17.5559
CoRoT-8 b,CoRoT-8,6.39,69.92,6.21229,0.063,870.0,5080.0,0.77,0.88,Transit,2010.0,322.037
Kepler-18 c,Kepler-18,5.49,17.3,7.64159,0.0752,899.0,5345.0,1.108,0.972,Transit,2011.0,433.047
Kepler-18 b,Kepler-18,2.0,6.9,3.504725,0.0447,1165.0,5345.0,1.108,0.972,Transit,2011.0,433.047
HD 46375 b,HD 46375,10.0,,3.023573,0.0398,,5285.0,0.914196,0.92,Radial Velocity,2000.0,29.5529
HD 221287 b,HD 221287,13.1,,456.1,1.25,,6304.0,1.13864,1.25,Radial Velocity,2007.0,55.9231
HD 33564 b,HD 33564,12.5,,388.0,1.1,,6250.0,1.4367,1.25,Radial Velocity,2005.0,20.9531
HD 189733 b,HD 189733,12.66617,359.1479,2.21857567,0.03126,1209.0,5052.0,0.75,0.79,Radial Velocity,2005.0,19.7638
Kepler-4 b,Kepler-4,4.002,24.472,3.21346,0.0456,1650.0,5857.0,1.487,1.223,Transit,2009.0,487.916
WASP-38 b,WASP-38,13.78707,1093.3352,6.87188,0.07522,1250.0,6180.0,1.52,1.76,Transit,2010.0,136.24
Kepler-30 c,Kepler-30,12.3,640.0,60.323105,0.3,411.0,5498.0,0.95,0.99,Transit,2012.0,914.221
HD 106315 b,HD 106315,2.44,12.6,9.55237,0.0907,1153.0,6327.0,1.296,1.091,Transit,2017.0,109.353
HIP 41378 g,HIP 41378,2.5,6.81,64.067,,605.0,6371.0,1.306,1.245,Radial Velocity,2025.0,106.289
Kepler-18 d,Kepler-18,6.98,16.4,14.85888,0.1172,720.0,5345.0,1.108,0.972,Transit,2011.0,433.047
HAT-P-37 b,HAT-P-37,13.204,371.528,2.797436,0.0379,1271.0,5500.0,0.877,0.929,Transit,2011.0,390.594
HD 129445 b,HD 129445,13.3,797.74930157,1840.0,2.9,,5646.0,1.175816,0.99,Radial Velocity,2009.0,67.4386
Kepler-419 c,Kepler-419,12.6,2320.1,675.47,1.68,,6430.0,1.74,1.39,Transit Timing Variations,2014.0,1011.36
HD 70573 b,HD 70573,12.8,,851.8,1.76,,5737.0,0.976919,1.0,Radial Velocity,2007.0,59.182
HD 47536 b,HD 47536,12.6,,712.13,1.93,,4380.0,23.47,2.1,Radial Velocity,2002.0,122.536
WASP-67 b,WASP-67,12.89035,136.6669,4.61442,0.05179,1003.0,5200.0,0.88,0.91,Transit,2012.0,189.469
CoRoT-14 b,CoRoT-14,12.22,2415.4,1.51214,0.027,1952.0,6035.0,1.21,1.13,Transit,2010.0,1744.6
MOA-2008-BLG-310L b,MOA-2008-BLG-310L,5.18,23.4,,1.1,,,,0.21,Microlensing,2009.0,7700.0
Kepler-419 b,Kepler-419,10.8,794.5,69.7546,0.37,613.0,6430.0,1.74,1.39,Transit,2014.0,1011.36
HD 11964 c,HD 11964,5.38,,37.91,0.229,,5303.0,2.00971,0.91,Radial Velocity,2008.0,33.5369
CoRoT-6 b,CoRoT-6,13.068,940.74,8.886593,0.0855,1017.0,6090.0,1.025,1.05,Transit,2009.0,645.294
WASP-31 b,WASP-31,17.363,151.916,3.4059096,0.04659,1423.7,6302.0,1.252,1.163,Transit,2010.0,383.829
HD 108236 f,HD 108236,2.017,,29.54115,0.1758,,5660.0,0.877,0.869,Transit,2021.0,64.5978
Kepler-59 c,Kepler-59,1.98,3.81,17.9801235,0.13114,752.0,6074.0,0.94,1.04,Transit,2012.0,1163.22
WASP-8 c,WASP-8,12.5,,4323.0,5.28,,5690.0,0.96,1.04,Radial Velocity,2013.0,89.9606
HD 154857 c,HD 154857,13.2,,3452.0,5.36,,5605.0,1.76,1.718,Radial Velocity,2014.0,63.4482
KOI-217 b,KOI-217,12.442,,3.90512,0.0477,1046.0,5545.0,0.86,0.95,Transit,2010.0,914.699
Kepler-416 b,Kepler-416,2.48,58.2,6.319,0.0674,986.0,5718.0,1.075,1.0,Transit Timing Variations,2014.0,690.819
Kepler-37 e,Kepler-37,0.37,,51.196,0.25,401.0,5288.0,0.772,0.8,Transit Timing Variations,2014.0,63.9207
HAT-P-22 b,HAT-P-22,12.89035,785.0401,3.21222,0.0414,1463.0,5302.0,1.11,1.13,Transit,2010.0,81.7647
L 98-59 b,L 98-59,0.837,0.46,2.253114,0.0223,620.0,3415.0,0.3155,0.2923,Transit,2019.0,10.6194
CHXR 73 b,CHXR 73,12.3,3994.486,,210.0,,3099.0,,0.35,Imaging,2006.0,190.374
FU Tau b,FU Tau,12.2,5085.28,,800.0,2375.0,2838.0,,0.05,Imaging,2008.0,133.4950466
GJ 667 C b,GJ 667 C,2.25,,7.203,0.050431,,3350.0,,0.33,Radial Velocity,2012.0,7.24396
HD 187123 b,HD 187123,14.2,,3.0965828,0.0426,,5790.0,1.15043,1.04,Radial Velocity,1998.0,45.9548
HAT-P-18 b,HAT-P-18,11.153,62.61,5.508023,0.0559,852.0,4803.0,0.749,0.77,Transit,2010.0,161.4
Kepler-59 b,Kepler-59,1.1,4.1,11.8681707,0.09943,864.0,6074.0,0.94,1.04,Transit,2012.0,1163.22
Kepler-53 b,Kepler-53,2.89,111.0,18.6489525,0.1361,701.0,5858.0,0.89,0.98,Transit,2012.0,1366.07
HD 82943 c,HD 82943,13.4,622.603,220.078,0.74345,,5935.0,1.1826,1.08,Radial Velocity,2003.0,27.5902
HD 82943 b,HD 82943,13.5,534.25,441.47,1.18306,,5935.0,1.1826,1.08,Radial Velocity,2003.0,27.5902
UZ For b,UZ For,,2002.2,5840.0,5.9,,5286.9,,0.7,Eclipse Timing Variations,2011.0,239.60387482
Kepler-69 b,Kepler-69,2.24,,13.722341,0.094,779.0,5638.0,0.93,0.81,Transit,2013.0,730.625
HIP 5158 c,HIP 5158,12.2,,9017.76,7.7,,4813.0,0.754089,0.78,Radial Velocity,2011.0,51.6026
HU Aqr AB b,HU Aqr,12.8,,2390.0,3.6,,5952.0,,0.88,Eclipse Timing Variations,2011.0,192.19807871
Kepler-58 c,Kepler-58,2.86,53.0,15.5741568,0.12307,799.0,5843.0,1.03,0.95,Transit,2012.0,969.252
Kepler-30 b,Kepler-30,3.9,11.3,29.33434,0.18,524.0,5498.0,0.95,0.99,Transit,2012.0,914.221
Kepler-65 d,Kepler-65,1.52,4.14,8.13123,0.084,1117.0,6211.0,1.41,1.25,Transit,2012.0,303.728
Kepler-52 c,Kepler-52,1.84,45.4,16.3850021,0.10379,433.0,4075.0,0.52,0.54,Transit,2012.0,321.542
Kepler-55 b,Kepler-55,2.43,43.0,27.9481449,0.1593,400.0,4362.0,0.58,0.62,Transit,2012.0,578.796
UZ For c,UZ For,,2447.2,1916.25,2.8,,5286.9,,0.7,Eclipse Timing Variations,2011.0,239.60387482
Kepler-413 b,Kepler-413,4.347,67.0,66.262,0.3553,,4700.0,0.7761,0.82,Transit,2014.0,847.536
WASP-14 b,WASP-14,15.46842,2809.6172,2.24375,0.037,1872.0,6475.0,1.4,1.62,Transit,2008.0,161.997
HAT-P-2 b,HAT-P-2,10.659759,2866.81223114,5.6335158,0.06814,1540.0,6380.0,1.39,1.33,Transit,2007.0,127.774
HAT-P-42 b,HAT-P-42,14.348,331.801,4.641878,0.0575,1428.0,5743.0,1.53,1.178,Transit,2012.0,405.238
WASP-59 b,WASP-59,8.687,274.276,7.919585,0.0697,670.0,4650.0,0.613,0.719,Transit,2012.0,115.936
HAT-P-39 b,HAT-P-39,17.609,190.372,3.54387,0.0509,1752.0,6430.0,1.625,1.404,Transit,2012.0,697.004
alf Ari b,alf Ari,13.4,,380.8,1.2,,4553.0,13.9,1.5,Radial Velocity,2010.0,20.21019
KOI-55 b,KOI-55,0.759,0.44,0.240104,0.006,,27730.0,0.203,0.496,Orbital Brightness Modulation,2011.0,1231.02
GJ 536 b,GJ 536,2.41,,8.70874,0.0668,451.0,3641.0,0.529,0.528,Radial Velocity,2016.0,10.4092
WTS-2 b,WTS-2,15.277867,355.9696,1.0187068,0.01855,2000.0,5000.0,0.752,0.82,Transit,2014.0,1030.76834437
KELT-6 c,KELT-6,13.0,,1276.0,2.39,,6272.0,1.529,1.126,Radial Velocity,2015.0,240.726
KOI-55 c,KOI-55,0.867,0.655,0.342887,0.0076,,27730.0,0.203,0.496,Orbital Brightness Modulation,2011.0,1231.02
Ross 458 c,Ross 458,14.01125,1906.98,,1100.0,,3965.42,0.562566,0.556419,Imaging,2010.0,11.5094
Kepler-38 b,Kepler-38,4.3,122.0,105.599,0.4632,475.0,5623.0,1.752,0.941,Transit,2012.0,1174.59
HAT-P-13 b,HAT-P-13,14.258,270.462,2.91625,0.04383,1740.0,5653.0,1.756,1.32,Transit,2009.0,246.81
ROXs 42 B b,ROXs 42 B,12.5,2860.0,,157.0,1975.0,3433.0,1.33658,1.0,Imaging,2013.0,143.59
HD 95086 b,HD 95086,12.9,1589.0,,55.7,1000.0,7595.0,1.48667,1.6,Imaging,2013.0,86.2279
RR Cae b,RR Cae,13.0,,4343.5,5.3,,3904.0,0.193119,0.44,Eclipse Timing Variations,2012.0,21.1916
Kepler-50 c,Kepler-50,2.17,8.2,9.37647,0.087,1125.0,6225.0,1.58,1.24,Transit,2012.0,250.11
HD 233604 b,HD 233604,12.7,,192.0,0.747,,4791.0,10.9,1.5,Radial Velocity,2013.0,847.058
WD 0806-661 b,WD 0806-661,12.6,2542.627256,,2500.0,340.0,9552.0,,0.62,Imaging,2011.0,19.2444
Kepler-63 b,Kepler-63,6.11,120.0,9.4341505,0.08,791.0,5576.0,0.901,0.984,Transit,2013.0,194.033
Kepler-77 b,Kepler-77,10.761,136.661,3.57878087,0.04501,1440.0,5520.0,0.99,0.95,Transit,2013.0,639.411
HIP 41378 f,HIP 41378,9.2,12.0,542.0797,,294.0,6226.0,1.299,1.14,Transit,2016.0,106.289
HATS-5 b,HATS-5,10.223,75.323,4.763387,0.0542,1025.0,5304.0,0.871,0.936,Transit,2014.0,246.384
HD 10180 d,HD 10180,,3295.88058059,16.357,0.12859,,5911.0,1.109,1.06,Radial Velocity,2010.0,38.9607
WTS-1 b,WTS-1,16.7,1274.44,3.352057,0.047,1500.0,6250.0,1.15,1.2,Transit,2012.0,2346.01
Kepler-297 c,Kepler-297,6.54,42.1,74.920137,0.336,409.0,5619.0,0.915,0.927,Transit,2014.0,692.14
Kepler-347 b,Kepler-347,1.97,,12.79836,0.11,908.0,6088.0,1.005,0.922,Transit,2014.0,1298.88
CoRoT-26 b,CoRoT-26,14.12,165.26,4.20474,0.0526,1600.0,5590.0,1.79,1.09,Transit,2013.0,1045.18
CoRoT-25 b,CoRoT-25,12.11,85.81,4.86069,0.0578,1330.0,6040.0,1.19,1.09,Transit,2013.0,1103.48
Kepler-186 b,Kepler-186,1.07,,3.8867907,0.0343,571.0,3788.0,0.472,0.478,Transit,2014.0,177.594
91 Aqr b,91 Aqr,13.1,,181.4,0.7,,4665.0,11.0,1.4,Radial Velocity,2013.0,44.0304
GJ 163 b,GJ 163,3.25,,8.63182,0.0607,,3500.0,0.409738,0.4,Radial Velocity,2013.0,15.1285
Kepler-27 c,Kepler-27,4.9,4385.87,31.3309,0.191,481.0,5400.0,0.59,0.65,Transit,2011.0,1044.36
Kepler-27 b,Kepler-27,4.0,2895.31,15.3348,0.118,610.0,5400.0,0.59,0.65,Transit,2011.0,1044.36
Kepler-139 c,Kepler-139,3.38,13.0,157.072878,0.586,350.0,5594.0,1.3,1.078,Transit,2014.0,391.038
Kepler-311 c,Kepler-311,1.43,,19.738286,0.145,744.0,5905.0,1.188,0.994,Transit,2014.0,778.654
BD-06 1339 b,BD-06 1339,,1523.033726344,3.8728,0.0428,,4324.0,0.686355,0.7,Radial Velocity,2013.0,20.2695
Kepler-186 d,Kepler-186,1.4,,13.342996,0.0781,379.0,3788.0,0.472,0.478,Transit,2014.0,177.594
Kepler-11 d,Kepler-11,3.12,7.3,22.6845,0.155,653.0,5663.0,1.065,0.961,Transit,2010.0,646.346
Kepler-11 b,Kepler-11,1.8,1.9,10.3039,0.091,849.0,5663.0,1.065,0.961,Transit,2010.0,646.346
Kepler-31 c,Kepler-31,5.3,1493.7,42.6318,0.26,615.0,6340.0,1.22,1.21,Transit,2011.0,1664.64
Kepler-32 c,Kepler-32,2.0,158.9,8.7522,0.09,451.0,3900.0,0.53,0.58,Transit,2011.0,323.847
Kepler-1735 b,Kepler-1735,1.19429134,,7.71792984,0.0621,502.0,3975.0,0.509,0.535,Transit,2021.0,245.303
HD 66141 b,HD 66141,12.8,,480.5,1.2,,4323.0,21.4,1.1,Radial Velocity,2012.0,68.1509
HD 208527 b,HD 208527,12.5,,875.5,2.1,,4035.0,51.1,1.6,Radial Velocity,2012.0,312.202
MOA-bin-1L b,MOA-bin-1L,13.0,1200.0,,8.3,,,,0.75,Microlensing,2012.0,5100.0
GU Psc b,GU Psc,14.179,3591.3,,2000.0,1050.0,4031.81,0.450458,0.325,Imaging,2014.0,47.5501
GJ 163 c,GJ 163,2.5,,25.63058,0.1254,,3500.0,0.409738,0.4,Radial Velocity,2013.0,15.1285
GJ 163 d,GJ 163,5.92,,603.95116,1.0304,,3500.0,0.409738,0.4,Radial Velocity,2013.0,15.1285
Kepler-32 d,Kepler-32,2.7,39.9089,22.7802,0.13,328.0,3900.0,0.53,0.58,Transit,2012.0,323.847
Kepler-31 d,Kepler-31,3.9,2161.244,87.6451,0.4,484.0,6340.0,1.22,1.21,Transit,2014.0,1664.64
HAT-P-45 b,HAT-P-45,15.984,283.492,3.128992,0.0452,1652.0,6330.0,1.319,1.259,Transit,2014.0,298.64
MOA-2010-BLG-073L b,MOA-2010-BLG-073L,12.4,3500.0,,1.21,,,,0.16,Microlensing,2012.0,2800.0
HAT-P-27 b,HAT-P-27,11.43,197.05,3.039577,0.04,1091.99,5316.0,0.864673,0.916,Transit,2011.0,199.173
DENIS-P J082303.1-491201 b,DENIS-P J082303.1-491201,11.9,9057.77,246.36,0.36,,,,0.075,Astrometry,2013.0,20.77
HIP 63242 b,HIP 63242,12.5,,124.6,0.565,,4830.0,10.275655,1.54,Radial Velocity,2013.0,156.456
Kepler-31 b,Kepler-31,5.5,36.7418,20.8613,0.16,781.0,6340.0,1.22,1.21,Transit,2011.0,1664.64
Kepler-32 f,Kepler-32,0.82,969.228,0.74296,0.013,1026.0,3900.0,0.53,0.58,Transit,2012.0,323.847
Kepler-58 d,Kepler-58,2.94,245.343,40.101371,0.236,583.0,6099.0,1.127,1.024,Transit,2014.0,969.252
Kepler-158 b,Kepler-158,2.12,,16.709184,0.111,500.0,4623.0,0.624,0.655,Transit,2014.0,315.177
Kepler-424 c,Kepler-424,12.7,,223.3,0.73,,5460.0,0.94,1.01,Radial Velocity,2014.0,698.646
KMT-2023-BLG-1896L b,KMT-2023-BLG-1896L,4.19,16.35,,2.86,,,,0.72,Microlensing,2025.0,5490.0
HD 190984 b,HD 190984,13.0,1137.82569706,4885.0,5.5,,5988.0,1.53,0.91,Radial Velocity,2009.0,148.187
Kepler-134 c,Kepler-134,1.26,,10.105785,0.092,892.0,5983.0,1.176,0.956,Transit,2014.0,334.797
Kepler-210 b,Kepler-210,2.94,,2.453234,0.032,737.0,4559.0,0.65,0.77,Transit,2014.0,232.75
Kepler-422 b,Kepler-422,12.89,136.66,7.8914483,0.082,1028.0,5972.0,1.24,1.15,Transit,2014.0,722.795
Kepler-426 b,Kepler-426,12.22,108.06,3.21751883,0.0414,1300.0,5725.0,0.92,0.91,Transit,2014.0,843.695
Kepler-16 b,Kepler-16,8.4493,105.833,228.776,0.7048,,4450.0,0.6489,0.6897,Transit,2011.0,75.0852
KOI-94 d,KOI-94,11.27,106.0,22.342989,0.1684,806.0,6182.0,1.52,1.277,Transit,2013.0,477.052
KOI-94 b,KOI-94,1.71,10.5,3.743208,0.05119,1486.0,6182.0,1.52,1.277,Transit,2013.0,477.052
Kepler-35 b,Kepler-35,8.16,40.363,131.458,0.60347,,5606.0,1.0284,0.8877,Transit,2011.0,1819.17
HD 103774 b,HD 103774,13.3,,5.8881,0.07,,6489.0,1.581047,1.335,Radial Velocity,2013.0,56.4089
HD 109271 b,HD 109271,4.31,,7.8543,0.079,,5783.0,1.294595,1.047,Radial Velocity,2013.0,55.8716
Kepler-415 c,Kepler-415,2.01,,8.708,0.0695,543.0,4362.0,0.643,0.67,Transit Timing Variations,2014.0,530.487
HD 50554 b,HD 50554,12.8,1859.29618095,1293.0,2.353,,5987.0,1.02,1.04,Radial Velocity,2002.0,31.1664
Kepler-428 b,Kepler-428,12.11,403.63,3.52563254,0.0433,1070.0,5150.0,0.8,0.87,Transit,2014.0,686.284
Kepler-425 b,Kepler-425,10.962,79.45,3.79701816,0.0464,1070.0,5170.0,0.86,0.93,Transit,2014.0,646.647
WASP-70 A b,WASP-70 A,13.047,187.512,3.7130203,0.04853,1387.0,5763.0,1.215,1.106,Transit,2014.0,222.355
KOI-94 e,KOI-94,6.56,35.0,54.32031,0.3046,584.0,6182.0,1.52,1.277,Transit,2013.0,477.052
Kepler-396 c,Kepler-396,5.3,17.9,88.505,0.38946,390.0,5656.0,1.06,0.85,Transit,2013.0,223.757
MOA-2010-BLG-477L b,MOA-2010-BLG-477L,13.6,480.0,,2.0,,5950.0,,0.67,Microlensing,2012.0,2300.0
Kepler-290 c,Kepler-290,2.7,,36.77031,0.205,437.0,5147.0,0.743,0.756,Transit,2014.0,694.627
Kepler-290 b,Kepler-290,2.25,,14.589347,0.11,594.0,5147.0,0.743,0.756,Transit,2014.0,694.627
HD 166724 b,HD 166724,13.0,1207.7479466,5144.0,5.42,,5127.0,0.797485,0.81,Radial Velocity,2012.0,45.1342
Kepler-122 f,Kepler-122,1.75,36.0,56.268,0.28575,543.0,5917.0,0.949,1.03,Transit Timing Variations,2014.0,1027.45
Kepler-96 b,Kepler-96,2.67,8.46,16.2385,0.1261,711.0,5690.0,1.02,1.0,Transit,2014.0,122.881
Kepler-17 b,Kepler-17,14.68,778.65,1.4857108,0.02591,1570.0,5781.0,1.01034,1.04,Transit,2011.0,720.753
Kepler-784 b,Kepler-784,1.58,,31.5922646,0.22111,688.0,5674.0,1.32,1.0,Transit,2016.0,1303.72
Kepler-880 b,Kepler-880,2.66,,7.71468975,0.0915,1622.0,6761.0,1.74,1.46,Transit,2016.0,601.324
CoRoT-23 b,CoRoT-23,11.77,889.9,3.6313,0.048,1660.0,5900.0,1.61,1.14,Transit,2011.0,1060.97
BD+20 274 b,BD+20 274,13.0,,578.2,1.3,,4296.0,17.3,0.8,Radial Velocity,2012.0,1322.51
HD 219415 b,HD 219415,13.8,,2093.3,3.2,,4820.0,2.9,1.0,Radial Velocity,2012.0,165.184
HD 150706 b,HD 150706,13.3,772.32302901,5894.0,6.7,,5961.0,0.96,1.17,Radial Velocity,2012.0,28.2697
OGLE-2011-BLG-0251L b,OGLE-2011-BLG-0251L,14.2,170.0,,2.72,,,,0.26,Microlensing,2012.0,2570.0
Kepler-414 c,Kepler-414,3.01,29.9,7.171,0.07195,890.0,5536.0,0.946,0.89,Transit Timing Variations,2014.0,413.46
HAT-P-1 b,HAT-P-1,14.784671,166.86075,4.46529976,0.05561,1322.0,5980.0,1.174,1.151,Transit,2006.0,158.979
Kepler-42 c,Kepler-42,0.73,60.337,0.45328509,0.006,720.0,3068.0,0.17,0.13,Transit,2011.0,40.0595
Kepler-33 c,Kepler-33,3.2,0.39,13.17562,0.1189,1009.0,5904.0,1.82,1.291,Transit,2011.0,1209.16
Kepler-641 b,Kepler-641,1.85,,9.48961571,0.0895,926.0,5713.0,1.13,1.02,Transit,2016.0,969.918
Kepler-410 A b,Kepler-410 A,2.838,,17.833648,0.1226,866.0,6273.0,1.352,1.214,Transit,2013.0,147.527
Kepler-314 c,Kepler-314,2.9,,5.960392,0.064,890.0,5378.0,0.95,0.99,Transit,2014.0,268.881
Kepler-879 b,Kepler-879,2.57,,33.3855938,0.2012,580.0,5792.0,1.02,1.02,Transit,2016.0,802.672
Kepler-865 b,Kepler-865,2.49,,14.16399294,0.1057,694.0,5570.0,0.92,0.93,Transit,2016.0,586.137
Kepler-415 b,Kepler-415,1.21,119.9,4.176,0.0426,694.0,4362.0,0.643,0.67,Transit Timing Variations,2014.0,530.487
Kepler-338 e,Kepler-338,1.56,8.5,9.341,0.08979,1143.0,5999.0,1.735,1.14,Transit Timing Variations,2014.0,552.798
Kepler-33 e,Kepler-33,4.02,5.57,31.7844,0.2138,752.0,5904.0,1.82,1.291,Transit,2011.0,1209.16
Kepler-33 b,Kepler-33,1.74,,5.66793,0.0677,1336.0,5904.0,1.82,1.291,Transit,2011.0,1209.16
Kepler-46 c,Kepler-46,13.5,119.499,57.011,0.2799,455.0,5155.0,0.938,0.902,Transit Timing Variations,2012.0,777.06
Kepler-318 b,Kepler-318,4.71,,4.662715,0.056,1039.0,5746.0,1.189,1.073,Transit,2014.0,489.141
Kepler-314 b,Kepler-314,0.83,,2.461069,0.035,1195.0,5378.0,0.95,0.99,Transit,2014.0,268.881
Kepler-46 b,Kepler-46,9.057,1907.0,33.60134,0.1968,543.0,5155.0,0.938,0.902,Transit,2012.0,777.06
USco CTIO 108 b,USco CTIO 108,12.3,4449.62,,670.0,,2700.0,0.345365,0.06,Imaging,2008.0,144.019
Kepler-130 c,Kepler-130,2.9,,27.50868,0.178,683.0,5879.0,1.17,1.0,Transit,2014.0,316.663
Kepler-418 b,Kepler-418,13.45,349.6112477,86.67856,0.39249,434.0,5820.0,1.09,0.98,Transit,2014.0,1002.53
Kepler-33 f,Kepler-33,4.46,9.6,41.02902,0.2535,691.0,5904.0,1.82,1.291,Transit,2011.0,1209.16
Kepler-33 d,Kepler-33,5.35,3.91,21.77596,0.1662,853.0,5904.0,1.82,1.291,Transit,2011.0,1209.16
HD 155358 c,HD 155358,13.9,,391.9,1.02,,5900.0,1.38,0.92,Radial Velocity,2007.0,43.6197
Kepler-52 b,Kepler-52,2.1,135.0,7.8773565,0.0637,553.0,4075.0,0.52,0.54,Transit,2012.0,321.542
Kepler-603 c,Kepler-603,6.5,,127.9075774,0.53439,401.0,5808.0,1.01,1.01,Transit,2016.0,1539.63
Kepler-952 b,Kepler-952,7.65,,130.3546919,0.5183,369.0,5730.0,0.99,1.0,Transit,2016.0,1304.25
Kepler-347 c,Kepler-347,1.75,,27.320871,0.183,705.0,6088.0,1.005,0.922,Transit,2014.0,1298.88
Kepler-158 c,Kepler-158,1.9,,28.551383,0.158,418.0,4623.0,0.624,0.655,Transit,2014.0,315.177
HAT-P-53 b,HAT-P-53,14.773462,471.65972,1.9616241,0.03159,1778.0,5956.0,1.209,1.093,Transit,2015.0,666.802
HIP 74890 b,HIP 74890,13.3,,822.3,2.1,,4850.0,5.77,1.74,Radial Velocity,2016.0,78.6562
V0391 Peg b,V0391 Peg,13.1,,1170.0,1.7,,29300.0,0.23,0.5,Pulsation Timing Variations,2007.0,1195.98
HD 197037 b,HD 197037,13.9,,1035.7,2.07,,6150.0,1.105,1.11,Radial Velocity,2012.0,33.1944
CFBDSIR J145829+101343 b,CFBDSIR J145829+101343,12.4,3337.1,10037.5,2.6,370.0,580.5,,0.021,Imaging,2011.0,23.1
Kepler-269 b,Kepler-269,2.47,,5.326718,0.061,1007.0,5847.0,0.959,0.92,Transit,2014.0,2257.32
Kepler-300 c,Kepler-300,2.25,,40.714955,0.232,516.0,5986.0,0.9,1.07,Transit,2014.0,1098.45
Kepler-149 d,Kepler-149,3.96,,160.018032,0.571,306.0,5381.0,0.953,1.013,Transit,2014.0,571.034
Kepler-124 d,Kepler-124,1.11,,30.950851,0.17,428.0,4984.0,0.636,0.706,Transit,2014.0,420.046
Kepler-276 d,Kepler-276,2.8,16.3,48.648,0.24666,489.0,5693.0,1.03,1.1,Transit,2013.0,1144.86
Kepler-114 c,Kepler-114,1.6,2.8,8.041,0.06482,507.0,4660.0,0.54,0.56,Transit,2013.0,259.533
WASP-96 b,WASP-96,13.45,152.55,3.4252602,0.0453,1285.0,5540.0,1.05,1.06,Transit,2014.0,352.464
Kepler-93 c,Kepler-93,,954.0,1460.0,,,5669.0,0.92,0.91,Radial Velocity,2014.0,95.9115
WASP-83 b,WASP-83,11.65736,95.349,4.971252,0.059,1120.0,5510.0,1.05,1.11,Transit,2015.0,271.103
WASP-89 b,WASP-89,11.65736,1875.197,3.3564227,0.0427,1120.0,5130.0,0.88,0.92,Transit,2015.0,290.946
Kepler-402 c,Kepler-402,1.56,,6.124821,0.068,1140.0,6090.0,1.264,1.072,Transit,2014.0,625.339
Kepler-157 b,Kepler-157,1.32,,1.732342,0.028,1546.0,5774.0,1.044,0.95,Transit,2014.0,773.713
HATS-6 b,HATS-6,11.186582,101.38777,3.3252725,0.03623,712.8,3724.0,0.57,0.574,Transit,2015.0,169.318
Kepler-450 c,Kepler-450,2.62,12.5,15.413135,0.13351,944.0,6197.21,1.64162,1.19,Transit,2015.0,455.982
Kepler-81 c,Kepler-81,2.37,4.3,12.04,0.08347,502.0,4385.0,0.59,0.64,Transit,2012.0,348.291
Kepler-412 b,Kepler-412,15.031269,299.07803,1.7208604,0.02897,1850.0,5750.0,1.287,1.167,Transit,2014.0,1086.24
Kepler-92 b,Kepler-92,3.51,64.3,13.749,0.12232,975.0,5883.0,1.7,1.21,Transit,2013.0,477.992
Kepler-288 c,Kepler-288,2.85,,19.305772,0.14,815.0,5918.0,1.091,0.842,Transit,2014.0,1194.15
Kepler-295 b,Kepler-295,1.22,,12.645164,0.099,741.0,5603.0,0.898,0.89,Transit,2014.0,1699.19
Kepler-178 d,Kepler-178,3.95,,96.678988,0.397,392.0,5676.0,1.066,0.852,Transit,2014.0,716.025
Kepler-44 b,Kepler-44,12.22,317.82,3.2467293,0.0446,1544.0,5800.0,1.35,1.12,Transit,2011.0,1188.0
Kepler-41 b,Kepler-41,14.46,177.98,1.8555582,0.03101,1790.0,5750.0,1.29,1.15,Transit,2011.0,1093.08
Kepler-450 d,Kepler-450,0.837,17.6,7.51464,0.0827,1199.0,6197.21,1.64162,1.19,Transit,2015.0,455.982
POTS-1 b,POTS-1,10.548,734.16,3.1606296,0.03734,,4400.0,0.588,0.695,Transit,2013.0,747.959
Kepler-350 d,Kepler-350,2.8,14.9,26.136,0.1786,782.0,6492.3,1.25,1.0,Transit,2013.0,956.859
Kepler-238 f,Kepler-238,2.0,13.5,50.447,0.28635,568.0,5800.0,0.96,1.06,Transit,2013.0,1798.75
Kepler-287 c,Kepler-287,3.26,66.0,44.851896,0.246,513.0,5806.0,1.032,0.963,Transit,2014.0,835.86
Kepler-285 b,Kepler-285,1.34,,2.633867,0.036,1131.0,5411.0,0.808,0.915,Transit,2014.0,824.31
Kepler-181 b,Kepler-181,1.27,,3.137873,0.04,1041.0,5333.0,0.749,0.81,Transit,2014.0,609.283
Kepler-1398 c,Kepler-1398,1.03,,4.13827595,0.05087,1324.0,6126.0,1.18,1.13,Transit,2016.0,852.204
Kepler-963 b,Kepler-963,2.66,,9.97683705,0.0849,802.0,5461.0,0.87,0.91,Transit,2016.0,771.494
WASP-24 b,WASP-24,15.46842,394.1092,2.34121,0.03651,1772.0,6075.0,1.42,1.43,Transit,2010.0,322.114
WASP-21 b,WASP-21,11.99,95.345,4.322482,0.052,1333.0,5800.0,1.06,1.01,Transit,2010.0,258.426
K2-237 b,K2-237,16.06246934,434.153603962,2.18053332,0.03552,1759.0,6180.0,1.236,1.256,Transit,2018.0,314.995
Kepler-284 b,Kepler-284,2.24,,12.699149,0.104,686.0,5615.0,0.814,0.766,Transit,2014.0,1031.95
Kepler-654 b,Kepler-654,2.07,,13.72465129,0.11664,831.0,5865.0,1.11,1.04,Transit,2016.0,974.124
Kepler-199 c,Kepler-199,3.25,,67.093408,0.316,420.0,5644.0,0.967,0.96,Transit,2014.0,521.054
Kepler-214 b,Kepler-214,2.61,,15.660544,0.13,758.0,6169.0,1.352,1.11,Transit,2014.0,1208.44
Kepler-87 b,Kepler-87,13.49,324.2,114.73635,0.481,478.0,5600.0,1.82,1.1,Transit,2013.0,1232.9
Kepler-75 b,Kepler-75,11.77,3209.9,8.8849116,0.0818,767.0,5200.0,0.89,0.91,Transit,2013.0,835.356
Kepler-74 b,Kepler-74,10.76,200.22,7.340711,0.0781,1078.0,6000.0,1.12,1.18,Transit,2013.0,1177.55
Kepler-145 c,Kepler-145,4.32,79.4,42.882,0.26244,709.0,6022.0,1.85,1.32,Transit,2013.0,566.85
Kepler-328 b,Kepler-328,2.3,28.5,34.921,0.2199,602.0,6064.0,1.06,1.15,Transit,2013.0,2213.19
Kepler-115 c,Kepler-115,2.6,,8.990889,0.087,960.0,5979.0,1.205,1.042,Transit,2014.0,623.609
Kepler-341 c,Kepler-341,1.7,,8.01041,0.08,940.0,6012.0,1.024,0.976,Transit,2014.0,1047.03
Kepler-225 b,Kepler-225,1.2,,6.738975,0.056,579.0,3682.0,0.48,0.593,Transit,2014.0,561.101
Kepler-871 b,Kepler-871,3.74,,22.0459018,0.1572,640.0,5993.0,1.14,1.11,Transit,2016.0,1976.05
Kepler-56 c,Kepler-56,9.8,181.0,21.40239,0.1652,1087.0,4840.0,4.23,1.32,Transit,2012.0,912.994
XO-5 b,XO-5,12.78,378.2,4.1877558,0.0515,1230.0,5430.0,1.13,1.04,Transit,2008.0,276.211
Kepler-447 b,Kepler-447,18.49,435.41,7.79430132,0.0769,882.0,5493.0,1.05,1.0,Transit,2015.0,268.041
Kepler-216 b,Kepler-216,2.35,,7.693641,0.079,1069.0,6091.0,1.26,1.126,Transit,2014.0,1187.47
Kepler-259 c,Kepler-259,2.7,,36.924931,0.217,530.0,5938.0,0.898,0.867,Transit,2014.0,1002.14
Kepler-293 b,Kepler-293,3.07,,19.254196,0.144,657.0,5804.0,0.957,0.934,Transit,2014.0,974.633
Kepler-291 b,Kepler-291,2.16,,3.546511,0.047,1212.0,6002.0,1.016,1.023,Transit,2014.0,1786.48
Kepler-242 c,Kepler-242,2.0,,14.496481,0.109,613.0,5020.0,0.85,0.748,Transit,2014.0,600.241
Kepler-240 b,Kepler-240,1.37,,4.144495,0.048,864.0,4985.0,0.739,0.868,Transit,2014.0,746.927
Kepler-56 b,Kepler-56,6.51,22.1,10.5016,0.1028,1378.0,4840.0,4.23,1.32,Transit,2012.0,912.994
WASP-16 b,WASP-16,13.67498,394.1092,3.1186,0.0415,1389.0,5700.0,1.14,1.78,Transit,2009.0,194.134
WASP-17 b,WASP-17,20.96083,247.9074,3.73543,0.0515,1755.0,6550.0,1.49,2.28,Transit,2009.0,405.908
GJ 1132 b,GJ 1132,1.19151465,1.83704819246,1.62892911,0.0157,583.8,3229.0,0.2211,0.1945,Transit,2015.0,12.613
HAT-P-54 b,HAT-P-54,10.581296,241.5508,3.799847,0.04117,818.0,4390.0,0.617,0.645,Transit,2015.0,143.651
Kepler-148 c,Kepler-148,3.6,,4.180043,0.05,957.0,5272.0,0.851,0.86,Transit,2014.0,791.163
Kepler-179 b,Kepler-179,1.64,,2.735926,0.036,1075.0,5302.0,0.759,0.893,Transit,2014.0,605.68
Kepler-303 b,Kepler-303,0.89,,1.937055,0.024,802.0,3944.0,0.485,0.575,Transit,2014.0,209.738
Kepler-260 b,Kepler-260,2.01,,8.187399,0.075,782.0,5250.0,0.862,1.013,Transit,2014.0,627.365
Kepler-226 b,Kepler-226,1.55,24.0,3.940997,0.047,1018.0,5571.0,0.802,0.904,Transit,2014.0,980.138
WASP-26 b,WASP-26,13.56289,270.1555,2.7566,0.04,1650.0,6034.0,1.22,0.86,Transit,2010.0,252.759
WASP-33 b,WASP-33,17.855937,665.21819,1.21987,0.0239,2781.7,7430.0,1.444,1.495,Transit,2010.0,121.944
HATS-14 b,HATS-14,11.646151,340.39593,2.7667641,0.03815,1276.0,5346.0,0.933,0.967,Transit,2015.0,513.011
Kepler-1162 b,Kepler-1162,2.21,,32.5637069,0.19,490.0,5390.0,0.84,0.89,Transit,2016.0,940.211
Kepler-1126 b,Kepler-1126,1.73,,108.593329,0.41251,374.0,5798.0,0.93,0.92,Transit,2016.0,635.736
Kepler-165 c,Kepler-165,2.23,,15.31299,0.11,581.0,5211.0,0.77,0.746,Transit,2014.0,560.885
Kepler-197 d,Kepler-197,1.22,,15.677563,0.119,810.0,6004.0,1.12,0.857,Transit,2014.0,330.575
Kepler-125 b,Kepler-125,2.37,,4.164389,0.041,590.0,3810.0,0.512,0.542101,Transit,2014.0,183.365
Kepler-306 c,Kepler-306,2.35,,7.240193,0.067,716.0,4954.0,0.719,0.75,Transit,2014.0,775.679
KOI-351 e,KOI-351,2.66,,91.93913,0.42,450.0,6080.0,1.2,1.2,Transit,2013.0,848.254
KOI-351 c,KOI-351,1.19,,8.719375,0.089,987.0,6080.0,1.2,1.2,Transit,2013.0,848.254
Kepler-222 c,Kepler-222,4.64,,10.08881,0.091,734.0,5433.0,0.869,0.933,Transit,2014.0,758.854
Kepler-184 d,Kepler-184,2.49,,29.022358,0.179,559.0,5788.0,0.873,0.872,Transit,2014.0,610.326
Kepler-309 b,Kepler-309,1.56,,5.923653,0.059,531.0,4713.0,0.721,0.816,Transit,2014.0,544.568
Kepler-696 b,Kepler-696,6.14,,4.190425575,0.0535,1234.0,5903.0,1.08,1.06,Transit,2016.0,1416.44
Kepler-11 f,Kepler-11,2.49,2.0,46.6888,0.25,513.0,5663.0,1.065,0.961,Transit,2010.0,646.346
Kepler-11 e,Kepler-11,4.19,8.0,31.9996,0.195,582.0,5663.0,1.065,0.961,Transit,2010.0,646.346
Kepler-11 g,Kepler-11,3.33,25.0,118.3807,0.466,376.0,5663.0,1.065,0.961,Transit,2010.0,646.346
Kepler-166 c,Kepler-166,2.38,,34.260281,0.195,468.0,5413.0,0.742,0.811,Transit,2014.0,603.53
Kepler-275 b,Kepler-275,2.34,,10.300682,0.098,1015.0,6165.0,1.383,1.189,Transit,2014.0,2034.25
Kepler-1298 b,Kepler-1298,1.31,,7.12811928,0.0814,1373.0,6339.0,2.0,1.45,Transit,2016.0,544.163
Kepler-11 c,Kepler-11,2.87,2.9,13.0241,0.107,786.0,5663.0,1.065,0.961,Transit,2010.0,646.346
WASP-57 b,WASP-57,11.76945,204.68252,2.83891856,0.03769,1338.0,5600.0,0.927,0.886,Transit,2012.0,398.276
HAT-P-50 b,HAT-P-50,14.437192,429.0705,3.1220109,0.0453,1862.0,6280.0,1.698,1.273,Transit,2015.0,515.458
MOA-2008-BLG-379L b,MOA-2008-BLG-379L,13.0,1300.0,,2.7,,,,0.56,Microlensing,2013.0,3300.0
HD 13908 b,HD 13908,13.9,,19.382,0.154,,6255.0,1.67,1.29,Radial Velocity,2013.0,79.5515
Kepler-108 b,Kepler-108,8.65,,49.183921,0.292,669.0,5854.0,2.192,1.247,Transit,2014.0,338.732
Kepler-264 b,Kepler-264,3.33,,40.806231,0.249,772.0,6158.0,1.55,1.426,Transit,2014.0,942.173
Kepler-279 b,Kepler-279,3.62,4180.93,12.309681,0.112,1104.0,6363.0,1.746,1.2,Transit,2014.0,1037.4
Kepler-286 c,Kepler-286,1.37,,3.468095,0.042,1098.0,5580.0,0.863,0.83,Transit,2014.0,1226.85
GJ 667 C c,GJ 667 C,1.77,,28.14,0.125,,3350.0,,0.33,Radial Velocity,2013.0,7.24396
HD 13908 c,HD 13908,12.8,,931.0,2.03,,6255.0,1.67,1.29,Radial Velocity,2013.0,79.5515
HD 159243 b,HD 159243,13.7,,12.62,0.11,,6123.0,1.12,1.125,Radial Velocity,2013.0,73.3055
Kepler-261 b,Kepler-261,2.18,,10.381227,0.088,672.0,5098.0,0.794,0.834,Transit,2014.0,317.499
HIP 57274 c,HIP 57274,14.2,,32.03,0.178,,4640.0,0.68,0.73,Radial Velocity,2011.0,25.8618
Kepler-292 d,Kepler-292,2.23,,7.055679,0.068,808.0,5299.0,0.826,0.865,Transit,2014.0,1056.48
GJ 667 C f,GJ 667 C,1.45,,39.026,0.156,,3350.0,,0.33,Radial Velocity,2013.0,7.24396
HD 73526 c,HD 73526,13.3,,379.1,1.03,,5601.0,1.53,1.014,Radial Velocity,2005.0,97.2396
HD 106906 b,HD 106906,12.4,3496.0,,650.0,1800.0,6516.0,2.12351,1.5,Imaging,2013.0,103.029
Kepler-119 b,Kepler-119,3.6,,2.422082,0.035,1213.0,5595.0,0.839,0.918,Transit,2014.0,701.996
HD 220074 b,HD 220074,12.2,,672.09998,1.6,,3787.0,54.92,2.2,Radial Velocity,2012.0,324.54
Kepler-343 b,Kepler-343,2.41,,8.96855,0.088,1024.0,5807.0,1.433,1.055,Transit,2014.0,927.193
Kepler-282 d,Kepler-282,2.46,61.0,24.806,0.15837,588.0,5656.0,0.89,0.97,Transit,2013.0,1337.61
Kepler-619 b,Kepler-619,3.16,,5.404272197,0.06014,1073.0,5980.0,1.11,1.09,Transit,2016.0,900.678
Kepler-656 b,Kepler-656,3.12,,1.260259094,0.02231,1569.0,5281.0,0.82,0.86,Transit,2016.0,890.352
Kepler-273 b,Kepler-273,1.5,,2.936532,0.037,1209.0,5626.0,0.815,0.756,Transit,2014.0,713.964
Kepler-677 b,Kepler-677,5.38,,6.57531678,0.067,1015.0,5723.0,0.99,1.0,Transit,2016.0,1954.08
Kepler-306 b,Kepler-306,1.52,,4.646186,0.05,830.0,4954.0,0.719,0.75,Transit,2014.0,775.679
Kepler-267 d,Kepler-267,2.27,,28.464515,0.154,301.0,4258.0,0.555,0.541571,Transit,2014.0,264.993
DP Leo b,DP Leo,12.7,1995.88832,10220.0,8.19,,13500.0,0.0115,0.69,Eclipse Timing Variations,2009.0,305.684
Kepler-20 g,Kepler-20,4.71,,34.94,0.2055,524.0,5495.0,0.9639,0.948,Radial Velocity,2016.0,282.563
Kepler-19 c,Kepler-19,3.68,13.1,28.731,0.1765736996,,5544.0,0.859,0.936,Transit Timing Variations,2011.0,218.562
HAT-P-34 b,HAT-P-34,13.417173,1058.3739,5.452654,0.06774,1520.0,6442.0,1.53,1.392,Transit,2011.0,249.325
Kepler-549 c,Kepler-549,2.93,,117.040498,0.45332,349.0,5360.0,0.84,0.88,Transit,2016.0,635.145
Kepler-603 d,Kepler-603,1.32,,6.2171292,0.07117,1098.0,5808.0,1.01,1.01,Transit,2016.0,1539.63
WASP-37 b,WASP-37,13.002,572.07,3.577469,0.0446,1232.5,5800.0,1.003,0.925,Transit,2010.0,392.791
WASP-90 b,WASP-90,18.27067,200.2329,3.916243,0.0562,1840.0,6430.0,1.98,1.55,Transit,2016.0,466.433
K2-26 b,K2-26,2.67,,14.5665,0.0962,430.0,3785.0,0.52,0.56,Transit,2016.0,99.0504
Kepler-276 c,Kepler-276,2.9,16.6,31.884,0.18619,563.0,5693.0,1.03,1.1,Transit,2013.0,1144.86
Kepler-305 b,Kepler-305,3.6,10.5,5.487,0.05746,836.0,5080.0,0.8,0.76,Transit,2013.0,868.477
Kepler-266 b,Kepler-266,2.48,,6.61833,0.071,1066.0,5885.0,1.028,0.947,Transit,2014.0,1370.79
Kepler-121 c,Kepler-121,2.27,,41.008011,0.216,425.0,5311.0,0.701,0.859,Transit,2014.0,510.523
Kepler-338 d,Kepler-338,3.0,,44.431014,0.257,680.0,5923.0,1.735,1.105,Transit,2014.0,552.798
2MASS J01225093-2439505 b,2MASS J01225093-2439505,11.209,7786.5,,52.0,1600.0,3530.0,0.36645,0.4,Imaging,2013.0,33.8281
WASP-52 b,WASP-52,14.24,146.2,1.7497798,0.0272,1315.0,5000.0,0.79,0.87,Transit,2012.0,174.818
WASP-75 b,WASP-75,14.235,340.06,2.484193,0.0375,1710.0,6100.0,1.26,1.14,Transit,2013.0,294.001
WASP-135 b,WASP-135,14.5717,603.877,1.4013794,0.0243,1403.66,5675.0,0.96,0.98,Transit,2015.0,298.214
HD 20794 e,HD 20794,2.03,,147.02,0.509,,5401.0,0.93,0.813,Radial Velocity,2017.0,6.00278
HD 27894 c,HD 27894,8.24,,36.07,0.198,,4875.0,0.891767,0.8,Radial Velocity,2017.0,43.8214
Kepler-126 d,Kepler-126,2.5,,100.283134,0.448,475.0,6239.0,1.358,1.108,Transit,2014.0,237.401
Kepler-381 c,Kepler-381,1.12,,13.391635,0.117,1180.0,6152.0,1.568,1.144,Transit,2014.0,267.323
Kepler-249 d,Kepler-249,1.57,,15.368459,0.097,332.0,3568.0,0.482,0.510238,Transit,2014.0,190.401
Kepler-254 d,Kepler-254,2.5,,18.746477,0.139,686.0,5957.0,0.91,0.849,Transit,2014.0,1389.48
Kepler-619 c,Kepler-619,1.69,,1.208465026,0.02216,1767.0,5980.0,1.11,1.09,Transit,2016.0,900.678
Kepler-1610 b,Kepler-1610,1.61,,8.70181574,0.0777,750.0,5383.0,0.87,0.91,Transit,2016.0,864.331
Kepler-363 d,Kepler-363,2.05,,11.932125,0.107,905.0,5593.0,1.485,1.226,Transit,2014.0,762.596
Kepler-366 b,Kepler-366,1.46,,3.281959,0.045,1326.0,6209.0,1.048,1.088,Transit,2014.0,1856.28
Kepler-141 b,Kepler-141,0.69,,3.107675,0.039,968.0,4910.0,0.787,0.878,Transit,2014.0,301.183
Kepler-142 d,Kepler-142,2.16,,41.809118,0.242,582.0,5790.0,1.269,0.978,Transit,2014.0,548.686
Kepler-400 b,Kepler-400,1.65,,9.024389,0.087,939.0,5886.0,1.145,1.08,Transit,2014.0,845.97
Kepler-204 c,Kepler-204,1.79,,25.660593,0.173,683.0,5812.0,1.238,1.038,Transit,2014.0,686.723
Kepler-312 c,Kepler-312,3.15,,19.747412,0.153,754.0,6115.0,1.467,1.314,Transit,2014.0,797.72
Kepler-286 d,Kepler-286,1.33,,5.914323,0.061,919.0,5580.0,0.863,0.83,Transit,2014.0,1226.85
Kepler-91 b,Kepler-91,15.322703,257.4423,6.24658,0.0731,2040.0,4550.0,6.3,1.31,Transit,2013.0,1294.69
Kepler-1181 b,Kepler-1181,1.57,,4.89337519,0.0621,1374.0,6176.0,1.3,1.17,Transit,2016.0,938.417
Kepler-1489 b,Kepler-1489,1.77,,82.294751,0.3679,400.0,5655.0,0.9,0.93,Transit,2016.0,1283.05
Kepler-1491 b,Kepler-1491,1.51,,16.5861762,0.127,821.0,5728.0,0.99,1.0,Transit,2016.0,2065.59
CoRoT-7 b,CoRoT-7,1.68135,4.0766051771,0.85359163,0.017016,1756.0,5275.0,0.83,0.82,Transit,2009.0,159.906
HD 176986 d,HD 176986,2.49,,61.376,0.28149,363.0,4931.0,0.782,0.789,Radial Velocity,2026.0,27.7843
Kepler-354 b,Kepler-354,1.84,,5.47666,0.054,741.0,4648.0,0.674,0.652,Transit,2014.0,554.064
Kepler-368 b,Kepler-368,3.26,,26.84768,0.186,800.0,5502.0,2.019,1.165,Transit,2014.0,770.978
Kepler-135 b,Kepler-135,1.81,,6.00253,0.067,1209.0,6090.0,1.275,1.047,Transit,2014.0,621.855
Kepler-383 b,Kepler-383,1.32,,12.904532,0.095,545.0,4710.0,0.672,0.669,Transit,2014.0,470.0
HAT-P-66 b,HAT-P-66,17.82231,248.86089,2.972086,0.04363,1896.0,6002.0,1.881,1.255,Transit,2016.0,935.456
WASP-118 b,WASP-118,16.14096,163.36462,4.0460435,0.05453,1729.0,6410.0,1.696,1.32,Transit,2016.0,376.658
WASP-7 b,WASP-7,14.90797,305.1168,4.9546416,0.0617,1487.0,6400.0,1.432,1.276,Transit,2008.0,162.303
XO-4 b,XO-4,14.01125,451.3186,4.12508,0.05524,1630.0,6397.0,1.45,1.1,Transit,2010.0,272.655
KELT-2 A b,KELT-2 A,15.13215,540.311,4.11379,0.05497,2080.0,6327.0,1.93,1.54,Transit,2012.0,134.058
K2-30 b,K2-30,11.646151,184.02357,4.098503,0.04839,1092.0,5425.0,0.844,0.9,Transit,2016.0,333.042
WASP-101 b,WASP-101,16.02887,162.0933,3.58572,0.05057,1560.0,6380.0,1.31,1.41,Transit,2014.0,201.224
Kepler-104 c,Kepler-104,3.13,,23.668205,0.153,668.0,5711.0,1.349,0.818,Transit,2014.0,400.785
Kepler-369 c,Kepler-369,1.41,,14.871572,0.094,391.0,3591.0,0.471,0.5,Transit,2014.0,214.0
Kepler-371 b,Kepler-371,1.89,,34.763278,0.2,554.0,5666.0,0.992,0.876,Transit,2014.0,813.192
Kepler-147 b,Kepler-147,1.53,,12.610584,0.113,953.0,6012.0,1.468,1.145,Transit,2014.0,1042.02
Kepler-132 d,Kepler-132,1.55,,18.010199,0.136,758.0,6003.0,1.178,0.929,Transit,2014.0,349.549
Kepler-208 c,Kepler-208,1.39,,7.466623,0.079,1141.0,6092.0,1.314,1.082,Transit,2014.0,775.328
Kepler-487 c,Kepler-487,2.68,,38.6519976,0.21864,487.0,5444.0,0.88,0.91,Transit,2016.0,872.343
Kepler-316 c,Kepler-316,1.16,,6.827766,0.058,577.0,4204.0,0.52,0.587,Transit,2014.0,384.938
Kepler-313 b,Kepler-313,2.53,,14.970418,0.125,883.0,5727.0,1.536,1.114,Transit,2014.0,1079.39524871
Kepler-372 c,Kepler-372,2.09,,20.053763,0.154,755.0,6509.0,1.137,1.202,Transit,2014.0,1493.95
Kepler-373 b,Kepler-373,1.36,,5.535309,0.06,1054.0,5787.0,0.845,0.981,Transit,2014.0,1090.45
HD 176986 c,HD 176986,,2097.985314607,16.8124,0.11873,558.0,4931.0,0.782,0.789,Radial Velocity,2017.0,27.7843
Kepler-151 c,Kepler-151,2.09,,24.674612,0.16,544.0,5460.0,0.83,0.87,Transit,2014.0,649.919
Kepler-386 c,Kepler-386,1.58,,25.193458,0.155,513.0,5178.0,0.767,0.825,Transit,2014.0,882.462
Kepler-215 c,Kepler-215,1.77,,14.667108,0.113,675.0,5739.0,1.027,0.788,Transit,2014.0,485.997
Kepler-404 b,Kepler-404,1.27,,11.829851,0.102,730.0,5654.0,0.884,0.86,Transit,2014.0,812.524
NGTS-33 b,NGTS-33,18.38272835,1153.71711741,2.827972,0.048,1991.0,7437.0,1.47,1.6,Transit,2024.0,437.855
OGLE-2018-BLG-1428L b,OGLE-2018-BLG-1428L,14.0,240.0,,3.3,,,,0.43,Microlensing,2021.0,6220.0
HAT-P-30 b,HAT-P-30,16.14096,263.7989,2.8106,0.0419,1630.0,6304.0,1.31,1.55,Transit,2011.0,213.985
Kepler-317 b,Kepler-317,2.09,109.8,5.524242,0.061,976.0,5497.0,0.941,0.865,Transit,2014.0,940.584
Kepler-319 c,Kepler-319,2.63,,6.941357,0.069,876.0,5526.0,0.903,0.933,Transit,2014.0,503.436
Kepler-375 c,Kepler-375,2.65,,19.986326,0.141,720.0,5826.0,0.837,0.891,Transit,2014.0,1238.81
Kepler-356 c,Kepler-356,1.81,,13.121632,0.115,913.0,6133.0,1.335,1.163,Transit,2014.0,707.559
Kepler-387 b,Kepler-387,1.03,,6.791636,0.068,994.0,5774.0,1.046,0.85,Transit,2014.0,801.052
Kepler-388 b,Kepler-388,0.81,,3.173315,0.036,830.0,4498.0,0.586,0.635,Transit,2014.0,425.0
Kepler-224 e,Kepler-224,1.97,,18.643577,0.124,517.0,5018.0,0.676,0.777,Transit,2014.0,782.088
Kepler-226 d,Kepler-226,1.22,,8.109044,0.076,800.0,5571.0,0.802,0.904,Transit,2014.0,980.138
Kepler-348 b,Kepler-348,1.52,,7.05677,0.076,1196.0,6177.0,1.359,1.189,Transit,2014.0,570.783
Kepler-338 b,Kepler-338,2.44,30.6,13.726976,0.117,1005.0,5923.0,1.735,1.105,Transit,2014.0,552.798
Kepler-376 c,Kepler-376,1.79,,14.172327,0.115,873.0,5900.0,1.175,0.968,Transit,2014.0,923.067
Kepler-377 c,Kepler-377,2.06,,27.014976,0.182,677.0,5949.0,1.224,1.043,Transit,2014.0,823.804
Kepler-389 b,Kepler-389,1.51,,3.244107,0.041,1047.0,5376.0,0.792,0.765,Transit,2014.0,816.559
Kepler-118 b,Kepler-118,1.96,,7.518496,0.073,784.0,5274.0,1.094,0.811,Transit,2014.0,574.228
Kepler-123 c,Kepler-123,1.48,,26.695074,0.181,706.0,6089.0,1.264,1.079,Transit,2014.0,1021.66
Kepler-243 c,Kepler-243,1.99,,20.026218,0.142,559.0,5228.0,0.842,0.904,Transit,2014.0,693.86
GJ 3470 b,GJ 3470,4.57,13.9,3.3366496,0.0355,593.5,3600.0,0.547,0.539,Radial Velocity,2012.0,29.4214
Kepler-379 c,Kepler-379,2.29,,62.784697,0.326,530.0,6054.0,1.306,1.125,Transit,2014.0,731.274
Kepler-112 c,Kepler-112,2.4,,28.574263,0.172,538.0,5544.0,0.841,0.782,Transit,2014.0,513.206
Kepler-137 c,Kepler-137,1.88,,18.735753,0.13,568.0,5187.0,0.802,0.85,Transit,2014.0,302.979
Kepler-390 b,Kepler-390,0.82,,6.738088,0.065,786.0,5166.0,0.776,0.787,Transit,2014.0,435.277
K2-400 b,K2-400,1.163,,3.865053,,,3578.0,0.382,0.374,Transit,2022.0,62.3804
HD 6860 b,HD 6860,11.9,,663.87,2.03,,3802.0,86.4,2.49,Radial Velocity,2023.0,61.12469
WASP-155 b,WASP-155,13.45077684,276.828542497,3.110413,0.043,1468.0,5660.0,1.24,1.09,Transit,2025.0,399.63
Kepler-351 c,Kepler-351,3.19,11.1,57.24809,0.287,431.0,5643.0,0.854,0.81,Transit,2014.0,1083.91
Kepler-327 b,Kepler-327,1.11,,2.549575,0.029,682.0,3799.0,0.492,0.591913,Transit,2014.0,241.987
Kepler-114 b,Kepler-114,1.26,1.09,5.188549,0.053,586.0,4605.0,0.667,0.77,Transit,2014.0,259.533
Kepler-358 c,Kepler-358,2.85,,83.488369,0.381,411.0,5908.0,0.954,0.94,Transit,2014.0,1101.1
Kepler-169 c,Kepler-169,1.21,,6.195469,0.062,776.0,4997.0,0.763,0.825,Transit,2014.0,406.529
Kepler-236 b,Kepler-236,1.57,,8.295611,0.065,469.0,3750.0,0.51,0.596005,Transit,2014.0,288.763
Kepler-141 c,Kepler-141,1.41,,7.010606,0.067,738.0,4910.0,0.787,0.878,Transit,2014.0,301.183
Kepler-858 b,Kepler-858,4.87,,76.13602028,0.33939,399.0,5653.0,0.91,0.96,Transit,2016.0,298.532
Kepler-855 b,Kepler-855,8.35,,7.886631104,0.0762,996.0,5835.0,1.03,1.03,Transit,2016.0,1506.58
Kepler-321 c,Kepler-321,2.32,,13.093921,0.11,752.0,5740.0,1.194,1.024,Transit,2014.0,384.542
Kepler-349 b,Kepler-349,1.9,94.5,5.929778,0.065,972.0,5956.0,0.927,1.083,Transit,2014.0,940.724
Kepler-353 c,Kepler-353,1.38,,8.410894,0.065,472.0,3903.0,0.504,0.553,Transit,2014.0,384.694
Kepler-359 c,Kepler-359,4.3,2.9,57.68802,0.307,512.0,6248.0,1.086,0.827,Transit,2014.0,1443.21
Kepler-173 b,Kepler-173,1.29,,4.263742,0.048,1179.0,6031.0,0.949,1.067,Transit,2014.0,833.165
K2-29 b,K2-29,13.33871,232.0159,3.2588321,0.04217,1171.0,5358.0,0.86,0.94,Transit,2016.0,178.475
Kepler-180 b,Kepler-180,1.5,,13.817124,0.109,781.0,5731.0,1.063,0.95,Transit,2014.0,695.65
Kepler-244 d,Kepler-244,2.31,15.2,20.050401,0.14,622.0,5554.0,0.803,0.933,Transit,2014.0,1036.49
Kepler-254 c,Kepler-254,2.15,3.2,12.412183,0.105,787.0,5957.0,0.91,0.849,Transit,2014.0,1389.48
WASP-92 b,WASP-92,16.376349,255.85315,2.1746742,0.0348,1871.0,6280.0,1.341,1.19,Transit,2016.0,575.889
TOI-6109 b,TOI-6109,4.8704,,5.690476,0.0599,700.0,5660.0,1.021,1.03,Transit,2025.0,151.738
Kepler-619 d,Kepler-619,4.17,,11.67894236,0.1021,830.0,6122.0,0.964,1.041,Transit,2023.0,900.678
Kepler-138 d,Kepler-138,1.51,2.1,23.0923,0.1288,345.0,3841.0,0.535,0.535,Transit,2014.0,66.8624
Kepler-330 c,Kepler-330,1.95,,15.955387,0.116,573.0,5117.0,0.722,0.848,Transit,2014.0,717.527
Kepler-1243 b,Kepler-1243,1.75,,16.8320729,0.1256,690.0,5667.0,0.94,0.96,Transit,2016.0,758.17
Kepler-360 b,Kepler-360,1.65,,3.289672,0.044,1116.0,6053.0,1.058,0.994,Transit,2014.0,876.044
Kepler-49 e,Kepler-49,1.56,1.03815,18.596108,0.116,371.0,4252.0,0.559,0.549,Transit,2014.0,311.222
Kepler-140 b,Kepler-140,1.61,,3.25427,0.045,1301.0,6077.0,1.288,1.044,Transit,2014.0,583.859
Kepler-122 d,Kepler-122,2.2,,21.587475,0.155,747.0,6050.0,1.216,0.982,Transit,2014.0,1027.45
HIP 113103 b,HIP 113103,1.829,,7.610303,0.06899,721.0,4930.0,0.742,0.761,Transit,2023.0,46.2122
HD 28109 d,HD 28109,3.11,5.8,84.2899,0.411,561.0,6189.0,1.425,1.227,Transit,2022.0,139.611
Kepler-37 c,Kepler-37,0.755,1.3,21.301848,0.139,615.0,5357.0,0.789,0.79,Transit,2013.0,63.9207
Kepler-268 c,Kepler-268,3.38,,83.446393,0.391,471.0,6081.0,1.274,1.109,Transit,2014.0,851.87
Kepler-171 c,Kepler-171,2.56,,11.463462,0.098,752.0,5642.0,0.839,0.978,Transit,2014.0,863.855
Kepler-133 c,Kepler-133,2.84,,31.517586,0.204,663.0,5736.0,1.425,1.02,Transit,2014.0,653.6
Kepler-185 b,Kepler-185,1.17,,1.6329,0.026,1237.0,5208.0,0.806,0.763,Transit,2014.0,466.735
WASP-50 b,WASP-50,13.069694,466.828704,1.9551,0.0293,1394.84,5400.0,0.843,0.892,Transit,2011.0,184.848
HD 167768 b,HD 167768,13.9,,20.6532,0.1512,,4851.0,9.7,1.08,Radial Velocity,2022.0,107.214
Kepler-346 b,Kepler-346,2.66,,6.511127,0.071,1008.0,6033.0,1.021,0.943,Transit,2014.0,984.105
Kepler-718 b,Kepler-718,16.56,,2.052349905,0.0322,1497.0,6191.0,1.3,1.18,Transit,2016.0,1302.33
Kepler-720 b,Kepler-720,8.41,,4.708326542,0.0539,1162.0,5618.0,0.92,0.95,Transit,2016.0,1065.37
Kepler-1241 b,Kepler-1241,2.63,,18.5525701,0.1336,612.0,5261.0,0.8,0.84,Transit,2016.0,968.722
Kepler-495 b,Kepler-495,5.23,,3.413036221,0.0427,1200.0,5346.0,0.83,0.86,Transit,2016.0,658.924
Kepler-281 b,Kepler-281,2.82,324.0,14.646008,0.117,694.0,5723.0,0.899,0.95,Transit,2014.0,1745.45
Kepler-288 b,Kepler-288,1.67,,6.097326,0.065,1197.0,5918.0,1.091,0.842,Transit,2014.0,1194.15
Kepler-394 b,Kepler-394,1.6,,8.005013,0.083,1035.0,6402.0,1.132,0.87,Transit,2014.0,1058.72
Kepler-189 b,Kepler-189,1.21,,10.399931,0.088,678.0,5235.0,0.75,0.803,Transit,2014.0,591.534
HD 27894 d,HD 27894,12.7,2063.659846651,5019.54244,5.362,,4875.0,0.891767,0.81,Radial Velocity,2017.0,43.8214
TOI-2986 b,TOI-2986,9.292245,96.619835728,3.2783662,0.04489,1622.0,5906.0,1.458,1.122,Transit,2025.0,563.149
WASP-154 b,WASP-154,10.76062147,198.960582782,3.811678,0.044,994.0,4774.0,0.823,0.8,Transit,2025.0,215.501
Kepler-1990 c,Kepler-1990,0.98,,4.06844957,0.0504,1170.0,5751.0,1.071,1.028,Transit,2023.0,392.739
Kepler-148 b,Kepler-148,1.8,,1.729366,0.028,1284.0,5272.0,0.851,0.86,Transit,2014.0,791.163
Kepler-178 c,Kepler-178,2.88,,20.552802,0.142,656.0,5676.0,1.066,0.852,Transit,2014.0,716.025
Kepler-686 b,Kepler-686,12.15,,1.594745463,0.0258,1539.0,5649.0,0.92,0.94,Transit,2016.0,1490.94
Kepler-468 b,Kepler-468,13.34,,38.478757067,0.2213,484.0,5498.0,0.87,0.96,Transit,2016.0,442.871
Kepler-953 c,Kepler-953,1.19,,9.10967112,0.0862,873.0,5416.0,0.99,0.95,Transit,2016.0,258.893
Kepler-342 b,Kepler-342,2.25,,15.170318,0.128,905.0,6175.0,1.472,1.213,Transit,2014.0,781.611
Kepler-334 c,Kepler-334,1.43,,12.758005,0.107,822.0,5828.0,1.068,1.022,Transit,2014.0,426.59
Kepler-291 c,Kepler-291,1.88,,5.700786,0.065,1035.0,6002.0,1.016,1.023,Transit,2014.0,1786.48
Kepler-298 c,Kepler-298,1.93,,22.92881,0.136,416.0,4465.0,0.582,0.66,Transit,2014.0,518.204
Kepler-190 c,Kepler-190,1.46,,3.763024,0.045,948.0,5106.0,0.795,0.834,Transit,2014.0,433.387
Kepler-191 c,Kepler-191,1.86,,17.738506,0.128,596.0,5282.0,0.789,0.857,Transit,2014.0,594.464
BD-08 2823 c,BD-08 2823,12.5,,237.6,0.68,,4746.0,0.71,0.74,Radial Velocity,2009.0,41.3342
HD 10180 f,HD 10180,5.24,,122.744,0.4929,,5911.0,1.109,1.06,Radial Velocity,2010.0,38.9607
Kepler-207 c,Kepler-207,1.5,,3.071571,0.044,1556.0,5920.0,1.588,1.313,Transit,2014.0,875.519
Kepler-224 b,Kepler-224,1.39,,3.132924,0.038,937.0,5018.0,0.676,0.777,Transit,2014.0,782.088
TOI-5678 b,TOI-5678,4.91,20.0,47.73022,0.249,513.0,5485.0,0.938,0.905,Transit,2023.0,165.393
TOI-836.01,TOI-836,2.587,9.6,8.59545,0.075,665.0,4552.0,0.665,0.678,Transit,2021.0,27.5024
HIP 75092 b,HIP 75092,13.5,,926.4,2.02,,4891.0,4.53,1.28,Radial Velocity,2021.0,81.6696
Kepler-337 c,Kepler-337,2.05,,9.693201,0.093,1017.0,5684.0,1.761,1.081,Transit,2014.0,677.975
Kepler-299 d,Kepler-299,1.86,,15.054786,0.118,729.0,5617.0,1.032,1.004,Transit,2014.0,1052.24
Kepler-953 b,Kepler-953,4.21,,88.40655258,0.392,410.0,5416.0,0.99,0.95,Transit,2016.0,258.893
Kepler-493 b,Kepler-493,15.13,,3.003876581,0.0439,1438.0,6457.0,1.54,1.36,Transit,2016.0,1745.77
Kepler-303 c,Kepler-303,1.14,,7.061149,0.057,521.0,3944.0,0.485,0.575,Transit,2014.0,209.738
Kepler-137 b,Kepler-137,1.47,,8.436387,0.077,742.0,5187.0,0.802,0.85,Transit,2014.0,302.979
WASP-77 A b,WASP-77 A,13.56,529.3114290178,1.360029395,0.023233633,1674.0,5617.0,0.91,0.903,Transit,2012.0,105.166
HD 22946 d,HD 22946,2.607,26.57,47.42489,0.2958,546.0,6169.0,1.117,1.098,Transit,2023.0,62.7792
Kepler-68 e,Kepler-68,11.2,,3455.0,4.6,,5847.0,1.2564,1.057,Radial Velocity,2023.0,144.166
Kepler-228 b,Kepler-228,1.53,,2.566546,0.038,1360.0,6043.0,1.014,1.006,Transit,2014.0,1644.61
Kepler-238 c,Kepler-238,2.39,152.522,6.155557,0.069,1146.0,5751.0,1.43,1.229,Transit,2014.0,1798.75
KOI-7368 b,KOI-7368,2.22,,6.8430344,0.0678,805.0,5241.0,0.874,0.879,Transit,2022.0,264.995
TOI-6008 b,TOI-6008,1.03,4.0,0.8574347,0.010777,707.0,3075.0,0.242,0.23,Transit,2024.0,23.1008
HD 102329 b,HD 102329,12.6,,778.09998,1.81,,4745.0,9.82,3.21,Radial Velocity,2011.0,217.107
Kepler-188 b,Kepler-188,1.68,,2.061897,0.032,1463.0,6021.0,1.141,1.021,Transit,2014.0,968.544
Kepler-126 b,Kepler-126,1.52,,10.495711,0.099,1009.0,6239.0,1.358,1.108,Transit,2014.0,237.401
HD 134606 c,HD 134606,3.37,,58.883,0.3007,,5576.0,1.158,1.046,Radial Velocity,2024.0,26.7909
TOI-1422 b,TOI-1422,3.83,9.5,12.99894,0.107,870.0,5840.0,1.019,0.9903,Transit,2022.0,155.141
HD 114783 b,HD 114783,13.7,,493.7,1.16,,5135.0,0.840622,0.853,Radial Velocity,2001.0,21.0628
GJ 357 c,GJ 357,1.66,,9.1247,0.061,401.2,3505.0,0.337,0.342,Radial Velocity,2019.0,9.44181
Kepler-136 c,Kepler-136,1.99,,16.399235,0.133,847.0,6165.0,1.355,1.204,Transit,2014.0,420.818
Kepler-198 c,Kepler-198,2.47,,49.567416,0.259,465.0,5574.0,0.94,0.995,Transit,2014.0,495.358
Kepler-398 b,Kepler-398,0.93,,4.081423,0.044,755.0,4493.0,0.613,0.649,Transit,2014.0,177.355
Kepler-244 c,Kepler-244,2.05,,9.767292,0.087,791.0,5554.0,0.803,0.933,Transit,2014.0,1036.49
Kepler-247 b,Kepler-247,1.64,,3.33616,0.042,970.0,5100.0,0.768,0.887,Transit,2014.0,663.711
TOI-5786 b,TOI-5786,8.54,73.0,12.779107,0.114,1040.0,6235.0,1.36,1.23,Transit,2025.0,192.475
KMT-2021-BLG-0192L b,KMT-2021-BLG-0192L,6.56,34.96112477,,1.62,,,,0.27,Microlensing,2022.0,5120.0
TOI-4914 b,TOI-4914,12.87,227.0,10.60057,0.098,894.0,5805.0,1.0,1.03,Transit,2024.0,299.89
K2-185 c,K2-185,2.39,,52.713494,,477.0,5788.0,0.94,0.96,Transit,2018.0,268.357
Kepler-301 d,Kepler-301,1.75,,13.751243,0.112,725.0,5815.0,0.9,1.022,Transit,2014.0,719.166
Kepler-301 c,Kepler-301,1.35,,5.419026,0.06,989.0,5815.0,0.9,1.022,Transit,2014.0,719.166
Kepler-342 d,Kepler-342,2.49,,39.459357,0.242,658.0,6175.0,1.472,1.213,Transit,2014.0,781.611
Kepler-191 b,Kepler-191,1.34,,9.939632,0.087,722.0,5282.0,0.789,0.857,Transit,2014.0,594.464
Kepler-194 d,Kepler-194,2.4,,52.814973,0.275,562.0,6089.0,1.025,0.94,Transit,2014.0,1097.97
Kepler-208 e,Kepler-208,1.48,,16.259458,0.132,880.0,6092.0,1.314,1.082,Transit,2014.0,775.328
Kepler-344 c,Kepler-344,2.95,,125.596809,0.488,360.0,5774.0,0.976,0.931,Transit,2014.0,1002.94
Kepler-304 d,Kepler-304,2.75,,9.653471,0.08,611.0,4731.0,0.687,0.737,Transit,2014.0,434.684
Kepler-304 c,Kepler-304,2.17,,5.315946,0.054,746.0,4731.0,0.687,0.737,Transit,2014.0,434.684
Kepler-81 d,Kepler-81,1.21,,20.837846,0.128,418.0,4500.0,0.595,0.648,Transit,2014.0,348.291
Kepler-548 b,Kepler-548,11.99,,4.454194338,0.0495,1017.0,5535.0,0.9,0.93,Transit,2016.0,751.776
Kepler-723 b,Kepler-723,12.19,,4.082275068,0.0479,1016.0,5539.0,0.89,0.92,Transit,2016.0,1071.8
Kepler-197 e,Kepler-197,0.91,,25.209715,0.164,691.0,6004.0,1.12,0.857,Transit,2014.0,330.575
Kepler-200 c,Kepler-200,1.59,,10.222157,0.09,806.0,5678.0,0.944,0.972,Transit,2014.0,665.912
Kepler-346 c,Kepler-346,3.07,,23.851549,0.168,654.0,6033.0,1.021,0.943,Transit,2014.0,984.105
Kepler-350 b,Kepler-350,1.85,16.9,11.189562,0.104,1037.0,6186.0,1.534,1.19,Transit,2014.0,956.859
Kepler-306 e,Kepler-306,2.27,,44.840975,0.227,390.0,4954.0,0.719,0.75,Transit,2014.0,775.679
Kepler-84 e,Kepler-84,2.6,,27.434389,0.181,672.0,6031.0,1.169,1.06,Transit,2014.0,1023.9
Kepler-265 e,Kepler-265,2.59,,67.831024,0.319,476.0,5835.0,1.103,0.97,Transit,2014.0,1280.25
Kepler-217 c,Kepler-217,1.85,,8.586004,0.089,1208.0,6171.0,1.799,1.342,Transit,2014.0,1104.64
Kepler-220 d,Kepler-220,0.98,,28.122397,0.163,401.0,4632.0,0.666,0.729,Transit,2014.0,171.109
Kepler-351 b,Kepler-351,3.06,4.8,37.054919,0.214,498.0,5643.0,0.854,0.81,Transit,2014.0,1083.91
Kepler-352 b,Kepler-352,0.86,,10.05537,0.085,694.0,5212.0,0.781,0.798,Transit,2014.0,252.733
Kepler-84 d,Kepler-84,1.38,,4.224537,0.052,1254.0,6031.0,1.169,1.06,Transit,2014.0,1023.9
Kepler-310 d,Kepler-310,2.47,7.0,92.876125,0.392,353.0,5797.0,0.876,0.854,Transit,2014.0,602.268
Kepler-282 b,Kepler-282,1.01,,9.220524,0.082,817.0,5602.0,0.904,0.86,Transit,2014.0,1337.61
Kepler-282 c,Kepler-282,1.2,,13.638723,0.106,717.0,5602.0,0.904,0.86,Transit,2014.0,1337.61
Kepler-220 e,Kepler-220,1.33,,45.902733,0.226,341.0,4632.0,0.666,0.729,Transit,2014.0,171.109
Kepler-154 c,Kepler-154,2.95,,62.303276,0.303,454.0,5690.0,1.001,0.933,Transit,2014.0,915.212
Kepler-353 b,Kepler-353,0.89,,5.795278,0.051,534.0,3903.0,0.504,0.553,Transit,2014.0,384.694
Kepler-85 e,Kepler-85,1.27,0.6,25.216751,0.163,559.0,5436.0,0.893,0.947,Transit,2014.0,765.025
Kepler-55 e,Kepler-55,1.55,,4.617534,0.048,728.0,4503.0,0.619,0.631,Transit,2014.0,578.796
Kepler-310 b,Kepler-310,1.19,,13.930698,0.111,665.0,5797.0,0.876,0.854,Transit,2014.0,602.268
Kepler-286 e,Kepler-286,1.77,,29.221289,0.176,539.0,5580.0,0.863,0.83,Transit,2014.0,1226.85
Kepler-368 c,Kepler-368,3.88,,72.379334,0.36,575.0,5502.0,2.019,1.165,Transit,2014.0,770.978
Kepler-356 b,Kepler-356,1.57,,4.612696,0.057,1294.0,6133.0,1.335,1.163,Transit,2014.0,707.559
Kepler-354 d,Kepler-354,1.24,,24.209842,0.146,451.0,4648.0,0.674,0.652,Transit,2014.0,554.064
Kepler-313 c,Kepler-313,2.57,,32.273273,0.208,683.0,5727.0,1.536,1.114,Transit,2014.0,1079.39524871
Kepler-142 b,Kepler-142,1.99,,2.024152,0.032,1597.0,5790.0,1.269,0.978,Transit,2014.0,548.686
Kepler-487 b,Kepler-487,11.42,,15.358768403,0.11819,662.0,5444.0,0.88,0.91,Transit,2016.0,872.343
Kepler-506 b,Kepler-506,2.73,,6.8834055,0.07437,1080.0,6236.0,1.19,1.19,Transit,2016.0,228.439
K2-419 A b,K2-419 A,10.55,196.0,20.35847252,0.1208,377.0,3711.0,0.541,0.562,Transit,2024.0,268.685
TOI-4794 b,TOI-4794,14.35870428,308.29355479,3.5658116,0.0492,1673.0,6390.0,1.451,1.25,Transit,2025.0,543.008
K2-398 c,K2-398,5.098,,18.787839,,,5946.0,1.239,0.945,Transit,2022.0,606.992
Kepler-299 e,Kepler-299,1.87,,38.285489,0.22,534.0,5617.0,1.032,1.004,Transit,2014.0,1052.24
Kepler-372 b,Kepler-372,1.36,,6.849692,0.075,1081.0,6509.0,1.137,1.202,Transit,2014.0,1493.95
Kepler-378 c,Kepler-378,0.7,,28.906009,0.166,414.0,4661.0,0.671,0.78,Transit,2014.0,152.094
Kepler-357 c,Kepler-357,2.67,,16.85837,0.12,576.0,5036.0,0.834,0.794,Transit,2014.0,688.573
Kepler-308 c,Kepler-308,2.16,,15.38231,0.123,714.0,5895.0,0.941,0.92,Transit,2014.0,1335.92
Kepler-124 b,Kepler-124,0.73,,3.410493,0.039,892.0,4984.0,0.636,0.706,Transit,2014.0,420.046
Kepler-235 b,Kepler-235,2.23,,3.340222,0.037,731.0,4255.0,0.554,0.581,Transit,2014.0,428.018
Kepler-392 c,Kepler-392,1.1,,10.423118,0.093,901.0,5938.0,1.129,0.874,Transit,2014.0,681.428
Kepler-360 c,Kepler-360,2.1,,7.186434,0.075,860.0,6053.0,1.058,0.994,Transit,2014.0,876.044
Kepler-363 b,Kepler-363,1.16,,3.614568,0.048,1347.0,5593.0,1.485,1.226,Transit,2014.0,762.596
Kepler-319 d,Kepler-319,2.29,,31.781925,0.191,528.0,5526.0,0.903,0.933,Transit,2014.0,503.436
Kepler-319 b,Kepler-319,1.63,,4.362705,0.051,1023.0,5526.0,0.903,0.933,Transit,2014.0,503.436
Kepler-398 c,Kepler-398,1.01,,11.419412,0.087,536.0,4493.0,0.613,0.649,Transit,2014.0,177.355
Kepler-399 b,Kepler-399,0.96,,14.425281,0.103,773.0,5502.0,0.68,0.902,Transit,2014.0,740.537
Kepler-379 b,Kepler-379,1.66,,20.09838,0.152,775.0,6054.0,1.306,1.125,Transit,2014.0,731.274
Kepler-198 b,Kepler-198,2.82,,17.790037,0.131,655.0,5574.0,0.94,0.995,Transit,2014.0,495.358
Kepler-372 d,Kepler-372,1.69,,30.092568,0.201,660.0,6509.0,1.137,1.202,Transit,2014.0,1493.95
Kepler-146 b,Kepler-146,3.71,,31.158799,0.2,639.0,5948.0,1.208,1.079,Transit,2014.0,716.797
Kepler-250 b,Kepler-250,1.13,,4.148141,0.048,938.0,5160.0,0.805,0.806,Transit,2014.0,760.585
Kepler-390 c,Kepler-390,0.79,,13.060022,0.101,630.0,5166.0,0.776,0.787,Transit,2014.0,435.277
Kepler-373 c,Kepler-373,1.24,,16.725948,0.126,729.0,5787.0,0.845,0.981,Transit,2014.0,1090.45
Kepler-326 b,Kepler-326,1.52,44.6,2.248329,0.032,1127.0,5105.0,0.801,0.91,Transit,2014.0,487.675
Kepler-325 c,Kepler-325,2.54,,12.762172,0.105,721.0,5752.0,1.003,0.914,Transit,2014.0,823.242
Kepler-46 d,Kepler-46,1.64,,6.766589,0.067,845.0,5309.0,0.79,0.883,Transit,2014.0,777.06
Kepler-142 c,Kepler-142,2.86,,4.761702,0.057,1201.0,5790.0,1.269,0.978,Transit,2014.0,548.686
Kepler-374 d,Kepler-374,1.31,,5.028219,0.056,1272.0,5977.0,0.911,1.033,Transit,2014.0,1265.61
Kepler-375 b,Kepler-375,1.45,,12.125934,0.101,851.0,5826.0,0.837,0.891,Transit,2014.0,1238.81
Kepler-256 b,Kepler-256,1.59,,1.620493,0.027,1681.0,5551.0,1.301,1.037,Transit,2014.0,1026.43
Kepler-327 d,Kepler-327,1.73,,13.969457,0.09,387.0,3799.0,0.492,0.591913,Transit,2014.0,241.987
Kepler-403 c,Kepler-403,1.75,,54.280749,0.297,604.0,6090.0,1.329,1.299,Transit,2014.0,840.269
Kepler-209 c,Kepler-209,3.1,,41.749882,0.231,486.0,5513.0,0.935,0.971,Transit,2014.0,576.946
Kepler-246 c,Kepler-246,1.5,,11.187161,0.095,667.0,5206.0,0.831,0.853,Transit,2014.0,626.078
Kepler-250 d,Kepler-250,2.18,,17.648312,0.127,579.0,5160.0,0.805,0.806,Transit,2014.0,760.585
Kepler-376 b,Kepler-376,1.07,,4.920199,0.057,1242.0,5900.0,1.175,0.968,Transit,2014.0,923.067
Kepler-380 c,Kepler-380,1.27,,7.630004,0.078,1056.0,6045.0,1.224,0.99,Transit,2014.0,813.713
Kepler-130 d,Kepler-130,1.64,,87.517905,0.377,451.0,5884.0,1.127,0.927,Transit,2014.0,316.663
Kepler-252 b,Kepler-252,1.23,,6.668391,0.058,587.0,4208.0,0.549,0.61,Transit,2014.0,379.424
Kepler-255 b,Kepler-255,1.55,,5.714606,0.063,971.0,5573.0,0.933,0.867,Transit,2014.0,1052.53
Kepler-381 b,Kepler-381,0.99,,5.629021,0.066,1576.0,6152.0,1.568,1.144,Transit,2014.0,267.323
Kepler-383 c,Kepler-383,1.24,,31.200751,0.172,406.0,4710.0,0.672,0.669,Transit,2014.0,470.0
Kepler-331 d,Kepler-331,1.64,,32.134328,0.159,346.0,4347.0,0.492,0.653,Transit,2014.0,580.119
Kepler-333 c,Kepler-333,1.11,,24.08821,0.135,386.0,4259.0,0.534,0.601,Transit,2014.0,324.413
HATS-33 b,HATS-33,13.78707,378.85336,2.5495551,0.03727,1429.0,5659.0,1.022,1.062,Transit,2016.0,248.46
TOI-2154 b,TOI-2154,16.28664896,292.40213444,3.8240801,0.0513,1580.0,6280.0,1.396,1.233,Transit,2023.0,296.46
L 98-59 f,L 98-59,1.48,,23.064,0.1052,285.0,3415.0,0.3155,0.2923,Radial Velocity,2025.0,10.6194
TOI-4666 b,TOI-4666,12.53164042,155.418091023,2.9089165,0.034,695.0,3793.0,0.585,0.576,Transit,2025.0,154.749
WASP-194 b,WASP-194,15.47960235,373.130549818,3.183387,0.047,1693.0,6405.0,1.409,1.29,Transit,2025.0,476.831
HD 147379 b,HD 147379,4.94,,86.58,0.3193,,4090.0,0.628304,0.58,Radial Velocity,2017.0,10.7643
TOI-2338 b,TOI-2338,11.2089807,1900.61387386,22.65398,0.158,799.0,5581.0,1.05,0.99,Transit,2023.0,313.996
Kepler-1979 b,Kepler-1979,29.33,,18.5084526,0.1383,683.0,5942.0,0.938,1.028,Transit,2023.0,1076.27
K2-407 c,K2-407,1.36,,9.22453,,,5563.0,0.927,0.881,Transit,2022.0,218.376
K2-55 b,K2-55,4.43,44.0,2.849271,0.03486,900.0,4300.0,0.715,0.688,Transit,2016.0,159.522
K2-60 b,K2-60,7.655747,135.39558,3.00265,0.045,1400.0,5500.0,1.12,0.97,Transit,2016.0,491.87
Kepler-405 c,Kepler-405,4.66,,29.726682,0.188,557.0,5818.0,0.893,0.873,Transit,2014.0,1065.08
Kepler-256 d,Kepler-256,2.48,,5.839172,0.064,1097.0,5551.0,1.301,1.037,Transit,2014.0,1026.43
Kepler-258 c,Kepler-258,3.61,,33.653079,0.193,470.0,4942.0,0.915,0.82,Transit,2014.0,575.988
Kepler-387 c,Kepler-387,0.89,,11.837549,0.098,826.0,5774.0,1.046,0.85,Transit,2014.0,801.052
Kepler-334 d,Kepler-334,1.41,,25.09849,0.168,656.0,5828.0,1.068,1.022,Transit,2014.0,426.59
Kepler-336 b,Kepler-336,1.02,,2.024823,0.033,1625.0,5867.0,1.304,1.09,Transit,2014.0,768.86
Kepler-149 c,Kepler-149,1.61,,55.328328,0.281,436.0,5381.0,0.953,1.013,Transit,2014.0,571.034
Kepler-393 c,Kepler-393,1.33,,14.613612,0.124,901.0,6189.0,1.382,1.256,Transit,2014.0,881.404
Kepler-292 c,Kepler-292,1.47,,3.715335,0.045,1001.0,5299.0,0.826,0.865,Transit,2014.0,1056.48
Kepler-337 b,Kepler-337,1.54,,3.292781,0.045,1458.0,5684.0,1.761,1.081,Transit,2014.0,677.975
Kepler-338 c,Kepler-338,2.34,,24.310856,0.172,831.0,5923.0,1.735,1.105,Transit,2014.0,552.798
K2-405 b,K2-405,4.569,,3.435471,,969.0,4927.0,0.765,1.034,Transit,2022.0,197.234
TOI-1346 c,TOI-1346,2.23,,5.502558,,928.0,5099.0,0.78,0.82,Transit,2025.0,115.45
Kepler-102 d,Kepler-102,1.154,3.0,10.311767,0.08618,686.0,4909.0,0.724,0.803,Transit,2014.0,107.796
HD 20329 b,HD 20329,1.72,7.42,0.926118,0.018,2141.0,5596.0,1.13,0.9,Transit,2022.0,63.6796
HIP 111909 c,HIP 111909,13.9,,893.63,1.97,,4891.0,4.53,1.28,Radial Velocity,2025.0,88.077
Kepler-158 d,Kepler-158,0.43,,0.645088,,,4895.97,0.668,0.656,Transit,2024.0,315.177
Kepler-169 f,Kepler-169,2.58,,87.090195,0.359,321.0,4997.0,0.763,0.825,Transit,2014.0,406.529
Kepler-265 b,Kepler-265,1.86,,6.846262,0.069,1022.0,5835.0,1.103,0.97,Transit,2014.0,1280.25
Kepler-269 c,Kepler-269,1.69,,8.127899,0.081,875.0,5847.0,0.959,0.92,Transit,2014.0,2257.32
Kepler-395 b,Kepler-395,1.03,,7.054346,0.061,576.0,4262.0,0.556,0.622827,Transit,2014.0,421.382
Kepler-298 d,Kepler-298,2.5,,77.473633,0.305,277.0,4465.0,0.582,0.66,Transit,2014.0,518.204
Kepler-339 c,Kepler-339,1.15,7.3,6.988055,0.069,914.0,5631.0,0.802,0.87,Transit,2014.0,616.637
Kepler-339 d,Kepler-339,1.17,14.7,10.558345,0.091,796.0,5631.0,0.802,0.87,Transit,2014.0,616.637
Kepler-171 d,Kepler-171,1.89,,39.595519,0.223,497.0,5642.0,0.839,0.978,Transit,2014.0,863.855
Kepler-174 d,Kepler-174,2.19,,247.35373,0.677,212.0,4880.0,0.622,0.602,Transit,2014.0,384.757
Kepler-272 d,Kepler-272,2.25,,10.937304,0.091,777.0,5297.0,0.929,0.91,Transit,2014.0,889.608
Kepler-206 d,Kepler-206,1.19,,23.44281,0.163,681.0,5764.0,1.185,0.957,Transit,2014.0,594.447
Kepler-122 c,Kepler-122,5.87,,12.465988,0.108,897.0,6050.0,1.216,0.982,Transit,2014.0,1027.45
Kepler-251 c,Kepler-251,2.77,,16.514043,0.122,655.0,5526.0,0.89,0.891,Transit,2014.0,924.625
Kepler-234 c,Kepler-234,3.51,,7.21205,0.077,1025.0,6224.0,1.113,1.129,Transit,2014.0,1733.1
KOI-1257 b,KOI-1257,10.54,460.83,86.647661,0.382,511.0,5520.0,1.13,0.99,Transit,2014.0,656.0
OGLE-2008-BLG-355L b,OGLE-2008-BLG-355L,12.9,1500.0,,1.7,,,,0.37,Microlensing,2014.0,6800.0
Kepler-200 b,Kepler-200,2.13,,8.594805,0.08,854.0,5678.0,0.944,0.972,Transit,2014.0,665.912
Kepler-188 c,Kepler-188,3.19,,5.996553,0.066,1025.0,6021.0,1.141,1.021,Transit,2014.0,968.544
Kepler-252 c,Kepler-252,2.15,,10.848463,0.08,499.0,4208.0,0.549,0.61,Transit,2014.0,379.424
Kepler-1928 b,Kepler-1928,1.992,,19.57783,0.194,621.0,5720.0,0.92,1.01,Transit,2021.0,326.362
Gaia-5 b,Gaia-5,12.1,6633.07885409,358.62,,,3447.0,0.345,0.339,Astrometry,2025.0,41.1813
Kepler-1981 b,Kepler-1981,9.23,,453.54212,1.3292,390.0,5874.0,3.006,1.519,Transit,2023.0,659.395
TOI-3082 b,TOI-3082,3.6621,,1.926907,,1032.78,4263.0,0.6847,0.664,Transit,2023.0,113.048
WASP-8 b,WASP-8,12.66617,807.2882,8.15872,0.0801,1059.0,5600.0,1.03,1.34,Transit,2010.0,89.9606
Kepler-107 b,Kepler-107,1.536,3.8,3.1800218,0.04544,1592.0,5854.0,1.447,1.238,Transit,2014.0,525.997
GJ 508.2 b,GJ 508.2,,,5300.0,4.85,,3720.0,0.53,0.54,Radial Velocity,2025.0,16.6374
TOI-6086 b,TOI-6086,1.18,,1.3888725,0.01541,634.0,3200.0,0.259,0.254,Transit,2024.0,31.4566
KELT-12 b,KELT-12,19.95202,301.9385,5.031623,0.06708,1800.0,6279.0,2.37,1.591,Transit,2017.0,368.03
HIP 67851 b,HIP 67851,13.7,,89.23,0.42,,4840.0,5.45,1.28,Radial Velocity,2015.0,64.1181
TOI-2443 b,TOI-2443,2.363,4.8,15.66858,0.105,519.0,4375.0,0.631,0.642,Transit,2023.0,23.9258
Kepler-1983 b,Kepler-1983,2.33,,7.32851947,0.0689,807.0,5135.0,0.874,0.812,Transit,2023.0,424.428
Kepler-421 b,Kepler-421,4.16,,704.1984,1.219,185.0,5308.0,0.757,0.794,Transit,2014.0,348.558
Kepler-343 c,Kepler-343,2.02,,23.22182,0.167,746.0,5807.0,1.433,1.055,Transit,2014.0,927.193
TOI-2141 d,TOI-2141,3.97,,60.45,0.2906,491.4,5635.0,0.95,0.896,Radial Velocity,2025.0,77.682
TOI-2719 b,TOI-2719,5.98,,3.37594,,1710.0,5762.0,1.69,1.02,Transit,2025.0,588.368
NGTS-24 b,NGTS-24,13.60770257,165.27077164,3.4678796,0.0479,1499.0,5820.0,1.64,1.26,Transit,2022.0,683.062
Kepler-190 b,Kepler-190,1.56,,2.019999,0.03,1166.0,5106.0,0.795,0.834,Transit,2014.0,433.387
Kepler-253 c,Kepler-253,2.65,,10.281951,0.089,680.0,5208.0,0.786,0.86,Transit,2014.0,838.595
Kepler-170 c,Kepler-170,2.86,,16.665863,0.131,702.0,5679.0,1.035,1.066,Transit,2014.0,738.657
Kepler-205 c,Kepler-205,1.64,,20.306546,0.122,389.0,4321.0,0.546,0.592,Transit,2014.0,159.72
KELT-7 b,KELT-7,17.9344,441.7837,2.73477,0.04415,2048.0,6768.0,1.81,1.76,Transit,2015.0,136.681
TOI-201 d,TOI-201,1.39,5.8,5.84889,0.0698,1237.0,6423.0,1.31,1.32,Transit,2026.0,113.825
TOI-216.02,TOI-216,8.0,18.751876013,17.16073,0.1293,628.0,5026.0,0.748,0.77,Transit,2019.0,177.945
HATS-59 c,HATS-59,12.3,,1422.0,2.504,175.9,5670.0,1.036,1.038,Radial Velocity,2018.0,642.884
Kepler-202 b,Kepler-202,1.63,,4.069427,0.045,802.0,4668.0,0.667,0.683,Transit,2014.0,285.111
Kepler-214 c,Kepler-214,2.13,,28.7798,0.194,619.0,6169.0,1.352,1.11,Transit,2014.0,1208.44
Kepler-192 b,Kepler-192,2.74,,9.926746,0.09,803.0,5479.0,1.007,1.028,Transit,2014.0,651.674
Kepler-196 c,Kepler-196,2.24,,47.427737,0.24,407.0,5128.0,0.782,0.839,Transit,2014.0,451.312
Kepler-245 d,Kepler-245,3.03,21.6,36.277108,0.202,445.0,5100.0,0.795,0.856,Transit,2014.0,861.527
Kepler-101 c,Kepler-101,1.25,3.78,6.02976,0.0684,1413.0,5667.0,1.56,1.17,Transit,2014.0,927.981
Kepler-154 b,Kepler-154,2.26,,33.040532,0.198,561.0,5690.0,1.001,0.933,Transit,2014.0,915.212
Kepler-359 d,Kepler-359,4.01,2.7,77.095691,0.372,464.0,6248.0,1.086,0.827,Transit,2014.0,1443.21
Kepler-256 c,Kepler-256,2.15,,3.38802,0.045,1315.0,5551.0,1.301,1.037,Transit,2014.0,1026.43
Kepler-254 b,Kepler-254,3.87,,5.826662,0.064,1013.0,5957.0,0.91,0.849,Transit,2014.0,1389.48
Kepler-184 c,Kepler-184,1.97,8.8,20.303005,0.141,630.0,5788.0,0.873,0.872,Transit,2014.0,610.326
Kepler-248 b,Kepler-248,3.02,,6.308205,0.066,819.0,5190.0,0.831,0.838,Transit,2014.0,738.792
KIC 10001893 b,KIC 10001893,,,0.2197,,,27500.0,0.18,0.47,Orbital Brightness Modulation,2014.0,1672.94
KIC 10001893 c,KIC 10001893,,,0.32528,,,27500.0,0.18,0.47,Orbital Brightness Modulation,2014.0,1672.94
Kepler-172 b,Kepler-172,2.35,,2.940309,0.04,1256.0,5526.0,1.085,1.081,Transit,2014.0,828.592
Kepler-205 b,Kepler-205,1.51,,2.75564,0.032,757.0,4321.0,0.546,0.592,Transit,2014.0,159.72
Kepler-257 c,Kepler-257,5.41,,6.581484,0.066,881.0,5180.0,1.037,0.916,Transit,2014.0,780.256
Kepler-217 b,Kepler-217,2.23,,5.374943,0.065,1413.0,6171.0,1.799,1.342,Transit,2014.0,1104.64
Kepler-174 c,Kepler-174,1.49,,44.000529,0.214,377.0,4880.0,0.622,0.602,Transit,2014.0,384.757
Kepler-251 d,Kepler-251,2.77,,30.133001,0.182,536.0,5526.0,0.89,0.891,Transit,2014.0,924.625
Kepler-423 b,Kepler-423,13.361,189.101,2.6843285,0.03585,1605.0,5560.0,0.95,0.85,Transit,2014.0,758.753
HS Psc b,HS Psc,13.6,,3.986,0.0435,,4203.0,0.65,0.69,Radial Velocity,2024.0,37.6604
EPIC 212587672 c,EPIC 212587672,2.32,,23.228555,,658.0,6004.0,0.98,0.99,Transit,2021.0,320.07
TOI-2093 c,TOI-2093,2.3,15.8,53.81149,0.257,329.0,4426.0,0.729,0.745,Transit,2025.0,82.7982
TOI-1266 b,TOI-1266,2.52,4.46,10.8945,0.073,415.0,3563.0,0.4232,0.437,Transit,2020.0,36.0118
WASP-195 b,WASP-195,10.31226224,33.054154328,5.051928,0.063,1522.0,6300.0,1.578,1.3,Transit,2025.0,484.852
TOI-4308 b,TOI-4308,2.4189,,9.151201,,763.05,5243.0,0.7934,0.9,Transit,2023.0,108.932
Kepler-1989 b,Kepler-1989,4.62,,10.161023528,0.0918,904.0,6032.0,1.06,0.999,Transit,2023.0,1252.13
KELT-11 b,KELT-11,15.13212395,65.154823435,4.73620865,0.0623,1712.0,5375.0,2.69,1.44,Transit,2017.0,99.1596
HD 167677 b,HD 167677,13.2,905.81095995,1820.0,2.877,,5474.0,0.95271,0.96,Radial Velocity,2023.0,54.3258
TOI-2095 b,TOI-2095,1.25,4.1,17.66484,0.101,347.0,3759.0,0.44,0.44,Transit,2023.0,41.9176
HIP 29442 d,TOI-469,1.538,5.14,6.429575,0.0673,920.0,5289.0,0.98,0.901,Radial Velocity,2023.0,68.192
TOI-1749 b,TOI-1749,1.39,57.0,2.38839,0.0291,831.0,3985.0,0.55,0.58,Transit,2021.0,99.5561
TOI-3819 b,TOI-3819,13.13692538,352.78953177,3.2443141,0.04611,1633.0,5859.0,1.538,1.242,Transit,2023.0,558.141
KIC 10001893 d,KIC 10001893,,,0.81161,,,27500.0,0.18,0.47,Orbital Brightness Modulation,2014.0,1672.94
Kepler-361 b,Kepler-361,1.45,,8.486616,0.086,1060.0,6169.0,1.343,1.191,Transit,2014.0,930.32
Kepler-362 b,Kepler-362,0.88,,10.327186,0.087,838.0,5788.0,0.722,0.904,Transit,2014.0,1090.51
Kepler-218 c,Kepler-218,3.14,,44.699576,0.248,500.0,5502.0,1.063,1.019,Transit,2014.0,656.38
Kepler-193 b,Kepler-193,2.39,,11.38848,0.106,979.0,6335.0,1.147,1.051,Transit,2014.0,1009.1
Kepler-253 d,Kepler-253,3.17,,18.119869,0.13,563.0,5208.0,0.786,0.86,Transit,2014.0,838.595
Kepler-192 c,Kepler-192,2.79,,21.2234,0.15,623.0,5479.0,1.007,1.028,Transit,2014.0,651.674
TOI-561 b,TOI-561,1.397,2.02,0.4465697,0.01064,2319.0,5342.0,0.843,0.806,Transit,2020.0,85.799
TOI-2180 b,TOI-2180,11.32107051,875.617261285,260.79,0.828,348.0,5695.0,1.636,1.111,Transit,2022.0,116.685
TOI-1180 b,TOI-1180,3.072,10.0,9.686760378,0.080799,638.18,4738.0,0.73,0.75,Transit,2024.0,72.0238
Kepler-1471 b,Kepler-1471,1.41,,3.63899398,0.0453,1238.0,5660.0,0.93,0.95,Transit,2016.0,978.678
LHS 1140 c,LHS 1140,1.272,1.91,3.77794,0.027,422.0,3096.0,0.2159,0.1844,Transit,2018.0,14.9861
L 98-59 c,L 98-59,1.329,2.0,3.6906764,0.0309,526.0,3415.0,0.3155,0.2923,Transit,2019.0,10.6194
L 98-59 d,L 98-59,1.627,1.64,7.450729,0.0494,416.0,3415.0,0.3155,0.2923,Transit,2019.0,10.6194
K2-414 b,K2-414,1.219,,4.3696,0.0487,,4343.0,0.732,0.814,Transit,2022.0,260.036
HIP 29442 c,TOI-469,1.551,4.5,3.5379559,0.04518,1123.0,5289.0,0.98,0.901,Radial Velocity,2023.0,68.192
TOI-1174 b,TOI-1174,2.562,32.0,8.953487683,0.07994,713.83,5030.0,0.76,0.85,Transit,2024.0,94.6375
WASP-136 b,WASP-136,16.81347105,479.92089457,5.21536178778,0.0661,1630.0,6250.0,2.39014,1.41,Transit,2016.0,275.587
TOI-1439 b,TOI-1439,4.2427861,38.5,27.644,0.192,748.4,5841.0,1.6184,1.2313,Transit,2024.0,230.306
HD 118203 c,HD 118203,12.4,3747.19691853,5103.0,6.28,146.0,5742.0,2.04,1.27,Radial Velocity,2024.0,92.2589
K2-331 c,K2-331,2.72,,22.996591,,673.0,5994.0,1.06,1.1,Transit,2021.0,211.43
Kepler-93 b,Kepler-93,1.478,4.66,4.72673978,0.05343,1133.0,5669.0,0.919,0.911,Transit,2014.0,95.9115
WASP-185 b,WASP-185,14.01125,311.4734,9.38755,0.0904,1160.0,5900.0,1.5,1.12,Transit,2019.0,279.35
Kepler-365 c,Kepler-365,1.64,,17.784129,0.137,729.0,6012.0,1.048,1.02,Transit,2014.0,1038.99
Kepler-220 c,Kepler-220,1.57,,9.034199,0.076,586.0,4632.0,0.666,0.729,Transit,2014.0,171.109
Kepler-487 d,Kepler-487,2.77513568,,2.418390036,0.03445,1226.0,5422.0,0.887,0.874,Transit,2021.0,872.343
LP 791-18 b,LP 791-18,1.212,,0.9479981,0.00978,564.3,2960.0,0.182,0.139,Transit,2019.0,26.4927
K2-266 c,K2-266,0.705,,7.814,0.0679,664.5,4285.0,0.703,0.686,Transit,2018.0,77.5586
K2-389 b,K2-389,2.33,,8.58289,,932.0,5773.0,1.094,0.99,Transit,2022.0,259.208
HD 191939 f,HD 191939,13.2,,2898.0,3.71,125.0,5348.0,0.94,0.81,Radial Velocity,2022.0,53.6089
K2-413 b,K2-413,0.7599,,0.8094,0.0117,,4116.0,0.7,0.808,Transit,2022.0,285.162
TOI-5716 b,TOI-5716,0.96,,6.7663,,400.0,3436.0,0.22,0.19,Transit,2025.0,39.4122
HD 104985 b,HD 104985,12.8,,199.68,0.715,,4738.0,11.12,1.22,Radial Velocity,2003.0,100.576
K2-332 b,K2-332,2.2,,17.70632,,266.0,3315.0,0.28,0.27,Transit,2021.0,123.202
Kepler-409 b,Kepler-409,1.199,6.0,68.9583216,0.3192,438.0,5421.0,0.897,0.913,Transit,2014.0,68.173
Kepler-522 b,Kepler-522,6.91,,38.58422849,0.25029,761.0,6392.0,1.98,1.54,Transit,2016.0,639.239
K2-199 c,K2-199,2.85,12.4,7.3744897,0.0662,694.0,4491.0,0.682,0.711,Transit,2018.0,107.518
TOI-3688 A b,TOI-3688 A,13.08088048,311.47183886,3.246075,0.0456,1534.0,5950.0,1.302,1.199,Transit,2023.0,396.378
NGTS-30 b,NGTS-30,10.40193409,305.11527072,98.29838,0.408,500.0,5455.0,0.913,0.94,Transit,2024.0,238.377
TOI-406 c,TOI-406,1.32,2.08,3.307441,0.0322,584.0,3392.0,0.41,0.408,Transit,2024.0,31.0597
K2-389 c,K2-389,2.04,,20.851337,,,5782.0,1.084,0.802,Transit,2022.0,259.208
HD 94890 b,HD 94890,13.3,,824.61,2.07,,4867.0,10.71,1.74,Radial Velocity,2025.0,61.7012
Kepler-670 b,Kepler-670,13.18,,2.816504852,0.0383,1219.0,5709.0,0.99,0.99,Transit,2016.0,939.744
Kepler-196 b,Kepler-196,1.9,,20.739886,0.138,536.0,5128.0,0.782,0.839,Transit,2014.0,451.312
Kepler-221 c,Kepler-221,2.93,9.3,5.690586,0.059,860.0,5243.0,0.821,0.854,Transit,2014.0,385.231
Kepler-163 c,Kepler-163,2.26,,21.347262,0.152,648.0,5776.0,0.917,0.882,Transit,2014.0,689.814
Kepler-97 c,Kepler-97,,344.0,789.0,,,5779.0,0.98,0.94,Radial Velocity,2014.0,400.907
Kepler-407 c,Kepler-407,12.3,4000.0,3000.0,3.27090369,,5476.0,1.01,1.0,Radial Velocity,2014.0,338.368
Kepler-427 b,Kepler-427,13.79,92.17,10.290994,0.091,1100.0,5800.0,1.35,0.96,Transit,2014.0,1017.8
TOI-4961 b,TOI-4961,12.34108775,572.0911326,7.479182,0.0726,919.0,5380.0,0.912,0.912,Transit,2025.0,213.073
LHS 1678 c,LHS 1678,0.941,1.4,3.694284,0.0327,510.9,3490.0,0.329,0.345,Transit,2021.0,19.8782
HD 24040 b,HD 24040,12.9,1589.142035,3668.0,4.92,,5802.0,1.3,1.11,Radial Velocity,2006.0,46.6224
TOI-5489 c,TOI-5489,1.28,,4.92126,,536.0,3547.0,0.42,0.41,Transit,2025.0,45.0907
Kepler-763 b,Kepler-763,1.22,,1.19655156,0.0205,1414.0,5166.0,0.8,0.84,Transit,2016.0,962.459
TOI-1759 b,TOI-1759,3.14,10.8,18.85019,0.1177,443.0,4065.0,0.597,0.606,Transit,2022.0,40.0654
TOI-5110 b,TOI-5110,11.98240037,921.7023803,30.158577,0.2157,976.0,6160.0,2.333,1.469,Transit,2024.0,392.259
WASP-148 c,WASP-148,13.9,124.588735544,34.524,0.2044,590.0,5555.0,0.912,0.954,Radial Velocity,2020.0,246.353
Kepler-207 d,Kepler-207,3.31,,5.868075,0.068,1254.0,5920.0,1.588,1.313,Transit,2014.0,875.519
Kepler-245 b,Kepler-245,2.57,146.78,7.49019,0.071,753.0,5100.0,0.795,0.856,Transit,2014.0,861.527
Kepler-208 b,Kepler-208,1.63,,4.22864,0.054,1379.0,6092.0,1.314,1.082,Transit,2014.0,775.328
Kepler-246 b,Kepler-246,2.34,,4.60182,0.052,896.0,5206.0,0.831,0.853,Transit,2014.0,626.078
Kepler-179 c,Kepler-179,2.0,,6.40013,0.064,810.0,5302.0,0.759,0.893,Transit,2014.0,605.68
Kepler-226 c,Kepler-226,2.27,45.2,5.349555,0.058,919.0,5571.0,0.802,0.904,Transit,2014.0,980.138
Kepler-113 b,Kepler-113,1.82,11.7,4.754,0.05123,775.0,4725.0,0.69,0.75,Transit,2014.0,262.351
Kepler-48 d,Kepler-48,2.04,7.93,42.8961,0.23302,448.0,5194.0,0.89,0.88,Transit,2014.0,306.738
Kepler-199 b,Kepler-199,3.11,,23.637604,0.158,595.0,5644.0,0.967,0.96,Transit,2014.0,521.054
Kepler-237 c,Kepler-237,2.08,,8.103636,0.071,687.0,4861.0,0.725,0.696,Transit,2014.0,657.822
TOI-2525 c,TOI-2525,10.13291855,208.813263399,49.2519,0.249,399.96,5096.0,0.785,0.849,Transit,2023.0,395.398
TOI-5489 b,TOI-5489,1.4,,3.15222,,624.0,3547.0,0.42,0.41,Transit,2025.0,45.0907
HD 23079 b,HD 23079,13.2,,735.74,1.6,,5994.0,1.08,1.16,Radial Velocity,2001.0,33.4591
55 Cnc f,55 Cnc,7.59,44.812,260.58,0.802,,5198.0,0.98,1.015,Radial Velocity,2007.0,12.5855
Kepler-247 c,Kepler-247,4.09,,9.439452,0.084,686.0,5100.0,0.768,0.887,Transit,2014.0,663.711
Kepler-161 b,Kepler-161,2.12,2.63,4.921355,0.054,868.0,5078.0,0.806,0.853,Transit,2014.0,434.632
Kepler-153 b,Kepler-153,2.92,,18.870227,0.129,621.0,5404.0,0.892,0.756,Transit,2014.0,459.368
Kepler-106 b,Kepler-106,0.82,5.3,6.16486,0.06491,1021.0,5858.0,1.04,1.0,Transit,2014.0,444.322
Kepler-100 d,Kepler-100,1.61,3.0,35.3331,0.21747,670.0,5825.0,1.49,1.08,Transit,2014.0,304.645
Kepler-274 b,Kepler-274,1.54,,11.634788,0.101,961.0,6023.0,1.007,0.883,Transit,2014.0,1333.62
Kepler-312 b,Kepler-312,1.29,,1.772419,0.031,1685.0,6115.0,1.467,1.314,Transit,2014.0,797.72
Kepler-211 c,Kepler-211,1.29,18.3,6.04045,0.062,841.0,5123.0,0.816,0.867,Transit,2014.0,309.353
Kepler-212 c,Kepler-212,2.74,,31.805174,0.207,664.0,5852.0,1.455,1.166,Transit,2014.0,687.194
Kepler-228 d,Kepler-228,4.04,,11.094286,0.101,835.0,6043.0,1.014,1.006,Transit,2014.0,1644.61
Kepler-864 b,Kepler-864,2.4,,5.83376092,0.0687,1143.0,5754.0,1.0,1.0,Transit,2016.0,2022.9
K2-394 b,K2-394,1.692,,5.095717,,643.0,4938.0,0.631,0.478,Transit,2022.0,98.0152
Kepler-230 b,Kepler-230,4.26,,32.625555,0.191,506.0,5588.0,0.817,0.784,Transit,2014.0,740.754
TOI-444 b,TOI-444,2.77,,17.9636,0.133,609.0,5225.0,0.779,0.96,Transit,2023.0,57.3973
Wendelstein-2 b,Wendelstein-2,12.9934728,232.33373,1.7522239,0.0234,2470.0,4591.0,0.66,0.73,Transit,2020.0,565.541
Kepler-166 b,Kepler-166,2.27,,7.650254,0.072,772.0,5413.0,0.742,0.811,Transit,2014.0,603.53
Kepler-181 c,Kepler-181,1.99,,4.302149,0.049,937.0,5333.0,0.749,0.81,Transit,2014.0,609.283
Kepler-106 d,Kepler-106,0.95,8.1,23.9802,0.16063,649.0,5858.0,1.04,1.0,Transit,2014.0,444.322
Kepler-131 c,Kepler-131,0.84,8.25,25.5169,0.17391,615.0,5685.0,1.03,1.02,Transit,2014.0,228.678
Kepler-320 b,Kepler-320,1.14,,8.371554,0.085,1292.0,6435.0,1.108,1.072,Transit,2014.0,826.613
Kepler-169 e,Kepler-169,2.2,,13.767102,0.105,595.0,4997.0,0.763,0.825,Transit,2014.0,406.529
Kepler-249 c,Kepler-249,1.51,,7.113702,0.058,429.0,3568.0,0.482,0.510238,Transit,2014.0,190.401
Kepler-174 b,Kepler-174,1.96,,13.98179,0.1,553.0,4880.0,0.622,0.602,Transit,2014.0,384.757
Kepler-231 c,Kepler-231,1.93,24.1,19.271566,0.114,393.0,3767.0,0.49,0.58,Transit,2014.0,316.618
Kepler-197 c,Kepler-197,1.23,5.3,10.349695,0.09,930.0,6004.0,1.12,0.857,Transit,2014.0,330.575
Kepler-151 b,Kepler-151,3.06,,15.228958,0.116,639.0,5460.0,0.83,0.87,Transit,2014.0,649.919
Kepler-241 b,Kepler-241,2.33,,12.718092,0.094,562.0,4699.0,0.668,0.671,Transit,2014.0,512.0
Kepler-232 b,Kepler-232,3.08,,4.431222,0.054,1104.0,5847.0,0.968,0.97,Transit,2014.0,1349.13
Kepler-233 b,Kepler-233,2.43,,8.472382,0.077,751.0,5360.0,0.758,0.855,Transit,2014.0,856.417
Kepler-143 b,Kepler-143,2.41,,16.007583,0.127,838.0,5848.0,1.359,0.982,Transit,2014.0,809.467
Kepler-332 d,Kepler-332,1.18,,34.21154,0.189,427.0,4955.0,0.72,0.743,Transit,2014.0,344.19
HIP 9618 b,HIP 9618,3.82838127,8.3,20.772858,0.145,640.88,5649.0,0.9593,0.942,Transit,2023.0,67.5478
TOI-1453 b,TOI-1453,1.173,2.32,4.3135225,,944.2,4975.0,0.72,0.715,Transit,2025.0,78.7415
TOI-1450 A b,TOI-1450 A,1.13,1.258,2.0439274,,722.0,3437.0,0.483,0.48,Transit,2024.0,22.4467
GJ 3512 c,GJ 3512,14.3,,2354.0,1.731,,3141.0,0.139,0.123,Radial Velocity,2020.0,9.48637
TOI-1450 A c,TOI-1450 A,1.13,,5.0688,,533.0,3437.0,0.483,0.48,Transit,2024.0,22.4467
Kepler-453 b,Kepler-453,6.204,16.0,240.503,0.7903,,5527.0,0.833,0.944,Transit,2015.0,442.846
TOI-1420 b,TOI-1420,11.89,25.1,6.9561063,0.071,957.0,5510.0,0.923,0.987,Transit,2023.0,201.918
KOI-4978 b,KOI-4978,0.7,,0.941967,,,5050.28,0.966,0.859,Transit,2024.0,936.341
Kepler-311 d,Kepler-311,2.05,,232.040326,0.7326,327.0,5903.0,1.156,0.974,Transit,2023.0,778.654
K2-369 b,K2-369,1.313,,5.761612,,,5682.0,0.881,0.735,Transit,2022.0,185.55
HD 93083 b,HD 93083,14.3,,144.72,0.508,,5033.8,0.837,0.836,Radial Velocity,2005.0,28.5159
LHS 1678 d,LHS 1678,0.981,,4.9652229,0.04,462.95,3490.0,0.329,0.345,Transit,2024.0,19.8782
Kepler-1515 b,Kepler-1515,9.55,,214.3114164,0.75235,380.0,6511.0,1.41,1.3,Transit,2016.0,539.321
TOI-5616 b,TOI-5616,10.78,624.0,2.002849,0.0272,939.0,3996.0,0.646,0.666,Transit,2024.0,390.415
TOI-2194 b,TOI-2194,1.9892,,15.337597,,590.88,4756.0,0.6909,0.74,Transit,2023.0,19.5711
K2-388 b,K2-388,3.9,,6.33932,,874.0,5310.0,0.91,0.93,Transit,2022.0,290.495
K2-397 b,K2-397,2.417,,3.572326,,,5387.0,0.966,0.937,Transit,2022.0,199.354
KIC 3558849 b,KIC 3558849,6.9,,1322.3,,,6175.0,1.01,0.98,Transit,2015.0,1215.7
HD 215152 c,HD 215152,,468.796900325,7.28243,0.067393,,4935.0,0.73,0.77,Radial Velocity,2018.0,21.5974
Kepler-440 b,Kepler-440,1.86,,101.11141,0.242,229.0,4134.0,0.559,0.575,Transit,2015.0,301.03
HD 23472 e,HD 23472,0.818,0.72,7.90754,0.068,723.0,4684.0,0.71,0.67,Transit,2022.0,39.0341
HD 73344 c,HD 73344,13.5,,65.94,0.3388,,6148.0,1.22,1.19,Radial Velocity,2025.0,35.26
TOI-1301.01,TOI-1301,2.477,,6.096407209,0.059866,737.36,4820.0,0.732,0.77,Transit,2024.0,90.8693
TOI-1221 b,TOI-1221,2.91,1112.3994245,91.68278,0.387,440.0,5592.0,1.031,0.93,Transit,2023.0,138.411
Kepler-490 b,Kepler-490,11.65,,3.268695154,0.0453,1597.0,6045.0,1.12,1.08,Transit,2016.0,1523.0
TOI-697 b,TOI-697,2.35859364,,8.60788713593,,839.8,5681.95,0.968149,0.97,Transit,2026.0,93.7714
Kepler-949 b,Kepler-949,2.91,,8.689307296,0.07739,782.0,5403.0,0.86,0.89,Transit,2016.0,486.105
TOI-544 b,TOI-544,2.018,2.89,1.548352,0.0225,999.0,4169.0,0.623,0.631,Transit,2022.0,41.1166
Kepler-109 c,Kepler-109,2.65,8.2,21.22265,0.1546,859.0,5950.0,1.387,1.094,Transit,2014.0,474.861
TOI-2266 b,TOI-2266,1.54,,2.326318,0.02,550.0,3200.0,0.24,0.23,Transit,2024.0,51.6004
TOI-1744.01,TOI-1744,2.68,,22.341702927,0.164086,598.0,6179.0,1.14,1.18,Transit,2024.0,114.39
HATS-66 b,HATS-66,15.815899,1694.0339,3.1414391,0.04714,1998.0,6626.0,1.841,1.411,Transit,2018.0,1477.98
K2-13 b,K2-13,1.89,,39.91488,0.2114,511.0,5698.0,0.78,0.8,Transit,2015.0,342.394
KIC 8540376 b,KOI-7892,4.1,,31.8099,,,6474.0,1.26,1.04,Transit,2015.0,1072.3
KIC 8540376 c,KOI-7892,2.4,,75.2,,,6474.0,1.26,1.04,Transit,2015.0,1072.3
Kepler-436 b,Kepler-436,2.73,,64.00205,0.339,322.0,4651.0,0.697,0.729,Transit,2015.0,588.867
Kepler-186 f,Kepler-186,1.17,,129.9441,0.432,177.0,3755.0,0.523,0.544,Transit,2014.0,177.594
Kepler-441 b,Kepler-441,1.64,,207.2482,0.64,189.0,4340.0,0.55,0.572,Transit,2015.0,268.003
TOI-1224 c,TOI-1224,2.884,,17.945466,,303.12,3326.0,0.404,0.4,Transit,2024.0,37.3312
K2-155 c,K2-155,2.6,,13.85,0.0946,583.0,4258.0,0.58,0.65,Transit,2018.0,72.7998
TOI-808 b,TOI-808,2.20344362,,9.73944854026,,710.98,5078.2,0.833198,0.87,Transit,2026.0,98.1848
TOI-2088 b,TOI-2088,3.6831179,37.0,124.72997,0.472,300.33,5081.0,0.8481,0.9027,Transit,2024.0,126.46
WASP-1 b,WASP-1,16.623,271.415,2.5199454,0.03889,1812.0,6110.0,1.47,1.24,Transit,2007.0,393.072
HD 224018 d,HD 224018,2.4,4.2,138.0731,0.53,411.0,5784.0,1.147,1.013,Transit,2025.0,105.48
TOI-1782.01,TOI-1782,2.368,,4.987641028,0.05024,697.84,4336.0,0.669,0.68,Transit,2024.0,95.2649
K2-141 c,K2-141,7.0,8.0,7.7485,0.0683,695.0,4570.0,0.681,0.708,Transit,2018.0,61.8736
TOI-4487 A b,TOI-4487 A,14.60530185,397.28550875,3.9540709,0.05448,1639.0,6206.0,1.634,1.378,Transit,2025.0,479.145
GJ 3512 b,GJ 3512,14.3,,203.109,0.3376,,3141.0,0.139,0.123,Radial Velocity,2019.0,9.48637
HAT-P-44 b,HAT-P-44,13.922,111.871,4.301219,0.0507,1108.0,5295.0,0.949,0.942,Transit,2014.0,347.85
HAT-P-44 c,HAT-P-44,13.0,,872.2,1.752,,5295.0,0.949,0.942,Radial Velocity,2014.0,347.85
HD 215497 b,HD 215497,,1588.824206593,3.93404,0.05,,5110.0,0.85,0.67,Radial Velocity,2009.0,40.5468
Kepler-435 b,Kepler-435,22.31,266.97,8.6001536,0.0948,1729.0,6161.0,3.21,1.538,Transit,2015.0,1418.77
Qatar-5 b,Qatar-5,12.408363,1373.0256,2.8792319,0.04127,1415.0,5747.0,1.076,1.128,Transit,2017.0,367.658
K2-333 b,K2-333,6.18,,14.759287,,826.0,5880.0,1.22,1.06,Transit,2021.0,343.99
TOI-2145 b,TOI-2145,12.24020692,1805.26535176,10.261128,0.1117,1484.0,6206.0,2.75,1.71,Transit,2023.0,224.731
Kepler-68 c,Kepler-68,0.979,1.3,9.605027,0.09008,1052.0,5847.0,1.2564,1.057,Transit,2013.0,144.166
HD 28471 b,HD 28471,1.75,,3.1649,0.042,1377.0,5766.0,1.08,0.98,Radial Velocity,2025.0,43.6455
TOI-500 e,TOI-500,3.99,,61.3,,,4440.0,0.678,0.74,Radial Velocity,2022.0,47.3924
HATS-56 b,HATS-56,18.920792,191.33366,4.324799,0.06043,1902.0,6536.0,2.201,1.573,Transit,2019.0,564.409
TOI-2046 b,TOI-2046,16.14093221,731.0053361,1.4971842,,1828.82,6250.0,1.21,1.13,Transit,2022.0,289.668
HD 215497 c,HD 215497,13.0,111.23994245,566.0,1.31,,5113.0,0.85,0.92,Radial Velocity,2009.0,40.5468
L 98-59 e,L 98-59,1.49,,12.8278,0.0712,347.0,3415.0,0.3155,0.2923,Radial Velocity,2021.0,10.6194
iot Dra c,iot Dra,12.2,,25000.0,19.4,,4504.0,11.79,1.54,Radial Velocity,2021.0,31.32832
HAT-P-33 b,HAT-P-33,20.73665,292.4036,3.47447,0.04995,1782.0,6446.0,1.79,1.82,Transit,2011.0,396.11
HD 149026 b,HD 149026,8.29466,120.7754,2.87589,0.04364,1626.0,6179.0,1.41,1.42,Radial Velocity,2005.0,75.8643
TOI-6383 A b,TOI-6383 A,11.29,331.0,1.79058695,0.02292,745.0,3444.0,0.457,0.458,Transit,2024.0,171.319
HD 100508 b,HD 100508,13.7,381.3940884,5681.0,6.11,,5419.0,1.0179,0.94,Radial Velocity,2026.0,32.7548
HATS-16 b,HATS-16,14.5717,1039.3041,2.686502,0.03744,1592.0,5738.0,1.238,0.97,Transit,2016.0,757.044
TOI-1799 b,TOI-1799,1.642,4.0,7.094570865,0.072502,922.72,5690.0,0.957,1.01,Transit,2024.0,62.1274
DMPP-4 b,DMPP-4,3.53,,3.4982,0.04853,,6400.0,1.38,1.25,Radial Velocity,2023.0,25.3284
HD 191939 b,HD 191939,3.41,10.0,8.8803256,0.0804,880.0,5348.0,0.94,0.81,Transit,2020.0,53.6089
TOI-333 b,TOI-333,4.26,20.1,3.7852503,0.049,1445.0,6241.0,1.1,1.2,Transit,2025.0,352.269
Kepler-19 b,Kepler-19,2.209,6.1,9.28699,0.0846,851.0,5541.0,0.859,0.936,Transit,2011.0,218.562
Kepler-1999 b,Kepler-1999,3.29,,8.7396758,0.0713,577.0,4406.0,0.628,0.632,Transit,2023.0,701.255
TOI-3353.01,TOI-3353,2.6667555,,4.6657965,0.060118218,1264.36,6365.0,1.0207,1.332089,Transit,2024.0,78.7577
K2-14 b,K2-14,4.81,,8.36802,0.0627,488.0,3789.0,0.45,0.47,Transit,2015.0,364.048
K2-15 b,K2-15,2.48,,11.8104,0.091,676.0,5131.0,0.68,0.72,Transit,2015.0,493.992
K2-17 b,K2-17,2.23,,17.96753,0.119,487.0,4320.0,0.66,0.71,Transit,2015.0,125.106
KIC 10525077 b,KIC 10525077,5.5,,854.083,,,6091.0,1.01,1.01,Transit,2015.0,1461.15
KIC 5437945 b,KIC 5437945,6.4,,440.7813,1.19671,308.0,6340.0,1.24,1.07,Transit,2015.0,1274.01
Kepler-442 b,Kepler-442,1.34,,112.3053,0.409,241.0,4402.0,0.598,0.609,Transit,2015.0,365.965
HD 67087 b,HD 67087,13.1,,352.2,1.08,,6330.0,1.55,1.36,Radial Velocity,2015.0,76.5217
TOI-1411 b,TOI-1411,1.19880592,2.0,1.4520527,0.02122,976.4,4115.0,0.614,0.6045,Transit,2022.0,32.4778
K2-285 c,K2-285,3.53,15.68,7.138048,0.0824,741.4,4975.0,0.787,0.83,Transit,2018.0,154.961
Kepler-785 b,Kepler-785,13.02,,1.973760926,0.025,753.0,4739.0,0.71,0.77,Transit,2016.0,642.051
TOI-1036 b,TOI-1036,6.28499593,,3.77952125496,,1294.0,5664.68,1.17554,1.03,Transit,2026.0,184.015
WASP-62 b,WASP-62,14.79588,165.2716,4.41195,0.0571,1475.3,6230.0,1.23,1.11,Transit,2012.0,175.631
TOI-938 b,TOI-938,4.82401567,,8.80733882211,,1073.0,5829.42,0.985134,1.1,Transit,2026.0,215.034
K2-372 b,K2-372,2.945,,9.844077,,,5479.0,0.922,0.847,Transit,2022.0,463.88
TOI-824 b,TOI-824,2.926,18.467,1.392978,0.02177,1253.0,4600.0,0.695,0.71,Transit,2020.0,63.9262
nu Oph c,nu Oph,12.0,7838.32346,3180.6,5.829,,4887.0,12.24,2.61,Radial Velocity,2012.0,46.2107
HD 32963 b,HD 32963,13.4,657.90480249,2372.0,3.41,,5727.0,1.111044,0.94,Radial Velocity,2015.0,38.0786
Kepler-437 b,Kepler-437,2.14,,66.65062,0.288,308.0,4551.0,0.68,0.707,Transit,2015.0,304.0
HIP 78530 b,HIP 78530,12.0,7300.0,,740.0,2700.0,10500.0,2.10876,2.5,Imaging,2010.0,136.759
1RXS J160929.1-210524 b,1RXS J160929.1-210524,18.647,3000.0,,330.0,1700.0,4060.0,1.31316,0.85,Imaging,2008.0,139.135
OGLE-2012-BLG-0563L b,OGLE-2012-BLG-0563L,13.6,120.0,,0.74,,,,0.34,Microlensing,2015.0,1300.0
Kepler-296 c,Kepler-296,2.0,,5.8416366,0.0521,606.0,3740.0,0.48,0.498,Transit,2014.0,167.0
OGLE-2016-BLG-1266L b,OGLE-2016-BLG-1266L,12.4,3813.940884,,0.43,,,,0.015,Microlensing,2018.0,3080.0
TOI-5218 b,TOI-5218,9.86,657.0,4.291452,0.0469,783.0,4230.0,0.708,0.739,Transit,2024.0,377.483
TOI-1516 b,TOI-1516,15.24421375,1004.33776612,2.056014,,1839.0,6520.0,1.14,1.14,Transit,2022.0,247.054
TYC 8998-760-1 c,TYC 8998-760-1,12.3299,1906.98,,320.0,1240.0,4573.0,0.953811,1.0,Imaging,2020.0,94.6177
TOI-332 b,TOI-332,3.2,57.2,0.777038,0.0159,1871.0,5251.0,0.87,0.88,Transit,2023.0,222.852
Kepler-731 b,Kepler-731,13.88,,3.855603551,0.0505,1212.0,5849.0,1.06,1.03,Transit,2016.0,1257.16
K2-265 b,K2-265,1.70824866,7.3418362017,2.36902,0.03359,1366.0,5420.0,0.92,0.901,Transit,2018.0,138.671
KMT-2022-BLG-1818L b,KMT-2022-BLG-1818L,13.0,1271.313628,,2.6,,,,0.79,Microlensing,2026.0,5300.0
WASP-2 b,WASP-2,12.116929,295.89973,2.152175,0.03144,1311.0,5180.0,0.866,0.895,Transit,2007.0,153.242
WASP-28 b,WASP-28,13.66374747,282.549453823,3.40883495,0.0442,1456.0,6084.0,1.083,0.993,Transit,2014.0,348.494
TOI-2141 c,TOI-2141,2.35,,5.4624,0.0585,1095.0,5635.0,0.95,0.896,Radial Velocity,2025.0,77.682
Kepler-856 b,Kepler-856,9.3,,8.027680595,0.0787,824.0,5535.0,0.93,0.96,Transit,2016.0,1351.17
HD 113538 b,HD 113538,13.2,,663.2,1.24,,4462.0,0.53,0.585,Radial Velocity,2010.0,16.2817
Kepler-79 e,Kepler-79,3.49,4.1,81.0659,0.386,511.0,6174.0,1.302,1.165,Transit,2014.0,1020.72
Kepler-79 c,Kepler-79,3.72,5.9,27.4029,0.187,734.0,6174.0,1.302,1.165,Transit,2012.0,1020.72
Kepler-296 d,Kepler-296,2.09,,19.850291,0.118,403.0,3740.0,0.48,0.498,Transit,2014.0,167.0
BD+15 2375 b,BD+15 2375,13.8,,153.22,0.576,,4649.0,8.95,1.08,Radial Velocity,2016.0,768.045
HD 5583 b,HD 5583,12.8,,139.35,0.53,,4830.0,9.09,1.01,Radial Velocity,2016.0,219.216
HD 113538 c,HD 113538,13.8,,1818.0,2.44,,4462.0,0.53,0.585,Radial Velocity,2010.0,16.2817
HD 30669 b,HD 30669,14.3,,1684.0,2.69,,5400.0,0.91,0.92,Radial Velocity,2014.0,58.0844
Kepler-79 b,Kepler-79,3.47,10.9,13.4845,0.117,929.0,6174.0,1.302,1.165,Transit,2012.0,1020.72
Kepler-296 e,Kepler-296,1.53,,34.14211,0.169,337.0,3740.0,0.48,0.498,Transit,2014.0,167.0
Kepler-296 f,Kepler-296,1.8,,63.33627,0.255,274.0,3740.0,0.48,0.498,Transit,2014.0,167.0
WASP-180 A b,WASP-180 A,13.89916,286.047,3.409264,0.048,1540.0,6600.0,1.19,1.3,Transit,2019.0,253.985
GJ 1137 c,HD 93083,2.11,,9.6412,0.0835,,5033.8,0.837,0.836,Radial Velocity,2026.0,28.5159
Kepler-1869 b,Kepler-1869,1.11955354,,8.167360306,0.07976,865.0,5808.0,0.902,0.987,Transit,2021.0,113.025
TOI-421 b,TOI-421,2.64,6.7,5.197576,0.0554,922.0,5291.0,0.866,0.833,Transit,2020.0,74.7969
HD 12484 b,HD 12484,13.2,,58.83,0.297,,5920.0,1.001848,1.01,Radial Velocity,2016.0,48.3367
HIP 65407 b,HIP 65407,14.3,,28.125,0.177,,5460.0,0.952252,0.93,Radial Velocity,2016.0,61.7804
HD 108341 b,HD 108341,13.3,715.11391575,1129.0,2.0,,5122.0,0.79,0.843,Radial Velocity,2014.0,48.9102
HD 103720 b,HD 103720,14.1,,4.5557,0.0498,,5017.0,0.73,0.794,Radial Velocity,2014.0,45.5352
TOI-521 b,TOI-521,1.98,5.3,1.54285047,0.0195,794.0,3544.0,0.421,0.42,Transit,2025.0,60.9425
TOI-4641 b,TOI-4641,8.18255591,1229.99593509,22.09341,0.173,950.11,6560.0,1.72,1.41,Transit,2023.0,86.3501
TOI-5542 b,TOI-5542,11.30986153,419.53349724,75.12375,0.332,441.0,5700.0,1.058,0.89,Transit,2022.0,348.849
K2-339 b,K2-339,1.92,,19.507428,,508.0,4857.0,0.72,0.74,Transit,2021.0,360.36
Kepler-1980 b,Kepler-1980,2.21,,33.0257179,0.2049,564.0,5819.0,0.99,1.049,Transit,2023.0,1709.4
TOI-1789 b,TOI-1789,16.14093221,222.4798849,3.208664,0.04882,1927.0,5991.0,2.168,1.507,Transit,2021.0,229.067
CoRoT-28 b,CoRoT-28,10.704595,153.82972,5.20851,0.0603,,5150.0,1.78,1.01,Transit,2015.0,766.183
WASP-98 b,WASP-98,12.823096,293.03926,2.96264036,0.03762,1171.0,5473.0,0.741,0.809,Transit,2014.0,281.742
HIP 66074 b,HIP 66074,12.9,1589.142035,310.9,0.799,,4300.0,0.69,0.705,Astrometry,2023.0,35.4438
TOI-3135 b,TOI-3135,13.65253849,327.36325921,3.7065585,0.04756,1292.0,5890.0,0.985,1.044,Transit,2025.0,221.673
Kepler-1814 c,Kepler-1814,1.76,,0.626281766,0.0133,1711.0,4922.0,0.823,0.79,Transit,2023.0,726.346
HD 94771 b,HD 94771,14.2,,2164.0,3.48,,5631.0,1.903,1.2,Radial Velocity,2023.0,57.7807
TOI-4087 b,TOI-4087,13.04725353,232.01473711,3.1774835,0.04469,1458.0,6060.0,1.112,1.178,Transit,2023.0,301.676
TOI-286 c,TOI-286,1.88,3.72,39.361826,0.213,475.0,5152.0,0.78,0.832,Transit,2024.0,59.2293
Kepler-1894 b,Kepler-1894,1.20117759,,2.762660027,0.0385,1231.0,5772.0,0.901,0.999,Transit,2021.0,935.191
TOI-2019 b,TOI-2019,5.33275337,34.4,15.3444,0.128,917.46,5626.0,1.7457,1.1832,Transit,2024.0,198.007
NGTS-10 b,NGTS-10,13.506845,687.14846,0.7668944,0.0143,1332.0,4600.0,0.697,0.696,Transit,2020.0,324.69865036
TOI-1105 b,TOI-1105,3.05823658,,10.86818410933,,594.0,4678.46,0.755833,0.74,Transit,2026.0,79.5225
TOI-2076 e,TOI-2076,1.301,4.7,3.0223753,0.03863,1110.0,5187.0,0.758,0.849,Transit,2025.0,41.9091
TOI-1117 b,TOI-1117,2.46,8.9,2.22816,0.033,1538.0,5635.0,1.05,0.97,Transit,2025.0,167.598
SPECULOOS-3 b,SPECULOOS-3,0.977,,0.71912603,0.00733,553.0,2800.0,0.123,0.1009,Transit,2024.0,
TOI-4600 b,TOI-4600,6.8,959.84178914,82.6869,0.349,347.0,5170.0,0.81,0.89,Transit,2023.0,216.056
K2-140 b,K2-140,13.56286665,295.58041851,6.569188,0.068,962.0,5585.0,1.06,0.96,Transit,2017.0,347.917
Kepler-434 b,Kepler-434,12.67,908.96,12.8747099,0.1143,1000.0,5977.0,1.38,1.198,Transit,2015.0,1222.54
Kepler-433 b,Kepler-433,16.25,896.24,5.33408384,0.0679,1776.0,6360.0,2.26,1.46,Transit,2015.0,1878.31
HATS-43 b,HATS-43,13.22662,82.95363,4.3888497,0.04944,1003.0,5099.0,0.812,0.837,Transit,2018.0,362.273
2M0437 b,2MASS J04372171+2651014,13.0,1271.313628,,118.0,1450.0,3100.0,0.84,0.17,Imaging,2021.0,128.484
Kepler-1518 b,Kepler-1518,3.05,,5.11177904,0.0593,1351.0,6846.0,1.88,1.54,Transit,2016.0,903.51
TOI-4773 b,TOI-4773,15.22179579,1687.66884117,1.7452851,0.03216,2255.0,6740.0,1.55,1.452,Transit,2025.0,492.888
Kepler-685 b,Kepler-685,10.58,,1.6255222,0.0265,1579.0,5963.0,1.16,1.11,Transit,2016.0,938.715
TOI-1806.01,TOI-1806,3.4095367,,15.1454693,0.087735044,337.47,3272.0,0.401575,0.392935,Transit,2024.0,55.5211
K2-378 b,K2-378,2.88,,2.060438,,,4823.0,0.732,0.923,Transit,2022.0,687.973
TOI-762 A b,TOI-762 A,8.33948164,79.774930157,3.4716826,0.03418,555.4,3266.0,0.425,0.442,Transit,2024.0,98.4458
HD 207897 b,HD 207897,2.34302132,14.8,16.20166,0.117,581.75,5106.0,0.7827,0.8208,Transit,2021.0,28.2938
TOI-1736 b,TOI-1736,3.18175535,12.3,7.073076,0.073,1099.79,5636.0,1.4286,1.0373,Transit,2023.0,88.9482
NGTS-21 b,NGTS-21,14.90794433,750.07504052,1.5433897,0.0236,1357.0,4660.0,0.86,0.72,Transit,2022.0,592.891
HD 75302 b,HD 75302,12.8,1716.2733978,4356.0,5.3,,5697.46,0.940904,1.06,Radial Velocity,2023.0,30.3288
TOI-4495 b,TOI-4495,2.483,7.7,2.56699,0.03957,1735.0,6210.0,1.309,1.247,Transit,2026.0,132.214
kap CrB b,kap CrB,13.4,635.66,1253.68,2.5,,4840.0,4.68,1.33,Radial Velocity,2007.0,30.0651
TOI-244 b,TOI-244,1.52,2.68,7.397225,0.0559,458.0,3433.0,0.426,0.428,Transit,2023.0,22.0337
TOI-2295 b,TOI-2295,16.47720163,278.099856125,30.033302,0.1992,747.0,5730.0,1.459,1.168,Transit,2024.0,126.279
HIP 109384 b,HIP 109384,13.5,,499.48,1.134,,5180.0,0.831075,0.78,Radial Velocity,2016.0,58.9582
HD 220842 b,HD 220842,13.1,,218.47,0.74,,5960.0,1.41647,1.13,Radial Velocity,2016.0,64.6498
Kepler-445 d,Kepler-445,1.25,,8.15275,0.0439,305.0,3157.0,0.21,0.18,Transit,2015.0,127.201
Kepler-445 c,Kepler-445,2.51,,4.871229,0.0301,341.0,3157.0,0.21,0.18,Transit,2015.0,127.201
Kepler-432 b,Kepler-432,12.834305,1719.4603,52.501129,0.301,812.0,4995.0,4.06,1.32,Transit,2015.0,848.023
TOI-500 b,TOI-500,1.166,1.42,0.548177,0.01189,1617.0,4440.0,0.678,0.74,Transit,2022.0,47.3924
TIC 231949697 b,TIC 231949697,1.52831855,,0.90720448719,,982.91,3451.32,0.492584,0.490679,Transit,2026.0,50.2408
Wolf 327 b,Wolf 327,1.24,2.53,0.5734745,0.01,996.0,3542.0,0.406,0.405,Transit,2024.0,28.5321
Kepler-1982 b,Kepler-1982,0.77,,3.82315697,0.0511,1282.0,6202.0,1.122,1.213,Transit,2023.0,558.855
TOI-4559 b,TOI-4559,1.415,,3.965991,0.0359,554.16,3558.0,0.374,0.392,Transit,2024.0,31.6354
GJ 3929 c,GJ 3929,2.26,,15.04,0.081,317.0,3384.0,0.32,0.313,Radial Velocity,2022.0,15.8095
Kepler-1513 b,Kepler-1513,8.594,48.309917864,160.8842,0.56971,346.0,5491.0,0.95,0.943,Transit,2016.0,349.247
Kepler-10 d,Kepler-10,3.49,,151.06,0.5379,387.0,5708.0,1.065,0.91,Radial Velocity,2023.0,185.506
WASP-87 b,WASP-87,15.524465,692.8694,1.682795,0.02946,2049.54,6450.0,1.627,1.204,Transit,2016.0,298.392
OGLE2-TR-L9 b,OGLE2-TR-L9,18.046,1430.175,2.4855335,0.0308,2034.0,6933.0,1.53,1.52,Transit,2008.0,1627.63
HD 109833 c,HD 109833,2.59,,13.900148,,756.7,5881.0,1.0,1.08,Transit,2022.0,79.5561
GJ 9827 d,GJ 9827,1.98,3.02,6.20183,0.053,675.0,4236.0,0.58,0.62,Transit,2017.0,29.661
TOI-5704 b,TOI-5704,3.2274,,3.771116,,949.07,4590.0,0.7575,0.73,Transit,2023.0,89.637
TOI-5007 b,TOI-5007,11.07447293,211.038062248,2.543371,0.0307,774.0,3793.0,0.656,0.632,Transit,2026.0,203.352
TOI-6448 b,TOI-6448,8.47398941,,14.844261,0.131,745.0,5910.0,0.897,1.03,Transit,2025.0,386.879
Kepler-1655 b,Kepler-1655,2.213,5.4,11.8728787,0.1029,938.0,6148.0,1.03,1.03,Transit,2018.0,213.26
Kepler-880 c,Kepler-880,2.87,,11.8061737,0.1216,1407.0,6900.0,2.599,1.714,Transit,2023.0,601.324
Kepler-1624 b,Kepler-1624,6.59,,3.290314,0.0327,540.0,3768.0,0.552,0.541,Transit,2016.0,258.979
HAT-P-68 b,HAT-P-68,12.016048,230.10892,2.29840551,0.02996,1027.8,4508.0,0.6701,0.6785,Transit,2020.0,202.152
NGTS-15 b,NGTS-15,12.32987877,238.689133657,3.27623,0.0441,1146.0,5600.0,0.954,0.995,Transit,2021.0,786.485
HD 191939 g,HD 191939,3.74,,284.0,0.812,278.0,5348.0,0.94,0.81,Radial Velocity,2022.0,53.6089
TOI-5688 A b,TOI-5688 A,10.3,124.0,2.94815527,0.03379,742.0,3713.0,0.57,0.6,Transit,2024.0,226.318
HD 94890 c,HD 94890,12.5,,2492.19,4.33,,4867.0,10.71,1.74,Radial Velocity,2025.0,61.7012
MWC 758 c,MWC 758,,,,100.0,500.0,7314.0,2.01446,1.5,Imaging,2023.0,159.537
HD 20794 b,HD 20794,1.45,,18.314,0.1257,660.0,5368.0,0.93,0.79,Radial Velocity,2011.0,6.00278
HD 158259 c,HD 158259,2.23,,3.432,,,5801.89,1.21,1.08,Radial Velocity,2020.0,27.0498
HD 110067 e,HD 110067,1.94,3.9,30.793091,0.1785,533.0,5266.0,0.788,0.798,Transit,2023.0,32.1585
Kepler-20 b,Kepler-20,1.773,9.7,3.6961049,0.04565,1187.0,5495.0,0.9164,0.929,Transit,2011.0,282.563
Kepler-1972 c,Kepler-1972,0.868,2.11,11.3295,0.10493,1215.0,5818.0,1.384,1.12,Transit,2022.0,287.339
TOI-5592 b,TOI-5592,17.14974047,285.727737893,2.6085846,0.03935,1789.0,6237.0,1.393,1.194,Transit,2025.0,597.026
HR 858 b,HR 858,2.004,3.55,3.585287,0.04888,1552.0,6354.0,1.258,1.204,Transit,2019.0,31.964
OGLE-2008-BLG-092L b,OGLE-2008-BLG-092L,8.74,57.0,,15.0,,,,0.71,Microlensing,2014.0,8100.0
OGLE-2005-BLG-071L b,OGLE-2005-BLG-071L,13.0,1200.0,,3.6,55.0,,,0.46,Microlensing,2005.0,3200.0
Kepler-445 b,Kepler-445,1.58,,2.984151,0.0217,401.0,3157.0,0.21,0.18,Transit,2015.0,127.201
Kepler-446 d,Kepler-446,1.35,,5.148921,0.0403,436.0,3359.0,0.24,0.22,Transit,2015.0,96.339
8 UMi b,8 UMi,13.5,,93.31,0.462,,4847.0,10.73,1.51,Radial Velocity,2015.0,162.552
TOI-1750 b,TOI-1750,2.78943837,,11.33727129656,,612.92,4683.75,0.768675,0.767,Transit,2026.0,162.46
K2-133 c,K2-133,1.603,,4.86784,0.04341,,3655.0,0.455,0.461,Transit,2017.0,75.1703
TOI-4127 b,TOI-4127,12.07,743.71847238,56.3987,0.303,556.0,6096.0,1.293,1.23,Transit,2023.0,319.632
HD 111998 b,HD 111998,12.9,1525.5763536,810.0,1.91,,6557.0,1.45,1.4,Radial Velocity,2016.0,33.2237
K2-398 b,K2-398,2.274,,6.393025,,,5946.0,1.239,0.945,Transit,2022.0,606.992
BEBOP-4 AB b,BEBOP-4 A,,8358.8871041,1823.5,3.634,,5701.43,2.75645,1.507,Radial Velocity,2025.0,234.294
OGLE-2006-BLG-109L b,OGLE-2006-BLG-109L,14.0,231.0,1788.5,2.3,82.0,,,0.51,Microlensing,2008.0,1510.0
K2-404 b,K2-404,2.53,,13.115365,,,3748.0,0.552,0.552,Transit,2022.0,121.63
GJ 3090 c,GJ 3090,3.14,,15.9407,0.0997,407.2,3707.0,0.516,0.519,Radial Velocity,2026.0,22.4751
TOI-3464 b,TOI-3464,13.7646283,397.28550875,3.6515568,0.0515,1693.0,6370.0,1.56,1.363,Transit,2025.0,597.774
Kepler-1052 b,Kepler-1052,2.93,,34.8538276,0.20988,522.0,5888.0,1.03,1.03,Transit,2016.0,943.444
K2-131 b,K2-131,1.69,7.9,0.3693038,0.00936,2223.0,5120.0,0.7595,0.803,Transit,2017.0,152.509
TOI-561 c,TOI-561,2.865,5.93,10.778838,0.0889,802.0,5342.0,0.843,0.806,Transit,2020.0,85.799
K2-136 b,K2-136,1.014,4.3,7.9752,0.0707,610.0,4500.0,0.677,0.742,Transit,2017.0,59.2474
TOI-1853 b,TOI-1853,3.46,73.2,1.2436258,0.0213,1479.0,4985.0,0.808,0.837,Transit,2023.0,165.105
Kepler-1986 b,Kepler-1986,1.89,,19.5489666,0.1307,579.0,5549.0,0.732,0.776,Transit,2023.0,912.085
2MASS J02192210-3925225 b,2MASS J02192210-3925225,16.14096,4417.837,,156.0,,3064.0,0.281,0.108,Imaging,2015.0,40.08964117
GJ 480 b,GJ 480,2.91,,9.5536,0.068,406.0,3509.0,0.449,0.45,Radial Velocity,2020.0,14.2358
WASP-32 b,WASP-32,10.76064,835.8929,2.71866,0.0394,1388.0,6140.0,0.95,0.72,Transit,2010.0,275.994
K2-337 b,K2-337,2.62,,16.273563,,850.0,5869.0,1.32,0.94,Transit,2021.0,421.636
TOI-2989 b,TOI-2989,12.55405838,953.485221,3.122832,0.0384,1001.0,4672.0,0.76,0.77,Transit,2025.0,195.795
Kepler-963 c,Kepler-963,0.6,,0.919783,,,5169.47,0.928,0.821,Transit,2024.0,771.494
TOI-1136 c,TOI-1136,2.879,6.32,6.2574,0.0669,1062.0,5770.0,0.968,1.022,Transit,2022.0,84.5362
Kepler-1921 c,Kepler-1921,1.41,,3.15722086,0.0454,1791.0,6120.0,2.0,1.251,Transit,2023.0,928.989
HD 23079 c,HD 23079,2.8,,5.748913,,,5994.0,1.08,1.16,Radial Velocity,2025.0,33.4591
TOI-1246 d,TOI-1246,3.43139739,5.4,18.654874,0.132,587.77,5213.0,0.8649,0.8889,Transit,2022.0,169.422
TOI-5238 b,TOI-5238,5.22,,4.872171,,1042.0,5631.0,1.02283,1.0,Transit,2022.0,290.646
TOI-4860 b,TOI-4860,8.7,86.7,1.5227591,0.01808,694.0,3260.0,0.358,0.34,Transit,2023.0,80.1423
Kepler-30 d,Kepler-30,8.8,23.1,143.34394,0.5,308.0,5498.0,0.95,0.99,Transit,2012.0,914.221
Kepler-1610 c,Kepler-1610,2.09,,44.9851885,0.2323,433.0,5295.0,0.8,0.825,Transit,2023.0,864.331
HD 28471 d,HD 28471,2.06,,11.681,0.1,945.0,5766.0,1.08,0.98,Radial Velocity,2025.0,43.6455
WASP-132 d,WASP-132,12.8,,1816.6,2.71,107.0,4686.0,0.758,0.789,Radial Velocity,2024.0,122.91
Kepler-454 b,Kepler-454,2.37,5.4,10.5737534,0.09528,916.0,5687.0,1.066,1.03,Transit,2015.0,230.869
K2-157 b,K2-157,0.935,1.14,0.3652575,0.00962,2432.0,5334.0,0.86,0.89,Transit,2018.0,298.373
NGTS-34 b,NGTS-34,3.65,19.1,43.12655,0.257,624.0,6134.0,1.367,1.266,Transit,2025.0,120.475
NGC 2682 Sand 1429 b,NGC 2682 Sand 1429,13.4,,77.48,0.384,683.0,6000.0,2.13,1.26,Radial Velocity,2024.0,852.793
K2-352 b,K2-352,1.37,,3.665912,,1160.0,5791.0,0.95,0.98,Transit,2021.0,176.051
Qatar-2 b,Qatar-2,14.056,792.635,1.33711647,0.02153,1344.0,4645.0,0.776,0.743,Transit,2011.0,181.374
WASP-66 b,WASP-66,15.6926,746.9005,4.08605,0.0546,1569.7,6600.0,1.76,1.33,Transit,2012.0,500.258
Qatar-8 b,Qatar-8,14.403565,117.91493,3.71495,0.0474,1457.0,5738.0,1.315,1.029,Transit,2019.0,281.498
Kepler-290 d,Kepler-290,0.86,,0.764017553,0.0154,1589.0,5142.0,0.755,0.84,Transit,2023.0,694.627
Kepler-1814 b,Kepler-1814,2.36961357,,2.935359955,0.03765,1022.0,4922.0,0.823,0.79,Transit,2021.0,726.346
TOI-1347 b,TOI-1347,1.8,11.1,0.84742346,0.0171,1400.0,5464.0,0.83,0.913,Transit,2024.0,147.476
TOI-3523 A b,TOI-3523 A,15.9727975,435.42491759,2.30458952,0.03559,1984.0,6450.0,1.448,1.131,Transit,2025.0,645.294
TOI-2295 c,TOI-2295,12.8,,966.5,2.018,234.9,5730.0,1.459,1.168,Radial Velocity,2024.0,126.279
KELT-18 b,KELT-18,17.59813,375.0394,2.8717518,0.0455,2085.0,6670.0,1.908,1.524,Transit,2017.0,321.376
TOI-431 d,TOI-431,3.29,9.9,12.46103,0.098,633.0,4850.0,0.731,0.78,Transit,2021.0,32.5686
Kepler-2001 b,Kepler-2001,1.04,,1.090011003,0.0197,1402.0,5081.0,0.77,0.864,Transit,2023.0,776.55
WASP-197 b,WASP-197,14.44837612,403.324248483,5.167228,0.065,1665.0,6050.0,2.112,1.36,Transit,2025.0,483.675
TOI-1136 e,TOI-1136,2.639,6.07,18.801,0.14,737.0,5770.0,0.968,1.022,Transit,2022.0,84.5362
Kepler-416 c,Kepler-416,2.352,,12.209,0.10454,791.0,5718.0,1.075,1.0,Transit Timing Variations,2014.0,690.819
NN Ser c,NN Ser,12.6,2329.6,6987.0,5.35,,57000.0,,0.535,Eclipse Timing Variations,2010.0,515.818
K2-287 b,K2-287,9.494023,100.11645,14.893291,0.1206,804.0,5695.0,1.07,1.056,Transit,2018.0,158.335
GJ 341 b,GJ 341,0.88,4.0,7.57686,,629.0,3770.0,0.5066,0.48,Transit,2025.0,10.454
K2-138 b,K2-138,1.51,3.1,2.35309,0.03385,1157.0,5356.3,0.863,0.935,Transit,2017.0,202.585
K2-178 b,K2-178,3.55790985,,8.747818,,840.29,5525.0,0.887267,0.95109,Transit,2018.0,214.753
Kepler-449 c,Kepler-449,2.764,,33.6727,0.1979,661.0,5649.18,1.467,1.02,Transit,2015.0,241.949
CoRoT-1 b,CoRoT-1,16.7,327.35,1.5089557,0.02752,1898.0,5950.0,1.11,0.95,Transit,2008.0,787.909
K2-406 b,K2-406,4.602,,22.549406,,,5784.0,0.961,0.798,Transit,2022.0,85.3751
TOI-1758 b,TOI-1758,3.62,6.9,20.705074685,0.141409,551.44,5169.0,0.81,0.88,Transit,2024.0,96.6215
WISPIT 1 b,WISPIT 1,12.4,3305.4154328,,338.0,,4670.0,1.1161,0.72,Imaging,2025.0,230.007
TOI-5108 b,TOI-5108,6.6,32.0,6.753581,0.073,1180.0,5808.0,1.29,1.1,Transit,2025.0,130.919
WASP-84 b,WASP-84,10.72,220.0,8.52349648,0.0778,732.0,5280.0,0.768,0.853,Transit,2014.0,100.588
K2-371 b,K2-371,13.024,,3.114905,,956.83,4925.0,0.736,0.958,Transit,2022.0,442.813
Kepler-1513 c,Kepler-1513,11.0,84.542356262,841.4,,,5491.0,0.95,0.943,Transit Timing Variations,2023.0,349.247
NY Vir c,NY Vir,12.8,,8799.0,,,32780.0,0.151,0.459,Eclipse Timing Variations,2019.0,544.024
TOI-6628 b,TOI-6628,10.98480109,235.19302118,18.18424,0.134,833.0,5463.0,1.01,0.97,Transit,2025.0,320.527
Kepler-975 b,Kepler-975,1.48,,1.970342457,0.02898,1599.0,4897.0,0.75,0.8,Transit,2016.0,426.088
HD 143811 AB b,HD 143811 A,15.69257298,1938.7532827,117000.0,63.0,1042.0,6791.0,1.68398,1.32,Imaging,2025.0,136.608
TOI-238 c,TOI-238,2.18,6.7,8.465651,0.0749,696.0,5059.0,0.733,0.79,Radial Velocity,2024.0,80.5407
HATS-54 b,HATS-54,11.37711541,239.324790471,2.5441765,0.037,1429.0,5621.0,1.23,1.05,Transit,2019.0,748.585
TIC 279401253 c,TIC 279401253,12.6,,155.3,0.591,,5951.0,1.06,1.13,Transit,2023.0,285.584
TOI-5340 b,TOI-5340,15.07607904,270.15414595,4.9394392,0.0628,1566.0,5990.0,1.842,1.35,Transit,2025.0,532.629
TOI-5799 c,TOI-5799,1.76,,14.010449,0.0782,337.0,3452.0,0.321,0.325,Transit,2025.0,27.8123
Kepler-318 c,Kepler-318,3.68,,11.815007,0.105,762.0,5746.0,1.189,1.073,Transit,2014.0,489.141
TOI-4561 b,TOI-4561,1.77789214,,8.93547936706,,789.81,5537.93,0.851957,1.0,Transit,2026.0,179.008
HD 165131 b,HD 165131,12.1,5943.3912109,2342.6,3.54,,5870.0,1.06419,1.06,Radial Velocity,2023.0,57.4263
HAT-P-19 b,HAT-P-19,11.29865255,88.038468739,4.00878322,0.04599,981.2,4962.0,0.773,0.807,Transit,2010.0,202.078
K2-401 b,K2-401,2.262,,6.293099,,,4213.0,0.675,0.87,Transit,2022.0,200.727
Kepler-1487 c,Kepler-1487,7.97,,35.8007112,0.2588,991.0,5745.0,3.955,1.801,Transit,2023.0,1014.62
Kepler-725 b,Kepler-725,10.8,,39.64372,0.2238,514.0,5395.0,0.88,0.95,Transit,2016.0,758.469
Kepler-431 d,Kepler-431,1.11,,11.922,0.1045,856.0,6004.0,1.092,1.071,Transit,2015.0,486.546
Kepler-431 c,Kepler-431,0.668,,8.703,0.0847,951.0,6004.0,1.092,1.071,Transit,2015.0,486.546
HATS-57 b,HATS-57,12.767051,1000.21101,2.350621,0.03493,1413.4,5587.0,0.96,1.026,Transit,2019.0,279.485
WASP-34 b,WASP-34,11.209,177.9848,4.31768,0.0524,1250.0,5700.0,0.91,0.96,Transit,2010.0,132.096
WASP-3 b,WASP-3,15.91678,772.3269,1.84683,0.0315,2020.0,6400.0,1.44,1.62,Transit,2007.0,231.161
Kepler-449 b,Kepler-449,2.056,,12.58242,0.1027,917.0,5649.18,1.467,1.02,Transit,2015.0,241.949
HD 1461 b,HD 1461,2.42,,5.77152,0.0634,,5765.0,1.152288,1.02,Radial Velocity,2010.0,23.4534
HD 1461 c,HD 1461,2.23,,13.5052,0.1117,,5765.0,1.152288,1.02,Radial Velocity,2015.0,23.4534
GJ 3341 b,GJ 3341,2.46,,14.207,0.089,,3526.0,0.439,0.47,Radial Velocity,2015.0,23.619
Kepler-430 c,Kepler-430,1.75,,110.979,0.4757,458.0,5884.0,1.485,1.166,Transit,2015.0,917.477
Kepler-444 b,Kepler-444,0.403,,3.6001053,0.04178,938.0,5046.0,0.752,0.758,Transit,2015.0,36.4396
Kepler-444 c,Kepler-444,0.497,,4.5458841,0.04881,868.0,5046.0,0.752,0.758,Transit,2015.0,36.4396
TOI-4010 d,TOI-4010,6.18,38.15,14.70886,0.113,650.0,4960.0,0.83,0.88,Transit,2023.0,177.504
K2-275 c,K2-275,2.21,,8.4388385,0.0881,653.0,4841.0,0.69,0.77,Transit,2018.0,123.438
TOI-5734 b,TOI-5734,2.1,9.1,6.1841876,0.05921,688.0,4750.0,0.639,0.724,Transit,2026.0,32.5102
Kepler-1487 b,Kepler-1487,2.13,,7.31946363,0.0898,1682.0,6541.0,1.63,1.38,Transit,2016.0,1014.62
Kepler-323 b,Kepler-323,1.381,3.9,1.678328,0.02778,1838.0,6004.0,1.12,1.015,Transit,2014.0,454.883
NGTS-17 b,NGTS-17,13.89913607,242.820902948,3.24253,0.0391,1457.0,5650.0,1.337,1.025,Transit,2021.0,1040.28
Kepler-10 c,Kepler-10,2.355,11.29,45.294301,0.241,579.0,5708.0,1.065,0.91,Transit,2011.0,185.506
Kepler-1972 b,Kepler-1972,0.802,2.02,7.54425,0.08006,1084.0,5818.0,1.384,1.12,Transit,2022.0,287.339
TOI-6478 b,TOI-6478,4.6,,34.005019,0.1136,204.4,3230.0,0.234,0.23,Transit,2025.0,38.6057
HD 183263 b,HD 183263,13.1,,624.87404,1.46,,5948.0,1.23,1.06,Radial Velocity,2004.0,54.1955
MOA-2011-BLG-262L b,MOA-2011-BLG-262L,4.29,17.0,,0.95,,,,0.11,Microlensing,2014.0,7200.0
HD 40307 d,HD 40307,,1775.389481502,20.432,0.1321,541.0,4956.0,0.716684,0.77,Radial Velocity,2009.0,12.9363
HD 87883 b,HD 87883,12.7,2005.49724817,3006.0,3.77,,4980.0,0.798557,0.8,Radial Velocity,2009.0,18.2912
TOI-815 c,TOI-815,2.62,23.5,34.976145,0.193,469.0,4869.0,0.77,0.776,Transit,2024.0,59.7117
Kepler-25 d,Kepler-25,10.0,71.9,122.4,0.4164221832,,6354.0,1.316,1.165,Radial Velocity,2014.0,243.249
TOI-3331 A b,TOI-3331 A,12.97999965,721.47048389,2.0180231,0.03144,1488.0,5609.0,0.952,1.016,Transit,2022.0,217.193
HD 74698 c,HD 74698,14.0,,3449.0,4.5,,5783.0,1.333,1.039,Radial Velocity,2023.0,52.0648
TOI-2068 b,TOI-2068,1.821,,7.768915,0.0632,520.62,3710.0,0.535,0.559,Transit,2024.0,52.9328
K2-412 b,K2-412,2.116,,5.9382,0.0586,,5590.0,0.977,0.893,Transit,2022.0,654.085
Kepler-603 b,Kepler-603,2.65,,21.05358596,0.16052,731.0,5808.0,1.01,1.01,Transit,2016.0,1539.63
Barnard d,Barnard's star,0.694,,2.3402,0.0188,483.0,3195.0,0.185,0.162,Radial Velocity,2025.0,1.82655
K2-132 b,K2-132,14.5717,155.7367,9.1751,0.0916,1586.0,4840.0,3.85,1.08,Transit,2017.0,609.818
TOI-4747 b,TOI-4747,3.95803201,,5.21924158592,,1035.0,5595.08,0.988751,1.01,Transit,2026.0,304.615
HD 40307 f,HD 40307,2.13,,51.76,0.247,398.0,4956.0,0.716684,0.77,Radial Velocity,2013.0,12.9363
Kepler-444 e,Kepler-444,0.546,0.1,7.743493,0.0696,727.0,5046.0,0.752,0.758,Transit,2015.0,36.4396
Kepler-444 d,Kepler-444,0.53,0.2,6.189392,0.06,783.0,5046.0,0.752,0.758,Transit,2015.0,36.4396
Kepler-444 f,Kepler-444,0.741,,9.740486,0.0811,673.0,5046.0,0.752,0.758,Transit,2015.0,36.4396
HIP 107773 b,HIP 107773,13.4,,144.3,0.72,,4945.0,11.6,2.42,Radial Velocity,2015.0,105.18
TOI-763 b,TOI-763,2.28,9.79,5.6057,0.06,1038.0,5450.0,0.897,0.917,Transit,2020.0,95.1274
K2-174 b,K2-174,2.6,,19.562307,0.126,455.0,4455.0,0.676,0.7,Transit,2018.0,99.9293
TOI-615 b,TOI-615,18.97680433,138.255357045,4.6615983,0.0678,1666.0,6850.0,1.732,1.449,Transit,2023.0,360.408
NY Vir b,NY Vir,13.3,730.978,3160.0,3.3,,32780.0,0.151,0.459,Eclipse Timing Variations,2011.0,544.024
AF Lep b,AF Lep,13.0,1147.36054927,8905.0,8.996,1400.0,6140.0,1.25,1.218,Imaging,2023.0,26.8564
Kepler-763 d,Kepler-763,1.67,,6.50327035,0.0634,804.0,4999.0,0.843,0.8,Transit,2023.0,962.459
OGLE-2005-BLG-169L b,OGLE-2005-BLG-169L,3.84,14.1,,3.5,,,,0.69,Microlensing,2006.0,4100.0
K2-133 d,K2-133,2.003,,11.02454,0.07487,734.0,3655.0,0.455,0.461,Transit,2017.0,75.1703
K2-165 b,K2-165,1.27443657,,2.354992,,,5185.0,0.803827,0.834847,Transit,2018.0,134.591
Kepler-1990 b,Kepler-1990,3.27,,1.73513619,0.0286,1554.0,5751.0,1.071,1.028,Transit,2023.0,392.739
Kepler-164 e,Kepler-164,4.24,,94.886902,0.4025,429.0,5888.0,1.097,0.966,Transit,2023.0,890.758
K2-87 b,K2-87,7.6,,9.726618,0.094,979.0,5747.0,1.401,1.164,Transit,2016.0,491.242
TOI-1338 c,TOI-1338 A,10.3,75.4,215.79,0.794,,5723.2,1.313,1.0936,Radial Velocity,2023.0,399.017
OGLE-2019-BLG-0362L b,OGLE-2019-BLG-0362L,13.1,1036.12060682,,2.18,,,,0.42,Microlensing,2022.0,5830.0
TOI-5803 b,TOI-5803,3.2732,,5.38305,,678.87,5134.0,0.7625,0.87,Transit,2023.0,84.0126
AT2021ueyL b,AT2021ueyL,13.6,425.89006538,4168.69,4.01,,3680.0,,0.49,Microlensing,2025.0,1040.0
HD 145675 c,14 Her,12.6,2510.8444153,15732.45889,20.0,,5338.0,0.93,0.97,Radial Velocity,2021.0,17.9323
WASP-60 b,WASP-60,9.86392,174.8065,4.305,0.05548,1479.0,5900.0,1.17,1.19,Transit,2012.0,431.052
TOI-7166 b,TOI-7166,2.01,,12.92063621,0.06191,249.0,3099.0,0.222,0.19,Transit,2025.0,35.4153
Gaia-4 b,Gaia-4,12.4,3750.3752026,571.3,,,4034.0,0.624,0.644,Astrometry,2025.0,73.4829
TOI-1232 c,TOI-1232,8.88,58.480426888,30.356,0.194,,5823.0,1.072,1.058,Transit Timing Variations,2026.0,328.604
Kepler-21 b,Kepler-21,1.639,7.5,2.7858212,0.0434,2015.0,6305.0,1.902,1.408,Transit,2012.0,108.522
GJ 1214 b,GJ 1214,2.733,8.41,1.580404531,0.01505,567.0,3101.0,0.2162,0.182,Transit,2009.0,14.6427
GJ 436 b,GJ 436,4.17,22.1,2.64388312,0.0291,686.0,3586.11,0.455,0.47,Radial Velocity,2004.0,9.75321
HAT-P-12 b,HAT-P-12,10.749,67.059,3.2130598,0.0384,963.0,4650.0,0.701,0.733,Transit,2009.0,142.751
HAT-P-17 b,HAT-P-17,11.76945,184.3414,10.33852,0.0892,800.0,5246.0,0.87,0.99,Transit,2012.0,92.3831
HAT-P-17 c,HAT-P-17,13.1,,5584.0,5.6,,5336.96,0.838682,0.92,Radial Velocity,2012.0,92.3831
HAT-P-25 b,HAT-P-25,12.722215,180.84527,3.65281514,0.0466,1182.0,5519.0,0.919,1.012,Transit,2012.0,300.384
HAT-P-32 b,HAT-P-32,22.19382,216.1244,2.1500082,0.03397,1835.7,6001.0,1.367,1.132,Transit,2011.0,289.205
HD 141937 b,HD 141937,12.4,3591.4609991,662.37,1.54,,5870.0,1.03,1.09,Radial Velocity,2002.0,33.3622
HD 148427 b,HD 148427,13.7,381.3940884,331.9,1.11,,5025.0,3.86,1.64,Radial Velocity,2009.0,71.3499
HD 163607 b,HD 163607,13.9,,75.2203,0.362,,5522.0,1.76,1.12,Radial Velocity,2012.0,67.7855
HD 163607 c,HD 163607,13.3,,1272.0,2.39,,5522.0,1.76,1.12,Radial Velocity,2012.0,67.7855
HD 164509 b,HD 164509,14.3,,280.17,0.87,,5859.0,1.11,1.12,Radial Velocity,2012.0,53.1119
HD 39091 b,HD 39091,12.3,4481.3805387,2088.8,3.28,,5998.0,1.17,1.07,Radial Velocity,2001.0,18.2702
HD 6718 b,HD 6718,13.3,762.7881768,2476.0,3.53,,5746.0,1.02,0.96,Radial Velocity,2009.0,51.3444
HD 96127 b,HD 96127,13.0,1207.7479466,638.9,1.41,,3943.0,35.0,0.91,Radial Velocity,2011.0,587.659
WASP-19 b,WASP-19,15.86070769,366.773981678,0.78883852,0.01652,2113.0,5616.0,1.006,0.965,Transit,2009.0,268.325
WASP-41 b,WASP-41,12.3299,270.1555,3.0524,0.04022,1244.0,5545.0,0.83,0.81,Transit,2011.0,163.371
WASP-43 b,WASP-43,10.424,565.714,0.813475,0.0142,1426.7,4400.0,0.6,0.58,Transit,2011.0,86.7467
HIP 65891 b,HIP 65891,12.7,1938.7532827,1089.6,2.82,,5000.0,8.93,2.5,Radial Velocity,2015.0,150.292
WASP-41 c,WASP-41,13.1,,421.0,1.07,241.0,5545.0,0.87,0.93,Radial Velocity,2015.0,163.371
WASP-131 b,WASP-131,13.74221034,86.767155111,5.3220125,0.0608,1460.0,5990.0,1.561,1.06,Transit,2016.0,200.075
EPIC 220674823 b,EPIC 220674823,1.606,7.54,0.57130782,0.0132,2324.0,5578.0,0.99,0.913,Transit,2016.0,244.59
EPIC 220674823 c,EPIC 220674823,2.712,7.9,13.340603,0.1078,838.0,5578.0,0.99,0.913,Transit,2016.0,244.59
pi Men c,HD 39091,2.0189,3.63,6.2678399,0.06839,1169.8,5998.0,1.17,1.07,Transit,2018.0,18.2702
GJ 411 b,GJ 411,1.45,,12.9394,0.07879,349.83,3719.0,0.3685,0.3899,Radial Velocity,2019.0,5.675773
TOI-1728 b,TOI-1728,5.05,26.78,3.49151,0.0391,767.0,3980.0,0.6243,0.646,Transit,2020.0,60.798
TOI-776 b,TOI-776,1.798,5.0,8.24662,0.0653,520.0,3725.0,0.547,0.542,Transit,2020.0,27.1701
TOI-776 c,TOI-776,2.047,6.9,15.665323,0.1001,420.0,3725.0,0.547,0.542,Transit,2020.0,27.1701
HD 95735 c,GJ 411,3.76,,2946.0,2.94,,3719.0,0.3685,0.3899,Radial Velocity,2021.0,5.675773
TOI-1259 A b,TOI-1259 A,11.6,141.0,3.4779792,0.0408,963.0,4775.0,0.715,0.746,Transit,2021.0,118.106
HAT-P-63 b,HAT-P-63,12.5428494,195.146641898,3.377728,0.04294,1237.0,5400.0,0.9661,0.925,Transit,2021.0,403.458
TOI-2202 b,TOI-2202,10.95117414,287.316879928,11.9126075,0.09564,652.07,5169.0,0.808,0.841,Transit,2021.0,235.933
TOI-2202 c,TOI-2202,13.4,117.278682183,24.6744,0.15544,,5144.0,0.794,0.823,Transit Timing Variations,2021.0,235.933
pi Men d,HD 39091,3.72,,124.64,0.506,,5998.0,1.19,1.07,Radial Velocity,2022.0,18.2702
TOI-707 b,TOI-707,2.416,,52.79918,0.275,491.7,5424.0,0.978,0.99,Transit,2026.0,130.959
TOI-1232 b,TOI-1232,10.92875618,220.572914458,14.256,0.117,785.71,5823.0,1.072,1.058,Transit,2026.0,328.604
TOI-1288 b,TOI-1288,4.96846551,44.1,2.6998279,0.0374,1203.44,5388.0,0.9583,0.9552,Transit,2022.0,114.865
KOI-13 b,KOI-13,16.948008,2949.4624,1.763588,0.03641,2550.0,7650.0,1.74,1.72,Transit,2011.0,519.096
TOI-3457 b,TOI-3457,10.64,797.74930157,32.600268,0.2001,824.2,6300.0,1.474,1.04,Transit,2026.0,370.666
TOI-4507 b,TOI-4507,8.2,20.0,104.61611,0.456,464.8,6260.0,1.04,1.11,Transit,2025.0,178.26
TOI-1288 c,TOI-1288,11.1,,416.0,1.07,,5388.0,0.9583,0.9552,Radial Velocity,2022.0,114.865
GJ 463 b,GJ 463,13.1,1080.6165838,3459.0,3.53,,3563.0,0.483,0.486,Radial Velocity,2022.0,18.3554
OGLE-2018-BLG-1647L b,OGLE-2018-BLG-1647L,13.8,308.29355479,,1.36,,,,0.092,Microlensing,2022.0,7880.0
TOI-6324 b,TOI-6324,1.059,1.17,0.279221,,1216.0,3247.0,0.293,0.269,Transit,2025.0,20.5488
TOI-6420 b,TOI-6420,11.93756445,2606.1929374,6.961508,0.0753,1213.0,6020.0,1.312,1.165,Transit,2025.0,634.712
HD 222237 b,HD 222237,12.8,1649.52943233,14892.0,10.8,,4751.0,0.71,0.76,Radial Velocity,2024.0,11.4469
HD 5388 b,HD 5388,13.1,1017.0509024,772.5,1.757,,6297.0,1.91,1.21,Radial Velocity,2010.0,53.0661
HD 16760 b,HD 16760,12.1,6833.3107505,466.08,1.156,,5518.0,0.835,0.93,Radial Velocity,2009.0,50.17561
GJ 3378 b,GJ 3378,1.32,,21.45,0.09673,272.0,3340.0,0.275,0.262,Radial Velocity,2026.0,7.72274
K2-33 b,K2-33,5.04,1175.971,5.424865,0.0409,850.0,3540.0,1.05,0.56,Transit,2016.0,139.268
Kepler-1987 d,Kepler-1987,2.66,,5.644914154,0.0571,744.0,4769.0,0.714,0.799,Transit,2023.0,595.683
TOI-833 b,TOI-833,1.27,,1.0418777,0.0171,1118.0,3920.0,0.6,0.61,Transit,2022.0,41.7148
KELT-24 b,KELT-24,12.71098411,1458.83238813,5.55149296,0.0665,1391.0,6426.0,1.338,1.268,Transit,2019.0,96.5173
TOI-858 B b,TOI-858 B,14.06727078,349.6112477,3.2797178,0.04435,1529.0,5842.0,1.308,1.081,Transit,2023.0,250.489
WASP-13 b,WASP-13,13.67498,114.4188,4.35301,0.05362,1531.0,5950.0,1.37,0.72,Transit,2009.0,227.537
WASP-10 b,WASP-10,12.106,1001.12,3.0927616,0.03781,1370.0,4675.0,0.698,0.75,Transit,2008.0,140.998
Kepler-1693 b,Kepler-1693,1.28938413,,12.0999,0.1011,807.0,5432.34,0.878295,0.95,Transit,2020.0,760.065
HD 199509 b,HD 199509,7.43,,99.62167,0.426,,5796.02,0.92,1.04,Radial Velocity,2022.0,24.3056
Kepler-104 b,Kepler-104,3.1,19.6,11.427548,0.094,852.0,5711.0,1.349,0.818,Transit,2014.0,400.785
Kepler-945 b,Kepler-945,2.63,,31.0033814,0.2037,616.0,5718.0,0.97,0.97,Transit,2016.0,1651.25
TOI-2416 b,TOI-2416,9.86390302,953.485221,8.275479,0.0831,1080.0,5808.0,1.236,1.118,Transit,2023.0,557.733
HD 110113 c,HD 110113,2.11384817,,6.744,0.068,990.0,5732.0,0.968,0.997,Radial Velocity,2021.0,106.307
TOI-1130 b,TOI-1130,3.66,19.8,4.074554,0.0453,825.0,4360.0,0.697,0.745,Transit,2020.0,58.2609
TOI-1130 c,TOI-1130,13.0,336.0,8.3501898,0.0731,650.0,4360.0,0.697,0.745,Transit,2020.0,58.2609
EPIC 206317286 b,EPIC 206317286,0.96,,1.58252,,,4752.0,0.669,0.711,Transit,2019.0,314.35
WASP-102 b,WASP-102,14.90794433,197.689269154,2.709813,0.041,1671.0,5990.0,1.375,1.08,Transit,2025.0,535.689
Kepler-297 d,Kepler-297,32.6,,150.0189511,0.523,325.0,5618.0,0.897,0.846,Transit,2023.0,692.14
Kepler-1994 b,Kepler-1994,0.51,,4.61225043,0.053,1032.0,5495.0,0.961,0.932,Transit,2023.0,241.991
HATS-32 b,HATS-32,14.000041,292.4036,2.8126548,0.04024,1437.0,5700.0,1.097,1.099,Transit,2016.0,745.116
HAT-P-46 b,HAT-P-46,14.392,156.684,4.463129,0.0577,1458.0,6120.0,1.396,1.284,Transit,2014.0,290.736
TOI-125 b,TOI-125,2.726,9.5,4.65382,0.05186,1037.0,5320.0,0.848,0.859,Transit,2019.0,111.059
TOI-125 d,TOI-125,2.93,13.6,19.98,0.137,638.1,5320.0,0.848,0.859,Transit,2020.0,111.059
Kepler-1130 b,Kepler-1130,0.8,,5.45298175,0.05963,904.0,5403.0,0.81,0.9,Transit,2016.0,249.343
Kepler-1878 b,Kepler-1878,2.92019781,,4.445879936,0.0521,1063.0,5918.0,0.865,0.956,Transit,2021.0,1494.3
HD 21411 b,HD 21411,9.52,,84.288,0.362,,5605.0,0.825605,0.89,Radial Velocity,2019.0,29.1328
Kepler-239 c,Kepler-239,2.51,,56.228098,0.268,366.0,4914.0,0.763,0.757,Transit,2014.0,648.109
NSVS 14256825 b,NSVS 14256825,12.3,,3225.0,3.12,,40000.0,0.188,0.419,Eclipse Timing Variations,2019.0,820.877
HD 143361 b,HD 143361,12.9,1382.55357045,1039.15,1.988,,5507.0,0.916,0.968,Radial Velocity,2008.0,68.5146
Kepler-1978 b,Kepler-1978,2.67,,10.84969477,0.0914,676.0,5251.0,0.778,0.869,Transit,2023.0,865.512
HD 12661 b,HD 12661,13.3,,262.70862,0.84,,5645.0,1.2,1.2,Radial Velocity,2000.0,37.8478
WASP-11 b,WASP-11,12.44199,251.0857,3.72247,0.0435,992.0,4800.0,0.89,1.42,Transit,2008.0,124.73
WASP-192 b,WASP-192,13.78707,731.009,2.8786765,0.0408,1620.0,5910.0,1.32,1.09,Transit,2019.0,508.885
WASP-44 b,WASP-44,12.3299,276.5121,2.423804,0.03453,1337.0,5420.0,0.906,0.935,Transit,2011.0,364.512
HAT-P-5 b,HAT-P-5,13.56289,311.4734,2.78849,0.04073,1517.0,5960.0,1.12,1.04,Transit,2007.0,303.336
HAT-P-8 b,HAT-P-8,15.6926,406.8224,3.07634,0.04496,1713.0,6200.0,1.57,1.27,Transit,2008.0,211.553
HD 33844 b,HD 33844,13.4,,551.40002,1.6,,4861.0,5.39,1.84,Radial Velocity,2015.0,105.779
Kepler-139 f,Kepler-139,6.67,36.0,355.0,,,5630.0,1.045,1.078,Transit Timing Variations,2025.0,391.038
TOI-836 b,TOI-836,1.704,4.53,3.81673,0.0422,871.0,4552.0,0.665,0.678,Transit,2023.0,27.5024
TOI-1246 b,TOI-1246,3.01,8.1,4.30744,0.049,955.0,5151.0,0.86,0.87,Transit,2022.0,169.422
Kepler-1849 b,Kepler-1849,2.38685349,,57.29290009,0.2597,355.0,4806.0,0.729,0.709,Transit,2021.0,631.884
Kepler-2001 c,Kepler-2001,1.82,,14.092583189,0.1084,597.0,5081.0,0.77,0.864,Transit,2023.0,776.55
DMPP-1 e,DMPP-1,1.86,,5.516,0.0651,1314.0,6196.0,1.26,1.21,Radial Velocity,2019.0,62.5388
K2-403 b,K2-403,5.333,,33.589979,,949.0,5511.0,0.886,0.784,Transit,2022.0,246.599
TOI-5789 e,TOI-5789,3.43,,62.98,0.2901,424.0,5185.0,0.833,0.821,Radial Velocity,2026.0,20.4581
rho CrB b,rho CrB,13.7,,39.849,0.2245,614.0,5817.0,1.3617,1.0,Radial Velocity,1997.0,17.4671
HD 191939 c,HD 191939,3.195,8.0,28.579743,0.1752,600.0,5348.0,0.94,0.81,Transit,2020.0,53.6089
DMPP-6 b,DMPP-6,2.28,,7.6027,0.0779,,6182.09,1.27,1.079,Radial Velocity,2026.0,54.6303
Kepler-315 c,Kepler-315,4.15,,265.469335,0.791,291.0,5796.0,1.037,0.831,Transit,2014.0,1160.63
Qatar-10 b,Qatar-10,17.295487,233.92288,1.645321,0.0286,1955.0,6124.0,1.254,1.156,Transit,2019.0,559.068
Gliese 12 b,Gliese 12,0.93,0.95,12.761418,0.067,314.6,3328.0,0.265,0.255,Transit,2024.0,12.21
HD 209458 b,HD 209458,15.58051,232.0159,3.52474859,0.04707,1459.0,6091.0,1.19,1.23,Radial Velocity,1999.0,48.3016
Kepler-1991 b,Kepler-1991,1.47,,13.26079792,0.1065,760.0,5478.0,1.053,0.914,Transit,2023.0,855.82
Kepler-1995 b,Kepler-1995,4.28,,73.7578875,0.3259,375.0,5029.0,0.93,0.847,Transit,2023.0,595.331
Kepler-1987 e,Kepler-1987,1.92,,8.74292005,0.0765,643.0,4769.0,0.714,0.799,Transit,2023.0,595.683
KELT-3 b,KELT-3,17.48604,616.5902,2.70339,0.04123,1816.0,6304.0,1.7,1.96,Transit,2013.0,210.252
Kepler-417 c,Kepler-417,2.69,,15.943,0.1194,616.0,5177.0,0.806,0.9,Transit Timing Variations,2014.0,973.989
KMT-2017-BLG-1146L b,KMT-2017-BLG-1146L,14.0,230.0,,1.6,,,,0.33,Microlensing,2019.0,6500.0
Kepler-1213 b,Kepler-1213,1.19,,5.34982412,0.06026,1156.0,6050.0,1.21,1.14,Transit,2016.0,807.812
Kepler-1020 b,Kepler-1020,2.28,,96.9151496,0.37594,325.0,5227.0,0.8,0.87,Transit,2016.0,415.358
Kepler-682 b,Kepler-682,7.37,,12.611906672,0.1058,753.0,5559.0,0.89,0.92,Transit,2016.0,1979.25
K2-194 b,K2-194,3.64229858,,39.721386,,,5979.0,1.281115,1.110086,Transit,2018.0,629.51
Kepler-1993 b,Kepler-1993,4.15,,26.6565737,0.1943,903.0,5159.0,3.062,1.373,Transit,2023.0,1031.91
Kepler-579 b,Kepler-579,2.0,,9.66857723,0.0854,730.0,5636.0,0.96,0.99,Transit,2016.0,530.765
HD 216770 b,HD 216770,14.1,,118.45,0.46,,5399.0,0.93,0.74,Radial Velocity,2003.0,36.6625
Kepler-1074 b,Kepler-1074,1.25,,5.94566534,0.0536,568.0,4002.0,0.57,0.6,Transit,2016.0,250.817
WASP-133 b,WASP-133,13.56289,368.6828,2.176423,0.0345,1790.0,5700.0,1.44,1.16,Transit,2016.0,559.084
Kepler-1126 c,Kepler-1126,1.45,,199.66876,0.6193,305.0,5678.0,0.921,0.794,Transit,2023.0,635.736
TOI-1224 b,TOI-1224,2.104,,4.1782745,0.0355,541.0,3326.0,0.404,0.4,Transit,2024.0,37.3312
TOI-564 b,TOI-564,11.43318,464.98529,1.651144,0.02734,1714.0,5640.0,1.088,0.998,Transit,2020.0,199.581
Kepler-1656 c,Kepler-1656,14.0,126.4,1919.0,3.053,,5569.0,1.1,1.03,Radial Velocity,2022.0,185.875
TOI-1410 c,TOI-1410,5.63,,47.56,0.239,,4635.0,0.7558,0.7941,Radial Velocity,2024.0,72.7512
HATS-55 b,HATS-55,14.022459,292.72143,4.2042001,0.05412,1367.0,6214.0,1.126,1.1955,Transit,2019.0,609.838
WASP-183 b,WASP-183,16.47723,159.55066,4.1117771,0.04632,1111.0,5313.0,0.871,0.784,Transit,2019.0,325.377
HD 45184 b,HD 45184,3.52,,5.8854,0.0644,,5869.0,1.075139,1.03,Radial Velocity,2019.0,21.9532
Kepler-700 b,Kepler-700,5.99,,80.8720639,0.3577,452.0,5692.0,0.96,0.98,Transit,2016.0,1491.76
WASP-170 b,WASP-170,12.285064,508.528,2.34478022,0.0337,1422.0,5600.0,0.938,0.93,Transit,2018.0,305.603
TOI-1693 b,TOI-1693,1.41,,1.7666957,0.0226,764.0,3499.0,0.46,0.49,Transit,2022.0,30.7947
OGLE-2018-BLG-0298L b,OGLE-2018-BLG-0298L,7.56,44.49597698,,2.86,,,,0.69,Microlensing,2022.0,6540.0
OGLE-2013-BLG-0102L b,OGLE-2013-BLG-0102L,12.3,4100.0,,0.8,,,,0.096,Microlensing,2014.0,3040.0
Kepler-948 b,Kepler-948,1.85,,7.76846622,0.0749,841.0,5679.0,0.94,0.96,Transit,2016.0,868.017
TOI-1472 b,TOI-1472,4.058,18.05,6.36338574,0.064,891.0,5100.0,0.84,0.87,Transit,2024.0,121.84
Kepler-1894 c,Kepler-1894,1.21,,5.05368985,0.0576,1007.0,5772.0,0.901,0.999,Transit,2023.0,935.191
TOI-532 b,TOI-532,5.82,61.5,2.3266508,0.0296,867.0,3927.0,0.612,0.639,Transit,2021.0,135.047
Kepler-1996 b,Kepler-1996,2.26,,32.376183,0.1789,392.0,4580.0,0.675,0.748,Transit,2023.0,440.561
LP 714-47 b,LP 714-47,4.7,30.8,4.052037,0.0417,700.0,3950.0,0.584,0.59,Transit,2020.0,52.616
TOI-921 b,TOI-921,3.53409617,,5.12871907628,,951.0,6011.66,1.14165,1.13,Transit,2026.0,294.015
Kepler-1278 b,Kepler-1278,1.01,,3.23941344,0.04417,1213.0,6074.0,1.16,1.11,Transit,2016.0,889.426
HD 106270 b,HD 106270,12.4,3623.2438398,1888.0,3.34,,5509.0,2.66,1.39,Radial Velocity,2011.0,93.808
Kepler-1977 b,Kepler-1977,1.66,,4.53702121,0.0486,798.0,4805.0,0.688,0.769,Transit,2023.0,592.711
HATS-10 b,HATS-10,10.861521,167.17858,3.312846,0.04491,1407.0,5880.0,1.105,1.101,Transit,2015.0,534.889
Kepler-1801 c,Kepler-1801,2.91,,116.583183,0.4572,371.0,5738.0,0.981,0.936,Transit,2023.0,839.332
Kepler-472 b,Kepler-472,3.22,,4.176255514,0.04823,876.0,4996.0,0.78,0.85,Transit,2016.0,306.602
Kepler-1129 b,Kepler-1129,2.96,,24.3397804,0.16481,737.0,5831.0,1.0,1.0,Transit,2016.0,1183.88
Kepler-1275 b,Kepler-1275,1.48,,3.65691115,0.0488,1368.0,6296.0,1.36,1.23,Transit,2016.0,1153.98
Kepler-1052 c,Kepler-1052,2.3,,180.921729,0.6135,302.0,5818.0,0.848,0.937,Transit,2023.0,943.444
HATS-61 b,HATS-61,13.394755,1080.622,7.817953,0.07908,1226.1,5542.0,1.664,1.076,Transit,2018.0,679.761
Kepler-656 c,Kepler-656,1.41,,5.25449393,0.0602,975.0,5550.0,0.954,1.05,Transit,2023.0,890.352
Kepler-1471 c,Kepler-1471,1.88,,11.6044881,0.0981,841.0,5533.0,1.166,0.934,Transit,2023.0,978.678
Kepler-60 c,Kepler-60,1.9,3.85,8.9187,0.08422,1023.0,5905.0,1.257,1.041,Transit,2012.0,1025.1
Kepler-784 c,Kepler-784,1.55,,17.157236,0.1309,844.0,5676.0,1.487,1.016,Transit,2023.0,1303.72
WASP-49 b,WASP-49,12.44199,117.5971,2.78174,0.0379,1400.0,5600.0,0.97,0.92,Transit,2012.0,194.553
WASP-15 b,WASP-15,15.80469,171.6282,3.7521,0.05165,1676.0,6300.0,1.48,1.18,Transit,2009.0,282.091
Kepler-1869 c,Kepler-1869,0.74,,1.716828304,0.028,1455.0,5808.0,0.902,0.987,Transit,2023.0,113.025
Kepler-1987 c,Kepler-1987,1.33,,3.64830183,0.0427,860.0,4769.0,0.714,0.799,Transit,2023.0,595.683
Kepler-1669 d,Kepler-1669,1.22,,4.72941177,0.0468,669.0,4224.0,0.603,0.609,Transit,2023.0,543.444
Kepler-1870 b,Kepler-1870,2.10143764,,3.606940031,0.0452,1046.0,5508.0,0.84,0.955,Transit,2021.0,407.216
K2-8 c,K2-8,2.41,,5.06416,0.0532,801.0,4870.0,0.74,0.78,Transit,2016.0,403.513
Kepler-1339 b,Kepler-1339,0.71,,1.341555127,0.02356,1642.0,5586.0,0.93,0.94,Transit,2016.0,371.049
Kepler-865 c,Kepler-865,0.89,,6.20920207,0.061,914.0,5440.0,0.885,0.782,Transit,2023.0,586.137
Kepler-2000 c,Kepler-2000,1.57,,20.6180348,0.1228,359.0,3757.0,0.576,0.581,Transit,2023.0,320.588
Kepler-864 c,Kepler-864,1.62,,2.42150341,0.0382,1532.0,6213.0,1.195,1.27,Transit,2023.0,2022.9
Kepler-1905 b,Kepler-1905,1.4460734,,3.42392993,0.0451,1212.0,5788.0,1.015,1.038,Transit,2021.0,1051.53
Kepler-230 c,Kepler-230,2.04,,91.773242,0.38,359.0,5588.0,0.817,0.784,Transit,2014.0,740.754
Kepler-1839 b,Kepler-1839,1.9493759,,5.056759834,0.0583,1049.0,5926.0,0.939,1.03,Transit,2021.0,1136.6
Kepler-694 b,Kepler-694,2.8,,6.365841612,0.0659,914.0,5700.0,0.95,0.97,Transit,2016.0,1023.06
K2-32 e,K2-32,1.212,2.1,4.34934,0.04899,1066.0,5271.0,0.86,0.83,Transit,2019.0,157.682
Kepler-1984 b,Kepler-1984,6.81,,1.992812339,0.0238,675.0,3638.0,0.42,0.45,Transit,2023.0,
Kepler-1987 b,Kepler-1987,1.23,,2.345863002,0.0318,997.0,4769.0,0.714,0.799,Transit,2023.0,595.683
Kepler-919 b,Kepler-919,2.25,,11.04603384,0.0981,869.0,6113.0,1.21,1.15,Transit,2016.0,1119.87
Kepler-1181 c,Kepler-1181,1.83,,8.93484887,0.0928,1124.0,6688.0,1.347,1.336,Transit,2023.0,938.417
Kepler-1858 b,Kepler-1858,2.42168247,,88.07160187,0.3575,330.0,4939.0,0.819,0.785,Transit,2021.0,833.055
Kepler-975 c,Kepler-975,10.69,,5.05821338,0.0567,1168.0,4883.0,1.667,0.951,Transit,2023.0,426.088
HD 95872 b,HD 95872,13.0,,4375.0,5.15,,5312.0,0.84,0.7,Radial Velocity,2015.0,72.2195
Kepler-411 b,Kepler-411,2.401,25.6,3.005156,0.0375,1138.0,4974.0,0.82,0.87,Transit,2013.0,153.676
NGTS-16 b,NGTS-16,14.57167491,211.991547469,4.84532,0.0523,1177.0,5550.0,1.213,1.002,Transit,2021.0,898.168
K2-31 b,K2-31,11.88154,563.83042,1.25785,0.022,1688.0,5280.0,0.78,0.91,Transit,2016.0,110.527
K2-39 b,K2-39,6.27704,28.6047,4.60543,0.05708,1670.0,4881.0,2.97,0.66,Transit,2016.0,307.47
HIP 38594 c,HIP 38594,7.94,,3477.768,3.805,,4086.3,0.626646,0.61,Radial Velocity,2020.0,17.7886
Kepler-144 b,Kepler-144,1.33,,5.885273,0.066,1253.0,6075.0,1.235,1.154,Transit,2014.0,384.917
Kepler-1121 b,Kepler-1121,1.91,,13.15141081,0.11818,1008.0,6231.0,1.59,1.29,Transit,2016.0,482.047
HD 10442 b,HD 10442,13.6,,1032.3,2.01,,4912.0,1.97,1.01,Radial Velocity,2014.0,135.374
Kepler-402 d,Kepler-402,1.38,,8.921099,0.087,1006.0,6090.0,1.264,1.072,Transit,2014.0,625.339
TOI-4515 b,TOI-4515,12.17,637.0,15.266446,0.118,705.0,5433.0,0.86,0.949,Transit,2024.0,193.499
LTT 1445 A b,LTT 1445 A,1.34,2.73,5.3587635,0.0381,431.0,3562.0,0.271,0.257,Transit,2019.0,6.86929
AU Mic c,AU Mic,2.79,14.46,18.859023,0.119,424.7,3540.0,0.862,0.635,Transit,2021.0,9.7221
HAT-P-7 b,HAT-P-7,16.92559,584.8072,2.20474,0.03809,2733.0,6389.0,2.0,1.56,Transit,2008.0,341.079
AU Mic b,AU Mic,4.79,8.99,8.463446,0.07,554.8,3540.0,0.862,0.635,Transit,2020.0,9.7221
WASP-63 b,WASP-63,15.80469,117.5971,4.37808,0.0574,1469.91,5550.0,1.86,1.28,Transit,2012.0,290.684
TOI-3540 A b,TOI-3540 A,23.53885947,375.03752026,3.119999,0.04289,1498.0,5810.0,1.228,1.081,Transit,2022.0,
HATS-62 b,HATS-62,11.825495,56.89157,3.2768837,0.04163,1237.0,5416.0,0.933,0.896,Transit,2018.0,523.067
Kepler-1690 b,Kepler-1690,2.81109223,,234.636,0.7097,267.0,5404.0,0.862346,0.94,Transit,2020.0,703.789
Kepler-1118 b,Kepler-1118,2.74,,38.6715075,0.2079,502.0,5688.0,0.97,0.96,Transit,2016.0,888.325
Kepler-150 b,Kepler-150,1.25,,3.428054,0.044,1131.0,5560.0,0.939,0.956,Transit,2014.0,891.092
Kepler-1841 b,Kepler-1841,1.48912557,,25.88599968,0.1606,542.0,5190.0,0.899,0.823,Transit,2021.0,631.7
Kepler-620 b,Kepler-620,3.32,,12.91375431,0.1053,849.0,6155.0,1.22,1.15,Transit,2016.0,1355.28
HD 105618 b,HD 105618,5.44,,10.02245,0.091,,5671.0,1.27399,1.01,Radial Velocity,2022.0,70.0837
KMT-2016-BLG-1836L b,KMT-2016-BLG-1836L,13.3,700.0,,3.5,,,,0.49,Microlensing,2019.0,7100.0
NGTS-12 b,NGTS-12,11.747032,66.10864,7.532806,0.0757,1257.0,5690.0,1.589,1.021,Transit,2020.0,446.442
Kepler-1669 b,Kepler-1669,2.78043818,,9.51216,0.0745,530.0,4303.0,0.714145,0.67,Transit,2020.0,543.444
K2-341 b,K2-341,3.21,,36.552551,,598.0,5817.0,1.16,0.98,Transit,2021.0,421.408
TOI-262 b,TOI-262,2.07,,11.14529,0.163,584.0,5310.0,0.853,0.913,Transit,2023.0,43.932
Kepler-347 d,Kepler-347,3.04,,85.517344,0.3802,482.0,5592.0,1.451,1.0,Transit,2023.0,1298.88
55 Cnc e,55 Cnc,1.875,7.99,0.7365474,0.01544,1958.0,5172.0,0.943,0.905,Radial Velocity,2004.0,12.5855
K2-329 b,K2-329,8.675766,82.6358,12.4551225,0.1016,650.0,5282.0,0.822,0.901,Transit,2020.0,233.237
Kepler-405 b,Kepler-405,2.08,,10.613839,0.095,785.0,5818.0,0.893,0.873,Transit,2014.0,1065.08
HIP 114933 b,HIP 114933,13.4,,1481.6,2.84,,4823.0,5.27,1.39,Radial Velocity,2021.0,101.766
NGTS-18 b,NGTS-18,13.56286665,129.991818463,3.05125,0.0448,1381.0,5610.0,1.392,1.003,Transit,2021.0,1096.19
Kepler-129 b,Kepler-129,2.4,,15.79,0.13,910.0,5770.0,1.653,1.178,Transit,2014.0,408.845
GJ 3082 b,GJ 3082,2.79,,11.949,0.079,,3910.0,0.465216,0.47,Radial Velocity,2020.0,16.6186
HD 136352 b,HD 136352,1.664,4.72,11.57797,0.0964,905.0,5664.0,1.058,0.87,Radial Velocity,2019.0,14.682
HD 221420 b,HD 221420,12.0,7278.2705203,10090.0,10.15,,5847.0,1.947,1.351,Radial Velocity,2019.0,31.1415
HD 136352 c,HD 136352,2.916,11.24,27.59221,0.1721,677.0,5664.0,1.058,0.87,Radial Velocity,2019.0,14.682
Kepler-1723 b,Kepler-1723,2.88046569,,39.75289917,0.2249,568.0,6072.0,1.01,0.96,Transit,2021.0,811.278
Kepler-1176 b,Kepler-1176,2.45,,24.1738579,0.1589,595.0,5844.0,1.02,1.01,Transit,2016.0,864.699
Kepler-1783 b,Kepler-1783,1.31946731,,8.277440071,0.07595,1088.0,5129.0,1.781,0.887,Transit,2021.0,264.078
TOI-6255 b,TOI-6255,1.079,1.44,0.23818244,,1256.46,3421.0,0.37,0.353,Transit,2024.0,20.3167
TOI-157 b,TOI-157,14.414774,375.0394,2.0845435,0.03138,1588.0,5404.0,1.167,0.948,Transit,2020.0,355.683
OGLE-2017-BLG-0640L b,OGLE-2017-BLG-0640L,13.5,514.88201934,,1.14,,,,0.32,Microlensing,2024.0,6630.0
OGLE-2017-BLG-1099L b,OGLE-2017-BLG-1099L,13.1,959.84178914,,2.73,,,,0.45,Microlensing,2021.0,7250.0
Kepler-1421 b,Kepler-1421,0.93,,6.9131112,0.07576,1209.0,6335.0,1.42,1.25,Transit,2016.0,783.401
Kepler-1442 b,Kepler-1442,3.93,,81.4162941,0.40814,522.0,6394.0,1.44,1.34,Transit,2016.0,608.68
Kepler-414 b,Kepler-414,1.71,3.5,4.7,0.0543,1024.0,5536.0,0.946,0.89,Transit Timing Variations,2014.0,413.46
HD 13808 c,HD 13808,3.13,,53.753,0.2554,,5035.0,0.781,0.771,Radial Velocity,2021.0,28.2305
TOI-1333 b,TOI-1333,15.647764,753.2571,4.720219,0.0626,1679.0,6274.0,1.925,1.464,Transit,2021.0,200.492
HD 13808 b,HD 13808,3.35,,14.1815,0.10519,,5035.0,0.781,0.771,Radial Velocity,2021.0,28.2305
HD 136352 d,HD 136352,2.562,8.82,107.245,0.425,431.0,5664.0,1.058,0.87,Radial Velocity,2019.0,14.682
K2-185 b,K2-185,1.15,,10.616384,,809.0,5788.0,0.94,0.96,Transit,2018.0,268.357
K2-59 b,K2-59,2.41,,20.6921,0.1354,,5055.0,0.731,0.774,Transit,2016.0,311.313
Kepler-1976 b,Kepler-1976,12.21,,4.959319244,0.0565,1103.0,5712.0,1.082,0.976,Transit Timing Variations,2023.0,1314.51
HAT-P-61 b,HAT-P-61,10.07687365,335.944626199,1.90231289,0.0301,1505.0,5587.0,0.938,1.004,Transit,2021.0,338.84
TOI-849 b,TOI-849,3.64,41.8,0.765548,0.0155,1932.0,5257.0,0.97,0.97,Transit,2020.0,225.734
Kepler-1491 c,Kepler-1491,2.44,,61.569765,0.3045,530.0,5626.0,1.389,0.991,Transit,2023.0,2065.59
Kepler-1834 c,Kepler-1834,1.22,,0.766691517,0.015,1541.0,4821.0,0.788,0.765,Transit,2023.0,500.395
Kepler-1518 c,Kepler-1518,2.9,,9.6310258,0.0905,1094.0,6432.0,1.345,1.06,Transit,2023.0,903.51
TIC 270471727 b,TIC 270471727,2.75029559,,10.45623256647,,1147.1,5271.39,0.997091,0.9,Transit,2026.0,182.104
Kepler-348 c,Kepler-348,1.33,,17.265427,0.138,888.0,6177.0,1.359,1.189,Transit,2014.0,570.783
Kepler-1200 b,Kepler-1200,1.06,,1.118549717,0.0188,1174.0,4612.0,0.7,0.74,Transit,2016.0,588.715
HD 204941 b,HD 204941,10.1,,1733.0,2.55,,5026.0,0.78,0.58,Radial Velocity,2011.0,28.7165
HD 68988 c,HD 68988,12.2,4776.96095721,16000.0,13.2,,5883.41,1.255733,1.171665,Radial Velocity,2021.0,60.8447
HD 101581 b,HIP 56998,0.956,,4.46569,0.046,834.0,4675.0,0.63,0.653,Transit,2025.0,12.7781
OGLE-2017-BLG-0406L b,OGLE-2017-BLG-0406L,14.2,130.0,,3.5,,,,0.56,Microlensing,2020.0,5200.0
KMT-2017-BLG-0428L b,KMT-2017-BLG-0428L,2.23,5.59,,1.81,,,,0.34,Microlensing,2023.0,5400.0
Kepler-698 b,Kepler-698,3.68,,16.32976218,0.1255,727.0,5612.0,0.91,0.94,Transit,2016.0,1995.57
WASP-121 b,WASP-121,19.52604438,371.85923619,1.27492504,0.02571,2409.0,6628.0,1.461,1.33,Transit,2016.0,269.898
GJ 536 c,GJ 536,2.3,,32.761,0.1617,290.5,3641.0,0.529,0.528,Radial Velocity,2025.0,10.4092
TOI-663 b,TOI-663,2.27,4.45,2.598902,0.0295,674.0,3681.0,0.512,0.514,Transit,2024.0,64.2308
Qatar-4 b,Qatar-4,12.722215,1938.763,1.8053564,0.02803,1385.0,5215.0,0.849,0.896,Transit,2017.0,329.036
K2-113 b,K2-113,12.14,410.0007,5.817685,0.0642,1098.0,5660.0,1.24,1.04,Transit,2017.0,635.722
TOI-150.01,TOI-150,14.067295,797.7533,5.857487,0.07037,1404.5,6255.0,1.526,1.351,Transit,2019.0,336.267
TOI-2107 b,TOI-2107,13.57407563,263.79757781,2.4545467,0.03515,1397.0,5627.0,0.932,0.961,Transit,2024.0,236.705
Kepler-1321 b,Kepler-1321,4.92,,11.12830484,0.0781,408.0,4094.0,0.53,0.54,Transit,2016.0,769.146
HD 10180 h,HD 10180,9.4,,2205.0,3.381,,5911.0,1.109,1.06,Radial Velocity,2010.0,38.9607
HD 7924 b,HD 7924,,2058.256763732,5.39792,0.06,825.9,5131.0,0.78,0.65,Radial Velocity,2008.0,16.9922
HIP 57274 d,HIP 57274,14.2,,431.7,1.01,,4640.0,0.68,0.73,Radial Velocity,2011.0,25.8618
HD 215152 e,HD 215152,,975.415381083,25.1967,0.15417,,4935.0,0.73,0.77,Radial Velocity,2018.0,21.5974
KMT-2020-BLG-0414L c,KMT-2020-BLG-0414L,11.9,8581.366989,,22.3,,,,0.49,Microlensing,2021.0,1220.0
GJ 328 b,GJ 328,13.3,,3771.0,4.11,,3897.0,0.63,0.65,Radial Velocity,2013.0,20.5266
HD 16175 b,HD 16175,12.8,1875.1876013,990.0,2.12,,5981.0,1.72,1.63,Radial Velocity,2009.0,59.859
Kepler-1195 b,Kepler-1195,2.08,,8.49642241,0.0726,702.0,4965.0,0.71,0.74,Transit,2016.0,918.566
Kepler-739 b,Kepler-739,3.32,,12.53248465,0.1054,775.0,5601.0,0.9,0.93,Transit,2016.0,1370.65
K2-268 e,K2-268,1.33,,6.131243,,801.0,5106.0,0.78,0.84,Transit,2021.0,327.783
K2-268 f,K2-268,2.23,,26.27057,,492.0,5106.0,0.78,0.84,Transit,2021.0,327.783
K2-268 b,K2-268,1.5,,2.151676,0.0308,1136.0,5106.0,0.78,0.84,Transit,2018.0,327.783
K2-146 c,K2-146,2.19,7.49,4.00498,0.0327,,3385.0,0.33,0.331,Transit,2019.0,79.3002
OGLE-2013-BLG-0341L B b,OGLE-2013-BLG-0341L B,1.16,1.66,,0.702,,,,0.1127,Microlensing,2014.0,911.0
TOI-1248 b,TOI-1248,6.8084859,27.4,4.3601561,0.051,952.09,5205.0,0.8686,0.9042,Transit,2024.0,168.735
Qatar-7 b,Qatar-7,19.0553,597.5204,2.032046,0.0352,2053.0,6387.0,1.564,1.409,Transit,2019.0,705.981
HATS-22 b,HATS-22,10.682177,870.8542,4.7228124,0.05025,858.0,4803.0,0.689,0.759,Transit,2017.0,229.518
TOI-1291 b,TOI-1291,5.63826391,,7.1620097551,,1649.0,6139.95,1.8109,1.2,Transit,2026.0,428.123
TOI-1722 b,TOI-1722,4.38298108,,9.60523206943,,952.0,5999.55,1.09414,1.162,Transit,2026.0,136.419
TOI-1756 b,TOI-1756,1.94225664,,2.78301736297,,696.39,3891.86,0.562607,0.556454,Transit,2026.0,86.7159
K2-336 b,K2-336,1.22,,21.194733,,569.0,5424.0,0.8,0.86,Transit,2021.0,239.289
K2-334 b,K2-334,5.65,,5.113981,,1380.0,6502.0,1.49,1.36,Transit,2021.0,371.823
EPIC 212297394 b,EPIC 212297394,1.48,,2.289363,,1149.0,5171.0,0.8,0.83,Transit,2019.0,418.395
HAT-P-38 b,HAT-P-38,9.247,84.857,4.640382,0.0523,1082.0,5330.0,0.923,0.886,Transit,2012.0,255.206
K2-331 b,K2-331,1.79,,9.398977,,909.0,5994.0,1.06,1.1,Transit,2021.0,211.43
TOI-5232 b,TOI-5232,12.778238,743.71847238,4.0966692,0.05593,1772.0,6500.0,1.785,1.389,Transit,2024.0,609.388
K2-342 b,K2-342,2.03,,11.561052,,861.0,5920.0,1.09,1.01,Transit,2021.0,208.357
V1298 Tau e,V1298 Tau,10.17,15.3,48.677714,0.2689,527.0,4970.0,1.32,1.1,Transit,2019.0,108.199
V1298 Tau c,V1298 Tau,5.08,4.7,8.249164,0.0824,953.0,4970.0,1.32,1.1,Transit,2019.0,108.199
Kepler-1914 b,Kepler-1914,2.9429803,,30.82789993,0.1954,585.0,5982.0,0.96,1.047,Transit,2021.0,1621.56
Kepler-224 c,Kepler-224,3.12,,5.925003,0.058,758.0,5018.0,0.676,0.777,Transit,2014.0,782.088
HAT-P-64 b,HAT-P-64,19.08889413,184.34047606,4.007232,0.05387,1766.0,6457.0,1.735,1.298,Transit,2021.0,651.897
K2-348 b,K2-348,3.26,,4.688418,,908.0,5077.0,0.85,0.83,Transit,2021.0,201.856
HATS-40 b,HATS-40,17.71022,505.3497,3.2642736,0.04997,2101.0,6460.0,2.26,1.561,Transit,2018.0,1342.29
TOI-4578 b,TOI-4578,2.26974262,,8.62392630369,,842.42,5951.32,0.878735,1.077,Transit,2026.0,182.249
TOI-4898 b,TOI-4898,3.7197954,,2.76520470167,,667.0,4201.57,0.639344,0.619077,Transit,2026.0,98.5958
BD+45 564 b,BD+45 564,13.6,,307.88,0.83,,5004.0,0.813064,0.81,Radial Velocity,2021.0,53.622
Kepler-911 b,Kepler-911,2.6,,20.310501,0.15594,931.0,6112.0,1.99,1.34,Transit,2016.0,556.168
K2-353 b,K2-353,5.55,,15.466805,,735.0,5698.0,0.99,0.87,Transit,2021.0,268.515
TOI-1749 c,TOI-1749,2.12,14.0,4.4929,0.0443,673.0,3985.0,0.55,0.58,Transit,2021.0,99.5561
TOI-431 b,TOI-431,1.28,3.07,0.490047,0.0113,1862.0,4850.0,0.731,0.78,Transit,2021.0,32.5686
Kepler-795 b,Kepler-795,1.68,,29.6193421,0.1803,580.0,5631.0,0.96,0.94,Transit,2016.0,492.122
K2-340 b,K2-340,3.36,,29.740451,,606.0,5532.0,1.13,0.93,Transit,2021.0,738.136
Kepler-163 b,Kepler-163,1.05,,7.810937,0.078,906.0,5776.0,0.917,0.882,Transit,2014.0,689.814
K2-330 b,K2-330,2.77,,13.774798,,969.0,6232.0,1.5,1.23,Transit,2021.0,160.125
K2-268 c,K2-268,2.69,,9.327527,0.0819,696.0,5106.0,0.78,0.84,Transit,2018.0,327.783
Kepler-668 b,Kepler-668,2.7,,8.35390639,0.0768,790.0,5352.0,0.82,0.87,Transit,2016.0,784.618
K2-352 d,K2-352,2.23,,14.871387,,727.0,5791.0,0.95,0.98,Transit,2021.0,176.051
K2-352 c,K2-352,1.92,,8.234885,,885.0,5791.0,0.95,0.98,Transit,2021.0,176.051
K2-335 b,K2-335,2.21,,12.283211,,949.0,6222.0,1.33,1.23,Transit,2021.0,557.993
CWISEP J193518.59-154620.3 b,CWISEP J193518.59-154620.3,12.2,4926.3403085,,2.48,390.0,,,0.024,Imaging,2025.0,14.43
TOI-5926 b,TOI-5926,7.56807148,,3.81122794237,,987.0,5388.92,0.890046,0.946,Transit,2026.0,275.103
TOI-6393 b,TOI-6393,2.75958542,,9.53176110329,,696.0,5008.2,0.766023,0.835,Transit,2026.0,186.229
TOI-2071 b,TOI-2071,2.56484195,,5.67395386982,,1029.33,5755.41,1.00286,1.063,Transit,2026.0,231.311
TOI-2227 b,TOI-2227,3.09885187,,4.22175815648,,1164.0,5889.54,1.20847,1.03,Transit,2026.0,165.441
TOI-4030 b,TOI-4030,5.8462559,,2.50900199461,,1384.0,5640.37,0.991737,0.98,Transit,2026.0,571.615
TOI-4513 b,TOI-4513,2.34587608,,9.76042253684,,653.0,5623.93,0.796628,0.979,Transit,2026.0,102.609
K2-268 d,K2-268,1.49,,4.528598,,888.0,5106.0,0.78,0.84,Transit,2021.0,327.783
GJ 317 b,GJ 317,13.3,794.5,695.69,1.138,,3496.0,0.403,0.402,Radial Velocity,2007.0,15.1968
HD 79181 b,HD 79181,14.1,,273.1,0.9,,4862.0,11.06,1.28,Radial Velocity,2021.0,103.335
HD 10975 b,HD 10975,14.3,,283.8,0.95,,4840.0,11.16,1.41,Radial Velocity,2021.0,116.506
HD 99283 b,HD 99283,13.8,,310.4,1.08,,4886.0,11.21,1.76,Radial Velocity,2021.0,111.093
Kepler-989 b,Kepler-989,2.21,,7.964315352,0.0734,805.0,5074.0,0.78,0.82,Transit,2016.0,491.978
K2-346 b,K2-346,2.26,,26.201446,,450.0,4801.0,0.7,0.71,Transit,2021.0,105.58
Kepler-1801 b,Kepler-1801,2.70926154,,10.44089985,0.0915,829.0,5738.0,0.981,0.936,Transit,2021.0,839.332
HATS-51 b,HATS-51,15.80469,244.09344,3.3488702,0.04639,1553.0,5758.0,1.44,1.187,Transit,2017.0,389.57
HR 858 d,HR 858,2.001,7.1,11.230511,0.1046,1061.0,6354.0,1.258,1.204,Transit,2019.0,31.964
Kepler-1446 b,Kepler-1446,0.82,,0.689967832,0.01405,1539.0,4865.0,0.75,0.81,Transit,2016.0,152.075
Kepler-956 b,Kepler-956,3.0,,5.248672631,0.06017,1056.0,6040.0,1.15,1.1,Transit,2016.0,544.939
ups Leo b,ups Leo,14.2,,385.2,1.18,,4836.0,11.22,1.48,Radial Velocity,2021.0,52.5973
HD 161178 b,HD 161178,14.1,,279.3,0.85,,4786.0,10.95,1.06,Radial Velocity,2021.0,107.188
K2-368 d,K2-368,1.948,,20.201085,,,4663.0,0.663,0.746,Transit,2022.0,206.608
EPIC 212297394 c,EPIC 212297394,2.27,,5.213965,,866.0,5171.0,0.8,0.83,Transit,2021.0,418.395
K2-349 b,K2-349,1.38,,9.032178,,518.0,4385.0,0.49,0.54,Transit,2021.0,453.567
Kepler-1834 b,Kepler-1834,1.4593834,,4.603010178,0.04911,848.0,4821.0,0.788,0.765,Transit,2021.0,500.395
Kepler-1859 b,Kepler-1859,1.58313575,,2.729599953,0.0394,1455.0,5887.0,1.235,1.09,Transit,2021.0,1331.25
HATS-74 A b,HATS-74 A,11.56766808,464.02947422,1.73185606,0.02384,895.1,3776.9,0.5758,0.601,Transit,2021.0,299.389
TOI-880 c,TOI-880,4.95,,6.3872703,0.0635,805.0,5050.0,0.83,0.87,Transit,2025.0,60.6679
TOI-1278 b,TOI-1278,12.21778896,5879.8255295,14.47567,0.095,407.87,3799.0,0.573,0.54,Transit,2021.0,75.5759
WASP-97 b,WASP-97,12.77826,432.2488,2.07276,0.03303,1555.0,5640.0,1.08,1.18,Transit,2014.0,151.068
gam Psc b,gam Psc,13.6,,555.1,1.32,,4742.0,11.2,0.99,Radial Velocity,2021.0,41.3107
HD 219139 b,HD 219139,14.0,,275.5,0.94,,4831.0,11.22,1.46,Radial Velocity,2021.0,104.935
Kepler-98 b,Kepler-98,1.99,3.55,1.54168,0.02614,1592.0,5539.0,1.11,0.99,Transit,2014.0,350.315
Kepler-238 b,Kepler-238,1.73,3305.02,2.090876,0.034,1642.0,5751.0,1.43,1.229,Transit,2014.0,1798.75
Kepler-67 b,Kepler-67,2.94,,15.7259,0.1171,602.0,5331.0,0.778,0.865,Transit,2013.0,1131.19
WASP-46 b,WASP-46,13.159366,607.0553,1.43036763,0.02335,1636.0,5600.0,0.858,0.828,Transit,2011.0,375.31
WASP-48 b,WASP-48,16.8135,254.264,2.14363,0.03444,2035.0,5920.0,1.58,0.88,Transit,2011.0,454.144
XO-2 S c,XO-2 S,13.6,,120.059,0.4737,,5325.0,1.02,0.98,Radial Velocity,2014.0,151.398
WASP-6 b,WASP-6,12.5428494,148.425866069,3.3610026,0.04217,1167.0,5438.0,0.79,0.854,Transit,2009.0,197.119
TOI-4336 A b,TOI-4336 A,2.137,3.33,16.336351,0.0849,309.4,3307.0,0.326,0.306,Transit,2024.0,22.5455
TOI-237 c,TOI-237,1.206,,1.74486147,0.016,515.0,3226.0,0.2056,0.1698,Transit,2026.0,38.0749
GJ 433 d,GJ 433,2.14,,36.059,0.178,,3461.0,0.5,0.48,Radial Velocity,2020.0,9.06456
PDS 70 b,PDS 70,21.96960217,1017.0509024,43500.0,20.8,1392.0,4109.0,1.26,0.982,Imaging,2018.0,113.064
TOI-1064 b,TOI-1064,2.587,13.5,6.443868,0.06152,784.0,4734.0,0.726,0.748,Transit,2022.0,68.0726
TrES-5 b,TrES-5,13.383546,568.9157,1.48224686,0.02459,1480.0,5171.0,0.868,0.901,Transit,2011.0,360.313
WASP-114 b,WASP-114,15.008851,562.24127,1.5487743,0.02851,2043.0,5940.0,1.43,1.289,Transit,2016.0,523.337
Kepler-1921 b,Kepler-1921,2.89459458,,20.03479958,0.15865,967.0,6120.0,2.0,1.251,Transit,2021.0,928.989
HD 114386 c,HD 114386,13.4,,444.0,1.05,,4895.0,0.76,0.8,Radial Velocity,2026.0,27.9243
TOI-1442 b,TOI-1442,1.17,,0.4090677,0.0071,1072.0,3330.0,0.31,0.29,Transit,2022.0,41.1659
WASP-25 b,WASP-25,13.80946422,179.255221548,3.7648337,0.0473,1217.0,5697.0,0.884,0.962,Transit,2010.0,211.416
TOI-1064 c,TOI-1064,2.651,2.5,12.226574,0.09429,634.0,4734.0,0.726,0.748,Transit,2022.0,68.0726
K2-373 b,K2-373,2.061,,11.02066,,,6138.0,1.486,1.158,Transit,2022.0,229.567
Kepler-1542 d,Kepler-1542,0.87,,5.99273738,0.0629,1010.0,5564.0,0.99,0.94,Transit,2016.0,399.114
K2-316 c,K2-316,1.83,,5.26,0.0582,423.0,3436.0,0.379,0.408,Transit,2020.0,112.486
TOI-1295 b,TOI-1295,15.69257298,451.31633794,3.1968838,0.047,2360.0,6280.0,1.7,1.38,Transit,2024.0,388.227
K2-115 b,K2-115,11.80305668,321.00669107,20.2729914,0.1415,696.0,5870.0,0.855,0.918,Transit,2017.0,413.591
K2-350 c,K2-350,2.74,,19.991944,,687.0,5789.0,1.04,0.98,Transit,2016.0,489.368
TOI-261.02,TOI-261,3.34822227,,13.03935862135,,1007.53,5890.3,1.31383,1.069,Transit,2021.0,114.495
TOI-1203 e,TOI-1203,7.31,,204.59,,,5737.0,1.179,0.886,Radial Velocity,2025.0,64.9943
Kepler-1764 b,Kepler-1764,4.55527871,,70.46829987,0.3512,511.0,6461.0,1.131,1.162,Transit,2021.0,1542.48
Kepler-1269 b,Kepler-1269,1.63,,37.3331536,0.23611,657.0,5998.0,1.15,1.1,Transit,2016.0,1097.23
Kepler-681 b,Kepler-681,3.08,,26.39435646,0.1635,489.0,5021.0,0.76,0.8,Transit,2016.0,686.923
K2-387 b,K2-387,7.322,,28.735327,,,3572.0,0.585,0.57,Transit,2022.0,266.318
XO-1 b,XO-1,12.77826,263.7989,3.94153,0.0488,1210.0,5750.0,0.88,0.88,Transit,2006.0,163.553
WASP-190 b,WASP-190,12.89035,317.83,5.367753,0.0663,1500.0,6400.0,1.6,1.35,Transit,2019.0,542.251
TOI-480 b,TOI-480,2.85372018,20.8,6.866196,0.077,1198.94,6174.0,1.4877,1.2793,Transit,2024.0,54.5306
K2-196 b,K2-196,3.59970536,,48.324222,,,6045.0,1.538801,1.162095,Transit,2018.0,584.877
HD 200964 c,HD 200964,13.7,,852.5,1.96,,4982.0,4.92,1.39,Radial Velocity,2010.0,72.5922
Kepler-1315 b,Kepler-1315,1.38,,0.84338011,0.01617,1541.0,4861.0,0.75,0.8,Transit,2016.0,480.869
K2-239 d,K2-239,1.1,,10.115,0.0685,399.0,3420.0,0.36,0.4,Transit,2018.0,31.0849
K2-382 b,K2-382,2.072,,21.700156,,,5452.0,0.811,0.922,Transit,2022.0,278.412
K2-192 b,K2-192,1.52,,4.162817,0.049,939.0,5222.0,0.81,0.9,Transit,2018.0,221.753
TRAPPIST-1 b,TRAPPIST-1,1.116,1.374,1.510826,0.01154,397.6,2566.0,0.1192,0.0898,Transit,2016.0,12.42988881
TRAPPIST-1 d,TRAPPIST-1,0.788,0.388,4.049219,0.02227,286.2,2566.0,0.1192,0.0898,Transit,2016.0,12.42988881
TRAPPIST-1 e,TRAPPIST-1,0.92,0.692,6.101013,0.02925,249.7,2566.0,0.1192,0.0898,Transit,2017.0,12.42988881
TRAPPIST-1 g,TRAPPIST-1,1.129,1.321,12.352446,0.04683,197.3,2566.0,0.1192,0.0898,Transit,2017.0,12.42988881
TRAPPIST-1 h,TRAPPIST-1,0.755,0.326,18.772866,0.06189,171.7,2566.0,0.1192,0.0898,Transit,2017.0,12.42988881
TOI-4602.01,TOI-4602,2.550449,,3.9812091,0.05099712,1380.27,6011.9,1.15664,1.116795,Transit,2024.0,63.0637
HATS-26 b,HATS-26,19.61575,206.5895,3.3023881,0.04735,1918.0,6071.0,2.04,1.299,Transit,2016.0,861.843
K2-190 b,K2-190,1.35673729,,10.098858,,,5631.0,0.912206,0.904597,Transit,2018.0,160.679
TOI-1839 c,TOI-1839,2.40867246,,4.02393854207,,,5315.91,0.848099,0.934,Transit,2026.0,116.086
WASP-186 b,WASP-186,12.44199,1341.2426,5.026799,0.06,1378.4,6361.0,1.47,1.22,Transit,2020.0,278.514
TOI-4552 b,TOI-4552,1.11,1.83,0.30110032,0.0056255,1122.0,3258.0,0.2869,0.2619,Transit,2026.0,27.2684
TOI-261.01,TOI-261,3.0449863,,3.3639254,0.034792189,1722.49,5890.3,1.28018,0.496728,Transit,2021.0,114.495
TOI-1054.01,TOI-1054,2.43432,,15.5077855,,853.0,6122.0,1.17,1.14,Transit,2021.0,88.4343
K2-402 b,K2-402,2.678,,17.27474,,,5716.0,1.28,0.944,Transit,2022.0,523.055
K2-117 c,K2-117,2.06,,5.444017,0.0492,537.0,3778.0,0.51,0.54,Transit,2017.0,101.632
HD 18742 b,HD 18742,13.1,,766.0,1.82,,4940.0,5.13,1.36,Radial Velocity,2011.0,162.685
Kepler-873 b,Kepler-873,3.75,,20.5533844,0.1542,749.0,6163.0,1.27,1.18,Transit,2016.0,1182.22
TOI-3837 b,TOI-3837,10.87271128,187.51876013,11.88865,0.099,1178.0,5905.0,1.2,0.89,Transit,2025.0,311.705
K2-407 b,K2-407,1.283,,4.941907,,,5563.0,0.927,0.881,Transit,2022.0,218.376
K2-380 b,K2-380,2.729,,9.401312,,,5911.0,1.32,0.993,Transit,2022.0,249.303
Kepler-1297 b,Kepler-1297,0.97,,1.68189002,0.0283,1790.0,5818.0,0.99,0.99,Transit,2016.0,1439.47
Kepler-80 f,Kepler-80,1.21,4459.73,0.9867873,0.0175,1054.0,4540.0,0.678,0.73,Transit,2016.0,369.451
Kepler-113 c,Kepler-113,2.18,8.7,8.92507,0.07796,628.0,4725.0,0.69,0.75,Transit,2014.0,262.351
K2-384 d,K2-384,1.392,,6.679582,,,3623.0,0.348,0.33,Transit,2022.0,82.6603
Wendelstein-1 b,Wendelstein-1,11.5609626,188.15536,2.663416,0.0282,2198.0,4251.0,0.61,0.65,Transit,2020.0,305.3
HATS-17 b,HATS-17,8.709393,425.25654,16.254611,0.1308,814.0,5846.0,1.091,1.131,Transit,2016.0,400.331
TOI-3894 b,TOI-3894,15.27784069,260.61929374,4.33454,0.05354,1531.0,6000.0,1.502,1.138,Transit,2024.0,417.365
Kepler-1016 b,Kepler-1016,2.18,,1.954524342,0.03044,1540.0,5821.0,1.0,0.99,Transit,2016.0,1402.82
WASP-68 b,WASP-68,14.79588,343.2564,5.0843,0.06206,1490.0,5910.0,1.79,1.49,Transit,2014.0,226.399
HAT-P-56 b,HAT-P-56,16.92559,734.1873,2.79083,0.0423,1840.0,6566.0,1.47,1.42,Transit,2015.0,320.639
K2-408 b,K2-408,1.677,,20.978959,,,5335.0,0.784,0.813,Transit,2022.0,162.306
K2-384 e,K2-384,1.345,,9.715043,,,3623.0,0.348,0.33,Transit,2022.0,82.6603
K2-395 b,K2-395,2.597,,4.803352,,,5007.0,0.783,0.952,Transit,2022.0,286.727
K2-395 c,K2-395,3.395,,8.491282,,,5007.0,0.783,0.952,Transit,2022.0,286.727
HIP 55507 b,HIP 55507,12.6,2585.534090945,5138.43727,5.062,,4171.0,0.723643,0.65,Radial Velocity,2022.0,25.4893
WASP-79 b,WASP-79,17.14974047,270.15414595,3.662392,0.0519,1716.2,6600.0,1.51,1.39,Transit,2012.0,246.69
K2-386 b,K2-386,2.32,,7.473223,,,5749.0,0.97,0.911,Transit,2022.0,428.785
K2-396 b,K2-396,1.579,,0.673862,,,5236.0,0.92,0.954,Transit,2022.0,274.864
OGLE-2019-BLG-0299L b,OGLE-2019-BLG-0299L,12.7,1976.89269154,,2.8,,,,0.59,Microlensing,2021.0,5830.0
TOI-883 b,TOI-883,7.17166228,,10.05771848538,,861.0,5713.15,1.01477,1.003,Transit,2026.0,102.637
TOI-3896 b,TOI-3896,3.14949237,,4.37730369667,,966.0,5110.91,0.747752,0.86,Transit,2026.0,181.653
TOI-5380 b,TOI-5380,3.48093238,,3.77229247873,,1479.0,6400.78,1.5621,1.343,Transit,2026.0,286.781
TOI-6677 b,TOI-6677,5.83507112,,5.45060661625,,334.0,6572.28,1.57167,1.45,Transit,2026.0,340.52
K2-409 b,K2-409,2.482,,1.908084,,,5742.0,1.228,0.886,Transit,2022.0,431.031
Kepler-1651 b,Kepler-1651,1.84,,9.87863917,0.0692,393.0,3713.0,0.503,0.522,Transit,2017.0,66.4074
Kepler-1354 b,Kepler-1354,2.97,,76.613377,0.3521,466.0,6168.0,1.24,1.16,Transit,2016.0,1119.45
HD 100546 b,HD 100546,77.3421,2701.5414595,,53.0,,10500.0,1.85288,2.4,Imaging,2014.0,109.677
HD 158996 b,HD 158996,12.3,,820.2,2.1,,4069.0,50.3,1.8,Radial Velocity,2018.0,283.659
Kepler-610 b,Kepler-610,4.19,,6.996926554,0.0719,888.0,5943.0,1.13,1.1,Transit,2016.0,845.824
Kepler-1053 b,Kepler-1053,0.98,,2.414351654,0.0315,953.0,4529.0,0.69,0.74,Transit,2016.0,151.129
Kepler-1932 b,Kepler-1932,1.51482218,,0.524177015,0.0123,1891.0,5278.0,0.815,0.911,Transit,2021.0,713.733
Kepler-340 c,Kepler-340,3.37,,22.824669,0.178,946.0,6620.0,1.85,1.65,Transit,2014.0,808.762
Kepler-940 b,Kepler-940,3.34,,59.6225257,0.3059,486.0,5769.0,0.96,0.97,Transit,2016.0,1260.78
Kepler-524 c,Kepler-524,0.96,,1.88897906,0.03046,1574.0,6014.0,1.1,1.09,Transit,2016.0,1058.24
Kepler-534 c,Kepler-534,1.227,,7.378689766,0.0761,933.0,5936.0,0.965,1.075,Transit,2021.0,570.659
Kepler-647 b,Kepler-647,1.17,,16.2254649,0.12237,788.0,6020.0,1.07,1.03,Transit,2016.0,1087.87
K2-390 b,K2-390,4.662,,3.312792,,1119.0,5558.0,0.966,0.789,Transit,2022.0,456.122
Kepler-130 b,Kepler-130,1.02,,8.457458,0.079,982.0,5884.0,1.127,0.927,Transit,2014.0,316.663
Kepler-1955 b,Kepler-1955,1.16654878,,14.26519966,0.11959,853.0,5825.0,1.291,1.049,Transit,2021.0,449.351
K2-154 b,K2-154,1.99,,3.67626,0.0405,715.0,4097.0,0.63,0.65,Transit,2018.0,129.356
K2-392 b,K2-392,1.85,,15.398723,,,5726.0,1.058,0.841,Transit,2022.0,406.985
K2-393 b,K2-393,2.352,,10.413181,,,5678.0,1.071,0.881,Transit,2022.0,265.914
K2-391 b,K2-391,1.371,,4.622654,,,5543.0,0.566,0.757,Transit,2022.0,507.94
Kepler-537 b,Kepler-537,1.41,,3.247555219,0.04317,1181.0,5763.0,0.99,1.07,Transit,2016.0,439.4
Kepler-1546 b,Kepler-1546,3.13,,19.5974971,0.1366,671.0,5623.0,0.93,0.95,Transit,2016.0,931.956
HD 106515 A b,HD 106515 A,12.1,6006.9568923,3626.0,4.48,,5362.0,0.91,0.89,Radial Velocity,2012.0,34.0915
Kepler-1030 b,Kepler-1030,2.48,,19.32952416,0.1338,529.0,4983.0,0.76,0.8,Transit,2016.0,758.702
TOI-205 b,TOI-205,2.50121142,,4.25300773815,,1799.55,6302.74,1.45382,1.2,Transit,2026.0,177.759
TOI-5614 b,TOI-5614,3.21759316,,4.17221328949,,817.0,4553.0,0.734919,0.674,Transit,2026.0,223.016
TOI-3785 b,TOI-3785,5.14,14.95,4.6747373,0.043,582.0,3576.0,0.5,0.52,Transit,2023.0,79.7634
HATS-13 b,HATS-13,13.585308,172.58169,3.0440499,0.04057,1244.0,5523.0,0.887,0.962,Transit,2015.0,421.855
WASP-47 e,WASP-47,1.83,9.0,0.78961,0.01673,1992.0,5565.0,1.156,1.058,Transit,2015.0,264.78
TOI-4379 b,TOI-4379,16.69017226,353.743016991,3.25352,,1869.38,6020.0,1.976,1.372,Transit,2024.0,645.158
K2-28 b,K2-28,2.32,,2.260455,0.0214,568.0,3214.0,0.288,0.257,Transit,2016.0,62.9969
GJ 9066 c,GJ 9066,9.6,,771.36,0.88,,3154.0,0.164,0.15,Radial Velocity,2020.0,4.471
HD 155918 b,HD 155918,2.67,,1.87567,0.03,,5771.84,1.01906,1.03,Radial Velocity,2022.0,27.561
Kepler-1866 b,Kepler-1866,2.08215108,,11.66009998,0.1016,834.0,5791.0,1.083,1.03,Transit,2021.0,976.737
TOI-4582 b,TOI-4582,10.53644186,168.44905571,31.034,,614.66,5190.0,2.5,1.34,Transit,2023.0,383.846
TOI-2274 b,TOI-2274,2.45,,2.67963,0.05,771.46,3943.0,0.631,0.612,Transit,2024.0,48.876
TOI-5153 b,TOI-5153,11.88151954,1036.12060682,20.33003,0.158,906.0,6300.0,1.4,1.24,Transit,2022.0,390.484
HATS-67 b,HATS-67,18.887165,460.8535,1.6091788,0.03032,2193.0,6594.0,1.441,1.435,Transit,2018.0,960.109
TOI-4145 A b,TOI-4145 A,13.30506009,136.66621501,4.0664428,0.04823,1074.0,5281.0,0.859,0.905,Transit,2023.0,205.387
TOI-1269 b,TOI-1269,2.40144286,6.4,4.2529913,0.0496,1004.9,5499.0,0.8521,0.9027,Transit,2024.0,172.138
WASP-178 b,WASP-178,20.28829,527.5978,3.3448285,0.0558,2470.0,9360.0,1.67,2.07,Transit,2019.0,427.678
HD 25463 b,HD 25463,2.54535814,8.7,7.0491423,0.076,1198.46,6353.0,1.4182,1.251,Transit,2023.0,45.6181
HD 73583 b,HD 73583,2.79,10.2,6.398042,0.0604,714.0,4511.0,0.65,0.73,Transit,2022.0,31.5666
HD 73583 c,HD 73583,2.39,9.7,18.87974,0.1242,498.0,4511.0,0.65,0.73,Transit,2022.0,31.5666
Kepler-633 c,Kepler-633,2.296,,23.78319931,0.16246,725.0,5877.0,1.265,0.997,Transit,2021.0,680.54
KMT-2021-BLG-0240L b,KMT-2021-BLG-0240L,9.6,66.74396547,,2.8,,,,0.56,Microlensing,2022.0,6600.0
Kepler-397 c,Kepler-397,6.18,,135.498527,0.48,295.0,5307.0,0.767,0.844,Transit,2014.0,969.0
Kepler-781 b,Kepler-781,2.89,,13.2140732,0.1019,629.0,5162.0,0.78,0.81,Transit,2016.0,1064.47
Kepler-1021 b,Kepler-1021,2.33,,13.47469571,0.1034,634.0,5431.0,0.86,0.89,Transit,2016.0,810.082
Gaia-1 b,Gaia-1,13.77583728,533.95172376,3.052524,0.04047,1159.07,5470.0,0.952,0.949,Transit,2022.0,363.66
Gaia-2 b,Gaia-2,14.81827249,259.665808519,3.6915224,0.0467,1213.23,5720.0,1.064,1.0,Transit,2022.0,209.229
K2-366 b,K2-366,2.359,,15.937039,,,5601.0,0.94,0.825,Transit,2022.0,185.947
K2-232 b,K2-232,11.209,126.49634,11.168454,0.10356,1030.0,6154.0,1.161,1.188,Transit,2018.0,130.72
Kepler-1952 b,Kepler-1952,1.23923346,,27.21080017,0.1724,725.0,5973.0,1.305,0.922,Transit,2021.0,852.062
Kepler-216 c,Kepler-216,3.04,,17.406669,0.136,814.0,6091.0,1.26,1.126,Transit,2014.0,1187.47
HD 153950 b,HD 153950,13.2,,499.39999,1.28,,6124.0,1.28,1.25,Radial Velocity,2008.0,48.4549
Kepler-1431 b,Kepler-1431,1.47,,5.86601526,0.0648,1064.0,5806.0,1.03,1.03,Transit,2016.0,1623.24
GJ 806 c,GJ 806,2.28,,6.64064,0.0523,490.0,3600.0,0.4144,0.413,Radial Velocity,2023.0,12.0445
WASP-42 b,WASP-42,12.576498,167.49641,4.9816819,0.0561,1021.0,5315.0,0.892,0.951,Transit,2012.0,177.291
TOI-1775 b,TOI-1775,8.04728896,96.0,10.2405549,0.08,707.89,5284.0,0.8288,0.9218,Transit,2024.0,149.234
TOI-2796 b,TOI-2796,17.26183028,139.84449908,4.8084983,0.0569,1205.0,5764.0,1.069,1.063,Transit,2023.0,350.343
GJ 849 b,GJ 849,13.9,,1925.31,2.32,,3467.0,0.45,0.45,Radial Velocity,2006.0,8.80058
TOI-2136 b,TOI-2136,2.19,6.37,7.851928,0.057,395.0,3342.0,0.34,0.34,Transit,2022.0,33.3631
HATS-31 b,HATS-31,18.38276,279.6904,3.37796,0.0478,1823.0,6050.0,1.87,1.275,Transit,2016.0,773.974
TOI-2427 b,TOI-2427,1.8,,1.3060011,0.0202,1117.0,4072.0,0.65,0.64,Transit,2022.0,28.5147
HIP 94235 b,HIP 94235,3.0,379.0,7.713057,0.0787,1060.0,5991.0,1.08,1.094,Transit,2022.0,58.5146
Wolf 503 b,Wolf 503,2.043,6.26,6.00127,0.05706,790.0,4716.0,0.689,0.688,Transit,2018.0,44.526
Kepler-1514 c,Kepler-1514,1.1758241,,10.514181,0.0997,1066.0,6145.0,1.289,1.196,Transit,2020.0,397.292
K2-368 b,K2-368,1.332,,5.025598,,,4663.0,0.663,0.746,Transit,2022.0,206.608
TOI-1670 c,TOI-1670,11.06326395,200.23189641,40.74976,0.249,684.0,6170.0,1.316,1.21,Transit,2022.0,168.067
TOI-880.02,TOI-880,2.19,,2.57571,0.0349,1085.0,5050.0,0.83,0.87,Transit,2024.0,60.6679
WASP-123 b,WASP-123,15.13212395,285.72917,2.97764359,0.04263,1500.0,5740.0,1.285,1.166,Transit,2016.0,197.996
EPIC 246851721 b,EPIC 246851721,11.780659,953.49,6.180235,0.07229,1401.0,6202.0,1.586,1.317,Transit,2018.0,372.632
TOI-1268 b,TOI-1268,9.1,96.4,8.1577094,0.0711,918.9,5300.0,0.92,0.96,Transit,2022.0,109.557
TOI-6130 b,TOI-6130,14.3474953,333.71982735,2.392679,0.036,1750.0,6110.0,1.51,1.31,Transit,2024.0,220.882
TRAPPIST-1 c,TRAPPIST-1,1.097,1.308,2.421937,0.0158,339.7,2566.0,0.1192,0.0898,Transit,2016.0,12.42988881
TOI-1269 c,TOI-1269,2.22999162,,9.23786144195,,757.0,5554.02,0.848906,0.9027,Transit,2026.0,172.138
TRAPPIST-1 f,TRAPPIST-1,1.045,1.039,9.20754,0.03849,217.7,2566.0,0.1192,0.0898,Transit,2017.0,12.42988881
Kepler-396 b,Kepler-396,3.5,75.5,42.994,0.24067,496.0,5656.0,1.06,0.85,Transit,2013.0,223.757
K2-376 b,K2-376,1.736,,5.776475,,,5937.0,1.149,0.908,Transit,2022.0,161.61
KMT-2019-BLG-1367L b,KMT-2019-BLG-1367L,1.85,4.08,,1.7,,,,0.25,Microlensing,2023.0,4670.0
TOI-500 c,TOI-500,2.09,,6.6356,,,4440.0,0.678,0.74,Radial Velocity,2022.0,47.3924
GJ 514 b,GJ 514,2.13,,140.43,0.422,202.0,3728.0,0.5,0.51,Radial Velocity,2022.0,7.61778
K2-34 b,K2-34,13.75,539.67534,2.9956348,0.0442,1687.0,6168.0,1.42,1.16,Transit,2016.0,348.646
K2-43 c,K2-43,2.42,,2.198884,,1093.7,3840.6,0.542,0.571,Transit,2019.0,182.536
EPIC 206317286 c,EPIC 206317286,2.094,,17.515472,,,4752.0,0.758,0.832,Transit,2022.0,314.35
TOI-1683.01,TOI-1683,2.6382,,3.0575356,0.036507593,929.25,4402.0,0.7,0.694661,Transit,2024.0,51.1884
TOI-5143 c,TOI-5143,16.25302201,,5.2097118,0.05602,904.48,5183.0,0.852,0.864,Transit,2025.0,181.38
K2-396 c,K2-396,3.124,,25.76051,,,5236.0,0.92,0.954,Transit,2022.0,274.864
HD 34445 f,HD 34445,6.88,,676.8,1.543,,5836.0,1.38,1.07,Radial Velocity,2017.0,46.0907
AB Aur b,AB Aur,12.5,2860.455663,,93.9,,9770.0,2.95887,2.4,Imaging,2022.0,162.127
TOI-620 b,TOI-620,3.76,,5.0988179,0.04825,603.6,3708.0,0.55,0.577,Transit,2022.0,33.0231
mu2 Sco b,mu2 Sco,12.3,4576.7290608,,242.4,,21700.0,5.6,9.1,Imaging,2022.0,
WASP-184 b,WASP-184,14.90797,181.1631,5.1817,0.0627,1480.0,6000.0,1.65,1.23,Transit,2019.0,663.231
TOI-3976 A b,TOI-3976 A,12.27383387,55.619971225,6.607662,0.0743,1295.0,5975.0,1.501,1.254,Transit,2023.0,516.087
HD 156846 b,HD 156846,12.4,,359.51001,1.12,,6090.0,1.9,1.38,Radial Velocity,2007.0,47.7332
Kepler-399 c,Kepler-399,1.43,,26.67569,0.155,630.0,5502.0,0.68,0.902,Transit,2014.0,740.537
Kepler-1802 b,Kepler-1802,1.671,,15.45020008,0.0662,581.0,4245.0,0.637,0.649,Transit,2021.0,636.694
K2-375 b,K2-375,2.243,,14.453895,,,5822.0,1.543,1.119,Transit,2022.0,696.1
TOI-431 c,TOI-431,1.49,,4.8494,0.052,867.0,4850.0,0.731,0.78,Radial Velocity,2021.0,32.5686
TOI-451 c,TOI-451,2.93,3.7,9.192463,0.0795,865.0,5490.0,0.85,0.93,Transit,2020.0,123.739
TOI-451 d,TOI-451,3.93,10.2,16.364962,0.1168,714.0,5490.0,0.85,0.93,Transit,2020.0,123.739
PDS 70 c,PDS 70,22.19378179,2383.7130525,,34.3,1054.0,4109.0,1.26,0.982,Imaging,2019.0,113.064
WASP-171 b,WASP-171,10.98482,344.52772,3.8186244,0.0504,1642.0,5965.0,1.637,1.171,Transit,2019.0,757.84
HATS-42 b,HATS-42,15.6926,597.5204,2.292102,0.03689,1856.0,6060.0,1.48,1.273,Transit,2018.0,800.377
WASP-151 b,WASP-151,13.30506009,100.433776612,4.5334775,0.055,1312.0,5871.0,1.181,1.081,Transit,2017.0,453.099
HD 168443 c,HD 168443,12.2,5500.338411542,1753.1096,2.842,,5491.0,1.711479,0.98,Radial Velocity,2000.0,39.6245
HD 168443 b,HD 168443,12.6,,58.11187,0.292,,5491.0,1.711479,0.98,Radial Velocity,1998.0,39.6245
HD 169830 b,HD 169830,13.2,,225.67372,0.765,345.0,6300.0,1.935709,1.17,Radial Velocity,2000.0,37.6048
HIP 8541 b,HIP 8541,12.6,2451.728331598,1852.14387,3.729,,4672.0,6.84,2.009,Radial Velocity,2016.0,155.121
WASP-130 b,WASP-130,9.97601,390.9309,11.55098,0.1012,833.0,5625.0,0.96,1.04,Transit,2016.0,172.256
Kepler-1099 b,Kepler-1099,2.83,,2.168452593,0.0337,1558.0,5837.0,1.0,1.01,Transit,2016.0,1022.8
Kepler-289 b,Kepler-289,2.49,3.7,34.5383,0.21183,607.0,5990.0,1.0,1.08,Transit,2014.0,704.438
HIP 56640 b,HIP 56640,12.7,2151.69831539,2675.57603,4.55,,4769.0,4.93,1.75,Radial Velocity,2021.0,122.324
HD 181234 b,HD 181234,12.5,2980.912629253,7593.40512,7.427,,5386.0,1.059423,0.94,Radial Velocity,2019.0,47.7458
HIP 90988 b,HIP 90988,13.4,,455.73816,1.36,,4883.0,3.94,1.613,Radial Velocity,2021.0,94.0349
KOI-94 c,KOI-94,4.32,15.6,10.423648,0.1013,1012.0,6182.0,1.52,1.277,Transit,2013.0,477.052
TOI-3629 b,TOI-3629,8.29464572,82.63538582,3.936551,0.043,690.0,3870.0,0.6,0.63,Transit,2022.0,130.091
TOI-1696 b,TOI-1696,3.09,48.8,2.500311,0.0229,489.0,3185.0,0.2775,0.255,Transit,2022.0,64.9172
HD 169830 c,HD 169830,12.6,2437.426053283,1818.82339,3.075,,6300.0,1.935709,1.17,Radial Velocity,2003.0,37.6048
Kepler-1863 b,Kepler-1863,2.26309256,,44.99760056,0.23678,508.0,5871.0,0.983,1.097,Transit,2021.0,865.546
GJ 3929 b,GJ 3929,1.09,1.75,2.616235,0.0252,568.0,3384.0,0.32,0.313,Transit,2022.0,15.8095
CoRoT-36 b,CoRoT-36,15.80466279,216.12331676,5.616531,0.066,1567.0,6730.0,1.52,1.32,Transit,2022.0,925.958
KOINTREAU-1 b,XEST 17-036,12.4,3368.9811142,,690.0,,3551.0,,0.26,Imaging,2026.0,158.618
WASP-29 b,WASP-29,8.63093,73.1009,3.92273,0.0457,970.0,4800.0,0.79,0.77,Transit,2010.0,87.5953
HD 221416 b,HD 221416,9.17,60.5,14.2767,0.1228,1314.67,5080.0,2.943,1.212,Transit,2019.0,95.5483
TOI-1466 b,TOI-1466,2.46741991,,1.87190602231,,1001.0,4435.39,0.749646,0.66,Transit,2026.0,86.5783
TIC 24750448 b,TIC 24750448,2.43722231,,3.59159193029,,,4545.43,0.713599,0.69,Transit,2026.0,178.146
TIC 65612701 b,TIC 65612701,5.07802804,,10.22467974953,,,5692.29,1.73709,1.06,Transit,2026.0,151.624
TIC 86380416 b,TIC 86380416,2.4123612,,6.0408643461,,,5723.74,0.989724,1.07,Transit,2026.0,244.68
Kepler-970 b,Kepler-970,2.609,,16.736525,0.139,464.0,4290.0,0.71,0.67,Transit,2016.0,331.545
Kepler-475 b,Kepler-475,2.49,,3.105508189,0.03989,980.0,5009.0,0.79,0.86,Transit,2016.0,280.069
Kepler-1836 b,Kepler-1836,2.55303229,,5.254169941,0.0602,1093.0,6123.0,0.987,1.053,Transit,2021.0,1472.62
HD 11343 c,HIP 8541,13.9,,228.53731,0.923,,4672.0,6.84,2.009,Radial Velocity,2022.0,155.121
HD 140901 b,HD 140901,4.07,,9.02378,0.085,,5610.0,0.95,0.99,Radial Velocity,2022.0,15.2528
TOI-2081 b,TOI-2081,2.04,,10.50534,0.0752,488.0,3800.0,0.534,0.54,Transit,2022.0,62.3446
Kepler-385 b,Kepler-385,2.73,12.8,10.043686,0.097,951.0,6326.0,1.126,0.992,Transit,2014.0,1432.61
EPIC 201238110 b,EPIC 201238110,1.87,,28.1656,,,3587.0,0.374,0.41,Transit,2019.0,159.259
Kepler-691 b,Kepler-691,2.09,,8.114379,0.0649,460.0,3715.0,0.5,0.53,Transit,2016.0,279.115
Kepler-62 e,Kepler-62,1.61,36.0,122.3874,0.427,270.0,4925.0,0.64,0.69,Transit,2013.0,300.874
K2-381 c,K2-381,2.0,,16.034656,,,4473.0,0.675,0.754,Transit,2022.0,145.701
HIP 41378 b,HIP 41378,2.419,9.06,15.571893,0.1303,970.67,6371.0,1.306,1.245,Transit,2016.0,106.289
HD 95089 b,HD 95089,13.7,,464.4,1.36,,4918.0,5.08,1.54,Radial Velocity,2009.0,136.957
HD 116029 c,HD 116029,13.7,,907.0,,,4951.0,4.6,1.33,Radial Velocity,2016.0,123.245
Kepler-462 c,Kepler-462,4.0,6.0,207.62,0.7584,453.0,7500.0,1.57,1.59,Transit,2018.0,596.625
Kepler-332 b,Kepler-332,1.17,,7.626324,0.07,703.0,4955.0,0.72,0.743,Transit,2014.0,344.19
Kepler-1041 b,Kepler-1041,2.94,,24.7576421,0.1688,644.0,5957.0,1.08,1.06,Transit,2016.0,1485.82
Kepler-1578 b,Kepler-1578,1.04,,1.450886907,0.0252,1700.0,5545.0,0.86,0.9,Transit,2016.0,1064.05
Kepler-1966 b,Kepler-1966,1.10479327,,8.617429733,0.0763,733.0,5009.0,0.84,0.797,Transit,2021.0,484.601
KMT-2021-BLG-1689L b,KMT-2021-BLG-1689L,7.71,46.0,,2.5,,4570.0,,0.58,Microlensing,2022.0,7200.0
Kepler-819 b,Kepler-819,2.76,,33.1995648,0.1894,485.0,5279.0,0.81,0.86,Transit,2016.0,664.306
Kepler-887 c,Kepler-887,1.13,,7.63846023,0.0801,1089.0,6194.0,1.29,1.19,Transit,2016.0,886.588
Kepler-306 d,Kepler-306,2.47,,17.326644,0.12,535.0,4954.0,0.719,0.75,Transit,2014.0,775.679
Kepler-177 c,Kepler-177,8.73,14.7,49.40926,0.25655,497.0,5732.0,1.324,0.921,Transit,2013.0,1435.44
Kepler-635 b,Kepler-635,2.64,,23.44971004,0.18332,802.0,6174.0,1.51,1.33,Transit,2016.0,1141.08
Kepler-1083 b,Kepler-1083,3.36,,33.4177993,0.1899,448.0,5049.0,0.77,0.81,Transit,2016.0,902.633
Kepler-79 d,Kepler-79,7.16,6.0,52.0902,0.287,592.0,6174.0,1.302,1.165,Transit,2014.0,1020.72
Kepler-195 c,Kepler-195,1.55,,34.096863,0.197,469.0,5329.0,0.775,0.867,Transit,2014.0,652.051
Kepler-1661 b,Kepler-1661,3.87,17.0,175.06,0.633,243.0,5100.0,0.762,0.841,Transit,2020.0,410.607
HATS-25 b,HATS-25,14.12334,194.82979,4.2986432,0.05163,1277.0,5715.0,1.107,0.994,Transit,2016.0,471.158
HD 102329 c,HD 102329,13.5,,1123.0,,,4830.0,6.3,1.3,Radial Velocity,2016.0,217.107
HD 27894 b,HD 27894,14.1,,18.01939,0.125,,4875.0,0.891767,0.81,Radial Velocity,2005.0,43.8214
Kepler-212 b,Kepler-212,1.09,,16.257582,0.133,830.0,5852.0,1.455,1.166,Transit,2014.0,687.194
Kepler-195 b,Kepler-195,2.03,,8.307872,0.077,751.0,5329.0,0.775,0.867,Transit,2014.0,652.051
K2-83 c,K2-83,1.483,,9.99767,0.07131,,3910.0,0.424,0.484,Transit,2016.0,125.529
Kepler-24 d,Kepler-24,1.67,293.959,4.244384,0.051,1305.0,5897.0,1.289,1.046,Transit,2014.0,1156.81
Kepler-15 b,Kepler-15,10.76,209.76,4.942782,0.05714,1251.0,5515.0,0.992,1.018,Transit,2011.0,739.412
Kepler-83 d,Kepler-83,1.94,4.1,5.169796,0.051,569.0,4648.0,0.594,0.58,Transit,2014.0,400.409
Kepler-143 c,Kepler-143,3.37,,27.082511,0.181,703.0,5848.0,1.359,0.982,Transit,2014.0,809.467
Kepler-1116 b,Kepler-1116,2.54,,41.6977827,0.233,488.0,5641.0,0.93,0.95,Transit,2016.0,1008.57
HD 141399 d,HD 141399,13.7,,1069.8,2.09,,5600.0,1.387236,1.07,Radial Velocity,2014.0,37.0169
TOI-1718 b,TOI-1718,4.10824994,,5.58703768615,,948.0,5304.91,0.939285,0.93,Transit,2026.0,52.3044
Kepler-159 c,Kepler-159,3.41,,43.595792,0.218,275.0,4625.0,0.663,0.628,Transit,2014.0,373.744
HD 184010 d,HD 184010,14.3,,836.4,1.92,,4971.0,4.86,1.35,Radial Velocity,2022.0,60.7993
KOI-7913 b,KOI-7913 A,2.34,,24.278553,0.1456,432.0,4324.0,0.788,0.76,Transit,2022.0,271.277
Kepler-54 d,Kepler-54,1.53,12.0946,20.995694,0.126,328.0,4252.0,0.554,0.518,Transit,2014.0,271.701
YZ Cet d,YZ Cet,1.03,,4.65626,0.02851,356.7,3151.0,0.157,0.142,Radial Velocity,2017.0,3.71207
Kepler-1608 b,Kepler-1608,1.73,,16.4735686,0.1126,612.0,4992.0,0.72,0.75,Transit,2016.0,832.0
Kepler-152 b,Kepler-152,2.79,,18.207973,0.124,551.0,5088.0,0.724,0.779,Transit,2014.0,441.09
HD 125612 b,HD 125612,13.2,,557.69994,1.349,,5900.0,1.07,1.05,Radial Velocity,2007.0,57.6207
Kepler-1641 c,Kepler-1641,2.95,,32.657212,0.2065,767.0,6152.0,1.19,1.12,Transit,2016.0,860.37
K2-45 b,K2-45,6.71,,1.7292684,0.0224,1073.56,4103.0,0.445,0.503,Transit,2016.0,495.317
HD 68475 b,HD 68475,12.8,1639.99458012,7832.0,7.27,,5022.0,0.79099,0.83,Radial Velocity,2026.0,33.4297
TrES-3 b,TrES-3,14.975,607.03,1.30618581,0.02282,1638.0,5650.0,0.829,0.928,Transit,2007.0,231.337
Kepler-968 c,Kepler-968,1.69,,5.709404918,0.052,644.0,4598.0,0.7,0.76,Transit,2016.0,290.324
HD 23472 c,HD 23472,1.87,3.41,29.79749,0.1646,467.0,4684.0,0.71,0.67,Transit,2019.0,39.0341
WASP-105 b,WASP-105,10.76064,572.094,7.87288,0.075,900.0,5070.0,0.9,0.89,Transit,2017.0,169.272
WASP-91 b,WASP-91,11.54527,425.8922,2.798581,0.037,1160.0,4920.0,0.86,0.84,Transit,2017.0,149.942
HD 62364 c,HD 62364,12.0,7923.46218651,74839.94555,36.984,,6255.0,1.401,1.19,Radial Velocity,2022.0,53.112
GJ 3222 b,GJ 3222,3.4,,10.66669,0.091,,5257.46,0.931389,0.89,Radial Velocity,2022.0,18.23817
Kepler-1463 b,Kepler-1463,1.86,,25.15864,0.1694,619.0,5679.0,0.95,0.96,Transit,2016.0,1687.47
Kepler-712 c,Kepler-712,4.85,,226.89047,0.66479,236.0,5148.0,0.78,0.84,Transit,2016.0,872.493
Kepler-1948 b,Kepler-1948,1.03283226,,15.57129955,0.1022,399.0,3872.0,0.557,0.585,Transit,2021.0,193.903
Kepler-146 c,Kepler-146,3.13,,76.732171,0.364,473.0,5948.0,1.208,1.079,Transit,2014.0,716.797
Kepler-711 b,Kepler-711,3.41,,23.58914398,0.1429,487.0,5222.0,0.8,0.84,Transit,2016.0,624.575
Kepler-1080 b,Kepler-1080,3.28,,77.2548396,0.3781,548.0,5956.0,1.16,1.1,Transit,2016.0,1382.82
WASP-113 b,WASP-113,15.793481,150.96925,4.54216874538,0.05885,1496.0,5890.0,1.608,1.318,Transit,2016.0,435.156
Kepler-248 c,Kepler-248,4.07,,16.239494,0.123,598.0,5190.0,0.831,0.838,Transit,2014.0,738.792
HD 133131 A c,HD 133131 A,14.3,,3568.0,4.49,,5799.0,0.955014,0.95,Radial Velocity,2016.0,51.4736
Kepler-1319 b,Kepler-1319,1.34,,2.886762645,0.0296,557.0,3655.0,0.54,0.56,Transit,2016.0,103.917
Kepler-678 b,Kepler-678,5.14,,7.27503724,0.0732,833.0,5520.0,0.91,0.94,Transit,2016.0,1826.15
Kepler-1535 b,Kepler-1535,2.55,,138.9442,0.5329,384.0,6021.0,1.11,1.08,Transit,2016.0,897.733
Kepler-39 b,Kepler-39,13.9,6388.1,21.08721,0.164,897.0,6350.0,1.4,1.29,Transit,2011.0,1057.41
Kepler-1532 b,Kepler-1532,1.35,,1.093663559,0.0206,1681.0,5559.0,0.88,0.91,Transit,2016.0,798.246
Kepler-808 b,Kepler-808,1.46,,0.631332353,0.01314,1322.0,4653.0,0.71,0.76,Transit,2016.0,321.0
KELT-10 b,KELT-10,15.681391,215.80657,4.1662739,0.0525,1377.0,5948.0,1.209,1.112,Transit,2016.0,188.404
WASP-119 b,WASP-119,15.6926,390.9309,2.49979,0.0363,1600.0,5650.0,1.2,1.02,Transit,2016.0,302.448
WASP-69 b,WASP-69,11.21,82.58,3.86813881,0.0453,971.0,4792.0,0.801,0.83,Transit,2014.0,49.9605
WASP-94 A b,WASP-94 A,17.71022,158.915,3.95019,0.055,1604.0,6170.0,1.48,1.67,Transit,2014.0,211.211
TOI-682.01,TOI-682,3.74186,,6.8392388,,1090.0,5085.0,1.08,0.85,Transit,2021.0,83.1548
HD 23472 d,HD 23472,0.75,0.55,3.97664,0.04298,909.0,4684.0,0.71,0.67,Transit,2022.0,39.0341
HD 23472 f,HD 23472,1.137,0.77,12.1621839,0.0906,630.0,4684.0,0.71,0.67,Transit,2022.0,39.0341
Kepler-335 c,Kepler-335,3.07,,67.844469,0.356,592.0,5877.0,1.854,1.367,Transit,2014.0,1278.97
HD 168863 b,HD 168863,12.7,2154.87659946,14773.93272,10.961,,4905.0,0.777826,0.8,Radial Velocity,2022.0,39.8979
LP 890-9 b,LP 890-9,1.32,13.2,2.7299025,0.01875,396.0,2850.0,0.1556,0.118,Transit,2022.0,32.4298
TIC 161045582 b,TIC 161045582,2.24566738,,8.85577189959,,,5683.87,1.07976,1.04,Transit,2026.0,162.246
TIC 198190129 b,TIC 198190129,2.92284949,,7.94804910667,,,4377.53,0.640675,0.638,Transit,2026.0,130.035
TIC 294329732 b,TIC 294329732,2.07692266,,9.7565876181,,,5201.93,0.920172,0.89,Transit,2026.0,189.333
Kepler-94 c,Kepler-94,12.5,3126.0,820.3,1.596806621,,4781.0,0.76,0.81,Radial Velocity,2014.0,191.904
14 And b,14 And,13.1,,186.76,0.775,,4888.0,11.55,1.78,Radial Velocity,2008.0,75.4392
TOI-5174 b,TOI-5174,5.351,,12.214286,,808.37,5643.77,1.09457,1.0,Transit,2022.0,197.243
Kepler-966 b,Kepler-966,4.13,,99.747622,0.3907,391.0,5840.0,1.02,1.02,Transit,2016.0,1027.8
EPIC 220492298 b,EPIC 220492298,0.99,,0.762406,,,5620.0,0.89,0.95,Transit,2021.0,624.512
HATS-28 b,HATS-28,13.383546,213.58176,3.1810781,0.04131,1253.0,5498.0,0.922,0.929,Transit,2016.0,535.383
HATS-29 b,HATS-29,14.022459,207.54299,4.6058749,0.05475,1212.0,5670.0,1.073,1.032,Transit,2016.0,353.891
WASP-54 b,WASP-54,17.71022,187.5197,3.69364,0.04988,1759.0,6100.0,1.76,1.08,Transit,2012.0,251.303
HD 63935 b,HD 63935,2.91575244,10.5,9.058807,0.083,825.22,5513.0,0.9598,0.9406,Transit,2021.0,48.9739
TOI-1820 b,TOI-1820,12.778238,731.0053361,4.860674,0.061,1375.0,5734.0,1.51,1.04,Transit,2022.0,248.504
TOI-2158 b,TOI-2158,10.76062147,260.61929374,8.60077,0.075,1188.0,5673.0,1.41,1.12,Transit,2022.0,198.473
HD 184010 b,HD 184010,12.1,,286.6,0.94,,4971.0,4.86,1.35,Radial Velocity,2022.0,60.7993
HD 184010 c,HD 184010,11.8,,484.3,1.334,,4971.0,4.86,1.35,Radial Velocity,2022.0,60.7993
Kepler-260 c,Kepler-260,1.74,,76.050178,0.332,372.0,5250.0,0.862,1.013,Transit,2014.0,627.365
Kepler-140 c,Kepler-140,1.8,,91.353282,0.414,428.0,6077.0,1.288,1.044,Transit,2014.0,583.859
HATS-15 b,HATS-15,12.385945,689.6911,1.74748753,0.02712,1505.0,5311.0,0.922,0.871,Transit,2016.0,1139.55
TOI-2128 b,TOI-2128,2.08874836,4.5,16.34136,0.127,780.53,5968.0,1.1174,1.0251,Transit,2024.0,36.578
MASCARA-1 b,MASCARA-1,17.90074218,1175.971,2.14877381,0.040352,2594.3,7490.0,2.082,1.9,Transit,2017.0,182.273
Kepler-14 b,Kepler-14,12.733,2669.66,6.790123,0.0771,1605.0,6395.0,2.048,1.512,Transit,2011.0,798.0
K2-24 c,K2-24,7.5,15.4,42.3391,0.247,542.0,5625.0,1.16,1.07,Transit,2016.0,170.562
WASP-129 b,WASP-129,10.42437,317.83,5.748145,0.0628,1100.0,5900.0,0.9,1.0,Transit,2016.0,301.462
WASP-124 b,WASP-124,13.89916,190.698,3.37265,0.0449,1400.0,6050.0,1.02,1.07,Transit,2016.0,448.637
TOI-5160 b,TOI-5160,2.39729851,,4.280773256,,1016.0,5622.14,1.03315,1.003,Transit,2026.0,151.465
Kepler-941 b,Kepler-941,3.08,,17.42395198,0.1311,722.0,5539.0,0.86,0.89,Transit,2016.0,1088.36
Kepler-85 c,Kepler-85,1.978,2.15,12.51,0.10363,706.0,5505.2,0.875,0.928,Transit,2012.0,765.025
Kepler-734 b,Kepler-734,3.56,,6.104852856,0.0583,784.0,5326.0,0.78,0.85,Transit,2016.0,1157.21
GJ 2030 b,GJ 2030,2.03,,2.38129,0.034,,5485.0,2.24104,0.96,Radial Velocity,2022.0,37.0788
KELT-9 b,KELT-9,21.196219,915.3504,1.4811235,0.03462,4050.0,10170.0,2.362,2.52,Transit,2017.0,204.455
NGTS-1 b,NGTS-1,14.90797,258.07796,2.647298,0.0326,790.0,3916.0,0.573,0.617,Transit,2017.0,218.121
HIP 21152 b,HIP 21152,12.0,7627.881768,22000.0,17.0,1300.0,6655.0,1.59186,1.4,Imaging,2022.0,43.4073
TOI-1260 b,TOI-1260,2.41,8.56,3.127463,0.0367,871.0,4227.0,0.672,0.679,Transit,2021.0,73.5977
Kepler-599 b,Kepler-599,2.84,,15.65562652,0.1128,623.0,5127.0,0.79,0.83,Transit,2016.0,558.517
HATS-52 b,HATS-52,15.490838,711.9392,1.36665436,0.02498,1834.0,6010.0,1.046,1.111,Transit,2017.0,555.134
HATS-53 b,HATS-53,15.02006,189.10885,3.8537768,0.04753,1312.0,5644.0,1.101,0.964,Transit,2017.0,585.77
WASP-139 b,WASP-139,8.9672,37.18611,5.924262,0.062,910.0,5310.0,0.8,0.92,Transit,2016.0,212.472
WASP-142 b,WASP-142,17.14977,266.9772,2.052868,0.0347,2000.0,6010.0,1.64,1.33,Transit,2016.0,730.933
Kepler-1203 b,Kepler-1203,1.06,,0.588000765,0.0114,1188.0,4105.0,0.61,0.64,Transit,2016.0,317.022
TOI-969 c,TOI-969,12.4,,1700.0,2.52,96.4,4435.0,0.671,0.734,Radial Velocity,2022.0,77.2554
47 UMa c,47 UMa,14.2,,2391.0,3.6,,5872.0,1.21334,1.06,Radial Velocity,2001.0,13.7967
61 Vir d,61 Vir,5.11,,123.01,0.476,,5577.0,0.963,0.942,Radial Velocity,2009.0,8.50332
61 Vir b,61 Vir,2.11,,4.215,0.050201,,5577.0,0.963,0.942,Radial Velocity,2009.0,8.50332
K2-413 c,K2-413,1.2327,,5.3301,0.0426,,4116.0,0.7,0.808,Transit,2022.0,285.162
K2-414 c,K2-414,1.9287,,6.669,0.0552,,4343.0,0.732,0.814,Transit,2022.0,260.036
Kepler-1720 b,Kepler-1720,3.21585295,,12.70639992,0.1043,697.0,5573.0,0.839,0.939,Transit,2021.0,629.445
TOI-1260 d,TOI-1260,3.12,11.84,16.608164,0.1116,499.0,4227.0,0.672,0.679,Transit,2022.0,73.5977
TOI-1260 c,TOI-1260,2.76,13.2,7.493134,0.0657,651.0,4227.0,0.672,0.679,Transit,2021.0,73.5977
TOI-969 b,TOI-969,2.765,9.1,1.8237305,0.02636,941.0,4435.0,0.671,0.734,Transit,2022.0,77.2554
HD 147513 b,HD 147513,13.7,,528.4,1.32,,5883.0,0.98,1.11,Radial Velocity,2003.0,12.9032
HD 160691 c,HD 160691,,1398.4449908,3947.0,4.17,,5773.0,1.33,1.13,Radial Velocity,2004.0,15.5981
GJ 1002 b,GJ 1002,1.03,,10.3465,0.0457,230.9,3024.0,0.137,0.12,Radial Velocity,2022.0,4.84867
Kepler-1727 b,Kepler-1727,3.17321625,,9.029299736,0.0796,757.0,5349.0,0.82,0.824,Transit,2021.0,894.187
ITG 15 b,ITG 15 A,12.1,6674.396547,,435.0,2601.0,,,,Imaging,2024.0,136.37
Kepler-531 b,Kepler-531,2.78,,29.88485741,0.17446,453.0,4893.0,0.75,0.78,Transit,2016.0,252.762
Kepler-1182 b,Kepler-1182,2.41,,11.17394617,0.0981,796.0,5924.0,1.05,1.04,Transit,2016.0,1545.39
KELT-19 A b,KELT-19 A,21.40919,1293.5681,4.6117093,0.0637,1935.0,7500.0,1.83,1.62,Transit,2017.0,300.276
KELT-21 b,KELT-21,17.777474,1242.7153,3.6127647,0.05224,2051.0,7598.0,1.638,1.458,Transit,2018.0,470.878
HD 37124 b,HD 37124,14.0,,154.378,0.53364,,5698.64,0.949168,0.85,Radial Velocity,2002.0,31.6634
Kepler-513 b,Kepler-513,2.2,,28.86235584,0.1779,623.0,5849.0,1.06,1.02,Transit,2016.0,468.258
HD 330075 b,HD 330075,14.3,,3.38773,0.04,990.0,5000.0,0.84,0.47,Radial Velocity,2004.0,45.2989
Kepler-1329 b,Kepler-1329,2.17,,9.33646594,0.0747,577.0,4500.0,0.69,0.72,Transit,2016.0,588.037
K2-61 b,K2-61,1.92,,2.57336,0.0392,1325.0,5748.0,0.995,0.97,Transit,2016.0,405.732
Kepler-825 c,Kepler-825,1.84,,8.1818246,0.0759,981.0,5976.0,1.08,1.03,Transit,2016.0,807.85
Kepler-382 b,Kepler-382,1.32,,5.262155,0.055,1166.0,5600.0,0.945,1.002,Transit,2014.0,935.446
K2-165 c,K2-165,1.55409035,,4.382745,,,5185.0,0.803827,0.834847,Transit,2018.0,134.591
WASP-138 b,WASP-138,12.21781,387.7526,3.634433,0.0494,1590.0,6272.0,1.36,1.22,Transit,2016.0,414.234
XO-6 b,XO-6,23.20263,1398.452,3.7650007,0.0815,1577.0,6720.0,1.93,1.47,Transit,2016.0,235.479
Qatar-3 b,Qatar-3,12.285064,1369.8473,2.5079204,0.03783,1681.0,6007.0,1.272,1.145,Transit,2017.0,735.601
HD 114082 b,HD 114082,11.2089807,2542.627256,109.75,0.5109,,6651.0,1.49,1.47,Radial Velocity,2022.0,95.3906
55 Cnc d,55 Cnc,13.0,1232.493,4799.0,5.6,,5198.0,0.98,1.015,Radial Velocity,2002.0,12.5855
Kepler-1191 b,Kepler-1191,1.51,,5.60014851,0.0587,952.0,5308.0,0.81,0.85,Transit,2016.0,955.536
Kepler-1891 b,Kepler-1891,1.52139156,,4.02229023,0.0473,1017.0,5516.0,0.827,0.873,Transit,2021.0,596.24
WASP-53 b,WASP-53,12.038466,677.61356,3.3098443,0.04101,1053.0,4953.0,0.798,0.839,Transit,2017.0,201.338
WASP-53 c,WASP-53,,,2840.0,3.73,,4953.0,0.798,0.839,Radial Velocity,2017.0,201.338
K2-198 b,K2-198,4.189,,17.0428683,,715.8,5212.9,0.757,0.799,Transit,2018.0,110.567
Kepler-1456 b,Kepler-1456,1.14,,18.1373829,0.1132,433.0,4231.0,0.62,0.64,Transit,2016.0,370.312
Kepler-529 b,Kepler-529,1.86,,1.980357663,0.0309,1662.0,6087.0,1.14,1.07,Transit,2016.0,799.008
11 UMi b,11 UMi,12.3,,516.21997,1.53,,4213.0,29.79,2.78,Radial Velocity,2009.0,125.321
Kepler-835 b,Kepler-835,2.79,,11.41909375,0.107,921.0,5954.0,1.11,1.08,Transit,2016.0,2406.33
Kepler-1666 c,Kepler-1666,3.23564749,,40.7157,0.2383,578.0,6293.0,1.14586,1.23,Transit,2020.0,1379.37
Kepler-690 b,Kepler-690,5.95,,7.748094374,0.081,964.0,5913.0,1.16,1.11,Transit,2016.0,1665.31
Kepler-136 b,Kepler-136,2.05,19.8,11.5789,0.106,951.0,6165.0,1.355,1.204,Transit,2014.0,420.818
Kepler-775 b,Kepler-775,1.19,,0.974868926,0.01834,1612.0,5468.0,0.84,0.92,Transit,2016.0,398.676
KIC 10068024 b,KIC 10068024,13.4,,2.073549,,,6118.4,1.574,1.22,Orbital Brightness Modulation,2021.0,721.105
HATS-34 b,HATS-34,16.02887,299.07803,2.1061607,0.03166,1445.0,5380.0,0.98,0.955,Transit,2016.0,508.842
HATS-35 b,HATS-35,16.409976,388.38826,1.8209993,0.03199,2037.0,6300.0,1.433,1.317,Transit,2016.0,514.555
WASP-81 b,WASP-81,16.017661,231.69807,2.7164762,0.03908,1623.0,5870.0,1.283,1.08,Transit,2017.0,398.505
Kepler-357 b,Kepler-357,1.84,,6.475434,0.063,793.0,5036.0,0.834,0.794,Transit,2014.0,688.573
Kepler-23 d,Kepler-23,2.206,4.44,15.27,0.12012,896.0,5828.0,1.548,1.078,Transit,2014.0,835.756
Kepler-1510 b,Kepler-1510,3.36,,84.703921,0.4089,537.0,6200.0,1.28,1.19,Transit,2016.0,1696.25
Kepler-1324 b,Kepler-1324,1.51,,4.115844679,0.0466,895.0,4776.0,0.73,0.78,Transit,2016.0,481.667
KIC 3526061 b,KIC 3526061,12.1,,3552.0,5.14,,4829.0,5.86,1.42,Radial Velocity,2022.0,401.229
Kepler-110 b,Kepler-110,1.83,,12.691112,0.107,1008.0,5960.0,1.149,0.989,Transit,2014.0,586.531
K2-325 b,K2-325,2.2,,6.93,0.0419,423.0,3287.0,0.298,0.274,Transit,2020.0,111.638
Kepler-716 c,Kepler-716,1.39281536,,3.96999,0.04548,992.0,5012.0,0.742183,0.83,Transit,2020.0,635.009
Kepler-1850 b,Kepler-1850,0.72909663,,1.385800004,0.0206,1008.0,4239.0,0.6,0.611,Transit,2021.0,250.199
K2-38 b,K2-38,1.54,7.3,4.01593,0.04994,1266.0,5731.0,1.06,1.03,Transit,2016.0,192.69
K2-38 c,K2-38,2.29,8.3,10.56103,0.09514,916.0,5731.0,1.06,1.03,Transit,2016.0,192.69
KELT-1 b,KELT-1,12.442,8654.15,1.217514,0.02466,2361.0,6516.0,1.471,1.335,Transit,2012.0,268.43
HATS-50 b,HATS-50,12.66617,123.9537,3.8297015,0.05046,1275.39,5990.0,1.117,1.168,Transit,2017.0,756.742
WASP-153 b,WASP-153,17.37395,123.9537,3.332609,0.048,1700.0,5914.0,1.73,1.336,Transit,2017.0,610.176
Kepler-1365 b,Kepler-1365,0.92,,7.69993485,0.07839,969.0,5770.0,1.05,1.0,Transit,2016.0,840.128
HD 170469 b,HD 170469,14.1,,1145.0,2.24,,5842.0,1.24,1.1,Radial Velocity,2007.0,60.178
Kepler-341 d,Kepler-341,1.85,,27.666313,0.182,622.0,6012.0,1.024,0.976,Transit,2014.0,1047.03
Kepler-977 b,Kepler-977,2.62,,26.85328322,0.162,544.0,5315.0,0.83,0.87,Transit,2016.0,568.751
HD 98219 b,HD 98219,13.4,,433.8,1.26,,4925.0,4.6,1.41,Radial Velocity,2011.0,113.704
HAT-P-31 b,HAT-P-31,12.21781,721.4741,5.00542,0.061,1450.0,6065.0,1.39,1.31,Transit,2011.0,344.05
AU Mic e,AU Mic,4.87,21.1,33.11,,,3665.0,0.82,0.6,Radial Velocity,2025.0,9.7221
KELT-16 b,KELT-16,15.860735,874.0325,0.9689951,0.02044,2453.0,6236.0,1.36,1.211,Transit,2017.0,444.586
GJ 393 b,GJ 393,1.17,,7.02679,0.05402,485.0,3579.0,0.426,0.426,Radial Velocity,2021.0,7.03149
Kepler-1933 b,Kepler-1933,1.17984089,,4.943290234,0.05605,1058.0,5661.0,1.008,0.964,Transit,2021.0,328.007
Kepler-1641 b,Kepler-1641,3.11,,19.672266,0.1473,908.0,6152.0,1.19,1.12,Transit,2016.0,860.37
GJ 687 b,GJ 687,4.32,,38.142,0.163,,3413.0,0.4183,0.4,Radial Velocity,2014.0,4.54939
Kepler-23 b,Kepler-23,1.638,2.56,7.1,0.07212,1157.0,5828.0,1.548,1.078,Transit,2011.0,835.756
Kepler-554 b,Kepler-554,4.29,,1.902208556,0.03022,1346.0,5447.0,0.92,0.93,Transit,2016.0,690.525
HD 159868 c,HD 159868,14.0,,351.0,1.032,,5534.0,2.13,1.19,Radial Velocity,2012.0,55.8503
TOI-2525 b,TOI-2525,8.67575106,26.697586188,23.2856,0.1511,512.97,5096.0,0.785,0.849,Transit,2023.0,395.398
GJ 1151 c,GJ 1151,3.25,,389.7,0.5714,,3280.0,0.1781,0.1639,Radial Velocity,2023.0,8.03625
TOI-277 b,TOI-277,2.65,,3.994,0.0269,587.92,4031.0,0.362,0.16,Transit,2022.0,64.6692
NGTS-23 b,NGTS-23,14.20177855,194.828813491,4.0764326,0.0504,1327.0,6057.0,1.24,1.01,Transit,2022.0,1074.95
TOI-700 e,TOI-700,0.953,,27.80978,0.134,272.9,3459.0,0.421,0.415,Transit,2023.0,31.1265
NGTS-4 b,NGTS-4,3.18,20.6,1.3373508,0.019,1650.0,5143.0,0.84,0.75,Transit,2019.0,280.555
TOI-669 b,TOI-669,2.58606487,10.0,3.945152,0.048,1124.85,5597.0,0.9882,0.9245,Transit,2023.0,142.867
Kepler-1331 b,Kepler-1331,1.05,,0.789161653,0.0142,1244.0,4508.0,0.69,0.72,Transit,2016.0,319.197
Kepler-1246 b,Kepler-1246,1.36,,11.32271513,0.0848,554.0,4611.0,0.69,0.73,Transit,2016.0,436.505
Kepler-287 b,Kepler-287,2.33,83.0,20.342199,0.145,667.0,5806.0,1.032,0.963,Transit,2014.0,835.86
Kepler-432 c,Kepler-432,13.3,,406.2,,,4995.0,4.06,1.32,Radial Velocity,2015.0,848.023
HD 102843 b,HD 102843,13.1,,3090.942,4.074,,5436.0,0.961488,0.95,Radial Velocity,2019.0,62.758
K2-155 b,K2-155,1.8,,6.342,0.0562,708.0,4258.0,0.58,0.65,Transit,2018.0,72.7998
Kepler-162 c,Kepler-162,3.03,,19.446355,0.137,681.0,5816.0,0.958,1.053,Transit,2014.0,855.641
TOI-1695 b,TOI-1695,1.9,6.36,3.1342791,0.033548,698.0,3690.0,0.515,0.513,Transit,2022.0,45.1309
TOI-181 b,TOI-181,6.9559,46.1687,4.532,0.0539,895.1,4994.0,0.745,0.822,Transit,2023.0,96.2338
TOI-3235 b,TOI-3235,11.39953337,211.355890655,2.59261842,0.02709,604.0,3388.8,0.3697,0.3939,Transit,2023.0,72.811
KMT-2021-BLG-2294L b,KMT-2021-BLG-2294L,5.02,22.24798849,,1.15,,,,0.14,Microlensing,2022.0,6800.0
K2-155 d,K2-155,1.9,,40.718,0.1937,381.0,4258.0,0.58,0.65,Transit,2018.0,72.7998
Kepler-1443 b,Kepler-1443,0.97,,2.41811321,0.03783,1602.0,6289.0,1.27,1.19,Transit,2016.0,593.646
Kepler-48 c,Kepler-48,2.71,14.61,9.67395,0.08633,736.0,5194.0,0.89,0.88,Transit,2012.0,306.738
XO-2 N b,XO-2 N,11.130537,199.91507,2.61585906,0.03666,1328.0,5290.0,0.998,0.96,Transit,2007.0,154.273
Kepler-138 e,Kepler-138,0.797,0.43,38.23,0.1803,292.0,3841.0,0.535,0.535,Transit Timing Variations,2022.0,66.8624
HD 160691 e,HD 160691,,2224.798849,307.9,0.96,,5773.0,1.33,1.13,Radial Velocity,2006.0,15.5981
HD 3651 b,HD 3651,10.1,,62.25,0.295,,5221.0,0.871954,0.799,Radial Velocity,2003.0,11.1336
ups And c,ups And,12.3,4443.24112986,241.258,0.827774,,6156.77,1.56,1.3,Radial Velocity,1999.0,13.4054
Kepler-1369 b,Kepler-1369,2.69,,25.873148,0.1741,667.0,5761.0,0.99,0.99,Transit,2016.0,1236.56
V1298 Tau b,V1298 Tau,9.41,13.1,24.140006,0.1685,666.0,4970.0,1.32,1.1,Transit,2019.0,108.199
GJ 1002 c,GJ 1002,1.1,,21.202,0.0738,181.7,3024.0,0.137,0.12,Radial Velocity,2022.0,4.84867
Kepler-138 c,Kepler-138,1.51,2.3,13.7815,0.0913,410.0,3841.0,0.535,0.535,Transit,2014.0,66.8624
Kepler-138 b,Kepler-138,0.64,0.07,10.3134,0.0753,452.0,3841.0,0.535,0.535,Transit,2014.0,66.8624
KOINTREAU-3 b,ISO-Oph 96,13.1,1080.6165838,,342.0,,3920.0,0.730795,0.41,Imaging,2026.0,140.563
Kepler-1644 b,Kepler-1644,1.88,,21.0907758,0.142,606.0,5499.0,0.86,0.89,Transit,2016.0,629.27
Kepler-1249 b,Kepler-1249,2.38,,24.3347127,0.167,647.0,6202.0,1.28,1.19,Transit,2016.0,1904.54
WASP-78 b,WASP-78,21.63337,352.7913,2.17518,0.03488,2469.7,6100.0,2.46,1.87,Transit,2012.0,754.258
WASP-39 b,WASP-39,14.336311,89.31023,4.0552941,0.04828,1166.0,5485.0,0.939,0.913,Transit,2011.0,213.982
WASP-36 b,WASP-36,14.874343,750.39663,1.53736596,0.02677,1733.0,5959.0,0.985,1.081,Transit,2011.0,386.346
HD 191939 d,HD 191939,2.995,2.8,38.353037,0.2132,540.0,5348.0,0.94,0.81,Transit,2020.0,53.6089
TOI-700 c,TOI-700,2.6,,16.051137,0.0929,356.0,3459.0,0.421,0.415,Transit,2020.0,31.1265
TOI-700 b,TOI-700,0.914,,9.977219,0.0677,417.0,3459.0,0.421,0.415,Transit,2020.0,31.1265
TOI-700 d,TOI-700,1.073,,37.42396,0.1633,268.8,3459.0,0.421,0.415,Transit,2020.0,31.1265
KIC 9663113 b,KIC 9663113,4.6,,572.3847,1.55346,264.0,6065.0,1.03,0.98,Transit,2015.0,1594.74
Kepler-12 b,Kepler-12,19.660586,137.30256,4.4379629,0.0553,1480.0,5947.0,1.483,1.166,Transit,2011.0,881.386
HAT-P-24 b,HAT-P-24,14.5717,238.3725,3.35524,0.04651,1637.0,6373.0,1.38,1.37,Transit,2010.0,415.344
Kepler-792 b,Kepler-792,1.96,,11.30119217,0.0988,852.0,5971.0,1.12,1.09,Transit,2016.0,1425.47
Kepler-539 b,Kepler-539,8.373123,308.2951,125.63243,0.4988,387.6,5820.0,0.952,1.048,Transit,2016.0,307.318
K2-165 d,K2-165,2.64809498,,14.101361,,629.38,5185.0,0.803827,0.834847,Transit,2018.0,134.591
Kepler-1254 c,Kepler-1254,1.3,,3.60084276,0.0422,927.0,4985.0,0.75,0.78,Transit,2016.0,622.818
Kepler-1674 b,Kepler-1674,3.2057749,,62.5611,0.3017,417.0,5473.91,0.877273,0.96,Transit,2020.0,1012.48
WASP-189 b,WASP-189,18.14733975,632.47852993,2.724033,0.05053,3353.0,8000.0,2.36,2.03,Transit,2020.0,99.731
Kepler-255 c,Kepler-255,2.99,,9.946047,0.092,807.0,5573.0,0.933,0.867,Transit,2014.0,1052.53
Kepler-1238 b,Kepler-1238,1.93,,4.14787559,0.0541,1389.0,6386.0,1.48,1.3,Transit,2016.0,1632.13
Ross 176 b,Ross 176,1.84,4.57,5.0066338,0.0464,682.0,4041.0,0.569,0.577,Transit,2025.0,46.4488
TOI-5422 b,TOI-5422,9.10169233,8899.195396,5.377219,0.0619,1369.0,5820.0,1.474,1.066,Transit,2026.0,346.141
Kepler-5 b,Kepler-5,15.984034,670.93913,3.5484657,0.0538,1750.0,6297.0,1.793,1.374,Transit,2009.0,899.777
XO-2 S b,XO-2 S,10.9,,18.22,0.1347,,5325.0,1.02,0.98,Radial Velocity,2014.0,151.398
GJ 433 b,GJ 433,2.33,,7.3705,0.062,,3461.0,0.5,0.48,Radial Velocity,2013.0,9.06456
TOI-1743 b,TOI-1743,1.83,,4.266046,0.03589,485.0,3277.0,0.338,0.339,Transit,2025.0,41.2758
Proxima Cen d,Proxima Cen,0.692,,5.12338,0.02881,282.0,2900.0,0.141,0.1221,Radial Velocity,2025.0,1.30119
HAT-P-2 c,HAT-P-2,12.4,3400.7639549,8500.0,,,6412.0,1.416,1.33,Radial Velocity,2023.0,127.774
HATS-41 b,HATS-41,14.90797,3082.951,4.193649,0.0583,1710.0,6424.0,1.71,1.496,Transit,2018.0,737.668
Kepler-933 b,Kepler-933,2.46,,14.20443009,0.1041,602.0,5346.0,0.84,0.87,Transit,2016.0,1017.2
Kepler-1240 b,Kepler-1240,1.15,,4.8663815,0.05791,1121.0,5682.0,0.96,0.98,Transit,2016.0,862.186
K2-80 c,K2-80,1.47,,5.605,0.0596,,5441.0,0.87,0.9,Transit,2016.0,200.802
Kepler-891 b,Kepler-891,6.41,,53.44945593,0.2881,486.0,5887.0,1.07,1.06,Transit,2016.0,2340.58
Kepler-1605 b,Kepler-1605,1.08,,85.7565495,0.36567,528.0,5280.0,0.82,0.86,Transit,2016.0,546.23
HD 80913 b,HD 80913,12.0,7505.200002898,10839.83341,9.95,,6013.24,1.6542,1.11,Radial Velocity,2022.0,61.3603
TOI-4406 b,TOI-4406,11.2089807,95.3485221,30.08364,0.201,904.0,6219.0,1.29,1.19,Transit,2023.0,261.834
PZ Tel b,PZ Tel,11.9,8581.366989,44000.0,27.0,,5169.0,1.25646,1.36,Imaging,2023.0,47.0648
TOI-2589 b,TOI-2589,12.10569916,1112.3994245,61.6277,0.3,592.0,5579.0,1.07,0.93,Transit,2023.0,200.273
Kepler-598 c,Kepler-598,3.02420941,,86.4945,0.36672,367.0,5245.0,0.900316,0.9,Transit,2020.0,681.086
HAT-P-29 b,HAT-P-29,13.11453,279.6904,5.72319,0.0667,1281.0,6087.0,1.3,1.45,Transit,2011.0,313.576
Kepler-288 d,Kepler-288,2.67,,56.633742,0.287,570.0,5918.0,1.091,0.842,Transit,2014.0,1194.15
Kepler-264 c,Kepler-264,2.83,,140.101261,0.566,511.0,6158.0,1.55,1.426,Transit,2014.0,942.173
Kepler-1786 b,Kepler-1786,3.16305828,,78.5460968,0.35722,501.0,5808.0,1.397,1.058,Transit,2021.0,863.909
Kepler-1119 b,Kepler-1119,1.92,,8.3265153,0.0812,938.0,6083.0,1.17,1.11,Transit,2016.0,1757.23
Kepler-49 d,Kepler-49,1.6,235.982,2.576549,0.031,717.0,4252.0,0.559,0.549,Transit,2014.0,311.222
GJ 687 c,GJ 687,4.14,,727.562,1.165,,3413.0,0.4183,0.4,Radial Velocity,2020.0,4.54939
Kepler-1465 b,Kepler-1465,1.77,,31.8277111,0.1939,668.0,4726.0,0.71,0.75,Transit,2016.0,359.497
Kepler-1844 b,Kepler-1844,3.03648191,,3.924510002,0.0478,1074.0,5776.0,0.849,0.939,Transit,2021.0,1804.36
Kepler-1036 b,Kepler-1036,3.01,,122.8808058,0.47726,326.0,5533.0,0.89,0.95,Transit,2016.0,489.435
Kepler-358 b,Kepler-358,2.72,,34.060467,0.21,554.0,5908.0,0.954,0.94,Transit,2014.0,1101.1
TOI-2096 c,TOI-2096,1.914,,6.38784,0.04,349.0,3300.0,0.235,0.231,Transit,2023.0,48.4809
TOI-2096 b,TOI-2096,1.243,,3.1190633,0.025,445.0,3300.0,0.235,0.231,Transit,2023.0,48.4809
TOI-4603 b,TOI-4603,11.67975789,4096.80816623,7.24599,0.0888,1677.0,6264.0,2.738,1.765,Transit,2023.0,225.643
HD 169142 b,HD 169142,13.1,953.485221,,37.2,,7246.0,1.53702,1.85,Imaging,2023.0,113.6
TOI-1811 b,TOI-1811,11.14172682,308.929211604,3.7130765,0.04389,962.2,4766.0,0.769,0.817,Transit,2023.0,128.23
TOI-2025 b,TOI-2025,11.89272852,1144.1822652,8.8720982,0.0892,1166.0,5977.0,1.459,1.199,Transit,2022.0,335.985
Kepler-1179 b,Kepler-1179,1.32,,2.685057492,0.03497,1137.0,5212.0,0.81,0.84,Transit,2016.0,415.205
Kepler-1544 b,Kepler-1544,1.78,,168.811174,0.54465,269.0,4886.0,0.74,0.81,Transit,2016.0,335.09
TOI-2152 A b,TOI-2152,14.35870428,899.45439181,3.3773512,0.05064,1802.0,6630.0,1.612,1.516,Transit,2023.0,303.006
Kepler-457 d,KOI-7892,2.98467257,,10.6906004,0.0996,1008.0,6474.0,1.242,1.148,Transit,2021.0,1072.3
Kepler-868 b,Kepler-868,2.05,,5.03251791,0.0575,1047.0,5614.0,0.89,0.93,Transit,2016.0,1593.13
TOI-2497 b,TOI-2497,11.14172682,1531.93292174,10.655669,0.1166,1595.0,7360.0,2.36,1.859,Transit,2023.0,285.289
Kepler-355 c,Kepler-355,2.71,,25.762294,0.179,633.0,6184.0,1.066,0.933,Transit,2014.0,1432.17
Kepler-1299 b,Kepler-1299,2.98,,19.9400874,0.1357,588.0,5609.0,0.91,0.94,Transit,2016.0,1404.94
Kepler-381 d,Kepler-381,1.0667865,,8.256299973,0.08364,1387.0,6197.0,2.188,1.198,Transit,2021.0,267.323
Kepler-1806 b,Kepler-1806,2.35560189,,9.033320427,0.0813,729.0,5311.0,0.788,0.884,Transit,2021.0,978.066
Kepler-1570 b,Kepler-1570,1.07,,26.548955,0.16699,836.0,5550.0,0.89,0.92,Transit,2016.0,918.995
Kepler-232 c,Kepler-232,3.83,,11.379349,0.101,806.0,5847.0,0.968,0.97,Transit,2014.0,1349.13
KIC 5479689 b,KIC 5479689,14.2,,1.701531,,,5459.1,0.894,0.966,Orbital Brightness Modulation,2021.0,454.95
Kepler-1759 b,Kepler-1759,0.9037791,,3.720230103,0.0429,954.0,5017.0,0.797,0.76,Transit,2021.0,385.348
Kepler-225 c,Kepler-225,1.84,,18.794234,0.111,412.0,3682.0,0.48,0.593,Transit,2014.0,561.101
Kepler-833 b,Kepler-833,2.02,,18.7546998,0.1139,382.0,4339.0,0.62,0.64,Transit,2016.0,467.37
Kepler-321 b,Kepler-321,1.77,,4.915379,0.057,1042.0,5740.0,1.194,1.024,Transit,2014.0,384.542
Kepler-973 b,Kepler-973,1.96,,49.6077331,0.2489,402.0,5213.0,0.78,0.86,Transit,2016.0,328.52
Kepler-243 b,Kepler-243,2.45,,5.715442,0.062,850.0,5228.0,0.842,0.904,Transit,2014.0,693.86
Kepler-308 b,Kepler-308,2.12,,9.694928,0.09,833.0,5895.0,0.941,0.92,Transit,2014.0,1335.92
HD 97037 b,HD 97037,12.1,6707.768529735,6449.08337,6.925,,5874.1,1.26356,1.06,Radial Velocity,2022.0,32.413
Kepler-776 b,Kepler-776,1.28,,4.89718784,0.0523,904.0,5071.0,0.78,0.83,Transit,2016.0,727.904
TIC 279401253 b,TIC 279401253,11.2089807,1951.46641898,76.8,0.369,,5951.0,1.06,1.13,Transit,2023.0,285.584
WASP-103 b,WASP-103,17.127,473.547,0.925542,0.01985,2508.0,6110.0,1.436,1.22,Transit,2014.0,375.647
Kepler-1226 b,Kepler-1226,1.45,,17.2923453,0.13945,809.0,5923.0,1.02,1.02,Transit,2016.0,1125.72
Kepler-1048 b,Kepler-1048,1.61,,6.92101021,0.059,619.0,4651.0,0.7,0.75,Transit,2016.0,556.006
WASP-73 b,WASP-73,15.91678,908.9938,4.08722,0.05512,1790.0,6030.0,2.55,2.52,Transit,2014.0,316.678
HATS-44 b,HATS-44,11.960003,177.9848,2.7439004,0.03649,1161.0,5080.0,0.847,0.86,Transit,2018.0,446.035
HATS-45 b,HATS-45,14.414774,222.481,4.1876244,0.05511,1518.0,6450.0,1.315,1.272,Transit,2018.0,772.11
Kepler-1260 b,Kepler-1260,1.77,,19.1187753,0.1444,823.0,5961.0,1.08,1.06,Transit,2016.0,1734.43
K2-141 b,K2-141,1.51,4.97,0.2803244,0.00747,2103.0,4570.0,0.681,0.708,Transit,2018.0,61.8736
Kepler-367 c,Kepler-367,1.2,,53.578637,0.253,357.0,4710.0,0.695,0.768,Transit,2014.0,188.027
Kepler-176 e,Kepler-176,1.45,0.52075,51.16579,0.25654,398.0,5295.0,0.83,0.87,Transit,2016.0,527.321
Kepler-194 c,Kepler-194,2.59,,17.308032,0.131,815.0,6089.0,1.025,0.94,Transit,2014.0,1097.97
WASP-61 b,WASP-61,15.80469,851.7844,3.8559,0.0521,1624.4,6250.0,1.55,1.82,Transit,2012.0,488.66
HD 80606 b,HD 80606,11.56766808,1323.4692695887,111.436765,0.4603,405.0,5565.0,1.05,1.05,Radial Velocity,2001.0,66.4711
HAT-P-6 b,HAT-P-6,16.58932,419.5356,3.85298,0.05239,1675.0,6570.0,1.62,1.79,Transit,2007.0,275.358
Kepler-465 b,Kepler-465,2.95,,9.940672466,0.09195,996.0,6310.0,1.29,1.23,Transit,2016.0,553.077
Kepler-1475 b,Kepler-1475,2.92,,82.177374,0.373,441.0,6214.0,1.28,1.18,Transit,2016.0,1568.38
HATS-46 b,HATS-46,10.121727,54.98459,4.7423729,0.05367,1054.0,5495.0,0.853,0.917,Transit,2018.0,453.808
HATS-7 b,HATS-7,6.310667,38.1396,3.185315,0.04012,1084.0,4985.0,0.815,0.849,Transit,2015.0,240.707
Kepler-1756 b,Kepler-1756,1.47199944,,2.355750084,0.0319,1093.0,4915.0,0.812,0.781,Transit,2021.0,
Kepler-20 e,Kepler-20,0.821,0.76,6.0984882,0.0637,1004.0,5495.0,0.9164,0.929,Transit,2011.0,282.563
Kepler-102 e,Kepler-102,2.17,4.7,16.1456994,0.1162,590.0,4909.0,0.724,0.803,Transit,2013.0,107.796
Kepler-107 d,Kepler-107,0.86,7.7,7.95839,0.08377,1173.0,5854.0,1.447,1.238,Transit,2014.0,525.997
Kepler-1960 b,Kepler-1960,1.30749704,,2.297940016,0.0354,1547.0,6371.0,1.072,1.117,Transit,2021.0,1527.56
Kepler-1007 b,Kepler-1007,1.44,,5.185002073,0.048,652.0,4587.0,0.7,0.73,Transit,2016.0,365.0
Kepler-659 b,Kepler-659,2.5,,17.671796,0.1204,513.0,4870.0,0.74,0.79,Transit,2016.0,722.64
Kepler-1290 b,Kepler-1290,1.42,,4.69500134,0.0557,1098.0,5660.0,0.93,0.95,Transit,2016.0,1593.7
HD 40956 b,HD 40956,13.2,,578.6,1.4,,4869.0,8.56,2.0,Radial Velocity,2017.0,116.593
Kepler-1244 b,Kepler-1244,1.35,,3.70428172,0.0502,1839.0,6680.0,1.77,1.46,Transit,2016.0,1075.81
HD 50499 b,HD 50499,13.5,,2447.1,3.833,,6102.0,1.351,1.253,Radial Velocity,2005.0,46.2845
Kepler-374 b,Kepler-374,1.03,,1.897806,0.029,1761.0,5977.0,0.911,1.033,Transit,2014.0,1265.61
2MASS J22501512+2325342 b,2MASS J22501512+2325342,11.9,9534.85221,,518.0,1600.0,3352.0,0.437589,0.433173,Imaging,2018.0,57.2309
HAT-P-15 b,HAT-P-15,11.88154,616.5902,10.8635,0.0965,904.0,5568.0,1.07,1.0,Transit,2010.0,192.516
K2-12 b,K2-12,2.44,5.2,8.28246,0.0792,1026.0,5672.0,1.117,0.965,Transit,2015.0,326.381
Kepler-78 b,Kepler-78,1.201,1.68,0.35500745,0.00901,2223.0,5058.0,0.7475,0.779,Transit,2013.0,124.376
Kepler-1420 b,Kepler-1420,1.28,,6.69960006,0.0671,806.0,5187.0,0.79,0.82,Transit,2016.0,1054.37
WASP-58 b,WASP-58,16.02887,308.2951,5.01718,0.0562,1270.0,5800.0,1.22,1.06,Transit,2012.0,290.404
K2-136 d,K2-136,1.565,3.0,25.575,0.1538,420.0,4500.0,0.677,0.742,Transit,2017.0,59.2474
K2-415 b,K2-415,1.015,7.5,4.0179694,0.027,412.4,3173.0,0.1965,0.1635,Transit,2023.0,21.8182
TOI-733 b,TOI-733,1.992,5.72,4.884765,0.0618,1055.8,5585.0,0.949,0.956,Transit,2023.0,75.2092
HAT-P-23 b,HAT-P-23,15.334,664.237,1.212884,0.0232,2056.0,5905.0,1.203,1.13,Transit,2010.0,364.813
HAT-P-57 b,HAT-P-57,19.50366,448.1403,2.4653,0.0406,2200.0,6330.0,1.85,2.77,Transit,2015.0,279.86
KELT-15 b,KELT-15,19.50366,416.3573,3.32944,0.04613,1642.0,6003.0,1.78,2.06,Transit,2016.0,324.683
HD 114386 b,HD 114386,13.6,464.02947422,937.70001,1.73,,4836.0,0.76,0.6,Radial Velocity,2003.0,27.9243
HAT-P-4 b,HAT-P-4,14.28,213.255,3.056536,0.04438,1686.0,5860.0,1.596,1.248,Transit,2007.0,320.451
Kepler-20 c,Kepler-20,2.894,11.1,10.8540774,0.0936,828.0,5495.0,0.9164,0.929,Transit,2011.0,282.563
WASP-71 b,WASP-71,13.22662,441.7837,2.90367,0.046,2016.1,6050.0,1.82,0.76,Transit,2012.0,362.715
HD 15337 c,HD 15337,2.526,6.792,17.180546,0.1235,656.1,5131.0,0.855,0.829,Transit,2019.0,44.8155
K2-136 c,K2-136,3.0,18.1,17.30713,0.1185,470.0,4500.0,0.677,0.742,Transit,2017.0,59.2474
Kepler-68 d,Kepler-68,13.9,267.0,632.62,1.469,,5847.0,1.2564,1.057,Radial Velocity,2013.0,144.166
HD 80653 b,HD 80653,1.613,5.72,0.719573,0.01661,2463.0,5959.0,1.22,1.18,Transit,2020.0,109.86
HD 3167 c,HD 3167,3.0,11.13,29.8454,0.1776,564.0,5261.0,0.88,0.837,Transit,2016.0,47.2899
HD 3167 b,HD 3167,1.67,4.97,0.959641,0.01796,1774.0,5261.0,0.88,0.837,Transit,2016.0,47.2899
HD 3167 d,HD 3167,1.92,,8.4112,0.0763,859.5,5261.0,0.88,0.837,Radial Velocity,2017.0,47.2899
HAT-P-49 b,HAT-P-49,17.82231,699.226,2.69155,0.04378,2131.0,6820.0,2.06,2.22,Transit,2014.0,350.351
HD 147873 c,HD 147873,13.3,,491.54,1.36,,5972.0,2.29,1.38,Radial Velocity,2016.0,109.055
Kepler-857 b,Kepler-857,6.8,,85.35129427,0.3751,390.0,5773.0,0.99,0.99,Transit,2016.0,983.502
HATS-12 b,HATS-12,7.76,759.6137,3.142702,0.0441,1446.0,6357.0,1.17,1.16,Transit,2016.0,746.138
EPIC 211945201 b,EPIC 211945201,5.76,11.0,19.49221,0.1493,817.0,6069.0,1.39,1.17,Transit,2018.0,181.69
K2-188 c,K2-188,2.83,,7.810253,0.0785,1026.0,5977.0,1.19,1.06,Transit,2018.0,446.821
K2-108 b,K2-108,5.33,59.4,4.733999,0.0581,1360.0,5599.0,1.76,1.17,Transit,2017.0,477.295
Kepler-1025 b,Kepler-1025,1.98,,37.3229493,0.21607,1654.0,6089.0,1.13,1.09,Transit,2016.0,803.776
Kepler-1666 b,Kepler-1666,2.88273782,,25.8476,0.1761,672.0,6293.0,1.14586,1.23,Transit,2020.0,1379.37
Kepler-1924 b,Kepler-1924,2.65446572,,15.33170033,0.1216,821.0,5726.0,1.285,1.018,Transit,2021.0,1910.77
K2-127 b,K2-127,8.37,,3.588163,0.0411,809.0,4575.0,0.66,0.72,Transit,2017.0,709.999
WASP-144 b,WASP-144,9.52765,139.8452,2.2783152,0.0316,1260.0,5200.0,0.81,0.81,Transit,2018.0,355.513
Kepler-107 e,Kepler-107,2.903,14.1,14.749143,0.12638,955.0,5854.0,1.447,1.238,Transit,2014.0,525.997
Kepler-68 b,Kepler-68,2.357,8.03,5.39875259,0.06135,1275.0,5847.0,1.2564,1.057,Transit,2013.0,144.166
Kepler-997 b,Kepler-997,1.36,,2.707306716,0.04022,1709.0,6150.0,1.56,1.22,Transit,2016.0,467.568
HD 99109 b,HD 99109,14.3,,439.29999,1.11,,5282.0,0.98,0.76,Radial Velocity,2005.0,54.7901
WASP-158 b,WASP-158,11.99363,886.7457,3.656333,0.0517,1590.0,6350.0,1.39,1.38,Transit,2018.0,524.993
WASP-145 A b,WASP-145 A,10.0881,282.8687,1.7690381,0.0261,1200.0,4900.0,0.68,0.76,Transit,2018.0,91.299
WASP-159 b,WASP-159,15.46842,174.8065,3.840401,0.0538,1850.0,6120.0,2.11,1.41,Transit,2018.0,715.383
HD 89345 b,HD 89345,7.39794,34.9613,11.8143,0.1066,1089.0,5576.0,1.747,1.157,Transit,2018.0,132.345
CoRoT-20 c,CoRoT-20,12.2,,1675.0,2.9,,5880.0,1.02,1.14,Radial Velocity,2018.0,844.061
WASP-18 b,WASP-18,13.89913607,3241.8497514,0.94145223,0.02024,2429.0,6432.0,1.319,1.294,Transit,2009.0,123.483
Kepler-1562 b,Kepler-1562,3.55,,64.2737752,0.3308,554.0,5760.0,1.05,1.02,Transit,2016.0,2060.72
K2-117 b,K2-117,2.03,,1.2916,0.0189,868.0,3778.0,0.51,0.54,Transit,2017.0,101.632
Kepler-1110 b,Kepler-1110,2.66,,9.69312032,0.0754,609.0,4781.0,0.7,0.73,Transit,2016.0,726.828
HD 153557 b,HD 153557,4.77,,7.29903,0.068,,4837.0,0.745171,0.79,Radial Velocity,2022.0,17.9412
Kepler-1170 b,Kepler-1170,2.41,,9.98969327,0.088,705.0,5069.0,0.76,0.8,Transit,2016.0,1050.45
WASP-162 b,WASP-162,11.209,1652.716,9.62468,0.0871,910.0,5300.0,1.11,0.95,Transit,2018.0,310.841
WASP-172 b,WASP-172,17.59813,149.3801,5.477433,0.0694,1740.0,6900.0,1.91,1.49,Transit,2018.0,538.11
Kepler-392 b,Kepler-392,1.0,,5.341853,0.059,1125.0,5938.0,1.129,0.874,Transit,2014.0,681.428
K2-188 b,K2-188,1.35,,1.742169,0.0289,1692.0,5977.0,1.19,1.06,Transit,2018.0,446.821
HD 116029 b,HD 116029,13.6,,670.0,1.65,,4819.0,4.89,0.83,Radial Velocity,2011.0,123.245
Kepler-194 b,Kepler-194,1.51,,2.092281,0.032,1648.0,6089.0,1.025,0.94,Transit,2014.0,1097.97
Kepler-157 d,Kepler-157,1.46,,7.02573474,0.0706,969.0,5866.0,1.03,1.02,Transit,2016.0,773.713
Kepler-323 c,Kepler-323,1.57,6.8,3.5538229,0.0458,1431.0,6004.0,1.12,1.015,Transit,2014.0,454.883
Kepler-236 c,Kepler-236,2.0,,23.968127,0.132,329.0,3750.0,0.51,0.596005,Transit,2014.0,288.763
LHS 3154 b,LHS 3154,3.69,,3.71778,0.02262,,2861.0,0.1405,0.1118,Radial Velocity,2023.0,15.7606
Kepler-664 b,Kepler-664,2.66,,2.525593315,0.0374,1406.0,5754.0,1.02,1.01,Transit,2016.0,1210.12
HATS-9 b,HATS-9,13.85,266.02371,1.915291,0.0312,1746.0,5599.0,1.56,1.1,Transit,2015.0,638.7
Kepler-157 c,Kepler-157,2.24,,13.5405,0.11,779.0,5774.0,1.044,0.95,Transit,2014.0,773.713
Kepler-947 b,Kepler-947,2.28,,26.9644317,0.1773,573.0,5508.0,0.87,0.9,Transit,2016.0,1730.78
Kepler-758 e,Kepler-758,1.53,,8.1934719,0.0829,1144.0,6228.0,1.42,1.16,Transit,2016.0,1502.32
Kepler-679 b,Kepler-679,3.01,,12.39358604,0.0983,677.0,5403.0,0.84,0.87,Transit,2016.0,922.244
WASP-147 b,WASP-147,12.498035,87.40325,4.60273,0.0549,1404.0,5702.0,1.429,1.044,Transit,2018.0,436.098
Kepler-1907 c,Kepler-1907,1.15547044,,14.86390018,0.10371,620.0,5159.0,0.8,0.752,Transit,2021.0,292.111
Kepler-934 b,Kepler-934,2.09,,55.6738309,0.2658,384.0,5001.0,0.77,0.81,Transit,2016.0,608.738
Kepler-102 c,Kepler-102,0.567,1.7,7.071392,0.06702,777.0,4909.0,0.724,0.803,Transit,2014.0,107.796
Kepler-102 b,Kepler-102,0.46,1.1,5.286965,0.05521,857.0,4909.0,0.724,0.803,Transit,2014.0,107.796
Kepler-1521 b,Kepler-1521,2.5,,47.14840805,0.23476,391.0,5042.0,0.76,0.81,Transit,2016.0,206.983
Kepler-189 c,Kepler-189,2.38,22.7,20.134866,0.137,544.0,5235.0,0.75,0.803,Transit,2014.0,591.534
HD 135344 A b,HD 135344 A,16.25302201,3178.28407,,16.5,1585.0,9540.0,1.5,2.32,Imaging,2025.0,141.595
TOI-159 b,TOI-159,18.18,1110.0,3.7628396,0.056,1891.0,7287.0,1.62,1.661,Transit,2026.0,347.593
TOI-4465 b,TOI-4465,14.01122587,1872.00931723,101.94054,0.416,427.0,5545.0,1.014,0.93,Transit,2025.0,121.139
HD 33142 b,HD 33142,13.7,,330.0,1.074,,5025.4,4.17,1.52,Radial Velocity,2011.0,121.375
Kepler-107 c,Kepler-107,1.597,10.0,4.901452,0.06064,1378.0,5854.0,1.447,1.238,Transit,2014.0,525.997
Kepler-1468 c,Kepler-1468,1.15,,3.54553021,0.0466,1448.0,5893.0,1.05,1.04,Transit,2016.0,1899.24
K2-266 b,K2-266,3.3,,0.658524,0.01306,1515.0,4285.0,0.703,0.686,Transit,2018.0,77.5586
Kepler-1371 b,Kepler-1371,0.73,,3.4462039,0.04214,1015.0,5361.0,0.83,0.87,Transit,2016.0,515.334
Kepler-202 c,Kepler-202,1.85,,16.282493,0.113,505.0,4668.0,0.667,0.683,Transit,2014.0,285.111
K2-266 d,K2-266,2.93,8.9,14.697,0.1035,538.3,4285.0,0.703,0.686,Transit,2018.0,77.5586
K2-266 e,K2-266,2.73,14.3,19.482,0.1249,490.1,4285.0,0.703,0.686,Transit,2018.0,77.5586
Kepler-271 b,Kepler-271,1.23,,10.43547805,0.08784,759.0,5555.0,0.87,0.9,Transit,2014.0,404.542
Kepler-20 f,Kepler-20,0.952,1.4,19.578328,0.1387,681.0,5495.0,0.9164,0.929,Transit,2011.0,282.563
Kepler-102 f,Kepler-102,0.861,4.3,27.453592,0.1656,495.0,4909.0,0.724,0.803,Transit,2014.0,107.796
Kepler-122 e,Kepler-122,2.6,27.7,37.993273,0.227,618.0,6050.0,1.216,0.982,Transit,2014.0,1027.45
Kepler-974 b,Kepler-974,1.57,,4.194496514,0.0419,577.0,3687.0,0.5,0.52,Transit,2016.0,134.311
GJ 676 A d,GJ 676 A,1.78,,3.60076,0.039,,3734.0,0.69,0.626,Radial Velocity,2012.0,16.0272
Kepler-218 b,Kepler-218,1.48,,3.619337,0.046,1156.0,5502.0,1.063,1.019,Transit,2014.0,656.38
NGTS-3 A b,NGTS-3 A,16.58932,756.4354,1.6753728,0.023,1434.44,5600.0,0.93,1.017,Transit,2018.0,743.972
K2-238 b,K2-238,14.5717,273.3338,3.20466,0.046,1587.0,5630.0,1.59,1.19,Transit,2018.0,537.963
WASP-106 b,WASP-106,12.10569916,613.40882551,9.28969,0.0901,1140.0,6002.0,1.47,1.175,Transit,2014.0,352.181
TrES-1 b,TrES-1,12.66617,266.9772,3.03007,0.03925,1140.0,5230.0,0.85,1.04,Transit,2004.0,159.658
Qatar-1 b,Qatar-1,12.811887,411.27202,1.4200242,0.02332,1418.0,5013.0,0.803,0.838,Transit,2010.0,185.615
Kepler-1387 b,Kepler-1387,0.93,,2.279526656,0.031,1123.0,5046.0,0.77,0.82,Transit,2016.0,455.358
Kepler-234 b,Kepler-234,3.7,,2.711506,0.04,1420.0,6224.0,1.113,1.129,Transit,2014.0,1733.1
Kepler-525 b,Kepler-525,2.63,,18.68404933,0.14386,832.0,5573.0,1.15,0.95,Transit,2016.0,992.852
CoRoT-20 b,CoRoT-20,9.41556,1366.669,9.24285,0.09,1024.0,5880.0,1.02,1.14,Transit,2011.0,844.061
HD 18438 b,HD 18438,12.1,,803.0,2.1,,3860.0,88.475,1.84,Radial Velocity,2023.0,224.146
Kepler-1205 b,Kepler-1205,1.41,,1.078390352,0.0196,1667.0,5226.0,0.81,0.84,Transit,2016.0,698.485
Kepler-1067 c,Kepler-1067,1.74682428,,5.425839901,0.06069,973.0,5594.0,0.934,0.981,Transit,2021.0,667.693
EPIC 201841433 b,EPIC 201841433,1.04,,4.1698,0.035,,5053.0,0.628461,0.802,Transit,2019.0,436.488
HATS-64 b,HATS-64,18.819911,305.1168,4.908897,0.06562,1793.0,6554.0,2.113,1.564,Transit,2018.0,1080.15
HATS-65 b,HATS-65,16.824709,260.93843,3.105161,0.04497,1634.0,6277.0,1.31,1.257,Transit,2018.0,493.32
K2-80 b,K2-80,2.01,,19.0918,0.135,,5441.0,0.87,0.9,Transit,2016.0,200.802
Kepler-1222 b,Kepler-1222,0.79,,1.916944254,0.02801,1246.0,5239.0,0.8,0.84,Transit,2016.0,415.218
K2-285 d,K2-285,2.48,6.5,10.45582,0.1178,619.9,4975.0,0.787,0.83,Transit,2018.0,154.961
K2-285 e,K2-285,1.95,10.7,14.76289,0.18041,500.9,4975.0,0.787,0.83,Transit,2018.0,154.961
HATS-60 b,HATS-60,12.923977,210.40346,3.560829,0.04708,1528.0,5688.0,1.46,1.097,Transit,2018.0,486.474
Kepler-359 b,Kepler-359,3.53,,25.563222,0.178,671.0,6248.0,1.086,0.827,Transit,2014.0,1443.21
Kepler-1876 b,Kepler-1876,0.853,2.4,6.99205,0.0758,1299.0,6104.0,1.477,1.187,Transit,2021.0,259.935
Kepler-22 b,Kepler-22,2.1,9.1,289.863876,0.812,279.0,5596.0,0.869,0.857,Transit,2011.0,194.642
WASP-165 b,WASP-165,14.12334,209.13214,3.465509,0.04823,1624.0,5599.0,1.75,1.248,Transit,2018.0,602.236
HD 4313 b,HD 4313,13.4,,356.21,1.157,,4943.0,5.14,1.63,Radial Velocity,2009.0,136.308
Kepler-1056 b,Kepler-1056,3.01,,27.495606,0.1629,590.0,6127.0,1.2,1.12,Transit,2016.0,982.51
Kepler-1554 b,Kepler-1554,2.9,,198.088774,0.59527,288.0,5297.0,0.81,0.84,Transit,2016.0,946.847
HATS-59 b,HATS-59,12.621334,256.17098,5.416081,0.06112,1128.0,5670.0,1.036,1.038,Transit,2018.0,642.884
TIC 62895484 b,TIC 62895484,3.49391667,,2.83985434327,,,5520.79,0.874291,0.98,Transit,2026.0,294.857
TIC 188624430 b,TIC 188624430,3.64811843,,6.21860433132,,,5369.46,0.786574,0.929,Transit,2026.0,300.743
Kepler-1107 b,Kepler-1107,1.34,,0.571038518,0.01285,1897.0,5268.0,0.82,0.86,Transit,2016.0,428.798
HD 457 b,HD 457,11.9,8445.336430804,20324.58153,15.369,,6114.04,1.28194,1.15,Radial Velocity,2022.0,55.0375
HD 112640 b,HD 112640,12.9,,613.2,1.7,,4155.0,39.0,1.8,Radial Velocity,2020.0,323.335
Kepler-1969 b,Kepler-1969,1.68161001,,6.647520065,0.0717,999.0,6046.0,1.007,1.111,Transit,2021.0,1204.54
Kepler-996 b,Kepler-996,1.98,,3.770590584,0.0474,1272.0,6014.0,1.14,1.09,Transit,2016.0,1216.58
TOI-172 b,TOI-172,10.816685,1722.6386,9.47725,0.0914,1198.0,5645.0,1.777,1.128,Transit,2019.0,342.831
K2-85 b,K2-85,1.4,3.2,0.68453862616,0.013,1355.0,4232.0,0.71,0.7,Transit,2016.0,97.2179
Kepler-48 f,Kepler-48,13.8,,5219.681854,5.719187877,,5190.0,0.836,0.916,Radial Velocity,2023.0,306.738
Kepler-1385 b,Kepler-1385,0.85,,2.88879862,0.04262,1423.0,5732.0,1.29,1.15,Transit,2016.0,688.795
Kepler-8 b,Kepler-8,15.871944,187.5197,3.5224991,0.0474,1680.0,6213.0,1.486,1.213,Transit,2010.0,1021.87
K2-291 b,K2-291,1.589,6.49,2.225177,0.03261,1278.0,5520.0,0.899,0.934,Transit,2019.0,90.0562
GJ 328 c,GJ 328,4.91,,241.8,0.657,,3897.0,0.63,0.65,Radial Velocity,2023.0,20.5266
K2-181 b,K2-181,2.69,,6.8941,0.0706,949.0,5528.0,1.06,0.96,Transit,2018.0,360.911
Kepler-1039 b,Kepler-1039,1.46,,0.934884242,0.01714,2080.0,4870.0,0.74,0.79,Transit,2016.0,306.91
HATS-69 b,HATS-69,10.592505,183.38791,2.2252577,0.03211,1295.7,5137.0,0.8785,0.892,Transit,2018.0,414.537
HATS-68 b,HATS-68,13.809488,410.0007,3.5862202,0.05071,1741.0,6147.0,1.748,1.351,Transit,2018.0,603.955
Kepler-1383 b,Kepler-1383,1.41,,13.9093583,0.11397,928.0,6370.0,1.44,1.26,Transit,2016.0,1027.21
Kepler-800 b,Kepler-800,2.85,,14.13176026,0.1106,675.0,5315.0,0.82,0.85,Transit,2016.0,1019.26
GJ 4276 b,GJ 4276,4.22,,13.352,0.082,,3387.0,0.407,0.406,Radial Velocity,2019.0,21.3362
Kepler-1484 b,Kepler-1484,2.11,,30.4549136,0.1939,624.0,5730.0,0.92,0.94,Transit,2016.0,2879.83
WASP-161 b,WASP-161,12.811887,791.3967,5.4060425,0.0673,1557.0,6400.0,1.712,1.39,Transit,2018.0,343.08
Kepler-172 e,Kepler-172,2.76,,35.118736,0.211,550.0,5526.0,1.085,1.081,Transit,2014.0,828.592
Kepler-1864 b,Kepler-1864,0.75408365,,3.881510019,0.049,1156.0,5854.0,0.979,1.03,Transit,2021.0,298.894
HATS-70 b,HATS-70,15.513256,4100.007,1.8882378,0.03632,2730.0,7930.0,1.881,1.78,Transit,2019.0,1458.83
K2-36 b,K2-36,1.43,4.3,1.422614,0.02288,1328.0,4916.0,0.718,0.79,Transit,2016.0,109.749
Kepler-538 b,Kepler-538,2.215,12.9,81.73778,0.3554,417.0,5534.0,0.8717,0.892,Transit,2016.0,155.956
K2-36 c,K2-36,3.2,7.9,5.340888,0.05528,854.0,4916.0,0.718,0.79,Transit,2016.0,109.749
Kepler-281 d,Kepler-281,5.93747806,654.0,148.2720032,0.5456,321.0,5717.0,0.884,0.984,Transit,2021.0,1745.45
HD 1397 b,HD 1397,11.500434,131.89945,11.53533,0.1097,1228.3,5521.0,2.336,1.324,Transit,2018.0,79.5702
Kepler-988 b,Kepler-988,2.07,,17.76080053,0.1085,368.0,4005.0,0.53,0.55,Transit,2016.0,304.889
K2-285 b,K2-285,2.59,9.68,3.471745,0.03817,1088.9,4975.0,0.787,0.83,Transit,2018.0,154.961
Kepler-1694 b,Kepler-1694,1.17986031,,3.89526,0.0449,956.0,4954.0,0.756284,0.82,Transit,2020.0,513.329
Kepler-526 b,Kepler-526,1.99,,5.458498316,0.06518,1099.0,5894.0,1.14,1.15,Transit,2016.0,666.146
Kepler-109 b,Kepler-109,2.49,4.9,6.4816307,0.0701,1276.0,5950.0,1.387,1.094,Transit,2014.0,474.861
K2-245 b,K2-245,4.34,,11.89307,0.0959,923.0,5793.0,1.25,0.83,Transit,2018.0,456.064
Kepler-159 b,Kepler-159,2.38,,10.139623,0.082,447.0,4625.0,0.663,0.628,Transit,2014.0,373.744
Kepler-859 b,Kepler-859,3.09,,20.38177573,0.13157,528.0,5020.0,0.77,0.81,Transit,2016.0,839.903
WASP-140 b,WASP-140,14.23540549,775.5052,2.23598448,0.0323,1270.0,5300.0,0.87,0.9,Transit,2016.0,117.598
KMT-2022-BLG-1818L c,KMT-2022-BLG-1818L,13.2,114.41822652,,12.6,,,,0.79,Microlensing,2026.0,5300.0
K2-18 b,K2-18,2.37,8.92,32.939623,0.1429,284.0,3457.0,0.411,0.359,Transit,2015.0,38.0266
HAT-P-35 b,HAT-P-35,14.930388,335.62848,3.646706,0.04978,1581.0,6096.0,1.435,1.236,Transit,2011.0,506.965
Kepler-208 d,Kepler-208,1.2,,11.131786,0.103,999.0,6092.0,1.314,1.082,Transit,2014.0,775.328
Kepler-1129 c,Kepler-1129,2.73,,76.5369586,0.35367,503.0,5831.0,1.0,1.0,Transit,2016.0,1183.88
HD 12235 b,HD 12235,3.23,,4.36305,0.054,,5986.0,1.80185,1.1,Radial Velocity,2022.0,31.7627
Kepler-364 b,Kepler-364,1.55,,25.745718,0.178,753.0,6108.0,1.284,1.076,Transit,2014.0,891.462
Kepler-524 b,Kepler-524,1.91,,7.97419807,0.07955,974.0,6014.0,1.1,1.09,Transit,2016.0,1058.24
Kepler-221 e,Kepler-221,2.63,7.86706,18.369917,0.13,582.0,5243.0,0.821,0.854,Transit,2014.0,385.231
HD 10180 g,HD 10180,,3375.33768234,604.67,1.427,,5911.0,1.109,1.06,Radial Velocity,2010.0,38.9607
HR 8799 d,HR 8799,13.0,3000.0,37000.0,24.0,1300.0,7204.58,1.49338,1.5,Imaging,2008.0,41.2441
HD 99706 b,HD 99706,13.7,,841.0,1.98,,4862.0,5.52,1.46,Radial Velocity,2011.0,146.6
HIP 41378 d,HIP 41378,3.54,4.6,278.3618,,367.0,6320.0,1.273,1.16,Transit,2016.0,106.289
HAT-P-14 b,HAT-P-14,15.91678,1093.3352,4.62767,0.0596,1624.0,6600.0,1.82,2.65,Transit,2010.0,222.663
Kepler-37 b,Kepler-37,0.3098,0.79,13.36702,0.1019,718.0,5357.0,0.789,0.79,Transit,2013.0,63.9207
Kepler-1189 b,Kepler-1189,1.77,,3.78858982,0.0467,1158.0,6012.0,1.16,1.11,Transit,2016.0,782.852
Kepler-401 d,Kepler-401,2.27,,184.256405,0.66886,380.0,6184.0,1.29,1.17,Transit,2016.0,965.56
GJ 422 b,GJ 422,3.33,,20.129,0.111,,3323.0,0.370328,0.35,Radial Velocity,2014.0,12.6631
WASP-164 b,WASP-164,12.643752,676.9779,1.7771255,0.02818,1610.0,5806.0,0.932,0.946,Transit,2018.0,327.506
K2-110 b,K2-110,2.592,15.9,13.86375,0.10207,638.0,5010.0,0.713,0.738,Transit,2017.0,116.474
Kepler-563 b,Kepler-563,3.09,,22.18432708,0.1418,546.0,5066.0,0.77,0.8,Transit,2016.0,565.207
Kepler-1042 b,Kepler-1042,2.19,,10.13202575,0.0756,574.0,4815.0,0.72,0.75,Transit,2016.0,659.0
HD 2685 b,HD 2685,16.14096,371.8611,4.12688,0.0568,2061.0,6801.0,1.56,1.43,Transit,2019.0,196.852
Kepler-25 b,Kepler-25,2.748,8.7,6.238297,0.0695,1185.0,6354.0,1.316,1.165,Transit,2011.0,243.249
KELT-23 A b,KELT-23 A,14.829507,298.12454,2.255251,0.03302,1561.0,5899.0,0.996,0.944,Transit,2019.0,126.261
TOI-1416 b,TOI-1416,1.62,3.48,1.0697568,0.019,1517.0,4884.0,0.793,0.798,Transit,2023.0,55.0135
TOI-2498 b,TOI-2498,6.06,34.62,3.738252,0.0491,1443.0,5905.0,1.26,1.12,Transit,2023.0,275.265
Kepler-1528 b,Kepler-1528,1.46,,1.791110205,0.0296,1549.0,5857.0,1.03,1.03,Transit,2016.0,817.534
Kepler-1436 b,Kepler-1436,1.31,,9.705716,0.0907,1001.0,5972.0,1.09,1.06,Transit,2016.0,2530.62
GJ 180 c,GJ 180,2.41,,24.329,0.129,,3371.0,0.413049,0.43,Radial Velocity,2014.0,11.9407
HATS-24 b,HATS-24,15.636555,718.2958,1.3484978,0.0238,2166.0,6125.0,1.12,1.07,Transit,2017.0,494.182
HAT-P-9 b,HAT-P-9,15.614137,238.05467,3.92281072,0.05287,1540.0,6350.0,1.338,1.281,Transit,2008.0,455.203
HAT-P-36 b,HAT-P-36,14.313893,587.413406,1.32734683,0.0241,1780.97,5620.0,1.041,1.03,Transit,2011.0,294.419
HD 56414 b,HD 56414,3.71,,29.04992,0.229,1133.0,8500.0,1.751,1.89,Transit,2022.0,272.217
TOI-2000 c,TOI-2000,8.14,81.7,9.127055,0.0878,1038.0,5611.0,1.134,1.082,Transit,2023.0,175.713
TOI-139 b,TOI-139,2.4566,,11.07085,,561.17,4570.0,0.7007,0.69,Transit,2023.0,42.4061
Kepler-1621 b,Kepler-1621,2.16,,92.263714,0.4204,469.0,6158.0,1.24,1.15,Transit,2016.0,1631.66
Kepler-1478 b,Kepler-1478,1.73,,26.0840594,0.1681,598.0,5904.0,1.06,1.04,Transit,2016.0,1845.58
Kepler-203 c,Kepler-203,2.47,749.9,5.370647,0.061,1096.0,5821.0,1.114,1.06,Transit,2014.0,703.302
Kepler-221 b,Kepler-221,1.71,5.95575,2.795906,0.037,1090.0,5243.0,0.821,0.854,Transit,2014.0,385.231
NGTS-5 b,NGTS-5,12.733424,72.78307,3.3569866,0.0382,952.0,4987.0,0.739,0.661,Transit,2019.0,306.779
TIC 349520724 b,TIC 349520724,2.82626313,,7.94044635021,,,5098.6,0.818771,0.89,Transit,2026.0,241.105
Kepler-386 b,Kepler-386,1.39,,12.31043,0.096,651.0,5178.0,0.767,0.825,Transit,2014.0,882.462
Kepler-1502 b,Kepler-1502,3.18,,41.7083629,0.2482,608.0,6666.0,1.72,1.44,Transit,2016.0,1514.02
Qatar-9 b,Qatar-9,11.309881,378.2177,1.540731,0.0234,1134.0,4309.0,0.696,0.719,Transit,2019.0,213.771
Kepler-1591 b,Kepler-1591,1.27,,8.18504949,0.0794,892.0,6082.0,1.16,1.1,Transit,2016.0,1419.58
Kepler-160 c,Kepler-160,3.76,,13.699429,0.1192,771.0,5471.0,1.118,1.003,Transit,2014.0,937.013
Kepler-1057 b,Kepler-1057,3.36,,14.08827448,0.1138,724.0,5987.0,1.1,1.07,Transit,2016.0,1201.82
Kepler-115 b,Kepler-115,1.09,,2.403679,0.036,1489.0,5979.0,1.205,1.042,Transit,2014.0,623.609
Kepler-527 b,Kepler-527,2.84,,13.28535633,0.11646,1157.0,6388.0,1.45,1.28,Transit,2016.0,750.04
Kepler-1011 b,Kepler-1011,2.87,,5.753221974,0.0633,920.0,5416.0,0.88,0.91,Transit,2016.0,736.779
GJ 1061 c,GJ 1061,1.19,1.81,6.6821,0.0342,,2953.0,0.156,0.12,Radial Velocity,2020.0,3.67278
Kepler-1600 b,Kepler-1600,3.13,,386.370548,0.98141,209.0,5214.0,0.82,0.86,Transit,2016.0,1030.81
Kepler-49 c,Kepler-49,2.444,8.38,10.91,0.07821,443.0,4095.6,0.618,0.607,Transit,2012.0,311.222
KMT-2020-BLG-0414L b,KMT-2020-BLG-0414L,1.2,1.87,,2.07,,,,0.49,Microlensing,2021.0,1220.0
Kepler-717 b,Kepler-717,2.42,,4.40840023,0.052,1139.0,5485.0,0.85,0.88,Transit,2016.0,2805.48
Kepler-1566 b,Kepler-1566,0.79,,0.539915238,0.01198,1871.0,5254.0,0.81,0.84,Transit,2016.0,466.586
Kepler-1022 b,Kepler-1022,2.36,,10.99469878,0.0805,512.0,4445.0,0.68,0.71,Transit,2016.0,420.042
HD 75784 b,HD 75784,13.8,,341.2,1.032,,4867.0,3.4,1.26,Radial Velocity,2014.0,85.4321
Kepler-1321 d,Kepler-1321,2.62843782,,5.720920086,0.0501,509.0,3640.0,0.503,0.513,Transit,2021.0,769.146
Kepler-1340 b,Kepler-1340,1.55,,0.665026916,0.01523,2174.0,6331.0,1.42,1.27,Transit,2016.0,981.779
Kepler-411 d,Kepler-411,3.319,15.2,58.02035,0.279,410.0,4974.0,0.82,0.87,Transit,2018.0,153.676
Kepler-411 c,Kepler-411,4.421,26.4,7.834435,0.0739,838.0,4974.0,0.82,0.87,Transit,2016.0,153.676
Kepler-742 b,Kepler-742,3.24,,8.360868238,0.0744,690.0,4642.0,0.71,0.76,Transit,2016.0,489.253
Kepler-936 b,Kepler-936,1.45,,10.56134221,0.0954,867.0,5482.0,0.89,0.92,Transit,2016.0,823.399
K2-295 b,K2-295,10.054473,106.47305,4.024867,0.0451,852.0,4444.0,0.7,0.74,Transit,2018.0,232.801
Kepler-748 b,Kepler-748,2.52,,7.40742793,0.0745,938.0,5934.0,1.1,1.07,Transit,2016.0,1705.99
TOI-2459 b,TOI-2459,2.9531,,19.104718,,445.01,4195.0,0.6751,0.66,Transit,2023.0,36.6113
HATS-18 b,HATS-18,14.896761,629.144485,0.83784,0.0174,2069.48,5600.0,1.02,1.037,Transit,2016.0,624.368
Kepler-1349 b,Kepler-1349,0.7,,2.12823928,0.03421,1668.0,6086.0,1.28,1.16,Transit,2016.0,276.323
Kepler-1627 b,Kepler-1627,3.69,,7.20283653,0.0643,794.0,5445.0,0.84,0.87,Transit,2016.0,317.437
Kepler-394 d,Kepler-394,1.50066814,,5.613580227,0.05904,1165.0,6398.0,1.101,1.141,Transit,2021.0,1058.72
Kepler-1601 b,Kepler-1601,0.82,,2.20921951,0.03281,1507.0,5869.0,1.07,1.04,Transit,2016.0,644.456
Kepler-1751 b,Kepler-1751,1.82417378,,7.017310143,0.0712,984.0,6052.0,0.967,0.974,Transit,2021.0,1291.47
K2-133 e,K2-133,1.73,,26.5841,0.1346,296.0,3655.0,0.455,0.461,Transit,2019.0,75.1703
K2-308 b,K2-308,9.916,,3.38628,,1213.76,6100.0,1.24,1.09,Transit,2019.0,1314.53
DS Tuc A b,DS Tuc A,5.7,413.179,8.138268,,850.0,5428.0,0.964,1.01,Transit,2019.0,44.0622
Kepler-283 c,Kepler-283,1.82,,92.743711,0.341,240.0,4351.0,0.566,0.596,Transit,2014.0,468.094
Kepler-1086 b,Kepler-1086,2.44,,18.78425728,0.1198,433.0,4350.0,0.66,0.7,Transit,2016.0,466.084
Kepler-25 c,Kepler-25,5.217,15.2,12.7207,0.1117,934.0,6354.0,1.316,1.165,Transit,2011.0,243.249
Kepler-1023 b,Kepler-1023,2.63,,62.1387714,0.30284,524.0,5494.0,0.89,0.93,Transit,2016.0,694.175
Kepler-1497 b,Kepler-1497,1.66,,8.74199772,0.0817,924.0,5675.0,0.95,0.96,Transit,2016.0,1122.0
Kepler-981 b,Kepler-981,2.31,,4.469757736,0.0535,1103.0,5718.0,0.96,0.98,Transit,2016.0,878.082
K2-3 d,K2-3,1.458,2.2,44.55603,0.2014,305.2,3844.0,0.546,0.549,Transit,2015.0,44.0727
TOI-411 c,HD 22946,2.328,9.72,9.573083,0.1017,931.0,6169.0,1.117,1.098,Transit,2022.0,62.7792
Kepler-436 c,Kepler-436,2.33,,16.79713874,0.11452,503.0,4685.0,0.71,0.75,Transit,2016.0,588.867
HD 175167 b,HD 175167,12.3,4703.8604236,1175.0,2.4,,5635.0,1.75,1.09,Radial Velocity,2009.0,71.0863
HD 74698 b,HD 74698,5.12,,15.017,0.121,,5783.0,1.333,1.039,Radial Velocity,2023.0,52.0648
TOI-1680 b,TOI-1680,1.466,,4.8026345,0.03144,404.0,3225.0,0.2106,0.1798,Transit,2023.0,37.2209
Kepler-1743 b,Kepler-1743,1.59887007,,7.649710178,0.084,1144.0,5855.0,1.613,1.266,Transit,2021.0,538.807
K2-173 b,K2-173,1.60826194,,5.868699,,,5580.0,0.843154,0.881538,Transit,2018.0,228.641
WASP-181 b,WASP-181,13.271456,95.03117,4.5195064,0.05427,1186.0,5839.0,0.965,1.04,Transit,2019.0,437.495
Kepler-583 b,Kepler-583,2.28,,6.5100253,0.0689,1017.0,5523.0,0.91,0.94,Transit,2016.0,867.271
Kepler-1770 b,Kepler-1770,2.84141754,,16.84189987,0.1261,699.0,5602.0,1.009,0.941,Transit,2021.0,582.942
Kepler-987 b,Kepler-987,3.26,,105.3033148,0.4238,351.0,5637.0,0.91,0.97,Transit,2016.0,914.126
Kepler-385 d,Kepler-385,2.6186448,,56.4159,0.2872,535.0,5829.0,1.157,1.05,Transit,2020.0,1432.61
WASP-84 c,WASP-84,1.95,15.2,1.4468849,0.02359,1329.0,5280.0,0.768,0.853,Transit,2023.0,100.588
Kepler-1201 b,Kepler-1201,2.29,,15.18725932,0.1183,789.0,6177.0,1.24,1.15,Transit,2016.0,944.241
Kepler-1540 b,Kepler-1540,2.49,,125.4131177,0.4426,266.0,4540.0,0.69,0.74,Transit,2016.0,244.96
HAT-P-70 b,HAT-P-70,20.96083,2154.8874,2.74432452,0.04739,2562.0,8450.0,1.858,1.89,Transit,2019.0,330.739
Kepler-176 c,Kepler-176,2.6,1.33,12.759712,0.102,633.0,5232.0,0.891,0.86,Transit,2014.0,527.321
HD 96700 c,HD 96700,1.69,,19.88,0.141,,5845.0,1.16,0.89,Radial Velocity,2021.0,25.4111
Kepler-1568 b,Kepler-1568,1.3,,20.925392,0.15157,729.0,5956.0,1.19,1.09,Transit,2016.0,916.313
HATS-58 A b,HATS-58 A,12.273855,327.3649,4.2180896,0.05798,1721.0,7175.0,1.433,1.461,Transit,2019.0,403.591
WASP-169 b,WASP-169,14.616536,178.30263,5.6114118,0.0681,1604.0,6110.0,2.011,1.337,Transit,2019.0,627.066
K2-147 b,K2-147,1.47286006,,0.961939,0.01575,1077.0,3690.0,0.578,0.563,Transit,2018.0,90.5494
Kepler-247 d,Kepler-247,3.94,,20.477912,0.14,530.0,5100.0,0.768,0.887,Transit,2014.0,663.711
Kepler-1552 b,Kepler-1552,2.47,,184.771853,0.6011,268.0,5202.0,0.78,0.85,Transit,2016.0,769.096
K2-3 c,K2-3,1.582,2.68,24.646729,0.1357,371.8,3844.0,0.546,0.549,Transit,2015.0,44.0727
K2-3 b,K2-3,2.078,5.11,10.0546535,0.0747,501.3,3844.0,0.546,0.549,Transit,2015.0,44.0727
HIP 81208 C b,HIP 81208 C,12.3,4703.8604236,104100.0,23.04,2050.0,,,0.135,Imaging,2023.0,147.533
LkCa 15 c,LkCa 15,,,,18.6,,4194.0,1.60711,,Imaging,2015.0,158.152
Kepler-1542 c,Kepler-1542,0.65,,2.89223021,0.0387,1287.0,5564.0,0.99,0.94,Transit,2016.0,399.114
HD 30856 b,HD 30856,13.5,,847.0,1.85,,4895.0,4.4,1.17,Radial Velocity,2011.0,131.199
Kepler-173 c,Kepler-173,2.43,,8.005777,0.074,956.0,6031.0,0.949,1.067,Transit,2014.0,833.165
TOI-163 b,TOI-163,16.690201,387.7526,4.231306,0.058,1669.0,6495.0,1.648,1.4352,Transit,2019.0,411.719
Kepler-1445 b,Kepler-1445,0.96,,10.60052251,0.09587,987.0,6150.0,1.26,1.13,Transit,2016.0,506.357
Kepler-1095 b,Kepler-1095,1.21,,4.27103091,0.0514,1108.0,5658.0,0.92,0.94,Transit,2016.0,792.522
Kepler-1123 b,Kepler-1123,1.67,,4.33946454,0.0497,1061.0,5500.0,0.9,0.93,Transit,2016.0,704.323
NGTS-8 b,NGTS-8,12.21781,295.5819,2.4997,0.035,1345.0,5241.0,0.98,0.89,Transit,2019.0,428.976
TOI-2084 b,TOI-2084,2.47,,6.0784247,0.05006,527.0,3551.0,0.475,0.453,Transit,2023.0,114.549
Kepler-1371 c,Kepler-1371,0.64,,2.00541269,0.02937,1216.0,5361.0,0.83,0.87,Transit,2016.0,515.334
TOI-411 b,HD 22946,1.362,13.71,4.040295,0.05727,1241.0,6169.0,1.117,1.098,Transit,2022.0,62.7792
HD 219134 c,HD 219134,1.511,4.36,6.76458,0.0653,782.0,4699.0,0.778,0.81,Radial Velocity,2015.0,6.53127
HD 219134 f,HD 219134,1.31,7.3,22.717,0.1463,522.6,4699.0,0.778,0.81,Radial Velocity,2015.0,6.53127
HD 219134 h,HD 219134,12.7,,2247.0,3.11,,4913.0,0.77,0.794,Radial Velocity,2015.0,6.53127
Kepler-1877 b,Kepler-1877,0.624086,,2.377569914,0.03472,1278.0,5615.0,0.936,1.022,Transit,2021.0,285.312
Kepler-331 c,Kepler-331,1.84,,17.28111,0.105,425.0,4347.0,0.492,0.653,Transit,2014.0,580.119
Kepler-543 b,Kepler-543,2.5,,13.89961966,0.1023,521.0,4671.0,0.67,0.7,Transit,2016.0,221.802
HD 150010 b,HD 150010,13.3,,562.0,1.4,,4153.0,16.2,1.3,Radial Velocity,2022.0,144.49
Kepler-1105 b,Kepler-1105,2.01,,4.421572182,0.0471,729.0,4299.0,0.68,0.71,Transit,2016.0,318.004
Kepler-1311 b,Kepler-1311,1.24,,11.1726994,0.10082,1019.0,5748.0,1.4,1.05,Transit,2016.0,866.331
K2-58 c,K2-58,1.62,,2.53726,0.035,,5413.0,0.86,0.89,Transit,2016.0,181.746
Kepler-1449 b,Kepler-1449,1.68,,13.2274528,0.1176,867.0,5979.0,1.1,1.08,Transit,2016.0,2006.48
HD 38801 b,HD 38801,12.5,,685.25,1.623,,5338.0,2.029,1.207,Radial Velocity,2009.0,91.4349
Kepler-389 c,Kepler-389,1.46,,14.51143,0.11,636.0,5376.0,0.792,0.765,Transit,2014.0,816.559
Kepler-147 c,Kepler-147,2.43,,33.416423,0.216,689.0,6012.0,1.468,1.145,Transit,2014.0,1042.02
GJ 1265 b,GJ 1265,2.63,,3.6511,0.026,,3236.0,0.192,0.178,Radial Velocity,2018.0,10.2525
Kepler-604 b,Kepler-604,2.59,,25.85501786,0.1735,637.0,5890.0,1.03,1.02,Transit,2016.0,1026.49
TOI-2000 b,TOI-2000,2.7,11.0,3.09833,0.04271,1488.0,5611.0,1.134,1.082,Transit,2023.0,175.713
HD 62364 b,HD 62364,12.1,5965.63919939,5138.0,6.15,,6255.0,1.401,1.157,Radial Velocity,2022.0,53.112
BD-210397 b,BD-210397,14.0,,1891.0,2.63,,4051.0,0.747,0.679,Radial Velocity,2023.0,23.7324
Kepler-92 c,Kepler-92,2.6,6.1,26.723,0.19054,781.0,5883.0,1.7,1.21,Transit,2013.0,477.992
Kepler-1635 b,Kepler-1635,3.64,,469.63111,1.12664,200.0,5347.0,0.85,0.89,Transit,2016.0,1069.45
Kepler-667 b,Kepler-667,4.73,,41.43962808,0.2288,516.0,5327.0,0.87,0.91,Transit,2016.0,2302.45
Kepler-1709 b,Kepler-1709,3.12424875,,65.70459747,0.32704,472.0,5918.0,1.043,1.003,Transit,2021.0,273.946
K2-158 c,K2-158,1.28,,5.90279,0.0622,948.0,5503.0,0.95,0.92,Transit,2018.0,197.299
HD 135625 b,HD 135625,13.3,731.0053361,4055.0,5.4,,6040.64,1.35743,1.28,Radial Velocity,2023.0,56.518
HD 108202 b,HD 108202,13.1,953.485221,2990.0,3.7,,4556.03,0.66355,0.74,Radial Velocity,2023.0,38.6846
HD 185283 b,HD 185283,13.6,413.1769291,4060.0,4.6,,4848.0,0.743303,0.8,Radial Velocity,2023.0,31.395
Kepler-167 b,Kepler-167,1.718,,4.3931539,0.04825,918.0,4884.0,0.749,0.777,Transit,2014.0,341.908
Kepler-127 c,Kepler-127,2.66,,29.393195,0.2,698.0,6106.0,1.359,1.248,Transit,2014.0,352.794
Kepler-111 c,Kepler-111,7.0840758,222.4798849,224.77833,0.751,352.2,5914.0,1.145,1.118,Transit,2014.0,657.223
Kepler-890 b,Kepler-890,8.89,,52.75875577,0.2944,540.0,5954.0,1.13,1.09,Transit,2016.0,1712.12
HIP 41378 e,HIP 41378,4.92,12.0,369.0,,335.0,6320.0,1.273,1.16,Transit,2016.0,106.289
WD 1856+534 b,WD 1856+534,10.4,4386.054,1.4079405,0.0204,163.0,4710.0,0.0131,0.518,Transit,2020.0,24.7359
Kepler-175 b,Kepler-175,2.56,,11.903515,0.105,827.0,6064.0,1.01,0.969,Transit,2014.0,1312.34
WASP-175 b,WASP-175,13.540472,314.6517,3.0652907,0.04403,1571.0,6229.0,1.204,1.212,Transit,2019.0,539.36
WASP-182 b,WASP-182,9.52765,47.03884,3.3769848,0.0451,1479.0,5638.0,1.34,1.076,Transit,2019.0,327.602
Kepler-374 c,Kepler-374,1.1,,3.282807,0.042,1467.0,5977.0,0.911,1.033,Transit,2014.0,1265.61
K2-43 b,K2-43,4.51,,3.471149,0.03784,939.3,3840.6,0.542,0.571,Transit,2016.0,182.536
Kepler-557 b,Kepler-557,2.67,,3.705989551,0.0469,1281.0,6068.0,1.16,1.11,Transit,2016.0,2097.12
Kepler-1904 b,Kepler-1904,1.3904994,,4.577020168,0.0436,567.0,3805.0,0.497,0.526,Transit,2021.0,270.854
HATS-47 b,HATS-47,12.520453,117.27927,3.9228038,0.04269,852.9,4512.0,0.6564,0.674,Transit,2020.0,300.67
Kepler-186 e,Kepler-186,1.27,,22.407704,0.11,319.0,3788.0,0.472,0.478,Transit,2014.0,177.594
Kepler-1902 b,Kepler-1902,1.17563613,,3.822220087,0.0385,601.0,3729.0,0.514,0.52,Transit,2021.0,344.337
Kepler-747 b,Kepler-747,5.27,,35.61760587,0.1916,456.0,5096.0,0.78,0.82,Transit,2016.0,3347.16
DH Tau b,DH Tau,30.2643,3496.0,,330.0,2200.0,4371.0,0.27,0.33,Imaging,2004.0,134.846
TOI-1052 b,TOI-1052,2.87,16.9,9.139703,0.09103,1135.0,6146.0,1.264,1.204,Transit,2023.0,129.804
GJ 3998 d,GJ 3998,2.34,,41.78,0.189,,3726.0,0.5,0.52,Radial Velocity,2025.0,18.1459
HIP 5763 b,HIP 5763,14.2,,30.014,0.17,,4352.0,0.750378,0.72,Radial Velocity,2021.0,31.9043
Kepler-1044 b,Kepler-1044,2.67,,6.77408868,0.0741,1058.0,5985.0,1.11,1.08,Transit,2016.0,1278.96
HATS-48 A b,HATS-48 A,8.9672,77.23269,3.1316666,0.03769,954.6,4546.0,0.7152,0.7279,Transit,2020.0,263.609
HATS-49 b,HATS-49,8.574885,112.19399,4.1480467,0.04515,834.8,4405.0,0.6977,0.7133,Transit,2020.0,324.413
HATS-72 b,HATS-72,8.0973816,39.855882,7.3279474,0.066517,739.3,4656.1,0.7214,0.7311,Transit,2020.0,127.589
Kepler-316 b,Kepler-316,1.06,,2.240508,0.027,837.0,4204.0,0.52,0.587,Transit,2014.0,384.938
Kepler-1085 c,Kepler-1085,3.26817741,,56.7771,0.29798,491.0,5816.0,1.0783,1.05,Transit,2020.0,1364.53
Kepler-1585 b,Kepler-1585,1.79,,3.5827463,0.0445,1064.0,5538.0,0.91,0.94,Transit,2016.0,944.465
Kepler-1856 b,Kepler-1856,1.73447868,,1.302000046,0.0215,1344.0,4948.0,0.816,0.782,Transit,2021.0,848.76
Kepler-116 b,Kepler-116,3.42,,5.968734,0.069,1251.0,6142.0,1.454,1.198,Transit,2014.0,955.168
Kepler-1958 b,Kepler-1958,2.05124311,,9.328619957,0.0856,806.0,5749.0,0.864,0.961,Transit,2021.0,1320.38
TOI-169 b,TOI-169,12.172974,251.40353,2.2554477,0.03524,1715.0,5880.0,1.288,1.147,Transit,2020.0,407.84
HD 12648 b,HD 12648,13.4,,133.60001,0.54,,4835.0,11.02,0.67,Radial Velocity,2015.0,182.192
Kepler-1301 b,Kepler-1301,1.4,,9.08237046,0.0815,734.0,5188.0,0.81,0.85,Transit,2016.0,854.28
HD 112300 b,HD 112300,12.2,,466.63,1.33,,3657.0,65.8,1.4,Radial Velocity,2023.0,62.07324
HD 36384 b,HD 36384,12.7,,490.0,1.3,,3940.0,38.4,1.14,Radial Velocity,2023.0,209.309
HD 216437 b,HD 216437,13.0,1334.8793094,1359.0,2.57,,5909.0,1.394,1.22,Radial Velocity,2002.0,26.6902
HD 28254 b,HD 28254,13.0,1207.7479466,1333.0,2.45,,5664.0,1.48,1.1,Radial Velocity,2010.0,55.2884
Kepler-1695 b,Kepler-1695,1.11948901,,4.7329,0.0529,957.0,5473.19,0.987155,0.96,Transit,2020.0,791.175
NGTS-9 b,NGTS-9,11.99363,921.707,4.43527,0.058,1448.0,6330.0,1.38,1.34,Transit,2019.0,609.128
Qatar-6 b,Qatar-6,11.903958,212.31044,3.506195,0.0423,1006.0,5052.0,0.722,0.822,Transit,2017.0,100.848
HD 213885 b,HD 213885,1.745,8.83,1.008035,0.02012,2128.0,5978.0,1.1011,1.068,Transit,2019.0,48.0883
Kepler-1103 b,Kepler-1103,2.27,,19.79191978,0.15336,736.0,6092.0,1.15,1.11,Transit,2016.0,1331.92
NGTS-11 b,NGTS-11,9.157753,109.33352,35.45533,0.201,435.0,5050.0,0.832,0.862,Transit,2020.0,190.422
CoRoT-10 b,CoRoT-10,10.87,874.0,13.2406,0.1055,600.0,5075.0,0.79,0.89,Transit,2010.0,338.386
TOI-4201 b,TOI-4201,13.67495645,788.21444936,3.5819194,0.04,725.0,3794.0,0.63,0.61,Transit,2023.0,189.011
LHS 475 b,LHS 475,0.991,,2.029088,0.02037,586.0,3300.0,0.2789,0.262,Transit,2023.0,12.4814
GJ 367 c,GJ 367,1.86,,11.5301,,,3522.0,0.458,0.455,Radial Velocity,2023.0,9.41263
TOI-2095 c,TOI-2095,1.33,7.4,28.17232,0.137,297.0,3759.0,0.44,0.44,Transit,2023.0,41.9176
HD 44219 b,HD 44219,14.1,184.34047606,472.0,1.26,,5752.0,1.32,1.2,Radial Velocity,2010.0,52.9051
HIP 70849 b,HIP 70849,12.9,1430.2278315,3649.0,3.99,,4105.0,0.633112,0.65,Radial Velocity,2009.0,24.0572
HD 158259 b,HD 158259,1.28228,,2.178,,1462.0,5801.89,1.21,1.08,Radial Velocity,2020.0,27.0498
HD 158259 d,HD 158259,2.18,,5.1980814,,,5801.89,1.21,1.08,Radial Velocity,2020.0,27.0498
Kepler-184 b,Kepler-184,2.36,,10.687576,0.092,780.0,5788.0,0.873,0.872,Transit,2014.0,610.326
GJ 317 c,GJ 317,13.6,,6500.0,5.04,,3496.0,0.403,0.402,Radial Velocity,2016.0,15.1968
HD 99706 c,HD 99706,12.8,,1278.0,,,4891.0,5.4,1.72,Radial Velocity,2016.0,146.6
HD 158259 e,HD 158259,2.34,,7.951,,,5801.89,1.21,1.08,Radial Velocity,2020.0,27.0498
HD 158259 f,HD 158259,2.35,,12.028,,,5801.89,1.21,1.08,Radial Velocity,2020.0,27.0498
Kepler-1112 b,Kepler-1112,3.02,,14.36267939,0.1239,918.0,6496.0,1.54,1.34,Transit,2016.0,1671.28
Kepler-345 c,Kepler-345,1.2,2.2,9.387427,0.077,575.0,4504.0,0.623,0.61,Transit,2014.0,260.0
HD 99492 b,HD 99492,5.44,,17.0503,0.12,,4929.0,0.822539,0.85,Radial Velocity,2004.0,18.2038
HIP 65 A b,HIP 65 A,22.75427,1021.18779,0.9809734,0.01782,1411.0,4590.0,0.7242,0.781,Transit,2020.0,61.7856
GJ 832 b,GJ 832,13.8,314.65012293,3853.0,3.7,,3472.0,0.441557,0.45,Radial Velocity,2008.0,4.96435
HIP 54597 b,HIP 54597,13.3,762.7881768,3274.0,4.0,,4799.0,0.66,0.8,Radial Velocity,2023.0,39.7429
HD 73256 c,HD 73256,12.2,5085.254512,2690.0,3.8,,5570.0,0.944723,1.0,Radial Velocity,2023.0,36.708
HD 190007 b,HD 190007,4.06,,11.724128,0.092,,4610.0,0.79,0.77,Radial Velocity,2020.0,12.7141
HD 99492 c,HD 99492,4.42,,95.233,,,4929.0,0.822539,0.85,Radial Velocity,2023.0,18.2038
KMT-2020-BLG-0202L b,KMT-2020-BLG-0202L,12.4,3902.93283796,,4.17,,,,0.81,Microlensing,2026.0,3840.0
KMT-2023-BLG-0466L b,KMT-2023-BLG-0466L,13.1,1032.94232275,,2.68,,,,0.44,Microlensing,2026.0,6800.0
Kepler-1820 b,Kepler-1820,3.11883067,,31.03249931,0.1964,561.0,5841.0,0.931,1.047,Transit,2021.0,1425.39
Kepler-993 b,Kepler-993,2.97,,22.08557563,0.13,352.0,3843.0,0.54,0.57,Transit,2016.0,324.423
Kepler-261 c,Kepler-261,2.0,,24.570858,0.156,505.0,5098.0,0.794,0.834,Transit,2014.0,317.499
Kepler-1560 b,Kepler-1560,0.89,,3.03195744,0.04175,1269.0,5815.0,1.02,1.02,Transit,2016.0,502.497
HD 213885 c,HD 213885,4.71,,4.78503,0.056798,1265.4,5978.0,1.1011,1.068,Radial Velocity,2019.0,48.0883
WASP-126 b,WASP-126,10.51358773,90.3,3.28883,0.0449,1480.0,5800.0,1.27,1.12,Transit,2016.0,216.526
XO-7 b,XO-7,15.389957,225.34147,2.8641424,0.04421,1743.0,6250.0,1.48,1.405,Transit,2019.0,234.149
WASP-176 b,WASP-176,16.869545,271.74465,3.899052,0.0535,1721.0,5941.0,1.925,1.345,Transit,2020.0,568.42
Kepler-233 c,Kepler-233,2.71,,60.418955,0.287,390.0,5360.0,0.758,0.855,Transit,2014.0,856.417
Kepler-218 d,Kepler-218,2.66,,124.5244647,0.49884,356.0,5542.0,1.02,1.01,Transit,2016.0,656.38
TOI-5486 b,TOI-5486,3.96824928,,2.02470073205,,752.0,3750.17,0.553216,0.548138,Transit,2026.0,89.6811
Kepler-1360 b,Kepler-1360,3.4,,40.5286413,0.2866,933.0,6778.0,1.83,1.51,Transit,2016.0,1516.27
EPIC 220554210 c,K2-282,1.6,,0.70531,,,5499.0,1.0,0.94,Transit,2019.0,496.289
Kepler-270 b,Kepler-270,2.01,,11.476094,0.107,984.0,6067.0,1.461,1.17,Transit,2014.0,948.781
Kepler-215 d,Kepler-215,2.39,23.6,30.864423,0.185,527.0,5739.0,1.027,0.788,Transit,2014.0,485.997
Kepler-1867 b,Kepler-1867,1.15985997,,9.887359619,0.0872,768.0,5693.0,0.816,0.911,Transit,2021.0,680.583
HD 20782 b,HD 20782,13.6,,597.0643,1.3649,,5782.13,1.12681,1.04,Radial Velocity,2006.0,35.9864
Kepler-48 b,Kepler-48,1.88,3.94,4.778,0.05394,932.0,5194.0,0.89,0.88,Transit,2012.0,306.738
Kepler-1380 b,Kepler-1380,1.43,,10.3108245,0.0917,786.0,5570.0,0.94,0.96,Transit,2016.0,2462.94
Kepler-693 b,Kepler-693,10.18,,15.37563332,0.1121,600.0,4881.0,0.72,0.76,Transit,2016.0,1151.51
K2-54 b,K2-54,2.6116925,,9.7833,0.0761,560.0,3990.0,0.643,0.615,Transit,2016.0,174.955
eps Tau b,eps Tau,12.7,,585.82,1.878,,4877.0,12.35,2.57,Radial Velocity,2006.0,47.52852
81 Cet b,81 Cet,13.1,,1005.57,2.104,,4734.0,11.21,1.23,Radial Velocity,2008.0,101.26
Kepler-1416 b,Kepler-1416,0.88,,1.49514952,0.0257,1870.0,6019.0,1.15,1.09,Transit,2016.0,949.59
Kepler-292 e,Kepler-292,2.67,,11.97901,0.097,678.0,5299.0,0.826,0.865,Transit,2014.0,1056.48
Kepler-653 b,Kepler-653,1.95,,14.70748976,0.11945,819.0,5665.0,1.19,1.02,Transit,2016.0,595.634
WASP-187 b,WASP-187,18.38276,254.264,5.147878,0.0653,1760.0,6150.0,2.83,1.54,Transit,2020.0,371.414
XO-2 S d,XO-2 S,13.0,,4696.0,5.46,,5325.0,1.02,0.98,Radial Velocity,2024.0,151.398
TOI-540 b,TOI-540,0.903,,1.2391491,0.01223,611.0,3216.0,0.1895,0.159,Transit,2020.0,14.0022
nu Oph b,nu Oph,12.0,7057.73298,529.93,1.765,,4887.0,12.24,2.61,Radial Velocity,2012.0,46.2107
HD 5608 b,HD 5608,13.7,,768.7,1.79,,4807.0,5.43,1.29,Radial Velocity,2012.0,58.1105
Kepler-1485 b,Kepler-1485,1.47,,19.9157725,0.14732,728.0,6087.0,1.12,1.11,Transit,2016.0,615.66
Kepler-1134 b,Kepler-1134,2.64,,17.13263989,0.1242,611.0,5281.0,0.81,0.84,Transit,2016.0,944.445
HD 173416 b,HD 173416,13.4,,322.03,1.158,,4683.0,13.5,2.0,Radial Velocity,2008.0,132.184
HD 210702 b,HD 210702,13.6,,355.5,1.079,,4912.0,4.54,1.33,Radial Velocity,2007.0,54.1963
HD 202206 c,HD 202206,12.2,5689.157,1260.0,2.41,,5766.0,1.04,1.07,Radial Velocity,2004.0,45.9665
Kepler-769 c,Kepler-769,1.79,,15.9870174,0.1297,803.0,6186.0,1.28,1.19,Transit,2016.0,1169.57
Kepler-1900 b,Kepler-1900,1.62314676,,2.986229897,0.042,1356.0,6173.0,1.041,1.104,Transit,2021.0,1540.43
Kepler-1466 b,Kepler-1466,1.55,,31.1750448,0.17981,585.0,5884.0,1.02,1.01,Transit,2016.0,631.949
TOI-251 b,TOI-251,2.74,317.83,4.93777,0.05741,1041.19,5875.0,0.881,1.036,Transit,2021.0,99.523
K2-124 b,K2-124,2.9,,6.413651,0.049,442.0,3570.0,0.388,0.39,Transit,2017.0,140.385
Kepler-322 b,Kepler-322,1.01,,1.653888,0.027,1373.0,5388.0,0.89,0.908,Transit,2014.0,400.48
Kepler-1317 b,Kepler-1317,1.56,,0.568874427,0.0128,1796.0,5144.0,0.79,0.83,Transit,2016.0,728.303
Kepler-1673 b,Kepler-1673,2.9355194,,33.7888,0.21363,611.0,6014.95,1.13166,1.11,Transit,2020.0,727.187
Kepler-740 b,Kepler-740,4.57,,3.584101216,0.0462,1131.0,5438.0,0.87,0.91,Transit,2016.0,1442.02
EPIC 201754305 d,K2-16,1.03,,2.71578,,,4761.0,0.544,0.67,Transit,2019.0,334.967
xi Aql b,xi Aql,13.4,,136.97,0.625,,4841.0,10.86,1.74,Radial Velocity,2007.0,56.1858
TOI-954 b,TOI-954,9.550068,55.30242,3.6849729,0.04963,1526.0,5710.0,1.892,1.201,Transit,2020.0,238.768
Kepler-567 b,Kepler-567,2.25,,16.54297375,0.1229,611.0,5148.0,0.79,0.84,Transit,2016.0,558.81
11 Com b,11 Com,12.2,,323.21,1.178,,4874.0,13.76,2.09,Radial Velocity,2007.0,93.1846
HD 180314 b,HD 180314,12.0,,394.73,1.448,,4917.0,9.2,2.6,Radial Velocity,2010.0,122.362
18 Del b,18 Del,12.5,,982.85,2.476,,4980.0,8.8,2.1,Radial Velocity,2008.0,76.222
LHS 1903 d,LHS 1903,2.5,5.96,12.566287,0.08604,442.0,3664.0,0.539,0.538,Transit,2026.0,35.6917
Kepler-888 b,Kepler-888,1.76,,70.6979061,0.31481,417.0,5875.0,0.9,0.97,Transit,2016.0,420.817
4 UMa b,4 UMa,12.6,,270.27,0.877,,4415.0,18.11,1.234,Radial Velocity,2006.0,73.4603
6 Lyn b,6 Lyn,13.4,,919.86,2.028,,4941.0,4.94,1.32,Radial Velocity,2008.0,54.6599
HIP 19976 b,HIP 19976,4.94,,50.65905,0.234,,4316.0,0.772319,0.67,Radial Velocity,2022.0,40.2707
HD 89744 b,HD 89744,12.6,,256.78,0.917,,6291.0,2.13257,1.86,Radial Velocity,1999.0,38.6364
Kepler-648 b,Kepler-648,3.22,,17.4211749,0.13324,674.0,5741.0,0.98,1.05,Transit,2016.0,636.03
Kepler-1744 b,Kepler-1744,3.76754004,,37.10110092,0.20945,532.0,5986.0,0.85,0.886,Transit,2021.0,1091.63
HIP 12961 b,HIP 12961,13.2,,57.435,0.25,,3901.0,0.65,0.69,Radial Velocity,2010.0,23.371
HD 141004 b,HD 141004,3.77,,15.5083,0.1238,,5885.38,1.389372,1.051904,Radial Velocity,2021.0,11.8148
HD 189567 c,HD 189567,2.54,,33.688,0.197,,5726.0,1.04,0.83,Radial Velocity,2021.0,17.9055
BD+37 3172 b,BD+37 3172,12.4,,1887.76,4.65,,4500.0,50.24,3.75,Radial Velocity,2023.0,454.251
Kepler-95 b,Kepler-95,3.42,13.0,11.5231,0.10232,927.0,5699.0,1.41,1.08,Transit,2014.0,445.656
Kepler-1670 b,Kepler-1670,3.3564801,,20.4998,0.1528,731.0,5838.0,1.51889,1.05,Transit,2020.0,2065.98
Kepler-1308 b,Kepler-1308,0.52,,2.104338119,0.025,662.0,3468.0,0.34,0.35,Transit,2016.0,112.705
Kepler-404 c,Kepler-404,1.72,,14.751166,0.118,678.0,5654.0,0.884,0.86,Transit,2014.0,812.524
HD 120084 b,HD 120084,12.7,2034.1018048,2142.0,4.21,,4879.0,10.37,2.16,Radial Velocity,2013.0,103.044
HD 14067 b,HD 14067,12.2,4862.7746271,2744.0,5.15,,4815.0,12.4,2.4,Radial Velocity,2014.0,142.024
HD 208897 b,HD 208897,13.7,,358.27,1.063,,4860.0,4.98,1.25,Radial Velocity,2017.0,67.4872
Kepler-1400 b,Kepler-1400,1.62,,9.06689421,0.0771,725.0,5044.0,0.78,0.83,Transit,2016.0,752.237
HD 96992 b,HD 96992,13.7,,514.0,1.24,,4725.0,7.43,0.96,Radial Velocity,2021.0,396.082
Kepler-326 d,Kepler-326,1.21,6.9,6.766888,0.066,781.0,5105.0,0.801,0.91,Transit,2014.0,487.675
TOI-712 b,TOI-712,2.049,,9.531361,0.07928,650.0,4622.0,0.674,0.732,Transit,2022.0,58.6212
TOI-712 d,TOI-712,2.474,,84.8396,0.3405,313.6,4622.0,0.674,0.732,Transit,2022.0,58.6212
Kepler-1514 b,Kepler-1514,12.419572,1678.1424,217.83184,0.753,387.9,6145.0,1.289,1.196,Transit,2016.0,397.292
V2376 Ori b,V2376 Ori,87.20586985,6356.56814,,71.0,2100.0,,,0.45,Imaging,2025.0,
Kepler-129 c,Kepler-129,2.52,43.0,82.2,0.39,525.0,5770.0,1.653,1.178,Transit,2014.0,408.845
TOI-905 b,TOI-905,13.125739,211.99261,3.739494,0.04666,1192.0,5570.0,0.918,0.968,Transit,2020.0,158.649
K2-73 c,K2-73,13.0,,1000.0,,186.1,5867.0,1.058,1.02,Radial Velocity,2025.0,269.183
Kepler-1795 b,Kepler-1795,1.66301611,,13.36019993,0.1002,520.0,4500.0,0.688,0.768,Transit,2021.0,
TIC 237913194 b,TIC 237913194,12.520453,617.22586,15.168865,0.1207,974.0,5788.0,1.088,1.026,Transit,2020.0,306.063
Kepler-512 b,Kepler-512,2.69,,34.43587975,0.21395,652.0,5997.0,1.3,1.17,Transit,2016.0,467.375
NGTS-13 b,NGTS-13,12.800678,1538.2972,4.119027,0.0549,1605.0,5819.0,1.788,1.3,Transit,2021.0,647.595
HD 72490 b,HD 72490,13.5,,858.0,1.88,,4934.0,4.96,1.21,Radial Velocity,2018.0,126.339
Kepler-1468 d,Kepler-1468,3.33187146,,19.59059906,0.1456,819.0,5794.0,1.496,1.072,Transit,2021.0,1899.24
HD 75898 b,HD 75898,13.2,,422.82,1.2025,,6122.0,1.55,1.295,Radial Velocity,2007.0,78.0505
Kepler-1459 b,Kepler-1459,1.36,,62.8691611,0.2829,349.0,4828.0,0.74,0.78,Transit,2016.0,455.479
Kepler-1769 b,Kepler-1769,4.465,,89.1934967,0.40598,483.0,6071.0,1.295,1.061,Transit,2021.0,438.412
gam Lib c,gam Lib,12.8,,966.49,2.318,,4879.0,12.38,1.78,Radial Velocity,2018.0,47.4017
24 Boo b,24 Boo,13.9,,30.33,0.194,,4816.0,12.19,1.05,Radial Velocity,2018.0,95.9863
KOI-351 f,KOI-351,2.88,,124.9144,0.48,407.0,6080.0,1.2,1.2,Transit,2013.0,848.254
Kepler-1615 b,Kepler-1615,2.06,,47.3126192,0.2788,658.0,5865.0,1.05,1.04,Transit,2016.0,1393.83
TOI-1238 b,TOI-1238,1.21,3.76,0.764597,0.0139,1133.0,4089.0,0.58,0.59,Transit,2022.0,70.7145
HD 47366 b,HD 47366,13.4,,360.08,1.207,,4866.0,7.3,1.81,Radial Velocity,2016.0,84.3552
HD 47366 c,HD 47366,13.5,,677.53,1.84,,4866.0,7.3,1.81,Radial Velocity,2016.0,84.3552
HATS-71 b,HATS-71,11.478016,117.5971,3.7955202,0.03745,586.8,3405.0,0.4783,0.4861,Transit,2020.0,140.225
HD 106315 c,HD 106315,4.35,15.2,21.05704,0.1536,886.0,6327.0,1.296,1.091,Transit,2017.0,109.353
HD 4732 b,HD 4732,13.4,,371.74,1.129,,4898.0,5.03,1.39,Radial Velocity,2012.0,54.7841
omi CrB b,omi CrB,13.7,,187.01,0.699,,4769.0,11.87,1.3,Radial Velocity,2012.0,84.7883
HD 4732 c,HD 4732,13.1,,3184.2,4.725,,4898.0,5.03,1.39,Radial Velocity,2012.0,54.7841
Kepler-351 d,Kepler-351,2.72,,142.544247,0.5177,318.0,5225.0,0.78,0.81,Transit,2016.0,1083.91
HD 114783 c,HD 114783,13.4,603.8739733,4352.0,5.0,,5135.0,0.840622,0.9,Radial Velocity,2016.0,21.0628
GJ 251 b,GJ 251,1.79,,14.237,0.0808,336.0,3342.0,0.36,0.35,Radial Velocity,2020.0,5.58057
Kepler-1931 b,Kepler-1931,2.65323514,,38.5760994,0.23329,619.0,6167.0,1.221,1.174,Transit,2021.0,620.091
HAT-P-62 b,HAT-P-62,12.02723629,241.867417727,2.6453235,0.03772,1512.0,5629.0,1.17,1.023,Transit,2021.0,348.815
Kepler-570 b,Kepler-570,2.45,,4.301662003,0.0497,1009.0,5496.0,0.9,0.93,Transit,2016.0,568.148
Kepler-1396 b,Kepler-1396,2.07,,18.2206421,0.1406,786.0,6195.0,1.27,1.18,Transit,2016.0,1066.46
Kepler-1165 c,Kepler-1165,3.36093385,,29.96870041,0.1969,644.0,6249.0,1.076,1.13,Transit,2021.0,1575.2
Kepler-640 b,Kepler-640,2.56,,22.24813967,0.15418,609.0,5653.0,0.94,1.01,Transit,2016.0,557.787
Kepler-893 b,Kepler-893,3.03,,6.33855761,0.0699,1034.0,5820.0,0.99,1.0,Transit,2016.0,1285.59
K2-138 d,K2-138,2.39,7.92,5.40479,0.05893,888.0,5356.3,0.863,0.935,Transit,2017.0,202.585
HD 103949 b,HD 103949,3.35,,120.878,0.439,,4792.0,0.753113,0.77,Radial Velocity,2019.0,26.4997
75 Cet b,75 Cet,13.3,,696.62,1.912,,4809.0,10.38,1.92,Radial Velocity,2012.0,82.9613
omi UMa b,omi UMa,13.0,,1569.81,3.691,,5075.0,13.84,2.72,Radial Velocity,2012.0,54.9149
Kepler-722 c,Kepler-722,2.82,,105.144749,0.4471,401.0,5863.0,1.05,1.03,Transit,2016.0,1239.5
K2-138 e,K2-138,3.39,12.97,8.26146,0.0782,757.0,5356.3,0.863,0.935,Transit,2017.0,202.585
K2-138 f,K2-138,2.904,1.63,12.75758,0.10447,653.0,5356.3,0.863,0.935,Transit,2017.0,202.585
Kepler-170 b,Kepler-170,3.2,82.6,7.930592,0.08,899.0,5679.0,1.035,1.066,Transit,2014.0,738.657
Kepler-1542 e,Kepler-1542,0.76,,5.10115756,0.05649,1065.0,5564.0,0.99,0.94,Transit,2016.0,399.114
Kepler-789 b,Kepler-789,2.12,,8.63847725,0.0951,1419.0,5870.0,1.02,1.01,Transit,2016.0,1480.16
Kepler-328 c,Kepler-328,5.4,39.4,71.312,0.354,475.0,6064.0,1.06,1.15,Transit,2013.0,2213.19
K2-32 d,K2-32,3.484,6.7,31.71701,0.18422,550.0,5271.0,0.86,0.83,Transit,2016.0,157.682
K2-32 b,K2-32,5.299,15.0,8.992,0.0795,837.0,5271.0,0.86,0.83,Transit,2016.0,157.682
Kepler-299 b,Kepler-299,1.32,,2.927128,0.04,1258.0,5617.0,1.032,1.004,Transit,2014.0,1052.24
K2-154 c,K2-154,2.07,,7.95486,0.0677,552.0,4097.0,0.63,0.65,Transit,2018.0,129.356
K2-32 c,K2-32,3.134,8.1,20.66093,0.13843,634.0,5271.0,0.86,0.83,Transit,2016.0,157.682
Kepler-1821 b,Kepler-1821,2.59248115,,16.45809937,0.1244,644.0,5475.0,0.884,0.946,Transit,2021.0,799.699
ome Ser b,ome Ser,14.0,,278.59,0.838,,4724.0,10.99,1.01,Radial Velocity,2013.0,76.7556
HD 2952 b,HD 2952,13.9,,312.08,1.117,,4853.0,10.9,1.91,Radial Velocity,2013.0,110.103
HD 164922 b,HD 164922,13.3,,1207.0,2.16,159.4,5390.0,0.946,0.926,Radial Velocity,2005.0,22.0016
K2-100 b,K2-100,3.88,21.8,1.6739035,0.0301,1841.0,5945.0,1.24,1.15,Transit,2016.0,188.959
HIP 71135 b,HIP 71135,4.55,,87.19,0.335,,4146.0,0.681296,0.66,Radial Velocity,2019.0,32.3311
Kepler-55 f,Kepler-55,1.59,,10.198545,0.081,559.0,4503.0,0.619,0.631,Transit,2014.0,578.796
Kepler-1073 d,Kepler-1073,1.48770949,,2.504760027,0.0352,1369.0,5509.0,1.116,0.924,Transit,2021.0,809.897
Kepler-804 c,Kepler-804,1.14,,9.65185017,0.08654,890.0,5817.0,1.05,1.01,Transit,2016.0,649.65
GJ 15 A b,GJ 15 A,1.55,,11.4407,0.072,550.0,3607.0,0.38,0.38,Radial Velocity,2014.0,3.56228
Kepler-135 c,Kepler-135,1.16,,11.448708,0.103,975.0,6090.0,1.275,1.047,Transit,2014.0,621.855
K2-138 g,K2-138,3.013,4.32,41.96797,0.23109,445.0,5356.3,0.863,0.935,Transit,2021.0,202.585
TOI-1231 b,TOI-1231,3.65,15.4,24.245586,0.1288,329.6,3553.0,0.476,0.485,Transit,2021.0,27.6227
HD 73526 b,HD 73526,13.1,,188.3,0.65,,5601.0,1.53,1.14,Radial Velocity,2002.0,97.2396
Kepler-959 b,Kepler-959,4.38,,14.80074836,0.1633,1912.0,7005.0,2.01,1.6,Transit,2016.0,807.729
TOI-1062 b,TOI-1062,2.265,10.15,4.11296,0.052,1077.0,5328.0,0.84,0.94,Transit,2021.0,82.1733
Kepler-1304 b,Kepler-1304,2.29,,16.1288853,0.1202,715.0,5259.0,0.81,0.85,Transit,2016.0,2176.08
PH2 b,PH2,9.33708092,87.084983518,282.52542,0.833,295.1,5734.0,0.949,0.966,Transit,2013.0,343.863
Kepler-1043 b,Kepler-1043,2.55,,38.5053398,0.2159,532.0,5629.0,0.9,0.92,Transit,2016.0,903.332
Kepler-156 c,Kepler-156,2.55,,15.906801,0.117,588.0,5094.0,0.807,0.864,Transit,2014.0,443.483
TOI-257 b,TOI-257,7.16253867,43.860320166,18.38818,0.1528,1027.0,6095.0,1.867,1.407,Transit,2021.0,76.9028
Kepler-168 b,Kepler-168,1.46,,4.425391,0.056,1240.0,6282.0,1.107,1.113,Transit,2014.0,1343.6
TOI-5126 c,TOI-5126,3.86,,17.8999,0.1439,971.0,6150.0,1.241,1.24,Transit,2023.0,160.414
TOI-5126 b,TOI-5126,4.74,,5.4588385,0.06519,1442.0,6150.0,1.241,1.24,Transit,2023.0,160.414
Kepler-1708 b,Kepler-1708,9.96,1462.0106722,737.1131,1.64,,6157.0,1.117,1.088,Transit,2021.0,1666.69
TOI-1749 d,TOI-1749,2.52,15.0,9.0497,0.0707,533.0,3985.0,0.55,0.58,Transit,2021.0,99.5561
TOI-674 b,TOI-674,5.25,23.6,1.977143,0.025,635.0,3514.0,0.42,0.42,Transit,2021.0,46.0851
Kepler-1310 b,Kepler-1310,1.44,,0.679336272,0.01452,1883.0,5549.0,0.88,0.91,Transit,2016.0,569.185
TOI-1062 c,TOI-1062,3.1,,7.972,0.08,859.0,5328.0,0.84,0.94,Radial Velocity,2021.0,82.1733
TOI-5605 b,TOI-5605,2.52611303,,5.91340454843,,669.0,4583.79,0.736044,0.68,Transit,2026.0,95.0735
HD 154857 b,HD 154857,13.3,,408.60001,1.29,,5589.0,2.3,1.96,Radial Velocity,2004.0,63.4482
Kepler-1404 b,Kepler-1404,2.01,,15.9314739,0.1143,596.0,5261.0,0.8,0.84,Transit,2016.0,962.183
K2-99 c,K2-99,12.6,,522.2,1.43,390.0,6069.0,2.55,1.44,Radial Velocity,2022.0,519.229
TOI-269 b,TOI-269,2.77,8.8,3.6977104,0.0345,531.0,3514.0,0.398,0.3917,Transit,2021.0,57.0225
Kepler-902 b,Kepler-902,2.54,,40.1099547,0.223,556.0,5647.0,0.93,0.95,Transit,2016.0,1165.34
Kepler-894 b,Kepler-894,2.78,,9.803224,0.0916,896.0,5603.0,0.85,0.87,Transit,2016.0,1162.91
TOI-628 b,TOI-628,11.88154,2011.8639,3.4095675,0.0486,1586.0,6250.0,1.345,1.311,Transit,2021.0,178.68
HD 64121 b,HD 64121,13.2,,623.0,1.51,,5078.0,5.44,1.64,Radial Velocity,2022.0,129.966
HAT-P-58 b,HAT-P-58,14.93036229,118.232167404,4.0138379,0.04994,1622.0,6078.0,1.53,1.031,Transit,2021.0,515.59
HAT-P-59 b,HAT-P-59,12.58768533,489.45574678,4.1419771,0.05064,1277.8,5678.0,1.1038,1.008,Transit,2021.0,265.471
Kepler-213 c,Kepler-213,2.34,,4.822962,0.057,1060.0,5696.0,1.195,1.07,Transit,2014.0,634.939
Kepler-1561 b,Kepler-1561,1.09,,1.005207007,0.0194,1682.0,5957.0,1.11,1.07,Transit,2016.0,839.076
Kepler-1338 b,Kepler-1338,0.92,,0.935118057,0.01937,2124.0,5909.0,1.05,1.04,Transit,2016.0,753.26
Kepler-53 d,Kepler-53,2.12,37.1907,9.751962,0.091,870.0,6085.0,0.958,0.966,Transit,2014.0,1366.07
TOI-199 c,TOI-199,11.4,88.99195396,273.69,0.807,,5255.0,0.82,0.936,Transit Timing Variations,2023.0,102.27
75 Cet c,75 Cet,13.9,,2051.62,3.929,,4809.0,10.38,1.92,Radial Velocity,2023.0,82.9613
Kepler-542 b,Kepler-542,1.57,,13.14497566,0.10703,698.0,5526.0,0.9,0.93,Transit,2016.0,436.016
Kepler-394 c,Kepler-394,1.66,,12.130686,0.11,901.0,6402.0,1.132,0.87,Transit,2014.0,1058.72
HD 213240 b,HD 213240,12.8,1655.88600047,882.70001,1.89,,5979.0,1.51,1.57,Radial Velocity,2001.0,40.8707
Kepler-1640 b,Kepler-1640,4.82,,7.5844126,0.0836,1228.0,6324.0,1.43,1.27,Transit,2016.0,1859.78
Kepler-1423 b,Kepler-1423,1.06,,23.955378,0.1586,741.0,4939.0,0.75,0.79,Transit,2016.0,449.0
GJ 724 b,GJ 724,3.27,,5.101284,0.04685,611.0,3799.0,0.52226,0.5271,Radial Velocity,2023.0,16.9658
GJ 4274 c,GJ 4274,2.83,,69.57,0.186,,3228.0,0.19,0.18,Radial Velocity,2026.0,7.23556
TOI-5398 b,TOI-5398,10.3,58.7,10.590547,0.098,947.0,6000.0,1.051,1.146,Transit,2022.0,130.855
61 Vir c,61 Vir,4.46,,38.021,0.2175,,5577.0,0.963,0.942,Radial Velocity,2009.0,8.50332
HAT-P-43 b,HAT-P-43,13.63,210.395,3.3326414,0.0444,1353.0,5693.0,1.08,1.03,Transit,2012.0,528.825
HD 110067 c,HD 110067,2.388,6.3,13.673694,0.1039,699.0,5266.0,0.788,0.798,Transit,2023.0,32.1585
HD 110067 f,HD 110067,2.601,5.04,41.05854,0.2163,489.0,5266.0,0.788,0.798,Transit,2023.0,32.1585
Kepler-1512 b,Kepler-1512,1.18,,20.35972599,0.13693,322.0,4372.0,0.67,0.73,Transit,2016.0,162.0
Kepler-825 b,Kepler-825,1.53,,3.77360059,0.0453,1270.0,5976.0,1.08,1.03,Transit,2016.0,807.85
Kepler-245 c,Kepler-245,2.18,26.7,17.460812,0.124,568.0,5100.0,0.795,0.856,Transit,2014.0,861.527
Kepler-1233 b,Kepler-1233,2.6,,45.1263042,0.263,604.0,6198.0,1.25,1.16,Transit,2016.0,1178.7
Kepler-1398 b,Kepler-1398,0.9,,2.78815679,0.03909,1510.0,6126.0,1.18,1.13,Transit,2016.0,852.204
TOI-2184 b,TOI-2184,11.39953337,206.58846455,6.90683,,1676.05,5966.0,2.9,1.53,Transit,2022.0,788.317
14 Her b,14 Her,12.5,2828.6728223,1766.41,2.839,,5338.0,0.93,0.97,Radial Velocity,2002.0,17.9323
USco1621 b,USco1621 A,12.2,5085.28,,2880.0,2270.0,3460.0,0.710071,0.36,Imaging,2019.0,137.901
Kepler-607 b,Kepler-607,0.87,,0.638163204,0.0137,1874.0,5196.0,0.8,0.84,Transit,2016.0,519.122
HD 110067 b,HD 110067,2.2,5.69,9.113678,0.0793,800.0,5266.0,0.788,0.798,Transit,2023.0,32.1585
GJ 3988 b,GJ 3988,1.74,,6.9442,0.0405,348.0,3273.0,0.19734,0.1842,Radial Velocity,2023.0,9.9105
Kepler-1784 b,Kepler-1784,2.79936489,,13.59049988,0.1072,724.0,5442.0,0.974,0.887,Transit,2021.0,883.045
TOI-5777 b,TOI-5777,3.09551273,,6.91716177373,,602.0,4408.03,0.671912,0.658,Transit,2026.0,114.277
TOI-6080 b,TOI-6080,3.32424168,,8.05562348084,,919.33,5775.46,1.06221,1.01,Transit,2026.0,188.183
TOI-2104 b,TOI-2104,1.52898127,,5.904370457,,846.0,4856.13,0.723757,0.8,Transit,2026.0,76.7418
Kepler-1019 b,Kepler-1019,1.46,,1.411229847,0.0221,1164.0,4433.0,0.67,0.7,Transit,2016.0,194.182
HD 134606 d,HD 134606,7.59,,966.5,1.941,,5576.0,1.158,1.046,Radial Velocity,2024.0,26.7909
HD 134606 b,HD 134606,2.97,,12.089,0.1046,,5576.0,1.158,1.046,Radial Velocity,2024.0,26.7909
TOI-2257 b,TOI-2257,2.194,,35.189346,0.145,256.0,3430.0,0.313,0.328,Transit,2021.0,57.7911
Kepler-97 b,Kepler-97,1.48,3.51,2.58664,0.03563,1328.0,5779.0,0.98,0.94,Transit,2014.0,400.907
Kepler-1230 b,Kepler-1230,2.71,,9.95661537,0.0921,946.0,5961.0,1.08,1.06,Transit,2016.0,1364.22
Kepler-300 b,Kepler-300,1.67,,10.446347,0.094,812.0,5986.0,0.9,1.07,Transit,2014.0,1098.45
HD 134606 e,HD 134606,1.33,,4.3203,0.0527,,5576.0,1.158,1.046,Radial Velocity,2024.0,26.7909
K2-75 c,K2-75,2.77,,18.311,0.1429,,5995.0,1.56,1.16,Transit,2016.0,561.93
TOI-2134 b,TOI-2134,2.69,9.13,9.2292005,0.078,666.0,4580.0,0.709,0.744,Transit,2023.0,22.6202
TOI-544 c,TOI-544,4.92,,50.089,,,4169.0,0.623,0.631,Radial Velocity,2023.0,41.1166
TOI-2134 c,TOI-2134,7.27,41.89,95.5,0.371,306.0,4580.0,0.709,0.744,Transit,2023.0,22.6202
K2-275 b,K2-275,2.34,,3.2809626,0.0277,1166.0,4841.0,0.69,0.77,Transit,2018.0,123.438
HD 47186 b,HD 47186,5.02,,4.0845,0.05,,5657.0,1.08,0.96,Radial Velocity,2008.0,37.4574
Kepler-1024 b,Kepler-1024,3.91,,66.4162133,0.3033,376.0,5143.0,0.78,0.81,Transit,2016.0,1087.4
Kepler-1559 b,Kepler-1559,0.72,,0.971915428,0.01835,1609.0,5316.0,0.82,0.86,Transit,2016.0,614.827
Kepler-1725 b,Kepler-1725,2.8125177,,16.71990013,0.13263,767.0,6020.0,1.085,1.049,Transit,2021.0,558.652
Kepler-155 c,Kepler-155,2.24,,52.661793,0.242,286.0,4508.0,0.62,0.635,Transit,2014.0,293.499
Kepler-307 b,Kepler-307,2.43,7.44,10.4208,0.09359,797.0,5367.0,0.814,0.907,Transit,2013.0,575.581
Kepler-755 c,Kepler-755,1.26,,2.853133644,0.037,1016.0,5043.0,0.77,0.82,Transit,2016.0,399.034
HATS-75 b,HATS-75,9.90873894,156.053747837,2.7886556,0.032742,772.3,3790.4,0.5848,0.6017,Transit,2021.0,194.964
HAT-P-55 b,HAT-P-55,14.84069045,189.425730572,3.5852313,0.04628,1367.0,5804.0,1.105,1.028,Transit,2015.0,511.388
HAT-P-51 b,HAT-P-51,13.50682174,97.573320949,4.21802091,0.05042,1168.2,5453.0,0.995,0.961,Transit,2015.0,440.089
Kepler-1637 b,Kepler-1637,0.89,,6.10960324,0.0596,1093.0,5789.0,1.02,1.02,Transit,2016.0,567.187
Kepler-708 b,Kepler-708,2.93,,3.167891938,0.0426,1221.0,5692.0,0.96,0.97,Transit,2016.0,1394.22
TIC 172900988 b,TIC 172900988 Aa,11.25,942.0,200.452,0.90281,,6050.0,1.3842,1.2384,Transit,2021.0,250.956
BD-08 2823 b,BD-08 2823,,2948.494131739,5.6,0.06,,4816.0,0.71,0.5,Radial Velocity,2009.0,41.3342
HD 10180 c,HD 10180,,2741.587838782,5.75969,0.06412,,5911.0,1.109,1.06,Radial Velocity,2010.0,38.9607
HD 112570 b,HD 112570,13.1,1086.97315194,2615.0,3.9,,4750.0,9.85,1.15,Radial Velocity,2023.0,101.166
Kepler-836 b,Kepler-836,2.73,,11.36112327,0.1013,869.0,5895.0,1.04,1.03,Transit,2016.0,980.035
Kepler-178 b,Kepler-178,2.9,,9.576694,0.085,846.0,5676.0,1.066,0.852,Transit,2014.0,716.025
TOI-3362 b,TOI-3362,12.80065596,1598.359058803,18.09547,0.153,688.0,6532.0,1.83,1.445,Transit,2021.0,366.987
Kepler-1348 b,Kepler-1348,1.94,,27.5722742,0.1834,636.0,5911.0,1.04,1.04,Transit,2016.0,1213.82
Kepler-984 b,Kepler-984,2.12,,43.0342272,0.23688,484.0,5610.0,0.93,0.96,Transit,2016.0,460.188
TOI-1839 b,TOI-1839,2.21895097,,1.42378440907,,1405.35,5315.91,0.848099,0.934,Transit,2026.0,116.086
GPX-1 b,GPX-1,16.47720163,6261.2196179,1.744579,0.0338,2300.0,7000.0,1.56,1.68,Transit,2021.0,655.013
TOI-559 b,TOI-559,12.22899794,1910.14872607,6.9839095,0.0723,1180.0,5925.0,1.233,1.026,Transit,2021.0,233.266
TOI-530 b,TOI-530,9.30345398,127.1313628,6.387597,0.052,565.0,3659.0,0.54,0.53,Transit,2021.0,148.762
Kepler-907 b,Kepler-907,1.2,,15.86621821,0.1225,879.0,6106.0,1.38,1.08,Transit,2016.0,352.0
Kepler-823 b,Kepler-823,1.57,,4.16809082,0.0507,1277.0,5643.0,0.96,0.98,Transit,2016.0,1389.27
HD 154391 b,HD 154391,12.5,2892.2385037,5163.0,7.46,,4909.0,8.56,2.07,Radial Velocity,2023.0,100.947
HD 63433 d,HD 63433,1.073,,4.209075,0.0503,1040.0,5688.0,0.912,0.99,Transit,2023.0,22.4035
Kepler-647 c,Kepler-647,4.00135002,,29.6663,0.18291,644.0,5906.74,1.54571,1.07,Transit,2020.0,1087.87
K2-153 b,K2-153,2.0,,7.51574,0.0614,497.0,3845.0,0.53,0.55,Transit,2018.0,143.125
Kepler-1082 b,Kepler-1082,1.12,,1.543206604,0.02571,1827.0,5923.0,1.14,1.03,Transit,2016.0,739.557
TOI-1431 b,TOI-1431,16.70138124,991.62462984,2.650237,0.046,2370.0,7690.0,1.92,1.9,Transit,2021.0,148.925
WASP-76 b,WASP-76,20.78145022,284.138595858,1.80988198,0.033,2228.0,6329.0,1.756,1.458,Transit,2016.0,194.459
WASP-95 b,WASP-95,13.78707,457.6752,2.18467,0.03416,1570.0,5830.0,1.23,1.46,Transit,2014.0,137.544
TOI-4551 b,TOI-4551,11.85910158,473.56432643,9.95581,0.0994,1655.0,4896.0,3.55,1.31,Transit,2023.0,215.986
HD 219666 b,HD 219666,4.898,17.6,6.034468,0.06356,1076.0,5540.0,1.059,1.02,Transit,2018.0,94.1719
HD 192310 c,HD 192310,5.25,,525.8,1.18,185.0,5166.0,0.857922,0.8,Radial Velocity,2011.0,8.79687
HD 195019 b,HD 195019,13.0,,18.20132,0.14,,5751.0,1.48,1.21,Radial Velocity,1998.0,37.6681
Kepler-334 b,Kepler-334,1.12,,5.470319,0.061,1090.0,5828.0,1.068,1.022,Transit,2014.0,426.59
Kepler-139 e,Kepler-139,13.7,378.0,2047.635373,3.23579639,,5622.0,1.045,1.078,Radial Velocity,2023.0,391.038
Kepler-1196 b,Kepler-1196,2.23,,66.1849031,0.3179,436.0,5756.0,0.97,0.98,Transit,2016.0,922.333
Kepler-333 b,Kepler-333,1.32,28.2,12.551158,0.087,480.0,4259.0,0.534,0.601,Transit,2014.0,324.413
Kepler-562 b,Kepler-562,5.21,,18.009314436,0.1333,658.0,5575.0,0.9,0.93,Transit,2016.0,992.769
Kepler-1671 b,Kepler-1671,1.32557381,,4.16787,0.04946,962.0,5135.55,0.929771,0.866,Transit,2020.0,357.059
Kepler-1158 b,Kepler-1158,2.34,,13.5396293,0.12643,1079.0,6203.0,1.95,1.41,Transit,2016.0,1484.25
HD 110067 g,HD 110067,2.607,8.4,54.76992,0.2621,440.0,5266.0,0.788,0.798,Transit,2023.0,32.1585
HD 88986 b,HD 88986,2.49,17.2,146.05,0.58,460.0,5861.0,1.543,1.25,Radial Velocity,2023.0,33.2673
TOI-4377 b,TOI-4377,15.10970598,304.161785499,4.378081,0.0579,1162.08,4974.0,3.52,1.36,Transit,2023.0,455.82
Kepler-57 b,Kepler-57,3.135,25.06,5.72,0.05988,850.0,5187.9,0.826,0.859,Transit,2012.0,644.14
Kepler-461 b,Kepler-461,2.58,,8.313783059,0.07895,886.0,5634.0,0.91,0.98,Transit,2016.0,692.158
HD 24085 b,HD 24085,3.46,,2.0455,0.034,,6034.0,1.412551,1.22,Radial Velocity,2019.0,54.9004
Kepler-1843 b,Kepler-1843,2.70909809,,25.54339981,0.17871,772.0,5422.0,1.782,1.02,Transit,2021.0,784.625
Kepler-1184 b,Kepler-1184,2.68,,53.5991044,0.2863,529.0,5983.0,1.07,1.05,Transit,2016.0,1157.84
TOI-1860 b,TOI-1860,1.31,,1.0662107,0.0204,1885.0,5752.0,0.94,0.99,Transit,2022.0,45.864
TOI-2260 b,TOI-2260,1.62,,0.3524728,0.0097,2609.0,5534.0,0.94,0.99,Transit,2022.0,101.251
Kepler-1018 b,Kepler-1018,2.58,,49.1013514,0.253,498.0,5518.0,0.88,0.91,Transit,2016.0,1010.01
HD 69830 c,HD 69830,3.46,,31.56,0.186,,5385.0,0.886947,0.86,Radial Velocity,2006.0,12.5591
HD 10647 b,HD 10647,13.8,,989.2,2.015,,6218.0,1.1,1.11,Radial Velocity,2006.0,17.3357
HD 219134 b,HD 219134,1.602,4.74,3.092926,0.03876,1015.0,4699.0,0.778,0.81,Radial Velocity,2015.0,6.53127
TOI-2092 b,TOI-2092,2.94892961,,4.30325528074,,1042.0,5842.06,1.0519,0.956,Transit,2026.0,176.759
Proxima Cen b,Proxima Cen,1.02,,11.18465,0.04848,218.0,2900.0,0.141,0.1221,Radial Velocity,2016.0,1.30119
HD 104067 c,HD 104067,3.69,,13.8992,0.1058,,4952.0,0.78,0.82,Radial Velocity,2024.0,20.3632
HATS-2 b,HATS-2,12.57647635,435.42491759,1.35413379,0.02317,1550.0,5227.0,0.876,0.904,Transit,2013.0,341.925
TOI-782 b,TOI-782,2.734,19.1,8.0240015,0.0578,435.0,3370.0,0.413,0.397,Transit,2024.0,52.5122
K2-250 b,K2-250,2.71257333,,4.01392,0.04606,1003.0,5003.0,0.797,0.809,Transit,2018.0,414.708
Kepler-1852 b,Kepler-1852,1.88610592,,7.970940113,0.0762,760.0,5237.0,0.826,0.927,Transit,2021.0,772.481
Kepler-881 b,Kepler-881,1.78,,4.44448017,0.0552,1217.0,5961.0,1.09,1.06,Transit,2016.0,1375.18
Kepler-1294 b,Kepler-1294,3.19,,115.6862258,0.4684,401.0,5776.0,0.97,0.99,Transit,2016.0,1855.7
HD 153557 c,HD 153557,4.36,,15.27018,0.111,,4837.0,0.745171,0.79,Radial Velocity,2022.0,17.9412
Kepler-1255 b,Kepler-1255,2.32,,36.2919336,0.2226,694.0,6018.0,1.12,1.08,Transit,2016.0,1617.07
M62H b,M62H,,785.03616529,0.132935028,,,,,1.4,Pulsar Timing,2024.0,
TOI-1136 d,TOI-1136,4.627,8.35,12.5199,0.1062,843.0,5770.0,0.968,1.022,Transit,2022.0,84.5362
Kepler-127 b,Kepler-127,1.4,,14.435889,0.125,884.0,6106.0,1.359,1.248,Transit,2014.0,352.794
Kepler-1736 b,Kepler-1736,3.8765856,,37.81029892,0.2188,566.0,6085.0,0.973,0.976,Transit,2021.0,1430.0
GJ 9827 b,GJ 9827,1.44,4.28,1.208974,0.0189,1035.01,4236.0,0.58,0.62,Transit,2017.0,29.661
Kepler-532 b,Kepler-532,2.57,,12.92491623,0.10151,620.0,5192.0,0.79,0.87,Transit,2016.0,312.798
Kepler-1871 b,Kepler-1871,2.42172881,,1.952700019,0.0308,1403.0,5741.0,0.946,1.02,Transit,2021.0,854.623
Kepler-1457 b,Kepler-1457,1.99,,51.1110243,0.26391,478.0,5866.0,1.01,1.01,Transit,2016.0,889.885
Teegarden's Star b,Teegarden's Star,1.05,,4.90634,0.0259,277.0,3034.0,0.12,0.097,Radial Velocity,2019.0,3.83078
Teegarden's Star c,Teegarden's Star,1.02,,11.416,0.0455,209.0,3034.0,0.12,0.097,Radial Velocity,2019.0,3.83078
TOI-1136 f,TOI-1136,3.73591482,9.7,26.321,0.174,658.0,5770.0,0.968,1.022,Transit,2022.0,84.5362
TOI-1448 b,TOI-1448,2.749,19.5,8.112245,0.0567,426.0,3412.0,0.38,0.372,Transit,2024.0,73.3345
TOI-2120 b,TOI-2120,2.122,6.8,5.7998164,0.0377,384.0,3131.0,0.245,0.211,Transit,2024.0,32.1755
TOI-2337 b,TOI-2337,10.08808263,508.5254512,2.99432,,1272.46,4780.0,3.22,1.325,Transit,2022.0,536.046
TOI-4329 b,TOI-4329,16.81347105,143.02278315,2.9223,,2027.12,6000.0,2.31,1.538,Transit,2022.0,717.128
TOI-2445 b,TOI-2445,1.25,,0.3711281,0.0064,1060.0,3333.0,0.27,0.25,Transit,2022.0,48.582
HIP 109600 b,HIP 109600,13.2,,232.08,0.706,,5530.0,0.971958,0.87,Radial Velocity,2016.0,66.3361
Kepler-1923 b,Kepler-1923,1.95958179,,52.60969925,0.2846,553.0,5881.0,1.294,1.109,Transit,2021.0,990.838
Kepler-467 b,Kepler-467,2.25,,24.99324193,0.16848,712.0,5809.0,1.37,1.05,Transit,2016.0,466.265
Kepler-302 c,Kepler-302,12.45,,127.282184,0.503,392.0,5740.0,1.22,1.021,Transit,2014.0,1402.58
LTT 1445 A c,LTT 1445 A,1.147,1.54,3.1239035,0.02661,508.0,3340.0,0.265,0.257,Transit,2022.0,6.86929
HAT-P-41 b,HAT-P-41,22.97845,378.2177,2.69405,0.04258,1941.0,6390.0,2.05,2.56,Transit,2012.0,348.185
Kepler-683 b,Kepler-683,1.97,,2.539183179,0.0355,1332.0,5703.0,0.95,0.96,Transit,2016.0,1023.07
Kepler-120 b,Kepler-120,2.15,8.5,6.312501,0.055,575.0,4096.0,0.534,0.654,Transit,2014.0,388.63
TOI-5720 b,TOI-5720,1.09,4.3,1.4344555,0.018288,708.0,3325.0,0.383,0.383,Transit,2024.0,35.8256
TOI-2447 b,TOI-2447,9.60609646,124.906563951,69.33684,0.347,414.0,5730.0,1.006,1.034,Transit,2024.0,148.987
Kepler-1326 b,Kepler-1326,4.18,,42.3514267,0.2743,938.0,6725.0,1.74,1.45,Transit,2016.0,698.326
Kepler-9 b,Kepler-9,8.29,43.4,19.23891,0.143,661.0,5774.0,0.958,1.022,Transit,2010.0,628.257
Kepler-406 c,Kepler-406,0.85,2.71,4.62332,0.05531,1050.0,5538.0,1.07,1.07,Transit,2014.0,364.03
Kepler-315 b,Kepler-315,3.77,,96.101141,0.402,409.0,5796.0,1.037,0.831,Transit,2014.0,1160.63
Kepler-1078 b,Kepler-1078,1.9,,3.00725242,0.0388,1122.0,5612.0,0.92,0.94,Transit,2016.0,2481.71
TOI-206 b,TOI-206,1.3,,0.7363104,0.0112,910.0,3383.0,0.35,0.35,Transit,2022.0,47.7465
TOI-2669 b,TOI-2669,19.72780603,193.87532827,6.2034,,1226.0,4800.0,4.1,1.19,Transit,2022.0,393.443
Kepler-1038 b,Kepler-1038,3.53,,148.4603382,0.5238,285.0,5335.0,0.83,0.87,Transit,2016.0,584.136
Kepler-1802 c,Kepler-1802,2.322,,33.13610077,0.1748,357.0,4245.0,0.637,0.649,Transit,2021.0,636.694
TOI-4029 b,TOI-4029,6.73756618,,5.88498234631,,1142.0,5662.53,1.17834,1.018,Transit,2026.0,274.436
TOI-1136 b,TOI-1136,1.9,3.5,4.1727,0.05106,1216.0,5770.0,0.968,1.022,Transit,2022.0,84.5362
Kepler-1887 b,Kepler-1887,2.92454357,,19.94750023,0.1421,625.0,5749.0,0.864,0.961,Transit,2021.0,1366.18
HAT-P-65 b,HAT-P-65,18.05766791,176.076937478,2.60544751,0.04042,1818.0,5872.0,1.666,1.297,Transit,2016.0,738.519
CI Tau c,CI Tau,13.0,,25.2,0.17,,3807.0,1.880857,0.9,Radial Velocity,2024.0,157.998
Kepler-1632 b,Kepler-1632,2.47,,448.303558,0.6762,369.0,6137.0,1.19,1.12,Transit,2016.0,716.76
Kepler-1306 b,Kepler-1306,1.91,,16.29595382,0.123,678.0,5727.0,0.97,0.98,Transit,2016.0,1107.5
Kepler-1925 b,Kepler-1925,3.00177922,,46.71640015,0.2588,531.0,5856.0,1.092,1.057,Transit,2021.0,1771.31
LHS 1678 b,LHS 1678,0.685,0.35,0.8602325,0.01239,830.44,3490.0,0.329,0.345,Transit,2021.0,19.8782
TOI-1273 b,TOI-1273,11.09689089,70.557906354,4.631296,0.0549,1211.0,5690.0,1.06,1.06,Transit,2024.0,177.118
TOI-1199 b,TOI-1199,10.5140239,75.960989273,3.671463,0.04988,1486.0,5710.0,1.45,1.23,Transit,2024.0,248.427
HD 220773 b,HD 220773,13.6,,3724.7,4.94,,5940.0,1.679696,1.16,Radial Velocity,2011.0,50.5103
Kepler-60 d,Kepler-60,1.99,4.16,11.8981,0.10203,929.0,5905.0,1.257,1.041,Transit,2012.0,1025.1
Kepler-1452 b,Kepler-1452,2.7,,42.913751,0.25764,810.0,6101.0,2.06,1.41,Transit,2016.0,996.32
TOI-4405 b,TOI-4405,2.55505441,,5.92143995316,,671.87,4467.38,0.687025,0.68,Transit,2026.0,155.501
Kepler-1686 b,Kepler-1686,1.42553017,,9.30987,0.08827,913.0,5714.96,1.19951,1.02,Transit,2020.0,729.823
HD 130322 b,HD 130322,13.7,,10.70871,0.0925,720.0,5387.0,0.85,0.92,Radial Velocity,1999.0,31.8766
Kepler-1138 b,Kepler-1138,1.7,,3.17060005,0.0415,1080.0,5582.0,0.92,0.95,Transit,2016.0,872.328
TOI-4438 b,TOI-4438,2.52,5.4,7.44628,0.0534,435.0,3422.0,0.372,0.368,Transit,2024.0,30.0346
Kepler-584 b,Kepler-584,4.21,,35.1810304,0.2281,664.0,6195.0,1.24,1.17,Transit,2016.0,1848.84
Kepler-1961 b,Kepler-1961,1.6187808,,5.604710102,0.0588,866.0,5401.0,0.777,0.871,Transit,2021.0,1042.45
Kepler-270 c,Kepler-270,1.77,,25.262887,0.18,756.0,6067.0,1.461,1.17,Transit,2014.0,948.781
TOI-757 b,TOI-757,2.5,10.5,17.46819,0.122,641.0,5278.0,0.78,0.8,Transit,2024.0,60.3418
Kepler-1157 b,Kepler-1157,1.09,,4.45743164,0.0448,732.0,4679.0,0.71,0.76,Transit,2016.0,342.144
Kepler-1746 b,Kepler-1746,8.93504475,,321.2120056,0.94082,310.0,6018.0,1.286,1.09,Transit,2021.0,979.541
K2-243 c,K2-243,2.01,,24.94598,0.1817,801.0,6570.0,1.39,1.29,Transit,2018.0,266.864
Kepler-403 d,Kepler-403,1.42,,13.61159129,0.12178,958.0,6209.0,1.45,1.25,Transit,2016.0,840.269
TOI-2714 b,TOI-2714,13.72,228.0,2.499387,0.036,1603.0,5665.0,1.25,1.07,Transit,2024.0,597.873
Kepler-378 b,Kepler-378,0.75,,16.092361,0.112,503.0,4661.0,0.671,0.78,Transit,2014.0,152.094
TOI-216.01,TOI-216,10.1,177.98390792,34.525528,0.2069,497.0,5026.0,0.748,0.77,Transit,2019.0,177.945
HD 102272 b,HD 102272,12.9,,127.58,0.51,,4790.0,10.3,1.45,Radial Velocity,2008.0,347.097
GJ 2056 b,GJ 2056,4.17,,69.971,0.283,,4069.95,0.709495,0.62,Radial Velocity,2020.0,28.4434
Kepler-256 e,Kepler-256,2.35,,10.681572,0.096,897.0,5551.0,1.301,1.037,Transit,2014.0,1026.43
Kepler-1408 b,Kepler-1408,0.89,,2.99793191,0.04218,1616.0,6170.0,1.35,1.21,Transit,2016.0,535.048
TOI-1408 c,TOI-1408,2.22,7.6,2.1664,0.03587,1864.0,6117.0,1.53,1.312,Transit Timing Variations,2024.0,139.484
TOI-1408 b,TOI-1408,25.0,593.0,4.42587,0.05778,1293.0,6117.0,1.53,1.312,Transit,2023.0,139.484
TOI-1437 b,TOI-1437,2.24,9.6,18.840942,0.14,794.23,6008.0,1.17,1.1,Transit,2024.0,103.297
BD-13 2130 b,BD-13 2130,12.5,,714.29999,1.66,,4545.0,19.17,2.12,Radial Velocity,2007.0,925.214
TOI-1751 b,TOI-1751,2.9507845,19.5,37.46852,0.215,651.64,5970.0,1.3137,0.9382,Transit,2024.0,113.335
TOI-1694 b,TOI-1694,5.3422266,31.3,3.770107,0.045,943.19,5058.0,0.8036,0.853,Transit,2023.0,124.68
Kepler-826 b,Kepler-826,1.25,,4.48758907,0.05202,1305.0,6079.0,1.15,1.05,Transit,2016.0,779.596
HIP 67522 b,HIP 67522,9.9872018,,6.9594731,0.0748,1175.0,5675.0,1.38,1.22,Transit,2020.0,127.28
HIP 67522 c,HIP 67522,7.93595834,,14.334892,0.1228,917.0,5675.0,1.38,1.22,Transit,2024.0,127.28
TOI-3261 b,TOI-3261,3.82,30.3,0.8831331,0.01714,1722.0,5068.0,0.849,0.861,Transit,2024.0,300.141
Kepler-1929 b,Kepler-1929,3.07250761,,59.36249924,0.30883,566.0,5786.0,1.471,1.006,Transit,2021.0,508.201
Kepler-1284 b,Kepler-1284,1.21,,0.664073806,0.0143,1703.0,5123.0,0.79,0.84,Transit,2016.0,882.324
HIP 116454 b,HIP 116454,2.469,9.7,9.1004157,0.0792,753.2,5048.0,0.758,0.8,Transit,2014.0,62.4491
TIC 46432937 b,TIC 46432937,13.31626907,1017.0509024,1.44044527,0.02065,872.0,3572.0,0.5299,0.563,Transit,2024.0,90.5369
TOI-1807 b,TOI-1807,1.49681583,2.44,0.54937097,0.0122,1694.1,4914.0,0.746,0.8048,Transit,2021.0,42.5775
HD 77946 b,HD 77946,2.89646124,10.9,6.527363,0.073,1128.86,6007.0,1.3174,1.1973,Transit,2024.0,99.451
TOI-1836 c,TOI-1836,2.59987579,8.0,1.7727471,0.03089,2007.6,6237.0,1.6454,1.2518,Transit,2024.0,191.649
TOI-1181 b,TOI-1181,17.02644168,374.719691853,2.103189,0.0364,1942.12,6054.0,1.961,1.467,Transit,2022.0,302.819
Kepler-1587 b,Kepler-1587,1.33,,9.4060467,0.08747,981.0,5933.0,1.22,1.08,Transit,2016.0,1026.48
TOI-1246 c,TOI-1246,2.45109846,9.1,5.904137,0.061,862.49,5213.0,0.8649,0.8889,Transit,2022.0,169.422
Kepler-482 b,Kepler-482,2.36,,56.35418576,0.25787,352.0,4871.0,0.72,0.75,Transit,2016.0,313.068
TOI-5634 A b,TOI-5634 A,10.42,588.0,2.2035373,0.0272,837.0,3896.0,0.54,0.556,Transit,2024.0,306.144
Kepler-1070 b,Kepler-1070,1.73,,6.2216147,0.06753,1101.0,6261.0,1.32,1.21,Transit,2016.0,939.001
HD 68402 b,HD 68402,12.6,2510.8444153,1103.0,2.18,,5950.0,1.02,1.12,Radial Velocity,2016.0,78.4293
Kepler-736 b,Kepler-736,2.93,,3.60147201,0.0428,996.0,5217.0,0.81,0.86,Transit,2016.0,1005.43
K2-69 b,K2-69,2.32,,7.06599,0.0591,,4127.0,0.491,0.551,Transit,2016.0,180.697
TOI-469.01,TOI-469,3.41,9.1,13.6308205,0.111,716.0,5289.0,0.98,0.901,Transit,2021.0,68.192
Kepler-649 b,Kepler-649,2.26,,29.90722674,0.17522,564.0,5871.0,0.94,0.97,Transit,2016.0,513.748
K2-25 b,K2-25,3.44,24.5,3.48456408,0.0287,494.0,3207.0,0.2932,0.2634,Transit,2015.0,44.9565
TOI-6034 b,TOI-6034,11.92,254.0,2.576184,0.02949,714.0,3635.0,0.489,0.514,Transit,2024.0,117.992
Kepler-1237 b,Kepler-1237,2.86,,84.5733226,0.3778,366.0,5472.0,0.9,0.94,Transit,2016.0,1064.31
TOI-1710 b,TOI-1710,5.20315158,22.4,24.283377,0.166,602.99,5684.0,0.9574,1.0258,Transit,2022.0,81.2271
TOI-1694 c,TOI-1694,13.8,,393.1,0.1,,5058.0,0.8036,0.853,Radial Velocity,2023.0,124.68
TOI-1736 c,TOI-1736,12.5,2800.0,571.25,1.37,249.0,5636.0,1.4286,1.0373,Radial Velocity,2023.0,88.9482
TOI-1272 b,TOI-1272,4.13204907,27.0,3.31599,0.0417,975.0,5065.0,0.7934,0.8772,Transit,2022.0,137.572
TOI-1272 c,TOI-1272,4.95,,8.6811,0.079,697.0,5065.0,0.7934,0.8772,Radial Velocity,2022.0,137.572
HD 93963 A b,HD 93963 A,1.46954368,2.8,1.0376109,0.02061,1842.23,5908.0,1.0311,1.0844,Transit,2022.0,82.3432
HD 564 b,HD 564,12.5,,492.3,1.2,,5902.0,1.01,0.961,Radial Velocity,2014.0,51.1659
Kepler-111 b,Kepler-111,1.58,,3.341815,0.046,1356.0,5952.0,1.157,1.171,Transit,2014.0,657.223
TIC 393818343 b,TIC 393818343,12.18416202,1379.37528638,16.24921,0.1291,805.5,5756.0,1.086,1.082,Transit,2024.0,93.7345
Kepler-466 b,Kepler-466,2.85,,51.07926307,0.26769,503.0,5927.0,1.05,1.04,Transit,2016.0,530.122
Kepler-1401 b,Kepler-1401,1.68,,11.20066445,0.0975,808.0,5964.0,1.1,1.07,Transit,2016.0,1425.43
Kepler-928 b,Kepler-928,1.59,,3.932461302,0.0444,894.0,4700.0,0.7,0.73,Transit,2016.0,508.809
Kepler-1361 b,Kepler-1361,0.86,,3.57554956,0.04304,1061.0,5131.0,0.79,0.83,Transit,2016.0,389.143
K2-58 b,K2-58,2.68,,7.05254,0.0692,,5413.0,0.86,0.89,Transit,2016.0,181.746
TAP 26 b,TAP 26,13.5,,10.79,0.0968,,4620.0,1.17,1.04,Radial Velocity,2017.0,121.402
Kepler-879 c,Kepler-879,0.4,,0.646716,,,5456.75,1.022,0.974,Transit,2024.0,802.672
HD 21520 b,HD 21520,2.697,17.7,25.1292,0.1726,637.0,5871.0,1.044,1.09,Transit,2024.0,79.208
Kepler-192 d,Kepler-192,1.02,,6.47027579,0.0686,926.0,5487.0,0.94,0.94,Transit,2016.0,651.674
Kepler-939 b,Kepler-939,1.75,,14.878296,0.1153,692.0,5471.0,0.85,0.88,Transit,2016.0,2093.62
Kepler-1873 b,Kepler-1873,1.62573811,,0.558842003,0.0128,1787.0,5151.0,0.792,0.903,Transit,2021.0,820.957
Kepler-282 e,Kepler-282,3.1,56.2,44.347,0.23332,484.0,5656.0,0.89,0.97,Transit,2013.0,1337.61
Kepler-1357 b,Kepler-1357,1.28,,3.0091324,0.041,1177.0,5597.0,0.9,0.93,Transit,2016.0,1015.69
HD 93963 A c,HD 93963 A,3.11976057,18.4,3.6451389,0.04726,1212.45,5908.0,1.0311,1.0844,Transit,2022.0,82.3432
Kepler-1320 b,Kepler-1320,1.7,,0.868386528,0.0163,1389.0,4817.0,0.74,0.8,Transit,2016.0,647.424
Kepler-1807 b,Kepler-1807,2.70393215,,10.86060047,0.0988,1108.0,6455.0,1.496,1.087,Transit,2021.0,1299.32
HD 33142 d,HD 33142,9.32,,89.9,0.452,,5025.4,4.17,1.52,Radial Velocity,2022.0,121.375
BD-14 3065 b,BD-14 3065 A,21.59,3932.0,4.2889731,0.0656,2001.0,6935.0,2.35,1.41,Transit,2024.0,589.423
TOI-3071 b,TOI-3071,7.16,68.2,1.266938,0.0249,2155.0,6177.0,1.31,1.29,Transit,2024.0,485.219
TOI-1386 b,TOI-1386,6.2163865,45.8,25.8401,0.173,615.03,5735.0,1.0235,1.0363,Transit,2024.0,146.858
HD 135694 b,HD 135694,2.857,6.1,15.923475568,0.124695,750.83,5712.0,1.08,1.02,Transit,2023.0,73.8713
Kepler-1845 b,Kepler-1845,2.43836702,,11.60649967,0.0885,584.0,4703.0,0.701,0.686,Transit,2021.0,710.724
Kepler-90 i,KOI-351,1.32,,14.44912,0.1201380843,709.0,6015.0,1.29,1.12,Transit,2017.0,848.254
HD 194490 b,HD 194490,12.4,3561.902957249,13092.18348,11.116,,5861.32,1.14911,1.06,Radial Velocity,2022.0,80.2349
TOI-1630.01,TOI-1630,2.417,,12.055734733,0.101151,584.0,5504.0,0.83,0.95,Transit,2024.0,66.0929
TOI-1782.02,TOI-1782,1.839,,1.829024227,0.025739,974.95,4336.0,0.669,0.68,Transit,2024.0,95.2649
WASP-148 b,WASP-148,8.47398941,91.216752809,8.803809,0.08215,940.0,5555.0,0.912,0.954,Transit,2020.0,246.353
K2-99 b,K2-99,11.88151954,276.51071409,18.24783,0.153,1184.0,6069.0,2.55,1.44,Transit,2016.0,519.229
TOI-1659.01,TOI-1659,2.255,,5.877556328,0.065757,1031.14,5977.0,1.006,1.1,Transit,2024.0,122.494
Kepler-992 b,Kepler-992,1.62,,20.16034462,0.13372,510.0,4944.0,0.74,0.8,Transit,2016.0,259.639
TOI-2048 b,TOI-2048,2.61,,13.79019,,646.0,5185.0,0.79,0.83,Transit,2022.0,116.567
Kepler-1273 b,Kepler-1273,2.49,,28.625653,0.1857,573.0,5566.0,0.91,0.94,Transit,2016.0,1114.24
TOI-3757 b,TOI-3757,12.0,85.3,3.438753,0.03845,759.0,3913.0,0.62,0.64,Transit,2022.0,181.139
TOI-375 c,TOI-375,13.4,,115.5,0.524,596.0,5259.9,2.9,1.441,Radial Velocity,2026.0,396.213
TOI-3568 b,TOI-3568,5.3,26.4,4.417965,0.0485,899.0,4969.0,0.719,0.78,Transit,2024.0,197.906
KOINTREAU-4 b,2MASS J16262785-2625152,12.2,4862.7746271,,182.0,,3252.0,,,Imaging,2026.0,145.434
AU Mic d,AU Mic,1.02,1.053,12.73596,,,3678.0,0.744,0.51,Transit Timing Variations,2023.0,9.7221
TOI-1798.02,TOI-1798,1.464,5.6,0.437811822,0.010789,1935.83,5165.0,0.78,0.87,Transit,2024.0,113.181
TOI-1798.01,TOI-1798,2.448,6.5,8.021522331,0.074984,734.31,5165.0,0.78,0.87,Transit,2024.0,113.181
Kepler-1899 b,Kepler-1899,1.55098292,,4.095779896,0.0457,851.0,4791.0,0.742,0.759,Transit,2021.0,711.509
Kepler-613 b,Kepler-613,2.29,,15.77979614,0.1232,713.0,5723.0,0.96,0.98,Transit,2016.0,861.494
Kepler-393 b,Kepler-393,1.29,,9.182417,0.091,1052.0,6189.0,1.382,1.256,Transit,2014.0,881.404
TOI-4638.01,TOI-4638,2.933,,10.283918787,0.093013,779.83,5700.0,0.895,1.02,Transit,2024.0,168.248
Kepler-713 b,Kepler-713,2.48,,7.411141,0.0748,905.0,5785.0,0.99,0.98,Transit,2016.0,1089.87
TOI-2570 b,TOI-2570,13.64132951,260.61929374,2.9887615,0.04145,1431.0,5771.0,1.095,1.063,Transit,2022.0,361.857
K2-150 b,K2-150,2.0,,10.59357,0.0727,,3499.0,0.436,0.457,Transit,2018.0,102.483
HD 20868 b,HD 20868,13.7,,380.85001,0.95,,4802.0,0.76,0.39,Radial Velocity,2008.0,47.7223
TOI-1452 b,TOI-1452,1.672,4.82,11.06201,0.061,326.0,3185.0,0.275,0.249,Transit,2022.0,30.5212
K2-212 b,K2-212,2.65,,9.795647,0.0785,542.0,4349.0,0.678,0.622,Transit,2018.0,109.218
EPIC 228836835 b,EPIC 228836835,1.1,,0.728113,,932.0,3782.0,0.32,0.418179,Transit,2021.0,150.124
Kepler-183 c,Kepler-183,2.27,35.7,11.637071,0.103,857.0,5888.0,0.958,0.99,Transit,2014.0,1050.64
Kepler-131 b,Kepler-131,2.41,16.13,16.092,0.12789,718.0,5685.0,1.03,1.02,Transit,2014.0,228.678
Kepler-62 d,Kepler-62,1.95,14.0,18.16406,0.12,510.0,4925.0,0.64,0.69,Transit,2013.0,300.874
Kepler-951 b,Kepler-951,5.59,,71.52530845,0.3091,340.0,4834.0,0.73,0.77,Transit,2016.0,382.509
TOI-2458 b,TOI-2458,2.83,13.31,3.73659,0.0482,1509.4,6005.0,1.31,1.05,Transit,2024.0,112.958
TOI-4562 c,TOI-4562,12.8,1833.86990839,3990.0,5.219,,6096.0,1.152,1.192,Transit Timing Variations,2024.0,339.605
TOI-4562 b,TOI-4562,12.53,732.0,225.1064,0.768,318.0,6096.0,1.152,1.192,Transit,2023.0,339.605
Kepler-1860 b,Kepler-1860,1.13863767,,12.73719978,0.10625,697.0,5420.0,0.868,0.874,Transit,2021.0,438.703
TOI-3693 b,TOI-3693,12.59889431,324.18497514,9.088516,0.0813,801.0,5321.0,0.791,0.867,Transit,2022.0,176.436
Kepler-732 b,Kepler-732,2.18,,9.467814048,0.0691,407.0,3631.0,0.46,0.49,Transit,2016.0,174.826
WASP-72 b,WASP-72,14.45961,731.009,2.21673,0.03711,2210.0,6250.0,2.18,2.78,Transit,2012.0,434.754
WASP-99 b,WASP-99,11.43318,772.3269,5.75251,0.0717,1480.0,6150.0,1.64,1.21,Transit,2014.0,158.66
TOI-2200 b,TOI-2200,6.96310517,,2.93602836512,,1147.0,5036.17,0.826247,0.85,Transit,2026.0,251.245
TOI-2193 A b,TOI-2193 A,19.83989584,298.75870258,2.1225735,0.03319,1763.0,5966.0,1.248,1.082,Transit,2022.0,337.064
TOI-2207 b,TOI-2207,11.1529358,203.41018048,8.001968,0.0854,1259.0,6101.0,1.564,1.296,Transit,2022.0,373.345
Kepler-1040 b,Kepler-1040,2.08,,201.1214,0.67249,300.0,5694.0,0.96,0.98,Transit,2016.0,482.119
TOI-1716.01,TOI-1716,3.143,,8.082376554,0.080496,959.0,5879.0,1.24,1.07,Transit,2024.0,104.158
Kepler-901 b,Kepler-901,1.37,,3.517494394,0.0378,704.0,4184.0,0.57,0.59,Transit,2016.0,253.867
TOI-260 b,TOI-260,1.71,4.23,13.475853,0.0943,493.0,4026.0,0.607,0.616,Transit,2024.0,20.1852
L 168-9 b,L 168-9,1.63,4.07,1.40152604,0.0208,998.0,3842.0,0.604,0.614,Transit,2020.0,25.1496
K2-167 b,K2-167,2.36509493,6.5,9.978541,0.0932,1220.0,6310.0,1.499,1.084,Transit,2018.0,80.8994
TOI-1768.01,TOI-1768,3.453,,7.337703649,0.076381,1566.0,5994.0,1.1,1.1,Transit,2024.0,157.597
Kepler-597 b,Kepler-597,2.37,,13.02365861,0.10916,743.0,5683.0,0.95,0.97,Transit,2016.0,663.418
HD 100655 b,HD 100655,13.5,,157.57001,0.68,,4891.0,10.06,2.28,Radial Velocity,2011.0,137.178
Kepler-203 b,Kepler-203,2.57,,3.162697,0.043,1308.0,5821.0,1.114,1.06,Transit,2014.0,703.302
Kepler-520 c,Kepler-520,1.07,,5.21104261,0.06035,1107.0,6112.0,1.09,1.1,Transit,2016.0,623.901
HR 8799 e,HR 8799,13.11453,3178.3,20815.6,16.4,1150.0,7400.0,1.49338,1.51,Imaging,2010.0,41.2441
NGTS-2 b,NGTS-2,17.878355,235.1942,4.511164,0.063,1468.0,6478.0,1.702,1.64,Transit,2018.0,356.391
TOI-1184 b,TOI-1184,2.39,6.8,5.748433803,0.056027,715.47,4534.0,0.69,0.71,Transit,2024.0,58.5946
TOI-1772.01,TOI-1772,2.905,,8.054246874,0.078375,877.67,5583.0,0.995,0.99,Transit,2024.0,97.7562
Kepler-330 b,Kepler-330,1.35,,8.25978,0.075,714.0,5117.0,0.722,0.848,Transit,2014.0,717.527
TOI-5005 b,TOI-5005,6.25,32.7,6.3085044,0.06614,1040.0,5749.0,0.93,0.97,Transit,2024.0,207.891
Kepler-167 c,Kepler-167,1.674,,7.406106,0.0684,771.0,4884.0,0.749,0.777,Transit,2014.0,341.908
HD 180902 b,HD 180902,13.5,,510.9,1.4,,4961.0,4.16,1.41,Radial Velocity,2009.0,104.577
Kepler-1137 b,Kepler-1137,2.2,,23.9210791,0.1871,1020.0,6807.0,1.84,1.5,Transit,2016.0,921.778
Kepler-267 c,Kepler-267,2.13,,6.87745,0.06,484.0,4258.0,0.555,0.541571,Transit,2014.0,264.993
HD 216520 b,HD 216520,3.18,,35.45,0.198,,5103.0,0.76,0.82,Radial Velocity,2020.0,19.552
TOI-2421 b,TOI-2421,10.36830715,105.836859531,4.3474032,0.0543,1534.0,5607.0,1.75,1.131,Transit,2022.0,327.927
Kepler-242 b,Kepler-242,2.61,,8.20395,0.075,742.0,5020.0,0.85,0.748,Transit,2014.0,600.241
TOI-5076 b,TOI-5076,3.48935569,16.1456830756,23.443162,0.1481,550.0,4780.0,0.844,0.789,Transit,2024.0,82.857
TOI-1453 c,TOI-1453,2.224,2.95,6.5886982,,819.8,4975.0,0.72,0.715,Transit,2025.0,78.7415
GJ 1132 c,GJ 1132,1.52,,8.929,0.0476,300.0,3090.0,0.226,0.198,Radial Velocity,2018.0,12.613
WASP-127 b,WASP-127,14.694999,52.346601,4.17806203,0.0484,1400.0,5620.0,1.333,0.95,Transit,2016.0,159.507
KELT-20 b,KELT-20,19.514869,1074.90106,3.4741085,0.0542,2262.0,8720.0,1.565,1.76,Transit,2017.0,136.426
TOI-4504 d,TOI-4504,13.6,450.2357213562,40.5634,0.2219,,5315.0,0.92,0.89,Transit Timing Variations,2024.0,342.605
TOI-4137 b,TOI-4137,13.57407563,457.67290608,3.8016122,0.05222,1570.0,6202.0,1.438,1.313,Transit,2022.0,334.993
K2-213 b,K2-213,1.51398464,,8.13087,,,5794.0,1.20424,1.069596,Transit,2018.0,389.702
TOI-2458 c,TOI-2458,3.18,,16.553,0.129,,6005.0,1.31,1.05,Radial Velocity,2024.0,112.958
DMPP-1 b,DMPP-1,4.26,,17.812,0.1423,877.0,6196.0,1.26,1.21,Radial Velocity,2019.0,62.5388
DMPP-1 c,DMPP-1,3.31,,10.03,0.0973,1239.0,6196.0,1.26,1.21,Radial Velocity,2019.0,62.5388
TOI-512 b,TOI-512,1.54,3.57,7.18886,,1009.0,5277.0,0.89,0.74,Transit,2025.0,67.3975
Kepler-1577 b,Kepler-1577,1.13,,6.30560247,0.0657,1125.0,4862.0,0.74,0.78,Transit,2016.0,510.029
HD 73344 d,HD 73344,13.2,810.46243785,5823.0,6.7,,6148.0,1.22,1.19,Radial Velocity,2025.0,35.26
Kepler-751 b,Kepler-751,2.46,,17.44490636,0.1263,679.0,5387.0,0.84,0.87,Transit,2016.0,760.43
Kepler-606 b,Kepler-606,3.31,,24.31575992,0.17,683.0,6161.0,1.22,1.13,Transit,2016.0,1215.11
Kepler-1575 b,Kepler-1575,1.31,,2.55314213,0.0366,1312.0,5667.0,0.92,0.95,Transit,2016.0,1246.92
TOI-561 d,TOI-561,2.615,13.33,25.71268,0.1587,600.0,5342.0,0.843,0.806,Transit,2020.0,85.799
HD 207832 b,HD 207832,14.2,,160.07,0.586,,5726.0,0.89,1.05,Radial Velocity,2012.0,58.9291
HD 102956 b,HD 102956,13.8,,6.4947,0.0807,,4985.0,4.55,1.66,Radial Velocity,2010.0,121.89
WASP-132 c,WASP-132,1.841,6.26,1.01153624,0.01833,1329.0,4686.0,0.758,0.789,Transit,2022.0,122.91
Kepler-1490 b,Kepler-1490,3.04,,92.4362973,0.3729,348.0,5515.0,0.87,0.9,Transit,2016.0,862.92
TOI-2364 b,TOI-2364,8.60849718,71.511391575,4.0197517,0.04871,1091.0,5306.0,0.886,0.954,Transit,2023.0,219.614
TOI-4994 b,TOI-4994,8.54124329,88.99195396,21.491984,0.1515,717.6,5640.0,1.055,1.005,Transit,2024.0,329.304
HD 20794 d,HD 20794,2.04,,89.68,0.3625,388.0,5368.0,0.93,0.79,Radial Velocity,2011.0,6.00278
Kepler-377 b,Kepler-377,1.39,,12.509529,0.109,875.0,5949.0,1.224,1.043,Transit,2014.0,823.804
EPIC 212499991 b,EPIC 212499991,1.6,,34.885,,,4982.79,0.757541,0.912,Transit,2019.0,283.29
Kepler-227 c,Kepler-227,3.04,,54.418694,0.29,443.0,5854.0,1.091,0.954,Transit,2014.0,1083.06
Kepler-887 b,Kepler-887,1.84,,20.42228798,0.15431,785.0,6194.0,1.29,1.19,Transit,2016.0,886.588
GJ 3138 c,GJ 3138,1.88,,5.974,0.057,,3717.0,0.5,0.681,Radial Velocity,2017.0,28.4712
TOI-2842 b,TOI-2842,12.84549188,117.59651059,3.5514058,0.0475,1471.0,5910.0,1.265,1.135,Transit,2023.0,460.995
TOI-2977 b,TOI-2977,13.15934334,533.95172376,2.3505614,0.03386,1544.0,5691.0,1.073,0.936,Transit,2023.0,
TOI-2583 A b,TOI-2583 A,14.4595851,79.45710175,4.5207265,0.0571,1456.0,5936.0,1.477,1.215,Transit,2023.0,566.189
Kepler-1503 b,Kepler-1503,2.27,,96.16987,0.3771,321.0,5069.0,0.74,0.77,Transit,2016.0,1225.57
Kepler-1781 b,Kepler-1781,2.38091029,,4.88752985,0.0574,1003.0,5568.0,0.957,1.053,Transit,2021.0,962.63
TOI-3023 b,TOI-3023,16.43236571,197.05361234,3.9014971,0.0505,1596.0,5760.0,1.668,1.12,Transit,2023.0,389.916
Kepler-198 d,Kepler-198,1.53,,1.31184443,0.02342,1562.0,5636.0,0.93,0.97,Transit,2016.0,495.358
TOI-2133 b,TOI-2133,2.37,,3.8266472,0.041,798.0,4250.0,0.62,0.644,Transit,2026.0,75.1973
LHS 1903 c,LHS 1903,2.046,4.55,6.226185,0.05387,559.0,3664.0,0.539,0.538,Transit,2026.0,35.6917
TOI-4504 b,TOI-4504,2.691,,2.42614,0.03392,1234.03,5315.0,0.92,0.89,Transit,2024.0,342.605
HIP 948 b,HIP 948,12.1,6547.2651842,24955.45756,15.037,,4497.0,0.688488,0.71,Radial Velocity,2022.0,34.8523
Kepler-1204 b,Kepler-1204,3.05,,85.7350285,0.3877,448.0,5825.0,1.03,1.03,Transit,2016.0,1175.22
TOI-2587 A b,TOI-2587 A,12.07207221,69.286592726,5.45664,0.0635,1445.0,5760.0,1.726,1.15,Transit,2023.0,373.675
Kepler-251 e,Kepler-251,2.77,,99.640161,0.404,360.0,5526.0,0.89,0.891,Transit,2014.0,924.625
Kepler-547 b,Kepler-547,4.0,,6.010384289,0.058,768.0,4828.0,0.73,0.78,Transit,2016.0,378.972
Kepler-1828 b,Kepler-1828,2.11598626,,10.2737999,0.0924,799.0,5806.0,0.899,0.996,Transit,2021.0,871.81
Kepler-1328 b,Kepler-1328,0.98,,4.52158888,0.052,1214.0,5780.0,0.99,1.0,Transit,2016.0,813.543
Kepler-874 b,Kepler-874,3.94,,40.0686727,0.2234,560.0,6020.0,1.13,1.09,Transit,2016.0,1082.16
HD 20794 f,HD 20794,2.28,,647.6,1.3541,,5368.0,0.93,0.79,Radial Velocity,2025.0,6.00278
Gl 725 A b,Gl 725 A,1.48,,11.2201,0.068,,3433.0,0.351,0.33,Radial Velocity,2025.0,3.5214
Kepler-32 b,Kepler-32,2.2,1303.0,5.90124,0.05,514.0,3900.0,0.53,0.58,Transit,2011.0,323.847
Kepler-1150 b,Kepler-1150,1.02,,2.787868386,0.0382,1432.0,4754.0,0.72,0.76,Transit,2016.0,358.518
ZTF J1230-2655 b,ZTF J1230-2655,13.78704626,7024.0077947,0.23597766,,,10000.0,0.0123,0.646,Transit,2025.0,186.69
TOI-3912 b,TOI-3912,14.28024141,129.038333242,3.4936264,0.0463,1512.0,5725.0,1.392,1.088,Transit,2023.0,465.992
K2-104 b,K2-104,1.79,,1.9741954,0.0242,798.0,3712.0,0.48,0.51,Transit,2016.0,189.289
HD 65216 b,HD 65216,13.6,,577.6,1.301,,5612.0,0.88,0.874,Radial Velocity,2003.0,35.1205
HD 65216 c,HD 65216,13.4,,5370.0,5.75,,5612.0,0.88,0.874,Radial Velocity,2013.0,35.1205
Kepler-1151 b,Kepler-1151,2.22,,65.6478424,0.3197,485.0,5470.0,0.85,0.88,Transit,2016.0,682.436
TOI-2818 b,TOI-2818,15.27784069,225.65816897,4.039709,0.0493,1376.0,5721.0,1.229,0.977,Transit,2023.0,312.674
HIP 65407 c,HIP 65407,13.9,,67.3,0.316,,5460.0,0.952252,0.93,Radial Velocity,2016.0,61.7804
Kepler-124 c,Kepler-124,1.75,,13.821375,0.1,560.0,4984.0,0.636,0.706,Transit,2014.0,420.046
TOI-2537 b,TOI-2537,11.25381662,415.401727949,94.1022,0.3715,338.0,4870.0,0.771,0.771,Transit,2024.0,184.986
Kepler-999 b,Kepler-999,2.34,,5.991857017,0.06918,1355.0,6237.0,1.65,1.29,Transit,2016.0,545.063
Oph 11 b,Oph 11,12.3,4449.62,7300000.0,243.0,2175.0,2375.0,0.232692,0.016,Imaging,2006.0,136.16559197
K2-11 b,K2-11,7.55,,39.93767,0.2257,734.0,5433.0,5.15,1.35,Transit,2015.0,329.309
HD 38283 b,HD 38283,14.0,,363.20001,1.02,,5981.0,1.49,1.37,Radial Velocity,2010.0,38.0615
Kepler-518 b,Kepler-518,2.11,,8.512035877,0.07996,839.0,5842.0,0.88,0.96,Transit,2016.0,337.901
Kepler-265 d,Kepler-265,2.49,,43.130617,0.236,554.0,5835.0,1.103,0.97,Transit,2014.0,1280.25
HD 188015 b,HD 188015,13.6,,461.2,1.203,,5746.0,1.125296,1.09,Radial Velocity,2004.0,50.6706
DMPP-1 d,DMPP-1,2.02,,3.1417,0.04467,1632.0,6196.0,1.26,1.21,Radial Velocity,2019.0,62.5388
WASP-149 b,WASP-149,15.24421375,314.967951337,1.332813,0.024,1855.0,5750.0,1.08,1.05,Transit,2025.0,211.73
G 192-15 c,G 192-15,3.87,,1219.0,1.137,55.9,2999.0,0.170718,0.132,Radial Velocity,2025.0,9.53114
G 261-6 b,G 261-6,1.1,,5.4536,0.02971,322.3,2907.0,0.153162,0.118,Radial Velocity,2025.0,10.6267
TOI-3493 b,TOI-3493,3.22,8.97,8.1594667,,1102.0,5844.0,1.228,1.023,Transit,2025.0,96.7224
Kepler-24 e,Kepler-24,2.78,26.2118,18.998355,0.138,792.0,5897.0,1.289,1.046,Transit,2014.0,1156.81
TOI-3807 b,TOI-3807,18.49481816,330.54154328,2.8989727,0.0421,1646.0,5772.0,1.468,1.181,Transit,2023.0,421.745
Gl 410 b,Gl 410,2.83,,6.02,0.0531,,3842.0,0.543,0.55,Radial Velocity,2025.0,11.9324
TOI-4463 A b,TOI-4463 A,13.26022417,252.355755158,2.8807198,0.04036,1395.0,5640.0,1.062,1.056,Transit,2023.0,173.117
Kepler-797 b,Kepler-797,2.17,,27.07237711,0.181,605.0,5680.0,0.95,0.96,Transit,2016.0,1315.26
HD 11755 b,HD 11755,12.8,,433.70001,1.09,,4312.0,20.58,0.72,Radial Velocity,2015.0,235.045
KOI-351 b,KOI-351,1.31,,7.008151,0.074,1062.0,6080.0,1.2,1.2,Transit,2013.0,848.254
Kepler-1793 b,Kepler-1793,3.79037518,,8.779999733,0.0787,713.0,5191.0,0.764,0.85,Transit,2021.0,1189.88
Kepler-309 c,Kepler-309,2.51,,105.356383,0.401,204.0,4713.0,0.721,0.816,Transit,2014.0,544.568
HD 40307 c,HD 40307,,1868.513204753,9.6184,0.0799,696.0,4956.0,0.716684,0.77,Radial Velocity,2009.0,12.9363
HD 7199 b,HD 7199,,3639.13526015,615.0,1.36,,5371.0,0.97,0.77,Radial Velocity,2011.0,36.1531
KMT-2019-BLG-0578L b,KMT-2019-BLG-0578L,13.7,381.3940884,,2.0,,,,0.28,Microlensing,2025.0,7300.0
KMT-2021-BLG-0736L b,KMT-2021-BLG-0736L,4.86,21.0,,4.0,,,,0.6,Microlensing,2025.0,7000.0
GJ 251 c,GJ 251,1.8,,53.647,0.196,216.0,3342.0,0.36,0.35,Radial Velocity,2025.0,5.58057
K2-200 b,K2-200,1.3643987,,2.849883,,,5233.0,0.791736,0.860208,Transit,2018.0,184.131
Kepler-922 b,Kepler-922,1.42,,0.938466832,0.01795,1876.0,5671.0,0.93,0.95,Transit,2016.0,536.323
Kepler-1780 b,Kepler-1780,3.60600667,,109.4449997,0.4276,340.0,5403.0,0.868,0.868,Transit,2021.0,790.516
Kepler-509 b,Kepler-509,2.49,,41.74600392,0.23702,584.0,6060.0,1.2,1.1,Transit,2016.0,332.443
GJ 649 b,GJ 649,10.8,,600.1,1.112,,3734.0,0.5,0.51,Radial Velocity,2009.0,10.3796
Kepler-813 b,Kepler-813,2.14,,19.12947337,0.1439,817.0,5743.0,0.93,0.95,Transit,2016.0,840.0
HD 222582 b,HD 222582,12.6,,572.38,1.34,,5790.0,1.13,1.12,Radial Velocity,1999.0,42.1586
Kepler-1551 b,Kepler-1551,2.66,,24.4973698,0.1772,722.0,6136.0,1.22,1.14,Transit,2016.0,1463.72
Kepler-1352 b,Kepler-1352,0.89,,1.877882748,0.02883,1701.0,6118.0,1.16,1.11,Transit,2016.0,670.829
Kepler-1422 b,Kepler-1422,2.02,,18.6051942,0.1499,833.0,6194.0,1.23,1.15,Transit,2016.0,2465.84
GJ 849 c,GJ 849,13.8,,5990.0,4.95,,3467.0,0.45,0.45,Radial Velocity,2014.0,8.80058
EPIC 206042996 b,EPIC 206042996,1.7,,5.2986,,,4114.0,0.5,0.565,Transit,2019.0,451.769
HD 49674 b,HD 49674,6.2,,4.94737,0.06,,5602.0,1.02,1.03,Radial Velocity,2002.0,43.0399
Kepler-26 d,Kepler-26,1.07,,3.543919,0.039,652.0,4486.0,0.571,0.593,Transit,2014.0,335.307
Kepler-229 d,Kepler-229,3.85,,41.194912,0.22,439.0,5120.0,0.728,0.808,Transit,2014.0,826.265
WASP-116 b,WASP-116,13.67495645,203.41018048,6.6132,0.065,1414.0,6250.0,1.426,1.25,Transit,2025.0,559.243
WASP-188 b,WASP-188,14.81827249,458.626391301,5.748916,0.072,1666.0,6850.0,1.83,1.5,Transit,2025.0,675.281
Kepler-320 c,Kepler-320,1.37,,17.934937,0.142,1002.0,6435.0,1.108,1.072,Transit,2014.0,826.613
TOI-771 b,TOI-771,1.36,2.47,2.3260155,0.0208,543.0,3370.0,0.232,0.22,Transit,2024.0,25.2788
Kepler-926 b,Kepler-926,2.31,,52.0688601,0.2739,524.0,5806.0,1.01,1.01,Transit,2016.0,921.361
Kepler-106 e,Kepler-106,2.56,11.17,43.8445,0.24006,531.0,5858.0,1.04,1.0,Transit,2014.0,444.322
Kepler-402 b,Kepler-402,1.22,,4.028751,0.051,1311.0,6090.0,1.264,1.072,Transit,2014.0,625.339
TOI-1266 c,TOI-1266,1.98,3.17,18.8027,0.105,346.0,3563.0,0.4232,0.437,Transit,2020.0,36.0118
Barnard b,Barnard's star,0.72,,3.1542,0.0229,438.0,3195.0,0.185,0.162,Radial Velocity,2024.0,1.82655
Barnard c,Barnard's star,0.743,,4.1244,0.0274,400.0,3195.0,0.185,0.162,Radial Velocity,2025.0,1.82655
Kepler-1202 b,Kepler-1202,2.94,,28.6851324,0.179,547.0,5834.0,1.04,1.03,Transit,2016.0,1175.38
TOI-942 c,TOI-942,4.67,37.0,10.156272,0.08598,,4969.0,0.894,0.822,Transit,2020.0,152.601
TOI-1266 d,TOI-1266,1.74,3.68,32.509,0.1513,288.0,3563.0,0.4232,0.437,Transit Timing Variations,2025.0,36.0118
TOI-2015 b,TOI-2015,3.309,9.2,3.348237,0.029322,530.9,3297.0,0.3273,0.3041,Transit,2023.0,47.3444
TOI-2015 c,TOI-2015,2.93,8.91,5.582796,0.041232,448.0,3297.0,0.3273,0.3041,Transit Timing Variations,2025.0,47.3444
Kepler-1474 b,Kepler-1474,2.16,,36.4333452,0.2108,561.0,5870.0,1.04,1.04,Transit,2016.0,1180.9
Kepler-128 c,Kepler-128,1.521,3.38,22.8,0.16517,843.0,6072.0,1.659,1.184,Transit,2013.0,396.379
Kepler-1734 b,Kepler-1734,3.08851092,,6.796850204,0.0714,985.0,6061.0,0.97,1.05,Transit,2021.0,1482.83
Kepler-671 b,Kepler-671,2.69,,4.280958588,0.0503,1012.0,5624.0,0.95,0.97,Transit,2016.0,1168.26
Kepler-186 c,Kepler-186,1.25,,7.267302,0.0451,464.0,3788.0,0.472,0.478,Transit,2014.0,177.594
Kepler-339 b,Kepler-339,1.42,,4.977656,0.055,1023.0,5631.0,0.802,0.87,Transit,2014.0,616.637
G 268-110 b,G 268-110,1.13,,1.43263,0.01283,534.0,,0.177,0.137,Radial Velocity,2025.0,
G 192-15 b,G 192-15,1.02,,2.27476,0.01723,453.6,2999.0,0.170718,0.132,Radial Velocity,2025.0,9.53114
TOI-942 b,TOI-942,3.89,16.0,4.32421,0.04866,1120.0,4969.0,0.894,0.822,Transit,2020.0,152.601
HD 80883 b,HD 80883,12.8,1748.0562385,6383.78352,6.462,,5177.91,0.814842,0.88,Radial Velocity,2022.0,34.6011
Kepler-777 b,Kepler-777,1.47,,5.72812599,0.0519,569.0,4043.0,0.56,0.58,Transit,2016.0,443.106
Kepler-83 c,Kepler-83,2.36,2.03,20.09,0.11796,362.0,4082.0,0.61,0.66,Transit,2012.0,400.409
CoRoT-27 b,CoRoT-27,11.287,3302.11,3.57532,0.0476,1500.0,5900.0,1.08,1.05,Transit,2014.0,1010.28
Barnard e,Barnard's star,0.637,,6.7392,0.0381,340.0,3195.0,0.185,0.162,Radial Velocity,2025.0,1.82655
TOI-1117 c,TOI-1117,2.91,,4.579,0.0534,1210.0,5635.0,1.05,0.97,Radial Velocity,2025.0,167.598
TOI-1117 d,TOI-1117,3.27,,8.665,0.0817,978.0,5635.0,1.05,0.97,Radial Velocity,2025.0,167.598
TOI-2992 b,TOI-2992,13.75341932,1058.36859531,3.007812,0.0434,1726.0,6000.0,1.545,1.21,Transit,2025.0,542.026
Kepler-1206 b,Kepler-1206,1.64,,1.216997663,0.0201,1314.0,4877.0,0.75,0.8,Transit,2016.0,762.019
HD 125595 b,HD 125595,,3531.07360177,9.6737,0.08,,4691.0,0.74,0.29,Radial Velocity,2009.0,28.1989
HD 179079 b,HD 179079,,4195.3349724,14.479,0.1214,,5646.0,1.63,1.14,Radial Velocity,2008.0,69.7116
TOI-3160 A b,TOI-3160 A,13.7646283,378.21580433,3.971281,0.0505,1539.0,6190.0,1.346,1.088,Transit,2025.0,567.678
HIP 67851 c,HIP 67851,12.7,2204.775659359,3128.41,4.55,,4840.0,5.45,1.28,Radial Velocity,2015.0,64.1181
HD 87816 b,HD 87816,12.7,,484.17,1.618,,4989.0,9.0,2.41,Radial Velocity,2025.0,133.233
TOI-6894 b,TOI-6894,9.5836785,53.395172376,3.37077196,0.02604,417.9,3007.0,0.2276,0.207,Transit,2025.0,73.8131
TIC 88785435 b,TIC 88785435,5.03,,10.508843,0.08432,635.0,3998.0,0.911,0.724,Transit,2025.0,122.386
KOI-134 c,KOI-134,9.86,69.92224954,33.95,0.2305,,6160.0,1.667,1.407,Transit Timing Variations,2025.0,1159.21
TOI-3474 b,TOI-3474,14.67255574,193.87532827,3.8795105,0.0502,1451.0,6020.0,1.256,1.121,Transit,2025.0,420.123
Kepler-1602 b,Kepler-1602,1.34,,11.17931605,0.09744,1159.0,6296.0,1.36,1.22,Transit,2016.0,629.804
OGLE-TR-56 b,OGLE-TR-56,15.278,441.77,1.2119189,0.02383,2212.0,6050.0,1.363,1.228,Transit,2002.0,282.83913869
KOI-134 b,KOI-134,12.03844527,346.43296363,67.1277,0.363,659.0,6160.0,1.667,1.407,Transit,2025.0,1159.21
K2-169 b,K2-169,1.27328671,,6.380803,,,5548.0,0.919053,0.986144,Transit,2018.0,235.867
Kepler-370 b,Kepler-370,1.59,,4.57953,0.054,1040.0,5852.0,0.9,0.982,Transit,2014.0,1167.94
Kepler-1762 b,Kepler-1762,2.76022913,,29.53910065,0.204,714.0,6572.0,1.238,1.298,Transit,2021.0,1663.74
Kepler-511 c,Kepler-511,4.20964327,,26.62949944,0.17177,742.0,5866.0,1.417,0.958,Transit,2021.0,651.999
KOI-1843.03,Kepler-974,0.61,8.0,0.1768913,0.005,1654.0,3584.0,0.45,0.46,Transit,2013.0,134.311
K2-416 b,K2-416,2.66,1652.7077164,13.102,0.088,447.0,3746.0,0.554,0.548,Transit,2023.0,120.311
TOI-4791 b,TOI-4791,12.44196858,734.18362017,4.28088,0.0555,1472.0,6058.0,1.409,1.242,Transit,2023.0,328.802
Kepler-369 b,Kepler-369,1.13,,2.732756,0.03,687.0,3591.0,0.471,0.5,Transit,2014.0,214.0
Kepler-778 b,Kepler-778,1.68,,3.75574426,0.0453,977.0,5102.0,0.77,0.81,Transit,2016.0,938.168
HD 87816 c,HD 87816,12.4,,7596.0,10.14,,4989.0,9.0,2.41,Radial Velocity,2025.0,133.233
HD 102888 b,HD 102888,12.8,,252.06,1.05,,4990.0,8.6,2.42,Radial Velocity,2025.0,126.484
tau Cet g,tau Cet,1.18,,20.0,0.133,,5310.0,0.83,0.783,Radial Velocity,2017.0,3.60304
tau Cet h,tau Cet,1.19,,49.41,0.243,,5310.0,0.83,0.783,Radial Velocity,2017.0,3.60304
tau Cet f,tau Cet,1.81,,636.13,1.334,,5310.0,0.83,0.783,Radial Velocity,2017.0,3.60304
WASP-80 b,WASP-80,11.197791,170.99254,3.06785234,0.0344,825.0,4143.0,0.586,0.577,Transit,2012.0,49.7876
TOI-5300 b,TOI-5300,9.86390302,190.6970442,2.262196,0.0295,1043.0,4610.0,0.65,0.67,Transit,2025.0,162.51
TOI-2031 A b,TOI-2031 A,14.20177855,254.2627256,5.71548654,0.066,1358.0,6490.0,1.241,1.174,Transit,2025.0,276.105
TOI-5882 b,TOI-5882,11.46678726,6995.40323807,7.148972,0.0804,1515.0,5920.0,2.26,1.334,Transit,2025.0,416.104
TOI-2169 A b,TOI-2169 A,12.50922246,329.588058059,8.2148282,0.0896,1364.0,6270.0,1.82,1.42,Transit,2025.0,351.487
Kepler-878 b,Kepler-878,1.93,,25.9422033,0.165,501.0,5044.0,0.77,0.81,Transit,2016.0,791.625
K2-72 e,K2-72,1.29,,24.158868,0.106,,3360.47,0.330989,0.271365,Transit,2016.0,66.4321
HD 25171 b,HD 25171,13.9,,1802.29,2.971,,6125.0,1.23,1.076,Radial Velocity,2010.0,55.6146
TOI-6707 b,TOI-6707,5.72673066,,3.83479363758,,1509.43,6289.49,1.58202,1.14,Transit,2026.0,641.467
TOI-3682 b,TOI-3682,12.80065596,69.286592726,3.3462406,0.048,1657.0,5703.0,1.735,1.32,Transit,2025.0,404.211
HD 155918 c,HD 155918,12.8,1878.048056963,17202.19446,13.183,,5771.84,1.01906,1.03,Radial Velocity,2022.0,27.561
Kepler-1508 b,Kepler-1508,1.33,,20.7056504,0.1629,967.0,6158.0,1.22,1.14,Transit,2016.0,1260.28
Kepler-156 b,Kepler-156,2.3,,4.973456,0.054,867.0,5094.0,0.807,0.864,Transit,2014.0,443.483
HD 15906 b,HD 15906,2.24,,10.924709,0.09,668.0,4757.0,0.762,0.79,Transit,2023.0,45.5621
Kepler-1356 b,Kepler-1356,1.53,,0.634002937,0.0136,1714.0,5106.0,0.78,0.82,Transit,2016.0,845.228
Kepler-1012 b,Kepler-1012,1.29,,5.50860439,0.06066,934.0,5556.0,0.91,0.95,Transit,2016.0,411.077
TOI-2346 b,TOI-2346,16.11851425,394.10722468,3.3312029,0.0473,1689.0,6480.0,1.38,1.271,Transit,2025.0,437.484
Kepler-154 f,Kepler-154,1.5,,9.91935684,0.08832,838.0,5769.0,0.98,0.98,Transit,2016.0,915.212
Kepler-1234 b,Kepler-1234,2.81,,11.94014029,0.096,625.0,4967.0,0.76,0.8,Transit,2016.0,916.749
Kepler-10 b,Kepler-10,1.47,3.24,0.8374907,0.01685,2188.0,5708.0,1.065,0.91,Transit,2011.0,185.506
TOI-2886 b,TOI-2886,18.6405349,444.9597698,1.60200105,0.02871,1978.0,6240.0,1.241,1.229,Transit,2025.0,413.673
K2-157 c,K2-157,6.08,,25.942,0.165,587.0,5334.0,0.86,0.89,Radial Velocity,2025.0,298.373
HD 34445 e,HD 34445,4.26,,49.175,0.2687,,5836.0,1.38,1.07,Radial Velocity,2017.0,46.0907
Kepler-384 c,Kepler-384,1.13,,45.348269,0.236,531.0,5577.0,0.882,0.882,Transit,2014.0,895.678
Kepler-1153 b,Kepler-1153,1.73,,1.755835327,0.0277,1343.0,5470.0,0.88,0.91,Transit,2016.0,1119.49
HD 35843 c,HD 35843,2.54,11.32,46.9622,0.25,479.0,5666.0,0.897,0.94,Transit,2025.0,69.6026
TIC 434398831 c,TIC 434398831,5.63,,6.210291,0.06572,1050.0,5638.0,0.909,0.992,Transit,2025.0,217.011
TOI-2407 b,TOI-2407,4.26,,2.702969,0.033,705.0,3530.0,0.567,0.548,Transit,2025.0,92.4366
TOI-778 b,TOI-778,15.4,878.0,4.633611,0.06,1561.0,6643.0,1.71,1.4,Transit,2023.0,161.743
TOI-5573 b,TOI-5573,9.75,112.0,8.79758977,0.0712,528.0,3790.0,0.594,0.619,Transit,2025.0,186.562
Kepler-1271 b,Kepler-1271,1.48,,3.0255955,0.04233,1484.0,6143.0,1.23,1.13,Transit,2016.0,831.991
Kepler-182 c,Kepler-182,3.43,,20.684342,0.157,729.0,6250.0,1.146,1.114,Transit,2014.0,1549.09
HIP 48714 b,HIP 48714,5.11,,17.818,0.112,,4015.5,0.595456,0.58,Radial Velocity,2020.0,10.5298
HATS-23 b,HATS-23,20.84874,467.2101,2.1605156,0.03397,1654.0,5780.0,1.199,1.121,Transit,2017.0,639.004
TOI-1468 b,TOI-1468,1.401,3.04,1.8805201,0.02107,683.5,3376.0,0.3714,0.3527,Transit,2022.0,24.7399
TOI-1468 c,TOI-1468,2.126,4.1,15.532477,0.08608,338.1,3376.0,0.3714,0.3527,Transit,2022.0,24.7399
K2-152 b,K2-152,2.29,,32.6479,0.1716,337.0,4044.0,0.61,0.63,Transit,2018.0,108.449
Kepler-1626 b,Kepler-1626,2.02,,4.13962966,0.0537,1352.0,6826.0,1.85,1.51,Transit,2016.0,1368.83
HD 97048 b,HD 97048,13.3,794.575,,130.0,,10000.0,2.25,2.4,Disk Kinematics,2019.0,183.857
HD 4308 b,HD 4308,4.12,,15.56,0.12,,5686.0,1.02,0.93,Radial Velocity,2005.0,22.0158
TOI-5800 b,TOI-5800,2.46,9.5,2.6278838,0.0344,1108.0,4850.0,0.773,0.778,Transit,2025.0,42.9052
HD 224018 b,HD 224018,0.91,4.1,10.6413,0.0952,968.0,5784.0,1.147,1.013,Radial Velocity,2025.0,105.48
TOI-4214 b,TOI-4214,10.68215861,165.27077164,3.4913885,0.05018,1642.0,6370.0,1.434,1.382,Transit,2025.0,346.881
Kepler-580 b,Kepler-580,2.57,,8.222419656,0.0683,558.0,4298.0,0.64,0.67,Transit,2016.0,323.899
HD 217786 c,HD 217786,2.61,,2.52221,0.038,,5966.0,1.27,1.14,Radial Velocity,2022.0,55.4847
Kepler-219 b,Kepler-219,2.95,,4.585512,0.057,1307.0,5786.0,1.491,1.164,Transit,2014.0,787.07
Kepler-1941 b,Kepler-1941,2.64976949,,31.33510017,0.2054,666.0,6404.0,1.142,1.175,Transit,2021.0,1494.39
K2-254 b,K2-254,1.63,,4.09639,0.0448,791.0,4629.0,0.67,0.71,Transit,2018.0,227.775
TOI-5817 b,TOI-5817,3.08,10.3,15.61031,0.1223,950.0,5770.0,1.427,0.97,Transit,2025.0,80.7542
Kepler-294 b,Kepler-294,1.77,,3.701212,0.048,1087.0,5913.0,0.976,0.947,Transit,2014.0,1357.01
TOI-4734 b,TOI-4734,10.9175472,61.658710958,6.235633,0.074,1468.0,6070.0,1.857,1.391,Transit,2025.0,563.068
Kepler-296 b,Kepler-296,1.61,,10.864384,0.079,495.0,3740.0,0.48,0.498,Transit,2014.0,167.0
HD 64114 b,HD 64114,4.41,,45.791,0.246,,5676.0,0.882858,0.95,Radial Velocity,2019.0,31.5262
Kepler-1947 b,Kepler-1947,1.0101666,,6.963630199,0.07375,1298.0,6040.0,1.686,0.984,Transit,2021.0,468.771
TOI-5181 A b,TOI-5181 A,13.34989601,330.54154328,3.8922295,0.0522,1585.0,6060.0,1.53,1.25,Transit,2025.0,480.155
HD 97658 b,HD 97658,2.12,8.3,9.4897116,0.0805,751.0,5212.0,0.728,0.85,Radial Velocity,2010.0,21.5618
GJ 1252 b,GJ 1252,1.193,1.32,0.5182331,0.00915,1090.0,3458.0,0.391,0.381,Transit,2020.0,20.373
nu Oct A b,nu Oct A,13.3,696.04421133,402.4,1.24,,4910.0,5.04,1.57,Radial Velocity,2016.0,21.1999
Kepler-324 c,Kepler-324,3.15,6.2,51.805612,0.26,410.0,5194.0,0.84,0.901,Transit,2014.0,501.574
TOI-1346 b,TOI-1346,2.39,,1.7622538,,1324.0,5099.0,0.78,0.82,Transit,2025.0,115.45
TOI-4155 b,TOI-4155,3.21,,3.320729,,1255.0,5724.0,0.95,1.16,Transit,2025.0,240.737
HD 108236 c,HD 108236,2.071,,6.203449,0.062,932.0,5660.0,0.877,0.869,Transit,2020.0,64.5978
HD 151450 b,HD 151450,6.94,,21.89288,0.16,,6091.98,1.17184,1.14,Radial Velocity,2022.0,43.6002
Kepler-546 b,Kepler-546,7.0,,4.147020258,0.0502,1258.0,5967.0,1.15,1.11,Transit,2016.0,1019.65
Kepler-324 b,Kepler-324,1.14,2414.4,4.385315,0.05,935.0,5194.0,0.84,0.901,Transit,2014.0,501.574
Kepler-324 e,Kepler-324,2.03862444,235.014,13.97939968,0.10972,635.0,5191.0,0.826,0.844,Transit,2021.0,501.574
K2-6 b,K2-6,2.5,,30.94191,0.1898,615.0,5850.0,0.96,0.97,Transit,2015.0,316.819
Kepler-497 b,Kepler-497,6.04,,3.573203671,0.0457,1210.0,5834.0,1.11,1.09,Transit,2016.0,1291.98
Kepler-971 b,Kepler-971,2.13,,9.59070716,0.08679,1087.0,5431.0,0.85,0.88,Transit,2016.0,338.522
Kepler-452 b,Kepler-452,1.63,,384.843,1.046,265.0,5757.0,1.11,1.037,Transit,2015.0,551.727
Kepler-553 b,Kepler-553,4.74139884,116.007368555,4.030467,0.04766,1089.0,5191.0,0.902,0.889,Transit,2016.0,728.525
Kepler-1791 b,Kepler-1791,3.12103321,,7.720860004,0.0761,1021.0,5887.0,1.177,0.985,Transit,2021.0,602.218
Kepler-399 d,Kepler-399,1.89,,58.034616,0.261,486.0,5502.0,0.68,0.902,Transit,2014.0,740.537
Kepler-1355 b,Kepler-1355,1.46,,1.289588112,0.0224,1448.0,5352.0,0.83,0.88,Transit,2016.0,911.269
Kepler-83 b,Kepler-83,2.83,2.94,9.77,0.07295,460.0,4082.0,0.61,0.66,Transit,2012.0,400.409
Kepler-1827 b,Kepler-1827,1.85644292,,3.700619936,0.04647,1329.0,5423.0,1.404,0.915,Transit,2021.0,686.461
Kepler-1886 b,Kepler-1886,2.58158428,,24.2758007,0.16,580.0,5745.0,0.837,0.928,Transit,2021.0,1059.51
TOI-270 d,TOI-270,2.0,4.2,11.38194,0.0721,383.0,3506.0,0.38,0.386,Transit,2019.0,22.4793
Kepler-1467 b,Kepler-1467,3.3,,47.0569043,0.2388,411.0,5332.0,0.82,0.86,Transit,2016.0,852.888
Kepler-204 b,Kepler-204,2.53,,14.400974,0.117,828.0,5812.0,1.238,1.038,Transit,2014.0,686.723
HIP 5158 b,HIP 5158,13.6,,345.72,0.89,,4962.0,0.75,0.78,Radial Velocity,2009.0,51.6026
Kepler-1311 c,Kepler-1311,1.22,,2.53573424,0.03753,1671.0,5748.0,1.4,1.05,Transit,2016.0,866.331
TOI-654.01,TOI-654,2.378,8.71,1.527561,0.01944,794.0,3521.0,0.43,0.419,Transit,2024.0,57.7553
HD 235088 b,HD 235088,1.982,4.15,7.4341325,0.0706,805.0,5075.0,0.772,0.849,Transit,2023.0,41.1706
TOI-5795 b,TOI-5795,5.62,23.66,6.1406325,0.064,1136.78,5715.0,1.082,0.901,Transit,2025.0,156.53
Kepler-366 c,Kepler-366,1.79,,12.51616,0.11,848.0,6209.0,1.048,1.088,Transit,2014.0,1856.28
HD 136118 b,HD 136118,12.3,4164.187788514,1187.59765,2.327,,6097.0,1.67754,1.18,Radial Velocity,2022.0,51.4359
Kepler-283 b,Kepler-283,2.13,,11.008151,0.082,488.0,4351.0,0.566,0.596,Transit,2014.0,468.094
iot Dra b,iot Dra,12.4,,510.8544,1.453,,4504.0,11.79,1.54,Radial Velocity,2002.0,31.32832
WASP-4 b,WASP-4,15.12091496,381.3940884,1.338230994,0.02261,1653.0,5436.0,0.912,0.899,Transit,2007.0,267.206
Kepler-185 c,Kepler-185,2.02,,20.729042,0.139,530.0,5208.0,0.806,0.763,Transit,2014.0,466.735
TOI-5386 A b,TOI-5386 A,14.70618268,155.100262616,3.62156552,0.04856,1488.0,6094.0,1.245,1.165,Transit,2025.0,394.486
Kepler-1285 b,Kepler-1285,0.97,,14.7967458,0.12758,874.0,6170.0,1.28,1.2,Transit,2016.0,422.269
TOI-470 b,TOI-470,4.34,,12.19148,0.119,660.0,5190.0,0.831,0.87,Transit,2023.0,130.46
Kepler-1003 b,Kepler-1003,1.78,,3.554856915,0.04333,1157.0,6109.0,1.17,1.11,Transit,2016.0,941.902
Kepler-213 b,Kepler-213,1.62,,2.46236,0.036,1326.0,5696.0,1.195,1.07,Transit,2014.0,634.939
Kepler-112 b,Kepler-112,2.36,,8.408878,0.076,809.0,5544.0,0.841,0.782,Transit,2014.0,513.206
TOI-1438 b,TOI-1438,3.04,9.4,5.13967,0.0553,971.0,5230.0,0.82,0.876,Transit,2025.0,110.513
TOI-7333 b,TOI-7333,2.09469416,,6.26449803661,,755.0,4586.87,0.666066,0.721,Transit,2026.0,157.217
Kepler-1038 c,Kepler-1038,1.4162338,,7.127659798,0.0692,784.0,5159.0,0.821,0.868,Transit,2021.0,584.136
HD 109271 c,HD 109271,5.27,,30.93,0.196,,5783.0,1.294595,1.047,Radial Velocity,2013.0,55.8716
TOI-3856 b,TOI-3856,13.59649359,171.62733978,2.04360352,0.0325,1544.0,5622.0,1.055,1.096,Transit,2025.0,314.443
TOI-3877 b,TOI-3877,11.67975789,99.798119798,4.123596,0.0529,1445.0,5731.0,1.445,1.16,Transit,2025.0,493.77
TOI-3980 b,TOI-3980,14.4595851,187.51876013,3.6089254,0.0494,1621.0,5840.0,1.626,1.24,Transit,2025.0,486.721
Kepler-26 e,Kepler-26,2.41,,46.827915,0.22,276.0,4486.0,0.571,0.593,Transit,2014.0,335.307
Kepler-1731 b,Kepler-1731,2.93295657,,21.76129913,0.1399,486.0,4859.0,0.72,0.781,Transit,2021.0,169.948
TOI-622 b,TOI-622,9.2362001,96.302007321,6.402513,0.0708,1388.0,6400.0,1.415,1.313,Transit,2023.0,123.297
Kepler-169 b,Kepler-169,1.13,,3.250619,0.04,962.0,4997.0,0.763,0.825,Transit,2014.0,406.529
Kepler-239 b,Kepler-239,2.33,,11.763051,0.095,616.0,4914.0,0.763,0.757,Transit,2014.0,648.109
Kepler-1812 b,Kepler-1812,2.3249424,,7.165219784,0.0765,1034.0,6174.0,1.103,1.162,Transit,2021.0,1409.19
Kepler-738 b,Kepler-738,2.5,,24.58721573,0.1552,530.0,5327.0,0.82,0.86,Transit,2016.0,1113.65
Kepler-1778 b,Kepler-1778,3.01665969,,10.08740044,0.0956,942.0,6310.0,1.095,1.143,Transit,2021.0,1276.29
Kepler-1005 b,Kepler-1005,1.5,,6.49801525,0.06717,1026.0,5782.0,1.06,1.0,Transit,2016.0,567.806
Kepler-617 b,Kepler-617,1.32,,1.682696148,0.0219,750.0,3712.0,0.48,0.51,Transit,2016.0,173.354
Kepler-371 c,Kepler-371,1.78,,67.968015,0.313,443.0,5666.0,0.992,0.876,Transit,2014.0,813.192
Kepler-211 b,Kepler-211,1.26,,4.138575,0.048,954.0,5123.0,0.816,0.867,Transit,2014.0,309.353
HD 25912 b,HD 25912,6.9,,41.83156,0.242,,5920.58,0.995896,1.08,Radial Velocity,2022.0,49.1661
TOI-4010 b,TOI-4010,3.02,11.0,1.348335,0.0229,1441.0,4960.0,0.83,0.88,Transit,2023.0,177.504
HD 196067 b,HD 196067,12.4,3623.2438398,3413.7,4.71,,6072.0,1.71,1.16,Radial Velocity,2012.0,39.9346
TOI-283 b,TOI-283,2.34,6.54,17.61745,0.123,661.0,5213.0,0.85,0.8,Transit,2025.0,82.7013
TOI-2641 b,TOI-2641,18.10250383,122.681765102,4.880974,0.0607,1387.0,6100.0,1.336,1.16,Transit,2023.0,344.045
TOI-2322 b,TOI-2322,0.994,2.31,11.30717,0.0924,603.1,4664.0,0.662,0.703,Transit,2025.0,59.861
HD 284149 AB b,HD 284149 A,12.0,8352.53053596,,431.16,2395.0,6035.0,1.36,1.13,Imaging,2017.0,117.807
Kepler-925 b,Kepler-925,2.34,,33.8678531,0.1805,394.0,4673.0,0.72,0.77,Transit,2016.0,611.115
Kepler-54 c,Kepler-54,1.23,0.7,12.0717249,0.0809,395.0,3705.0,0.5,0.51,Transit,2012.0,271.701
HD 210193 b,HD 210193,14.3,,649.918,1.487,,5790.0,1.05971,1.04,Radial Velocity,2019.0,42.2029
TOI-5261 b,TOI-5261,11.60129502,3651.84839643,4.1509768,0.05134,1244.0,5790.0,1.021,1.037,Transit,2025.0,377.054
TOI-5350 b,TOI-5350,12.41955062,2094.48920213,7.581367,0.0796,1195.0,6220.0,1.263,1.167,Transit,2025.0,277.419
TOI-1235 b,TOI-1235,1.69,6.69,3.444714,0.03845,775.0,3997.0,0.619,0.63,Transit,2020.0,39.6345
TOI-4010 e,TOI-4010,13.3,,762.0,1.57,174.0,4960.0,0.83,0.88,Radial Velocity,2023.0,177.504
HD 28471 c,HD 28471,2.26,,6.1245,0.065,1066.0,5766.0,1.08,0.98,Radial Velocity,2025.0,43.6455
TOI-5799 b,TOI-5799,1.733,,4.164507,0.0348,505.0,3452.0,0.321,0.325,Transit,2024.0,27.8123
Kepler-801 b,Kepler-801,2.0,,11.41928253,0.0795,419.0,4435.0,0.63,0.67,Transit,2016.0,440.426
Kepler-750 c,Kepler-750,1.62,,4.08899022,0.05009,1537.0,6160.0,1.23,1.15,Transit,2016.0,1296.02
WISPIT 1 c,WISPIT 1,12.8,1684.4905571,,840.0,,4670.0,1.1161,0.72,Imaging,2025.0,230.007
WISPIT 2 b,WISPIT 2,17.93436912,1541.46777395,,57.0,,4400.0,1.418,1.08,Imaging,2025.0,134.907
HR 8799 b,HR 8799,13.0,2000.0,170000.0,68.0,1200.0,7204.58,1.49338,1.5,Imaging,2008.0,41.2441
LHS 3844 b,LHS 3844,1.286,2.37,0.462929709,0.00624,816.0,3080.0,0.189,0.151,Transit,2019.0,14.8846
TOI-2093 b,TOI-2093,3.25,,12.836,0.097,535.0,4426.0,0.729,0.745,Radial Velocity,2025.0,82.7982
HD 196067 c,HD 196067,3.21,,4.601088,,,6072.0,1.71,1.16,Radial Velocity,2025.0,39.9346
TOI-6054.02,TOI-6054,2.82,9.3,12.563636,0.1079,1143.0,6047.0,1.662,1.107,Transit,2024.0,79.407
TOI-6054.01,TOI-6054,2.64,12.5,7.501428,0.0763,1360.0,6047.0,1.662,1.107,Transit,2024.0,79.407
Kepler-117 b,Kepler-117,8.059,29.875,18.7959228,0.1445,984.0,6150.0,1.606,1.129,Transit,2014.0,1455.57
Kepler-1724 b,Kepler-1724,2.83677238,,6.45442009,0.0683,999.0,6092.0,0.943,1.016,Transit,2021.0,1060.77
GJ 180 d,GJ 180,2.66,,106.3,0.309,,3371.0,0.413049,0.43,Radial Velocity,2020.0,11.9407
Kepler-103 b,Kepler-103,3.4857,11.67,15.9653287,0.133,973.0,6047.0,1.492,1.212,Transit,2014.0,494.832
Kepler-103 c,Kepler-103,5.4539,58.47,179.60978,0.6679,434.0,6047.0,1.492,1.212,Transit,2014.0,494.832
Kepler-34 b,Kepler-34,8.564,69.92,288.822,1.0896,,5913.0,1.1618,1.0479,Transit,2011.0,1800.82
MOA-2011-BLG-291L b,MOA-2011-BLG-291L,4.43,18.0,,0.69,,,,0.15,Microlensing,2018.0,4400.0
OGLE-2019-BLG-0468L b,OGLE-2019-BLG-0468L,13.1,1090.15143601,,3.29,,,,0.92,Microlensing,2022.0,4400.0
OGLE-2019-BLG-0960L b,OGLE-2019-BLG-0960L,1.39,2.5,,1.9,,,,0.5,Microlensing,2021.0,980.0
KMT-2024-BLG-0404L c,KMT-2024-BLG-0404L,4.33,17.3,,,,,,0.09,Microlensing,2025.0,7210.0
OGLE-2017-BLG-1375L b,OGLE-2017-BLG-1375L,12.4,3585.0,,3.04,,,,0.81,Microlensing,2020.0,3930.0
Kepler-126 c,Kepler-126,1.58,,21.869741,0.162,790.0,6239.0,1.358,1.108,Transit,2014.0,237.401
Kepler-1455 b,Kepler-1455,2.16,,49.276764,0.2149,298.0,4075.0,0.6,0.62,Transit,2016.0,357.621
Kepler-998 b,Kepler-998,2.32,,5.65377733,0.0626,1020.0,6058.0,1.18,1.12,Transit,2016.0,986.364
TOI-6109 c,TOI-6109,4.8326,,8.538878,0.0786,786.0,5660.0,1.021,1.03,Transit,2025.0,151.738
eps CrB b,eps CrB,12.7,,417.9,1.3,,4406.0,21.0,1.7,Radial Velocity,2012.0,69.8683
GJ 685 b,GJ 685,2.95,,24.16,0.1344,,3816.0,0.54,0.55,Radial Velocity,2019.0,14.3155
TOI-4010 c,TOI-4010,5.93,20.31,5.414654,0.058,907.0,4960.0,0.83,0.88,Transit,2023.0,177.504
TOI-2449 b,TOI-2449,11.24,222.0,106.14468,0.45,400.0,6021.0,1.065,1.079,Transit,2025.0,156.786
HIP 18606 b,HIP 18606,14.0,,674.94,1.61,,4860.0,4.83,1.21,Radial Velocity,2025.0,47.0288
TOI-2345 c,TOI-2345,2.451,7.27,21.064302,0.1257,544.0,4687.0,0.729,0.727,Transit,2025.0,81.6541
55 Cnc b,55 Cnc,13.9,263.9785,14.651552,0.118,700.0,5198.0,0.98,1.015,Radial Velocity,1996.0,12.5855
Kepler-733 b,Kepler-733,2.82,,20.83424726,0.1483,595.0,5418.0,0.86,0.9,Transit,2016.0,916.706
KMT-2017-BLG-1057L b,KMT-2017-BLG-1057L,5.19,23.5,,2.36,,,,0.57,Microlensing,2024.0,6500.0
TOI-2141 b,TOI-2141,3.147,20.1,18.261608,0.1322,728.0,5635.0,0.95,0.896,Transit,2023.0,77.682
Kepler-1451 b,Kepler-1451,3.35,,35.622233,0.2101,523.0,5782.0,0.99,1.0,Transit,2016.0,1058.72
Kepler-108 c,Kepler-108,8.18,,190.323494,0.721,426.0,5854.0,2.192,1.247,Transit,2014.0,338.732
KMT-2019-BLG-1339L b,KMT-2019-BLG-1339L,13.7,397.0,,2.15,,,,0.48,Microlensing,2020.0,6120.0
Kepler-397 b,Kepler-397,2.46,,22.250949,0.144,539.0,5307.0,0.767,0.844,Transit,2014.0,969.0
OGLE-2003-BLG-235L b,OGLE-2003-BLG-235L,13.2,830.0,,4.3,,,,0.63,Microlensing,2004.0,5800.0
OGLE-2012-BLG-0358L b,OGLE-2012-BLG-0358L,13.4,588.0,,0.87,,,,0.022,Microlensing,2013.0,1760.0
OGLE-2015-BLG-1609L b,OGLE-2015-BLG-1609L,10.4,76.27881768,,,,,,0.17,Microlensing,2025.0,3300.0
KMT-2021-BLG-1077L c,KMT-2021-BLG-1077L,10.6,79.45710175,,0.93,,,,0.14,Microlensing,2022.0,8240.0
Kepler-51 d,Kepler-51,9.7,7.6,130.194,0.509,381.0,6018.0,0.94,1.04,Transit,2014.0,783.831
HD 11964 b,HD 11964,14.1,,1945.0,3.16,,5303.0,2.00971,0.91,Radial Velocity,2005.0,33.5369
HD 132406 b,HD 132406,12.8,1887.90073758,908.0,1.98,,5766.0,1.34,0.973,Radial Velocity,2007.0,70.7832
DMPP-3 A b,DMPP-3 A,1.44,,5.59,0.05958,854.0,5138.0,0.91,0.9,Radial Velocity,2019.0,46.8917
DMPP-2 b,DMPP-2,14.2,,5.203,0.06638,1000.0,6500.0,1.78,1.41,Radial Velocity,2019.0,137.94
TIC 257060897 b,TIC 257060897,17.26183028,201.503210038,3.66003639,0.04922,1775.0,5993.0,1.863,1.187,Transit,2021.0,505.703
Kepler-52 d,Kepler-52,1.95,88.8775,36.445171,0.182,332.0,4263.0,0.556,0.577,Transit,2014.0,321.542
Kepler-756 b,Kepler-756,1.12,,1.224866322,0.0219,1741.0,5282.0,0.79,0.82,Transit,2016.0,852.0
Kepler-1286 b,Kepler-1286,2.15,,11.25402929,0.0991,888.0,5753.0,0.98,1.0,Transit,2016.0,1354.46
OGLE-2019-BLG-1492L b,OGLE-2019-BLG-1492L,6.79,37.1,,2.7,,,,0.68,Microlensing,2022.0,5600.0
Kepler-132 c,Kepler-132,1.28,,6.414914,0.068,1069.0,6003.0,1.178,0.929,Transit,2014.0,349.549
OGLE-2016-BLG-0263L b,OGLE-2016-BLG-0263L,13.0,1300.0,,5.4,,,,0.13,Microlensing,2017.0,6500.0
OGLE-2017-BLG-0364L b,OGLE-2017-BLG-0364L,10.3,75.8,,3.79,,,,0.49,Microlensing,2024.0,7860.0
UKIRT-2017-BLG-001L b,UKIRT-2017-BLG-001L,13.7,407.0,,4.18,,,,0.81,Microlensing,2018.0,6300.0
OGLE-2018-BLG-1126L b,OGLE-2018-BLG-1126L,4.41,17.798390792,,3.23,,,,0.69,Microlensing,2022.0,5700.0
KMT-2019-BLG-0298L b,KMT-2019-BLG-0298L,13.4,575.26941667,,5.67,,,,0.7,Microlensing,2023.0,6710.0
Kepler-1430 b,Kepler-1430,1.18,,2.46050993,0.0304,969.0,4796.0,0.72,0.77,Transit,2016.0,875.523
Kepler-924 b,Kepler-924,3.07,,61.0370117,0.31318,610.0,6167.0,1.23,1.14,Transit,2016.0,1053.04
K2-73 b,K2-73,2.58,9.2,7.49556,0.07619,968.0,5867.0,1.058,1.02,Transit,2016.0,269.183
HIP 38594 b,HIP 38594,2.77,,60.722,0.256,,4086.3,0.626646,0.61,Radial Velocity,2020.0,17.7886
Kepler-1903 b,Kepler-1903,2.28642395,,17.0678997,0.1321,769.0,6347.0,0.996,1.053,Transit,2021.0,1775.44
TOI-4940 b,TOI-4940,6.61,89.0,25.867811,0.165,643.0,5504.0,1.163,1.012,Transit,2025.0,345.659
HD 63433 c,HD 63433,2.692,15.539,20.5438281,0.146,678.92,5553.0,0.934,0.956,Transit,2020.0,22.4035
TOI-1685 b,TOI-1685,1.421,3.07,0.66913923,0.01164,1000.0,3470.0,0.462,0.466,Transit,2021.0,37.6153
Kepler-1453 b,Kepler-1453,2.67,,47.1611696,0.262,503.0,5665.0,0.94,0.97,Transit,2016.0,1196.04
G 264-012 c,G 264-012,1.76,,8.0518,0.0525,387.0,3326.0,0.305,0.297,Radial Velocity,2021.0,16.009
HD 128311 b,HD 128311,13.5,,453.019,1.084,,4965.0,0.76,0.828,Radial Velocity,2002.0,16.3292
MOA-2016-BLG-526L b,MOA-2016-BLG-526L,3.97,14.937935129,,2.07,,,,0.37,Microlensing,2024.0,6930.0
OGLE-2018-BLG-1269L b,OGLE-2018-BLG-1269L,14.1,210.0,,4.51,,,,1.11,Microlensing,2020.0,2510.0
KMT-2018-BLG-0087L b,KMT-2018-BLG-0087L,10.1,73.10053361,,0.87,,,,0.1,Microlensing,2022.0,7020.0
Kepler-535 b,Kepler-535,2.36,,4.903321551,0.06011,1247.0,6123.0,1.27,1.18,Transit,2016.0,685.599
OGLE-2007-BLG-368L b,OGLE-2007-BLG-368L,4.72,20.0,,2.8,,,,0.64,Microlensing,2009.0,5900.0
OGLE-2018-BLG-0799L b,OGLE-2018-BLG-0799L,10.9,82.63538582,,1.28,,,,0.093,Microlensing,2022.0,4050.0
MOA-2010-BLG-328L b,MOA-2010-BLG-328L,2.99,9.2,,0.92,,,,0.11,Microlensing,2013.0,810.0
MOA-2012-BLG-006L b,MOA-2012-BLG-006L,12.6,2700.0,,10.2,,,,0.49,Microlensing,2017.0,5300.0
OGLE-2018-BLG-1011L b,OGLE-2018-BLG-1011L,13.5,570.0,,1.8,,,,0.18,Microlensing,2019.0,7100.0
KMT-2018-BLG-0748L b,KMT-2018-BLG-0748L,9.01,60.0,,0.62,,,,0.087,Microlensing,2020.0,7300.0
Kepler-1763 b,Kepler-1763,1.14651332,,1.480280042,0.0257,1822.0,5897.0,1.259,1.026,Transit,2021.0,756.486
BD+20 594 b,BD+20 594,2.57807,22.2481,41.6855,0.241,546.0,5766.0,1.08,1.67,Transit,2016.0,179.461
HD 147873 b,HD 147873,12.8,,116.596,0.522,,5972.0,2.29,1.38,Radial Velocity,2016.0,109.055
HD 72659 c,HD 72659,12.1,6165.8710958,35500.0,21.5,,5929.0,1.36,1.033,Radial Velocity,2022.0,51.8949
Kepler-1061 b,Kepler-1061,1.98,,2.757982666,0.0388,1332.0,6067.0,1.07,1.09,Transit,2016.0,543.375
Kepler-1539 b,Kepler-1539,2.7,,133.3036741,0.4765,301.0,5176.0,0.8,0.84,Transit,2016.0,748.326
HD 152843 b,HD 152843,3.05,9.82,11.62071,0.1049,1003.11,6310.0,1.43,1.15,Transit,2021.0,107.898
TOI-912 b,TOI-912,1.93,5.1,4.6780691,0.041,551.0,3572.0,0.419,0.418,Transit,2025.0,26.1072
HD 128717 b,HD 128717,12.1,6293.0024586,3420.0,4.85,,6210.0,1.248,1.212,Astrometry,2025.0,73.636
TOI-5728 b,TOI-5728,1.31,,11.49761,,382.0,3419.0,0.37,0.36,Transit,2025.0,54.7045
GJ 3942 b,GJ 3942,2.57,,6.905,0.0608,590.0,3867.0,0.61,0.63,Radial Velocity,2017.0,16.9287
HD 152843 c,HD 152843,5.94,9.67,19.502104,0.1482,253.08,6310.0,1.43,1.15,Transit,2021.0,107.898
HD 28109 b,HD 28109,2.69,6.2,22.891054,0.1357,867.0,6189.0,1.425,1.227,Transit,2022.0,139.611
Kepler-235 d,Kepler-235,2.05,,20.060548,0.122,401.0,4255.0,0.554,0.581,Transit,2014.0,428.018
OGLE-2017-BLG-1806L b,OGLE-2017-BLG-1806L,2.15,5.27,,1.75,,,,0.38,Microlensing,2023.0,6400.0
Kepler-1530 d,Kepler-1530,3.27870115,,9.20761013,0.08276,972.0,5678.0,1.303,1.015,Transit,2021.0,489.876
Kepler-661 b,Kepler-661,3.07,,6.029301321,0.0585,678.0,4483.0,0.67,0.7,Transit,2016.0,534.788
MOA-2011-BLG-028L b,MOA-2011-BLG-028L,5.99,30.0,,4.14,,,,0.75,Microlensing,2016.0,7380.0
MOA-2013-BLG-605L b,MOA-2013-BLG-605L,1.62,3.24,,0.93,,,,0.024,Microlensing,2016.0,850.0
OGLE-2012-BLG-0406L b,OGLE-2012-BLG-0406L,13.2,868.0,,3.45,,,,0.44,Microlensing,2013.0,4970.0
HD 63433 b,HD 63433,2.14,21.755,7.1079475,0.072,967.11,5553.0,0.934,0.956,Transit,2020.0,22.4035
Kepler-1076 b,Kepler-1076,0.8,,6.14727918,0.0611,770.0,4868.0,0.74,0.79,Transit,2016.0,199.0
OGLE-2018-BLG-0383L b,OGLE-2018-BLG-0383L,2.41,6.4,,1.8,,,,0.1,Microlensing,2022.0,7700.0
Kepler-1258 b,Kepler-1258,0.86,,0.984940167,0.01824,2335.0,5839.0,0.99,0.99,Transit,2016.0,717.555
Kepler-87 c,Kepler-87,6.14,6.4,191.2318,0.676,403.0,5600.0,1.82,1.1,Transit,2013.0,1232.9
TOI-1422 c,TOI-1422,2.61,14.0,34.5633,0.205,628.0,5840.0,1.019,0.9903,Radial Velocity,2025.0,155.141
TOI-6041 c,TOI-6041,10.5,,88.0,0.3721,403.5,5445.0,0.879,0.885,Radial Velocity,2025.0,72.4731
HD 147018 c,HD 147018,12.7,,1008.0,1.922,,5441.0,0.937948,0.927,Radial Velocity,2009.0,40.4256
Kepler-1896 b,Kepler-1896,3.09935997,,44.87020111,0.2529,536.0,6122.0,0.996,1.07,Transit,2021.0,1732.91
TOI-7510 c,TOI-7510,10.81,131.0,22.5687423,0.1595,702.0,5720.0,1.035,1.063,Transit,2025.0,249.006
Kepler-1681 b,Kepler-1681,2.55321772,,69.8956,0.32,442.0,5756.4,0.759,0.893,Transit,2020.0,758.3
GJ 2126 b,GJ 2126,13.6,,272.7,0.71,,4159.0,0.728,0.65,Radial Velocity,2025.0,38.129
HD 1605 b,HD 1605,13.8,,577.2,1.492,,4915.0,3.49,1.33,Radial Velocity,2015.0,88.8047
TOI-7510 d,TOI-7510,10.52,190.0,48.864468,0.2672,542.4,5720.0,1.035,1.063,Transit,2025.0,249.006
HD 72659 b,HD 72659,13.2,949.671280116,3549.0,4.607,,5929.0,1.36,1.033,Radial Velocity,2002.0,51.8949
Kepler-1171 b,Kepler-1171,2.56,,1.44259224,0.0284,2700.0,7044.0,1.95,1.58,Transit,2016.0,573.0
Kepler-336 d,Kepler-336,2.37,,20.678772,0.154,749.0,5867.0,1.304,1.09,Transit,2014.0,768.86
CoRoT-16 b,CoRoT-16,13.11,170.032,5.35227,0.0618,,5650.0,1.19,1.098,Transit,2011.0,732.409
KMT-2018-BLG-0030L b,KMT-2018-BLG-0030L,13.6,460.85119015,,4.39,,,,0.51,Microlensing,2022.0,6480.0
KMT-2022-BLG-1013L b,KMT-2022-BLG-1013L,12.1,98.52680617,,1.38,,,,0.18,Microlensing,2023.0,7710.0
alf Tau b,alf Tau,12.7,,628.96,1.46,,4055.0,45.1,1.13,Radial Velocity,2015.0,20.4332
Kepler-1031 b,Kepler-1031,0.87,,1.22621732,0.0218,2024.0,6011.0,1.12,1.09,Transit,2016.0,682.882
mu Leo b,mu Leo,13.3,,357.8,1.1,,4538.2,11.4,1.5,Radial Velocity,2014.0,32.6081
HD 60292 b,HD 60292,12.7,,495.4,1.5,,4348.0,27.0,1.7,Radial Velocity,2020.0,315.211
GJ 887 d,GJ 887,2.34,,50.77,0.212,241.0,3688.0,0.468,0.495,Radial Velocity,2026.0,3.28679
GJ 887 e,GJ 887,1.12,,4.4249,0.0417,544.0,3688.0,0.468,0.495,Radial Velocity,2026.0,3.28679
HD 39194 c,HD 39194,2.65,,14.0309,0.1083,,5205.0,0.783742,0.86,Radial Velocity,2021.0,26.4131
TOI-5789 d,TOI-5789,1.91,,29.65,0.1756,545.0,5185.0,0.833,0.821,Radial Velocity,2026.0,20.4581
TOI-5789 b,TOI-5789,1.26,,2.76369,0.03608,1201.0,5185.0,0.833,0.821,Radial Velocity,2026.0,20.4581
Kepler-1533 b,Kepler-1533,3.46,,308.5471,0.93416,330.0,6431.0,1.51,1.31,Transit,2016.0,966.801
TOI-2373 b,TOI-2373,10.42435205,2955.8041851,13.33668,0.112,860.0,5651.0,1.102,1.041,Transit,2023.0,508.686
Kepler-61 b,Kepler-61,2.15,,59.87756,0.24861,273.0,4017.0,0.62,0.635,Transit,2013.0,335.079
Kepler-120 c,Kepler-120,1.53,,12.794585,0.088,455.0,4096.0,0.534,0.654,Transit,2014.0,388.63
Kepler-1403 b,Kepler-1403,2.14,,5.19492202,0.064,1238.0,6060.0,1.15,1.11,Transit,2016.0,2163.9
TOI-1994 b,TOI-1994,13.67495645,7024.0077947,4.0337142,0.0613,2290.0,7700.0,2.3,1.86,Transit,2024.0,515.603
TOI-2524 b,TOI-2524,11.2089807,203.41018048,7.18585,0.073,1100.0,5831.0,1.119,1.007,Transit,2023.0,438.842
KMT-2022-BLG-1790L b,KMT-2022-BLG-1790L,13.5,549.84314411,,5.25,,,,0.58,Microlensing,2025.0,6480.0
HD 108874 c,HD 108874,13.8,,1624.0,2.659,,5551.0,1.05,0.95,Radial Velocity,2005.0,59.5175
HD 41004 A b,HD 41004 A,13.2,,963.0,,,5310.0,0.85,0.95,Radial Velocity,2004.0,36.69117
Kepler-118 c,Kepler-118,7.68,,20.17202,0.141,564.0,5274.0,1.094,0.811,Transit,2014.0,574.228
Kepler-822 b,Kepler-822,1.77,,3.222969273,0.04078,1239.0,5928.0,1.08,1.06,Transit,2016.0,860.391
KMT-2025-BLG-1616L b,KMT-2025-BLG-1616L,7.34,42.32,,1.6,,,,0.26,Microlensing,2026.0,7500.0
Kepler-608 b,Kepler-608,3.64,,6.412515037,0.0685,1069.0,5820.0,1.01,1.0,Transit,2016.0,946.683
HD 181720 b,HD 181720,14.0,,956.0,1.85,,5736.0,1.5,1.03,Radial Velocity,2009.0,60.2046
Kepler-388 c,Kepler-388,0.86,,13.297004,0.093,515.0,4498.0,0.586,0.635,Transit,2014.0,425.0
Kepler-900 b,Kepler-900,2.08,,6.9913086,0.0679,716.0,4836.0,0.73,0.78,Transit,2016.0,487.525
Kepler-666 b,Kepler-666,2.4,,4.49876092,0.0542,1133.0,5887.0,1.05,1.03,Transit,2016.0,1508.71
HIP 91258 b,HIP 91258,13.7,,5.0505,0.06,,5519.0,0.89,0.97,Radial Velocity,2013.0,45.8846
K2-22 b,K2-22,2.3,444.962,0.381073,0.009,2100.0,3879.0,0.58,0.595292,Transit,2015.0,243.836
Kepler-1606 b,Kepler-1606,2.07,,196.435224,0.6421,324.0,5422.0,0.86,0.9,Transit,2016.0,831.287
HD 4917 b,HD 4917,13.5,,400.5,1.167,,4802.0,5.01,1.32,Radial Velocity,2018.0,204.277
MOA-2012-BLG-505L b,MOA-2012-BLG-505L,2.48,6.7,,0.9,,,,0.1,Microlensing,2017.0,7210.0
KMT-2019-BLG-1715L b,KMT-2019-BLG-1715L,13.2,813.64072192,,3.32,,,,0.61,Microlensing,2021.0,3860.0
KMT-2021-BLG-2609L b,KMT-2021-BLG-2609L,3.17,10.170509024,,2.3,,,,0.2,Microlensing,2024.0,7480.0
Kepler-1946 b,Kepler-1946,2.48812698,,3.035190105,0.0394,1143.0,5505.0,0.873,0.887,Transit,2021.0,1002.12
HD 142022 A b,HD 142022 A,12.9,1433.40611557,1928.0,2.93,,5421.0,1.04,0.9,Radial Velocity,2005.0,34.2802
2MASS J03590986+2009361 b,2MASS J03590986+2009361,12.2,5720.911326,,572.0,2369.0,2943.0,0.289776,0.264996,Imaging,2024.0,117.435
GJ 896 A b,GJ 896 A,13.3,718.29219982,284.39,0.63965,,3345.0,0.394682,0.43599,Astrometry,2022.0,6.26022
Kepler-1461 b,Kepler-1461,2.03,,29.3494775,0.1715,451.0,4919.0,0.74,0.79,Transit,2016.0,679.106
HD 168009 b,HD 168009,3.05,,15.1479,0.1192,,5778.33,1.209505,0.986073,Radial Velocity,2021.0,23.3032
Kepler-361 c,Kepler-361,2.52,,55.188023,0.3,568.0,6169.0,1.343,1.191,Transit,2014.0,930.32
TOI-4529 b,TOI-4529,1.77,4.9,5.879577,,511.0,3697.0,0.48,0.482,Transit,2026.0,28.384
TOI-1243 b,TOI-1243,2.33,7.7,4.6594779,,450.0,3515.0,0.511,0.515,Transit,2026.0,43.1865
TOI-5388.01,TOI-5388,0.99,2.2,2.5946748,0.024335855,488.0,3440.0,0.3,0.292,Transit,2024.0,18.5226
HD 98736 b,HD 98736,13.3,,968.8,1.864,,5271.0,0.93,0.92,Radial Velocity,2018.0,32.4459
HD 34445 b,HD 34445,13.9,,1049.0,2.07,,5879.0,1.38,1.14,Radial Velocity,2009.0,46.0907
NGTS-35 b,NGTS-35,10.9,152.0,25.241192,0.16,451.0,4717.0,0.753,0.789,Transit,2025.0,183.078
KMT-2021-BLG-0322L b,KMT-2021-BLG-0322L,12.7,2034.1018048,,,,,,0.62,Microlensing,2021.0,6600.0
OGLE-2014-BLG-0221L b,OGLE-2014-BLG-0221L,12.9,1382.55357045,,3.76,,,,0.69,Microlensing,2024.0,3680.0
KMT-2016-BLG-2142L b,KMT-2016-BLG-2142L,12.2,4923.0,,0.83,,,,0.073,Microlensing,2018.0,7010.0
KMT-2024-BLG-1044L b,KMT-2024-BLG-1044L,2.7,7.75,,,,,,0.069,Microlensing,2024.0,7140.0
Kepler-340 b,Kepler-340,2.53,,14.844387,0.134,1092.0,6620.0,1.85,1.65,Transit,2014.0,808.762
GJ 3090 b,GJ 3090,2.18,4.52,2.85310198,0.0316,723.0,3707.0,0.516,0.519,Transit,2022.0,22.4751
TOI-6716 b,TOI-6716,0.982,,4.7185898,0.0319,369.0,3110.0,0.231,0.223,Transit,2026.0,18.8873
BD+48 738 b,BD+48 738,13.9,,392.6,1.0,,4414.0,11.0,0.74,Radial Velocity,2011.0,871.493
Kepler-1307 b,Kepler-1307,2.47,,18.01621096,0.1369,768.0,5884.0,1.08,1.06,Transit,2016.0,1014.62
TOI-5788 b,TOI-5788,1.528,3.72,6.340758,0.064,910.0,5615.0,0.87,0.87,Transit,2026.0,97.614
TOI-5788 c,TOI-5788,2.272,6.4,16.213362,0.1197,667.0,5615.0,0.87,0.87,Transit,2026.0,97.614
TOI-4495 c,TOI-4495,4.03,23.2,5.18553,0.06323,1365.0,6210.0,1.309,1.247,Transit,2024.0,132.214
Kepler-326 c,Kepler-326,1.4,17.4,4.580358,0.051,889.0,5105.0,0.801,0.91,Transit,2014.0,487.675
WASP-5 b,WASP-5,12.184,502.15,1.6284279,0.0267,1706.0,5700.0,1.029,0.96,Transit,2008.0,309.137
HD 48265 b,HD 48265,12.6,2351.9302118,778.51,1.814,,5733.0,1.901,1.312,Radial Velocity,2008.0,90.5446
WASP-100 b,WASP-100,14.90797,400.4658,2.84938,0.04574,2190.0,6900.0,1.57,0.77,Transit,2014.0,364.411
GJ 887 b,GJ 887,1.8,,9.2619,0.0683,426.0,3688.0,0.468,0.495,Radial Velocity,2020.0,3.28679
GJ 887 c,GJ 887,2.43,,21.784,0.121,320.0,3688.0,0.468,0.495,Radial Velocity,2020.0,3.28679
OGLE-2014-BLG-0319L b,OGLE-2014-BLG-0319L,14.1,181.16219199,,3.49,,,,0.52,Microlensing,2022.0,7730.0
KMT-2019-BLG-0371L b,KMT-2019-BLG-0371L,12.6,2447.2787339,,0.79,,,,0.09,Microlensing,2021.0,7010.0
Kepler-132 b,Kepler-132,1.21,,6.178196,0.067,1082.0,6003.0,1.178,0.929,Transit,2014.0,349.549
OGLE-2017-BLG-1237L b,OGLE-2017-BLG-1237L,13.0,1207.7479466,,2.53,,,,0.46,Microlensing,2024.0,6030.0
MOA-bin-29 b,MOA-bin-29,14.1,190.0,,0.48,,,,0.03,Microlensing,2019.0,7120.0
2MASS J21252752-8138278 b,2MASS J21252752-8138278,12.4,3813.940884,,7493.0,1616.0,3592.0,0.672832,0.643977,Imaging,2024.0,34.1154
Kepler-707 b,Kepler-707,1.33,,2.237492751,0.0325,1160.0,5099.0,0.76,0.8,Transit,2016.0,591.776
Kepler-262 b,Kepler-262,1.36,,13.060855,0.108,734.0,5841.0,0.881,0.816,Transit,2014.0,613.129
Kepler-265 c,Kepler-265,2.63,,17.028937,0.127,755.0,5835.0,1.103,0.97,Transit,2014.0,1280.25
HD 18143 b,HD 18143,3.28,,10.2851,0.088,,5078.0,0.87,0.85,Radial Velocity,2022.0,22.5243
Kepler-1572 b,Kepler-1572,0.94,,5.49548621,0.05838,1293.0,5618.0,0.95,0.97,Transit,2016.0,946.602
Kepler-352 c,Kepler-352,1.24,,16.332995,0.118,591.0,5212.0,0.781,0.798,Transit,2014.0,252.733
Kepler-278 c,Kepler-278,3.268,34.9,51.111,0.287,492.0,4965.0,2.861,1.227,Transit,2014.0,443.03
WASP-157 b,WASP-157,11.19,182.43442,3.951623,0.0499,1193.0,5772.0,1.1,1.06,Transit,2016.0,334.037
KMT-2023-BLG-0469L b,KMT-2023-BLG-0469L,7.04,39.410722468,,2.31,,,,0.47,Microlensing,2024.0,7070.0
WISPIT 2 c,WISPIT 2,17.93436912,3178.28407,,14.0,2050.0,4530.0,1.3,1.08,Imaging,2026.0,134.907
KMT-2016-BLG-2364L b,KMT-2016-BLG-2364L,13.0,1250.0,,2.63,,,,0.5,Microlensing,2020.0,6440.0
KMT-2018-BLG-1988L b,KMT-2018-BLG-1988L,2.22,5.56,,3.09,,,,0.47,Microlensing,2022.0,4150.0
Kepler-400 c,Kepler-400,1.49,,17.340824,0.134,755.0,5886.0,1.145,1.08,Transit,2014.0,845.97
TOI-3288 b,TOI-3288,12.24020692,536.176522609,1.4338647,0.02285,973.0,4072.0,0.672,0.643,Transit,2025.0,200.5
K2-222 b,K2-222,2.275,7.5,15.3889274,0.1186,803.0,5942.0,1.072,0.94,Transit,2018.0,101.321
Kepler-1683 b,Kepler-1683,1.87477762,,15.0337,0.1182,669.0,5429.0,0.900327,0.95,Transit,2020.0,733.143
Kepler-1634 b,Kepler-1634,3.19,,374.876239,1.0525,282.0,5474.0,0.89,0.92,Transit,2016.0,617.339
Kepler-122 b,Kepler-122,2.34,,5.766193,0.064,1159.0,6050.0,1.216,0.982,Transit,2014.0,1027.45
HD 202772 A b,HD 202772 A,18.2370116,323.549318326,3.3088775,0.05208,2181.0,6442.0,2.554,1.721,Transit,2019.0,161.498
HD 89839 b,HD 89839,12.8,1748.0562385,3391.2,4.713,,6314.0,1.28588,1.21,Radial Velocity,2023.0,57.3063
HD 181433 d,HD 181433,13.2,858.1366989,6896.1,6.74,,4918.0,0.79,0.86,Radial Velocity,2008.0,26.8762
TOI-2094 b,TOI-2094,1.9,,18.793193,0.136,276.0,3435.0,0.384,0.425,Transit,2026.0,50.0248
TOI-5916 b,TOI-5916,11.35469745,226.611654191,2.367128,0.0262,683.0,3613.0,0.48,0.477,Transit,2026.0,199.724
TOI-5292 A b,TOI-5292 A,12.64373023,412.859100693,2.02191,0.0279,809.0,3919.0,0.611,0.596,Transit,2026.0,337.095
Kepler-271 d,Kepler-271,0.66,,5.24972541,0.05554,954.0,5555.0,0.87,0.9,Transit,2016.0,404.542
OGLE-2017-BLG-1275L b,OGLE-2017-BLG-1275L,12.8,1875.1876013,,2.09,,,,0.63,Microlensing,2024.0,7690.0
GJ 273 c,GJ 273,1.06,,4.7234,0.036467,,3382.0,0.293,0.29,Radial Velocity,2017.0,5.921535
KMT-2021-BLG-0748L b,KMT-2021-BLG-0748L,14.3,143.02278315,,2.43,,,,0.36,Microlensing,2022.0,6090.0
Kepler-446 c,Kepler-446,1.11,,3.036179,0.0283,520.0,3359.0,0.24,0.22,Transit,2015.0,96.339
KMT-2023-BLG-1642L b,KMT-2023-BLG-1642L,13.8,343.25467956,,1.41,,,,0.17,Microlensing,2024.0,6980.0
MOA-2010-BLG-117L b,MOA-2010-BLG-117L,14.2,170.0,,2.42,,,,0.58,Microlensing,2018.0,3500.0
HD 22532 b,HD 22532,13.4,,872.6,1.9,,5038.0,5.69,1.57,Radial Velocity,2022.0,161.183
Kepler-235 c,Kepler-235,1.28,,7.824904,0.065,555.0,4255.0,0.554,0.581,Transit,2014.0,428.018
HD 2039 b,HD 2039,12.7,,1120.0,2.2,,5945.0,1.19,1.23,Radial Velocity,2002.0,85.6922
TIC 87422071 b,TIC 87422071,10.8615023,409.99864503,11.364929,0.106,1110.0,6150.0,1.489,1.239,Transit,2026.0,384.758
Kepler-697 b,Kepler-697,4.13,,3.709870645,0.0471,1151.0,5513.0,0.88,0.92,Transit,2016.0,1277.33
Kepler-99 b,Kepler-99,1.48,6.15,4.60358,0.05071,810.0,4782.0,0.73,0.79,Transit,2014.0,208.369
Kepler-1835 b,Kepler-1835,3.53387773,,11.96409988,0.0997,808.0,5903.0,0.961,0.922,Transit,2021.0,1404.38
Kepler-1555 b,Kepler-1555,1.61,,8.10501635,0.0805,959.0,5866.0,1.06,1.04,Transit,2016.0,2013.27
Kepler-783 c,Kepler-783,2.33153725,,7.05395,0.06903,840.0,5411.49,0.872088,0.94,Transit,2020.0,516.09
HD 38529 c,HD 38529,12.5,3299.05886466,2127.60566,3.226,,5697.0,2.857838,0.98,Radial Velocity,2000.0,42.3538
KMT-2018-BLG-1990L b,KMT-2018-BLG-1990L,12.9,111.0,,0.763,,,,0.094,Microlensing,2019.0,967.0
K2-247 c,K2-247,2.19,,6.49424,0.0615,688.0,4667.0,0.69,0.74,Transit,2018.0,258.113
TOI-904 b,TOI-904,2.426,,10.8772,0.056,429.43,3770.2,0.527,0.557,Transit,2023.0,46.0891
TOI-904 c,TOI-904,2.167,,83.9997,0.312,217.26,3770.2,0.527,0.557,Transit,2023.0,46.0891
TIC 245076932 b,TIC 245076932,10.87271128,162.09248757,21.61389,0.157,845.0,6130.0,1.288,1.117,Transit,2026.0,303.96
OGLE-2014-BLG-1722L b,OGLE-2014-BLG-1722L,8.59,55.3,,1.5,,,,0.4,Microlensing,2018.0,6400.0
KMT-2016-BLG-1820L b,KMT-2016-BLG-1820L,12.9,1450.0,,1.08,,,,0.039,Microlensing,2018.0,6260.0
PSR B1620-26 b,PSR B1620-26,13.3,794.575,,23.0,,,,1.35,Pulsar Timing,2003.0,
OGLE-2007-BLG-349L AB c,OGLE-2007-BLG-349L A,10.7,80.0,2557.0,2.59,,,,0.41,Microlensing,2016.0,2760.0
Kepler-1851 b,Kepler-1851,3.90012032,,12.02289963,0.1016,776.0,5982.0,0.879,0.967,Transit,2021.0,1589.81
Kepler-1104 b,Kepler-1104,1.23,,5.03728015,0.06321,1321.0,6417.0,1.41,1.3,Transit,2016.0,530.658
HD 217107 b,HD 217107,13.6,459.579876522,7.1270166,0.07359,,5622.0,1.2245,1.045,Radial Velocity,1998.0,20.0619
Kepler-1901 b,Kepler-1901,1.47418907,,3.484129906,0.0453,1132.0,5696.0,0.921,1.022,Transit,2021.0,1028.37
Kepler-860 b,Kepler-860,3.24,,5.101379454,0.058,1050.0,5836.0,1.06,1.04,Transit,2016.0,1056.36
HD 33142 c,HD 33142,13.9,,810.2,1.955,,5025.4,4.17,1.52,Radial Velocity,2016.0,121.375
TOI-519 b,TOI-519,11.54525012,147.154552441,1.2652328,0.0159,687.0,3322.0,0.35,0.335,Transit,2021.0,115.557
Kepler-62 c,Kepler-62,0.54,4.0,12.4417,0.0929,578.0,4925.0,0.64,0.69,Transit,2013.0,300.874
GJ 357 d,GJ 357,2.34,,55.661,0.204,219.6,3505.0,0.337,0.342,Radial Velocity,2019.0,9.44181
TOI-406.01,TOI-406,2.08,6.57,13.175682,0.0809,368.0,3392.0,0.41,0.408,Transit,2024.0,31.0597
Kepler-1604 b,Kepler-1604,1.41,,0.683684256,0.01406,2023.0,4976.0,0.76,0.81,Transit,2016.0,541.189
Kepler-804 b,Kepler-804,1.94,,14.37457351,0.11287,779.0,5817.0,1.05,1.01,Transit,2016.0,649.65
HD 39194 d,HD 39194,2.12,,33.874,0.1949,,5205.0,0.783742,0.86,Radial Velocity,2021.0,26.4131
WASP-107 b,WASP-107,10.53646,30.511527072,5.7214876,0.055,736.0,4425.0,0.657,0.683,Transit,2017.0,64.7414
TOI-1080 b,TOI-1080,1.2,10.7,3.9652482,0.0272,368.0,3065.0,0.2019,0.1667,Transit,2026.0,25.559
WASP-107 c,WASP-107,13.0,,1066.0,,,4425.0,0.657,0.683,Radial Velocity,2020.0,64.7414
TOI-2076 b,TOI-2076,2.59,6.7,10.35504,0.08781,736.0,5187.0,0.758,0.849,Transit,2021.0,41.9091
HIP 99770 b,HIP 99770,12.2,5403.082919,18600.0,15.8,,8000.0,1.93986,1.9,Imaging,2023.0,40.0765
TOI-2076 c,TOI-2076,3.54,7.2,21.01447,0.1407,581.0,5187.0,0.758,0.849,Transit,2021.0,41.9091
K2-79 b,K2-79,4.15,5.9,10.995039,0.0987,1033.0,5897.0,1.269,1.06,Transit,2016.0,256.011
TOI-4342 b,TOI-4342,2.329,7.3,5.5382592,0.0519,639.0,3866.0,0.598,0.587,Transit,2023.0,61.5204
TOI-4342 c,TOI-4342,2.349,4.8,10.688662,0.0804,514.0,3866.0,0.598,0.587,Transit,2023.0,61.5204
TOI-1135 b,TOI-1135,9.91994792,58.798255295,8.0277327,0.0815,1171.0,6320.0,1.202,1.119,Transit,2024.0,114.048
K2-19 d,K2-19,1.044,6.2,2.50827,0.03478,1258.0,5350.0,0.824,0.892,Transit,2016.0,289.827
KMT-2021-BLG-1554L b,KMT-2021-BLG-1554L,6.9,38.13940884,,0.72,,,,0.08,Microlensing,2022.0,7680.0
Kepler-203 d,Kepler-203,1.44,33.9,11.32972,0.1,855.0,5821.0,1.114,1.06,Transit,2014.0,703.302
KMT-2021-BLG-1303L b,KMT-2021-BLG-1303L,13.6,120.77479466,,2.89,,,,0.57,Microlensing,2022.0,6280.0
GJ 433 c,GJ 433,6.27,,5094.105,4.819,,3461.0,0.5,0.48,Radial Velocity,2014.0,9.06456
TOI-201 b,TOI-201,11.4,164.0,52.9786,0.303,759.0,6423.0,1.31,1.32,Transit,2021.0,113.825
Kepler-1221 b,Kepler-1221,1.88,,12.00096042,0.0906,632.0,5194.0,0.82,0.87,Transit,2016.0,913.65
TOI-2076 d,TOI-2076,3.27,7.3,35.12803,0.1982,490.0,5187.0,0.758,0.849,Transit,2021.0,41.9091
TOI-672 b,TOI-672,5.31,50.9,3.633581,0.0376,699.5,3810.0,0.54,0.54,Transit,2023.0,66.9071
K2-111 b,K2-111,1.837,5.35,5.3518963,0.0565,1293.0,5775.0,1.25,0.84,Transit,2017.0,200.394
HD 181433 b,HD 181433,,1708.645516032,9.3745,0.0828,,4918.0,0.79,0.86,Radial Velocity,2008.0,26.8762
Kepler-920 c,Kepler-920,3.8,,100.8274113,0.4029,364.0,5403.0,0.85,0.89,Transit,2016.0,1001.68
Kepler-750 b,Kepler-750,3.07,,9.42887179,0.08742,1163.0,6160.0,1.23,1.15,Transit,2016.0,1296.02
Kepler-955 b,Kepler-955,3.13,,14.53244172,0.1083,664.0,5350.0,0.84,0.89,Transit,2016.0,550.383
TOI-2529 b,TOI-2529,11.54525012,743.71847238,64.5949,0.327,636.0,5802.0,1.7,1.11,Transit,2024.0,296.271
Kepler-1943 b,Kepler-1943,1.54869189,,4.850180149,0.05975,1098.0,6032.0,0.973,1.055,Transit,2021.0,1004.55
TYC 8998-760-1 b,TYC 8998-760-1,12.1,6928.6592726,,146.0,,4573.0,0.953811,1.0,Imaging,2020.0,94.6177
KMT-2021-BLG-1770L b,KMT-2021-BLG-1770L,12.1,6674.396547,,0.9,,,,0.13,Microlensing,2023.0,6920.0
OGLE-2011-BLG-0265L b,OGLE-2011-BLG-0265L,13.9,280.0,,1.89,,,,0.211,Microlensing,2015.0,4380.0
OGLE-2018-BLG-0740L b,OGLE-2018-BLG-0740L,12.9,1500.0,5480.0,5.0,,5912.0,,1.0,Microlensing,2019.0,3200.0
KMT-2017-BLG-2509L b,KMT-2017-BLG-2509L,13.4,664.26137063,,2.14,,,,0.46,Microlensing,2021.0,7040.0
Kepler-651 b,Kepler-651,2.37,,21.38521506,0.14078,574.0,5522.0,0.87,0.92,Transit,2016.0,509.408
OGLE-2018-BLG-0932L b,OGLE-2018-BLG-0932L,13.9,282.86728223,,1.75,,,,0.72,Microlensing,2022.0,6620.0
OGLE-2014-BLG-0124L b,OGLE-2014-BLG-0124L,14.1,206.58846455,,3.48,,,,0.9,Microlensing,2015.0,3500.0
HD 331093 b,HD 331093,13.6,,621.62,1.44,,5544.0,1.1112,1.03,Radial Velocity,2021.0,50.1928
Kepler-1879 b,Kepler-1879,2.06512018,,10.61340046,0.0957,987.0,5865.0,1.388,1.023,Transit,2021.0,627.171
TOI-815 b,TOI-815,2.94,7.6,11.197259,0.0903,686.0,4869.0,0.77,0.776,Transit,2024.0,59.7117
OGLE-TR-182 b,OGLE-TR-182,12.666,320.995,3.9791,0.051,1550.0,5924.0,1.14,1.14,Transit,2007.0,2501.75
Kepler-364 c,Kepler-364,2.15,,59.980627,0.312,568.0,6108.0,1.284,1.076,Transit,2014.0,891.462
Kepler-828 b,Kepler-828,1.51,,0.567857136,0.01228,1848.0,5039.0,0.77,0.81,Transit,2016.0,575.322
Kepler-229 b,Kepler-229,2.2,,6.252972,0.062,823.0,5120.0,0.728,0.808,Transit,2014.0,826.265
Kepler-1689 b,Kepler-1689,0.94678642,,8.483,0.0784,879.0,5731.43,0.996208,1.023,Transit,2020.0,294.122
OGLE-2018-BLG-0567L b,OGLE-2018-BLG-0567L,12.3,101.70509024,,2.72,,,,0.25,Microlensing,2021.0,7060.0
OGLE-2019-BLG-1053L b,OGLE-2019-BLG-1053L,1.38,2.48,,3.4,,,,0.61,Microlensing,2021.0,6800.0
Kepler-29 b,Kepler-29,2.55,5.0,10.33974,0.08482,777.0,5378.0,0.732,0.761,Transit,2011.0,832.532
OGLE-2019-BLG-0468L c,OGLE-2019-BLG-0468L,12.5,3248.20631954,,2.77,,,,0.92,Microlensing,2022.0,4400.0
KMT-2021-BLG-1898L b,KMT-2021-BLG-1898L,14.0,232.01473711,,1.9,,,,0.48,Microlensing,2022.0,6900.0
KMT-2024-BLG-0404L b,KMT-2024-BLG-0404L,11.9,8657.64580668,,0.85,,,,0.09,Microlensing,2025.0,7210.0
KMT-2019-BLG-1042L b,KMT-2019-BLG-1042L,9.05,60.38739733,,1.7,,,,0.3,Microlensing,2022.0,6600.0
MOA-2016-BLG-227L b,MOA-2016-BLG-227L,13.2,890.0,,1.39,,,,0.29,Microlensing,2017.0,6500.0
HD 179949 b,HD 179949,13.9,,3.092514,0.0443,,6168.0,1.266865,1.21,Radial Velocity,2000.0,27.4573
Kepler-629 b,Kepler-629,1.38,,7.2385854,0.07107,816.0,5444.0,0.84,0.93,Transit,2016.0,372.05
Kepler-1384 b,Kepler-1384,1.94,,15.36262753,0.1126,608.0,4919.0,0.74,0.78,Transit,2016.0,618.0
Kepler-847 b,Kepler-847,1.18,,2.343231895,0.0315,1054.0,4940.0,0.77,0.83,Transit,2016.0,513.103
NGTS-27 b,NGTS-27,15.64773706,188.472245351,3.3704181,0.0446,1783.0,5700.0,1.77,1.07,Transit,2024.0,942.122
Kepler-1262 b,Kepler-1262,1.82,,8.67900242,0.083,949.0,5771.0,0.98,0.99,Transit,2016.0,1054.87
Kepler-764 b,Kepler-764,1.64,,7.33683936,0.0724,875.0,5557.0,0.89,0.92,Transit,2016.0,1047.84
Kepler-782 b,Kepler-782,3.21,,158.6853308,0.54494,350.0,5867.0,1.01,0.98,Transit,2016.0,446.844
Kepler-824 b,Kepler-824,1.87,,4.51436633,0.055,1231.0,6035.0,1.22,1.15,Transit,2016.0,1201.4
HD 60532 b,HD 60532,13.8,,201.9,0.77,,6245.0,2.57,1.5,Radial Velocity,2008.0,25.9716
HD 60532 c,HD 60532,13.3,,600.1,1.6,,6245.0,2.57,1.5,Radial Velocity,2008.0,25.9716
Kepler-743 b,Kepler-743,1.21,,3.179262921,0.04166,1101.0,5486.0,0.85,0.94,Transit,2016.0,278.987
Kepler-821 b,Kepler-821,1.31,,1.92279873,0.029,1215.0,5191.0,0.8,0.84,Transit,2016.0,614.571
TOI-4633 c,TOI-4633,3.2,123.0,271.9445,0.847,268.57,5800.0,1.05,1.1,Transit,2024.0,95.2016
K2-19 c,K2-19,4.1,11.0,11.906,0.0982,679.0,5322.0,0.82,0.88,Transit,2015.0,289.827
K2-19 b,K2-19,7.0,30.8,7.9193,0.07487,857.0,5322.0,0.82,0.88,Transit,2015.0,289.827
Kepler-749 b,Kepler-749,3.1,,17.31716585,0.1054,454.0,5009.0,0.75,0.79,Transit,2016.0,721.027
Kepler-820 b,Kepler-820,6.09,,127.8338098,0.56004,554.0,6260.0,1.36,1.23,Transit,2016.0,1387.2
OGLE-2015-BLG-0051L b,OGLE-2015-BLG-0051L,14.0,230.0,,0.73,,,,0.1,Microlensing,2016.0,8200.0
Kepler-56 d,Kepler-56,12.8,,1002.0,2.16,,4819.44,4.21799,1.29,Radial Velocity,2016.0,912.994
Kepler-755 b,Kepler-755,1.76,,1.269090374,0.02156,1331.0,5043.0,0.77,0.82,Transit,2016.0,399.034
Kepler-816 b,Kepler-816,10.24,,10.506825646,0.0895,668.0,5286.0,0.85,0.9,Transit,2016.0,983.697
Kepler-791 b,Kepler-791,3.05,,14.5539759,0.1256,939.0,6383.0,1.47,1.3,Transit,2016.0,1266.34
Kepler-793 b,Kepler-793,1.37,,4.24153639,0.0491,1177.0,5745.0,0.97,0.98,Transit,2016.0,985.699
OGLE-2012-BLG-0950L b,OGLE-2012-BLG-0950L,6.56,35.0,,2.6,,,,0.57,Microlensing,2016.0,2600.0
HD 42618 b,HD 42618,3.89,,149.61,0.554,337.0,5727.0,0.999,1.015,Radial Velocity,2016.0,24.3358
Kepler-757 b,Kepler-757,1.36,,1.022678821,0.019,1734.0,6014.0,1.13,1.08,Transit,2016.0,1068.68
Kepler-759 b,Kepler-759,2.27,,41.805985,0.2329,533.0,5860.0,1.04,1.04,Transit,2016.0,1073.48
Kepler-815 b,Kepler-815,4.11,,8.57503552,0.09473,1374.0,5028.0,3.42,1.25,Transit,2016.0,1259.28
Kepler-790 b,Kepler-790,2.18,,13.73469807,0.101,634.0,5208.0,0.8,0.84,Transit,2016.0,703.168
Kepler-787 b,Kepler-787,1.28,,0.928310498,0.0159,1115.0,4248.0,0.62,0.65,Transit,2016.0,503.568
TYC 3667-1280-1 b,TYC 3667-1280-1,12.8,,26.468,0.21,1350.0,5130.0,6.26,1.87,Radial Velocity,2016.0,477.516
Kepler-26 b,Kepler-26,2.78,5.12,12.28,0.08551,431.0,3914.0,0.512,0.544,Transit,2011.0,335.307
Kepler-760 b,Kepler-760,3.06,,8.70419416,0.08087,748.0,5322.0,0.85,0.89,Transit,2016.0,792.336
Kepler-502 b,Kepler-502,4.77,,4.28686431,0.0535,1217.0,6125.0,1.22,1.15,Transit,2016.0,1591.04
Kepler-812 b,Kepler-812,3.55,,10.11716531,0.1024,1163.0,6761.0,1.71,1.45,Transit,2016.0,1482.74
Kepler-811 b,Kepler-811,2.7,,23.58447697,0.15911,730.0,5747.0,1.24,1.01,Transit,2016.0,985.041
Kepler-484 b,Kepler-484,2.28,,10.045569313,0.09036,766.0,5668.0,0.87,0.96,Transit,2016.0,382.136
Kepler-26 c,Kepler-26,2.72,6.2,17.2559,0.10725,385.0,3914.0,0.512,0.544,Transit,2011.0,335.307
Kepler-474 b,Kepler-474,3.06,,5.660672935,0.06092,1115.0,5785.0,1.08,0.99,Transit,2016.0,841.496
Kepler-768 b,Kepler-768,1.79,,11.3910025,0.092,618.0,5108.0,0.78,0.82,Transit,2016.0,784.56
Kepler-810 b,Kepler-810,1.93,,4.59725385,0.055,1105.0,5803.0,1.04,1.03,Transit,2016.0,1458.59
Kepler-827 b,Kepler-827,5.63,,51.92927591,0.2742,574.0,5602.0,0.91,0.93,Transit,2016.0,2046.68
Kepler-458 c,KIC 9663113,4.2,,20.74028413,0.17012,798.0,6117.21,2.21562,1.15,Transit,2016.0,1594.74
Kepler-307 c,Kepler-307,2.2,3.64,13.0729,0.10896,739.0,5367.0,0.814,0.907,Transit,2013.0,575.581
Kepler-500 b,Kepler-500,2.58,,8.508324398,0.08361,909.0,5813.0,1.03,1.02,Transit,2016.0,807.48
Kepler-806 b,Kepler-806,1.14,,8.09219642,0.07684,1089.0,5770.0,1.16,0.99,Transit,2016.0,361.896
Kepler-831 b,Kepler-831,1.27,,5.62153941,0.05984,992.0,5732.0,0.97,0.99,Transit,2016.0,593.54
Kepler-779 b,Kepler-779,0.92,,7.09714223,0.0533,425.0,3804.0,0.44,0.46,Transit,2016.0,283.155
Kepler-803 b,Kepler-803,3.79,,50.28638192,0.26721,543.0,5919.0,1.12,1.05,Transit,2016.0,639.771
Kepler-802 b,Kepler-802,3.54,,40.0587473,0.2265,489.0,5507.0,0.9,0.93,Transit,2016.0,780.585
Kepler-830 b,Kepler-830,1.7,,11.29695137,0.1033,907.0,6037.0,1.11,1.07,Transit,2016.0,1122.0
Kepler-829 b,Kepler-829,2.11,,6.88337562,0.0678,857.0,5698.0,0.97,0.98,Transit,2016.0,1073.76
Kepler-477 b,Kepler-477,2.07,,11.11990653,0.0911,649.0,5240.0,0.79,0.87,Transit,2016.0,367.0
Kepler-505 b,Kepler-505,2.6,,27.52197994,0.1445,314.0,3931.0,0.53,0.55,Transit,2016.0,283.41
Kepler-499 b,Kepler-499,2.17,,5.632528453,0.0598,844.0,5312.0,0.83,0.87,Transit,2016.0,556.726
HD 141399 b,HD 141399,14.3,,94.44,0.415,,5600.0,1.387236,1.07,Radial Velocity,2014.0,37.0169
HD 141399 c,HD 141399,13.6,,201.99,0.689,,5600.0,1.387236,1.07,Radial Velocity,2014.0,37.0169
Kepler-745 b,Kepler-745,2.16,,9.93143556,0.0915,931.0,5849.0,1.04,1.04,Transit,2016.0,1780.38
Kepler-848 b,Kepler-848,1.7,,6.91134416,0.07586,1086.0,5695.0,1.2,1.01,Transit,2016.0,1378.47
Kepler-794 b,Kepler-794,2.11,,11.13125132,0.10036,952.0,5839.0,1.38,1.19,Transit,2016.0,931.192
Kepler-796 b,Kepler-796,1.3,,6.40087618,0.07317,1109.0,5475.0,1.09,0.93,Transit,2016.0,817.584
HD 141399 e,HD 141399,14.1,,5000.0,5.0,,5600.0,1.387236,1.07,Radial Velocity,2014.0,37.0169
HD 108236 e,HD 108236,3.083,,19.590025,0.1367,636.0,5660.0,0.877,0.869,Transit,2020.0,64.5978
TOI-1233.01,HD 108236,2.539,,14.175685,0.1074,708.0,5660.0,0.877,0.869,Transit,2021.0,64.5978
2MASS J01033563-5515561 AB b,2MASS J01033563-5515561 A,12.3,4131.79,,84.0,,,,0.19,Imaging,2013.0,47.2
TOI-451 b,TOI-451,1.84,4.7,1.8587033,0.0274,1474.0,5490.0,0.85,0.93,Transit,2020.0,123.739
Kepler-753 b,Kepler-753,1.91,,5.747725012,0.054,641.0,4346.0,0.65,0.68,Transit,2016.0,274.767
Kepler-752 b,Kepler-752,2.81,,18.82747265,0.1353,632.0,5373.0,0.83,0.87,Transit,2016.0,1232.29
Kepler-846 b,Kepler-846,2.48,,19.80792185,0.1399,624.0,5579.0,0.91,0.94,Transit,2016.0,1127.12
Kepler-845 b,Kepler-845,2.04,,0.927859821,0.01668,1361.0,4913.0,0.75,0.79,Transit,2016.0,431.051
Kepler-771 b,Kepler-771,1.82,,8.73485836,0.0843,890.0,5906.0,1.05,1.03,Transit,2016.0,1393.85
Kepler-773 b,Kepler-773,1.43,,3.749100061,0.04682,1160.0,5850.0,1.01,1.04,Transit,2016.0,547.026
Kepler-844 b,Kepler-844,1.68,,2.613020856,0.0298,713.0,4128.0,0.57,0.59,Transit,2016.0,431.776
Kepler-843 b,Kepler-843,2.59,,2.053879821,0.0313,1523.0,5830.0,1.03,1.02,Transit,2016.0,1165.66
TOI-663 d,TOI-663,1.92,5.2,7.1027268,0.0576,482.0,3681.0,0.512,0.514,Transit,2024.0,64.2308
Kepler-767 b,Kepler-767,6.64,,161.5280101,0.5874,366.0,5694.0,0.94,0.96,Transit,2016.0,2251.03
Kepler-774 b,Kepler-774,3.17,,11.0895723,0.1082,1422.0,6403.0,2.42,1.57,Transit,2016.0,917.804
Kepler-841 b,Kepler-841,5.23,,124.4198398,0.479,416.0,5324.0,0.81,0.85,Transit,2016.0,998.961
Kepler-842 b,Kepler-842,1.6,,1.21956827,0.0204,1252.0,4848.0,0.73,0.78,Transit,2016.0,532.726
Kepler-839 b,Kepler-839,2.57,,37.8144514,0.2316,626.0,6058.0,1.31,1.22,Transit,2016.0,944.561
HD 133131 A b,HD 133131 A,13.6,,649.0,1.44,,5799.0,0.955014,0.95,Radial Velocity,2016.0,51.4736
Kepler-770 b,Kepler-770,2.3,,18.92540274,0.1694,1171.0,5598.0,0.92,0.94,Transit,2016.0,930.457
Kepler-769 b,Kepler-769,2.92,,7.42608998,0.0778,1037.0,6186.0,1.28,1.19,Transit,2016.0,1169.57
HD 133131 B b,HD 133131 B,13.3,,5769.0,6.15,,5805.0,0.989538,0.93,Radial Velocity,2016.0,51.2993
TOI-5082.01,TOI-5082,2.54811,,4.240122,0.051204842,1164.91,5670.0,0.93,0.99665,Transit,2024.0,43.1406
Kepler-744 b,Kepler-744,1.62,,12.06222443,0.09735,750.0,5594.0,0.93,0.94,Transit,2016.0,449.964
Kepler-765 b,Kepler-765,2.43,,27.6655226,0.1754,641.0,5901.0,1.06,1.05,Transit,2016.0,1076.28
Kepler-834 b,Kepler-834,2.02,,13.32388301,0.0862,378.0,4554.0,0.66,0.7,Transit,2016.0,633.937
Kepler-832 b,Kepler-832,2.06,,7.1396941,0.075,965.0,5596.0,0.9,0.92,Transit,2016.0,1688.12
TOI-4527.01,TOI-4527,0.9086617,,0.3994445,0.008332353,1362.93,3702.0,0.485948,0.483901,Transit,2024.0,18.1037
Kepler-912 b,Kepler-912,2.8,,2.534756273,0.0339,1218.0,5998.0,1.11,1.07,Transit,2016.0,2004.72
Kepler-1017 b,Kepler-1017,1.99,,7.23400469,0.07196,831.0,5473.0,0.87,0.93,Transit,2016.0,552.058
Kepler-980 b,Kepler-980,2.67,,11.55102504,0.09993,845.0,5935.0,1.06,1.05,Transit,2016.0,961.468
Kepler-983 b,Kepler-983,2.36,,60.0855082,0.3148,485.0,6052.0,1.08,1.13,Transit,2016.0,714.437
Kepler-870 b,Kepler-870,2.78,,21.3587621,0.1539,691.0,5857.0,1.02,1.01,Transit,2016.0,1259.46
Kepler-869 b,Kepler-869,3.61,,40.4287755,0.2244,494.0,5664.0,0.95,0.97,Transit,2016.0,939.455
Kepler-913 b,Kepler-913,2.06,,10.29672521,0.1009,1129.0,4687.0,0.61,0.63,Transit,2016.0,991.618
Kepler-910 b,Kepler-910,0.82,,2.364369015,0.03752,1752.0,6230.0,1.5,1.26,Transit,2016.0,400.289
Kepler-964 b,Kepler-964,2.12,,13.5225106,0.1073,652.0,5427.0,0.84,0.93,Transit,2016.0,454.626
Kepler-866 b,Kepler-866,1.63,,2.617032536,0.0331,996.0,4751.0,0.71,0.75,Transit,2016.0,646.667
Kepler-915 b,Kepler-915,1.5,,4.59489604,0.05655,1319.0,6173.0,1.38,1.21,Transit,2016.0,849.036
Kepler-914 b,Kepler-914,1.38,,4.40966548,0.05454,1192.0,5877.0,1.15,1.1,Transit,2016.0,753.723
Kepler-1051 b,Kepler-1051,3.4,,25.96200249,0.18395,850.0,6675.0,1.73,1.43,Transit,2016.0,829.343
Kepler-1058 b,Kepler-1058,2.72,,110.96546,0.3679,239.0,4644.0,0.69,0.73,Transit,2016.0,491.997
Kepler-863 b,Kepler-863,2.9,,15.59461874,0.122,718.0,5678.0,0.95,0.96,Transit,2016.0,1499.66
Kepler-923 b,Kepler-923,1.38,,6.93366476,0.07592,1104.0,5988.0,1.26,1.11,Transit,2016.0,1000.28
Kepler-916 b,Kepler-916,1.76,,32.2968798,0.1885,503.0,5248.0,0.81,0.85,Transit,2016.0,830.712
Kepler-950 b,Kepler-950,8.98,,98.7180406,0.3982,360.0,5857.0,1.02,1.02,Transit,2016.0,2161.6
Kepler-1029 b,Kepler-1029,1.26,,4.417696479,0.047,790.0,5030.0,0.77,0.82,Transit,2016.0,366.656
Kepler-958 b,Kepler-958,2.06,,9.7678805,0.08631,749.0,5421.0,0.86,0.91,Transit,2016.0,449.773
Kepler-861 b,Kepler-861,2.28,,3.949631375,0.0463,966.0,5047.0,0.78,0.82,Transit,2016.0,850.327
Kepler-862 b,Kepler-862,2.21,,3.148664534,0.039,1097.0,5333.0,0.84,0.88,Transit,2016.0,1039.03
Kepler-927 b,Kepler-927,1.72,,9.1149903,0.0866,906.0,5743.0,0.99,0.99,Transit,2016.0,831.685
Kepler-962 b,Kepler-962,1.97,,12.05707239,0.09874,689.0,5478.0,0.86,0.93,Transit,2016.0,411.486
TOI-1855 b,TOI-1855,18.49481816,360.099585131,1.36414864,0.02398,1701.0,5359.0,1.041,0.987,Transit,2024.0,176.833
Kepler-930 b,Kepler-930,2.13,,71.4517775,0.34593,561.0,6335.0,1.4,1.25,Transit,2016.0,848.396
Kepler-929 b,Kepler-929,1.11,,0.921032135,0.01982,2362.0,5869.0,1.02,1.01,Transit,2016.0,1311.23
Kepler-965 b,Kepler-965,3.38,,134.2527298,0.50998,393.0,5886.0,1.15,1.05,Transit,2016.0,582.828
Kepler-979 b,Kepler-979,2.72,,8.0880135,0.0753,792.0,5310.0,0.83,0.87,Transit,2016.0,576.503
Kepler-932 b,Kepler-932,1.37,,1.921437396,0.02876,1276.0,5331.0,0.84,0.87,Transit,2016.0,465.612
Kepler-931 b,Kepler-931,1.33,,8.03755877,0.0719,744.0,5241.0,0.81,0.86,Transit,2016.0,490.0
Kepler-1006 b,Kepler-1006,1.54,,19.76172042,0.1464,791.0,5328.0,0.74,0.78,Transit,2016.0,1081.738
Kepler-990 b,Kepler-990,2.6,,9.91723428,0.08595,903.0,5948.0,1.08,1.05,Transit,2016.0,802.163
Kepler-892 b,Kepler-892,2.81,,13.7521072,0.1015,556.0,4747.0,0.72,0.75,Transit,2016.0,570.727
Kepler-895 b,Kepler-895,1.54,,2.806242328,0.0328,771.0,4315.0,0.61,0.65,Transit,2016.0,540.134
Kepler-507 b,Kepler-507,1.3,,3.568096926,0.04781,1407.0,6113.0,1.32,1.16,Transit,2016.0,391.644
Kepler-1027 b,Kepler-1027,0.89,,1.907805199,0.02911,1268.0,5436.0,0.82,0.91,Transit,2016.0,405.104
Kepler-982 b,Kepler-982,2.25,,15.7738221,0.1277,955.0,6139.0,1.29,1.16,Transit,2016.0,801.479
Kepler-897 b,Kepler-897,2.39,,8.0472642,0.077,855.0,5839.0,1.04,1.03,Transit,2016.0,1519.25
Kepler-898 b,Kepler-898,1.49,,5.8706191,0.0545,616.0,4223.0,0.62,0.65,Transit,2016.0,484.891
Kepler-938 b,Kepler-938,2.22,,52.6298417,0.2689,544.0,5533.0,0.89,0.92,Transit,2016.0,1182.05
Kepler-986 b,Kepler-986,2.36,,56.4349938,0.29131,465.0,5642.0,0.98,0.96,Transit,2016.0,548.364
Kepler-978 b,Kepler-978,2.99,,49.6221509,0.2726,546.0,6002.0,1.09,1.07,Transit,2016.0,682.522
Kepler-960 b,Kepler-960,2.29,,3.12686223,0.03807,1391.0,4755.0,0.72,0.77,Transit,2016.0,284.916
Kepler-976 b,Kepler-976,3.96,,105.9564148,0.4217,324.0,5232.0,0.83,0.87,Transit,2016.0,1012.41
Kepler-899 b,Kepler-899,2.68,,19.17891293,0.1392,640.0,5595.0,0.91,0.93,Transit,2016.0,1246.43
Kepler-1015 b,Kepler-1015,3.55,,16.00494214,0.1345,1040.0,6769.0,1.81,1.49,Transit,2016.0,739.357
Kepler-1002 b,Kepler-1002,1.71,,4.336429331,0.0564,1453.0,6144.0,1.57,1.22,Transit,2016.0,408.303
Kepler-889 b,Kepler-889,1.09,,3.744439,0.04975,1328.0,5961.0,1.25,1.14,Transit,2016.0,598.313
Kepler-903 b,Kepler-903,2.01,,10.3507721,0.09081,842.0,5682.0,0.97,0.98,Transit,2016.0,1369.24
Kepler-904 b,Kepler-904,1.77,,3.021668632,0.0417,1332.0,6160.0,1.25,1.16,Transit,2016.0,978.125
Kepler-918 b,Kepler-918,1.74,,4.85386933,0.0569,1052.0,6028.0,1.14,1.11,Transit,2016.0,1025.03
Kepler-920 b,Kepler-920,2.42,,6.53192704,0.065,907.0,5403.0,0.85,0.89,Transit,2016.0,1001.68
Kepler-961 b,Kepler-961,2.55,,16.87727414,0.12585,642.0,5582.0,0.9,0.96,Transit,2016.0,574.314
Kepler-972 b,Kepler-972,4.65,,7.03932553,0.0734,1060.0,6146.0,1.22,1.15,Transit,2016.0,1198.03
Kepler-886 b,Kepler-886,1.52,,6.24146367,0.06428,1111.0,6098.0,1.16,1.1,Transit,2016.0,711.297
Kepler-885 b,Kepler-885,2.5,,18.11472949,0.14403,830.0,6187.0,1.35,1.21,Transit,2016.0,651.318
Kepler-906 b,Kepler-906,2.11,,41.6979976,0.22363,537.0,6035.0,1.02,1.06,Transit,2016.0,757.791
Kepler-466 c,Kepler-466,1.25,,3.709213846,0.04658,1206.0,5927.0,1.05,1.04,Transit,2016.0,530.122
Kepler-921 b,Kepler-921,2.87,,51.300634,0.2716,492.0,5663.0,0.91,0.93,Transit,2016.0,934.49
Kepler-943 b,Kepler-943,5.93,,49.7701438,0.2559,455.0,5612.0,0.91,0.93,Transit,2016.0,2300.53
Kepler-946 b,Kepler-946,1.93,,11.79162572,0.1002,857.0,5665.0,0.93,0.94,Transit,2016.0,1137.29
Kepler-1014 b,Kepler-1014,2.39,,16.57110363,0.121,614.0,5388.0,0.84,0.88,Transit,2016.0,624.8
Kepler-852 b,Kepler-852,2.54,,44.9309804,0.27967,565.0,6100.0,1.16,1.19,Transit,2016.0,1619.03
Kepler-884 b,Kepler-884,1.23,,5.69919514,0.06116,964.0,5715.0,0.94,1.0,Transit,2016.0,476.733
Kepler-529 c,Kepler-529,2.0,,12.8345022,0.1075,891.0,6087.0,1.14,1.07,Transit,2016.0,799.008
Kepler-944 b,Kepler-944,2.63,,43.3167737,0.2288,459.0,5409.0,0.83,0.86,Transit,2016.0,1349.43
Kepler-942 b,Kepler-942,2.13,,44.96417488,0.22737,379.0,4861.0,0.75,0.81,Transit,2016.0,216.354
Kepler-1010 b,Kepler-1010,2.32,,34.2685705,0.193,477.0,5253.0,0.82,0.86,Transit,2016.0,579.273
Kepler-882 b,Kepler-882,1.23,,3.989539666,0.04741,903.0,5476.0,0.87,0.9,Transit,2016.0,504.605
Kepler-255 d,Kepler-255,1.32,,1.045622658,0.0192,1710.0,5431.0,0.86,0.9,Transit,2016.0,1052.53
Kepler-758 c,Kepler-758,1.69,,4.75793986,0.05768,1372.0,6228.0,1.42,1.16,Transit,2016.0,1502.32
Kepler-1034 b,Kepler-1034,2.26,,12.12400943,0.0965,675.0,5198.0,0.8,0.83,Transit,2016.0,654.549
Kepler-1013 b,Kepler-1013,2.15,,18.93054959,0.137,766.0,4954.0,0.76,0.81,Transit,2016.0,422.246
Kepler-1054 b,Kepler-1054,2.63,,4.30655689,0.05542,1177.0,6209.0,1.34,1.22,Transit,2016.0,1090.51
Kepler-760 c,Kepler-760,1.48,,2.46697439,0.03489,1139.0,5322.0,0.85,0.89,Transit,2016.0,792.336
Kepler-271 c,Kepler-271,0.95,,7.41086267,0.06993,850.0,5555.0,0.87,0.9,Transit,2014.0,404.542
Kepler-967 b,Kepler-967,2.35,,13.22713379,0.1027,638.0,5178.0,0.8,0.84,Transit,2016.0,568.546
Kepler-995 b,Kepler-995,2.7,,28.26731672,0.1701,517.0,5206.0,0.8,0.83,Transit,2016.0,609.638
TOI-2368 b,TOI-2368,10.83908434,206.58846455,5.1750073,0.05649,1000.0,5360.0,0.846,0.897,Transit,2024.0,210.915
Kepler-1033 b,Kepler-1033,2.51,,7.56052806,0.0761,914.0,5547.0,0.92,0.94,Transit,2016.0,1455.5
Kepler-876 b,Kepler-876,1.43,,5.14438011,0.0549,923.0,5060.0,0.77,0.81,Transit,2016.0,820.913
Kepler-875 b,Kepler-875,2.9,,27.5073799,0.1771,569.0,5958.0,1.11,1.06,Transit,2016.0,1242.62
Kepler-732 c,Kepler-732,1.27,,0.893041236,0.0143,893.0,3631.0,0.46,0.49,Transit,2016.0,174.826
Kepler-1060 b,Kepler-1060,2.38,,46.8779367,0.2495,484.0,5797.0,0.99,0.99,Transit,2016.0,946.565
Kepler-1008 b,Kepler-1008,1.28,,12.43931193,0.09755,627.0,5066.0,0.78,0.81,Transit,2016.0,282.565
Kepler-1055 b,Kepler-1055,1.23,,2.295036233,0.0335,1304.0,5723.0,0.94,0.98,Transit,2016.0,389.397
Kepler-1045 b,Kepler-1045,2.69,,26.41045478,0.1616,512.0,5301.0,0.82,0.86,Transit,2016.0,942.485
Kepler-872 b,Kepler-872,1.99,,2.578855068,0.0362,1230.0,5902.0,1.08,1.05,Transit,2016.0,879.683
Kepler-1071 b,Kepler-1071,2.38,,6.1799844,0.0629,814.0,5215.0,0.81,0.86,Transit,2016.0,1042.27
Kepler-1139 b,Kepler-1139,1.19,,0.813166719,0.01664,1693.0,5550.0,0.91,0.94,Transit,2016.0,495.156
Kepler-1180 b,Kepler-1180,1.99,,16.8601286,0.1246,765.0,6077.0,1.14,1.09,Transit,2016.0,1596.8
Kepler-991 b,Kepler-991,2.54,,82.5342519,0.3104,260.0,4392.0,0.61,0.64,Transit,2016.0,389.561
Kepler-1141 b,Kepler-1141,0.82,,2.344511944,0.03496,1471.0,5791.0,1.07,1.01,Transit,2016.0,393.642
Kepler-1140 b,Kepler-1140,2.77,,24.0862707,0.1478,500.0,4850.0,0.73,0.76,Transit,2016.0,656.48
Kepler-1183 b,Kepler-1183,2.82,,28.5057189,0.1793,555.0,5765.0,0.99,1.0,Transit,2016.0,1919.19
Kepler-1192 b,Kepler-1192,2.36,,25.2034787,0.1693,600.0,5438.0,0.83,0.86,Transit,2016.0,1304.19
Kepler-1028 b,Kepler-1028,1.33,,2.51462432,0.0354,1217.0,5522.0,0.87,0.9,Transit,2016.0,607.916
Kepler-1004 b,Kepler-1004,6.28,,5.28789787,0.06791,1661.0,4972.0,3.39,1.11,Transit,2016.0,1152.68
Kepler-1072 b,Kepler-1072,1.58,,1.569066502,0.02742,1849.0,6199.0,1.32,1.2,Transit,2016.0,982.716
TOI-3919 b,TOI-3919,12.31866979,1233.17421916,7.433234,0.0795,1198.0,6100.0,1.319,1.208,Transit,2024.0,604.591
Kepler-1065 b,Kepler-1065,3.73,,3.609308907,0.0455,1092.0,5635.0,0.93,0.94,Transit,2016.0,1122.48
Kepler-1077 b,Kepler-1077,2.77,,34.3511874,0.2101,576.0,5816.0,1.02,1.02,Transit,2016.0,1101.42
Kepler-1194 b,Kepler-1194,1.51,,16.22371307,0.1212,676.0,5590.0,0.92,0.94,Transit,2016.0,757.382
Kepler-1197 b,Kepler-1197,1.25,,2.03231845,0.02869,1011.0,4708.0,0.72,0.78,Transit,2016.0,486.94
Kepler-1146 b,Kepler-1146,1.23,,2.352265797,0.0325,1019.0,4692.0,0.7,0.74,Transit,2016.0,703.038
Kepler-1144 b,Kepler-1144,1.99,,17.14647302,0.1291,811.0,5753.0,0.96,0.98,Transit,2016.0,1140.57
Kepler-1079 b,Kepler-1079,1.63,,13.24503188,0.1092,887.0,5758.0,1.36,1.08,Transit,2016.0,591.098
Kepler-1066 b,Kepler-1066,2.36,,1.931559839,0.0298,1290.0,5762.0,0.98,0.98,Transit,2016.0,344.251
Kepler-1198 b,Kepler-1198,1.47,,7.6847716,0.0732,830.0,5517.0,0.9,0.93,Transit,2016.0,743.03
Kepler-1199 b,Kepler-1199,1.15,,15.0447198,0.11309,931.0,5889.0,1.17,0.94,Transit,2016.0,563.493
Kepler-968 b,Kepler-968,2.0,,3.692983728,0.0389,745.0,4598.0,0.7,0.76,Transit,2016.0,290.324
Kepler-1047 b,Kepler-1047,2.09,,56.1886887,0.29871,503.0,5754.0,1.13,1.08,Transit,2016.0,817.647
Kepler-1148 b,Kepler-1148,1.69,,1.104463509,0.0188,1397.0,5054.0,0.77,0.81,Transit,2016.0,625.692
Kepler-1147 b,Kepler-1147,2.61,,10.62784997,0.0961,872.0,5941.0,1.14,1.09,Transit,2016.0,1657.36
Kepler-1081 b,Kepler-1081,1.01,,3.856918547,0.04662,972.0,5345.0,0.84,0.88,Transit,2016.0,420.215
Kepler-1062 b,Kepler-1062,1.76,,9.30412078,0.0748,583.0,4597.0,0.7,0.75,Transit,2016.0,397.455
Kepler-1063 b,Kepler-1063,1.49,,14.07971466,0.1176,931.0,5945.0,1.14,1.09,Transit,2016.0,343.226
Kepler-1064 b,Kepler-1064,1.55,,16.54080322,0.1183,570.0,5153.0,0.79,0.85,Transit,2016.0,374.0
Kepler-1084 b,Kepler-1084,1.11,,2.05333679,0.0324,1737.0,6113.0,1.28,1.12,Transit,2016.0,405.533
Kepler-1087 b,Kepler-1087,0.61,,0.693842855,0.01554,2161.0,5589.0,0.94,0.96,Transit,2016.0,362.623
Kepler-1207 b,Kepler-1207,1.62,,13.68237119,0.1156,802.0,5909.0,1.06,1.06,Transit,2016.0,1754.19
Kepler-1209 b,Kepler-1209,1.51,,25.369116,0.17515,755.0,6210.0,1.38,1.23,Transit,2016.0,505.531
Kepler-1114 b,Kepler-1114,1.35,,14.97435694,0.11056,631.0,5374.0,0.83,0.87,Transit,2016.0,418.417
Kepler-1115 b,Kepler-1115,1.7,,23.5540725,0.2134,1381.0,8480.0,1.73,1.6,Transit,2016.0,983.245
Kepler-1154 b,Kepler-1154,2.34,,5.1856142,0.0631,1314.0,6327.0,1.43,1.26,Transit,2016.0,1460.1
Kepler-1089 b,Kepler-1089,1.83,,5.132485618,0.0497,584.0,3753.0,0.49,0.52,Transit,2016.0,259.328
Kepler-1216 b,Kepler-1216,1.39,,4.37034536,0.0519,1191.0,5743.0,0.98,0.99,Transit,2016.0,1258.36
Kepler-1215 b,Kepler-1215,1.22,,4.76703963,0.0528,1046.0,5616.0,0.93,0.95,Transit,2016.0,661.022
Kepler-1117 b,Kepler-1117,1.11,,4.79028459,0.05485,938.0,5612.0,0.93,0.95,Transit,2016.0,568.487
Kepler-1156 b,Kepler-1156,1.32,,11.89520511,0.09704,787.0,5778.0,1.0,1.0,Transit,2016.0,691.331
Kepler-1092 b,Kepler-1092,2.07,,58.6017925,0.2996,508.0,5862.0,1.0,0.99,Transit,2016.0,981.233
Kepler-1093 b,Kepler-1093,1.95,,25.0824626,0.17543,776.0,6166.0,1.2,1.13,Transit,2016.0,1072.88
Kepler-1210 b,Kepler-1210,1.7,,8.07124073,0.0753,856.0,5568.0,0.92,0.94,Transit,2016.0,1176.53
Kepler-1212 b,Kepler-1212,2.14,,12.94130146,0.1082,795.0,6051.0,1.15,1.1,Transit,2016.0,1316.57
Kepler-1120 b,Kepler-1120,1.38,,2.949029052,0.0369,1027.0,4904.0,0.74,0.78,Transit,2016.0,615.231
Kepler-1159 b,Kepler-1159,2.37,,22.70816791,0.1603,677.0,6217.0,1.28,1.19,Transit,2016.0,1213.71
Kepler-1160 b,Kepler-1160,2.14,,7.97034958,0.0755,839.0,5519.0,0.89,0.92,Transit,2016.0,1077.63
Kepler-1096 b,Kepler-1096,1.24,,2.892217506,0.034,794.0,4306.0,0.63,0.66,Transit,2016.0,377.976
Kepler-1094 b,Kepler-1094,3.18,,78.1000231,0.3625,480.0,6112.0,1.21,1.14,Transit,2016.0,1291.01
Kepler-1214 b,Kepler-1214,2.36,,18.82634264,0.128,591.0,5130.0,0.8,0.85,Transit,2016.0,729.227
Kepler-1122 b,Kepler-1122,2.04,,42.1917357,0.2315,526.0,5544.0,0.89,0.92,Transit,2016.0,1230.42
Kepler-1124 b,Kepler-1124,1.28,,2.852348975,0.0305,621.0,3658.0,0.34,0.35,Transit,2016.0,289.899
Kepler-1161 b,Kepler-1161,2.13,,10.71252541,0.0784,485.0,4253.0,0.57,0.59,Transit,2016.0,547.726
Kepler-1097 b,Kepler-1097,3.26,,187.747029,0.5791,267.0,5211.0,0.79,0.82,Transit,2016.0,719.802
Kepler-1098 b,Kepler-1098,1.3,,2.543072855,0.0358,1319.0,5794.0,0.99,0.99,Transit,2016.0,1049.19
Kepler-1046 b,Kepler-1046,1.71,,14.37508035,0.11858,786.0,5913.0,1.04,1.04,Transit,2016.0,721.534
TOI-4153 b,TOI-4153,16.11851425,365.50266805,4.6174141,0.06311,1669.0,6860.0,1.605,1.572,Transit,2024.0,423.84
Kepler-1125 b,Kepler-1125,1.84,,17.6700642,0.1348,778.0,5683.0,0.94,0.95,Transit,2016.0,2011.41
Kepler-1166 b,Kepler-1166,1.69,,33.2406882,0.1975,486.0,5446.0,0.86,0.9,Transit,2016.0,634.906
Kepler-1164 b,Kepler-1164,1.12,,3.97599768,0.04635,936.0,5183.0,0.79,0.85,Transit,2016.0,431.622
Kepler-1102 b,Kepler-1102,2.66,,51.3285623,0.2731,546.0,5724.0,0.94,0.96,Transit,2016.0,1246.05
Kepler-1100 b,Kepler-1100,1.75,,6.42200058,0.06745,1000.0,6247.0,1.34,1.21,Transit,2016.0,693.618
Kepler-1000 b,Kepler-1000,4.76,,120.0181272,0.5326,473.0,6453.0,1.51,1.4,Transit,2016.0,1115.62
Kepler-1127 b,Kepler-1127,1.96,,5.12330347,0.0556,994.0,5664.0,0.95,0.97,Transit,2016.0,842.459
Kepler-1128 b,Kepler-1128,3.65,,61.6178167,0.302,424.0,5543.0,0.91,0.94,Transit,2016.0,1083.41
Kepler-1073 b,Kepler-1073,2.3,,8.67888593,0.0805,905.0,5792.0,1.0,1.0,Transit,2016.0,809.897
Kepler-1169 b,Kepler-1169,0.94,,6.11009134,0.06931,1125.0,6191.0,1.23,1.24,Transit,2016.0,522.823
Kepler-1106 b,Kepler-1106,1.65,,1.252752174,0.0239,2199.0,6104.0,1.17,1.11,Transit,2016.0,1090.7
Kepler-1037 b,Kepler-1037,1.28,,1.063788673,0.0198,1650.0,5105.0,0.78,0.82,Transit,2016.0,446.914
Kepler-1131 b,Kepler-1131,1.59,,3.53232449,0.0459,1159.0,5851.0,1.04,1.03,Transit,2016.0,1030.7
Kepler-1132 b,Kepler-1132,2.35,,62.8916228,0.2881,384.0,5298.0,0.83,0.87,Transit,2016.0,867.931
Kepler-480 b,Kepler-480,2.78,,4.919583795,0.06024,1312.0,6322.0,1.34,1.25,Transit,2016.0,847.508
Kepler-1108 b,Kepler-1108,1.46,,4.51005748,0.0511,1063.0,5406.0,0.84,0.88,Transit,2016.0,767.701
Kepler-1109 b,Kepler-1109,2.19,,37.6467384,0.2466,787.0,5893.0,1.06,1.05,Transit,2016.0,685.087
Kepler-994 b,Kepler-994,1.6,,1.151166506,0.0177,957.0,3934.0,0.54,0.56,Transit,2016.0,188.158
Kepler-1133 b,Kepler-1133,1.97,,11.55562343,0.0983,703.0,5569.0,0.9,0.93,Transit,2016.0,753.135
Kepler-1172 b,Kepler-1172,3.2,,26.0204423,0.168,675.0,5558.0,0.89,0.92,Transit,2016.0,1306.53
Kepler-1173 b,Kepler-1173,0.89,,0.7698536,0.0156,1650.0,5252.0,0.82,0.86,Transit,2016.0,377.06
Kepler-1111 b,Kepler-1111,2.0,,8.79617863,0.0872,938.0,6077.0,1.15,1.1,Transit,2016.0,841.536
Kepler-1049 b,Kepler-1049,0.95,,3.273460736,0.0349,625.0,3864.0,0.49,0.51,Transit,2016.0,162.006
Kepler-1135 b,Kepler-1135,1.85,,76.957857,0.3436,451.0,5656.0,0.94,0.96,Transit,2016.0,1314.64
Kepler-478 b,Kepler-478,2.71,,13.2217576,0.1032,640.0,5210.0,0.8,0.85,Transit,2016.0,420.0
Kepler-1175 b,Kepler-1175,2.99,,37.94563,0.2181,515.0,5453.0,0.86,0.9,Transit,2016.0,1121.89
Kepler-1174 b,Kepler-1174,1.59,,6.89225223,0.0732,1156.0,5936.0,1.04,1.04,Transit,2016.0,1408.75
Kepler-508 b,Kepler-508,1.64,,25.30889748,0.17274,710.0,6025.0,1.25,1.16,Transit,2016.0,324.618
Kepler-954 b,Kepler-954,2.32,,16.78176602,0.1202,545.0,4990.0,0.76,0.82,Transit,2016.0,215.814
Kepler-1050 b,Kepler-1050,1.6,,15.3787546,0.12353,1039.0,6010.0,1.13,1.09,Transit,2016.0,490.488
Kepler-1136 b,Kepler-1136,1.64,,2.361724329,0.0299,922.0,4512.0,0.68,0.72,Transit,2016.0,491.406
Kepler-1177 b,Kepler-1177,1.9,,106.247547,0.4301,377.0,5712.0,0.97,0.98,Transit,2016.0,1299.97
Kepler-1075 b,Kepler-1075,1.42,,1.52372816,0.0208,818.0,3959.0,0.54,0.56,Transit,2016.0,291.275
Kepler-1186 b,Kepler-1186,2.23,,16.07677615,0.1281,724.0,5635.0,0.93,0.95,Transit,2016.0,1337.25
Kepler-1188 b,Kepler-1188,2.08,,17.1369543,0.135,775.0,5913.0,1.06,1.04,Transit,2016.0,1717.48
Kepler-1001 b,Kepler-1001,3.15,,14.30511983,0.11147,693.0,5491.0,0.88,0.9,Transit,2016.0,928.978
Kepler-1277 b,Kepler-1277,1.6,,40.8365012,0.21857,496.0,5578.0,0.92,0.94,Transit,2016.0,557.193
Kepler-1276 b,Kepler-1276,1.19,,12.5720095,0.10863,886.0,6188.0,1.21,1.14,Transit,2016.0,538.481
Kepler-1323 b,Kepler-1323,1.52,,0.929906678,0.01911,2291.0,6169.0,1.4,1.18,Transit,2016.0,465.417
Kepler-1322 b,Kepler-1322,1.61,,0.962867382,0.0183,1666.0,5488.0,0.87,0.9,Transit,2016.0,1350.32
Kepler-1368 b,Kepler-1368,1.65,,0.675649486,0.0153,2085.0,5906.0,1.08,1.07,Transit,2016.0,1635.82
Kepler-1236 b,Kepler-1236,2.14,,31.0571618,0.1803,480.0,5337.0,0.82,0.86,Transit,2016.0,999.64
Kepler-1280 b,Kepler-1280,1.87,,66.5579057,0.33982,757.0,6227.0,1.32,1.2,Transit,2016.0,1486.7
Kepler-1279 b,Kepler-1279,1.75,,23.4774101,0.1785,738.0,6221.0,1.33,1.21,Transit,2016.0,1494.22
Kepler-1281 b,Kepler-1281,1.64,,3.11602791,0.0415,1123.0,5353.0,0.83,0.87,Transit,2016.0,1090.0
Kepler-1327 b,Kepler-1327,1.8,,14.88801098,0.11151,831.0,5885.0,1.03,1.02,Transit,2016.0,678.069
Kepler-1325 b,Kepler-1325,2.86,,33.8786838,0.2004,564.0,5550.0,0.91,0.93,Transit,2016.0,973.368
Kepler-1372 b,Kepler-1372,1.27,,1.311555568,0.024,1655.0,5677.0,0.97,0.98,Transit,2016.0,1303.22
Kepler-1239 b,Kepler-1239,2.9,,5.19104016,0.0625,1183.0,6564.0,1.57,1.4,Transit,2016.0,2140.6
Kepler-1283 b,Kepler-1283,1.91,,12.9460978,0.1062,764.0,6175.0,1.25,1.16,Transit,2016.0,2921.99
Kepler-1330 b,Kepler-1330,1.65,,10.10769068,0.0889,879.0,5608.0,0.94,0.97,Transit,2016.0,1720.48
Kepler-1373 b,Kepler-1373,1.16,,1.29123275,0.02598,1887.0,6299.0,1.33,1.22,Transit,2016.0,1699.46
Kepler-1374 b,Kepler-1374,2.29,,10.65276707,0.0918,737.0,5323.0,0.81,0.85,Transit,2016.0,1078.46
Kepler-1287 b,Kepler-1287,1.54,,11.47685909,0.0976,796.0,5715.0,0.94,0.96,Transit,2016.0,1003.26
Kepler-1333 b,Kepler-1333,2.81,,109.6471842,0.4382,428.0,5628.0,0.92,0.94,Transit,2016.0,932.446
Kepler-1332 b,Kepler-1332,1.37,,11.87456832,0.09915,728.0,5581.0,0.9,0.95,Transit,2016.0,528.685
Kepler-528 b,Kepler-528,2.08,,19.78297415,0.14219,708.0,5807.0,1.06,1.01,Transit,2016.0,784.23
Kepler-1376 b,Kepler-1376,1.05,,5.30880656,0.0598,1042.0,5659.0,0.97,0.98,Transit,2016.0,868.056
Kepler-1289 b,Kepler-1289,1.52,,7.99019627,0.0785,1113.0,6080.0,1.17,1.1,Transit,2016.0,1053.57
Kepler-1335 b,Kepler-1335,1.45,,6.26406846,0.0615,809.0,4903.0,0.74,0.77,Transit,2016.0,621.853
Kepler-1334 b,Kepler-1334,2.29,,15.64591713,0.1229,710.0,5614.0,0.91,0.94,Transit,2016.0,1223.04
Kepler-1377 b,Kepler-1377,1.25,,0.740928422,0.0153,1873.0,5218.0,0.82,0.86,Transit,2016.0,1146.1
Kepler-1378 b,Kepler-1378,2.2,,11.95398936,0.0885,525.0,4407.0,0.67,0.7,Transit,2016.0,506.434
Kepler-1247 b,Kepler-1247,2.33,,13.71220213,0.1091,676.0,5303.0,0.82,0.86,Transit,2016.0,1045.92
Kepler-520 b,Kepler-520,1.66,,19.67416124,0.14628,711.0,6112.0,1.09,1.1,Transit,2016.0,623.901
Kepler-1291 b,Kepler-1291,1.66,,8.63043276,0.0779,739.0,5216.0,0.8,0.84,Transit,2016.0,897.352
Kepler-1292 b,Kepler-1292,1.82,,3.27646405,0.0443,1195.0,5556.0,0.93,0.95,Transit,2016.0,1493.43
Kepler-1337 b,Kepler-1337,2.41,,24.4002549,0.1441,437.0,4523.0,0.67,0.7,Transit,2016.0,601.629
Kepler-1381 b,Kepler-1381,2.25,,25.3842686,0.1728,649.0,5747.0,0.94,0.96,Transit,2016.0,1197.04
Kepler-1248 b,Kepler-1248,1.18,,7.46725407,0.0806,1035.0,6149.0,1.21,1.21,Transit,2016.0,593.026
Kepler-1251 b,Kepler-1251,1.84,,45.0904643,0.2478,487.0,5545.0,0.89,0.92,Transit,2016.0,902.204
Kepler-1293 b,Kepler-1293,0.97,,5.57654784,0.06763,1183.0,6241.0,1.28,1.18,Transit,2016.0,1028.16
Kepler-1341 b,Kepler-1341,2.99,,132.9968322,0.47267,241.0,4662.0,0.72,0.79,Transit,2016.0,476.957
Kepler-1342 b,Kepler-1342,1.66,,2.215710358,0.0313,1283.0,5527.0,0.9,0.93,Transit,2016.0,890.724
Kepler-1388 b,Kepler-1388,2.59,,12.2854603,0.0882,434.0,4098.0,0.61,0.63,Transit,2016.0,453.795
Kepler-1252 b,Kepler-1252,1.67,,15.0540329,0.1078,665.0,5949.0,1.09,1.06,Transit,2016.0,648.979
Kepler-1253 b,Kepler-1253,1.33,,68.8861915,0.31444,501.0,5850.0,1.1,0.97,Transit,2016.0,514.524
Kepler-1295 b,Kepler-1295,1.55,,3.81371974,0.0464,1029.0,5486.0,0.89,0.92,Transit,2016.0,1174.46
Kepler-1344 b,Kepler-1344,1.84,,4.7683049,0.05501,1219.0,5981.0,1.13,1.09,Transit,2016.0,853.959
Kepler-1343 b,Kepler-1343,1.93,,3.35183158,0.0449,1294.0,5759.0,0.93,0.95,Transit,2016.0,1756.71
Kepler-1379 b,Kepler-1379,1.3,,0.881841146,0.0171,1564.0,5188.0,0.79,0.83,Transit,2016.0,971.325
Kepler-1382 b,Kepler-1382,1.88,,16.3583055,0.14023,959.0,6161.0,1.72,1.36,Transit,2016.0,738.261
Kepler-1256 b,Kepler-1256,1.49,,12.4127754,0.10733,933.0,6129.0,1.36,1.17,Transit,2016.0,891.192
Kepler-1254 b,Kepler-1254,1.55,,9.99113313,0.0833,660.0,4985.0,0.75,0.78,Transit,2016.0,622.818
Kepler-1347 b,Kepler-1347,1.03,,14.00947528,0.104,617.0,5193.0,0.79,0.82,Transit,2016.0,321.0
Kepler-1346 b,Kepler-1346,1.58,,3.40165668,0.044,1236.0,6133.0,1.21,1.14,Transit,2016.0,843.701
Kepler-1386 b,Kepler-1386,1.24,,6.73972381,0.068,1011.0,5733.0,1.03,1.02,Transit,2016.0,835.882
Kepler-1259 b,Kepler-1259,1.43,,0.663085258,0.0141,1681.0,5053.0,0.77,0.8,Transit,2016.0,805.562
Kepler-1257 b,Kepler-1257,1.52,,2.668313762,0.0376,1252.0,5502.0,0.87,0.9,Transit,2016.0,1105.95
Kepler-616 c,Kepler-616,3.41,,90.4113556,0.4024,413.0,5753.0,0.97,0.98,Transit,2016.0,945.775
Kepler-1300 b,Kepler-1300,1.37,,22.2419092,0.16005,954.0,6130.0,1.79,1.29,Transit,2016.0,777.025
Kepler-1350 b,Kepler-1350,2.52,,4.4968604,0.0413,535.0,3827.0,0.53,0.55,Transit,2016.0,340.691
Kepler-1351 b,Kepler-1351,0.65,,0.916140768,0.0156,1212.0,4439.0,0.67,0.7,Transit,2016.0,202.782
Kepler-516 b,Kepler-516,5.74,,24.85462415,0.1992,1095.0,7099.0,2.02,1.62,Transit,2016.0,687.094
Kepler-1217 b,Kepler-1217,1.99,,2.032325072,0.0326,1542.0,5905.0,1.08,1.06,Transit,2016.0,1347.71
Kepler-1218 b,Kepler-1218,1.44,,22.9221266,0.15698,684.0,5986.0,1.1,1.06,Transit,2016.0,840.503
Kepler-1261 b,Kepler-1261,2.26,,48.4308991,0.239,396.0,5006.0,0.77,0.82,Transit,2016.0,744.294
Kepler-1263 b,Kepler-1263,1.14,,4.55139967,0.0499,907.0,5213.0,0.8,0.84,Transit,2016.0,664.83
Kepler-1303 b,Kepler-1303,1.42,,7.56127224,0.0751,891.0,5771.0,1.0,1.01,Transit,2016.0,897.783
Kepler-1305 b,Kepler-1305,1.88,,13.5630972,0.1109,733.0,5701.0,0.96,0.97,Transit,2016.0,1575.23
Kepler-521 b,Kepler-521,3.18,,22.20813214,0.17116,803.0,6406.0,1.46,1.34,Transit,2016.0,830.638
Kepler-1219 b,Kepler-1219,2.12,,16.10467749,0.14146,1159.0,5944.0,1.94,1.25,Transit,2016.0,880.895
Kepler-1220 b,Kepler-1220,1.52,,7.42693741,0.0734,899.0,5842.0,0.99,1.0,Transit,2016.0,961.907
Kepler-1264 b,Kepler-1264,1.18,,0.968526023,0.01839,1677.0,5791.0,0.98,0.99,Transit,2016.0,801.993
Kepler-1265 b,Kepler-1265,1.35,,6.49441289,0.0612,732.0,4630.0,0.69,0.71,Transit,2016.0,583.641
Kepler-1223 b,Kepler-1223,1.22,,16.301259,0.1186,557.0,4870.0,0.75,0.8,Transit,2016.0,459.957
Kepler-1224 b,Kepler-1224,1.33,,13.32351601,0.11625,872.0,6155.0,1.22,1.18,Transit,2016.0,559.598
Kepler-1268 b,Kepler-1268,2.03,,40.9903986,0.2383,627.0,5904.0,1.09,1.06,Transit,2016.0,1840.77
Kepler-1266 b,Kepler-1266,2.58,,28.474748,0.16431,489.0,5044.0,0.76,0.8,Transit,2016.0,849.312
Kepler-1309 b,Kepler-1309,2.37,,28.8432647,0.1679,491.0,5235.0,0.8,0.85,Transit,2016.0,845.0
Kepler-517 b,Kepler-517,2.67,,60.92832271,0.28682,467.0,5690.0,0.98,0.95,Transit,2016.0,289.907
Kepler-1358 b,Kepler-1358,1.12,,7.06317341,0.0656,827.0,5181.0,0.79,0.82,Transit,2016.0,546.998
Kepler-1359 b,Kepler-1359,2.83,,59.4970952,0.26657,369.0,4709.0,0.72,0.78,Transit,2016.0,614.859
Kepler-1225 b,Kepler-1225,1.82,,7.01075434,0.0771,1453.0,6140.0,1.19,1.13,Transit,2016.0,1347.52
Kepler-1270 b,Kepler-1270,3.32,,6.03356196,0.07045,1598.0,5047.0,3.38,1.28,Transit,2016.0,1095.05
Kepler-1314 b,Kepler-1314,5.11,,5.424749281,0.0504,625.0,4188.0,0.59,0.6,Transit,2016.0,141.98685057
Kepler-1362 b,Kepler-1362,2.6,,136.205626,0.4626,248.0,4857.0,0.74,0.8,Transit,2016.0,731.298
Kepler-1363 b,Kepler-1363,1.25,,2.94194094,0.0363,988.0,4839.0,0.72,0.76,Transit,2016.0,541.714
Kepler-1227 b,Kepler-1227,2.29,,94.2887577,0.38555,369.0,5747.0,0.95,0.97,Transit,2016.0,623.706
Kepler-1228 b,Kepler-1228,1.54,,0.577369579,0.01186,1757.0,5063.0,0.74,0.78,Transit,2016.0,515.453
Kepler-1316 b,Kepler-1316,3.54,,87.9732136,0.39765,446.0,5884.0,1.12,1.04,Transit,2016.0,800.871
Kepler-1318 b,Kepler-1318,3.11,,213.257663,0.6085,202.0,4598.0,0.7,0.73,Transit,2016.0,475.248
Kepler-1364 b,Kepler-1364,2.15,,13.32196237,0.1284,1299.0,6805.0,1.79,1.49,Transit,2016.0,1056.9
Kepler-1366 b,Kepler-1366,1.43,,2.164570968,0.0273,783.0,4070.0,0.6,0.62,Transit,2016.0,465.826
Kepler-1231 b,Kepler-1231,1.42,,10.41725184,0.0914,870.0,5778.0,1.0,1.01,Transit,2016.0,987.237
Kepler-523 b,Kepler-523,1.96,,5.835983111,0.06159,884.0,5515.0,0.86,0.93,Transit,2016.0,253.295
Kepler-1274 b,Kepler-1274,1.42,,6.98152703,0.08161,1384.0,6179.0,2.17,1.45,Transit,2016.0,614.648
Kepler-1367 b,Kepler-1367,0.92,,1.574090272,0.0236,998.0,4106.0,0.6,0.62,Transit,2016.0,401.484
Kepler-1235 b,Kepler-1235,0.79,,4.16055856,0.04836,985.0,5541.0,0.9,0.93,Transit,2016.0,540.604
Kepler-1424 b,Kepler-1424,1.16,,29.6091744,0.19068,629.0,5838.0,1.07,1.02,Transit,2016.0,661.421
Kepler-1426 b,Kepler-1426,1.56,,14.2563227,0.1187,797.0,5831.0,1.02,1.02,Transit,2016.0,1697.81
Kepler-556 b,Kepler-556,2.24,,11.72292176,0.09833,766.0,5740.0,0.98,1.0,Transit,2016.0,674.598
Kepler-1586 b,Kepler-1586,1.52,,15.6049212,0.12208,1013.0,6681.0,1.75,1.45,Transit,2016.0,552.55
Kepler-770 d,Kepler-770,1.4,,4.15244722,0.0616,1941.0,5598.0,0.92,0.94,Transit,2016.0,930.457
Kepler-783 b,Kepler-783,0.78,,4.29264638,0.04958,991.0,5521.0,0.89,0.93,Transit,2016.0,516.09
Kepler-1427 b,Kepler-1427,1.1,,0.968972376,0.0197,1844.0,5793.0,1.01,1.01,Transit,2016.0,1220.0
Kepler-1428 b,Kepler-1428,1.64,,10.67607169,0.11051,1049.0,6184.0,1.36,1.28,Transit,2016.0,1530.32
Kepler-541 b,Kepler-541,3.36,,5.08005848,0.06447,1673.0,6166.0,2.06,1.41,Transit,2016.0,1060.68
Kepler-1165 b,Kepler-1165,1.55,,9.478522,0.0914,946.0,6080.0,1.18,1.13,Transit,2016.0,1575.2
Kepler-1553 b,Kepler-1553,1.15,,4.24261881,0.0481,926.0,5288.0,0.81,0.85,Transit,2016.0,692.594
Kepler-1588 b,Kepler-1588,0.76,,7.84931739,0.07419,925.0,5817.0,0.99,0.96,Transit,2016.0,924.141
Kepler-1589 b,Kepler-1589,1.09,,0.991665274,0.0205,2102.0,6166.0,1.25,1.18,Transit,2016.0,1513.14
Kepler-1432 b,Kepler-1432,2.22,,23.9109011,0.1696,709.0,6031.0,1.13,1.09,Transit,2016.0,2171.87
Kepler-1556 b,Kepler-1556,1.96,,8.82713457,0.0829,797.0,5608.0,0.95,0.97,Transit,2016.0,944.54
Kepler-1590 b,Kepler-1590,1.14,,7.61760804,0.07116,1020.0,6053.0,1.16,1.11,Transit,2016.0,771.152
Kepler-398 d,Kepler-398,0.88,,6.83437001,0.0618,636.0,4557.0,0.67,0.72,Transit,2016.0,177.355
Kepler-1321 c,Kepler-1321,2.4,,2.226491086,0.0267,697.0,4094.0,0.53,0.54,Transit,2016.0,769.146
Kepler-1433 b,Kepler-1433,1.56,,4.13592271,0.0516,1226.0,6097.0,1.19,1.14,Transit,2016.0,1328.0
Kepler-1557 b,Kepler-1557,1.53,,3.74032496,0.049,1287.0,6099.0,1.17,1.11,Transit,2016.0,1380.16
Kepler-1178 b,Kepler-1178,1.07,,31.80634,0.1596,378.0,4990.0,0.75,0.8,Transit,2016.0,482.287
Kepler-1592 b,Kepler-1592,1.54,,3.05710069,0.04,1202.0,6213.0,1.28,1.18,Transit,2016.0,1639.47
Kepler-1365 c,Kepler-1365,0.8,,4.77468005,0.05701,1137.0,5770.0,1.05,1.0,Transit,2016.0,840.128
Kepler-1370 c,Kepler-1370,1.27,,7.44142113,0.08084,1075.0,6202.0,1.29,1.19,Transit,2016.0,1004.1
Kepler-1336 c,Kepler-1336,1.71,,5.77721211,0.06272,1260.0,5512.0,1.3,0.94,Transit,2016.0,1126.64
Kepler-1558 b,Kepler-1558,0.68,,3.50470358,0.04278,1019.0,5101.0,0.79,0.83,Transit,2016.0,325.737
Kepler-1594 b,Kepler-1594,1.06,,2.71603809,0.0396,1360.0,5946.0,1.08,1.06,Transit,2016.0,976.868
Kepler-1595 b,Kepler-1595,1.23,,4.56380468,0.051,980.0,5203.0,0.8,0.84,Transit,2016.0,845.022
Kepler-1388 c,Kepler-1388,2.26,,5.53608151,0.0519,566.0,4098.0,0.61,0.63,Transit,2016.0,453.795
Kepler-1439 b,Kepler-1439,1.46,,8.07392849,0.0594,420.0,3578.0,0.43,0.46,Transit,2016.0,225.393
Kepler-1438 b,Kepler-1438,0.94,,2.31942009,0.0346,1490.0,5530.0,0.96,0.97,Transit,2016.0,1154.13
Kepler-1440 b,Kepler-1440,1.26,,39.859484,0.23431,597.0,5698.0,0.96,0.98,Transit,2016.0,1115.35
Kepler-576 b,Kepler-576,3.27,,29.91136794,0.179,541.0,5672.0,0.97,0.99,Transit,2016.0,617.55
Kepler-1596 b,Kepler-1596,1.9,,66.373379,0.3237,471.0,5706.0,0.92,0.95,Transit,2016.0,2146.23
Kepler-577 b,Kepler-577,2.55,,25.69578251,0.1348,314.0,4984.0,0.73,0.78,Transit,2016.0,524.247
Kepler-1393 b,Kepler-1393,0.8,,2.44357812,0.0337,1249.0,5697.0,0.92,0.95,Transit,2016.0,544.456
Kepler-1394 b,Kepler-1394,1.39,,3.93766373,0.05474,1947.0,6481.0,2.55,1.64,Transit,2016.0,640.409
Kepler-1441 b,Kepler-1441,1.31,,39.4419839,0.2346,682.0,5802.0,1.0,1.0,Transit,2016.0,1110.48
Kepler-511 b,Kepler-511,6.35,,296.637865,0.85672,332.0,5770.0,1.2,1.0,Transit,2016.0,651.999
Kepler-1563 b,Kepler-1563,0.75,,3.43276598,0.0442,1134.0,5765.0,0.99,1.0,Transit,2016.0,616.697
Kepler-1564 b,Kepler-1564,1.47,,18.0540381,0.1327,635.0,5528.0,0.9,0.93,Transit,2016.0,908.805
Kepler-1603 b,Kepler-1603,1.29,,2.27163926,0.0351,1522.0,6241.0,1.31,1.21,Transit,2016.0,2712.58
Kepler-1395 b,Kepler-1395,0.8,,3.78470649,0.04974,1311.0,6138.0,1.23,1.17,Transit,2016.0,492.894
Kepler-1565 b,Kepler-1565,1.19,,1.538188437,0.0241,1234.0,4940.0,0.73,0.76,Transit,2016.0,629.93
Kepler-1567 b,Kepler-1567,2.73,,153.979578,0.552,330.0,5655.0,0.93,0.95,Transit,2016.0,1206.11
Kepler-1598 b,Kepler-1598,0.95,,4.34195123,0.05207,1236.0,5940.0,1.09,1.07,Transit,2016.0,619.862
Kepler-1599 b,Kepler-1599,1.62,,122.363553,0.4823,407.0,5767.0,0.99,0.99,Transit,2016.0,1328.2
Kepler-1399 b,Kepler-1399,1.25,,1.638653058,0.0276,1610.0,5735.0,0.96,0.97,Transit,2016.0,1385.7
Kepler-684 b,Kepler-684,3.36,,6.770302008,0.064,812.0,5493.0,0.86,0.89,Transit,2016.0,1731.27
Kepler-605 c,Kepler-605,0.86,,2.358951515,0.03336,1278.0,5462.0,0.88,0.91,Transit,2016.0,556.58
Kepler-1569 b,Kepler-1569,1.68,,5.79180156,0.06669,1222.0,6319.0,1.4,1.25,Transit,2016.0,945.454
Kepler-687 b,Kepler-687,3.52,,20.50586978,0.1326,518.0,4841.0,0.73,0.77,Transit,2016.0,633.66
Kepler-1597 b,Kepler-1597,1.06,,2.94654179,0.04136,1497.0,6377.0,1.39,1.25,Transit,2016.0,1221.05
Kepler-1402 b,Kepler-1402,0.76,,2.03387914,0.0322,1789.0,5416.0,0.87,0.9,Transit,2016.0,1493.64
Kepler-610 c,Kepler-610,3.3,,151.86392,0.5594,318.0,5943.0,1.13,1.1,Transit,2016.0,845.824
Kepler-1571 b,Kepler-1571,1.52,,3.38555488,0.04287,1476.0,6297.0,1.39,1.23,Transit,2016.0,675.303
Kepler-1389 b,Kepler-1389,1.77,,99.2530951,0.38249,300.0,5078.0,0.74,0.81,Transit,2016.0,497.093
Kepler-1405 b,Kepler-1405,3.96,,28.2274184,0.1778,565.0,5925.0,1.07,1.05,Transit,2016.0,1530.3
Kepler-1406 b,Kepler-1406,1.1,,11.62905828,0.0987,854.0,5892.0,1.12,1.05,Transit,2016.0,572.403
Kepler-625 c,Kepler-625,1.05,,4.1653651,0.05379,1048.0,5789.0,0.96,1.04,Transit,2016.0,760.708
Kepler-217 d,Kepler-217,1.32,,3.88689525,0.0534,1574.0,6341.0,1.76,1.37,Transit,2016.0,1104.64
Kepler-1573 b,Kepler-1573,1.2,,2.6157554,0.0364,1379.0,5808.0,1.0,1.01,Transit,2016.0,1455.36
Kepler-1574 b,Kepler-1574,1.29,,6.9424334,0.0743,1003.0,5892.0,1.08,1.06,Transit,2016.0,1384.16
Kepler-758 d,Kepler-758,2.12,,20.4966197,0.1527,843.0,6228.0,1.42,1.16,Transit,2016.0,1502.32
Kepler-533 b,Kepler-533,3.38,,28.51120525,0.16704,423.0,4758.0,0.72,0.78,Transit,2016.0,302.955
Kepler-1407 b,Kepler-1407,2.25,,20.0711504,0.1502,826.0,6010.0,1.15,1.1,Transit,2016.0,1396.41
Kepler-653 c,Kepler-653,0.78,,0.900376476,0.01855,2078.0,5665.0,1.19,1.02,Transit,2016.0,595.634
Kepler-1541 b,Kepler-1541,1.16,,8.40691199,0.07555,1048.0,5282.0,0.81,0.86,Transit,2016.0,416.692
Kepler-1245 c,Kepler-1245,1.44,,2.936584681,0.0372,1190.0,5306.0,0.83,0.86,Transit,2016.0,805.936
Kepler-1050 c,Kepler-1050,1.48,,21.1284569,0.15264,935.0,6010.0,1.13,1.09,Transit,2016.0,490.488
Kepler-534 b,Kepler-534,2.24,,15.95994513,0.1272,721.0,5884.0,0.98,1.05,Transit,2016.0,570.659
Kepler-1412 b,Kepler-1412,0.83,,3.6146051,0.04608,1397.0,5880.0,1.27,1.06,Transit,2016.0,755.678
Kepler-1413 b,Kepler-1413,1.82,,13.1829642,0.1066,661.0,5196.0,0.8,0.84,Transit,2016.0,1167.49
Kepler-1542 b,Kepler-1542,0.76,,3.95116882,0.04765,1160.0,5564.0,0.99,0.94,Transit,2016.0,399.114
TOI-5301 b,TOI-5301,13.09208946,1182.32167404,5.858858,0.073,1648.0,6240.0,2.19,1.483,Transit,2024.0,629.161
Kepler-536 b,Kepler-536,3.1,,1.827082299,0.02835,1877.0,5524.0,0.89,0.92,Transit,2016.0,462.322
Kepler-1414 b,Kepler-1414,1.23,,3.51576315,0.0426,1033.0,4951.0,0.75,0.8,Transit,2016.0,570.835
Kepler-1415 b,Kepler-1415,1.29,,0.63642408,0.01416,1846.0,5267.0,0.84,0.89,Transit,2016.0,1043.56
Kepler-1545 b,Kepler-1545,2.7,,163.692349,0.5442,274.0,5201.0,0.8,0.84,Transit,2016.0,729.964
Kepler-1254 d,Kepler-1254,1.31,,5.72717226,0.0575,794.0,4985.0,0.75,0.78,Transit,2016.0,622.818
Kepler-555 b,Kepler-555,2.83,,16.21775407,0.1201,664.0,5894.0,1.04,1.03,Transit,2016.0,973.121
Kepler-245 e,Kepler-245,1.75,1806.36,3.219821056,0.04053,998.0,5174.0,0.8,0.86,Transit,2016.0,861.527
Kepler-1417 b,Kepler-1417,1.0,,20.3505213,0.14062,695.0,5839.0,1.02,1.02,Transit,2016.0,991.845
Kepler-1418 b,Kepler-1418,1.66,,22.4764425,0.131,419.0,4770.0,0.72,0.77,Transit,2016.0,499.0
Kepler-1548 b,Kepler-1548,2.64,,124.828679,0.4679,350.0,5706.0,0.97,0.99,Transit,2016.0,872.279
Kepler-1579 b,Kepler-1579,0.84,,0.849907889,0.014,1139.0,4584.0,0.7,0.75,Transit,2016.0,466.0
Kepler-903 c,Kepler-903,2.53,,62.9228557,0.30249,462.0,5682.0,0.97,0.98,Transit,2016.0,1369.24
Kepler-1419 b,Kepler-1419,2.86,,42.5215895,0.2391,510.0,5796.0,1.01,1.01,Transit,2016.0,1498.58
Kepler-1154 c,Kepler-1154,2.36,,8.45808312,0.0875,1117.0,6327.0,1.43,1.26,Transit,2016.0,1460.1
Kepler-1583 b,Kepler-1583,0.6,,9.32807355,0.08307,788.0,5645.0,0.91,0.94,Transit,2016.0,403.933
Kepler-1582 b,Kepler-1582,1.49,,4.83817712,0.0316,354.0,3208.0,0.3,0.28,Transit,2016.0,78.8906
Kepler-1584 b,Kepler-1584,1.61,,13.3997099,0.1168,886.0,6069.0,1.13,1.1,Transit,2016.0,1416.31
Kepler-1469 b,Kepler-1469,2.8,,21.8635301,0.1466,551.0,5507.0,0.89,0.92,Transit,2016.0,1159.3
Kepler-633 b,Kepler-633,1.63,,8.50340718,0.08185,1021.0,5899.0,1.15,1.02,Transit,2016.0,680.54
Kepler-1511 b,Kepler-1511,1.68,,23.2382792,0.1753,903.0,6064.0,1.29,1.17,Transit,2016.0,1475.6
Kepler-1525 b,Kepler-1525,0.91,,2.416601183,0.03557,1343.0,5748.0,1.04,1.07,Transit,2016.0,382.989
Kepler-1617 b,Kepler-1617,1.2,,27.4785572,0.17707,736.0,6167.0,1.22,1.15,Transit,2016.0,898.31
Kepler-1470 b,Kepler-1470,1.07,,16.2950903,0.116,574.0,4961.0,0.76,0.8,Transit,2016.0,590.601
Kepler-132 e,Kepler-132,1.18,,110.2869374,0.43927,414.0,6023.0,1.1,1.03,Transit,2016.0,349.549
Kepler-695 b,Kepler-695,9.21,,3.040330424,0.0374,1021.0,5181.0,0.8,0.84,Transit,2016.0,842.947
Kepler-704 b,Kepler-704,2.61,,3.76182115,0.047,1121.0,5616.0,0.96,0.97,Transit,2016.0,1228.83
Kepler-1527 b,Kepler-1527,4.77,,160.129918,0.6276,450.0,6224.0,1.32,1.21,Transit,2016.0,1842.13
Kepler-1618 b,Kepler-1618,1.26,,6.10826019,0.07109,1267.0,6620.0,1.65,1.41,Transit,2016.0,1229.25
Kepler-630 b,Kepler-630,3.18,,161.4743937,0.56201,343.0,5829.0,1.04,1.02,Transit,2016.0,839.784
Kepler-1472 b,Kepler-1472,1.9,,38.1312831,0.2322,613.0,6159.0,1.25,1.16,Transit,2016.0,1479.14
Kepler-622 b,Kepler-622,2.13,,14.28226676,0.0978,446.0,4201.0,0.61,0.64,Transit,2016.0,284.761
Kepler-967 c,Kepler-967,3.65,,198.7112502,0.6253,258.0,5178.0,0.8,0.84,Transit,2016.0,568.546
Kepler-154 e,Kepler-154,1.5,,3.93276465,0.04766,1140.0,5769.0,0.98,0.98,Transit,2016.0,915.212
Kepler-1529 b,Kepler-1529,2.1,,5.33905686,0.0525,817.0,5048.0,0.77,0.81,Transit,2016.0,661.014
Kepler-1090 b,Kepler-1090,2.25,,198.680179,0.63323,297.0,5321.0,0.82,0.86,Transit,2016.0,858.77
Kepler-1619 b,Kepler-1619,0.76,,23.6225913,0.15413,797.0,5852.0,1.0,1.0,Transit,2016.0,734.85
Kepler-1477 b,Kepler-1477,1.18,,11.55530021,0.0911,674.0,5100.0,0.78,0.81,Transit,2016.0,680.828
Kepler-598 b,Kepler-598,1.5,,3.70175428,0.04487,1050.0,5307.0,0.86,0.87,Transit,2016.0,681.086
Kepler-1530 b,Kepler-1530,1.64,,2.5904434,0.03553,1484.0,5477.0,0.88,0.92,Transit,2016.0,489.876
Kepler-1530 c,Kepler-1530,1.65,,5.3227406,0.05744,1167.0,5477.0,0.88,0.92,Transit,2016.0,489.876
Kepler-692 b,Kepler-692,3.11,,21.81293494,0.1495,639.0,5440.0,0.86,0.9,Transit,2016.0,991.336
Kepler-1622 b,Kepler-1622,1.47,,10.8118737,0.10136,922.0,6436.0,1.5,1.31,Transit,2016.0,796.477
Kepler-1479 b,Kepler-1479,1.83,,14.53261362,0.11341,746.0,5796.0,0.98,0.99,Transit,2016.0,728.668
Kepler-1480 b,Kepler-1480,1.67,,22.12679948,0.1525,721.0,5156.0,0.81,0.85,Transit,2016.0,500.892
Kepler-969 c,Kepler-969,0.99,,1.682934604,0.0265,1270.0,5214.0,0.82,0.92,Transit,2016.0,390.354
Kepler-990 c,Kepler-990,1.53,,0.538354308,0.01232,2386.0,5948.0,1.08,1.05,Transit,2016.0,802.163
Kepler-1093 c,Kepler-1093,1.96,,89.722292,0.41037,508.0,6166.0,1.2,1.13,Transit,2016.0,1072.88
Kepler-1531 b,Kepler-1531,1.11,,1.138543376,0.02204,2537.0,6260.0,1.27,1.16,Transit,2016.0,666.334
Kepler-631 b,Kepler-631,2.9,,17.97979059,0.14017,828.0,6185.0,1.33,1.24,Transit,2016.0,761.966
Kepler-1623 b,Kepler-1623,1.31,,4.36128348,0.0518,1000.0,5772.0,1.0,1.0,Transit,2016.0,837.481
Kepler-1481 b,Kepler-1481,1.23,,5.94220998,0.059,797.0,4908.0,0.75,0.8,Transit,2016.0,459.076
Kepler-1483 b,Kepler-1483,1.52,,9.5085156,0.0958,1131.0,6337.0,1.4,1.25,Transit,2016.0,1273.78
Kepler-636 b,Kepler-636,4.45,,16.080661147,0.1185,614.0,5203.0,0.8,0.85,Transit,2016.0,310.301
Kepler-489 b,Kepler-489,7.72,,17.276296119,0.12109,538.0,5014.0,0.76,0.82,Transit,2016.0,369.645
Kepler-1016 c,Kepler-1016,3.68,,105.6551369,0.43519,407.0,5821.0,1.0,0.99,Transit,2016.0,1402.82
Kepler-705 b,Kepler-705,2.11,,56.0560538,0.232,265.0,3722.0,0.51,0.53,Transit,2016.0,276.881
Kepler-1536 b,Kepler-1536,3.14,,364.758031,0.8507,166.0,4434.0,0.67,0.71,Transit,2016.0,387.248
Kepler-632 b,Kepler-632,2.21,,30.99660733,0.1885,500.0,5322.0,0.84,0.91,Transit,2016.0,349.0
Kepler-545 b,Kepler-545,2.69,,13.24934059,0.11248,806.0,5882.0,1.07,1.04,Transit,2016.0,818.001
Kepler-1486 b,Kepler-1486,2.32,,54.6495759,0.2846,538.0,5965.0,1.12,1.08,Transit,2016.0,1769.14
Kepler-342 e,Kepler-342,0.88,,1.644224613,0.02909,1897.0,6366.0,1.34,1.26,Transit,2016.0,781.611
Kepler-582 b,Kepler-582,3.68,,18.49235668,0.1254,603.0,5564.0,0.91,0.93,Transit,2016.0,613.179
Kepler-1409 b,Kepler-1409,1.04,,0.764864926,0.01553,1733.0,5160.0,0.79,0.83,Transit,2016.0,694.89
Kepler-1444 b,Kepler-1444,2.18,,33.42035034,0.20906,581.0,5810.0,1.05,1.03,Transit,2016.0,319.675
Kepler-581 b,Kepler-581,2.63,,40.6069821,0.2259,521.0,5772.0,1.0,1.0,Transit,2016.0,703.758
Kepler-1516 b,Kepler-1516,1.75,,7.25931979,0.0718,967.0,5904.0,1.07,1.04,Transit,2016.0,1358.95
Kepler-600 b,Kepler-600,2.9,,23.67517607,0.1536,528.0,5279.0,0.81,0.84,Transit,2016.0,619.723
Kepler-1537 b,Kepler-1537,1.18,,1.444453798,0.0245,1800.0,5079.0,0.77,0.81,Transit,2016.0,517.292
Kepler-1447 b,Kepler-1447,2.9,,56.6747285,0.2836,522.0,5722.0,0.95,0.97,Transit,2016.0,890.296
Kepler-1488 b,Kepler-1488,1.86,,39.8189932,0.24153,650.0,5820.0,1.31,1.05,Transit,2016.0,905.825
WASP-156 b,WASP-156,6.02802815,41.8,3.8361623,0.0458,934.5,4987.0,0.8268,0.8712,Transit,2017.0,122.066
Kepler-1538 b,Kepler-1538,2.82,,175.138819,0.6095,346.0,5837.0,1.03,1.03,Transit,2016.0,1125.3
Kepler-1448 b,Kepler-1448,1.61,,12.27065865,0.1058,811.0,5774.0,0.93,0.95,Transit,2016.0,768.903
Kepler-1493 b,Kepler-1493,1.41,,15.0217983,0.1197,874.0,5863.0,1.29,1.06,Transit,2016.0,555.051
Kepler-1519 b,Kepler-1519,7.06,,240.7989397,0.7655,342.0,5644.0,0.91,0.94,Transit,2016.0,1441.63
Kepler-688 b,Kepler-688,9.76,,3.895936844,0.046,1005.0,5715.0,0.96,0.98,Transit,2016.0,1357.75
Kepler-1450 b,Kepler-1450,1.71,,54.5094166,0.2401,308.0,4524.0,0.68,0.71,Transit,2016.0,505.829
Kepler-1494 b,Kepler-1494,3.07,,91.080482,0.3982,415.0,5659.0,0.94,0.96,Transit,2016.0,1285.48
Kepler-1495 b,Kepler-1495,2.94,,85.273256,0.3677,443.0,5831.0,1.04,1.03,Transit,2016.0,1355.54
Kepler-1520 b,Kepler-1520,5.77,,0.653553572,0.0129,1437.0,4677.0,0.71,0.76,Transit,2016.0,607.917
Kepler-637 b,Kepler-637,4.75,,23.20584623,0.16619,1002.0,6096.0,2.56,1.64,Transit,2016.0,786.091
Kepler-1607 b,Kepler-1607,0.92,,13.6473676,0.11978,913.0,6116.0,1.21,1.14,Transit,2016.0,1286.1
Kepler-1496 b,Kepler-1496,2.22,,64.6588017,0.3211,535.0,6182.0,1.27,1.18,Transit,2016.0,1307.66
Kepler-937 c,Kepler-937,2.67,,153.343364,0.5545,377.0,6095.0,1.22,1.15,Transit,2016.0,1571.46
Kepler-1065 c,Kepler-1065,1.6,,2.37030743,0.0344,1256.0,5635.0,0.93,0.94,Transit,2016.0,1122.48
Kepler-1067 b,Kepler-1067,0.8,,0.762129261,0.0164,1872.0,5592.0,0.93,0.95,Transit,2016.0,667.693
Kepler-578 b,Kepler-578,2.0,,1.616883696,0.0266,1774.0,5334.0,0.83,0.87,Transit,2016.0,541.432
Kepler-689 b,Kepler-689,2.89,,22.36656079,0.1449,536.0,5518.0,0.88,0.91,Transit,2016.0,1131.73
Kepler-1460 b,Kepler-1460,1.96,,29.9633247,0.1614,391.0,4422.0,0.67,0.7,Transit,2016.0,553.218
Kepler-1498 b,Kepler-1498,1.33,,48.051405,0.2528,564.0,5256.0,0.81,0.86,Transit,2016.0,740.0
Kepler-1073 c,Kepler-1073,1.64,,4.02582254,0.0483,1169.0,5792.0,1.0,1.0,Transit,2016.0,809.897
Kepler-701 b,Kepler-701,2.84,,10.35533177,0.0895,777.0,5343.0,0.84,0.88,Transit,2016.0,774.152
Kepler-1611 b,Kepler-1611,0.81,,5.1762429,0.0586,1243.0,5605.0,0.93,0.94,Transit,2016.0,908.444
Kepler-624 b,Kepler-624,2.31,,14.58649607,0.11638,852.0,6117.0,1.18,1.1,Transit,2016.0,748.188
Kepler-1462 b,Kepler-1462,3.82,,65.6488341,0.3094,390.0,5756.0,1.0,1.0,Transit,2016.0,1017.82
Kepler-1500 b,Kepler-1500,1.2,,15.0330105,0.1236,928.0,5845.0,1.0,1.0,Transit,2016.0,1217.82
Kepler-1522 b,Kepler-1522,1.73,,1.847889171,0.0288,1374.0,5706.0,0.93,0.96,Transit,2016.0,814.125
Kepler-625 b,Kepler-625,1.99,,7.75192492,0.08137,852.0,5789.0,0.96,1.04,Transit,2016.0,760.708
Kepler-1612 b,Kepler-1612,1.03,,3.91795101,0.0482,1030.0,5643.0,0.94,0.96,Transit,2016.0,764.726
Kepler-1464 b,Kepler-1464,1.66,,31.7785901,0.20066,564.0,5828.0,1.01,1.02,Transit,2016.0,1151.73
Kepler-1464 c,Kepler-1464,1.0,,5.32786292,0.06101,1023.0,5828.0,1.01,1.02,Transit,2016.0,1151.73
Kepler-1504 b,Kepler-1504,2.13,,82.304003,0.3704,485.0,5393.0,0.81,0.85,Transit,2016.0,2435.94
Kepler-1505 b,Kepler-1505,0.93,,30.8609366,0.18298,525.0,5686.0,0.86,0.93,Transit,2016.0,495.148
Kepler-1523 b,Kepler-1523,1.58,,0.93875077,0.01867,1676.0,5708.0,0.96,0.97,Transit,2016.0,865.596
Kepler-1085 b,Kepler-1085,7.22,,219.3217528,0.73361,313.0,6000.0,1.14,1.11,Transit,2016.0,1364.53
Kepler-1613 b,Kepler-1613,2.08,,1.5184299,0.02755,1926.0,6005.0,1.12,1.08,Transit,2016.0,1508.33
Kepler-1614 b,Kepler-1614,1.49,,3.9466141,0.0471,981.0,5121.0,0.76,0.79,Transit,2016.0,1191.19
Kepler-1468 b,Kepler-1468,1.73,,8.23984869,0.0817,1093.0,5893.0,1.05,1.04,Transit,2016.0,1899.24
Kepler-1507 b,Kepler-1507,0.84,,16.0506213,0.11946,630.0,5410.0,0.85,0.89,Transit,2016.0,320.478
Kepler-1509 b,Kepler-1509,1.85,,25.4338197,0.1707,667.0,5780.0,0.99,1.0,Transit,2016.0,2002.96
Kepler-1086 c,Kepler-1086,2.94,,161.5163345,0.503,211.0,4350.0,0.66,0.7,Transit,2016.0,466.084
Kepler-1524 b,Kepler-1524,3.54,,70.9674603,0.3392,438.0,6179.0,1.25,1.17,Transit,2016.0,381.773
Kepler-1616 b,Kepler-1616,1.02,,6.76284377,0.07318,1337.0,6266.0,1.34,1.21,Transit,2016.0,1137.81
Kepler-1645 b,Kepler-1645,1.78,,16.1779561,0.1285,754.0,5812.0,1.02,1.02,Transit,2016.0,1202.47
Kepler-741 b,Kepler-741,2.97,,7.03902374,0.0744,1051.0,6129.0,1.24,1.16,Transit,2016.0,1661.87
Kepler-564 b,Kepler-564,4.63,,3.750832285,0.0484,1129.0,5626.0,0.92,0.95,Transit,2016.0,863.037
Kepler-594 b,Kepler-594,2.18,,13.64618192,0.1089,678.0,5485.0,0.87,0.91,Transit,2016.0,769.2
Kepler-154 d,Kepler-154,3.84,,20.54981883,0.14354,657.0,5769.0,0.98,0.98,Transit,2016.0,915.212
Kepler-642 b,Kepler-642,2.9,,4.41745855,0.05631,1810.0,6570.0,1.66,1.4,Transit,2016.0,781.582
Kepler-643 b,Kepler-643,10.16,321.0083,16.33889626,0.13485,963.0,4908.0,2.52,1.0,Transit,2016.0,1063.58
Kepler-726 b,Kepler-726,3.26,,21.80451088,0.1406,543.0,5452.0,0.85,0.88,Transit,2016.0,762.081
Kepler-1143 c,Kepler-1143,3.6,,210.630591,0.6477,234.0,5053.0,0.77,0.81,Transit,2016.0,555.189
Kepler-148 d,Kepler-148,8.68,,51.84688575,0.2607,413.0,5172.0,0.81,0.86,Transit,2016.0,791.163
Kepler-673 b,Kepler-673,6.54,,3.728731093,0.0455,1023.0,5355.0,0.84,0.88,Transit,2016.0,918.21
Kepler-674 b,Kepler-674,1.69,,2.243381847,0.028,822.0,4192.0,0.57,0.6,Transit,2016.0,342.254
Kepler-712 b,Kepler-712,3.41,,21.02247699,0.13615,521.0,5148.0,0.78,0.84,Transit,2016.0,872.493
Kepler-1628 b,Kepler-1628,6.43,,76.378033,0.2952,240.0,3724.0,0.52,0.55,Transit,2016.0,352.0
Kepler-1388 e,Kepler-1388,2.46,,37.6327084,0.1861,299.0,4098.0,0.61,0.63,Transit,2016.0,453.795
Kepler-655 b,Kepler-655,2.71,,46.4063358,0.25697,588.0,6170.0,1.24,1.15,Transit,2016.0,752.562
Kepler-565 b,Kepler-565,3.64,,4.243747226,0.0501,1063.0,5735.0,0.95,0.98,Transit,2016.0,1041.0
Kepler-676 b,Kepler-676,3.04,,11.59822172,0.0798,396.0,3701.0,0.49,0.51,Transit,2016.0,295.196
Kepler-675 b,Kepler-675,2.44,,2.33743801,0.0325,1070.0,4945.0,0.75,0.79,Transit,2016.0,665.68
Kepler-1630 b,Kepler-1630,2.19,,509.997402,1.1218,182.0,4736.0,0.63,0.66,Transit,2016.0,331.213
Kepler-1482 b,Kepler-1482,1.01,,12.25383217,0.09968,678.0,5381.0,0.84,0.88,Transit,2016.0,567.556
Kepler-587 b,Kepler-587,2.23,,10.94027841,0.0952,764.0,5549.0,0.89,0.92,Transit,2016.0,787.894
Kepler-657 b,Kepler-657,3.52,,24.54350418,0.17337,616.0,5808.0,1.01,1.01,Transit,2016.0,1691.88
Kepler-483 b,Kepler-483,3.21,,30.229104,0.19471,755.0,6346.0,1.47,1.28,Transit,2016.0,860.355
Kepler-572 b,Kepler-572,2.58,,17.20523483,0.1192,553.0,5212.0,0.79,0.83,Transit,2016.0,504.667
Kepler-714 b,Kepler-714,9.67,,8.098887986,0.0832,986.0,5995.0,1.12,1.09,Transit,2016.0,2083.37
Kepler-623 b,Kepler-623,3.01,,9.07097734,0.0854,825.0,5443.0,0.86,0.9,Transit,2016.0,737.702
Kepler-658 b,Kepler-658,1.63,,1.287076762,0.0188,871.0,4103.0,0.6,0.63,Transit,2016.0,388.384
Kepler-680 b,Kepler-680,2.42,,3.689926291,0.0469,1147.0,5890.0,1.11,1.08,Transit,2016.0,1492.48
Kepler-1633 b,Kepler-1633,1.58,,186.404271,0.3875,925.0,6256.0,1.32,1.2,Transit,2016.0,1114.91
Kepler-605 b,Kepler-605,1.44,,3.383538066,0.04244,1133.0,5462.0,0.88,0.91,Transit,2016.0,556.58
Kepler-727 b,Kepler-727,2.53,,5.154484417,0.0546,964.0,5441.0,0.86,0.89,Transit,2016.0,831.842
Kepler-588 b,Kepler-588,2.63,,4.221625357,0.052,1176.0,5835.0,1.0,1.01,Transit,2016.0,1209.4
Kepler-589 b,Kepler-589,2.27,,16.54964934,0.1196,656.0,5296.0,0.83,0.88,Transit,2016.0,612.803
Kepler-573 b,Kepler-573,2.79,,22.18329658,0.14527,646.0,5746.0,1.02,0.99,Transit,2016.0,771.471
Kepler-596 b,Kepler-596,3.46,,21.30022655,0.15161,725.0,6267.0,1.32,1.21,Transit,2016.0,1023.85
Kepler-715 b,Kepler-715,3.75,,10.00652995,0.0933,876.0,5871.0,1.04,1.04,Transit,2016.0,1327.44
Kepler-716 b,Kepler-716,2.9,,10.37168453,0.08628,720.0,5099.0,0.78,0.83,Transit,2016.0,635.009
Kepler-1185 b,Kepler-1185,1.33,,104.3518976,0.4297,355.0,5622.0,0.87,0.96,Transit,2016.0,459.273
Kepler-660 b,Kepler-660,2.57,,9.27358194,0.0759,649.0,4779.0,0.71,0.75,Transit,2016.0,568.431
Kepler-496 b,Kepler-496,2.32,,8.30864937,0.0747,747.0,5293.0,0.82,0.86,Transit,2016.0,605.274
HD 63935 c,HD 63935,3.06451296,11.1,21.4027,0.148,619.59,5513.0,0.9598,0.9406,Radial Velocity,2021.0,48.9739
Kepler-1636 b,Kepler-1636,3.23,,425.47785,1.12191,248.0,5797.0,1.02,1.01,Transit,2016.0,1947.54
Kepler-561 b,Kepler-561,6.96,,58.3620495,0.29256,446.0,5646.0,0.94,0.96,Transit,2016.0,621.378
Kepler-728 b,Kepler-728,3.34,,5.743477265,0.0625,982.0,5660.0,0.93,0.95,Transit,2016.0,1765.23
Kepler-566 b,Kepler-566,2.15,,18.42794624,0.1247,526.0,5132.0,0.79,0.83,Transit,2016.0,564.277
Kepler-550 b,Kepler-550,4.42,,8.600104109,0.0747,760.0,5322.0,0.83,0.87,Transit,2016.0,531.944
Kepler-574 b,Kepler-574,2.39,,7.65880414,0.0723,858.0,5612.0,0.91,0.95,Transit,2016.0,682.896
Kepler-585 b,Kepler-585,2.83,,2.752359753,0.03841,1178.0,5593.0,0.93,0.96,Transit,2016.0,585.187
Kepler-611 b,Kepler-611,1.65,,2.437033302,0.0351,1513.0,5761.0,1.01,1.01,Transit,2016.0,1395.56
Kepler-729 b,Kepler-729,3.58,,3.166353714,0.0432,1273.0,5633.0,0.91,0.94,Transit,2016.0,1921.15
Kepler-662 b,Kepler-662,2.18,,21.67697486,0.1408,530.0,4897.0,0.74,0.79,Transit,2016.0,815.637
Kepler-551 b,Kepler-551,2.73,,12.3764661,0.0893,483.0,4286.0,0.63,0.65,Transit,2016.0,311.175
OGLE-2012-BLG-0724L b,OGLE-2012-BLG-0724L,14.3,150.0,,1.6,,,,0.29,Microlensing,2016.0,6700.0
Kepler-1638 b,Kepler-1638,1.87,,259.33683,0.745,304.0,5710.0,0.95,0.97,Transit,2016.0,1525.52
Kepler-586 b,Kepler-586,2.79,,2.104722184,0.0331,1365.0,5575.0,0.92,0.94,Transit,2016.0,693.766
HIP 97166 c,HIP 97166,2.75,,16.432,0.124,642.0,5216.0,0.8418,0.9342,Radial Velocity,2021.0,65.9501
TOI-1601 b,TOI-1601,14.19902343,387.0,5.33175,0.069,1493.97,5982.0,2.195,1.5055,Transit,2021.0,336.608
TOI-1444 b,TOI-1444,1.41792246,3.58,0.4702743,0.0116,2130.02,5460.0,0.9105,0.9513,Transit,2021.0,125.463
Kepler-618 b,Kepler-618,2.6,,3.595769645,0.0449,1296.0,5860.0,1.08,1.05,Transit,2016.0,1221.96
Kepler-601 b,Kepler-601,1.9,,5.378868441,0.05494,833.0,5160.0,0.79,0.85,Transit,2016.0,414.825
Kepler-645 b,Kepler-645,2.1,,3.275822621,0.04541,1730.0,6170.0,1.21,1.13,Transit,2016.0,1173.57
Kepler-719 b,Kepler-719,8.52,,5.007317779,0.0556,998.0,5777.0,0.98,0.99,Transit,2016.0,2497.51
Kepler-612 b,Kepler-612,2.84,,3.722156413,0.0452,1046.0,5693.0,0.96,0.98,Transit,2016.0,1445.53
Kepler-590 b,Kepler-590,4.02,,5.85296257,0.0647,1056.0,6000.0,1.15,1.1,Transit,2016.0,1421.81
Kepler-552 b,Kepler-552,3.95,,5.263415765,0.0612,1103.0,5863.0,1.04,1.03,Transit,2016.0,843.689
Kepler-1454 b,Kepler-1454,1.88,,47.0319479,0.2447,492.0,5448.0,0.86,0.9,Transit,2016.0,780.566
Kepler-460 c,KIC 5437945,5.52,,220.1303357,0.75318,389.0,6146.0,1.26,1.17,Transit,2016.0,1274.01
Kepler-646 b,Kepler-646,1.99,,15.87364565,0.11251,632.0,5634.0,0.91,0.93,Transit,2016.0,451.794
Kepler-735 b,Kepler-735,2.95,,11.51516988,0.0965,657.0,5107.0,0.8,0.85,Transit,2016.0,695.059
Kepler-591 b,Kepler-591,3.39,,81.1694299,0.3554,436.0,5677.0,0.94,0.97,Transit,2016.0,785.137
TOI-1842 b,TOI-1842,12.3485023,89.4,9.5739181,0.1,1199.55,6039.0,2.032,1.4643,Transit,2021.0,223.465
HIP 97166 b,HIP 97166,2.4801338,19.1,10.288914,0.091,701.66,5216.0,0.8418,0.9342,Transit,2021.0,65.9501
Kepler-602 b,Kepler-602,2.09,,15.28469497,0.1224,852.0,6062.0,1.13,1.08,Transit,2016.0,1159.31
Kepler-721 b,Kepler-721,2.64,,5.392025388,0.0583,850.0,5075.0,0.78,0.82,Transit,2016.0,926.598
Kepler-722 b,Kepler-722,2.63,,4.093573252,0.0514,1182.0,5863.0,1.05,1.03,Transit,2016.0,1239.5
Kepler-568 b,Kepler-568,2.26,,11.02347475,0.0794,429.0,3768.0,0.53,0.55,Transit,2016.0,130.645
Kepler-569 b,Kepler-569,3.16,,34.18890521,0.19784,526.0,5616.0,0.93,0.95,Transit,2016.0,638.301
TOI-1296 b,TOI-1296,14.11645916,95.3,3.9443736,0.051,1414.84,5567.0,1.7031,1.1576,Transit,2021.0,323.265
TOI-1298 b,TOI-1298,9.65807033,99.0,4.537143,0.057,1278.0,5752.0,1.4536,1.2187,Transit,2021.0,319.036
Kepler-615 b,Kepler-615,1.74,,10.35584657,0.085,620.0,4655.0,0.69,0.73,Transit,2016.0,330.0
Kepler-593 b,Kepler-593,2.87,,21.21708973,0.1508,706.0,5967.0,1.1,1.08,Transit,2016.0,973.76
Kepler-592 b,Kepler-592,2.39,,2.820192408,0.0397,1367.0,5913.0,1.04,1.04,Transit,2016.0,1153.13
Kepler-709 b,Kepler-709,2.92,,16.08524954,0.1173,613.0,5071.0,0.77,0.8,Transit,2016.0,664.843
Kepler-1625 b,Kepler-1625,6.06,,287.378949,0.87762,350.0,5677.0,0.94,0.96,Transit,2016.0,2310.11
Kepler-1642 b,Kepler-1642,3.2,,12.2057513,0.1016,895.0,5355.0,0.84,0.88,Transit,2016.0,413.873
Kepler-1642 c,Kepler-1642,2.66,,6.6513802,0.0678,1095.0,5355.0,0.84,0.88,Transit,2016.0,413.873
Kepler-652 b,Kepler-652,2.49,,4.182002531,0.04958,974.0,5490.0,0.88,0.97,Transit,2016.0,394.55
Kepler-737 b,Kepler-737,1.96,,28.59915399,0.1422,298.0,3813.0,0.48,0.51,Transit,2016.0,205.118
Kepler-669 b,Kepler-669,4.83,,4.125546869,0.0529,1243.0,6038.0,1.2,1.15,Transit,2016.0,2063.41
Kepler-558 b,Kepler-558,2.37,,29.00790538,0.1759,498.0,5242.0,0.81,0.85,Transit,2016.0,661.876
Kepler-609 b,Kepler-609,3.35,,6.521210666,0.0682,932.0,5971.0,1.14,1.09,Transit,2016.0,1065.82
Kepler-724 b,Kepler-724,3.29,,3.314946338,0.0433,1155.0,5437.0,0.86,0.9,Transit,2016.0,853.119
Kepler-1646 b,Kepler-1646,1.23,,4.48558383,0.0295,365.0,3299.0,0.26,0.24,Transit,2016.0,127.591
Kepler-710 b,Kepler-710,1.88,,4.347285527,0.0524,1174.0,5611.0,0.91,0.94,Transit,2016.0,1448.34
K2-88 b,K2-88,1.23,,4.6122,0.0345,,3537.0,0.256,0.258,Transit,2016.0,110.561
K2-89 b,K2-89,0.615,,1.096026,0.01462,,3691.0,0.318,0.347,Transit,2016.0,86.0386
K2-116 b,K2-116,0.69,,4.655411,0.048,,4348.35,0.6694,0.694512,Transit,2017.0,49.3855
K2-102 b,K2-102,1.3,,9.915615,,,4695.0,0.71,0.77,Transit,2016.0,188.175
K2-5 b,K2-5,1.91,,5.73594,0.0532,565.0,3930.0,0.57,0.61,Transit,2015.0,202.943
K2-5 c,K2-5,2.26,,10.93241,0.0818,456.0,3930.0,0.57,0.61,Transit,2015.0,202.943
K2-91 b,K2-91,1.1,,1.419549,0.0164,,3622.0,0.284,0.292,Transit,2016.0,62.5785
K2-72 c,K2-72,1.16,,15.189034,0.078,,3360.47,0.330989,0.271365,Transit,2016.0,66.4321
K2-16 b,K2-16,2.02,,7.6188,0.0667,658.0,4742.0,0.66,0.68,Transit,2015.0,334.967
K2-16 c,K2-16,2.54,,19.07863,0.1229,485.0,4742.0,0.66,0.68,Transit,2015.0,334.967
Kepler-223 e,Kepler-223,4.6,4.8,19.72567,0.14481,751.0,5803.0,1.72,1.125,Transit,2014.0,1859.71
Kepler-223 b,Kepler-223,2.99,7.4,7.38449,0.07525,1042.0,5803.0,1.72,1.125,Transit,2014.0,1859.71
Kepler-223 d,Kepler-223,5.24,8.0,14.78869,0.11956,827.0,5803.0,1.72,1.125,Transit,2014.0,1859.71
K2-81 b,K2-81,1.97,,6.102325,0.059,,4674.13,0.634663,0.745273,Transit,2016.0,252.318
TOI-1451 b,TOI-1451,2.61143902,15.2,16.537944,0.127,723.33,5801.0,1.0162,1.0022,Transit,2024.0,91.9362
TOI-2267 d,TOI-2267 B,1.77,,2.0344671,0.0145,422.0,3022.0,0.13,0.0989,Transit,2025.0,22.55
KMT-2024-BLG-2005L b,KMT-2024-BLG-2005L,8.18,50.85254512,,1.12,,,,0.12,Microlensing,2026.0,7720.0
NGC 2682 YBP 1194 b,NGC 2682 YBP 1194,12.3,,6.959,,,5780.0,0.99,1.01,Radial Velocity,2014.0,872.92
NGC 2682 YBP 1514 b,NGC 2682 YBP 1514,14.0,,5.118,,,5725.0,0.89,0.96,Radial Velocity,2014.0,914.221
Kepler-80 d,Kepler-80,1.53,6.75,3.07222,0.0372,722.0,4540.0,0.678,0.73,Transit,2014.0,369.451
GJ 1148 b,GJ 1148,11.9,,41.38,0.166,,3287.0,0.358519,0.344045,Radial Velocity,2010.0,11.0143
K2-90 c,K2-90,1.3,,2.900706,0.035,,4421.98,0.634754,0.704613,Transit,2016.0,134.188
GJ 1148 c,GJ 1148,9.71,,532.58,0.912,,3287.0,0.358519,0.344045,Radial Velocity,2017.0,11.0143
TOI-1753 b,TOI-1753,2.47852533,16.6,5.3846104,0.059,1005.43,5621.0,0.9715,0.9483,Transit,2024.0,226.671
HD 17674 b,HD 17674,13.9,,623.8,1.42,,5904.0,1.18,0.98,Radial Velocity,2017.0,44.4264
HD 42012 b,HD 42012,13.5,,857.5,1.67,,5405.0,0.82,0.83,Radial Velocity,2017.0,36.7984
TOI-1776 b,TOI-1776,1.21612741,1.4,2.799868,0.0378,1269.21,5785.0,0.9356,0.9196,Transit,2024.0,44.647
OGLE-2012-BLG-0026L b,OGLE-2012-BLG-0026L,7.72,46.1,,4.0,,,,1.06,Microlensing,2012.0,4019.0
Kepler-80 c,Kepler-80,2.74,6.74,9.52355,0.0792,495.0,4540.0,0.678,0.73,Transit,2012.0,369.451
HD 6061 b,HD 6061,2.42763557,10.0,5.2549,0.06,1075.31,5934.0,1.0072,1.0269,Transit,2023.0,67.6203
OGLE-2012-BLG-0026L c,OGLE-2012-BLG-0026L,13.9,270.0,,4.8,,,,1.06,Microlensing,2012.0,4019.0
TOI-1443 b,TOI-1443,2.30381001,30.0,23.540678,0.147,520.66,5224.0,0.7511,0.7663,Transit,2024.0,85.8034
HD 59686 A b,HD 59686 A,12.7,,299.36,1.086,,4658.0,13.2,1.9,Radial Velocity,2016.0,89.2721
KIC 7917485 b,KIC 7917485,12.4,,840.0,,,7067.0,2.009938,1.63,Pulsation Timing Variations,2016.0,1382.89
OGLE-2013-BLG-1721L b,OGLE-2013-BLG-1721L,14.1,200.0,,2.6,,,,0.46,Microlensing,2017.0,6300.0
HD 34445 c,HD 34445,8.42,,214.67,0.7181,,5836.0,1.38,1.07,Radial Velocity,2017.0,46.0907
TOI-329 b,TOI-329,4.94057819,40.4,5.70439,0.0638,1213.02,5614.0,1.5326,1.0678,Transit,2024.0,284.388
TOI-2518 b,TOI-2518,2.26838675,,6.89797425216,,1095.0,5751.2,0.993374,1.11,Transit,2026.0,160.825
K2-46 b,K2-46,2.05,,19.1541,0.13821,889.0,6256.0,1.29,0.96,Transit,2016.0,449.237
K2-42 b,K2-42,2.15,,6.68796,0.0617,,4613.0,0.643,0.702,Transit,2016.0,396.913
HD 25463 c,HD 25463,1.36354953,4.3,3.04405,0.0443,1585.57,6353.0,1.4182,1.251,Transit,2023.0,45.6181
HD 37124 c,HD 37124,14.1,,885.5,1.71,,5698.64,0.949168,0.85,Radial Velocity,2002.0,31.6634
HD 87646 b,HD 87646,12.4,,13.481,0.117,,5770.0,1.55,1.12,Radial Velocity,2016.0,73.58352
HD 34445 g,HD 34445,13.6,,5700.0,6.36,,5836.0,1.38,1.07,Radial Velocity,2017.0,46.0907
Wolf 1061 c,Wolf 1061,1.66,,17.8719,0.089,,3342.0,0.307,0.294,Radial Velocity,2015.0,4.30592
K2-47 b,K2-47,1.89,,31.6372,0.1779,,5054.0,0.76,0.75,Transit,2016.0,349.881
K2-48 b,K2-48,2.24,,20.5065,0.1344,,4899.0,0.73,0.77,Transit,2016.0,313.764
MXB 1658-298 b,MXB 1658-298,12.0,7532.571,760.0,1.613,,,,1.98,Eclipse Timing Variations,2017.0,
K2-290 b,K2-290,3.06,10.9,9.21165,0.0923,1230.0,6302.0,1.511,1.194,Transit,2019.0,272.909
TOI-1279 b,TOI-1279,2.66146528,10.6,9.61419,0.085,759.0,5457.0,0.8426,0.8784,Transit,2024.0,107.055
NGC 2682 Sand 978 b,NGC 2682 Sand 978,13.3,,511.21,,,4200.0,21.017414,1.37,Radial Velocity,2017.0,821.918
GJ 3293 b,GJ 3293,5.19,,30.5987,0.14339,,3466.0,0.404,0.42,Radial Velocity,2015.0,20.1903
K2-50 b,K2-50,1.59,,8.7529,0.0705,,4326.0,0.546,0.611,Transit,2016.0,257.443
K2-49 b,K2-49,1.93,,2.77065,0.0309,,4175.0,0.45,0.51,Transit,2016.0,457.125
HD 219134 d,HD 219134,1.61,16.17,46.859,0.237,410.5,4699.0,0.778,0.81,Radial Velocity,2015.0,6.53127
HD 219134 g,HD 219134,3.28,,94.2,0.3753,,4913.0,0.77,0.794,Radial Velocity,2015.0,6.53127
HD 206893 b,HD 206893,14.01122587,6197.6539365,11100.0,10.75,1429.2,6500.0,1.31116,1.31,Imaging,2021.0,40.7583
WASP-18 c,WASP-18,8.58,55.2,2.1558,0.035,,6400.0,1.23,1.22,Transit Timing Variations,2019.0,123.483
LTT 9779 b,LTT 9779,4.72,29.32,0.792052,0.01679,1978.0,5443.0,0.949,1.02,Transit,2020.0,80.4373
HD 15337 b,HD 15337,1.77,6.519,4.7559804,0.05245,1001.0,5131.0,0.855,0.829,Transit,2019.0,44.8155
HAT-P-67 b,HAT-P-67,23.9872187,143.02278315,4.8101069,0.06505,1903.0,6640.0,2.62,1.73,Transit,2017.0,371.686
Kepler-1652 b,Kepler-1652,1.6,,38.09722,0.1654,268.0,3638.0,0.382,0.404,Transit,2017.0,252.0
GJ 3293 c,GJ 3293,4.87,,122.6196,0.36175,,3466.0,0.404,0.42,Radial Velocity,2015.0,20.1903
K2-58 d,K2-58,1.71,,22.8827,0.1517,,5413.0,0.86,0.89,Transit,2016.0,181.746
K2-59 c,K2-59,2.3,,11.2954,0.0905,,5055.0,0.731,0.774,Transit,2016.0,311.313
HD 9174 b,HD 9174,13.7,,1179.0,2.2,,5577.0,1.67,1.03,Radial Velocity,2016.0,81.4893
K2-63 c,K2-63,3.9,,25.4556,0.189,,6771.0,1.63,1.4,Transit,2016.0,517.534
K2-63 b,K2-63,3.22,,20.257,0.1627,,6771.0,1.63,1.4,Transit,2016.0,517.534
CoRoT-32 b,CoRoT-32,6.38913,47.6745,6.71837,0.071,938.0,5970.0,0.79,1.08,Transit,2018.0,576.683
HD 221585 b,HD 221585,13.5,,1173.0,2.306,,5620.0,1.850575,1.19,Radial Velocity,2016.0,55.8535
Kepler-539 c,Kepler-539,13.3,762.792,1000.0,2.42,253.0,5820.0,0.952,1.048,Transit Timing Variations,2016.0,307.318
K2-64 b,K2-64,2.07,,6.53044,0.0619,,5312.0,0.726,0.741,Transit,2016.0,499.891
K2-68 b,K2-68,1.58,,8.05428,0.0708,,4746.0,0.675,0.73,Transit,2016.0,168.652
K2-21 b,K2-21,1.84,,9.325038,0.076,500.0,4222.06,0.646783,0.676023,Transit,2015.0,83.6448
Kepler-1647 b,Kepler-1647,11.8739,483.0,1107.5923,2.7205,,6210.0,1.7903,1.2207,Transit,2016.0,1212.45
K2-70 b,K2-70,2.89,,13.97896,0.1112,,5622.0,0.93,0.94,Transit,2016.0,232.964
K2-71 b,K2-71,2.15,,6.98541,0.0559,,4006.0,0.426,0.477,Transit,2016.0,153.192
K2-118 b,K2-118,2.54,,50.92092,0.245,,4726.29,0.734626,0.756446,Transit,2017.0,321.722
TOI-1669 b,TOI-1669,14.1,,500.0,1.27,,5497.0,1.0561,0.9867,Radial Velocity,2023.0,111.276
TOI-2379 b,TOI-2379,11.72459381,1830.69162432,5.4693827,0.05263,624.0,3707.0,0.622,0.645,Transit,2024.0,211.247
TOI-2384 b,TOI-2384,11.48920522,624.850648162,2.13570304,0.02793,889.7,3943.0,0.6113,0.635,Transit,2024.0,191.51
TOI-1011 b,TOI-1011,1.45,4.04,2.470498,,1364.0,5475.0,0.92,0.91,Transit,2025.0,52.62
K2-74 b,K2-74,2.31,,19.5666,0.1402,,6060.0,0.98,0.96,Transit,2016.0,377.822
K2-75 b,K2-75,2.67,,7.8142,0.081,,5995.0,1.56,1.16,Transit,2016.0,561.93
K2-125 b,K2-125,2.18,,21.750264,0.121,,3654.47,0.402049,0.494727,Transit,2017.0,124.156
TOI-2485 b,TOI-2485,12.1393261,766.602117684,11.23479,0.1093,1134.0,6016.4,1.72,1.163,Transit,2024.0,397.953
TOI-2420 b,TOI-2420,15.02003414,294.626933289,5.842641,0.0684,1571.6,5707.0,2.369,1.158,Transit,2024.0,435.174
K2-83 b,K2-83,1.244,,2.74697,0.03014,,3910.0,0.424,0.484,Transit,2016.0,125.529
K2-130 b,K2-130,1.25,,2.49412,0.032,,4356.47,0.744261,0.69563,Transit,2017.0,118.011
TOI-421 c,TOI-421,5.09,14.1,16.067541,0.117,635.0,5291.0,0.866,0.833,Transit,2020.0,74.7969
MOA-2010-BLG-353L b,MOA-2010-BLG-353L,11.1,86.0,,1.72,,,,0.18,Microlensing,2015.0,6430.0
K2-84 b,K2-84,2.41,,6.4215,0.0665,,5652.0,0.93,0.95,Transit,2016.0,284.876
K2-84 c,K2-84,2.03,,27.86,0.1768,,5652.0,0.93,0.95,Transit,2016.0,284.876
K2-35 b,K2-35,1.32,,2.399964,0.031,979.0,4402.71,0.619575,0.701968,Transit,2016.0,252.596
HD 86950 b,HD 86950,13.0,,1270.0,2.72,,4805.0,8.8,1.66,Radial Velocity,2016.0,209.839
K2-161 b,K2-161,6.11721229,,9.283188,,,4972.0,2.568173,0.986876,Transit,2018.0,916.319
K2-160 b,K2-160,3.17824034,,3.705871,,,5649.0,0.913754,0.982829,Transit,2018.0,315.363
HD 215152 d,HD 215152,,770.416058568,10.86499,0.08799,,4935.0,0.73,0.77,Radial Velocity,2018.0,21.5974
TOI-1173 b,TOI-1173,9.19,27.4,7.06466,0.0696,868.0,5350.0,0.934,0.911,Transit,2024.0,132.353
BD+60 1417 b,BD+60 1417,14.68376472,4767.426105,,1662.0,1303.0,4993.0,0.797,1.0,Imaging,2021.0,44.9543
HD 260655 c,HD 260655,1.533,3.09,5.70588,0.04749,557.0,3803.0,0.439,0.439,Transit,2022.0,10.0055
TOI-270 b,TOI-270,1.28,1.48,3.35992,0.03197,600.0,3506.0,0.38,0.386,Transit,2019.0,22.4793
HD 206893 c,HD 206893,16.36511182,3527.8953177,2290.0,3.74,1181.9,6500.0,1.31116,1.31,Imaging,2022.0,40.7583
HD 103197 b,HD 103197,5.83,,47.84,0.25,,5250.0,0.88,0.8,Radial Velocity,2009.0,57.1463
HD 109246 b,HD 109246,13.9,,68.27,0.33,,5844.0,1.07,1.2,Radial Velocity,2010.0,67.8349
OGLE-2016-BLG-1195L b,OGLE-2016-BLG-1195L,1.11,1.43,,1.16,,,,0.078,Microlensing,2017.0,3910.0
Kepler-1650 b,Kepler-1650,0.96,,1.53818001,0.0167,602.0,3410.0,0.334,0.326,Transit,2017.0,134.397
HD 183579 b,HD 183579,3.49,20.4,17.471291,0.1322,752.0,5784.0,0.96,0.996,Transit,2021.0,57.2651
Kepler-1654 b,Kepler-1654,9.180171,158.915,1047.8356,2.026,206.0,5597.0,1.179,1.011,Transit,2018.0,568.117
HD 121504 b,HD 121504,13.6,,63.33,0.33,,6027.0,1.07,1.62,Radial Velocity,2003.0,41.6592
TOI-1824 b,TOI-1824,2.7438269,16.0,22.808533,0.151,528.67,5165.0,0.8123,0.8801,Transit,2024.0,59.4314
BD+03 2562 b,BD+03 2562,12.7,,481.9,1.3,,4095.0,32.35,1.14,Radial Velocity,2017.0,1070.63
K2-186 b,K2-186,3.17207779,,41.474219,,,5784.0,0.98083,1.018617,Transit,2018.0,330.739
K2-190 c,K2-190,1.09308317,,21.574023,,,5631.0,0.912206,0.904597,Transit,2018.0,160.679
TOI-712 c,TOI-712,2.701,,51.69906,0.2447,369.9,4622.0,0.674,0.732,Transit,2022.0,58.6212
K2-231 b,K2-231,2.5,,13.841901,,,5695.0,0.95,1.01,Transit,2018.0,321.215
HD 134987 b,HD 134987,13.5,,258.17999,0.81,,5736.0,1.22,1.1,Radial Velocity,1999.0,26.1804
HD 137388 b,HD 137388,9.32,,330.0,0.89,,5181.0,0.88,0.68,Radial Velocity,2011.0,40.4841
HD 177565 b,HD 177565,4.0,,44.505,0.246,,5627.0,0.971489,1.0,Radial Velocity,2017.0,16.9179
K2-195 c,K2-195,2.57581891,,28.482786,,,5712.0,0.906367,0.963364,Transit,2018.0,315.014
K2-201 b,K2-201,1.40006712,,1.05979,,,5507.0,0.878161,0.956055,Transit,2018.0,197.932
TOI-2768 b,TOI-2768,2.63,,1.50801,0.027,855.0,4008.0,0.657,0.63,Transit,2024.0,78.4525
TOI-5319 b,TOI-5319,2.83,,4.07853,0.0506,695.0,3580.0,0.485,0.5,Transit,2024.0,61.171
OGLE-2017-BLG-1522L b,OGLE-2017-BLG-1522L,14.0,240.0,,0.59,,,,0.045,Microlensing,2018.0,7490.0
HD 13931 b,HD 13931,13.2,889.9195396,4218.0,5.15,,5867.0,1.25,1.3,Radial Velocity,2009.0,47.3963
HD 142245 b,HD 142245,13.1,,1299.0,2.78,,4922.0,4.63,3.5,Radial Velocity,2011.0,97.2305
HIP 65426 b,HIP 65426,16.8135,2860.47,,92.0,1500.0,8840.0,1.77,1.96,Imaging,2017.0,108.875
Ross 128 b,Ross 128,1.11,,9.8658,0.0496,301.0,3192.0,0.1967,0.168,Radial Velocity,2017.0,3.37454
K2-201 c,K2-201,3.28568401,,22.779878,,,5507.0,0.878161,0.956055,Transit,2018.0,197.932
K2-202 b,K2-202,2.30165603,,3.405164,,,5491.0,0.910685,0.971461,Transit,2018.0,300.397
K2-321 b,K2-321,2.05124347,,2.2979749,0.02839,830.0,3750.0,0.595,0.578,Transit,2020.0,77.6888
GJ 486 b,GJ 486,1.289,2.77,1.46712127,0.01714,696.3,3317.0,0.3243,0.312,Radial Velocity,2021.0,8.07426
HD 142415 b,HD 142415,13.5,,386.29999,1.06,,5940.0,1.04,1.07,Radial Velocity,2003.0,35.5318
HD 111591 b,HD 111591,12.9,,1056.4,2.5,,4884.0,8.03,1.94,Radial Velocity,2017.0,114.166
OGLE-2016-BLG-1190L b,OGLE-2016-BLG-1190L,12.3,4253.0,1220.0,2.17,,,,0.88,Microlensing,2017.0,6770.0
K2-206 b,K2-206,2.79522879,,18.294549,,,5043.0,0.758046,0.789481,Transit,2018.0,244.443
K2-207 b,K2-207,2.60585269,,12.48749,,,5522.0,0.928158,0.941851,Transit,2018.0,363.064
TOI-6651 b,TOI-6651,5.09,61.0,5.056973,0.0633,1493.0,5940.0,1.721,1.323,Transit,2024.0,212.128
HD 16141 b,HD 16141,10.9,,75.523,0.36,,5757.0,1.48,1.11,Radial Velocity,2000.0,37.7861
HD 162020 b,HD 162020,12.5,,8.4282,0.08,650.0,4723.0,0.75,0.42,Radial Velocity,2002.0,30.8248
OGLE-2016-BLG-0613L AB b,OGLE-2016-BLG-0613L AB,13.0,1330.0,,6.4,,,,0.72,Microlensing,2017.0,3410.0
CoRoT-9 b,CoRoT-9,11.948794,266.9772,95.272656,0.4021,420.0,5625.0,0.96,0.96,Transit,2009.0,412.98
K2-209 b,K2-209,0.86850263,,2.080615,,,4720.0,0.712365,0.74479,Transit,2018.0,76.4986
16 Cyg B b,16 Cyg B,13.5,,798.5,1.66,,5750.0,1.13,1.08,Radial Velocity,1996.0,21.1397
Kepler-80 g,Kepler-80,1.13,0.065,14.64558,,418.0,4540.0,0.678,0.83,Transit,2017.0,369.451
K2-218 b,K2-218,2.56948149,,8.679885,,,5757.0,1.008231,1.047488,Transit,2018.0,394.083
K2-219 b,K2-219,1.34762583,,3.901287,,,5753.0,1.189232,1.021545,Transit,2018.0,325.4
HD 215152 b,HD 215152,,565.416736053,5.75999,0.057638,,4935.0,0.73,0.77,Radial Velocity,2018.0,21.5974
K2-219 c,K2-219,1.43839723,,6.66767,,,5753.0,1.189232,1.021545,Transit,2018.0,325.4
K2-219 d,K2-219,2.57634456,,11.137278,,,5753.0,1.189232,1.021545,Transit,2018.0,325.4
GJ 86 b,GJ 86,12.9,,15.76491,0.11,,5182.0,0.77,0.93,Radial Velocity,1999.0,10.7836
TOI-6002 b,TOI-6002,1.65,,10.904821,0.05722,321.4,3229.0,0.2432,0.2101,Transit,2024.0,32.0266
GJ 3138 b,GJ 3138,1.18,,1.22003,0.0197,,3717.0,0.5,0.681,Radial Velocity,2017.0,28.4712
HD 7924 c,HD 7924,,1762.676345222,15.299,0.1134,583.6,5075.0,0.7821,0.832,Radial Velocity,2015.0,16.9922
BD-06 1339 c,BD-06 1339,8.38,,125.94,0.435,,4324.0,0.686355,0.7,Radial Velocity,2013.0,20.2695
K2-227 b,K2-227,1.66551298,,13.621832,,,5673.0,0.890666,0.950811,Transit,2018.0,187.234
K2-80 d,K2-80,2.55211506,,28.867253,,,5377.0,0.841458,0.913111,Transit,2018.0,200.802
K2-260 b,K2-260,18.41635529,546.66486004,2.62669762,0.04392,2090.0,6860.0,1.755,1.637,Transit,2018.0,663.834
K2-261 b,K2-261,9.26982704,68.968764319,11.6334681,0.1086,1036.0,5490.0,1.663,1.107,Transit,2018.0,213.283
TOI-1883 b,TOI-1883,5.65,,4.50638,0.0468,524.92,3477.0,0.494,0.492,Transit,2024.0,115.369
GJ 3323 b,GJ 3323,1.23,,5.3636,0.03282,,3159.0,0.119,0.164,Radial Velocity,2017.0,5.37484
GJ 3138 d,GJ 3138,3.23,,257.8,0.698,,3717.0,0.5,0.681,Radial Velocity,2017.0,28.4712
GJ 3323 c,GJ 3323,1.32,,40.54,0.1264,,3159.0,0.119,0.164,Radial Velocity,2017.0,5.37484
TOI-1230.01,TOI-1230,3.23968384,,25.05713123288,,688.61,5696.0,1.15281,1.14,Transit,2021.0,143.138
Kepler-289 c,Kepler-289,11.23,157.18,125.8723,0.50155,394.0,5990.0,1.0,1.08,Transit,2014.0,704.438
K2-170 c,K2-170,1.8017647,,12.400047,,,5748.0,0.981614,0.963657,Transit,2018.0,392.872
K2-164 b,K2-164,3.24925008,,17.355066,,,5791.0,2.196069,1.180894,Transit,2018.0,375.67
GJ 273 b,GJ 273,1.51,,18.6498,0.091101,,3382.0,0.293,0.29,Radial Velocity,2017.0,5.921535
HD 238914 b,HD 238914,12.8,,4100.0,5.7,,4769.0,12.73,1.47,Radial Velocity,2018.0,519.452
K2-170 b,K2-170,1.41817537,,7.576544,,,5748.0,0.981614,0.963657,Transit,2018.0,392.872
K2-171 b,K2-171,2.68657205,,5.628466,,,5250.0,1.717458,0.891587,Transit,2018.0,606.128
K2-77 b,K2-77,2.4996027,603.877,8.2000844,0.0753,806.0,5160.0,0.792,0.847,Transit,2016.0,141.731
K2-180 b,K2-180,2.46597575,11.4100398113,8.865663,0.0756,797.5,5365.0,0.719,0.735,Transit,2018.0,203.896
GJ 3293 e,GJ 3293,1.63,,13.2543,0.08208,,3466.0,0.404,0.42,Radial Velocity,2017.0,20.1903
GJ 3293 d,GJ 3293,2.67,,48.1345,0.19394,,3466.0,0.404,0.42,Radial Velocity,2017.0,20.1903
TYC 3318-01333-1 b,TYC 3318-01333-1,13.1,,562.0,1.414,,4776.0,5.9,1.19,Radial Velocity,2018.0,490.61
K2-172 b,K2-172,1.66608079,,14.316941,,,5569.0,0.868889,0.934356,Transit,2018.0,249.742
K2-172 c,K2-172,3.20569097,,29.62682,,,5569.0,0.868889,0.934356,Transit,2018.0,249.742
HD 101581 c,HIP 56998,0.99,,6.20401,0.0573,747.0,4675.0,0.63,0.653,Transit,2025.0,12.7781
K2-182 b,K2-182,2.71257333,20.976674862,4.7369696,0.05174,965.8,5128.0,0.789,0.823,Transit,2018.0,154.83
K2-97 b,K2-97,13.45077684,174.487795443,8.407115,0.0854,1566.0,4673.0,4.14,1.17,Transit,2016.0,878.43
K2-148 d,K2-148,1.64,,9.7579,0.0774,,4079.0,0.632,0.65,Transit,2018.0,124.458
K2-148 b,K2-148,1.33,,4.38395,0.0454,,4079.0,0.632,0.65,Transit,2018.0,124.458
K2-191 b,K2-191,1.57889322,,2.858646,,,5176.0,0.839696,0.900994,Transit,2018.0,287.188
HD 102117 b,HD 102117,8.47,,20.8133,0.15,,5655.0,1.23,1.06,Radial Velocity,2005.0,39.5792
Kepler-150 f,Kepler-150,3.64,,637.2093,1.24,,5528.0,0.905339,0.97,Transit,2017.0,891.092
K2-98 b,K2-98,5.06645928,34.007639549,10.1367349,0.0986,1185.0,6260.0,1.518,1.246,Transit,2016.0,518.625
K2-114 b,K2-114,10.59248676,638.83509807,11.390931,0.0944,701.4,4899.0,0.832,0.863,Transit,2017.0,475.758
HD 40307 g,HD 40307,2.56,,197.8,0.6,255.0,4956.0,0.716684,0.77,Radial Velocity,2013.0,12.9363
HIP 57274 b,HIP 57274,,3359.44626199,8.1352,0.07,,4510.0,0.78,0.29,Radial Velocity,2011.0,25.8618
K2-179 b,K2-179,2.51267885,,5.172191,,,5015.0,0.768067,0.824345,Transit,2018.0,190.81
HD 102195 b,HD 102195,14.2,,4.11377,0.05,,5301.0,0.82,0.76,Radial Velocity,2006.0,29.3386
K2-277 b,K2-277,2.18575124,7.4,6.326768,0.0664,1049.0,5680.0,0.973,0.974,Transit,2018.0,113.123
IRAS 04125+2902 b,IRAS 04125+2902,10.73820351,,8.834978,0.077,854.0,4080.0,1.45,0.7,Transit,2024.0,159.244
K2-246 b,K2-246,3.49,,5.76918,0.0602,977.0,5610.0,0.94,0.87,Transit,2018.0,703.616
HD 240237 b,HD 240237,12.2,,745.70001,1.92,,3926.0,71.23,8.76,Radial Velocity,2011.0,933.377
HD 2638 b,HD 2638,14.3,,3.4442,0.04,,5186.0,0.94,0.77,Radial Velocity,2005.0,54.9621
K2-247 b,K2-247,2.12,,2.25021,0.0304,979.0,4667.0,0.69,0.74,Transit,2018.0,258.113
HD 290327 b,HD 290327,13.3,,2443.0,3.43,,5505.0,0.95,0.84,Radial Velocity,2009.0,56.433
HD 31253 b,HD 31253,14.1,,466.0,1.26,,6130.0,1.75,1.7,Radial Velocity,2010.0,58.1438
HD 77338 b,HD 77338,4.12,15.9,5.7361,0.06,,5341.0,0.97,1.37,Radial Velocity,2012.0,45.935
K2-249 b,K2-249,2.79,,12.409,0.1151,1061.0,6504.0,1.57,1.32,Transit,2018.0,521.716
K2-248 b,K2-248,2.57,,7.17256,0.0699,886.0,5528.0,0.92,0.88,Transit,2018.0,406.254
K2-251 b,K2-251,2.35,,9.30075,0.0694,437.0,3717.0,0.49,0.52,Transit,2018.0,147.03
K2-252 b,K2-252,1.74,,13.81513,0.1041,639.0,5152.0,0.82,0.79,Transit,2018.0,228.839
K2-385 b,K2-385,1.539,,2.380867,,,4844.0,0.761,0.927,Transit,2022.0,420.819
GJ 143 b,GJ 143,2.61,22.7,35.61253,0.1915,422.0,4640.0,0.695,0.73,Transit,2019.0,16.32
K2-254 c,K2-254,2.19,,12.11839,0.0923,551.0,4629.0,0.67,0.71,Transit,2018.0,227.775
HD 5891 b,HD 5891,12.6,,177.11,0.64,,4673.0,10.64,1.93,Radial Velocity,2011.0,283.502
HD 6434 b,HD 6434,14.2,,21.998,0.14,,5769.0,1.12,1.1,Radial Velocity,2003.0,42.358
K2-239 c,K2-239,1.0,,7.775,0.0576,427.0,3420.0,0.36,0.4,Transit,2018.0,31.0849
K2-257 b,K2-257,0.83,,1.60588,0.0216,789.0,3725.0,0.5,0.52,Transit,2018.0,64.0065
K2-258 b,K2-258,3.0,,19.0921,0.149,831.0,6351.0,1.31,1.21,Transit,2018.0,661.873
IC 4651 9122 b,IC 4651 9122,12.7,,734.0,2.038,,4740.1,10.267424,2.1,Radial Velocity,2018.0,859.324
K2-240 c,K2-240,1.8,,20.523,0.1159,389.0,3810.0,0.54,0.58,Transit,2018.0,72.9105
K2-240 b,K2-240,2.0,,6.034,0.0513,586.0,3810.0,0.54,0.58,Transit,2018.0,72.9105
OGLE-2017-BLG-0482L b,OGLE-2017-BLG-0482L,2.95,9.0,,1.8,,,,0.2,Microlensing,2018.0,5800.0
Kepler-289 e,Kepler-289,2.94,17.4,330.0716,0.9342,286.0,5990.0,0.985,1.061,Transit,2025.0,704.438
HD 75289 b,HD 75289,14.2,,3.50927,0.05,1260.0,6117.0,1.23,1.29,Radial Velocity,1999.0,29.1158
HD 76700 b,HD 76700,9.6,,3.97097,0.05,,5644.0,1.37,0.99,Radial Velocity,2002.0,60.8831
K2-381 b,K2-381,1.075,,7.9389334,,,4473.0,0.675,0.754,Transit,2022.0,145.701
TOI-2285 b,TOI-2285,1.77,19.5,13.635109,0.1363,358.0,3491.0,0.464,0.454,Transit,2021.0,42.409
HD 222155 b,HD 222155,13.4,581.62598481,3999.0,5.14,,5701.0,1.85,1.21,Radial Velocity,2011.0,50.6078
OGLE-2014-BLG-1722L c,OGLE-2014-BLG-1722L,11.0,83.7,,1.7,,,,0.4,Microlensing,2018.0,6400.0
K2-244 b,K2-244,1.75,,21.06884,0.1418,638.0,5677.0,0.92,0.86,Transit,2018.0,212.902
K2-158 b,K2-158,2.64,,10.06049,0.0887,794.0,5503.0,0.95,0.92,Transit,2018.0,197.299
TOI-7041 b,TOI-7041,11.43316031,114.41822652,9.691,,882.37,4700.0,4.1,1.07,Transit,2025.0,439.52
HD 89307 b,HD 89307,13.4,642.01338214,2166.0,3.27,,5955.0,1.1,1.27,Radial Velocity,2009.0,32.0104
K2-159 b,K2-159,2.26,,12.42205,0.1013,684.0,5425.0,0.83,0.9,Transit,2018.0,170.998
HD 1690 b,HD 1690,12.5,,533.0,1.36,,4374.0,21.66,1.86,Radial Velocity,2010.0,752.615
TOI-1803 c,TOI-1803,4.29,8.0,12.885779,0.097,588.0,4687.0,0.715,0.756,Transit,2025.0,119.24
TOI-1803 b,TOI-1803,2.99,10.32,6.293287,0.06,747.0,4687.0,0.715,0.756,Transit,2025.0,119.24
K2-166 b,K2-166,2.19,,8.52695,0.0858,1140.0,5960.0,1.61,1.16,Transit,2018.0,476.882
HD 171028 b,HD 171028,13.2,,550.0,1.32,,5671.0,2.47,1.53,Radial Velocity,2007.0,111.659
HD 17092 b,HD 17092,12.5,,359.89999,1.31,,4326.0,13.58,6.73,Radial Velocity,2007.0,228.422
HAT-P-11 b,HAT-P-11,4.36,25.0,4.888,0.05258,838.0,4653.0,0.683,0.811,Transit,2008.0,37.7647
HAT-P-11 c,HAT-P-11,13.2,851.78013076,3361.0,4.1,,4653.0,0.683,0.811,Radial Velocity,2018.0,37.7647
HR 858 c,HR 858,1.979,3.8,5.973865,0.0687,1309.0,6354.0,1.258,1.204,Transit,2019.0,31.964
K2-224 c,K2-224,2.41,,10.09489,0.0886,764.0,5620.0,0.84,0.91,Transit,2018.0,275.255
TOI-2328 b,TOI-2328,9.97599282,50.85254512,17.10197,0.127,842.0,5525.0,0.9,0.95,Transit,2025.0,231.782
K2-263 b,K2-263,2.513,15.4,50.819172,0.2573,482.0,5368.0,0.85,0.88,Transit,2018.0,162.481
K2-381 d,K2-381,1.689,,26.803023,,,4473.0,0.675,0.754,Transit,2022.0,145.701
HD 285507 b,HD 285507,13.8,,6.0881,0.06,,4503.0,0.69,0.82,Radial Velocity,2013.0,45.0293
K2-230 b,K2-230,1.96,,2.86041,0.0409,1529.0,5945.0,1.39,1.11,Transit,2018.0,540.773
K2-229 c,K2-229,2.03,7.0,8.32727,0.0769,750.0,5315.0,0.79,0.87,Transit,2018.0,102.564
K2-259 b,K2-259,2.32,,15.48043,0.1271,795.0,6059.0,1.13,1.14,Transit,2018.0,416.457
HD 192263 b,HD 192263,14.2,,24.3556,0.15,486.0,4976.0,0.74,0.66,Radial Velocity,1999.0,19.6359
TOI-677 b,TOI-677,13.11450742,392.200254238,11.2365985,0.1041,1252.0,6295.0,1.28,1.181,Transit,2020.0,141.812
HD 95127 b,HD 95127,12.4,,482.0,1.28,,4218.0,41.01,3.7,Radial Velocity,2015.0,676.579
HD 216536 b,HD 216536,13.8,,148.60001,0.61,,4639.0,9.83,0.81,Radial Velocity,2015.0,376.233
HD 210277 b,HD 210277,13.6,,442.19,1.13,,5538.0,1.07,1.01,Radial Velocity,1998.0,21.2985
ups And b,ups And,14.0,,4.617033,0.05922166,,6156.77,1.56,1.3,Radial Velocity,1996.0,13.4054
HR 810 b,HR 810,12.7,1970.5361234,302.79999,0.92,,6167.0,1.13,1.34,Radial Velocity,1999.0,17.3181
K2-241 b,K2-241,2.55,,26.8199,0.1567,507.0,5262.0,0.75,0.71,Transit,2018.0,149.464
HD 212301 b,HD 212301,14.2,,2.24571,0.03,,6239.0,1.16,1.55,Radial Velocity,2005.0,54.2304
CoRoT-5 b,CoRoT-5,15.558,148.42,4.0378962,0.04947,1438.0,6100.0,1.186,1.0,Transit,2009.0,882.472
K2-242 b,K2-242,2.54,,6.51389,0.0494,416.0,3459.0,0.37,0.38,Transit,2018.0,109.237
HD 218566 b,HD 218566,9.32,,225.7,0.69,,4730.0,0.85,0.76,Radial Velocity,2010.0,28.8274
MOA-2016-BLG-319L b,MOA-2016-BLG-319L,14.1,200.0,,0.95,,,,0.15,Microlensing,2018.0,6800.0
KMT-2025-BLG-0121L b,KMT-2025-BLG-0121L,12.6,2469.52672239,,3.05,,,,0.61,Microlensing,2026.0,6200.0
TOI-5027 b,TOI-5027,10.76062147,642.01338214,10.24368,0.093,1056.0,5909.0,0.92,1.02,Transit,2025.0,204.429
HD 134060 b,HD 134060,3.16,,3.2696,0.0444,,5966.0,1.164285,1.095,Radial Velocity,2019.0,24.0125
K2-269 b,K2-269,1.57,,4.144965,0.0531,1429.0,6209.0,1.45,1.16,Transit,2018.0,360.76
K2-270 c,K2-270,2.95,,4.400028,0.0497,848.0,4877.0,0.77,0.85,Transit,2018.0,280.518
KOI-3680 b,KOI-3680,11.09691,613.4119,141.241671,0.534,347.0,5830.0,0.96,1.01,Transit,2018.0,921.986
K2-383 b,K2-383,1.564,,1.865962,,,5129.0,0.804,1.061,Transit,2022.0,203.788
EPIC 229004835 b,EPIC 229004835,2.332,10.4,16.141132,0.1237,804.0,5868.0,0.999,0.97,Transit,2023.0,121.971
HD 20003 c,HD 20003,3.89,,33.9239,0.1964,,5494.0,0.921637,0.875,Radial Velocity,2019.0,41.8316
HD 20781 b,HD 20781,1.21,,5.3135,0.0529,,5256.0,0.833609,0.7,Radial Velocity,2019.0,35.9715
K2-348 c,K2-348,2.67,,12.550171,,655.0,5077.0,0.85,0.83,Transit,2021.0,201.856
GJ 3779 b,GJ 3779,2.75,,3.0232,0.026,,3324.0,0.281,0.27,Radial Velocity,2018.0,13.743
HD 21693 b,HD 21693,2.8,,22.6786,0.1455,,5430.0,0.914378,0.8,Radial Velocity,2019.0,33.255
HD 21693 c,HD 21693,4.34,,53.7357,0.2586,,5430.0,0.914378,0.8,Radial Velocity,2019.0,33.255
K2-123 b,K2-123,2.76,,30.951524,0.1649,338.0,4035.0,0.59,0.62,Transit,2017.0,161.555
70 Vir b,70 Vir,12.6,2380.45,116.688,0.481,,5495.0,1.89,1.09,Radial Velocity,1996.0,17.9011
K2-24 b,K2-24,5.4,19.0,20.88977,0.154,686.0,5625.0,1.16,1.07,Transit,2016.0,170.562
K2-276 b,K2-276,3.77,,18.718269,0.1291,583.0,5139.0,0.85,0.82,Transit,2018.0,488.152
HD 108863 b,HD 108863,13.3,,437.7,1.32,,4878.0,5.74,1.59,Radial Velocity,2011.0,164.742
K2-286 b,K2-286,2.1,,27.359,0.1768,347.0,3926.0,0.62,0.64,Transit,2018.0,76.1486
HD 51608 b,HD 51608,3.62,,14.0726,0.1059,,5358.0,0.916136,0.8,Radial Velocity,2019.0,35.0553
HD 51608 c,HD 51608,3.87,,95.9446,0.3809,,5358.0,0.916136,0.8,Radial Velocity,2019.0,35.0553
K2-278 b,K2-278,2.98,,3.334966,0.0488,1711.0,6747.0,1.61,1.4,Transit,2018.0,786.439
HD 159868 b,HD 159868,13.3,,1184.1,2.32,,5534.0,2.13,1.19,Radial Velocity,2006.0,55.8503
HD 1502 b,HD 1502,13.2,,428.5,1.262,,4947.0,4.67,1.46,Radial Velocity,2011.0,190.953
TOI-6695 b,TOI-6695,9.52763359,66.74396547,80.389,0.402,599.0,6400.0,1.517,1.338,Transit,2025.0,282.536
HD 20781 e,HD 20781,3.83,,85.5073,0.3374,,5256.0,0.833609,0.7,Radial Velocity,2019.0,35.9715
HD 45184 c,HD 45184,2.91,,13.1354,0.11,,5869.0,1.075139,1.03,Radial Velocity,2019.0,21.9532
PSR J2322-2650 b,PSR J2322-2650,13.9,,0.322963997,0.0102,,,,1.4,Pulsar Timing,2017.0,230.0
HD 175541 b,HD 175541,14.1,,298.43,0.975,,5013.0,4.19,1.39,Radial Velocity,2007.0,129.603
K2-343 c,K2-343,2.02,,7.676972,,465.0,3804.0,0.46,0.49,Transit,2021.0,166.169
HD 73344 b,HD 73344,2.884,10.48,15.611,0.131,911.0,6252.6,1.22,1.2,Transit,2024.0,35.26
K2-368 c,K2-368,1.361,,9.660186,,,4663.0,0.663,0.746,Transit,2022.0,206.608
K2-195 b,K2-195,3.13,,15.852975,0.1208,720.0,5713.0,0.99,0.94,Transit,2018.0,315.014
HD 185269 b,HD 185269,13.8,,6.83776,0.077,,5923.0,2.0,1.3,Radial Velocity,2006.0,51.9917
HD 20781 d,HD 20781,3.25,,29.158,0.1647,,5256.0,0.833609,0.7,Radial Velocity,2019.0,35.9715
K2-279 b,K2-279,1.21,,7.122605,0.067,879.0,5558.0,0.86,0.79,Transit,2018.0,182.983
HD 200964 b,HD 200964,13.5,,606.3,1.565,,4982.0,4.92,1.39,Radial Velocity,2010.0,72.5922
HD 202696 b,HD 202696,,634.38868,517.8,1.566,,5040.0,6.43,1.91,Radial Velocity,2019.0,188.546
K2-344 b,K2-344,1.59,,3.35585,,722.0,4374.0,0.49,0.51,Transit,2021.0,75.1691
MASCARA-4 b,MASCARA-4,16.98160576,532.362581725,2.8240932,0.0474,2250.0,7800.0,1.79,1.75,Transit,2020.0,170.696
KMT-2016-BLG-1107L b,KMT-2016-BLG-1107L,13.1,1043.0,,0.342,,,,0.087,Microlensing,2019.0,6651.0
K2-264 b,K2-264,2.231,,5.840002,0.05023,496.0,3660.0,0.473,0.496,Transit,2018.0,185.605
K2-379 b,K2-379,2.181,,8.777247,,,4603.0,0.751,0.856,Transit,2022.0,182.207
Kepler-730 b,Kepler-730,12.3299,,6.491682808,0.0694,1219.0,5620.0,1.411,1.047,Transit,2016.0,1935.04
HD 202696 c,HD 202696,,592.43512,946.6,2.342,,5040.0,6.43,1.91,Radial Velocity,2019.0,188.546
Kepler-730 c,Kepler-730,1.56926,,2.85188338,0.03997,1607.0,5620.0,1.411,1.047,Transit,2018.0,1935.04
HD 73534 b,HD 73534,13.7,,1750.0,2.99,,4917.0,2.58,1.16,Radial Velocity,2008.0,83.3321
HD 88133 b,HD 88133,13.8,324.1866,3.414884,0.0479,,5392.0,2.2,1.26,Radial Velocity,2004.0,73.6123
K2-270 b,K2-270,1.38,,1.543069,0.0247,1203.0,4877.0,0.77,0.85,Transit,2018.0,280.518
OGLE-2011-BLG-0173L b,OGLE-2011-BLG-0173L,9.01,60.0,,8.0,,,,0.41,Microlensing,2018.0,6100.0
HD 96167 b,HD 96167,14.0,,498.04,1.332,,5733.0,1.94,1.27,Radial Velocity,2009.0,85.3006
LHS 1903 e,LHS 1903,1.732,5.79,29.31773,0.15135,333.0,3664.0,0.539,0.538,Transit,2026.0,35.6917
KMT-2024-BLG-2087L b,KMT-2024-BLG-2087L,12.9,1395.26670673,,3.03,,,,0.48,Microlensing,2026.0,7190.0
HD 5319 c,HD 5319,13.8,,872.2,1.93,,4871.0,4.06,1.27,Radial Velocity,2014.0,121.405
K2-52 b,K2-52,18.0,,3.535055,0.054,2004.0,7147.0,2.192,1.691,Transit,2016.0,1038.41
K2-281 b,K2-281,8.18,,8.687721,0.0773,665.0,4812.0,0.76,0.82,Transit,2018.0,458.139
K2-283 b,K2-283,3.52,,1.921036,0.0291,1186.0,5060.0,0.82,0.89,Transit,2018.0,402.915
WASP-104 b,WASP-104,12.745,404.263,1.7554137,0.02918,1516.0,5475.0,0.963,1.076,Transit,2014.0,185.932
47 UMa b,47 UMa,13.2,,1078.0,2.1,,5872.0,1.21334,1.06,Radial Velocity,1996.0,13.7967
HD 75784 c,HD 75784,12.8,,7900.0,8.4,,4867.0,3.4,1.26,Radial Velocity,2018.0,85.4321
K2-53 b,K2-53,2.6,,12.20772,0.098,665.0,5263.0,0.807,0.851,Transit,2016.0,138.018
K2-343 b,K2-343,1.65,,2.787174,,653.0,3804.0,0.46,0.49,Transit,2021.0,166.169
GJ 96 b,GJ 96,4.67,,73.94,0.291,,3785.0,0.580612,0.6,Radial Velocity,2018.0,11.9315
OGLE-2015-BLG-0954L b,OGLE-2015-BLG-0954L,13.1,1100.0,,1.6,,,,0.3,Microlensing,2016.0,1200.0
HD 14787 b,HD 14787,13.7,,676.6,1.7,,4946.0,5.01,1.43,Radial Velocity,2018.0,119.137
HD 18015 b,HD 18015,13.1,1048.8337431,2278.0,3.87,,5603.0,3.13,1.49,Radial Velocity,2018.0,123.801
K2-90 b,K2-90,2.6,,13.733314,0.096,502.0,4484.0,0.619,0.629,Transit,2016.0,134.188
TOI-1201 b,TOI-1201,2.415,6.28,2.4919863,0.0287,703.0,3476.0,0.508,0.512,Transit,2021.0,37.8871
2MASS J12073346-3932539 b,2MASS J12073346-3932539,15.69257298,1652.7077164,,46.0,1163.0,2825.0,0.21887,0.188001,Imaging,2004.0,64.308
KMT-2016-BLG-1397L b,KMT-2016-BLG-1397L,12.7,2200.0,,5.1,,,,0.45,Microlensing,2018.0,6600.0
HD 94834 b,HD 94834,13.7,,1576.0,2.74,,4798.0,4.2,1.11,Radial Velocity,2018.0,98.1609
HD 180053 b,HD 180053,13.3,,213.72,0.843,,5131.0,4.06,1.75,Radial Velocity,2018.0,137.043
CoRoT-2 b,CoRoT-2,16.432,1102.82,1.7429935,0.02798,1521.0,5625.0,0.906,0.96,Transit,2008.0,213.283
HD 190360 b,HD 190360,13.5,533.95172376,2892.0,3.963,150.0,5552.0,1.201,0.991,Radial Velocity,2003.0,16.0069
HD 190360 c,HD 190360,5.44,25.42627256,17.1173,0.1296,,5552.0,1.201,0.991,Radial Velocity,2005.0,16.0069
HD 154345 b,HD 154345,13.7,376.944490702,3280.0,4.158,,5468.0,0.85,0.89,Radial Velocity,2006.0,18.284
K2-292 b,K2-292,2.63,24.5,16.9841,0.13,795.0,5725.0,1.09,1.0,Transit,2019.0,114.293
K2-384 f,K2-384,2.222,,13.62749,,,3623.0,0.348,0.33,Transit,2022.0,82.6603
HD 104067 b,HD 104067,9.2,,55.851,0.2674,,4952.0,0.78,0.82,Radial Velocity,2009.0,20.3632
K2-139 b,K2-139,9.11,123.00021,28.380619,0.1796,524.0,5370.0,0.88,0.96,Transit,2017.0,153.856
EPIC 212424622 b,EPIC 212424622,2.17,,18.0983,,,5782.33,1.2247,1.106,Transit,2019.0,611.804
Kepler-9 c,Kepler-9,8.08,29.9,38.9853,0.227,523.0,5774.0,0.958,1.022,Transit,2010.0,628.257
TOI-2267 c,TOI-2267 A,1.14,,3.4950412,0.0263,374.0,3030.0,0.2075,0.171,Transit,2025.0,22.55
TOI-178 c,TOI-178,1.754,4.64,3.238486,0.037,873.0,4316.0,0.662,0.647,Transit,2021.0,62.699
TOI-2431 b,TOI-2431,1.534,6.2,0.22419578,0.0063,2063.0,4109.0,0.651,0.661,Transit,2026.0,36.0559
TOI-178 e,TOI-178,2.301,3.48,9.96318,0.0783,600.0,4316.0,0.662,0.647,Transit,2021.0,62.699
TOI-5205 b,TOI-5205,11.6,343.0,1.630757,0.0199,737.0,3430.0,0.394,0.392,Transit,2023.0,86.4493
TOI-1794 b,TOI-1794,3.29701268,8.7,8.765528,0.082,992.91,5631.0,1.3162,0.9698,Transit,2024.0,155.791
HIP 8152 b,HIP 8152,2.53625843,8.9,10.751014,0.093,794.96,5618.0,0.9603,0.9373,Transit,2023.0,101.694
HD 92788 b,HD 92788,13.0,,325.803,0.97,,5744.0,1.14,1.15,Radial Velocity,2000.0,34.6538
KOI-1599.02,KOI-1599,1.9,9.0,13.6088,0.112293,755.0,5833.0,0.972,1.02,Transit,2019.0,1131.64
HD 50499 c,HD 50499,13.2,,8619.9,9.02,,6099.0,1.42,1.31,Radial Velocity,2019.0,46.2845
EPIC 248847494 b,EPIC 248847494,12.44199,4131.79,3650.0,4.5,183.0,4898.0,2.7,0.9,Transit,2018.0,551.886
GJ 15 A c,GJ 15 A,6.67,,7600.0,5.4,,3607.0,0.38,0.38,Radial Velocity,2018.0,3.56228
K2-105 b,K2-105,3.4,15.4,8.26726,0.0796,805.0,5373.0,0.905,0.94,Transit,2017.0,197.989
Kepler-51 c,Kepler-51,9.0,4.0,85.312,0.384,439.0,6018.0,0.94,1.04,Transit,2012.0,783.831
TIC 183374187 b,TIC 183374187,14.03364384,177.98390792,5.05907,,1379.0,5768.0,1.344,0.853,Transit,2026.0,1208.75
K2-121 b,K2-121,7.16,51.0,5.185738,0.0525,716.0,4526.0,0.675,0.71,Transit,2017.0,169.398
DMPP-2 c,DMPP-2,8.26,,3.168,0.04789,,6500.0,1.78,1.41,Radial Velocity,2026.0,137.94
EPIC 212737443 b,EPIC 212737443,2.586,,13.603,0.098,536.0,4684.0,0.673,0.69,Transit,2019.0,336.25
KMT-2017-BLG-0165L b,KMT-2017-BLG-0165L,6.45,34.0,,3.45,,,,0.76,Microlensing,2018.0,4530.0
K2-384 c,K2-384,1.191,,4.194766,,,3623.0,0.348,0.33,Transit,2022.0,82.6603
HD 11506 c,HD 11506,14.0,,223.92,0.771,,6123.0,1.24,1.22,Radial Velocity,2008.0,51.261
HD 118203 b,HD 118203,12.778238,680.15279098,6.1349779,0.0713,1361.0,5742.0,2.04,1.27,Radial Velocity,2005.0,92.2589
HD 167042 b,HD 167042,13.6,,417.67,1.22,,4919.0,4.63,1.39,Radial Velocity,2007.0,49.6633
HD 181342 b,HD 181342,13.2,,564.1,1.592,,4945.0,4.71,1.69,Radial Velocity,2009.0,120.391
HD 181433 c,HD 181433,,2207.000458208,1018.5,1.885,,4918.0,0.79,0.86,Radial Velocity,2008.0,26.8762
Kepler-47 b,Kepler-47,3.05,2.07,49.4643,0.2877,,5636.0,0.936,0.957,Transit,2012.0,1025.02
LSPM J2116+0234 b,LSPM J2116+0234,3.71,,14.4399,0.0876,,3475.0,0.431,0.43,Radial Velocity,2019.0,17.6297
TOI-6303 b,TOI-6303,11.59,2493.0,9.485236,0.0761,541.0,3977.0,0.609,0.644,Transit,2025.0,152.219
Kepler-82 f,Kepler-82,4.84,20.9,75.732,0.3395,,5401.0,0.898,0.91,Transit Timing Variations,2019.0,904.326
GJ 27.1 b,GJ 27.1,3.66,,15.819,0.101,,3542.0,0.518887,0.53,Radial Velocity,2014.0,23.6062
GJ 160.2 b,GJ 160.2,3.17,,5.2354,0.053,,4347.0,0.655173,0.69,Radial Velocity,2014.0,25.8557
Kepler-47 d,Kepler-47,7.04,19.02,187.366,0.6992,,5636.0,0.936,0.957,Transit,2019.0,1025.02
Kepler-82 b,Kepler-82,4.07,12.15,26.44,0.1683,562.0,5401.0,0.898,0.91,Transit,2012.0,904.326
GJ 682 b,GJ 682,1.93,,17.478,0.08,,3028.0,0.298255,0.27,Radial Velocity,2014.0,5.00671
OGLE-2015-BLG-1649L b,OGLE-2015-BLG-1649L,13.2,807.0,,2.07,,,,0.34,Microlensing,2019.0,4230.0
HD 117207 b,HD 117207,13.4,669.346625142,2621.75,3.787,,5732.0,1.074,1.053,Radial Velocity,2004.0,32.3547
HD 114729 b,HD 114729,13.9,,1121.79,2.067,,5844.0,1.473,0.936,Radial Velocity,2002.0,37.8063
HD 126525 b,HD 126525,10.3,,960.41,1.837,,5638.0,0.979,0.897,Radial Velocity,2018.0,37.6506
HD 152079 b,HD 152079,13.2,,2918.92,4.187,,5907.0,1.128,1.147,Radial Velocity,2009.0,87.8888
TOI-1898 b,TOI-1898,9.39553231,129.0,45.52234,0.269,674.54,6241.0,1.6131,1.2484,Transit,2024.0,79.6682
gam Lib b,gam Lib,13.7,,414.88,1.319,,4879.0,12.38,1.78,Radial Velocity,2018.0,47.4017
HD 211970 b,HD 211970,3.66,,25.201,0.143,,4127.0,0.574175,0.61,Radial Velocity,2019.0,13.1277
HIP 35173 b,HIP 35173,3.61,,41.516,0.217,,4881.0,0.773404,0.79,Radial Velocity,2019.0,33.1562
HD 190647 b,HD 190647,13.4,,1176.45,2.231,,5656.0,1.376,1.069,Radial Velocity,2007.0,54.4738
HD 23127 b,HD 23127,13.5,,1211.17,2.37,,5843.0,1.49,1.208,Radial Velocity,2006.0,93.8555
K2-168 b,K2-168,1.86,,15.8523,,766.35,5502.7,0.83,0.877,Transit,2018.0,243.935
HD 4208 b,HD 4208,13.9,,832.97,1.662,,5717.0,0.846,0.883,Radial Velocity,2001.0,34.1937
K2-146 b,K2-146,2.05,5.77,2.6446,0.0248,534.0,3385.0,0.33,0.331,Transit,2018.0,79.3002
HD 8326 b,HD 8326,9.58,,158.991,0.533,,4914.0,0.783181,0.8,Radial Velocity,2019.0,30.6862
HIP 54373 b,HIP 54373,2.87,,7.76,0.063,,4021.0,0.564998,0.57,Radial Velocity,2019.0,18.7168
CoRoT-7 d,CoRoT-7,4.31,17.142,8.966,,,5250.0,0.8389,0.915,Radial Velocity,2022.0,159.906
XO-3 b,XO-3,14.79585452,4217.58296089,3.19152309,0.04815,1890.0,6970.0,1.523,1.449,Transit,2007.0,213.053
HR 8799 c,HR 8799,13.0,3000.0,69000.0,38.0,1200.0,7204.58,1.49338,1.5,Imaging,2008.0,41.2441
GJ 3473 c,GJ 3473,2.63,,15.509,0.0876,329.1,3347.0,0.364,0.36,Radial Velocity,2020.0,27.3644
KMT-2017-BLG-1038L b,KMT-2017-BLG-1038L,13.4,640.0,,1.8,,,,0.37,Microlensing,2019.0,6000.0
HD 85426 c,TOI-1774,3.19,,35.73,,640.0,5746.0,1.1303,0.991,Radial Velocity,2026.0,53.974
K2-350 b,K2-350,1.54,,4.163873,,1158.0,5789.0,1.04,0.98,Transit,2021.0,489.368
HIP 54373 c,HIP 54373,3.57,,15.144,0.099,,4021.0,0.564998,0.57,Radial Velocity,2019.0,18.7168
HD 220689 b,HD 220689,13.7,381.3940884,2266.4,3.396,,5921.0,1.068,1.016,Radial Velocity,2012.0,46.8778
TOI-1075 b,TOI-1075,1.791,9.95,0.6047328,0.01159,1323.0,3875.0,0.581,0.604,Transit,2022.0,61.4592
TOI-756 c,TOI-756,13.0,,149.4,0.439,194.0,3657.0,0.505,0.505,Radial Velocity,2025.0,86.1759
HD 52265 b,HD 52265,13.7,,119.27,0.52,405.0,6136.0,1.32,1.204,Radial Velocity,2000.0,29.9803
CoRoT-35 b,CoRoT-35,18.83108758,349.6112477,3.22748,0.0429,1747.0,6390.0,1.65,1.01,Transit,2022.0,1123.21
HD 222076 b,HD 222076,13.5,,871.0,1.83,,4806.0,4.1,1.07,Radial Velocity,2016.0,91.1538
WASP-132 b,WASP-132,10.09929161,136.030558196,7.1335164,0.0674,682.0,4686.0,0.758,0.789,Transit,2016.0,122.91
HD 95089 c,HD 95089,13.1,,1785.0,3.33,,4918.0,5.08,1.54,Radial Velocity,2016.0,136.957
HR 5183 b,HR 5183,13.1,1052.01202717,27000.0,18.0,171.0,5794.0,1.53,1.07,Radial Velocity,2019.0,31.4607
HD 85390 b,HD 85390,6.16,,799.52,1.373,,5186.0,0.8,0.758,Radial Velocity,2009.0,33.5225
eps Eri b,eps Eri,14.1,209.76674862,2671.0,3.53,,5020.38,0.759106,0.82,Radial Velocity,2000.0,3.2026
TYC 2187-512-1 b,TYC 2187-512-1,12.5,,691.9,1.22,,3734.0,0.495,0.498,Radial Velocity,2022.0,15.4744
HD 17156 b,HD 17156,12.26262489,1036.12060682,21.2164294,0.1632,888.0,6046.0,1.517,1.285,Radial Velocity,2007.0,78.0863
OGLE-2018-BLG-0596L b,OGLE-2018-BLG-0596L,3.81,13.93,,0.97,,,,0.231,Microlensing,2019.0,5650.0
WASP-110 b,WASP-110,13.19297028,154.782434209,3.7784022,,1158.0,5392.0,0.853,0.814,Transit,2021.0,274.96
HD 189567 b,HD 189567,2.85,,14.288,0.111,,5726.0,1.04,0.83,Radial Velocity,2021.0,17.9055
KMT-2022-BLG-1551L b,KMT-2022-BLG-1551L,13.2,940.77208472,,2.29,,,,0.54,Microlensing,2026.0,6900.0
TOI-561 e,TOI-561,2.517,12.4,77.144,0.33,416.0,5342.0,0.843,0.806,Transit,2020.0,85.799
EPIC 201497682 b,EPIC 201497682,0.692,,2.13174,,,4991.0,0.554,0.78,Transit,2019.0,253.026
EPIC 201615463 c,K2-166,1.22,,3.80464,,,5960.0,1.61,1.073,Transit,2019.0,476.882
OGLE-2015-BLG-1670L b,OGLE-2015-BLG-1670L,4.42,17.9,,2.62,,,,0.55,Microlensing,2019.0,6700.0
K2-293 b,K2-293,2.45,,13.1225,,750.0,5532.0,0.947,0.958,Transit,2019.0,392.251
EPIC 201833600 c,K2-50,1.0,,3.96151,,,4326.0,0.634,0.611,Transit,2019.0,257.443
EPIC 206024342 b,EPIC 206024342,1.7,,4.50756,,,5724.0,0.823,0.928,Transit,2019.0,369.888
TOI-178 g,TOI-178,2.939,4.4,20.71663,0.1275,470.0,4316.0,0.662,0.647,Transit,2021.0,62.699
TOI-178 b,TOI-178,1.2,0.96,1.9145601,0.02607,1040.0,4316.0,0.662,0.647,Transit,2021.0,62.699
TOI-178 f,TOI-178,2.417,5.63,15.23335,0.1039,521.0,4316.0,0.662,0.647,Transit,2021.0,62.699
TOI-756 b,TOI-756,2.81,9.83,1.2392495,0.018,934.0,3657.0,0.505,0.505,Transit,2025.0,86.1759
OGLE-2018-BLG-1011L c,OGLE-2018-BLG-1011L,13.2,890.0,,0.8,,,,0.18,Microlensing,2019.0,7100.0
KMT-2016-BLG-0212L b,KMT-2016-BLG-0212L,12.2,5700.0,,2.2,,,,0.48,Microlensing,2018.0,6300.0
K2-294 b,K2-294,1.66,,2.50387,,1425.0,5612.0,1.2,0.987,Transit,2019.0,373.078
KOI-1599.01,KOI-1599,1.9,4.6,20.4415,0.14728,660.0,5833.0,0.972,1.02,Transit,2019.0,1131.64
TOI-1246 e,TOI-1246,3.5141875,14.5,37.92548,0.212,463.98,5213.0,0.8649,0.8889,Transit,2022.0,169.422
TOI-201 c,TOI-201,10.4,4990.0,2890.0,4.37,,6423.0,1.31,1.32,Transit Timing Variations,2025.0,113.825
KOI-142 c,KOI-142,14.0,214.1,22.26492,0.154121003,,5466.0,0.897,0.99,Transit Timing Variations,2013.0,376.863
EPIC 249893012 b,EPIC 249893012,1.95,8.75,3.5951,0.047,1616.0,5430.0,1.71,1.05,Transit,2020.0,321.296
EPIC 249893012 c,EPIC 249893012,3.67,14.67,15.624,0.13,990.0,5430.0,1.71,1.05,Transit,2020.0,321.296
OGLE-2018-BLG-0677L b,OGLE-2018-BLG-0677L,1.82,3.96,,0.63,,,,0.12,Microlensing,2020.0,7580.0
KOI-142 b,KOI-142,3.438,9.5,10.91647,0.09586,758.0,5466.0,0.897,0.99,Transit,2013.0,376.863
EPIC 249893012 d,EPIC 249893012,3.94,10.18,35.747,0.22,752.0,5430.0,1.71,1.05,Transit,2020.0,321.296
OGLE-2018-BLG-1700L b,OGLE-2018-BLG-1700L,12.9,1400.0,,2.8,,,,0.42,Microlensing,2020.0,7600.0
OGLE-2015-BLG-1771L b,OGLE-2015-BLG-1771L,14.3,138.0,,0.85,,,,0.077,Microlensing,2020.0,7070.0
HD 196050 b,HD 196050,12.9,1493.7935129,1392.0,2.65,,5879.0,1.42,1.27,Radial Velocity,2002.0,50.6742
HD 187123 c,HD 187123,13.2,912.16752809,3810.0,4.89,,5790.0,1.15043,1.04,Radial Velocity,2008.0,45.9548
GJ 9827 c,GJ 9827,1.13,1.86,3.648103,0.0395,715.94,4236.0,0.58,0.62,Transit,2017.0,29.661
TOI-4511 b,TOI-4511,2.75304932,,10.98090968596,,1542.0,5418.77,1.00145,1.017,Transit,2026.0,121.832
TOI-4363 b,TOI-4363,1.76689273,,2.11867592279,,884.71,4278.45,0.69132,0.62,Transit,2026.0,77.7751
OGLE-2012-BLG-0838L b,OGLE-2012-BLG-0838L,8.39,53.1,,4.43,,,,0.4,Microlensing,2020.0,6320.0
HD 156279 b,HD 156279,12.5,,133.40355,0.502,,5453.0,0.95,0.94,Radial Velocity,2011.0,36.1945
Kepler-160 b,Kepler-160,1.715,,4.309397,0.05511,1134.0,5471.0,1.118,1.003,Transit,2014.0,937.013
K2-374 b,K2-374,1.593,,4.521953,,,5789.0,0.907,0.731,Transit,2022.0,359.439
K2-384 b,K2-384,1.076,,2.231527,,,3623.0,0.348,0.33,Transit,2022.0,82.6603
WASP-45 b,WASP-45,10.603714,306.38812,3.126089,0.03963,1153.0,5150.0,0.855,0.85,Transit,2011.0,211.196
TOI-3714 b,TOI-3714,11.32107051,222.4798849,2.154849,0.027,750.0,3660.0,0.51,0.53,Transit,2022.0,112.71
HD 160691 b,HD 160691,,1366.6621501,645.0,1.5,,5773.0,1.33,1.13,Radial Velocity,2000.0,15.5981
TOI-1648 b,TOI-1648,2.54,7.4,7.331602,0.0694,799.0,4850.0,0.81,0.83,Transit,2025.0,69.835
OGLE-2016-BLG-1227L b,OGLE-2016-BLG-1227L,13.9,250.0,,3.4,,,,0.1,Microlensing,2020.0,
Kepler-58 b,Kepler-58,2.78,35.5,10.2184954,0.09291,920.0,5843.0,1.03,0.95,Transit,2012.0,969.252
K2-374 c,K2-374,2.213,,16.43445,,,5789.0,0.907,0.731,Transit,2022.0,359.439
WASP-20 b,WASP-20,15.46839337,98.841,4.89964477,0.05999,1362.0,5940.0,1.242,1.2,Transit,2015.0,211.877
OGLE-2014-BLG-1760L b,OGLE-2014-BLG-1760L,13.8,295.898246917,,1.887,,,,0.803,Microlensing,2016.0,7056.0
TOI-4479 b,TOI-4479,2.82,,1.1589,0.0164,861.0,3400.0,0.451,0.452,Transit,2022.0,80.6532
WASP-120 b,WASP-120,15.58048317,1541.4755,3.61126721,0.0514,1749.0,6450.0,1.68443,1.393,Transit,2016.0,381.174
WASP-94 B b,WASP-94 B,14.1,,2.00839,0.0335,,6040.0,1.35,1.24,Radial Velocity,2014.0,208.696
HD 23472 b,HD 23472,2.0,8.32,17.667087,0.1162,543.0,4684.0,0.71,0.67,Transit,2019.0,39.0341
WASP-166 b,WASP-166,7.06167,32.10083,5.44354,0.0641,1270.0,6050.0,1.22,1.19,Transit,2019.0,114.173
HD 24040 c,HD 24040,9.35,,515.4,1.3,,5776.49,1.387296,1.10394,Radial Velocity,2021.0,46.6224
HD 66428 c,HD 66428,13.5,560.649309948,10478.84437,9.408,,5716.0,1.13,1.01,Radial Velocity,2021.0,53.2817
HD 220197 b,HD 220197,9.32,,1728.0,2.729,,5683.0,0.98,0.91,Radial Velocity,2018.0,64.411
HD 233832 b,HD 233832,13.5,,2058.0,2.827,,4981.0,0.68,0.71,Radial Velocity,2018.0,58.742
TOI-1670 b,TOI-1670,2.06,41.31769291,10.98462,0.103,1062.0,6170.0,1.316,1.21,Transit,2022.0,168.067
PSR B0329+54 b,PSR B0329+54,1.22,,10140.0,10.26,,,,1.44,Pulsar Timing,2017.0,504.93312058
WASP-12 b,WASP-12,22.02564708,467.2101,1.091418901,0.0234,2601.0,6265.0,1.69,1.325,Transit,2008.0,427.246
GJ 1061 d,GJ 1061,1.16,1.67,13.066,0.054,,2953.0,0.156,0.12,Radial Velocity,2020.0,3.67278
TOI-5349 b,TOI-5349,10.2,127.4,3.317921,0.0369,719.0,3751.0,0.58,0.61,Transit,2026.0,188.336
Kepler-1649 b,Kepler-1649,1.017,,8.689099,0.0514,307.0,3240.0,0.2317,0.1977,Transit,2017.0,92.1913
Kepler-1649 c,Kepler-1649,1.06,,19.53527,0.0649,234.0,3240.0,0.2317,0.1977,Transit,2020.0,92.1913
Kepler-29 c,Kepler-29,2.34,4.5,13.28613,0.10027,715.0,5378.0,0.732,0.761,Transit,2011.0,832.532
HD 191939 e,HD 191939,13.0,,101.12,0.407,390.0,5348.0,0.94,0.81,Radial Velocity,2022.0,53.6089
USco1556 b,USco1556 A,12.3,4767.45,,3500.0,2240.0,3410.0,0.668108,0.33,Imaging,2019.0,140.635
Kepler-177 b,Kepler-177,3.5,5.84,36.8601,0.21101,549.0,5732.0,1.324,0.921,Transit,2013.0,1435.44
KOI-1783.02,KOI-1783,5.44,15.0,284.215,0.86695,321.0,5922.0,1.143,1.076,Transit,2020.0,865.73
Kepler-297 b,Kepler-297,2.87,48.5,38.871826,0.217,509.0,5619.0,0.915,0.927,Transit,2014.0,692.14
K2-111 c,K2-111,3.34,,15.6748,0.11565,923.0,5775.0,1.25,0.84,Radial Velocity,2020.0,200.394
DMPP-8 b,DMPP-8,10.8,,62.915,0.3098,,6009.0,1.24,0.99,Radial Velocity,2026.0,76.1335
GJ 180 b,GJ 180,2.43,,17.133,0.092,,3371.0,0.413049,0.43,Radial Velocity,2014.0,11.9407
HD 164922 c,HD 164922,3.66,,75.74,0.341,400.5,5390.0,0.946,0.926,Radial Velocity,2016.0,22.0016
HD 28109 c,HD 28109,4.13,9.2,55.99712,0.308,643.0,6189.0,1.425,1.227,Transit,2022.0,139.611
WASP-108 b,WASP-108,15.13212395,283.502939044,2.67555212374,,1589.0,6783.0,1.34415,1.167,Transit,2020.0,258.777
Kepler-51 b,Kepler-51,7.1,2.1,45.154,0.2514,543.0,6018.0,0.94,1.04,Transit,2012.0,783.831
Kepler-62 f,Kepler-62,1.41,35.0,267.291,0.718,208.0,4925.0,0.64,0.69,Transit,2013.0,300.874
EPIC 212587672 b,EPIC 212587672,1.26,,15.28078,,756.0,6004.0,0.98,0.99,Transit,2019.0,320.07
TOI-1338 b,TOI-1338 A,7.661,11.3,95.4001,0.4607,254.65,5723.2,1.313,1.0936,Transit,2020.0,399.017
OGLE-2017-BLG-1049L b,OGLE-2017-BLG-1049L,12.8,1760.0,,3.92,,,,0.55,Microlensing,2020.0,5670.0
KMT-2019-BLG-0842L b,KMT-2019-BLG-0842L,3.19,10.28,,3.31,,,,0.76,Microlensing,2020.0,3320.0
Kepler-1684 b,Kepler-1684,2.87084792,,47.7055,0.2253,347.0,4706.54,0.666755,0.75,Transit,2020.0,621.996
Kepler-1679 b,Kepler-1679,2.0692036,,9.75376,0.0892,813.0,5501.0,0.873196,0.96,Transit,2020.0,909.28
KMT-2016-BLG-2397L b,KMT-2016-BLG-2397L,13.2,836.0,,3.64,,,,0.64,Microlensing,2020.0,4880.0
HD 107148 c,HD 107148,4.7,,18.3267,0.1407,,5752.92,1.169193,1.105215,Radial Velocity,2021.0,49.4156
Kepler-1687 b,Kepler-1687,1.65623882,,5.77954,0.0532,598.0,4132.0,0.726119,0.65,Transit,2020.0,417.014
Kepler-1688 b,Kepler-1688,1.26174569,,5.62012,0.0577,772.0,4632.11,0.746,0.814,Transit,2020.0,567.44687087
Kepler-462 b,Kepler-462,3.0,53.9,84.6866,0.4172,611.0,7500.0,1.57,1.59,Transit,2016.0,596.625
KOI-1831 d,Kepler-324,1.13,2.23,34.169,0.19924,475.0,5233.0,0.835,0.901,Transit,2018.0,501.574
OGLE-2017-BLG-0604L b,OGLE-2017-BLG-0604L,14.2,160.0,,4.06,,,,0.7,Microlensing,2020.0,3950.0
MOA-2009-BLG-319L b,MOA-2009-BLG-319L,9.64,67.3,,2.03,,,,0.524,Microlensing,2010.0,7050.0
HD 160691 d,HD 160691,3.23,,9.6392,0.0952,900.0,5773.0,1.33,1.13,Radial Velocity,2004.0,15.5981
HD 136925 b,HD 136925,13.9,,4540.0,5.13,,5773.19,1.193078,0.875104,Radial Velocity,2021.0,47.874
HD 156668 c,HD 156668,6.17,,811.3,1.57,,4903.69,0.774528,0.785167,Radial Velocity,2021.0,24.3323
eps Ind A b,eps Ind A,12.6,2425.03074541,39400.0,20.9,275.0,4760.0,0.679,0.781,Radial Velocity,2019.0,3.63857
HD 164922 e,HD 164922,3.23,,41.763,0.2292,,5393.43,1.001813,0.921146,Radial Velocity,2021.0,22.0016
EPIC 201757695.02,EPIC 201757695,0.90819,,2.0478,0.0296,,4520.0,0.655,0.727,Transit,2020.0,577.6
KMT-2023-BLG-0548L b,KMT-2023-BLG-0548L,13.1,1086.97315194,,6.85,,,,0.72,Microlensing,2025.0,6830.0
KMT-2024-BLG-2059L b,KMT-2024-BLG-2059L,2.54,6.992224954,,2.55,,,,0.51,Microlensing,2025.0,6070.0
Kepler-1664 b,Kepler-1664,3.03320653,,14.3868,0.1137,776.0,5735.81,1.072,0.944,Transit,2020.0,626.691
Kepler-1001 c,Kepler-1001,1.57799279,,9.18186,0.08296,804.0,5376.0,0.836475,0.93,Transit,2020.0,928.978
HD 3765 b,HD 3765,8.56,,1211.0,2.108,,5049.8,0.83061,0.851785,Radial Velocity,2021.0,17.926
Kepler-1701 b,Kepler-1701,2.22186207,,169.134,0.5738,273.0,5146.0,0.840217,0.87,Transit,2020.0,584.142
Kepler-1702 b,Kepler-1702,1.60190793,,18.5012,0.1275,555.0,5093.0,0.725742,0.85,Transit,2020.0,857.14
MOA-2013-BLG-220L b,MOA-2013-BLG-220L,13.2,871.0,,3.03,,,,0.88,Microlensing,2014.0,6720.0
HD 4760 b,HD 4760,12.3,,434.0,1.14,,4076.0,42.4,1.05,Radial Velocity,2021.0,537.873
Kepler-1665 b,Kepler-1665,2.83910787,,11.9548,0.096,906.0,5049.84,0.777785,0.842,Transit,2020.0,335.515
Kepler-1698 b,Kepler-1698,1.07315686,,1.2107,0.02065,1351.0,4975.03,0.741698,0.822,Transit,2020.0,222.345
TYC 0434-04538-1 b,TYC 0434-04538-1,12.7,,193.2,0.66,,4679.0,9.99,1.04,Radial Velocity,2021.0,613.422
Kepler-1700 b,Kepler-1700,2.90129941,,234.239,0.76094,329.0,6031.0,1.0937,1.12,Transit,2020.0,717.597
Kepler-1697 b,Kepler-1697,1.25954761,,33.4969,0.2008,630.0,4681.53,0.772344,0.747,Transit,2020.0,247.771
Gl 686 b,Gl 686,2.46,,15.53,0.091,379.0,3656.0,0.427,0.426,Radial Velocity,2018.0,8.15728
HD 180617 b,HD 180617,3.53,,105.911,0.343,,3534.0,0.481,0.484,Radial Velocity,2018.0,5.91059
NGTS-20 b,NGTS-20,11.99360935,947.12865286,54.18915,0.313,688.0,5980.0,1.78,1.47,Transit,2022.0,382.898
Kepler-62 b,Kepler-62,1.31,9.0,5.714932,0.0553,750.0,4925.0,0.64,0.69,Transit,2013.0,300.874
HATS-37 A b,HATS-37 A,6.792654,31.46517,4.3315366,0.04913,1085.0,5326.0,0.877,0.843,Transit,2020.0,211.896
HD 216520 c,HD 216520,3.03,,154.43,0.528,,5103.0,0.76,0.82,Radial Velocity,2020.0,19.552
HIP 107772 b,HIP 107772,3.64,,55.199,0.243,,4006.0,0.513922,0.63,Radial Velocity,2020.0,23.6434
HD 238090 b,HD 238090,2.52,,13.671,0.0932,469.6,3933.0,0.57,0.578,Radial Velocity,2020.0,15.2354
Kepler-1667 b,Kepler-1667,2.98385261,,83.5781,0.35905,655.0,5941.54,1.08751,1.09,Transit,2020.0,626.819
GJ 414 A c,GJ 414 A,8.4,,749.83,1.4,124.7,4120.0,0.68,0.65,Radial Velocity,2021.0,11.8893
GJ 414 A b,GJ 414 A,2.63,,50.8,0.2324,308.6,4120.0,0.68,0.65,Radial Velocity,2021.0,11.8893
Kepler-1663 b,Kepler-1663,3.30395896,,17.6046,0.1072,362.0,3844.0,0.62859,0.610816,Transit,2020.0,337.926
Kepler-1675 b,Kepler-1675,3.12483349,,63.0382,0.32185,465.0,5853.19,1.12865,1.06,Transit,2020.0,651.117
Kepler-1676 b,Kepler-1676,3.3769596,,29.9221,0.1954,782.0,5878.3,1.06066,1.07,Transit,2020.0,
HR 2562 b,HR 2562,12.44199,6992.224954,,22.2,1255.0,6597.0,1.334,1.3,Imaging,2016.0,34.0071
WASP-93 b,WASP-93,17.900773,467.2101,2.7325321,0.04211,1942.0,6700.0,1.524,1.334,Transit,2016.0,370.284
EPIC 206024342 d,EPIC 206024342,2.6,,14.647531,,,5724.0,1.1,0.928,Transit,2021.0,369.888
EPIC 206024342 c,EPIC 206024342,1.4,,0.911724,,,5724.0,1.1,0.928,Transit,2021.0,369.888
KOI-3503 b,KOI-3503,1.19,9.2,21.185,0.14247,785.0,6001.0,1.255,0.858,Transit,2021.0,887.064
EPIC 206042996 c,EPIC 206042996,1.2,,0.354884,,,4114.0,0.5,0.565,Transit,2021.0,451.769
KOI-1833 d,Kepler-968,2.58,11.02,7.685,0.0634,613.0,4413.0,0.667,0.681,Transit,2021.0,290.324
KOI-3503 c,KOI-3503,1.21,10.36,31.828,0.18688,686.0,6001.0,1.255,0.858,Transit,2021.0,887.064
KMT-2018-BLG-1976L b,KMT-2018-BLG-1976L,13.3,705.57906354,,3.54,,,,0.65,Microlensing,2021.0,5840.0
OGLE-2019-BLG-0954L b,OGLE-2019-BLG-0954L,12.3,4513.1633794,,2.65,,,,0.8,Microlensing,2021.0,3630.0
TOI-2545 b,TOI-2545,2.75,,7.994037,,1022.99,5846.29,1.25324,1.055,Transit,2022.0,107.118
DMPP-6 c,DMPP-6,3.74,,36.441,0.2206,,6182.09,1.27,1.079,Radial Velocity,2026.0,54.6303
DMPP-2 d,DMPP-2,11.6,,16.491,0.1432,,6500.0,1.78,1.41,Radial Velocity,2026.0,137.94
KMT-2018-BLG-1025L b,KMT-2018-BLG-1025L,2.34,6.059,,1.305,,,,0.219,Microlensing,2021.0,6705.0
TOI-4504 c,TOI-4504,11.09689089,1197.3231748504,82.97213,0.3569,182.8,5315.0,0.92,0.89,Transit,2024.0,342.605
TOI-238 b,TOI-238,1.559,3.37,1.273099,0.0212,1378.0,5059.0,0.756,0.781,Transit,2024.0,80.5407
TOI-199 b,TOI-199,9.07927437,54.03082919,104.854,0.4254,476.27,5255.0,0.82,0.936,Transit,2023.0,102.27
HD 93385 c,HD 93385,2.56,,13.18,0.112,,5977.0,1.18484,1.04,Radial Velocity,2021.0,43.3475
HD 93385 b,HD 93385,1.88,,7.3426,0.0756,,5977.0,1.18484,1.04,Radial Velocity,2021.0,43.3475
K2-280 b,K2-280,7.5,37.1,19.89526,0.1461,787.0,5500.0,1.28,1.03,Transit,2018.0,391.537
HD 203030 b,HD 203030,14.4595851,3496.112477,,487.1,1040.0,5603.0,0.856458,0.94,Imaging,2006.0,39.2503
HD 96700 d,HD 96700,3.61,,103.5,0.424,,5845.0,1.16,0.89,Radial Velocity,2021.0,25.4111
HD 96700 b,HD 96700,2.93,,8.1245,0.0777,,5845.0,1.16,0.89,Radial Velocity,2021.0,25.4111
TOI-2382 b,TOI-2382,12.25141591,235.19302118,4.6612061,0.059,1426.0,6033.0,1.417,1.26,Transit,2025.0,434.92
OGLE-2018-BLG-1185L b,OGLE-2018-BLG-1185L,2.83,8.4,,1.54,,,,0.37,Microlensing,2021.0,7400.0
HD 27969 b,HD 27969,12.9,,654.5,1.552,261.0,5966.0,1.27,1.16,Radial Velocity,2021.0,67.9328
HD 115954 b,HD 115954,12.6,2685.65003915,3700.0,5.0,144.9,5957.0,1.213,1.18,Radial Velocity,2021.0,87.6437
HD 211403 b,HD 211403,12.8,,223.8,0.768,380.0,6273.0,1.206,1.2,Radial Velocity,2021.0,83.0919
HD 109286 b,HD 109286,13.2,,520.1,1.259,259.4,5694.0,1.089,0.98,Radial Velocity,2021.0,55.4156
CD Cet b,CD Cet,1.82,,2.2907,0.0185,464.0,3130.0,0.175,0.161,Radial Velocity,2020.0,8.60715
GJ 9689 b,GJ 9689,3.07,,18.27,0.1139,453.04,3836.0,0.57,0.59,Radial Velocity,2020.0,30.6203
G 264-012 b,G 264-012,1.39,,2.30538,0.02279,587.0,3326.0,0.305,0.297,Radial Velocity,2021.0,16.009
TOI-715 b,TOI-715,1.55,,19.288004,0.083,234.0,3075.0,0.24,0.225,Transit,2023.0,42.4048
K2-187 c,K2-187,1.4,,2.871512,0.0392,1173.0,5438.0,0.83,0.966999,Transit,2018.0,330.916
TOI-1777.01,TOI-1777,2.246,,14.650111974,0.119466,580.0,5859.0,0.98,1.06,Transit,2024.0,79.7665
K2-282 b,K2-282,2.5,,4.169783,0.0499,1057.0,5499.0,1.0,0.94,Transit,2018.0,496.289
K2-156 b,K2-156,1.1,,0.813143,0.0149,1347.0,4460.0,0.62,0.66,Transit,2018.0,150.21
HD 95338 b,HD 95338,4.27174254,42.9,55.082694,0.262,443.0,5097.0,0.868,0.848,Radial Velocity,2020.0,36.9941
K2-187 b,K2-187,1.2,,0.77401,0.0164,1815.0,5438.0,0.83,0.966999,Transit,2018.0,330.916
K2-210 b,K2-210,0.86,,0.57023,,,5500.0,0.89,0.911717,Transit,2018.0,176.51
Kepler-129 d,Kepler-129,12.6,,2646.0,4.0,,5770.0,1.653,1.178,Radial Velocity,2021.0,408.845
K2-223 c,K2-223,1.5,,4.562546,0.0549,1091.0,5859.0,1.0,1.06,Transit,2018.0,198.604
K2-223 b,K2-223,0.89,,0.50557,0.0127,2271.0,5859.0,1.0,1.06,Transit,2018.0,198.604
EPIC 212624936 c,EPIC 212624936,2.3,,11.811437,,,5765.0,0.93,1.0,Transit,2021.0,561.929
K2-137 b,K2-137,0.64,158.915,0.179719,0.0058,1471.0,3697.0,0.29,0.463,Transit,2017.0,98.8765
TOI-784 b,HD 307842,1.93,9.67,2.7970365,0.038,1256.0,5558.0,0.907,0.91,Transit,2023.0,64.5997
EPIC 206215704 b,EPIC 206215704,1.0,,2.255436,,,3297.0,0.25,0.407,Transit,2019.0,109.888
TOI-1801 b,TOI-1801,2.079,5.738,10.64387,0.075,493.7,3863.0,0.547,0.556,Transit,2023.0,30.6796
BD+63 1405 b,BD+63 1405,12.4,3305.4154328,1198.48,2.06,,5000.0,0.804724,0.816,Radial Velocity,2021.0,38.0473
HD 155193 b,HD 155193,14.0,,352.65,1.04,,6239.0,1.76439,1.221,Radial Velocity,2021.0,57.7995
Kepler-1788 b,Kepler-1788,2.37850461,,2.800120115,0.0343,956.0,4786.0,0.704,0.686,Transit,2021.0,560.445
Kepler-1861 b,Kepler-1861,2.20677414,,40.0306015,0.24082,617.0,5855.0,1.373,1.161,Transit,2021.0,829.985
K2-273 b,K2-273,3.05,,11.7195663,0.0729,849.0,5161.0,0.85,0.89,Transit,2018.0,308.105
K2-272 b,K2-272,3.13,,14.4536756,0.1007,747.0,5397.0,0.83,0.86,Transit,2018.0,423.065
Kepler-1712 b,Kepler-1712,2.28372556,,13.81499958,0.0903,391.0,3732.0,0.509,0.515,Transit,2021.0,156.264
Kepler-1789 b,Kepler-1789,2.83137505,,80.23190308,0.3543,380.0,5436.0,0.888,0.92,Transit,2021.0,611.461
Kepler-1790 b,Kepler-1790,3.1446145,,31.58889961,0.20989,682.0,5866.0,1.367,1.02,Transit,2021.0,1070.17
Kepler-1862 b,Kepler-1862,2.203,,16.05730057,0.1199,645.0,5644.0,0.806,0.9,Transit,2021.0,1232.19
Kepler-1865 b,Kepler-1865,1.57686072,,2.524009943,0.0344,1203.0,5420.0,0.871,0.849,Transit,2021.0,922.255
K2-122 b,K2-122,1.16,,2.2193023,0.0373,769.0,4009.0,0.59,0.63,Transit,2017.0,72.0444
K2-274 b,K2-274,2.08,,14.1330314,0.0964,655.0,5044.0,0.7,0.79,Transit,2018.0,228.327
Kepler-1767 b,Kepler-1767,3.01299077,,59.65829849,0.2873,393.0,5243.0,0.831,0.887,Transit,2021.0,820.506
Kepler-1765 b,Kepler-1765,2.49508857,,10.41889954,0.0917,855.0,5692.0,1.064,0.946,Transit,2021.0,764.456
Kepler-1766 b,Kepler-1766,2.27904508,,105.0149994,0.4161,406.0,5868.0,1.042,0.915,Transit,2021.0,501.229
Kepler-1792 b,Kepler-1792,2.51990972,,4.1957798,0.0488,1047.0,5229.0,1.005,0.878,Transit,2021.0,601.029
Kepler-1090 c,Kepler-1090,3.29265785,,42.42720032,0.22622,496.0,5330.0,1.013,0.869,Transit,2021.0,858.77
Kepler-1311 d,Kepler-1311,9.65837605,,197.5110016,0.68434,391.0,5616.0,1.674,1.032,Transit,2021.0,866.331
Kepler-1761 b,Kepler-1761,1.39109603,,4.043540001,0.0413,613.0,3871.0,0.532,0.573,Transit,2021.0,221.186
Kepler-1777 b,Kepler-1777,2.13189678,,12.18420029,0.10301,819.0,5771.0,1.068,0.984,Transit,2021.0,619.146
Kepler-1794 b,Kepler-1794,1.79426276,,9.762980461,0.0821,703.0,5052.0,0.816,0.773,Transit,2021.0,561.229
Kepler-1868 b,Kepler-1868,3.14950109,,211.0339966,0.62348,215.0,4658.0,0.686,0.743,Transit,2021.0,274.18
Kepler-1872 b,Kepler-1872,2.38421141,,3.825910091,0.0465,1005.0,5223.0,0.885,0.913,Transit,2021.0,840.182
HD 22496 b,HD 22496,2.22,,5.09071,0.051,573.0,4385.0,0.674,0.684,Radial Velocity,2021.0,13.5956
Kepler-1775 b,Kepler-1775,3.64762153,,85.65399933,0.39565,522.0,5818.0,1.647,1.149,Transit,2021.0,657.023
Kepler-1772 b,Kepler-1772,2.68609988,,3.215090036,0.04391,1155.0,5541.0,0.934,0.942,Transit,2021.0,871.564
Kepler-1796 b,Kepler-1796,2.75047868,,29.4557991,0.1879,598.0,6036.0,0.949,1.018,Transit,2021.0,825.883
Kepler-1797 b,Kepler-1797,3.05774442,,23.3593998,0.1637,684.0,6244.0,1.009,1.069,Transit,2021.0,1338.49
Kepler-1714 b,Kepler-1714,3.26437302,,10.27530003,0.10549,1211.0,6150.0,2.086,1.448,Transit,2021.0,409.46
Kepler-1874 b,Kepler-1874,2.21110724,,56.57320023,0.2633,356.0,4701.0,0.775,0.758,Transit,2021.0,408.007
OGLE-2018-BLG-0962L b,OGLE-2018-BLG-0962L,13.6,425.89006538,,3.59,,,,0.54,Microlensing,2021.0,6500.0
Kepler-1774 b,Kepler-1774,3.18179549,,59.77080154,0.29496,522.0,6214.0,1.122,1.101,Transit,2021.0,816.592
Kepler-799 c,Kepler-799,2.78068551,,15.19419956,0.1214,893.0,5588.0,1.593,1.031,Transit,2021.0,1509.084
Kepler-1822 b,Kepler-1822,2.64755943,,22.13339996,0.1416,507.0,5165.0,0.702,0.782,Transit,2021.0,897.597
Kepler-1875 b,Kepler-1875,3.22686692,,34.45859909,0.2039,559.0,6161.0,0.862,0.95,Transit,2021.0,1660.45
HD 137496 b,HD 137496,1.31,4.04,1.62116,0.02732,2130.0,5799.0,1.59,1.04,Transit,2021.0,155.317
Kepler-1824 b,Kepler-1824,2.38127597,,95.61100006,0.4267,421.0,6002.0,1.081,1.135,Transit,2021.0,1040.1
Kepler-1825 b,Kepler-1825,1.42200732,,1.025869966,0.0187,1520.0,5123.0,0.847,0.828,Transit,2021.0,430.254
Kepler-1826 b,Kepler-1826,1.47519116,,1.615360022,0.0213,806.0,3821.0,0.486,0.49,Transit,2021.0,336.952
Kepler-1130 c,Kepler-1130,0.79239584,,3.266639948,0.04238,1072.0,5450.0,0.842,0.944,Transit,2021.0,249.343
KMT-2016-BLG-2605L b,KMT-2016-BLG-2605L,14.0,245.045701797,,0.681,,,,0.064,Microlensing,2021.0,6421.0
HD 137496 c,HD 137496,12.6,,479.9,1.2163,370.0,5799.0,1.59,1.04,Radial Velocity,2021.0,155.317
Kepler-1782 b,Kepler-1782,2.22927435,,5.756229877,0.05825,773.0,4931.0,0.734,0.794,Transit,2021.0,305.792
Kepler-1768 b,Kepler-1768,2.23346338,,15.13589954,0.1286,933.0,6050.0,1.572,1.24,Transit,2021.0,632.766
Kepler-1830 b,Kepler-1830,3.32992941,,56.49330139,0.31769,681.0,6160.0,2.046,1.443,Transit,2021.0,1056.88
Kepler-1881 b,Kepler-1881,2.98104391,,159.3939972,0.53325,289.0,5135.0,0.874,0.812,Transit,2021.0,1057.21
Kepler-1882 b,Kepler-1882,1.48674404,,13.78730011,0.11636,894.0,5691.0,1.458,1.068,Transit,2021.0,443.371
Kepler-1733 b,Kepler-1733,3.63582354,,9.229579926,0.0933,1021.0,6320.0,1.252,1.273,Transit,2021.0,2080.51
Kepler-1779 b,Kepler-1779,3.03295685,,16.34359932,0.1264,730.0,5730.0,1.056,1.008,Transit,2021.0,908.501
Kepler-1776 b,Kepler-1776,2.61157023,,35.01190186,0.2093,603.0,5872.0,1.153,1.041,Transit,2021.0,690.336
Kepler-1832 b,Kepler-1832,1.22719556,,3.138789892,0.037,1022.0,5242.0,0.722,0.684,Transit,2021.0,486.174
Kepler-1883 b,Kepler-1883,3.25107395,,103.427002,0.4438,416.0,6208.0,1.024,1.086,Transit,2021.0,1377.61
Kepler-1884 b,Kepler-1884,1.81406781,,8.988320351,0.0845,864.0,5984.0,0.906,0.993,Transit,2021.0,1443.09
Kepler-1737 b,Kepler-1737,5.395,,64.61750031,0.297,383.0,5043.0,0.881,0.834,Transit,2021.0,
Kepler-1739 b,Kepler-1739,2.43056832,,7.343709946,0.0697,839.0,5757.0,0.762,0.865,Transit,2021.0,783.666
Kepler-1771 b,Kepler-1771,4.05537256,,88.64399719,0.3815,391.0,5661.0,0.934,0.941,Transit,2021.0,565.752
Kepler-1799 b,Kepler-1799,4.12801189,,11.9296999,0.1028,770.0,5831.0,0.921,1.016,Transit,2021.0,2254.69
Kepler-1838 b,Kepler-1838,1.66049425,,12.14680004,0.11082,1097.0,5877.0,1.963,1.187,Transit,2021.0,451.242
TCP J05074264+2447555 b,TCP J05074264+2447555,4.72,20.0,,0.94,,5805.0,1.42487,0.586,Microlensing,2018.0,505.0
Kepler-418 c,Kepler-418,5.22108654,,12.21829987,0.10632,835.0,5822.0,1.081,0.957,Transit,2021.0,1002.53
Kepler-1750 b,Kepler-1750,6.00434637,,205.9120026,0.6785,298.0,5644.0,0.969,0.981,Transit,2021.0,1497.33
TOI-1244 b,TOI-1244,2.467,6.6,6.400316483,0.060694,714.86,4599.0,0.721,0.73,Transit,2024.0,102.551
TOI-1194 b,TOI-1194,8.71664516,120.0,2.3106446,0.034,1264.29,5394.0,0.9608,0.9835,Transit,2023.0,149.667
Kepler-1804 b,Kepler-1804,1.59615726,,12.28849983,0.1017,913.0,5109.0,1.671,0.929,Transit,2021.0,434.456
Kepler-1840 b,Kepler-1840,2.77771129,,131.1900024,0.46206,284.0,4898.0,0.803,0.774,Transit,2021.0,513.107
Kepler-1715 b,Kepler-1715,4.14042267,,35.59730148,0.22429,646.0,6212.0,1.209,1.082,Transit,2021.0,522.605
HD 25723 b,HD 25723,13.3,,457.01,1.49,,4766.0,13.76,2.12,Radial Velocity,2020.0,114.816
17 Sco b,17 Sco,12.9,,578.38,1.45,,4157.0,25.92,1.22,Radial Velocity,2020.0,124.953
Kepler-1748 b,Kepler-1748,2.71275017,,5.823520184,0.0615,955.0,5774.0,0.864,0.916,Transit,2021.0,1083.28
Kepler-1747 b,Kepler-1747,4.26508,,6.230319977,0.066,875.0,5477.0,0.865,0.983,Transit,2021.0,1321.38
Kepler-1805 b,Kepler-1805,1.54502915,,8.847940445,0.0699,479.0,3867.0,0.552,0.581,Transit,2021.0,221.639
Kepler-1742 b,Kepler-1742,2.1782413,,49.47819901,0.2587,462.0,5776.0,0.849,0.939,Transit,2021.0,669.573
Kepler-1741 b,Kepler-1741,1.273,,2.757590055,0.0296,615.0,3683.0,0.424,0.454,Transit,2021.0,270.739
Kepler-1809 b,Kepler-1809,1.513,,3.7572999,0.04444,877.0,4901.0,0.716,0.807,Transit,2021.0,409.602
Kepler-1810 b,Kepler-1810,3.91815325,,101.1330032,0.4137,380.0,5492.0,1.016,0.921,Transit,2021.0,1009.87
Kepler-1846 b,Kepler-1846,1.76378826,,14.82009983,0.11054,552.0,4825.0,0.732,0.785,Transit,2021.0,374.615
Kepler-1847 b,Kepler-1847,2.74516914,,11.12969971,0.0989,843.0,6122.0,0.964,1.041,Transit,2021.0,1693.86
K2-101 b,K2-101,2.0,,14.6762429,0.1124,618.0,4927.0,0.76,0.82,Transit,2016.0,188.33
K2-95 b,K2-95,3.31,,10.1346454,0.0525,474.0,3566.0,0.4,0.41,Transit,2016.0,179.854
Kepler-1745 b,Kepler-1745,1.92872921,,3.016190052,0.0408,1449.0,5611.0,1.4,0.995,Transit,2021.0,996.105
Kepler-1813 b,Kepler-1813,1.413,,2.818160057,0.0364,1059.0,5167.0,0.787,0.812,Transit,2021.0,
Kepler-1848 b,Kepler-1848,1.4088539,,5.604020119,0.05835,774.0,4847.0,0.737,0.756,Transit,2021.0,309.696
K2-355 b,K2-355,2.25,,5.7385647,0.0632,1066.0,5790.0,0.92,0.96,Transit,2021.0,500.497
EPIC 211822797 b,EPIC 211822797,1.92,,21.1701963,0.1195,431.0,4057.0,0.58,0.62,Transit,2016.0,186.197
Kepler-1754 b,Kepler-1754,2.43996509,,8.195949554,0.0718,672.0,4723.0,0.747,0.734,Transit,2021.0,718.945
Kepler-1753 b,Kepler-1753,2.22678077,,16.00460052,0.1179,583.0,5180.0,0.769,0.86,Transit,2021.0,707.688
Kepler-1815 b,Kepler-1815,2.7489262,,12.19139957,0.0984,763.0,5516.0,0.967,0.856,Transit,2021.0,1006.63
Kepler-1787 b,Kepler-1787,2.31898181,,39.31370163,0.227,540.0,6060.0,0.925,1.008,Transit,2021.0,778.602
Kepler-1853 b,Kepler-1853,1.51862272,,48.88819885,0.2395,386.0,4821.0,0.788,0.765,Transit,2021.0,562.348
Kepler-1854 b,Kepler-1854,2.58746104,,39.83110046,0.20894,420.0,5026.0,0.759,0.8,Transit,2021.0,423.348
K2-357 b,K2-357,3.72,,16.3488637,0.145,735.0,5794.0,1.0,0.98,Transit,2021.0,517.687
K2-356 b,K2-356,2.29,,21.0267366,0.1599,624.0,5568.0,0.86,0.9,Transit,2021.0,355.54
Kepler-1755 b,Kepler-1755,5.91688317,,24.81209946,0.1668,631.0,6086.0,0.921,1.003,Transit,2021.0,982.383
Kepler-1757 b,Kepler-1757,2.94660251,,19.65640068,0.1335,549.0,5288.0,0.74,0.828,Transit,2021.0,807.308
Kepler-1817 b,Kepler-1817,2.27349126,,44.29919815,0.2348,463.0,5316.0,0.915,0.878,Transit,2021.0,748.569
Kepler-1818 b,Kepler-1818,1.71360684,,4.644909859,0.055,1209.0,6047.0,1.129,1.021,Transit,2021.0,1034.59
Kepler-1857 b,Kepler-1857,1.96065412,,8.94340992,0.08308,946.0,6074.0,1.005,0.873,Transit,2021.0,853.275
K2-184 b,K2-184,1.47,,16.9780102,0.1685,533.0,5245.0,0.75,0.84,Transit,2018.0,75.5857
K2-358 b,K2-358,2.68,,11.2510285,0.0863,888.0,5650.0,0.91,0.93,Transit,2021.0,480.307
Kepler-1963 b,Kepler-1963,0.74437023,,1.962260008,0.02915,1448.0,5726.0,0.979,0.915,Transit,2021.0,492.847
Kepler-1911 b,Kepler-1911,1.011,,5.990799904,0.0636,987.0,5721.0,0.972,0.954,Transit,2021.0,269.912
Kepler-1893 b,Kepler-1893,1.70557445,,4.179369926,0.0504,1194.0,5633.0,1.162,0.973,Transit,2021.0,1050.72
Kepler-1964 b,Kepler-1964,1.7810587,,2.440829992,0.0322,986.0,4803.0,0.698,0.752,Transit,2021.0,
KOI-4777.01,KOI-4777,0.51,99.2,0.412,0.008,1180.0,3515.0,0.4,0.41,Transit,2022.0,172.245
Kepler-1897 b,Kepler-1897,2.81407954,,24.22030067,0.1546,505.0,5165.0,0.761,0.859,Transit,2021.0,983.174
Kepler-1898 b,Kepler-1898,0.93353523,,4.765620232,0.05063,1167.0,5702.0,1.125,0.837,Transit,2021.0,360.921
Kepler-1967 b,Kepler-1967,0.73022577,,7.281690121,0.06686,1086.0,4970.0,1.806,0.996,Transit,2021.0,249.102
TOI-871 b,TOI-871,1.664,,14.362565,0.1054,621.0,4929.0,0.719,0.758,Transit,2024.0,68.0473
TOI-1836 b,TOI-1836,8.00321222,38.457237247,20.380799,0.1597,966.0,6380.0,1.577,1.307,Transit,2024.0,191.649
Kepler-1913 b,Kepler-1913,1.51852059,,14.1960001,0.1209,818.0,6214.0,1.076,1.169,Transit,2021.0,876.3
TOI-2196 b,TOI-2196,3.51,26.0,1.1947268,0.02234,1860.0,5634.0,1.043,1.032,Transit,2022.0,259.947
Kepler-1906 b,Kepler-1906,2.77615754,,7.362689972,0.0738,901.0,5868.0,0.894,0.987,Transit,2021.0,1360.63
Kepler-1907 b,Kepler-1907,0.86973029,,5.652450085,0.05444,856.0,5159.0,0.8,0.752,Transit,2021.0,292.111
Kepler-1916 b,Kepler-1916,2.61757235,,31.25429916,0.2053,635.0,6246.0,1.092,1.18,Transit,2021.0,2055.82
TOI-2876 b,TOI-2876,9.6397234,54.03082919,6.2996431,0.0654,929.0,5271.0,0.873,0.939,Transit,2025.0,225.744
HIP 34222 b,HIP 34222,13.9,,159.986,0.492,,4050.0,0.6186,0.62,Radial Velocity,2021.0,22.8386
Kepler-1910 b,Kepler-1910,1.184,,5.688769817,0.0536,645.0,4234.0,0.639,0.636,Transit,2021.0,
Kepler-1717 b,Kepler-1717,2.98929758,,30.65279961,0.2014,780.0,6200.0,1.64,1.158,Transit,2021.0,1008.79
Kepler-1919 b,Kepler-1919,2.62390658,,37.88660049,0.2107,479.0,5513.0,0.818,0.868,Transit,2021.0,1177.53
Kepler-1918 b,Kepler-1918,2.29763023,,47.0564003,0.2524,497.0,5889.0,0.924,0.967,Transit,2021.0,1030.11
Kepler-1920 b,Kepler-1920,2.95415848,,30.2541008,0.2043,660.0,6277.0,1.161,1.239,Transit,2021.0,885.913
HIP 86221 b,HIP 86221,14.0,,2.224,0.031,,,,0.79,Radial Velocity,2021.0,29.4898
TOI-913 b,TOI-913,2.4528,,11.098644,,712.01,4969.0,0.7325,0.82,Transit,2023.0,65.1769
KMT-2021-BLG-0912L b,KMT-2021-BLG-0912L,1.49,2.81,,3.14,,,,0.8,Microlensing,2022.0,5560.0
Kepler-589 c,Kepler-589,1.11727238,,3.52466011,0.0426,1098.0,5372.0,0.916,0.832,Transit,2021.0,612.803
Kepler-1922 b,Kepler-1922,2.29064904,,13.22259998,0.1077,740.0,5931.0,0.863,0.953,Transit,2021.0,1344.29
TOI-2211.01,TOI-2211,1.561,,3.092686757,0.04011,1056.92,5253.0,0.834,0.9,Transit,2024.0,70.2932
Kepler-1936 b,Kepler-1936,3.16615594,,126.5569992,0.52662,524.0,6501.0,1.854,1.419,Transit,2021.0,871.096
Kepler-1937 b,Kepler-1937,3.0229133,,9.688599586,0.0915,1014.0,6457.0,1.196,1.19,Transit,2021.0,905.069
Kepler-1927 b,Kepler-1927,3.40627075,,73.75039673,0.38733,677.0,6056.0,2.481,1.408,Transit,2021.0,1091.0
Kepler-1938 b,Kepler-1938,1.82828927,,13.06260014,0.0938,527.0,4522.0,0.655,0.646,Transit,2021.0,421.152
Kepler-1939 b,Kepler-1939,1.16480773,,2.790659904,0.0334,816.0,4353.0,0.603,0.648,Transit,2021.0,189.833
Kepler-1940 b,Kepler-1940,1.54732469,,4.950610161,0.0525,885.0,5431.0,0.717,0.802,Transit,2021.0,798.595
Kepler-1722 b,Kepler-1722,2.86719266,,9.178569794,0.0819,753.0,5506.0,0.788,0.876,Transit,2021.0,772.283
TOI-286 b,TOI-286,1.42,4.53,4.5117244,0.0503,979.0,5152.0,0.78,0.832,Transit,2024.0,59.2293
Kepler-1942 b,Kepler-1942,2.1170287,,4.626049995,0.0516,1012.0,5834.0,0.797,0.852,Transit,2021.0,842.492
Kepler-1944 b,Kepler-1944,2.75971163,,9.842579842,0.0918,801.0,5585.0,0.972,1.064,Transit,2021.0,1076.48
Kepler-1930 b,Kepler-1930,1.52955541,,13.02680016,0.10233,643.0,5083.0,0.844,0.844,Transit,2021.0,275.694
Kepler-1266 c,Kepler-1266,1.68023962,,4.86631012,0.0506,881.0,4996.0,0.831,0.791,Transit,2021.0,849.312
Kepler-1945 b,Kepler-1945,1.289,,6.080039978,0.0597,808.0,4991.0,0.804,0.767,Transit,2021.0,
Kepler-529 d,Kepler-529,2.79502603,,35.86619949,0.2134,633.0,6078.0,1.189,1.005,Transit,2021.0,799.008
YZ Cet b,YZ Cet,0.913,,2.02087,0.01634,471.2,3151.0,0.157,0.142,Radial Velocity,2017.0,3.71207
YZ Cet c,YZ Cet,1.05,,3.05989,0.02156,410.3,3151.0,0.157,0.142,Radial Velocity,2017.0,3.71207
Kepler-913 c,Kepler-913,3.8580709,,5.939119816,0.0699,1357.0,6068.0,1.797,1.294,Transit,2021.0,991.618
Kepler-1719 b,Kepler-1719,3.95000623,,6.149559975,0.06868,1287.0,5687.0,1.775,1.08,Transit,2021.0,905.406
Kepler-1926 b,Kepler-1926,2.31495961,,42.87770081,0.2197,451.0,5256.0,0.832,0.768,Transit,2021.0,667.405
Kepler-1718 b,Kepler-1718,2.5685207,,135.1880035,0.48418,345.0,5731.0,0.906,0.846,Transit,2021.0,375.522
Kepler-501 c,Kepler-501,1.68119739,,3.622760057,0.0467,1304.0,5794.0,1.216,1.032,Transit,2021.0,1125.24
Kepler-1312 c,Kepler-1312,1.02732734,,1.116119981,0.02103,1659.0,5721.0,0.905,0.983,Transit,2021.0,299.104
Kepler-1950 b,Kepler-1950,1.52696349,,10.77690029,0.0871,752.0,5455.0,0.852,0.759,Transit,2021.0,697.253
Kepler-1951 b,Kepler-1951,2.32107188,,20.65780067,0.1435,728.0,5468.0,1.306,0.923,Transit,2021.0,1277.32
Kepler-607 c,Kepler-607,2.76001201,,39.67679977,0.21507,473.0,5244.0,0.888,0.808,Transit,2021.0,519.122
Kepler-1721 b,Kepler-1721,3.11856756,,4.592380047,0.0519,924.0,5351.0,0.796,0.89,Transit,2021.0,641.374
TOI-1347 c,TOI-1347,1.6,6.4,4.841962,0.0546,1000.0,5464.0,0.83,0.913,Transit,2024.0,147.476
Kepler-1315 c,Kepler-1315,1.84398883,,6.566060066,0.0635,777.0,4818.0,0.856,0.809,Transit,2021.0,480.869
Kepler-1728 b,Kepler-1728,2.95501875,,4.782999992,0.0535,886.0,5170.0,0.807,0.891,Transit,2021.0,651.783
Kepler-1705 c,Kepler-1705,2.05,5.42,11.28,,,6312.0,1.259,1.139,Transit,2021.0,1633.49
Kepler-1322 c,Kepler-1322,2.15492527,,6.459980011,0.0652,883.0,5704.0,0.804,0.897,Transit,2021.0,1350.32
Kepler-1693 c,Kepler-1693,0.97698289,,5.363709927,0.0588,1059.0,5553.0,1.098,0.941,Transit,2021.0,760.065
Kepler-1956 b,Kepler-1956,1.08940238,,5.943719864,0.0563,674.0,4391.0,0.682,0.671,Transit,2021.0,360.468
Kepler-1957 b,Kepler-1957,0.94374867,,2.186619997,0.0299,1099.0,4904.0,0.772,0.745,Transit,2021.0,460.899
Kepler-1711 b,Kepler-1711,1.923,,21.06080055,0.1463,669.0,5706.0,1.034,0.94,Transit,2021.0,590.268
Kepler-1888 b,Kepler-1888,1.32578716,,11.39169979,0.0956,886.0,5557.0,1.249,0.897,Transit,2021.0,402.947
Kepler-1959 b,Kepler-1959,1.14315727,,6.38669014,0.0617,811.0,5071.0,0.811,0.768,Transit,2021.0,479.263
OGLE-2018-BLG-0532L b,OGLE-2018-BLG-0532L,2.37,6.228,,1.064,,,,0.195,Microlensing,2020.0,773.0
b Cen AB b,b Cen A,12.4,3464.3296363,1790000.0,556.0,,,,5.5,Imaging,2021.0,98.0935
Kepler-1890 b,Kepler-1890,0.86867375,,4.820590019,0.05712,1328.0,6046.0,1.396,1.024,Transit,2021.0,529.596
Kepler-1892 b,Kepler-1892,1.83707938,,6.331230164,0.0633,822.0,5383.0,0.759,0.851,Transit,2021.0,851.595
K2-317 b,K2-317,2.93,,6.22,0.0542,432.0,3387.0,0.379,0.403,Transit,2020.0,176.291
TOI-1467 b,TOI-1467,1.92,9.0,5.97114713,0.050748,506.07,3834.0,0.491,0.489,Transit,2024.0,37.4418
TOI-1438 c,TOI-1438,2.75,10.6,9.428089,0.083,794.0,5230.0,0.82,0.876,Transit,2025.0,110.513
K2-319 b,K2-319,2.79,,26.68,0.1516,641.0,5440.0,0.898,0.954,Transit,2020.0,209.071
HD 174205 b,HD 174205,13.0,,582.0,1.7,,4308.0,26.6,1.8,Radial Velocity,2022.0,234.027
K2-322 b,K2-322,1.92,,8.205,0.0594,635.0,4141.0,0.602,0.63,Transit,2020.0,123.415
HD 106252 b,HD 106252,12.5,3178.28407,1535.0,2.655,,5874.0,1.05,1.05,Radial Velocity,2002.0,38.185
KELT-14 b,KELT-14,19.537287,408.09372,1.7100566,0.03005,1970.0,5720.0,1.52,1.239,Transit,2016.0,250.121
K2-324 b,K2-324,2.43,,3.262,0.0331,707.0,3752.0,0.505,0.517,Transit,2020.0,136.667
HD 171238 b,HD 171238,12.5,2796.8899816,1515.0,2.518,,5467.0,1.01,0.92,Radial Velocity,2009.0,44.8113
HD 81040 b,HD 81040,12.6,2301.07766668,1002.7,1.946,,5755.0,0.91,0.99,Radial Velocity,2005.0,34.4341
Kepler-167 e,Kepler-167,10.16,321.00669107,1071.23205,1.883,134.4,4884.0,0.749,0.777,Transit,2016.0,341.908
K2-326 b,K2-326,2.28,,1.256,0.0198,1114.0,3924.0,0.688,0.507,Transit,2020.0,282.308
TOI-2010 b,TOI-2010,11.81426566,408.727331402,141.834025,0.5516,400.2,5929.0,1.079,1.112,Transit,2023.0,109.19
HD 29021 b,HD 29021,12.9,1420.69297929,1365.0,2.294,,5560.0,0.85,0.86,Radial Velocity,2017.0,30.9939
TOI-2345 b,TOI-2345,1.504,3.49,1.0528573,0.01705,1478.0,4687.0,0.729,0.727,Transit,2025.0,81.6541
HD 83443 b,HD 83443,14.1,,2.985628,0.0406,,5442.0,0.94,1.0,Radial Velocity,2002.0,40.8991
Kepler-1669 c,Kepler-1669,1.90120972,,1.609320045,0.0228,958.0,4224.0,0.603,0.609,Transit,2021.0,543.444
TOI-2981 b,TOI-2981,13.4,638.0,3.601501,0.048,1358.0,5940.0,1.08,1.03,Transit,2024.0,527.789
HD 83443 c,HD 83443,13.6,476.7426105,8241.0,8.0,,5442.0,0.94,1.0,Radial Velocity,2022.0,40.8991
DE CVn b,DE CVn,12.4,,4098.1,5.75,,3579.0,0.424754,0.51,Eclipse Timing Variations,2018.0,30.5225
TOI-270 c,TOI-270,2.33,6.2,5.66051,0.04526,489.0,3506.0,0.38,0.386,Transit,2019.0,22.4793
GJ 357 b,GJ 357,1.2,1.83,3.9306,0.036,518.0,3505.0,0.337,0.342,Transit,2019.0,9.44181
kap And b,kap And,15.91675259,5498.4314411,,55.0,1791.0,11327.0,2.109,2.768,Imaging,2012.0,50.0177
LTT 3780 c,LTT 3780,2.39,8.04,12.252284,0.0757,359.0,3358.0,0.38,0.381,Transit,2020.0,21.9814
TOI-5624 d,TOI-5624,3.584,4.9,13.731468,0.1067,712.6,5327.0,0.82,0.858,Transit,2026.0,101.913
TOI-5624 c,TOI-5624,2.474,4.8,7.885385,0.07374,857.0,5327.0,0.82,0.858,Transit,2026.0,101.913
Kepler-1991 c,Kepler-1991,2.57,,22.79020351,0.1528,634.0,5478.0,1.053,0.914,Transit,2023.0,855.82
HD 109833 b,HD 109833,2.888,,9.188526,,786.0,5881.0,1.0,1.08,Transit,2022.0,79.5561
TOI-1691 b,TOI-1691,3.66,14.6,16.736888935,0.129365,703.49,5759.0,1.0,1.03,Transit,2024.0,111.445
TOI-5293 A b,TOI-5293 A,11.9,170.4,2.930289,0.034,675.0,3586.0,0.52,0.54,Transit,2023.0,162.229
TOI-1518 b,TOI-1518,21.05046575,581.62598481,1.90261131,0.03712,2546.0,7299.0,1.942,1.88,Transit,2021.0,225.888
55 Cnc c,55 Cnc,8.51,54.4738,44.3936,0.247,,5198.0,0.98,1.015,Radial Velocity,2004.0,12.5855
HD 12661 c,HD 12661,13.2,899.45439181,1708.0,2.8145,,5748.0,1.11,1.02,Radial Velocity,2002.0,37.8478
2MASS J19383260+4603591 b,2MASS J19383260+4603591,13.4,603.877,406.0,0.92,,29564.0,0.203,0.48,Eclipse Timing Variations,2015.0,396.332
Kepler-451 d,2MASS J19383260+4603591,13.5,,43.0,,,29564.0,0.203,0.48,Eclipse Timing Variations,2022.0,396.332
OGLE-2014-BLG-0676L b,OGLE-2014-BLG-0676L,13.0,1169.60853776,,4.53,,,,0.73,Microlensing,2016.0,2670.0
TOI-1859 b,TOI-1859,9.75181321,,63.48347,0.337,615.0,6341.0,1.36,1.287,Transit,2023.0,224.385
HD 103891 b,HD 103891,13.2,918.52409623,1919.0,3.27,,6072.0,2.22,1.28,Radial Velocity,2022.0,55.5213
KOI-984 c,KOI-984,14.1,209.8,21.512,0.1467,597.0,5295.0,0.818,0.928,Transit Timing Variations,2022.0,252.667
HD 7924 d,HD 7924,,1568.165360138,24.451,0.1551,499.0,5075.0,0.7821,0.832,Radial Velocity,2015.0,16.9922
GJ 4274 b,GJ 4274,1.53,,1.6339,0.0153,,3228.0,0.19,0.18,Radial Velocity,2026.0,7.23556
HD 81688 b,HD 81688,13.5,,183.93,0.648,,4797.0,11.13,1.07,Radial Velocity,2007.0,85.7183
HIP 41378 c,HIP 41378,2.505,6.53,31.70838,0.2093,765.87,6371.0,1.306,1.245,Transit,2016.0,106.289
TOI-2969 b,TOI-2969,12.32987877,368.68095212,1.8237146,0.0261,1186.0,4738.0,0.7,0.71,Transit,2025.0,163.996
HD 142 A d,HD 142,10.9,,108.45299,0.474,,6245.0,1.47,1.21,Radial Velocity,2022.0,26.1853
HD 144899 b,HD 144899,4.77,,40.43914,0.242,,6126.0,1.64802,1.16,Radial Velocity,2022.0,115.665
GJ 2030 c,GJ 2030,12.3,4069.157094821,25533.11353,16.761,,5485.0,2.24104,0.96,Radial Velocity,2022.0,37.0788
HD 125612 c,HD 125612,4.07,,4.15466,0.051,,5900.0,1.07,1.05,Radial Velocity,2009.0,57.6207
HD 219828 c,HD 219828,12.2,5102.417245978,4789.87297,5.657,,5891.0,1.56,1.04,Radial Velocity,2016.0,73.114
HD 214823 b,HD 214823,12.1,5914.78665427,1854.84424,3.08,,6215.0,2.04,1.115,Radial Velocity,2016.0,101.368
GJ 676 A c,GJ 676 A,12.3,4288.140867244,13921.42302,9.726,,3734.0,0.69,0.626,Radial Velocity,2016.0,16.0272
HD 149806 b,HD 149806,12.3,4003.684442979,16521.52778,12.404,,5352.05,0.89,0.93,Radial Velocity,2022.0,20.2727
GJ 9714 b,GJ 9714,12.5,2988.540511021,19240.75467,12.319,,4263.0,0.662662,0.67,Radial Velocity,2022.0,20.5121
HD 142 b,HD 142,12.7,2256.5816897,351.43394,1.039,,6245.0,1.47,1.21,Radial Velocity,2001.0,26.1853
HD 139357 b,HD 139357,12.1,6315.568275497,1124.79139,2.949,,4700.0,11.47,2.69,Radial Velocity,2008.0,112.09
HD 224538 b,HD 224538,12.7,2075.737326117,1202.05199,2.375,,6097.0,1.54,1.23,Radial Velocity,2016.0,79.0608
HD 153557 d,HD 153557,11.9,8725.661085778,40654.64809,21.449,,4837.0,0.745171,0.79,Radial Velocity,2022.0,17.9412
HD 115404 A b,HD 115404 A,6.09,,10.49488,0.088,,5019.17,0.727007,0.83,Radial Velocity,2022.0,10.9816
HIP 67537 b,HIP 67537,12.3,4309.117542106,2523.64713,4.807,,4985.0,8.69,2.316,Radial Velocity,2017.0,116.046
HD 30177 c,HD 30177,12.7,1954.64470305,12085.45186,10.258,,5580.0,1.019,0.98,Radial Velocity,2016.0,55.5867
HD 156098 b,HD 156098,4.12,,21.85849,0.167,,6419.19,2.75716,1.29,Radial Velocity,2022.0,48.249
HD 12235 c,HD 12235,12.5,3135.695063462,36336.70679,22.21,,5986.0,1.80185,1.1,Radial Velocity,2022.0,31.7627
HD 203387 b,HD 203387,13.1,,512.5352,1.771,,5174.32,10.5852,2.817,Radial Velocity,2022.0,61.7477
HD 156098 c,HD 156098,12.8,1661.606911796,7841.5839,8.415,,6419.19,2.75716,1.29,Radial Velocity,2022.0,48.249
HIP 35965 b,HIP 35965,12.6,2589.983688643,26125.56497,15.898,,4836.0,0.697551,0.78,Radial Velocity,2022.0,50.1677
HD 203387 c,HD 203387,12.6,2378.945626395,2481.07227,5.067,,5174.32,10.5852,2.817,Radial Velocity,2022.0,61.7477
bet Pic c,bet Pic,12.5,3222.462218573,1192.77951,2.68,1250.0,8038.68,1.54416,1.795,Radial Velocity,2019.0,19.7442
HD 25015 b,HD 25015,12.5,2884.928450339,6134.427,6.248,,5160.0,0.83,0.86,Radial Velocity,2019.0,37.433
GJ 229 b,GJ 229,3.97,,579.47495,1.086,,3564.0,0.46,0.509,Radial Velocity,2014.0,5.75624
HD 18143 c,HD 18143,12.5,3177.648413186,28982.41764,17.53,,5078.0,0.87,0.85,Radial Velocity,2022.0,22.5243
HD 217786 b,HD 217786,12.3,4402.559093764,1301.36009,2.446,,5966.0,1.27,1.14,Radial Velocity,2011.0,55.4847
HD 204313 c,HD 204313,4.31,,34.95875,0.211,,5767.0,1.1,1.03,Radial Velocity,2015.0,47.7945
HD 125390 b,HD 125390,11.9,8646.203984028,1757.39151,3.496,,4882.0,6.47,1.82,Radial Velocity,2019.0,153.647
HD 81817 b,HD 81817,12.0,7668.563804096,1021.20159,3.233,,4140.0,83.8,4.3,Radial Velocity,2020.0,269.126
HD 190228 b,HD 190228,12.9,1598.67688721,1143.59858,2.406,,5360.0,2.58658,1.415,Radial Velocity,2022.0,62.7146
HD 23596 b,HD 23596,12.4,3786.607640998,1535.11912,2.694,,6040.0,1.53,1.1,Radial Velocity,2003.0,52.0018
GJ 367 b,GJ 367,0.699,0.633,0.3219225,0.00709,1365.0,3522.0,0.458,0.455,Transit,2021.0,9.41263
HD 204313 e,HD 204313,12.2,4868.177710019,7325.64666,7.457,,5767.0,1.1,1.03,Radial Velocity,2022.0,47.7945
HD 30177 b,HD 30177,12.6,2670.712104021,2514.53422,3.604,,5580.0,1.019,0.98,Radial Velocity,2002.0,55.5867
HD 217958 b,HD 217958,14.2,166.542085268,2560.19774,3.758,,5930.64,1.32619,1.08,Radial Velocity,2022.0,61.7957
HD 213519 b,HD 213519,2.99,,11.12214,0.099,,5840.0,1.08287,1.05,Radial Velocity,2022.0,41.0014
HD 43197 b,HD 43197,14.2,,308.92072,0.882,,5508.0,1.0,0.96,Radial Velocity,2010.0,62.4112
HD 4113 b,HD 4113,13.5,,526.5239,1.28,,5688.0,1.077514,1.008,Radial Velocity,2007.0,41.8727
HD 95544 b,HD 95544,12.8,1913.644838547,2041.54152,3.166,156.5,5722.0,1.088,1.01,Radial Velocity,2021.0,87.8049
HD 25912 c,HD 25912,12.2,5252.750082489,26308.65619,17.848,,5920.58,0.995896,1.08,Radial Velocity,2022.0,49.1661
HD 105618 c,HD 105618,11.9,8419.592329837,77114.07158,35.731,,5671.0,1.27399,1.01,Radial Velocity,2022.0,70.0837
HD 28192 b,HD 28192,12.2,,14.23283,0.118,,5919.87,1.07094,1.08,Radial Velocity,2022.0,49.8063
HD 43197 c,HD 43197,12.6,2500.673906276,9295.9735,8.54,,5508.0,1.0,0.96,Radial Velocity,2022.0,62.4112
HD 74156 c,HD 74156,12.5,2753.983146655,2448.48726,3.678,,6068.0,1.510576,1.1,Radial Velocity,2003.0,57.603
HD 74156 b,HD 74156,13.5,,51.63564,0.28,,6068.0,1.510576,1.1,Radial Velocity,2003.0,57.603
HD 7449 b,HD 7449,12.6,2597.929398818,1270.55195,2.438,,6024.0,0.97,1.196,Radial Velocity,2011.0,38.662
HD 110537 b,HD 110537,11.9,8612.832001293,24469.67342,16.714,,5718.0,1.16626,1.02,Radial Velocity,2022.0,45.0858
HD 56957 b,HD 56957,12.8,1880.908512626,5859.08992,6.426,,5743.0,1.77793,1.03,Radial Velocity,2022.0,61.4925
HD 86264 b,HD 86264,12.5,3117.261015856,1488.79123,2.763,,6210.0,1.88,1.26,Radial Velocity,2009.0,67.8107
HD 111232 c,HD 111232,12.2,5740.934515641,26472.44623,17.25,,5512.0,0.9,0.96,Radial Velocity,2022.0,28.9571
HD 62549 b,HD 62549,12.6,2707.580199233,14306.88519,11.842,,5930.46,1.23227,1.08,Radial Velocity,2022.0,49.3305
HD 142 c,HD 142,12.4,3464.647464707,10159.64279,9.811,,6245.0,1.47,1.21,Radial Velocity,2012.0,26.1853
HD 217107 c,HD 217107,12.9,1388.91013859,5138.7,5.922,,5622.0,1.2245,1.045,Radial Velocity,2005.0,20.0619
HD 73267 c,HD 73267,12.8,1630.777556317,17071.78045,12.688,,5387.0,0.909,0.93,Radial Velocity,2022.0,50.4093
HD 219077 b,HD 219077,12.5,3057.50927534,5478.68861,5.935,,5362.0,1.91,0.92,Radial Velocity,2012.0,29.1864
HD 113337 b,HD 113337,13.1,,317.58639,1.022,,6774.0,1.5,1.41,Radial Velocity,2013.0,36.18
HD 125271 b,HD 125271,12.4,3465.600949928,14901.99295,10.817,,4703.93,0.751364,0.75,Radial Velocity,2022.0,39.3466
HD 127506 b,HD 127506,5.67,,65.78395,0.287,,4595.32,0.735766,0.73,Radial Velocity,2022.0,22.5279
HD 81817 c,HD 81817,12.0,,622.97802,2.325,,4140.0,83.8,4.3,Radial Velocity,2022.0,269.126
bet Pic b,bet Pic,18.49485,3727.809385703,8617.50952,10.018,1612.0,8038.68,1.54416,1.795,Imaging,2008.0,19.7442
HD 145934 b,HD 145934,13.4,658.540459304,2751.53433,4.89,,4823.75,6.930587,2.058,Radial Velocity,2015.0,227.881
HIP 97233 b,HIP 97233,12.1,6098.173645109,1062.26506,2.491,,5020.0,5.34,1.81,Radial Velocity,2014.0,102.275
HD 93351 b,HD 93351,1.69,,2.45946,0.035,,5408.0,0.911435,0.94,Radial Velocity,2022.0,56.163
HD 88072 b,HD 88072,12.6,2511.797900521,18538.79293,13.895,,5785.33,1.032,1.04,Radial Velocity,2022.0,35.9098
HD 93351 c,HD 93351,12.3,4154.01727949,14010.2941,11.154,,5408.0,0.911435,0.94,Radial Velocity,2022.0,56.163
HD 10697 b,HD 10697,12.8,1825.288541401,1075.3799,2.051,,5641.0,1.863076,0.99,Radial Velocity,1999.0,33.1205
MOA-2007-BLG-400L b,MOA-2007-BLG-400L,13.5,540.3082919,,5.9,34.0,,,0.69,Microlensing,2008.0,6890.0
KMT-2021-BLG-1077L b,KMT-2021-BLG-1077L,9.86,69.92224954,,1.26,,,,0.14,Microlensing,2022.0,8240.0
HD 10180 e,HD 10180,5.39,,49.748,0.2699,,5911.0,1.109,1.06,Radial Velocity,2010.0,38.9607
Wolf 1069 b,Wolf 1069,1.08,,15.564,0.0672,250.1,3158.0,0.1813,0.167,Radial Velocity,2023.0,9.58341
OGLE-2017-BLG-1691L b,OGLE-2017-BLG-1691L,3.92,14.620106722,,2.41,,,,0.45,Microlensing,2022.0,7290.0
KMT-2021-BLG-0320L b,KMT-2021-BLG-0320L,6.2,31.7828407,,1.54,,,,0.32,Microlensing,2022.0,6950.0
MOA-2020-BLG-135L b,MOA-2020-BLG-135L,3.37,11.3,,1.11,,,,0.23,Microlensing,2022.0,7900.0
TrES-2 b,TrES-2,15.24424,473.5667,2.47063,0.03568,1466.0,5850.0,1.12,1.36,Transit,2006.0,215.32
TOI-6223 b,TOI-6223,5.07,,3.855219,0.04018,714.0,3895.0,0.576,0.582,Transit,2025.0,133.122
WASP-47 d,WASP-47,3.65,15.5,9.030501,0.085,885.0,5565.0,1.156,1.058,Transit,2015.0,264.78
HD 360 b,HD 360,14.0,,273.1,0.98,,4770.0,10.86,1.69,Radial Velocity,2021.0,111.542
OGLE-2006-BLG-284L A b,OGLE-2006-BLG-284L A,14.3,144.0,,2.17,,,,0.35,Microlensing,2020.0,4000.0
KMT-2018-BLG-2602L b,KMT-2018-BLG-2602L,13.7,365.50266805,,3.81,,,,0.66,Microlensing,2022.0,4310.0
OGLE-2018-BLG-1119L b,OGLE-2018-BLG-1119L,13.9,289.22385037,,4.06,,,,0.48,Microlensing,2022.0,5760.0
WASP-65 b,WASP-65,12.464,492.62,2.3114243,0.0334,1480.0,5600.0,1.01,0.93,Transit,2013.0,273.703
HAT-P-21 b,HAT-P-21,12.44199,1547.8321,4.12448,0.05037,1367.0,5588.0,1.21,1.24,Transit,2010.0,277.278
MOA-2019-BLG-008L b,MOA-2019-BLG-008L,12.2,5720.911326,,,,,,0.9,Microlensing,2022.0,2700.0
HD 32518 b,HD 32518,13.2,,157.35,0.594,,4580.0,10.22,1.13,Radial Velocity,2009.0,122.115
KMT-2021-BLG-0909L b,KMT-2021-BLG-0909L,13.7,400.46379282,,1.75,,,,0.38,Microlensing,2023.0,6480.0
KMT-2021-BLG-2478L b,KMT-2021-BLG-2478L,13.9,286.0455663,,1.85,,,,0.2,Microlensing,2023.0,2970.0
KMT-2019-BLG-0414L b,KMT-2019-BLG-0414L,12.9,1452.47581999,,1.16,,,,0.74,Microlensing,2022.0,4410.0
KMT-2017-BLG-1194L b,KMT-2017-BLG-1194L,1.7,3.54,,1.78,,,,0.41,Microlensing,2023.0,4240.0
WASP-88 b,WASP-88,16.36514,133.4886,4.954,0.06431,1772.0,6430.0,1.8,0.94,Transit,2014.0,523.756
TIC 153919886 b,TIC 153919886,2.70601108,,2.10510492329,,,4137.16,0.591697,0.581261,Transit,2026.0,132.33
HATS-8 b,HATS-8,9.785457,43.86054,3.583893,0.04667,1324.0,5679.0,1.086,1.056,Transit,2015.0,794.637
Kepler-311 b,Kepler-311,1.7,,9.176092,0.087,960.0,5905.0,1.188,0.994,Transit,2014.0,778.654
KMT-2017-BLG-1003L b,KMT-2017-BLG-1003L,2.13,5.19,,1.38,,,,0.32,Microlensing,2023.0,7090.0
KMT-2019-BLG-1552L b,KMT-2019-BLG-1552L,13.0,1287.20504835,,2.6,,,,0.79,Microlensing,2022.0,4600.0
HD 45364 b,HD 45364,9.03,,225.79,0.6793,,5466.0,0.89,0.82,Radial Velocity,2008.0,34.354
L 363-38 b,L 363-38,2.0,,8.781,0.048,330.0,3129.0,0.274,0.21,Radial Velocity,2023.0,10.2295
WASP-56 b,WASP-56,10.53646,143.0235,4.6171,0.05614,1216.0,5600.0,0.96,0.71,Transit,2012.0,321.084
KMT-2019-BLG-2974L b,KMT-2019-BLG-2974L,11.4,88.99195396,,2.0,,,,0.47,Microlensing,2022.0,6100.0
HD 45364 c,HD 45364,14.2,,345.43,0.902,,5466.0,0.89,0.82,Radial Velocity,2008.0,34.354
KMT-2019-BLG-0253L b,KMT-2019-BLG-0253L,2.99,9.2,,3.1,,,,0.7,Microlensing,2022.0,4900.0
OGLE-2018-BLG-0506L b,OGLE-2018-BLG-0506L,4.18,16.3,,3.0,,,,0.63,Microlensing,2022.0,5600.0
TOI-5595 b,TOI-5595,4.73740402,,5.99002553853,,621.0,4417.3,0.743344,0.645,Transit,2026.0,136.955
OGLE-2018-BLG-0977L b,OGLE-2018-BLG-0977L,2.41,6.4,,2.0,,,,0.47,Microlensing,2022.0,6500.0
HAT-P-26 b,HAT-P-26,7.06167,22.2481,4.23452,0.04748,1080.0,5079.0,0.87,1.12,Transit,2010.0,141.837
KMT-2021-BLG-1391L b,KMT-2021-BLG-1391L,1.97,4.55,,2.29,,,,0.37,Microlensing,2022.0,5720.0
KMT-2021-BLG-1253L b,KMT-2021-BLG-1253L,4.59,19.05,,1.52,,,,0.24,Microlensing,2022.0,6640.0
WISE J033605.05-014350.4 b,WISE J033605.05-014350.4,12.6,2622.08435775,2560.0,0.97,325.0,415.0,,0.0131,Imaging,2023.0,
OGLE-2018-BLG-1367L b,OGLE-2018-BLG-1367L,13.8,301.93698665,,1.21,,,,0.28,Microlensing,2022.0,5370.0
HAT-P-28 b,HAT-P-28,13.585,198.953,3.257215,0.0434,1384.0,5680.0,1.103,1.025,Transit,2011.0,401.319
MOA-2022-BLG-249L b,MOA-2022-BLG-249L,2.04,4.83,,1.63,,,,0.18,Microlensing,2023.0,2000.0
HAT-P-16 b,HAT-P-16,14.68376472,1341.56043,2.77596727,0.0413,1566.0,6140.0,1.158,1.218,Transit,2010.0,226.637
HAT-P-13 c,HAT-P-13,12.3,,446.27,1.258,340.0,5653.0,1.756,1.32,Radial Velocity,2009.0,246.81
OGLE-2018-BLG-1212L b,OGLE-2018-BLG-1212L,9.32,63.5656814,,1.68,,,,0.16,Microlensing,2022.0,1550.0
K2-2016-BLG-0005L b,K2-2016-BLG-0005L,13.7,349.6112477,4700.0,4.16,,,,0.584,Microlensing,2023.0,5200.0
HN Lib b,HN Lib,2.2,,36.116,0.1417,234.4,3347.0,0.299,0.291,Radial Velocity,2023.0,6.24442
WASP-64 b,WASP-64,14.247,403.945,1.5732918,0.02648,1689.0,5400.0,1.058,1.004,Transit,2012.0,369.926
TOI-3486 b,TOI-3486,10.5700688,99.162462984,2.21778105,0.03138,1190.0,4930.0,0.788,0.837,Transit,2025.0,154.715
TrES-4 b,TrES-4,18.04649,247.9074,3.55395,0.05084,1778.0,6200.0,1.66,1.08,Transit,2007.0,515.98
HAT-P-20 b,HAT-P-20,9.718,2302.899,2.875317,0.0361,970.0,4595.0,0.694,0.756,Transit,2010.0,71.0374
WASP-35 b,WASP-35,14.5717,225.6593,3.16158,0.04317,1338.29,5990.0,1.08,1.05,Transit,2011.0,202.218
KMT-2021-BLG-2010L b,KMT-2021-BLG-2010L,13.8,340.07639549,,1.79,,,,0.37,Microlensing,2023.0,7090.0
KMT-2019-BLG-1216L b,KMT-2019-BLG-1216L,5.98,29.875870258,,2.44,,,,0.39,Microlensing,2023.0,2740.0
HD 66428 b,HD 66428,12.4,3478.949743022,2269.81726,3.395,,5716.0,1.13,1.01,Radial Velocity,2005.0,53.2817
OGLE-2019-BLG-0249L b,OGLE-2019-BLG-0249L,12.7,2262.93825784,,1.84,,,,0.91,Microlensing,2023.0,6370.0
TOI-3593 b,TOI-3593,11.02963701,565.73456446,3.8212867,0.0481,1170.0,5550.0,0.918,1.015,Transit,2025.0,226.63
HAT-P-3 b,HAT-P-3,10.53646,206.5895,2.8997,0.03866,1189.0,5185.0,0.87,1.06,Transit,2007.0,134.554
HD 108236 b,HD 108236,1.615,,3.795963,0.04527,1099.0,5660.0,0.877,0.869,Transit,2020.0,64.5978
VHS J125601.92-125723.9 b,VHS J125601.92-125723.9,13.67495645,5085.254512,5800000.0,350.0,1194.0,2620.0,,0.07,Imaging,2015.0,12.7
HD 68988 b,HD 68988,13.4,,6.27711,0.07,,5932.0,1.19,1.28,Radial Velocity,2001.0,60.8447
KMT-2024-BLG-1281L b,KMT-2024-BLG-1281L,4.59,19.06970442,,1.96,,,,0.32,Microlensing,2025.0,7180.0
CFHTWIR-Oph 98 b,CFHTWIR-Oph 98 A,20.8487041,2479.0615746,8040000.0,200.0,1800.0,2320.0,0.245,0.0147,Imaging,2020.0,
Kepler-896 c,Kepler-896,3.15,,29.5422566,0.1792,515.0,5510.0,0.803,0.877,Transit,2023.0,2334.93
HATS-3 b,HATS-3,15.48,340.382,3.547851,0.0485,1648.0,6351.0,1.404,1.209,Transit,2013.0,411.211
K2-417 b,K2-417,3.31,699.2224954,6.535,0.063,558.0,3861.0,0.5776,0.569,Transit,2023.0,94.0424
K2-18 c,K2-18,2.65,,8.962,0.06,363.0,3457.0,0.411,0.359,Radial Velocity,2017.0,38.0266
K2-253 b,K2-253,12.67,,4.00167,0.0506,1238.0,6027.0,1.1,1.08,Transit,2018.0,876.565
Kepler-491 b,Kepler-491,8.92,,4.225384512,0.05191,1111.0,5582.0,1.03,1.04,Transit,2016.0,630.785
HATS-36 b,HATS-36,12.92,1022.14128,4.175186,0.0523,1203.0,5950.0,1.1,1.1,Transit,2018.0,856.436
K2-216 b,K2-216,1.75,8.0,2.1748,0.028,1103.0,4503.0,0.72,0.7,Transit,2018.0,115.461
NN Ser d,NN Ser,13.3,724.622,2880.0,3.39,,57000.0,,0.535,Eclipse Timing Variations,2010.0,515.818
Kepler-471 b,Kepler-471,14.96,,5.014234575,0.0626,1308.0,6733.0,1.8,1.49,Transit,2016.0,1249.41
TOI-3884 b,TOI-3884,6.43,32.59,4.5445828,0.0361,441.0,3180.0,0.302,0.298,Transit,2022.0,43.1448
Kepler-289 d,Kepler-289,3.03,5.33,66.0282,0.33,,5990.0,1.0,1.08,Transit,2014.0,704.438
KELT-8 b,KELT-8,18.15858,209.7678,3.24406,0.0455,1675.0,5754.0,1.46,0.81,Transit,2015.0,197.572
WASP-174 b,WASP-174,16.10730527,104.88337431,4.2337005,0.05503,1528.0,6399.0,1.347,1.24,Transit,2018.0,410.149
Teegarden's Star d,Teegarden's Star,0.954,,26.13,0.0791,159.0,3034.0,0.12,0.097,Radial Velocity,2024.0,3.83078
TOI-7149 b,TOI-7149,13.2,224.0,2.65206166,0.02603,593.0,3363.0,0.351,0.344,Transit,2025.0,126.126
TOI-5789 c,TOI-5789,2.86,5.0,12.927748,0.1009,718.0,5185.0,0.833,0.821,Transit,,20.4581
KMT-2021-BLG-1150L b,KMT-2021-BLG-1150L,13.9,279.68899816,,4.5,,,,0.73,Microlensing,2023.0,3800.0
Luhman 16 b,Luhman 16 A,11.9,9344.1551658,9697.0,3.52,,,,0.0338,Imaging,2017.0,
TOI-5726.01,TOI-5726,2.554,,5.491125215,0.062186,1093.03,5874.0,1.106,1.06,Transit,2024.0,108.848
TOI-5736 b,TOI-5736,1.56,,0.64899,,1311.0,3949.0,0.58,0.57,Transit,2025.0,92.3604
Kepler-849 b,Kepler-849,8.08167508,298.75870258,394.62508,1.137,362.7,5950.0,1.822,1.259,Transit,2016.0,822.134
NGTS-25 b,NGTS-25,11.46678726,203.092352073,2.823093,0.0388,1101.0,5321.0,0.86,0.91,Transit,2022.0,521.233
BD-210397 c,BD-210397,12.9,1525.5763536,6240.0,5.9,,4051.0,0.747,0.69,Radial Velocity,2023.0,23.7324
KMT-2018-BLG-0885L b,KMT-2018-BLG-0885L,11.9,9217.023803,,1.07,,,,0.29,Microlensing,2023.0,6890.0
KMT-2019-BLG-0335L b,KMT-2019-BLG-0335L,12.1,6674.396547,,1.64,,,,0.32,Microlensing,2023.0,7710.0
WASP-74 b,WASP-74,15.24424,228.8376,2.13775,0.03443,1865.0,5990.0,1.42,0.98,Transit,2015.0,149.216
Kepler-257 b,Kepler-257,2.61,,2.382667,0.034,1237.0,5180.0,1.037,0.916,Transit,2014.0,780.256
TOI-5322 b,TOI-5322,16.6117094,184.022647653,5.4233207,0.0604,1350.0,5692.0,1.462,0.998,Transit,2025.0,476.899
WASP-82 b,WASP-82,18.15858,371.8611,2.70579,0.0447,2190.0,6480.0,2.1,1.48,Transit,2015.0,275.664
KMT-2022-BLG-0371L b,KMT-2022-BLG-0371L,10.9,82.63538582,,3.02,,,,0.63,Microlensing,2023.0,7140.0
TOI-1136 g,TOI-1136,2.53,5.6,39.545,0.229,574.0,5770.0,0.968,1.022,Transit,2022.0,84.5362
GJ 9404 b,GJ 9404,3.48,,13.4586,0.0943,,3811.0,0.626041,0.62,Radial Velocity,2023.0,23.8839
TOI-1386 c,TOI-1386,10.3,,232.0,0.75,327.4,5735.0,1.0235,1.0363,Radial Velocity,2024.0,146.858
TOI-1249 b,TOI-1249,3.2710301,11.9,13.079151,0.109,726.89,5497.0,0.9785,1.0062,Transit,2024.0,139.49
TIC 434398831 b,TIC 434398831,3.51,,3.685504,0.04641,1250.0,5638.0,0.909,0.992,Transit,2025.0,217.011
TOI-6330 b,TOI-6330,10.89,3179.0,6.8500246,0.05763,495.0,3539.0,0.49,0.531,Transit,2025.0,139.042
MOA-2007-BLG-192L b,MOA-2007-BLG-192L,3.58,12.49,,2.02,,,,0.28,Microlensing,2008.0,2160.0
GJ 680 b,GJ 680,12.0,7977.4930157,17281.66514,10.138,,3563.0,0.45933,0.456,Radial Velocity,2022.0,9.67315
GJ 3473 b,GJ 3473,1.264,1.86,1.1980035,0.01589,773.0,3347.0,0.364,0.36,Transit,2020.0,27.3644
TOI-2018 b,TOI-2018,2.268,9.2,7.435583,,576.34,4174.0,0.62,0.57,Transit,2023.0,27.9956
HIP 113103 c,HIP 113103,2.4,,14.245648,0.10479,585.0,4930.0,0.742,0.761,Transit,2023.0,46.2122
BD+05 4868 A b,BD+05 4868 A,,6.2,1.271869,0.0208,1820.0,4596.0,0.69,0.7,Transit,2025.0,43.5687
HIP 111909 b,HIP 111909,13.7,,487.08,1.32,,4891.0,4.53,1.28,Radial Velocity,2025.0,88.077
TIC 147027702 b,TIC 147027702,10.92875618,346.43296363,44.40523,0.274,863.0,6410.0,2.136,1.406,Transit,2026.0,457.186
Kepler-23 c,Kepler-23,3.005,7.81,10.74,0.09501,1008.0,5828.0,1.548,1.078,Transit,2011.0,835.756
WASP-163 b,WASP-163,13.473218,594.3421,1.6096884,0.0266,1638.0,5500.0,1.015,0.97,Transit,2018.0,261.386
WASP-150 b,WASP-150,11.99363,2688.8418,5.644207,0.0694,1460.0,6218.0,1.651,1.394,Transit,2020.0,527.995
TOI-907.01,TOI-907,9.6158851,,4.5849129,0.055225481,1846.6,6272.0,2.059789,1.069357,Transit,2024.0,312.529
Kepler-57 c,Kepler-57,2.196,6.86,11.6,0.09588,671.0,5187.9,0.826,0.859,Transit,2012.0,644.14
Kepler-305 d,Kepler-305,2.76,6.2,16.74,0.12091,576.0,5090.0,0.792,0.827,Transit,2014.0,868.477
Kepler-454 d,Kepler-454,13.3,,4073.0,5.1,,5687.0,1.066,1.03,Radial Velocity,2023.0,230.869
K2-312 c,HD 80653,12.8,,921.2,1.961,,5959.0,1.22,1.18,Radial Velocity,2023.0,109.86
Kepler-28 b,Kepler-28,1.959,1.63,5.91,0.05687,585.0,4499.3,0.664,0.684,Transit,2011.0,438.359
TOI-6692 b,TOI-6692,11.67975789,197.05361234,131.125,0.512,467.0,5890.0,1.385,1.047,Transit,2026.0,312.903
TOI-3321 b,TOI-3321,15.55806521,176.076937478,3.6525145,0.047,1616.0,5850.0,1.549,1.041,Transit,2024.0,285.895
TOI-4156 c,TOI-4156,2.92303762,,12.82282706375,,809.32,5971.64,1.03963,1.1,Transit,2026.0,213.719
Kepler-28 c,Kepler-28,1.857,2.06,8.99,0.07519,509.0,4499.3,0.664,0.684,Transit,2011.0,438.359
HD 332231 b,HD 332231,9.07303305,74.1,18.712024,0.145,798.3,6128.0,1.266,1.1642,Transit,2020.0,80.6665
Kepler-1996 c,Kepler-1996,2.81,,92.7297248,0.3608,276.0,4580.0,0.675,0.748,Transit,2023.0,440.561
NGTS-26 b,NGTS-26,14.88552637,92.805894844,4.5199279,0.049,1331.0,5550.0,1.16,0.96,Transit,2024.0,1093.69
HD 11506 b,HD 11506,12.9,1551.00262616,1617.7,2.885,,6123.0,1.24,1.22,Radial Velocity,2007.0,51.261
TOI-5398 c,TOI-5398,3.52,11.8,4.77271,0.057,1242.0,6000.0,1.051,1.146,Transit,2023.0,130.855
Kepler-2000 b,Kepler-2000,2.73,,6.383159135,0.0562,530.0,3757.0,0.576,0.581,Transit,2023.0,320.588
2MASS J11550485-7919108 b,2MASS J11550485-7919108,12.1,6356.56814,,587.0,2506.0,3021.0,0.600455,0.58846,Imaging,2024.0,100.862
TOI-6016 b,TOI-6016,13.67495645,371.85923619,4.023687,0.055,1890.0,6110.0,1.51,1.31,Transit,2024.0,364.715
HAT-P-52 b,HAT-P-52,11.309881,259.98494,2.7535953,0.03694,1218.0,5131.0,0.893,0.887,Transit,2015.0,361.155
G 196-3 b,G 196-3,12.0,8263.538582,,350.0,1670.0,3517.0,0.522432,0.519782,Imaging,2024.0,21.7912
TIC 365102760 b,TIC 365102760,6.21,19.2,4.21285367,0.0622,,4900.0,3.13,1.17,Transit,2024.0,555.546
OGLE-2023-BLG-0836L b,OGLE-2023-BLG-0836L,12.9,1385.73185452,,3.7,,,,0.71,Microlensing,2024.0,5120.0
GJ 338 B b,GJ 338 B,3.25,,24.422,0.142,391.0,4014.0,0.58,0.64,Radial Velocity,2020.0,6.33256
HAT-P-60 b,HAT-P-60,18.28184752,182.433505618,4.7947813,0.06277,1772.0,6212.0,2.197,1.435,Transit,2021.0,233.22
HD 48265 c,HD 48265,12.9,1414.33641115,10418.0,10.4,,5805.0,2.05,1.38,Radial Velocity,2026.0,90.5446
TOI-1294 b,TOI-1294,10.12369881,63.9,3.915292,0.051,1392.74,5718.0,1.5566,1.1578,Transit,2024.0,332.648
TOI-1669 c,TOI-1669,2.2963977,13.0,2.6800535,0.0376,1285.16,5497.0,1.0561,0.9867,Transit,2024.0,111.276
TOI-1823 b,TOI-1823,7.5406241,67.4,38.8,0.212,423.63,4927.0,0.8049,0.8414,Transit,2024.0,71.6456
TIC 139270665 c,TIC 139270665,12.9,,1010.0,2.0,200.0,5844.0,1.016,1.035,Radial Velocity,2024.0,189.875
TIC 139270665 b,TIC 139270665,7.22979255,147.154552441,23.624,0.163,703.0,5844.0,1.016,1.035,Transit,2024.0,189.875
Kepler-43 b,Kepler-43,13.663771,1026.5909,3.0240949,0.046,1620.0,6041.0,1.42,1.32,Transit,2011.0,1005.84
TOI-3364 b,TOI-3364,12.22899794,530.77343969,5.8768918,0.0675,1264.0,5706.0,1.419,1.186,Transit,2023.0,277.899
TOI-6029 b,TOI-6029,14.39233122,519.649445445,5.7987,,1484.0,6223.0,2.338,1.548,Transit,2024.0,603.119
HAT-P-69 b,HAT-P-69,18.786284,1137.8314,4.7869491,0.06555,1930.0,7394.0,1.926,1.648,Transit,2019.0,341.263
HD 48948 c,HD 48948,2.6,,38.06,0.1951,553.0,4593.0,0.679,0.686,Radial Velocity,2024.0,16.9043
KMT-2023-BLG-0416L b,KMT-2023-BLG-0416L,3.67,13.030964687,,2.96,,,,0.63,Microlensing,2024.0,5900.0
GJ 900 b,GJ 900 A,12.4,3496.112477,,12000.0,,3976.0,0.716187,1.08,Imaging,2024.0,20.8065
TOI-2580 b,TOI-2580,17.37392009,200.23189641,3.39775,0.048,2410.0,6120.0,1.81,1.33,Transit,2024.0,379.253
HD 76920 b,HD 76920,13.1,,415.891,1.091,,4664.0,8.33,1.0,Radial Velocity,2017.0,184.031
KMT-2023-BLG-1454L b,KMT-2023-BLG-1454L,14.1,200.23189641,,1.18,,,,0.17,Microlensing,2024.0,7220.0
Kepler-448 c,KOI-12,12.0,6992.26,2500.0,4.2,,6635.0,1.4,1.5,Transit Timing Variations,2017.0,399.398
TIC 77319217 b,TIC 77319217,3.10879526,,7.54830765124,,,5961.52,1.18439,1.16,Transit,2026.0,267.62
HIP 39017 b,HIP 39017,12.0,7500.7504052,31000.0,22.1,,7201.0,1.51987,1.52,Imaging,2024.0,66.3217
HIP 54515 b,HIP 54515,12.2,5625.5628039,33000.0,24.8,,8100.0,1.64915,1.9,Imaging,2026.0,82.8101
TOI-6000 b,TOI-6000,0.94,,0.448959,,1120.0,3419.0,0.38,0.37,Transit,2025.0,75.7664
TOI-1410.01,TOI-1410,3.10083009,12.5,1.21687,0.0207,1236.7,4635.0,0.7558,0.7941,Transit,2024.0,72.7512
Kepler-24 c,Kepler-24,2.514,9.99,12.33,0.10612,915.0,6028.0,1.099,1.06,Transit,2011.0,1156.81
TOI-5532 b,TOI-5532,2.52763693,,5.6539659431,,617.33,4208.45,0.662052,0.636083,Transit,2026.0,90.9985
Kepler-24 b,Kepler-24,2.348,11.14,8.14,0.08045,1050.0,6028.0,1.099,1.06,Transit,2011.0,1156.81
Kepler-725 c,Kepler-725,3.08,9.7,207.541,0.6744,268.0,5395.0,0.88,0.95,Transit Timing Variations,2025.0,758.469
TWA 7 b,TWA 7,12.7,108.06165838,,52.0,316.0,3509.0,0.917173,0.46,Imaging,2025.0,33.9958
MOA-2022-BLG-563L b,MOA-2022-BLG-563L,14.0,127.1313628,,2.15,,,,0.48,Microlensing,2024.0,6530.0
KMT-2016-BLG-2321L b,KMT-2016-BLG-2321L,13.8,301.93698665,,3.58,,,,0.73,Microlensing,2024.0,3580.0
K2-203 b,K2-203,1.26549392,,9.6952,0.0824,738.4,5026.0,0.765,0.793,Transit,2018.0,166.147
TOI-1742 b,TOI-1742,2.36507598,9.7,21.269084,0.154,694.09,5815.0,1.131,1.0861,Transit,2024.0,72.8871
Gaia22dkvL b,Gaia22dkvL,14.1,187.836588537,,1.4,,,,1.145,Microlensing,2024.0,1270.0
LP 890-9 c,LP 890-9,1.367,25.3,8.457463,0.03984,272.0,2850.0,0.1556,0.118,Transit,2022.0,32.4298
K2-208 b,K2-208,1.67462172,,4.19097,0.04878,1122.0,5500.0,0.872,0.881,Transit,2018.0,256.887
K2-225 b,K2-225,3.60929179,,15.8723,0.1409,923.0,5520.0,1.7,1.482,Transit,2018.0,357.778
rho CrB e,rho CrB,1.75,,12.904,0.1061,,5817.0,1.3617,1.0,Radial Velocity,2023.0,17.4671
WASP-168 b,WASP-168,16.8135,133.4886,4.153658,0.0519,1340.0,6000.0,1.12,1.08,Transit,2018.0,303.941
WASP-126 c,WASP-126,9.38,64.2,7.63,,,5800.0,1.27,1.12,Transit Timing Variations,2019.0,216.526
TOI-220 b,TOI-220,3.03,13.8,10.695264,0.08911,805.0,5298.0,0.858,0.825,Transit,2021.0,90.7402
TOI-7384 b,TOI-7384,3.56,,6.2340258,0.0439,378.0,3185.0,0.319,0.318,Transit,2026.0,66.7902
K2-7 b,K2-7,4.03523305,,28.6781,0.1867,786.0,5700.0,1.533,1.056,Transit,2015.0,738.553
K2-226 b,K2-226,1.53899305,,3.27109,0.04095,1187.0,5288.0,0.889,0.856,Transit,2018.0,211.265
NGTS-31 b,NGTS-31,18.04645893,355.96781584,4.162734,0.064,1410.0,5710.0,1.7,0.96,Transit,2025.0,497.376
WASP-173 A b,WASP-173 A,13.4508,1172.7927,1.38665318,0.0248,1880.0,5800.0,1.11,1.05,Transit,2018.0,232.98
TOI-1203.01,TOI-1203,2.918,7.39,25.502672,0.1632,743.6,5737.0,1.179,0.886,Transit,2021.0,64.9943
TOI-837 b,TOI-837,9.16894621,120.456966253,8.3249113,0.0888,995.3,5995.0,1.052,1.142,Transit,2020.0,142.488
WASP-47 b,WASP-47,12.86,374.0,4.159151,0.052,1275.0,5565.0,1.156,1.058,Transit,2012.0,264.78
OGLE-2017-BLG-0448L b,OGLE-2017-BLG-0448L,4.08,15.6,,5.75,,,,0.5,Microlensing,2024.0,7530.0
BD-17 63 b,BD-17 63,12.8,1639.99458012,655.57,1.34,,4714.0,0.74,0.741,Radial Velocity,2008.0,34.4603
TIC 4672985 b,TIC 4672985,11.5004142,4049.13390518,69.048,0.33,517.2,5757.0,1.15,1.01,Transit,2024.0,253.385
TOI-2803 A b,TOI-2803 A,18.11371281,309.882696825,1.96229325,0.03185,1893.0,6280.0,1.245,1.118,Transit,2023.0,494.818
K2-57 b,K2-57,2.30905002,,9.0073,0.0752,635.8,4413.0,0.671,0.699,Transit,2016.0,264.213
CoRoT-12 b,CoRoT-12,16.14,291.438,2.828042,0.04016,1442.0,5675.0,1.116,1.078,Transit,2010.0,1126.37
WASP-160 B b,WASP-160 B,12.21781,88.35674,3.7684952,0.0452,1119.0,5298.0,0.868,0.87,Transit,2018.0,288.326
TOI-132 b,TOI-132,3.42,22.4,2.1097019,0.026,1395.0,5397.0,0.9,0.97,Transit,2020.0,163.678
TOI-892 b,TOI-892,11.99363,301.9385,10.62656,0.092,1397.0,6261.0,1.39,1.28,Transit,2020.0,340.543
HD 11506 d,HD 11506,12.3,4068.2036096,26500.0,18.2,,6123.0,1.24,1.22,Radial Velocity,2022.0,51.261
HD 140901 c,HD 140901,13.4,572.0911326,14386.0,11.8,,5610.0,0.95,1.06,Radial Velocity,2022.0,15.2528
HD 16905 b,HD 16905,12.4,3591.4609991,10256.0,8.8,,4866.12,0.77494,0.85,Radial Velocity,2022.0,39.7401
HD 3167 e,HD 3167,2.83,,96.63,0.3885,374.8,5261.0,0.88,0.837,Radial Velocity,2022.0,47.2899
WASP-193 b,WASP-193,14.78464554,35.596781584,6.2463475,0.0668,1250.0,6080.0,1.213,1.018,Transit,2023.0,362.087
HD 110067 d,HD 110067,2.852,8.52,20.519617,0.1362,602.0,5266.0,0.788,0.798,Transit,2023.0,32.1585
LHS 1815 b,LHS 1815,1.088,1.58,3.814334,0.0404,617.0,3643.0,0.501,0.502,Transit,2020.0,29.8424
HD 75898 c,HD 75898,12.6,2698.36317543,6717.0,7.39,,6122.0,1.55,1.295,Radial Velocity,2024.0,78.0505
TOI-771 c,TOI-771,1.5,,7.61,0.046,365.0,3370.0,0.232,0.22,Radial Velocity,2025.0,25.2788
TIC 18942729 b,TIC 18942729,2.00021315,,0.99817838064,,,4360.11,0.825257,0.652,Transit,2026.0,115.169
Kepler-51 e,Kepler-51,2.18,5.4,264.284,,,5674.0,0.87,0.96,Transit Timing Variations,2024.0,783.831
LHS 1140 b,LHS 1140,1.73,5.6,24.73723,0.0946,226.0,3096.0,0.2159,0.1844,Transit,2017.0,14.9861
TIC 32032563 b,TIC 32032563,3.47739942,,13.83460487791,,,5567.93,1.00188,1.05,Transit,2026.0,507.858
TOI-1937 A b,TOI-1937 A,13.97759893,638.83509807,0.94667944,0.01932,2097.0,5814.0,1.08,1.072,Transit,2023.0,415.135
TOI-1739 b,TOI-1739,1.946,,8.303341406,0.073872,755.55,4814.0,0.781,0.78,Transit,2024.0,70.9819
HD 86728 b,HD 86728,3.03,,31.1515,0.1916,,5610.0,1.237,0.967,Radial Velocity,2025.0,14.9202
KMT-2022-BLG-0303L b,KMT-2022-BLG-0303L,14.2,163.045972791,,4.81,,,,0.368,Microlensing,2024.0,6570.0
KELT-6 b,KELT-6,14.5717,165.2716,7.8457,0.07939,1313.0,6102.0,1.73,1.42,Transit,2014.0,240.726
Kepler-485 b,Kepler-485,14.41,,3.243259796,0.04401,1243.0,5958.0,1.09,1.07,Transit,2016.0,1140.95
CoRoT-19 b,CoRoT-19,14.46,352.78,3.89713,0.0518,2000.0,6090.0,1.65,1.21,Transit,2011.0,790.663
Kepler-222 d,Kepler-222,3.69,,28.081912,0.18,522.0,5433.0,0.869,0.933,Transit,2014.0,758.854
TOI-1899 b,TOI-1899,11.09689089,212.94503269,29.090312,0.1525,378.0,3926.0,0.607,0.632,Transit,2020.0,128.438
GJ 9773 b,GJ 9773,14.2,,2965.0,2.921,,3528.0,0.362,0.358,Radial Velocity,2025.0,15.9211
TOI-122 b,TOI-122,2.72,,5.07803,0.0392,471.0,3403.0,0.334,0.312,Transit,2020.0,62.118
TIC 24750448 c,TIC 24750448,3.09028272,,10.14385270726,,,4545.43,0.713599,0.69,Transit,2026.0,178.146
TOI-2005 b,TOI-2005,11.99360935,2034.1018048,17.305904,0.16,1221.39,7130.0,2.02,1.59,Transit,2025.0,328.475
TOI-2236 b,TOI-2236,14.36991326,502.16888306,3.5315902,0.05009,1688.0,6248.0,1.573,1.343,Transit,2022.0,355.59
OGLE-2016-BLG-1598L b,OGLE-2016-BLG-1598L,13.6,120.77479466,,2.5,,,,0.55,Microlensing,2024.0,5910.0
OGLE-2016-BLG-1800L b,OGLE-2016-BLG-1800L,13.2,823.17557413,,1.88,,,,0.41,Microlensing,2024.0,6480.0
HAT-P-40 b,HAT-P-40,17.03768,152.5584,4.45724,0.0608,1770.0,6080.0,1.94,1.03,Transit,2012.0,464.469
K2-411 b,K2-411,0.9898,,3.2141,0.0511,,5711.0,1.375,1.018,Transit,2022.0,298.219
GJ 1289 b,GJ 1289,2.38,,111.74,0.27,150.0,3296.0,0.245012,0.21,Radial Velocity,2024.0,8.35147
TOI-1052 c,TOI-1052,6.48,,35.806,0.2263,719.0,6146.0,1.264,1.204,Radial Velocity,2023.0,129.804
GJ 367 d,GJ 367,2.33,,34.369,,,3522.0,0.458,0.455,Radial Velocity,2023.0,9.41263
HD 134606 f,HD 134606,2.24,,26.915,0.1784,,5576.0,1.158,1.046,Radial Velocity,2024.0,26.7909
Kepler-1489 c,Kepler-1489,0.51,,0.680741,,,5565.53,0.957,0.977,Transit,2024.0,1283.05
K2-157 d,K2-157,5.16,,66.5,0.309,429.1,5334.0,0.86,0.89,Radial Velocity,2025.0,298.373
HD 35843 b,HD 35843,2.29,,9.8991,0.088,,5666.0,0.897,0.94,Radial Velocity,2025.0,69.6026
K2-360 c,EPIC 201595106,4.02,,9.79692,0.0883,912.0,5679.0,0.98,0.958,Radial Velocity,2024.0,232.1
EPIC 201595106 b,EPIC 201595106,1.565,7.67,0.87724,0.0177,2038.0,5679.0,0.98,0.958,Transit,2021.0,232.1
KMT-2017-BLG-2197L b,KMT-2017-BLG-2197L,12.5,2809.60311788,,15.91,,,,0.36,Microlensing,2025.0,7800.0
GJ 581 e,GJ 581,1.38,2.48,3.1481,0.02799,,3500.0,0.302,0.295,Radial Velocity,2009.0,6.2981
Kepler-279 e,Kepler-279,4.13,56.0,98.3531,0.439,552.0,6689.45,1.43,1.164,Transit,2025.0,1037.4
KMT-2022-BLG-2076L b,KMT-2022-BLG-2076L,13.9,279.68899816,,5.67,,,,0.67,Microlensing,2025.0,5570.0
TOI-5624 b,TOI-5624,2.314,9.4,3.3903473,0.04201,1136.0,5327.0,0.82,0.858,Transit,2026.0,101.913
LHS 1478 b,LHS 1478,1.242,2.33,1.9495378,0.01848,595.0,3381.0,0.246,0.236,Transit,2021.0,18.2276
HIP 9618 c,HIP 9618,3.42855926,7.0,52.56363,0.269,470.31,5649.0,0.9593,0.942,Transit,2023.0,67.5478
KOBE-1 b,KOBE-1,2.91,,8.5399,0.07006,594.4,4135.0,0.619,0.629,Radial Velocity,2025.0,23.9718
Kepler-20 d,Kepler-20,2.606,13.4,77.611455,0.3474,430.0,5495.0,0.9164,0.929,Transit,2011.0,282.563
KOBE-1 c,KOBE-1,3.56,,29.671,0.16071,392.5,4135.0,0.619,0.629,Radial Velocity,2025.0,23.9718
CD-35 2722 b,CD-35 2722,17.37392009,9375.9380065,,67.0,1800.0,3689.0,0.558549,0.4,Imaging,2011.0,22.3896
WASP-22 b,WASP-22,13.78707,212.9461,3.53269,0.047,1502.0,6000.0,1.24,1.46,Transit,2010.0,317.652
OGLE-2016-BLG-0007L b,OGLE-2016-BLG-0007L,1.09,1.32,14200.0,10.1,,,,0.59,Microlensing,2025.0,4300.0
KMT-2023-BLG-0949L b,KMT-2023-BLG-0949L,12.8,1900.61387386,,2.03,,,,0.48,Microlensing,2025.0,6060.0
GJ 3998 c,GJ 3998,2.5,,13.727,0.09,,3726.0,0.5,0.52,Radial Velocity,2016.0,18.1459
Kepler-105 b,Kepler-105,2.53,10.8,5.4122034,0.06016,1418.0,5933.0,1.026,0.991,Transit,2013.0,459.223
Kepler-105 c,Kepler-105,1.44,5.6,7.12592,0.07229,997.0,5933.0,1.026,0.991,Transit,2014.0,459.223
TOI-1294 c,TOI-1294,14.3,,159.9,0.61,,5718.0,1.5566,1.1578,Radial Velocity,2024.0,332.648
KMT-2023-BLG-0830L b,KMT-2023-BLG-0830L,4.41,17.798390792,,1.7,,,,0.22,Microlensing,2025.0,7250.0
Kepler-1656 b,Kepler-1656,4.574,47.8,31.562,0.1974,651.0,5569.0,1.1,1.03,Transit,2018.0,185.875
LTT 3780 b,LTT 3780,1.325,2.46,0.76837931,0.01195,903.0,3358.0,0.38,0.381,Transit,2020.0,21.9814
HD 260655 b,HD 260655,1.24,2.14,2.76953,0.02933,709.0,3803.0,0.439,0.439,Transit,2022.0,10.0055
KMT-2017-BLG-0849L b,KMT-2017-BLG-0849L,2.41,6.39,,2.73,,,,0.19,Microlensing,2024.0,7220.0
ZTF J1828+2308 b,ZTF J1828+2308,11.13051784,6356.56814,0.1120067,,,15900.0,0.0131,0.61,Transit,2025.0,201.827
KMT-2017-BLG-2331L b,KMT-2017-BLG-2331L,14.2,171.0,,2.14,,,,0.4,Microlensing,2024.0,8030.0
KMT-2023-BLG-1743L b,KMT-2023-BLG-1743L,12.1,6356.56814,,1.16,,,,0.11,Microlensing,2024.0,7130.0
K2-271 b,K2-271,7.28,,8.562421,0.077,893.0,5644.0,0.99,0.83,Transit,2018.0,564.454
MOA-2022-BLG-091L b,MOA-2022-BLG-091L,13.0,1141.00398113,,3.44,,,,0.75,Microlensing,2025.0,4250.0
KMT-2024-BLG-1209L b,KMT-2024-BLG-1209L,13.2,839.06699448,,2.51,,,,0.77,Microlensing,2025.0,3930.0
K2-214 b,K2-214,2.51,,8.59656,0.0834,1001.0,5875.0,1.236,1.03,Transit,2018.0,300.64
Kepler-391 c,Kepler-391,2.88,450.0,20.501,0.164,662.0,5038.0,2.879,1.27,Transit,2014.0,869.236
K2-220 b,K2-220,2.37,,13.68186,0.1104,761.0,5612.0,1.026,0.91,Transit,2018.0,233.514
Kepler-450 b,Kepler-450,6.14,19.4,28.454851,0.20092,769.0,6197.21,1.64162,1.19,Transit,2015.0,455.982
Kepler-407 b,Kepler-407,1.19,1.93,0.6693124,0.01531,1983.0,5487.0,1.04,0.99,Transit,2014.0,338.368
BEBOP-3 b,BEBOP-3,14.2,,547.0,1.444,,6033.0,1.414,1.083,Radial Velocity,2025.0,119.052
K2-37 c,K2-37,2.41,,6.42966,0.06534,839.0,5352.0,0.809,0.84,Transit,2016.0,179.943
Kepler-134 b,Kepler-134,2.0,,5.317429,0.06,1105.0,5983.0,1.176,0.956,Transit,2014.0,334.797
K2-37 d,K2-37,2.31,12.5,14.09229,0.1102,646.0,5352.0,0.809,0.84,Transit,2016.0,179.943
WASP-85 A b,WASP-85 A,13.89916,402.05495,2.6556777,0.039,1452.0,6112.0,0.935,1.09,Transit,2016.0,141.887
TOI-1227 b,TOI-1227,9.57246952,,27.36397,0.0886,243.77,3072.0,0.56,0.17,Transit,2022.0,100.641
HD 207496 b,HD 207496,2.25,6.1,6.441008,0.0629,743.0,4819.0,0.769,0.8,Transit,2023.0,23.606
GJ 806 b,GJ 806,1.331,1.9,0.9263237,0.01406,940.0,3600.0,0.4144,0.413,Transit,2023.0,12.0445
HD 29985 b,HD 29985,12.8,1739.474871511,20608.14049,13.39,,4678.0,0.574666,0.75,Radial Velocity,2022.0,31.2707
Kepler-228 c,Kepler-228,2.7,,4.134444,0.052,1160.0,6043.0,1.014,1.006,Transit,2014.0,1644.61
HD 15906 c,HD 15906,2.93,,21.583298,0.141,532.0,4757.0,0.762,0.79,Transit,2023.0,45.5621
Kepler-1985 b,Kepler-1985,2.27,,3.42064689,0.0426,1129.0,5370.0,0.966,0.877,Transit,2023.0,
MOA-2022-BLG-033L b,MOA-2022-BLG-033L,3.52,12.15,,2.15,,,,0.51,Microlensing,2025.0,1840.0
KMT-2023-BLG-0119L b,KMT-2023-BLG-0119L,11.0,83.7,,3.14,,,,0.71,Microlensing,2025.0,5410.0
K2-233 c,K2-233,1.272,4.6,7.06024,0.0664,794.0,4796.0,0.71,0.79,Transit,2018.0,67.5062
Kepler-949 c,Kepler-949,2.97,,20.99757968,0.1394,582.0,5211.0,0.895,0.817,Transit,2023.0,486.105
TOI-4600 c,TOI-4600,9.42,2946.26933289,482.8191,1.152,191.0,5170.0,0.81,0.89,Transit,2023.0,216.056
TOI-1752 b,TOI-1752,1.693,,0.9351861,0.01624,1036.0,3762.0,0.53,0.524,Transit,2026.0,103.021
TOI-1752 c,TOI-1752,2.29,,32.71443,0.1614,291.0,3762.0,0.53,0.524,Transit,2026.0,103.021
TOI-1472 c,TOI-1472,3.334,21.13,15.5381747,0.116,662.0,5100.0,0.84,0.87,Radial Velocity,2025.0,121.84
Kepler-495 c,Kepler-495,1.21936414,,5.896609783,0.0614,1000.0,5392.0,1.087,0.888,Transit,2021.0,658.924
Kepler-278 b,Kepler-278,3.955,56.0,30.1556,0.202,586.0,4965.0,2.861,1.227,Transit,2014.0,443.03
Kepler-416 d,Kepler-416,1.61,,3.07644709,0.0407,1253.0,5670.0,1.022,0.949,Transit,2023.0,690.819
Kepler-391 b,Kepler-391,2.5,1100.0,7.4175,0.083,930.0,5038.0,2.879,1.27,Transit,2014.0,869.236
KOI-351 h,KOI-351,11.252,203.0,331.60296,0.97062,294.0,6031.13,1.185,1.242,Transit,2013.0,848.254
TOI-6695 c,TOI-6695,13.6,,242.4,0.838,415.0,6400.0,1.517,1.338,Radial Velocity,2025.0,282.536
Kepler-166 d,Kepler-166,1.73,,1.554003928,0.02449,1313.0,5350.0,0.83,0.88,Transit,2016.0,603.53
Kepler-1732 b,Kepler-1732,4.09903273,,32.31240082,0.2015,699.0,5821.0,1.494,1.043,Transit,2021.0,1289.41
Kepler-1026 b,Kepler-1026,2.21,,36.5156053,0.1977,425.0,4948.0,0.75,0.79,Transit,2016.0,351.239
K2-175 b,K2-175,2.03803688,,9.525988,,,5909.0,1.420038,1.094693,Transit,2018.0,247.266
GJ 1061 b,GJ 1061,1.04,1.11,3.2073,0.021,,2953.0,0.156,0.12,Radial Velocity,2020.0,3.67278
ups And d,ups And,12.5,3257.74117175,1276.46,2.51329,,6156.77,1.56,1.3,Radial Velocity,1999.0,13.4054
K2-176 b,K2-176,1.49090097,,5.329439,,,5428.0,0.86416,0.938545,Transit,2018.0,247.302
K2-177 b,K2-177,2.1162048,,14.155185,,,6063.0,1.213565,1.210525,Transit,2018.0,492.167
Kepler-9 d,Kepler-9,1.64,,1.592851,0.0273,2026.0,5777.0,1.02,1.07,Transit,2010.0,628.257
SWEEPS-4 b,SWEEPS-4,9.079,1207.7,4.2,0.055,,,1.18,1.24,Transit,2006.0,8500.0
K2-183 b,K2-183,1.1,,0.469285,,,5482.0,0.87,0.942219,Transit,2018.0,329.041
LP 791-18 c,LP 791-18,2.488,7.16,4.98991,0.02961,324.4,2960.0,0.182,0.139,Transit,2019.0,26.4927
Kepler-763 c,Kepler-763,1.42,,4.09667624,0.0466,938.0,4999.0,0.843,0.8,Transit,2023.0,962.459
K2-187 e,K2-187,1.9,,13.606629,0.1106,698.0,5438.0,0.83,0.966999,Transit,2018.0,330.916
K2-189 b,K2-189,1.403,,2.58812,0.0361,1203.0,5442.0,0.879,0.85,Transit,2018.0,242.113
Kepler-257 d,Kepler-257,4.95,,24.664551,0.16,567.0,5180.0,1.037,0.916,Transit,2014.0,780.256
Kepler-42 b,Kepler-42,0.78,0.705944,1.2137672,0.0116,519.0,3068.0,0.17,0.13,Transit,2011.0,40.0595
K2-199 b,K2-199,1.73,6.9,3.2253993,0.0382,913.0,4491.0,0.682,0.711,Transit,2018.0,107.518
K2-151 b,K2-151,1.49,,3.835476,0.0373,566.0,3695.0,0.45,0.47,Transit,2018.0,69.4798
Kepler-197 b,Kepler-197,1.02,,5.599308,0.06,1142.0,6004.0,1.12,0.857,Transit,2014.0,330.575
Kepler-139 b,Kepler-139,2.94,7.0,15.771044,0.127,752.0,5594.0,1.3,1.078,Transit,2014.0,391.038
Kepler-1998 b,Kepler-1998,0.6,,3.03267135,0.0405,1187.0,5640.0,0.921,0.962,Transit,2023.0,340.965
Kepler-549 b,Kepler-549,2.57,11.0,42.9495649,0.23236,487.0,5360.0,0.84,0.88,Transit,2016.0,635.145
HD 109749 b,HD 109749,11.1,,5.239891,0.0615,,5824.0,1.22,1.13,Radial Velocity,2005.0,63.0821
gam Cep b,gam Cep,12.7,2097.6674862,913.0,2.13,,4775.0,4.74,1.27,Radial Velocity,2003.0,14.1024
TOI-128.01,TOI-128,2.21898,,4.9404681,0.05381019,1344.51,6086.0,1.13,0.851969,Transit,2024.0,68.4727
HD 111232 b,HD 111232,12.6,2531.503261755,1169.13202,2.148,,5512.0,0.9,0.96,Radial Velocity,2003.0,28.9571
51 Peg b,51 Peg,14.3,146.2018,4.230785,0.0527,,5758.0,1.17561,1.03,Radial Velocity,1995.0,15.4614
Kepler-58 e,Kepler-58,1.61,597.796,4.45814897,0.0533,1212.0,6100.0,1.083,1.017,Transit,2023.0,969.252
Kepler-1704 b,Kepler-1704,11.94877343,1322.16617312,988.88112,2.027,253.8,5746.0,1.697,1.132,Transit,2021.0,835.455
TOI-4311 c,TOI-4311,2.47,13.58,15.070425,0.1116,671.0,5063.0,0.8441,0.816,Transit,2026.0,134.988
TOI-4311 b,TOI-4311,1.376,4.5,0.9902738,0.01817,1664.0,5063.0,0.8441,0.816,Transit,2026.0,134.988
Kepler-65 c,Kepler-65,2.58,5.4,5.859944,0.068,1246.0,6211.0,1.41,1.25,Transit,2012.0,303.728
Kepler-7 b,Kepler-7,18.180998,140.16303,4.8854892,0.06067,1630.0,5933.0,1.966,1.359,Transit,2009.0,922.562
KOI-12 b,KOI-12,13.78707,349.613,17.855182,0.154,911.0,6635.0,1.4,1.5,Transit,2015.0,399.398
2MASS J0249-0557 c,2MASS J0249-0557 A,17.37392009,3616.88727166,,1950.0,1723.0,2859.0,0.315959,0.046,Imaging,2018.0,66.0613
GJ 676 A b,GJ 676 A,12.8,1840.862133344,1051.44521,1.735,,3734.0,0.69,0.626,Radial Velocity,2010.0,16.0272
HD 117618 b,HD 117618,8.59,,25.8,0.18,,5990.0,1.2,1.077,Radial Velocity,2004.0,37.7781
7 CMa b,7 CMa,13.4,,735.1,1.758,,4826.0,4.87,1.34,Radial Velocity,2011.0,19.8101
HD 125612 d,HD 125612,12.7,2281.372305446,2822.72698,3.982,,5900.0,1.07,1.05,Radial Velocity,2009.0,57.6207
AB Pic b,AB Pic,12.3,4290.5,,260.0,,5285.0,0.999394,0.9,Imaging,2005.0,50.0475
GJ 581 b,GJ 581,4.79,20.5,5.3686,0.0399,,3500.0,0.302,0.295,Radial Velocity,2005.0,6.2981
HD 11977 b,HD 11977,12.7,,711.0,1.93,,4970.0,10.09,1.91,Radial Velocity,2005.0,67.9331
BD-10 3166 b,BD-10 3166,14.1,,3.48777,0.04,,5393.0,0.91,1.47,Radial Velocity,2000.0,84.4069
GJ 581 c,GJ 581,2.5,6.81,12.9211,0.0718,,3500.0,0.302,0.295,Radial Velocity,2007.0,6.2981
BD+14 4559 b,BD+14 4559,13.8,,268.94,0.78,,4864.0,0.86,0.49,Radial Velocity,2009.0,49.352
GJ 876 c,GJ 876,14.0,226.9846,30.0881,0.12959,,3293.74,0.3,0.32,Radial Velocity,2000.0,4.67517
HD 101930 b,HD 101930,10.6,,70.46,0.3,,5108.0,0.86,0.57,Radial Velocity,2005.0,30.0274
BD+20 2457 c,BD+20 2457,12.4,,621.99,2.01,,4137.0,49.0,2.8,Radial Velocity,2009.0,1539.71
Kepler-40 b,Kepler-40,13.11,699.2,6.87349,0.08,1620.0,6510.0,2.13,1.48,Transit,2010.0,2305.01
GSC 06214-00210 b,GSC 06214-00210,20.1762,5000.0,,320.0,2300.0,4200.0,0.90484,0.9,Imaging,2010.0,108.5
Kepler-123 b,Kepler-123,2.94,55.3,17.232366,0.135,817.0,6089.0,1.264,1.079,Transit,2014.0,1021.66
HD 108147 b,HD 108147,10.9,,10.8985,0.102,890.0,6255.73,1.20664,1.22,Radial Velocity,2002.0,38.92
HD 108874 b,HD 108874,13.6,,394.48123,1.04,,5600.0,1.05,1.1,Radial Velocity,2002.0,59.5175
TOI-4184 b,TOI-4184,2.43,,4.9019804,0.0336,412.0,3238.0,0.2347,0.2109,Transit,2023.0,69.3649
CT Cha b,CT Cha,24.66,5403.0,,440.0,2600.0,4403.0,1.679694,,Imaging,2007.0,190.72
Kepler-6 b,Kepler-6,14.616536,212.31044,3.2346996,0.04852,1460.0,5647.0,1.391,1.209,Transit,2009.0,587.039
HD 136418 b,HD 136418,13.3,,464.29999,1.29,,4989.0,3.78,1.48,Radial Velocity,2009.0,105.168
HD 69830 b,HD 69830,3.17,,8.667,0.0785,,5385.0,0.886947,0.86,Radial Velocity,2006.0,12.5591
Kepler-267 b,Kepler-267,1.98,37.9,3.353728,0.037,615.0,4258.0,0.555,0.541571,Transit,2014.0,264.993
HD 192699 b,HD 192699,13.4,,340.94,1.063,,5041.0,4.41,1.38,Radial Velocity,2007.0,71.8627
HD 145377 b,HD 145377,12.8,,103.95,0.45,,6014.0,1.05,1.2,Radial Velocity,2008.0,53.4884
HD 147018 b,HD 147018,13.4,,44.236,0.2388,,5441.0,0.937948,0.927,Radial Velocity,2009.0,40.4256
HD 20003 b,HD 20003,3.43,,11.8482,0.0974,,5494.0,0.921637,0.875,Radial Velocity,2019.0,41.8316
Kepler-1713 b,Kepler-1713,1.71673535,,18.01160049,0.14185,900.0,6477.0,1.459,1.3,Transit,2021.0,295.293
HD 196885 A b,HD 196885 A,13.2,,1333.0,2.37,,6254.0,1.31,1.28,Radial Velocity,2007.0,34.1692
HD 149143 b,HD 149143,13.6,,4.07182,0.053,,5856.0,1.44,1.2,Radial Velocity,2005.0,73.2801
HD 126614 b,HD 126614,12.7,107.743829973,1257.25303,2.249,,5568.0,1.369794,0.96,Radial Velocity,2009.0,73.0961
HD 152581 b,HD 152581,13.4,,686.5,1.66,,5027.0,5.14,1.3,Radial Velocity,2011.0,165.76
HD 177830 b,HD 177830,13.5,,410.10001,1.14,,4901.0,3.26,1.7,Radial Velocity,1999.0,62.7674
HD 128311 c,HD 128311,13.0,1204.25787,921.538,1.74,,4965.0,0.76,0.828,Radial Velocity,2005.0,16.3292
HD 154672 b,HD 154672,12.8,,163.94,0.6,,5743.0,1.32,1.18,Radial Velocity,2008.0,63.0484
HD 178911 B b,HD 178911 B,12.6,,71.484,0.34,,5588.0,1.08,1.24,Radial Velocity,2001.0,40.9727
HD 155358 b,HD 155358,13.8,,194.3,0.63,,5905.0,1.38,1.15,Radial Velocity,2007.0,43.6197
HD 13189 b,HD 13189,12.4,,471.60001,1.25,,4175.0,38.41,2.24,Radial Velocity,2005.0,497.823
HD 131496 b,HD 131496,13.4,,896.0,2.01,,4846.0,4.44,1.34,Radial Velocity,2011.0,131.849
HD 156668 b,HD 156668,1.87,,4.6455,0.05,,4850.0,0.72,0.772,Radial Velocity,2010.0,24.3323
HD 134060 c,HD 134060,5.91,,1291.5646,2.3928,,5966.0,1.164285,1.095,Radial Velocity,2019.0,24.0125
HD 158038 b,HD 158038,13.5,,521.0,1.5,,4860.0,4.5,1.3,Radial Velocity,2011.0,94.8625
HD 187085 b,HD 187085,13.9,,1019.74,2.1,,6117.0,1.27,1.189,Radial Velocity,2006.0,45.8993
24 Sex b,24 Sex,13.4,,452.8,1.333,,5098.0,4.9,1.54,Radial Velocity,2010.0,72.0691
HD 206610 b,HD 206610,13.4,,673.2,1.74,,4842.0,6.12,1.55,Radial Velocity,2009.0,147.192
HD 63454 b,HD 63454,12.31,,2.81805,0.04,,4812.0,0.77,0.42,Radial Velocity,2005.0,37.6894
HD 62509 b,HD 62509,13.3,,589.64,1.64,,4892.63,8.9,2.0,Radial Velocity,2006.0,10.34
K2-27 b,K2-27,4.74,30.2,6.771347,0.06702,836.0,5246.0,0.876,0.88,Transit,2016.0,249.645
HD 20781 c,HD 20781,2.17,,13.8905,0.1004,,5256.0,0.833609,0.7,Radial Velocity,2019.0,35.9715
HD 285968 b,HD 285968,2.83,,8.7836,0.066,450.0,3703.49,0.478214,0.5,Radial Velocity,2008.0,9.47045
HD 69830 d,HD 69830,4.45,,197.0,0.63,,5385.0,0.886947,0.86,Radial Velocity,2006.0,12.5591
HD 63765 b,HD 63765,14.2,,358.0,0.94,,5449.0,0.83,0.65,Radial Velocity,2009.0,32.5376
HD 28678 b,HD 28678,13.5,,380.2,1.18,,4972.0,6.48,1.53,Radial Velocity,2011.0,189.908
HD 70642 b,HD 70642,13.0,1239.5307873,2124.54,3.318,,5732.0,0.984,1.078,Radial Velocity,2003.0,29.276
HD 30562 b,HD 30562,13.6,467.20775829,1157.0,2.34,,5882.0,1.61,1.12,Radial Velocity,2009.0,26.1597
HD 73267 b,HD 73267,13.0,1321.530516306,1257.99159,2.229,,5387.0,0.909,0.93,Radial Velocity,2008.0,50.4093
HD 100777 b,HD 100777,13.7,390.92894061,383.0,1.06,,5533.0,1.04,1.08,Radial Velocity,2007.0,49.5336
HD 212771 b,HD 212771,13.3,,380.7,1.19,,5003.0,5.27,1.56,Radial Velocity,2009.0,111.155
HD 31527 c,HD 31527,3.85,,51.2053,0.2663,,5898.0,1.073694,0.96,Radial Velocity,2019.0,38.4473
HD 31527 d,HD 31527,3.46,,271.6737,0.8098,,5898.0,1.073694,0.96,Radial Velocity,2019.0,38.4473
HD 31527 b,HD 31527,3.22,,16.5535,0.1254,,5898.0,1.073694,0.96,Radial Velocity,2019.0,38.4473
TOI-1846 b,TOI-1846,1.792,,3.9306737,0.03646,568.1,3568.0,0.397,0.418,Transit,2025.0,47.2496
TOI-5210 b,TOI-5210,10.72699453,81.999729006,4.5661061,0.0557,1286.0,5723.0,1.209,1.105,Transit,2025.0,302.086
HD 216435 b,HD 216435,13.7,,1311.0,2.56,,5999.0,1.800029,1.3,Radial Velocity,2002.0,32.9834
HD 82886 b,HD 82886,13.3,,705.0,1.58,,4953.0,5.26,2.53,Radial Velocity,2011.0,127.061
HD 8574 b,HD 8574,13.4,,227.0,0.76,,6064.0,1.38,1.34,Radial Velocity,2002.0,44.8264
HD 86081 b,HD 86081,13.6,,2.1378431,0.0346,,5939.0,1.46,1.21,Radial Velocity,2006.0,103.936
HD 37124 d,HD 37124,14.0,,1862.0,2.807,,5698.64,0.949168,0.85,Radial Velocity,2005.0,31.6634
HD 9446 c,HD 9446,13.4,,192.9,0.654,,5793.0,1.0,1.0,Radial Velocity,2009.0,50.3503
HD 96063 b,HD 96063,13.7,,362.5,1.11,,5020.0,4.75,1.37,Radial Velocity,2011.0,140.065
HD 8673 b,HD 8673,12.3,4210.590735936,1644.69097,2.97,,6389.05,1.50225,1.28,Radial Velocity,2009.0,37.8619
Kepler-263 b,Kepler-263,2.67,,16.568087,0.12,548.0,5265.0,0.785,0.793,Transit,2014.0,754.747
HD 219828 b,HD 219828,4.59,,3.83483,0.049,,5891.0,1.56,1.04,Radial Velocity,2007.0,73.114
HD 38529 b,HD 38529,14.1,,14.3099,0.115,,5697.0,2.857838,0.98,Radial Velocity,2000.0,42.3538
K2-370 b,K2-370,2.67,11.1,2.1408093,0.0321,1267.0,5662.0,0.945,0.962,Transit,2022.0,144.202
HIP 14810 d,HIP 14810,14.1,,981.8,1.94,,5544.0,1.07,1.01,Radial Velocity,2009.0,50.48
Kepler-746 b,Kepler-746,1.11,,3.48159251,0.0435,1156.0,5418.0,0.93,0.91,Transit,2016.0,450.0
HD 40307 b,HD 40307,,1188.996070587,4.3123,0.0468,910.0,4956.0,0.716684,0.77,Radial Velocity,2009.0,12.9363
HATS-1 b,HATS-1,14.594,589.55,3.446459,0.0444,1359.0,5870.0,1.038,0.986,Transit,2012.0,283.971
HD 40979 b,HD 40979,12.9,,264.14999,0.85,,6165.0,1.21,1.45,Radial Velocity,2002.0,34.0883
OGLE-TR-132 b,OGLE-TR-132,13.45,375.02,1.689868,0.03035,2013.0,6210.0,1.32,1.305,Transit,2004.0,2012.62
CoRoT-7 c,CoRoT-7,2.83,8.4,3.698,0.046,,5256.0,0.864273,0.899,Radial Velocity,2009.0,159.906
HD 4203 b,HD 4203,13.3,,431.88,1.17,,5596.0,1.42,1.25,Radial Velocity,2001.0,81.3795
HD 43691 b,HD 43691,13.2,,36.9987,0.238,,6093.0,1.6,1.32,Radial Velocity,2007.0,85.6009
HD 41004 B b,HD 41004 B,12.1,,1.3283,,,5036.0,1.04137,0.4,Radial Velocity,2003.0,41.5504
tau Boo b,tau Boo,12.8,1891.0,3.3124568,0.049,,6466.27,1.42588,1.32,Radial Velocity,1996.0,15.6521
TOI-1723 b,TOI-1723,3.435,10.4,13.727012643,0.113496,782.98,5777.0,1.09,1.04,Transit,2024.0,100.727
HD 231701 b,HD 231701,13.7,,141.63,0.567,,6101.0,1.53,1.21,Radial Velocity,2007.0,108.877
HD 204313 b,HD 204313,12.9,1466.778098305,2041.11539,3.185,,5767.0,1.1,1.03,Radial Velocity,2010.0,47.7945
Kepler-1738 b,Kepler-1738,2.82472883,,7.674630165,0.0781,957.0,6063.0,1.001,1.079,Transit,2021.0,1302.87
HD 5319 b,HD 5319,13.5,,637.1,1.57,,4871.0,4.06,1.27,Radial Velocity,2007.0,121.405
Pr0201 b,Pr0201,14.2,,4.4264,0.06,,6174.0,1.15,1.24,Radial Velocity,2012.0,180.64
Pr0211 b,Pr0211,13.4,,2.1461,0.03176,,5300.0,0.827,0.935,Radial Velocity,2012.0,182.714
bet Cnc b,bet Cnc,12.6,,605.2,1.7,,4092.1,47.2,1.7,Radial Velocity,2014.0,89.0472
bet UMi b,bet UMi,12.7,,522.3,1.4,,4126.0,38.3,1.4,Radial Velocity,2014.0,38.77472
Kapteyn c,Kapteyn,2.54,,121.54,0.311,,3550.0,0.291,0.281,Radial Velocity,2014.0,3.93305
Kepler-754 b,Kepler-754,2.01,,14.5596237,0.116,758.0,5935.0,1.08,1.06,Transit,2016.0,1770.27
HD 207832 c,HD 207832,14.0,,1155.7,2.112,,5710.0,0.901,0.94,Radial Velocity,2012.0,58.9291
CoRoT-24 b,CoRoT-24,3.7,5.7,5.1134,0.056,1070.0,4950.0,0.86,0.91,Transit,2014.0,591.555
CoRoT-24 c,CoRoT-24,5.0,28.0,11.759,0.098,850.0,4950.0,0.86,0.91,Transit,2014.0,591.555
HIP 105854 b,HIP 105854,12.6,,184.2,0.81,,4780.0,10.305119,2.1,Radial Velocity,2014.0,78.6381
K2-138 c,K2-138,2.299,6.31,3.56004,0.04461,1012.0,5356.3,0.863,0.935,Transit,2017.0,202.585
HATS-63 b,HATS-63,13.529263,305.1168,3.0566527,0.04026,1398.3,5627.0,1.07,0.931,Transit,2018.0,623.232
CoRoT-22 b,CoRoT-22,4.88,12.2,9.75598,0.092,885.0,5939.0,1.136,1.099,Transit,2014.0,627.158
TYC 1422-614-1 b,TYC 1422-614-1,13.3,,198.4,0.69,,4806.0,6.85,1.15,Radial Velocity,2014.0,672.41
TYC 1422-614-1 c,TYC 1422-614-1,12.5,,559.3,1.37,,4806.0,6.85,1.15,Radial Velocity,2014.0,672.41
BD-11 4672 b,BD-11 4672,14.1,,1634.0,2.36,,4550.0,0.639,0.651,Radial Velocity,2014.0,27.1665
BD+49 828 b,BD+49 828,13.5,,2590.0,4.2,,4943.0,7.6,1.52,Radial Velocity,2015.0,442.042
HD 1666 b,HD 1666,12.7,,270.0,0.94,,6317.0,1.93,1.5,Radial Velocity,2015.0,117.908
HD 67087 c,HD 67087,12.9,,2374.0,3.86,,6330.0,1.55,1.36,Radial Velocity,2015.0,76.5217
Kepler-268 b,Kepler-268,2.55,,25.934138,0.18,695.0,6081.0,1.274,1.109,Transit,2014.0,851.87
HATS-11 b,HATS-11,18.03,263.7989,3.619188,0.0507,1596.0,6563.0,1.54,1.33,Transit,2016.0,944.603
Kepler-47 c,Kepler-47,4.65,3.17,303.227,0.9638,,5636.0,0.936,0.957,Transit,2012.0,1025.02
K2-4 b,K2-4,2.1,,10.003417,0.078,563.0,4014.73,0.569359,0.635026,Transit,2015.0,231.828
HD 175607 b,HD 175607,,2456.177929296,29.01,,,5392.0,0.7,0.71,Radial Velocity,2015.0,40.3303
Kepler-772 b,Kepler-772,1.82,,12.99207337,0.11153,866.0,5714.0,1.11,0.98,Transit,2016.0,1130.21
HD 27631 b,HD 27631,13.5,495.81231492,2198.14,3.242,,5737.0,0.923,0.944,Radial Velocity,2012.0,50.2862
HD 24064 b,HD 24064,12.3,,535.59998,1.29,,4052.0,40.0,1.61,Radial Velocity,2015.0,300.247
K2-21 c,K2-21,2.49,,15.50192,0.107,420.0,4222.06,0.646783,0.676023,Transit,2015.0,83.6448
HD 98649 b,HD 98649,12.5,3082.9355479,5384.0,5.97,,5759.0,1.01,0.97,Radial Velocity,2012.0,42.1727
K2-9 b,K2-9,2.25,,18.4498,0.091,314.0,3390.0,0.31,0.3,Transit,2015.0,82.9631
CoRoT-29 b,CoRoT-29,10.0881,270.1555,2.85057,0.0386,,5260.0,0.9,0.97,Transit,2015.0,806.507
HATS-39 b,HATS-39,17.59813,200.2329,4.5776348,0.06007,1645.0,6572.0,1.621,1.379,Transit,2018.0,878.521
LkCa 15 b,LkCa 15,,,,14.7,,4194.0,1.60711,,Imaging,2015.0,158.152
HU Aqr AB c,HU Aqr,12.9,,4368.0,5.4,,5952.0,,0.88,Eclipse Timing Variations,2011.0,192.19807871
HD 164595 b,HD 164595,4.16,,40.0,0.23,,5790.0,1.023606,0.99,Radial Velocity,2015.0,28.254
K2-8 b,K2-8,3.58,,10.35239,0.0856,631.0,4870.0,0.74,0.78,Transit,2015.0,403.513
PH1 b,PH1,6.18,169.0,138.317,0.652,481.0,6407.0,1.734,1.528,Transit,2012.0,1033.16
GJ 676 A e,GJ 676 A,2.47,,35.47358,0.181,,3734.0,0.69,0.626,Radial Velocity,2012.0,16.0272
BD+15 2940 b,BD+15 2940,13.7,,137.48,0.539,,4796.0,14.7,1.1,Radial Velocity,2013.0,426.42
SR 12 AB c,SR 12 AB,12.3,4131.62,,,,3828.93,1.103075,,Imaging,2010.0,112.31721584
GJ 667 C e,GJ 667 C,1.45,,62.24,0.213,,3350.0,,0.33,Radial Velocity,2013.0,7.24396
tau Gem b,tau Gem,12.1,,305.5,1.17,,4388.0,26.8,2.3,Radial Velocity,2013.0,112.537
GJ 667 C g,GJ 667 C,1.99,,256.2,0.549,,3350.0,,0.33,Radial Velocity,2013.0,7.24396
GJ 504 b,GJ 504,12.10569916,1271.3,,43.5,510.0,6234.0,1.26,1.22,Imaging,2013.0,17.5299
HD 159243 c,HD 159243,13.4,,248.4,0.8,,6123.0,1.12,1.125,Radial Velocity,2013.0,73.3055
ROXs 12 b,ROXs 12,12.2,5085.0,,210.0,,3850.0,1.06627,0.87,Imaging,2013.0,136.65
NGTS-14 A b,NGTS-14 A,4.976796,29.24036,3.5357173,0.0403,1143.0,5187.0,0.842,0.898,Transit,2021.0,322.148
Kepler-36 b,Kepler-36,1.498,3.83,13.86825,0.11419,978.0,5979.0,1.634,1.034,Transit,2012.0,527.956
Kepler-48 e,Kepler-48,13.4,657.0,982.0,1.898274748,,5194.0,0.89,0.88,Radial Velocity,2014.0,306.738
HD 4203 c,HD 4203,13.3,,6700.0,6.95,,5582.0,1.49795,0.99,Radial Velocity,2014.0,81.3795
KOI-984 b,KOI-984,4.3,,4.2881785,0.0504,1022.0,5295.0,0.818,0.928,Transit,2022.0,252.667
NGC 2682 YBP 401 b,NGC 2682 YBP 401,14.3,,4.087,,,6165.0,1.215821,1.14,Radial Velocity,2016.0,830.822
GJ 3998 b,GJ 3998,1.39,,2.65033,0.03,,3726.0,0.5,0.52,Radial Velocity,2016.0,18.1459
K2-239 b,K2-239,1.1,,5.24,0.0441,502.0,3420.0,0.36,0.4,Transit,2018.0,31.0849
K2-233 d,K2-233,2.363,10.3,24.3681,0.1516,525.0,4796.0,0.71,0.79,Transit,2018.0,67.5062
HD 110082 b,HD 110082,3.2,,10.18271,0.113,957.2,6200.0,1.19,1.21,Transit,2021.0,105.096
TOI-558 b,TOI-558,12.17295304,1147.36054927,14.574071,0.1291,1061.0,6466.0,1.496,1.349,Transit,2021.0,402.63
K2-243 b,K2-243,2.17,,11.54182,0.1087,1035.0,6570.0,1.39,1.29,Transit,2018.0,266.864
K2-255 b,K2-255,2.9,,1.96417,0.0274,1034.0,4676.0,0.69,0.71,Transit,2018.0,191.608
K2-264 c,K2-264,2.668,,19.660302,0.11283,331.0,3660.0,0.473,0.496,Transit,2018.0,185.605
HD 211810 b,HD 211810,14.0,,1558.0,2.656,,5652.0,1.13,1.03,Radial Velocity,2018.0,64.6353
Kepler-262 c,Kepler-262,1.64,,21.853722,0.152,618.0,5841.0,0.881,0.816,Transit,2014.0,613.129
47 UMa d,47 UMa,13.5,,14002.0,11.6,,5872.0,1.21334,1.06,Radial Velocity,2009.0,13.7967
HD 145457 b,HD 145457,13.2,,176.13,0.762,,4757.0,9.9,1.9,Radial Velocity,2010.0,135.292
HD 183263 c,HD 183263,12.5,2958.98246917,4667.97841,5.585,,5948.0,1.23,1.06,Radial Velocity,2008.0,54.1955
HD 156279 c,HD 156279,12.5,3098.82696825,4818.25358,5.486,,5453.0,0.95,0.94,Radial Velocity,2016.0,36.1945
HD 72892 b,HD 72892,12.8,,39.44603,0.228,,5688.0,1.22,1.01,Radial Velocity,2016.0,69.7311
HD 128356 b,HD 128356,13.9,,298.2,0.87,,4875.0,0.85,0.65,Radial Velocity,2016.0,26.1548
HD 165155 b,HD 165155,13.2,,434.5,1.13,,5426.0,0.95,1.02,Radial Velocity,2016.0,63.3574
Kepler-761 b,Kepler-761,2.03,,10.12804789,0.0874,767.0,5706.0,0.93,0.95,Transit,2016.0,830.707
2MASS J22362452+4751425 b,2MASS J22362452+4751425,12.3,3972.875,,230.0,,4045.0,0.641152,0.6,Imaging,2016.0,69.5737
CoRoT-21 b,CoRoT-21,14.5717,718.2958,2.72474,0.0417,,6200.0,1.95,1.29,Transit,2012.0,1398.83419686
HD 13167 b,HD 13167,13.1,,2613.0,4.1,,5671.0,2.39,1.35,Radial Velocity,2018.0,148.934
WASP-177 b,WASP-177,17.71022,161.45764,3.071722,0.03957,1142.0,5017.0,0.885,0.876,Transit,2019.0,176.818
LP 791-18 d,LP 791-18,1.032,0.91,2.75485,0.01992,395.5,2960.0,0.182,0.139,Transit,2023.0,26.4927
K2-288 B b,K2-288 B,1.9,,31.393463,0.164,226.36,3341.0,0.32,0.33,Transit,2018.0,65.6138
TOI-640 b,TOI-640,19.2794468,181.16219199,5.003777,0.06608,1816.0,6460.0,2.082,1.536,Transit,2021.0,341.997
Gl 378 b,Gl 378,3.66,,3.822,0.039435,830.0,3879.0,0.56,0.56,Radial Velocity,2019.0,14.9545
Kepler-766 b,Kepler-766,3.39,,6.10027804,0.066,990.0,5992.0,1.15,1.1,Transit,2016.0,2297.62
K2-107 b,K2-107,15.98,266.9772,3.313959,0.0475,1649.0,6061.0,1.81,1.3,Transit,2017.0,685.2
Kepler-780 b,Kepler-780,0.89,,0.677375164,0.015,2099.0,5769.0,1.02,1.01,Transit,2016.0,557.652
HD 39855 b,HD 39855,2.85,,3.2498,0.041,,5576.0,0.744665,0.87,Radial Velocity,2019.0,23.2599
HD 92788 c,HD 92788,13.0,,11611.2975,10.5,,5744.0,1.14,1.15,Radial Velocity,2019.0,34.6538
K2-224 b,K2-224,1.56,,4.47904,0.0516,1002.0,5620.0,0.84,0.91,Transit,2018.0,275.255
EPIC 205950854 c,K2-168,1.31,,8.050722,,960.6,5502.7,0.83,0.877,Transit,2019.0,243.935
EPIC 206032309 b,EPIC 206032309,1.01,,2.87814,,,3489.0,0.37344,0.221,Transit,2019.0,161.365
K2-228 b,K2-228,1.21,,2.69828,0.0338,914.0,4715.0,0.65,0.71,Transit,2018.0,129.46
K2-229 b,K2-229,1.0,2.55,0.584216,0.0131,1818.0,5315.0,0.79,0.87,Transit,2018.0,102.564
TYC 4282-00605-1 b,TYC 4282-00605-1,12.4,,101.54,0.422,,4300.0,16.21,0.97,Radial Velocity,2017.0,464.128
HD 206255 b,HD 206255,6.47,,96.045,0.461,,5635.0,2.221489,1.42,Radial Velocity,2019.0,75.2363
Kepler-411 e,Kepler-411,3.28,10.8,31.509728,0.186,503.0,4974.0,0.82,0.87,Transit Timing Variations,2018.0,153.676
psi1 Dra B b,psi1 Dra B,13.5,,3117.0,4.43,,6212.0,1.255735,1.19,Radial Velocity,2015.0,22.7188
Kepler-758 b,Kepler-758,2.48,,12.1097104,0.10754,1005.0,6228.0,1.42,1.16,Transit,2016.0,1502.32
Kepler-454 c,Kepler-454,12.9,,524.19,1.287,,5687.0,1.066,1.03,Radial Velocity,2015.0,230.869
K2-128 b,K2-128,1.42,,5.675819,0.056,,4469.51,0.777569,0.711248,Transit,2017.0,114.637
K2-129 b,K2-129,1.04,,8.239493,0.057,,3459.09,0.36001,0.360031,Transit,2017.0,27.7957
GJ 625 b,GJ 625,1.49,,14.628,0.078361,,3499.0,0.31,0.3,Radial Velocity,2017.0,6.47249
HATS-76 b,HATS-76,12.09449018,835.570882003,1.9416423,0.02658,939.8,4016.0,0.6259,0.662,Transit,2021.0,385.689
HATS-77 b,HATS-77,13.05846252,436.696231218,3.0876262,0.03607,828.3,4071.0,0.6428,0.655,Transit,2021.0,436.176
Wolf 1061 d,Wolf 1061,2.69,,217.21,0.47,,3342.0,0.307,0.294,Radial Velocity,2015.0,4.30592
Wolf 1061 b,Wolf 1061,1.21,,4.8869,0.0375,,3342.0,0.307,0.294,Radial Velocity,2015.0,4.30592
HD 34445 d,HD 34445,6.07,,117.87,0.4817,,5836.0,1.38,1.07,Radial Velocity,2017.0,46.0907
KELT-17 b,KELT-17,17.093725,416.3573,3.0801716,0.04881,2087.0,7454.0,1.645,1.635,Transit,2016.0,226.5
HD 113996 b,HD 113996,12.7,,610.2,1.6,,4181.0,25.11,1.49,Radial Velocity,2017.0,116.334
HD 143105 b,HD 143105,13.7,,2.1974,0.0379,,6380.0,1.647304,1.51,Radial Velocity,2016.0,46.7789
HD 35759 b,HD 35759,13.0,,82.467,0.389,,6060.0,1.759974,1.15,Radial Velocity,2016.0,71.2423
Pr0211 c,Pr0211,12.6,,4850.0,5.5,,5300.0,0.827,0.935,Radial Velocity,2016.0,182.714
Kepler-65 e,Kepler-65,13.9,260.0,258.8,0.8539307544,,6220.0,1.437,1.248,Radial Velocity,2019.0,303.728
TOI-500 d,TOI-500,6.35,,26.233,,,4440.0,0.678,0.74,Radial Velocity,2022.0,47.3924
TOI-2109 b,TOI-2109,15.098497,1595.49860314,0.67247414,0.01791,3646.0,6540.0,1.698,1.453,Transit,2021.0,262.041
HD 191806 b,HD 191806,12.5,2966.610350938,1603.38923,2.749,,6010.0,1.40223,1.07,Radial Velocity,2016.0,65.6668
BD+48 740 b,BD+48 740,13.5,,733.0,1.7,,4534.0,10.33,1.09,Radial Velocity,2018.0,666.589
K2-148 c,K2-148,1.73,,6.9226,0.0616,,4079.0,0.632,0.65,Transit,2018.0,124.458
K2-149 b,K2-149,1.64,,11.332,0.083,,3745.0,0.568,0.595,Transit,2018.0,123.676
KPS-1 b,KPS-1,11.54527,346.4347,1.706291,0.0269,1459.0,5165.0,0.907,0.892,Transit,2018.0,262.706
V830 Tau b,V830 Tau,14.0,222.481,4.927,0.057,,4250.0,2.0,1.0,Radial Velocity,2016.0,130.111
K2-233 b,K2-233,1.315,2.4,2.467583,0.03293,1127.0,4796.0,0.71,0.79,Transit,2018.0,67.5062
K2-211 b,K2-211,1.33162691,,0.669561,0.01419,1873.0,5117.0,0.818,0.851,Transit,2018.0,272.297
K2-221 b,K2-221,1.67890272,,2.399094,,,5716.0,0.947599,1.010842,Transit,2018.0,318.81
K2-215 b,K2-215,2.12381238,,8.269648,,,5704.0,0.974398,0.999987,Transit,2018.0,403.964
K2-217 b,K2-217,3.57854073,,14.074524,,,5967.0,1.333718,1.102661,Transit,2018.0,381.878
K2-183 d,K2-183,2.3,,22.620344,0.1527,615.0,5482.0,0.87,0.942219,Transit,2018.0,329.041
K2-163 b,K2-163,2.46610713,,6.673117,,,4937.0,0.762201,0.826112,Transit,2018.0,208.529
K2-162 b,K2-162,1.44,,9.45889,0.0795,631.0,4842.0,0.69,0.75,Transit,2018.0,124.433
K2-205 b,K2-205,1.99552771,,26.672263,,,5890.0,1.077574,0.951027,Transit,2018.0,405.301
K2-204 b,K2-204,3.17214154,,7.055908,0.0738,1148.0,5783.0,1.253,1.076,Transit,2018.0,577.235
HD 224018 c,HD 224018,2.42,10.4,36.57669,0.217,641.0,5784.0,1.147,1.013,Transit,2025.0,105.48
TOI-7510 b,TOI-7510,7.31,18.1,11.530869,0.1019,878.0,5720.0,1.035,1.063,Transit,2025.0,249.006
Kepler-37 d,Kepler-37,2.03,2.0,39.7922622,0.2109,499.0,5357.0,0.789,0.79,Transit,2013.0,63.9207
55 Cnc B b,55 Cnc B,1.69,,6.7994,0.044,,3286.0,0.274,0.26,Radial Velocity,2025.0,12.4773
55 Cnc B c,55 Cnc B,2.16,,33.747,0.13,,3286.0,0.274,0.26,Radial Velocity,2025.0,12.4773
Kepler-281 c,Kepler-281,5.31,161.124,36.337373,0.215,513.0,5723.0,0.899,0.95,Transit,2014.0,1745.45
Kepler-451 c,2MASS J19383260+4603591,13.5,,1460.0,,,29564.0,0.203,0.48,Eclipse Timing Variations,2022.0,396.332
Gl 49 b,Gl 49,2.24,,13.8508,0.0905,,3805.0,0.511,0.515,Radial Velocity,2019.0,9.8528
Kepler-805 b,Kepler-805,2.89,,30.8638931,0.19852,743.0,6112.0,1.65,1.19,Transit,2016.0,638.49
HD 110113 b,HD 110113,2.05,4.55,2.541,0.035,1371.0,5732.0,0.968,0.997,Transit,2021.0,106.307
Kepler-504 b,Kepler-504,1.59,,9.549275422,0.0646,374.0,3519.0,0.33,0.33,Transit,2016.0,99.0688
Kepler-277 b,Kepler-277,2.92,87.3,17.324,0.14168,964.0,5946.0,1.69,1.12,Transit,2013.0,976.643
HD 33844 c,HD 33844,13.5,,916.0,2.24,,4861.0,5.29,1.78,Radial Velocity,2015.0,105.779
HD 105779 b,HD 105779,14.1,,2412.0,3.38,,5792.0,0.94,0.89,Radial Velocity,2022.0,55.2411
Kepler-814 b,Kepler-814,2.12,,6.1469851,0.0695,1164.0,6162.0,1.22,1.15,Transit,2016.0,2055.77
Kepler-798 b,Kepler-798,2.39,,13.71933369,0.1174,864.0,6224.0,1.29,1.19,Transit,2016.0,972.274
HD 69123 b,HD 69123,13.1,982.08977763,1193.3,2.482,,4842.0,7.72,1.68,Radial Velocity,2022.0,75.116
TOI-1203 c,TOI-1203,2.2,,13.0766,,,5737.0,1.179,0.886,Radial Velocity,2025.0,64.9943
TOI-1478 b,TOI-1478,11.99360935,279.68899816,10.1802117,0.0818,918.0,5597.0,1.048,0.947,Transit,2021.0,152.892
Kepler-280 b,Kepler-280,1.45,,2.139542,0.032,1425.0,5744.0,0.886,0.962,Transit,2014.0,780.361
LP 261-75 b,LP 261-75 A,12.1,6674.396547,,450.0,1500.0,3138.0,0.308,0.22,Imaging,2006.0,33.928
Kepler-1859 c,Kepler-1859,1.66,,3.59645081,0.0473,1327.0,5887.0,1.235,1.09,Transit,2023.0,1331.25
TOI-1203 b,TOI-1203,1.52,3.51,4.1572888,0.04869,1361.2,5737.0,1.179,0.886,Radial Velocity,2025.0,64.9943
HD 93385 d,HD 93385,2.89,,45.85,0.2565,,5977.0,1.18484,1.04,Radial Velocity,2021.0,43.3475
Kepler-279 c,Kepler-279,4.3,49.4,35.736,0.2236,774.0,6689.45,1.07,1.1,Transit,2013.0,1037.4
HD 154088 b,HD 154088,2.46,,18.56,0.134,,5374.0,0.95,0.91,Radial Velocity,2021.0,18.2692
Kepler-286 b,Kepler-286,1.24,,1.796302,0.027,1367.0,5580.0,0.863,0.83,Transit,2014.0,1226.85
Kepler-896 b,Kepler-896,2.53,,144.547396,0.56378,303.0,5262.0,0.81,0.84,Transit,2016.0,2334.93
HD 19615 b,HD 19615,12.6,,402.0,1.1,,4263.0,32.3,1.1,Radial Velocity,2022.0,265.155
Kepler-809 b,Kepler-809,3.01,,55.63934,0.2901,478.0,5734.0,0.98,0.99,Transit,2016.0,961.405
HD 29399 b,HD 29399,13.5,,892.7,1.913,,4845.0,4.5,1.17,Radial Velocity,2022.0,44.1518
Kepler-788 b,Kepler-788,2.55,,8.39846269,0.0835,984.0,6159.0,1.23,1.16,Transit,2016.0,1775.8
Kepler-1988 b,Kepler-1988,1.53,,11.49500229,0.1038,1105.0,6033.0,1.788,1.127,Transit,2023.0,513.426
Kepler-1992 b,Kepler-1992,0.91,,15.6112238,0.1169,637.0,5383.0,0.842,0.874,Transit,2023.0,532.955
TOI-5713 b,TOI-5713,1.77,,10.441989,0.06008,347.2,3225.0,0.2992,0.2653,Transit,2024.0,40.8668
Kepler-1997 b,Kepler-1997,2.28,,26.7575866,0.1815,660.0,6215.0,1.052,1.111,Transit,2023.0,1502.34
Kepler-818 b,Kepler-818,5.11,,10.035385814,0.0886,786.0,5638.0,0.92,0.94,Transit,2016.0,925.037
Kepler-463 b,Kepler-463,3.05,,8.981016833,0.07925,880.0,5661.0,0.9,0.87,Transit,2016.0,394.804
Kepler-799 b,Kepler-799,6.88,,133.4605235,0.5167,433.0,5681.0,0.93,0.95,Transit,2016.0,1509.084
Kepler-139 d,Kepler-139,1.695,2.0,7.305699922,0.0755533961,972.0,5622.0,1.045,1.078,Transit,2023.0,391.038
Kepler-65 b,Kepler-65,1.42,2.4,2.15491,0.035,1740.0,6211.0,1.41,1.25,Transit,2012.0,303.728
HD 208487 b,HD 208487,14.3,,129.36,0.53,,6134.0,1.16,1.15,Radial Velocity,2004.0,45.147
Kepler-1643 b,Kepler-1643,2.32,,5.342657,0.0531,799.0,4916.0,0.855,0.845,Transit,2016.0,341.774
Kepler-80 e,Kepler-80,1.6,4.13,4.64489,0.0491,629.0,4540.0,0.678,0.73,Transit,2014.0,369.451
Kepler-1672 b,Kepler-1672,2.97022762,,150.878,0.55374,423.0,6131.95,1.08841,1.16,Transit,2020.0,391.181
Kepler-82 d,Kepler-82,1.77,885.098,2.382961,0.034,1253.0,5428.0,0.945,0.946,Transit,2014.0,904.326
Kepler-1162 c,Kepler-1162,1.81,,59.284064,0.2832,401.0,5225.0,0.859,0.861,Transit,2023.0,940.211
Kepler-1229 b,Kepler-1229,1.4,,86.828989,0.3006,212.0,3784.0,0.51,0.54,Transit,2016.0,265.482
Kepler-1837 b,Kepler-1837,2.06673842,,5.906089783,0.065,1012.0,5966.0,0.961,1.049,Transit,2021.0,1229.18
Kepler-406 b,Kepler-406,1.43,6.35,2.42629,0.03599,1302.0,5538.0,1.07,1.07,Transit,2014.0,364.03
Kepler-1855 b,Kepler-1855,1.216205,,0.727330983,0.0115,849.0,3460.0,0.356,0.385,Transit,2021.0,
Kepler-446 b,Kepler-446,1.5,,1.565409,0.0182,648.0,3359.0,0.24,0.22,Transit,2015.0,96.339
Kepler-231 b,Kepler-231,1.73,35.4,10.065275,0.074,488.0,3767.0,0.49,0.58,Transit,2014.0,316.618
Kepler-1232 b,Kepler-1232,1.93,,26.7839183,0.16545,523.0,5471.0,0.89,0.92,Transit,2016.0,632.865
Kepler-1168 b,Kepler-1168,2.5,,55.8226539,0.2663,379.0,5157.0,0.82,0.87,Transit,2016.0,752.666
Kepler-1680 b,Kepler-1680,1.35954736,,8.77424,0.07642,771.0,5021.0,0.723259,0.834,Transit,2020.0,310.315
Kepler-1831 b,Kepler-1831,1.97019818,,5.78387022,0.0655,1051.0,6063.0,1.012,1.117,Transit,2021.0,1053.49
Kepler-201 c,Kepler-201,2.85,,151.884058,0.573,378.0,6065.0,1.229,1.098,Transit,2014.0,636.445
Kepler-1785 b,Kepler-1785,2.70422447,,19.58550072,0.13917,666.0,5618.0,0.996,0.911,Transit,2021.0,745.74
Kepler-1152 b,Kepler-1152,0.87,,1.646801908,0.0223,806.0,3964.0,0.53,0.55,Transit,2016.0,215.233
Kepler-175 c,Kepler-175,3.1,,34.035257,0.213,583.0,6064.0,1.01,0.969,Transit,2014.0,1312.34
Kepler-1296 b,Kepler-1296,0.91,,8.3839865,0.0896,1285.0,5359.0,0.83,0.87,Transit,2016.0,1551.54
Kepler-1345 b,Kepler-1345,2.36,,44.6169557,0.26412,693.0,6449.0,1.55,1.32,Transit,2016.0,1355.02
Kepler-1798 b,Kepler-1798,2.30911251,,16.85589981,0.1082,408.0,3967.0,0.587,0.593,Transit,2021.0,395.196
Kepler-1187 b,Kepler-1187,2.61,,18.87064068,0.1401,701.0,5975.0,1.09,1.06,Transit,2016.0,1020.53
Kepler-430 b,Kepler-430,3.25,,35.968,0.2244,667.0,5884.0,1.485,1.166,Transit,2015.0,917.477
Kepler-385 c,Kepler-385,3.04,13.2,15.163161,0.127,829.0,6326.0,1.126,0.992,Transit,2014.0,1432.61
Kepler-1716 b,Kepler-1716,2.4247685,,35.58100128,0.18836,408.0,4894.0,0.684,0.753,Transit,2021.0,195.439
Kepler-1113 b,Kepler-1113,2.81,,42.3004954,0.2415,558.0,5931.0,1.17,1.12,Transit,2016.0,1073.88
Kepler-60 b,Kepler-60,1.71,4.19,7.1334,0.07255,1102.0,5905.0,1.257,1.041,Transit,2012.0,1025.1
Kepler-104 d,Kepler-104,3.58,,51.755394,0.257,515.0,5711.0,1.349,0.818,Transit,2014.0,400.785
Kepler-100 b,Kepler-100,1.34,4.01,6.88734,0.07309,1155.0,5837.0,1.51,1.13,Transit,2014.0,304.645
Kepler-1190 b,Kepler-1190,1.33,,10.45843441,0.0845,609.0,4730.0,0.72,0.76,Transit,2016.0,342.509
Kepler-1823 b,Kepler-1823,2.0861268,,21.10339928,0.15332,718.0,6000.0,1.126,1.068,Transit,2021.0,724.971
Kepler-1833 b,Kepler-1833,1.30027362,,6.892129898,0.07545,1177.0,6164.0,1.446,1.286,Transit,2021.0,591.602
Kepler-1211 b,Kepler-1211,2.55,,11.01816836,0.09763,840.0,5705.0,0.94,0.96,Transit,2016.0,1826.53
Kepler-1685 b,Kepler-1685,2.57673985,,20.4905,0.1485,625.0,5484.0,0.835451,0.96,Transit,2020.0,1141.89
Kepler-182 b,Kepler-182,2.58,,9.825792,0.096,935.0,6250.0,1.146,1.114,Transit,2014.0,1549.09
Kepler-514 b,Kepler-514,1.72,,5.65179605,0.06559,1248.0,6106.0,1.44,1.28,Transit,2016.0,455.336
Kepler-515 b,Kepler-515,1.46,,19.96371318,0.1333,564.0,5293.0,0.83,0.9,Transit,2016.0,255.0
Kepler-1143 b,Kepler-1143,1.67,,2.888904849,0.0371,976.0,5053.0,0.77,0.81,Transit,2016.0,555.189
Kepler-110 c,Kepler-110,2.21,,31.719775,0.198,743.0,5960.0,1.149,0.989,Transit,2014.0,586.531
Kepler-1088 b,Kepler-1088,1.42,,23.12748644,0.16163,667.0,5975.0,1.08,1.08,Transit,2016.0,280.629
Kepler-362 c,Kepler-362,1.45,,37.866281,0.207,543.0,5788.0,0.722,0.904,Transit,2014.0,1090.51
Kepler-1145 b,Kepler-1145,1.4,,3.97076766,0.0443,958.0,5064.0,0.75,0.79,Transit,2016.0,691.961
Kepler-1242 b,Kepler-1242,2.26,,13.62798432,0.1039,639.0,4895.0,0.74,0.77,Transit,2016.0,687.615
KOI-2513.01,KOI-2513,2.80224517,7310.053361,19.00547,0.5,758.0,5900.0,1.2,0.91,Transit,2023.0,1369.87
Kepler-1302 b,Kepler-1302,1.43,,8.83922659,0.0795,778.0,5236.0,0.82,0.86,Transit,2016.0,634.58
Kepler-401 b,Kepler-401,1.71,,14.383035,0.122,889.0,6117.0,1.333,1.173,Transit,2014.0,965.56
K2-338 b,K2-338,1.03,,3.850614,,783.0,4558.0,0.63,0.66,Transit,2021.0,156.951
Kepler-1691 b,Kepler-1691,1.83470985,,3.8482,0.0495,1283.0,6000.0,1.13152,1.11,Transit,2020.0,1267.67
Kepler-1193 b,Kepler-1193,1.32,,2.832652134,0.04004,1453.0,5908.0,1.21,1.08,Transit,2016.0,802.116
Kepler-144 c,Kepler-144,1.35,,10.104665,0.094,1046.0,6075.0,1.235,1.154,Transit,2014.0,384.917
Kepler-519 b,Kepler-519,2.1,,24.3078946,0.15932,532.0,5260.0,0.8,0.89,Transit,2016.0,246.61
Kepler-167 d,Kepler-167,1.238,,21.80379,0.1404,538.0,4884.0,0.749,0.777,Transit,2016.0,341.908
Kepler-395 c,Kepler-395,1.32,,34.989262,0.177,341.0,4262.0,0.556,0.622827,Transit,2014.0,421.382
Kepler-206 b,Kepler-206,1.2,,7.781987,0.078,983.0,5764.0,1.185,0.957,Transit,2014.0,594.447
Kepler-1091 b,Kepler-1091,1.46,,1.434741564,0.0252,1664.0,5851.0,1.03,1.01,Transit,2016.0,914.299
Kepler-380 b,Kepler-380,1.19,,3.930821,0.05,1317.0,6045.0,1.224,0.99,Transit,2014.0,813.713
Kepler-1267 b,Kepler-1267,3.01,,13.0313945,0.1057,774.0,6096.0,1.2,1.15,Transit,2016.0,1379.43
Kepler-1282 b,Kepler-1282,1.55,,2.131946513,0.0335,1418.0,5504.0,0.89,0.92,Transit,2016.0,1103.29
Kepler-1353 b,Kepler-1353,1.8,,24.7543966,0.153,491.0,4776.0,0.72,0.76,Transit,2016.0,593.384
Kepler-116 c,Kepler-116,2.3,,13.07163,0.116,964.0,6142.0,1.454,1.198,Transit,2014.0,955.168
Kepler-145 b,Kepler-145,2.65,37.1,22.951,0.17308,873.0,6022.0,1.85,1.32,Transit,2013.0,566.85
Kepler-403 b,Kepler-403,1.25,,7.031462,0.076,1194.0,6090.0,1.329,1.299,Transit,2014.0,840.269
Kepler-957 b,Kepler-957,5.5,,5.907413537,0.0559,769.0,4963.0,0.75,0.81,Transit,2016.0,824.688
Kepler-85 b,Kepler-85,1.778,1.84,8.3,0.07885,809.0,5505.2,0.875,0.928,Transit,2012.0,765.025
Kepler-36 c,Kepler-36,3.679,7.13,16.21865,0.12692,928.0,5979.0,1.634,1.034,Transit,2012.0,527.956
Kepler-510 b,Kepler-510,2.47,,19.55659418,0.1352,797.0,5746.0,1.41,0.91,Transit,2016.0,386.177
Kepler-1250 b,Kepler-1250,1.92,,2.607543834,0.0393,1431.0,5717.0,0.98,0.99,Transit,2016.0,2126.85
TOI-1634 b,TOI-1634,1.759,4.9,0.98934551,0.01544,900.0,3550.0,0.45,0.502,Transit,2021.0,35.2736
Kepler-285 c,Kepler-285,1.12,,6.186676,0.064,851.0,5411.0,0.808,0.915,Transit,2014.0,824.31
Kepler-161 c,Kepler-161,2.05,3.61,7.06424,0.068,769.0,5078.0,0.806,0.853,Transit,2014.0,434.632
Kepler-187 b,Kepler-187,1.41,,4.938864,0.059,1244.0,6105.0,1.287,1.081,Transit,2014.0,1143.0
Kepler-1880 b,Kepler-1880,2.11686218,,6.309219837,0.054,606.0,4380.0,0.53,0.524,Transit,2021.0,611.041
Kepler-367 b,Kepler-367,1.3,,37.815724,0.201,401.0,4710.0,0.695,0.768,Transit,2014.0,188.027
Kepler-384 b,Kepler-384,1.12,,22.597053,0.148,670.0,5577.0,0.882,0.882,Transit,2014.0,895.678
Kepler-1842 b,Kepler-1842,2.35388681,,14.02639961,0.116,822.0,5970.0,1.131,1.057,Transit,2021.0,923.551
Kepler-172 d,Kepler-172,2.25,,14.627119,0.118,736.0,5526.0,1.085,1.081,Transit,2014.0,828.592
Kepler-1272 b,Kepler-1272,2.37,,51.1309704,0.2705,542.0,5926.0,1.09,1.06,Transit,2016.0,1206.37
KMT-2021-BLG-0171L b,KMT-2021-BLG-0171L,3.35,11.2,,3.5,,5200.0,,0.78,Microlensing,2022.0,4600.0
Kepler-1312 b,Kepler-1312,2.1,,5.448325286,0.06053,978.0,5719.0,0.92,0.99,Transit,2016.0,299.104
Kepler-1336 b,Kepler-1336,1.98,,23.198681,0.15845,793.0,5512.0,1.3,0.94,Transit,2016.0,1126.64
Kepler-1829 b,Kepler-1829,2.47887001,,5.186719894,0.0559,860.0,5230.0,0.777,0.873,Transit,2021.0,679.921
Kepler-1313 b,Kepler-1313,1.76,,3.833091178,0.04619,1012.0,5453.0,0.85,0.92,Transit,2016.0,174.234
Kepler-114 d,Kepler-114,2.53,3.9,11.776,0.08358,446.0,4660.0,0.54,0.56,Transit,2013.0,259.533
Kepler-293 c,Kepler-293,3.83,,54.155743,0.286,466.0,5804.0,0.957,0.934,Transit,2014.0,974.633
Kepler-370 c,Kepler-370,1.91,,19.02293,0.14,647.0,5852.0,0.9,0.982,Transit,2014.0,1167.94
Kepler-1142 b,Kepler-1142,1.47,,18.3027248,0.1343,902.0,5685.0,0.96,0.97,Transit,2016.0,1273.51
Kepler-1808 b,Kepler-1808,3.02511302,,23.3404007,0.1467,601.0,5530.0,0.892,0.773,Transit,2021.0,1022.01
Kepler-1682 b,Kepler-1682,2.88940836,,14.8334,0.1134,694.0,5619.12,0.842301,0.99,Transit,2020.0,1159.85
Kepler-1811 b,Kepler-1811,3.84829873,,76.42230225,0.3462,455.0,5561.0,1.19,0.946,Transit,2021.0,1390.56
Kepler-1885 b,Kepler-1885,1.51110555,,2.522559881,0.036,1205.0,5591.0,0.86,0.977,Transit,2021.0,818.482
Kepler-349 c,Kepler-349,1.96,,12.247629,0.105,763.0,5956.0,0.927,1.083,Transit,2014.0,940.724
Kepler-1155 b,Kepler-1155,2.03,,33.469743,0.2006,609.0,5842.0,1.03,1.03,Transit,2016.0,1128.72
Kepler-481 b,Kepler-481,2.5,,10.06082567,0.08926,899.0,5802.0,1.09,1.01,Transit,2016.0,813.724
KMT-2021-BLG-0119L b,KMT-2021-BLG-0119L,12.8,1754.41280664,,2.92,,,,0.56,Microlensing,2022.0,3130.0
KMT-2022-BLG-0440L b,KMT-2022-BLG-0440L,4.05,15.4,,1.9,,,,0.53,Microlensing,2023.0,3500.0
Kepler-1163 b,Kepler-1163,1.03,,6.11786898,0.06868,1211.0,6302.0,1.35,1.22,Transit,2016.0,478.647
Kepler-530 b,Kepler-530,3.01,,39.30941904,0.21491,488.0,5697.0,0.89,0.97,Transit,2016.0,457.709
Kepler-292 b,Kepler-292,1.32,,2.580827,0.035,1130.0,5299.0,0.826,0.865,Transit,2014.0,1056.48
Kepler-1816 b,Kepler-1816,1.9679397,,91.50099945,0.35647,310.0,5051.0,0.706,0.786,Transit,2021.0,437.823
Kepler-1819 b,Kepler-1819,3.90351256,,16.48690033,0.1337,760.0,6090.0,1.071,1.173,Transit,2021.0,1363.19
Kepler-85 d,Kepler-85,1.2,8.69679,17.91323,0.13,626.0,5436.0,0.893,0.947,Transit,2014.0,765.025
TOI-3984 A b,TOI-3984 A,7.9,44.0,4.353326,0.041,563.0,3476.0,0.47,0.49,Transit,2023.0,108.883
Kepler-100 e,Kepler-100,5.27,,60.888588,0.312391586,,5884.0,1.5,1.097,Radial Velocity,2023.0,304.645
Kepler-357 d,Kepler-357,3.43,,49.499875,0.246,402.0,5036.0,0.834,0.794,Transit,2014.0,688.573
Kepler-1692 b,Kepler-1692,1.11177184,,5.95966,0.0646,897.0,5146.0,0.866139,0.87,Transit,2020.0,591.019
Kepler-1678 b,Kepler-1678,3.30422249,,147.974,0.5302,329.0,5754.0,0.834976,1.03,Transit,2020.0,847.339
Kepler-1390 b,Kepler-1390,1.18,,6.48021673,0.0662,934.0,5753.0,0.98,0.98,Transit,2016.0,723.431
Kepler-355 b,Kepler-355,1.46,,11.03189,0.102,840.0,6184.0,1.066,0.933,Transit,2014.0,1432.17
Kepler-331 b,Kepler-331,1.82,,8.457496,0.065,540.0,4347.0,0.492,0.653,Transit,2014.0,580.119
Kepler-350 c,Kepler-350,3.1,6.1,17.849,0.1385,888.0,6492.3,1.25,1.0,Transit,2013.0,956.859
Kepler-55 c,Kepler-55,2.21,69.8,42.1516418,0.2095,349.0,4362.0,0.58,0.62,Transit,2012.0,578.796
2MASS J11011926-7732383 b,2MASS J11011926-7732383,11.9,8899.195396,,266.0,2677.0,,,,Imaging,2024.0,
HIP 77900 b,HIP 77900,12.1,6674.396547,,3319.0,2507.0,13646.0,,,Imaging,2024.0,150.862
Kepler-1370 b,Kepler-1370,1.84,,20.2641684,0.15763,770.0,6202.0,1.29,1.19,Transit,2016.0,1004.1
Kepler-417 b,Kepler-417,2.31,11.0,12.331,0.1006,671.0,5177.0,0.806,0.9,Transit Timing Variations,2014.0,973.989
UCAC4 328-061594 b,UCAC4 328-061594,12.1,6674.396547,,19000.0,,,,1.19,Imaging,2024.0,39.9089
UCAC3 113-933 b,UCAC3 113-933,12.1,6674.396547,,6100.0,,3864.0,0.564484,0.61,Imaging,2024.0,52.5829
Kepler-363 c,Kepler-363,1.69,66.4,7.542427,0.079,1054.0,5593.0,1.485,1.226,Transit,2014.0,762.596
Kepler-1032 b,Kepler-1032,1.87,,3.290117953,0.0361,802.0,4647.0,0.71,0.77,Transit,2016.0,673.01
HD 48948 b,HD 48948,2.06,,7.34013,0.0652,957.0,4593.0,0.679,0.686,Radial Velocity,2024.0,16.9043
HD 48948 d,HD 48948,3.24,,151.92,0.4894,349.0,4593.0,0.679,0.686,Radial Velocity,2024.0,16.9043
Kepler-272 b,Kepler-272,1.43,78.0,2.971353,0.038,1200.0,5297.0,0.929,0.91,Transit,2014.0,889.608
TIC 241249530 b,TIC 241249530,13.29385111,1582.78546686,165.7719,0.641,,6166.0,1.397,1.271,Transit,2024.0,324.448
Kepler-1375 b,Kepler-1375,1.74,,3.3004192,0.0471,1543.0,6704.0,1.78,1.47,Transit,2016.0,1430.84
Kepler-125 c,Kepler-125,0.74,,5.774464,0.051,529.0,3810.0,0.512,0.542101,Transit,2014.0,183.365
Kepler-1130 d,Kepler-1130,0.64472273,,4.272250175,0.05068,981.0,5450.0,0.842,0.944,Transit,2021.0,249.343
TOI-4443.01,TOI-4443,1.7193265,,1.8498567,0.029962645,1638.82,5834.0,1.01733,1.049133,Transit,2024.0,56.0739
Kepler-1059 b,Kepler-1059,1.73,,3.764191048,0.044,908.0,4906.0,0.72,0.75,Transit,2016.0,713.167
Kepler-237 b,Kepler-237,1.41,,4.715106,0.05,823.0,4861.0,0.725,0.696,Transit,2014.0,657.822
NGTS-6 b,NGTS-6,14.863134,425.57437,0.882059,0.01677,1283.9,4730.0,0.754,0.767,Transit,2019.0,308.262
NGTS-32 b,NGTS-32,15.91675259,181.16219199,3.31211,0.044,1750.0,5680.0,1.85,1.07,Transit,2025.0,837.457
Kepler-266 c,Kepler-266,3.89,,107.723601,0.457,421.0,5885.0,1.028,0.947,Transit,2014.0,1370.79
Kepler-164 c,Kepler-164,2.73,,10.945723,0.097,881.0,5888.0,1.148,1.036,Transit,2014.0,890.758
K2-365 b,K2-365,2.906,,23.448172,,,5561.0,1.051,0.823,Transit,2022.0,187.222
TOI-5344 b,TOI-5344,10.60369574,130.945303684,3.792622,0.04041,689.0,3747.0,0.588,0.612,Transit,2023.0,138.367
K2-354 b,K2-354,1.56,,3.793306,,543.0,3669.0,0.41,0.43,Transit,2021.0,91.722
K2-345 b,K2-345,2.11,,10.367437,,437.0,3779.0,0.52,0.56,Transit,2021.0,162.408
Kepler-985 b,Kepler-985,2.98,,116.331901,0.44664,323.0,5434.0,0.85,0.91,Transit,2016.0,679.361
Kepler-127 d,Kepler-127,2.64,,48.630408,0.28,590.0,6106.0,1.359,1.248,Transit,2014.0,352.794
Kepler-275 d,Kepler-275,3.33,,35.676062,0.224,671.0,6165.0,1.383,1.189,Transit,2014.0,2034.25
Kepler-335 b,Kepler-335,3.39,,6.562331,0.075,1290.0,5877.0,1.854,1.367,Transit,2014.0,1278.97
Kepler-344 b,Kepler-344,2.61,,21.963945,0.153,643.0,5774.0,0.976,0.931,Transit,2014.0,1002.94
Kepler-969 b,Kepler-969,2.07,,34.1731714,0.19726,465.0,5214.0,0.82,0.92,Transit,2016.0,390.354
Kepler-329 c,Kepler-329,1.93,,18.684737,0.113,402.0,4257.0,0.523,0.602,Transit,2014.0,439.719
Kepler-325 b,Kepler-325,2.91,,4.544439,0.053,1017.0,5752.0,1.003,0.914,Transit,2014.0,823.242
Kepler-1800 b,Kepler-1800,0.99679734,,4.562029839,0.05098,1533.0,5343.0,2.506,1.33,Transit,2021.0,350.455
Kepler-365 b,Kepler-365,2.04,,10.664903,0.098,865.0,6012.0,1.048,1.02,Transit,2014.0,1038.99
Kepler-1069 b,Kepler-1069,1.6,,23.8990296,0.16587,823.0,5722.0,0.98,0.99,Transit,2016.0,695.967
Kepler-345 b,Kepler-345,0.74,0.48,7.415563,0.066,622.0,4504.0,0.623,0.61,Transit,2014.0,260.0
Kepler-382 c,Kepler-382,1.59,,12.162701,0.097,882.0,5600.0,0.945,1.002,Transit,2014.0,935.446
Kepler-544 b,Kepler-544,2.12,,21.41616926,0.15482,748.0,6206.0,1.22,1.16,Transit,2016.0,963.18
Kepler-1912 b,Kepler-1912,1.35670508,,6.059219837,0.06489,976.0,5734.0,0.962,0.977,Transit,2021.0,297.017
Kepler-240 c,Kepler-240,2.2,102.3,7.953528,0.074,696.0,4985.0,0.739,0.868,Transit,2014.0,746.927
Kepler-332 c,Kepler-332,1.09,,15.995622,0.114,550.0,4955.0,0.72,0.743,Transit,2014.0,344.19
Kepler-424 b,Kepler-424,9.98,327.35,3.3118644,0.044,1116.0,5460.0,0.94,1.01,Transit,2014.0,698.646
Kepler-207 b,Kepler-207,1.57,,1.611865,0.029,1930.0,5920.0,1.588,1.313,Transit,2014.0,875.519
Kepler-219 c,Kepler-219,3.58,,22.714613,0.165,766.0,5786.0,1.491,1.164,Transit,2014.0,787.07
Kepler-223 c,Kepler-223,3.44,5.1,9.84564,0.09117,947.0,5803.0,1.72,1.125,Transit,2014.0,1859.71
Kepler-402 e,Kepler-402,1.46,,11.242861,0.102,931.0,6090.0,1.264,1.072,Transit,2014.0,625.339
Kepler-1895 b,Kepler-1895,2.11934728,,6.070290089,0.0615,789.0,5076.0,0.763,0.86,Transit,2021.0,984.187
Kepler-1909 b,Kepler-1909,1.09217411,,2.391609907,0.0306,1031.0,4935.0,0.685,0.663,Transit,2021.0,763.662
Kepler-1953 b,Kepler-1953,1.28574667,,6.245659828,0.0607,731.0,4858.0,0.707,0.786,Transit,2021.0,605.631
Kepler-168 c,Kepler-168,2.69,,13.193242,0.116,862.0,6282.0,1.107,1.113,Transit,2014.0,1343.6
Kepler-634 b,Kepler-634,1.89,,5.16950177,0.05765,1309.0,6075.0,1.24,1.03,Transit,2016.0,888.027
TOI-663 c,TOI-663,2.26,3.65,4.6955507,0.0437,553.0,3681.0,0.512,0.514,Transit,2024.0,64.2308
TOI-1634 c,TOI-1634,,,103.0,,,3472.0,0.45,0.451,Radial Velocity,2022.0,35.2736
Kepler-238 d,Kepler-238,3.07,23.1,13.233549,0.115,888.0,5751.0,1.43,1.229,Transit,2014.0,1798.75
Kepler-224 d,Kepler-224,2.3,,11.349393,0.089,610.0,5018.0,0.676,0.777,Transit,2014.0,782.088
Kepler-1499 b,Kepler-1499,1.19,,44.2008,0.23225,409.0,5097.0,0.78,0.82,Transit,2016.0,309.869
Kepler-850 b,Kepler-850,1.78,,7.19303878,0.0744,995.0,5932.0,1.09,1.06,Transit,2016.0,1661.28
HIP 79098 AB b,HIP 79098 AB,12.1,6515.515,,345.0,2450.0,9193.75,,3.75,Imaging,2019.0,145.798
Kepler-851 b,Kepler-851,1.68,,8.50699658,0.0802,900.0,5455.0,0.85,0.89,Transit,2016.0,839.255
KMT-2024-BLG-2242L b,KMT-2024-BLG-2242L,3.82,13.984449908,,0.89,,,,0.069,Microlensing,2025.0,7620.0
Kepler-241 c,Kepler-241,2.57,,36.065978,0.189,397.0,4699.0,0.668,0.671,Transit,2014.0,512.0
Kepler-249 b,Kepler-249,1.09,,3.306539,0.035,554.0,3568.0,0.482,0.510238,Transit,2014.0,190.401
Kepler-325 d,Kepler-325,2.79,,38.715185,0.22,498.0,5752.0,1.003,0.914,Transit,2014.0,823.242
Kepler-149 b,Kepler-149,4.21,,29.198943,0.184,540.0,5381.0,0.953,1.013,Transit,2014.0,571.034
Kepler-1473 b,Kepler-1473,1.19,,14.4273551,0.11606,783.0,6046.0,1.09,1.09,Transit,2016.0,652.253
Kepler-1501 b,Kepler-1501,1.56,,14.5564533,0.11592,787.0,6229.0,1.3,1.2,Transit,2016.0,749.06
EPIC 212737443 c,EPIC 212737443,2.69,,65.55,0.28,316.0,4684.0,0.673,0.69,Transit,2019.0,336.25
Kepler-476 b,Kepler-476,3.08,,14.00640607,0.1126,807.0,5837.0,1.09,1.03,Transit,2016.0,813.535
GJ 740 b,GJ 740,1.53,,2.37756,0.029,829.0,3913.0,0.56,0.58,Radial Velocity,2021.0,11.1017
Kepler-838 b,Kepler-838,2.73,,15.74957994,0.1266,777.0,5770.0,0.96,0.98,Transit,2016.0,1104.04
TOI-4640 b,TOI-4640,2.84326517,,2.68566015238,,1378.86,5743.01,1.06715,1.1,Transit,2026.0,245.089
HATS-30 b,HATS-30,13.170575,224.38798,3.1743516,0.04354,1414.0,5943.0,1.061,1.093,Transit,2016.0,342.14
Kepler-1949 b,Kepler-1949,2.21964541,,2.208280087,0.0352,1709.0,6028.0,1.454,1.194,Transit,2021.0,2617.35
Kepler-1954 b,Kepler-1954,1.80235934,,5.883430004,0.0625,949.0,5840.0,0.849,0.942,Transit,2021.0,1373.83
Kepler-238 e,Kepler-238,5.6,169.7,23.654,0.17286,731.0,5800.0,0.96,1.06,Transit,2013.0,1798.75
Kepler-1917 b,Kepler-1917,1.88971288,,12.90240002,0.103,675.0,5530.0,0.788,0.882,Transit,2021.0,909.037
Kepler-1710 b,Kepler-1710,3.19744103,,14.91110039,0.11583,694.0,5650.0,0.899,0.932,Transit,2021.0,305.193
Kepler-342 c,Kepler-342,1.96,,26.234138,0.185,754.0,6175.0,1.472,1.213,Transit,2014.0,781.611
K2-367 b,K2-367,2.413,,20.645099,,,4348.0,0.625,0.756,Transit,2022.0,176.965
Kepler-106 c,Kepler-106,2.5,10.44,13.5708,0.10987,785.0,5858.0,1.04,1.0,Transit,2014.0,444.322
Kepler-837 b,Kepler-837,2.56,,16.56059504,0.1144,701.0,5403.0,0.81,0.85,Transit,2016.0,901.907
Kepler-273 c,Kepler-273,1.98,,8.014927,0.073,865.0,5626.0,0.815,0.756,Transit,2014.0,713.964
Kepler-1391 b,Kepler-1391,1.68,,54.4092333,0.30045,513.0,5840.0,1.1,1.03,Transit,2016.0,1038.35
Kepler-1543 b,Kepler-1543,2.71,,6.96710269,0.0867,1774.0,6561.0,1.65,1.39,Transit,2016.0,921.784
Kepler-1580 b,Kepler-1580,2.11,,56.6449279,0.33571,733.0,6228.0,2.15,1.47,Transit,2016.0,1002.02
Kepler-621 b,Kepler-621,2.3,,2.628113746,0.031,737.0,4521.0,0.68,0.72,Transit,2016.0,389.0
Kepler-150 c,Kepler-150,3.69,,7.381998,0.073,876.0,5560.0,0.939,0.956,Transit,2014.0,891.092
Kepler-1476 b,Kepler-1476,1.67,,10.35863224,0.0932,860.0,5663.0,0.96,0.98,Transit,2016.0,1002.74
GJ 682 c,GJ 682,2.89,,57.32,0.176,,3028.0,0.298255,0.27,Radial Velocity,2014.0,5.00671
7 CMa c,7 CMa,13.9,,996.0,2.153,,4826.0,4.87,1.34,Radial Velocity,2019.0,19.8101
Kepler-301 b,Kepler-301,1.35,,2.508553,0.036,1278.0,5815.0,0.9,1.022,Transit,2014.0,719.166
Kepler-1749 b,Kepler-1749,1.61301783,,14.53409958,0.0956,420.0,3957.0,0.553,0.551,Transit,2021.0,268.2
BD+55 362 b,BD+55 362,14.0,,265.59,0.78,,5012.0,0.896193,0.909,Radial Velocity,2021.0,52.5697
HD 124330 b,HD 124330,14.0,,270.66,0.86,,5873.0,1.30446,1.15,Radial Velocity,2021.0,60.1977
Kepler-327 c,Kepler-327,1.03,20.3,5.212333,0.047,537.0,3799.0,0.492,0.591913,Transit,2014.0,241.987
Kepler-329 b,Kepler-329,1.4,,7.416397,0.061,547.0,4257.0,0.523,0.602,Transit,2014.0,439.719
Kepler-336 c,Kepler-336,2.1,,9.600001,0.092,967.0,5867.0,1.304,1.09,Transit,2014.0,768.86
Kepler-1392 b,Kepler-1392,1.96,,15.1410397,0.1189,714.0,5479.0,0.85,0.88,Transit,2016.0,1117.0
Kepler-1934 b,Kepler-1934,0.91307734,,1.419759989,0.02466,1700.0,5925.0,1.035,0.968,Transit,2021.0,428.514
Kepler-1965 b,Kepler-1965,1.35415138,,41.86869812,0.22971,492.0,5852.0,0.837,0.928,Transit,2021.0,521.791
Kepler-1696 b,Kepler-1696,2.80982017,,65.9409,0.3244,454.0,5712.0,1.19811,1.02,Transit,2020.0,1506.36
Kepler-1660 AB b,Kepler-1660 A,12.9,1586.599407744,239.5044,0.8,,6305.24,1.491,1.1366,Eclipse Timing Variations,2023.0,1188.54
WASP-167 b,WASP-167,17.71022,2542.64,2.0219596,0.0365,2329.0,7000.0,1.79,1.59,Transit,2017.0,423.552
Kepler-299 c,Kepler-299,2.65,,6.885875,0.07,946.0,5617.0,1.032,1.004,Transit,2014.0,1052.24
HD 213472 b,HD 213472,13.1,,17000.0,13.0,,5729.54,1.433902,1.048132,Radial Velocity,2021.0,64.4527
HD 26161 b,HD 26161,11.9,9045.39646322,10942.29013,10.087,,6057.62,1.455981,1.12,Radial Velocity,2021.0,40.9128
Kepler-304 e,Kepler-304,1.2,,1.499146953,0.02317,1137.0,4817.0,0.73,0.8,Transit,2016.0,434.684
Kepler-341 e,Kepler-341,1.99,,42.473269,0.242,539.0,6012.0,1.024,0.976,Transit,2014.0,1047.03
Kepler-27 d,Kepler-27,2.7061946,,6.546289921,0.06578,810.0,5251.0,0.817,0.926,Transit,2021.0,1044.36
Kepler-341 b,Kepler-341,1.18,,5.195528,0.06,1085.0,6012.0,1.024,0.976,Transit,2014.0,1047.03
Kepler-1935 b,Kepler-1935,2.50271696,,3.951400042,0.0463,1083.0,5570.0,0.899,0.845,Transit,2021.0,904.702
Kepler-80 b,Kepler-80,2.67,6.93,7.05246,0.0648,547.0,4540.0,0.678,0.73,Transit,2012.0,369.451
GJ 229 A c,GJ 229,2.87,,121.93268,0.384,,3564.0,0.46,0.509,Radial Velocity,2020.0,5.75624
GJ 720 A b,GJ 720 A,3.77,,19.466,0.119,401.0,3837.0,0.56,0.57,Radial Velocity,2021.0,15.5575
Kepler-94 b,Kepler-94,3.51,10.84,2.50806,0.03377,997.0,4781.0,0.76,0.81,Transit,2014.0,191.904
Kepler-305 c,Kepler-305,3.3,6.0,8.291,0.07568,728.0,5080.0,0.8,0.76,Transit,2013.0,868.477
Kepler-279 d,Kepler-279,3.1,37.5,54.414,0.2901,574.0,6689.45,1.07,1.1,Transit,2013.0,1037.4
Kepler-770 c,Kepler-770,1.2,,1.475322314,0.0309,2740.0,5598.0,0.92,0.94,Transit,2016.0,930.457
Kepler-1397 b,Kepler-1397,1.72,,47.449955,0.25861,551.0,6026.0,1.12,1.09,Transit,2016.0,1198.25
Kepler-169 d,Kepler-169,1.25,,8.348125,0.075,702.0,4997.0,0.763,0.825,Transit,2014.0,406.529
Kepler-438 b,Kepler-438,1.12,,35.23319,0.166,288.0,3748.0,0.52,0.544,Transit,2015.0,195.94287175
Kepler-201 b,Kepler-201,2.46,,25.672083,0.175,683.0,6065.0,1.229,1.098,Transit,2014.0,636.445
K2-347 b,K2-347,2.41,,7.187257,,640.0,4599.0,0.63,0.66,Transit,2021.0,320.336
Kepler-298 b,Kepler-298,1.96,,10.475464,0.08,540.0,4465.0,0.582,0.66,Transit,2014.0,518.204
KIC 8121913 b,KIC 8121913,13.4,,3.294601,,,5975.3,2.233,1.456,Orbital Brightness Modulation,2021.0,707.303
HD 80869 b,HD 80869,12.8,1609.800881455,1752.92067,2.905,203.2,5837.0,1.062,1.06,Radial Velocity,2021.0,85.3951
Kepler-305 e,Kepler-305,1.7938153,,3.20538,0.04017,1000.0,4974.0,0.827279,0.82,Transit,2020.0,868.477
Kepler-101 b,Kepler-101,5.77,51.1,3.4876812,0.0474,1513.0,5667.0,1.56,1.17,Transit,2014.0,927.981
Kepler-295 d,Kepler-295,1.36,,33.884054,0.192,533.0,5603.0,0.898,0.89,Transit,2014.0,1699.19
Kepler-295 c,Kepler-295,1.17,,21.526258,0.142,621.0,5603.0,0.898,0.89,Transit,2014.0,1699.19
Kepler-1889 b,Kepler-1889,2.94360686,,37.30369949,0.2082,493.0,5646.0,0.817,0.864,Transit,2021.0,1395.13
Kepler-1547 b,Kepler-1547,0.9,,0.692979676,0.01556,3186.0,6078.0,1.18,1.12,Transit,2016.0,674.695
Kepler-1620 b,Kepler-1620,1.61,,101.951829,0.4322,428.0,6157.0,1.23,1.15,Transit,2016.0,895.069
TOI-4662 b,TOI-4662,2.87998299,,4.70343764575,,741.0,4520.41,0.69375,0.703,Transit,2026.0,111.047
CoRoT-30 b,CoRoT-30,11.309881,921.707,9.06005,0.0844,,5650.0,0.91,0.98,Transit,2020.0,1032.23
CoRoT-31 b,CoRoT-31,16.36514,266.9772,4.62941,0.0586,,5700.0,2.15,1.25,Transit,2020.0,2005.76
Kepler-69 c,Kepler-69,1.71,,242.4613,0.64,299.0,5638.0,0.93,0.81,Transit,2013.0,730.625
Kepler-431 b,Kepler-431,0.764,,6.803,0.0719,1032.0,6004.0,1.092,1.071,Transit,2015.0,486.546
Kepler-196 d,Kepler-196,2.66065673,,122.0800018,0.4545,297.0,5132.0,0.77,0.805,Transit,2021.0,451.312
Kepler-1609 b,Kepler-1609,2.22,,114.34219,0.4679,429.0,6132.0,1.27,1.18,Transit,2016.0,1826.04
Kepler-1968 b,Kepler-1968,1.50004034,,7.281099796,0.0696,744.0,5008.0,0.788,0.844,Transit,2021.0,750.93
Kepler-1047 c,Kepler-1047,0.99,,3.18897601,0.04413,1309.0,5754.0,1.13,1.08,Transit,2016.0,817.647
HD 164922 d,HD 164922,1.83,,12.458,0.103,,5390.0,0.946,0.926,Radial Velocity,2020.0,22.0016
Kepler-88 d,KOI-142,13.1,,1403.0,2.466329866,,5466.0,0.897,0.99,Radial Velocity,2020.0,376.863
EPIC 201427007 b,EPIC 201427007,1.5,,0.72091,,,5633.0,0.94,0.93,Transit,2021.0,706.391
EPIC 212624936 b,EPIC 212624936,1.2,,0.578657,,,5765.0,0.93,1.0,Transit,2021.0,561.929
K2-133 b,K2-133,1.34,,3.07133,0.03194,,3655.0,0.455,0.461,Transit,2017.0,75.1703
Kepler-84 f,Kepler-84,2.2,,44.552169,0.25,572.0,6031.0,1.169,1.06,Transit,2014.0,1023.9
Kepler-117 c,Kepler-117,12.341,584.78,50.790391,0.2804,704.0,6150.0,1.606,1.129,Transit,2014.0,1455.57
Kepler-1550 b,Kepler-1550,3.02,,225.582809,0.7681,348.0,5991.0,1.11,1.07,Transit,2016.0,1179.01
Kepler-443 b,Kepler-443,2.33,,177.6693,0.495,233.0,4723.0,0.706,0.738,Transit,2015.0,802.271
HATS-4 b,HATS-4,11.433,420.471,2.516729,0.0362,1315.0,5403.0,0.925,1.001,Transit,2014.0,416.459
Kepler-160 d,Kepler-160,,100.0,30.0,0.17,,5471.0,1.118,1.003,Transit Timing Variations,2020.0,937.013
Kepler-1517 b,Kepler-1517,9.76,,5.546083665,0.078,2336.0,7010.0,1.95,1.58,Transit,2016.0,847.299
Kepler-294 c,Kepler-294,2.71,,6.6264,0.071,895.0,5913.0,0.976,0.947,Transit,2014.0,1357.01
TOI-2567 b,TOI-2567,10.92875618,63.883509807,5.983944,0.0672,1352.0,5611.0,1.686,1.13,Transit,2022.0,504.775
Kepler-92 d,Kepler-92,2.067,,49.3568,0.28682,637.0,5904.34,1.81719,1.07,Transit,2015.0,477.992
Kepler-1429 b,Kepler-1429,1.29,,4.48487493,0.055,1199.0,5902.0,1.07,1.05,Transit,2016.0,1214.09
Kepler-616 d,Kepler-616,2.653,,51.06740189,0.2749,499.0,6004.0,0.977,1.061,Transit,2021.0,945.775
Kepler-1705 b,Kepler-1705,2.03,4.47,9.03502,0.08,789.0,6312.0,1.259,1.139,Transit,2021.0,1633.49
Kepler-274 c,Kepler-274,1.84,,33.197861,0.204,678.0,6023.0,1.007,0.883,Transit,2014.0,1333.62
Kepler-1488 c,Kepler-1488,1.65156749,,6.158269882,0.06959,1212.0,5710.0,1.524,1.003,Transit,2021.0,905.825
TOI-3862 b,TOI-3862,5.53,53.7,1.55745774,0.02539,1539.0,5300.0,0.92,0.9,Transit,2026.0,249.02
BD-11 4672 c,BD-11 4672,4.04,,74.2,0.3,,4550.0,0.639,0.651,Radial Velocity,2020.0,27.1665
K2-315 b,K2-315,0.95,,3.1443189,,460.0,3300.0,0.196,0.174,Transit,2020.0,56.9686
KELT-4 A b,KELT-4 A,19.044091,286.68266,2.9895932,0.04317,1823.0,6206.0,1.603,1.201,Transit,2016.0,218.05
Kepler-1492 b,Kepler-1492,1.49,,16.75255007,0.1262,801.0,4712.0,0.72,0.77,Transit,2016.0,331.553
Kepler-352 d,Kepler-352,0.80628032,,6.887279987,0.06574,788.0,5208.0,0.772,0.796,Transit,2021.0,252.733
HIP 4845 b,HIP 4845,3.89,,34.15,0.176,,4010.0,0.603999,0.62,Radial Velocity,2020.0,21.0974
K2-316 b,K2-316,1.33,,1.133,0.0147,841.0,3436.0,0.379,0.408,Transit,2020.0,112.486
Kepler-292 f,Kepler-292,2.35,,20.834237,0.141,563.0,5299.0,0.826,0.865,Transit,2014.0,1056.48
Kepler-1410 b,Kepler-1410,1.78,,60.866168,0.2543,290.0,4092.0,0.6,0.63,Transit,2016.0,367.0
Kepler-575 b,Kepler-575,2.39,,9.37891944,0.0788,803.0,5710.0,0.95,0.97,Transit,2016.0,853.977
Kepler-1434 b,Kepler-1434,1.11,,8.05333618,0.0917,1320.0,6291.0,2.04,1.47,Transit,2016.0,775.529
Kepler-1653 b,Kepler-1653,2.17,,140.2524,0.4706,284.0,4807.0,0.693,0.719,Transit,2017.0,755.0
Kepler-627 b,Kepler-627,3.73,,40.6994443,0.22661,685.0,6424.0,1.49,1.3,Transit,2016.0,984.307
Kepler-1962 b,Kepler-1962,1.21463929,,7.991459846,0.0783,901.0,5700.0,1.006,1.003,Transit,2021.0,866.826
K2-320 b,K2-320,2.62,,1.995,0.0142,698.0,3157.0,0.3,0.117,Transit,2020.0,108.74
K2-323 b,K2-323,2.1,,24.93,0.1275,318.0,3710.0,0.549,0.478,Transit,2020.0,118.318
K2-318 b,K2-318,1.66,,7.01,0.0911,456.0,3851.0,0.552,0.561,Transit,2020.0,147.866
Kepler-317 c,Kepler-317,1.72,,8.77501,0.083,837.0,5497.0,0.941,0.865,Transit,2014.0,940.584
Kepler-1411 b,Kepler-1411,2.82,,86.1150888,0.4001,441.0,5664.0,0.92,0.95,Transit,2016.0,1660.48
Kepler-1435 b,Kepler-1435,0.86,,4.45343281,0.05456,1331.0,6356.0,1.32,1.21,Transit,2016.0,704.211
Kepler-215 e,Kepler-215,1.75,,68.16101,0.314,405.0,5739.0,1.027,0.788,Transit,2014.0,485.997
Kepler-1576 b,Kepler-1576,1.04,,6.98471973,0.07211,1059.0,5876.0,1.06,1.05,Transit,2016.0,460.91
Kepler-1593 b,Kepler-1593,3.17,,174.509835,0.55494,260.0,4995.0,0.77,0.81,Transit,2016.0,638.249
Kepler-1915 b,Kepler-1915,3.21798413,,13.83539963,0.114,809.0,6020.0,1.057,1.03,Transit,2021.0,1514.66
Kepler-638 b,Kepler-638,1.83,,6.07972888,0.06695,1111.0,5382.0,0.93,0.88,Transit,2016.0,991.214
WASP-141 b,WASP-141,13.56289,854.9627,3.310651,0.0469,1540.0,5900.0,1.37,1.25,Transit,2016.0,516.543
TOI-6038 A b,TOI-6038 A,6.41,78.5,5.8267311,0.069,1439.0,6110.0,1.648,1.291,Transit,2025.0,179.147
TOI-6041 b,TOI-6041,4.55,28.9,26.04945,0.1651,605.6,5445.0,0.879,0.885,Transit,2025.0,72.4731
EPIC 201170410.02,EPIC 201170410,1.047,,6.7987,0.0349,,3648.0,0.282,0.287,Transit,2020.0,134.0
G 9-40 b,G 9-40,1.9,4.0,5.7459982,0.0418,440.6,3395.0,0.3026,0.2952,Transit,2019.0,27.9276
Kepler-401 c,Kepler-401,2.15,,47.318218,0.269,598.0,6117.0,1.333,1.173,Transit,2014.0,965.56
Kepler-1437 b,Kepler-1437,1.37,,10.9295461,0.0951,770.0,5557.0,0.9,0.93,Transit,2016.0,2101.69
Kepler-220 b,Kepler-220,0.81,,4.159807,0.046,759.0,4632.0,0.666,0.729,Transit,2014.0,171.109
Kepler-703 b,Kepler-703,8.2,,4.583521756,0.0535,1038.0,6185.0,1.27,1.18,Transit,2016.0,1156.83
Kepler-1425 b,Kepler-1425,0.94,,14.4541302,0.11435,676.0,5718.0,0.95,0.97,Transit,2016.0,863.873
Kepler-1350 c,Kepler-1350,1.73,,1.766789062,0.0222,730.0,3827.0,0.53,0.55,Transit,2016.0,340.691
Kepler-354 c,Kepler-354,1.31,,16.934402,0.115,508.0,4648.0,0.674,0.652,Transit,2014.0,554.064
Kepler-1699 b,Kepler-1699,1.56671124,,3.49082,0.0418,1010.0,5575.53,0.725,0.81,Transit,2020.0,818.759
Kepler-206 c,Kepler-206,1.77,,13.137471,0.111,825.0,5764.0,1.185,0.957,Transit,2014.0,594.447
Kepler-702 b,Kepler-702,9.17,,10.526294063,0.088,713.0,5419.0,0.86,0.9,Transit,2016.0,992.071
TOI-2322 c,TOI-2322,1.874,18.1,20.225528,0.1362,496.8,4664.0,0.662,0.703,Transit,2025.0,59.861
Kepler-439 b,Kepler-439,2.24,,178.1396,0.563,291.0,5431.0,0.866,0.884,Transit,2015.0,757.048
Kepler-639 b,Kepler-639,2.38,,10.21420496,0.09358,957.0,5896.0,1.29,1.14,Transit,2016.0,850.242
Kepler-171 b,Kepler-171,2.34,,4.166972,0.05,1053.0,5642.0,0.839,0.978,Transit,2014.0,863.855
Kepler-1526 b,Kepler-1526,2.43,,3.908632005,0.0418,787.0,4601.0,0.69,0.73,Transit,2016.0,555.574
HD 86065 b,HD 86065,12.5,2877.300568571,25775.78859,15.947,,4927.56,0.780347,0.81,Radial Velocity,2022.0,40.3661
HD 115404 A c,HD 115404 A,12.5,3279.671331833,15319.22517,11.364,,5019.17,0.727007,0.83,Radial Velocity,2022.0,10.9816
Kepler-408 b,Kepler-408,0.82,5.0,2.46502,0.03592,1561.0,6104.0,1.23,1.08,Transit,2014.0,88.7832
rho CrB c,rho CrB,5.68,,102.036,0.4206,448.1,5817.0,1.3617,1.0,Radial Velocity,2016.0,17.4671
Kepler-19 d,Kepler-19,5.06,22.5,62.95,,,5544.0,0.859,0.936,Radial Velocity,2017.0,218.562
TOI-1107 b,TOI-1107,14.57167491,1064.72516345,4.0782387,0.0561,1728.0,6311.0,1.81,1.35,Transit,2022.0,281.314
Kepler-164 d,Kepler-164,2.45,,28.986769,0.187,637.0,5888.0,1.148,1.036,Transit,2014.0,890.758
TOI-2537 c,TOI-2537,12.7,,1920.0,2.78,123.1,4870.0,0.771,0.771,Radial Velocity,2024.0,184.986
TOI-1873 b,TOI-1873,2.86356397,,7.00572708834,,923.5,5597.99,0.971675,1.015,Transit,2026.0,182.014
TOI-2267 b,TOI-2267 A,1.0,,2.28909,0.0205,424.0,3030.0,0.2075,0.171,Transit,2025.0,22.55
KMT-2021-BLG-0852L b,KMT-2021-BLG-0852L,14.2,155.73591943,,7.78,,,,0.75,Microlensing,2026.0,7230.0
CoRoT-4 b,CoRoT-4,13.34,228.83,9.20205,0.09,1074.0,6190.0,1.17,1.16,Transit,2008.0,726.412
Kepler-935 b,Kepler-935,1.35,,4.88083852,0.0527,879.0,4830.0,0.73,0.78,Transit,2016.0,471.782
Kepler-917 b,Kepler-917,1.91,,2.970414375,0.0378,991.0,5418.0,0.76,0.8,Transit,2016.0,3460.51
Kepler-1760 b,Kepler-1760,2.28995546,,38.3260994,0.2084,480.0,5229.0,0.903,0.821,Transit,2021.0,
DMPP-9 b,DMPP-9,3.89,,12.733,0.1097,,6092.0,1.26,1.1,Radial Velocity,2026.0,109.539
51 Eri b,51 Eri,,3464.3296363,9100.0,10.4,807.0,7422.0,1.45,1.75,Imaging,2015.0,29.7575
Kepler-164 b,Kepler-164,1.41,,5.03503,0.058,1141.0,5888.0,1.148,1.036,Transit,2014.0,890.758
Kepler-549 d,Kepler-549,4.2,,24.61480613,0.1575,586.0,5312.0,0.986,0.859,Transit,2023.0,635.145
Kepler-1773 b,Kepler-1773,3.50469499,,40.80970001,0.24831,623.0,6183.0,1.3,1.241,Transit,2021.0,681.255
Kepler-1009 b,Kepler-1009,2.17,,11.35011917,0.0796,403.0,4027.0,0.57,0.59,Transit,2016.0,355.019
Kepler-1035 b,Kepler-1035,1.17,,2.714077555,0.03883,1301.0,5763.0,0.97,0.98,Transit,2016.0,562.116
Kepler-322 c,Kepler-322,1.67,,4.337234,0.051,996.0,5388.0,0.89,0.908,Transit,2014.0,400.48
Kepler-66 b,Kepler-66,2.8,,17.815815,0.1352,699.0,5962.0,0.966,1.038,Transit,2013.0,1202.96
Kepler-479 b,Kepler-479,2.12,,12.49341307,0.09636,649.0,5247.0,0.81,0.86,Transit,2016.0,344.901
KOI-351 d,KOI-351,2.87,,59.73667,0.32,520.0,6080.0,1.2,1.2,Transit,2013.0,848.254
Kepler-908 b,Kepler-908,1.22,,1.340597468,0.02526,1783.0,5973.0,1.12,1.11,Transit,2016.0,290.843
Kepler-1677 b,Kepler-1677,2.70216183,,22.064,0.1599,712.0,6013.72,1.24959,1.11,Transit,2020.0,735.369
Kepler-473 b,Kepler-473,4.08,,14.55731705,0.12048,879.0,5816.0,1.34,1.06,Transit,2016.0,905.937
KOI-1783.01,KOI-1783,8.86,71.0,134.4628,0.52661,412.0,5922.0,1.143,1.076,Transit,2020.0,865.73
HD 109988 b,HD 109988,12.1,6935.333669147,17132.15854,12.518,,5185.97,0.869694,0.88,Radial Velocity,2022.0,42.5279
Kepler-909 b,Kepler-909,1.47,,13.93290318,0.11873,852.0,6154.0,1.23,1.17,Transit,2016.0,309.596
HD 11112 b,HD 11112,12.6,2598.565055632,17244.90764,13.38,,5905.64,1.47368,1.07,Radial Velocity,2022.0,44.3804
HATS-27 b,HATS-27,16.8135,168.4499,4.637038,0.0611,1659.0,6438.0,1.74,1.415,Transit,2016.0,816.988
HD 11505 b,HD 11505,12.6,2510.526586893,32669.22247,20.247,,5757.15,1.19568,1.03,Radial Velocity,2022.0,38.9679
HD 122562 c,HD 122562,10.1,,84.96276,0.406,,4956.0,2.16627,1.241,Radial Velocity,2022.0,53.2528
HD 135872 b,HD 135872,12.8,1744.560126023,2422.32597,4.172,,4992.0,3.93038,1.646,Radial Velocity,2022.0,82.4251
HD 113337 c,HD 113337,12.1,6299.676855147,5429.93477,6.805,,6774.0,1.5,1.41,Radial Velocity,2020.0,36.18
HD 151450 c,HD 151450,12.8,1636.180639236,18144.76236,14.131,,6091.98,1.17184,1.14,Radial Velocity,2022.0,43.6002
HD 188641 b,HD 188641,11.9,9333.031171555,14583.81038,12.027,,5897.32,1.94492,1.07,Radial Velocity,2022.0,64.3399
HD 13724 c,HD 13724,8.18,,142.22895,0.534,,5835.31,1.04198,1.004,Radial Velocity,2022.0,43.465
Ross 508 b,Ross 508,1.83,,10.77,0.05366,,3071.0,0.2113,0.1774,Radial Velocity,2022.0,11.2103
HD 164604 c,HD 164604,12.5,3019.3698665,5387.0,5.556,,4663.0,0.78,0.77,Radial Velocity,2026.0,39.3633
Kepler-50 b,Kepler-50,1.71,8.9,7.81254,0.077,1196.0,6225.0,1.58,1.24,Transit,2012.0,250.11
HD 205158 b,HD 205158,13.9,,25.33798,0.177,,6133.55,1.87741,1.16,Radial Velocity,2022.0,86.6159
Kepler-162 b,Kepler-162,1.26,,6.919798,0.069,961.0,5816.0,0.958,1.053,Transit,2014.0,855.641
Kepler-176 b,Kepler-176,1.43,290.537,5.433074,0.058,841.0,5232.0,0.891,0.86,Transit,2014.0,527.321
K2-189 c,K2-189,2.31,,6.67932,0.068,877.0,5442.0,0.879,0.85,Transit,2018.0,242.113
K2-126 b,K2-126,1.97,,7.385655,0.0656,601.0,4339.0,0.65,0.69,Transit,2017.0,102.953
KMT-2018-BLG-0247L b,KMT-2018-BLG-0247L,13.4,670.61793877,,2.46,,,,0.29,Microlensing,2022.0,6760.0
KMT-2021-BLG-1372L b,KMT-2021-BLG-1372L,9.12,61.27,,2.37,,,,0.42,Microlensing,2022.0,5970.0
Kepler-193 c,Kepler-193,2.75,,50.697494,0.286,595.0,6335.0,1.147,1.051,Transit,2014.0,1009.1
Kepler-464 b,Kepler-464,3.3,,7.256965224,0.07931,1163.0,5933.0,1.59,1.21,Transit,2016.0,667.604
Kepler-244 b,Kepler-244,2.76,,4.311792,0.05,1038.0,5554.0,0.803,0.933,Transit,2014.0,1036.49
Kepler-183 b,Kepler-183,2.06,,5.687945,0.064,1088.0,5888.0,0.958,0.99,Transit,2014.0,1050.64
K2-193 b,K2-193,3.95,,14.786889,0.1184,739.0,5817.0,0.98,1.01,Transit,2018.0,411.923
TOI-908 b,TOI-908,3.186,16.137,3.183792,0.041657,1317.0,5626.0,1.028,0.95,Transit,2023.0,175.748
K2-197 b,K2-197,2.56,,8.357881,0.0806,848.0,5667.0,0.93,1.0,Transit,2018.0,247.637
Kepler-180 c,Kepler-180,3.01,,41.885775,0.229,540.0,5731.0,1.063,0.95,Transit,2014.0,695.65
KMT-2021-BLG-1105L b,KMT-2021-BLG-1105L,13.6,413.1769291,,3.54,,,,0.63,Microlensing,2023.0,4540.0
KMT-2021-BLG-0712L b,KMT-2021-BLG-0712L,6.91,38.19,,2.22,,,,0.22,Microlensing,2023.0,3090.0
Kepler-209 b,Kepler-209,2.26,,16.087845,0.122,668.0,5513.0,0.935,0.971,Transit,2014.0,576.946
Kepler-1729 b,Kepler-1729,3.89404186,,4.220970154,0.0418,595.0,3837.0,0.517,0.544,Transit,2021.0,576.181
Kepler-81 b,Kepler-81,2.42,17.2,5.955,0.0522,635.0,4385.0,0.59,0.64,Transit,2012.0,348.291
K2-198 d,K2-198,2.438,,7.4500177,,943.2,5212.9,0.757,0.799,Transit,2019.0,110.567
Kepler-501 b,Kepler-501,4.3,,5.640677572,0.0627,1125.0,5904.0,1.04,1.03,Transit,2016.0,1125.24
K2-198 c,K2-198,1.423,,3.3596055,,1229.9,5212.9,0.757,0.799,Transit,2019.0,110.567
OGLE-2013-BLG-0132L b,OGLE-2013-BLG-0132L,11.6,92.0,,3.6,,,,0.54,Microlensing,2017.0,3900.0
KMT-2018-BLG-1996L b,KMT-2018-BLG-1996L,13.7,346.43296363,,4.27,,,,0.69,Microlensing,2021.0,5910.0
Kepler-853 b,Kepler-853,1.69,,7.16892463,0.079,1187.0,6350.0,1.55,1.3,Transit,2016.0,568.676
Kepler-883 b,Kepler-883,1.78,,12.98495573,0.10288,818.0,6116.0,1.09,1.06,Transit,2016.0,627.455
HD 28185 b,HD 28185,12.8,,385.92,1.034,,5602.0,1.048,0.974,Radial Velocity,2001.0,39.3809
Kepler-54 b,Kepler-54,2.1,0.98,8.0109434,0.0619,453.0,3705.0,0.5,0.51,Transit,2012.0,271.701
Kepler-1631 b,Kepler-1631,1.35,,4.09513932,0.0511,1122.0,5679.0,0.95,0.97,Transit,2016.0,1305.99
Kepler-155 b,Kepler-155,2.09,,5.931194,0.056,614.0,4508.0,0.62,0.635,Transit,2014.0,293.499
Kepler-100 c,Kepler-100,2.2,7.05,12.8159,0.11061,939.0,5825.0,1.49,1.08,Transit,2014.0,304.645
K2-377 b,K2-377,1.693,,12.832235,,,4200.0,0.691,0.821,Transit,2022.0,195.149
KMT-2018-BLG-1743L b,KMT-2018-BLG-1743L,10.5,77.867959715,,1.449,,,,0.193,Microlensing,2021.0,6483.0
OGLE-2017-BLG-1434L b,OGLE-2017-BLG-1434L,1.94,4.43,,1.18,,,,0.234,Microlensing,2018.0,860.0
KMT-2019-BLG-2783L b,KMT-2019-BLG-2783L,13.7,368.68095212,,1.85,,,,0.34,Microlensing,2023.0,5910.0
Kepler-877 b,Kepler-877,2.12,,18.45847097,0.1301,632.0,5261.0,0.81,0.85,Transit,2016.0,602.176
Kepler-1730 b,Kepler-1730,4.48524519,,13.81019974,0.1131,833.0,5942.0,1.142,1.009,Transit,2021.0,1427.08
Kepler-1639 b,Kepler-1639,2.58,,9.878482,0.0932,1003.0,6150.0,1.18,1.12,Transit,2016.0,1031.31
Kepler-559 b,Kepler-559,3.61,,17.58752333,0.1277,706.0,5630.0,0.95,0.96,Transit,2016.0,776.708
Kepler-121 b,Kepler-121,2.34,,3.177422,0.039,997.0,5311.0,0.701,0.859,Transit,2014.0,510.523
Kepler-55 d,Kepler-55,1.59,,2.211099,0.029,931.0,4503.0,0.619,0.631,Transit,2014.0,578.796
Kepler-82 c,Kepler-82,5.34,13.9,51.54,0.2626,450.0,5401.0,0.898,0.91,Transit,2012.0,904.326
Kepler-561 c,Kepler-561,2.68,,5.350161983,0.05947,989.0,5646.0,0.94,0.96,Transit,2016.0,621.378
Kepler-172 c,Kepler-172,2.86,,6.388996,0.068,970.0,5526.0,1.085,1.081,Transit,2014.0,828.592
OGLE-2017-BLG-0173L b,OGLE-2017-BLG-0173L,1.62,3.269,,3.913,,,,0.396,Microlensing,2018.0,4705.0
OGLE-2019-BLG-0304L b,OGLE-2019-BLG-0304L,14.2,162.09248757,,1.23,,,,0.27,Microlensing,2021.0,6980.0
OGLE-2019-BLG-0679L b,OGLE-2019-BLG-0679L,13.1,1061.54687938,,6.99,,,,0.66,Microlensing,2023.0,5630.0
Kepler-867 b,Kepler-867,4.64,,150.242127,0.5375,327.0,5541.0,0.91,0.92,Transit,2016.0,1195.54
Kepler-187 c,Kepler-187,2.67,,10.640263,0.099,963.0,6105.0,1.287,1.081,Transit,2014.0,1143.0
Kepler-250 c,Kepler-250,2.28,,7.156804,0.069,782.0,5160.0,0.805,0.806,Transit,2014.0,760.585
Kepler-540 b,Kepler-540,2.71,,172.7049784,0.58822,355.0,5946.0,1.08,1.02,Transit,2016.0,390.374
Kepler-1388 d,Kepler-1388,2.86,,20.9568158,0.126,363.0,4098.0,0.61,0.63,Transit,2016.0,453.795
Kepler-1534 b,Kepler-1534,1.89,,5.71668872,0.0599,955.0,5442.0,0.86,0.9,Transit,2016.0,1107.0
PSR B1257+12 c,PSR B1257+12,1.91,4.3,66.5419,0.36,,,,1.4,Pulsar Timing,1992.0,600.0
Kepler-215 b,Kepler-215,1.62,,9.360672,0.084,784.0,5739.0,1.027,0.788,Transit,2014.0,485.997
OGLE-2017-BLG-0373L b,OGLE-2017-BLG-0373L,14.0,127.0,,2.424,,,,0.248,Microlensing,2018.0,5915.0
OGLE-2017-BLG-1140L b,OGLE-2017-BLG-1140L,13.5,505.0,,1.02,,,,0.211,Microlensing,2018.0,
KMT-2021-BLG-1547L b,KMT-2021-BLG-1547L,13.6,467.20775829,,4.5,,,,0.72,Microlensing,2023.0,5070.0
MOA-2020-BLG-208L b,MOA-2020-BLG-208L,7.71,46.0,,2.74,,,,0.43,Microlensing,2023.0,7490.0
Kepler-1668 b,Kepler-1668,4.34764405,,15.434,0.124,721.0,5542.0,1.01738,0.98,Transit,2020.0,1335.64
Kepler-210 c,Kepler-210,3.62,,7.972513,0.07,497.0,4559.0,0.65,0.77,Transit,2014.0,232.75
Kepler-650 b,Kepler-650,2.96,,3.032145588,0.0421,1507.0,5849.0,1.35,1.08,Transit,2016.0,884.378
Kepler-191 d,Kepler-191,2.28,,5.945041017,0.06104,857.0,5215.0,0.8,0.84,Transit,2016.0,594.464
KMT-2019-BLG-0297L b,KMT-2019-BLG-0297L,12.1,6038.739733,,0.96,,,,0.21,Microlensing,2023.0,3090.0
OGLE-2019-BLG-1180L b,OGLE-2019-BLG-1180L,13.5,555.246227029,,5.19,,,,0.545,Microlensing,2023.0,6070.0
Kepler-304 b,Kepler-304,2.86,,3.295709,0.039,875.0,4731.0,0.687,0.737,Transit,2014.0,434.684
Kepler-49 b,Kepler-49,2.579,9.77,7.2,0.05929,509.0,4095.6,0.618,0.607,Transit,2012.0,311.222
Kepler-1726 b,Kepler-1726,2.50861954,,18.39629936,0.12794,582.0,5316.0,0.804,0.876,Transit,2021.0,390.552
Kepler-614 b,Kepler-614,2.39,,14.03491514,0.1027,641.0,5268.0,0.81,0.85,Transit,2016.0,527.995
Kepler-258 b,Kepler-258,4.06,,13.19722,0.103,642.0,4942.0,0.915,0.82,Transit,2014.0,575.988
Kepler-259 b,Kepler-259,2.8,,8.115317,0.079,879.0,5938.0,0.898,0.867,Transit,2014.0,1002.14
PSR J1719-1438 b,PSR J1719-1438,,382.8,0.090706293,0.0044,,4500.0,,1.4,Pulsar Timing,2011.0,1200.0
MOA-2015-BLG-337L b,MOA-2015-BLG-337L,6.42,33.7,,0.24,,,,0.0094,Microlensing,2018.0,7100.0
KMT-2023-BLG-0735L b,KMT-2023-BLG-0735L,6.97,38.775065654,,2.96,,,,0.61,Microlensing,2024.0,6390.0
KMT-2023-BLG-1431L b,KMT-2023-BLG-1431L,3.76,13.6,,3.2,,,,0.57,Microlensing,2024.0,6800.0
Kepler-84 b,Kepler-84,2.23,40.0,8.726,0.0827,985.0,6039.0,1.43,1.0,Transit,2012.0,1023.9
Kepler-310 c,Kepler-310,3.38,,56.47542,0.281,417.0,5797.0,0.876,0.854,Transit,2014.0,602.268
Kepler-616 b,Kepler-616,2.43,,9.99761851,0.0927,860.0,5753.0,0.97,0.98,Transit,2016.0,945.775
Kepler-222 b,Kepler-222,3.16,,3.936981,0.048,1004.0,5433.0,0.869,0.933,Transit,2014.0,758.854
MOA-2011-BLG-293L b,MOA-2011-BLG-293L,12.9,1500.0,3000.0,1.1,,,,0.86,Microlensing,2012.0,7720.0
OGLE-2019-BLG-1470L AB c,OGLE-2019-BLG-1470L A,13.3,699.2224954,,3.2,,,,0.57,Microlensing,2022.0,5900.0
Kepler-1758 b,Kepler-1758,2.57059831,,9.977210045,0.0919,1028.0,5557.0,1.616,1.035,Transit,2021.0,1588.41
Kepler-905 b,Kepler-905,1.41,,5.082746517,0.05689,928.0,5461.0,0.86,0.95,Transit,2016.0,529.268
Kepler-276 b,Kepler-276,2.87,731.209,14.12841,0.119,739.0,6105.0,1.046,0.845,Transit,2014.0,1144.86
Kepler-165 b,Kepler-165,2.32,,8.180848,0.072,716.0,5211.0,0.77,0.746,Transit,2014.0,560.885
OGLE-2016-BLG-1067L b,OGLE-2016-BLG-1067L,14.3,140.0,,1.7,,,,0.3,Microlensing,2019.0,3730.0
KMT-2023-BLG-1866L b,KMT-2023-BLG-1866L,1.43,2.63,,2.63,,,,0.51,Microlensing,2024.0,6210.0
Kepler-284 c,Kepler-284,2.61,,37.514456,0.213,478.0,5615.0,0.814,0.766,Transit,2014.0,1031.95
Kepler-277 c,Kepler-277,3.36,64.2,33.006,0.21781,778.0,5946.0,1.69,1.12,Transit,2013.0,976.643
Kepler-1629 b,Kepler-1629,0.77,,3.87595807,0.0485,1081.0,5776.0,1.01,1.01,Transit,2016.0,336.09
Kepler-663 b,Kepler-663,2.6,,4.99678284,0.0559,917.0,5264.0,0.82,0.86,Transit,2016.0,1063.09
Kepler-227 b,Kepler-227,3.11,,9.488015,0.09,793.0,5854.0,1.091,0.954,Transit,2014.0,1083.06
WISEP J121756.91+162640.2 A b,WISEP J121756.91+162640.2 A,10.468,6992.0,,8.0,450.0,575.0,0.091,0.029,Imaging,2012.0,10.1
KMT-2017-BLG-0673L b,KMT-2017-BLG-0673L,13.0,1166.43025369,,2.34,,,,0.63,Microlensing,2022.0,5080.0
KMT-2022-BLG-2286L b,KMT-2022-BLG-2286L,12.1,6038.739733,,2.02,,,,0.2,Microlensing,2024.0,7320.0
K2-35 c,K2-35,1.93,,5.608352,0.055,766.0,4402.71,0.619575,0.701968,Transit,2016.0,252.596
Kepler-229 c,Kepler-229,4.92,,16.068638,0.117,600.0,5120.0,0.728,0.808,Transit,2014.0,826.265
K2-37 b,K2-37,1.39,,4.4434,0.05105,949.0,5352.0,0.809,0.84,Transit,2016.0,179.943
K2-44 b,K2-44,2.433,,5.657,0.06,1211.0,5912.0,1.58,1.15,Transit,2016.0,476.703
MOA-2011-BLG-322L b,MOA-2011-BLG-322L,12.4,3690.0,,4.3,,,,0.39,Microlensing,2013.0,7560.0
OGLE-2013-BLG-0911L b,OGLE-2013-BLG-0911L,12.5,3020.0,,0.39,,,,0.29,Microlensing,2019.0,3220.0
KMT-2023-BLG-2209L b,KMT-2023-BLG-2209L,13.9,254.2627256,,3.51,,,,0.73,Microlensing,2025.0,5570.0
Kepler-302 b,Kepler-302,4.06,,30.184104,0.193,634.0,5740.0,1.22,1.021,Transit,2014.0,1402.58
Kepler-665 b,Kepler-665,2.6,,16.01310205,0.1148,593.0,4913.0,0.74,0.79,Transit,2016.0,612.838
K2-289 b,K2-289,9.1,,13.156969,0.107,753.0,5529.0,1.025,0.953,Transit,2019.0,274.3
K2-351 b,K2-351,2.54,,7.806164,,934.0,5769.0,1.05,1.02,Transit,2021.0,694.734
K2-62 b,K2-62,2.02,,6.67199,0.0636,666.0,4455.0,0.696,0.67,Transit,2016.0,112.467
OGLE-2006-BLG-109L c,OGLE-2006-BLG-109L,11.1,86.0,4927.5,4.5,59.0,,,0.51,Microlensing,2008.0,1510.0
KMT-2018-BLG-0029L b,KMT-2018-BLG-0029L,2.67,7.59,,4.27,,,,1.14,Microlensing,2020.0,3380.0
KMT-2019-BLG-1806L b,KMT-2019-BLG-1806L,2.0,4.67,,3.02,,,,0.74,Microlensing,2023.0,6640.0
Kepler-84 c,Kepler-84,2.36,20.2,12.883,0.1072,865.0,6039.0,1.43,1.0,Transit,2012.0,1023.9
K2-66 b,K2-66,2.49,21.3,5.06963,0.05983,1372.0,5887.0,1.67,1.11,Transit,2016.0,513.877
K2-72 b,K2-72,1.08,,5.577212,0.04,,3360.47,0.330989,0.271365,Transit,2016.0,66.4321
K2-72 d,K2-72,1.01,,7.760178,0.05,,3360.47,0.330989,0.271365,Transit,2016.0,66.4321
K2-65 b,K2-65,1.58,,12.6475,0.1014,,5213.0,0.84,0.87,Transit,2016.0,72.2
OGLE-2015-BLG-0966L b,OGLE-2015-BLG-0966L,4.86,21.0,,2.7,,,,0.38,Microlensing,2016.0,3300.0
KMT-2018-BLG-1292L b,KMT-2018-BLG-1292L,12.9,1400.0,,6.03,,,,1.09,Microlensing,2020.0,3460.0
Kepler-119 c,Kepler-119,0.92,,4.125103,0.049,1016.0,5595.0,0.839,0.918,Transit,2014.0,701.996
Kepler-133 b,Kepler-133,1.76,,8.129976,0.083,1041.0,5736.0,1.425,1.02,Transit,2014.0,653.6
K2-183 c,K2-183,2.3,,10.787992,0.0932,787.0,5482.0,0.87,0.942219,Transit,2018.0,329.041
K2-119 b,K2-119,2.53,,7.727283,0.0698,666.0,4740.0,0.71,0.76,Transit,2017.0,365.581
K2-86 b,K2-86,1.96,,8.77683,0.077,,5482.0,0.76,0.79,Transit,2016.0,258.699
KMT-2019-BLG-1953L b,KMT-2019-BLG-1953L,14.1,200.0,,,,,,0.31,Microlensing,2020.0,7040.0
OGLE-2018-BLG-0516L b,OGLE-2018-BLG-0516L,4.73,20.1,,2.2,,,,0.47,Microlensing,2022.0,7000.0
KMT-2016-BLG-1105L b,KMT-2016-BLG-1105L,1.33,2.32,,2.44,,,,0.41,Microlensing,2023.0,5080.0
Kepler-153 c,Kepler-153,2.53,,46.90232,0.237,458.0,5404.0,0.892,0.756,Transit,2014.0,459.368
Kepler-553 c,Kepler-553,11.57887706,2129.4503269,328.24017,0.898,251.0,5191.0,0.902,0.889,Transit,2016.0,728.525
Kepler-672 b,Kepler-672,2.5,,38.3774623,0.2163,529.0,5627.0,0.92,0.95,Transit,2016.0,1033.93
K2-187 d,K2-187,2.4,,7.149584,0.072,865.0,5438.0,0.83,0.966999,Transit,2018.0,330.916
BD+42 2315 b,BD+42 2315,14.2,,123.05,0.54,,4500.0,17.85,1.38,Radial Velocity,2023.0,610.715
OGLE-2016-BLG-1093L b,OGLE-2016-BLG-1093L,14.0,225.65816897,,2.13,,,,0.46,Microlensing,2022.0,8120.0
KMT-2019-BLG-0953L b,KMT-2019-BLG-0953L,4.06,15.5,,1.1,,,,0.28,Microlensing,2022.0,7200.0
Kepler-786 b,Kepler-786,2.43,,53.5293487,0.25483,348.0,4838.0,0.74,0.81,Transit,2016.0,485.318
Kepler-275 c,Kepler-275,3.38,,16.088134,0.132,875.0,6165.0,1.383,1.189,Transit,2014.0,2034.25
Kepler-762 b,Kepler-762,12.68,,3.770552098,0.0493,1302.0,5944.0,1.08,1.06,Transit,2016.0,1898.26
Kepler-32 e,Kepler-32,1.5,4.08181,2.896,0.033,652.0,3900.0,0.53,0.58,Transit,2012.0,323.847
Kepler-219 d,Kepler-219,2.81,19.1,47.903645,0.272,598.0,5786.0,1.491,1.164,Transit,2014.0,787.07
Kepler-235 e,Kepler-235,2.22,,46.183669,0.213,306.0,4255.0,0.554,0.581,Transit,2014.0,428.018
Kepler-176 d,Kepler-176,2.51,1.72,25.751974,0.163,501.0,5232.0,0.891,0.86,Transit,2014.0,527.321
Kepler-82 e,Kepler-82,2.47,254.02,5.902206,0.063,926.0,5428.0,0.945,0.946,Transit,2014.0,904.326
Kepler-251 b,Kepler-251,1.33,,4.790936,0.053,990.0,5526.0,0.89,0.891,Transit,2014.0,924.625
Kepler-53 c,Kepler-53,3.17,36.0,38.5583038,0.22091,550.0,5858.0,0.89,0.98,Transit,2012.0,1366.07
Kepler-42 d,Kepler-42,0.57,0.357785,1.865169,0.0154,450.0,3068.0,0.17,0.13,Transit,2011.0,40.0595
Kepler-253 b,Kepler-253,1.63,,3.783986,0.046,949.0,5208.0,0.786,0.86,Transit,2014.0,838.595
KOI-351 g,KOI-351,7.718,15.0,210.73514,0.71704,342.0,6031.13,1.185,1.242,Transit,2013.0,848.254
KMT-2024-BLG-1005L b,KMT-2024-BLG-1005L,12.1,6674.396547,,0.78,,,,0.055,Microlensing,2025.0,6950.0
OGLE-TR-113 b,OGLE-TR-113,12.251,400.449,1.4324752,0.02289,1342.0,4790.0,0.774,0.779,Transit,2004.0,566.459
Kepler-76 b,Kepler-76,15.24424,638.8383,1.5449298,0.0274,2140.0,6409.0,1.32,1.2,Orbital Brightness Modulation,2013.0,822.96
WASP-47 c,WASP-47,,447.0,589.57,1.393,247.0,5565.0,1.156,1.058,Radial Velocity,2015.0,264.78
WASP-55 b,WASP-55,14.72860064,186.247446502,4.465631,0.0558,1342.0,6096.0,1.09,1.071,Transit,2012.0,297.462
TOI-5938 b,TOI-5938,3.82,,2.260424,0.0308,1077.0,4650.0,0.712,0.744,Transit,2026.0,114.035
TOI-1774.01,TOI-1774,2.78,,16.70988,,824.0,5746.0,1.1303,0.991,Transit,2021.0,53.974
HD 192310 b,HD 192310,4.27,,74.72,0.32,355.0,5166.0,0.857922,0.8,Radial Velocity,2011.0,8.79687
HD 176986 b,HD 176986,,1487.754773167,6.49164,0.062956,767.0,4931.0,0.782,0.789,Radial Velocity,2017.0,27.7843
HD 28185 c,HD 28185,12.8,1906.970442,9090.0,8.5,,5602.0,1.048,0.974,Radial Velocity,2022.0,39.3809
KMT-2024-BLG-0176L b,KMT-2024-BLG-0176L,14.0,241.54958932,,1.32,,,,0.103,Microlensing,2026.0,8340.0
TOI-7009 b,TOI-7009,3.71,,2.3206612,0.0287,872.0,4080.0,0.564,0.583,Transit,2026.0,184.12
TOI-375 b,TOI-375,10.77183045,236.782163215,9.45469,0.099,1373.0,5259.9,2.9,1.441,Transit,2026.0,396.213
HD 39194 b,HD 39194,1.99,,5.63692,0.05895,,5205.0,0.783742,0.86,Radial Velocity,2021.0,26.4131
K2-290 c,K2-290,11.276254,246.00042,48.36685,0.305,676.0,6302.0,1.511,1.194,Transit,2019.0,272.909
DMPP-7 b,DMPP-7,9.13,,4.984,0.05873,,5996.82,1.53949,1.09,Radial Velocity,2026.0,101.386
KMT-2024-BLG-0349L b,KMT-2024-BLG-0349L,12.4,3769.44490702,,6.46,,,,0.68,Microlensing,2026.0,5750.0
HD 164604 b,HD 164604,12.3,4195.3349724,653.9,1.362,,4663.0,0.78,0.77,Radial Velocity,2009.0,39.3633
V1298 Tau d,V1298 Tau,6.53,6.0,12.401394,0.1081,831.0,4970.0,1.32,1.1,Transit,2019.0,108.199
KMT-2024-BLG-1870L b,KMT-2024-BLG-1870L,13.8,336.89811142,,3.15,,,,0.67,Microlensing,2026.0,5480.0
TOI-813 b,TOI-813,6.71,,83.8911,0.423,610.0,5907.0,1.94,1.32,Transit,2020.0,263.145
LHS 1903 b,LHS 1903,1.382,3.28,2.1555098,0.02656,796.0,3664.0,0.539,0.538,Transit,2026.0,35.6917
TOI-375 d,TOI-375,13.6,,297.9,0.984,434.0,5259.9,2.9,1.441,Radial Velocity,2026.0,396.213
TOI-2411 b,TOI-2411,1.68,,0.7826942,0.0144,1355.0,4099.0,0.68,0.65,Transit,2022.0,59.5362
KMT-2016-BLG-1337L b,KMT-2016-BLG-1337L,11.4,88.99195396,,3.97,,,,0.54,Microlensing,2026.0,6920.0
KMT-2025-BLG-0481L b,KMT-2025-BLG-0481L,14.1,187.51876013,,2.18,,,,0.22,Microlensing,2026.0,7980.0
TOI-178 d,TOI-178,2.695,5.2,6.557569,0.0592,690.0,4316.0,0.662,0.647,Transit,2021.0,62.699
TOI-4364 b,TOI-4364,2.01,,5.424019,0.04753,488.0,3528.0,0.4684,0.487,Transit,2025.0,43.9662
TOI-198 b,TOI-198,1.36,3.17,10.215213,0.0675,456.0,3801.0,0.418,0.417,Transit,2023.0,23.7262
TIC 154870955 b,TIC 154870955,3.09467466,,7.9698747128,,,4739.58,0.724328,0.828,Transit,2026.0,226.463
TOI-1470 c,TOI-1470,2.47,7.24,18.08816,0.106,373.0,3709.0,0.469,0.471,Transit,2023.0,51.9503
TOI-1238 c,TOI-1238,2.11,8.32,3.294736,0.037,695.0,4089.0,0.58,0.59,Transit,2022.0,70.7145
TIC 445839811 b,TIC 445839811,2.47771211,,11.1086260318,,,5408.25,0.850041,0.95,Transit,2026.0,235.655
TOI-7008 b,TOI-7008,4.94735276,,0.84069041367,,1783.0,5116.06,0.95255,0.88,Transit,2026.0,410.467
TIC 290487717 b,TIC 290487717,6.63777941,,3.400818229,,,5328.97,0.943767,0.92,Transit,2026.0,395.574
TIC 142589416 b,TIC 142589416,2.67899519,,2.09518466313,,,4396.27,0.713832,0.641,Transit,2026.0,168.933
TOI-1732 b,TOI-1732,2.49549787,,4.11923678339,,657.79,4201.93,0.632571,0.613891,Transit,2026.0,74.7599
TIC 139702105 b,TIC 139702105,2.45316949,,6.83601903383,,,5742.35,1.25423,0.9,Transit,2026.0,91.7884
TOI-4156 b,TOI-4156,2.53823825,,4.46189034133,,1289.0,5971.64,1.03963,1.1,Transit,2026.0,213.719
TIC 178172313 b,TIC 178172313,2.80405322,,4.3731816136,,,5405.59,0.84345,0.91,Transit,2026.0,178.137
TOI-5159 b,TOI-5159,1.54732112,,5.83639428843,,866.29,5156.16,0.854084,0.9,Transit,2026.0,55.1788
GJ 238 b,GJ 238,0.566,,1.7446999,0.02123,758.0,3485.0,0.4314,0.4193,Transit,2024.0,15.2142
TIC 206466666 b,TIC 206466666,2.14817673,,9.10486865159,,,4620.3,0.667193,0.76,Transit,2026.0,127.837
TOI-5599 b,TOI-5599,7.1888212,,5.43691503941,,1496.0,6137.02,1.91334,1.21,Transit,2026.0,547.948
TOI-2654 b,TOI-2654,7.94454164,,2.96760425926,,819.0,4594.08,0.756095,0.69,Transit,2026.0,248.964
TIC 423703298 b,TIC 423703298,2.77230429,,4.03712711976,,,4540.37,0.729825,0.691,Transit,2026.0,136.191
TIC 117642575 b,TIC 117642575,2.82716337,,4.94459060181,,,5719.98,1.08102,1.06,Transit,2026.0,188.758
TIC 356227008 b,TIC 356227008,2.39024009,,2.96147448702,,,5731.86,0.959792,1.02,Transit,2026.0,387.609
TOI-5515 b,TOI-5515,2.65362762,,8.59225810839,,778.1,5483.65,0.835682,0.963,Transit,2026.0,135.459
TOI-4588 b,TOI-4588,2.92922558,,13.11881173651,0.1376,1768.0,7746.12,1.57458,2.018,Transit,2026.0,225.181
K2-284 b,K2-284,2.78,,4.795069,0.04771,653.0,4140.0,0.607,0.63,Transit,2018.0,107.272
HD 5278 c,HD 5278,4.49,,40.87,0.2416,,6203.0,1.194,1.126,Radial Velocity,2021.0,57.5846
TIC 390586021 b,TIC 390586021,2.86009388,,2.74703755819,,,4434.81,0.726565,0.648,Transit,2026.0,114.558
HIP 8152 c,HIP 8152,2.52442508,10.7,19.60562,0.139,650.68,5618.0,0.9603,0.9373,Transit,2023.0,101.694
HD 5278 b,HD 5278,2.45,7.8,14.339156,0.1202,943.0,6203.0,1.194,1.126,Transit,2021.0,57.5846
TOI-209 b,TOI-209,2.3947209,,4.37943587445,,845.78,4806.66,0.742779,0.81,Transit,2026.0,113.387
TIC 38828280 b,TIC 38828280,2.62701629,,4.85558984762,,,5046.63,0.741147,0.84,Transit,2026.0,286.415
WASP-117 b,WASP-117,11.88154,95.349,10.02165,0.09459,1001.0,6040.0,1.22,1.29,Transit,2014.0,157.963
TIC 34085383 b,TIC 34085383,3.91982296,,3.47793368523,,,4694.84,0.809951,0.733,Transit,2026.0,149.12
TOI-125 c,TOI-125,2.759,6.63,9.15059,0.0814,827.8,5320.0,0.848,0.859,Transit,2019.0,111.059
TIC 67686059 b,TIC 67686059,2.59125922,,3.52163529551,,,5090.09,0.820458,0.86,Transit,2026.0,249.203
TIC 437041147 b,TIC 437041147,2.21526814,,3.82301421497,,,5224.36,0.961092,0.931,Transit,2026.0,246.6
TOI-799 b,TOI-799,2.06631784,,5.54519139676,,958.69,5662.81,0.915519,1.0,Transit,2026.0,158.526
HATS-38 b,HATS-38,6.882326,23.51942,4.375021,0.05036,1294.0,5732.0,1.105,0.89,Transit,2020.0,343.525
TIC 77552382 b,TIC 77552382,5.69176189,,3.51025904942,,,4981.07,0.886956,0.83,Transit,2026.0,373.415
TOI-6281 b,TOI-6281,1.92416074,,1.05426244177,,2240.0,4533.23,0.874219,0.65,Transit,2026.0,57.7451
TOI-941 b,TOI-941,6.51165317,,8.51460888787,,1000.0,5745.88,1.1849,1.078,Transit,2026.0,263.386
TOI-929 b,TOI-929,2.68983343,,5.83015366944,,774.0,4457.16,0.717414,0.7,Transit,2026.0,114.421
TOI-5335 b,TOI-5335,4.02422162,,3.61365988443,,1048.0,5528.92,0.916633,0.945,Transit,2026.0,331.289
TOI-5630 b,TOI-5630,2.37117553,,3.22118452536,,1541.0,5385.64,0.933361,0.934,Transit,2026.0,134.047
TOI-6954 b,TOI-6954,3.63524486,,4.02074127419,,930.0,5170.87,0.947112,0.834,Transit,2026.0,190.042
TIC 249022743 b,TIC 249022743,4.79568155,,2.25719681538,,,5567.58,1.2084,1.0,Transit,2026.0,396.46
TOI-1814 b,TOI-1814,5.18536642,,6.36861010462,,977.83,4872.84,2.3895,,Transit,2026.0,362.522
TIC 160113658 b,TIC 160113658,3.49015778,,6.72952262077,,,4817.31,0.789834,0.76,Transit,2026.0,200.156
TIC 320419023 b,TIC 320419023,2.77280763,,5.26375651589,,,5703.36,0.952319,1.056,Transit,2026.0,288.893
TOI-2453 b,TOI-2453,3.24380341,,4.44143463188,,550.78,3720.23,0.502498,0.500519,Transit,2026.0,81.9043
TIC 38825265 b,TIC 38825265,2.18869476,,3.31336980985,,,4375.52,0.664503,0.64,Transit,2026.0,165.638
TOI-4930 b,TOI-4930,6.93277225,,6.78130241498,,1169.0,5624.72,1.15926,1.04,Transit,2026.0,413.757
TOI-1226 b,TOI-1226,2.4101112,,3.92880881576,,1123.44,5434.91,0.986943,1.01,Transit,2026.0,257.93
TOI-6699 b,TOI-6699,2.32645266,,5.32005926761,,976.0,4705.1,0.75309,0.75,Transit,2026.0,85.8463
TOI-5502 b,TOI-5502,4.1287378,,11.62592988285,,870.0,6088.71,1.32375,1.244,Transit,2026.0,248.654
TIC 260969020 b,TIC 260969020,2.22686612,,8.48584501953,,,4572.94,0.68988,0.75,Transit,2026.0,121.222
TOI-1470 b,TOI-1470,2.18,7.32,2.527093,0.0285,734.0,3709.0,0.469,0.471,Transit,2023.0,51.9503
TOI-7155 b,TOI-7155,2.40821473,,3.89489711981,,914.0,4673.03,0.670748,0.755,Transit,2026.0,144.751
TOI-763 c,TOI-763,2.63,9.32,12.2737,0.1011,800.0,5450.0,0.897,0.917,Transit,2020.0,95.1274
TIC 88692598 b,TIC 88692598,1.81295951,,2.64909436758,,,3483.17,0.532473,0.529218,Transit,2026.0,73.5258
TOI-5624 e,TOI-5624,3.247,8.9,21.489936,0.1439,613.8,5327.0,0.82,0.858,Transit,2026.0,101.913
TOI-237 b,TOI-237,1.44,,5.436098,0.0341,388.0,3212.0,0.211,0.179,Transit,2020.0,38.0749
TOI-5624 f,TOI-5624,3.66,,45.37,0.2366,478.5,5327.0,0.82,0.858,Transit Timing Variations,2026.0,101.913
TOI-481 b,TOI-481,11.09691,486.2799,10.33111,0.097,1370.0,5735.0,1.66,1.14,Transit,2020.0,179.366
TOI-4336 A c,TOI-4336 A,1.251,1.55,7.587266,0.05092,399.5,3307.0,0.326,0.306,Transit,2026.0,22.5455
OGLE-2013-BLG-1761L b,OGLE-2013-BLG-1761L,13.2,860.0,,1.8,,,,0.33,Microlensing,2017.0,6900.0
COCONUTS-2 b,COCONUTS-2 A,12.57647635,2383.7130525,402000000.0,7506.0,493.0,3552.0,0.366,0.4,Imaging,2021.0,10.8864
