"CFDA PROGRAM NUMBER","STATE APPLICATION IDENTIFIER (SAI NUMBER)","RECIPIENT NAME","RECIPIENT CITY CODE","RECIPIENT CITY NAME","RECIPIENT COUNTY CODE","RECIPIENT COUNTY NAME","RECIPIENT STATE CODE","RECIPIENT ZIP CODE","TYPE OF RECIPIENT","TYPE OF ACTION","RECIPIENT CONGRESSIONAL DISTRICT","FEDERAL AGENCY/ORGANIZATIONAL UNIT CODE","FEDERAL AWARD IDENTIFIER NUMBER","FEDERAL FUNDING SIGN","FEDERAL FUNDING AMOUNT","NON-FEDERAL FUNDING SIGN","NON-FEDERAL FUNDING AMOUNT","TOTAL FUNDING SIGN","TOTAL FUNDING AMOUNT","OBLIGATION ACTION DATE","STARTING DATE","ENDING DATE","TYPE OF ASSISTANCE TRANSACTION","RECORD TYPE","CORRECTION/LATE INDICATOR ","FISCAL YEAR AND QUARTER CORRECTION","PRINCIPAL PLACE OF PERFORMANCE CODE","PRINCIPAL PLACE OF PERFORMANCE: STATE","PRINCIPAL PLACE OF PERFORMANCE: COUNTY OR CITY","CFDA PROGRAM TITLE","FEDERAL AGENCY NAME","STATE NAME FOR RECIPIENT","PROJECT DESCRIPTION"
"12.800","SAI NOT AVAILABLE","LELAND STANFORD JUNIOR UNIVERS","73906","STANFORD","085","SANTA CLARA COUNTY","CALIFORNIA","943057209","Private: private higher education","new assistance action","90","DEFENSE, DEPARTMENT OF (EXCEPT MILITARY DEPARTMENTS)","FA95501010194","","940361","","0","","940361","06/01/2010","06/01/2010","05/31/2015","project grant  (B)","action-by-action reporting","","","0673906","CALIFORNIA","STANFORD","AIR FORCE DEFENSE RESEARCH SCIENCES PROGRAM","DEFENSE, DEPARTMENT OF (EXCEPT MILITARY DEPARTMENTS)","CALIFORNIA","TAS::57 3600::TAS "(NSSEFF) MATHEMATICAL MODELING IN RANDOM MEDIA: FROM HOMOGENIZATION TO STOCHASTICITY""
"12.614","SAI NOT AVAILABLE","CASCADE COUNTY","59875","PROCTOR","047","LAKE COUNTY","MONTANA","594012517","Government codes: county government","funding adjustment to completed project","00","DOD-OFFICE OF THE SECRETARY OF DEFENSE","OEA9900810022   0000","-","37111","","0","-","37111","06/23/2010","01/01/2008","12/31/2010","project grant  (B)","action-by-action reporting","","","3059875","MONTANA","PROCTOR","COMMUNITY ECONOMIC ADJUSTMENT DIVERSIFICATION PLANNING","DOD-OFFICE OF THE SECRETARY OF DEFENSE","MONTANA","DEFENSE DIVERSIFICATION (DD) TO EVALUATE THE NEED FOR AND POSSIBLY PROVIDE DIVERSIFICATION PLANNING ASSISTANCE TO THE SWEETGRASS REGION, MONTANA. THI"
"12.350","SAI NOT AVAILABLE","RESEARCH TRIANGLE INSTITUTE","56020","RESEARCH TRIANGLE","063","DURHAM COUNTY","NORTH CAROLINA","277090001","Nonprofit agencies: other nonprofit","continuation (funding in succeeding budget period which stemmed from prior agreement to fund - amount of the current action)","04","DOD-DEFENSE CONTRACT MANAGEMENT AGENCY","N002440910087   0002","","73327","","0","","73327","06/29/2010","06/29/2010","06/29/2012","project grant  (B)","action-by-action reporting","","","3756020","NORTH CAROLINA","RESEARCH TRIANGLE","DEPARTMENT OF DEFENSE HIV/AIDS PREVENTION PROGRAM","DOD-DEFENSE CONTRACT MANAGEMENT AGENCY","NORTH CAROLINA","PEPFAR SUDAN AIDS RELIEF"
"12.350","SAI NOT AVAILABLE","RESEARCH TRIANGLE INSTITUTE","56020","RESEARCH TRIANGLE","063","DURHAM COUNTY","NORTH CAROLINA","277090001","Nonprofit agencies: other nonprofit","continuation (funding in succeeding budget period which stemmed from prior agreement to fund - amount of the current action)","04","DOD-DEFENSE CONTRACT MANAGEMENT AGENCY","N002440910087   0001","","96518","","0","","96518","05/27/2010","05/27/2010","05/26/2012","project grant  (B)","action-by-action reporting","","","3756020","NORTH CAROLINA","RESEARCH TRIANGLE","DEPARTMENT OF DEFENSE HIV/AIDS PREVENTION PROGRAM","DOD-DEFENSE CONTRACT MANAGEMENT AGENCY","NORTH CAROLINA","PEPFAR SUDAN AIDS RELIEF"
"12.901","SAI NOT AVAILABLE","PEPPERDINE UNIVERSITY","45246","MALIBU","037","LOS ANGELES COUNTY","CALIFORNIA","902635000","Private: private higher education","new assistance action","90","DEFENSE, DEPARTMENT OF (EXCEPT MILITARY DEPARTMENTS)","H982301010231","","10000","","0","","10000","04/02/2010","04/02/2010","04/02/2011","project grant  (B)","action-by-action reporting","","","0645246","CALIFORNIA","MALIBU","MATHEMATICAL SCIENCES GRANTS PROGRAM","DEFENSE, DEPARTMENT OF (EXCEPT MILITARY DEPARTMENTS)","CALIFORNIA","PACIFIC COAST UNDERGRADUATE MATHEMATICS CONFERENCE 2011"
"12.902","SAI NOT AVAILABLE","LOS ANGELES UNIFIED SCHOOL DIS","44000","LOS ANGELES","037","LOS ANGELES COUNTY","CALIFORNIA","900171466","Private: all other","new assistance action","90","DEFENSE, DEPARTMENT OF (EXCEPT MILITARY DEPARTMENTS)","H982301010093","","100000","","0","","100000","04/06/2010","04/06/2010","02/28/2011","project grant  (B)","action-by-action reporting","","","0644000","CALIFORNIA","LOS ANGELES","INFORMATION SECURITY GRANT PROGRAM","DEFENSE, DEPARTMENT OF (EXCEPT MILITARY DEPARTMENTS)","CALIFORNIA","STARTALK LANGUAGE INITIATIVE"
"12.902","SAI NOT AVAILABLE","LOYOLA MARYMOUNT UNIVERSITY IN","44000","LOS ANGELES","037","LOS ANGELES COUNTY","CALIFORNIA","900452659","Private: private higher education","new assistance action","90","DEFENSE, DEPARTMENT OF (EXCEPT MILITARY DEPARTMENTS)","H982301010091","","100000","","0","","100000","04/09/2010","04/09/2010","02/28/2011","project grant  (B)","action-by-action reporting","","","0644000","CALIFORNIA","LOS ANGELES","INFORMATION SECURITY GRANT PROGRAM","DEFENSE, DEPARTMENT OF (EXCEPT MILITARY DEPARTMENTS)","CALIFORNIA","STARTALK LANGUAGE INITIATIVE"
"12.902","SAI NOT AVAILABLE","SOUTHERN CALIFORNIA COUNCIL OF","22230","EL MONTE","037","LOS ANGELES COUNTY","CALIFORNIA","917331070","Private: all other","new assistance action","90","DEFENSE, DEPARTMENT OF (EXCEPT MILITARY DEPARTMENTS)","H982301010112","","98260","","0","","98260","04/05/2010","04/05/2010","02/28/2011","project grant  (B)","action-by-action reporting","","","0622230","CALIFORNIA","EL MONTE","INFORMATION SECURITY GRANT PROGRAM","DEFENSE, DEPARTMENT OF (EXCEPT MILITARY DEPARTMENTS)","CALIFORNIA","STARTALK LANGUAGE INITIATIVE"
"12.902","SAI NOT AVAILABLE","TEACHING CHINESE RESOURCES","63218","ROWLAND HEIGHTS","037","LOS ANGELES COUNTY","CALIFORNIA","917485103","Private: all other","new assistance action","90","DEFENSE, DEPARTMENT OF (EXCEPT MILITARY DEPARTMENTS)","H982301010090","","100000","","0","","100000","04/01/2010","04/01/2010","02/28/2011","project grant  (B)","action-by-action reporting","","","0663218","CALIFORNIA","ROWLAND HEIGHTS","INFORMATION SECURITY GRANT PROGRAM","DEFENSE, DEPARTMENT OF (EXCEPT MILITARY DEPARTMENTS)","CALIFORNIA","STARTALK LANGUAGE INITIATIVE"
"12.902","SAI NOT AVAILABLE","TEACHING CHINESE RESOURCES","63218","ROWLAND HEIGHTS","037","LOS ANGELES COUNTY","CALIFORNIA","917485103","Private: all other","new assistance action","90","DEFENSE, DEPARTMENT OF (EXCEPT MILITARY DEPARTMENTS)","H982301010089","","100000","","0","","100000","04/01/2010","04/01/2010","02/28/2011","project grant  (B)","action-by-action reporting","","","0663218","CALIFORNIA","ROWLAND HEIGHTS","INFORMATION SECURITY GRANT PROGRAM","DEFENSE, DEPARTMENT OF (EXCEPT MILITARY DEPARTMENTS)","CALIFORNIA","STARTALK LANGUAGE INITIATIVE"
"12.902","SAI NOT AVAILABLE","STRATEGIC LANGUAGES INSTITUTE","86832","YORBA LINDA","059","ORANGE COUNTY","CALIFORNIA","928873210","Private: all other","new assistance action","90","DEFENSE, DEPARTMENT OF (EXCEPT MILITARY DEPARTMENTS)","H982301010132","","100000","","0","","100000","04/07/2010","04/07/2010","02/28/2011","project grant  (B)","action-by-action reporting","","","0686832","CALIFORNIA","YORBA LINDA","INFORMATION SECURITY GRANT PROGRAM","DEFENSE, DEPARTMENT OF (EXCEPT MILITARY DEPARTMENTS)","CALIFORNIA","STARTALK LANGUAGE INITIATIVE"
"12.902","SAI NOT AVAILABLE","NATIONAL UNIVERSITY","66000","SAN DIEGO","073","SAN DIEGO COUNTY","CALIFORNIA","920371011","Private: private higher education","new assistance action","90","DEFENSE, DEPARTMENT OF (EXCEPT MILITARY DEPARTMENTS)","H982301010131","","99962","","0","","99962","04/09/2010","04/09/2010","02/28/2011","project grant  (B)","action-by-action reporting","","","0666000","CALIFORNIA","SAN DIEGO","INFORMATION SECURITY GRANT PROGRAM","DEFENSE, DEPARTMENT OF (EXCEPT MILITARY DEPARTMENTS)","CALIFORNIA","STARTALK LANGUAGE INIIATIVE"
"12.902","SAI NOT AVAILABLE","CHINESE AMERICAN INTERNATIONAL","67000","SAN FRANCISCO","075","SAN FRANCISCO COUNTY","CALIFORNIA","941025912","Private: all other","new assistance action","90","DEFENSE, DEPARTMENT OF (EXCEPT MILITARY DEPARTMENTS)","H982301010109","","100000","","0","","100000","04/08/2010","04/08/2010","02/28/2011","project grant  (B)","action-by-action reporting","","","0667000","CALIFORNIA","SAN FRANCISCO","INFORMATION SECURITY GRANT PROGRAM","DEFENSE, DEPARTMENT OF (EXCEPT MILITARY DEPARTMENTS)","CALIFORNIA","STARTALK LANGUAGE INITIATIVE"
"12.902","SAI NOT AVAILABLE","TIDES CENTER THE","67000","SAN FRANCISCO","075","SAN FRANCISCO COUNTY","CALIFORNIA","941290907","Private: all other","new assistance action","90","DEFENSE, DEPARTMENT OF (EXCEPT MILITARY DEPARTMENTS)","H982301010086","","100000","","0","","100000","04/02/2010","04/02/2010","02/28/2011","project grant  (B)","action-by-action reporting","","","0667000","CALIFORNIA","SAN FRANCISCO","INFORMATION SECURITY GRANT PROGRAM","DEFENSE, DEPARTMENT OF (EXCEPT MILITARY DEPARTMENTS)","CALIFORNIA","STARTALK LANGUAGE INITIATIVE"
"12.902","SAI NOT AVAILABLE","TIDES CENTER THE","67000","SAN FRANCISCO","075","SAN FRANCISCO COUNTY","CALIFORNIA","941290907","Private: all other","new assistance action","90","DEFENSE, DEPARTMENT OF (EXCEPT MILITARY DEPARTMENTS)","H982301010088","","100000","","0","","100000","04/01/2010","04/01/2010","02/28/2011","project grant  (B)","action-by-action reporting","","","0667000","CALIFORNIA","SAN FRANCISCO","INFORMATION SECURITY GRANT PROGRAM","DEFENSE, DEPARTMENT OF (EXCEPT MILITARY DEPARTMENTS)","CALIFORNIA","STARTALK LANGUAGE INITIATIVE"
"12.902","SAI NOT AVAILABLE","LELAND STANFORD JUNIOR UNIVERS","73906","STANFORD","085","SANTA CLARA COUNTY","CALIFORNIA","943057209","Private: private higher education","new assistance action","90","DEFENSE, DEPARTMENT OF (EXCEPT MILITARY DEPARTMENTS)","H982301010077","","93754","","0","","93754","04/09/2010","04/09/2010","02/28/2011","project grant  (B)","action-by-action reporting","","","0673906","CALIFORNIA","STANFORD","INFORMATION SECURITY GRANT PROGRAM","DEFENSE, DEPARTMENT OF (EXCEPT MILITARY DEPARTMENTS)","CALIFORNIA","STARTALK LANGUAGE INITIATIVE"
"12.902","SAI NOT AVAILABLE","LELAND STANFORD JUNIOR UNIVERS","73906","STANFORD","085","SANTA CLARA COUNTY","CALIFORNIA","943057209","Private: private higher education","new assistance action","90","DEFENSE, DEPARTMENT OF (EXCEPT MILITARY DEPARTMENTS)","H982301010078","","96318","","0","","96318","04/08/2010","04/08/2010","02/28/2011","project grant  (B)","action-by-action reporting","","","0673906","CALIFORNIA","STANFORD","INFORMATION SECURITY GRANT PROGRAM","DEFENSE, DEPARTMENT OF (EXCEPT MILITARY DEPARTMENTS)","CALIFORNIA","STARTALK LANGUAGE INITIATIVE"
"12.902","SAI NOT AVAILABLE","ALLIANCE FOR UNIVERESAL EDUCAT","04000","AURORA","001","ADAMS COUNTY","COLORADO","800173900","Government codes: independent school district","new assistance action","90","DEFENSE, DEPARTMENT OF (EXCEPT MILITARY DEPARTMENTS)","H982301010072","","100000","","0","","100000","04/06/2010","04/06/2010","02/28/2011","project grant  (B)","action-by-action reporting","","","0804000","COLORADO","AURORA","INFORMATION SECURITY GRANT PROGRAM","DEFENSE, DEPARTMENT OF (EXCEPT MILITARY DEPARTMENTS)","COLORADO","STARTALK LANGUAGE INITIATIVE"
"12.902","SAI NOT AVAILABLE","UNIVERSITY OF COLORADO","07850","BOULDER","013","BOULDER COUNTY","COLORADO","803090001","Government codes: State controlled institutions of higher education","new assistance action","90","DEFENSE, DEPARTMENT OF (EXCEPT MILITARY DEPARTMENTS)","H982301010105","","83310","","0","","83310","04/16/2010","04/16/2010","02/28/2011","project grant  (B)","action-by-action reporting","","","0807850","COLORADO","BOULDER","INFORMATION SECURITY GRANT PROGRAM","DEFENSE, DEPARTMENT OF (EXCEPT MILITARY DEPARTMENTS)","COLORADO","STARTALK LANGUAGE INITIATIVE"
"12.902","SAI NOT AVAILABLE","STATE OF DELAWARE","41830","LEWES","005","SUSSEX COUNTY","DELAWARE","199581783","Government codes: independent school district","new assistance action","00","DEFENSE, DEPARTMENT OF (EXCEPT MILITARY DEPARTMENTS)","H982301010052","","99937","","0","","99937","04/08/2010","04/08/2010","02/28/2011","project grant  (B)","action-by-action reporting","","","1041830","DELAWARE","LEWES","INFORMATION SECURITY GRANT PROGRAM","DEFENSE, DEPARTMENT OF (EXCEPT MILITARY DEPARTMENTS)","DELAWARE","STARTALK LANGUAGE INITIATIVE"
"12.910","SAI NOT AVAILABLE","UNIVERSITY OF CENTRAL FLORIDA","53000","ORLANDO","095","ORANGE COUNTY","FLORIDA","328168005","Private: private higher education","new assistance action","90","DOD-DEFENSE ADVANCED RESEARCH PROJECTS AGENCY","HR00111010055","","249960","","0","","249960","04/01/2010","04/01/2010","03/31/2011","project grant  (B)","action-by-action reporting","","","1253000","FLORIDA","ORLANDO","RESEARCH AND TECHNOLOGY DEVELOPMENT","DOD-DEFENSE ADVANCED RESEARCH PROJECTS AGENCY","FLORIDA","GERMANATE PTR GLASS"
"12.902","SAI NOT AVAILABLE","UNIVERSITY OF HAWAII","17000","HONOLULU","003","HONOLULU COUNTY","HAWAII","968222309","Government codes: State controlled institutions of higher education","new assistance action","90","DEFENSE, DEPARTMENT OF (EXCEPT MILITARY DEPARTMENTS)","H982301010071","","100000","","0","","100000","04/15/2010","04/15/2010","02/28/2011","project grant  (B)","action-by-action reporting","","","1517000","HAWAII","HONOLULU","INFORMATION SECURITY GRANT PROGRAM","DEFENSE, DEPARTMENT OF (EXCEPT MILITARY DEPARTMENTS)","HAWAII","STARTALK LANGUAGE INITIATIVE"
"12.902","SAI NOT AVAILABLE","UNIVERSITY OF HAWAII","17000","HONOLULU","003","HONOLULU COUNTY","HAWAII","968222309","Government codes: State controlled institutions of higher education","new assistance action","90","DEFENSE, DEPARTMENT OF (EXCEPT MILITARY DEPARTMENTS)","H982301010061","","97155","","0","","97155","04/15/2010","04/15/2010","02/28/2011","project grant  (B)","action-by-action reporting","","","1517000","HAWAII","HONOLULU","INFORMATION SECURITY GRANT PROGRAM","DEFENSE, DEPARTMENT OF (EXCEPT MILITARY DEPARTMENTS)","HAWAII","STARTALK LANGUAGE INITIATIVE"
"12.902","SAI NOT AVAILABLE","DE PAUL UNIVERSITY","14000","CHICAGO","031","COOK COUNTY","ILLINOIS","606042201","Private: private higher education","new assistance action","90","DEFENSE, DEPARTMENT OF (EXCEPT MILITARY DEPARTMENTS)","H982301010076","","99625","","0","","99625","04/08/2010","04/08/2010","02/28/2011","project grant  (B)","action-by-action reporting","","","1714000","ILLINOIS","CHICAGO","INFORMATION SECURITY GRANT PROGRAM","DEFENSE, DEPARTMENT OF (EXCEPT MILITARY DEPARTMENTS)","ILLINOIS","STARTALK LANGUAGE INITIATIVE"
"12.902","SAI NOT AVAILABLE","DE PAUL UNIVERSITY","14000","CHICAGO","031","COOK COUNTY","ILLINOIS","606042201","Private: private higher education","new assistance action","90","DEFENSE, DEPARTMENT OF (EXCEPT MILITARY DEPARTMENTS)","H982301010075","","99338","","0","","99338","04/08/2010","04/08/2010","02/28/2011","project grant  (B)","action-by-action reporting","","","1714000","ILLINOIS","CHICAGO","INFORMATION SECURITY GRANT PROGRAM","DEFENSE, DEPARTMENT OF (EXCEPT MILITARY DEPARTMENTS)","ILLINOIS","STARTALK LANGUAGE INITIATIVE"
"12.902","SAI NOT AVAILABLE","EDUCATION, CHICAGO OFFICE OF T","14000","CHICAGO","031","COOK COUNTY","ILLINOIS","606035200","Private: all other","new assistance action","90","DEFENSE, DEPARTMENT OF (EXCEPT MILITARY DEPARTMENTS)","H982301010003","","99904","","0","","99904","04/02/2010","04/02/2010","02/28/2011","project grant  (B)","action-by-action reporting","","","1714000","ILLINOIS","CHICAGO","INFORMATION SECURITY GRANT PROGRAM","DEFENSE, DEPARTMENT OF (EXCEPT MILITARY DEPARTMENTS)","ILLINOIS","STARTALK LANGUAGE INITIATIVE"
"12.902","SAI NOT AVAILABLE","EDUCATION, CHICAGO OFFICE OF T","14000","CHICAGO","031","COOK COUNTY","ILLINOIS","606035200","Private: all other","new assistance action","90","DEFENSE, DEPARTMENT OF (EXCEPT MILITARY DEPARTMENTS)","H982301010002","","99055","","0","","99055","04/02/2010","04/02/2010","02/28/2011","project grant  (B)","action-by-action reporting","","","1714000","ILLINOIS","CHICAGO","INFORMATION SECURITY GRANT PROGRAM","DEFENSE, DEPARTMENT OF (EXCEPT MILITARY DEPARTMENTS)","ILLINOIS","STARTALK LANGUAGE INITIATIVE"
"12.902","SAI NOT AVAILABLE","CONSORTIUM OF ILLINOIS LANGUAG","51622","NAPERVILLE","043","DUPAGE COUNTY","ILLINOIS","605405812","Private: all other","new assistance action","90","DEFENSE, DEPARTMENT OF (EXCEPT MILITARY DEPARTMENTS)","H982301010130","","100000","","0","","100000","04/07/2010","04/07/2010","02/28/2011","project grant  (B)","action-by-action reporting","","","1751622","ILLINOIS","NAPERVILLE","INFORMATION SECURITY GRANT PROGRAM","DEFENSE, DEPARTMENT OF (EXCEPT MILITARY DEPARTMENTS)","ILLINOIS","STARTALK LANGUAGE INITIATIVE"
"12.902","SAI NOT AVAILABLE","LEWIS UNIVERSITY","65442","ROMEOVILLE","197","WILL COUNTY","ILLINOIS","604462200","Private: private higher education","new assistance action","90","DEFENSE, DEPARTMENT OF (EXCEPT MILITARY DEPARTMENTS)","H982301010120","","68263","","0","","68263","04/08/2010","04/08/2010","02/28/2011","project grant  (B)","action-by-action reporting","","","1765442","ILLINOIS","ROMEOVILLE","INFORMATION SECURITY GRANT PROGRAM","DEFENSE, DEPARTMENT OF (EXCEPT MILITARY DEPARTMENTS)","ILLINOIS","STARTALK LANGUAGE INITIATIVE"
"12.902","SAI NOT AVAILABLE","UNIVERSITY OF KENTUCKY","46000","LEXINGTON","067","FAYETTE COUNTY","KENTUCKY","405060001","Government codes: State controlled institutions of higher education","new assistance action","06","DEFENSE, DEPARTMENT OF (EXCEPT MILITARY DEPARTMENTS)","H982301010133","","99898","","0","","99898","04/14/2010","04/14/2010","02/28/2011","project grant  (B)","action-by-action reporting","","","2146000","KENTUCKY","LEXINGTON","INFORMATION SECURITY GRANT PROGRAM","DEFENSE, DEPARTMENT OF (EXCEPT MILITARY DEPARTMENTS)","KENTUCKY","STARTALK LANGUAGE INITIATIVE"
"12.902","SAI NOT AVAILABLE","ASIA INSTITUTE INC","48000","LOUISVILLE","111","JEFFERSON COUNTY","KENTUCKY","402032906","Private: all other","new assistance action","90","DEFENSE, DEPARTMENT OF (EXCEPT MILITARY DEPARTMENTS)","H982301010064","","88792","","0","","88792","04/05/2010","04/05/2010","02/28/2011","project grant  (B)","action-by-action reporting","","","2148000","KENTUCKY","LOUISVILLE","INFORMATION SECURITY GRANT PROGRAM","DEFENSE, DEPARTMENT OF (EXCEPT MILITARY DEPARTMENTS)","KENTUCKY","STARTALK LANGUAGE INITIATIVE"
"12.902","SAI NOT AVAILABLE","HOWARD COMMUNITY COLLEGE","19125","COLUMBIA","027","HOWARD COUNTY","MARYLAND","210443110","Government codes: State controlled institutions of higher education","new assistance action","90","DEFENSE, DEPARTMENT OF (EXCEPT MILITARY DEPARTMENTS)","H982301010037","","100000","","0","","100000","04/02/2010","04/02/2010","02/28/2011","project grant  (B)","action-by-action reporting","","","2419125","MARYLAND","COLUMBIA","INFORMATION SECURITY GRANT PROGRAM","DEFENSE, DEPARTMENT OF (EXCEPT MILITARY DEPARTMENTS)","MARYLAND","STARTALK LANGUAGE INIATIVE"
"12.902","SAI NOT AVAILABLE","BOARD OF EDUCATION OF MONTGOME","67675","ROCKVILLE","031","MONTGOMERY COUNTY","MARYLAND","208501718","Government codes: independent school district","new assistance action","90","DEFENSE, DEPARTMENT OF (EXCEPT MILITARY DEPARTMENTS)","H982301010118","","31613","","0","","31613","04/13/2010","04/13/2010","02/28/2011","project grant  (B)","action-by-action reporting","","","2467675","MARYLAND","ROCKVILLE","INFORMATION SECURITY GRANT PROGRAM","DEFENSE, DEPARTMENT OF (EXCEPT MILITARY DEPARTMENTS)","MARYLAND","STARTALK LANGUAGE INITIATIVE"
"12.902","SAI NOT AVAILABLE","CENTER FOR HUMAN SERVICES, INC","07125","BETHESDA","031","MONTGOMERY COUNTY","MARYLAND","208144830","Private: all other","new assistance action","90","DEFENSE, DEPARTMENT OF (EXCEPT MILITARY DEPARTMENTS)","H982301010126","","89852","","0","","89852","04/08/2010","04/08/2010","02/28/2011","project grant  (B)","action-by-action reporting","","","2407125","MARYLAND","BETHESDA","INFORMATION SECURITY GRANT PROGRAM","DEFENSE, DEPARTMENT OF (EXCEPT MILITARY DEPARTMENTS)","MARYLAND","STARTALK LANGUAGE INITIATIVE"
"12.902","SAI NOT AVAILABLE","SPRINGFIELD PUBLIC SCHOOLS","67000","SPRINGFIELD","013","HAMPDEN COUNTY","MASSACHUSETTS","011031704","Government codes: independent school district","new assistance action","90","DEFENSE, DEPARTMENT OF (EXCEPT MILITARY DEPARTMENTS)","H982301010046","","98140","","0","","98140","04/07/2010","04/07/2010","02/28/2011","project grant  (B)","action-by-action reporting","","","2567000","MASSACHUSETTS","SPRINGFIELD","INFORMATION SECURITY GRANT PROGRAM","DEFENSE, DEPARTMENT OF (EXCEPT MILITARY DEPARTMENTS)","MASSACHUSETTS","STARTALK LANGUAGE INITIATIVE"
"12.902","SAI NOT AVAILABLE","BOSTON PUBLIC SCHOOLS","07000","BOSTON","025","SUFFOLK COUNTY","MASSACHUSETTS","021082500","Government codes: independent school district","new assistance action","90","DEFENSE, DEPARTMENT OF (EXCEPT MILITARY DEPARTMENTS)","H982301010032","","100000","","0","","100000","04/01/2010","04/01/2010","02/28/2011","project grant  (B)","action-by-action reporting","","","2507000","MASSACHUSETTS","BOSTON","INFORMATION SECURITY GRANT PROGRAM","DEFENSE, DEPARTMENT OF (EXCEPT MILITARY DEPARTMENTS)","MASSACHUSETTS","STARTALK LANGUAGE INITIATIVE"
"12.902","SAI NOT AVAILABLE","BOSTON UNIVERSITY, TRUSTEES OF","07000","BOSTON","025","SUFFOLK COUNTY","MASSACHUSETTS","022151390","Private: private higher education","new assistance action","90","DEFENSE, DEPARTMENT OF (EXCEPT MILITARY DEPARTMENTS)","H982301010134","","62248","","0","","62248","04/08/2010","04/08/2010","02/28/2011","project grant  (B)","action-by-action reporting","","","2507000","MASSACHUSETTS","BOSTON","INFORMATION SECURITY GRANT PROGRAM","DEFENSE, DEPARTMENT OF (EXCEPT MILITARY DEPARTMENTS)","MASSACHUSETTS","STARTALK LANGUAGE INITIATIVE"
"12.902","SAI NOT AVAILABLE","UNIVERSITY OF MASSACHUSETTS","07000","BOSTON","025","SUFFOLK COUNTY","MASSACHUSETTS","021253300","Private: private higher education","new assistance action","90","DEFENSE, DEPARTMENT OF (EXCEPT MILITARY DEPARTMENTS)","H982301010069","","99965","","0","","99965","04/09/2010","04/09/2010","02/28/2011","project grant  (B)","action-by-action reporting","","","2507000","MASSACHUSETTS","BOSTON","INFORMATION SECURITY GRANT PROGRAM","DEFENSE, DEPARTMENT OF (EXCEPT MILITARY DEPARTMENTS)","MASSACHUSETTS","STARTALK LANGUAGE INITIATIVE"
"12.902","SAI NOT AVAILABLE","UNIVERSITY OF MASSACHUSETTS","07000","BOSTON","025","SUFFOLK COUNTY","MASSACHUSETTS","021253300","Private: private higher education","new assistance action","90","DEFENSE, DEPARTMENT OF (EXCEPT MILITARY DEPARTMENTS)","H982301010070","","98963","","0","","98963","04/09/2010","04/09/2010","02/28/2011","project grant  (B)","action-by-action reporting","","","2507000","MASSACHUSETTS","BOSTON","INFORMATION SECURITY GRANT PROGRAM","DEFENSE, DEPARTMENT OF (EXCEPT MILITARY DEPARTMENTS)","MASSACHUSETTS","STARTALK LANGUAGE INITIATIVE"
"12.902","SAI NOT AVAILABLE","BRIDGE ACADEMY","22000","DETROIT","163","WAYNE COUNTY","MICHIGAN","482123323","Private: all other","new assistance action","90","DEFENSE, DEPARTMENT OF (EXCEPT MILITARY DEPARTMENTS)","H982301010111","","98301","","0","","98301","04/06/2010","04/06/2010","02/28/2011","project grant  (B)","action-by-action reporting","","","2622000","MICHIGAN","DETROIT","INFORMATION SECURITY GRANT PROGRAM","DEFENSE, DEPARTMENT OF (EXCEPT MILITARY DEPARTMENTS)","MICHIGAN","STARTALK LANGUAGE INITIATIVE"
"12.902","SAI NOT AVAILABLE","CONCORDIA COLLEGE CORP","43864","MOORHEAD","027","CLAY COUNTY","MINNESOTA","565620002","Private: private higher education","new assistance action","07","DEFENSE, DEPARTMENT OF (EXCEPT MILITARY DEPARTMENTS)","H982301010080","","57325","","0","","57325","04/07/2010","04/07/2010","02/28/2011","project grant  (B)","action-by-action reporting","","","2743864","MINNESOTA","MOORHEAD","INFORMATION SECURITY GRANT PROGRAM","DEFENSE, DEPARTMENT OF (EXCEPT MILITARY DEPARTMENTS)","MINNESOTA","STARTALK LANGUAGE INITIATIVE"
"12.902","SAI NOT AVAILABLE","CONCORDIA COLLEGE CORP","43864","MOORHEAD","027","CLAY COUNTY","MINNESOTA","565620002","Private: private higher education","new assistance action","07","DEFENSE, DEPARTMENT OF (EXCEPT MILITARY DEPARTMENTS)","H982301010129","","97617","","0","","97617","04/07/2010","04/07/2010","02/28/2011","project grant  (B)","action-by-action reporting","","","2743864","MINNESOTA","MOORHEAD","INFORMATION SECURITY GRANT PROGRAM","DEFENSE, DEPARTMENT OF (EXCEPT MILITARY DEPARTMENTS)","MINNESOTA","STARTALK LANGUAGE INITIATIVE"
"12.902","SAI NOT AVAILABLE","CONCORDIA COLLEGE CORP","43864","MOORHEAD","027","CLAY COUNTY","MINNESOTA","565620002","Private: private higher education","new assistance action","07","DEFENSE, DEPARTMENT OF (EXCEPT MILITARY DEPARTMENTS)","H982301010079","","62369","","0","","62369","04/07/2010","04/07/2010","02/28/2011","project grant  (B)","action-by-action reporting","","","2743864","MINNESOTA","MOORHEAD","INFORMATION SECURITY GRANT PROGRAM","DEFENSE, DEPARTMENT OF (EXCEPT MILITARY DEPARTMENTS)","MINNESOTA","STARTALK LANGUAGE INITIATIVE"
"12.902","SAI NOT AVAILABLE","UNIVERSITY OF MISSISSIPPI","54840","OXFORD","071","LAFAYETTE COUNTY","MISSISSIPPI","386770001","Government codes: State controlled institutions of higher education","new assistance action","01","DEFENSE, DEPARTMENT OF (EXCEPT MILITARY DEPARTMENTS)","H982301010001","","99997","","0","","99997","04/13/2010","04/13/2010","02/28/2011","project grant  (B)","action-by-action reporting","","","2854840","MISSISSIPPI","OXFORD","INFORMATION SECURITY GRANT PROGRAM","DEFENSE, DEPARTMENT OF (EXCEPT MILITARY DEPARTMENTS)","MISSISSIPPI","STARTALK LANGUAGE INITIAITIVE"
"12.910","SAI NOT AVAILABLE","BOEING COMPANY, THE","65000","ST. LOUIS","510","ST LOUIS","MISSOURI","631661939","Private: all other","new assistance action","90","DOD-DEFENSE ADVANCED RESEARCH PROJECTS AGENCY","HR00111020001","","2656425","","0","","2656425","04/05/2010","04/05/2010","12/04/2011","cooperative agreement  (B)","action-by-action reporting","","","2965000","MISSOURI","ST. LOUIS","RESEARCH AND TECHNOLOGY DEVELOPMENT","DOD-DEFENSE ADVANCED RESEARCH PROJECTS AGENCY","MISSOURI","HYBRID MULTI-MATERIAL ROTORS PROGRAM"
"12.902","SAI NOT AVAILABLE","YUVA HINDI SANSTHAN INC","20260","EDISON","023","MIDDLESEX COUNTY","NEW JERSEY","088174607","Private: all other","new assistance action","90","DEFENSE, DEPARTMENT OF (EXCEPT MILITARY DEPARTMENTS)","H982301010103","","99750","","0","","99750","04/05/2010","04/05/2010","02/28/2011","project grant  (B)","action-by-action reporting","","","3420260","NEW JERSEY","EDISON","INFORMATION SECURITY GRANT PROGRAM","DEFENSE, DEPARTMENT OF (EXCEPT MILITARY DEPARTMENTS)","NEW JERSEY","STARTALK LANGUAGE INITIATIVE"
"12.902","SAI NOT AVAILABLE","WORLD HINDI FOUNDATION INC","48030","MORGANVILLE","025","MONMOUTH COUNTY","NEW JERSEY","077511047","Private: all other","new assistance action","90","DEFENSE, DEPARTMENT OF (EXCEPT MILITARY DEPARTMENTS)","H982301010101","","59250","","0","","59250","04/06/2010","04/06/2010","02/28/2011","project grant  (B)","action-by-action reporting","","","3448030","NEW JERSEY","MORGANVILLE","INFORMATION SECURITY GRANT PROGRAM","DEFENSE, DEPARTMENT OF (EXCEPT MILITARY DEPARTMENTS)","NEW JERSEY","STARTALK LANGUAGE INITIATIVE"
"12.902","SAI NOT AVAILABLE","KEAN UNIVERSITY","74480","UNION TOWNSHIP","039","UNION COUNTY","NEW JERSEY","070837133","Private: private higher education","new assistance action","90","DEFENSE, DEPARTMENT OF (EXCEPT MILITARY DEPARTMENTS)","H982301010123","","53265","","0","","53265","04/12/2010","04/12/2010","02/28/2011","project grant  (B)","action-by-action reporting","","","3474480","NEW JERSEY","UNION TOWNSHIP","INFORMATION SECURITY GRANT PROGRAM","DEFENSE, DEPARTMENT OF (EXCEPT MILITARY DEPARTMENTS)","NEW JERSEY","STARTALK LANGUAGE INITIATIVE"
"12.902","SAI NOT AVAILABLE","HAMILTON COLLEGE","16419","CLINTON","065","ONEIDA COUNTY","NEW YORK","133231218","Private: private higher education","new assistance action","90","DEFENSE, DEPARTMENT OF (EXCEPT MILITARY DEPARTMENTS)","H982301010097","","67367","","0","","67367","04/05/2010","04/05/2010","02/28/2011","project grant  (B)","action-by-action reporting","","","3616419","NEW YORK","CLINTON","INFORMATION SECURITY GRANT PROGRAM","DEFENSE, DEPARTMENT OF (EXCEPT MILITARY DEPARTMENTS)","NEW YORK","STARTALK LANGUAGE INITIATIVE"
"12.902","SAI NOT AVAILABLE","QUEENS UNIVERSITY OF CHARLOTTE","12000","CHARLOTTE","119","MECKLENBURG COUNTY","NORTH CAROLINA","282740001","Private: private higher education","new assistance action","90","DEFENSE, DEPARTMENT OF (EXCEPT MILITARY DEPARTMENTS)","H982301010074","","53175","","0","","53175","04/06/2010","04/06/2010","02/28/2011","project grant  (B)","action-by-action reporting","","","3712000","NORTH CAROLINA","CHARLOTTE","INFORMATION SECURITY GRANT PROGRAM","DEFENSE, DEPARTMENT OF (EXCEPT MILITARY DEPARTMENTS)","NORTH CAROLINA","STARTALK LANGUAGE INITIATIVE"
"12.901","SAI NOT AVAILABLE","UNIVERSITY OF OKLAHOMA","52500","NORMAN","027","CLEVELAND COUNTY","OKLAHOMA","730194039","Government codes: State controlled institutions of higher education","new assistance action","04","DEFENSE, DEPARTMENT OF (EXCEPT MILITARY DEPARTMENTS)","H982301010098","","66276","","0","","66276","04/09/2010","04/09/2010","02/28/2011","project grant  (B)","action-by-action reporting","","","4052500","OKLAHOMA","NORMAN","MATHEMATICAL SCIENCES GRANTS PROGRAM","DEFENSE, DEPARTMENT OF (EXCEPT MILITARY DEPARTMENTS)","OKLAHOMA","STARTALK LANGUAGE INITIATIVE"
"12.902","SAI NOT AVAILABLE","PORTLAND STATE UNIVERSITY","59000","PORTLAND","051","MULTNOMAH COUNTY","OREGON","972013218","Private: all other","new assistance action","90","DEFENSE, DEPARTMENT OF (EXCEPT MILITARY DEPARTMENTS)","H982301010100","","99800","","0","","99800","04/08/2010","04/08/2010","02/28/2011","project grant  (B)","action-by-action reporting","","","4159000","OREGON","PORTLAND","INFORMATION SECURITY GRANT PROGRAM","DEFENSE, DEPARTMENT OF (EXCEPT MILITARY DEPARTMENTS)","OREGON","STARTALK LANGUAGE INITIATIVE"
"12.902","SAI NOT AVAILABLE","PHILADELPHIA, SCHOOL DISTRICT","60000","PHILADELPHIA","101","PHILADELPHIA COUNTY","PENNSYLVANIA","191304015","Government codes: independent school district","new assistance action","90","DEFENSE, DEPARTMENT OF (EXCEPT MILITARY DEPARTMENTS)","H982301010106","","87230","","0","","87230","04/15/2010","04/15/2010","02/28/2011","project grant  (B)","action-by-action reporting","","","4260000","PENNSYLVANIA","PHILADELPHIA","INFORMATION SECURITY GRANT PROGRAM","DEFENSE, DEPARTMENT OF (EXCEPT MILITARY DEPARTMENTS)","PENNSYLVANIA","STARTALK LANGUAGE INITIATIV"
"12.902","SAI NOT AVAILABLE","PHILADELPHIA, SCHOOL DISTRICT","60000","PHILADELPHIA","101","PHILADELPHIA COUNTY","PENNSYLVANIA","191304015","Government codes: independent school district","new assistance action","90","DEFENSE, DEPARTMENT OF (EXCEPT MILITARY DEPARTMENTS)","H982301010107","","87230","","0","","87230","04/15/2010","04/15/2010","02/28/2011","project grant  (B)","action-by-action reporting","","","4260000","PENNSYLVANIA","PHILADELPHIA","INFORMATION SECURITY GRANT PROGRAM","DEFENSE, DEPARTMENT OF (EXCEPT MILITARY DEPARTMENTS)","PENNSYLVANIA","STARTALK LANGUAGE INITIAITVE"
"12.902","SAI NOT AVAILABLE","TRUSTEES OF THE UNIVERSITY OF","60000","PHILADELPHIA","101","PHILADELPHIA COUNTY","PENNSYLVANIA","191046205","Private: private higher education","new assistance action","90","DEFENSE, DEPARTMENT OF (EXCEPT MILITARY DEPARTMENTS)","H982301010121","","99950","","0","","99950","04/09/2010","04/09/2010","04/09/2010","project grant  (B)","action-by-action reporting","","","4260000","PENNSYLVANIA","PHILADELPHIA","INFORMATION SECURITY GRANT PROGRAM","DEFENSE, DEPARTMENT OF (EXCEPT MILITARY DEPARTMENTS)","PENNSYLVANIA","STARTALK LANGUAGE INIITIATIVE"
"12.902","SAI NOT AVAILABLE","TRUSTEES OF THE UNIVERSITY OF","60000","PHILADELPHIA","101","PHILADELPHIA COUNTY","PENNSYLVANIA","191046205","Private: private higher education","new assistance action","90","DEFENSE, DEPARTMENT OF (EXCEPT MILITARY DEPARTMENTS)","H982301010065","","100000","","0","","100000","04/02/2010","04/02/2010","02/28/2011","project grant  (B)","action-by-action reporting","","","4260000","PENNSYLVANIA","PHILADELPHIA","INFORMATION SECURITY GRANT PROGRAM","DEFENSE, DEPARTMENT OF (EXCEPT MILITARY DEPARTMENTS)","PENNSYLVANIA","STARTALK LANGUAGE INITIATIVE"
"12.902","SAI NOT AVAILABLE","TRUSTEES OF THE UNIVERSITY OF","60000","PHILADELPHIA","101","PHILADELPHIA COUNTY","PENNSYLVANIA","191046205","Private: private higher education","new assistance action","90","DEFENSE, DEPARTMENT OF (EXCEPT MILITARY DEPARTMENTS)","H982301010041","","89678","","0","","89678","04/02/2010","04/02/2010","02/28/2011","project grant  (B)","action-by-action reporting","","","4260000","PENNSYLVANIA","PHILADELPHIA","INFORMATION SECURITY GRANT PROGRAM","DEFENSE, DEPARTMENT OF (EXCEPT MILITARY DEPARTMENTS)","PENNSYLVANIA","STARTALK LANGUAGE INITIATIVE"
"12.902","SAI NOT AVAILABLE","TRUSTEES OF THE UNIVERSITY OF","60000","PHILADELPHIA","101","PHILADELPHIA COUNTY","PENNSYLVANIA","191046205","Private: private higher education","new assistance action","90","DEFENSE, DEPARTMENT OF (EXCEPT MILITARY DEPARTMENTS)","H982301010043","","83779","","0","","83779","04/02/2010","04/02/2010","02/28/2011","project grant  (B)","action-by-action reporting","","","4260000","PENNSYLVANIA","PHILADELPHIA","INFORMATION SECURITY GRANT PROGRAM","DEFENSE, DEPARTMENT OF (EXCEPT MILITARY DEPARTMENTS)","PENNSYLVANIA","STARTALK LANGUAGE INITIATIVE"
"12.300","SAI NOT AVAILABLE","CARNEGIE MELLON UNIVERSITY","61000","PITTSBURGH","003","ALLEGHENY COUNTY","PENNSYLVANIA","152133815","Private: private higher education","new assistance action","90","DOD-DEFENSE ADVANCED RESEARCH PROJECTS AGENCY","FA87501020165","","1500000","","0","","1500000","06/23/2010","06/23/2010","09/22/2011","cooperative agreement  (B)","action-by-action reporting","","","4261000","PENNSYLVANIA","PITTSBURGH","BASIC AND APPLIED SCIENTIFIC RESEARCH","DOD-DEFENSE ADVANCED RESEARCH PROJECTS AGENCY","PENNSYLVANIA","FOSTERING INNOVATION THROUGH ROBOTICS EXPLORATION"
"12.902","SAI NOT AVAILABLE","BRYANT UNIVERSITY","66200","SMITHFIELD TOWN","007","PROVIDENCE COUNTY","RHODE ISLAND","029171290","Private: private higher education","new assistance action","90","DEFENSE, DEPARTMENT OF (EXCEPT MILITARY DEPARTMENTS)","H982301010115","","99052","","0","","99052","04/08/2010","04/08/2010","02/28/2011","project grant  (B)","action-by-action reporting","","","4466200","RHODE ISLAND","SMITHFIELD TOWN","INFORMATION SECURITY GRANT PROGRAM","DEFENSE, DEPARTMENT OF (EXCEPT MILITARY DEPARTMENTS)","RHODE ISLAND","STARTALK LANGUAGE INITIATIVE"
"12.902","SAI NOT AVAILABLE","BRYANT UNIVERSITY","66200","SMITHFIELD TOWN","007","PROVIDENCE COUNTY","RHODE ISLAND","029171290","Private: private higher education","new assistance action","90","DEFENSE, DEPARTMENT OF (EXCEPT MILITARY DEPARTMENTS)","H982301010114","","99937","","0","","99937","04/08/2010","04/08/2010","02/28/2011","project grant  (B)","action-by-action reporting","","","4466200","RHODE ISLAND","SMITHFIELD TOWN","INFORMATION SECURITY GRANT PROGRAM","DEFENSE, DEPARTMENT OF (EXCEPT MILITARY DEPARTMENTS)","RHODE ISLAND","STARTALK LANGUAGE INITIATIVE"
"12.902","SAI NOT AVAILABLE","FURMAN UNIVERSITY","30850","GREENVILLE","045","GREENVILLE COUNTY","SOUTH CAROLINA","296131000","Private: all other","new assistance action","04","DEFENSE, DEPARTMENT OF (EXCEPT MILITARY DEPARTMENTS)","H982301010104","","54620","","0","","54620","04/05/2010","04/05/2010","02/28/2011","project grant  (B)","action-by-action reporting","","","4530850","SOUTH CAROLINA","GREENVILLE","INFORMATION SECURITY GRANT PROGRAM","DEFENSE, DEPARTMENT OF (EXCEPT MILITARY DEPARTMENTS)","SOUTH CAROLINA","STARTALK LANGUAGE INITIATIVE"
"12.902","SAI NOT AVAILABLE","BOARD OF EDUCATION-MEMPHIS CIT","48000","MEMPHIS","157","SHELBY COUNTY","TENNESSEE","381124818","Government codes: independent school district","new assistance action","90","DEFENSE, DEPARTMENT OF (EXCEPT MILITARY DEPARTMENTS)","H982301010113","","99028","","0","","99028","04/20/2010","04/20/2010","02/28/2011","project grant  (B)","action-by-action reporting","","","4748000","TENNESSEE","MEMPHIS","INFORMATION SECURITY GRANT PROGRAM","DEFENSE, DEPARTMENT OF (EXCEPT MILITARY DEPARTMENTS)","TENNESSEE","STARTALK LANGUAGE INITIATIVE"
"12.902","SAI NOT AVAILABLE","CONSORTIUM OF TEXAS CHINESE LA","27000","FORT WORTH","439","TARRANT COUNTY","TEXAS","770061833","Private: all other","new assistance action","90","DEFENSE, DEPARTMENT OF (EXCEPT MILITARY DEPARTMENTS)","H982301010056","","100000","","0","","100000","04/01/2010","04/01/2010","02/28/2011","project grant  (B)","action-by-action reporting","","","4827000","TEXAS","FORT WORTH","INFORMATION SECURITY GRANT PROGRAM","DEFENSE, DEPARTMENT OF (EXCEPT MILITARY DEPARTMENTS)","TEXAS","STARTALK LANGUAGE INITIATIVE"
"12.902","SAI NOT AVAILABLE","BRIGHAM YOUNG UNIVERSITY","62470","PROVO","049","UTAH COUNTY","UTAH","846021231","Private: private higher education","new assistance action","90","DEFENSE, DEPARTMENT OF (EXCEPT MILITARY DEPARTMENTS)","H982301010054","","100000","","0","","100000","04/02/2010","04/02/2010","02/28/2011","project grant  (B)","action-by-action reporting","","","4962470","UTAH","PROVO","INFORMATION SECURITY GRANT PROGRAM","DEFENSE, DEPARTMENT OF (EXCEPT MILITARY DEPARTMENTS)","UTAH","STARTALK LANGUAGE INITIATIVE"
"12.902","SAI NOT AVAILABLE","BRIGHAM YOUNG UNIVERSITY","62470","PROVO","049","UTAH COUNTY","UTAH","846021231","Private: private higher education","new assistance action","90","DEFENSE, DEPARTMENT OF (EXCEPT MILITARY DEPARTMENTS)","H982301010094","","99917","","0","","99917","04/02/2010","04/02/2010","02/28/2011","project grant  (B)","action-by-action reporting","","","4962470","UTAH","PROVO","INFORMATION SECURITY GRANT PROGRAM","DEFENSE, DEPARTMENT OF (EXCEPT MILITARY DEPARTMENTS)","UTAH","STARTALK LANGUAGE INITIATIVE"
"12.902","SAI NOT AVAILABLE","BRIGHAM YOUNG UNIVERSITY","62470","PROVO","049","UTAH COUNTY","UTAH","846021231","Private: private higher education","new assistance action","90","DEFENSE, DEPARTMENT OF (EXCEPT MILITARY DEPARTMENTS)","H982301010053","","80255","","0","","80255","04/02/2010","04/02/2010","02/28/2011","project grant  (B)","action-by-action reporting","","","4962470","UTAH","PROVO","INFORMATION SECURITY GRANT PROGRAM","DEFENSE, DEPARTMENT OF (EXCEPT MILITARY DEPARTMENTS)","UTAH","STARTALK LANGUAGE INITIATIVE"
"12.902","SAI NOT AVAILABLE","PRESIDENT AND FELLOWS OF MIDDL","44275","MIDDLEBURY","001","ADDISON COUNTY","VERMONT","057531447","Private: private higher education","new assistance action","00","DEFENSE, DEPARTMENT OF (EXCEPT MILITARY DEPARTMENTS)","H982301010068","","93000","","0","","93000","04/06/2010","04/06/2010","02/28/2011","project grant  (B)","action-by-action reporting","","","5044275","VERMONT","MIDDLEBURY","INFORMATION SECURITY GRANT PROGRAM","DEFENSE, DEPARTMENT OF (EXCEPT MILITARY DEPARTMENTS)","VERMONT","STARTALK LANGUAGE INITIATIVE"
"12.902","SAI NOT AVAILABLE","GEORGE MASON UNIVERSITY","26496","FAIRFAX","600","FAIRFAX","VIRGINIA","220304422","Private: private higher education","new assistance action","90","DEFENSE, DEPARTMENT OF (EXCEPT MILITARY DEPARTMENTS)","H982301010117","","98877","","0","","98877","04/05/2010","04/05/2010","02/28/2011","project grant  (B)","action-by-action reporting","","","5126496","VIRGINIA","FAIRFAX","INFORMATION SECURITY GRANT PROGRAM","DEFENSE, DEPARTMENT OF (EXCEPT MILITARY DEPARTMENTS)","VIRGINIA","STARTALK LANGUAGE INITIATIVE"
"12.902","SAI NOT AVAILABLE","FAUQUIER COUNTY PUBLIC SCHOOLS","83136","WARRENTON","061","FAUQUIER COUNTY","VIRGINIA","201863037","Private: all other","new assistance action","90","DEFENSE, DEPARTMENT OF (EXCEPT MILITARY DEPARTMENTS)","H982301010119","","65548","","0","","65548","04/07/2010","04/07/2010","02/28/2011","project grant  (B)","action-by-action reporting","","","5183136","VIRGINIA","WARRENTON","INFORMATION SECURITY GRANT PROGRAM","DEFENSE, DEPARTMENT OF (EXCEPT MILITARY DEPARTMENTS)","VIRGINIA","STARTALK LANGUAGE INITIATIVE"
"12.902","SAI NOT AVAILABLE","VIRGINIA COMMONWEALTH UNIVERSI","67000","RICHMOND","760","RICHMOND","VIRGINIA","232191415","Private: private higher education","new assistance action","90","DEFENSE, DEPARTMENT OF (EXCEPT MILITARY DEPARTMENTS)","H982301010004","","99999","","0","","99999","04/07/2010","04/07/2010","02/28/2011","project grant  (B)","action-by-action reporting","","","5167000","VIRGINIA","RICHMOND","INFORMATION SECURITY GRANT PROGRAM","DEFENSE, DEPARTMENT OF (EXCEPT MILITARY DEPARTMENTS)","VIRGINIA","STARTALK LANGUAGE INITIATIVE"
"12.902","SAI NOT AVAILABLE","VIRGINIA COMMONWEALTH UNIVERSI","67000","RICHMOND","760","RICHMOND","VIRGINIA","232191415","Private: private higher education","new assistance action","90","DEFENSE, DEPARTMENT OF (EXCEPT MILITARY DEPARTMENTS)","H982301010005","","99999","","0","","99999","04/07/2010","04/07/2010","02/28/2011","project grant  (B)","action-by-action reporting","","","5167000","VIRGINIA","RICHMOND","INFORMATION SECURITY GRANT PROGRAM","DEFENSE, DEPARTMENT OF (EXCEPT MILITARY DEPARTMENTS)","VIRGINIA","STARTALK LANGUAGE INITIATIVE"
"12.902","SAI NOT AVAILABLE","THE CORPORATION OF GONZAGA UNI","67000","SPOKANE","063","SPOKANE COUNTY","WASHINGTON","992581774","Private: private higher education","new assistance action","05","DEFENSE, DEPARTMENT OF (EXCEPT MILITARY DEPARTMENTS)","H982301010128","","68479","","0","","68479","04/08/2010","04/08/2010","02/28/2011","project grant  (B)","action-by-action reporting","","","5367000","WASHINGTON","SPOKANE","INFORMATION SECURITY GRANT PROGRAM","DEFENSE, DEPARTMENT OF (EXCEPT MILITARY DEPARTMENTS)","WASHINGTON","STARTALK LANGUAGE INITIATIVE"
"12.902","SAI NOT AVAILABLE","NCOLCTL","48000","MADISON","025","DANE COUNTY","WISCONSIN","537061405","Private: all other","new assistance action","02","DEFENSE, DEPARTMENT OF (EXCEPT MILITARY DEPARTMENTS)","H982301010060","","85745","","0","","85745","04/06/2010","04/06/2010","02/28/2011","project grant  (B)","action-by-action reporting","","","5548000","WISCONSIN","MADISON","INFORMATION SECURITY GRANT PROGRAM","DEFENSE, DEPARTMENT OF (EXCEPT MILITARY DEPARTMENTS)","WISCONSIN","STARTALK LANGUAGE INITIATIVE"
"12.902","SAI NOT AVAILABLE","UNIVERSITY OF WYOMING","45050","LARAMIE","001","ALBANY COUNTY","WYOMING","820712000","Government codes: State controlled institutions of higher education","new assistance action","00","DEFENSE, DEPARTMENT OF (EXCEPT MILITARY DEPARTMENTS)","H982301010099","","57113","","0","","57113","04/06/2010","04/06/2010","02/28/2011","project grant  (B)","action-by-action reporting","","","5645050","WYOMING","LARAMIE","INFORMATION SECURITY GRANT PROGRAM","DEFENSE, DEPARTMENT OF (EXCEPT MILITARY DEPARTMENTS)","WYOMING","STARTALK LANGUAGE INITIATIVE"
"12.607","SAI NOT AVAILABLE","SUNNYVALE, CITY OF","69084","SANTA CLARA","085","SANTA CLARA COUNTY","CALIFORNIA","940867637","Government codes: city or township government","continuation (funding in succeeding budget period which stemmed from prior agreement to fund - amount of the current action)","90","DOD-OFFICE OF THE SECRETARY OF DEFENSE","HQ00051010064   0001","","58573","","0","","58573","05/27/2010","04/01/2009","12/31/2010","project grant  (B)","action-by-action reporting","","","0669084","CALIFORNIA","SANTA CLARA","COMMUNITY ECONOMIC ADJUSTMENT ASSISTANCE FOR ESTABLISHMENT, EXPANSION, REA","DOD-OFFICE OF THE SECRETARY OF DEFENSE","CALIFORNIA","BASE CLOSURE (CL) TO EVALUATE COMMUNITY NEEDS AND CAPABILITIES, AND TO PROVIDE ASSISTANCE TO MITIGATE THE 2005 DEPARTMENT OF DEFENSE "BASE CLOSURE AN"
"12.607","SAI NOT AVAILABLE","MCPHERSON IMPLEMENTING LOCAL R","30928","FORT MCPHERSON","121","FULTON COUNTY","GEORGIA","303033207","Government codes: State government","continuation (funding in succeeding budget period which stemmed from prior agreement to fund - amount of the current action)","90","DOD-OFFICE OF THE SECRETARY OF DEFENSE","HQ00051010029   0001","","255694","","0","","255694","04/01/2010","01/01/2010","12/31/2010","project grant  (B)","action-by-action reporting","","","1330928","GEORGIA","FORT MCPHERSON","COMMUNITY ECONOMIC ADJUSTMENT ASSISTANCE FOR ESTABLISHMENT, EXPANSION, REA","DOD-OFFICE OF THE SECRETARY OF DEFENSE","GEORGIA","BASE CLOSURE (CL) TO EVALUATE COMMUNITY NEEDS AND CAPABILITIES, AND PROVIDE ASSISTANCE TO MITIGATE THE MAY 2005 DEPARTMENT OF DEFENSE "BASE CLOSURE A"
"12.607","SAI NOT AVAILABLE","BI-STATE REGIONAL COMMISSION","65104","ROCK ISLAND ARSENAL","161","ROCK ISLAND COUNTY","ILLINOIS","612018624","Private: all other","funding adjustment to completed project","17","DOD-OFFICE OF THE SECRETARY OF DEFENSE","OEA9900910044   0000","-","9701","","0","-","9701","04/28/2010","04/01/2008","11/30/2010","project grant  (B)","action-by-action reporting","","","1765104","ILLINOIS","ROCK ISLAND ARSENAL","COMMUNITY ECONOMIC ADJUSTMENT ASSISTANCE FOR ESTABLISHMENT, EXPANSION, REA","DOD-OFFICE OF THE SECRETARY OF DEFENSE","ILLINOIS","BASE REALIGNMENT (RA) TO EVALUATE COMMUNITY NEEDS AND CAPABILITIES, AND PROVIDE ASSISTANCE TO MITIGATE THE MAY 2005 DEPARTMENT OF DEFENSE "BASE CLOSU"
"12.607","SAI NOT AVAILABLE","NEWPORT CHEMICAL DEPOT REUSE A","53503","NEWPORT ARMY AMMUN.","165","VERMILLION COUNTY","INDIANA","478427160","Government codes: special district government","new assistance action","08","DOD-OFFICE OF THE SECRETARY OF DEFENSE","HQ00051010049","","1291270","","0","","1291270","04/01/2010","02/01/2010","12/31/2010","project grant  (B)","action-by-action reporting","","","1853503","INDIANA","NEWPORT ARMY AMMUN.","COMMUNITY ECONOMIC ADJUSTMENT ASSISTANCE FOR ESTABLISHMENT, EXPANSION, REA","DOD-OFFICE OF THE SECRETARY OF DEFENSE","INDIANA","BASE CLOSURE (CL) TO EVALUATE COMMUNITY NEEDS AND CAPABILITIES, AND PROVIDE ASSISTANCE TO MITIGATE THE MAY 2005 DEPARTMENT OF DEFENSE "BASE CLOSURE A"
"12.607","SAI NOT AVAILABLE","NEW ORLEANS, CITY OF","55000","NEW ORLEANS","071","ORLEANS (PARISH)","LOUISIANA","701121221","Government codes: city or township government","new assistance action","90","DOD-OFFICE OF THE SECRETARY OF DEFENSE","HQ00051010056","","373267","","0","","373267","05/27/2010","10/01/2009","09/30/2010","project grant  (B)","action-by-action reporting","","","2255000","LOUISIANA","NEW ORLEANS","COMMUNITY ECONOMIC ADJUSTMENT ASSISTANCE FOR ESTABLISHMENT, EXPANSION, REA","DOD-OFFICE OF THE SECRETARY OF DEFENSE","LOUISIANA","BASE CLOSURE (CL) TO EVALUATE COMMUNITY NEEDS AND CAPABILITIES, AND PROVIDE ASSISTANCE TO MITIGATE THE MAY 2005 DEPARTMENT OF DEFENSE "BASE CLOSURE A"
"12.607","SAI NOT AVAILABLE","EXECUTIVE OFFICE OF THE STATE","02100","AUGUSTA","011","KENNEBEC COUNTY","MAINE","043330001","Government codes: State government","continuation (funding in succeeding budget period which stemmed from prior agreement to fund - amount of the current action)","90","DOD-OFFICE OF THE SECRETARY OF DEFENSE","HQ00051010008   0002","","261997","","0","","261997","06/14/2010","11/01/2008","12/31/2010","project grant  (B)","action-by-action reporting","","","2302100","MAINE","AUGUSTA","COMMUNITY ECONOMIC ADJUSTMENT ASSISTANCE FOR ESTABLISHMENT, EXPANSION, REA","DOD-OFFICE OF THE SECRETARY OF DEFENSE","MAINE","BASE CLOSURE (CL) TO EVALUATE THE STATE OF MAINE'S NEEDS AND CAPABILITIES, AND TO PROVIDE ASSISTANCE TO MITIGATE THE SEPTEMBER 2005 DEFENSE BASE CLOS"
"12.750","SAI NOT AVAILABLE","HENRY M JACKSON FOUNDATION FOR","07125","BETHESDA","031","MONTGOMERY COUNTY","MARYLAND","208521402","Government codes: State controlled institutions of higher education","continuation (funding in succeeding budget period which stemmed from prior agreement to fund - amount of the current action)","90","DEFENSE, DEPARTMENT OF (EXCEPT MILITARY DEPARTMENTS)","HU00010610003","","4831110","","0","","4831110","05/10/2010","03/01/2006","05/31/2011","project grant  (B)","action-by-action reporting","","","2407125","MARYLAND","BETHESDA","DOD MEDICAL RESEARCH, CONSULTATION AND EDUCATION PROGRAMS","DEFENSE, DEPARTMENT OF (EXCEPT MILITARY DEPARTMENTS)","MARYLAND","DEFENSE GRADUATE PSYCHOLOGY EDUCATION PROGRAM"
"12.607","SAI NOT AVAILABLE","LOCAL REDEVELOPMENT AUTH ROOSE","33941","HATO REY","127","SAN JUAN MUNICIPIO","PUERTO RICO","009181111","Private: all other","funding adjustment to completed project","98","DOD-OFFICE OF THE SECRETARY OF DEFENSE","OEA9900810067   0000","-","22634","","0","-","22634","05/18/2010","09/01/2008","08/31/2010","project grant  (B)","action-by-action reporting","","","7233941","PUERTO RICO","HATO REY","COMMUNITY ECONOMIC ADJUSTMENT ASSISTANCE FOR ESTABLISHMENT, EXPANSION, REA","DOD-OFFICE OF THE SECRETARY OF DEFENSE","PUERTO RICO","NON BRAC CLOSURE (BC) THE FY04 NATIONAL DEFENSE APPROPRIATIONS ACT (P.L. 108-87) DIRECTED THE CLOSURE OF NAVAL STATION ROOSEVELT ROADS (NSRR) 6 MONTH"
"12.910","SAI NOT AVAILABLE","MATERIALS & ELECTROCHEMICAL RE","77000","TUCSON","019","PIMA COUNTY","ARIZONA","857069237","Private: small business","continuation (funding in succeeding budget period which stemmed from prior agreement to fund - amount of the current action)","90","DOD-DEFENSE ADVANCED RESEARCH PROJECTS AGENCY","HR00110630007   0006","","2293091","","0","","2293091","05/10/2010","08/17/2006","08/31/2011","other reimbursable, contingent, intangible, or indirect financial assistance","action-by-action reporting","","","0477000","ARIZONA","TUCSON","RESEARCH AND TECHNOLOGY DEVELOPMENT","DOD-DEFENSE ADVANCED RESEARCH PROJECTS AGENCY","ARIZONA","CONSORTIUM INCREMENTALLY"
"12.902","SAI NOT AVAILABLE","REGENTS OF THE UNIVERSITY OF C","06000","BERKELEY","001","ALAMEDA COUNTY","CALIFORNIA","947045940","Government codes: State controlled institutions of higher education","new assistance action","90","DEFENSE, DEPARTMENT OF (EXCEPT MILITARY DEPARTMENTS)","H982301010049","","100000","","0","","100000","04/14/2010","04/14/2010","02/28/2011","project grant  (B)","action-by-action reporting","","","0606000","CALIFORNIA","BERKELEY","INFORMATION SECURITY GRANT PROGRAM","DEFENSE, DEPARTMENT OF (EXCEPT MILITARY DEPARTMENTS)","CALIFORNIA","STARTALK LANGUAGE INITIATIVE"
"12.902","SAI NOT AVAILABLE","THE REGENTS OF THE UNIVERSITY","44000","LOS ANGELES","037","LOS ANGELES COUNTY","CALIFORNIA","900246523","Private: private higher education","new assistance action","90","DEFENSE, DEPARTMENT OF (EXCEPT MILITARY DEPARTMENTS)","H982301010029","","99256","","0","","99256","04/09/2010","04/09/2010","02/28/2011","project grant  (B)","action-by-action reporting","","","0644000","CALIFORNIA","LOS ANGELES","INFORMATION SECURITY GRANT PROGRAM","DEFENSE, DEPARTMENT OF (EXCEPT MILITARY DEPARTMENTS)","CALIFORNIA","STARTALK LANGUAGE INITIATIVE"
"12.902","SAI NOT AVAILABLE","THE REGENTS OF THE UNIVERSITY","44000","LOS ANGELES","037","LOS ANGELES COUNTY","CALIFORNIA","900246523","Government codes: State controlled institutions of higher education","new assistance action","90","DEFENSE, DEPARTMENT OF (EXCEPT MILITARY DEPARTMENTS)","H982301010122","","99377","","0","","99377","04/13/2010","04/13/2010","02/28/2011","project grant  (B)","action-by-action reporting","","","0644000","CALIFORNIA","LOS ANGELES","INFORMATION SECURITY GRANT PROGRAM","DEFENSE, DEPARTMENT OF (EXCEPT MILITARY DEPARTMENTS)","CALIFORNIA","STARTALK LANGUAGE INITIATIVE"
"12.902","SAI NOT AVAILABLE","FOUNDATION FOR CALIFORNIA STAT","65000","SAN BERNARDINO","071","SAN BERNARDINO COUNTY","CALIFORNIA","924072318","Government codes: State controlled institutions of higher education","new assistance action","90","DEFENSE, DEPARTMENT OF (EXCEPT MILITARY DEPARTMENTS)","H982301010050","","99859","","0","","99859","04/05/2010","04/05/2010","02/28/2011","project grant  (B)","action-by-action reporting","","","0665000","CALIFORNIA","SAN BERNARDINO","INFORMATION SECURITY GRANT PROGRAM","DEFENSE, DEPARTMENT OF (EXCEPT MILITARY DEPARTMENTS)","CALIFORNIA","STARTALK LANGUAGE INITIATIVE"
"12.902","SAI NOT AVAILABLE","SAN DIEGO STATE UNIVERSITY FOU","66000","SAN DIEGO","073","SAN DIEGO COUNTY","CALIFORNIA","921821901","Government codes: State controlled institutions of higher education","new assistance action","90","DEFENSE, DEPARTMENT OF (EXCEPT MILITARY DEPARTMENTS)","H982301010024","","65552","","0","","65552","04/06/2010","04/06/2010","02/28/2011","project grant  (B)","action-by-action reporting","","","0666000","CALIFORNIA","SAN DIEGO","INFORMATION SECURITY GRANT PROGRAM","DEFENSE, DEPARTMENT OF (EXCEPT MILITARY DEPARTMENTS)","CALIFORNIA","STARTALK LANGUAGE INITIATIVE"
"12.902","SAI NOT AVAILABLE","SAN DIEGO STATE UNIVERSITY FOU","66000","SAN DIEGO","073","SAN DIEGO COUNTY","CALIFORNIA","921821901","Government codes: State controlled institutions of higher education","new assistance action","90","DEFENSE, DEPARTMENT OF (EXCEPT MILITARY DEPARTMENTS)","H982301010026","","97115","","0","","97115","04/06/2010","04/06/2010","02/28/2011","project grant  (B)","action-by-action reporting","","","0666000","CALIFORNIA","SAN DIEGO","INFORMATION SECURITY GRANT PROGRAM","DEFENSE, DEPARTMENT OF (EXCEPT MILITARY DEPARTMENTS)","CALIFORNIA","STARTALK LANGUAGE INITIATIVE"
"12.902","SAI NOT AVAILABLE","SAN DIEGO STATE UNIVERSITY FOU","66000","SAN DIEGO","073","SAN DIEGO COUNTY","CALIFORNIA","921821901","Government codes: State controlled institutions of higher education","new assistance action","90","DEFENSE, DEPARTMENT OF (EXCEPT MILITARY DEPARTMENTS)","H982301010025","","99340","","0","","99340","04/06/2010","04/06/2010","02/28/2011","project grant  (B)","action-by-action reporting","","","0666000","CALIFORNIA","SAN DIEGO","INFORMATION SECURITY GRANT PROGRAM","DEFENSE, DEPARTMENT OF (EXCEPT MILITARY DEPARTMENTS)","CALIFORNIA","STARTALK LANGUAGE INITIATIVE"
"12.902","SAI NOT AVAILABLE","CALIFORNIA STATE UNIVERSITY","67000","SAN FRANCISCO","075","SAN FRANCISCO COUNTY","CALIFORNIA","941321722","Government codes: State controlled institutions of higher education","new assistance action","90","DEFENSE, DEPARTMENT OF (EXCEPT MILITARY DEPARTMENTS)","H982301010083","","99952","","0","","99952","04/08/2010","04/08/2010","02/28/2011","project grant  (B)","action-by-action reporting","","","0667000","CALIFORNIA","SAN FRANCISCO","INFORMATION SECURITY GRANT PROGRAM","DEFENSE, DEPARTMENT OF (EXCEPT MILITARY DEPARTMENTS)","CALIFORNIA","STARTALK LANGUAGE INITIATIVE"
"12.902","SAI NOT AVAILABLE","CALIFORNIA STATE UNIVERSITY","67000","SAN FRANCISCO","075","SAN FRANCISCO COUNTY","CALIFORNIA","941321722","Government codes: State controlled institutions of higher education","new assistance action","90","DEFENSE, DEPARTMENT OF (EXCEPT MILITARY DEPARTMENTS)","H982301010082","","99974","","0","","99974","04/08/2010","04/08/2010","02/28/2011","project grant  (B)","action-by-action reporting","","","0667000","CALIFORNIA","SAN FRANCISCO","INFORMATION SECURITY GRANT PROGRAM","DEFENSE, DEPARTMENT OF (EXCEPT MILITARY DEPARTMENTS)","CALIFORNIA","STARTALK LANGUAGE INITIATIVE"
"12.910","SAI NOT AVAILABLE","REGENTS OF THE UNIVERSITY OF C","06000","BERKELEY","001","ALAMEDA COUNTY","CALIFORNIA","947045940","Government codes: State controlled institutions of higher education","new assistance action","90","DEFENSE, DEPARTMENT OF (EXCEPT MILITARY DEPARTMENTS)","FA95501010293","","684673","","0","","684673","06/04/2010","07/01/2010","06/30/2012","project grant  (B)","action-by-action reporting","","","0606000","CALIFORNIA","BERKELEY","RESEARCH AND TECHNOLOGY DEVELOPMENT","DEFENSE, DEPARTMENT OF (EXCEPT MILITARY DEPARTMENTS)","CALIFORNIA","TAS::97 0400::TAS "Q-BOOSTED OPTOMECHANICAL RESONATORS""
"12.910","SAI NOT AVAILABLE","CALIFORNIA INSTITUTE OF TECHNO","56000","PASADENA","037","LOS ANGELES COUNTY","CALIFORNIA","911250001","Government codes: State controlled institutions of higher education","new assistance action","90","DOD-DEFENSE ADVANCED RESEARCH PROJECTS AGENCY","HR00111010066","","935070","","0","","935070","06/28/2010","06/28/2010","06/27/2012","project grant  (B)","action-by-action reporting","","","0656000","CALIFORNIA","PASADENA","RESEARCH AND TECHNOLOGY DEVELOPMENT","DOD-DEFENSE ADVANCED RESEARCH PROJECTS AGENCY","CALIFORNIA","MANIPULATING THE QUANTUM FLUCTUATIONS FOR A MECHANICAL DEVICE"
"12.910","SAI NOT AVAILABLE","FOUNDATION FOR ENTERPRISE DEVE","57526","PLACENTIA","059","ORANGE COUNTY","CALIFORNIA","920373602","Private: all other","revision (any change in Federal Government's financial obligation or contingent liability in existing assistance transaction - amount of the <u>change</u> in funding)","90","DOD-DEFENSE ADVANCED RESEARCH PROJECTS AGENCY","HR00110610009   0009","","500000","","0","","500000","04/14/2010","06/09/2006","12/31/2011","project grant  (B)","action-by-action reporting","","","0657526","CALIFORNIA","PLACENTIA","RESEARCH AND TECHNOLOGY DEVELOPMENT","DOD-DEFENSE ADVANCED RESEARCH PROJECTS AGENCY","CALIFORNIA","DARPA SUCCESS REPORTS"
"12.910","SAI NOT AVAILABLE","LELAND STANFORD JUNIOR UNIVERS","73906","STANFORD","085","SANTA CLARA COUNTY","CALIFORNIA","943057209","Private: private higher education","new assistance action","90","DOD-DEFENSE ADVANCED RESEARCH PROJECTS AGENCY","HR00111010058","","295200","","0","","295200","06/01/2010","06/01/2010","05/31/2012","project grant  (B)","action-by-action reporting","","","0673906","CALIFORNIA","STANFORD","RESEARCH AND TECHNOLOGY DEVELOPMENT","DOD-DEFENSE ADVANCED RESEARCH PROJECTS AGENCY","CALIFORNIA","EXPERIMENTALLY VALIDATED MODELS FOR LIGHTNING STROKE SUPPRESSION"
"12.910","SAI NOT AVAILABLE","YALE UNIVERSITY","52000","NEW HAVEN","009","NEW HAVEN COUNTY","CONNECTICUT","065116614","Private: private higher education","new assistance action","90","DEFENSE, DEPARTMENT OF (EXCEPT MILITARY DEPARTMENTS)","FA95501010297","","445086","","0","","445086","06/04/2010","06/15/2010","06/14/2012","project grant  (B)","action-by-action reporting","","","0952000","CONNECTICUT","NEW HAVEN","RESEARCH AND TECHNOLOGY DEVELOPMENT","DEFENSE, DEPARTMENT OF (EXCEPT MILITARY DEPARTMENTS)","CONNECTICUT","TAS::97 0400::TAS "CIRCUIT CAVITY OPTOMECHANICS FOR COOLING AND AMPLIFICATION ON A CMOS CHIP""
"12.599","SAI NOT AVAILABLE","VIETNAM VETERANS MEMORIAL FUND","50000","WASHINGTON","001","DISTRICT OF COLUMBIA","DISTRICT OF COLUMBIA","200052613","Nonprofit agencies: other nonprofit","new assistance action","98","DEFENSE, DEPARTMENT OF (EXCEPT MILITARY DEPARTMENTS)","HQ00341010001","","985000","","0","","985000","06/02/2010","03/01/2010","06/01/2011","project grant  (B)","action-by-action reporting","","","1150000","DISTRICT OF COLUMBIA","WASHINGTON","CONGRESSIONALLY DIRECTED ASSISTANCE","DEFENSE, DEPARTMENT OF (EXCEPT MILITARY DEPARTMENTS)","DISTRICT OF COLUMBIA","FOR PROJECT RENEW'S DE-MINING ACTIVITIES IN QUANG TRI PROVINCE."
"12.901","SAI NOT AVAILABLE","THE GEORGE WASHINGTON UNIVERSI","50000","WASHINGTON","001","DISTRICT OF COLUMBIA","DISTRICT OF COLUMBIA","200520001","Government codes: State controlled institutions of higher education","new assistance action","98","DEFENSE, DEPARTMENT OF (EXCEPT MILITARY DEPARTMENTS)","H982301010237","","223622","","0","","223622","04/28/2010","05/01/2010","04/30/2011","project grant  (B)","action-by-action reporting","","","1150000","DISTRICT OF COLUMBIA","WASHINGTON","MATHEMATICAL SCIENCES GRANTS PROGRAM","DEFENSE, DEPARTMENT OF (EXCEPT MILITARY DEPARTMENTS)","DISTRICT OF COLUMBIA","SUMMER PROGRAM FOR WOMEN IN MATHEMATICS"
"12.902","SAI NOT AVAILABLE","CENTER FOR APPLIED LINGUISTICS","50000","WASHINGTON","001","DISTRICT OF COLUMBIA","DISTRICT OF COLUMBIA","200161872","Private: all other","new assistance action","98","DEFENSE, DEPARTMENT OF (EXCEPT MILITARY DEPARTMENTS)","H982301010057","","99914","","0","","99914","04/02/2010","04/02/2010","02/28/2011","project grant  (B)","action-by-action reporting","","","1150000","DISTRICT OF COLUMBIA","WASHINGTON","INFORMATION SECURITY GRANT PROGRAM","DEFENSE, DEPARTMENT OF (EXCEPT MILITARY DEPARTMENTS)","DISTRICT OF COLUMBIA","STARTALK LANGUAGE INITIATIVE"
"12.901","SAI NOT AVAILABLE","UNIVERSITY OF FLORIDA","25175","GAINESVILLE","001","ALACHUA COUNTY","FLORIDA","326110001","Government codes: State controlled institutions of higher education","new assistance action","90","DEFENSE, DEPARTMENT OF (EXCEPT MILITARY DEPARTMENTS)","H982301010157","","26864","","0","","26864","04/27/2010","04/27/2010","04/26/2011","project grant  (B)","action-by-action reporting","","","1225175","FLORIDA","GAINESVILLE","MATHEMATICAL SCIENCES GRANTS PROGRAM","DEFENSE, DEPARTMENT OF (EXCEPT MILITARY DEPARTMENTS)","FLORIDA","RESEARCH IN FINITE GROUP THEORY"
"12.910","SAI NOT AVAILABLE","BARRY UNIVERSITY INC","45000","MIAMI","086","MIAMI-DADE COUNTY","FLORIDA","331616628","Private: private higher education","new assistance action","90","DOD-DEFENSE ADVANCED RESEARCH PROJECTS AGENCY","HR00111010064","","1200000","","0","","1200000","06/09/2010","06/09/2010","06/08/2012","project grant  (B)","action-by-action reporting","","","1245000","FLORIDA","MIAMI","RESEARCH AND TECHNOLOGY DEVELOPMENT","DOD-DEFENSE ADVANCED RESEARCH PROJECTS AGENCY","FLORIDA","SURVEILLANCE OF WATER SOURCES FOR CONTAMINATION PATHOGEN PROGRAM"
"12.910","SAI NOT AVAILABLE","GEORGIA TECH RESEARCH CORPORAT","04000","ATLANTA","121","FULTON COUNTY","GEORGIA","303320001","Nonprofit agencies: other nonprofit","new assistance action","90","DOD-DEFENSE ADVANCED RESEARCH PROJECTS AGENCY","HR00111010063","","412569","","0","","412569","06/30/2010","06/30/2010","04/30/2011","project grant  (B)","action-by-action reporting","","","1304000","GEORGIA","ATLANTA","RESEARCH AND TECHNOLOGY DEVELOPMENT","DOD-DEFENSE ADVANCED RESEARCH PROJECTS AGENCY","GEORGIA","SENSOR-DRIVEN AUTONOMOUS BEHAVIOR ALOGRITHMS FOR CHEMICAL PLUME TRACKING"
"12.901","SAI NOT AVAILABLE","UNIVERSITY OF ILLINOIS","14000","CHICAGO","031","COOK COUNTY","ILLINOIS","606124305","Government codes: State controlled institutions of higher education","new assistance action","90","DEFENSE, DEPARTMENT OF (EXCEPT MILITARY DEPARTMENTS)","H982301010187","","30223","","0","","30223","04/20/2010","04/20/2010","04/19/2011","project grant  (B)","action-by-action reporting","","","1714000","ILLINOIS","CHICAGO","MATHEMATICAL SCIENCES GRANTS PROGRAM","DEFENSE, DEPARTMENT OF (EXCEPT MILITARY DEPARTMENTS)","ILLINOIS","RATIONAL POINTS, AUTOMORPHIC FORMS AND BESSEL FUNCTIONALS"
"12.902","SAI NOT AVAILABLE","TRUSTEES OF INDIANA UNIVERSITY","05860","BLOOMINGTON","105","MONROE COUNTY","INDIANA","474051106","Government codes: State controlled institutions of higher education","new assistance action","90","DEFENSE, DEPARTMENT OF (EXCEPT MILITARY DEPARTMENTS)","H982301010048","","99999","","0","","99999","04/06/2010","04/06/2010","02/28/2011","project grant  (B)","action-by-action reporting","","","1805860","INDIANA","BLOOMINGTON","INFORMATION SECURITY GRANT PROGRAM","DEFENSE, DEPARTMENT OF (EXCEPT MILITARY DEPARTMENTS)","INDIANA","STARTALK LANGUAGE INITIATIVE"
"12.902","SAI NOT AVAILABLE","TRUSTEES OF INDIANA UNIVERSITY","05860","BLOOMINGTON","105","MONROE COUNTY","INDIANA","474051106","Government codes: State controlled institutions of higher education","new assistance action","90","DEFENSE, DEPARTMENT OF (EXCEPT MILITARY DEPARTMENTS)","H982301010036","","69020","","0","","69020","04/06/2010","04/06/2010","02/28/2011","project grant  (B)","action-by-action reporting","","","1805860","INDIANA","BLOOMINGTON","INFORMATION SECURITY GRANT PROGRAM","DEFENSE, DEPARTMENT OF (EXCEPT MILITARY DEPARTMENTS)","INDIANA","STARTALK LANGUAGE INITIATIVE"
"12.902","SAI NOT AVAILABLE","TRUSTEES OF INDIANA UNIVERSITY","05860","BLOOMINGTON","105","MONROE COUNTY","INDIANA","474051106","Government codes: State controlled institutions of higher education","new assistance action","90","DEFENSE, DEPARTMENT OF (EXCEPT MILITARY DEPARTMENTS)","H982301010127","","100000","","0","","100000","04/09/2010","04/09/2010","02/28/2011","project grant  (B)","action-by-action reporting","","","1805860","INDIANA","BLOOMINGTON","INFORMATION SECURITY GRANT PROGRAM","DEFENSE, DEPARTMENT OF (EXCEPT MILITARY DEPARTMENTS)","INDIANA","STARTALK LANGUAGE INITIATIVE"
"12.902","SAI NOT AVAILABLE","TRUSTEES OF INDIANA UNIVERSITY","05860","BLOOMINGTON","105","MONROE COUNTY","INDIANA","474051106","Government codes: State controlled institutions of higher education","new assistance action","90","DEFENSE, DEPARTMENT OF (EXCEPT MILITARY DEPARTMENTS)","H982301010051","","100000","","0","","100000","04/06/2010","04/06/2010","02/28/2011","project grant  (B)","action-by-action reporting","","","1805860","INDIANA","BLOOMINGTON","INFORMATION SECURITY GRANT PROGRAM","DEFENSE, DEPARTMENT OF (EXCEPT MILITARY DEPARTMENTS)","INDIANA","STARTALK LANGUAGE INITIATIVE"
"12.902","SAI NOT AVAILABLE","UNIVERSITY OF IOWA, THE (INC)","38595","IOWA CITY","103","JOHNSON COUNTY","IOWA","522421316","Government codes: State controlled institutions of higher education","new assistance action","02","DEFENSE, DEPARTMENT OF (EXCEPT MILITARY DEPARTMENTS)","H982301010096","","99947","","0","","99947","04/07/2010","04/07/2010","02/28/2011","project grant  (B)","action-by-action reporting","","","1938595","IOWA","IOWA CITY","INFORMATION SECURITY GRANT PROGRAM","DEFENSE, DEPARTMENT OF (EXCEPT MILITARY DEPARTMENTS)","IOWA","STARTALK LANGUAGE INITIATIVE"
"12.902","SAI NOT AVAILABLE","IOWA STATE UNIVERSITY EQUITIES","01855","AMES","169","STORY COUNTY","IOWA","500112025","Government codes: State controlled institutions of higher education","new assistance action","04","DEFENSE, DEPARTMENT OF (EXCEPT MILITARY DEPARTMENTS)","H982301010124","","95523","","0","","95523","04/07/2010","04/07/2010","02/28/2011","project grant  (B)","action-by-action reporting","","","1901855","IOWA","AMES","INFORMATION SECURITY GRANT PROGRAM","DEFENSE, DEPARTMENT OF (EXCEPT MILITARY DEPARTMENTS)","IOWA","STARTALK LANGUAGE INITIATIVE"
"12.910","SAI NOT AVAILABLE","KENTUCKY BIOPROCESSING, LLC","58620","OWENSBORO","059","DAVIESS COUNTY","KENTUCKY","423017703","Private: profit organization","new assistance action","02","DOD-DEFENSE ADVANCED RESEARCH PROJECTS AGENCY","HR00111030004","","17900500","","7181803","","25082303","04/01/2010","04/01/2010","03/31/2011","other reimbursable, contingent, intangible, or indirect financial assistance","action-by-action reporting","","","2158620","KENTUCKY","OWENSBORO","RESEARCH AND TECHNOLOGY DEVELOPMENT","DOD-DEFENSE ADVANCED RESEARCH PROJECTS AGENCY","KENTUCKY","H1N1 ACCELERATION (BLUE ANGEL)"
"12.750","SAI NOT AVAILABLE","HENRY M JACKSON FOUNDATION FOR","07125","BETHESDA","031","MONTGOMERY COUNTY","MARYLAND","208521402","Government codes: State controlled institutions of higher education","new assistance action","90","DEFENSE, DEPARTMENT OF (EXCEPT MILITARY DEPARTMENTS)","HU0001101TS04","","499994","","0","","499994","06/28/2010","07/01/2010","06/30/2013","block grant  (A)","action-by-action reporting","","","2407125","MARYLAND","BETHESDA","DOD MEDICAL RESEARCH, CONSULTATION AND EDUCATION PROGRAMS","DEFENSE, DEPARTMENT OF (EXCEPT MILITARY DEPARTMENTS)","MARYLAND","ELECTROMYOSTIMULATION AND STRENGTH WALKING FOR KNEE INJURIES: NURSE MANAGED CARE"
"12.750","SAI NOT AVAILABLE","HENRY M JACKSON FOUNDATION FOR","07125","BETHESDA","031","MONTGOMERY COUNTY","MARYLAND","208521402","Government codes: State controlled institutions of higher education","new assistance action","90","DEFENSE, DEPARTMENT OF (EXCEPT MILITARY DEPARTMENTS)","HU0001101TS05","","148376","","0","","148376","06/30/2010","07/01/2010","06/30/2012","block grant  (A)","action-by-action reporting","","","2407125","MARYLAND","BETHESDA","DOD MEDICAL RESEARCH, CONSULTATION AND EDUCATION PROGRAMS","DEFENSE, DEPARTMENT OF (EXCEPT MILITARY DEPARTMENTS)","MARYLAND","BUILDING AND EBP MENTORSHIP PROGRAM TO SUSTAI BEDSIDE EVIDENCE BASED CULTURE"
"12.750","SAI NOT AVAILABLE","HENRY M JACKSON FOUNDATION FOR","07125","BETHESDA","031","MONTGOMERY COUNTY","MARYLAND","208521402","Government codes: State controlled institutions of higher education","new assistance action","90","DEFENSE, DEPARTMENT OF (EXCEPT MILITARY DEPARTMENTS)","HU0001101TS08","","455216","","0","","455216","06/30/2010","07/01/2010","06/30/2013","block grant  (A)","action-by-action reporting","","","2407125","MARYLAND","BETHESDA","DOD MEDICAL RESEARCH, CONSULTATION AND EDUCATION PROGRAMS","DEFENSE, DEPARTMENT OF (EXCEPT MILITARY DEPARTMENTS)","MARYLAND","EFFECTS OF HERBAL SUPPLEMENT O PTSD-INDUCED CHANGES IN RAT BEHAVIOR AND BRAIN GENE EXPRESSION"
"12.750","SAI NOT AVAILABLE","HENRY M JACKSON FOUNDATION FOR","07125","BETHESDA","031","MONTGOMERY COUNTY","MARYLAND","208521402","Government codes: State controlled institutions of higher education","new assistance action","90","DEFENSE, DEPARTMENT OF (EXCEPT MILITARY DEPARTMENTS)","HU0001101TS10","","17623","","0","","17623","06/30/2010","07/01/2010","06/30/2011","block grant  (A)","action-by-action reporting","","","2407125","MARYLAND","BETHESDA","DOD MEDICAL RESEARCH, CONSULTATION AND EDUCATION PROGRAMS","DEFENSE, DEPARTMENT OF (EXCEPT MILITARY DEPARTMENTS)","MARYLAND","IRON STATUS OF DEPLOYED MILITARY MEMBERS"
"12.750","SAI NOT AVAILABLE","HENRY M JACKSON FOUNDATION FOR","07125","BETHESDA","031","MONTGOMERY COUNTY","MARYLAND","208521402","Government codes: State controlled institutions of higher education","new assistance action","90","DEFENSE, DEPARTMENT OF (EXCEPT MILITARY DEPARTMENTS)","HU0001101TS06","","41270","","0","","41270","06/28/2010","07/01/2010","06/30/2011","block grant  (A)","action-by-action reporting","","","2407125","MARYLAND","BETHESDA","DOD MEDICAL RESEARCH, CONSULTATION AND EDUCATION PROGRAMS","DEFENSE, DEPARTMENT OF (EXCEPT MILITARY DEPARTMENTS)","MARYLAND","PREDICTION OF SEPSIS FOR THE BURN INTENSIVE CARE UNIT PATIENT"
"12.750","SAI NOT AVAILABLE","HENRY M JACKSON FOUNDATION FOR","07125","BETHESDA","031","MONTGOMERY COUNTY","MARYLAND","208521402","Government codes: State controlled institutions of higher education","new assistance action","90","DEFENSE, DEPARTMENT OF (EXCEPT MILITARY DEPARTMENTS)","HU00011020002","","3285250","","0","","3285250","04/09/2010","05/01/2010","11/30/2010","cooperative agreement  (B)","action-by-action reporting","","","2407125","MARYLAND","BETHESDA","DOD MEDICAL RESEARCH, CONSULTATION AND EDUCATION PROGRAMS","DEFENSE, DEPARTMENT OF (EXCEPT MILITARY DEPARTMENTS)","MARYLAND","CENTER FOR PROSTATE DISEASE RESEARCH CPDR"
"12.750","SAI NOT AVAILABLE","HENRY M JACKSON FOUNDATION FOR","07125","BETHESDA","031","MONTGOMERY COUNTY","MARYLAND","208521402","Government codes: State controlled institutions of higher education","new assistance action","90","DEFENSE, DEPARTMENT OF (EXCEPT MILITARY DEPARTMENTS)","HU0001101TS02","","499990","","0","","499990","04/13/2010","05/01/2010","06/30/2013","project grant  (B)","action-by-action reporting","","","2407125","MARYLAND","BETHESDA","DOD MEDICAL RESEARCH, CONSULTATION AND EDUCATION PROGRAMS","DEFENSE, DEPARTMENT OF (EXCEPT MILITARY DEPARTMENTS)","MARYLAND","COMPARATIVE RESUSCITATION MEASURES FOR DRUG TOXICITIES UTILIZING LIPID EMUISIONS"
"12.750","SAI NOT AVAILABLE","HENRY M JACKSON FOUNDATION FOR","07125","BETHESDA","031","MONTGOMERY COUNTY","MARYLAND","208521402","Government codes: State controlled institutions of higher education","new assistance action","90","DEFENSE, DEPARTMENT OF (EXCEPT MILITARY DEPARTMENTS)","HU0001101TS03","","47832","","0","","47832","05/07/2010","05/01/2010","06/30/2011","project grant  (B)","action-by-action reporting","","","2407125","MARYLAND","BETHESDA","DOD MEDICAL RESEARCH, CONSULTATION AND EDUCATION PROGRAMS","DEFENSE, DEPARTMENT OF (EXCEPT MILITARY DEPARTMENTS)","MARYLAND","COUPLE FUNCTIONING AND POSTTRAUMATIC STRESS IN OIF/OEF VETERANS AND SPOUSES"
"12.750","SAI NOT AVAILABLE","HENRY M JACKSON FOUNDATION FOR","07125","BETHESDA","031","MONTGOMERY COUNTY","MARYLAND","208521402","Government codes: State controlled institutions of higher education","new assistance action","90","DEFENSE, DEPARTMENT OF (EXCEPT MILITARY DEPARTMENTS)","HU00011010003","","997078","","0","","997078","05/13/2010","04/01/2010","09/30/2010","project grant  (B)","action-by-action reporting","","","2407125","MARYLAND","BETHESDA","DOD MEDICAL RESEARCH, CONSULTATION AND EDUCATION PROGRAMS","DEFENSE, DEPARTMENT OF (EXCEPT MILITARY DEPARTMENTS)","MARYLAND","REGENERATIVE MEDICINE STRATEGIES FOR WOUND CARE"
"12.750","SAI NOT AVAILABLE","HENRY M JACKSON FOUNDATION FOR","07125","BETHESDA","031","MONTGOMERY COUNTY","MARYLAND","208521402","Government codes: State controlled institutions of higher education","new assistance action","90","DEFENSE, DEPARTMENT OF (EXCEPT MILITARY DEPARTMENTS)","HU0001101TS01","","450000","","0","","450000","05/14/2010","05/01/2010","06/30/2012","project grant  (B)","action-by-action reporting","","","2407125","MARYLAND","BETHESDA","DOD MEDICAL RESEARCH, CONSULTATION AND EDUCATION PROGRAMS","DEFENSE, DEPARTMENT OF (EXCEPT MILITARY DEPARTMENTS)","MARYLAND","MILITARY STRESS BUSTING PROGRAM FOR FAMILY CAREGIVERS"
"12.902","SAI NOT AVAILABLE","ANNE ARUNDEL COUNTY BOARD OF E","01600","ANNAPOLIS","003","ANNE ARUNDEL COUNTY","MARYLAND","214017305","Government codes: independent school district","new assistance action","90","DEFENSE, DEPARTMENT OF (EXCEPT MILITARY DEPARTMENTS)","H982301010040","","100000","","0","","100000","04/08/2010","04/08/2010","02/28/2011","project grant  (B)","action-by-action reporting","","","2401600","MARYLAND","ANNAPOLIS","INFORMATION SECURITY GRANT PROGRAM","DEFENSE, DEPARTMENT OF (EXCEPT MILITARY DEPARTMENTS)","MARYLAND","STARTALK LANGUAGE INITIATIVE"
"12.630","SAI NOT AVAILABLE","AARCHER INC","01600","ANNAPOLIS","003","ANNE ARUNDEL COUNTY","MARYLAND","214012948","Private: small business","new assistance action","90","DOD-DEFENSE CONTRACT MANAGEMENT AGENCY","W9132T1020020","","47700","","0","","47700","06/11/2010","06/11/2010","04/30/2011","cooperative agreement  (B)","action-by-action reporting","","","2401600","MARYLAND","ANNAPOLIS","BASIC APPLIED AND ADVANCED RESEARCH IN SCIENCE AND ENGINEERING","DOD-DEFENSE CONTRACT MANAGEMENT AGENCY","MARYLAND","A CASE STUDY FOR ASSESSING CULTURAL RESOURCES ON US MILITARY INSTALLATIONS THROUGH THE EYES OF THE SERVICEMEN"
"12.902","SAI NOT AVAILABLE","BOSTON UNIVERSITY, TRUSTEES OF","07000","BOSTON","025","SUFFOLK COUNTY","MASSACHUSETTS","022151390","Government codes: State controlled institutions of higher education","new assistance action","90","DEFENSE, DEPARTMENT OF (EXCEPT MILITARY DEPARTMENTS)","H982301010059","","90045","","0","","90045","04/06/2010","04/06/2010","02/28/2011","project grant  (B)","action-by-action reporting","","","2507000","MASSACHUSETTS","BOSTON","INFORMATION SECURITY GRANT PROGRAM","DEFENSE, DEPARTMENT OF (EXCEPT MILITARY DEPARTMENTS)","MASSACHUSETTS","STARTALK LANGUAGE INITIATIVE"
"12.901","SAI NOT AVAILABLE","MICHIGAN TECHNOLOGICAL UNIVERS","39360","HOUGHTON","061","HOUGHTON COUNTY","MICHIGAN","499311200","Government codes: State controlled institutions of higher education","new assistance action","01","DEFENSE, DEPARTMENT OF (EXCEPT MILITARY DEPARTMENTS)","H982301010159","","29483","","0","","29483","04/05/2010","01/15/2010","01/14/2011","project grant  (B)","action-by-action reporting","","","2639360","MICHIGAN","HOUGHTON","MATHEMATICAL SCIENCES GRANTS PROGRAM","DEFENSE, DEPARTMENT OF (EXCEPT MILITARY DEPARTMENTS)","MICHIGAN","PERFECT NONLINEARITY, QUANTUM CODES AND ADDICTIVE CODES"
"12.901","SAI NOT AVAILABLE","MICHIGAN STATE UNIVERSITY","24120","EAST LANSING","065","INGHAM COUNTY","MICHIGAN","488241046","Government codes: State controlled institutions of higher education","new assistance action","08","DEFENSE, DEPARTMENT OF (EXCEPT MILITARY DEPARTMENTS)","H982301010222","","85874","","0","","85874","04/29/2010","04/29/2010","04/28/2011","project grant  (B)","action-by-action reporting","","","2624120","MICHIGAN","EAST LANSING","MATHEMATICAL SCIENCES GRANTS PROGRAM","DEFENSE, DEPARTMENT OF (EXCEPT MILITARY DEPARTMENTS)","MICHIGAN","SUMMER UNDERGRADUATE RESEARCH INSTITUTE IN EXPERIMENTAL MATHEMATICS (SURIEM)"
"12.901","SAI NOT AVAILABLE","REGENTS OF THE UNIVERSITY OF M","03000","ANN ARBOR","161","WASHTENAW COUNTY","MICHIGAN","481091340","Government codes: State controlled institutions of higher education","new assistance action","90","DEFENSE, DEPARTMENT OF (EXCEPT MILITARY DEPARTMENTS)","H982301010203","","34373","","0","","34373","04/22/2010","02/01/2010","01/31/2011","project grant  (B)","action-by-action reporting","","","2603000","MICHIGAN","ANN ARBOR","MATHEMATICAL SCIENCES GRANTS PROGRAM","DEFENSE, DEPARTMENT OF (EXCEPT MILITARY DEPARTMENTS)","MICHIGAN","STATISTICAL METHODOLOGY FOR THE ANALYSIS AND MONITORING OF NETWORK DATA"
"12.902","SAI NOT AVAILABLE","MICHIGAN STATE UNIVERSITY","24120","EAST LANSING","065","INGHAM COUNTY","MICHIGAN","488241046","Government codes: State controlled institutions of higher education","new assistance action","08","DEFENSE, DEPARTMENT OF (EXCEPT MILITARY DEPARTMENTS)","H982301010021","","89509","","0","","89509","04/13/2010","04/12/2010","02/28/2011","project grant  (B)","action-by-action reporting","","","2624120","MICHIGAN","EAST LANSING","INFORMATION SECURITY GRANT PROGRAM","DEFENSE, DEPARTMENT OF (EXCEPT MILITARY DEPARTMENTS)","MICHIGAN","STARTALK LANGUAGE INITIATIVE"
"12.910","SAI NOT AVAILABLE","REGENTS OF THE UNIVERSITY OF M","03000","ANN ARBOR","161","WASHTENAW COUNTY","MICHIGAN","481091340","Government codes: State controlled institutions of higher education","new assistance action","90","DOD-DEFENSE ADVANCED RESEARCH PROJECTS AGENCY","W31P4Q1010016","","298528","","0","","298528","06/30/2010","06/30/2010","06/30/2011","project grant  (B)","action-by-action reporting","","","2603000","MICHIGAN","ANN ARBOR","RESEARCH AND TECHNOLOGY DEVELOPMENT","DOD-DEFENSE ADVANCED RESEARCH PROJECTS AGENCY","MICHIGAN","NEW ACTUATION TECHNOLOGIES FOR DARPA'S ITMARS PROGRAM"
"12.902","SAI NOT AVAILABLE","REGENTS OF THE UNIVERSITY OF M","43000","MINNEAPOLIS","053","HENNEPIN COUNTY","MINNESOTA","554552009","Government codes: State controlled institutions of higher education","new assistance action","90","DEFENSE, DEPARTMENT OF (EXCEPT MILITARY DEPARTMENTS)","H982301010108","","36950","","0","","36950","04/15/2010","04/15/2010","02/28/2011","project grant  (B)","action-by-action reporting","","","2743000","MINNESOTA","MINNEAPOLIS","INFORMATION SECURITY GRANT PROGRAM","DEFENSE, DEPARTMENT OF (EXCEPT MILITARY DEPARTMENTS)","MINNESOTA","STARTALK LANGUAGE INITIATIVE"
"12.902","SAI NOT AVAILABLE","UNIVERSITY OF MONTANA SYSTEM","50200","MISSOULA","063","MISSOULA COUNTY","MONTANA","598120001","Government codes: State controlled institutions of higher education","new assistance action","00","DEFENSE, DEPARTMENT OF (EXCEPT MILITARY DEPARTMENTS)","H982301010027","","89940","","0","","89940","04/02/2010","04/02/2010","02/28/2011","project grant  (B)","action-by-action reporting","","","3050200","MONTANA","MISSOULA","INFORMATION SECURITY GRANT PROGRAM","DEFENSE, DEPARTMENT OF (EXCEPT MILITARY DEPARTMENTS)","MONTANA","STARTALK LANGUAGE INITIATIVE"
"12.910","SAI NOT AVAILABLE","UNIVERSITY OF COLORADO","40000","LAS VEGAS","003","CLARK COUNTY","NEVADA","803090001","Private: private higher education","new assistance action","90","DOD-DEFENSE ADVANCED RESEARCH PROJECTS AGENCY","HR00111010065","","684930","","0","","684930","06/28/2010","06/28/2010","06/27/2012","project grant  (B)","action-by-action reporting","","","3240000","NEVADA","LAS VEGAS","RESEARCH AND TECHNOLOGY DEVELOPMENT","DOD-DEFENSE ADVANCED RESEARCH PROJECTS AGENCY","NEVADA","MEDICALLY MEDIATED QUANTUM-STATE TRANSFER BETWEEN MICROWAVE AND OPTICAL PHOTONS"
"12.902","SAI NOT AVAILABLE","UNIVERSITY SYSTEM OF NEW HAMPS","19700","DURHAM TOWN","017","STRAFFORD COUNTY","NEW HAMPSHIRE","038243585","Private: private higher education","new assistance action","01","DEFENSE, DEPARTMENT OF (EXCEPT MILITARY DEPARTMENTS)","H982301010095","","71521","","0","","71521","04/21/2010","04/21/2010","02/28/2011","project grant  (B)","action-by-action reporting","","","3319700","NEW HAMPSHIRE","DURHAM TOWN","INFORMATION SECURITY GRANT PROGRAM","DEFENSE, DEPARTMENT OF (EXCEPT MILITARY DEPARTMENTS)","NEW HAMPSHIRE","STARTALK LANGUAGE INITIATIVE"
"12.300","SAI NOT AVAILABLE","TRUSTEES OF DARTMOUTH COLLEGE","33780","HANOVER","009","GRAFTON COUNTY","NEW HAMPSHIRE","037554099","Private: private higher education","new assistance action","02","DOD-DEFENSE ADVANCED RESEARCH PROJECTS AGENCY","FA87501010039","","314716","","0","","314716","05/05/2010","05/05/2010","05/04/2011","project grant  (B)","action-by-action reporting","","","3333780","NEW HAMPSHIRE","HANOVER","BASIC AND APPLIED SCIENTIFIC RESEARCH","DOD-DEFENSE ADVANCED RESEARCH PROJECTS AGENCY","NEW HAMPSHIRE","REALITY CHECKS FOR NETWORK TRAFFIC GENERATORS"
"12.901","SAI NOT AVAILABLE","INSTITUTE FOR ADVANCED STUDY","60900","PRINCETON","021","MERCER COUNTY","NEW JERSEY","085404907","Government codes: State controlled institutions of higher education","new assistance action","90","DEFENSE, DEPARTMENT OF (EXCEPT MILITARY DEPARTMENTS)","H982301010235","","96325","","0","","96325","04/01/2010","05/01/2010","04/30/2011","project grant  (B)","action-by-action reporting","","","3460900","NEW JERSEY","PRINCETON","MATHEMATICAL SCIENCES GRANTS PROGRAM","DEFENSE, DEPARTMENT OF (EXCEPT MILITARY DEPARTMENTS)","NEW JERSEY","THE UNDERGRADUATE PROGRAM OF THE IAS/PARK CITY MATHEMATICS INSTITUTE (PCMI)"
"12.901","SAI NOT AVAILABLE","TRUSTEES OF PRINCETON UNIVERSI","60900","PRINCETON","021","MERCER COUNTY","NEW JERSEY","085440001","Government codes: State controlled institutions of higher education","new assistance action","90","DEFENSE, DEPARTMENT OF (EXCEPT MILITARY DEPARTMENTS)","H982301010238","","27325","","0","","27325","04/05/2010","05/01/2010","04/30/2011","project grant  (B)","action-by-action reporting","","","3460900","NEW JERSEY","PRINCETON","MATHEMATICAL SCIENCES GRANTS PROGRAM","DEFENSE, DEPARTMENT OF (EXCEPT MILITARY DEPARTMENTS)","NEW JERSEY","SIXTEENTH CONFERENCE FOR AFRICAN AMERICAN RESEARCHERS IN THE MATHEMATICAL SCIENCES (CAARM16)"
"12.902","SAI NOT AVAILABLE","WEST WINDSOR-PLAINSBORO REGION","60960","PRINCETON JUNCTION","021","MERCER COUNTY","NEW JERSEY","085502003","Private: all other","new assistance action","90","DEFENSE, DEPARTMENT OF (EXCEPT MILITARY DEPARTMENTS)","H982301010092","","74975","","0","","74975","04/27/2010","04/27/2010","02/28/2011","project grant  (B)","action-by-action reporting","","","3460960","NEW JERSEY","PRINCETON JUNCTION","INFORMATION SECURITY GRANT PROGRAM","DEFENSE, DEPARTMENT OF (EXCEPT MILITARY DEPARTMENTS)","NEW JERSEY","STARTALK LANGUAGE INITIATIVE"
"12.902","SAI NOT AVAILABLE","RUTGERS, THE STATE UNIVERSITY","51210","NEW BRUNSWICK","023","MIDDLESEX COUNTY","NEW JERSEY","089018552","Private: private higher education","new assistance action","90","DEFENSE, DEPARTMENT OF (EXCEPT MILITARY DEPARTMENTS)","H982301010084","","87348","","0","","87348","04/01/2010","04/01/2010","02/28/2011","project grant  (B)","action-by-action reporting","","","3451210","NEW JERSEY","NEW BRUNSWICK","INFORMATION SECURITY GRANT PROGRAM","DEFENSE, DEPARTMENT OF (EXCEPT MILITARY DEPARTMENTS)","NEW JERSEY","STARTALK LANGUAGE INITIAITIVE"
"12.902","SAI NOT AVAILABLE","RUTGERS, THE STATE UNIVERSITY","51210","NEW BRUNSWICK","023","MIDDLESEX COUNTY","NEW JERSEY","089018552","Private: private higher education","new assistance action","90","DEFENSE, DEPARTMENT OF (EXCEPT MILITARY DEPARTMENTS)","H982301010085","","87348","","0","","87348","04/01/2010","04/01/2010","02/28/2011","project grant  (B)","action-by-action reporting","","","3451210","NEW JERSEY","NEW BRUNSWICK","INFORMATION SECURITY GRANT PROGRAM","DEFENSE, DEPARTMENT OF (EXCEPT MILITARY DEPARTMENTS)","NEW JERSEY","STARTALK LANGUAGE INITIATIVE"
"12.902","SAI NOT AVAILABLE","RUTGERS, THE STATE UNIVERSITY","51210","NEW BRUNSWICK","023","MIDDLESEX COUNTY","NEW JERSEY","089018552","Private: private higher education","continuation (funding in succeeding budget period which stemmed from prior agreement to fund - amount of the current action)","90","DEFENSE, DEPARTMENT OF (EXCEPT MILITARY DEPARTMENTS)","H982301010084   0001","","1481","","0","","1481","04/29/2010","04/29/2010","02/28/2011","project grant  (B)","action-by-action reporting","","","3451210","NEW JERSEY","NEW BRUNSWICK","INFORMATION SECURITY GRANT PROGRAM","DEFENSE, DEPARTMENT OF (EXCEPT MILITARY DEPARTMENTS)","NEW JERSEY","STARTALK LANGUAGE INITIATIVE"
"12.902","SAI NOT AVAILABLE","ASSOCIATION OF CHINESE SCHOOLS","48210","MORRIS PLAINS","027","MORRIS COUNTY","NEW JERSEY","079501407","Private: all other","new assistance action","11","DEFENSE, DEPARTMENT OF (EXCEPT MILITARY DEPARTMENTS)","H982301010110","","100000","","0","","100000","04/14/2010","04/14/2010","02/28/2011","project grant  (B)","action-by-action reporting","","","3448210","NEW JERSEY","MORRIS PLAINS","INFORMATION SECURITY GRANT PROGRAM","DEFENSE, DEPARTMENT OF (EXCEPT MILITARY DEPARTMENTS)","NEW JERSEY","STARTALK LANGUAGE INITIATIVE"
"12.902","SAI NOT AVAILABLE","UNIVERSITY OF NEW MEXICO","02000","ALBUQUERQUE","001","BERNALILLO COUNTY","NEW MEXICO","871310001","Government codes: State controlled institutions of higher education","new assistance action","90","DEFENSE, DEPARTMENT OF (EXCEPT MILITARY DEPARTMENTS)","H982301010014","","99959","","0","","99959","04/08/2010","04/08/2010","02/28/2011","project grant  (B)","action-by-action reporting","","","3502000","NEW MEXICO","ALBUQUERQUE","INFORMATION SECURITY GRANT PROGRAM","DEFENSE, DEPARTMENT OF (EXCEPT MILITARY DEPARTMENTS)","NEW MEXICO","STARTALK LANGUAGE INITIATIVE"
"12.902","SAI NOT AVAILABLE","ROCHESTER CITY SCHOOL DISTRICT","63000","ROCHESTER","055","MONROE COUNTY","NEW YORK","146141187","Government codes: independent school district","new assistance action","90","DEFENSE, DEPARTMENT OF (EXCEPT MILITARY DEPARTMENTS)","H982301010055","","65631","","0","","65631","04/02/2010","04/02/2010","02/28/2011","project grant  (B)","action-by-action reporting","","","3663000","NEW YORK","ROCHESTER","INFORMATION SECURITY GRANT PROGRAM","DEFENSE, DEPARTMENT OF (EXCEPT MILITARY DEPARTMENTS)","NEW YORK","STARTALK LANGUAGE INITIATIVE"
"12.902","SAI NOT AVAILABLE","CHINA INSTITUTE IN AMERICA","51000","NEW YORK","061","NEW YORK COUNTY","NEW YORK","100217006","Private: all other","new assistance action","90","DEFENSE, DEPARTMENT OF (EXCEPT MILITARY DEPARTMENTS)","H982301010062","","99110","","0","","99110","04/08/2010","04/08/2010","02/28/2011","project grant  (B)","action-by-action reporting","","","3651000","NEW YORK","NEW YORK","INFORMATION SECURITY GRANT PROGRAM","DEFENSE, DEPARTMENT OF (EXCEPT MILITARY DEPARTMENTS)","NEW YORK","STARTALK LANGUAGE INITIATIVE"
"12.902","SAI NOT AVAILABLE","COLLEGE ENTRANCE EXAMINATION B","51000","NEW YORK","061","NEW YORK COUNTY","NEW YORK","100236917","Private: all other","new assistance action","90","DEFENSE, DEPARTMENT OF (EXCEPT MILITARY DEPARTMENTS)","H982301010063","","99680","","0","","99680","04/07/2010","04/07/2010","02/28/2011","project grant  (B)","action-by-action reporting","","","3651000","NEW YORK","NEW YORK","INFORMATION SECURITY GRANT PROGRAM","DEFENSE, DEPARTMENT OF (EXCEPT MILITARY DEPARTMENTS)","NEW YORK","STARTALK LANGAUGE INIITIATIVE"
"12.902","SAI NOT AVAILABLE","NEW YORK UNIVERSITY (INC)","51000","NEW YORK","061","NEW YORK COUNTY","NEW YORK","100121019","Government codes: State controlled institutions of higher education","new assistance action","90","DEFENSE, DEPARTMENT OF (EXCEPT MILITARY DEPARTMENTS)","H982301010045","","92953","","0","","92953","04/08/2010","04/08/2010","02/28/2011","project grant  (B)","action-by-action reporting","","","3651000","NEW YORK","NEW YORK","INFORMATION SECURITY GRANT PROGRAM","DEFENSE, DEPARTMENT OF (EXCEPT MILITARY DEPARTMENTS)","NEW YORK","STARTALK LANGUAGE INITIATIVE"
"12.902","SAI NOT AVAILABLE","NEW YORK UNIVERSITY (INC)","51000","NEW YORK","061","NEW YORK COUNTY","NEW YORK","100121019","Government codes: State controlled institutions of higher education","new assistance action","90","DEFENSE, DEPARTMENT OF (EXCEPT MILITARY DEPARTMENTS)","H982301010047","","74838","","0","","74838","04/08/2010","04/08/2010","02/28/2011","project grant  (B)","action-by-action reporting","","","3651000","NEW YORK","NEW YORK","INFORMATION SECURITY GRANT PROGRAM","DEFENSE, DEPARTMENT OF (EXCEPT MILITARY DEPARTMENTS)","NEW YORK","STARTALK LANGUAGE INITIATIVE"
"12.902","SAI NOT AVAILABLE","RFCUNY - HUNTER COLLEGE","51000","NEW YORK","061","NEW YORK COUNTY","NEW YORK","100215085","Government codes: State controlled institutions of higher education","new assistance action","90","DEFENSE, DEPARTMENT OF (EXCEPT MILITARY DEPARTMENTS)","H982301010067","","100000","","0","","100000","04/16/2010","04/16/2010","02/28/2011","project grant  (B)","action-by-action reporting","","","3651000","NEW YORK","NEW YORK","INFORMATION SECURITY GRANT PROGRAM","DEFENSE, DEPARTMENT OF (EXCEPT MILITARY DEPARTMENTS)","NEW YORK","STARTALK LANGUAGE INITIATIVE"
"12.902","SAI NOT AVAILABLE","RFCUNY - HUNTER COLLEGE","51000","NEW YORK","061","NEW YORK COUNTY","NEW YORK","100215085","Government codes: State controlled institutions of higher education","new assistance action","90","DEFENSE, DEPARTMENT OF (EXCEPT MILITARY DEPARTMENTS)","H982301010066","","100000","","0","","100000","04/16/2010","04/16/2010","02/28/2011","project grant  (B)","action-by-action reporting","","","3651000","NEW YORK","NEW YORK","INFORMATION SECURITY GRANT PROGRAM","DEFENSE, DEPARTMENT OF (EXCEPT MILITARY DEPARTMENTS)","NEW YORK","STARTALK LANGUAGE INITIATIVE"
"12.902","SAI NOT AVAILABLE","BOCES WASHINGTON-SARATOGA-WARR","26770","FORT EDWARD","115","WASHINGTON COUNTY","NEW YORK","128281135","Government codes: independent school district","new assistance action","20","DEFENSE, DEPARTMENT OF (EXCEPT MILITARY DEPARTMENTS)","H982301010125","","99909","","0","","99909","04/07/2010","04/07/2010","02/28/2011","project grant  (B)","action-by-action reporting","","","3626770","NEW YORK","FORT EDWARD","INFORMATION SECURITY GRANT PROGRAM","DEFENSE, DEPARTMENT OF (EXCEPT MILITARY DEPARTMENTS)","NEW YORK","STARTALK LANGUAGE INITIATIVE"
"12.902","SAI NOT AVAILABLE","AMERICAN COUNCIL ON THE TEACHI","81677","WHITE PLAINS","119","WESTCHESTER COUNTY","NEW YORK","107016832","Private: all other","new assistance action","90","DEFENSE, DEPARTMENT OF (EXCEPT MILITARY DEPARTMENTS)","H982301010116","","72996","","0","","72996","04/05/2010","04/05/2010","02/28/2011","project grant  (B)","action-by-action reporting","","","3681677","NEW YORK","WHITE PLAINS","INFORMATION SECURITY GRANT PROGRAM","DEFENSE, DEPARTMENT OF (EXCEPT MILITARY DEPARTMENTS)","NEW YORK","STARTALK LANGUAGE INITIATIVE"
"12.910","SAI NOT AVAILABLE","DUKE UNIVERSITY","19000","DURHAM","063","DURHAM COUNTY","NORTH CAROLINA","277089900","Private: private higher education","new assistance action","04","DOD-DEFENSE ADVANCED RESEARCH PROJECTS AGENCY","HR00111010059","","400000","","0","","400000","06/01/2010","06/01/2010","05/31/2012","project grant  (B)","action-by-action reporting","","","3719000","NORTH CAROLINA","DURHAM","RESEARCH AND TECHNOLOGY DEVELOPMENT","DOD-DEFENSE ADVANCED RESEARCH PROJECTS AGENCY","NORTH CAROLINA","PHYSICAL ORIGINS OF COUPLING TO THE UPPER ATMOSPHERE FROM LIGHTNING (PHOCAL)"
"12.902","SAI NOT AVAILABLE","OHIO STATE UNIVERSITY THE","18000","COLUMBUS","049","FRANKLIN COUNTY","OHIO","432101016","Government codes: State controlled institutions of higher education","new assistance action","90","DEFENSE, DEPARTMENT OF (EXCEPT MILITARY DEPARTMENTS)","H982301010044","","99962","","0","","99962","04/08/2010","04/08/2010","02/28/2011","project grant  (B)","action-by-action reporting","","","3918000","OHIO","COLUMBUS","INFORMATION SECURITY GRANT PROGRAM","DEFENSE, DEPARTMENT OF (EXCEPT MILITARY DEPARTMENTS)","OHIO","STARTALK LANGUAGE INITIATIVE"
"12.910","SAI NOT AVAILABLE","UNIVERSITY OF OKLAHOMA","52500","NORMAN","027","CLEVELAND COUNTY","OKLAHOMA","730194039","Government codes: State controlled institutions of higher education","new assistance action","04","DOD-DEFENSE ADVANCED RESEARCH PROJECTS AGENCY","HR00111010056","","92255","","0","","92255","06/07/2010","06/07/2010","06/06/2012","project grant  (B)","action-by-action reporting","","","4052500","OKLAHOMA","NORMAN","RESEARCH AND TECHNOLOGY DEVELOPMENT","DOD-DEFENSE ADVANCED RESEARCH PROJECTS AGENCY","OKLAHOMA","INVESTIGATION OF NATURAL LIGHTNING INITIATION AND PROPAGATION IN RELATION TO THE OCCURRENCE OF EXPENSIVE AIR SHOWERS OF COSMIC RAYS"
"12.910","SAI NOT AVAILABLE","INTEL CORPORATION","34100","HILLSBORO","067","WASHINGTON COUNTY","OREGON","971245961","Private: profit organization","new assistance action","01","DOD-DEFENSE ADVANCED RESEARCH PROJECTS AGENCY","HR00111030007","","2025000","","10353103","","12378103","06/25/2010","06/25/2010","06/24/2014","other reimbursable, contingent, intangible, or indirect financial assistance","action-by-action reporting","","","4134100","OREGON","HILLSBORO","RESEARCH AND TECHNOLOGY DEVELOPMENT","DOD-DEFENSE ADVANCED RESEARCH PROJECTS AGENCY","OREGON","RUNNEMEDE (UBIQUITOUS HIGH PERFORMANCE COMPUTING) PROGRAM"
"12.901","SAI NOT AVAILABLE","CARNEGIE MELLON UNIVERSITY","61000","PITTSBURGH","003","ALLEGHENY COUNTY","PENNSYLVANIA","152133815","Government codes: State controlled institutions of higher education","new assistance action","90","DEFENSE, DEPARTMENT OF (EXCEPT MILITARY DEPARTMENTS)","H982301010228","","119512","","0","","119512","04/12/2010","05/01/2010","04/30/2011","project grant  (B)","action-by-action reporting","","","4261000","PENNSYLVANIA","PITTSBURGH","MATHEMATICAL SCIENCES GRANTS PROGRAM","DEFENSE, DEPARTMENT OF (EXCEPT MILITARY DEPARTMENTS)","PENNSYLVANIA","SUMMER UNDERGRADUATE APPLIED MATHEMATICS INSTITUE"
"12.902","SAI NOT AVAILABLE","PENNSYLVANIA STATE UNIVERSITY,","73808","STATE COLLEGE","027","CENTRE COUNTY","PENNSYLVANIA","168021505","Government codes: State controlled institutions of higher education","new assistance action","05","DEFENSE, DEPARTMENT OF (EXCEPT MILITARY DEPARTMENTS)","H982301010087","","69483","","0","","69483","04/15/2010","04/15/2010","02/28/2011","project grant  (B)","action-by-action reporting","","","4273808","PENNSYLVANIA","STATE COLLEGE","INFORMATION SECURITY GRANT PROGRAM","DEFENSE, DEPARTMENT OF (EXCEPT MILITARY DEPARTMENTS)","PENNSYLVANIA","STARTALK LANGUAGE INITIAITVE"
"12.902","SAI NOT AVAILABLE","PHILADELPHIA, SCHOOL DISTRICT","60000","PHILADELPHIA","101","PHILADELPHIA COUNTY","PENNSYLVANIA","191304015","Government codes: independent school district","continuation (funding in succeeding budget period which stemmed from prior agreement to fund - amount of the current action)","90","DEFENSE, DEPARTMENT OF (EXCEPT MILITARY DEPARTMENTS)","H982301010106   0001","","11275","","0","","11275","04/29/2010","04/29/2010","02/28/2011","project grant  (B)","action-by-action reporting","","","4260000","PENNSYLVANIA","PHILADELPHIA","INFORMATION SECURITY GRANT PROGRAM","DEFENSE, DEPARTMENT OF (EXCEPT MILITARY DEPARTMENTS)","PENNSYLVANIA","STARTALK LANGUAGE INIITIATIVE"
"12.902","SAI NOT AVAILABLE","TRUSTEES OF THE UNIVERSITY OF","60000","PHILADELPHIA","101","PHILADELPHIA COUNTY","PENNSYLVANIA","191046205","Government codes: State controlled institutions of higher education","new assistance action","90","DEFENSE, DEPARTMENT OF (EXCEPT MILITARY DEPARTMENTS)","H982301010042","","81792","","0","","81792","04/05/2010","04/05/2010","02/28/2011","project grant  (B)","action-by-action reporting","","","4260000","PENNSYLVANIA","PHILADELPHIA","INFORMATION SECURITY GRANT PROGRAM","DEFENSE, DEPARTMENT OF (EXCEPT MILITARY DEPARTMENTS)","PENNSYLVANIA","STARTALK LANGUAGE INITIATIVE"
"12.910","SAI NOT AVAILABLE","CONCURRENT TECHNOLOGIES CORPOR","38288","JOHNSTOWN","021","CAMBRIA COUNTY","PENNSYLVANIA","159041935","Private: private higher education","new assistance action","90","DOD-DEFENSE ADVANCED RESEARCH PROJECTS AGENCY","HR00111010062","","1184988","","0","","1184988","05/20/2010","05/20/2010","04/30/2011","project grant  (B)","action-by-action reporting","","","4238288","PENNSYLVANIA","JOHNSTOWN","RESEARCH AND TECHNOLOGY DEVELOPMENT","DOD-DEFENSE ADVANCED RESEARCH PROJECTS AGENCY","PENNSYLVANIA","NEXT-STRP EXPLORATORY ANALYSIS AND REMOTE SENSING FOR URBAN TERRAIN OPERATIONS"
"12.910","SAI NOT AVAILABLE","GORDON RESEARCH CONFERENCES IN","78080","WEST KINGSTON","009","WASHINGTON COUNTY","RHODE ISLAND","028921502","Nonprofit agencies: other nonprofit","new assistance action","02","DEFENSE, DEPARTMENT OF (EXCEPT MILITARY DEPARTMENTS)","FA95501010364","","5000","","0","","5000","06/28/2010","07/01/2010","09/30/2010","project grant  (B)","action-by-action reporting","","","4478080","RHODE ISLAND","WEST KINGSTON","RESEARCH AND TECHNOLOGY DEVELOPMENT","DEFENSE, DEPARTMENT OF (EXCEPT MILITARY DEPARTMENTS)","RHODE ISLAND","TAS::97 0400::TAS "2010 GORDON RESEARCH CONFERENCE: NOBLE METAL NANOPARTICLES""
"12.901","SAI NOT AVAILABLE","WILLIAM MARSH RICE UNIVERSITY","35000","HOUSTON","201","HARRIS COUNTY","TEXAS","770051827","Government codes: State controlled institutions of higher education","new assistance action","90","DEFENSE, DEPARTMENT OF (EXCEPT MILITARY DEPARTMENTS)","H982301010229","","114650","","0","","114650","04/07/2010","04/07/2010","04/06/2011","project grant  (B)","action-by-action reporting","","","4835000","TEXAS","HOUSTON","MATHEMATICAL SCIENCES GRANTS PROGRAM","DEFENSE, DEPARTMENT OF (EXCEPT MILITARY DEPARTMENTS)","TEXAS","THE RICE UNIVERSITY SUMMER INSTITUTE OF STATISTICS (RUSIS)"
"12.901","SAI NOT AVAILABLE","UNIVERSITY OF TEXAS AT ARLINGT","04000","ARLINGTON","439","TARRANT COUNTY","TEXAS","760190001","Government codes: State controlled institutions of higher education","new assistance action","90","DEFENSE, DEPARTMENT OF (EXCEPT MILITARY DEPARTMENTS)","H982301010207","","14999","","0","","14999","04/01/2010","04/02/2010","03/31/2011","project grant  (B)","action-by-action reporting","","","4804000","TEXAS","ARLINGTON","MATHEMATICAL SCIENCES GRANTS PROGRAM","DEFENSE, DEPARTMENT OF (EXCEPT MILITARY DEPARTMENTS)","TEXAS","WEIGHT MODULES OF LIE ALGEBRAS AND SUPERRALGEBRAS"
"12.902","SAI NOT AVAILABLE","EDUCATION UTAH STATE OFFICE","67000","SALT LAKE CITY","035","SALT LAKE COUNTY","UTAH","841113204","Government codes: independent school district","new assistance action","90","DEFENSE, DEPARTMENT OF (EXCEPT MILITARY DEPARTMENTS)","H982301010073","","39450","","0","","39450","04/02/2010","04/02/2010","02/28/2011","project grant  (B)","action-by-action reporting","","","4967000","UTAH","SALT LAKE CITY","INFORMATION SECURITY GRANT PROGRAM","DEFENSE, DEPARTMENT OF (EXCEPT MILITARY DEPARTMENTS)","UTAH","STARTALK LANGUAGE INITIATIVE"
"12.404","SAI NOT AVAILABLE","VIRGINIA DEPARTMENT OF MILITAR","07832","BLACKSTONE","135","NOTTOWAY COUNTY","VIRGINIA","238241800","Government codes: State government","funding adjustment to completed project","04","DEFENSE, DEPARTMENT OF (EXCEPT MILITARY DEPARTMENTS)","W912LQ0724000   0001","","35000","","0","","35000","05/25/2010","10/01/2009","09/30/2010","cooperative agreement  (B)","action-by-action reporting","","","5107832","VIRGINIA","BLACKSTONE","NATIONAL GUARD CIVILIAN YOUTH OPPORTUNITIES","DEFENSE, DEPARTMENT OF (EXCEPT MILITARY DEPARTMENTS)","VIRGINIA","4000 VIRGINIA ARMY NATIONAL GUARD YOUTH CHALLENGE PROGRAM APPENDIX 3 CHALLENGE STAFF TRAINING/ASD-RA"
"12.599","SAI NOT AVAILABLE","WOMEN IN MILITARY SERVICE FOR","03000","ARLINGTON","013","ARLINGTON COUNTY","VIRGINIA","222033755","Nonprofit agencies: other nonprofit","new assistance action","08","DEFENSE, DEPARTMENT OF (EXCEPT MILITARY DEPARTMENTS)","HQ00341010004","","1576000","","0","","1576000","06/09/2010","02/23/2010","06/08/2011","project grant  (B)","action-by-action reporting","","","5103000","VIRGINIA","ARLINGTON","CONGRESSIONALLY DIRECTED ASSISTANCE","DEFENSE, DEPARTMENT OF (EXCEPT MILITARY DEPARTMENTS)","VIRGINIA","FUNDING FOR THE FOUNDATION AND MEMORIAL TO PAY TRIBUTE AND TELL THE STORIES OF WOMEN WHO SERVED IN THE MILITRAY"
"12.902","SAI NOT AVAILABLE","RECTOR AND VISITORS OF THE UNI","14968","CHARLOTTESVILLE","540","CHARLOTTESVILLE","VIRGINIA","229034833","Government codes: State controlled institutions of higher education","new assistance action","90","DEFENSE, DEPARTMENT OF (EXCEPT MILITARY DEPARTMENTS)","H982301010058","","99526","","0","","99526","04/14/2010","04/14/2010","02/28/2011","project grant  (B)","action-by-action reporting","","","5114968","VIRGINIA","CHARLOTTESVILLE","INFORMATION SECURITY GRANT PROGRAM","DEFENSE, DEPARTMENT OF (EXCEPT MILITARY DEPARTMENTS)","VIRGINIA","STARTALK LANGUAGE INITIAITVE"
"12.910","SAI NOT AVAILABLE","UNIVERSITY OF WASHINGTON","63000","SEATTLE","033","KING COUNTY","WASHINGTON","981056613","Private: private higher education","new assistance action","90","DOD-DEFENSE ADVANCED RESEARCH PROJECTS AGENCY","HR00111010060","","34208","","0","","34208","06/01/2010","06/01/2010","05/31/2013","project grant  (B)","action-by-action reporting","","","5363000","WASHINGTON","SEATTLE","RESEARCH AND TECHNOLOGY DEVELOPMENT","DOD-DEFENSE ADVANCED RESEARCH PROJECTS AGENCY","WASHINGTON","APPLYING INNOVATIVE ANALYSIS TO NARROW BIPOLAR EVENT LIGHTING"
"12.902","SAI NOT AVAILABLE","WEST VIRGINIA DEPARTMENT OF ED","14600","CHARLESTON","039","KANAWHA COUNTY","WEST VIRGINIA","253050009","Government codes: independent school district","new assistance action","02","DEFENSE, DEPARTMENT OF (EXCEPT MILITARY DEPARTMENTS)","H982301010102","","94370","","0","","94370","04/08/2010","04/08/2010","02/28/2011","project grant  (B)","action-by-action reporting","","","5414600","WEST VIRGINIA","CHARLESTON","INFORMATION SECURITY GRANT PROGRAM","DEFENSE, DEPARTMENT OF (EXCEPT MILITARY DEPARTMENTS)","WEST VIRGINIA","STARTALK LANGUAGE INITIATIVE"
"12.901","SAI NOT AVAILABLE","UNIVERSITY OF WISCONSIN SYSTEM","48000","MADISON","025","DANE COUNTY","WISCONSIN","537151218","Government codes: State controlled institutions of higher education","new assistance action","02","DEFENSE, DEPARTMENT OF (EXCEPT MILITARY DEPARTMENTS)","H982301010217","","36291","","0","","36291","04/23/2010","04/23/2010","04/23/2011","project grant  (B)","action-by-action reporting","","","5548000","WISCONSIN","MADISON","MATHEMATICAL SCIENCES GRANTS PROGRAM","DEFENSE, DEPARTMENT OF (EXCEPT MILITARY DEPARTMENTS)","WISCONSIN","GROUP RINGS AND RELATED NONCOMMUTATIVE ALGEBRA"
"12.404","SAI NOT AVAILABLE","MILITARY, WYOMING DEPARTMENT O","13900","CHEYENNE","021","LARAMIE COUNTY","WYOMING","820093320","Government codes: State government","continuation (funding in succeeding budget period which stemmed from prior agreement to fund - amount of the current action)","00","DEFENSE, DEPARTMENT OF (EXCEPT MILITARY DEPARTMENTS)","W912L30624002   0003","","30000","","0","","30000","05/17/2010","10/01/2009","09/30/2010","cooperative agreement  (B)","action-by-action reporting","","","5613900","WYOMING","CHEYENNE","NATIONAL GUARD CIVILIAN YOUTH OPPORTUNITIES","DEFENSE, DEPARTMENT OF (EXCEPT MILITARY DEPARTMENTS)","WYOMING","YOUTH CHALLENGE STARBASE APPENDIX 4002"
"12.607","SAI NOT AVAILABLE","GALENA, CITY OF INC","27530","GALENA","290","YUKON-KOYUKUK","ALASKA","997410149","Government codes: city or township government","funding adjustment to completed project","00","DOD-OFFICE OF THE SECRETARY OF DEFENSE","OEA9900810080   0000","-","22241","","0","-","22241","04/13/2010","07/01/2006","07/31/2010","project grant  (B)","action-by-action reporting","","","0227530","ALASKA","GALENA","COMMUNITY ECONOMIC ADJUSTMENT ASSISTANCE FOR ESTABLISHMENT, EXPANSION, REA","DOD-OFFICE OF THE SECRETARY OF DEFENSE","ALASKA","BASE CLOSURE (CL) TO EVALUATE COMMUNITY NEEDS AND CAPABILITIES, AND TO PROVIDE ADJUSTMENT ASSISTANCE IN RESPONSE TO THE CLOSURE OF GALENA AIRPORT FOR"
"12.114","SAI NOT AVAILABLE","NORTHWESTERN UNIVERSITY","66000","SAN DIEGO","073","SAN DIEGO COUNTY","CALIFORNIA","602080001","Government codes: State controlled institutions of higher education","continuation (funding in succeeding budget period which stemmed from prior agreement to fund - amount of the current action)","90","DEFENSE, DEPARTMENT OF (EXCEPT MILITARY DEPARTMENTS)","W15QKN0610102   0006","","338000","","0","","338000","04/26/2010","08/01/2006","08/01/2011","project grant  (B)","action-by-action reporting","","","0666000","CALIFORNIA","SAN DIEGO","COLLABORATIVE RESEARCH AND DEVELOPMENT","DEFENSE, DEPARTMENT OF (EXCEPT MILITARY DEPARTMENTS)","CALIFORNIA","DESIGN AND IMPLEMENT A MATERIALS WORLD MODULE DELIVERY KIT IN SUPPORT OF THE STEM PROGRAM"
"12.630","SAI NOT AVAILABLE","BOATING AND WATERWAYS, CA DEPT","64000","SACRAMENTO","067","SACRAMENTO COUNTY","CALIFORNIA","958153888","Government codes: State government","revision (any change in Federal Government's financial obligation or contingent liability in existing assistance transaction - amount of the <u>change</u> in funding)","90","DEFENSE, DEPARTMENT OF (EXCEPT MILITARY DEPARTMENTS)","W912HZ0720014   0009","","1510136","","0","","1510136","06/29/2010","06/29/2010","06/30/2010","cooperative agreement  (B)","action-by-action reporting","","","0664000","CALIFORNIA","SACRAMENTO","BASIC APPLIED AND ADVANCED RESEARCH IN SCIENCE AND ENGINEERING","DEFENSE, DEPARTMENT OF (EXCEPT MILITARY DEPARTMENTS)","CALIFORNIA","SUPPORT OF THE COASTAL DATA INFORMATION PROGRAM"
"12.607","SAI NOT AVAILABLE","CITY OF RIVERBANK","99099","STANISLAUS COUNTY","099","STANISLAUS COUNTY","CALIFORNIA","953672305","Government codes: city or township government","continuation (funding in succeeding budget period which stemmed from prior agreement to fund - amount of the current action)","90","DOD-OFFICE OF THE SECRETARY OF DEFENSE","HQ00051010073   0001","","160237","","0","","160237","06/23/2010","04/01/2009","09/30/2010","project grant  (B)","action-by-action reporting","","","0699099","CALIFORNIA","STANISLAUS COUNTY","COMMUNITY ECONOMIC ADJUSTMENT ASSISTANCE FOR ESTABLISHMENT, EXPANSION, REA","DOD-OFFICE OF THE SECRETARY OF DEFENSE","CALIFORNIA","BASE CLOSURE (CL) TO EVALUATE COMMUNITY NEEDS AND CAPABILITIES, AND PROVIDE ADJUSTMENT ASSISTANCE IN RESPONSE TO THE CLOSURE OF RIVERBANK ARMY AMMUNI"
"12.910","SAI NOT AVAILABLE","THE REGENTS OF THE UNIVERSITY","44000","LOS ANGELES","037","LOS ANGELES COUNTY","CALIFORNIA","900246523","Government codes: State controlled institutions of higher education","continuation (funding in succeeding budget period which stemmed from prior agreement to fund - amount of the current action)","90","DOD-DEFENSE ADVANCED RESEARCH PROJECTS AGENCY","W31P4Q0810008   0009","","530788","","0","","530788","04/01/2010","12/22/2010","02/29/2012","project grant  (B)","action-by-action reporting","","","0644000","CALIFORNIA","LOS ANGELES","RESEARCH AND TECHNOLOGY DEVELOPMENT","DOD-DEFENSE ADVANCED RESEARCH PROJECTS AGENCY","CALIFORNIA","ELECTRONICALLY DRIVEN MICRO ROTARY STAGES ON CONDUCTIVE LIQUID BEARINGS AND APPLICATIONS FOR OPTICAL DATA TRANSMISSION"
"12.599","SAI NOT AVAILABLE","UNITED STATES OLYMPIC COMMITTE","16000","COLORADO SPRINGS","041","EL PASO COUNTY","COLORADO","809095766","Nonprofit agencies: other nonprofit","continuation (funding in succeeding budget period which stemmed from prior agreement to fund - amount of the current action)","05","DEFENSE, DEPARTMENT OF (EXCEPT MILITARY DEPARTMENTS)","HQ00340810019   0008","","4925000","","0","","4925000","05/28/2010","05/31/2010","05/30/2011","project grant  (B)","action-by-action reporting","","","0816000","COLORADO","COLORADO SPRINGS","CONGRESSIONALLY DIRECTED ASSISTANCE","DEFENSE, DEPARTMENT OF (EXCEPT MILITARY DEPARTMENTS)","COLORADO","REHABILIATION SUPPORT AND MENTORING TO INJURED SERVICE MEMEBERS/ VETS THAT SUSTAINED INJURIES"
"12.607","SAI NOT AVAILABLE","DISTRICT OF COLUMBIA GOVERN OF","50000","WASHINGTON","001","DISTRICT OF COLUMBIA","DISTRICT OF COLUMBIA","200043003","Government codes: State government","new assistance action","98","DOD-OFFICE OF THE SECRETARY OF DEFENSE","HQ00051010051","","1475182","","0","","1475182","04/15/2010","08/01/2009","10/31/2010","project grant  (B)","action-by-action reporting","","","1150000","DISTRICT OF COLUMBIA","WASHINGTON","COMMUNITY ECONOMIC ADJUSTMENT ASSISTANCE FOR ESTABLISHMENT, EXPANSION, REA","DOD-OFFICE OF THE SECRETARY OF DEFENSE","DISTRICT OF COLUMBIA","BASE CLOSURE (CL) TO EVALUATE COMMUNITY NEEDS AND CAPABILITIES, AND PROVIDE ADJUSTMENT ASSISTANCE IN RESPONSE TO THE REALIGNMENT OF WALTER REED ARMY"
"12.615","SAI NOT AVAILABLE","NATIONAL GOVERNORS ASSOCIATION","50000","WASHINGTON","001","DISTRICT OF COLUMBIA","DISTRICT OF COLUMBIA","200011594","Private: all other","funding adjustment to completed project","98","DOD-OFFICE OF THE SECRETARY OF DEFENSE","OEA9900910027   0000","-","45440","","0","-","45440","06/14/2010","02/01/2007","09/30/2010","project grant  (B)","action-by-action reporting","","","1150000","DISTRICT OF COLUMBIA","WASHINGTON","RESEARCH AND TECHNICAL ASSISTANCE","DOD-OFFICE OF THE SECRETARY OF DEFENSE","DISTRICT OF COLUMBIA","RESEARCH AND TECHNICAL ASSISTANCE (RT) THROUGH A COOPERATIVE AGREEMENT BETWEEN OEA AND THE NATIONAL GOVERNORS ASSOCIATION CENTER FOR BEST PRACTICES,"
"12.607","SAI NOT AVAILABLE","COUNTY OF OKALOOSA","20050","EGLIN AFB","091","OKALOOSA COUNTY","FLORIDA","325792307","Government codes: county government","new assistance action","90","DOD-OFFICE OF THE SECRETARY OF DEFENSE","HQ00051010061","","99305","","0","","99305","06/23/2010","07/01/2010","06/30/2011","project grant  (B)","action-by-action reporting","","","1220050","FLORIDA","EGLIN AFB","COMMUNITY ECONOMIC ADJUSTMENT ASSISTANCE FOR ESTABLISHMENT, EXPANSION, REA","DOD-OFFICE OF THE SECRETARY OF DEFENSE","FLORIDA","BASE REALIGNMENT (RA) TO EVALUATE COMMUNITY NEEDS AND CAPABILITIES, AND PROVIDE ADJUSTMENT ASSISTANCE IN RESPONSE TO THE REALIGNMENT OF EGLIN AFB, OK"
"12.610","SAI NOT AVAILABLE","COUNTY OF BAY","54700","PANAMA CITY","005","BAY COUNTY","FLORIDA","324012616","Government codes: county government","funding adjustment to completed project","02","DOD-OFFICE OF THE SECRETARY OF DEFENSE","OEA9900810018   0000","-","30470","","0","-","30470","06/14/2010","10/01/2007","08/31/2010","project grant  (B)","action-by-action reporting","","","1254700","FLORIDA","PANAMA CITY","COMMUNITY ECONOMIC ADJUSTMENT PLANNING ASSISTANCE FOR JOINT LAND USE STUDI","DOD-OFFICE OF THE SECRETARY OF DEFENSE","FLORIDA","ENCROACHMENT (EN) TO EVALUATE COMMUNITY NEEDS AND CAPABILITIES, AND PROVIDE ASSISTANCE TO NAVAL SUPPORT ACTIVITY (NSA) PANAMA CITY, BAY COUNTY, FL, A"
"12.610","SAI NOT AVAILABLE","COUNTY OF BAY","54700","PANAMA CITY","005","BAY COUNTY","FLORIDA","324012616","Government codes: county government","new assistance action","02","DOD-OFFICE OF THE SECRETARY OF DEFENSE","HQ00051010059","","226561","","0","","226561","06/14/2010","05/01/2010","04/30/2011","project grant  (B)","action-by-action reporting","","","1254700","FLORIDA","PANAMA CITY","COMMUNITY ECONOMIC ADJUSTMENT PLANNING ASSISTANCE FOR JOINT LAND USE STUDI","DOD-OFFICE OF THE SECRETARY OF DEFENSE","FLORIDA","ENCROACHMENT (EN) TO EVALUATE COMMUNITY NEEDS AND CAPABILITIES, AND PROVIDE ASSISTANCE TO NAVAL SUPPORT ACTIVITY (NSA) PANAMA CITY, BAY COUNTY, FL, A"
"12.610","SAI NOT AVAILABLE","SOUTHERN GEORGIA REGIONAL COMM","78800","VALDOSTA","185","LOWNDES COUNTY","GEORGIA","316015901","Private: all other","funding adjustment to completed project","90","DOD-OFFICE OF THE SECRETARY OF DEFENSE","OEA9900810069   0000","-","53171","","0","-","53171","05/26/2010","03/01/2008","11/30/2010","project grant  (B)","action-by-action reporting","","","1378800","GEORGIA","VALDOSTA","COMMUNITY ECONOMIC ADJUSTMENT PLANNING ASSISTANCE FOR JOINT LAND USE STUDI","DOD-OFFICE OF THE SECRETARY OF DEFENSE","GEORGIA","ENCROACHMENT (EN) TO PROVIDE FINANCIAL AND TECHNICAL ASSISTANCE TO MOODY AIR FORCE BASE (AFB); LOWNDES, BERRIEN AND LANIER COUNTIES; AND THE CITY OF"
"12.607","SAI NOT AVAILABLE","VILLAGE OF RANTOUL","62783","RANTOUL","019","CHAMPAIGN COUNTY","ILLINOIS","618662919","Government codes: city or township government","continuation (funding in succeeding budget period which stemmed from prior agreement to fund - amount of the current action)","15","DOD-OFFICE OF THE SECRETARY OF DEFENSE","HQ00051010091   0003","","200000","","0","","200000","04/01/2010","09/01/2009","12/31/2010","project grant  (B)","action-by-action reporting","","","1762783","ILLINOIS","RANTOUL","COMMUNITY ECONOMIC ADJUSTMENT ASSISTANCE FOR ESTABLISHMENT, EXPANSION, REA","DOD-OFFICE OF THE SECRETARY OF DEFENSE","ILLINOIS","BASE CLOSURE (CL) TO EVALUATE COMMUNITY NEEDS AND CAPABILITIES, AND PROVIDE ADJUSTMENT ASSISTANCE IN RESPONSE TO THE CLOSURE OF CHANUTE AIR FORCE BAS"
"12.607","SAI NOT AVAILABLE","VILLAGE OF RANTOUL","62783","RANTOUL","019","CHAMPAIGN COUNTY","ILLINOIS","618662919","Government codes: city or township government","continuation (funding in succeeding budget period which stemmed from prior agreement to fund - amount of the current action)","15","DOD-OFFICE OF THE SECRETARY OF DEFENSE","HQ00051010091   0004","","100000","","0","","100000","06/24/2010","09/01/2009","12/31/2010","project grant  (B)","action-by-action reporting","","","1762783","ILLINOIS","RANTOUL","COMMUNITY ECONOMIC ADJUSTMENT ASSISTANCE FOR ESTABLISHMENT, EXPANSION, REA","DOD-OFFICE OF THE SECRETARY OF DEFENSE","ILLINOIS","BASE CLOSURE (CL) TO EVALUATE COMMUNITY NEEDS AND CAPABILITIES, AND PROVIDE ADJUSTMENT ASSISTANCE IN RESPONSE TO THE CLOSURE OF CHANUTE AIR FORCE BAS"
"12.610","SAI NOT AVAILABLE","ST CLAIR, COUNTY OF","68328","SCOTT AFB","163","ST. CLAIR COUNTY","ILLINOIS","622201623","Government codes: county government","new assistance action","12","DOD-OFFICE OF THE SECRETARY OF DEFENSE","HQ00051010050","","54000","","0","","54000","04/13/2010","04/01/2010","07/31/2010","project grant  (B)","action-by-action reporting","","","1768328","ILLINOIS","SCOTT AFB","COMMUNITY ECONOMIC ADJUSTMENT PLANNING ASSISTANCE FOR JOINT LAND USE STUDI","DOD-OFFICE OF THE SECRETARY OF DEFENSE","ILLINOIS","ENCROACHMENT (EN) TO PROVIDE TECHNICAL AND FINANCIAL ASSISTANCE TO SCOTT AIR FORCE BASE (AFB) AND SAINT CLAIR COUNTY, ILLINOIS. THE ASSISTANCE COULD"
"12.610","SAI NOT AVAILABLE","KANSAS LAND TRUST INC","38900","LAWRENCE","045","DOUGLAS COUNTY","KANSAS","660443502","Nonprofit agencies: other nonprofit","continuation (funding in succeeding budget period which stemmed from prior agreement to fund - amount of the current action)","90","DEFENSE, DEPARTMENT OF (EXCEPT MILITARY DEPARTMENTS)","W911SR0620005   0007","","610000","","0","","610000","06/10/2010","06/10/2010","09/27/2010","cooperative agreement  (B)","action-by-action reporting","","","2023965","KANSAS","FORT RILEY","COMMUNITY ECONOMIC ADJUSTMENT PLANNING ASSISTANCE FOR JOINT LAND USE STUDI","DEFENSE, DEPARTMENT OF (EXCEPT MILITARY DEPARTMENTS)","KANSAS","ARMY COMPATIBLE USE BUFFERS (ACUBS) ARU9ND THE FORT RILEY MILITARY INSTALLATION"
"12.607","SAI NOT AVAILABLE","LINCOLN TRAIL AREA DEV DST","28540","FORT KNOX (U.S. ARMY)","093","HARDIN COUNTY","KENTUCKY","427013052","Government codes: special district government","funding adjustment to completed project","02","DOD-OFFICE OF THE SECRETARY OF DEFENSE","OEA9900810047   0000","-","148569","","0","-","148569","04/28/2010","11/01/2007","04/30/2010","project grant  (B)","action-by-action reporting","","","2128540","KENTUCKY","FORT KNOX (U.S. ARMY)","COMMUNITY ECONOMIC ADJUSTMENT ASSISTANCE FOR ESTABLISHMENT, EXPANSION, REA","DOD-OFFICE OF THE SECRETARY OF DEFENSE","KENTUCKY","BASE REALIGNMENT (RA) TO EVALUATE COMMUNITY NEEDS AND CAPABILITIES, AND PROVIDE ADJUSTMENT ASSISTANCE IN RESPONSE TO THE REALIGNMENT OF FORT KNOX, KY"
"12.750","SAI NOT AVAILABLE","HENRY M JACKSON FOUNDATION FOR","07125","BETHESDA","031","MONTGOMERY COUNTY","MARYLAND","208521402","Government codes: State controlled institutions of higher education","continuation (funding in succeeding budget period which stemmed from prior agreement to fund - amount of the current action)","90","DEFENSE, DEPARTMENT OF (EXCEPT MILITARY DEPARTMENTS)","HU00010410004   14","","769671","","0","","769671","06/24/2010","07/01/2004","08/31/2011","project grant  (B)","action-by-action reporting","","","2407125","MARYLAND","BETHESDA","DOD MEDICAL RESEARCH, CONSULTATION AND EDUCATION PROGRAMS","DEFENSE, DEPARTMENT OF (EXCEPT MILITARY DEPARTMENTS)","MARYLAND","CENTER FOR DISASTER AND HUMANITARIAN ASSISTANCE MEDICINE"
"12.750","SAI NOT AVAILABLE","HENRY M JACKSON FOUNDATION FOR","07125","BETHESDA","031","MONTGOMERY COUNTY","MARYLAND","208521402","Government codes: State controlled institutions of higher education","continuation (funding in succeeding budget period which stemmed from prior agreement to fund - amount of the current action)","90","DEFENSE, DEPARTMENT OF (EXCEPT MILITARY DEPARTMENTS)","HU00010610007   13","","2013640","","0","","2013640","06/29/2010","06/01/2006","08/31/2011","project grant  (B)","action-by-action reporting","","","2407125","MARYLAND","BETHESDA","DOD MEDICAL RESEARCH, CONSULTATION AND EDUCATION PROGRAMS","DEFENSE, DEPARTMENT OF (EXCEPT MILITARY DEPARTMENTS)","MARYLAND","THE COLLABORATION WITH DOD-GEIS FOR AVIAN INFLUENZA/PANDEMIC INFLUENZA (AI/PI) STUDIES PROGRAM"
"12.750","SAI NOT AVAILABLE","HENRY M JACKSON FOUNDATION FOR","07125","BETHESDA","031","MONTGOMERY COUNTY","MARYLAND","208521402","Government codes: State controlled institutions of higher education","continuation (funding in succeeding budget period which stemmed from prior agreement to fund - amount of the current action)","90","DEFENSE, DEPARTMENT OF (EXCEPT MILITARY DEPARTMENTS)","HU00010810003   07","","224116","","0","","224116","06/24/2010","09/01/2008","09/30/2010","project grant  (B)","action-by-action reporting","","","2407125","MARYLAND","BETHESDA","DOD MEDICAL RESEARCH, CONSULTATION AND EDUCATION PROGRAMS","DEFENSE, DEPARTMENT OF (EXCEPT MILITARY DEPARTMENTS)","MARYLAND","UNDERSEA MEDICINE RESEARCH STRATEGIES FOR DECOMPRESSION SICKNESS AND OXYGEN TOXICITY"
"12.750","SAI NOT AVAILABLE","HENRY M JACKSON FOUNDATION FOR","07125","BETHESDA","031","MONTGOMERY COUNTY","MARYLAND","208521402","Government codes: State controlled institutions of higher education","continuation (funding in succeeding budget period which stemmed from prior agreement to fund - amount of the current action)","90","DEFENSE, DEPARTMENT OF (EXCEPT MILITARY DEPARTMENTS)","HU00010710002   16","","477883","","0","","477883","06/23/2010","11/01/2006","09/30/2011","project grant  (B)","action-by-action reporting","","","2407125","MARYLAND","BETHESDA","DOD MEDICAL RESEARCH, CONSULTATION AND EDUCATION PROGRAMS","DEFENSE, DEPARTMENT OF (EXCEPT MILITARY DEPARTMENTS)","MARYLAND","DTRA MEDICAL CHEMICAL BIOLOGICAL SCIENCE AND TECHNOLOGY PROGRAM"
"12.750","SAI NOT AVAILABLE","HENRY M JACKSON FOUNDATION FOR","07125","BETHESDA","031","MONTGOMERY COUNTY","MARYLAND","208521402","Government codes: State controlled institutions of higher education","continuation (funding in succeeding budget period which stemmed from prior agreement to fund - amount of the current action)","90","DEFENSE, DEPARTMENT OF (EXCEPT MILITARY DEPARTMENTS)","HU0001091TS02   02","","45044","","0","","45044","06/17/2010","05/01/2009","03/31/2012","project grant  (B)","action-by-action reporting","","","2407125","MARYLAND","BETHESDA","DOD MEDICAL RESEARCH, CONSULTATION AND EDUCATION PROGRAMS","DEFENSE, DEPARTMENT OF (EXCEPT MILITARY DEPARTMENTS)","MARYLAND","IMPLEMENTING EVIDENCE BASED ORAL CARE FOR CRITICALLY ILL PATIENTS"
"12.750","SAI NOT AVAILABLE","HENRY M JACKSON FOUNDATION FOR","07125","BETHESDA","031","MONTGOMERY COUNTY","MARYLAND","208521402","Government codes: State controlled institutions of higher education","continuation (funding in succeeding budget period which stemmed from prior agreement to fund - amount of the current action)","90","DEFENSE, DEPARTMENT OF (EXCEPT MILITARY DEPARTMENTS)","HU0001081TS17   02","","20244","","0","","20244","06/17/2010","09/01/2008","08/31/2011","project grant  (B)","action-by-action reporting","","","2407125","MARYLAND","BETHESDA","DOD MEDICAL RESEARCH, CONSULTATION AND EDUCATION PROGRAMS","DEFENSE, DEPARTMENT OF (EXCEPT MILITARY DEPARTMENTS)","MARYLAND","EVALUATING EVIDENCE BASED INTERVENTIONS TO PREVENT FALLS AND PRESSURE ULCERS"
"12.750","SAI NOT AVAILABLE","HENRY M JACKSON FOUNDATION FOR","07125","BETHESDA","031","MONTGOMERY COUNTY","MARYLAND","208521402","Government codes: State controlled institutions of higher education","continuation (funding in succeeding budget period which stemmed from prior agreement to fund - amount of the current action)","90","DEFENSE, DEPARTMENT OF (EXCEPT MILITARY DEPARTMENTS)","HU00010910006   01","","252120","","0","","252120","06/16/2010","08/01/2009","07/30/2011","project grant  (B)","action-by-action reporting","","","2407125","MARYLAND","BETHESDA","DOD MEDICAL RESEARCH, CONSULTATION AND EDUCATION PROGRAMS","DEFENSE, DEPARTMENT OF (EXCEPT MILITARY DEPARTMENTS)","MARYLAND","DEVELOPMENT OF INACTIVE EASTERN (EEEV) AND WESTERN (WEEV) EQUINE ENCEPHALITIS VIRUS"
"12.750","SAI NOT AVAILABLE","HENRY M JACKSON FOUNDATION FOR","07125","BETHESDA","031","MONTGOMERY COUNTY","MARYLAND","208521402","Government codes: State controlled institutions of higher education","continuation (funding in succeeding budget period which stemmed from prior agreement to fund - amount of the current action)","90","DEFENSE, DEPARTMENT OF (EXCEPT MILITARY DEPARTMENTS)","HU00010710003   06","","248954","","0","","248954","04/12/2010","04/01/2007","12/31/2011","project grant  (B)","action-by-action reporting","","","2407125","MARYLAND","BETHESDA","DOD MEDICAL RESEARCH, CONSULTATION AND EDUCATION PROGRAMS","DEFENSE, DEPARTMENT OF (EXCEPT MILITARY DEPARTMENTS)","MARYLAND","THE VIRTICO-BP TRIALS VIRTUAL REALITY THERAPY AND IMAGINING IN COMBAT VETERANS WITH BLAST INJURY AND POSTTRAUMATIC STRESS DISORDER"
"12.750","SAI NOT AVAILABLE","HENRY M JACKSON FOUNDATION FOR","07125","BETHESDA","031","MONTGOMERY COUNTY","MARYLAND","208521402","Government codes: State controlled institutions of higher education","continuation (funding in succeeding budget period which stemmed from prior agreement to fund - amount of the current action)","90","DEFENSE, DEPARTMENT OF (EXCEPT MILITARY DEPARTMENTS)","HU00010710005","","204915","","0","","204915","04/20/2010","05/01/2007","05/31/2011","project grant  (B)","action-by-action reporting","","","2407125","MARYLAND","BETHESDA","DOD MEDICAL RESEARCH, CONSULTATION AND EDUCATION PROGRAMS","DEFENSE, DEPARTMENT OF (EXCEPT MILITARY DEPARTMENTS)","MARYLAND","FAMILY VIOLENCE AND TRAUMA PROJECT III"
"12.750","SAI NOT AVAILABLE","HENRY M JACKSON FOUNDATION FOR","07125","BETHESDA","031","MONTGOMERY COUNTY","MARYLAND","208521402","Government codes: State controlled institutions of higher education","continuation (funding in succeeding budget period which stemmed from prior agreement to fund - amount of the current action)","90","DEFENSE, DEPARTMENT OF (EXCEPT MILITARY DEPARTMENTS)","HU00010720007","","477457","","0","","477457","04/27/2010","07/01/2007","08/31/2010","cooperative agreement  (B)","action-by-action reporting","","","2407125","MARYLAND","BETHESDA","DOD MEDICAL RESEARCH, CONSULTATION AND EDUCATION PROGRAMS","DEFENSE, DEPARTMENT OF (EXCEPT MILITARY DEPARTMENTS)","MARYLAND","BLAST SPINAL CORD INJURY PROGRAM BSCIP"
"12.750","SAI NOT AVAILABLE","HENRY M JACKSON FOUNDATION FOR","07125","BETHESDA","031","MONTGOMERY COUNTY","MARYLAND","208521402","Government codes: State controlled institutions of higher education","continuation (funding in succeeding budget period which stemmed from prior agreement to fund - amount of the current action)","90","DEFENSE, DEPARTMENT OF (EXCEPT MILITARY DEPARTMENTS)","HU00010810003","","116945","","0","","116945","05/07/2010","09/01/2008","06/30/2010","project grant  (B)","action-by-action reporting","","","2407125","MARYLAND","BETHESDA","DOD MEDICAL RESEARCH, CONSULTATION AND EDUCATION PROGRAMS","DEFENSE, DEPARTMENT OF (EXCEPT MILITARY DEPARTMENTS)","MARYLAND","UNDERSEA MEDICINE RESEARCH STRATEGIES FOR DECOMPRESSION SICKNESS AND OXYGEN TOXICITY"
"12.750","SAI NOT AVAILABLE","HENRY M JACKSON FOUNDATION FOR","07125","BETHESDA","031","MONTGOMERY COUNTY","MARYLAND","208521402","Government codes: State controlled institutions of higher education","continuation (funding in succeeding budget period which stemmed from prior agreement to fund - amount of the current action)","90","DEFENSE, DEPARTMENT OF (EXCEPT MILITARY DEPARTMENTS)","HU00010610007","","179129","","0","","179129","05/12/2010","06/01/2006","08/31/2011","project grant  (B)","action-by-action reporting","","","2407125","MARYLAND","BETHESDA","DOD MEDICAL RESEARCH, CONSULTATION AND EDUCATION PROGRAMS","DEFENSE, DEPARTMENT OF (EXCEPT MILITARY DEPARTMENTS)","MARYLAND","THE COLLABORATION WITH DOD-GEIS FOR AVIAN INFLUENZA/PANDEMIC INFLUENZA AI/PI STUDIES PROGRAM"
"12.750","SAI NOT AVAILABLE","HENRY M JACKSON FOUNDATION FOR","07125","BETHESDA","031","MONTGOMERY COUNTY","MARYLAND","208521402","Government codes: State controlled institutions of higher education","continuation (funding in succeeding budget period which stemmed from prior agreement to fund - amount of the current action)","90","DEFENSE, DEPARTMENT OF (EXCEPT MILITARY DEPARTMENTS)","HU00011020002   01","","43000","","0","","43000","06/02/2010","05/01/2010","11/30/2010","cooperative agreement  (B)","action-by-action reporting","","","2407125","MARYLAND","BETHESDA","DOD MEDICAL RESEARCH, CONSULTATION AND EDUCATION PROGRAMS","DEFENSE, DEPARTMENT OF (EXCEPT MILITARY DEPARTMENTS)","MARYLAND","CENTER FOR PROSTATE DISEASE RESEARCH (CPDR)"
"12.750","SAI NOT AVAILABLE","HENRY M JACKSON FOUNDATION FOR","07125","BETHESDA","031","MONTGOMERY COUNTY","MARYLAND","208521402","Government codes: State controlled institutions of higher education","continuation (funding in succeeding budget period which stemmed from prior agreement to fund - amount of the current action)","90","DEFENSE, DEPARTMENT OF (EXCEPT MILITARY DEPARTMENTS)","HU00010910007   01","","1569000","","0","","1569000","06/08/2010","09/01/2009","05/31/2011","project grant  (B)","action-by-action reporting","","","2407125","MARYLAND","BETHESDA","DOD MEDICAL RESEARCH, CONSULTATION AND EDUCATION PROGRAMS","DEFENSE, DEPARTMENT OF (EXCEPT MILITARY DEPARTMENTS)","MARYLAND","PRESCRIPTION DRUG MISUE EDUCATIONAL INTERVENTION"
"12.607","SAI NOT AVAILABLE","ANNE ARUNDEL, COUNTY OF","29400","FORT MEADE","003","ANNE ARUNDEL COUNTY","MARYLAND","214011930","Government codes: county government","new assistance action","90","DOD-OFFICE OF THE SECRETARY OF DEFENSE","HQ00051010048","","530788","","0","","530788","04/01/2010","04/01/2010","03/31/2011","project grant  (B)","action-by-action reporting","","","2429400","MARYLAND","FORT MEADE","COMMUNITY ECONOMIC ADJUSTMENT ASSISTANCE FOR ESTABLISHMENT, EXPANSION, REA","DOD-OFFICE OF THE SECRETARY OF DEFENSE","MARYLAND","BASE REALIGNMENT (RA) TO EVALUATE COMMUNITY NEEDS AND CAPABILITIES, AND PROVIDE ADJUSTMENT ASSISTANCE IN RESPONSE TO THE REALIGNMENT OF FORT MEADE, M"
"12.910","SAI NOT AVAILABLE","MASSACHUSETTS INSTITUTE OF TEC","11000","CAMBRIDGE","017","MIDDLESEX COUNTY","MASSACHUSETTS","021394301","Government codes: State controlled institutions of higher education","revision (any change in Federal Government's financial obligation or contingent liability in existing assistance transaction - amount of the <u>change</u> in funding)","90","DOD-DEFENSE ADVANCED RESEARCH PROJECTS AGENCY","W31P4Q0910007   0004","","1431341","","0","","1431341","04/22/2010","03/02/2009","09/30/2010","project grant  (B)","action-by-action reporting","","","2511000","MASSACHUSETTS","CAMBRIDGE","RESEARCH AND TECHNOLOGY DEVELOPMENT","DOD-DEFENSE ADVANCED RESEARCH PROJECTS AGENCY","MASSACHUSETTS","HIGH POWERED PUMPED HEAT EXCHANGER (PHUMP)"
"12.610","SAI NOT AVAILABLE","DUCKS UNLIMITED, INC","03000","ANN ARBOR","161","WASHTENAW COUNTY","MICHIGAN","481083281","Nonprofit agencies: other nonprofit","continuation (funding in succeeding budget period which stemmed from prior agreement to fund - amount of the current action)","90","DEFENSE, DEPARTMENT OF (EXCEPT MILITARY DEPARTMENTS)","W911SR0820002   0007","","250000","","0","","250000","06/14/2010","06/14/2010","09/27/2010","cooperative agreement  (B)","action-by-action reporting","","","3626759","NEW YORK","FORT DRUM (U.S. ARMY)","COMMUNITY ECONOMIC ADJUSTMENT PLANNING ASSISTANCE FOR JOINT LAND USE STUDI","DEFENSE, DEPARTMENT OF (EXCEPT MILITARY DEPARTMENTS)","MICHIGAN","ARMY COMPATIBLE USE BUFFERS (ACUBS) AROUND THE FORT DRUM MILITARY INSTALLATION"
"12.607","SAI NOT AVAILABLE","CHESTERFIELD TOWNSHIP (INC)","50490","MACOMB","099","MACOMB COUNTY","MICHIGAN","480475156","Government codes: city or township government","funding adjustment to completed project","90","DOD-OFFICE OF THE SECRETARY OF DEFENSE","OEA9900910007   0000","-","12381","","0","-","12381","05/18/2010","08/01/2007","11/30/2010","project grant  (B)","action-by-action reporting","","","2650490","MICHIGAN","MACOMB","COMMUNITY ECONOMIC ADJUSTMENT ASSISTANCE FOR ESTABLISHMENT, EXPANSION, REA","DOD-OFFICE OF THE SECRETARY OF DEFENSE","MICHIGAN","BASE CLOSURE (CL) TO EVALUATE COMMUNITY NEEDS AND CAPABILITIES, AND PROVIDE ADJUSTMENT ASSISTANCE IN RESPONSE TO THE CLOSURE OF THE U.S. ARMY GARRISO"
"12.607","SAI NOT AVAILABLE","RICE, COUNTY OF","20546","FARIBAULT","131","RICE COUNTY","MINNESOTA","550215195","Government codes: county government","new assistance action","02","DOD-OFFICE OF THE SECRETARY OF DEFENSE","HQ00051010044","","20000","","0","","20000","04/01/2010","04/01/2010","03/31/2011","project grant  (B)","action-by-action reporting","","","2720546","MINNESOTA","FARIBAULT","COMMUNITY ECONOMIC ADJUSTMENT ASSISTANCE FOR ESTABLISHMENT, EXPANSION, REA","DOD-OFFICE OF THE SECRETARY OF DEFENSE","MINNESOTA","BASE CLOSURE (CL) TO EVALUATE COMMUNITY NEEDS AND CAPABILITIES, AND PROVIDE ADJUSTMENT ASSISTANCE IN RESPONSE TO THE CLOSURE OF THE GENERAL BEEBE U.S"
"12.610","SAI NOT AVAILABLE","KNOB NOSTER CITY HALL","99101","JOHNSON COUNTY","101","JOHNSON COUNTY","MISSOURI","653361333","Government codes: city or township government","funding adjustment to completed project","04","DOD-OFFICE OF THE SECRETARY OF DEFENSE","OEA9900710049   0000","-","30072","","0","-","30072","05/11/2010","05/01/2007","12/31/2010","project grant  (B)","action-by-action reporting","","","2999101","MISSOURI","JOHNSON COUNTY","COMMUNITY ECONOMIC ADJUSTMENT PLANNING ASSISTANCE FOR JOINT LAND USE STUDI","DOD-OFFICE OF THE SECRETARY OF DEFENSE","MISSOURI","ENCROACHMENT (EN) TO PROVIDE FINANCIAL AND TECHNICAL ASSISTANCE TO WHITEMAN AIR FORCE BASE (AFB), JOHNSON COUNTY, AND THE CITY OF KNOB NOSTER, MO TO"
"12.610","SAI NOT AVAILABLE","CASCADE COUNTY","12775","CASCADE","013","CASCADE COUNTY","MONTANA","594012517","Government codes: county government","continuation (funding in succeeding budget period which stemmed from prior agreement to fund - amount of the current action)","00","DOD-OFFICE OF THE SECRETARY OF DEFENSE","HQ00051010095   0001","","22300","","0","","22300","05/25/2010","09/01/2009","12/31/2010","project grant  (B)","action-by-action reporting","","","3012775","MONTANA","CASCADE","COMMUNITY ECONOMIC ADJUSTMENT PLANNING ASSISTANCE FOR JOINT LAND USE STUDI","DOD-OFFICE OF THE SECRETARY OF DEFENSE","MONTANA","ENCROACHMENT (EN) TO EVALUATE COMMUNITY NEEDS AND CAPABILITIES, AND PROVIDE ASSISTANCE TO MALMSTROM AIR FORCE BASE (AFB), CASCADE COUNTY, AND THE CIT"
"12.910","SAI NOT AVAILABLE","DUKE UNIVERSITY","19000","DURHAM","063","DURHAM COUNTY","NORTH CAROLINA","277089900","Private: private higher education","continuation (funding in succeeding budget period which stemmed from prior agreement to fund - amount of the current action)","04","DOD-DEFENSE ADVANCED RESEARCH PROJECTS AGENCY","HR00110910016   0002","","207000","","0","","207000","05/26/2010","01/29/2009","05/18/2011","project grant  (B)","action-by-action reporting","","","3719000","NORTH CAROLINA","DURHAM","RESEARCH AND TECHNOLOGY DEVELOPMENT","DOD-DEFENSE ADVANCED RESEARCH PROJECTS AGENCY","NORTH CAROLINA","ROLE OF SIZE, AUTONOMY, AND OTHER FACTORS IN MILITARY SYSTEM PERFORMANCE"
"12.910","SAI NOT AVAILABLE","MICROELECTRONICS ADVANCED RESE","19000","DURHAM","063","DURHAM COUNTY","NORTH CAROLINA","277038447","Private: all other","continuation (funding in succeeding budget period which stemmed from prior agreement to fund - amount of the current action)","04","DOD-DEFENSE ADVANCED RESEARCH PROJECTS AGENCY","HR00111030002   0002","","6000000","","0","","6000000","06/02/2010","11/01/2009","10/31/2010","other reimbursable, contingent, intangible, or indirect financial assistance","action-by-action reporting","","","3719000","NORTH CAROLINA","DURHAM","RESEARCH AND TECHNOLOGY DEVELOPMENT","DOD-DEFENSE ADVANCED RESEARCH PROJECTS AGENCY","NORTH CAROLINA","SYSTEM OF NEUROMORPHIC ADAPTIVE PLASTIC SCALABLE"
"12.607","SAI NOT AVAILABLE","NORMAN, CITY OF","52500","NORMAN","027","CLEVELAND COUNTY","OKLAHOMA","730697108","Government codes: city or township government","funding adjustment to completed project","04","DOD-OFFICE OF THE SECRETARY OF DEFENSE","OEA9900910012   0000","-","3000","","0","-","3000","04/28/2010","12/01/2008","11/30/2010","project grant  (B)","action-by-action reporting","","","4052500","OKLAHOMA","NORMAN","COMMUNITY ECONOMIC ADJUSTMENT ASSISTANCE FOR ESTABLISHMENT, EXPANSION, REA","DOD-OFFICE OF THE SECRETARY OF DEFENSE","OKLAHOMA","BASE CLOSURE (CL) TO EVALUATE COMMUNITY NEEDS AND CAPABILITIES, AND PROVIDE ADJUSTMENT ASSISTANCE IN RESPONSE TO THE CLOSURE OF THE JOE A. SMALLEY U."
"12.607","SAI NOT AVAILABLE","SAN ANTONIO, CITY OF","65000","SAN ANTONIO","029","BEXAR COUNTY","TEXAS","782833966","Government codes: city or township government","funding adjustment to completed project","90","DOD-OFFICE OF THE SECRETARY OF DEFENSE","OEA9900910066   0000","-","79278","","0","-","79278","05/03/2010","01/01/2007","09/30/2010","project grant  (B)","action-by-action reporting","","","4865000","TEXAS","SAN ANTONIO","COMMUNITY ECONOMIC ADJUSTMENT ASSISTANCE FOR ESTABLISHMENT, EXPANSION, REA","DOD-OFFICE OF THE SECRETARY OF DEFENSE","TEXAS","BASE REALIGNMENT (RA) TO EVALUATE COMMUNITY NEEDS AND CAPABILITIES, AND PROVIDE ADJUSTMENT ASSISTANCE IN RESPONSE TO THE REALIGNMENT OF FORT SAM HOUS"
"12.610","SAI NOT AVAILABLE","DEL RIO, CITY OF","41704","LAUGHLIN AFB","465","VAL VERDE COUNTY","TEXAS","788405502","Government codes: city or township government","funding adjustment to completed project","23","DOD-OFFICE OF THE SECRETARY OF DEFENSE","OEA9900710053   0000","-","3","","0","-","3","05/18/2010","01/01/2007","07/31/2010","project grant  (B)","action-by-action reporting","","","4841704","TEXAS","LAUGHLIN AFB","COMMUNITY ECONOMIC ADJUSTMENT PLANNING ASSISTANCE FOR JOINT LAND USE STUDI","DOD-OFFICE OF THE SECRETARY OF DEFENSE","TEXAS","ENCROACHMENT (EN) TO PROVIDE FINANCIAL AND TECHNICAL ASSISTANCE TO LAUGHLIN AIR FORCE BASE, THE CITY OF DEL RIO AND VAL VERDE COUNTY TEXAS. THIS ASSI"
"12.610","SAI NOT AVAILABLE","THE NATURE CONSERVANCY","03000","ARLINGTON","013","ARLINGTON COUNTY","VIRGINIA","222031637","Nonprofit agencies: other nonprofit","revision (any change in Federal Government's financial obligation or contingent liability in existing assistance transaction - amount of the <u>change</u> in funding)","08","DEFENSE, DEPARTMENT OF (EXCEPT MILITARY DEPARTMENTS)","W911SR0620006   0009","","50000","","0","","50000","04/15/2010","04/15/2010","09/27/2010","cooperative agreement  (B)","action-by-action reporting","","","5324915","WASHINGTON","FORT LEWIS U.S. ARMY","COMMUNITY ECONOMIC ADJUSTMENT PLANNING ASSISTANCE FOR JOINT LAND USE STUDI","DEFENSE, DEPARTMENT OF (EXCEPT MILITARY DEPARTMENTS)","VIRGINIA","ARMY COMPATIBLE USE BUFFERS (ACUBS) IN THE VICINITY OF FT LEWIS-MCCHORD MILITARY INSTALLATION."
"12.610","SAI NOT AVAILABLE","THE NATURE CONSERVANCY","03000","ARLINGTON","013","ARLINGTON COUNTY","VIRGINIA","222031637","Nonprofit agencies: other nonprofit","continuation (funding in succeeding budget period which stemmed from prior agreement to fund - amount of the current action)","08","DEFENSE, DEPARTMENT OF (EXCEPT MILITARY DEPARTMENTS)","W911SR0920001   0003","","1000000","","0","","1000000","04/28/2010","04/28/2010","09/27/2010","cooperative agreement  (B)","action-by-action reporting","","","3724260","NORTH CAROLINA","FORT BRAGG","COMMUNITY ECONOMIC ADJUSTMENT PLANNING ASSISTANCE FOR JOINT LAND USE STUDI","DEFENSE, DEPARTMENT OF (EXCEPT MILITARY DEPARTMENTS)","VIRGINIA","ARMY COMPATIBLE USE BUFFERS IN THE VICINITY OF FT BRAGG MILITARY INSTALLATION"
"12.607","SAI NOT AVAILABLE","PASCO, CITY OF","99021","FRANKLIN COUNTY","021","FRANKLIN COUNTY","WASHINGTON","993015320","Government codes: city or township government","funding adjustment to completed project","04","DOD-OFFICE OF THE SECRETARY OF DEFENSE","OEA9900810086   0000","-","21998","","0","-","21998","06/22/2010","06/01/2008","12/31/2010","project grant  (B)","action-by-action reporting","","","5399021","WASHINGTON","FRANKLIN COUNTY","COMMUNITY ECONOMIC ADJUSTMENT ASSISTANCE FOR ESTABLISHMENT, EXPANSION, REA","DOD-OFFICE OF THE SECRETARY OF DEFENSE","WASHINGTON","BASE CLOSURE (CL) TO EVALUATE COMMUNITY NEEDS AND CAPABILITIES, AND PROVIDE ADJUSTMENT ASSISTANCE IN RESPONSE TO THE CLOSURE OF THE PFC DANIEL L. WAG"
"12.910","SAI NOT AVAILABLE","UNIVERSITY OF WASHINGTON","63000","SEATTLE","033","KING COUNTY","WASHINGTON","981056613","Government codes: State controlled institutions of higher education","continuation (funding in succeeding budget period which stemmed from prior agreement to fund - amount of the current action)","90","DOD-DEFENSE ADVANCED RESEARCH PROJECTS AGENCY","HR00110810085   0004","","2430045","","0","","2430045","06/08/2010","07/11/2008","06/07/2012","project grant  (B)","action-by-action reporting","","","5363000","WASHINGTON","SEATTLE","RESEARCH AND TECHNOLOGY DEVELOPMENT","DOD-DEFENSE ADVANCED RESEARCH PROJECTS AGENCY","WASHINGTON","NEW TECHNOLOGY  FOR INSIDE-OUT DESIGN OF NOVEL ENYME CATAYSTS"
"47.074","SAI EXEMPT","WESLEYAN UNIVERSITY","47290","MIDDLETOWN","007","MIDDLESEX COUNTY","CONNECTICUT","064590241","Private: all other","new assistance action","90","NATIONAL SCIENCE FOUNDATION","DEB-1011503-000","","10000","","0","","10000","05/18/2010","07/01/2010","06/30/2012","project grant  (B)","action-by-action reporting","","","0947290","CONNECTICUT","MIDDLETOWN","BIOLOGICAL SCIENCES","NATIONAL SCIENCE FOUNDATION","CONNECTICUT","DISSERTATION RESEARCH: THE ROLE OF TOXIN COMPLEMENTATION IN HERBIVORE DEFENSE"
"16.523","SAI NOT AVAILABLE","HAWAII DEPARTMENT OF DEFENSE","99003","HONOLULU COUNTY","003","HONOLULU COUNTY","HAWAII","96816","Government codes: State government","new assistance action","90","DOJ-OFFICE OF JUSTICE PROGRAMS","2009JBFX4027","","374700","","0","","374700","05/25/2010","06/01/2009","05/31/2012","project grant  (B)","action-by-action reporting","","","1599003","HAWAII","HONOLULU COUNTY","JUVENILE ACCOUNTABILITY BLOCK GRANTS","DOJ-OFFICE OF JUSTICE PROGRAMS","HAWAII","2009 JUVENILE ACCOUNTABILITY BLOCK GRANT PROGRAM"
"16.523","SAI NOT AVAILABLE","HAWAII DEPARTMENT OF DEFENSE","99003","HONOLULU COUNTY","003","HONOLULU COUNTY","HAWAII","96816","Government codes: State government","new assistance action","90","DOJ-OFFICE OF JUSTICE PROGRAMS","2010JBFX0051","","359400","","0","","359400","06/10/2010","07/01/2010","06/30/2013","project grant  (B)","action-by-action reporting","","","1599003","HAWAII","HONOLULU COUNTY","JUVENILE ACCOUNTABILITY BLOCK GRANTS","DOJ-OFFICE OF JUSTICE PROGRAMS","HAWAII","2010 JUVENILE ACCOUNTABILITY BLOCK GRANT PROGRAM"
"16.523","SAI NOT AVAILABLE","HAWAII DEPARTMENT OF DEFENSE","99003","HONOLULU COUNTY","003","HONOLULU COUNTY","HAWAII","96816","Government codes: State government","new assistance action","90","DOJ-OFFICE OF JUSTICE PROGRAMS","2008JBFX4018","","336000","","0","","336000","05/25/2010","06/01/2008","05/31/2011","project grant  (B)","action-by-action reporting","","","1599003","HAWAII","HONOLULU COUNTY","JUVENILE ACCOUNTABILITY BLOCK GRANTS","DOJ-OFFICE OF JUSTICE PROGRAMS","HAWAII","2008 JUVENILE ACCOUNTABILITY BLOCK GRANT PROGRAM"
"81.113","SAI EXEMPT","NORTHWESTERN UNIVERSITY","24582","EVANSTON","031","COOK COUNTY","ILLINOIS","602081110","Government codes: State controlled institutions of higher education","new assistance action","90","ENERGY, DEPARTMENT OF","DENA0000457     A000","","273000","","0","","273000","05/27/2010","05/27/2010","05/27/2011","project grant  (B)","action-by-action reporting","","","1724582","ILLINOIS","EVANSTON","DEFENSE NUCLEAR NONPROLIFERATION RESEARCH","ENERGY, DEPARTMENT OF","ILLINOIS","TAS::89 0309::TAS"
"97.037","SAI NOT AVAILABLE","INDIANA DEPT OF CIVIL DEFENSE","36000","INDIANAPOLIS","097","MARION COUNTY","INDIANA","46204","Government codes: State government","funding adjustment to completed project","90","DHS-FEDERAL EMERGENCY MANAGEMENT AGENCY","1795DRINTTHP     02","-","4889","","0","-","4889","04/08/2010","09/24/2008","09/30/2008","project grant  (B)","action-by-action reporting","","","1836000","INDIANA","INDIANAPOLIS","DISASTER HOUSING PROGRAM","DHS-FEDERAL EMERGENCY MANAGEMENT AGENCY","INDIANA",""
"97.037","SAI NOT AVAILABLE","INDIANA DEPT OF CIVIL DEFENSE","36000","INDIANAPOLIS","097","MARION COUNTY","INDIANA","46204","Government codes: State government","funding adjustment to completed project","90","DHS-FEDERAL EMERGENCY MANAGEMENT AGENCY","1795DRINTTHP     01","-","49817","","0","-","49817","04/08/2010","09/24/2008","09/30/2008","project grant  (B)","action-by-action reporting","","","1836000","INDIANA","INDIANAPOLIS","DISASTER HOUSING PROGRAM","DHS-FEDERAL EMERGENCY MANAGEMENT AGENCY","INDIANA",""
"97.037","SAI NOT AVAILABLE","INDIANA DEPT OF CIVIL DEFENSE","36000","INDIANAPOLIS","097","MARION COUNTY","INDIANA","46204","Government codes: State government","funding adjustment to completed project","90","DHS-FEDERAL EMERGENCY MANAGEMENT AGENCY","1795DRINTTHP     04","-","10000","","0","-","10000","04/08/2010","09/24/2008","09/30/2008","project grant  (B)","action-by-action reporting","","","1836000","INDIANA","INDIANAPOLIS","DISASTER HOUSING PROGRAM","DHS-FEDERAL EMERGENCY MANAGEMENT AGENCY","INDIANA",""
"81.113","SAI EXEMPT","PURDUE UNIVERSITY","40788","LAFAYETTE","157","TIPPECANOE COUNTY","INDIANA","479072114","Government codes: State controlled institutions of higher education","new assistance action","04","ENERGY, DEPARTMENT OF","DENA0000463     A000","","842880","","0","","842880","06/15/2010","06/15/2010","06/14/2011","project grant  (B)","action-by-action reporting","","","1882862","INDIANA","WEST LAFAYETTE","DEFENSE NUCLEAR NONPROLIFERATION RESEARCH","ENERGY, DEPARTMENT OF","INDIANA","TAS::89 0309::TAS LASER ABLATION (PDP10-38)"
"81.113","SAI EXEMPT","MASSACHUSETTS INSTITUTE OF TECHNOLOGY","11000","CAMBRIDGE","017","MIDDLESEX COUNTY","MASSACHUSETTS","021390000","Private: private higher education","funding adjustment to completed project","90","ENERGY, DEPARTMENT OF","FG52-05NA26011  A003","-","778","","0","-","778","04/12/2010","11/10/2004","04/30/2006","project grant  (B)","action-by-action reporting","","","2511000","MASSACHUSETTS","CAMBRIDGE","DEFENSE NUCLEAR NONPROLIFERATION RESEARCH","ENERGY, DEPARTMENT OF","MASSACHUSETTS","IMPLOSION DYNAMICS AND SYMMETRY FROM PROTON IMAGING"
"97.037","SAI NOT AVAILABLE","CIVIL DEFENSE AGENCY","28000","LINCOLN","109","LANCASTER COUNTY","NEBRASKA","68508","Government codes: State government","new assistance action","01","DHS-FEDERAL EMERGENCY MANAGEMENT AGENCY","1770DRNETTHP     01","","10724","","0","","10724","06/02/2010","06/25/2008","09/30/2008","project grant  (B)","action-by-action reporting","","","3128000","NEBRASKA","LINCOLN","DISASTER HOUSING PROGRAM","DHS-FEDERAL EMERGENCY MANAGEMENT AGENCY","NEBRASKA",""
"81.113","SAI EXEMPT","UNIVERSITY OF NEVADA SYSTEM","60600","RENO","031","WASHOE COUNTY","NEVADA","895570001","Government codes: State controlled institutions of higher education","funding adjustment to completed project","02","ENERGY, DEPARTMENT OF","FG52-04NA29395  A003","-","65741","","0","-","65741","05/27/2010","06/29/2004","06/30/2007","project grant  (B)","action-by-action reporting","","","3260600","NEVADA","RENO","DEFENSE NUCLEAR NONPROLIFERATION RESEARCH","ENERGY, DEPARTMENT OF","NEVADA","GRANT"
"81.113","SAI EXEMPT","UNIVERSITY OF RICHMOND","67000","RICHMOND","760","RICHMOND","VIRGINIA","231730000","Government codes: State controlled institutions of higher education","funding adjustment to completed project","90","ENERGY, DEPARTMENT OF","FG52-05NA25929  A004","-","57034","","0","-","57034","04/06/2010","11/22/2004","04/30/2008","project grant  (B)","action-by-action reporting","","","5167000","VIRGINIA","RICHMOND","DEFENSE NUCLEAR NONPROLIFERATION RESEARCH","ENERGY, DEPARTMENT OF","VIRGINIA","NUCLEAR STEWARDSHIP RESEARCH"
"12.800","SAI NOT AVAILABLE","AUBURN UNIVERSITY","03076","AUBURN","081","LEE COUNTY","ALABAMA","368490001","Government codes: State controlled institutions of higher education","new assistance action","03","AIR FORCE-AIR FORCE, DEPARTMENT OF THE (HEADQUARTERS, USAF)","FA86511010006","","40000","","0","","40000","04/22/2010","04/22/2010","12/31/2010","project grant  (B)","action-by-action reporting","","","0103076","ALABAMA","AUBURN","AIR FORCE DEFENSE RESEARCH SCIENCES PROGRAM","AIR FORCE-AIR FORCE, DEPARTMENT OF THE (HEADQUARTERS, USAF)","ALABAMA","TAS #573600 "DEVELOPMENT OF AN ACQUISITION-GUIDANCE SYSTEM FOR AUTONOMOUS MUNITIONS""
"12.800","SAI NOT AVAILABLE","UNIVERSITY OF ARIZONA","77000","TUCSON","019","PIMA COUNTY","ARIZONA","857210001","Government codes: State controlled institutions of higher education","new assistance action","90","AIR FORCE-AIR FORCE, DEPARTMENT OF THE (HEADQUARTERS, USAF)","FA95501010282","","171768","","0","","171768","06/02/2010","06/01/2010","11/30/2011","project grant  (B)","action-by-action reporting","","","0477000","ARIZONA","TUCSON","AIR FORCE DEFENSE RESEARCH SCIENCES PROGRAM","AIR FORCE-AIR FORCE, DEPARTMENT OF THE (HEADQUARTERS, USAF)","ARIZONA","TAS::57 3600::TAS "(DURIP 10) DEVELOPMENT OF HIGH-INTENSITY INFRARED FIBER LASER MATERIALS""
"12.800","SAI NOT AVAILABLE","UNIVERSITY OF ARIZONA","77000","TUCSON","019","PIMA COUNTY","ARIZONA","857210001","Government codes: State controlled institutions of higher education","new assistance action","90","AIR FORCE-AIR FORCE, DEPARTMENT OF THE (HEADQUARTERS, USAF)","FA86511010010","","80000","","0","","80000","06/29/2010","06/29/2010","06/30/2011","project grant  (B)","action-by-action reporting","","","0477000","ARIZONA","TUCSON","AIR FORCE DEFENSE RESEARCH SCIENCES PROGRAM","AIR FORCE-AIR FORCE, DEPARTMENT OF THE (HEADQUARTERS, USAF)","ARIZONA","TAS #573600--SUPPLEMENT TO THE INSECT BRAIN CONNECTOME ENTITLED "ANALYSIS OF THE DESCENDING NEURONS""
"12.800","SAI NOT AVAILABLE","UNIVERSITY OF ARIZONA","77000","TUCSON","019","PIMA COUNTY","ARIZONA","857210001","Government codes: State controlled institutions of higher education","new assistance action","90","AIR FORCE-AIR FORCE, DEPARTMENT OF THE (HEADQUARTERS, USAF)","FA95501010200","","128000","","0","","128000","05/04/2010","05/01/2010","04/30/2013","project grant  (B)","action-by-action reporting","","","0477000","ARIZONA","TUCSON","AIR FORCE DEFENSE RESEARCH SCIENCES PROGRAM","AIR FORCE-AIR FORCE, DEPARTMENT OF THE (HEADQUARTERS, USAF)","ARIZONA","TAS::57 3600::TAS "PERIDYNAMIC MODELING OF FRACTURE AND FAILURE OF MATERIALS""
"12.800","SAI NOT AVAILABLE","UNIVERSITY OF ARIZONA","77000","TUCSON","019","PIMA COUNTY","ARIZONA","857210001","Government codes: State controlled institutions of higher education","new assistance action","90","AIR FORCE-AIR FORCE, DEPARTMENT OF THE (HEADQUARTERS, USAF)","FA95501010207","","220000","","0","","220000","04/30/2010","05/01/2010","04/30/2015","project grant  (B)","action-by-action reporting","","","0477000","ARIZONA","TUCSON","AIR FORCE DEFENSE RESEARCH SCIENCES PROGRAM","AIR FORCE-AIR FORCE, DEPARTMENT OF THE (HEADQUARTERS, USAF)","ARIZONA","TAS::57 3600::TAS  "DEVELOPMENT OF NEW PHOTOREFEACTIVE POLYMER MATERIALS""
"12.800","SAI NOT AVAILABLE","UNIVERSITY OF ARKANSAS SYSTEM","23290","FAYETTEVILLE","143","WASHINGTON COUNTY","ARKANSAS","727014036","Government codes: State controlled institutions of higher education","new assistance action","03","AIR FORCE-AIR FORCE, DEPARTMENT OF THE (HEADQUARTERS, USAF)","FA95501010136","","158003","","375000","","533003","04/08/2010","04/15/2010","04/14/2015","project grant  (B)","action-by-action reporting","","","0523290","ARKANSAS","FAYETTEVILLE","AIR FORCE DEFENSE RESEARCH SCIENCES PROGRAM","AIR FORCE-AIR FORCE, DEPARTMENT OF THE (HEADQUARTERS, USAF)","ARKANSAS","TAS::57 3600::TAS "FUNCTIONALIZATION OF SEMICONDUCTOR NANOMATERIALS FOR OPTOELECTRONIC DEVICE AND COMPONENTS""
"47.079","SAI EXEMPT","D, SHIZUKA","69112","SANTA CRUZ","087","SANTA CRUZ COUNTY","CALIFORNIA","950641077","Private: individual","new assistance action","90","NATIONAL SCIENCE FOUNDATION","OIS-1015073-000","","5617","","0","","5617","06/07/2010","06/01/2010","05/31/2011","project grant  (B)","action-by-action reporting","","","0669112","CALIFORNIA","SANTA CRUZ","INTERNATIONAL SCIENCE AND ENGINEERING (OISE)","NATIONAL SCIENCE FOUNDATION","CALIFORNIA","EAPSI:  HOST DEFENSE AGAINST AVIAN BROOD PARASITES: TWO MISSING PIECES OF AN EVOLUTIONARY PUZZLE"
"12.800","SAI NOT AVAILABLE","THE REGENTS OF THE UNIVERSITY","06000","BERKELEY","001","ALAMEDA COUNTY","CALIFORNIA","947201502","Government codes: State controlled institutions of higher education","new assistance action","90","AIR FORCE-AIR FORCE, DEPARTMENT OF THE (HEADQUARTERS, USAF)","FA95501010290","","197492","","0","","197492","06/10/2010","06/15/2010","06/14/2013","project grant  (B)","action-by-action reporting","","","0606000","CALIFORNIA","BERKELEY","AIR FORCE DEFENSE RESEARCH SCIENCES PROGRAM","AIR FORCE-AIR FORCE, DEPARTMENT OF THE (HEADQUARTERS, USAF)","CALIFORNIA","TAS::57 3600::TAS "BIOLOGY OF MEMRISTOR MINDS,""
"12.800","SAI NOT AVAILABLE","CALIFORNIA INSTITUTE OF TECHNO","56000","PASADENA","037","LOS ANGELES COUNTY","CALIFORNIA","911250001","Private: private higher education","new assistance action","90","AIR FORCE-AIR FORCE, DEPARTMENT OF THE (HEADQUARTERS, USAF)","FA95501010166","","60000","","0","","60000","04/21/2010","05/01/2010","04/30/2013","project grant  (B)","action-by-action reporting","","","0656000","CALIFORNIA","PASADENA","AIR FORCE DEFENSE RESEARCH SCIENCES PROGRAM","AIR FORCE-AIR FORCE, DEPARTMENT OF THE (HEADQUARTERS, USAF)","CALIFORNIA","TAS::57 3600::TAS "(YIP-10) ROBUST NETWORK TRANSMISSION AND STORAGE USING CODING""
"12.800","SAI NOT AVAILABLE","UNIVERSITY OF SOUTHERN CALIFOR","44000","LOS ANGELES","037","LOS ANGELES COUNTY","CALIFORNIA","900890001","Private: private higher education","new assistance action","90","AIR FORCE-AIR FORCE, DEPARTMENT OF THE (HEADQUARTERS, USAF)","FA95501010369","","10000","","0","","10000","06/28/2010","07/01/2010","12/31/2010","project grant  (B)","action-by-action reporting","","","0644000","CALIFORNIA","LOS ANGELES","AIR FORCE DEFENSE RESEARCH SCIENCES PROGRAM","AIR FORCE-AIR FORCE, DEPARTMENT OF THE (HEADQUARTERS, USAF)","CALIFORNIA","TAS::57 3600::TAS "CONFERENCE SUPPORT:  SCHOOL ON "SHELL EFFECTS IN FINITE QUANTUM SYSTEMS""
"12.800","SAI NOT AVAILABLE","UNIVERSITY OF SOUTHERN CALIFOR","44000","LOS ANGELES","037","LOS ANGELES COUNTY","CALIFORNIA","900890001","Private: private higher education","new assistance action","90","AIR FORCE-AIR FORCE, DEPARTMENT OF THE (HEADQUARTERS, USAF)","FA95501010357","","60000","","0","","60000","06/28/2010","07/01/2010","06/30/2013","project grant  (B)","action-by-action reporting","","","0644000","CALIFORNIA","LOS ANGELES","AIR FORCE DEFENSE RESEARCH SCIENCES PROGRAM","AIR FORCE-AIR FORCE, DEPARTMENT OF THE (HEADQUARTERS, USAF)","CALIFORNIA","TAS::57 3600::TAS "POLYNITROGEN CHEMISTRY""
"12.800","SAI NOT AVAILABLE","UNIVERSITY OF SOUTHERN CALIFOR","44000","LOS ANGELES","037","LOS ANGELES COUNTY","CALIFORNIA","900890001","Private: private higher education","new assistance action","90","AIR FORCE-AIR FORCE, DEPARTMENT OF THE (HEADQUARTERS, USAF)","FA95501010307","","110232","","0","","110232","06/15/2010","06/15/2010","06/14/2013","project grant  (B)","action-by-action reporting","","","0644000","CALIFORNIA","LOS ANGELES","AIR FORCE DEFENSE RESEARCH SCIENCES PROGRAM","AIR FORCE-AIR FORCE, DEPARTMENT OF THE (HEADQUARTERS, USAF)","CALIFORNIA","TAS::57 3600::TAS "DISTRIBUTED CONTROL AND INFORMATION FUSION OVER COMMUNICATION NETWORKS""
"12.800","SAI NOT AVAILABLE","LELAND STANFORD JUNIOR UNIVERS","73906","STANFORD","085","SANTA CLARA COUNTY","CALIFORNIA","943057209","Private: private higher education","new assistance action","90","AIR FORCE-AIR FORCE, DEPARTMENT OF THE (HEADQUARTERS, USAF)","FA95501010227","","150000","","0","","150000","05/06/2010","05/15/2010","05/14/2013","project grant  (B)","action-by-action reporting","","","0673906","CALIFORNIA","STANFORD","AIR FORCE DEFENSE RESEARCH SCIENCES PROGRAM","AIR FORCE-AIR FORCE, DEPARTMENT OF THE (HEADQUARTERS, USAF)","CALIFORNIA","TAS::57 3600::TAS "CERAMICS FOR HIGH-POWER LASERS""
"12.800","SAI NOT AVAILABLE","LELAND STANFORD JUNIOR UNIVERS","73906","STANFORD","085","SANTA CLARA COUNTY","CALIFORNIA","943057209","Government codes: State controlled institutions of higher education","new assistance action","90","AIR FORCE-AIR FORCE, DEPARTMENT OF THE (HEADQUARTERS, USAF)","FA95501010264","","123750","","0","","123750","06/09/2010","06/15/2010","05/31/2013","project grant  (B)","action-by-action reporting","","","0673906","CALIFORNIA","STANFORD","AIR FORCE DEFENSE RESEARCH SCIENCES PROGRAM","AIR FORCE-AIR FORCE, DEPARTMENT OF THE (HEADQUARTERS, USAF)","CALIFORNIA","TAS :: 57 3600 :: TAS"INTEGRATED PLASMONIC NANOCIRCUITS""
"12.800","SAI NOT AVAILABLE","LELAND STANFORD JUNIOR UNIVERS","73906","STANFORD","085","SANTA CLARA COUNTY","CALIFORNIA","943057209","Private: private higher education","new assistance action","90","AIR FORCE-AIR FORCE, DEPARTMENT OF THE (HEADQUARTERS, USAF)","FA95501010124","","75000","","0","","75000","04/29/2010","08/15/2010","08/14/2013","project grant  (B)","action-by-action reporting","","","0673906","CALIFORNIA","STANFORD","AIR FORCE DEFENSE RESEARCH SCIENCES PROGRAM","AIR FORCE-AIR FORCE, DEPARTMENT OF THE (HEADQUARTERS, USAF)","CALIFORNIA","TAS::57 3600::TAS "LIMITS ON FLOW OF INFORMATION AND DEPENDENCE IN NETWORKS""
"81.113","SAI EXEMPT","SCIENCE APPLICATIONS INTL CORP","66000","SAN DIEGO","073","SAN DIEGO COUNTY","CALIFORNIA","921210000","Private: profit organization","funding adjustment to completed project","90","ENERGY, DEPARTMENT OF","FC52-02SF22676  A003","-","1201","","0","-","1201","05/27/2010","09/20/2002","12/30/2004","cooperative agreement  (B)","action-by-action reporting","","","0666000","CALIFORNIA","SAN DIEGO","DEFENSE NUCLEAR NONPROLIFERATION RESEARCH","ENERGY, DEPARTMENT OF","CALIFORNIA","ROA02-15 THE PHYSCIAL BASIS O F LG GENERATION BY EXPLOSION"
"81.113","SAI EXEMPT","UNIVERSITY OF CALIFORNIA, SAN DIEGO","66000","SAN DIEGO","073","SAN DIEGO COUNTY","CALIFORNIA","920930000","Nonprofit agencies: other nonprofit","new assistance action","90","ENERGY, DEPARTMENT OF","DENA0000413     A000","","165000","","0","","165000","05/13/2010","05/13/2010","04/30/2011","project grant  (B)","action-by-action reporting","","","0666000","CALIFORNIA","SAN DIEGO","DEFENSE NUCLEAR NONPROLIFERATION RESEARCH","ENERGY, DEPARTMENT OF","CALIFORNIA","TAS::89 0309::TAS UNIVERSITY OF CALIFORNIA, SAN DIEGO, PUBLIC POLICY AND NUCLEAR THREATS TRAINING PROGRAM"
"81.113","SAI EXEMPT","NAUTILUS OF AMERICA, INC","67000","SAN FRANCISCO","075","SAN FRANCISCO COUNTY","CALIFORNIA","941170000","Nonprofit agencies: other nonprofit","continuation (funding in succeeding budget period which stemmed from prior agreement to fund - amount of the current action)","90","ENERGY, DEPARTMENT OF","FG52-09NA29491  A001","","100000","","0","","100000","06/15/2010","09/25/2009","09/29/2011","project grant  (B)","action-by-action reporting","","","0667000","CALIFORNIA","SAN FRANCISCO","DEFENSE NUCLEAR NONPROLIFERATION RESEARCH","ENERGY, DEPARTMENT OF","CALIFORNIA","THE ASIAN ENERGY SECURITY PROJECT 2006"
"47.050","SAI EXEMPT","UCAR","07850","BOULDER","013","BOULDER COUNTY","COLORADO","803055602","Private: all other","continuation (funding in succeeding budget period which stemmed from prior agreement to fund - amount of the current action)","90","NATIONAL SCIENCE FOUNDATION","AGS-0936097-004","","142575","","0","","142575","06/14/2010","10/01/2008","09/30/2013","cooperative agreement  (B)","action-by-action reporting","","","0807850","COLORADO","BOULDER","GEOSCIENCES","NATIONAL SCIENCE FOUNDATION","COLORADO","DEFENSE THREAT REDUCTION AGENCY (DTRA) SUPPORT FOR NCAR ACTIVITIES (2008-2013)"
"12.800","SAI NOT AVAILABLE","UNIVERSITY OF COLORADO","07850","BOULDER","013","BOULDER COUNTY","COLORADO","803090001","Government codes: State controlled institutions of higher education","new assistance action","90","AIR FORCE-AIR FORCE, DEPARTMENT OF THE (HEADQUARTERS, USAF)","FA95501010374","","60000","","0","","60000","06/29/2010","07/01/2010","06/30/2013","project grant  (B)","action-by-action reporting","","","0807850","COLORADO","BOULDER","AIR FORCE DEFENSE RESEARCH SCIENCES PROGRAM","AIR FORCE-AIR FORCE, DEPARTMENT OF THE (HEADQUARTERS, USAF)","COLORADO","TAS::57 3600::TAS "EXTREMS IN OXIDIZING POWER, ACIDITY, AND BASICITY""
"12.800","SAI NOT AVAILABLE","UNIVERSITY OF COLORADO","20000","DENVER","031","DENVER COUNTY","COLORADO","803090001","Government codes: State controlled institutions of higher education","new assistance action","01","AIR FORCE-AIR FORCE, DEPARTMENT OF THE (HEADQUARTERS, USAF)","FA95501010203","","71414","","0","","71414","04/29/2010","06/01/2010","05/31/2013","project grant  (B)","action-by-action reporting","","","0820000","COLORADO","DENVER","AIR FORCE DEFENSE RESEARCH SCIENCES PROGRAM","AIR FORCE-AIR FORCE, DEPARTMENT OF THE (HEADQUARTERS, USAF)","COLORADO","TAS::57 3600::TAS "ALKALINE-EARTH ATOMS AS QUANTUM SIMULATORS OF MANY-BODY HAMILTONIANS""
"12.800","SAI NOT AVAILABLE","CONNECTICUT COLLEGE","52280","NEW LONDON","011","NEW LONDON COUNTY","CONNECTICUT","063204150","Private: private higher education","new assistance action","02","AIR FORCE-AIR FORCE, DEPARTMENT OF THE (HEADQUARTERS, USAF)","FA95501010174","","75000","","0","","75000","04/23/2010","05/01/2010","04/30/2013","project grant  (B)","action-by-action reporting","","","0952280","CONNECTICUT","NEW LONDON","AIR FORCE DEFENSE RESEARCH SCIENCES PROGRAM","AIR FORCE-AIR FORCE, DEPARTMENT OF THE (HEADQUARTERS, USAF)","CONNECTICUT","TAS::57 3600::TAS "DEVELOPMENT AND CHARACTERIZATION OF NOVEL BIOLUMINESCENT SYSTEMS""
"11.611","EXE","DEMEP DELAWARE TECHNICAL AND COMMUNITY COLLEG","50670","NEWARK","003","NEW CASTLE COUNTY","DELAWARE","19713","Government codes: State controlled institutions of higher education","new assistance action","00","DEPT. OF COMM. - NAT'L INSTITUTE OF STANDARDS & TECHNOLOGY","70NANB10H143    0","","10000","","0","","10000","06/16/2010","05/01/2010","07/31/2010","cooperative agreement  (B)","action-by-action reporting","","","1050670","DELAWARE","NEWARK","MANUFACTURING EXTENSION PARTNERSHIP","DEPT. OF COMM. - NAT'L INSTITUTE OF STANDARDS & TECHNOLOGY","DELAWARE","SUPPLIER SCOUTING AND DEVELOPMENT SUPPORT FOR DEFENSE LOGISTICS AGENCY (DLA)"
