"CFDA PROGRAM NUMBER","STATE APPLICATION IDENTIFIER (SAI NUMBER)","RECIPIENT NAME","RECIPIENT CITY CODE","RECIPIENT CITY NAME","RECIPIENT COUNTY CODE","RECIPIENT COUNTY NAME","RECIPIENT STATE CODE","RECIPIENT ZIP CODE","TYPE OF RECIPIENT","TYPE OF ACTION","RECIPIENT CONGRESSIONAL DISTRICT","FEDERAL AGENCY/ORGANIZATIONAL UNIT CODE","FEDERAL AWARD IDENTIFIER NUMBER","FEDERAL FUNDING SIGN","FEDERAL FUNDING AMOUNT","NON-FEDERAL FUNDING SIGN","NON-FEDERAL FUNDING AMOUNT","TOTAL FUNDING SIGN","TOTAL FUNDING AMOUNT","OBLIGATION ACTION DATE","STARTING DATE","ENDING DATE","TYPE OF ASSISTANCE TRANSACTION","RECORD TYPE","CORRECTION/LATE INDICATOR ","FISCAL YEAR AND QUARTER CORRECTION","PRINCIPAL PLACE OF PERFORMANCE CODE","PRINCIPAL PLACE OF PERFORMANCE: STATE","PRINCIPAL PLACE OF PERFORMANCE: COUNTY OR CITY","CFDA PROGRAM TITLE","FEDERAL AGENCY NAME","STATE NAME FOR RECIPIENT","PROJECT DESCRIPTION"
"12.800","SAI NOT AVAILABLE","THE REGENTS OF THE UNIVERSITY","36770","IRVINE","059","ORANGE COUNTY","CALIFORNIA","926970001","Government codes: State controlled institutions of higher education","new assistance action","90","DEFENSE, DEPARTMENT OF (EXCEPT MILITARY DEPARTMENTS)","FA95501010538","","999752","","0","","999752","09/22/2010","09/30/2010","06/30/2011","project grant  (B)","action-by-action reporting","","","0636770","CALIFORNIA","IRVINE","AIR FORCE DEFENSE RESEARCH SCIENCES PROGRAM","DEFENSE, DEPARTMENT OF (EXCEPT MILITARY DEPARTMENTS)","CALIFORNIA","TAS::97 0130::TAS "ADVANCED OPTICAL TECHNOLOGIES FOR DEFENSE TRAUMA AND CRITICAL CARE""
"12.800","SAI NOT AVAILABLE","CALIFORNIA INSTITUTE OF TECHNO","56000","PASADENA","037","LOS ANGELES COUNTY","CALIFORNIA","911250001","Private: private higher education","new assistance action","90","DEFENSE, DEPARTMENT OF (EXCEPT MILITARY DEPARTMENTS)","FA95501010368","","600000","","0","","600000","07/01/2010","07/01/2010","06/30/2011","project grant  (B)","action-by-action reporting","","","0656000","CALIFORNIA","PASADENA","AIR FORCE DEFENSE RESEARCH SCIENCES PROGRAM","DEFENSE, DEPARTMENT OF (EXCEPT MILITARY DEPARTMENTS)","CALIFORNIA","TAS::57 3600::TAS "NDEP/NSSEFF - REVERSE ENGINEERING OF INSECT FLIGHT""
"12.350","SAI NOT AVAILABLE","PROJECT CONCERN INTERNATIONAL","66000","SAN DIEGO","073","SAN DIEGO COUNTY","CALIFORNIA","921234339","Nonprofit agencies: other nonprofit","new assistance action","90","DOD-DEFENSE CONTRACT MANAGEMENT AGENCY","N002441010056","","1198431","","0","","1198431","07/13/2010","07/13/2010","07/12/2013","project grant  (B)","action-by-action reporting","","","0666000","CALIFORNIA","SAN DIEGO","DEPARTMENT OF DEFENSE HIV/AIDS PREVENTION PROGRAM","DOD-DEFENSE CONTRACT MANAGEMENT AGENCY","CALIFORNIA","PEPFAR ZAMBIA AIDS RELIEF"
"12.800","SAI NOT AVAILABLE","GEORGIA TECH RESEARCH CORPORAT","04000","ATLANTA","121","FULTON COUNTY","GEORGIA","303320001","Government codes: State controlled institutions of higher education","new assistance action","90","DEFENSE, DEPARTMENT OF (EXCEPT MILITARY DEPARTMENTS)","FA95501010367","","500000","","0","","500000","07/01/2010","07/01/2010","06/30/2011","project grant  (B)","action-by-action reporting","","","1304000","GEORGIA","ATLANTA","AIR FORCE DEFENSE RESEARCH SCIENCES PROGRAM","DEFENSE, DEPARTMENT OF (EXCEPT MILITARY DEPARTMENTS)","GEORGIA","TAS::57 3600::TAS "NDEP/NSSEFF - EPITAXIAL GRAPHENE QUANTUM ELECTRONICS""
"12.750","SAI NOT AVAILABLE","HENRY M JACKSON FOUNDATION FOR","07125","BETHESDA","031","MONTGOMERY COUNTY","MARYLAND","208521402","Government codes: State controlled institutions of higher education","new assistance action","90","DEFENSE, DEPARTMENT OF (EXCEPT MILITARY DEPARTMENTS)","HU00011010007","","1096834","","0","","1096834","07/26/2010","08/01/2010","07/31/2011","project grant  (B)","action-by-action reporting","","","2407125","MARYLAND","BETHESDA","DOD MEDICAL RESEARCH, CONSULTATION AND EDUCATION PROGRAMS","DEFENSE, DEPARTMENT OF (EXCEPT MILITARY DEPARTMENTS)","MARYLAND","DEFENSE MEDICAL LANGUAGE INITIATIVE"
"12.800","SAI NOT AVAILABLE","REGENTS OF THE UNIVERSITY OF M","03000","ANN ARBOR","161","WASHTENAW COUNTY","MICHIGAN","481091340","Government codes: State controlled institutions of higher education","new assistance action","90","DEFENSE, DEPARTMENT OF (EXCEPT MILITARY DEPARTMENTS)","FA95501010550","","90000","","0","","90000","09/24/2010","09/30/2010","03/29/2011","project grant  (B)","action-by-action reporting","","","2603000","MICHIGAN","ANN ARBOR","AIR FORCE DEFENSE RESEARCH SCIENCES PROGRAM","DEFENSE, DEPARTMENT OF (EXCEPT MILITARY DEPARTMENTS)","MICHIGAN","TAS::57 3600::TAS "DIGITAL QUANTUM SIMULATORS""
"12.614","SAI NOT AVAILABLE","CASCADE COUNTY","59875","PROCTOR","047","LAKE COUNTY","MONTANA","594012517","Government codes: county government","new assistance action","00","DOD-OFFICE OF THE SECRETARY OF DEFENSE","HQ00051010075","","81180","","0","","81180","07/30/2010","08/01/2010","12/31/2011","project grant  (B)","action-by-action reporting","","","3059875","MONTANA","PROCTOR","COMMUNITY ECONOMIC ADJUSTMENT DIVERSIFICATION PLANNING","DOD-OFFICE OF THE SECRETARY OF DEFENSE","MONTANA","DEFENSE DIVERSIFICATION (DD) TO EVALUATE THE NEED FOR AND POSSIBLY PROVIDE DIVERSIFICATION PLANNING ASSISTANCE TO THE SWEETGRASS REGION, MONTANA. THI"
"12.599","SAI NOT AVAILABLE","INSITECH-MTAC CORPORATION","60900","PRINCETON","021","MERCER COUNTY","NEW JERSEY","085406449","Nonprofit agencies: other nonprofit","new assistance action","90","DEFENSE, DEPARTMENT OF (EXCEPT MILITARY DEPARTMENTS)","HQ00341010005","","2955000","","0","","2955000","09/01/2010","09/01/2010","02/29/2012","project grant  (B)","action-by-action reporting","","","3460900","NEW JERSEY","PRINCETON","CONGRESSIONALLY DIRECTED ASSISTANCE","DEFENSE, DEPARTMENT OF (EXCEPT MILITARY DEPARTMENTS)","NEW JERSEY","TO FUNDING FOR PROJECTS IN BUSINESS FOCUS AREAS SUCH AS C4ISR, HOMELAND DEFENSE, AND OTHER AREAS THAT PROVIDE JOB GROWTH"
"12.350","SAI NOT AVAILABLE","CICATELLI ASSOCIATES, INC","51000","NEW YORK","061","NEW YORK COUNTY","NEW YORK","100186505","Nonprofit agencies: other nonprofit","new assistance action","90","DOD-DEFENSE CONTRACT MANAGEMENT AGENCY","N002441010075","","109230","","0","","109230","09/15/2010","09/15/2010","09/16/2011","project grant  (B)","action-by-action reporting","","","3651000","NEW YORK","NEW YORK","DEPARTMENT OF DEFENSE HIV/AIDS PREVENTION PROGRAM","DOD-DEFENSE CONTRACT MANAGEMENT AGENCY","NEW YORK","PEPFAR BAHAMAS AIDS RELIEF"
"12.350","SAI NOT AVAILABLE","CHURCH WORLD SERVICE, INC","48725","MOTTVILLE","067","ONONDAGA COUNTY","NEW YORK","101150073","Nonprofit agencies: other nonprofit","new assistance action","25","DOD-DEFENSE CONTRACT MANAGEMENT AGENCY","N002441010066","","102576","","0","","102576","08/10/2010","08/10/2010","08/09/2013","project grant  (B)","action-by-action reporting","","","3648725","NEW YORK","MOTTVILLE","DEPARTMENT OF DEFENSE HIV/AIDS PREVENTION PROGRAM","DOD-DEFENSE CONTRACT MANAGEMENT AGENCY","NEW YORK","PEPFAR EAST TIMOR AIDS RELIEF"
"12.800","SAI NOT AVAILABLE","GORDON RESEARCH CONFERENCES IN","78080","WEST KINGSTON","009","WASHINGTON COUNTY","RHODE ISLAND","028921502","Nonprofit agencies: other nonprofit","new assistance action","02","DEFENSE, DEPARTMENT OF (EXCEPT MILITARY DEPARTMENTS)","FA95501010531","","12000","","0","","12000","09/16/2010","09/30/2010","03/30/2011","project grant  (B)","action-by-action reporting","","","4478080","RHODE ISLAND","WEST KINGSTON","AIR FORCE DEFENSE RESEARCH SCIENCES PROGRAM","DEFENSE, DEPARTMENT OF (EXCEPT MILITARY DEPARTMENTS)","RHODE ISLAND","TAS::97 0400::TAS "2011 GASEOUS IONS GRC""
"12.910","SAI NOT AVAILABLE","PORTLAND STATE UNIVERSITY","59000","PORTLAND","051","MULTNOMAH COUNTY","OREGON","972013218","Government codes: State controlled institutions of higher education","new assistance action","90","DOD-DEFENSE ADVANCED RESEARCH PROJECTS AGENCY","HR00111010069","","187046","","0","","187046","07/01/2010","07/01/2010","06/30/2011","project grant  (B)","action-by-action reporting","","","4159000","OREGON","PORTLAND","RESEARCH AND TECHNOLOGY DEVELOPMENT","DOD-DEFENSE ADVANCED RESEARCH PROJECTS AGENCY","OREGON","FLEET STUDIES"
"12.600","SAI NOT AVAILABLE","FRONTERA LAND ALLIANCE THE","24000","EL PASO","141","EL PASO COUNTY","TEXAS","799021512","Private: all other","new assistance action","90","DOD-OFFICE OF THE SECRETARY OF DEFENSE","HQ00051010088","","300000","","0","","300000","09/10/2010","09/01/2010","02/29/2012","project grant  (B)","action-by-action reporting","","","4824000","TEXAS","EL PASO","COMMUNITY ECONOMIC ADJUSTMENT","DOD-OFFICE OF THE SECRETARY OF DEFENSE","TEXAS","SPECIAL PROGRAMS (SP)"
"12.630","SAI NOT AVAILABLE","VERSAR INC","74592","SPRINGFIELD","059","FAIRFAX COUNTY","VIRGINIA","221514175","Private: small business","new assistance action","90","DOD-DEFENSE CONTRACT MANAGEMENT AGENCY","W9132T1020031","","80383","","0","","80383","07/12/2010","07/13/2010","05/31/2011","cooperative agreement  (B)","action-by-action reporting","","","5174592","VIRGINIA","SPRINGFIELD","BASIC APPLIED AND ADVANCED RESEARCH IN SCIENCE AND ENGINEERING","DOD-DEFENSE CONTRACT MANAGEMENT AGENCY","VIRGINIA","LEGACY PROPOSAL:  PRIORITIZING SITE TREATMENT ACTIONS"
"12.800","SAI NOT AVAILABLE","REGENTS OF THE UNIVERSITY OF C","18100","DAVIS","113","YOLO COUNTY","CALIFORNIA","956186134","Government codes: State controlled institutions of higher education","new assistance action","90","DEFENSE, DEPARTMENT OF (EXCEPT MILITARY DEPARTMENTS)","FA95501010512","","15000","","0","","15000","08/25/2010","09/01/2010","08/31/2011","project grant  (B)","action-by-action reporting","","","0618100","CALIFORNIA","DAVIS","AIR FORCE DEFENSE RESEARCH SCIENCES PROGRAM","DEFENSE, DEPARTMENT OF (EXCEPT MILITARY DEPARTMENTS)","CALIFORNIA","TAS::97 0130::TAS "2ND INTERNATIONAL CONGRESS ON BIOPHOTONICS (ICOB-2)" DATED 14 JUNE 2010; THE RESEARCH TERMS AND CONDITIONS, 1 JULY 2008"
"12.607","SAI NOT AVAILABLE","LOWRY REDEVELOPMENT AUTHORITY","00885","AIR FORCE ACCOUNTING","031","DENVER COUNTY","COLORADO","802306917","Private: all other","new assistance action","01","DOD-OFFICE OF THE SECRETARY OF DEFENSE","HQ00051010091","","359132","","0","","359132","09/13/2010","09/01/2010","08/31/2011","project grant  (B)","action-by-action reporting","","","0800885","COLORADO","AIR FORCE ACCOUNTING","COMMUNITY ECONOMIC ADJUSTMENT ASSISTANCE FOR ESTABLISHMENT, EXPANSION, REA","DOD-OFFICE OF THE SECRETARY OF DEFENSE","COLORADO","BASE CLOSURE (CL) TO EVALUATE COMMUNITY NEEDS AND CAPABILITIES, AND PROVIDE ASSISTANCE TO MITIGATE THE RECOMMENDATIONS OF THE 2005 DEFENSE BASE CLOSU"
"12.607","SAI NOT AVAILABLE","FOREST PARK CITY OF","30830","FORT GILLEM (U S","063","CLAYTON COUNTY","GEORGIA","302972209","Government codes: city or township government","new assistance action","90","DOD-OFFICE OF THE SECRETARY OF DEFENSE","HQ00051010065","","351005","","0","","351005","07/08/2010","07/01/2010","06/30/2011","project grant  (B)","action-by-action reporting","","","1330830","GEORGIA","FORT GILLEM (U S","COMMUNITY ECONOMIC ADJUSTMENT ASSISTANCE FOR ESTABLISHMENT, EXPANSION, REA","DOD-OFFICE OF THE SECRETARY OF DEFENSE","GEORGIA","BASE CLOSURE (CL) TO EVALUATE COMMUNITY NEEDS AND CAPABILITIES, AND PROVIDE ASSISTANCE TO MITIGATE THE MAY 2005 DEPARTMENT OF DEFENSE "BASE CLOSURE A"
"12.607","SAI NOT AVAILABLE","MCPHERSON IMPLEMENTING LOCAL R","99121","FULTON COUNTY","121","FULTON COUNTY","GEORGIA","303033207","Government codes: city or township government","funding adjustment to completed project","90","DOD-OFFICE OF THE SECRETARY OF DEFENSE","OEA9900910074   0006","-","16835","","0","-","16835","08/10/2010","01/01/2008","08/31/2010","project grant  (B)","action-by-action reporting","","","1399121","GEORGIA","FULTON COUNTY","COMMUNITY ECONOMIC ADJUSTMENT ASSISTANCE FOR ESTABLISHMENT, EXPANSION, REA","DOD-OFFICE OF THE SECRETARY OF DEFENSE","GEORGIA","BASE CLOSURE (CL) TO EVALUATE COMMUNITY NEEDS AND CAPABILITIES, AND PROVIDE ASSISTANCE TO MITIGATE THE MAY 2005 DEPARTMENT OF DEFENSE "BASE CLOSURE A"
"12.607","SAI NOT AVAILABLE","MIDCOAST REGIONAL REDEVELOPMEN","08430","BRUNSWICK TOWN","005","CUMBERLAND COUNTY","MAINE","040112026","Government codes: special district government","continuation (funding in succeeding budget period which stemmed from prior agreement to fund - amount of the current action)","90","DOD-OFFICE OF THE SECRETARY OF DEFENSE","HQ00051010017   0001","","192000","","0","","192000","08/09/2010","01/01/2010","12/31/2010","project grant  (B)","action-by-action reporting","","","2308430","MAINE","BRUNSWICK TOWN","COMMUNITY ECONOMIC ADJUSTMENT ASSISTANCE FOR ESTABLISHMENT, EXPANSION, REA","DOD-OFFICE OF THE SECRETARY OF DEFENSE","MAINE","BASE CLOSURE (CL) TO EVALUATE COMMUNITY NEEDS AND CAPABILITIES, AND PROVIDE ASSISTANCE TO MITIGATE THE RECOMMENDATIONS OF THE 2005 DEFENSE BASE CLOSU"
"12.750","SAI NOT AVAILABLE","HENRY M JACKSON FOUNDATION FOR","07125","BETHESDA","031","MONTGOMERY COUNTY","MARYLAND","208521402","Government codes: State controlled institutions of higher education","new assistance action","90","DEFENSE, DEPARTMENT OF (EXCEPT MILITARY DEPARTMENTS)","HU00011010014","","2582140","","0","","2582140","09/17/2010","10/01/2010","09/30/2011","project grant  (B)","action-by-action reporting","","","2407125","MARYLAND","BETHESDA","DOD MEDICAL RESEARCH, CONSULTATION AND EDUCATION PROGRAMS","DEFENSE, DEPARTMENT OF (EXCEPT MILITARY DEPARTMENTS)","MARYLAND","DEPARTMENT OF DEFENSE AND VETERANS AFFAIRS MULTI-CENTER COHORT STUDY EVALUATING INFECTION ASSOCIATED CLINICAL OUTCOMES IN HOSPITALIZED MEDICAL EVACUE"
"12.750","SAI NOT AVAILABLE","HENRY M JACKSON FOUNDATION FOR","07125","BETHESDA","031","MONTGOMERY COUNTY","MARYLAND","208521402","Government codes: State controlled institutions of higher education","continuation (funding in succeeding budget period which stemmed from prior agreement to fund - amount of the current action)","90","DEFENSE, DEPARTMENT OF (EXCEPT MILITARY DEPARTMENTS)","HU00010610003   08","","2910000","","0","","2910000","07/15/2010","03/01/2006","09/30/2011","project grant  (B)","action-by-action reporting","","","2407125","MARYLAND","BETHESDA","DOD MEDICAL RESEARCH, CONSULTATION AND EDUCATION PROGRAMS","DEFENSE, DEPARTMENT OF (EXCEPT MILITARY DEPARTMENTS)","MARYLAND","DEFENSE GRADUATE PSYCHOLOGY EDUCATION PROGRAM"
"12.800","SAI NOT AVAILABLE","REGENTS OF THE UNIVERSITY OF M","03000","ANN ARBOR","161","WASHTENAW COUNTY","MICHIGAN","481091340","Government codes: State controlled institutions of higher education","new assistance action","90","DEFENSE, DEPARTMENT OF (EXCEPT MILITARY DEPARTMENTS)","FA95501010534","","90642","","0","","90642","09/10/2010","09/15/2010","09/14/2011","project grant  (B)","action-by-action reporting","","","2603000","MICHIGAN","ANN ARBOR","AIR FORCE DEFENSE RESEARCH SCIENCES PROGRAM","DEFENSE, DEPARTMENT OF (EXCEPT MILITARY DEPARTMENTS)","MICHIGAN","TAS:: 9700 ::TAS "(DARPA) QUANTUM ENTANGLEMENT WITH QUANTUM DOT SPIN STATES," DATED 28 MAY 10 (THE GRANTEE'S TECHNICAL PROPOSAL)"
"12.607","SAI NOT AVAILABLE","FORT MONMOUTH ECONOMIC REVITAL","19840","EATONTOWN","025","MONMOUTH COUNTY","NEW JERSEY","077242263","Government codes: State government","continuation (funding in succeeding budget period which stemmed from prior agreement to fund - amount of the current action)","90","DOD-OFFICE OF THE SECRETARY OF DEFENSE","HQ00051010029   0001","","1128919","","0","","1128919","07/14/2010","01/01/2009","12/31/2010","project grant  (B)","action-by-action reporting","","","3419840","NEW JERSEY","EATONTOWN","COMMUNITY ECONOMIC ADJUSTMENT ASSISTANCE FOR ESTABLISHMENT, EXPANSION, REA","DOD-OFFICE OF THE SECRETARY OF DEFENSE","NEW JERSEY","BASE CLOSURE (CL) TO EVALUATE COMMUNITY NEEDS AND CAPABILITIES, AND PROVIDE RESPONSIVE ASSISTANCE TO MITIGATE THE MAY 2005 DEPARTMENT OF DEFENSE "BAS"
"12.350","SAI NOT AVAILABLE","CICATELLI ASSOCIATES, INC","51000","NEW YORK","061","NEW YORK COUNTY","NEW YORK","100186505","Nonprofit agencies: other nonprofit","revision (any change in Federal Government's financial obligation or contingent liability in existing assistance transaction - amount of the <u>change</u> in funding)","90","DOD-DEFENSE CONTRACT MANAGEMENT AGENCY","N002441010028   0002","","100000","","0","","100000","09/16/2010","09/30/2010","09/28/2012","project grant  (B)","action-by-action reporting","","","3651000","NEW YORK","NEW YORK","DEPARTMENT OF DEFENSE HIV/AIDS PREVENTION PROGRAM","DOD-DEFENSE CONTRACT MANAGEMENT AGENCY","NEW YORK","PEPFAR BELIZE AIDS RELIEF"
"12.607","SAI NOT AVAILABLE","COUNTY OF GRAND FORKS","32060","GRAND FORKS","035","GRAND FORKS COUNTY","NORTH DAKOTA","582014715","Government codes: county government","funding adjustment to completed project","00","DOD-OFFICE OF THE SECRETARY OF DEFENSE","OEA9900910043   0000","-","41433","","0","-","41433","09/13/2010","07/01/2008","09/28/2010","project grant  (B)","action-by-action reporting","","","3832060","NORTH DAKOTA","GRAND FORKS","COMMUNITY ECONOMIC ADJUSTMENT ASSISTANCE FOR ESTABLISHMENT, EXPANSION, REA","DOD-OFFICE OF THE SECRETARY OF DEFENSE","NORTH DAKOTA","BASE REALIGNMENT (RA) TO EVALUATE COMMUNITY NEEDS AND CAPABILITIES, AND PROVIDE ASSISTANCE TO MITIGATE THE MAY 2005 DEPARTMENT OF DEFENSE "BASE CLOSU"
"12.800","SAI NOT AVAILABLE","UNIVERSITY OF TEXAS AT AUSTIN","05000","AUSTIN","453","TRAVIS COUNTY","TEXAS","787121500","Government codes: State controlled institutions of higher education","revision (any change in Federal Government's financial obligation or contingent liability in existing assistance transaction - amount of the <u>change</u> in funding)","90","DEFENSE, DEPARTMENT OF (EXCEPT MILITARY DEPARTMENTS)","FA95500910530   0002","","181724","","0","","181724","09/28/2010","10/01/2010","09/30/2011","project grant  (B)","action-by-action reporting","","","4805000","TEXAS","AUSTIN","AIR FORCE DEFENSE RESEARCH SCIENCES PROGRAM","DEFENSE, DEPARTMENT OF (EXCEPT MILITARY DEPARTMENTS)","TEXAS","TAS::97 0400::TAS "OP-AMPS ON FLEXIBLE SUBSTRATES WITH PRINTABLE MATERIALS""
"12.607","SAI NOT AVAILABLE","OFFICE OF THE GOVERNOR","72368","TEXARKANA","037","BOWIE COUNTY","TEXAS","755709554","Government codes: special district government","continuation (funding in succeeding budget period which stemmed from prior agreement to fund - amount of the current action)","01","DOD-OFFICE OF THE SECRETARY OF DEFENSE","HQ00051010016   0001","","135000","","0","","135000","07/30/2010","10/01/2009","09/30/2010","project grant  (B)","action-by-action reporting","","","4872368","TEXAS","TEXARKANA","COMMUNITY ECONOMIC ADJUSTMENT ASSISTANCE FOR ESTABLISHMENT, EXPANSION, REA","DOD-OFFICE OF THE SECRETARY OF DEFENSE","TEXAS","BASE CLOSURE (CL) TO EVALUATE COMMUNITY NEEDS AND CAPABILITIES, AND PROVIDE ASSISTANCE TO MITIGATE THE ADVERSE IMPACT OF THE SEPTEMBER 2005 DEFENSE B"
"12.607","SAI NOT AVAILABLE","HOUSING AND COMMUNITY DEVELOPM","35000","HAMPTON","650","HAMPTON","VIRGINIA","232191321","Government codes: State government","continuation (funding in succeeding budget period which stemmed from prior agreement to fund - amount of the current action)","90","DOD-OFFICE OF THE SECRETARY OF DEFENSE","HQ00051010072   0001","","682941","","97029","","779970","09/23/2010","07/01/2009","12/31/2010","project grant  (B)","action-by-action reporting","","","5135000","VIRGINIA","HAMPTON","COMMUNITY ECONOMIC ADJUSTMENT ASSISTANCE FOR ESTABLISHMENT, EXPANSION, REA","DOD-OFFICE OF THE SECRETARY OF DEFENSE","VIRGINIA","BASE CLOSURE (CL) TO EVALUATE COMMUNITY NEEDS AND CAPABILITIES, AND PROVIDE ASSISTANCE TO MITIGATE THE 2005 DEPARTMENT OF DEFENSE'S "BASE CLOSURE AND"
"12.607","SAI NOT AVAILABLE","LOCAL REDEVELOPMENT AUTH ROOSE","33941","HATO REY","127","SAN JUAN MUNICIPIO","PUERTO RICO","009181111","Private: all other","new assistance action","98","DOD-OFFICE OF THE SECRETARY OF DEFENSE","HQ00051010066","","896445","","0","","896445","07/08/2010","07/01/2010","08/31/2011","project grant  (B)","action-by-action reporting","","","7233941","PUERTO RICO","HATO REY","COMMUNITY ECONOMIC ADJUSTMENT ASSISTANCE FOR ESTABLISHMENT, EXPANSION, REA","DOD-OFFICE OF THE SECRETARY OF DEFENSE","PUERTO RICO","NON BRAC CLOSURE (BC) THE FY04 NATIONAL DEFENSE APPROPRIATIONS ACT (P.L. 108-87) DIRECTED THE CLOSURE OF NAVAL STATION ROOSEVELT ROADS (NSRR) 6 MONTH"
"12.630","SAI NOT AVAILABLE","GAME AND FISH, ARIZONA DEPT OF","55000","PHOENIX","013","MARICOPA COUNTY","ARIZONA","850234312","Government codes: State government","new assistance action","90","DOD-DEFENSE CONTRACT MANAGEMENT AGENCY","W9132T1020033","","197436","","0","","197436","07/21/2010","07/21/2010","11/25/2011","cooperative agreement  (B)","action-by-action reporting","","","0455000","ARIZONA","PHOENIX","BASIC APPLIED AND ADVANCED RESEARCH IN SCIENCE AND ENGINEERING","DOD-DEFENSE CONTRACT MANAGEMENT AGENCY","ARIZONA","LEGACY - IDENTIFICATION AND STATUS OF SENSITIVE BAT HABITAT RESOURCES ON THE MARINE CORPS AIR STATION YUMA PROVING GROUND"
"12.630","SAI NOT AVAILABLE","GAME AND FISH, ARIZONA DEPT OF","55000","PHOENIX","013","MARICOPA COUNTY","ARIZONA","850234312","Government codes: State government","new assistance action","90","DOD-DEFENSE CONTRACT MANAGEMENT AGENCY","W9132T1020032","","144954","","0","","144954","07/21/2010","07/21/2010","03/31/2012","cooperative agreement  (B)","action-by-action reporting","","","0455000","ARIZONA","PHOENIX","BASIC APPLIED AND ADVANCED RESEARCH IN SCIENCE AND ENGINEERING","DOD-DEFENSE CONTRACT MANAGEMENT AGENCY","ARIZONA","STATUS & DISTRIBUTION OF LE CONTE'S THRASHER: A SPECIES AT RISK ON 3 SOUTHWESTERN MILITARY INSTALLATIONS"
"12.599","SAI NOT AVAILABLE","CALIFORNIA STATE UNIVERSITY LO","43000","LONG BEACH","037","LOS ANGELES COUNTY","CALIFORNIA","908154669","Government codes: State controlled institutions of higher education","new assistance action","90","DEFENSE, DEPARTMENT OF (EXCEPT MILITARY DEPARTMENTS)","HQ00341010011","","2880000","","0","","2880000","09/24/2010","09/24/2010","09/23/2011","project grant  (B)","action-by-action reporting","","","0643000","CALIFORNIA","LONG BEACH","CONGRESSIONALLY DIRECTED ASSISTANCE","DEFENSE, DEPARTMENT OF (EXCEPT MILITARY DEPARTMENTS)","CALIFORNIA","TO FUND RESEACH AND DEVELOPMENT FOR CRITCAL FOREIGN LANGUAGES"
"12.630","SAI NOT AVAILABLE","ULTRACELL CORPORATION","41992","LIVERMORE","001","ALAMEDA COUNTY","CALIFORNIA","945519291","Private: profit organization","continuation (funding in succeeding budget period which stemmed from prior agreement to fund - amount of the current action)","90","DEFENSE, DEPARTMENT OF (EXCEPT MILITARY DEPARTMENTS)","FA86501022000   0004","","300000","","0","","300000","08/27/2010","12/03/2009","10/03/2011","cooperative agreement  (B)","action-by-action reporting","","","0641992","CALIFORNIA","LIVERMORE","BASIC APPLIED AND ADVANCED RESEARCH IN SCIENCE AND ENGINEERING","DEFENSE, DEPARTMENT OF (EXCEPT MILITARY DEPARTMENTS)","CALIFORNIA","IMPROVED METHANOL FUEL CELL FOR BRITES"
"12.600","SAI NOT AVAILABLE","SACRAMENTO, COUNTY OF","44756","MCCLELLAN AFB","067","SACRAMENTO COUNTY","CALIFORNIA","958141280","Government codes: county government","continuation (funding in succeeding budget period which stemmed from prior agreement to fund - amount of the current action)","90","DOD-OFFICE OF THE SECRETARY OF DEFENSE","HQ00051010080   0002","","800000","","0","","800000","09/16/2010","02/01/2008","09/30/2012","project grant  (B)","action-by-action reporting","","","0644756","CALIFORNIA","MCCLELLAN AFB","COMMUNITY ECONOMIC ADJUSTMENT","DOD-OFFICE OF THE SECRETARY OF DEFENSE","CALIFORNIA","SPECIAL PROGRAMS (SP)"
"12.910","SAI NOT AVAILABLE","REGENTS OF THE UNIVERSITY OF C","06000","BERKELEY","001","ALAMEDA COUNTY","CALIFORNIA","947045940","Government codes: State controlled institutions of higher education","new assistance action","90","DOD-DEFENSE ADVANCED RESEARCH PROJECTS AGENCY","HR00111020002","","300000","","0","","300000","09/22/2010","12/11/2009","06/11/2011","cooperative agreement  (B)","action-by-action reporting","","","0606000","CALIFORNIA","BERKELEY","RESEARCH AND TECHNOLOGY DEVELOPMENT","DOD-DEFENSE ADVANCED RESEARCH PROJECTS AGENCY","CALIFORNIA","MEMS SWEEPER WITH HIGH CONTRAST GRATING MIRRORS"
"12.910","SAI NOT AVAILABLE","CALIFORNIA INSTITUTE OF TECHNO","56000","PASADENA","037","LOS ANGELES COUNTY","CALIFORNIA","911250001","Government codes: State controlled institutions of higher education","new assistance action","90","DOD-DEFENSE ADVANCED RESEARCH PROJECTS AGENCY","HR00111010076","","100000","","0","","100000","07/31/2010","07/31/2010","07/30/2011","project grant  (B)","action-by-action reporting","","","0656000","CALIFORNIA","PASADENA","RESEARCH AND TECHNOLOGY DEVELOPMENT","DOD-DEFENSE ADVANCED RESEARCH PROJECTS AGENCY","CALIFORNIA","NOVEL ANTI-FOGGING NANOSTRUCTURE FABRICATION METHODS"
"12.910","SAI NOT AVAILABLE","THE REGENTS OF THE UNIVERSITY","99037","LOS ANGELES COUNTY","037","LOS ANGELES COUNTY","CALIFORNIA","900246523","Government codes: State controlled institutions of higher education","new assistance action","90","DOD-DEFENSE ADVANCED RESEARCH PROJECTS AGENCY","W31P4Q1010017","","299233","","0","","299233","09/28/2010","09/28/2010","09/30/2011","project grant  (B)","action-by-action reporting","","","0699037","CALIFORNIA","LOS ANGELES COUNTY","RESEARCH AND TECHNOLOGY DEVELOPMENT","DOD-DEFENSE ADVANCED RESEARCH PROJECTS AGENCY","CALIFORNIA",""MULTI-MODAL MEMS RESONATOR TUNING VIA MASS PERTURBATION""
"12.910","SAI NOT AVAILABLE","THE REGENTS OF THE UNIVERSITY","69070","SANTA BARBARA","083","SANTA BARBARA COUNTY","CALIFORNIA","931060001","Government codes: State controlled institutions of higher education","new assistance action","90","DOD-DEFENSE ADVANCED RESEARCH PROJECTS AGENCY","W31P4Q1010010","","730923","","0","","730923","07/27/2010","07/27/2010","12/31/2012","project grant  (B)","action-by-action reporting","","","0669070","CALIFORNIA","SANTA BARBARA","RESEARCH AND TECHNOLOGY DEVELOPMENT","DOD-DEFENSE ADVANCED RESEARCH PROJECTS AGENCY","CALIFORNIA","TITANIUM MEMS FOR THERMAL GROUND PLANES"
"12.630","SAI NOT AVAILABLE","ENGINEERING-ENVIRONMENTAL MANA","24785","ENGLEWOOD","005","ARAPAHOE COUNTY","COLORADO","801125952","Private: profit organization","new assistance action","90","DOD-DEFENSE CONTRACT MANAGEMENT AGENCY","W9132T1020038","","104650","","0","","104650","07/12/2010","07/12/2010","12/31/2011","cooperative agreement  (B)","action-by-action reporting","","","0824785","COLORADO","ENGLEWOOD","BASIC APPLIED AND ADVANCED RESEARCH IN SCIENCE AND ENGINEERING","DOD-DEFENSE CONTRACT MANAGEMENT AGENCY","COLORADO","CULTURAL RESOURCES PUBLIC OUTREACH AND INTERPRETATION SOURCE BOOK"
"12.630","SAI NOT AVAILABLE","NATIONAL ENVIRONMENTAL EDUCATI","50000","WASHINGTON","001","DISTRICT OF COLUMBIA","DISTRICT OF COLUMBIA","200082326","Nonprofit agencies: other nonprofit","new assistance action","98","DOD-DEFENSE CONTRACT MANAGEMENT AGENCY","W9132T1020029","","154758","","0","","154758","07/02/2010","07/02/2010","12/31/2010","cooperative agreement  (B)","action-by-action reporting","","","1150000","DISTRICT OF COLUMBIA","WASHINGTON","BASIC APPLIED AND ADVANCED RESEARCH IN SCIENCE AND ENGINEERING","DOD-DEFENSE CONTRACT MANAGEMENT AGENCY","DISTRICT OF COLUMBIA","NATIONAL PUBLIC LANDS DAY"
"12.800","SAI NOT AVAILABLE","SCHOOL BOARD OF OKALOOSA COUNT","24475","FORT WALTON BEACH","091","OKALOOSA COUNTY","FLORIDA","325485547","Government codes: county government","new assistance action","90","AIR FORCE-AIR FORCE, DEPARTMENT OF THE (HEADQUARTERS, USAF)","FA86511020001","","57950","","0","","57950","07/14/2010","07/15/2010","07/14/2011","cooperative agreement  (B)","action-by-action reporting","","","1224475","FLORIDA","FORT WALTON BEACH","AIR FORCE DEFENSE RESEARCH SCIENCES PROGRAM","AIR FORCE-AIR FORCE, DEPARTMENT OF THE (HEADQUARTERS, USAF)","FLORIDA","NATIONAL DEFENSE EDUCATION PROGRAM (NDEP) - SCIENCE, TECHNOLOGY, ENGINEERING, AND MATHEMATICS (STEM) EDUCATION"
"12.800","SAI NOT AVAILABLE","MOREHOUSE COLLEGE","04000","ATLANTA","121","FULTON COUNTY","GEORGIA","303143773","Private: private higher education","new assistance action","90","AIR FORCE-AIR FORCE, DEPARTMENT OF THE (HEADQUARTERS, USAF)","FA95501010542","","2999335","","0","","2999335","09/16/2010","09/15/2010","09/14/2014","project grant  (B)","action-by-action reporting","","","1304000","GEORGIA","ATLANTA","AIR FORCE DEFENSE RESEARCH SCIENCES PROGRAM","AIR FORCE-AIR FORCE, DEPARTMENT OF THE (HEADQUARTERS, USAF)","GEORGIA","TAS::97 0400::TAS "THE DR. JOHN H. HOPPS JR. DEFENSE RESEARCH SCHOLARS PROGRAM""
"12.910","SAI NOT AVAILABLE","GEORGIA TECH RESEARCH CORPORAT","04000","ATLANTA","121","FULTON COUNTY","GEORGIA","303320001","Nonprofit agencies: other nonprofit","new assistance action","90","DOD-DEFENSE ADVANCED RESEARCH PROJECTS AGENCY","HR00111010075","","720922","","0","","720922","09/08/2010","09/08/2010","09/09/2011","project grant  (B)","action-by-action reporting","","","1304000","GEORGIA","ATLANTA","RESEARCH AND TECHNOLOGY DEVELOPMENT","DOD-DEFENSE ADVANCED RESEARCH PROJECTS AGENCY","GEORGIA","MULTIMODAL MULTIPLEXED INTEGRATED PHOTONIC SENSORS FOR CHEMICAL AND BIOLOGICAL SENSING"
"12.599","SAI NOT AVAILABLE","PACIFIC AVIATION MUSEUM PEARL","17000","HONOLULU","003","HONOLULU COUNTY","HAWAII","968191850","Nonprofit agencies: other nonprofit","new assistance action","90","DEFENSE, DEPARTMENT OF (EXCEPT MILITARY DEPARTMENTS)","HQ00341010009","","3840000","","0","","3840000","09/30/2010","09/30/2010","09/29/2011","project grant  (B)","action-by-action reporting","","","1517000","HAWAII","HONOLULU","CONGRESSIONALLY DIRECTED ASSISTANCE","DEFENSE, DEPARTMENT OF (EXCEPT MILITARY DEPARTMENTS)","HAWAII","ARREST DETERIORATION OF FORD ISLAND AVIATION CONTROL TOWER"
"12.599","SAI NOT AVAILABLE","UNIVERSITY OF HAWAII","17000","HONOLULU","003","HONOLULU COUNTY","HAWAII","968222219","Nonprofit agencies: other nonprofit","funding adjustment to completed project","90","DEFENSE, DEPARTMENT OF (EXCEPT MILITARY DEPARTMENTS)","HQ00341020001   0003","","190000","","0","","190000","07/26/2010","12/16/2009","12/15/2010","cooperative agreement  (B)","action-by-action reporting","","","1517000","HAWAII","HONOLULU","CONGRESSIONALLY DIRECTED ASSISTANCE","DEFENSE, DEPARTMENT OF (EXCEPT MILITARY DEPARTMENTS)","HAWAII","INCREASE FUNDING FOR POP FOR BASE YEAR"
"12.910","SAI NOT AVAILABLE","BUSINESS, ECONOMIC DEVELOPMENT","23000","KAILUA","001","HAWAII COUNTY","HAWAII","967402637","Private: all other","continuation (funding in succeeding budget period which stemmed from prior agreement to fund - amount of the current action)","02","DOD-DEFENSE ADVANCED RESEARCH PROJECTS AGENCY","HR00110720005   0005","","7885000","","0","","7885000","09/30/2010","04/01/2007","09/30/2011","cooperative agreement  (B)","action-by-action reporting","","","1523000","HAWAII","KAILUA","RESEARCH AND TECHNOLOGY DEVELOPMENT","DOD-DEFENSE ADVANCED RESEARCH PROJECTS AGENCY","HAWAII","CENTER FOR EXCELLENCE FOR RESEARCH I OCEAN SCIENCE"
"12.910","SAI NOT AVAILABLE","UNIVERSITY OF ILLINOIS","12385","CHAMPAIGN","019","CHAMPAIGN COUNTY","ILLINOIS","618013620","Private: private higher education","new assistance action","15","DOD-DEFENSE ADVANCED RESEARCH PROJECTS AGENCY","HR00111010077","","845514","","0","","845514","09/07/2010","08/26/2010","08/26/2012","project grant  (B)","action-by-action reporting","","","1712385","ILLINOIS","CHAMPAIGN","RESEARCH AND TECHNOLOGY DEVELOPMENT","DOD-DEFENSE ADVANCED RESEARCH PROJECTS AGENCY","ILLINOIS","STRUCTURAL LOGIC: TAILORING STIFFNESS AND DAMPING OF LARGE SCALE STRUCTURES VIA PASSIVE NONLINEAR TARGETED ENERGY TRANSFER"
"12.599","SAI NOT AVAILABLE","NATIONAL WORLD WAR II MUSEUM I","55000","NEW ORLEANS","071","ORLEANS (PARISH)","LOUISIANA","701303813","Nonprofit agencies: other nonprofit","new assistance action","90","DEFENSE, DEPARTMENT OF (EXCEPT MILITARY DEPARTMENTS)","HQ00341010002","","19670000","","0","","19670000","07/01/2010","04/01/2010","12/30/2011","project grant  (B)","action-by-action reporting","","","2255000","LOUISIANA","NEW ORLEANS","CONGRESSIONALLY DIRECTED ASSISTANCE","DEFENSE, DEPARTMENT OF (EXCEPT MILITARY DEPARTMENTS)","LOUISIANA","TO FUND THE CONSTRUCTION OF U.S. FREEDOM PAVILLION, LAND, SEA & AIR."
"12.404","SAI NOT AVAILABLE","MILITARY, MARYLAND DEPARTMENT","04000","BALTIMORE","510","BALTIMORE","MARYLAND","212012288","Government codes: State government","continuation (funding in succeeding budget period which stemmed from prior agreement to fund - amount of the current action)","90","DEFENSE, DEPARTMENT OF (EXCEPT MILITARY DEPARTMENTS)","W912K60524001   0007","","2100000","","700000","","2800000","07/28/2010","07/01/2010","06/30/2011","cooperative agreement  (B)","action-by-action reporting","","","2404000","MARYLAND","BALTIMORE","NATIONAL GUARD CIVILIAN YOUTH OPPORTUNITIES","DEFENSE, DEPARTMENT OF (EXCEPT MILITARY DEPARTMENTS)","MARYLAND","NG YOUTH CHALLENGE"
"12.750","SAI NOT AVAILABLE","HENRY M JACKSON FOUNDATION FOR","07125","BETHESDA","031","MONTGOMERY COUNTY","MARYLAND","208521402","Government codes: State controlled institutions of higher education","new assistance action","90","DEFENSE, DEPARTMENT OF (EXCEPT MILITARY DEPARTMENTS)","HU00011010019","","50000","","0","","50000","09/28/2010","10/01/2010","09/30/2011","project grant  (B)","action-by-action reporting","","","2407125","MARYLAND","BETHESDA","DOD MEDICAL RESEARCH, CONSULTATION AND EDUCATION PROGRAMS","DEFENSE, DEPARTMENT OF (EXCEPT MILITARY DEPARTMENTS)","MARYLAND","ROLE OF GUT ASSOCIATED LYPHOID TISSUE I HIV-1 PERSISTENCE"
"12.750","SAI NOT AVAILABLE","HENRY M JACKSON FOUNDATION FOR","07125","BETHESDA","031","MONTGOMERY COUNTY","MARYLAND","208521402","Government codes: State controlled institutions of higher education","new assistance action","90","DEFENSE, DEPARTMENT OF (EXCEPT MILITARY DEPARTMENTS)","HU00011010015","","664789","","0","","664789","09/27/2010","09/01/2010","09/30/2011","project grant  (B)","action-by-action reporting","","","2407125","MARYLAND","BETHESDA","DOD MEDICAL RESEARCH, CONSULTATION AND EDUCATION PROGRAMS","DEFENSE, DEPARTMENT OF (EXCEPT MILITARY DEPARTMENTS)","MARYLAND","DISASTER PLANNING PREPAREDNESS PROGRAM DP3"
"12.750","SAI NOT AVAILABLE","HENRY M JACKSON FOUNDATION FOR","07125","BETHESDA","031","MONTGOMERY COUNTY","MARYLAND","208521402","Government codes: State controlled institutions of higher education","new assistance action","90","DEFENSE, DEPARTMENT OF (EXCEPT MILITARY DEPARTMENTS)","HU00011010016","","75000","","0","","75000","09/22/2010","09/01/2010","09/30/2013","project grant  (B)","action-by-action reporting","","","2407125","MARYLAND","BETHESDA","DOD MEDICAL RESEARCH, CONSULTATION AND EDUCATION PROGRAMS","DEFENSE, DEPARTMENT OF (EXCEPT MILITARY DEPARTMENTS)","MARYLAND","MILITARY CLINICAL INITIATED RESEARCH AWARD"
"12.750","SAI NOT AVAILABLE","HENRY M JACKSON FOUNDATION FOR","07125","BETHESDA","031","MONTGOMERY COUNTY","MARYLAND","208521402","Government codes: State controlled institutions of higher education","new assistance action","90","DEFENSE, DEPARTMENT OF (EXCEPT MILITARY DEPARTMENTS)","HU00011010010","","3659627","","0","","3659627","09/15/2010","09/16/2010","03/31/2011","project grant  (B)","action-by-action reporting","","","2407125","MARYLAND","BETHESDA","DOD MEDICAL RESEARCH, CONSULTATION AND EDUCATION PROGRAMS","DEFENSE, DEPARTMENT OF (EXCEPT MILITARY DEPARTMENTS)","MARYLAND","COOPERATIVE BIOLOGICAL ENGAGEMENT PROGRAM PAKISTAN"
"12.750","SAI NOT AVAILABLE","HENRY M JACKSON FOUNDATION FOR","07125","BETHESDA","031","MONTGOMERY COUNTY","MARYLAND","208521402","Government codes: State controlled institutions of higher education","new assistance action","90","DEFENSE, DEPARTMENT OF (EXCEPT MILITARY DEPARTMENTS)","HU00011010017","","1004000","","0","","1004000","09/15/2010","09/01/2010","09/30/2014","project grant  (B)","action-by-action reporting","","","2407125","MARYLAND","BETHESDA","DOD MEDICAL RESEARCH, CONSULTATION AND EDUCATION PROGRAMS","DEFENSE, DEPARTMENT OF (EXCEPT MILITARY DEPARTMENTS)","MARYLAND","MECHANISMS OF BMP-2 INDUCED NEUROPATHIC PAIN AFTER SPINE FUSION"
"12.750","SAI NOT AVAILABLE","HENRY M JACKSON FOUNDATION FOR","07125","BETHESDA","031","MONTGOMERY COUNTY","MARYLAND","208521402","Government codes: State controlled institutions of higher education","new assistance action","90","DEFENSE, DEPARTMENT OF (EXCEPT MILITARY DEPARTMENTS)","HU00011010009","","561567","","0","","561567","09/09/2010","08/31/2010","07/31/2011","project grant  (B)","action-by-action reporting","","","2407125","MARYLAND","BETHESDA","DOD MEDICAL RESEARCH, CONSULTATION AND EDUCATION PROGRAMS","DEFENSE, DEPARTMENT OF (EXCEPT MILITARY DEPARTMENTS)","MARYLAND","CAMPYLOBACTER SURFACE ANTIGENS AND PATHOGENESIS"
"12.750","SAI NOT AVAILABLE","HENRY M JACKSON FOUNDATION FOR","07125","BETHESDA","031","MONTGOMERY COUNTY","MARYLAND","208521402","Government codes: State controlled institutions of higher education","new assistance action","90","DEFENSE, DEPARTMENT OF (EXCEPT MILITARY DEPARTMENTS)","HU00011010012","","816547","","0","","816547","09/07/2010","10/01/2010","09/30/2012","project grant  (B)","action-by-action reporting","","","2407125","MARYLAND","BETHESDA","DOD MEDICAL RESEARCH, CONSULTATION AND EDUCATION PROGRAMS","DEFENSE, DEPARTMENT OF (EXCEPT MILITARY DEPARTMENTS)","MARYLAND","DENGUE VACCINE DEVELOPMENT"
"12.750","SAI NOT AVAILABLE","HENRY M JACKSON FOUNDATION FOR","07125","BETHESDA","031","MONTGOMERY COUNTY","MARYLAND","208521402","Government codes: State controlled institutions of higher education","new assistance action","90","DEFENSE, DEPARTMENT OF (EXCEPT MILITARY DEPARTMENTS)","HU0001101TS15","","439253","","0","","439253","08/19/2010","09/01/2010","08/31/2012","project grant  (B)","action-by-action reporting","","","2407125","MARYLAND","BETHESDA","DOD MEDICAL RESEARCH, CONSULTATION AND EDUCATION PROGRAMS","DEFENSE, DEPARTMENT OF (EXCEPT MILITARY DEPARTMENTS)","MARYLAND","A COACHING INTERVENTION TO PROMOTE NUTRITION AND BONE HEALTH IN DEPLOYED SOLDIERS"
"12.750","SAI NOT AVAILABLE","HENRY M JACKSON FOUNDATION FOR","07125","BETHESDA","031","MONTGOMERY COUNTY","MARYLAND","208521402","Government codes: State controlled institutions of higher education","new assistance action","90","DEFENSE, DEPARTMENT OF (EXCEPT MILITARY DEPARTMENTS)","HU00011010011","","210092","","0","","210092","08/19/2010","10/01/2010","09/30/2011","project grant  (B)","action-by-action reporting","","","2407125","MARYLAND","BETHESDA","DOD MEDICAL RESEARCH, CONSULTATION AND EDUCATION PROGRAMS","DEFENSE, DEPARTMENT OF (EXCEPT MILITARY DEPARTMENTS)","MARYLAND","DEVELOPMENT OF INFECTIOUS DISEASE DIAGNOSTICS"
"12.750","SAI NOT AVAILABLE","HENRY M JACKSON FOUNDATION FOR","07125","BETHESDA","031","MONTGOMERY COUNTY","MARYLAND","208521402","Government codes: State controlled institutions of higher education","new assistance action","90","DEFENSE, DEPARTMENT OF (EXCEPT MILITARY DEPARTMENTS)","HU0001101TS17","","352847","","0","","352847","08/17/2010","09/01/2010","08/31/2012","project grant  (B)","action-by-action reporting","","","2407125","MARYLAND","BETHESDA","DOD MEDICAL RESEARCH, CONSULTATION AND EDUCATION PROGRAMS","DEFENSE, DEPARTMENT OF (EXCEPT MILITARY DEPARTMENTS)","MARYLAND","MILITARY MEDICS INSIGHT INTO PROVIDING WOMENS HEALTH SERVICE"
"12.750","SAI NOT AVAILABLE","HENRY M JACKSON FOUNDATION FOR","07125","BETHESDA","031","MONTGOMERY COUNTY","MARYLAND","208521402","Government codes: State controlled institutions of higher education","new assistance action","90","DEFENSE, DEPARTMENT OF (EXCEPT MILITARY DEPARTMENTS)","HU0001101TS18","","148376","","0","","148376","08/13/2010","09/01/2010","08/31/2012","project grant  (B)","action-by-action reporting","","","2407125","MARYLAND","BETHESDA","DOD MEDICAL RESEARCH, CONSULTATION AND EDUCATION PROGRAMS","DEFENSE, DEPARTMENT OF (EXCEPT MILITARY DEPARTMENTS)","MARYLAND","EVALUATION OF PROFESSIONAL PRACTICE MODEL IN THE AMBULATORY CARE SETTING"
"12.750","SAI NOT AVAILABLE","HENRY M JACKSON FOUNDATION FOR","07125","BETHESDA","031","MONTGOMERY COUNTY","MARYLAND","208521402","Government codes: State controlled institutions of higher education","new assistance action","90","DEFENSE, DEPARTMENT OF (EXCEPT MILITARY DEPARTMENTS)","HU0001101TS16","","105527","","0","","105527","08/12/2010","09/01/2010","02/29/2012","project grant  (B)","action-by-action reporting","","","2407125","MARYLAND","BETHESDA","DOD MEDICAL RESEARCH, CONSULTATION AND EDUCATION PROGRAMS","DEFENSE, DEPARTMENT OF (EXCEPT MILITARY DEPARTMENTS)","MARYLAND","US ARMY NURSES REINTEGRATION AND HOMECOMING AFTER IRAQ AND AFGHANISTAN"
"12.750","SAI NOT AVAILABLE","HENRY M JACKSON FOUNDATION FOR","07125","BETHESDA","031","MONTGOMERY COUNTY","MARYLAND","208521402","Government codes: State controlled institutions of higher education","new assistance action","90","DEFENSE, DEPARTMENT OF (EXCEPT MILITARY DEPARTMENTS)","HU0001101TS14","","450000","","0","","450000","08/11/2010","09/01/2010","08/31/2012","project grant  (B)","action-by-action reporting","","","2407125","MARYLAND","BETHESDA","DOD MEDICAL RESEARCH, CONSULTATION AND EDUCATION PROGRAMS","DEFENSE, DEPARTMENT OF (EXCEPT MILITARY DEPARTMENTS)","MARYLAND","WORKLOAD INTENSITY THE NUIRSING PRACTICE ENVIRONMENT AND ADVESE EVENTS"
"12.750","SAI NOT AVAILABLE","HENRY M JACKSON FOUNDATION FOR","07125","BETHESDA","031","MONTGOMERY COUNTY","MARYLAND","208521402","Government codes: State controlled institutions of higher education","new assistance action","90","DEFENSE, DEPARTMENT OF (EXCEPT MILITARY DEPARTMENTS)","HU00011010004","","3555052","","0","","3555052","08/03/2010","08/04/2010","09/30/2011","project grant  (B)","action-by-action reporting","","","2407125","MARYLAND","BETHESDA","DOD MEDICAL RESEARCH, CONSULTATION AND EDUCATION PROGRAMS","DEFENSE, DEPARTMENT OF (EXCEPT MILITARY DEPARTMENTS)","MARYLAND","DTRA MEDICAL CHEMICAL AND BIOLOGICAL SCIENCE AND TECHNOLOGY PROGRAM"
"12.750","SAI NOT AVAILABLE","HENRY M JACKSON FOUNDATION FOR","07125","BETHESDA","031","MONTGOMERY COUNTY","MARYLAND","208521402","Government codes: State controlled institutions of higher education","new assistance action","90","DEFENSE, DEPARTMENT OF (EXCEPT MILITARY DEPARTMENTS)","HU00011010005","","871550","","0","","871550","08/02/2010","06/01/2010","05/31/2011","project grant  (B)","action-by-action reporting","","","2407125","MARYLAND","BETHESDA","DOD MEDICAL RESEARCH, CONSULTATION AND EDUCATION PROGRAMS","DEFENSE, DEPARTMENT OF (EXCEPT MILITARY DEPARTMENTS)","MARYLAND","PANDEMIC RESPONSE PROGRAM (PRP)"
"12.750","SAI NOT AVAILABLE","HENRY M JACKSON FOUNDATION FOR","07125","BETHESDA","031","MONTGOMERY COUNTY","MARYLAND","208521402","Government codes: State controlled institutions of higher education","new assistance action","90","DEFENSE, DEPARTMENT OF (EXCEPT MILITARY DEPARTMENTS)","HU0001101TS13","","18388","","0","","18388","07/30/2010","08/01/2010","07/31/2011","project grant  (B)","action-by-action reporting","","","2407125","MARYLAND","BETHESDA","DOD MEDICAL RESEARCH, CONSULTATION AND EDUCATION PROGRAMS","DEFENSE, DEPARTMENT OF (EXCEPT MILITARY DEPARTMENTS)","MARYLAND","QIGONG AS A NOVEL INTERVENTION FOR SOLDIERS WITH MILD TRAUMATIC BRAIN INJURY"
"12.750","SAI NOT AVAILABLE","HENRY M JACKSON FOUNDATION FOR","07125","BETHESDA","031","MONTGOMERY COUNTY","MARYLAND","208521402","Government codes: State controlled institutions of higher education","new assistance action","90","DEFENSE, DEPARTMENT OF (EXCEPT MILITARY DEPARTMENTS)","HU0001101TS11","","44700","","0","","44700","07/19/2010","08/01/2010","07/31/2012","project grant  (B)","action-by-action reporting","","","2407125","MARYLAND","BETHESDA","DOD MEDICAL RESEARCH, CONSULTATION AND EDUCATION PROGRAMS","DEFENSE, DEPARTMENT OF (EXCEPT MILITARY DEPARTMENTS)","MARYLAND","THERAPEUTIC TARGETING OF P2X7 AFTER TBI"
"12.750","SAI NOT AVAILABLE","HENRY M JACKSON FOUNDATION FOR","07125","BETHESDA","031","MONTGOMERY COUNTY","MARYLAND","208521402","Government codes: State controlled institutions of higher education","new assistance action","90","DEFENSE, DEPARTMENT OF (EXCEPT MILITARY DEPARTMENTS)","HU0001101TS09","","117430","","0","","117430","07/10/2010","09/01/2010","02/29/2012","block grant  (A)","action-by-action reporting","","","2407125","MARYLAND","BETHESDA","DOD MEDICAL RESEARCH, CONSULTATION AND EDUCATION PROGRAMS","DEFENSE, DEPARTMENT OF (EXCEPT MILITARY DEPARTMENTS)","MARYLAND","UNDERSTANDING AND IMPROVING MODIFLABLE CARDIOVASCULAR RISKS WITHIN THE AIR FORCE"
"12.750","SAI NOT AVAILABLE","HENRY M JACKSON FOUNDATION FOR","07125","BETHESDA","031","MONTGOMERY COUNTY","MARYLAND","208521402","Government codes: State controlled institutions of higher education","new assistance action","90","DEFENSE, DEPARTMENT OF (EXCEPT MILITARY DEPARTMENTS)","HU00011020006","","1899385","","0","","1899385","07/10/2010","08/01/2010","07/31/2011","cooperative agreement  (B)","action-by-action reporting","","","2407125","MARYLAND","BETHESDA","DOD MEDICAL RESEARCH, CONSULTATION AND EDUCATION PROGRAMS","DEFENSE, DEPARTMENT OF (EXCEPT MILITARY DEPARTMENTS)","MARYLAND","NATURAL HISTORY STUDY CLINICAL CORRELATES OF TRAUMATIC BRAIN INJURY"
"12.750","SAI NOT AVAILABLE","HENRY M JACKSON FOUNDATION FOR","07125","BETHESDA","031","MONTGOMERY COUNTY","MARYLAND","208521402","Government codes: State controlled institutions of higher education","new assistance action","90","DEFENSE, DEPARTMENT OF (EXCEPT MILITARY DEPARTMENTS)","HU0001101TS07","","45900","","0","","45900","07/08/2010","08/01/2010","05/31/2012","block grant  (A)","action-by-action reporting","","","2407125","MARYLAND","BETHESDA","DOD MEDICAL RESEARCH, CONSULTATION AND EDUCATION PROGRAMS","DEFENSE, DEPARTMENT OF (EXCEPT MILITARY DEPARTMENTS)","MARYLAND","EVALUATION OF A NOVEL MODEL OF BLAST INDUCED TRAUMATIC BRAIN INJURY"
"12.750","SAI NOT AVAILABLE","HENRY M JACKSON FOUNDATION FOR","07125","BETHESDA","031","MONTGOMERY COUNTY","MARYLAND","208521402","Government codes: State controlled institutions of higher education","new assistance action","90","DEFENSE, DEPARTMENT OF (EXCEPT MILITARY DEPARTMENTS)","HU0001101TS12","","27151","","0","","27151","07/02/2010","07/01/2010","08/31/2011","block grant  (A)","action-by-action reporting","","","2407125","MARYLAND","BETHESDA","DOD MEDICAL RESEARCH, CONSULTATION AND EDUCATION PROGRAMS","DEFENSE, DEPARTMENT OF (EXCEPT MILITARY DEPARTMENTS)","MARYLAND","POSITIVE EMOTION GRATITUDE: IMPACT ON PERCEIVED STRESS & PSYCHOLOGICAL RESILIENCE"
"12.910","SAI NOT AVAILABLE","UNIVERSITY OF MARYLAND BALTIMO","04000","BALTIMORE","510","BALTIMORE","MARYLAND","212500001","Government codes: State controlled institutions of higher education","new assistance action","90","DOD-DEFENSE ADVANCED RESEARCH PROJECTS AGENCY","W31P4Q1010018","","196162","","0","","196162","08/26/2010","08/26/2010","08/31/2010","project grant  (B)","action-by-action reporting","","","2404000","MARYLAND","BALTIMORE","RESEARCH AND TECHNOLOGY DEVELOPMENT","DOD-DEFENSE ADVANCED RESEARCH PROJECTS AGENCY","MARYLAND","QUANTUM COMMUNICATION USING ENTANGLED PHOTON HOLES"
"12.599","SAI NOT AVAILABLE","EDWARD M. KENNEDY INSTITUTE FO","07000","BOSTON","025","SUFFOLK COUNTY","MASSACHUSETTS","021103331","Nonprofit agencies: other nonprofit","new assistance action","90","DEFENSE, DEPARTMENT OF (EXCEPT MILITARY DEPARTMENTS)","HQ00341010006","","18900000","","0","","18900000","09/27/2010","09/29/2010","09/28/2015","project grant  (B)","action-by-action reporting","","","2507000","MASSACHUSETTS","BOSTON","CONGRESSIONALLY DIRECTED ASSISTANCE","DEFENSE, DEPARTMENT OF (EXCEPT MILITARY DEPARTMENTS)","MASSACHUSETTS","ENDOWMENT TO SUPPORT THE DEVELOPMENT, IMPLEMENTATION, AND MAINTENANCE OF THE EDWARD M. KENNEDY INSTITUTES PROGRAMS."
"12.630","SAI NOT AVAILABLE","MASSACHUSETTS INSTITUTE OF TEC","11000","CAMBRIDGE","017","MIDDLESEX COUNTY","MASSACHUSETTS","021394301","Private: private higher education","new assistance action","90","DEFENSE, DEPARTMENT OF (EXCEPT MILITARY DEPARTMENTS)","FA95501010551","","250000","","0","","250000","09/21/2010","09/30/2010","09/29/2013","project grant  (B)","action-by-action reporting","","","2511000","MASSACHUSETTS","CAMBRIDGE","BASIC APPLIED AND ADVANCED RESEARCH IN SCIENCE AND ENGINEERING","DEFENSE, DEPARTMENT OF (EXCEPT MILITARY DEPARTMENTS)","MASSACHUSETTS","TAS:: 97 0130::TAS "ADVANCED TECHNOLOGIES FOR STRUCTURAL AND FUNCTIONAL OPTICAL COHERENCE TOMOGRAPHY," DATED 12 JAN 10"
"12.910","SAI NOT AVAILABLE","REGENTS OF THE UNIVERSITY OF M","03000","ANN ARBOR","161","WASHTENAW COUNTY","MICHIGAN","481091340","Government codes: State controlled institutions of higher education","new assistance action","90","DOD-DEFENSE ADVANCED RESEARCH PROJECTS AGENCY","HR00111010081","","100000","","0","","100000","09/10/2010","09/10/2010","07/10/2013","project grant  (B)","action-by-action reporting","","","2603000","MICHIGAN","ANN ARBOR","RESEARCH AND TECHNOLOGY DEVELOPMENT","DOD-DEFENSE ADVANCED RESEARCH PROJECTS AGENCY","MICHIGAN","INFORMATION INNOVATION OFFICE (I20) TRANSFORMATION APPS PROGRAM"
"12.910","SAI NOT AVAILABLE","REGENTS OF THE UNIVERSITY OF M","43000","MINNEAPOLIS","053","HENNEPIN COUNTY","MINNESOTA","554552009","Government codes: State controlled institutions of higher education","new assistance action","90","DOD-DEFENSE ADVANCED RESEARCH PROJECTS AGENCY","HR00111010071","","108000","","0","","108000","09/24/2010","09/24/2010","09/23/2012","project grant  (B)","action-by-action reporting","","","2743000","MINNESOTA","MINNEAPOLIS","RESEARCH AND TECHNOLOGY DEVELOPMENT","DOD-DEFENSE ADVANCED RESEARCH PROJECTS AGENCY","MINNESOTA","NON- VOLATILE LOGIC (NV LOGIC): TASK E.I.1 HIGH MR RATIO PERPENDICULAR CCP GMR DEVELOPMENT"
"12.599","SAI NOT AVAILABLE","UNIVERSITY OF MONTANA SYSTEM","50200","MISSOULA","063","MISSOULA COUNTY","MONTANA","598120001","Government codes: State controlled institutions of higher education","new assistance action","00","DEFENSE, DEPARTMENT OF (EXCEPT MILITARY DEPARTMENTS)","HQ00341010012","","2000000","","0","","2000000","09/01/2010","09/01/2010","09/23/2011","project grant  (B)","action-by-action reporting","","","3050200","MONTANA","MISSOULA","CONGRESSIONALLY DIRECTED ASSISTANCE","DEFENSE, DEPARTMENT OF (EXCEPT MILITARY DEPARTMENTS)","MONTANA","TO FUND RESEACH AND DEVELOPMENT FOR CRITCAL FOREIGN LANGUAGES"
"12.630","SAI NOT AVAILABLE","NEW JERSEY AUDUBON SOCIETY INC","05590","BERNARDSVILLE","035","SOMERSET COUNTY","NEW JERSEY","079241303","Nonprofit agencies: other nonprofit","new assistance action","90","DOD-DEFENSE CONTRACT MANAGEMENT AGENCY","W9132T1020026","","120775","","0","","120775","07/09/2010","07/09/2010","03/31/2012","cooperative agreement  (B)","action-by-action reporting","","","3405590","NEW JERSEY","BERNARDSVILLE","BASIC APPLIED AND ADVANCED RESEARCH IN SCIENCE AND ENGINEERING","DOD-DEFENSE CONTRACT MANAGEMENT AGENCY","NEW JERSEY","LEGACY PROPOSAL: AVIAN RESPONSE TO GRASSLAND MANAGEMENT AROUND MILITARY AIRFIELDS IN THE MID-ATLANTIC AND NORTHEAST REGIONS"
"12.630","SAI NOT AVAILABLE","WILDLIFE CONSERVATION SOCIETY","08510","BRONX","005","BRONX COUNTY","NEW YORK","104601090","Nonprofit agencies: other nonprofit","new assistance action","90","DOD-DEFENSE CONTRACT MANAGEMENT AGENCY","W9132T1020051","","124377","","0","","124377","08/25/2010","08/25/2010","05/31/2012","cooperative agreement  (B)","action-by-action reporting","","","3608510","NEW YORK","BRONX","BASIC APPLIED AND ADVANCED RESEARCH IN SCIENCE AND ENGINEERING","DOD-DEFENSE CONTRACT MANAGEMENT AGENCY","NEW YORK","LEGACY PROPOSAL: WILDLIFE TRADE AND THE US MILITARY ABROAD: RAISING AWARENESS AND REDUCING DEMAND"
"12.600","SAI NOT AVAILABLE","LEWISTON TOWN OF","42158","LEWISTON TOWN","063","NIAGARA COUNTY","NEW YORK","140929750","Government codes: city or township government","new assistance action","90","DOD-OFFICE OF THE SECRETARY OF DEFENSE","HQ00051010100","","310000","","0","","310000","09/22/2010","09/01/2010","09/30/2011","project grant  (B)","action-by-action reporting","","","3642158","NEW YORK","LEWISTON TOWN","COMMUNITY ECONOMIC ADJUSTMENT","DOD-OFFICE OF THE SECRETARY OF DEFENSE","NEW YORK","SPECIAL PROGRAMS (SP)"
"12.300","SAI NOT AVAILABLE","CORNELL UNIVERSITY, INC","38077","ITHACA","109","TOMPKINS COUNTY","NEW YORK","148532801","Private: private higher education","new assistance action","90","DOD-DEFENSE ADVANCED RESEARCH PROJECTS AGENCY","FA87501020238","","100000","","0","","100000","09/23/2010","09/23/2010","09/22/2014","cooperative agreement  (B)","action-by-action reporting","","","3638077","NEW YORK","ITHACA","BASIC AND APPLIED SCIENTIFIC RESEARCH","DOD-DEFENSE ADVANCED RESEARCH PROJECTS AGENCY","NEW YORK","CORRECT-BY-CONSTRUCTION ATTACK-TOLERANT SYSTEMS"
"12.910","SAI NOT AVAILABLE","THE RESEARCH FOUNDATION OF STA","51000","NEW YORK","047","KINGS COUNTY","NEW YORK","112032056","Government codes: State controlled institutions of higher education","new assistance action","90","DOD-DEFENSE ADVANCED RESEARCH PROJECTS AGENCY","HR00111010078","","270464","","0","","270464","08/25/2010","09/01/2010","05/31/2011","project grant  (B)","action-by-action reporting","","","3651000","NEW YORK","NEW YORK","RESEARCH AND TECHNOLOGY DEVELOPMENT","DOD-DEFENSE ADVANCED RESEARCH PROJECTS AGENCY","NEW YORK","RADIOFREQUENCY TECHNIQUES TO NON-INVASIVELY MONITOR BRAIN NEURAL ACTIVITY"
"12.910","SAI NOT AVAILABLE","THE TRUSTEES OF COLUMBIA UNIVE","51000","NEW YORK","061","NEW YORK COUNTY","NEW YORK","100195905","Private: private higher education","new assistance action","90","DOD-DEFENSE ADVANCED RESEARCH PROJECTS AGENCY","HR00111010080","","900880","","0","","900880","08/27/2010","08/27/2010","08/27/2011","project grant  (B)","action-by-action reporting","","","3651000","NEW YORK","NEW YORK","RESEARCH AND TECHNOLOGY DEVELOPMENT","DOD-DEFENSE ADVANCED RESEARCH PROJECTS AGENCY","NEW YORK","MIDAS: MID-IR INFRARED DATA ACQUISITION-TRANSMISSION CHIP-SCALE SILICON SYSTEMS"
"12.910","SAI NOT AVAILABLE","MEDICAGO USA INC","19000","DURHAM","063","DURHAM COUNTY","NORTH CAROLINA","277035420","Private: profit organization","new assistance action","04","DOD-DEFENSE ADVANCED RESEARCH PROJECTS AGENCY","HR00111030005","","20989034","","0","","20989034","08/09/2010","08/09/2010","10/31/2011","other reimbursable, contingent, intangible, or indirect financial assistance","action-by-action reporting","","","3719000","NORTH CAROLINA","DURHAM","RESEARCH AND TECHNOLOGY DEVELOPMENT","DOD-DEFENSE ADVANCED RESEARCH PROJECTS AGENCY","NORTH CAROLINA","H1N1 ACCELERATION (BLUE ANGEL)"
"12.910","SAI NOT AVAILABLE","TRUSTEES OF THE UNIVERSITY OF","60000","PHILADELPHIA","101","PHILADELPHIA COUNTY","PENNSYLVANIA","191046205","Private: private higher education","continuation (funding in succeeding budget period which stemmed from prior agreement to fund - amount of the current action)","90","DOD-DEFENSE ADVANCED RESEARCH PROJECTS AGENCY","HR00110810004   0003","","300000","","0","","300000","08/17/2010","08/17/2010","08/15/2011","project grant  (B)","action-by-action reporting","","","4260000","PENNSYLVANIA","PHILADELPHIA","RESEARCH AND TECHNOLOGY DEVELOPMENT","DOD-DEFENSE ADVANCED RESEARCH PROJECTS AGENCY","PENNSYLVANIA","MADCAT CHINESE PILOT HANDWRITING COLLECTION"
"12.910","SAI NOT AVAILABLE","GORDON RESEARCH CONFERENCES IN","78080","WEST KINGSTON","009","WASHINGTON COUNTY","RHODE ISLAND","028921502","Nonprofit agencies: other nonprofit","new assistance action","02","DEFENSE, DEPARTMENT OF (EXCEPT MILITARY DEPARTMENTS)","FA95501010566","","7500","","0","","7500","09/28/2010","09/30/2010","09/29/2011","project grant  (B)","action-by-action reporting","","","4478080","RHODE ISLAND","WEST KINGSTON","RESEARCH AND TECHNOLOGY DEVELOPMENT","DEFENSE, DEPARTMENT OF (EXCEPT MILITARY DEPARTMENTS)","RHODE ISLAND","TAS::97 0400::TAS "2011 GRC ON CLUSTERS, NANOCRYSTALS & NANOSTRUCTURES""
"12.630","SAI NOT AVAILABLE","ADVANCED TECHNOLOGY INSTITUTE","13330","CHARLESTON","019","CHARLESTON COUNTY","SOUTH CAROLINA","294186937","Nonprofit agencies: other nonprofit","new assistance action","90","DOD-DEFENSE CONTRACT MANAGEMENT AGENCY","W9132T1020037","","53458","","38420","","91878","08/17/2010","08/17/2010","04/16/2011","cooperative agreement  (B)","action-by-action reporting","","","4513330","SOUTH CAROLINA","CHARLESTON","BASIC APPLIED AND ADVANCED RESEARCH IN SCIENCE AND ENGINEERING","DOD-DEFENSE CONTRACT MANAGEMENT AGENCY","SOUTH CAROLINA","ENERGY INDEPENDENCE & SECURITY INITIATIVE AT FORT SUMTER NATIONAL MONUMENT SC"
"12.599","SAI NOT AVAILABLE","RIVERSIDE GENERAL HOSPITAL, IN","35000","HOUSTON","201","HARRIS COUNTY","TEXAS","770043213","Nonprofit agencies: other nonprofit","new assistance action","90","DEFENSE, DEPARTMENT OF (EXCEPT MILITARY DEPARTMENTS)","HQ00341010008","","1000000","","0","","1000000","09/30/2010","09/30/2010","09/29/2011","project grant  (B)","action-by-action reporting","","","4835000","TEXAS","HOUSTON","CONGRESSIONALLY DIRECTED ASSISTANCE","DEFENSE, DEPARTMENT OF (EXCEPT MILITARY DEPARTMENTS)","TEXAS","PROVIDE SERVICES AND A FACILITY TO TREAT PTSD"
"12.910","SAI NOT AVAILABLE","SOUTHERN METHODIST UNIVERSITY","99113","DALLAS COUNTY","113","DALLAS COUNTY","TEXAS","752750302","Private: private higher education","new assistance action","90","DOD-DEFENSE ADVANCED RESEARCH PROJECTS AGENCY","HR00111010074","","857833","","0","","857833","08/27/2010","08/27/2010","08/27/2011","project grant  (B)","action-by-action reporting","","","4899113","TEXAS","DALLAS COUNTY","RESEARCH AND TECHNOLOGY DEVELOPMENT","DOD-DEFENSE ADVANCED RESEARCH PROJECTS AGENCY","TEXAS","NEUROPHOTONIC RESEARCH CENTER: A FOCUSED COLLABORATION DEVELOPING A COMPLETE NEUROPHOTONIC"
"12.800","SAI NOT AVAILABLE","INSTITUTE OF NAVIGATION, INC","48952","MANASSAS","683","MANASSAS","VIRGINIA","220302520","Private: all other","new assistance action","90","AIR FORCE-AIR FORCE, DEPARTMENT OF THE (HEADQUARTERS, USAF)","FA86511020002","","99985","","0","","99985","07/13/2010","07/15/2010","07/14/2011","cooperative agreement  (B)","action-by-action reporting","","","5148952","VIRGINIA","MANASSAS","AIR FORCE DEFENSE RESEARCH SCIENCES PROGRAM","AIR FORCE-AIR FORCE, DEPARTMENT OF THE (HEADQUARTERS, USAF)","VIRGINIA","TAS # 970400 -- NATIONAL DEFENSE EDUCATION PROGRAM (NDEP) - SCIENCE, TECHNOLOGY, ENGINEERING, AND MATHEMATICS (STEM) EDUCATION"
"12.599","SAI NOT AVAILABLE","THE MARSHALL LEGACY INSTITUTE","03000","ARLINGTON","013","ARLINGTON COUNTY","VIRGINIA","222013326","Nonprofit agencies: other nonprofit","new assistance action","08","DEFENSE, DEPARTMENT OF (EXCEPT MILITARY DEPARTMENTS)","HQ00341010007","","500000","","0","","500000","08/03/2010","08/03/2010","08/02/2011","project grant  (B)","action-by-action reporting","","","5103000","VIRGINIA","ARLINGTON","CONGRESSIONALLY DIRECTED ASSISTANCE","DEFENSE, DEPARTMENT OF (EXCEPT MILITARY DEPARTMENTS)","VIRGINIA","DISTINCT PROGRAMS TO HELP COUNTRIES DEVELOP: SRI LANKA & ANGOLA"
"12.630","SAI NOT AVAILABLE","NATIONAL WILDLIFE FEDERATION","66672","RESTON","059","FAIRFAX COUNTY","VIRGINIA","201905362","Nonprofit agencies: other nonprofit","new assistance action","90","DOD-DEFENSE CONTRACT MANAGEMENT AGENCY","W9132T1020028","","92701","","0","","92701","07/08/2010","07/08/2010","12/31/2011","cooperative agreement  (B)","action-by-action reporting","","","5166672","VIRGINIA","RESTON","BASIC APPLIED AND ADVANCED RESEARCH IN SCIENCE AND ENGINEERING","DOD-DEFENSE CONTRACT MANAGEMENT AGENCY","VIRGINIA","LEGACY PROPOSAL: CLIMATE CHANGE VULNERABILITY ASSESSMENT GUIDANCE FOR CONSERVING DOD ECOLOGICAL RESOURCES"
"12.630","SAI NOT AVAILABLE","VERSAR INC","74592","SPRINGFIELD","059","FAIRFAX COUNTY","VIRGINIA","221514175","Private: small business","new assistance action","90","DOD-DEFENSE CONTRACT MANAGEMENT AGENCY","W9132T1020036","","98291","","0","","98291","07/12/2010","07/13/2010","05/31/2011","cooperative agreement  (B)","action-by-action reporting","","","5174592","VIRGINIA","SPRINGFIELD","BASIC APPLIED AND ADVANCED RESEARCH IN SCIENCE AND ENGINEERING","DOD-DEFENSE CONTRACT MANAGEMENT AGENCY","VIRGINIA","LEGACY PROPOSAL:  INTEGRATING MILITARY TRAINING & ARCHAEOLOGICAL SITE INTEGRITY"
"12.910","SAI NOT AVAILABLE","RECTOR AND VISITORS OF THE UNI","14968","CHARLOTTESVILLE","540","CHARLOTTESVILLE","VIRGINIA","229034833","Private: private higher education","new assistance action","90","DOD-DEFENSE ADVANCED RESEARCH PROJECTS AGENCY","HR00111010072","","475000","","0","","475000","09/24/2010","09/24/2010","09/25/2012","project grant  (B)","action-by-action reporting","","","5114968","VIRGINIA","CHARLOTTESVILLE","RESEARCH AND TECHNOLOGY DEVELOPMENT","DOD-DEFENSE ADVANCED RESEARCH PROJECTS AGENCY","VIRGINIA","RECONFIGURABLE ARRAY OF MAGNETIC AUTOMATA (RAMA): A NEW PARADIGM FOR NON-VOLATILE LOGIC"
"12.910","SAI NOT AVAILABLE","CORPORATION FOR NATIONAL RESEA","66672","RESTON","059","FAIRFAX COUNTY","VIRGINIA","201915469","Private: private higher education","continuation (funding in succeeding budget period which stemmed from prior agreement to fund - amount of the current action)","90","DOD-DEFENSE ADVANCED RESEARCH PROJECTS AGENCY","MDA9720310022   0020","","850000","","0","","850000","08/01/2010","08/01/2010","07/31/2011","project grant  (B)","action-by-action reporting","","","5166672","VIRGINIA","RESTON","RESEARCH AND TECHNOLOGY DEVELOPMENT","DOD-DEFENSE ADVANCED RESEARCH PROJECTS AGENCY","VIRGINIA","DISTRIBUTED MICRO-ELETRO-MECHNICAL SYSTEMS PROCESSING ENVIRONMENT"
"12.910","SAI NOT AVAILABLE","CORPORATION FOR NATIONAL RESEA","66672","RESTON","059","FAIRFAX COUNTY","VIRGINIA","201915469","Nonprofit agencies: other nonprofit","new assistance action","90","DOD-DEFENSE ADVANCED RESEARCH PROJECTS AGENCY","HR00111020004","","1300000","","0","","1300000","09/03/2010","09/03/2010","09/02/2012","cooperative agreement  (B)","action-by-action reporting","","","5166672","VIRGINIA","RESTON","RESEARCH AND TECHNOLOGY DEVELOPMENT","DOD-DEFENSE ADVANCED RESEARCH PROJECTS AGENCY","VIRGINIA","INFORMATION INNOVATION OFFICE (I20) TRANSFORMATION APPS PROGRAM"
"12.610","SAI NOT AVAILABLE","MATANUSKA-SUSITNA BOROUGH","58660","PALMER","170","MATANUSKA-SUSITNA","ALASKA","996456411","Government codes: county government","funding adjustment to completed project","00","DOD-OFFICE OF THE SECRETARY OF DEFENSE","OEA9900810014   0000","-","7623","","0","-","7623","08/09/2010","01/01/2008","08/30/2010","project grant  (B)","action-by-action reporting","","","0258660","ALASKA","PALMER","COMMUNITY ECONOMIC ADJUSTMENT PLANNING ASSISTANCE FOR JOINT LAND USE STUDI","DOD-OFFICE OF THE SECRETARY OF DEFENSE","ALASKA","ENCROACHMENT (EN) TO PROVIDE FINANCIAL AND TECHNICAL ASSISTANCE TO FORT RICHARDSON, ELMENDORF AIR FORCE BASE, THE MUNICIPALITY OF ANCHORAGE, AND RELA"
"12.607","SAI NOT AVAILABLE","MESA, CITY OF","46000","MESA","013","MARICOPA COUNTY","ARIZONA","852017320","Government codes: city or township government","new assistance action","90","DOD-OFFICE OF THE SECRETARY OF DEFENSE","HQ00051010085","","128875","","0","","128875","08/19/2010","06/01/2010","04/30/2011","project grant  (B)","action-by-action reporting","","","0446000","ARIZONA","MESA","COMMUNITY ECONOMIC ADJUSTMENT ASSISTANCE FOR ESTABLISHMENT, EXPANSION, REA","DOD-OFFICE OF THE SECRETARY OF DEFENSE","ARIZONA","BASE CLOSURE (CL) TO EVALUATE COMMUNITY NEEDS AND CAPABILITIES, AND PROVIDE ADJUSTMENT ASSISTANCE IN RESPONSE TO THE CLOSURE OF THE AIR FORCE RESEARC"
"12.114","SAI NOT AVAILABLE","GARRETT COMMUNITY COLLEGE","66000","SAN DIEGO","073","SAN DIEGO COUNTY","CALIFORNIA","215411265","Government codes: State controlled institutions of higher education","continuation (funding in succeeding budget period which stemmed from prior agreement to fund - amount of the current action)","90","DEFENSE, DEPARTMENT OF (EXCEPT MILITARY DEPARTMENTS)","W15QKN0610101   015","","368271","","0","","368271","09/14/2010","06/16/2006","06/16/2011","project grant  (B)","action-by-action reporting","","","0666000","CALIFORNIA","SAN DIEGO","COLLABORATIVE RESEARCH AND DEVELOPMENT","DEFENSE, DEPARTMENT OF (EXCEPT MILITARY DEPARTMENTS)","CALIFORNIA","MATERIALS WORLD MODULES DISSEMENATION GRANT"
"12.114","SAI NOT AVAILABLE","NORTHWESTERN UNIVERSITY","66000","SAN DIEGO","073","SAN DIEGO COUNTY","CALIFORNIA","602080001","Government codes: State controlled institutions of higher education","continuation (funding in succeeding budget period which stemmed from prior agreement to fund - amount of the current action)","90","DEFENSE, DEPARTMENT OF (EXCEPT MILITARY DEPARTMENTS)","W15QKN0610102   007","","146000","","0","","146000","08/11/2010","08/01/2006","08/01/2011","project grant  (B)","action-by-action reporting","","","0666000","CALIFORNIA","SAN DIEGO","COLLABORATIVE RESEARCH AND DEVELOPMENT","DEFENSE, DEPARTMENT OF (EXCEPT MILITARY DEPARTMENTS)","CALIFORNIA","MATERIALS WORLD MODULES OUTREACH PROGRAM"
"12.910","SAI NOT AVAILABLE","THE REGENTS OF THE UNIVERSITY","57526","PLACENTIA","059","ORANGE COUNTY","CALIFORNIA","920935004","Government codes: State controlled institutions of higher education","continuation (funding in succeeding budget period which stemmed from prior agreement to fund - amount of the current action)","90","DOD-DEFENSE ADVANCED RESEARCH PROJECTS AGENCY","HR00111010005   0003","","97668","","0","","97668","08/26/2010","11/12/2009","08/26/2011","project grant  (B)","action-by-action reporting","","","0657526","CALIFORNIA","PLACENTIA","RESEARCH AND TECHNOLOGY DEVELOPMENT","DOD-DEFENSE ADVANCED RESEARCH PROJECTS AGENCY","CALIFORNIA","HYBRID CONTACT LENS/HEAD-MOUNTED BINOCULAR TELESCOPE"
"12.607","SAI NOT AVAILABLE","PIKES PEAK AREA COUNCIL OF GOV","27370","FORT CARSON","041","EL PASO COUNTY","COLORADO","809051501","Private: all other","new assistance action","05","DOD-OFFICE OF THE SECRETARY OF DEFENSE","HQ00051010064","","493191","","0","","493191","07/08/2010","07/01/2010","06/30/2011","project grant  (B)","action-by-action reporting","","","0827370","COLORADO","FORT CARSON","COMMUNITY ECONOMIC ADJUSTMENT ASSISTANCE FOR ESTABLISHMENT, EXPANSION, REA","DOD-OFFICE OF THE SECRETARY OF DEFENSE","COLORADO","BASE REALIGNMENT (RA) TO EVALUATE COMMUNITY NEEDS AND CAPABILITIES, AND PROVIDE GROWTH MANAGEMENT ASSISTANCE IN SUPPORT OF EXPANDED MISSIONS AT FORT"
"12.611","SAI NOT AVAILABLE","EAST HARTFORD, TOWN OF","22700","EAST HARTFORD","003","HARTFORD COUNTY","CONNECTICUT","061083140","Government codes: city or township government","new assistance action","90","DOD-OFFICE OF THE SECRETARY OF DEFENSE","HQ00051010096","","990000","","110000","","1100000","09/21/2010","10/01/2010","09/30/2011","project grant  (B)","action-by-action reporting","","","0922700","CONNECTICUT","EAST HARTFORD","COMMUNITY ECONOMIC ADJUSTMENT PLANNING ASSISTANCE FOR REDUCTIONS IN DEFENS","DOD-OFFICE OF THE SECRETARY OF DEFENSE","CONNECTICUT","CONTRACT REDUCTION (CR) TO EVALUATE AND RESPOND TO THE NEED FOR ECONOMIC ADJUSTMENT ASSISTANCE TO THE HARTFORD, CT REGION INCLUDING AFFECTED PORTIONS"
"12.599","SAI NOT AVAILABLE","THE AMERICAN RED CROSS","50000","WASHINGTON","001","DISTRICT OF COLUMBIA","DISTRICT OF COLUMBIA","200065009","Nonprofit agencies: other nonprofit","continuation (funding in succeeding budget period which stemmed from prior agreement to fund - amount of the current action)","98","DEFENSE, DEPARTMENT OF (EXCEPT MILITARY DEPARTMENTS)","HQ00340810021   0005","","22162500","","0","","22162500","07/01/2010","06/25/2010","06/24/2013","project grant  (B)","action-by-action reporting","","","1150000","DISTRICT OF COLUMBIA","WASHINGTON","CONGRESSIONALLY DIRECTED ASSISTANCE","DEFENSE, DEPARTMENT OF (EXCEPT MILITARY DEPARTMENTS)","DISTRICT OF COLUMBIA","TO PROVIDE ASSISTANCE TO THE ARMED FORCES DEPT. OPERATIONS"
"12.300","SAI NOT AVAILABLE","POPULATION SERVICES INTERNATIO","50000","WASHINGTON","001","DISTRICT OF COLUMBIA","DISTRICT OF COLUMBIA","200363605","Nonprofit agencies: other nonprofit","revision (any change in Federal Government's financial obligation or contingent liability in existing assistance transaction - amount of the <u>change</u> in funding)","98","DOD-DEFENSE CONTRACT MANAGEMENT AGENCY","N002441010010   0002","","300000","","0","","300000","09/22/2010","09/30/2010","09/30/2012","project grant  (B)","action-by-action reporting","","","1150000","DISTRICT OF COLUMBIA","WASHINGTON","BASIC AND APPLIED SCIENTIFIC RESEARCH","DOD-DEFENSE CONTRACT MANAGEMENT AGENCY","DISTRICT OF COLUMBIA","PEFAR MOZAMBIQUE AIDS RELIEF"
"12.630","SAI NOT AVAILABLE","NATIONAL ENVIRONMENTAL EDUCATI","50000","WASHINGTON","001","DISTRICT OF COLUMBIA","DISTRICT OF COLUMBIA","200082326","Nonprofit agencies: other nonprofit","revision (any change in Federal Government's financial obligation or contingent liability in existing assistance transaction - amount of the <u>change</u> in funding)","98","DOD-DEFENSE CONTRACT MANAGEMENT AGENCY","W9132T1020029   0001","","82065","","0","","82065","08/31/2010","07/02/2010","12/31/2010","cooperative agreement  (B)","action-by-action reporting","","","1150000","DISTRICT OF COLUMBIA","WASHINGTON","BASIC APPLIED AND ADVANCED RESEARCH IN SCIENCE AND ENGINEERING","DOD-DEFENSE CONTRACT MANAGEMENT AGENCY","DISTRICT OF COLUMBIA","LEGACY PROPOSAL:  NATIONAL PUBLIC LANDS DAY"
"12.610","SAI NOT AVAILABLE","SOUTHERN GEORGIA REGIONAL COMM","78800","VALDOSTA","185","LOWNDES COUNTY","GEORGIA","316015901","Private: all other","new assistance action","90","DOD-OFFICE OF THE SECRETARY OF DEFENSE","HQ00051010103","","162000","","18000","","180000","09/24/2010","10/01/2010","04/30/2012","project grant  (B)","action-by-action reporting","","","1378800","GEORGIA","VALDOSTA","COMMUNITY ECONOMIC ADJUSTMENT PLANNING ASSISTANCE FOR JOINT LAND USE STUDI","DOD-OFFICE OF THE SECRETARY OF DEFENSE","GEORGIA","ENCROACHMENT (EN) TO PROVIDE FINANCIAL AND TECHNICAL ASSISTANCE TO MOODY AIR FORCE BASE (AFB); LOWNDES, BERRIEN AND LANIER COUNTIES; AND THE CITY OF"
"12.910","SAI NOT AVAILABLE","GEORGIA TECH RESEARCH CORPORAT","04000","ATLANTA","121","FULTON COUNTY","GEORGIA","303320001","Nonprofit agencies: other nonprofit","continuation (funding in succeeding budget period which stemmed from prior agreement to fund - amount of the current action)","90","DOD-DEFENSE ADVANCED RESEARCH PROJECTS AGENCY","HR00111010075   0001","","939843","","0","","939843","09/09/2010","09/08/2010","09/09/2011","project grant  (B)","action-by-action reporting","","","1304000","GEORGIA","ATLANTA","RESEARCH AND TECHNOLOGY DEVELOPMENT","DOD-DEFENSE ADVANCED RESEARCH PROJECTS AGENCY","GEORGIA","MULTIMODAL MULTIPLEXED INTEGRATED PHOTONIC SENSORS FOR CHEMICAL AND BIOLOGICAL SENSING"
"12.600","SAI NOT AVAILABLE","CHICAGO MAGNESIUM CASTING COMP","06704","BLUE ISLAND","031","COOK COUNTY","ILLINOIS","604063779","Private: profit organization","continuation (funding in succeeding budget period which stemmed from prior agreement to fund - amount of the current action)","90","DOD-OFFICE OF THE SECRETARY OF DEFENSE","HQ00051010046   0002","","1114916","","0","","1114916","09/21/2010","10/01/2007","12/31/2011","project grant  (B)","action-by-action reporting","","","1706704","ILLINOIS","BLUE ISLAND","COMMUNITY ECONOMIC ADJUSTMENT","DOD-OFFICE OF THE SECRETARY OF DEFENSE","ILLINOIS","SPECIAL PROGRAMS (SP) THE CHICAGO MAGNESIUM CASTING COMPANY (CMCC) WILL IMPLEMENT AN ENVIRONMENTAL REMEDIATION AND WASTE DISPOSAL PROGRAM ON ITS INDU"
"12.615","SAI NOT AVAILABLE","UNIVERSITY OF ILLINOIS","06704","BLUE ISLAND","031","COOK COUNTY","ILLINOIS","606124305","Government codes: State government","continuation (funding in succeeding budget period which stemmed from prior agreement to fund - amount of the current action)","90","DOD-OFFICE OF THE SECRETARY OF DEFENSE","HQ00051010047   0002","","629041","","0","","629041","07/30/2010","05/01/2009","09/30/2011","project grant  (B)","action-by-action reporting","","","1706704","ILLINOIS","BLUE ISLAND","RESEARCH AND TECHNICAL ASSISTANCE","DOD-OFFICE OF THE SECRETARY OF DEFENSE","ILLINOIS","RESEARCH AND TECHNICAL ASSISTANCE (RT) THROUGH A COOPERATIVE AGREEMENT BETWEEN THE OFFICE OF ECONOMIC ADJUSTMENT (OEA) AND NATHALIE P. VOORHEES CENTE"
"12.610","SAI NOT AVAILABLE","KANSAS LAND TRUST INC","38900","LAWRENCE","045","DOUGLAS COUNTY","KANSAS","660443502","Nonprofit agencies: other nonprofit","continuation (funding in succeeding budget period which stemmed from prior agreement to fund - amount of the current action)","90","DEFENSE, DEPARTMENT OF (EXCEPT MILITARY DEPARTMENTS)","W911SR0620005   0008","","949000","","0","","949000","07/28/2010","07/28/2010","09/27/2010","cooperative agreement  (B)","action-by-action reporting","","","2038900","KANSAS","LAWRENCE","COMMUNITY ECONOMIC ADJUSTMENT PLANNING ASSISTANCE FOR JOINT LAND USE STUDI","DEFENSE, DEPARTMENT OF (EXCEPT MILITARY DEPARTMENTS)","KANSAS","ARMY COMPATIBLE USE BUFFERS (ACUBS) AROUNG THE FORT RILEY MILITARY INSTALLATION"
"12.607","SAI NOT AVAILABLE","MANHATTAN, CITY OF","23975","FORT RILEY","061","GEARY COUNTY","KANSAS","665025460","Government codes: city or township government","funding adjustment to completed project","90","DOD-OFFICE OF THE SECRETARY OF DEFENSE","OEA9900910045   0000","-","33093","","0","-","33093","09/29/2010","08/01/2008","09/29/2010","project grant  (B)","action-by-action reporting","","","2023975","KANSAS","FORT RILEY","COMMUNITY ECONOMIC ADJUSTMENT ASSISTANCE FOR ESTABLISHMENT, EXPANSION, REA","DOD-OFFICE OF THE SECRETARY OF DEFENSE","KANSAS","BASE REALIGNMENT (RA) TO EVALUATE COMMUNITY NEEDS AND CAPABILITIES, AND PROVIDE ADJUSTMENT ASSISTANCE IN RESPONSE TO THE REALIGNMENT OF FORT RILEY, K"
"12.607","SAI NOT AVAILABLE","LINCOLN TRAIL AREA DEV DST","24274","ELIZABETHTOWN","093","HARDIN COUNTY","KENTUCKY","427013052","Government codes: special district government","new assistance action","02","DOD-OFFICE OF THE SECRETARY OF DEFENSE","HQ00051010104","","364518","","40502","","405020","09/24/2010","07/01/2010","06/30/2011","project grant  (B)","action-by-action reporting","","","2124274","KENTUCKY","ELIZABETHTOWN","COMMUNITY ECONOMIC ADJUSTMENT ASSISTANCE FOR ESTABLISHMENT, EXPANSION, REA","DOD-OFFICE OF THE SECRETARY OF DEFENSE","KENTUCKY","BASE REALIGNMENT (RA) TO EVALUATE COMMUNITY NEEDS AND CAPABILITIES, AND PROVIDE ADJUSTMENT ASSISTANCE IN RESPONSE TO THE REALIGNMENT OF FORT KNOX, KY"
"12.750","SAI NOT AVAILABLE","HENRY M JACKSON FOUNDATION FOR","07125","BETHESDA","031","MONTGOMERY COUNTY","MARYLAND","208521402","Government codes: State controlled institutions of higher education","continuation (funding in succeeding budget period which stemmed from prior agreement to fund - amount of the current action)","90","DEFENSE, DEPARTMENT OF (EXCEPT MILITARY DEPARTMENTS)","HU0001081TS03   06","","46037","","0","","46037","07/01/2010","01/01/2008","11/30/2010","project grant  (B)","action-by-action reporting","","","2407125","MARYLAND","BETHESDA","DOD MEDICAL RESEARCH, CONSULTATION AND EDUCATION PROGRAMS","DEFENSE, DEPARTMENT OF (EXCEPT MILITARY DEPARTMENTS)","MARYLAND","DEVELOPMENT OF THE EVIDENCE BASED PROTOCOL BACK TO BASICS BUNDLE OF NURSING CARE"
"12.750","SAI NOT AVAILABLE","HENRY M JACKSON FOUNDATION FOR","07125","BETHESDA","031","MONTGOMERY COUNTY","MARYLAND","208521402","Government codes: State controlled institutions of higher education","continuation (funding in succeeding budget period which stemmed from prior agreement to fund - amount of the current action)","90","DEFENSE, DEPARTMENT OF (EXCEPT MILITARY DEPARTMENTS)","HU00010520011   08","","9974227","","0","","9974227","09/28/2010","10/01/2005","09/30/2011","cooperative agreement  (B)","action-by-action reporting","","","2407125","MARYLAND","BETHESDA","DOD MEDICAL RESEARCH, CONSULTATION AND EDUCATION PROGRAMS","DEFENSE, DEPARTMENT OF (EXCEPT MILITARY DEPARTMENTS)","MARYLAND","INFECTIOUS DISEASE CLINICAL RESEARCH PROGRAM"
"12.750","SAI NOT AVAILABLE","HENRY M JACKSON FOUNDATION FOR","07125","BETHESDA","031","MONTGOMERY COUNTY","MARYLAND","208521402","Government codes: State controlled institutions of higher education","continuation (funding in succeeding budget period which stemmed from prior agreement to fund - amount of the current action)","90","DEFENSE, DEPARTMENT OF (EXCEPT MILITARY DEPARTMENTS)","HU00010810006","","365662","","0","","365662","09/28/2010","10/01/2008","06/30/2011","project grant  (B)","action-by-action reporting","","","2407125","MARYLAND","BETHESDA","DOD MEDICAL RESEARCH, CONSULTATION AND EDUCATION PROGRAMS","DEFENSE, DEPARTMENT OF (EXCEPT MILITARY DEPARTMENTS)","MARYLAND","DIAGNOSIS TREATMENT AND PREVENTION OF RICKETTSIAL DISEASES"
"12.750","SAI NOT AVAILABLE","HENRY M JACKSON FOUNDATION FOR","07125","BETHESDA","031","MONTGOMERY COUNTY","MARYLAND","208521402","Government codes: State controlled institutions of higher education","continuation (funding in succeeding budget period which stemmed from prior agreement to fund - amount of the current action)","90","DEFENSE, DEPARTMENT OF (EXCEPT MILITARY DEPARTMENTS)","HU00010610004","","3997812","","0","","3997812","09/27/2010","03/01/2006","06/30/2011","project grant  (B)","action-by-action reporting","","","2407125","MARYLAND","BETHESDA","DOD MEDICAL RESEARCH, CONSULTATION AND EDUCATION PROGRAMS","DEFENSE, DEPARTMENT OF (EXCEPT MILITARY DEPARTMENTS)","MARYLAND","DEVELOPMENT OF MULTI-STAGE MULTI-ANTIGEN VACCINE AGAINST MALARIA"
"12.750","SAI NOT AVAILABLE","HENRY M JACKSON FOUNDATION FOR","07125","BETHESDA","031","MONTGOMERY COUNTY","MARYLAND","208521402","Government codes: State controlled institutions of higher education","new assistance action","90","DEFENSE, DEPARTMENT OF (EXCEPT MILITARY DEPARTMENTS)","HU00011010013","","724590","","0","","724590","09/27/2010","10/01/2010","09/30/2011","project grant  (B)","action-by-action reporting","","","2407125","MARYLAND","BETHESDA","DOD MEDICAL RESEARCH, CONSULTATION AND EDUCATION PROGRAMS","DEFENSE, DEPARTMENT OF (EXCEPT MILITARY DEPARTMENTS)","MARYLAND","CASE CONTROL STUDY OF OSTEOMYELITIS RISK FACTORS AND CLINICAL OUTCOME PPREDICTORS FOLLOWING AND OIF/OEF RELATED ORTHOPEDIC INJURY"
"12.750","SAI NOT AVAILABLE","HENRY M JACKSON FOUNDATION FOR","07125","BETHESDA","031","MONTGOMERY COUNTY","MARYLAND","208521402","Government codes: State controlled institutions of higher education","continuation (funding in succeeding budget period which stemmed from prior agreement to fund - amount of the current action)","90","DEFENSE, DEPARTMENT OF (EXCEPT MILITARY DEPARTMENTS)","HU00010710005","","208800","","0","","208800","09/24/2010","05/01/2007","07/31/2011","project grant  (B)","action-by-action reporting","","","2407125","MARYLAND","BETHESDA","DOD MEDICAL RESEARCH, CONSULTATION AND EDUCATION PROGRAMS","DEFENSE, DEPARTMENT OF (EXCEPT MILITARY DEPARTMENTS)","MARYLAND","FAMILY VIOLENCE AND TRAUMA PROJECT III"
"12.750","SAI NOT AVAILABLE","HENRY M JACKSON FOUNDATION FOR","07125","BETHESDA","031","MONTGOMERY COUNTY","MARYLAND","208521402","Government codes: State controlled institutions of higher education","continuation (funding in succeeding budget period which stemmed from prior agreement to fund - amount of the current action)","90","DEFENSE, DEPARTMENT OF (EXCEPT MILITARY DEPARTMENTS)","HU00010910012","","294068","","0","","294068","09/24/2010","10/01/2009","09/30/2011","project grant  (B)","action-by-action reporting","","","2407125","MARYLAND","BETHESDA","DOD MEDICAL RESEARCH, CONSULTATION AND EDUCATION PROGRAMS","DEFENSE, DEPARTMENT OF (EXCEPT MILITARY DEPARTMENTS)","MARYLAND","INFECTIOUS DISEASE CLINICAL RESEARCH PROGRAM SOFT SKIN TISSUE INFECTION PREVENTION"
"12.750","SAI NOT AVAILABLE","HENRY M JACKSON FOUNDATION FOR","07125","BETHESDA","031","MONTGOMERY COUNTY","MARYLAND","208521402","Government codes: State controlled institutions of higher education","new assistance action","90","DEFENSE, DEPARTMENT OF (EXCEPT MILITARY DEPARTMENTS)","HU00011010008","","1138805","","0","","1138805","09/24/2010","10/01/2010","09/30/2011","project grant  (B)","action-by-action reporting","","","2407125","MARYLAND","BETHESDA","DOD MEDICAL RESEARCH, CONSULTATION AND EDUCATION PROGRAMS","DEFENSE, DEPARTMENT OF (EXCEPT MILITARY DEPARTMENTS)","MARYLAND","PRE HOSPITAL CASUALTY CARE NEW APPROACHES TO THE IN FIELD END ROUTE TREATMENT OF HEMORRHAGE, HEMORRHAGIC SHOCK TRAUMATIC BRAIN INJURY POLYTRAUMA"
"12.750","SAI NOT AVAILABLE","HENRY M JACKSON FOUNDATION FOR","07125","BETHESDA","031","MONTGOMERY COUNTY","MARYLAND","208521402","Government codes: State controlled institutions of higher education","continuation (funding in succeeding budget period which stemmed from prior agreement to fund - amount of the current action)","90","DEFENSE, DEPARTMENT OF (EXCEPT MILITARY DEPARTMENTS)","HU00010810007","","40000","","0","","40000","09/22/2010","09/01/2008","08/31/2011","project grant  (B)","action-by-action reporting","","","2407125","MARYLAND","BETHESDA","DOD MEDICAL RESEARCH, CONSULTATION AND EDUCATION PROGRAMS","DEFENSE, DEPARTMENT OF (EXCEPT MILITARY DEPARTMENTS)","MARYLAND","DESIGN AND DISCOVERY OF NOVEL ARTHROPOD REPELLENTS, ATTRACTANTS AND TOXICANTS"
"12.750","SAI NOT AVAILABLE","HENRY M JACKSON FOUNDATION FOR","07125","BETHESDA","031","MONTGOMERY COUNTY","MARYLAND","208521402","Government codes: State controlled institutions of higher education","continuation (funding in succeeding budget period which stemmed from prior agreement to fund - amount of the current action)","90","DEFENSE, DEPARTMENT OF (EXCEPT MILITARY DEPARTMENTS)","HU00011010003","","1615347","","0","","1615347","09/22/2010","04/01/2010","03/31/2011","project grant  (B)","action-by-action reporting","","","2407125","MARYLAND","BETHESDA","DOD MEDICAL RESEARCH, CONSULTATION AND EDUCATION PROGRAMS","DEFENSE, DEPARTMENT OF (EXCEPT MILITARY DEPARTMENTS)","MARYLAND","REGENERATIVE MEDICINE STRATEGIES FOR WOUND CARE"
"12.750","SAI NOT AVAILABLE","HENRY M JACKSON FOUNDATION FOR","07125","BETHESDA","031","MONTGOMERY COUNTY","MARYLAND","208521402","Government codes: State controlled institutions of higher education","continuation (funding in succeeding budget period which stemmed from prior agreement to fund - amount of the current action)","90","DEFENSE, DEPARTMENT OF (EXCEPT MILITARY DEPARTMENTS)","HU0001101TS02","","125158","","0","","125158","08/24/2010","05/01/2010","06/30/2013","project grant  (B)","action-by-action reporting","","","2407125","MARYLAND","BETHESDA","DOD MEDICAL RESEARCH, CONSULTATION AND EDUCATION PROGRAMS","DEFENSE, DEPARTMENT OF (EXCEPT MILITARY DEPARTMENTS)","MARYLAND","COMPARATIVE RESUCITATION MEASURES FOR DRUG TOXICITIES UTILIZING LIPID EMULSIONS"
"12.750","SAI NOT AVAILABLE","HENRY M JACKSON FOUNDATION FOR","07125","BETHESDA","031","MONTGOMERY COUNTY","MARYLAND","208521402","Government codes: State controlled institutions of higher education","continuation (funding in succeeding budget period which stemmed from prior agreement to fund - amount of the current action)","90","DEFENSE, DEPARTMENT OF (EXCEPT MILITARY DEPARTMENTS)","HU0001091TS09","","14388","","0","","14388","08/24/2010","07/01/2009","06/30/2011","project grant  (B)","action-by-action reporting","","","2407125","MARYLAND","BETHESDA","DOD MEDICAL RESEARCH, CONSULTATION AND EDUCATION PROGRAMS","DEFENSE, DEPARTMENT OF (EXCEPT MILITARY DEPARTMENTS)","MARYLAND","PHARMACOKINETICS OF IM IV AND IO ATROPINE IN NORMOVOLEMIC AND HYPOVLEMIC SWINE"
"12.750","SAI NOT AVAILABLE","HENRY M JACKSON FOUNDATION FOR","07125","BETHESDA","031","MONTGOMERY COUNTY","MARYLAND","208521402","Government codes: State controlled institutions of higher education","continuation (funding in succeeding budget period which stemmed from prior agreement to fund - amount of the current action)","90","DEFENSE, DEPARTMENT OF (EXCEPT MILITARY DEPARTMENTS)","HU00010710004   05","","1220234","","0","","1220234","08/24/2010","03/01/2007","06/30/2011","project grant  (B)","action-by-action reporting","","","2407125","MARYLAND","BETHESDA","DOD MEDICAL RESEARCH, CONSULTATION AND EDUCATION PROGRAMS","DEFENSE, DEPARTMENT OF (EXCEPT MILITARY DEPARTMENTS)","MARYLAND","VACCINE DEVELOPMENT STRATEGIES AGAINST ENTERIC BACTERIAL PATHOGENS"
"12.750","SAI NOT AVAILABLE","HENRY M JACKSON FOUNDATION FOR","07125","BETHESDA","031","MONTGOMERY COUNTY","MARYLAND","208521402","Government codes: State controlled institutions of higher education","continuation (funding in succeeding budget period which stemmed from prior agreement to fund - amount of the current action)","90","DEFENSE, DEPARTMENT OF (EXCEPT MILITARY DEPARTMENTS)","HU00010910005   01","","710960","","0","","710960","08/20/2010","07/01/2009","09/30/2011","project grant  (B)","action-by-action reporting","","","2407125","MARYLAND","BETHESDA","DOD MEDICAL RESEARCH, CONSULTATION AND EDUCATION PROGRAMS","DEFENSE, DEPARTMENT OF (EXCEPT MILITARY DEPARTMENTS)","MARYLAND","DTRA MEDICAL CHEMICAL AND BIOLOGICAL SCIENCE AND TECHNOLOGY PROGRAM"
"12.750","SAI NOT AVAILABLE","HENRY M JACKSON FOUNDATION FOR","07125","BETHESDA","031","MONTGOMERY COUNTY","MARYLAND","208521402","Government codes: State controlled institutions of higher education","continuation (funding in succeeding budget period which stemmed from prior agreement to fund - amount of the current action)","90","DEFENSE, DEPARTMENT OF (EXCEPT MILITARY DEPARTMENTS)","HU00010910002   04","","755708","","0","","755708","08/13/2010","06/01/2009","09/30/2011","project grant  (B)","action-by-action reporting","","","2407125","MARYLAND","BETHESDA","DOD MEDICAL RESEARCH, CONSULTATION AND EDUCATION PROGRAMS","DEFENSE, DEPARTMENT OF (EXCEPT MILITARY DEPARTMENTS)","MARYLAND","THE ROLD OF RUPLIATION PROTEIN A (RPA) IN IONIZING RADIATION INDUCED MAMMALLAN CELL SURVIVAL AND APOPTOSIS (SSLEEC)"
"12.750","SAI NOT AVAILABLE","HENRY M JACKSON FOUNDATION FOR","07125","BETHESDA","031","MONTGOMERY COUNTY","MARYLAND","208521402","Government codes: State controlled institutions of higher education","continuation (funding in succeeding budget period which stemmed from prior agreement to fund - amount of the current action)","90","DEFENSE, DEPARTMENT OF (EXCEPT MILITARY DEPARTMENTS)","HU0001091TS12","","157435","","0","","157435","08/10/2010","08/01/2009","07/31/2012","project grant  (B)","action-by-action reporting","","","2407125","MARYLAND","BETHESDA","DOD MEDICAL RESEARCH, CONSULTATION AND EDUCATION PROGRAMS","DEFENSE, DEPARTMENT OF (EXCEPT MILITARY DEPARTMENTS)","MARYLAND","THE EFFECTS OF HEMOSTATIC AGENTS AND HYPOTHERMIA ON HEMORRHAGE CONTROL IN A PORCINE MODEL"
"12.750","SAI NOT AVAILABLE","HENRY M JACKSON FOUNDATION FOR","07125","BETHESDA","031","MONTGOMERY COUNTY","MARYLAND","208521402","Government codes: State controlled institutions of higher education","continuation (funding in succeeding budget period which stemmed from prior agreement to fund - amount of the current action)","90","DEFENSE, DEPARTMENT OF (EXCEPT MILITARY DEPARTMENTS)","HU00010410004   15","","120000","","0","","120000","08/10/2010","07/01/2004","08/31/2011","project grant  (B)","action-by-action reporting","","","2407125","MARYLAND","BETHESDA","DOD MEDICAL RESEARCH, CONSULTATION AND EDUCATION PROGRAMS","DEFENSE, DEPARTMENT OF (EXCEPT MILITARY DEPARTMENTS)","MARYLAND","CENTER FOR DISASTER AND HUMANITARIAN ASSISTANCE MEDICINE"
"12.750","SAI NOT AVAILABLE","HENRY M JACKSON FOUNDATION FOR","07125","BETHESDA","031","MONTGOMERY COUNTY","MARYLAND","208521402","Government codes: State controlled institutions of higher education","continuation (funding in succeeding budget period which stemmed from prior agreement to fund - amount of the current action)","90","DEFENSE, DEPARTMENT OF (EXCEPT MILITARY DEPARTMENTS)","HU00010910007","","80000","","0","","80000","08/05/2010","09/01/2009","05/31/2011","project grant  (B)","action-by-action reporting","","","2407125","MARYLAND","BETHESDA","DOD MEDICAL RESEARCH, CONSULTATION AND EDUCATION PROGRAMS","DEFENSE, DEPARTMENT OF (EXCEPT MILITARY DEPARTMENTS)","MARYLAND","PRESCRIPTION DRUG MISUSE EDUCATIONAL INTERVENTION"
"12.750","SAI NOT AVAILABLE","HENRY M JACKSON FOUNDATION FOR","07125","BETHESDA","031","MONTGOMERY COUNTY","MARYLAND","208521402","Government codes: State controlled institutions of higher education","continuation (funding in succeeding budget period which stemmed from prior agreement to fund - amount of the current action)","90","DEFENSE, DEPARTMENT OF (EXCEPT MILITARY DEPARTMENTS)","HU00010710005","","247807","","0","","247807","08/04/2010","05/01/2007","05/31/2011","project grant  (B)","action-by-action reporting","","","2407125","MARYLAND","BETHESDA","DOD MEDICAL RESEARCH, CONSULTATION AND EDUCATION PROGRAMS","DEFENSE, DEPARTMENT OF (EXCEPT MILITARY DEPARTMENTS)","MARYLAND","FAMILY VIOLENCE AND TRAUMA PROJECT III"
"12.750","SAI NOT AVAILABLE","HENRY M JACKSON FOUNDATION FOR","07125","BETHESDA","031","MONTGOMERY COUNTY","MARYLAND","208521402","Government codes: State controlled institutions of higher education","continuation (funding in succeeding budget period which stemmed from prior agreement to fund - amount of the current action)","90","DEFENSE, DEPARTMENT OF (EXCEPT MILITARY DEPARTMENTS)","HU00010910001","","3692590","","0","","3692590","07/28/2010","02/01/2009","05/31/2012","project grant  (B)","action-by-action reporting","","","2407125","MARYLAND","BETHESDA","DOD MEDICAL RESEARCH, CONSULTATION AND EDUCATION PROGRAMS","DEFENSE, DEPARTMENT OF (EXCEPT MILITARY DEPARTMENTS)","MARYLAND","CENTER FOR THE STUDY OF TRAUMATIC STRESS (CSTS) PROGRAM GRANT"
"12.750","SAI NOT AVAILABLE","HENRY M JACKSON FOUNDATION FOR","07125","BETHESDA","031","MONTGOMERY COUNTY","MARYLAND","208521402","Government codes: State controlled institutions of higher education","continuation (funding in succeeding budget period which stemmed from prior agreement to fund - amount of the current action)","90","DEFENSE, DEPARTMENT OF (EXCEPT MILITARY DEPARTMENTS)","HU00010720008","","392543","","0","","392543","07/23/2010","07/01/2007","07/31/2011","cooperative agreement  (B)","action-by-action reporting","","","2407125","MARYLAND","BETHESDA","DOD MEDICAL RESEARCH, CONSULTATION AND EDUCATION PROGRAMS","DEFENSE, DEPARTMENT OF (EXCEPT MILITARY DEPARTMENTS)","MARYLAND","BLAST LETHALITY AND INJURY PROGRAM (BLIP)"
"12.750","SAI NOT AVAILABLE","HENRY M JACKSON FOUNDATION FOR","07125","BETHESDA","031","MONTGOMERY COUNTY","MARYLAND","208521402","Government codes: State controlled institutions of higher education","continuation (funding in succeeding budget period which stemmed from prior agreement to fund - amount of the current action)","90","DEFENSE, DEPARTMENT OF (EXCEPT MILITARY DEPARTMENTS)","HU00010710002   17","","206550","","0","","206550","07/21/2010","11/01/2006","09/30/2011","project grant  (B)","action-by-action reporting","","","2407125","MARYLAND","BETHESDA","DOD MEDICAL RESEARCH, CONSULTATION AND EDUCATION PROGRAMS","DEFENSE, DEPARTMENT OF (EXCEPT MILITARY DEPARTMENTS)","MARYLAND","DTRA MEDICAL CHEMICAL AND BIOLOGICAL SCIENCE AND TECHNOLOGY PROGRAM"
"12.750","SAI NOT AVAILABLE","HENRY M JACKSON FOUNDATION FOR","07125","BETHESDA","031","MONTGOMERY COUNTY","MARYLAND","208521402","Government codes: State controlled institutions of higher education","continuation (funding in succeeding budget period which stemmed from prior agreement to fund - amount of the current action)","90","DEFENSE, DEPARTMENT OF (EXCEPT MILITARY DEPARTMENTS)","HU0001081TS15","","81571","","0","","81571","07/20/2010","07/01/2008","06/30/2012","project grant  (B)","action-by-action reporting","","","2407125","MARYLAND","BETHESDA","DOD MEDICAL RESEARCH, CONSULTATION AND EDUCATION PROGRAMS","DEFENSE, DEPARTMENT OF (EXCEPT MILITARY DEPARTMENTS)","MARYLAND","CLINICAL KNOWLEDGE DEVELOPMENT CONTINUITY OF CARE FOR WAR INJURED SERVICE MEMBERS"
"12.750","SAI NOT AVAILABLE","HENRY M JACKSON FOUNDATION FOR","07125","BETHESDA","031","MONTGOMERY COUNTY","MARYLAND","208521402","Government codes: State controlled institutions of higher education","continuation (funding in succeeding budget period which stemmed from prior agreement to fund - amount of the current action)","90","DEFENSE, DEPARTMENT OF (EXCEPT MILITARY DEPARTMENTS)","HU0001091TS01   08","","27281","","0","","27281","07/16/2010","05/01/2009","04/30/2011","project grant  (B)","action-by-action reporting","","","2407125","MARYLAND","BETHESDA","DOD MEDICAL RESEARCH, CONSULTATION AND EDUCATION PROGRAMS","DEFENSE, DEPARTMENT OF (EXCEPT MILITARY DEPARTMENTS)","MARYLAND","PSYCHOMETRIC EVALUATION OF A TRIAGE DECISION MAKING INVENTORY"
"12.607","SAI NOT AVAILABLE","MONTGOMERY, COUNTY OF","07125","BETHESDA","031","MONTGOMERY COUNTY","MARYLAND","208502540","Government codes: county government","continuation (funding in succeeding budget period which stemmed from prior agreement to fund - amount of the current action)","90","DOD-OFFICE OF THE SECRETARY OF DEFENSE","HQ00051010049   0001","","106530","","0","","106530","08/09/2010","04/01/2009","12/31/2010","project grant  (B)","action-by-action reporting","","","2407125","MARYLAND","BETHESDA","COMMUNITY ECONOMIC ADJUSTMENT ASSISTANCE FOR ESTABLISHMENT, EXPANSION, REA","DOD-OFFICE OF THE SECRETARY OF DEFENSE","MARYLAND","BASE REALIGNMENT (RA) TO EVALUATE COMMUNITY NEEDS AND CAPABILITIES, AND PROVIDE ADJUSTMENT ASSISTANCE IN RESPONSE TO THE REALIGNMENT OF NATIONAL NAVA"
"12.910","SAI NOT AVAILABLE","MASSACHUSETTS INSTITUTE OF TEC","11000","CAMBRIDGE","017","MIDDLESEX COUNTY","MASSACHUSETTS","021394301","Government codes: State controlled institutions of higher education","revision (any change in Federal Government's financial obligation or contingent liability in existing assistance transaction - amount of the <u>change</u> in funding)","90","DOD-DEFENSE ADVANCED RESEARCH PROJECTS AGENCY","FA87500620189   0007","","2000","","0","","2000","09/14/2010","07/05/2006","10/30/2010","cooperative agreement  (B)","action-by-action reporting","","","2511000","MASSACHUSETTS","CAMBRIDGE","RESEARCH AND TECHNOLOGY DEVELOPMENT","DOD-DEFENSE ADVANCED RESEARCH PROJECTS AGENCY","MASSACHUSETTS","COLLABORATIVE LEARNING FOR SECURITY & REPAIR IN APPLICATION COMMUNITIES"
"12.800","SAI NOT AVAILABLE","REGENTS OF THE UNIVERSITY OF M","03000","ANN ARBOR","161","WASHTENAW COUNTY","MICHIGAN","481091340","Government codes: State controlled institutions of higher education","revision (any change in Federal Government's financial obligation or contingent liability in existing assistance transaction - amount of the <u>change</u> in funding)","90","AIR FORCE-AIR FORCE, DEPARTMENT OF THE (HEADQUARTERS, USAF)","FA95500510416   0011","","120000","","0","","120000","09/28/2010","09/30/2010","03/31/2012","project grant  (B)","action-by-action reporting","","","2603000","MICHIGAN","ANN ARBOR","AIR FORCE DEFENSE RESEARCH SCIENCES PROGRAM","AIR FORCE-AIR FORCE, DEPARTMENT OF THE (HEADQUARTERS, USAF)","MICHIGAN","TAS::57 3600::TAS "(MURI - 05) HYPERSPECTRAL AND EXTREME LIGHT DIAGNOSTICS FOR DEFENSE-CRITICAL ADVANCED MATERIALS PROCESSES"
"12.607","SAI NOT AVAILABLE","ECONOMIC COUNCIL OF ST LOUIS C","65000","ST. LOUIS","510","ST LOUIS","MISSOURI","631051727","Private: all other","funding adjustment to completed project","90","DOD-OFFICE OF THE SECRETARY OF DEFENSE","OEA9900810108   0000","-","4976","","0","-","4976","09/22/2010","11/01/2008","09/22/2010","project grant  (B)","action-by-action reporting","","","2965000","MISSOURI","ST. LOUIS","COMMUNITY ECONOMIC ADJUSTMENT ASSISTANCE FOR ESTABLISHMENT, EXPANSION, REA","DOD-OFFICE OF THE SECRETARY OF DEFENSE","MISSOURI","BASE REALIGNMENT (RA) TO EVALUATE COMMUNITY NEEDS AND CAPABILITIES, AND PROVIDE ADJUSTMENT ASSISTANCE IN RESPONSE TO FOUR CLOSURE AND REALIGNMENT ACT"
"12.910","SAI NOT AVAILABLE","CELGENE CORPORATION","71430","SUMMIT","039","UNION COUNTY","NEW JERSEY","070590705","Private: profit organization","revision (any change in Federal Government's financial obligation or contingent liability in existing assistance transaction - amount of the <u>change</u> in funding)","90","DEFENSE, DEPARTMENT OF (EXCEPT MILITARY DEPARTMENTS)","FA95500810392   0005","","63475","","0","","63475","09/28/2010","04/01/2010","03/31/2011","project grant  (B)","action-by-action reporting","","","3471430","NEW JERSEY","SUMMIT","RESEARCH AND TECHNOLOGY DEVELOPMENT","DEFENSE, DEPARTMENT OF (EXCEPT MILITARY DEPARTMENTS)","NEW JERSEY","TAS::97 3600::TAS "LARGE-SCALE HUMAN PLACENTA PROGENITOR CELL-DERIVED ERYTHROCYTE PRODUCTION - CONTINUOUS RED BLOOD CELL PRODUCTION""
"12.630","SAI NOT AVAILABLE","HYCRETE INC","10480","CARLSTADT","003","BERGEN COUNTY","NEW JERSEY","070722810","Private: small business","revision (any change in Federal Government's financial obligation or contingent liability in existing assistance transaction - amount of the <u>change</u> in funding)","90","DOD-DEFENSE CONTRACT MANAGEMENT AGENCY","W9132T1020005   0002","","250000","","0","","250000","08/18/2010","03/15/2010","03/15/2012","cooperative agreement  (B)","action-by-action reporting","","","3410480","NEW JERSEY","CARLSTADT","BASIC APPLIED AND ADVANCED RESEARCH IN SCIENCE AND ENGINEERING","DOD-DEFENSE CONTRACT MANAGEMENT AGENCY","NEW JERSEY","HYDROPHOBIC ADMIXTURES TO IMPROVE PERFORMANCE OF CONCRETE MATERIALS..."
"12.630","SAI NOT AVAILABLE","COVANTA RENEWABLE FUELS LLC","22410","FAIRFIELD","025","MONMOUTH COUNTY","NEW JERSEY","070041012","Private: profit organization","revision (any change in Federal Government's financial obligation or contingent liability in existing assistance transaction - amount of the <u>change</u> in funding)","90","DOD-DEFENSE CONTRACT MANAGEMENT AGENCY","W9132T1020024   0003","","2070755","","0","","2070755","08/05/2010","07/17/2009","12/31/2011","cooperative agreement  (B)","action-by-action reporting","","","3422410","NEW JERSEY","FAIRFIELD","BASIC APPLIED AND ADVANCED RESEARCH IN SCIENCE AND ENGINEERING","DOD-DEFENSE CONTRACT MANAGEMENT AGENCY","NEW JERSEY","CONVERSION OF MUNICIPAL SOLID WASTE TO RENEWABLE DIESEL FUEL"
"12.607","SAI NOT AVAILABLE","DEVELOPMENT AUTHORITY OF THE N","78608","WATERTOWN","045","JEFFERSON COUNTY","NEW YORK","136013768","Private: all other","new assistance action","23","DOD-OFFICE OF THE SECRETARY OF DEFENSE","HQ00051010094","","257750","","0","","257750","09/17/2010","05/01/2010","04/30/2011","project grant  (B)","action-by-action reporting","","","3678608","NEW YORK","WATERTOWN","COMMUNITY ECONOMIC ADJUSTMENT ASSISTANCE FOR ESTABLISHMENT, EXPANSION, REA","DOD-OFFICE OF THE SECRETARY OF DEFENSE","NEW YORK","GROWTH (GR) TO EVALUATE COMMUNITY NEEDS AND CAPABILITIES, AND PROVIDE ADJUSTMENT ASSISTANCE IN RESPONSE TO MISSION EXPANSION AT FORT DRUM, NY."
"12.607","SAI NOT AVAILABLE","NIAGARA, TOWN OF","51033","NIAGARA TOWN","063","NIAGARA COUNTY","NEW YORK","143053526","Government codes: city or township government","new assistance action","90","DOD-OFFICE OF THE SECRETARY OF DEFENSE","HQ00051010070","","355790","","0","","355790","07/14/2010","07/01/2010","09/30/2011","project grant  (B)","action-by-action reporting","","","3651033","NEW YORK","NIAGARA TOWN","COMMUNITY ECONOMIC ADJUSTMENT ASSISTANCE FOR ESTABLISHMENT, EXPANSION, REA","DOD-OFFICE OF THE SECRETARY OF DEFENSE","NEW YORK","BASE CLOSURE (CL) TO EVALUATE COMMUNITY NEEDS AND CAPABILITIES, AND PROVIDE ADJUSTMENT ASSISTANCE IN RESPONSE TO THE CLOSURE OF THE NIAGARA FALLS U.S"
"12.607","SAI NOT AVAILABLE","BRAC REGIONAL TASK FORCE","24260","FORT BRAGG","051","CUMBERLAND COUNTY","NORTH CAROLINA","283075000","Government codes: special district government","continuation (funding in succeeding budget period which stemmed from prior agreement to fund - amount of the current action)","90","DOD-OFFICE OF THE SECRETARY OF DEFENSE","HQ00051010022   0001","","348516","","0","","348516","07/09/2010","01/01/2009","06/30/2011","project grant  (B)","action-by-action reporting","","","3724260","NORTH CAROLINA","FORT BRAGG","COMMUNITY ECONOMIC ADJUSTMENT ASSISTANCE FOR ESTABLISHMENT, EXPANSION, REA","DOD-OFFICE OF THE SECRETARY OF DEFENSE","NORTH CAROLINA","BASE REALIGNMENT (RA)"
"12.610","SAI NOT AVAILABLE","CITY OF HAVELOCK","46340","NEW BERN","049","CRAVEN COUNTY","NORTH CAROLINA","285321969","Government codes: city or township government","continuation (funding in succeeding budget period which stemmed from prior agreement to fund - amount of the current action)","90","DOD-OFFICE OF THE SECRETARY OF DEFENSE","HQ00051010071   0001","","33175","","0","","33175","07/14/2010","11/01/2007","08/31/2010","project grant  (B)","action-by-action reporting","","","3746340","NORTH CAROLINA","NEW BERN","COMMUNITY ECONOMIC ADJUSTMENT PLANNING ASSISTANCE FOR JOINT LAND USE STUDI","DOD-OFFICE OF THE SECRETARY OF DEFENSE","NORTH CAROLINA","ENCROACHMENT (EN)"
"12.800","SAI NOT AVAILABLE","MONTGOMERY COUNTY EDUCATIONAL","21000","DAYTON","113","MONTGOMERY COUNTY","OHIO","454022242","Government codes: county government","revision (any change in Federal Government's financial obligation or contingent liability in existing assistance transaction - amount of the <u>change</u> in funding)","90","AIR FORCE-AIR FORCE, DEPARTMENT OF THE (HEADQUARTERS, USAF)","FA86501021743   0001","","47600","","0","","47600","09/17/2010","10/15/2009","10/15/2010","cooperative agreement  (B)","action-by-action reporting","","","3921000","OHIO","DAYTON","AIR FORCE DEFENSE RESEARCH SCIENCES PROGRAM","AIR FORCE-AIR FORCE, DEPARTMENT OF THE (HEADQUARTERS, USAF)","OHIO","TAS:: 97 0400:: TAS NATIONAL DEFENSE EDUCATION PROGRAM (NDEP) - SCIENCE, TECHNOLOGY, ENGINEERING, AND MATHEMATICS (STEM) EDUCATION"
"12.610","SAI NOT AVAILABLE","COUNTY COUNSEL","78900","WARRENTON","007","CLATSOP COUNTY","OREGON","971034641","Government codes: county government","new assistance action","01","DOD-OFFICE OF THE SECRETARY OF DEFENSE","HQ00051010074","","162000","","0","","162000","07/30/2010","07/01/2010","09/30/2011","project grant  (B)","action-by-action reporting","","","4178900","OREGON","WARRENTON","COMMUNITY ECONOMIC ADJUSTMENT PLANNING ASSISTANCE FOR JOINT LAND USE STUDI","DOD-OFFICE OF THE SECRETARY OF DEFENSE","OREGON","ENCROACHMENT (EN) TO EVALUATE COMMUNITY NEEDS AND CAPABILITIES, AND PROVIDE ASSISTANCE TO CAMP RILEA TRAINING CENTER, CLATSOP COUNTY, OR AND ADJACENT"
"12.800","SAI NOT AVAILABLE","LATROBE SPECIALTY STEEL COMPAN","41680","LATROBE","129","WESTMORELAND COUNTY","PENNSYLVANIA","156503246","Private: profit organization","revision (any change in Federal Government's financial obligation or contingent liability in existing assistance transaction - amount of the <u>change</u> in funding)","90","AIR FORCE-AIR FORCE, DEPARTMENT OF THE (HEADQUARTERS, USAF)","FA86500925506   0001","","9024900","","6016600","","15041500","09/01/2010","12/10/2008","09/02/2013","cooperative agreement  (B)","action-by-action reporting","","","4241680","PENNSYLVANIA","LATROBE","AIR FORCE DEFENSE RESEARCH SCIENCES PROGRAM","AIR FORCE-AIR FORCE, DEPARTMENT OF THE (HEADQUARTERS, USAF)","PENNSYLVANIA","TAS# 97 0400 (DEFENSE WIDE RDT&E)"
"12.607","SAI NOT AVAILABLE","HORSHAM TOWNSHIP OF","35808","HORSHAM TOWNSHIP","091","MONTGOMERY COUNTY","PENNSYLVANIA","190443044","Government codes: city or township government","new assistance action","90","DOD-OFFICE OF THE SECRETARY OF DEFENSE","HQ00051010089","","275160","","0","","275160","09/13/2010","09/01/2010","08/31/2011","project grant  (B)","action-by-action reporting","","","4235808","PENNSYLVANIA","HORSHAM TOWNSHIP","COMMUNITY ECONOMIC ADJUSTMENT ASSISTANCE FOR ESTABLISHMENT, EXPANSION, REA","DOD-OFFICE OF THE SECRETARY OF DEFENSE","PENNSYLVANIA","BASE CLOSURE (CL) TO EVALUATE COMMUNITY NEEDS AND CAPABILITIES, AND PROVIDE ADJUSTMENT ASSISTANCE IN RESPONSE TO THE CLOSURE OF NAVAL AIR STATION JOI"
"12.610","SAI NOT AVAILABLE","LOW COUNTRY COUNCIL GOVT","04690","BEAUFORT","013","BEAUFORT COUNTY","SOUTH CAROLINA","299450001","Government codes: special district government","continuation (funding in succeeding budget period which stemmed from prior agreement to fund - amount of the current action)","02","DOD-OFFICE OF THE SECRETARY OF DEFENSE","HQ00051010077   0001","","25483","","0","","25483","07/30/2010","08/01/2009","01/31/2011","project grant  (B)","action-by-action reporting","","","4504690","SOUTH CAROLINA","BEAUFORT","COMMUNITY ECONOMIC ADJUSTMENT PLANNING ASSISTANCE FOR JOINT LAND USE STUDI","DOD-OFFICE OF THE SECRETARY OF DEFENSE","SOUTH CAROLINA","ENCROACHMENT (EN)"
"12.600","SAI NOT AVAILABLE","CITY OF INGLESIDE","65612","SAN PATRICIO","355","NUECES COUNTY","TEXAS","783625801","Government codes: city or township government","new assistance action","90","DOD-OFFICE OF THE SECRETARY OF DEFENSE","HQ00051010076","","95717","","0","","95717","07/30/2010","08/01/2010","01/31/2011","project grant  (B)","action-by-action reporting","","","4865612","TEXAS","SAN PATRICIO","COMMUNITY ECONOMIC ADJUSTMENT","DOD-OFFICE OF THE SECRETARY OF DEFENSE","TEXAS","BASE CLOSURE (CL) TO EVALUATE COMMUNITY NEEDS AND CAPABILITIES, AND PROVIDE ADJUSTMENT ASSISTANCE IN RESPONSE TO THE CLOSURE OF NAVAL STATION (NS) IN"
"12.610","SAI NOT AVAILABLE","THE NATURE CONSERVANCY","03000","ARLINGTON","013","ARLINGTON COUNTY","VIRGINIA","222031637","Nonprofit agencies: other nonprofit","continuation (funding in succeeding budget period which stemmed from prior agreement to fund - amount of the current action)","08","DEFENSE, DEPARTMENT OF (EXCEPT MILITARY DEPARTMENTS)","W911SR0620006   0010","","170000","","0","","170000","07/28/2010","07/28/2010","09/27/2010","cooperative agreement  (B)","action-by-action reporting","","","5103000","VIRGINIA","ARLINGTON","COMMUNITY ECONOMIC ADJUSTMENT PLANNING ASSISTANCE FOR JOINT LAND USE STUDI","DEFENSE, DEPARTMENT OF (EXCEPT MILITARY DEPARTMENTS)","VIRGINIA","ARMY COMPATIBLE USE BUFFERS (ACUBS) IN THE VICINITY OF FT LEWIS-MCCHORD MILITARY INSTALLATION"
"12.630","SAI NOT AVAILABLE","HI-TEST LABORATORIES, INC","03288","ARVONIA","029","BUCKINGHAM COUNTY","VIRGINIA","230040001","Private: small business","continuation (funding in succeeding budget period which stemmed from prior agreement to fund - amount of the current action)","05","DEFENSE, DEPARTMENT OF (EXCEPT MILITARY DEPARTMENTS)","W912HZ0720001   0014","","38920","","0","","38920","09/21/2010","09/21/2010","03/14/2011","cooperative agreement  (B)","action-by-action reporting","","","5103288","VIRGINIA","ARVONIA","BASIC APPLIED AND ADVANCED RESEARCH IN SCIENCE AND ENGINEERING","DEFENSE, DEPARTMENT OF (EXCEPT MILITARY DEPARTMENTS)","VIRGINIA","SUPPORT OF THE SHOCK AND VIBRATION INFORMATION ANALYSIS CENTER"
"12.607","SAI NOT AVAILABLE","DIR OF FINANCE COUNTY OF FAIRF","99005","ALLEGHANY COUNTY","005","ALLEGHANY COUNTY","VIRGINIA","220350001","Government codes: county government","continuation (funding in succeeding budget period which stemmed from prior agreement to fund - amount of the current action)","09","DOD-OFFICE OF THE SECRETARY OF DEFENSE","HQ00051010065   0001","","143979","","0","","143979","09/17/2010","09/01/2008","08/31/2011","project grant  (B)","action-by-action reporting","","","5199005","VIRGINIA","ALLEGHANY COUNTY","COMMUNITY ECONOMIC ADJUSTMENT ASSISTANCE FOR ESTABLISHMENT, EXPANSION, REA","DOD-OFFICE OF THE SECRETARY OF DEFENSE","VIRGINIA","BASE REALIGNMENT (RA) TO EVALUATE COMMUNITY NEEDS AND CAPABILITIES, AND PROVIDE ADJUSTMENT ASSISTANCE IN RESPONSE TO THE REALIGNMENT OF FORT BELVOIR,"
"12.607","SAI NOT AVAILABLE","COUNTY OF STAFFORD","65120","QUANTICO","153","PRINCE WILLIAM COUNTY","VIRGINIA","225547232","Government codes: county government","new assistance action","90","DOD-OFFICE OF THE SECRETARY OF DEFENSE","HQ00051010085","","1022196","","0","","1022196","08/19/2010","07/01/2010","06/30/2011","project grant  (B)","action-by-action reporting","","","5165120","VIRGINIA","QUANTICO","COMMUNITY ECONOMIC ADJUSTMENT ASSISTANCE FOR ESTABLISHMENT, EXPANSION, REA","DOD-OFFICE OF THE SECRETARY OF DEFENSE","VIRGINIA","BASE REALIGNMENT (RA) TO EVALUATE COMMUNITY NEEDS AND CAPABILITIES, AND PROVIDE ADJUSTMENT ASSISTANCE IN RESPONSE TO THE REALIGNMENT OF MARINE CORPS"
"12.607","SAI NOT AVAILABLE","PRINCE WILLIAM, COUNTY OF","99153","PRINCE WILLIAM COUNTY","153","PRINCE WILLIAM COUNTY","VIRGINIA","221929201","Government codes: county government","funding adjustment to completed project","90","DOD-OFFICE OF THE SECRETARY OF DEFENSE","OEA9901010006   0000","-","161","","0","-","161","08/25/2010","10/01/2007","12/31/2010","project grant  (B)","action-by-action reporting","","","5199153","VIRGINIA","PRINCE WILLIAM COUNTY","COMMUNITY ECONOMIC ADJUSTMENT ASSISTANCE FOR ESTABLISHMENT, EXPANSION, REA","DOD-OFFICE OF THE SECRETARY OF DEFENSE","VIRGINIA","BASE REALIGNMENT (RA) TO EVALUATE COMMUNITY NEEDS AND CAPABILITIES, AND PROVIDE ADJUSTMENT ASSISTANCE IN DIRECT RESPONSE TO THE COMBINED IMPACTS FROM"
"12.607","SAI NOT AVAILABLE","VIRGINIA DEPARTMENT OF EMERGEN","67000","RICHMOND","760","RICHMOND","VIRGINIA","232363993","Government codes: State government","new assistance action","90","DOD-OFFICE OF THE SECRETARY OF DEFENSE","HQ00051010067","","586124","","0","","586124","07/09/2010","07/01/2010","06/30/2011","project grant  (B)","action-by-action reporting","","","5167000","VIRGINIA","RICHMOND","COMMUNITY ECONOMIC ADJUSTMENT ASSISTANCE FOR ESTABLISHMENT, EXPANSION, REA","DOD-OFFICE OF THE SECRETARY OF DEFENSE","VIRGINIA","BASE REALIGNMENT (RA) TO EVALUATE THE COMMONWEALTH OF VIRGINIA'S NEEDS AND CAPABILITIES TO ASSIST LOCAL EFFORTS TO MITIGATE THE IMPACTS ARISING FROM"
"12.610","SAI NOT AVAILABLE","COUNTY OF SPOKANE","67000","SPOKANE","063","SPOKANE COUNTY","WASHINGTON","992602052","Government codes: county government","new assistance action","05","DOD-OFFICE OF THE SECRETARY OF DEFENSE","HQ00051010105","","107943","","11994","","119937","09/27/2010","09/01/2010","08/31/2011","project grant  (B)","action-by-action reporting","","","5367000","WASHINGTON","SPOKANE","COMMUNITY ECONOMIC ADJUSTMENT PLANNING ASSISTANCE FOR JOINT LAND USE STUDI","DOD-OFFICE OF THE SECRETARY OF DEFENSE","WASHINGTON","ENCROACHMENT (EN) TO PROVIDE TECHNICAL AND POSSIBLE FINANCIAL ASSISTANCE TO FAIRCHILD AIR FORCE BASE (AFB), SPOKANE COUNTY, WA, AND ADJACENT COMMUNIT"
"12.607","SAI NOT AVAILABLE","MILWAUKEE COUNTY, WISCONSIN","56300","NEWARK","105","ROCK COUNTY","WISCONSIN","532076125","Government codes: county government","new assistance action","90","DOD-OFFICE OF THE SECRETARY OF DEFENSE","HQ00051010090","","169403","","0","","169403","09/13/2010","08/01/2009","12/31/2010","project grant  (B)","action-by-action reporting","","","5556300","WISCONSIN","NEWARK","COMMUNITY ECONOMIC ADJUSTMENT ASSISTANCE FOR ESTABLISHMENT, EXPANSION, REA","DOD-OFFICE OF THE SECRETARY OF DEFENSE","WISCONSIN","BASE CLOSURE (CL) TO EVALUATE COMMUNITY NEEDS AND CAPABILITIES, AND PROVIDE ADJUSTMENT ASSISTANCE IN RESPONSE TO THE CLOSURE OF GENERAL MITCHELL AIR"
"12.610","SAI NOT AVAILABLE","NORTH CENTRAL WISCONSIN REGION","12350","CAMP DOUGLAS","057","JUNEAU COUNTY","WISCONSIN","544034820","Private: all other","new assistance action","03","DOD-OFFICE OF THE SECRETARY OF DEFENSE","HQ00051010084","","107872","","0","","107872","08/09/2010","09/01/2010","08/31/2011","project grant  (B)","action-by-action reporting","","","5512350","WISCONSIN","CAMP DOUGLAS","COMMUNITY ECONOMIC ADJUSTMENT PLANNING ASSISTANCE FOR JOINT LAND USE STUDI","DOD-OFFICE OF THE SECRETARY OF DEFENSE","WISCONSIN","ENCROACHMENT (EN) TO EVALUATE COMMUNITY NEEDS AND CAPABILITIES, AND PROVIDE ASSISTANCE TO VOLK FIELD AND HARDWOOD RANGE, WI AND ADJACENT COMMUNITIES"
"97.047","SAI NOT AVAILABLE","HAWAII DOD, CIVIL DEFENSE DIVISION","17000","HONOLULU","003","HONOLULU COUNTY","HAWAII","968164495","Government codes: State government","new assistance action","90","DHS-FEDERAL EMERGENCY MANAGEMENT AGENCY","EMF-2010-PC-0001","","140250","","0","","140250","07/13/2010","07/13/2010","06/04/2013","project grant  (B)","action-by-action reporting","","","1517000","HAWAII","HONOLULU","PRE-DISASTER MITIGATION","DHS-FEDERAL EMERGENCY MANAGEMENT AGENCY","HAWAII","FEMA STATES PROGRAM"
"97.047","SAI NOT AVAILABLE","HAWAII DOD, CIVIL DEFENSE DIVISION","17000","HONOLULU","003","HONOLULU COUNTY","HAWAII","968164495","Government codes: State government","new assistance action","90","DHS-FEDERAL EMERGENCY MANAGEMENT AGENCY","EMF-2010-PC-0001","","140250","","0","","140250","07/13/2010","07/13/2010","06/04/2013","project grant  (B)","action-by-action reporting","","","1517000","HAWAII","HONOLULU","PRE-DISASTER MITIGATION","DHS-FEDERAL EMERGENCY MANAGEMENT AGENCY","HAWAII","FEMA STATES PROGRAM"
"17.502","SAI EXEMPT","WORKERS DEFENSE PROJECT","05000","AUSTIN","453","TRAVIS COUNTY","TEXAS","787234731","Nonprofit agencies: other nonprofit","new assistance action","90","LABOR-OCCUPATIONAL SAFETY AND HEALTH ADMINISTRATION","SH208381060F48  0","","85000","","0","","85000","09/20/2010","09/30/2010","09/30/2011","project grant  (B)","action-by-action reporting","","","00*****","","MULTI-STATE","OCCUPATIONAL SAFETY AND HEALTH - SUSAN HARWOOD TRAINING GRANTS","LABOR-OCCUPATIONAL SAFETY AND HEALTH ADMINISTRATION","TEXAS","SUSAN HARWOOD GRANTS"
"11.312","SAI NOT AVAILABLE","INST DEFENSE ANALYSES","01000","ALEXANDRIA","510","ALEXANDRIA","VIRGINIA","223111882","Nonprofit agencies: other nonprofit","new assistance action","90","DEPT. OF COMMERCE - ECONOMIC DEVELOPMENT ADMINISTRATION","990713870       00","","584000","","0","","584000","09/28/2010","09/28/2010","03/28/2012","project grant  (B)","action-by-action reporting","","","00*****","","MULTI-STATE","RESEARCH AND EVALUATION PROGRAM","DEPT. OF COMMERCE - ECONOMIC DEVELOPMENT ADMINISTRATION","VIRGINIA","COMMERCIALIZATION STUDY"
"16.710","SAI NOT AVAILABLE","NATIONAL DEFENSE INDUSTRIAL ASSOCIATION","03000","ARLINGTON","013","ARLINGTON COUNTY","VIRGINIA","22201","Nonprofit agencies: other nonprofit","new assistance action","08","DOJ-OFFICE OF JUSTICE PROGRAMS","2010CKWX0177","","15000","","0","","15000","09/13/2010","08/01/2010","02/28/2011","project grant  (B)","action-by-action reporting","","","5103000","VIRGINIA","ARLINGTON","PUBLIC SAFETY PARTNERSHIP AND COMMUNITY POLICING GRANTS","DOJ-OFFICE OF JUSTICE PROGRAMS","VIRGINIA",""
"47.074","SAI EXEMPT","JAMES MADISON UNIVERSITY","35624","HARRISONBURG","660","HARRISONBURG","VIRGINIA","228077000","Government codes: State controlled institutions of higher education","new assistance action","90","NATIONAL SCIENCE FOUNDATION","DEB-1049699-000","","170000","","0","","170000","09/07/2010","09/15/2010","08/31/2012","project grant  (B)","action-by-action reporting","","","5135624","VIRGINIA","HARRISONBURG","BIOLOGICAL SCIENCES","NATIONAL SCIENCE FOUNDATION","VIRGINIA","EAGER:  AMPHIBIAN DEFENSE: MUTUALISTIC MICROBES AND THEIR ANTIFUNGAL METABOLITES"
"81.113","SAI EXEMPT","WASHINGTON STATE UNIVERSITY","56625","PULLMAN","075","WHITMAN COUNTY","WASHINGTON","991641025","Government codes: State controlled institutions of higher education","new assistance action","05","ENERGY, DEPARTMENT OF","DENA0000582     A000","","592866","","0","","592866","07/13/2010","07/13/2010","07/26/2013","project grant  (B)","action-by-action reporting","","","5356625","WASHINGTON","PULLMAN","DEFENSE NUCLEAR NONPROLIFERATION RESEARCH","ENERGY, DEPARTMENT OF","WASHINGTON","TAS::89 0309::TAS"
"12.800","SAI NOT AVAILABLE","ARIZONA STATE UNIVERSITY","73000","TEMPE","013","MARICOPA COUNTY","ARIZONA","852870002","Government codes: State controlled institutions of higher education","new assistance action","90","AIR FORCE-AIR FORCE, DEPARTMENT OF THE (HEADQUARTERS, USAF)","FA95501010444","","240000","","0","","240000","08/02/2010","08/01/2010","07/31/2013","project grant  (B)","action-by-action reporting","","","0473000","ARIZONA","TEMPE","AIR FORCE DEFENSE RESEARCH SCIENCES PROGRAM","AIR FORCE-AIR FORCE, DEPARTMENT OF THE (HEADQUARTERS, USAF)","ARIZONA","TAS::57 3600::TAS "NOVEL ON-CHIP SOURCES BASED ON NANOSCALE MATERIALS AND STRUCTURES""
"12.800","SAI NOT AVAILABLE","ARTIS RESEARCH & RISK MODELING","55000","PHOENIX","013","MARICOPA COUNTY","ARIZONA","850164653","Private: small business","new assistance action","90","AIR FORCE-AIR FORCE, DEPARTMENT OF THE (HEADQUARTERS, USAF)","FA95501010373","","207435","","0","","207435","09/17/2010","09/15/2010","09/14/2013","project grant  (B)","action-by-action reporting","","","0455000","ARIZONA","PHOENIX","AIR FORCE DEFENSE RESEARCH SCIENCES PROGRAM","AIR FORCE-AIR FORCE, DEPARTMENT OF THE (HEADQUARTERS, USAF)","ARIZONA","TAS::57 3600::TAS"CASE-BASED INFLUENCE IN CONFLICT MANAGEMENT""
"16.743","SAI NOT AVAILABLE","LOS ANGELES COUNTY PUBLIC DEFENDER'S OFF","44000","LOS ANGELES","037","LOS ANGELES COUNTY","CALIFORNIA","90012","Government codes: county government","new assistance action","90","DOJ-OFFICE OF JUSTICE PROGRAMS","2010DNBXK259","","250000","","0","","250000","08/25/2010","10/01/2010","05/31/2012","project grant  (B)","action-by-action reporting","","","0644000","CALIFORNIA","LOS ANGELES","FORENSIC CASEWORK DNA BACKLOG REDUCTION PROGRAM","DOJ-OFFICE OF JUSTICE PROGRAMS","CALIFORNIA","FORENSIC SCIENCE TRAINING FOR CALIFORNIA INDIGENT DEFENSE ATTORNEYS -- USING THE NAS REPORT IN LITIGATION"
"12.800","SAI NOT AVAILABLE","REGENTS OF THE UNIVERSITY OF C","06000","BERKELEY","001","ALAMEDA COUNTY","CALIFORNIA","947045940","Government codes: State controlled institutions of higher education","new assistance action","90","AIR FORCE-AIR FORCE, DEPARTMENT OF THE (HEADQUARTERS, USAF)","FA95501010504","","206364","","0","","206364","08/20/2010","09/01/2010","08/31/2011","project grant  (B)","action-by-action reporting","","","0606000","CALIFORNIA","BERKELEY","AIR FORCE DEFENSE RESEARCH SCIENCES PROGRAM","AIR FORCE-AIR FORCE, DEPARTMENT OF THE (HEADQUARTERS, USAF)","CALIFORNIA","TAS::57 3600::TAS "PLASMONIC-ENHANCED CATALYSIS""
"12.800","SAI NOT AVAILABLE","REGENTS OF THE UNIVERSITY OF C","06000","BERKELEY","001","ALAMEDA COUNTY","CALIFORNIA","947045940","Government codes: State controlled institutions of higher education","new assistance action","90","AIR FORCE-AIR FORCE, DEPARTMENT OF THE (HEADQUARTERS, USAF)","FA95501010450","","100000","","0","","100000","08/06/2010","08/15/2010","08/14/2011","project grant  (B)","action-by-action reporting","","","0606000","CALIFORNIA","BERKELEY","AIR FORCE DEFENSE RESEARCH SCIENCES PROGRAM","AIR FORCE-AIR FORCE, DEPARTMENT OF THE (HEADQUARTERS, USAF)","CALIFORNIA","TAS::57 3600::TAS "CONTINUED FUNDING FOR PRIME DEVELOPMENT""
"12.800","SAI NOT AVAILABLE","CALIFORNIA INSTITUTE OF TECHNO","56000","PASADENA","037","LOS ANGELES COUNTY","CALIFORNIA","911250001","Private: private higher education","new assistance action","90","AIR FORCE-AIR FORCE, DEPARTMENT OF THE (HEADQUARTERS, USAF)","FA95501010380","","540000","","0","","540000","07/14/2010","07/15/2010","07/14/2011","project grant  (B)","action-by-action reporting","","","0656000","CALIFORNIA","PASADENA","AIR FORCE DEFENSE RESEARCH SCIENCES PROGRAM","AIR FORCE-AIR FORCE, DEPARTMENT OF THE (HEADQUARTERS, USAF)","CALIFORNIA","TAS::57 3600::TAS "(DURIP 10) - IMAGING SURFACE NANOSTRUCTURES AND REACTIVITY BY SCANNING ULTRAFAST MICROSCOPY""
"12.800","SAI NOT AVAILABLE","SOLARMER ENERGY INC","22230","EL MONTE","037","LOS ANGELES COUNTY","CALIFORNIA","917313001","Private: small business","new assistance action","90","AIR FORCE-AIR FORCE, DEPARTMENT OF THE (HEADQUARTERS, USAF)","FA95501010495","","149717","","0","","149717","09/16/2010","09/15/2010","09/14/2013","project grant  (B)","action-by-action reporting","","","0622230","CALIFORNIA","EL MONTE","AIR FORCE DEFENSE RESEARCH SCIENCES PROGRAM","AIR FORCE-AIR FORCE, DEPARTMENT OF THE (HEADQUARTERS, USAF)","CALIFORNIA","TAS::57 3600::TAS "POLYMER DEVELOPMENT FOR HIGH EFFICIENCY ORGANIC PHOTOVOLTAIC CELLS""
"12.800","SAI NOT AVAILABLE","NEURAL INFORMATION PROCESSING","57526","PLACENTIA","059","ORANGE COUNTY","CALIFORNIA","920375800","Nonprofit agencies: other nonprofit","new assistance action","90","AIR FORCE-AIR FORCE, DEPARTMENT OF THE (HEADQUARTERS, USAF)","FA95501010375","","20000","","0","","20000","07/06/2010","07/15/2010","07/14/2011","project grant  (B)","action-by-action reporting","","","0657526","CALIFORNIA","PLACENTIA","AIR FORCE DEFENSE RESEARCH SCIENCES PROGRAM","AIR FORCE-AIR FORCE, DEPARTMENT OF THE (HEADQUARTERS, USAF)","CALIFORNIA","TAS::57 3600::TAS "2010 NEURAL INFORMATION PROCESSING SYSTEMS CONFERENCE""
"12.800","SAI NOT AVAILABLE","THE REGENTS OF THE UNIVERSITY","36770","IRVINE","059","ORANGE COUNTY","CALIFORNIA","926970001","Government codes: State controlled institutions of higher education","new assistance action","90","AIR FORCE-AIR FORCE, DEPARTMENT OF THE (HEADQUARTERS, USAF)","FA95501010310","","186579","","0","","186579","07/23/2010","08/01/2010","07/31/2013","project grant  (B)","action-by-action reporting","","","0636770","CALIFORNIA","IRVINE","AIR FORCE DEFENSE RESEARCH SCIENCES PROGRAM","AIR FORCE-AIR FORCE, DEPARTMENT OF THE (HEADQUARTERS, USAF)","CALIFORNIA","TAS::57 3600::TAS "NETSENSE: OPTIMIZING NETWORK CONFIGURATION FOR SENSING""
"12.800","SAI NOT AVAILABLE","THE REGENTS OF THE UNIVERSITY","36770","IRVINE","059","ORANGE COUNTY","CALIFORNIA","926970001","Government codes: State controlled institutions of higher education","new assistance action","90","AIR FORCE-AIR FORCE, DEPARTMENT OF THE (HEADQUARTERS, USAF)","FA95501010494","","48363","","0","","48363","08/16/2010","09/01/2010","08/31/2013","project grant  (B)","action-by-action reporting","","","0636770","CALIFORNIA","IRVINE","AIR FORCE DEFENSE RESEARCH SCIENCES PROGRAM","AIR FORCE-AIR FORCE, DEPARTMENT OF THE (HEADQUARTERS, USAF)","CALIFORNIA","TAS::57 3600::TAS  "PULSED PLASMA ARRAYS FOR TURBULENCE CONTROL""
"12.800","SAI NOT AVAILABLE","THE SCRIPPS RESEARCH INSTITUTE","57526","PLACENTIA","059","ORANGE COUNTY","CALIFORNIA","920371000","Nonprofit agencies: other nonprofit","new assistance action","90","AIR FORCE-AIR FORCE, DEPARTMENT OF THE (HEADQUARTERS, USAF)","FA95501010440","","182950","","0","","182950","08/26/2010","08/15/2010","08/14/2014","project grant  (B)","action-by-action reporting","","","0657526","CALIFORNIA","PLACENTIA","AIR FORCE DEFENSE RESEARCH SCIENCES PROGRAM","AIR FORCE-AIR FORCE, DEPARTMENT OF THE (HEADQUARTERS, USAF)","CALIFORNIA","TAS::57 3600::TAS"STRUCTURAL OPTIMIZATION OF OIL SECRETION IN ALGAE""
"12.800","SAI NOT AVAILABLE","CALIFORNIA STATE UNIVERSITY","67000","SAN FRANCISCO","075","SAN FRANCISCO COUNTY","CALIFORNIA","941321722","Government codes: State controlled institutions of higher education","new assistance action","90","AIR FORCE-AIR FORCE, DEPARTMENT OF THE (HEADQUARTERS, USAF)","FA95501010544","","287618","","0","","287618","09/23/2010","09/30/2010","09/29/2014","project grant  (B)","action-by-action reporting","","","0667000","CALIFORNIA","SAN FRANCISCO","AIR FORCE DEFENSE RESEARCH SCIENCES PROGRAM","AIR FORCE-AIR FORCE, DEPARTMENT OF THE (HEADQUARTERS, USAF)","CALIFORNIA","TAS::57 3600::TAS"EMOTION AND INTERGROUP""
"12.800","SAI NOT AVAILABLE","LELAND STANFORD JUNIOR UNIVERS","73906","STANFORD","085","SANTA CLARA COUNTY","CALIFORNIA","943057209","Private: private higher education","new assistance action","90","AIR FORCE-AIR FORCE, DEPARTMENT OF THE (HEADQUARTERS, USAF)","FA95501010360","","114261","","0","","114261","07/12/2010","07/15/2010","07/14/2013","project grant  (B)","action-by-action reporting","","","0673906","CALIFORNIA","STANFORD","AIR FORCE DEFENSE RESEARCH SCIENCES PROGRAM","AIR FORCE-AIR FORCE, DEPARTMENT OF THE (HEADQUARTERS, USAF)","CALIFORNIA","TAS::57 3600::TAS"DISTRIBUTED MATRIX COMPLETION: APPLICATION TO COOPERATIVE POSITIONING IN NOISY ENVIRONMENTS""
"12.800","SAI NOT AVAILABLE","LELAND STANFORD JUNIOR UNIVERS","73906","STANFORD","085","SANTA CLARA COUNTY","CALIFORNIA","943057209","Private: private higher education","new assistance action","90","AIR FORCE-AIR FORCE, DEPARTMENT OF THE (HEADQUARTERS, USAF)","FA95501010539","","100000","","0","","100000","09/16/2010","09/15/2010","09/14/2011","project grant  (B)","action-by-action reporting","","","0673906","CALIFORNIA","STANFORD","AIR FORCE DEFENSE RESEARCH SCIENCES PROGRAM","AIR FORCE-AIR FORCE, DEPARTMENT OF THE (HEADQUARTERS, USAF)","CALIFORNIA","TAS::57 3600::TAS "CONTROL-ORIENTED AEROELASTIC REDUCED-ORDER MODELING OF FIGHTERS""
"12.800","SAI NOT AVAILABLE","LELAND STANFORD JUNIOR UNIVERS","73906","STANFORD","085","SANTA CLARA COUNTY","CALIFORNIA","943057209","Private: private higher education","new assistance action","90","AIR FORCE-AIR FORCE, DEPARTMENT OF THE (HEADQUARTERS, USAF)","FA95501010503","","1000000","","0","","1000000","08/27/2010","09/01/2010","08/31/2011","project grant  (B)","action-by-action reporting","","","0673906","CALIFORNIA","STANFORD","AIR FORCE DEFENSE RESEARCH SCIENCES PROGRAM","AIR FORCE-AIR FORCE, DEPARTMENT OF THE (HEADQUARTERS, USAF)","CALIFORNIA","TAS::97 0130::TAS  "STANFORD CENTER FOR MILITARY PHOTOMEDICINE""
"81.113","SAI EXEMPT","UNIVERSITY OF CALIFORNIA, LOS ANGELES","44000","LOS ANGELES","037","LOS ANGELES COUNTY","CALIFORNIA","900951406","Government codes: State controlled institutions of higher education","new assistance action","90","ENERGY, DEPARTMENT OF","DENA0000548     A000","","280000","","0","","280000","07/20/2010","07/20/2010","06/30/2011","project grant  (B)","action-by-action reporting","","","0644000","CALIFORNIA","LOS ANGELES","DEFENSE NUCLEAR NONPROLIFERATION RESEARCH","ENERGY, DEPARTMENT OF","CALIFORNIA","TAS::89 0309::TAS A PARTICLE ACCELERATOR ON A CHIP FOR RADIONUCLIDE REPLACEMENT IN INDUSTRIAL APPLICATIONS"
"81.113","SAI EXEMPT","PRESIDENT AND FELLOWS OF MIDDLEBURY COLLEGE","48872","MONTEREY","053","MONTEREY COUNTY","CALIFORNIA","939402658","Nonprofit agencies: other nonprofit","new assistance action","17","ENERGY, DEPARTMENT OF","DENA0000641     A000","","366472","","0","","366472","09/29/2010","09/29/2010","08/04/2011","project grant  (B)","action-by-action reporting","","","0648872","CALIFORNIA","MONTEREY","DEFENSE NUCLEAR NONPROLIFERATION RESEARCH","ENERGY, DEPARTMENT OF","CALIFORNIA","TAS::89 0309::TAS BUILDING ASIA'S EXPORT CONTROL CAPACITY: VISITING FELLOWSHIPS FOR ASIAN EXPORT CONTROL OFFICIALS AND EXPERTS"
"81.113","SAI NOT AVAILABLE","GENERAL ATOMICS","66000","SAN DIEGO","073","SAN DIEGO COUNTY","CALIFORNIA","921865608","Private: profit organization","new assistance action","90","ENERGY, DEPARTMENT OF","DENA0000757     A000","","5482722","","0","","5482722","09/28/2010","09/28/2010","12/31/2011","cooperative agreement  (B)","action-by-action reporting","","","0666000","CALIFORNIA","SAN DIEGO","DEFENSE NUCLEAR NONPROLIFERATION RESEARCH","ENERGY, DEPARTMENT OF","CALIFORNIA","TAS::89 0309::TAS  PR TRACKING NUMBER 52-10NA30130.000  COOPERATIVE AGREEMENT FOR PHASE 1 FOR LEU TARGET-BASED M099 PRODUCTION"
"81.113","SAI EXEMPT","UNIVERSITY OF CALIFORNIA, DAVIS","18100","DAVIS","113","YOLO COUNTY","CALIFORNIA","956186134","Government codes: State controlled institutions of higher education","new assistance action","90","ENERGY, DEPARTMENT OF","DENA0000546     A000","","162000","","0","","162000","07/28/2010","07/28/2010","06/17/2011","project grant  (B)","action-by-action reporting","","","0618100","CALIFORNIA","DAVIS","DEFENSE NUCLEAR NONPROLIFERATION RESEARCH","ENERGY, DEPARTMENT OF","CALIFORNIA","TAS::89 0309::TAS MODELING AND RADIATION TRANSPORT FOR SIMULATING INPUT TO REMOTE SENSING ALGORITHMS (PDP10-41)"
"47.050","SAI EXEMPT","UCAR","07850","BOULDER","013","BOULDER COUNTY","COLORADO","803055602","Private: all other","continuation (funding in succeeding budget period which stemmed from prior agreement to fund - amount of the current action)","90","NATIONAL SCIENCE FOUNDATION","AGS-0936097-006","","570300","","0","","570300","09/17/2010","10/01/2008","09/30/2013","cooperative agreement  (B)","action-by-action reporting","","","0807850","COLORADO","BOULDER","GEOSCIENCES","NATIONAL SCIENCE FOUNDATION","COLORADO","DEFENSE THREAT REDUCTION AGENCY (DTRA) SUPPORT FOR NCAR ACTIVITIES (2008-2013)"
"47.050","SAI EXEMPT","UCAR","07850","BOULDER","013","BOULDER COUNTY","COLORADO","803055602","Private: all other","continuation (funding in succeeding budget period which stemmed from prior agreement to fund - amount of the current action)","90","NATIONAL SCIENCE FOUNDATION","AGS-0936097-005","","475250","","0","","475250","09/03/2010","10/01/2008","09/30/2013","cooperative agreement  (B)","action-by-action reporting","","","0807850","COLORADO","BOULDER","GEOSCIENCES","NATIONAL SCIENCE FOUNDATION","COLORADO","DEFENSE THREAT REDUCTION AGENCY (DTRA) SUPPORT FOR NCAR ACTIVITIES (2008-2013)"
"12.800","SAI NOT AVAILABLE","CENTER FOR SPACE ENTREPRENEURS","07850","BOULDER","013","BOULDER COUNTY","COLORADO","803037817","Private: all other","new assistance action","90","AIR FORCE-AIR FORCE, DEPARTMENT OF THE (HEADQUARTERS, USAF)","FA94531020004","","1401849","","0","","1401849","09/27/2010","09/15/2010","09/17/2012","cooperative agreement  (B)","action-by-action reporting","","","0807850","COLORADO","BOULDER","AIR FORCE DEFENSE RESEARCH SCIENCES PROGRAM","AIR FORCE-AIR FORCE, DEPARTMENT OF THE (HEADQUARTERS, USAF)","COLORADO","CENTER FOR ENTREPRENEURIAL SPACE"
"12.800","SAI NOT AVAILABLE","UNIVERSITY OF COLORADO","07850","BOULDER","013","BOULDER COUNTY","COLORADO","803090001","Government codes: State controlled institutions of higher education","new assistance action","90","AIR FORCE-AIR FORCE, DEPARTMENT OF THE (HEADQUARTERS, USAF)","FA95501010413","","199326","","0","","199326","07/21/2010","08/01/2010","07/31/2011","project grant  (B)","action-by-action reporting","","","0807850","COLORADO","BOULDER","AIR FORCE DEFENSE RESEARCH SCIENCES PROGRAM","AIR FORCE-AIR FORCE, DEPARTMENT OF THE (HEADQUARTERS, USAF)","COLORADO","TAS::57 3600::TAS "PROTECTING SUPERCONDUCTING HTS-ANTENNAS BY META-MATERIAL CLOAKS""
"12.800","SAI NOT AVAILABLE","UNIVERSITY OF COLORADO","07850","BOULDER","013","BOULDER COUNTY","COLORADO","803090001","Government codes: State controlled institutions of higher education","new assistance action","90","AIR FORCE-AIR FORCE, DEPARTMENT OF THE (HEADQUARTERS, USAF)","FA95501010177","","130000","","0","","130000","08/27/2010","09/01/2010","08/31/2013","project grant  (B)","action-by-action reporting","","","0807850","COLORADO","BOULDER","AIR FORCE DEFENSE RESEARCH SCIENCES PROGRAM","AIR FORCE-AIR FORCE, DEPARTMENT OF THE (HEADQUARTERS, USAF)","COLORADO","TAS::57 3600::TAS"LEARNING EFFECTIVE REPRESENTATIONS FOR DYNAMIC TASKS""
"12.800","SAI NOT AVAILABLE","TRUSTEES OF THE COLORADO SCHOO","30835","GOLDEN","059","JEFFERSON COUNTY","COLORADO","804011887","Government codes: State controlled institutions of higher education","new assistance action","90","AIR FORCE-AIR FORCE, DEPARTMENT OF THE (HEADQUARTERS, USAF)","FA95501010394","","151956","","0","","151956","07/15/2010","08/01/2010","07/31/2011","project grant  (B)","action-by-action reporting","","","0830835","COLORADO","GOLDEN","AIR FORCE DEFENSE RESEARCH SCIENCES PROGRAM","AIR FORCE-AIR FORCE, DEPARTMENT OF THE (HEADQUARTERS, USAF)","COLORADO","TAS::57 3600::TAS "ULTRAFAST BEAM FILAMENTATION: SPATIO-TEMPORAL CHARACTERIZATION AND CONTROL""
"47.074","SAI EXEMPT","UNIV OF CONNECTICUT","73980","STORRS","013","TOLLAND COUNTY","CONNECTICUT","062691133","Government codes: State controlled institutions of higher education","continuation (funding in succeeding budget period which stemmed from prior agreement to fund - amount of the current action)","02","NATIONAL SCIENCE FOUNDATION","IOS-0844715-003","","6000","","0","","6000","07/13/2010","04/01/2009","03/31/2011","project grant  (B)","action-by-action reporting","","","0973980","CONNECTICUT","STORRS","BIOLOGICAL SCIENCES","NATIONAL SCIENCE FOUNDATION","CONNECTICUT","CYCLIC NUCLEOTIDE GATED CA CHANNELS AND NON-SELF PERCEPTION IN PLANT PATHOGEN DEFENSE RESPONSES"
"12.800","SAI NOT AVAILABLE","UNITED TECHNOLOGIES CORPORATIO","22700","EAST HARTFORD","003","HARTFORD COUNTY","CONNECTICUT","061080968","Private: profit organization","new assistance action","90","AIR FORCE-AIR FORCE, DEPARTMENT OF THE (HEADQUARTERS, USAF)","FA86501025222","","2648388","","883002","","3531390","09/15/2010","10/01/2010","01/01/2014","cooperative agreement  (B)","action-by-action reporting","","","0922700","CONNECTICUT","EAST HARTFORD","AIR FORCE DEFENSE RESEARCH SCIENCES PROGRAM","AIR FORCE-AIR FORCE, DEPARTMENT OF THE (HEADQUARTERS, USAF)","CONNECTICUT","FA8650-10-2-5222 (MAI II AGREEMENT ORDER 28)"
"12.800","SAI NOT AVAILABLE","UNITED TECHNOLOGIES CORPORATIO","22700","EAST HARTFORD","003","HARTFORD COUNTY","CONNECTICUT","061181127","Private: profit organization","funding adjustment to completed project","90","AIR FORCE-AIR FORCE, DEPARTMENT OF THE (HEADQUARTERS, USAF)","FA86500622601   0022","","190930","","73270","","264200","07/02/2010","12/30/2005","01/31/2012","cooperative agreement  (B)","action-by-action reporting","","","0922700","CONNECTICUT","EAST HARTFORD","AIR FORCE DEFENSE RESEARCH SCIENCES PROGRAM","AIR FORCE-AIR FORCE, DEPARTMENT OF THE (HEADQUARTERS, USAF)","CONNECTICUT","POWER DENSE SOLID OXIDE FUEL CELL POWER UNITS FOR MILITARY APPLICATIONS"
"12.800","SAI NOT AVAILABLE","WESLEYAN UNIVERSITY","47290","MIDDLETOWN","007","MIDDLESEX COUNTY","CONNECTICUT","064593208","Private: private higher education","new assistance action","90","AIR FORCE-AIR FORCE, DEPARTMENT OF THE (HEADQUARTERS, USAF)","FA95501010433","","35392","","0","","35392","08/02/2010","08/01/2010","07/31/2013","project grant  (B)","action-by-action reporting","","","0947290","CONNECTICUT","MIDDLETOWN","AIR FORCE DEFENSE RESEARCH SCIENCES PROGRAM","AIR FORCE-AIR FORCE, DEPARTMENT OF THE (HEADQUARTERS, USAF)","CONNECTICUT","TAS::57 3600::TAS "AB INITIO APPROACH TO NONLINEAR DYNAMICS OF COLLECTIVE EXCITATIONS IN NETWORKS OF COUPLED OPTICAL MICRORESONATORS""
"12.800","SAI NOT AVAILABLE","UNIVERSITY OF CONNECTICUT","73980","STORRS","013","TOLLAND COUNTY","CONNECTICUT","062699019","Government codes: State controlled institutions of higher education","new assistance action","02","AIR FORCE-AIR FORCE, DEPARTMENT OF THE (HEADQUARTERS, USAF)","FA95501010462","","72884","","0","","72884","08/10/2010","09/01/2010","08/31/2013","project grant  (B)","action-by-action reporting","","","0973980","CONNECTICUT","STORRS","AIR FORCE DEFENSE RESEARCH SCIENCES PROGRAM","AIR FORCE-AIR FORCE, DEPARTMENT OF THE (HEADQUARTERS, USAF)","CONNECTICUT","TAS::57 3600::TAS  "DEVELOPMENT OF ANISOTROPIC THERMAL TRANSPORT MATERIAL""
"12.800","SAI NOT AVAILABLE","UNIVERSITY OF DELAWARE","50670","NEWARK","003","NEW CASTLE COUNTY","DELAWARE","197113649","Government codes: State controlled institutions of higher education","new assistance action","00","AIR FORCE-AIR FORCE, DEPARTMENT OF THE (HEADQUARTERS, USAF)","FA95501010363","","75000","","0","","75000","07/01/2010","07/01/2010","11/30/2010","project grant  (B)","action-by-action reporting","","","1050670","DELAWARE","NEWARK","AIR FORCE DEFENSE RESEARCH SCIENCES PROGRAM","AIR FORCE-AIR FORCE, DEPARTMENT OF THE (HEADQUARTERS, USAF)","DELAWARE","TAS::57 3600::TAS "SILICON PROCESSORS USING ORGANICALLY RECONFIGURABLE TECHNIQUES (SPORT)""
"81.113","SAI EXEMPT","UNIVERSITY OF DELAWARE","50670","NEWARK","003","NEW CASTLE COUNTY","DELAWARE","197164602","Government codes: State controlled institutions of higher education","new assistance action","00","ENERGY, DEPARTMENT OF","DENA0000585     A000","","273500","","0","","273500","07/26/2010","07/26/2010","07/22/2013","project grant  (B)","action-by-action reporting","","","1050670","DELAWARE","NEWARK","DEFENSE NUCLEAR NONPROLIFERATION RESEARCH","ENERGY, DEPARTMENT OF","DELAWARE","TAS::89 0309::TAS MULTI-ELEMENT POLARIMETRIC MILLIMETER WAVE RADIOMETER (PDP10-80) IN SUPPORT OF NA-221"
"11.609","EXE","THE GEORGE WASHINGTON UNIVERSITY","50000","WASHINGTON","001","DISTRICT OF COLUMBIA","DISTRICT OF COLUMBIA","20052","Private: private higher education","new assistance action","98","DEPT. OF COMM. - NAT'L INSTITUTE OF STANDARDS & TECHNOLOGY","70NANB10H302    0","","28138","","0","","28138","09/19/2010","10/01/2010","09/30/2013","cooperative agreement  (B)","action-by-action reporting","","","1150000","DISTRICT OF COLUMBIA","WASHINGTON","MEASUREMENT & ENGINEERING RESEARCH & STANDARDS","DEPT. OF COMM. - NAT'L INSTITUTE OF STANDARDS & TECHNOLOGY","DISTRICT OF COLUMBIA","MODELING, SIMULATION AND ANALYSIS GUIDANCE FOR HOMELAND DEFENSE APPLICATIONS."
"16.746","SAI NOT AVAILABLE","NATIONAL ASSOCIATION OF CRIMINAL","50000","WASHINGTON","001","DISTRICT OF COLUMBIA","DISTRICT OF COLUMBIA","20036","Nonprofit agencies: other nonprofit","new assistance action","98","DOJ-OFFICE OF JUSTICE PROGRAMS","2010CPBXK002","","322318","","0","","322318","08/30/2010","10/01/2010","09/30/2012","project grant  (B)","action-by-action reporting","","","1150000","DISTRICT OF COLUMBIA","WASHINGTON","CAPITAL CASE LITIGATION","DOJ-OFFICE OF JUSTICE PROGRAMS","DISTRICT OF COLUMBIA","TRAININGS FOR CAPITAL DEFENSE TEAM MEMBERS"
"12.300","SAI NOT AVAILABLE","CENTER FOR STRATEGIC AND INTER","50000","WASHINGTON","001","DISTRICT OF COLUMBIA","DISTRICT OF COLUMBIA","200062230","Nonprofit agencies: other nonprofit","new assistance action","98","NAVY-NAVAL RESEARCH, OFFICE OF","N002441010081","","119378","","0","","119378","09/28/2010","09/28/2010","09/27/2011","project grant  (B)","action-by-action reporting","","","1150000","DISTRICT OF COLUMBIA","WASHINGTON","BASIC AND APPLIED SCIENTIFIC RESEARCH","NAVY-NAVAL RESEARCH, OFFICE OF","DISTRICT OF COLUMBIA","WALL STREET AND THE PENTAGON: ACQUISITION POLICIES AND THEIR IMPACT ON DEFENSE CONTRACTOR'S ACCESS TO CAPITAL"
"12.800","SAI NOT AVAILABLE","GEORGETOWN UNIVERSITY","50000","WASHINGTON","001","DISTRICT OF COLUMBIA","DISTRICT OF COLUMBIA","200570001","Private: private higher education","new assistance action","98","AIR FORCE-AIR FORCE, DEPARTMENT OF THE (HEADQUARTERS, USAF)","FA95501010473","","187180","","0","","187180","08/27/2010","09/01/2010","08/31/2013","project grant  (B)","action-by-action reporting","","","1150000","DISTRICT OF COLUMBIA","WASHINGTON","AIR FORCE DEFENSE RESEARCH SCIENCES PROGRAM","AIR FORCE-AIR FORCE, DEPARTMENT OF THE (HEADQUARTERS, USAF)","DISTRICT OF COLUMBIA","TAS::57 3600::TAS "ENGINEERING ROBUST NATURAL NANOCOMPOSITE NETWORKS,""
"12.800","SAI NOT AVAILABLE","OPTICAL SOCIETY OF AMERICA","50000","WASHINGTON","001","DISTRICT OF COLUMBIA","DISTRICT OF COLUMBIA","200361012","Nonprofit agencies: other nonprofit","new assistance action","98","AIR FORCE-AIR FORCE, DEPARTMENT OF THE (HEADQUARTERS, USAF)","FA95501010405","","15000","","0","","15000","07/15/2010","07/15/2010","03/14/2011","project grant  (B)","action-by-action reporting","","","1150000","DISTRICT OF COLUMBIA","WASHINGTON","AIR FORCE DEFENSE RESEARCH SCIENCES PROGRAM","AIR FORCE-AIR FORCE, DEPARTMENT OF THE (HEADQUARTERS, USAF)","DISTRICT OF COLUMBIA","TAS::57 3600::TAS "LASERFEST AND AFOSR AUGUST 6TH EVENT""
"81.113","SAI NOT AVAILABLE","INCORPORATED RESEARCH INSTITUTIONS FOR SEISMO","50000","WASHINGTON","001","DISTRICT OF COLUMBIA","DISTRICT OF COLUMBIA","200056142","Private: private higher education","new assistance action","98","ENERGY, DEPARTMENT OF","DENA0000750     A000","","250000","","0","","250000","09/22/2010","09/22/2010","09/30/2011","project grant  (B)","action-by-action reporting","","","1150000","DISTRICT OF COLUMBIA","WASHINGTON","DEFENSE NUCLEAR NONPROLIFERATION RESEARCH","ENERGY, DEPARTMENT OF","DISTRICT OF COLUMBIA","TAS::89 0309::TAS  MODERNIZATION OF INSTRUMENTATION AT NINE GLOBAL SEISMOGRAPHIC NETWORK (GSN) STATIONS  CONTRACT SPECIALIST - LUANN GADBERRY, PH: 50"
"12.420","SAI NOT AVAILABLE","FLORIDA INTERNATIONAL UNIVERSI","45000","MIAMI","086","MIAMI-DADE COUNTY","FLORIDA","331990001","Government codes: State controlled institutions of higher education","new assistance action","90","ARMY,DEPT. OF THE (EXC. CORPS OF ENGINEERS CIVIL PROGRAM)","W81XWH1010732","","1401000","","0","","1401000","09/16/2010","09/20/2010","10/19/2012","project grant  (B)","action-by-action reporting","","","1245000","FLORIDA","MIAMI","MILITARY MEDICAL RESEARCH AND DEVELOPMENT","ARMY,DEPT. OF THE (EXC. CORPS OF ENGINEERS CIVIL PROGRAM)","FLORIDA","¿MASS SCALE BIOSENSOR THREAT DIANOSTIC FOR IN-THEATER DEFENSE UTILIZATION¿"
"12.800","SAI NOT AVAILABLE","UNIVERSITY OF FLORIDA","25175","GAINESVILLE","001","ALACHUA COUNTY","FLORIDA","326115500","Government codes: State controlled institutions of higher education","new assistance action","90","AIR FORCE-AIR FORCE, DEPARTMENT OF THE (HEADQUARTERS, USAF)","FA95501010429","","61784","","0","","61784","07/30/2010","08/01/2010","07/31/2013","project grant  (B)","action-by-action reporting","","","1225175","FLORIDA","GAINESVILLE","AIR FORCE DEFENSE RESEARCH SCIENCES PROGRAM","AIR FORCE-AIR FORCE, DEPARTMENT OF THE (HEADQUARTERS, USAF)","FLORIDA","TAS::57 3600::TAS "MODELING HIGH STRAIN RATE DEFORMATION AND FAILURE OF TITANIUM""
"12.800","SAI NOT AVAILABLE","FLORIDA STATE UNIVERSITY, THE","70600","TALLAHASSEE","073","LEON COUNTY","FLORIDA","323064166","Government codes: State controlled institutions of higher education","new assistance action","90","AIR FORCE-AIR FORCE, DEPARTMENT OF THE (HEADQUARTERS, USAF)","FA86511010011","","99975","","0","","99975","07/06/2010","07/06/2010","09/10/2010","project grant  (B)","action-by-action reporting","","","1270600","FLORIDA","TALLAHASSEE","AIR FORCE DEFENSE RESEARCH SCIENCES PROGRAM","AIR FORCE-AIR FORCE, DEPARTMENT OF THE (HEADQUARTERS, USAF)","FLORIDA","TAS # 573600 - "DIVERSITY IN RESEARCH AND ENGINEERING OF ADVANCED MATERIALS""
"12.800","SAI NOT AVAILABLE","FLORIDA STATE UNIVERSITY, THE","70600","TALLAHASSEE","073","LEON COUNTY","FLORIDA","323064166","Government codes: State controlled institutions of higher education","new assistance action","90","AIR FORCE-AIR FORCE, DEPARTMENT OF THE (HEADQUARTERS, USAF)","FA86511010007","","143113","","0","","143113","08/31/2010","08/31/2010","11/30/2011","project grant  (B)","action-by-action reporting","","","1270600","FLORIDA","TALLAHASSEE","AIR FORCE DEFENSE RESEARCH SCIENCES PROGRAM","AIR FORCE-AIR FORCE, DEPARTMENT OF THE (HEADQUARTERS, USAF)","FLORIDA","** TAS 57 3600 **  "ADAPTIVE ROBOTIC MULTI-MODAL SYSTEMS (ARM2S)""
"12.401","SAI NOT AVAILABLE","DEFENSE, GEORGIA DEPARTMENT OF","04000","ATLANTA","121","FULTON COUNTY","GEORGIA","303162531","Government codes: State government","new assistance action","90","ARMY,DEPT. OF THE (EXC. CORPS OF ENGINEERS CIVIL PROGRAM)","W912JM1029061","","1120000","","0","","1120000","07/20/2010","07/20/2010","09/30/2010","cooperative agreement  (B)","action-by-action reporting","","","1304000","GEORGIA","ATLANTA","NATIONAL GUARD MILTARY OPERATIONS &  MAINTENANCE PROJECTS","ARMY,DEPT. OF THE (EXC. CORPS OF ENGINEERS CIVIL PROGRAM)","GEORGIA","INITIAL FUNDING FOR ARRA DINING FAC RENOVATION PN: 130132"
"12.401","SAI NOT AVAILABLE","DEFENSE, GEORGIA DEPARTMENT OF","04000","ATLANTA","121","FULTON COUNTY","GEORGIA","303162531","Government codes: State government","new assistance action","90","ARMY,DEPT. OF THE (EXC. CORPS OF ENGINEERS CIVIL PROGRAM)","W912JM1029061","","1120000","","0","","1120000","07/20/2010","07/20/2010","09/30/2010","cooperative agreement  (B)","action-by-action reporting","","","1304000","GEORGIA","ATLANTA","NATIONAL GUARD MILTARY OPERATIONS &  MAINTENANCE PROJECTS","ARMY,DEPT. OF THE (EXC. CORPS OF ENGINEERS CIVIL PROGRAM)","GEORGIA","INITIAL FUNDING FOR ARRA DINING FACILITY RENOVATION PROJ NO. 130132"
"12.800","SAI NOT AVAILABLE","EMORY UNIVERSITY","04000","ATLANTA","121","FULTON COUNTY","GEORGIA","303221018","Private: private higher education","new assistance action","90","AIR FORCE-AIR FORCE, DEPARTMENT OF THE (HEADQUARTERS, USAF)","FA95501010359","","144964","","0","","144964","07/12/2010","07/15/2010","07/14/2013","project grant  (B)","action-by-action reporting","","","1304000","GEORGIA","ATLANTA","AIR FORCE DEFENSE RESEARCH SCIENCES PROGRAM","AIR FORCE-AIR FORCE, DEPARTMENT OF THE (HEADQUARTERS, USAF)","GEORGIA","TAS::57 3600::TAS"REPROGRAMMING MICROBES FOR THE REMOTE DETECTION OF ENVIRONMENTAL THREATS,""
"12.800","SAI NOT AVAILABLE","GEORGIA TECH RESEARCH CORPORAT","04000","ATLANTA","121","FULTON COUNTY","GEORGIA","303320001","Government codes: State controlled institutions of higher education","new assistance action","90","AIR FORCE-AIR FORCE, DEPARTMENT OF THE (HEADQUARTERS, USAF)","FA95501010358","","165849","","0","","165849","07/02/2010","07/15/2010","07/14/2011","project grant  (B)","action-by-action reporting","","","1304000","GEORGIA","ATLANTA","AIR FORCE DEFENSE RESEARCH SCIENCES PROGRAM","AIR FORCE-AIR FORCE, DEPARTMENT OF THE (HEADQUARTERS, USAF)","GEORGIA","TAS::57 3600::TAS"(DURIP-10) APTAMER PANNING AND PRECIPITATION SYSTEM""
"81.113","SAI EXEMPT","GEORGIA TECH RESEARCH CORPORATION","04000","ATLANTA","121","FULTON COUNTY","GEORGIA","303320420","Government codes: State controlled institutions of higher education","new assistance action","90","ENERGY, DEPARTMENT OF","DENA0000417     A000","","850000","","0","","850000","07/08/2010","07/08/2010","07/11/2013","project grant  (B)","action-by-action reporting","","","1304000","GEORGIA","ATLANTA","DEFENSE NUCLEAR NONPROLIFERATION RESEARCH","ENERGY, DEPARTMENT OF","GEORGIA","TAS::89 0309::TAS  ULTRAFAST LARGE AREA ZNO THERMAL NEUTRON SCINTILLATORS FOR A NEAR TERM REPLACEMENT OF 3HE (PDP10-18)"
"81.113","SAI EXEMPT","UNIVERSITY OF GEORGIA RESEARCH FOUNDATION INC","04000","ATLANTA","121","FULTON COUNTY","GEORGIA","306020000","Government codes: State controlled institutions of higher education","funding adjustment to completed project","90","ENERGY, DEPARTMENT OF","FG52-05NA25800  A007","-","3202","","0","-","3202","08/12/2010","02/14/2005","02/14/2007","project grant  (B)","action-by-action reporting","","","1304000","GEORGIA","ATLANTA","DEFENSE NUCLEAR NONPROLIFERATION RESEARCH","ENERGY, DEPARTMENT OF","GEORGIA","ENHANCING NUCLEAR EXPORT CONTROLS IN RUSSIA AND CHINA"
"16.540","SAI NOT AVAILABLE","HAWAII DEPARTMENT OF DEFENSE","17000","HONOLULU","003","HONOLULU COUNTY","HAWAII","96816","Government codes: State government","new assistance action","90","DOJ-OFFICE OF JUSTICE PROGRAMS","2010JFFX0014","","600000","","0","","600000","07/07/2010","10/01/2009","09/30/2012","project grant  (B)","action-by-action reporting","","","1517000","HAWAII","HONOLULU","JUVENILE JUSTICE AND DELINQUENCY PREVENTION-ALLOCATION TO STATES","DOJ-OFFICE OF JUSTICE PROGRAMS","HAWAII","2010 TITLE II FORMULA GRANTS PROGRAM"
"12.404","SAI NOT AVAILABLE","DEFENSE, HAWAII DEPARTMENT OF","17000","HONOLULU","003","HONOLULU COUNTY","HAWAII","968164413","Government codes: State government","new assistance action","90","ARMY,DEPT. OF THE (EXC. CORPS OF ENGINEERS CIVIL PROGRAM)","W912J60521040","","600000","","0","","600000","07/01/2010","07/01/2010","12/31/2010","cooperative agreement  (B)","action-by-action reporting","","","1517000","HAWAII","HONOLULU","NATIONAL GUARD CIVILIAN YOUTH OPPORTUNITIES","ARMY,DEPT. OF THE (EXC. CORPS OF ENGINEERS CIVIL PROGRAM)","HAWAII","4002 HAWAII ARMY NATIONAL GUARD YOUTH PROGRAMS"
"97.037","SAI NOT AVAILABLE","DEPARTMENT OF DEFENSE","17000","HONOLULU","003","HONOLULU COUNTY","HAWAII","968164495","Government codes: State government","continuation (funding in succeeding budget period which stemmed from prior agreement to fund - amount of the current action)","90","DHS-FEDERAL EMERGENCY MANAGEMENT AGENCY","1814DRHITTHP     01","","15000","","0","","15000","07/07/2010","01/09/2009","09/30/2009","project grant  (B)","action-by-action reporting","","","1517000","HAWAII","HONOLULU","DISASTER HOUSING PROGRAM","DHS-FEDERAL EMERGENCY MANAGEMENT AGENCY","HAWAII","GRANT TO LOCAL GOVERNMENT FOR REPAIR OR REPLACEMENT OF DISASTER DAMAGED FACILITIES"
"97.039","SAI NOT AVAILABLE","DEPARTMENT OF DEFENSE","17000","HONOLULU","003","HONOLULU COUNTY","HAWAII","968164495","Government codes: State government","continuation (funding in succeeding budget period which stemmed from prior agreement to fund - amount of the current action)","90","DHS-FEDERAL EMERGENCY MANAGEMENT AGENCY","1664DRHIP00000005","","479296","","0","","479296","09/07/2010","04/06/2007","09/30/2007","project grant  (B)","action-by-action reporting","","","1517000","HAWAII","HONOLULU","HAZARD MITIGATION GRANT","DHS-FEDERAL EMERGENCY MANAGEMENT AGENCY","HAWAII","GRANT TO LOCAL GOVERNMENT FOR REPAIR OR REPLACEMENT OF DISASTER DAMAGED FACILITIES"
"81.122","SAI EXEMPT","CRITICAL INTELLIGENCE INC.","39700","IDAHO FALLS","019","BONNEVILLE COUNTY","IDAHO","834046236","Private: profit organization","new assistance action","02","ENERGY, DEPARTMENT OF","DEOE0000474     A000","","463176","","185200","","648376","08/13/2010","08/13/2010","08/12/2013","cooperative agreement  (B)","action-by-action reporting","","","1639700","IDAHO","IDAHO FALLS","ELECTRICITY DELIVERY AND ENERGY RELIABILITY, RESEARCH & DEVELOPMENT","ENERGY, DEPARTMENT OF","IDAHO","TAS::89 0328::TAS RECOVERY - NEW AWARD CRITICAL INTELLIGENCE, INC., A CRITICAL INTELLIGENCE APT DEFENSE"
"47.075","SAI EXEMPT","AMERICAN BAR FOUNDATION","14000","CHICAGO","031","COOK COUNTY","ILLINOIS","606114403","Nonprofit agencies: other nonprofit","continuation (funding in succeeding budget period which stemmed from prior agreement to fund - amount of the current action)","90","NATIONAL SCIENCE FOUNDATION","SES-0850432-002","","7892","","0","","7892","07/14/2010","04/01/2009","03/31/2012","project grant  (B)","action-by-action reporting","","","1714000","ILLINOIS","CHICAGO","SOCIAL, BEHAVIORAL AND ECONOMIC SCIENCES","NATIONAL SCIENCE FOUNDATION","ILLINOIS","LAWYERS IN THE PURSUIT OF BASIC LEGAL RIGHTS: CRIMINAL DEFENSE IN CHINA"
"12.800","SAI NOT AVAILABLE","UNIVERSITY OF ILLINOIS","77005","URBANA","019","CHAMPAIGN COUNTY","ILLINOIS","618013620","Government codes: State controlled institutions of higher education","new assistance action","15","AIR FORCE-AIR FORCE, DEPARTMENT OF THE (HEADQUARTERS, USAF)","FA95501010456","","297300","","0","","297300","08/13/2010","08/15/2010","08/14/2013","project grant  (B)","action-by-action reporting","","","1777005","ILLINOIS","URBANA","AIR FORCE DEFENSE RESEARCH SCIENCES PROGRAM","AIR FORCE-AIR FORCE, DEPARTMENT OF THE (HEADQUARTERS, USAF)","ILLINOIS","TAS::57 3600::TAS "FEMTOSECOND AMPLIFIERS AND MICROLASERS IN DEEP ULTRAVIOLET""
"12.800","SAI NOT AVAILABLE","UNIVERSITY OF ILLINOIS","77005","URBANA","019","CHAMPAIGN COUNTY","ILLINOIS","618013620","Government codes: State controlled institutions of higher education","new assistance action","15","AIR FORCE-AIR FORCE, DEPARTMENT OF THE (HEADQUARTERS, USAF)","FA95501010432","","79211","","0","","79211","08/10/2010","08/15/2010","08/14/2014","project grant  (B)","action-by-action reporting","","","1777005","ILLINOIS","URBANA","AIR FORCE DEFENSE RESEARCH SCIENCES PROGRAM","AIR FORCE-AIR FORCE, DEPARTMENT OF THE (HEADQUARTERS, USAF)","ILLINOIS","TAS::57 3600::TAS "JET CRACKLE""
"12.800","SAI NOT AVAILABLE","UNIVERSITY OF ILLINOIS","77005","URBANA","019","CHAMPAIGN COUNTY","ILLINOIS","618013620","Government codes: State controlled institutions of higher education","new assistance action","15","AIR FORCE-AIR FORCE, DEPARTMENT OF THE (HEADQUARTERS, USAF)","FA95501010459","","156857","","0","","156857","08/04/2010","08/15/2010","08/14/2013","project grant  (B)","action-by-action reporting","","","1777005","ILLINOIS","URBANA","AIR FORCE DEFENSE RESEARCH SCIENCES PROGRAM","AIR FORCE-AIR FORCE, DEPARTMENT OF THE (HEADQUARTERS, USAF)","ILLINOIS","TAS::57 3600::TAS "TOPOLOGICAL QUANTUM INFORMATION PROCESSING MEDIATED VIA HYBRID TOPOLOGICAL INSULATOR STRUCTURES""
"81.113","SAI EXEMPT","UNIVERSITY OF ILLINOIS","12385","CHAMPAIGN","019","CHAMPAIGN COUNTY","ILLINOIS","618207406","Government codes: State controlled institutions of higher education","continuation (funding in succeeding budget period which stemmed from prior agreement to fund - amount of the current action)","15","ENERGY, DEPARTMENT OF","FG52-09NA29456  A001","","160000","","0","","160000","08/09/2010","08/31/2009","08/31/2011","project grant  (B)","action-by-action reporting","","","1712385","ILLINOIS","CHAMPAIGN","DEFENSE NUCLEAR NONPROLIFERATION RESEARCH","ENERGY, DEPARTMENT OF","ILLINOIS","QUANTUM SIMULATIONS FOR DENSE MATTER - NA-121-1"
"81.113","SAI EXEMPT","ILLINOIS INSTITUTE OF TECHNOLOGY","14000","CHICAGO","031","COOK COUNTY","ILLINOIS","606163793","Private: private higher education","new assistance action","90","ENERGY, DEPARTMENT OF","DENA0000422     A000","","300000","","0","","300000","08/23/2010","08/23/2010","08/24/2013","project grant  (B)","action-by-action reporting","","","1714000","ILLINOIS","CHICAGO","DEFENSE NUCLEAR NONPROLIFERATION RESEARCH","ENERGY, DEPARTMENT OF","ILLINOIS","TAS::89 0309::TAS  ILLINOIS INSTITUTE OF TECHNOLOGY, TITLE: PURIFICATION AND GROWTH INI AND INIXTII-X CRYSTALS FOR NUCLEAR DETECTION APPLICATIONS"
"97.037","SAI NOT AVAILABLE","INDIANA DEPT OF CIVIL DEFENSE","36000","INDIANAPOLIS","097","MARION COUNTY","INDIANA","46204","Government codes: State government","funding adjustment to completed project","90","DHS-FEDERAL EMERGENCY MANAGEMENT AGENCY","1795DRINTTHP     01","-","1928","","0","-","1928","07/01/2010","09/24/2008","09/30/2008","project grant  (B)","action-by-action reporting","","","1836000","INDIANA","INDIANAPOLIS","DISASTER HOUSING PROGRAM","DHS-FEDERAL EMERGENCY MANAGEMENT AGENCY","INDIANA","GRANT TO LOCAL GOVERNMENT FOR REPAIR OR REPLACEMENT OF DISASTER DAMAGED FACILITIES"
"97.039","SAI NOT AVAILABLE","INDIANA DEPT OF CIVIL DEFENSE","36000","INDIANAPOLIS","097","MARION COUNTY","INDIANA","46204","Government codes: State government","continuation (funding in succeeding budget period which stemmed from prior agreement to fund - amount of the current action)","90","DHS-FEDERAL EMERGENCY MANAGEMENT AGENCY","1766DRINP00000005","","258368","","0","","258368","08/16/2010","09/18/2009","09/30/2009","project grant  (B)","action-by-action reporting","","","1836000","INDIANA","INDIANAPOLIS","HAZARD MITIGATION GRANT","DHS-FEDERAL EMERGENCY MANAGEMENT AGENCY","INDIANA","GRANT TO LOCAL GOVERNMENT FOR REPAIR OR REPLACEMENT OF DISASTER DAMAGED FACILITIES"
"97.039","SAI NOT AVAILABLE","INDIANA DEPT OF CIVIL DEFENSE","36000","INDIANAPOLIS","097","MARION COUNTY","INDIANA","46204","Government codes: State government","continuation (funding in succeeding budget period which stemmed from prior agreement to fund - amount of the current action)","90","DHS-FEDERAL EMERGENCY MANAGEMENT AGENCY","1766DRINP00000005","","182624","","0","","182624","08/16/2010","09/18/2009","09/30/2009","project grant  (B)","action-by-action reporting","","","1836000","INDIANA","INDIANAPOLIS","HAZARD MITIGATION GRANT","DHS-FEDERAL EMERGENCY MANAGEMENT AGENCY","INDIANA","GRANT TO LOCAL GOVERNMENT FOR REPAIR OR REPLACEMENT OF DISASTER DAMAGED FACILITIES"
"97.039","SAI NOT AVAILABLE","INDIANA DEPT OF CIVIL DEFENSE","36000","INDIANAPOLIS","097","MARION COUNTY","INDIANA","46204","Government codes: State government","continuation (funding in succeeding budget period which stemmed from prior agreement to fund - amount of the current action)","90","DHS-FEDERAL EMERGENCY MANAGEMENT AGENCY","1766DRINP00000005","","1061132","","0","","1061132","09/29/2010","09/18/2009","09/30/2009","project grant  (B)","action-by-action reporting","","","1836000","INDIANA","INDIANAPOLIS","HAZARD MITIGATION GRANT","DHS-FEDERAL EMERGENCY MANAGEMENT AGENCY","INDIANA","GRANT TO LOCAL GOVERNMENT FOR REPAIR OR REPLACEMENT OF DISASTER DAMAGED FACILITIES"
"97.039","SAI NOT AVAILABLE","INDIANA DEPT OF CIVIL DEFENSE","36000","INDIANAPOLIS","097","MARION COUNTY","INDIANA","46204","Government codes: State government","new assistance action","90","DHS-FEDERAL EMERGENCY MANAGEMENT AGENCY","1795DRINP00000005","","52733","","0","","52733","09/27/2010","06/09/2010","09/30/2010","project grant  (B)","action-by-action reporting","","","1836000","INDIANA","INDIANAPOLIS","HAZARD MITIGATION GRANT","DHS-FEDERAL EMERGENCY MANAGEMENT AGENCY","INDIANA","GRANT TO LOCAL GOVERNMENT FOR REPAIR OR REPLACEMENT OF DISASTER DAMAGED FACILITIES"
"97.039","SAI NOT AVAILABLE","INDIANA DEPT OF CIVIL DEFENSE","36000","INDIANAPOLIS","097","MARION COUNTY","INDIANA","46204","Government codes: State government","continuation (funding in succeeding budget period which stemmed from prior agreement to fund - amount of the current action)","90","DHS-FEDERAL EMERGENCY MANAGEMENT AGENCY","1766DRINP00000005","","1871267","","0","","1871267","08/19/2010","09/18/2009","09/30/2009","project grant  (B)","action-by-action reporting","","","1836000","INDIANA","INDIANAPOLIS","HAZARD MITIGATION GRANT","DHS-FEDERAL EMERGENCY MANAGEMENT AGENCY","INDIANA","GRANT TO LOCAL GOVERNMENT FOR REPAIR OR REPLACEMENT OF DISASTER DAMAGED FACILITIES"
"97.039","SAI NOT AVAILABLE","INDIANA DEPT OF CIVIL DEFENSE","36000","INDIANAPOLIS","097","MARION COUNTY","INDIANA","46204","Government codes: State government","continuation (funding in succeeding budget period which stemmed from prior agreement to fund - amount of the current action)","90","DHS-FEDERAL EMERGENCY MANAGEMENT AGENCY","1766DRINP00000005","","3448022","","0","","3448022","08/19/2010","09/18/2009","09/30/2009","project grant  (B)","action-by-action reporting","","","1836000","INDIANA","INDIANAPOLIS","HAZARD MITIGATION GRANT","DHS-FEDERAL EMERGENCY MANAGEMENT AGENCY","INDIANA","GRANT TO LOCAL GOVERNMENT FOR REPAIR OR REPLACEMENT OF DISASTER DAMAGED FACILITIES"
"97.039","SAI NOT AVAILABLE","INDIANA DEPT OF CIVIL DEFENSE","36000","INDIANAPOLIS","097","MARION COUNTY","INDIANA","46204","Government codes: State government","continuation (funding in succeeding budget period which stemmed from prior agreement to fund - amount of the current action)","90","DHS-FEDERAL EMERGENCY MANAGEMENT AGENCY","1766DRINP00000005","","153254","","0","","153254","08/13/2010","09/18/2009","09/30/2009","project grant  (B)","action-by-action reporting","","","1836000","INDIANA","INDIANAPOLIS","HAZARD MITIGATION GRANT","DHS-FEDERAL EMERGENCY MANAGEMENT AGENCY","INDIANA","GRANT TO LOCAL GOVERNMENT FOR REPAIR OR REPLACEMENT OF DISASTER DAMAGED FACILITIES"
"97.039","SAI NOT AVAILABLE","INDIANA DEPT OF CIVIL DEFENSE","36000","INDIANAPOLIS","097","MARION COUNTY","INDIANA","46204","Government codes: State government","continuation (funding in succeeding budget period which stemmed from prior agreement to fund - amount of the current action)","90","DHS-FEDERAL EMERGENCY MANAGEMENT AGENCY","1766DRINP00000005","","270143","","0","","270143","08/13/2010","09/18/2009","09/30/2009","project grant  (B)","action-by-action reporting","","","1836000","INDIANA","INDIANAPOLIS","HAZARD MITIGATION GRANT","DHS-FEDERAL EMERGENCY MANAGEMENT AGENCY","INDIANA","GRANT TO LOCAL GOVERNMENT FOR REPAIR OR REPLACEMENT OF DISASTER DAMAGED FACILITIES"
"81.113","SAI NOT AVAILABLE","PURDUE UNIVERSITY","82862","WEST LAFAYETTE","157","TIPPECANOE COUNTY","INDIANA","479072114","Private: private higher education","new assistance action","04","ENERGY, DEPARTMENT OF","DENA0000558     A000","","900000","","0","","900000","07/01/2010","07/01/2010","06/30/2013","project grant  (B)","action-by-action reporting","","","1882862","INDIANA","WEST LAFAYETTE","DEFENSE NUCLEAR NONPROLIFERATION RESEARCH","ENERGY, DEPARTMENT OF","INDIANA","TAS::89 0309::TAS  SMART DATA EMBEDDING AND INVERSE SOLUTION ALGORITHMS, MODELING AND SIMULATION FOR NONPROLIFERATION"
"47.049","SAI EXEMPT","UNIVERSITY OF IOWA","38595","IOWA CITY","103","JOHNSON COUNTY","IOWA","522421320","Government codes: State controlled institutions of higher education","continuation (funding in succeeding budget period which stemmed from prior agreement to fund - amount of the current action)","02","NATIONAL SCIENCE FOUNDATION","CHE-1011847-000","","155000","","0","","155000","07/10/2010","08/01/2010","07/31/2011","project grant  (B)","action-by-action reporting","","","1938595","IOWA","IOWA CITY","MATHEMATICAL AND PHYSICAL SCIENCES","NATIONAL SCIENCE FOUNDATION","IOWA","THE CHEMISTRY OF FUNGAL ANTAGONISM AND DEFENSE"
"47.074","SAI EXEMPT","IOWA STATE UNIVERSITY","01855","AMES","169","STORY COUNTY","IOWA","500112207","Government codes: State controlled institutions of higher education","continuation (funding in succeeding budget period which stemmed from prior agreement to fund - amount of the current action)","04","NATIONAL SCIENCE FOUNDATION","IOS-0820642-003","","530764","","0","","530764","08/04/2010","09/01/2008","08/31/2011","project grant  (B)","action-by-action reporting","","","1901855","IOWA","AMES","BIOLOGICAL SCIENCES","NATIONAL SCIENCE FOUNDATION","IOWA","TRMS:  HIGH-THROUGHPUT FUNCTIONAL ANALYSIS OF SOYBEAN DEFENSE PATHWAYS BY VIRUS-INDUCED GENE SILENCING"
"47.041","SAI EXEMPT","KANSAS STATE UNIVERSITY","44250","MANHATTAN","161","RILEY COUNTY","KANSAS","665061103","Government codes: State controlled institutions of higher education","new assistance action","02","NATIONAL SCIENCE FOUNDATION","EEC-1037640-000","","146036","","0","","146036","07/30/2010","08/01/2010","07/31/2012","project grant  (B)","action-by-action reporting","","","2044250","KANSAS","MANHATTAN","ENGINEERING GRANTS","NATIONAL SCIENCE FOUNDATION","KANSAS","FROM DEFENSE TO DEGREE: ACCELERATING ENGINEERING DEGREE OPPORTUNITIES FOR MILITARY VETERANS"
"12.800","SAI NOT AVAILABLE","KANSAS STATE UNIVERSITY","44250","MANHATTAN","161","RILEY COUNTY","KANSAS","665061100","Government codes: State controlled institutions of higher education","new assistance action","02","AIR FORCE-AIR FORCE, DEPARTMENT OF THE (HEADQUARTERS, USAF)","FA95501010515","","400000","","0","","400000","08/26/2010","09/01/2010","08/31/2013","project grant  (B)","action-by-action reporting","","","2044250","KANSAS","MANHATTAN","AIR FORCE DEFENSE RESEARCH SCIENCES PROGRAM","AIR FORCE-AIR FORCE, DEPARTMENT OF THE (HEADQUARTERS, USAF)","KANSAS","TAS::57 3600::TAS "GAS FILLED HOLLOW CORE FIBER LASERS BASED ON POPULATION INVERSION""
"12.800","SAI NOT AVAILABLE","CYBER INNOVATION CENTER","08920","BOSSIER CITY","015","BOSSIER (PARISH)","LOUISIANA","711116922","Nonprofit agencies: other nonprofit","new assistance action","04","AIR FORCE-AIR FORCE, DEPARTMENT OF THE (HEADQUARTERS, USAF)","FA95501010486","","791458","","0","","791458","08/19/2010","09/01/2010","08/31/2013","project grant  (B)","action-by-action reporting","","","2208920","LOUISIANA","BOSSIER CITY","AIR FORCE DEFENSE RESEARCH SCIENCES PROGRAM","AIR FORCE-AIR FORCE, DEPARTMENT OF THE (HEADQUARTERS, USAF)","LOUISIANA","TAS::57 3600::TAS "RESEARCH DEVELOPMENT SEED FUND FOR TECHNOLOGY TRANSFER" DATED 14 MAY 2010"
"12.420","SAI NOT AVAILABLE","HENRY M JACKSON FOUNDATION FOR","67675","ROCKVILLE","031","MONTGOMERY COUNTY","MARYLAND","208521402","Nonprofit agencies: other nonprofit","new assistance action","90","ARMY,DEPT. OF THE (EXC. CORPS OF ENGINEERS CIVIL PROGRAM)","W81XWH1020197","","4146250","","0","","4146250","09/28/2010","09/30/2010","10/29/2011","cooperative agreement  (B)","action-by-action reporting","","","2467675","MARYLAND","ROCKVILLE","MILITARY MEDICAL RESEARCH AND DEVELOPMENT","ARMY,DEPT. OF THE (EXC. CORPS OF ENGINEERS CIVIL PROGRAM)","MARYLAND","ARMY REGIONAL ANESTHESIA AND PAIN MANAGEMENT INITIATIVE (ARAPMI) / DEFENSE AND VETERANS PAIN MANAGEMENT INITIATIVE (DVPMI)"
"77.009","SAI NOT AVAILABLE","UNIVERSITY OF MARYLAND","18750","COLLEGE PARK","033","PRINCE GEORGE'S","MARYLAND","207425100","Government codes: State controlled institutions of higher education","new assistance action","90","NUCLEAR REGULATORY COMMISSION","NRC-04-10-164","","195094","","0","","195094","09/27/2010","09/27/2010","09/29/2012","project grant  (B)","action-by-action reporting","","","2418750","MARYLAND","COLLEGE PARK","OFFICE OF RESEARCH PROGRAM","NUCLEAR REGULATORY COMMISSION","MARYLAND","CAUSE-DEFENSE APPROACH TO COMMON-CAUSE FAILURE PROBABILITY ESTIMATION"
"12.300","SAI NOT AVAILABLE","MASSACHUSETTS INSTITUTE OF TEC","11000","CAMBRIDGE","017","MIDDLESEX COUNTY","MASSACHUSETTS","021394301","Government codes: State controlled institutions of higher education","funding adjustment to completed project","90","NAVY-NAVAL RESEARCH, OFFICE OF","N002440910064   0002","-","38080","","0","-","38080","09/13/2010","06/17/2009","05/14/2014","project grant  (B)","action-by-action reporting","","","2511000","MASSACHUSETTS","CAMBRIDGE","BASIC AND APPLIED SCIENTIFIC RESEARCH","NAVY-NAVAL RESEARCH, OFFICE OF","MASSACHUSETTS","NATURAL ARMOR: AN UNTAPPED ENCYCLOPEDIA OF ENGINEERING DESIGNS FOR PROTECTIVE DEFENSE APPLICATIONS"
"12.800","SAI NOT AVAILABLE","UNIVERSITY OF MASSACHUSETTS","01290","AMHERST","015","HAMPSHIRE COUNTY","MASSACHUSETTS","010039242","Government codes: State controlled institutions of higher education","new assistance action","90","AIR FORCE-AIR FORCE, DEPARTMENT OF THE (HEADQUARTERS, USAF)","FA95501010383","","153368","","0","","153368","07/30/2010","08/01/2010","07/31/2013","project grant  (B)","action-by-action reporting","","","2501290","MASSACHUSETTS","AMHERST","AIR FORCE DEFENSE RESEARCH SCIENCES PROGRAM","AIR FORCE-AIR FORCE, DEPARTMENT OF THE (HEADQUARTERS, USAF)","MASSACHUSETTS","TAS::57 3600::TAS "LEARNING REPRESENTATION AND CONTROL IN MARKOV DECISION PROCESSES,""
"12.800","SAI NOT AVAILABLE","BRANDEIS UNIVERSITY","72600","WALTHAM","017","MIDDLESEX COUNTY","MASSACHUSETTS","024532728","Private: private higher education","new assistance action","90","AIR FORCE-AIR FORCE, DEPARTMENT OF THE (HEADQUARTERS, USAF)","FA95501010420","","149880","","0","","149880","09/16/2010","09/15/2010","09/14/2013","project grant  (B)","action-by-action reporting","","","2572600","MASSACHUSETTS","WALTHAM","AIR FORCE DEFENSE RESEARCH SCIENCES PROGRAM","AIR FORCE-AIR FORCE, DEPARTMENT OF THE (HEADQUARTERS, USAF)","MASSACHUSETTS","TAS::57 3600::TAS "MODEL-BASED ANALYSIS OF ASSOCIATIVE RECOGNITION, TEMPORAL CONTEXT AND RETRIEVAL""
"12.800","SAI NOT AVAILABLE","MASSACHUSETTS INSTITUTE OF TEC","11000","CAMBRIDGE","017","MIDDLESEX COUNTY","MASSACHUSETTS","021394301","Private: private higher education","new assistance action","90","AIR FORCE-AIR FORCE, DEPARTMENT OF THE (HEADQUARTERS, USAF)","FA95501010437","","49999","","0","","49999","08/20/2010","09/01/2010","07/31/2013","project grant  (B)","action-by-action reporting","","","2511000","MASSACHUSETTS","CAMBRIDGE","AIR FORCE DEFENSE RESEARCH SCIENCES PROGRAM","AIR FORCE-AIR FORCE, DEPARTMENT OF THE (HEADQUARTERS, USAF)","MASSACHUSETTS","TAS::57 3600::TAS"DATA-DRIVEN ONLINE AND REAL-TIME COMBINATORIAL OPTIMIZATION""
"12.800","SAI NOT AVAILABLE","MASSACHUSETTS GENERAL HOSPITAL","07000","BOSTON","025","SUFFOLK COUNTY","MASSACHUSETTS","021142621","Nonprofit agencies: other nonprofit","new assistance action","90","AIR FORCE-AIR FORCE, DEPARTMENT OF THE (HEADQUARTERS, USAF)","FA95501010537","","2500000","","0","","2500000","09/15/2010","09/15/2010","09/14/2011","project grant  (B)","action-by-action reporting","","","2507000","MASSACHUSETTS","BOSTON","AIR FORCE DEFENSE RESEARCH SCIENCES PROGRAM","AIR FORCE-AIR FORCE, DEPARTMENT OF THE (HEADQUARTERS, USAF)","MASSACHUSETTS","TAS::97 0130::TAS  "RESERACH TO DEVELOP AND APPLY BIOPHOTONICS TO MILITARY NEEDS""
"12.800","SAI NOT AVAILABLE","NORTHEASTERN UNIVERSITY","07000","BOSTON","025","SUFFOLK COUNTY","MASSACHUSETTS","021155005","Private: private higher education","new assistance action","90","AIR FORCE-AIR FORCE, DEPARTMENT OF THE (HEADQUARTERS, USAF)","FA95501010498","","175000","","0","","175000","08/27/2010","09/01/2010","08/31/2013","project grant  (B)","action-by-action reporting","","","2507000","MASSACHUSETTS","BOSTON","AIR FORCE DEFENSE RESEARCH SCIENCES PROGRAM","AIR FORCE-AIR FORCE, DEPARTMENT OF THE (HEADQUARTERS, USAF)","MASSACHUSETTS","TAS::57 3600::TAS "MULTI-SCALE THREE-DIMENSIONAL MODELING OF PLASMA-STRUCTURE INTERACTIONS USING MOVING ADAPTIVE GRIDS""
"12.800","SAI NOT AVAILABLE","UNIVERSITY OF MASSACHUSETTS","82000","WORCESTER","027","WORCESTER COUNTY","MASSACHUSETTS","016550002","Government codes: State controlled institutions of higher education","new assistance action","90","AIR FORCE-AIR FORCE, DEPARTMENT OF THE (HEADQUARTERS, USAF)","FA95501010480","","218750","","0","","218750","08/17/2010","09/01/2010","08/31/2014","project grant  (B)","action-by-action reporting","","","2582000","MASSACHUSETTS","WORCESTER","AIR FORCE DEFENSE RESEARCH SCIENCES PROGRAM","AIR FORCE-AIR FORCE, DEPARTMENT OF THE (HEADQUARTERS, USAF)","MASSACHUSETTS","TAS::57 3600::TAS "NAVIGATIONAL STRATEGIES OF MIGRATING MONARCH BUTTERFLIES""
"16.560","SAI NOT AVAILABLE","MINNESOTA BOARD OF PUBLIC DEFENSE","43000","MINNEAPOLIS","053","HENNEPIN COUNTY","MINNESOTA","55401","Government codes: State government","new assistance action","90","DOJ-OFFICE OF JUSTICE PROGRAMS","2010DYBXK007","","253534","","0","","253534","09/01/2010","01/01/2010","06/30/2011","project grant  (B)","action-by-action reporting","","","2743000","MINNESOTA","MINNEAPOLIS","NATIONAL INSTITUTE OF JUSTICE RESEARCH, EVALUAT. & DEVEL. PROJECT GRANTS","DOJ-OFFICE OF JUSTICE PROGRAMS","MINNESOTA","MINNESOTA JUSTICE COALITION: POSTCONVICTION DNA TESTING INITIATIVE"
"16.753","SAI NOT AVAILABLE","JACKSON STATE UNIVERSITY","36000","JACKSON","049","HINDS COUNTY","MISSISSIPPI","39217","Government codes: State controlled institutions of higher education","new assistance action","90","DOJ-OFFICE OF JUSTICE PROGRAMS","2010DDBX0596","","750000","","0","","750000","08/20/2010","08/01/2010","07/31/2012","project grant  (B)","action-by-action reporting","","","2836000","MISSISSIPPI","JACKSON","CONGRESSIONALLY RECOMMENDED AWARDS","DOJ-OFFICE OF JUSTICE PROGRAMS","MISSISSIPPI","BIO-DEFENSE RESEARCH ON ATTENUATION OF NEW PATHOGENIC STRAINS"
"12.800","SAI NOT AVAILABLE","MISSOURI SYSTEM, UNIVERSITY OF","15670","COLUMBIA","019","BOONE COUNTY","MISSOURI","652113020","Government codes: State controlled institutions of higher education","new assistance action","09","AIR FORCE-AIR FORCE, DEPARTMENT OF THE (HEADQUARTERS, USAF)","FA95501010482","","202540","","0","","202540","08/10/2010","08/15/2010","08/14/2013","project grant  (B)","action-by-action reporting","","","2915670","MISSOURI","COLUMBIA","AIR FORCE DEFENSE RESEARCH SCIENCES PROGRAM","AIR FORCE-AIR FORCE, DEPARTMENT OF THE (HEADQUARTERS, USAF)","MISSOURI","TAS::57 3600::TAS "(YIP 09) HIGH EFFICIENCY MIR SOURCES USING BEAM RECYCLING""
"12.800","SAI NOT AVAILABLE","DOW KOKAM LLC","41348","LEE'S SUMMIT","095","JACKSON COUNTY","MISSOURI","640642333","Private: small business","new assistance action","90","AIR FORCE-AIR FORCE, DEPARTMENT OF THE (HEADQUARTERS, USAF)","FA86501022005","","4825470","","0","","4825470","09/17/2010","08/06/2010","12/06/2011","cooperative agreement  (B)","action-by-action reporting","","","2941348","MISSOURI","LEE'S SUMMIT","AIR FORCE DEFENSE RESEARCH SCIENCES PROGRAM","AIR FORCE-AIR FORCE, DEPARTMENT OF THE (HEADQUARTERS, USAF)","MISSOURI","TAS::57 3600::TAS   SUPERIOR LITHIUM POLYMER BATTERY DEVELOPMENT"
"12.800","SAI NOT AVAILABLE","UNIVERSITY OF NEBRASKA","28000","LINCOLN","109","LANCASTER COUNTY","NEBRASKA","685880430","Government codes: State controlled institutions of higher education","new assistance action","01","AIR FORCE-AIR FORCE, DEPARTMENT OF THE (HEADQUARTERS, USAF)","FA95501010406","","3955290","","0","","3955290","08/10/2010","09/01/2010","08/31/2014","project grant  (B)","action-by-action reporting","","","3128000","NEBRASKA","LINCOLN","AIR FORCE DEFENSE RESEARCH SCIENCES PROGRAM","AIR FORCE-AIR FORCE, DEPARTMENT OF THE (HEADQUARTERS, USAF)","NEBRASKA","TAS::573600::TAS "SAFEGUARDING END-USER MILITARY SOFTWARE""
"97.039","SAI NOT AVAILABLE","CIVIL DEFENSE AGENCY","28000","LINCOLN","109","LANCASTER COUNTY","NEBRASKA","68508","Government codes: State government","continuation (funding in succeeding budget period which stemmed from prior agreement to fund - amount of the current action)","01","DHS-FEDERAL EMERGENCY MANAGEMENT AGENCY","1674DRNEP00000005","","692811","","0","","692811","09/29/2010","07/13/2007","09/30/2007","project grant  (B)","action-by-action reporting","","","3128000","NEBRASKA","LINCOLN","HAZARD MITIGATION GRANT","DHS-FEDERAL EMERGENCY MANAGEMENT AGENCY","NEBRASKA","GRANT TO LOCAL GOVERNMENT FOR REPAIR OR REPLACEMENT OF DISASTER DAMAGED FACILITIES"
"97.039","SAI NOT AVAILABLE","CIVIL DEFENSE AGENCY","28000","LINCOLN","109","LANCASTER COUNTY","NEBRASKA","68508","Government codes: State government","continuation (funding in succeeding budget period which stemmed from prior agreement to fund - amount of the current action)","01","DHS-FEDERAL EMERGENCY MANAGEMENT AGENCY","1674DRNEP00000005","","250142","","0","","250142","09/29/2010","07/13/2007","09/30/2007","project grant  (B)","action-by-action reporting","","","3128000","NEBRASKA","LINCOLN","HAZARD MITIGATION GRANT","DHS-FEDERAL EMERGENCY MANAGEMENT AGENCY","NEBRASKA","GRANT TO LOCAL GOVERNMENT FOR REPAIR OR REPLACEMENT OF DISASTER DAMAGED FACILITIES"
"97.039","SAI NOT AVAILABLE","CIVIL DEFENSE AGENCY","28000","LINCOLN","109","LANCASTER COUNTY","NEBRASKA","68508","Government codes: State government","continuation (funding in succeeding budget period which stemmed from prior agreement to fund - amount of the current action)","01","DHS-FEDERAL EMERGENCY MANAGEMENT AGENCY","1779DRNEP00000005","","37733","","0","","37733","08/12/2010","02/27/2009","09/30/2009","project grant  (B)","action-by-action reporting","","","3128000","NEBRASKA","LINCOLN","HAZARD MITIGATION GRANT","DHS-FEDERAL EMERGENCY MANAGEMENT AGENCY","NEBRASKA","GRANT TO LOCAL GOVERNMENT FOR REPAIR OR REPLACEMENT OF DISASTER DAMAGED FACILITIES"
"97.039","SAI NOT AVAILABLE","CIVIL DEFENSE AGENCY","28000","LINCOLN","109","LANCASTER COUNTY","NEBRASKA","68508","Government codes: State government","continuation (funding in succeeding budget period which stemmed from prior agreement to fund - amount of the current action)","01","DHS-FEDERAL EMERGENCY MANAGEMENT AGENCY","1779DRNEP00000005","","77250","","0","","77250","08/16/2010","02/27/2009","09/30/2009","project grant  (B)","action-by-action reporting","","","3128000","NEBRASKA","LINCOLN","HAZARD MITIGATION GRANT","DHS-FEDERAL EMERGENCY MANAGEMENT AGENCY","NEBRASKA","GRANT TO LOCAL GOVERNMENT FOR REPAIR OR REPLACEMENT OF DISASTER DAMAGED FACILITIES"
"97.039","SAI NOT AVAILABLE","CIVIL DEFENSE AGENCY","28000","LINCOLN","109","LANCASTER COUNTY","NEBRASKA","68508","Government codes: State government","continuation (funding in succeeding budget period which stemmed from prior agreement to fund - amount of the current action)","01","DHS-FEDERAL EMERGENCY MANAGEMENT AGENCY","1779DRNEP00000005","","1479862","","0","","1479862","08/18/2010","02/27/2009","09/30/2009","project grant  (B)","action-by-action reporting","","","3128000","NEBRASKA","LINCOLN","HAZARD MITIGATION GRANT","DHS-FEDERAL EMERGENCY MANAGEMENT AGENCY","NEBRASKA","GRANT TO LOCAL GOVERNMENT FOR REPAIR OR REPLACEMENT OF DISASTER DAMAGED FACILITIES"
"97.039","SAI NOT AVAILABLE","CIVIL DEFENSE AGENCY","28000","LINCOLN","109","LANCASTER COUNTY","NEBRASKA","68508","Government codes: State government","continuation (funding in succeeding budget period which stemmed from prior agreement to fund - amount of the current action)","01","DHS-FEDERAL EMERGENCY MANAGEMENT AGENCY","1770DRNEP00000005","","78000","","0","","78000","08/12/2010","02/11/2009","09/30/2009","project grant  (B)","action-by-action reporting","","","3128000","NEBRASKA","LINCOLN","HAZARD MITIGATION GRANT","DHS-FEDERAL EMERGENCY MANAGEMENT AGENCY","NEBRASKA","GRANT TO LOCAL GOVERNMENT FOR REPAIR OR REPLACEMENT OF DISASTER DAMAGED FACILITIES"
"97.039","SAI NOT AVAILABLE","CIVIL DEFENSE AGENCY","28000","LINCOLN","109","LANCASTER COUNTY","NEBRASKA","68508","Government codes: State government","continuation (funding in succeeding budget period which stemmed from prior agreement to fund - amount of the current action)","01","DHS-FEDERAL EMERGENCY MANAGEMENT AGENCY","1674DRNEP00000005","","289296","","0","","289296","08/12/2010","07/13/2007","09/30/2007","project grant  (B)","action-by-action reporting","","","3128000","NEBRASKA","LINCOLN","HAZARD MITIGATION GRANT","DHS-FEDERAL EMERGENCY MANAGEMENT AGENCY","NEBRASKA","GRANT TO LOCAL GOVERNMENT FOR REPAIR OR REPLACEMENT OF DISASTER DAMAGED FACILITIES"
"97.039","SAI NOT AVAILABLE","CIVIL DEFENSE AGENCY","28000","LINCOLN","109","LANCASTER COUNTY","NEBRASKA","68508","Government codes: State government","continuation (funding in succeeding budget period which stemmed from prior agreement to fund - amount of the current action)","01","DHS-FEDERAL EMERGENCY MANAGEMENT AGENCY","1674DRNEP00000005","","896818","","0","","896818","08/12/2010","07/13/2007","09/30/2007","project grant  (B)","action-by-action reporting","","","3128000","NEBRASKA","LINCOLN","HAZARD MITIGATION GRANT","DHS-FEDERAL EMERGENCY MANAGEMENT AGENCY","NEBRASKA","GRANT TO LOCAL GOVERNMENT FOR REPAIR OR REPLACEMENT OF DISASTER DAMAGED FACILITIES"
"97.039","SAI NOT AVAILABLE","CIVIL DEFENSE AGENCY","28000","LINCOLN","109","LANCASTER COUNTY","NEBRASKA","68508","Government codes: State government","continuation (funding in succeeding budget period which stemmed from prior agreement to fund - amount of the current action)","01","DHS-FEDERAL EMERGENCY MANAGEMENT AGENCY","1674DRNEP00000005","","543812","","0","","543812","08/13/2010","07/13/2007","09/30/2007","project grant  (B)","action-by-action reporting","","","3128000","NEBRASKA","LINCOLN","HAZARD MITIGATION GRANT","DHS-FEDERAL EMERGENCY MANAGEMENT AGENCY","NEBRASKA","GRANT TO LOCAL GOVERNMENT FOR REPAIR OR REPLACEMENT OF DISASTER DAMAGED FACILITIES"
"97.039","SAI NOT AVAILABLE","CIVIL DEFENSE AGENCY","28000","LINCOLN","109","LANCASTER COUNTY","NEBRASKA","68508","Government codes: State government","continuation (funding in succeeding budget period which stemmed from prior agreement to fund - amount of the current action)","01","DHS-FEDERAL EMERGENCY MANAGEMENT AGENCY","1674DRNEP00000005","","411947","","0","","411947","08/12/2010","07/13/2007","09/30/2007","project grant  (B)","action-by-action reporting","","","3128000","NEBRASKA","LINCOLN","HAZARD MITIGATION GRANT","DHS-FEDERAL EMERGENCY MANAGEMENT AGENCY","NEBRASKA","GRANT TO LOCAL GOVERNMENT FOR REPAIR OR REPLACEMENT OF DISASTER DAMAGED FACILITIES"
"97.039","SAI NOT AVAILABLE","CIVIL DEFENSE AGENCY","28000","LINCOLN","109","LANCASTER COUNTY","NEBRASKA","68508","Government codes: State government","continuation (funding in succeeding budget period which stemmed from prior agreement to fund - amount of the current action)","01","DHS-FEDERAL EMERGENCY MANAGEMENT AGENCY","1674DRNEP00000005","","5586020","","0","","5586020","08/23/2010","07/13/2007","09/30/2007","project grant  (B)","action-by-action reporting","","","3128000","NEBRASKA","LINCOLN","HAZARD MITIGATION GRANT","DHS-FEDERAL EMERGENCY MANAGEMENT AGENCY","NEBRASKA","GRANT TO LOCAL GOVERNMENT FOR REPAIR OR REPLACEMENT OF DISASTER DAMAGED FACILITIES"
"97.039","SAI NOT AVAILABLE","CIVIL DEFENSE AGENCY","28000","LINCOLN","109","LANCASTER COUNTY","NEBRASKA","68508","Government codes: State government","continuation (funding in succeeding budget period which stemmed from prior agreement to fund - amount of the current action)","01","DHS-FEDERAL EMERGENCY MANAGEMENT AGENCY","1674DRNEP00000005","","1076315","","0","","1076315","08/23/2010","07/13/2007","09/30/2007","project grant  (B)","action-by-action reporting","","","3128000","NEBRASKA","LINCOLN","HAZARD MITIGATION GRANT","DHS-FEDERAL EMERGENCY MANAGEMENT AGENCY","NEBRASKA","GRANT TO LOCAL GOVERNMENT FOR REPAIR OR REPLACEMENT OF DISASTER DAMAGED FACILITIES"
"97.039","SAI NOT AVAILABLE","CIVIL DEFENSE AGENCY","28000","LINCOLN","109","LANCASTER COUNTY","NEBRASKA","68508","Government codes: State government","continuation (funding in succeeding budget period which stemmed from prior agreement to fund - amount of the current action)","01","DHS-FEDERAL EMERGENCY MANAGEMENT AGENCY","1706DRNEP00000005","","669435","","0","","669435","08/11/2010","02/23/2009","09/30/2009","project grant  (B)","action-by-action reporting","","","3128000","NEBRASKA","LINCOLN","HAZARD MITIGATION GRANT","DHS-FEDERAL EMERGENCY MANAGEMENT AGENCY","NEBRASKA","GRANT TO LOCAL GOVERNMENT FOR REPAIR OR REPLACEMENT OF DISASTER DAMAGED FACILITIES"
"97.039","SAI NOT AVAILABLE","CIVIL DEFENSE AGENCY","28000","LINCOLN","109","LANCASTER COUNTY","NEBRASKA","68508","Government codes: State government","continuation (funding in succeeding budget period which stemmed from prior agreement to fund - amount of the current action)","01","DHS-FEDERAL EMERGENCY MANAGEMENT AGENCY","1770DRNEP00000005","","9000","","0","","9000","08/12/2010","02/11/2009","09/30/2009","project grant  (B)","action-by-action reporting","","","3128000","NEBRASKA","LINCOLN","HAZARD MITIGATION GRANT","DHS-FEDERAL EMERGENCY MANAGEMENT AGENCY","NEBRASKA","GRANT TO LOCAL GOVERNMENT FOR REPAIR OR REPLACEMENT OF DISASTER DAMAGED FACILITIES"
"97.039","SAI NOT AVAILABLE","CIVIL DEFENSE AGENCY","28000","LINCOLN","109","LANCASTER COUNTY","NEBRASKA","68508","Government codes: State government","continuation (funding in succeeding budget period which stemmed from prior agreement to fund - amount of the current action)","01","DHS-FEDERAL EMERGENCY MANAGEMENT AGENCY","1770DRNEP00000005","","45000","","0","","45000","08/12/2010","02/11/2009","09/30/2009","project grant  (B)","action-by-action reporting","","","3128000","NEBRASKA","LINCOLN","HAZARD MITIGATION GRANT","DHS-FEDERAL EMERGENCY MANAGEMENT AGENCY","NEBRASKA","GRANT TO LOCAL GOVERNMENT FOR REPAIR OR REPLACEMENT OF DISASTER DAMAGED FACILITIES"
"97.039","SAI NOT AVAILABLE","CIVIL DEFENSE AGENCY","28000","LINCOLN","109","LANCASTER COUNTY","NEBRASKA","68508","Government codes: State government","continuation (funding in succeeding budget period which stemmed from prior agreement to fund - amount of the current action)","01","DHS-FEDERAL EMERGENCY MANAGEMENT AGENCY","1770DRNEP00000005","","1306476","","0","","1306476","08/18/2010","02/11/2009","09/30/2009","project grant  (B)","action-by-action reporting","","","3128000","NEBRASKA","LINCOLN","HAZARD MITIGATION GRANT","DHS-FEDERAL EMERGENCY MANAGEMENT AGENCY","NEBRASKA","GRANT TO LOCAL GOVERNMENT FOR REPAIR OR REPLACEMENT OF DISASTER DAMAGED FACILITIES"
"81.113","SAI EXEMPT","BOARD OF REGENTS NSHE OBO THE","60600","RENO","031","WASHOE COUNTY","NEVADA","895570000","Government codes: State controlled institutions of higher education","continuation (funding in succeeding budget period which stemmed from prior agreement to fund - amount of the current action)","02","ENERGY, DEPARTMENT OF","FC52-06NA27616  A014","","750000","","0","","750000","07/22/2010","09/29/2006","06/30/2011","cooperative agreement  (B)","action-by-action reporting","","","3260600","NEVADA","RENO","DEFENSE NUCLEAR NONPROLIFERATION RESEARCH","ENERGY, DEPARTMENT OF","NEVADA","NA-121.1 HIGH ENERGY DENSITY RESEARCH"
"97.039","SAI NOT AVAILABLE","CIVIL DEFENSE AGENCY","14200","CONCORD","013","MERRIMACK COUNTY","NEW HAMPSHIRE","03301","Government codes: State government","new assistance action","90","DHS-FEDERAL EMERGENCY MANAGEMENT AGENCY","1812DRNHP00000005","","95687","","0","","95687","08/30/2010","08/17/2010","09/30/2010","project grant  (B)","action-by-action reporting","","","3314200","NEW HAMPSHIRE","CONCORD","HAZARD MITIGATION GRANT","DHS-FEDERAL EMERGENCY MANAGEMENT AGENCY","NEW HAMPSHIRE","GRANT TO LOCAL GOVERNMENT FOR REPAIR OR REPLACEMENT OF DISASTER DAMAGED FACILITIES"
"97.039","SAI NOT AVAILABLE","CIVIL DEFENSE AGENCY","14200","CONCORD","013","MERRIMACK COUNTY","NEW HAMPSHIRE","03301","Government codes: State government","new assistance action","90","DHS-FEDERAL EMERGENCY MANAGEMENT AGENCY","1812DRNHP00000005","","160177","","0","","160177","08/17/2010","08/17/2010","09/30/2010","project grant  (B)","action-by-action reporting","","","3314200","NEW HAMPSHIRE","CONCORD","HAZARD MITIGATION GRANT","DHS-FEDERAL EMERGENCY MANAGEMENT AGENCY","NEW HAMPSHIRE","GRANT TO LOCAL GOVERNMENT FOR REPAIR OR REPLACEMENT OF DISASTER DAMAGED FACILITIES"
"97.039","SAI NOT AVAILABLE","CIVIL DEFENSE AGENCY","14200","CONCORD","013","MERRIMACK COUNTY","NEW HAMPSHIRE","03301","Government codes: State government","new assistance action","90","DHS-FEDERAL EMERGENCY MANAGEMENT AGENCY","1812DRNHP00000005","","282591","","0","","282591","08/17/2010","08/17/2010","09/30/2010","project grant  (B)","action-by-action reporting","","","3314200","NEW HAMPSHIRE","CONCORD","HAZARD MITIGATION GRANT","DHS-FEDERAL EMERGENCY MANAGEMENT AGENCY","NEW HAMPSHIRE","GRANT TO LOCAL GOVERNMENT FOR REPAIR OR REPLACEMENT OF DISASTER DAMAGED FACILITIES"
"97.039","SAI NOT AVAILABLE","CIVIL DEFENSE AGENCY","14200","CONCORD","013","MERRIMACK COUNTY","NEW HAMPSHIRE","03301","Government codes: State government","new assistance action","90","DHS-FEDERAL EMERGENCY MANAGEMENT AGENCY","1799DRNHP00000005","","45356","","0","","45356","08/18/2010","08/17/2010","09/30/2010","project grant  (B)","action-by-action reporting","","","3314200","NEW HAMPSHIRE","CONCORD","HAZARD MITIGATION GRANT","DHS-FEDERAL EMERGENCY MANAGEMENT AGENCY","NEW HAMPSHIRE","GRANT TO LOCAL GOVERNMENT FOR REPAIR OR REPLACEMENT OF DISASTER DAMAGED FACILITIES"
"97.039","SAI NOT AVAILABLE","CIVIL DEFENSE AGENCY","14200","CONCORD","013","MERRIMACK COUNTY","NEW HAMPSHIRE","03301","Government codes: State government","new assistance action","90","DHS-FEDERAL EMERGENCY MANAGEMENT AGENCY","1812DRNHP00000005","","567683","","0","","567683","08/31/2010","08/17/2010","09/30/2010","project grant  (B)","action-by-action reporting","","","3314200","NEW HAMPSHIRE","CONCORD","HAZARD MITIGATION GRANT","DHS-FEDERAL EMERGENCY MANAGEMENT AGENCY","NEW HAMPSHIRE","GRANT TO LOCAL GOVERNMENT FOR REPAIR OR REPLACEMENT OF DISASTER DAMAGED FACILITIES"
"97.039","SAI NOT AVAILABLE","CIVIL DEFENSE AGENCY","14200","CONCORD","013","MERRIMACK COUNTY","NEW HAMPSHIRE","03301","Government codes: State government","new assistance action","90","DHS-FEDERAL EMERGENCY MANAGEMENT AGENCY","1799DRNHP00000005","","237094","","0","","237094","08/17/2010","08/17/2010","09/30/2010","project grant  (B)","action-by-action reporting","","","3314200","NEW HAMPSHIRE","CONCORD","HAZARD MITIGATION GRANT","DHS-FEDERAL EMERGENCY MANAGEMENT AGENCY","NEW HAMPSHIRE","GRANT TO LOCAL GOVERNMENT FOR REPAIR OR REPLACEMENT OF DISASTER DAMAGED FACILITIES"
"97.039","SAI NOT AVAILABLE","CIVIL DEFENSE AGENCY","14200","CONCORD","013","MERRIMACK COUNTY","NEW HAMPSHIRE","03301","Government codes: State government","new assistance action","90","DHS-FEDERAL EMERGENCY MANAGEMENT AGENCY","1812DRNHP00000005","","77250","","0","","77250","08/18/2010","08/17/2010","09/30/2010","project grant  (B)","action-by-action reporting","","","3314200","NEW HAMPSHIRE","CONCORD","HAZARD MITIGATION GRANT","DHS-FEDERAL EMERGENCY MANAGEMENT AGENCY","NEW HAMPSHIRE","GRANT TO LOCAL GOVERNMENT FOR REPAIR OR REPLACEMENT OF DISASTER DAMAGED FACILITIES"
"97.039","SAI NOT AVAILABLE","CIVIL DEFENSE AGENCY","14200","CONCORD","013","MERRIMACK COUNTY","NEW HAMPSHIRE","03301","Government codes: State government","new assistance action","90","DHS-FEDERAL EMERGENCY MANAGEMENT AGENCY","1787DRNHP00000005","","27775","","0","","27775","09/28/2010","08/17/2010","09/30/2010","project grant  (B)","action-by-action reporting","","","3314200","NEW HAMPSHIRE","CONCORD","HAZARD MITIGATION GRANT","DHS-FEDERAL EMERGENCY MANAGEMENT AGENCY","NEW HAMPSHIRE","GRANT TO LOCAL GOVERNMENT FOR REPAIR OR REPLACEMENT OF DISASTER DAMAGED FACILITIES"
"97.039","SAI NOT AVAILABLE","CIVIL DEFENSE AGENCY","14200","CONCORD","013","MERRIMACK COUNTY","NEW HAMPSHIRE","03301","Government codes: State government","new assistance action","90","DHS-FEDERAL EMERGENCY MANAGEMENT AGENCY","1787DRNHP00000005","","285850","","0","","285850","09/21/2010","08/17/2010","09/30/2010","project grant  (B)","action-by-action reporting","","","3314200","NEW HAMPSHIRE","CONCORD","HAZARD MITIGATION GRANT","DHS-FEDERAL EMERGENCY MANAGEMENT AGENCY","NEW HAMPSHIRE","GRANT TO LOCAL GOVERNMENT FOR REPAIR OR REPLACEMENT OF DISASTER DAMAGED FACILITIES"
"97.039","SAI NOT AVAILABLE","CIVIL DEFENSE AGENCY","14200","CONCORD","013","MERRIMACK COUNTY","NEW HAMPSHIRE","03301","Government codes: State government","new assistance action","90","DHS-FEDERAL EMERGENCY MANAGEMENT AGENCY","1787DRNHP00000005","","51645","","0","","51645","09/23/2010","08/17/2010","09/30/2010","project grant  (B)","action-by-action reporting","","","3314200","NEW HAMPSHIRE","CONCORD","HAZARD MITIGATION GRANT","DHS-FEDERAL EMERGENCY MANAGEMENT AGENCY","NEW HAMPSHIRE","GRANT TO LOCAL GOVERNMENT FOR REPAIR OR REPLACEMENT OF DISASTER DAMAGED FACILITIES"
"97.039","SAI NOT AVAILABLE","CIVIL DEFENSE AGENCY","14200","CONCORD","013","MERRIMACK COUNTY","NEW HAMPSHIRE","03301","Government codes: State government","new assistance action","90","DHS-FEDERAL EMERGENCY MANAGEMENT AGENCY","1787DRNHP00000005","","37596","","0","","37596","09/01/2010","08/17/2010","09/30/2010","project grant  (B)","action-by-action reporting","","","3314200","NEW HAMPSHIRE","CONCORD","HAZARD MITIGATION GRANT","DHS-FEDERAL EMERGENCY MANAGEMENT AGENCY","NEW HAMPSHIRE","GRANT TO LOCAL GOVERNMENT FOR REPAIR OR REPLACEMENT OF DISASTER DAMAGED FACILITIES"
"97.039","SAI NOT AVAILABLE","CIVIL DEFENSE AGENCY","14200","CONCORD","013","MERRIMACK COUNTY","NEW HAMPSHIRE","03301","Government codes: State government","new assistance action","90","DHS-FEDERAL EMERGENCY MANAGEMENT AGENCY","1787DRNHP00000005","","12750","","0","","12750","09/03/2010","08/17/2010","09/30/2010","project grant  (B)","action-by-action reporting","","","3314200","NEW HAMPSHIRE","CONCORD","HAZARD MITIGATION GRANT","DHS-FEDERAL EMERGENCY MANAGEMENT AGENCY","NEW HAMPSHIRE","GRANT TO LOCAL GOVERNMENT FOR REPAIR OR REPLACEMENT OF DISASTER DAMAGED FACILITIES"
"97.039","SAI NOT AVAILABLE","CIVIL DEFENSE AGENCY","14200","CONCORD","013","MERRIMACK COUNTY","NEW HAMPSHIRE","03301","Government codes: State government","new assistance action","90","DHS-FEDERAL EMERGENCY MANAGEMENT AGENCY","1799DRNHP00000005","","15617","","0","","15617","09/23/2010","08/17/2010","09/30/2010","project grant  (B)","action-by-action reporting","","","3314200","NEW HAMPSHIRE","CONCORD","HAZARD MITIGATION GRANT","DHS-FEDERAL EMERGENCY MANAGEMENT AGENCY","NEW HAMPSHIRE","GRANT TO LOCAL GOVERNMENT FOR REPAIR OR REPLACEMENT OF DISASTER DAMAGED FACILITIES"
"97.039","SAI NOT AVAILABLE","CIVIL DEFENSE AGENCY","14200","CONCORD","013","MERRIMACK COUNTY","NEW HAMPSHIRE","03301","Government codes: State government","new assistance action","90","DHS-FEDERAL EMERGENCY MANAGEMENT AGENCY","1799DRNHP00000005","","25500","","0","","25500","09/03/2010","08/17/2010","09/30/2010","project grant  (B)","action-by-action reporting","","","3314200","NEW HAMPSHIRE","CONCORD","HAZARD MITIGATION GRANT","DHS-FEDERAL EMERGENCY MANAGEMENT AGENCY","NEW HAMPSHIRE","GRANT TO LOCAL GOVERNMENT FOR REPAIR OR REPLACEMENT OF DISASTER DAMAGED FACILITIES"
"97.039","SAI NOT AVAILABLE","CIVIL DEFENSE AGENCY","14200","CONCORD","013","MERRIMACK COUNTY","NEW HAMPSHIRE","03301","Government codes: State government","new assistance action","90","DHS-FEDERAL EMERGENCY MANAGEMENT AGENCY","1812DRNHP00000005","","180","","0","","180","09/01/2010","08/17/2010","09/30/2010","project grant  (B)","action-by-action reporting","","","3314200","NEW HAMPSHIRE","CONCORD","HAZARD MITIGATION GRANT","DHS-FEDERAL EMERGENCY MANAGEMENT AGENCY","NEW HAMPSHIRE","GRANT TO LOCAL GOVERNMENT FOR REPAIR OR REPLACEMENT OF DISASTER DAMAGED FACILITIES"
"97.039","SAI NOT AVAILABLE","CIVIL DEFENSE AGENCY","14200","CONCORD","013","MERRIMACK COUNTY","NEW HAMPSHIRE","03301","Government codes: State government","new assistance action","90","DHS-FEDERAL EMERGENCY MANAGEMENT AGENCY","1812DRNHP00000005","","490118","","0","","490118","09/13/2010","08/17/2010","09/30/2010","project grant  (B)","action-by-action reporting","","","3314200","NEW HAMPSHIRE","CONCORD","HAZARD MITIGATION GRANT","DHS-FEDERAL EMERGENCY MANAGEMENT AGENCY","NEW HAMPSHIRE","GRANT TO LOCAL GOVERNMENT FOR REPAIR OR REPLACEMENT OF DISASTER DAMAGED FACILITIES"
"97.039","SAI NOT AVAILABLE","CIVIL DEFENSE AGENCY","14200","CONCORD","013","MERRIMACK COUNTY","NEW HAMPSHIRE","03301","Government codes: State government","new assistance action","90","DHS-FEDERAL EMERGENCY MANAGEMENT AGENCY","1812DRNHP00000005","","98944","","0","","98944","09/08/2010","08/17/2010","09/30/2010","project grant  (B)","action-by-action reporting","","","3314200","NEW HAMPSHIRE","CONCORD","HAZARD MITIGATION GRANT","DHS-FEDERAL EMERGENCY MANAGEMENT AGENCY","NEW HAMPSHIRE","GRANT TO LOCAL GOVERNMENT FOR REPAIR OR REPLACEMENT OF DISASTER DAMAGED FACILITIES"
"97.039","SAI NOT AVAILABLE","CIVIL DEFENSE AGENCY","14200","CONCORD","013","MERRIMACK COUNTY","NEW HAMPSHIRE","03301","Government codes: State government","new assistance action","90","DHS-FEDERAL EMERGENCY MANAGEMENT AGENCY","1812DRNHP00000005","","93555","","0","","93555","09/23/2010","08/17/2010","09/30/2010","project grant  (B)","action-by-action reporting","","","3314200","NEW HAMPSHIRE","CONCORD","HAZARD MITIGATION GRANT","DHS-FEDERAL EMERGENCY MANAGEMENT AGENCY","NEW HAMPSHIRE","GRANT TO LOCAL GOVERNMENT FOR REPAIR OR REPLACEMENT OF DISASTER DAMAGED FACILITIES"
"97.039","SAI NOT AVAILABLE","CIVIL DEFENSE AGENCY","14200","CONCORD","013","MERRIMACK COUNTY","NEW HAMPSHIRE","03301","Government codes: State government","new assistance action","90","DHS-FEDERAL EMERGENCY MANAGEMENT AGENCY","1812DRNHP00000005","","55985","","0","","55985","09/29/2010","08/17/2010","09/30/2010","project grant  (B)","action-by-action reporting","","","3314200","NEW HAMPSHIRE","CONCORD","HAZARD MITIGATION GRANT","DHS-FEDERAL EMERGENCY MANAGEMENT AGENCY","NEW HAMPSHIRE","GRANT TO LOCAL GOVERNMENT FOR REPAIR OR REPLACEMENT OF DISASTER DAMAGED FACILITIES"
"97.039","SAI NOT AVAILABLE","CIVIL DEFENSE AGENCY","14200","CONCORD","013","MERRIMACK COUNTY","NEW HAMPSHIRE","03301","Government codes: State government","new assistance action","90","DHS-FEDERAL EMERGENCY MANAGEMENT AGENCY","1812DRNHP00000005","","66488","","0","","66488","09/28/2010","08/17/2010","09/30/2010","project grant  (B)","action-by-action reporting","","","3314200","NEW HAMPSHIRE","CONCORD","HAZARD MITIGATION GRANT","DHS-FEDERAL EMERGENCY MANAGEMENT AGENCY","NEW HAMPSHIRE","GRANT TO LOCAL GOVERNMENT FOR REPAIR OR REPLACEMENT OF DISASTER DAMAGED FACILITIES"
"97.039","SAI NOT AVAILABLE","CIVIL DEFENSE AGENCY","14200","CONCORD","013","MERRIMACK COUNTY","NEW HAMPSHIRE","03301","Government codes: State government","new assistance action","90","DHS-FEDERAL EMERGENCY MANAGEMENT AGENCY","1812DRNHP00000005","","147769","","0","","147769","09/16/2010","08/17/2010","09/30/2010","project grant  (B)","action-by-action reporting","","","3314200","NEW HAMPSHIRE","CONCORD","HAZARD MITIGATION GRANT","DHS-FEDERAL EMERGENCY MANAGEMENT AGENCY","NEW HAMPSHIRE","GRANT TO LOCAL GOVERNMENT FOR REPAIR OR REPLACEMENT OF DISASTER DAMAGED FACILITIES"
"97.039","SAI NOT AVAILABLE","CIVIL DEFENSE AGENCY","14200","CONCORD","013","MERRIMACK COUNTY","NEW HAMPSHIRE","03301","Government codes: State government","new assistance action","90","DHS-FEDERAL EMERGENCY MANAGEMENT AGENCY","1787DRNHP00000005","","105825","","0","","105825","08/17/2010","08/17/2010","09/30/2010","project grant  (B)","action-by-action reporting","","","3314200","NEW HAMPSHIRE","CONCORD","HAZARD MITIGATION GRANT","DHS-FEDERAL EMERGENCY MANAGEMENT AGENCY","NEW HAMPSHIRE","GRANT TO LOCAL GOVERNMENT FOR REPAIR OR REPLACEMENT OF DISASTER DAMAGED FACILITIES"
"97.039","SAI NOT AVAILABLE","CIVIL DEFENSE AGENCY","14200","CONCORD","013","MERRIMACK COUNTY","NEW HAMPSHIRE","03301","Government codes: State government","new assistance action","90","DHS-FEDERAL EMERGENCY MANAGEMENT AGENCY","1787DRNHP00000005","","62250","","0","","62250","08/18/2010","08/17/2010","09/30/2010","project grant  (B)","action-by-action reporting","","","3314200","NEW HAMPSHIRE","CONCORD","HAZARD MITIGATION GRANT","DHS-FEDERAL EMERGENCY MANAGEMENT AGENCY","NEW HAMPSHIRE","GRANT TO LOCAL GOVERNMENT FOR REPAIR OR REPLACEMENT OF DISASTER DAMAGED FACILITIES"
"12.300","SAI NOT AVAILABLE","STEVENS INSTITUTE OF TECHNOLOG","32250","HOBOKEN","017","HUDSON COUNTY","NEW JERSEY","070305906","Government codes: State controlled institutions of higher education","funding adjustment to completed project","90","NAVY-NAVAL RESEARCH, OFFICE OF","N002440910024   0002","-","1623","","0","-","1623","09/27/2010","01/29/2009","09/27/2010","project grant  (B)","action-by-action reporting","","","3432250","NEW JERSEY","HOBOKEN","BASIC AND APPLIED SCIENTIFIC RESEARCH","NAVY-NAVAL RESEARCH, OFFICE OF","NEW JERSEY","SYSTEM EARNED READINESS MANAGEMENT FOR DEFENSE ACQUISITION"
"12.800","SAI NOT AVAILABLE","THE ELECTROCHEMICAL SOCIETY IN","57600","PENNINGTON","021","MERCER COUNTY","NEW JERSEY","085342827","Nonprofit agencies: other nonprofit","new assistance action","90","AIR FORCE-AIR FORCE, DEPARTMENT OF THE (HEADQUARTERS, USAF)","FA95501010332","","25000","","0","","25000","07/08/2010","07/15/2010","12/14/2010","project grant  (B)","action-by-action reporting","","","3457600","NEW JERSEY","PENNINGTON","AIR FORCE DEFENSE RESEARCH SCIENCES PROGRAM","AIR FORCE-AIR FORCE, DEPARTMENT OF THE (HEADQUARTERS, USAF)","NEW JERSEY","TAS::57 3600::TAS"THE SEVENTEENTH INTERNATIONAL SYMPOSIUM ON MOLTEN SALTS AND IONIC LIQUIDS""
"12.800","SAI NOT AVAILABLE","POLYMER TECHNOLOGIES INC","13690","CLIFTON","031","PASSAIC COUNTY","NEW JERSEY","070113812","Private: small business","new assistance action","90","AIR FORCE-AIR FORCE, DEPARTMENT OF THE (HEADQUARTERS, USAF)","FA86501025510","","99964","","0","","99964","08/04/2010","08/03/2010","05/03/2011","cooperative agreement  (B)","action-by-action reporting","","","3413690","NEW JERSEY","CLIFTON","AIR FORCE DEFENSE RESEARCH SCIENCES PROGRAM","AIR FORCE-AIR FORCE, DEPARTMENT OF THE (HEADQUARTERS, USAF)","NEW JERSEY","METAL INJECTION MOLDING STUDY"
"12.800","SAI NOT AVAILABLE","UNIVERSITY OF NEW MEXICO","02000","ALBUQUERQUE","001","BERNALILLO COUNTY","NEW MEXICO","871310001","Government codes: State controlled institutions of higher education","new assistance action","90","AIR FORCE-AIR FORCE, DEPARTMENT OF THE (HEADQUARTERS, USAF)","FA95501010517","","96595","","0","","96595","09/01/2010","09/01/2010","08/31/2013","project grant  (B)","action-by-action reporting","","","3502000","NEW MEXICO","ALBUQUERQUE","AIR FORCE DEFENSE RESEARCH SCIENCES PROGRAM","AIR FORCE-AIR FORCE, DEPARTMENT OF THE (HEADQUARTERS, USAF)","NEW MEXICO","TAS::57 3600::TAS  "(HBCU/MI) TUNABLE INFRARED SEMICONDUCTOR LASERS""
"12.800","SAI NOT AVAILABLE","UNIVERSITY OF NEW MEXICO","02000","ALBUQUERQUE","001","BERNALILLO COUNTY","NEW MEXICO","871310001","Government codes: State controlled institutions of higher education","new assistance action","90","AIR FORCE-AIR FORCE, DEPARTMENT OF THE (HEADQUARTERS, USAF)","FA95501010463","","195000","","0","","195000","08/13/2010","08/15/2010","08/14/2012","project grant  (B)","action-by-action reporting","","","3502000","NEW MEXICO","ALBUQUERQUE","AIR FORCE DEFENSE RESEARCH SCIENCES PROGRAM","AIR FORCE-AIR FORCE, DEPARTMENT OF THE (HEADQUARTERS, USAF)","NEW MEXICO","TAS::57 3600::TAS "HIGH POWER LASERS""
"12.800","SAI NOT AVAILABLE","NEW MEXICO INSTITUTE OF MINING","73540","SOCORRO","053","SOCORRO COUNTY","NEW MEXICO","878014750","Private: private higher education","new assistance action","02","AIR FORCE-AIR FORCE, DEPARTMENT OF THE (HEADQUARTERS, USAF)","FA94531020259","","240000","","0","","240000","07/13/2010","07/13/2010","07/12/2015","cooperative agreement  (B)","action-by-action reporting","","","3573540","NEW MEXICO","SOCORRO","AIR FORCE DEFENSE RESEARCH SCIENCES PROGRAM","AIR FORCE-AIR FORCE, DEPARTMENT OF THE (HEADQUARTERS, USAF)","NEW MEXICO","AFRL LA LUZ ACADEMY"
"81.113","SAI EXEMPT","UNIVERSITY OF NEW MEXICO","02000","ALBUQUERQUE","001","BERNALILLO COUNTY","NEW MEXICO","871310001","Government codes: State controlled institutions of higher education","new assistance action","90","ENERGY, DEPARTMENT OF","DENA0000454     A000","","250000","","0","","250000","08/31/2010","08/31/2010","09/01/2011","project grant  (B)","action-by-action reporting","","","3502000","NEW MEXICO","ALBUQUERQUE","DEFENSE NUCLEAR NONPROLIFERATION RESEARCH","ENERGY, DEPARTMENT OF","NEW MEXICO","TAS::89 0309::TAS    MAGNETIC MICROCALORIMETERS (PDP10-68)"
"16.751","SAI NOT AVAILABLE","THE BRONX DEFENDERS","51000","NEW YORK","005","BRONX COUNTY","NEW YORK","10451","Nonprofit agencies: other nonprofit","new assistance action","90","DOJ-OFFICE OF JUSTICE PROGRAMS","2010DBBXK038","","250000","","0","","250000","08/10/2010","10/01/2010","09/30/2011","project grant  (B)","action-by-action reporting","","","3651000","NEW YORK","NEW YORK","EDWARD BYRNE MEMORIAL COMPETITIVE GRANT PROGRAM","DOJ-OFFICE OF JUSTICE PROGRAMS","NEW YORK","THE CENTER FOR HOLISTIC DEFENSE: SUPPORTING A NEW AND BROADER VISION OF THE PUBLIC DEFENDER"
"12.800","SAI NOT AVAILABLE","THE RESEARCH FOUNDATION OF STA","11000","BUFFALO","029","ERIE COUNTY","NEW YORK","142600001","Private: private higher education","new assistance action","90","AIR FORCE-AIR FORCE, DEPARTMENT OF THE (HEADQUARTERS, USAF)","FA95501010477","","39976","","0","","39976","08/20/2010","09/01/2010","02/28/2011","project grant  (B)","action-by-action reporting","","","3611000","NEW YORK","BUFFALO","AIR FORCE DEFENSE RESEARCH SCIENCES PROGRAM","AIR FORCE-AIR FORCE, DEPARTMENT OF THE (HEADQUARTERS, USAF)","NEW YORK","TAS::57 3600::TAS "WORKSHOP ON DYNAMIC DATA-DRIVEN APPLICATIONS SYSTEMS - INFOSYMBIOTIC SYSTEMS""
"12.800","SAI NOT AVAILABLE","UNIVERSITY OF ROCHESTER","63000","ROCHESTER","055","MONROE COUNTY","NEW YORK","146420001","Private: private higher education","new assistance action","90","AIR FORCE-AIR FORCE, DEPARTMENT OF THE (HEADQUARTERS, USAF)","FA95501010336","","159382","","0","","159382","07/23/2010","08/01/2010","01/31/2012","project grant  (B)","action-by-action reporting","","","3663000","NEW YORK","ROCHESTER","AIR FORCE DEFENSE RESEARCH SCIENCES PROGRAM","AIR FORCE-AIR FORCE, DEPARTMENT OF THE (HEADQUARTERS, USAF)","NEW YORK","TAS::57 3600::TAS"COMPUTATIONAL MODELING OF OPTIMAL DECISION-MAKING IN MULTISENSORY INTEGRATION""
"12.800","SAI NOT AVAILABLE","CORNELL UNIVERSITY, INC","38077","ITHACA","109","TOMPKINS COUNTY","NEW YORK","148532801","Private: private higher education","new assistance action","90","AIR FORCE-AIR FORCE, DEPARTMENT OF THE (HEADQUARTERS, USAF)","FA95501010410","","200000","","0","","200000","07/22/2010","08/01/2010","07/31/2011","project grant  (B)","action-by-action reporting","","","3638077","NEW YORK","ITHACA","AIR FORCE DEFENSE RESEARCH SCIENCES PROGRAM","AIR FORCE-AIR FORCE, DEPARTMENT OF THE (HEADQUARTERS, USAF)","NEW YORK","TAS::57 3600::TAS "LOW DIMENSIONAL CARBON MATERIALS FOR NANOOPTICS AND NANOPLASMONICS""
"10.769","SAI NOT AVAILABLE","PARTNERSHIP FOR DEFENSE INNOVATION","22920","FAYETTEVILLE","051","CUMBERLAND COUNTY","NORTH CAROLINA","283014958","Government codes: city or township government","new assistance action","90","DEPT. OF AGRIC. - RURAL BUSINESS-COOPERATIVE SERVICE","BP847418        0162","","75000","","0","","75000","07/06/2010","06/25/2010","06/25/2010","project grant  (B)","action-by-action reporting","","","37**051","NORTH CAROLINA","CUMBERLAND COUNTY","RURAL BUSINESS ENTERPRISE GRANTS","DEPT. OF AGRIC. - RURAL BUSINESS-COOPERATIVE SERVICE","NORTH CAROLINA","RURAL BUSINESS ENTERPRISE GRANTS"
"12.800","SAI NOT AVAILABLE","UNIVERSITY OF NORTH CAROLINA A","12000","CHARLOTTE","119","MECKLENBURG COUNTY","NORTH CAROLINA","282230001","Government codes: State controlled institutions of higher education","new assistance action","90","NAVY, DEPARTMENT OF THE","N000141010970","","194296","","0","","194296","08/12/2010","08/12/2010","07/31/2011","project grant  (B)","action-by-action reporting","","","3712000","NORTH CAROLINA","CHARLOTTE","AIR FORCE DEFENSE RESEARCH SCIENCES PROGRAM","NAVY, DEPARTMENT OF THE","NORTH CAROLINA","NOVEL FEL CAVITY OPTIC"
"12.800","SAI NOT AVAILABLE","DUKE UNIVERSITY","19000","DURHAM","063","DURHAM COUNTY","NORTH CAROLINA","277089900","Private: private higher education","new assistance action","04","AIR FORCE-AIR FORCE, DEPARTMENT OF THE (HEADQUARTERS, USAF)","FA95501010390","","109969","","0","","109969","07/08/2010","07/15/2010","07/14/2013","project grant  (B)","action-by-action reporting","","","3719000","NORTH CAROLINA","DURHAM","AIR FORCE DEFENSE RESEARCH SCIENCES PROGRAM","AIR FORCE-AIR FORCE, DEPARTMENT OF THE (HEADQUARTERS, USAF)","NORTH CAROLINA","TAS::57 3600::TAS "SEQUENTIAL PREDICTION FOR INFORMATION FUSION AND CONTROL","
"12.800","SAI NOT AVAILABLE","DUKE UNIVERSITY","19000","DURHAM","063","DURHAM COUNTY","NORTH CAROLINA","277089900","Private: private higher education","new assistance action","04","AIR FORCE-AIR FORCE, DEPARTMENT OF THE (HEADQUARTERS, USAF)","FA95501010465","","29200","","0","","29200","08/23/2010","09/01/2010","08/31/2011","project grant  (B)","action-by-action reporting","","","3719000","NORTH CAROLINA","DURHAM","AIR FORCE DEFENSE RESEARCH SCIENCES PROGRAM","AIR FORCE-AIR FORCE, DEPARTMENT OF THE (HEADQUARTERS, USAF)","NORTH CAROLINA","TAS::57 3600::TAS"WORKSHOP IN NETWORK SECURITY""
"12.800","SAI NOT AVAILABLE","DUKE UNIVERSITY","19000","DURHAM","063","DURHAM COUNTY","NORTH CAROLINA","277089900","Private: private higher education","new assistance action","04","AIR FORCE-AIR FORCE, DEPARTMENT OF THE (HEADQUARTERS, USAF)","FA95501010436","","346932","","0","","346932","08/25/2010","09/01/2010","08/31/2015","project grant  (B)","action-by-action reporting","","","3719000","NORTH CAROLINA","DURHAM","AIR FORCE DEFENSE RESEARCH SCIENCES PROGRAM","AIR FORCE-AIR FORCE, DEPARTMENT OF THE (HEADQUARTERS, USAF)","NORTH CAROLINA","TAS::57 3600::TAS "INFERRING NETWORK CONTROLS FROM TOPLOGY USING THE CHOMP DATABASE""
"12.800","SAI NOT AVAILABLE","DUKE UNIVERSITY","19000","DURHAM","063","DURHAM COUNTY","NORTH CAROLINA","277089900","Government codes: State controlled institutions of higher education","new assistance action","04","AIR FORCE-AIR FORCE, DEPARTMENT OF THE (HEADQUARTERS, USAF)","FA95501010271","","5000","","0","","5000","09/10/2010","09/15/2010","03/14/2011","project grant  (B)","action-by-action reporting","","","3719000","NORTH CAROLINA","DURHAM","AIR FORCE DEFENSE RESEARCH SCIENCES PROGRAM","AIR FORCE-AIR FORCE, DEPARTMENT OF THE (HEADQUARTERS, USAF)","NORTH CAROLINA","TAS::57 3600::TAS "SYMPOSIUM II: MECHANOCHEMISTRY IN MATERIALS SCIENCE""
"12.800","SAI NOT AVAILABLE","SEMICONDUCTOR RESEARCH CORPORA","19000","DURHAM","063","DURHAM COUNTY","NORTH CAROLINA","277038447","Nonprofit agencies: other nonprofit","new assistance action","04","AIR FORCE-AIR FORCE, DEPARTMENT OF THE (HEADQUARTERS, USAF)","FA95501010422","","10000","","0","","10000","08/02/2010","08/01/2010","01/31/2011","project grant  (B)","action-by-action reporting","","","3719000","NORTH CAROLINA","DURHAM","AIR FORCE DEFENSE RESEARCH SCIENCES PROGRAM","AIR FORCE-AIR FORCE, DEPARTMENT OF THE (HEADQUARTERS, USAF)","NORTH CAROLINA","TAS::57 3600::TAS  "THE EIGHTH INTERNATIONAL WORKSHOP ON FUTURE INFORMATION PROCESSING TECHNOLOGIES""
"12.420","SAI NOT AVAILABLE","CASE WESTERN RESERVE UNIVERSIT","16000","CLEVELAND","035","CUYAHOGA COUNTY","OHIO","441061712","Private: private higher education","new assistance action","90","ARMY,DEPT. OF THE (EXC. CORPS OF ENGINEERS CIVIL PROGRAM)","W81XWH1010872","","606793","","0","","606793","09/15/2010","09/15/2010","10/14/2013","project grant  (B)","action-by-action reporting","","","3916000","OHIO","CLEVELAND","MILITARY MEDICAL RESEARCH AND DEVELOPMENT","ARMY,DEPT. OF THE (EXC. CORPS OF ENGINEERS CIVIL PROGRAM)","OHIO","INHIBITION OF ORTHOPAEDIC IMPLANT INFECTIONS BY IMMUNOMODULATORY EFFECTS OF HOST DEFENSE PEPTIDES"
"12.800","SAI NOT AVAILABLE","MIAMI UNIVERSITY","59234","OXFORD","017","BUTLER COUNTY","OHIO","450563563","Government codes: State controlled institutions of higher education","new assistance action","90","AIR FORCE-AIR FORCE, DEPARTMENT OF THE (HEADQUARTERS, USAF)","FA95501010377","","156499","","0","","156499","07/07/2010","07/15/2010","07/14/2013","project grant  (B)","action-by-action reporting","","","3959234","OHIO","OXFORD","AIR FORCE DEFENSE RESEARCH SCIENCES PROGRAM","AIR FORCE-AIR FORCE, DEPARTMENT OF THE (HEADQUARTERS, USAF)","OHIO","TAS::57 3600::TAS  "(YIP 10) CROSS-CONJUGATED NANOARCHITECTURES""
"12.800","SAI NOT AVAILABLE","MIAMI UNIVERSITY","59234","OXFORD","017","BUTLER COUNTY","OHIO","450563563","Government codes: State controlled institutions of higher education","new assistance action","90","AIR FORCE-AIR FORCE, DEPARTMENT OF THE (HEADQUARTERS, USAF)","FA95501010346","","180465","","0","","180465","07/26/2010","08/01/2010","04/30/2013","project grant  (B)","action-by-action reporting","","","3959234","OHIO","OXFORD","AIR FORCE DEFENSE RESEARCH SCIENCES PROGRAM","AIR FORCE-AIR FORCE, DEPARTMENT OF THE (HEADQUARTERS, USAF)","OHIO","TAS:: 57 3600::TAS SATELLITE SIGNAL PARAMETER ESTIMATION ALGORITHMS FOR HIGH-ACCURACY APPLICATIONS"
"12.800","SAI NOT AVAILABLE","MICRODEV INC","18000","COLUMBUS","049","FRANKLIN COUNTY","OHIO","432214155","Private: small business","new assistance action","90","AIR FORCE-AIR FORCE, DEPARTMENT OF THE (HEADQUARTERS, USAF)","FA86551015046","","16000","","0","","16000","08/23/2010","05/17/2010","05/17/2011","project grant  (B)","action-by-action reporting","","","3918000","OHIO","COLUMBUS","AIR FORCE DEFENSE RESEARCH SCIENCES PROGRAM","AIR FORCE-AIR FORCE, DEPARTMENT OF THE (HEADQUARTERS, USAF)","OHIO","TAS::57 3600::TAS  WORKSHOP ON POSSIBILITIES AND LIMITATIONS OF CHARACTERIZATION AND MODELING OF DEFECTS, INTERFACES AND PHASE TRANSFORMATIONS"
"12.800","SAI NOT AVAILABLE","OHIO STATE UNIVERSITY RESEARCH","18000","COLUMBUS","049","FRANKLIN COUNTY","OHIO","432101016","Government codes: State controlled institutions of higher education","new assistance action","90","AIR FORCE-AIR FORCE, DEPARTMENT OF THE (HEADQUARTERS, USAF)","FA95501010533","","271257","","0","","271257","09/10/2010","09/15/2010","09/14/2013","project grant  (B)","action-by-action reporting","","","3918000","OHIO","COLUMBUS","AIR FORCE DEFENSE RESEARCH SCIENCES PROGRAM","AIR FORCE-AIR FORCE, DEPARTMENT OF THE (HEADQUARTERS, USAF)","OHIO","TAS::57 3600::TAS "(MURI FY10) CRYOGENIC PELTIER COOLING""
"12.800","SAI NOT AVAILABLE","OHIO STATE UNIVERSITY THE","18000","COLUMBUS","049","FRANKLIN COUNTY","OHIO","432101016","Government codes: State controlled institutions of higher education","new assistance action","90","AIR FORCE-AIR FORCE, DEPARTMENT OF THE (HEADQUARTERS, USAF)","FA95501010490","","99899","","0","","99899","09/01/2010","09/01/2010","08/31/2013","project grant  (B)","action-by-action reporting","","","3918000","OHIO","COLUMBUS","AIR FORCE DEFENSE RESEARCH SCIENCES PROGRAM","AIR FORCE-AIR FORCE, DEPARTMENT OF THE (HEADQUARTERS, USAF)","OHIO","TAS::57 3600::TAS  "MULTIDIMENSIONAL FORCING STRATEGIES FOR WAKE CONTROL""
"12.800","SAI NOT AVAILABLE","UNIVERSITY OF CINCINNATI","15000","CINCINNATI","061","HAMILTON COUNTY","OHIO","452210001","Government codes: State controlled institutions of higher education","new assistance action","90","AIR FORCE-AIR FORCE, DEPARTMENT OF THE (HEADQUARTERS, USAF)","FA95501010519","","135000","","0","","135000","09/07/2010","09/01/2010","04/30/2013","project grant  (B)","action-by-action reporting","","","3915000","OHIO","CINCINNATI","AIR FORCE DEFENSE RESEARCH SCIENCES PROGRAM","AIR FORCE-AIR FORCE, DEPARTMENT OF THE (HEADQUARTERS, USAF)","OHIO","TAS::57 3600::TAS "REAL -TIME COMBAT NAVIGATION SYSTEM AND VIRTUAL BATTLESPACE""
"12.800","SAI NOT AVAILABLE","AMERICAN SOCIETY FOR COMPOSITE","21000","DAYTON","113","MONTGOMERY COUNTY","OHIO","454690001","Nonprofit agencies: other nonprofit","new assistance action","90","AIR FORCE-AIR FORCE, DEPARTMENT OF THE (HEADQUARTERS, USAF)","FA95501010540","","10000","","0","","10000","09/30/2010","09/30/2010","12/30/2010","project grant  (B)","action-by-action reporting","","","3921000","OHIO","DAYTON","AIR FORCE DEFENSE RESEARCH SCIENCES PROGRAM","AIR FORCE-AIR FORCE, DEPARTMENT OF THE (HEADQUARTERS, USAF)","OHIO","TAS::57 3600::TAS  "THE 25TH ANNUAL CONFERENCE OF AMERICAN SOCIETY FOR COMPOSITES""
"12.800","SAI NOT AVAILABLE","CACI MTL SYSTEMS, INC","21000","DAYTON","113","MONTGOMERY COUNTY","OHIO","454322730","Private: profit organization","funding adjustment to completed project","90","AIR FORCE-AIR FORCE, DEPARTMENT OF THE (HEADQUARTERS, USAF)","F306020220049   0005","-","1660","","0","-","1660","09/28/2010","03/12/2002","09/28/2010","cooperative agreement  (B)","action-by-action reporting","","","3921000","OHIO","DAYTON","AIR FORCE DEFENSE RESEARCH SCIENCES PROGRAM","AIR FORCE-AIR FORCE, DEPARTMENT OF THE (HEADQUARTERS, USAF)","OHIO","A DIGITAL WATERMARKING TOOLKIT"
"12.800","SAI NOT AVAILABLE","SMITHS AEROSPACE LLC","79492","VANDALIA","113","MONTGOMERY COUNTY","OHIO","453773062","Private: profit organization","new assistance action","90","AIR FORCE-AIR FORCE, DEPARTMENT OF THE (HEADQUARTERS, USAF)","FA86501022011","","575000","","3619462","","4194462","07/09/2010","06/24/2011","10/19/2013","cooperative agreement  (B)","action-by-action reporting","","","3979492","OHIO","VANDALIA","AIR FORCE DEFENSE RESEARCH SCIENCES PROGRAM","AIR FORCE-AIR FORCE, DEPARTMENT OF THE (HEADQUARTERS, USAF)","OHIO","SOLID STATE ELECTRICAL DISTRIBUTION UNIT"
"12.800","SAI NOT AVAILABLE","UNIVERSITY OF DAYTON","21000","DAYTON","113","MONTGOMERY COUNTY","OHIO","454690001","Private: private higher education","funding adjustment to completed project","90","AIR FORCE-AIR FORCE, DEPARTMENT OF THE (HEADQUARTERS, USAF)","F336150322347   0123","-","74400","","0","-","74400","09/23/2010","02/02/2010","09/30/2010","cooperative agreement  (B)","action-by-action reporting","","","3921000","OHIO","DAYTON","AIR FORCE DEFENSE RESEARCH SCIENCES PROGRAM","AIR FORCE-AIR FORCE, DEPARTMENT OF THE (HEADQUARTERS, USAF)","OHIO","VERSATILE AFFORDABLE ADVANCED FUELS AND COMBUSTION TECHNOLOGIES"
"12.360","SAI NOT AVAILABLE","UNIVERSITY OF OKLAHOMA","52500","NORMAN","027","CLEVELAND COUNTY","OKLAHOMA","730194039","Government codes: State government","funding adjustment to completed project","04","ARMY,DEPT. OF THE (EXC. CORPS OF ENGINEERS CIVIL PROGRAM)","W912DY0820007   002","-","14","","0","-","14","09/13/2010","09/16/2010","09/30/2010","project grant  (B)","action-by-action reporting","","","4052500","OKLAHOMA","NORMAN","RESEARCH ON CHEMICAL AND BIOLOGICAL DEFENSE","ARMY,DEPT. OF THE (EXC. CORPS OF ENGINEERS CIVIL PROGRAM)","OKLAHOMA","DE-OBLIGATION OF FUNDS"
"12.800","SAI NOT AVAILABLE","CARNEGIE MELLON UNIVERSITY","61000","PITTSBURGH","003","ALLEGHENY COUNTY","PENNSYLVANIA","152133815","Private: private higher education","new assistance action","90","AIR FORCE-AIR FORCE, DEPARTMENT OF THE (HEADQUARTERS, USAF)","FA95501010365","","34160","","0","","34160","07/12/2010","08/01/2010","11/30/2010","project grant  (B)","action-by-action reporting","","","4261000","PENNSYLVANIA","PITTSBURGH","AIR FORCE DEFENSE RESEARCH SCIENCES PROGRAM","AIR FORCE-AIR FORCE, DEPARTMENT OF THE (HEADQUARTERS, USAF)","PENNSYLVANIA","TAS::57 3600::TAS "MEMRISTIVE MATERIALS AND DEVICES""
"12.800","SAI NOT AVAILABLE","UNIVERSITY OF PITTSBURGH","61000","PITTSBURGH","003","ALLEGHENY COUNTY","PENNSYLVANIA","152133320","Government codes: State controlled institutions of higher education","new assistance action","90","AIR FORCE-AIR FORCE, DEPARTMENT OF THE (HEADQUARTERS, USAF)","FA95501010329","","216982","","0","","216982","07/02/2010","07/01/2010","06/30/2013","project grant  (B)","action-by-action reporting","","","4261000","PENNSYLVANIA","PITTSBURGH","AIR FORCE DEFENSE RESEARCH SCIENCES PROGRAM","AIR FORCE-AIR FORCE, DEPARTMENT OF THE (HEADQUARTERS, USAF)","PENNSYLVANIA","TAS::57 3600::TAS "BUCKLING OF BILAYER LAMINATES: A NOVEL APPROACH TO SYNTHETIC PAPILLAE""
"12.800","SAI NOT AVAILABLE","UNIVERSITY OF PITTSBURGH","61000","PITTSBURGH","003","ALLEGHENY COUNTY","PENNSYLVANIA","152133320","Private: private higher education","new assistance action","90","AIR FORCE-AIR FORCE, DEPARTMENT OF THE (HEADQUARTERS, USAF)","FA95501010524","","527462","","0","","527462","09/10/2010","09/15/2010","09/14/2013","project grant  (B)","action-by-action reporting","","","4261000","PENNSYLVANIA","PITTSBURGH","AIR FORCE DEFENSE RESEARCH SCIENCES PROGRAM","AIR FORCE-AIR FORCE, DEPARTMENT OF THE (HEADQUARTERS, USAF)","PENNSYLVANIA","TAS::57 3600::TAS "(MURI-10) QUANTUM PISTON:  QUANTUM PRESERVATION, SIMULATION AND TRANSFER IN OXIDE NANOSTRUCTURES ""
"12.800","SAI NOT AVAILABLE","PENNSYLVANIA STATE UNIVERSITY,","73808","STATE COLLEGE","027","CENTRE COUNTY","PENNSYLVANIA","168021505","Government codes: State controlled institutions of higher education","new assistance action","05","AIR FORCE-AIR FORCE, DEPARTMENT OF THE (HEADQUARTERS, USAF)","FA95501010509","","175000","","0","","175000","09/01/2010","09/15/2010","09/14/2013","project grant  (B)","action-by-action reporting","","","4273808","PENNSYLVANIA","STATE COLLEGE","AIR FORCE DEFENSE RESEARCH SCIENCES PROGRAM","AIR FORCE-AIR FORCE, DEPARTMENT OF THE (HEADQUARTERS, USAF)","PENNSYLVANIA","TAS::57 3600::TAS "SELF-MOVING CATALYTIC NANOMOTORS""
"12.800","SAI NOT AVAILABLE","LEHIGH UNIVERSITY","06080","BETHLEHEM","033","CLEARFIELD COUNTY","PENNSYLVANIA","180153008","Private: private higher education","new assistance action","90","AIR FORCE-AIR FORCE, DEPARTMENT OF THE (HEADQUARTERS, USAF)","FA95501010404","","101120","","0","","101120","07/15/2010","08/01/2010","07/31/2013","project grant  (B)","action-by-action reporting","","","4206080","PENNSYLVANIA","BETHLEHEM","AIR FORCE DEFENSE RESEARCH SCIENCES PROGRAM","AIR FORCE-AIR FORCE, DEPARTMENT OF THE (HEADQUARTERS, USAF)","PENNSYLVANIA","TAS::57 3600::TAS"MIXED-INTEGER CONIC LINEAR PROGRAMMING: CHALLENGES AND PERSPECTIVES""
"12.800","SAI NOT AVAILABLE","TRUSTEES OF THE UNIVERSITY OF","60000","PHILADELPHIA","101","PHILADELPHIA COUNTY","PENNSYLVANIA","191046205","Private: private higher education","new assistance action","90","AIR FORCE-AIR FORCE, DEPARTMENT OF THE (HEADQUARTERS, USAF)","FA95501010408","","198813","","0","","198813","07/21/2010","08/01/2010","07/31/2011","project grant  (B)","action-by-action reporting","","","4260000","PENNSYLVANIA","PHILADELPHIA","AIR FORCE DEFENSE RESEARCH SCIENCES PROGRAM","AIR FORCE-AIR FORCE, DEPARTMENT OF THE (HEADQUARTERS, USAF)","PENNSYLVANIA","TAS::57 3600::TAS "METAMATERIAL-BASED ONE-WAY CAVITIES, ONE-WAY TERMINALS AND ONE-WAY LOADS""
"81.113","SAI EXEMPT","PENNSYLVANIA STATE UNIVERSITY, THE","73808","STATE COLLEGE","027","CENTRE COUNTY","PENNSYLVANIA","168027000","Government codes: State controlled institutions of higher education","new assistance action","05","ENERGY, DEPARTMENT OF","DENA0000667     A000","","260000","","0","","260000","08/27/2010","08/27/2010","08/31/2011","project grant  (B)","action-by-action reporting","","","4273808","PENNSYLVANIA","STATE COLLEGE","DEFENSE NUCLEAR NONPROLIFERATION RESEARCH","ENERGY, DEPARTMENT OF","PENNSYLVANIA","TAS::89 0309::TAS SUPER-RESOLUTION IN REMOTE SENSING BY QUANTUM PHASE AMPLIFICATION"
"12.800","SAI NOT AVAILABLE","GORDON RESEARCH CONFERENCES IN","78080","WEST KINGSTON","009","WASHINGTON COUNTY","RHODE ISLAND","028921502","Nonprofit agencies: other nonprofit","new assistance action","02","AIR FORCE-AIR FORCE, DEPARTMENT OF THE (HEADQUARTERS, USAF)","FA95501010445","","4500","","0","","4500","07/30/2010","08/15/2010","11/14/2010","project grant  (B)","action-by-action reporting","","","4478080","RHODE ISLAND","WEST KINGSTON","AIR FORCE DEFENSE RESEARCH SCIENCES PROGRAM","AIR FORCE-AIR FORCE, DEPARTMENT OF THE (HEADQUARTERS, USAF)","RHODE ISLAND","TAS::57 3600::TAS "ELECTRONIC PROCESSES IN ORGANIC MATERIALS""
"12.800","SAI NOT AVAILABLE","GORDON RESEARCH CONFERENCES IN","78080","WEST KINGSTON","009","WASHINGTON COUNTY","RHODE ISLAND","028921502","Nonprofit agencies: other nonprofit","new assistance action","02","AIR FORCE-AIR FORCE, DEPARTMENT OF THE (HEADQUARTERS, USAF)","FA95501010376","","10000","","0","","10000","07/08/2010","07/15/2010","12/14/2010","project grant  (B)","action-by-action reporting","","","4478080","RHODE ISLAND","WEST KINGSTON","AIR FORCE DEFENSE RESEARCH SCIENCES PROGRAM","AIR FORCE-AIR FORCE, DEPARTMENT OF THE (HEADQUARTERS, USAF)","RHODE ISLAND","TAS::57 3600::TAS"2010 NEUROBIOLOGY OF COGITION GORDON RESEARCH CONFERENCE""
"81.113","SAI EXEMPT","CLEMSON UNIVERSITY","14950","CLEMSON","077","PICKENS COUNTY","SOUTH CAROLINA","296340000","Government codes: State controlled institutions of higher education","new assistance action","03","ENERGY, DEPARTMENT OF","DENA0000421     A000","","273500","","0","","273500","08/30/2010","08/30/2010","08/31/2011","project grant  (B)","action-by-action reporting","","","4514950","SOUTH CAROLINA","CLEMSON","DEFENSE NUCLEAR NONPROLIFERATION RESEARCH","ENERGY, DEPARTMENT OF","SOUTH CAROLINA","TAS::89 0309::TAS CLEMSON UNIVERSITY, COMPACT HIGHLY SENSITIVE AND SELECTIVE MID-INFRARED (MIR) CHEMICAL SENSORS"
"11.611","EXE","UNIVERSITY OF TENNESSEE","40000","KNOXVILLE","093","KNOX COUNTY","TENNESSEE","37996","Government codes: State controlled institutions of higher education","new assistance action","02","DEPT. OF COMM. - NAT'L INSTITUTE OF STANDARDS & TECHNOLOGY","70NANB10H312    0","","10000","","0","","10000","09/15/2010","09/01/2010","09/30/2010","cooperative agreement  (B)","action-by-action reporting","","","4740000","TENNESSEE","KNOXVILLE","MANUFACTURING EXTENSION PARTNERSHIP","DEPT. OF COMM. - NAT'L INSTITUTE OF STANDARDS & TECHNOLOGY","TENNESSEE","DEFENSE LOGISTICS AGENCY - FINDING & DEVELOPING MANUFACTURERS TO SUPPLY HARD TO SOURCE COMPONENTS TO THE DLA."
"12.800","SAI NOT AVAILABLE","VANDERBILT UNIVERSITY, THE","52004","NASHVILLE-DAVIDSON","037","DAVIDSON COUNTY","TENNESSEE","372032416","Private: private higher education","new assistance action","90","AIR FORCE-AIR FORCE, DEPARTMENT OF THE (HEADQUARTERS, USAF)","FA95501010366","","13355","","0","","13355","07/12/2010","09/01/2010","11/30/2010","project grant  (B)","action-by-action reporting","","","4752004","TENNESSEE","NASHVILLE-DAVIDSON","AIR FORCE DEFENSE RESEARCH SCIENCES PROGRAM","AIR FORCE-AIR FORCE, DEPARTMENT OF THE (HEADQUARTERS, USAF)","TENNESSEE","TAS:: 57 3600::TAS "ULTRAFAST SILICON-BASED MODULATORS USING OPTICAL SWITCHING OF VANADIUM DIOXIDE""
"81.113","SAI EXEMPT","UNIVERSITY OF TENNESSEE","40000","KNOXVILLE","093","KNOX COUNTY","TENNESSEE","379961529","Government codes: State controlled institutions of higher education","new assistance action","02","ENERGY, DEPARTMENT OF","DENA0000471     A000","","250000","","0","","250000","05/27/2010","05/27/2010","06/01/2011","project grant  (B)","action-by-action reporting","late reporting of an action occurring in a prior quarter","20103","4740000","TENNESSEE","KNOXVILLE","DEFENSE NUCLEAR NONPROLIFERATION RESEARCH","ENERGY, DEPARTMENT OF","TENNESSEE","TAS::89 0309::TAS  THIN-FILM BORON PHOSPHIDE NEUTRON DETECTOR (PDP10-71)"
"81.113","SAI EXEMPT","MEMPHIS UNIVERSITY OF","48000","MEMPHIS","157","SHELBY COUNTY","TENNESSEE","381520000","Government codes: State controlled institutions of higher education","funding adjustment to completed project","90","ENERGY, DEPARTMENT OF","FC52-03NA99512  A002","-","84985","","0","-","84985","06/18/2010","09/09/2003","09/29/2006","cooperative agreement  (B)","action-by-action reporting","late reporting of an action occurring in a prior quarter","20103","4748000","TENNESSEE","MEMPHIS","DEFENSE NUCLEAR NONPROLIFERATION RESEARCH","ENERGY, DEPARTMENT OF","TENNESSEE","SEISMIC SOURCES AND WAVE PROPAGATION IN WESTERN INDIA"
"12.800","SAI NOT AVAILABLE","TRIQUINT SEMICONDUCTOR TEXAS L","61796","RICHARDSON","085","COLLIN COUNTY","TEXAS","750801324","Private: profit organization","new assistance action","90","AIR FORCE-AIR FORCE, DEPARTMENT OF THE (HEADQUARTERS, USAF)","FA86501025505","","6379300","","0","","6379300","09/30/2010","09/17/2010","09/17/2013","cooperative agreement  (B)","action-by-action reporting","","","4861796","TEXAS","RICHARDSON","AIR FORCE DEFENSE RESEARCH SCIENCES PROGRAM","AIR FORCE-AIR FORCE, DEPARTMENT OF THE (HEADQUARTERS, USAF)","TEXAS","GAN ON SIC RADAR/EW MMIC PRODUCTION CAPACITY; TAS #97X0360."
"12.800","SAI NOT AVAILABLE","UNIVERSITY OF TEXAS HEALTH SCI","35000","HOUSTON","201","HARRIS COUNTY","TEXAS","770305400","Government codes: State controlled institutions of higher education","new assistance action","90","AIR FORCE-AIR FORCE, DEPARTMENT OF THE (HEADQUARTERS, USAF)","FA95501010520","","179811","","0","","179811","09/02/2010","09/15/2010","09/14/2015","project grant  (B)","action-by-action reporting","","","4835000","TEXAS","HOUSTON","AIR FORCE DEFENSE RESEARCH SCIENCES PROGRAM","AIR FORCE-AIR FORCE, DEPARTMENT OF THE (HEADQUARTERS, USAF)","TEXAS","TAS::57 3600::TAS "ELECTROPLATING OF RHENIUM AND ITS ALLOYS""
"12.800","SAI NOT AVAILABLE","WILLIAM MARSH RICE UNIVERSITY","35000","HOUSTON","201","HARRIS COUNTY","TEXAS","770051827","Government codes: State controlled institutions of higher education","new assistance action","90","AIR FORCE-AIR FORCE, DEPARTMENT OF THE (HEADQUARTERS, USAF)","FA86511020006","","21644","","0","","21644","09/13/2010","09/13/2010","03/31/2011","cooperative agreement  (B)","action-by-action reporting","","","4835000","TEXAS","HOUSTON","AIR FORCE DEFENSE RESEARCH SCIENCES PROGRAM","AIR FORCE-AIR FORCE, DEPARTMENT OF THE (HEADQUARTERS, USAF)","TEXAS","TAS # :  573600 - WASABI:  WAVELET ANALYSIS OF STRUCTURAL ANOMALIES USING BASELINE IMPULSE-RESPONSE"
"12.800","SAI NOT AVAILABLE","WILLIAM MARSH RICE UNIVERSITY","35000","HOUSTON","201","HARRIS COUNTY","TEXAS","770051827","Private: private higher education","new assistance action","90","AIR FORCE-AIR FORCE, DEPARTMENT OF THE (HEADQUARTERS, USAF)","FA95501010469","","105304","","0","","105304","08/05/2010","08/15/2010","08/14/2013","project grant  (B)","action-by-action reporting","","","4835000","TEXAS","HOUSTON","AIR FORCE DEFENSE RESEARCH SCIENCES PROGRAM","AIR FORCE-AIR FORCE, DEPARTMENT OF THE (HEADQUARTERS, USAF)","TEXAS","TAS::57 3600::TAS "PLEXCITONICS: COUPLED PLASMON-EXCITON SYSTEMS WITH TAILORABLE PROPERTIES""
"12.800","SAI NOT AVAILABLE","US FERROICS LLC","65600","SAN MARCOS","209","HAYS COUNTY","TEXAS","786668280","Private: small business","new assistance action","90","AIR FORCE-AIR FORCE, DEPARTMENT OF THE (HEADQUARTERS, USAF)","FA95501010506","","59941","","0","","59941","09/28/2010","09/30/2010","09/29/2013","project grant  (B)","action-by-action reporting","","","4865600","TEXAS","SAN MARCOS","AIR FORCE DEFENSE RESEARCH SCIENCES PROGRAM","AIR FORCE-AIR FORCE, DEPARTMENT OF THE (HEADQUARTERS, USAF)","TEXAS","TAS::5700 3600::TAS "OPTICAL SENSING AND IMAGING OPPORTUNITIES""
"12.800","SAI NOT AVAILABLE","ARLINGTON BUSINESS ACCELERATOR","04000","ARLINGTON","439","TARRANT COUNTY","TEXAS","760107402","Private: all other","new assistance action","90","AIR FORCE-AIR FORCE MATERIEL COMMAND","FA86501039701","","2450000","","0","","2450000","07/30/2010","07/30/2010","07/29/2016","other reimbursable, contingent, intangible, or indirect financial assistance","action-by-action reporting","","","4804000","TEXAS","ARLINGTON","AIR FORCE DEFENSE RESEARCH SCIENCES PROGRAM","AIR FORCE-AIR FORCE MATERIEL COMMAND","TEXAS","TAS: :97 0400: :TAS       TECHCOMM CORE EFFORT"
"12.800","SAI NOT AVAILABLE","BRIGHAM YOUNG UNIVERSITY","62470","PROVO","049","UTAH COUNTY","UTAH","846021231","Private: private higher education","new assistance action","90","AIR FORCE-AIR FORCE, DEPARTMENT OF THE (HEADQUARTERS, USAF)","FA86511010008","","150000","","0","","150000","08/31/2010","08/31/2010","11/30/2011","project grant  (B)","action-by-action reporting","","","4962470","UTAH","PROVO","AIR FORCE DEFENSE RESEARCH SCIENCES PROGRAM","AIR FORCE-AIR FORCE, DEPARTMENT OF THE (HEADQUARTERS, USAF)","UTAH","TAS :: 57 3600 :: TAS   MINATURE SELF-DEPLOYING SYSTEMS IN CLUTTERED/CONFINED ENVIRONMENTS"
"12.800","SAI NOT AVAILABLE","GEORGE MASON UNIVERSITY","26496","FAIRFAX","600","FAIRFAX","VIRGINIA","220304422","Government codes: State controlled institutions of higher education","new assistance action","90","AIR FORCE-AIR FORCE, DEPARTMENT OF THE (HEADQUARTERS, USAF)","FA95501010385","","1000000","","2500000","","3500000","07/09/2010","07/15/2010","07/14/2015","project grant  (B)","action-by-action reporting","","","5126496","VIRGINIA","FAIRFAX","AIR FORCE DEFENSE RESEARCH SCIENCES PROGRAM","AIR FORCE-AIR FORCE, DEPARTMENT OF THE (HEADQUARTERS, USAF)","VIRGINIA","TAS::57 3600::TAS "CENTEC: CENTER FOR EXCELLENCE IN NEUROERGONOMICS, TECHNOLOGY, AND COGNITION""
"12.800","SAI NOT AVAILABLE","NATIONAL INSTITUTE OF AEROSPAC","35000","HAMPTON","650","HAMPTON","VIRGINIA","236666186","Private: all other","new assistance action","90","AIR FORCE-AIR FORCE, DEPARTMENT OF THE (HEADQUARTERS, USAF)","FA95501010451","","250000","","0","","250000","08/13/2010","08/15/2010","08/14/2013","project grant  (B)","action-by-action reporting","","","5135000","VIRGINIA","HAMPTON","AIR FORCE DEFENSE RESEARCH SCIENCES PROGRAM","AIR FORCE-AIR FORCE, DEPARTMENT OF THE (HEADQUARTERS, USAF)","VIRGINIA","TAS::57 3600::TAS "ELECTROACTIVE, RADIATION-SHIELDING BORON NITRIDE POLYMER COMPOSITES""
"12.800","SAI NOT AVAILABLE","NATIONAL INSTITUTE OF AEROSPAC","35000","HAMPTON","650","HAMPTON","VIRGINIA","236666186","Nonprofit agencies: other nonprofit","new assistance action","90","AIR FORCE-AIR FORCE, DEPARTMENT OF THE (HEADQUARTERS, USAF)","FA95501010386","","67052","","0","","67052","08/23/2010","08/15/2010","08/14/2011","project grant  (B)","action-by-action reporting","","","5135000","VIRGINIA","HAMPTON","AIR FORCE DEFENSE RESEARCH SCIENCES PROGRAM","AIR FORCE-AIR FORCE, DEPARTMENT OF THE (HEADQUARTERS, USAF)","VIRGINIA","TAS::57 3600::TAS "RELATING CHEMICAL AND TOPOGRAPHICAL MODIFICATION OF MATERIALS TO MACROSCOPIC ADHESION""
"12.800","SAI NOT AVAILABLE","VIRGINIA POLYTECHNIC INSTITUTE","07784","BLACKSBURG","121","MONTGOMERY COUNTY","VIRGINIA","240615000","Government codes: State controlled institutions of higher education","new assistance action","09","AIR FORCE-AIR FORCE, DEPARTMENT OF THE (HEADQUARTERS, USAF)","FA95501010427","","188253","","0","","188253","08/05/2010","08/01/2010","07/31/2013","project grant  (B)","action-by-action reporting","","","5107784","VIRGINIA","BLACKSBURG","AIR FORCE DEFENSE RESEARCH SCIENCES PROGRAM","AIR FORCE-AIR FORCE, DEPARTMENT OF THE (HEADQUARTERS, USAF)","VIRGINIA","TAS::57 3600::TAS "STRUCTURAL DYNAMICS OF CABLE-HARNESSED SPACECRAFT STRUCTURES""
"12.300","SAI NOT AVAILABLE","LUMMI INDIAN BUSINESS COUNCIL","05280","BELLINGHAM","073","WHATCOM COUNTY","WASHINGTON","982269291","Nonprofit agencies: Indian tribe","new assistance action","02","ARMY,DEPT. OF THE (EXC. CORPS OF ENGINEERS CIVIL PROGRAM)","W912DY1020319","","150000","","0","","150000","09/17/2010","09/30/2010","09/30/2011","cooperative agreement  (B)","action-by-action reporting","","","5305280","WASHINGTON","BELLINGHAM","BASIC AND APPLIED SCIENTIFIC RESEARCH","ARMY,DEPT. OF THE (EXC. CORPS OF ENGINEERS CIVIL PROGRAM)","WASHINGTON","REMEDIAL ACTIVITIES AT FORMERLY USED DEFENSE SITES AND THE FORMER MARIETTA NAVY BASE ON TRIBAL LANDS"
"","","","","","","","","","","","","","","","","","","","","","","","","","","","","","","","","",""
"","","","","","","","","","","","","","","","","","","","","","","","","","","","","","","","","",""
"","","","","","","","","","","","","","","","","","","","","","","","","","","","","","","","","",""
"","","","","","","","","","","","","","","","","","","","","","","","","","","","","","","","","",""
"","","","","","","","","","","","","","","","","","","","","","","","","","","","","","","","","",""
"","","","","","","","","","","","","","","","","","","","","","","","","","","","","","","","","",""
"","","","","","","","","","","","","","","","","","","","","","","","","","","","","","","","","",""
"","","","","","","","","","","","","","","","","","","","","","","","","","","","","","","","","",""
"20.205","SAI EXEMPT","ALABAMA DOT","51000","MONTGOMERY","101","MONTGOMERY COUNTY","ALABAMA","361303050","Government codes: State government","revision (any change in Federal Government's financial obligation or contingent liability in existing assistance transaction - amount of the <u>change</u> in funding)","90","DOT-FEDERAL HIGHWAY ADMINISTRATION","01Q2009436600   2","-","3907","-","976","-","4883","04/19/2010","04/19/2010","06/30/2010","formula grant  (A)","action-by-action reporting","","","01**101","ALABAMA","MONTGOMERY COUNTY","HIGHWAY PLANNING AND CONSTRUCTION","DOT-FEDERAL HIGHWAY ADMINISTRATION","ALABAMA","RESURFACE CR65/MURPHY MILL ROAD FROM DALE COUNTY L"
"20.205","SAI EXEMPT","ALABAMA DOT","51000","MONTGOMERY","101","MONTGOMERY COUNTY","ALABAMA","361303050","Government codes: State government","revision (any change in Federal Government's financial obligation or contingent liability in existing assistance transaction - amount of the <u>change</u> in funding)","90","DOT-FEDERAL HIGHWAY ADMINISTRATION","01H2003621200   2","-","23557","-","5888","-","29445","06/28/2010","06/28/2010","06/30/2010","formula grant  (A)","action-by-action reporting","","","01**101","ALABAMA","MONTGOMERY COUNTY","HIGHWAY PLANNING AND CONSTRUCTION","DOT-FEDERAL HIGHWAY ADMINISTRATION","ALABAMA","RESURFACE CR88 FROM SR71 TO CR58 NEAR PISGAH"
"20.205","SAI EXEMPT","ALABAMA DOT","51000","MONTGOMERY","101","MONTGOMERY COUNTY","ALABAMA","361303050","Government codes: State government","new assistance action","90","DOT-FEDERAL HIGHWAY ADMINISTRATION","01LZ2E0004518   0","","28800","","7200","","36000","06/28/2010","06/28/2010","06/30/2010","formula grant  (A)","action-by-action reporting","","","01**101","ALABAMA","MONTGOMERY COUNTY","HIGHWAY PLANNING AND CONSTRUCTION","DOT-FEDERAL HIGHWAY ADMINISTRATION","ALABAMA","RESURFACE PAVEMENT & 2' PAVEMENT WIDEING SR4 (US78"
"10.069","","MULTIPLE RECIPIENTS","","","013","MARICOPA COUNTY","ARIZONA","","Private: individual","","90","DEPT. OF AGRIC. - FARM SERVICE AGENCY","","","11889","","0","","11889","06/30/2010","","","direct payment for specified use, such as a subsidy or other nonreimbursable direct financial aid  (C)","county aggregate reporting","","","04**013","ARIZONA","MARICOPA COUNTY","CONSERVATION RESERVE PROGRAM","DEPT. OF AGRIC. - FARM SERVICE AGENCY","ARIZONA","CONSERV RESV PRGM; TO PROTECT THE NATION'S LONG-TERM CAPABILITY TO PROD FOOD, REDUCE SOIL EROSION, IMPROVE WATER QUALITY, & CREATE WILDLIFE HABITAT"
"10.069","","MULTIPLE RECIPIENTS","","","013","MARICOPA COUNTY","ARIZONA","","Private: all other","","90","DEPT. OF AGRIC. - FARM SERVICE AGENCY","","","874581","","0","","874581","12/31/2009","","","direct payment for specified use, such as a subsidy or other nonreimbursable direct financial aid  (C)","county aggregate reporting","late reporting of an action occurring in a prior quarter","20101","04**013","ARIZONA","MARICOPA COUNTY","CONSERVATION RESERVE PROGRAM","DEPT. OF AGRIC. - FARM SERVICE AGENCY","ARIZONA","CONSERV RESV PRGM; TO PROTECT THE NATION'S LONG-TERM CAPABILITY TO PROD FOOD, REDUCE SOIL EROSION, IMPROVE WATER QUALITY, & CREATE WILDLIFE HABITAT"
"10.069","","MULTIPLE RECIPIENTS","","","013","MARICOPA COUNTY","ARIZONA","","Private: all other","","90","DEPT. OF AGRIC. - FARM SERVICE AGENCY","","","9384","","0","","9384","06/30/2010","","","direct payment for specified use, such as a subsidy or other nonreimbursable direct financial aid  (C)","county aggregate reporting","","","04**013","ARIZONA","MARICOPA COUNTY","CONSERVATION RESERVE PROGRAM","DEPT. OF AGRIC. - FARM SERVICE AGENCY","ARIZONA","CONSERV RESV PRGM; TO PROTECT THE NATION'S LONG-TERM CAPABILITY TO PROD FOOD, REDUCE SOIL EROSION, IMPROVE WATER QUALITY, & CREATE WILDLIFE HABITAT"
"10.069","","MULTIPLE RECIPIENTS","","","019","PIMA COUNTY","ARIZONA","","Private: individual","","90","DEPT. OF AGRIC. - FARM SERVICE AGENCY","","","29419","","0","","29419","06/30/2010","","","direct payment for specified use, such as a subsidy or other nonreimbursable direct financial aid  (C)","county aggregate reporting","","","04**019","ARIZONA","PIMA COUNTY","CONSERVATION RESERVE PROGRAM","DEPT. OF AGRIC. - FARM SERVICE AGENCY","ARIZONA","CONSERV RESV PRGM; TO PROTECT THE NATION'S LONG-TERM CAPABILITY TO PROD FOOD, REDUCE SOIL EROSION, IMPROVE WATER QUALITY, & CREATE WILDLIFE HABITAT"
"12.800","SAI NOT AVAILABLE","UNIVERSITY OF ARIZONA","77000","TUCSON","019","PIMA COUNTY","ARIZONA","857210001","Government codes: State controlled institutions of higher education","new assistance action","90","AIR FORCE-AIR FORCE, DEPARTMENT OF THE (HEADQUARTERS, USAF)","FA95501010189","","120496","","0","","120496","04/28/2010","05/15/2010","05/14/2013","project grant  (B)","action-by-action reporting","","","0477000","ARIZONA","TUCSON","AIR FORCE DEFENSE RESEARCH SCIENCES PROGRAM","AIR FORCE-AIR FORCE, DEPARTMENT OF THE (HEADQUARTERS, USAF)","ARIZONA","TAS::57 3600::TAS "(YIP-10) ENABLING DYNAMIC OXIDATION MECHANISMS IN REVERSE INFILTRATED ULTRA-HIGH TEMPERATURE CERAMIC COATED C-C COMPOSITES FOR APP"
"97.108","SAI EXEMPT","ARIZONA BOARD OF REGENTS FOR ARIZONA STATE UN","73000","TEMPE","013","MARICOPA COUNTY","ARIZONA","852873503","Government codes: State controlled institutions of higher education","continuation (funding in succeeding budget period which stemmed from prior agreement to fund - amount of the current action)","90","DHS-OFFICE OF THE UNDERSECRETARY FOR MANAGEMENT","2008ST108000004 0002","-","84979","","0","-","84979","05/06/2010","05/05/2010","05/05/2010","cooperative agreement  (B)","action-by-action reporting","","","04*****","ARIZONA","STATE-WIDE","HOMELAND SECURITY, RESEARCH, TESTING, EVALUATION & DEMONSTRATION & TECH.","DHS-OFFICE OF THE UNDERSECRETARY FOR MANAGEMENT","ARIZONA","INTELLIGENT FOOD DEFENSE SYSTEMS FOR INTERNATIONAL SUPPLY CHAINS: THE CASE OF MEXICO FRESH PRODUCE TO THE U.S."
"12.800","SAI NOT AVAILABLE","THE REGENTS OF THE UNIVERSITY","44000","LOS ANGELES","037","LOS ANGELES COUNTY","CALIFORNIA","900246523","Government codes: State controlled institutions of higher education","continuation (funding in succeeding budget period which stemmed from prior agreement to fund - amount of the current action)","90","NAVY, DEPARTMENT OF THE","N000140711063   0006","","99","","0","","99","05/26/2010","05/26/2010","07/19/2010","project grant  (B)","action-by-action reporting","","","0644000","CALIFORNIA","LOS ANGELES","AIR FORCE DEFENSE RESEARCH SCIENCES PROGRAM","NAVY, DEPARTMENT OF THE","CALIFORNIA","TACTICAL HEL WEAPON ALIGNMENT SYSTEM ARCHITECTURE EFFICIENCIES"
"12.800","SAI NOT AVAILABLE","LELAND STANFORD JUNIOR UNIVERS","73906","STANFORD","085","SANTA CLARA COUNTY","CALIFORNIA","943057209","Private: private higher education","continuation (funding in succeeding budget period which stemmed from prior agreement to fund - amount of the current action)","90","NAVY, DEPARTMENT OF THE","N000140910100   0005","","223638","","0","","223638","06/18/2010","06/18/2010","11/14/2011","project grant  (B)","action-by-action reporting","","","0673906","CALIFORNIA","STANFORD","AIR FORCE DEFENSE RESEARCH SCIENCES PROGRAM","NAVY, DEPARTMENT OF THE","CALIFORNIA","ELF/VLF WAVE-INJECTION EXPERIMENTS WITH HAARP FOR QUANTIFICATION OF MAGNETOSPHERIC AMPLIFICATION"
"12.800","SAI NOT AVAILABLE","LELAND STANFORD JUNIOR UNIVERS","73906","STANFORD","085","SANTA CLARA COUNTY","CALIFORNIA","943057209","Private: private higher education","revision (any change in Federal Government's financial obligation or contingent liability in existing assistance transaction - amount of the <u>change</u> in funding)","90","NAVY, DEPARTMENT OF THE","N000140611036   0007","","189905","","0","","189905","06/30/2010","06/30/2010","12/31/2010","project grant  (B)","action-by-action reporting","","","0673906","CALIFORNIA","STANFORD","AIR FORCE DEFENSE RESEARCH SCIENCES PROGRAM","NAVY, DEPARTMENT OF THE","CALIFORNIA","TRANSMITTER-INDUCED PRECIPITATION OF ENERGETIC ELECTRONS FROM THE INNER RADIATION BELT"
"12.800","SAI NOT AVAILABLE","LELAND STANFORD JUNIOR UNIVERS","73906","STANFORD","085","SANTA CLARA COUNTY","CALIFORNIA","943057209","Private: private higher education","continuation (funding in succeeding budget period which stemmed from prior agreement to fund - amount of the current action)","90","NAVY, DEPARTMENT OF THE","N000140611036   0006","","102465","","0","","102465","06/30/2010","06/30/2010","07/31/2010","project grant  (B)","action-by-action reporting","","","0673906","CALIFORNIA","STANFORD","AIR FORCE DEFENSE RESEARCH SCIENCES PROGRAM","NAVY, DEPARTMENT OF THE","CALIFORNIA","TRANSMITTER-INDUCED PRECIPITATION OF ENERGETIC ELECTRONS FROM THE INNER RADIATION BELT"
"12.800","SAI NOT AVAILABLE","LELAND STANFORD JUNIOR UNIVERS","73906","STANFORD","085","SANTA CLARA COUNTY","CALIFORNIA","943057209","Private: private higher education","continuation (funding in succeeding budget period which stemmed from prior agreement to fund - amount of the current action)","90","NAVY, DEPARTMENT OF THE","N000140910034   0003","","250000","","0","","250000","06/18/2010","06/18/2010","10/30/2011","project grant  (B)","action-by-action reporting","","","0673906","CALIFORNIA","STANFORD","AIR FORCE DEFENSE RESEARCH SCIENCES PROGRAM","NAVY, DEPARTMENT OF THE","CALIFORNIA","SATELLITE OBSERVATIONS AND THEORETICAL MODELING OF ELF/VLF INJECTION AND ENERGETIC ELECTRON PRECIPITATION"
"12.350","SAI NOT AVAILABLE","PROJECT CONCERN INTERNATIONAL","66000","SAN DIEGO","073","SAN DIEGO COUNTY","CALIFORNIA","921234339","Nonprofit agencies: other nonprofit","revision (any change in Federal Government's financial obligation or contingent liability in existing assistance transaction - amount of the <u>change</u> in funding)","90","NAVY-NAVAL SUPPLY SYSTEMS COMMAND","N002440910053   0003","","279980","","0","","279980","05/20/2010","05/20/2010","05/19/2012","project grant  (B)","action-by-action reporting","","","0666000","CALIFORNIA","SAN DIEGO","DEPARTMENT OF DEFENSE HIV/AIDS PREVENTION PROGRAM","NAVY-NAVAL SUPPLY SYSTEMS COMMAND","CALIFORNIA","PEPFAR MALAWI AIDS RELIEF"
"12.800","SAI NOT AVAILABLE","REGENTS OF THE UNIVERSITY OF C","06000","BERKELEY","001","ALAMEDA COUNTY","CALIFORNIA","947045940","Government codes: State controlled institutions of higher education","new assistance action","90","AIR FORCE-AIR FORCE, DEPARTMENT OF THE (HEADQUARTERS, USAF)","FA95501010168","","576689","","0","","576689","04/22/2010","05/01/2010","04/30/2015","project grant  (B)","action-by-action reporting","","","0606000","CALIFORNIA","BERKELEY","AIR FORCE DEFENSE RESEARCH SCIENCES PROGRAM","AIR FORCE-AIR FORCE, DEPARTMENT OF THE (HEADQUARTERS, USAF)","CALIFORNIA","TAS::97 0400::TAS "OPTIMAL DESIGN OF RESILIENT CAPACITATED NETWORKS, 22 OCT 2009""
"12.800","SAI NOT AVAILABLE","REGENTS OF THE UNIVERSITY OF C","06000","BERKELEY","001","ALAMEDA COUNTY","CALIFORNIA","947045940","Government codes: State controlled institutions of higher education","new assistance action","90","AIR FORCE-AIR FORCE, DEPARTMENT OF THE (HEADQUARTERS, USAF)","FA95501010163","","193570","","0","","193570","04/22/2010","05/01/2010","04/30/2013","project grant  (B)","action-by-action reporting","","","0606000","CALIFORNIA","BERKELEY","AIR FORCE DEFENSE RESEARCH SCIENCES PROGRAM","AIR FORCE-AIR FORCE, DEPARTMENT OF THE (HEADQUARTERS, USAF)","CALIFORNIA","TAS::57 3600::TAS "ULTRAFAST HIGH HARMONIC, SOFT X-RAY LASER PROBING OF MOLECULAR DYNAMICS""
"12.800","SAI NOT AVAILABLE","REGENTS OF THE UNIVERSITY OF C","06000","BERKELEY","001","ALAMEDA COUNTY","CALIFORNIA","947045940","Government codes: State controlled institutions of higher education","new assistance action","90","AIR FORCE-AIR FORCE, DEPARTMENT OF THE (HEADQUARTERS, USAF)","FA95501010232","","115276","","0","","115276","05/10/2010","05/15/2010","05/14/2013","project grant  (B)","action-by-action reporting","","","0606000","CALIFORNIA","BERKELEY","AIR FORCE DEFENSE RESEARCH SCIENCES PROGRAM","AIR FORCE-AIR FORCE, DEPARTMENT OF THE (HEADQUARTERS, USAF)","CALIFORNIA","TAS::57 3600::TAS "(YIP-10) FAST, FLEXIBLE, RATIONAL INDUCTIVE INFERENCE" DATED 28 JULY 2009; THE RESEARCH TERMS AND CONDITIONS, 1 JULY 2008"
"12.800","SAI NOT AVAILABLE","REGENTS OF THE UNIVERSITY OF C","06000","BERKELEY","001","ALAMEDA COUNTY","CALIFORNIA","947045940","Government codes: State controlled institutions of higher education","new assistance action","90","AIR FORCE-AIR FORCE, DEPARTMENT OF THE (HEADQUARTERS, USAF)","FA95501010214","","190923","","0","","190923","05/07/2010","05/15/2010","05/14/2013","project grant  (B)","action-by-action reporting","","","0606000","CALIFORNIA","BERKELEY","AIR FORCE DEFENSE RESEARCH SCIENCES PROGRAM","AIR FORCE-AIR FORCE, DEPARTMENT OF THE (HEADQUARTERS, USAF)","CALIFORNIA","TAS::57 3600::TAS "ENGINEERING ULTRASTABLE PROTEIN FILAMENTS INTO 2D AND 3D TEMPLATES FOR ADVANCED NANOMATERIALS:  A NEW DIMENSION IN MATERIALS DESIG"
"12.800","SAI NOT AVAILABLE","THE REGENTS OF THE UNIVERSITY","61152","RIVERSIDE","023","HUMBOLDT COUNTY","CALIFORNIA","925210001","Government codes: State controlled institutions of higher education","new assistance action","01","AIR FORCE-AIR FORCE, DEPARTMENT OF THE (HEADQUARTERS, USAF)","FA95501010322","","388182","","0","","388182","06/23/2010","07/01/2010","06/30/2011","project grant  (B)","action-by-action reporting","","","0661152","CALIFORNIA","RIVERSIDE","AIR FORCE DEFENSE RESEARCH SCIENCES PROGRAM","AIR FORCE-AIR FORCE, DEPARTMENT OF THE (HEADQUARTERS, USAF)","CALIFORNIA","TAS::57 3600::TAS"DURIP10 PROCUREMENT OF A NANOINDENTER FOR STRUCTURE-FUNCTION ANALYSES OF BIOLOGICALLY INSPIRED HIGH PERFORMANCE COMPOSITE MATERIALS"
"12.800","SAI NOT AVAILABLE","CALIFORNIA INSTITUTE OF TECHNO","56000","PASADENA","037","LOS ANGELES COUNTY","CALIFORNIA","911250001","Private: private higher education","new assistance action","90","AIR FORCE-AIR FORCE, DEPARTMENT OF THE (HEADQUARTERS, USAF)","FA95501010086","","147288","","0","","147288","04/14/2010","04/15/2010","04/14/2013","project grant  (B)","action-by-action reporting","","","0656000","CALIFORNIA","PASADENA","AIR FORCE DEFENSE RESEARCH SCIENCES PROGRAM","AIR FORCE-AIR FORCE, DEPARTMENT OF THE (HEADQUARTERS, USAF)","CALIFORNIA","TAS::57 3600::TAS "(YIP-10) QUANTITATIVE INVESTIGATION OF HIGH LEVEL CONTROL OF FREE-FLIGHT BEHAVIOR IN FLIES,""
"12.800","SAI NOT AVAILABLE","CALIFORNIA INSTITUTE OF TECHNO","56000","PASADENA","037","LOS ANGELES COUNTY","CALIFORNIA","911250001","Private: private higher education","new assistance action","90","AIR FORCE-AIR FORCE, DEPARTMENT OF THE (HEADQUARTERS, USAF)","FA95501010262","","315306","","0","","315306","06/16/2010","06/15/2010","06/14/2013","project grant  (B)","action-by-action reporting","","","0656000","CALIFORNIA","PASADENA","AIR FORCE DEFENSE RESEARCH SCIENCES PROGRAM","AIR FORCE-AIR FORCE, DEPARTMENT OF THE (HEADQUARTERS, USAF)","CALIFORNIA","TAS::57 3600::TAS "DISPERSION, MIXING, AND COMBUSTION IN UNIFORM- AND VARIABLE-DENSITY AIR-BREATHING HIGH-SPEED PROPULSION FLOWS""
"12.800","SAI NOT AVAILABLE","QUALLION LLC","44000","LOS ANGELES","037","LOS ANGELES COUNTY","CALIFORNIA","913423728","Private: profit organization","continuation (funding in succeeding budget period which stemmed from prior agreement to fund - amount of the current action)","90","AIR FORCE-AIR FORCE, DEPARTMENT OF THE (HEADQUARTERS, USAF)","FA86500625514   0009","","5672013","","1964871","","7636884","04/26/2010","09/29/2006","12/29/2011","cooperative agreement  (B)","action-by-action reporting","","","0644000","CALIFORNIA","LOS ANGELES","AIR FORCE DEFENSE RESEARCH SCIENCES PROGRAM","AIR FORCE-AIR FORCE, DEPARTMENT OF THE (HEADQUARTERS, USAF)","CALIFORNIA","LITHIUM ION BATTERIES"
"12.800","SAI NOT AVAILABLE","THE REGENTS OF THE UNIVERSITY","44000","LOS ANGELES","037","LOS ANGELES COUNTY","CALIFORNIA","900246523","Government codes: State controlled institutions of higher education","new assistance action","90","AIR FORCE-AIR FORCE, DEPARTMENT OF THE (HEADQUARTERS, USAF)","FA95501010181","","5000","","0","","5000","04/30/2010","05/01/2010","06/30/2010","project grant  (B)","action-by-action reporting","","","0644000","CALIFORNIA","LOS ANGELES","AIR FORCE DEFENSE RESEARCH SCIENCES PROGRAM","AIR FORCE-AIR FORCE, DEPARTMENT OF THE (HEADQUARTERS, USAF)","CALIFORNIA","TAS::57 3600::TAS "WORKSHOP ON COMPOUND SEMICONDUCTOR MATERIALS AND DEVICES (WOCSEMMAD 2010)," DATED 19 AUG 09 (THE GRANTEE'S TECHNICAL PROPOSAL)"
"12.800","SAI NOT AVAILABLE","UNIVERSITY OF SOUTHERN CALIFOR","44000","LOS ANGELES","037","LOS ANGELES COUNTY","CALIFORNIA","900890001","Private: private higher education","new assistance action","90","AIR FORCE-AIR FORCE, DEPARTMENT OF THE (HEADQUARTERS, USAF)","FA95501010144","","120000","","0","","120000","04/16/2010","04/15/2010","04/14/2013","project grant  (B)","action-by-action reporting","","","0644000","CALIFORNIA","LOS ANGELES","AIR FORCE DEFENSE RESEARCH SCIENCES PROGRAM","AIR FORCE-AIR FORCE, DEPARTMENT OF THE (HEADQUARTERS, USAF)","CALIFORNIA","TAS::57 3600::TAS "(YIP-10) BIOTIC-ABIOTIC NANOSCALE INTERACTIONS IN BIOLOGICAL FUEL CELLS" DATED 20 JULY 2009; THE RESEARCH TERMS AND CONDITIONS,"
"12.800","SAI NOT AVAILABLE","THE REGENTS OF THE UNIVERSITY","46898","MERCED","047","MERCED COUNTY","CALIFORNIA","953435001","Government codes: State controlled institutions of higher education","new assistance action","18","AIR FORCE-AIR FORCE, DEPARTMENT OF THE (HEADQUARTERS, USAF)","FA95501010148","","144344","","0","","144344","04/21/2010","05/01/2010","04/30/2013","project grant  (B)","action-by-action reporting","","","0646898","CALIFORNIA","MERCED","AIR FORCE DEFENSE RESEARCH SCIENCES PROGRAM","AIR FORCE-AIR FORCE, DEPARTMENT OF THE (HEADQUARTERS, USAF)","CALIFORNIA","TAS::57 3600::TAS  "HIGH-FIDELITY THERMAL RADIATION MODELS & MEASUREMENTS FOR HIGH-PRESSURE REACTING LAMINAR&TURBULENT FLOWS, 6 APR 09"
"12.800","SAI NOT AVAILABLE","REGENTS OF THE UNIVERSITY OF C","57526","PLACENTIA","059","ORANGE COUNTY","CALIFORNIA","920931500","Government codes: State controlled institutions of higher education","new assistance action","90","AIR FORCE-AIR FORCE, DEPARTMENT OF THE (HEADQUARTERS, USAF)","FA95501010112","","179432","","0","","179432","04/15/2010","04/15/2010","04/14/2013","project grant  (B)","action-by-action reporting","","","0657526","CALIFORNIA","PLACENTIA","AIR FORCE DEFENSE RESEARCH SCIENCES PROGRAM","AIR FORCE-AIR FORCE, DEPARTMENT OF THE (HEADQUARTERS, USAF)","CALIFORNIA","TAS 57 3600::TAS "OPTICAL, BIOCHEMICAL AND MOLECULAR CHARACTERIZATION OF NEW FLUORESCENT AND LUMINESCENT SYSTEMS,""
"12.800","SAI NOT AVAILABLE","THE REGENTS OF THE UNIVERSITY","36770","IRVINE","059","ORANGE COUNTY","CALIFORNIA","926970001","Government codes: State controlled institutions of higher education","revision (any change in Federal Government's financial obligation or contingent liability in existing assistance transaction - amount of the <u>change</u> in funding)","90","AIR FORCE-AIR FORCE, DEPARTMENT OF THE (HEADQUARTERS, USAF)","FA95500810103   0004","","139374","","0","","139374","04/27/2010","05/01/2010","11/30/2010","project grant  (B)","action-by-action reporting","","","0636770","CALIFORNIA","IRVINE","AIR FORCE DEFENSE RESEARCH SCIENCES PROGRAM","AIR FORCE-AIR FORCE, DEPARTMENT OF THE (HEADQUARTERS, USAF)","CALIFORNIA","TAS::36 5700::TAS "HIGH-Q PHOTONIC-CRYSTAL CAVITIES FOR LIGHT AMPLIFICATION AND LASING,""
"12.800","SAI NOT AVAILABLE","THE REGENTS OF THE UNIVERSITY","69070","SANTA BARBARA","083","SANTA BARBARA COUNTY","CALIFORNIA","931060001","Government codes: State controlled institutions of higher education","revision (any change in Federal Government's financial obligation or contingent liability in existing assistance transaction - amount of the <u>change</u> in funding)","90","AIR FORCE-AIR FORCE, DEPARTMENT OF THE (HEADQUARTERS, USAF)","FA95500810461   0002","","243000","","0","","243000","06/16/2010","09/01/2010","08/31/2011","project grant  (B)","action-by-action reporting","","","0669070","CALIFORNIA","SANTA BARBARA","AIR FORCE DEFENSE RESEARCH SCIENCES PROGRAM","AIR FORCE-AIR FORCE, DEPARTMENT OF THE (HEADQUARTERS, USAF)","CALIFORNIA","TAS::57 3600::TAS "DEVELOPMENT OF ADVANCED III-NITRIDE MATERIALS""
"12.800","SAI NOT AVAILABLE","THE REGENTS OF THE UNIVERSITY","69070","SANTA BARBARA","083","SANTA BARBARA COUNTY","CALIFORNIA","931060001","Government codes: State controlled institutions of higher education","new assistance action","90","AIR FORCE-AIR FORCE, DEPARTMENT OF THE (HEADQUARTERS, USAF)","FA95501010292","","57137","","0","","57137","06/16/2010","06/15/2010","06/14/2011","project grant  (B)","action-by-action reporting","","","0669070","CALIFORNIA","SANTA BARBARA","AIR FORCE DEFENSE RESEARCH SCIENCES PROGRAM","AIR FORCE-AIR FORCE, DEPARTMENT OF THE (HEADQUARTERS, USAF)","CALIFORNIA","TAS::57 3600::TAS"(DURIP 10) HELIX PROJECT TESTBED: TOWARDS THE SELF-REGENERATIVE INCORRUPTIBLE ENTERPRISE,""
"12.800","SAI NOT AVAILABLE","THE REGENTS OF THE UNIVERSITY","69070","SANTA BARBARA","083","SANTA BARBARA COUNTY","CALIFORNIA","931060001","Government codes: State controlled institutions of higher education","new assistance action","90","AIR FORCE-AIR FORCE, DEPARTMENT OF THE (HEADQUARTERS, USAF)","FA95501010143","","315942","","0","","315942","04/30/2010","05/01/2010","04/30/2013","project grant  (B)","action-by-action reporting","","","0669070","CALIFORNIA","SANTA BARBARA","AIR FORCE DEFENSE RESEARCH SCIENCES PROGRAM","AIR FORCE-AIR FORCE, DEPARTMENT OF THE (HEADQUARTERS, USAF)","CALIFORNIA","TAS::57 3600::TAS "MULTI-SCALE UNCERTAINTY PROPAGATION IN DYNAMICAL SYSTEMS,""
"12.800","SAI NOT AVAILABLE","THE REGENTS OF THE UNIVERSITY","69070","SANTA BARBARA","083","SANTA BARBARA COUNTY","CALIFORNIA","931060001","Government codes: State controlled institutions of higher education","new assistance action","90","AIR FORCE-AIR FORCE, DEPARTMENT OF THE (HEADQUARTERS, USAF)","FA95501010119","","150000","","0","","150000","04/02/2010","04/01/2010","03/31/2015","project grant  (B)","action-by-action reporting","","","0669070","CALIFORNIA","SANTA BARBARA","AIR FORCE DEFENSE RESEARCH SCIENCES PROGRAM","AIR FORCE-AIR FORCE, DEPARTMENT OF THE (HEADQUARTERS, USAF)","CALIFORNIA","TAS::57 3600::TAS "MULTI BANDGAP PHOTODETECTORS WITH BURIED EPITAXIAL METALLIC CONTACTS""
"12.800","SAI NOT AVAILABLE","LELAND STANFORD JUNIOR UNIVERS","73906","STANFORD","085","SANTA CLARA COUNTY","CALIFORNIA","943057209","Private: private higher education","new assistance action","90","AIR FORCE-AIR FORCE, DEPARTMENT OF THE (HEADQUARTERS, USAF)","FA95501010301","","4896","","0","","4896","06/04/2010","06/15/2010","12/14/2010","project grant  (B)","action-by-action reporting","","","0673906","CALIFORNIA","STANFORD","AIR FORCE DEFENSE RESEARCH SCIENCES PROGRAM","AIR FORCE-AIR FORCE, DEPARTMENT OF THE (HEADQUARTERS, USAF)","CALIFORNIA","TAS::57 3600::TAS "MMDS 2010: WORKSHOP ON ALGORITHMS FOR MODERN MASSIVE DATA SETS" DATED 12 MAY 2010 ; THE RESEARCH TERMS AND  CONDITIONS, 1 JULY 200"
"12.800","SAI NOT AVAILABLE","LELAND STANFORD JUNIOR UNIVERS","73906","STANFORD","085","SANTA CLARA COUNTY","CALIFORNIA","943057209","Private: private higher education","new assistance action","90","AIR FORCE-AIR FORCE, DEPARTMENT OF THE (HEADQUARTERS, USAF)","FA95501010235","","151666","","0","","151666","05/11/2010","05/15/2010","05/14/2013","project grant  (B)","action-by-action reporting","","","0673906","CALIFORNIA","STANFORD","AIR FORCE DEFENSE RESEARCH SCIENCES PROGRAM","AIR FORCE-AIR FORCE, DEPARTMENT OF THE (HEADQUARTERS, USAF)","CALIFORNIA","TAS::57 3600::TAS "KINETIC STUDIES OF REACTIONS IN SOLUTION USING FAST MASS SPECTROMETRY" DATED 25 FEB 2009; THE RESEARCH TERMS AND CONDITIONS,"
"12.800","SAI NOT AVAILABLE","REGENTS OF THE UNIVERSITY OF C","18100","DAVIS","113","YOLO COUNTY","CALIFORNIA","956186134","Government codes: State controlled institutions of higher education","new assistance action","90","AIR FORCE-AIR FORCE, DEPARTMENT OF THE (HEADQUARTERS, USAF)","FA95501010316","","60000","","0","","60000","06/17/2010","06/15/2010","06/14/2011","project grant  (B)","action-by-action reporting","","","0618100","CALIFORNIA","DAVIS","AIR FORCE DEFENSE RESEARCH SCIENCES PROGRAM","AIR FORCE-AIR FORCE, DEPARTMENT OF THE (HEADQUARTERS, USAF)","CALIFORNIA","TAS::57 3600::TAS "(DURIP-10) HELIX PROJECT TESTBED: TOWARDS THE SELF-REGENERATIVE INCORRUPTIBLE ENTERPRISE" DATED 14 SEPT 2009;"
"81.113","SAI EXEMPT","UNIVERSITY OF CALIFORNIA, DAVIS","18100","DAVIS","113","YOLO COUNTY","CALIFORNIA","956180000","Government codes: State controlled institutions of higher education","continuation (funding in succeeding budget period which stemmed from prior agreement to fund - amount of the current action)","90","ENERGY, DEPARTMENT OF","FG52-09NA29464  A001","","150000","","0","","150000","06/08/2010","09/28/2009","09/30/2011","project grant  (B)","action-by-action reporting","","","0618100","CALIFORNIA","DAVIS","DEFENSE NUCLEAR NONPROLIFERATION RESEARCH","ENERGY, DEPARTMENT OF","CALIFORNIA","SSAA:  MAGNETIC & STRUCTURAL PROPERTIES OF F-ELECTRON SYSTEMS AT HIGH PRESSURE EXPERIEMENTS & THEORY"
"84.328","SAI NOT AVAILABLE","DISABILITY RIGHTS EDUCATION & DEFENSE FUND IN","06000","BERKELEY","001","ALAMEDA COUNTY","CALIFORNIA","94710","Nonprofit agencies: other nonprofit","continuation (funding in succeeding budget period which stemmed from prior agreement to fund - amount of the current action)","90","EDUCATION, DEPARTMENT OF","H328C090021","","100000","","0","","100000","05/18/2010","10/01/2010","09/30/2011","project grant  (B)","action-by-action reporting","","","0606000","CALIFORNIA","BERKELEY","SPECIAL EDUCATION-PARENT INFORMATION CENTERS","EDUCATION, DEPARTMENT OF","CALIFORNIA","SPECIAL EDUCATION-TRAINING AND INFORMATION FOR PARENTS OF CHILDREN WITH DISABILITIES - COMMUNITY PARENT RESOURCE CENTERS"
"12.800","SAI NOT AVAILABLE","UNIVERSITY OF COLORADO","20000","DENVER","031","DENVER COUNTY","COLORADO","803090001","Government codes: State controlled institutions of higher education","new assistance action","01","AIR FORCE-AIR FORCE, DEPARTMENT OF THE (HEADQUARTERS, USAF)","FA95501010135","","200000","","0","","200000","04/27/2010","05/01/2010","04/30/2013","project grant  (B)","action-by-action reporting","","","0820000","COLORADO","DENVER","AIR FORCE DEFENSE RESEARCH SCIENCES PROGRAM","AIR FORCE-AIR FORCE, DEPARTMENT OF THE (HEADQUARTERS, USAF)","COLORADO",""ATOM TRANSISTORS 15 JUNE 2009" (THE GRANTEE'S TECHNICAL PROPOSAL); THE RESEARCH TERMS AND CONDITIONS, 1 JULY 2008 (HTTP://WWW.NSF.GOV/BFA/DIAS/POLIC"
"12.800","SAI NOT AVAILABLE","UNIVERSITY OF COLORADO","16000","COLORADO SPRINGS","041","EL PASO COUNTY","COLORADO","809183735","Government codes: State controlled institutions of higher education","revision (any change in Federal Government's financial obligation or contingent liability in existing assistance transaction - amount of the <u>change</u> in funding)","05","AIR FORCE-AIR FORCE, DEPARTMENT OF THE (HEADQUARTERS, USAF)","FA95500910713   0002","","22000","","0","","22000","06/11/2010","09/30/2009","09/29/2013","project grant  (B)","action-by-action reporting","","","0816000","COLORADO","COLORADO SPRINGS","AIR FORCE DEFENSE RESEARCH SCIENCES PROGRAM","AIR FORCE-AIR FORCE, DEPARTMENT OF THE (HEADQUARTERS, USAF)","COLORADO","TAS::57 3600::TAS  "PARTNERSHIP IN INNOVATIVE PREPARATION FOR EDUCATORS AND STUDENTS (PIPES)""
"12.800","SAI NOT AVAILABLE","TRUSTEES OF THE COLORADO SCHOO","30835","GOLDEN","059","JEFFERSON COUNTY","COLORADO","804011887","Government codes: State controlled institutions of higher education","new assistance action","90","AIR FORCE-AIR FORCE, DEPARTMENT OF THE (HEADQUARTERS, USAF)","FA95501010319","","500412","","0","","500412","06/10/2010","06/15/2010","06/14/2013","project grant  (B)","action-by-action reporting","","","0830835","COLORADO","GOLDEN","AIR FORCE DEFENSE RESEARCH SCIENCES PROGRAM","AIR FORCE-AIR FORCE, DEPARTMENT OF THE (HEADQUARTERS, USAF)","COLORADO","TAS::97 0400::TAS "NDEP/NSSEFF - FUNDAMENTAL STUDY OF SHALLOW -SUBSURFACE MULTIPHASE PROCESSES AFFECTED BY HEAT""
"12.800","SAI NOT AVAILABLE","COLORADO STATE UNIVERSITY","27425","FORT COLLINS","069","LARIMER COUNTY","COLORADO","805230001","Government codes: State controlled institutions of higher education","revision (any change in Federal Government's financial obligation or contingent liability in existing assistance transaction - amount of the <u>change</u> in funding)","04","AIR FORCE-AIR FORCE, DEPARTMENT OF THE (HEADQUARTERS, USAF)","FA95500810031   0003","","199800","","0","","199800","06/23/2010","12/01/2009","11/30/2010","project grant  (B)","action-by-action reporting","","","0827425","COLORADO","FORT COLLINS","AIR FORCE DEFENSE RESEARCH SCIENCES PROGRAM","AIR FORCE-AIR FORCE, DEPARTMENT OF THE (HEADQUARTERS, USAF)","COLORADO","TAS::57 3600::TAS "(PECASE) NON-EVAPORATIVE COOLING VIA INELASTIC COLLISIONS IN AN OPTICAL TRAP""
"12.800","SAI NOT AVAILABLE","UNIVERSITY OF NORTHERN COLORAD","32155","GREELEY","123","WELD COUNTY","COLORADO","806396900","Government codes: State controlled institutions of higher education","new assistance action","90","AIR FORCE-AIR FORCE, DEPARTMENT OF THE (HEADQUARTERS, USAF)","FA95501010234","","5000","","0","","5000","05/07/2010","05/15/2010","08/14/2010","project grant  (B)","action-by-action reporting","","","0832155","COLORADO","GREELEY","AIR FORCE DEFENSE RESEARCH SCIENCES PROGRAM","AIR FORCE-AIR FORCE, DEPARTMENT OF THE (HEADQUARTERS, USAF)","COLORADO","TAS::57 3600::TAS "SUPPORT FOR STUDENTS TO ATTEND THE 41ST ANNUAL DAMOP MEETING ""
"12.800","SAI NOT AVAILABLE","UNITED TECHNOLOGIES CORPORATIO","22700","EAST HARTFORD","003","HARTFORD COUNTY","CONNECTICUT","061080968","Private: profit organization","continuation (funding in succeeding budget period which stemmed from prior agreement to fund - amount of the current action)","90","AIR FORCE-AIR FORCE, DEPARTMENT OF THE (HEADQUARTERS, USAF)","FA86500825249   0003","","220000","","313717","","533717","05/25/2010","10/10/2008","07/31/2011","cooperative agreement  (B)","action-by-action reporting","","","0922700","CONNECTICUT","EAST HARTFORD","AIR FORCE DEFENSE RESEARCH SCIENCES PROGRAM","AIR FORCE-AIR FORCE, DEPARTMENT OF THE (HEADQUARTERS, USAF)","CONNECTICUT","FA8650-08-2-5249 (MAI II AGREEMENT ORDER 16)"
"12.800","SAI NOT AVAILABLE","UNITED TECHNOLOGIES CORPORATIO","22700","EAST HARTFORD","003","HARTFORD COUNTY","CONNECTICUT","061080968","Private: all other","continuation (funding in succeeding budget period which stemmed from prior agreement to fund - amount of the current action)","90","AIR FORCE-AIR FORCE, DEPARTMENT OF THE (HEADQUARTERS, USAF)","FA86500725201   0006","","700000","","0","","700000","05/27/2010","01/25/2007","01/24/2014","cooperative agreement  (B)","action-by-action reporting","","","0922700","CONNECTICUT","EAST HARTFORD","AIR FORCE DEFENSE RESEARCH SCIENCES PROGRAM","AIR FORCE-AIR FORCE, DEPARTMENT OF THE (HEADQUARTERS, USAF)","CONNECTICUT","FA8650-07-2-5201  (MAI II AGREEMENT ORDER 1)"
"12.800","SAI NOT AVAILABLE","UNITED TECHNOLOGIES CORPORATIO","22700","EAST HARTFORD","003","HARTFORD COUNTY","CONNECTICUT","061080968","Private: profit organization","continuation (funding in succeeding budget period which stemmed from prior agreement to fund - amount of the current action)","90","AIR FORCE-AIR FORCE, DEPARTMENT OF THE (HEADQUARTERS, USAF)","F336150225201   0017","","33002","","0","","33002","06/02/2010","07/15/2002","12/24/2010","cooperative agreement  (B)","action-by-action reporting","","","0922700","CONNECTICUT","EAST HARTFORD","AIR FORCE DEFENSE RESEARCH SCIENCES PROGRAM","AIR FORCE-AIR FORCE, DEPARTMENT OF THE (HEADQUARTERS, USAF)","CONNECTICUT",""ADVANCED TURBINE LIFE PREDICTION SYSTEM""
"12.800","SAI NOT AVAILABLE","YALE UNIVERSITY","52000","NEW HAVEN","009","NEW HAVEN COUNTY","CONNECTICUT","065116614","Private: private higher education","new assistance action","90","AIR FORCE-AIR FORCE, DEPARTMENT OF THE (HEADQUARTERS, USAF)","FA95501010077","","50000","","0","","50000","05/06/2010","06/01/2010","11/30/2010","project grant  (B)","action-by-action reporting","","","0952000","CONNECTICUT","NEW HAVEN","AIR FORCE DEFENSE RESEARCH SCIENCES PROGRAM","AIR FORCE-AIR FORCE, DEPARTMENT OF THE (HEADQUARTERS, USAF)","CONNECTICUT","TAS::57 3600::TAS  "FEASIBILITY DEMONSTRATION OF EXCIPLEX FLUORESCENCE MEASUREMENTS IN EVAPORATING LAMINAR SPRAYS OF DIESEL FUEL""
"12.800","SAI NOT AVAILABLE","YALE UNIVERSITY","52000","NEW HAVEN","009","NEW HAVEN COUNTY","CONNECTICUT","065116614","Private: private higher education","new assistance action","90","AIR FORCE-AIR FORCE, DEPARTMENT OF THE (HEADQUARTERS, USAF)","FA95501010296","","5000","","0","","5000","06/10/2010","06/15/2010","09/14/2010","project grant  (B)","action-by-action reporting","","","0952000","CONNECTICUT","NEW HAVEN","AIR FORCE DEFENSE RESEARCH SCIENCES PROGRAM","AIR FORCE-AIR FORCE, DEPARTMENT OF THE (HEADQUARTERS, USAF)","CONNECTICUT","TAS::57 3600::TAS "INTERNATIONAL WORKSHOP ON CONDENSED MATTER PHYSICS TO BE HELD AT THE ABDUS SALAM INTERNATIONAL CENTRE FOR THEORETICAL PHYSICS""
"12.800","SAI NOT AVAILABLE","DELAWARE STATE UNIVERSITY","21200","DOVER","001","KENT COUNTY","DELAWARE","199012202","Government codes: State controlled institutions of higher education","new assistance action","00","AIR FORCE-AIR FORCE, DEPARTMENT OF THE (HEADQUARTERS, USAF)","FA95501010127","","58521","","0","","58521","04/14/2010","04/15/2010","11/14/2012","project grant  (B)","action-by-action reporting","","","1021200","DELAWARE","DOVER","AIR FORCE DEFENSE RESEARCH SCIENCES PROGRAM","AIR FORCE-AIR FORCE, DEPARTMENT OF THE (HEADQUARTERS, USAF)","DELAWARE","TAS::57 3600::TAS "(HBCU/MI) THREE-DIMENSIONAL STABLE NONORTHOGONAL FDTD ALGORITHM WITH ADAPTIVE MESH REFINEMENT FOR SOLVING MAXWELL'S EQUATIONS,""
"12.800","SAI NOT AVAILABLE","UNIVERSITY OF DELAWARE","50670","NEWARK","003","NEW CASTLE COUNTY","DELAWARE","197113649","Private: private higher education","continuation (funding in succeeding budget period which stemmed from prior agreement to fund - amount of the current action)","00","AIR FORCE-AIR FORCE, DEPARTMENT OF THE (HEADQUARTERS, USAF)","FA95500910218   0002","","50000","","0","","50000","06/08/2010","12/01/2009","11/30/2010","project grant  (B)","action-by-action reporting","","","1050670","DELAWARE","NEWARK","AIR FORCE DEFENSE RESEARCH SCIENCES PROGRAM","AIR FORCE-AIR FORCE, DEPARTMENT OF THE (HEADQUARTERS, USAF)","DELAWARE","TAS::57 3600::TAS "(YIP-09)  NOVEL MICRO- AND NANO-STRUCTURED COMPOSITES FOR SENSING AND ACTUATION""
"12.800","SAI NOT AVAILABLE","UNIVERSITY OF DELAWARE","50670","NEWARK","003","NEW CASTLE COUNTY","DELAWARE","197113649","Government codes: State controlled institutions of higher education","new assistance action","00","AIR FORCE-AIR FORCE, DEPARTMENT OF THE (HEADQUARTERS, USAF)","FA95501010175","","126911","","6","","126917","04/30/2010","05/01/2010","04/30/2013","project grant  (B)","action-by-action reporting","","","1050670","DELAWARE","NEWARK","AIR FORCE DEFENSE RESEARCH SCIENCES PROGRAM","AIR FORCE-AIR FORCE, DEPARTMENT OF THE (HEADQUARTERS, USAF)","DELAWARE","TAS::57 3600::TAS "(YIP 10) DEVELOPING A HYBRID CAMERA ARRAY FOR TRACKING AND RECONSTRUCTION UNDER LOW LIGHT""
"12.350","SAI NOT AVAILABLE","COURTESY ASSOCIATES, LLC","50000","WASHINGTON","001","DISTRICT OF COLUMBIA","DISTRICT OF COLUMBIA","200362422","Nonprofit agencies: other nonprofit","continuation (funding in succeeding budget period which stemmed from prior agreement to fund - amount of the current action)","98","NAVY-NAVAL SUPPLY SYSTEMS COMMAND","N002440910098   0003","","300000","","0","","300000","04/13/2010","04/13/2010","04/12/2011","project grant  (B)","action-by-action reporting","","","1150000","DISTRICT OF COLUMBIA","WASHINGTON","DEPARTMENT OF DEFENSE HIV/AIDS PREVENTION PROGRAM","NAVY-NAVAL SUPPLY SYSTEMS COMMAND","DISTRICT OF COLUMBIA","PEPFAR MULT COUNTRY AIDS RELIEF"
"12.800","SAI NOT AVAILABLE","AMERICAN UNIVERSITY","50000","WASHINGTON","001","DISTRICT OF COLUMBIA","DISTRICT OF COLUMBIA","200168001","Private: private higher education","new assistance action","98","AIR FORCE-AIR FORCE, DEPARTMENT OF THE (HEADQUARTERS, USAF)","FA95501010323","","300000","","0","","300000","06/23/2010","07/01/2010","06/30/2011","project grant  (B)","action-by-action reporting","","","1150000","DISTRICT OF COLUMBIA","WASHINGTON","AIR FORCE DEFENSE RESEARCH SCIENCES PROGRAM","AIR FORCE-AIR FORCE, DEPARTMENT OF THE (HEADQUARTERS, USAF)","DISTRICT OF COLUMBIA","TAS::57 3600::TAS"(DURIP-10) POSS-MODIFIED CELLULOSE FOR IMPROVED BIOPOLYMER PERFORMANCE""
"12.800","SAI NOT AVAILABLE","CONSORTIUM OF UNIVERSITIES OF","50000","WASHINGTON","001","DISTRICT OF COLUMBIA","DISTRICT OF COLUMBIA","200361131","Private: private higher education","continuation (funding in succeeding budget period which stemmed from prior agreement to fund - amount of the current action)","98","AIR FORCE-AIR FORCE, DEPARTMENT OF THE (HEADQUARTERS, USAF)","FA86500526501   0035","","50000","","0","","50000","05/18/2010","01/10/2005","03/08/2011","cooperative agreement  (B)","action-by-action reporting","","","1150000","DISTRICT OF COLUMBIA","WASHINGTON","AIR FORCE DEFENSE RESEARCH SCIENCES PROGRAM","AIR FORCE-AIR FORCE, DEPARTMENT OF THE (HEADQUARTERS, USAF)","DISTRICT OF COLUMBIA","RESEARCH AND ANALYTICAL SUPPORT FOR THE AIR FORCE RESEARCH LABORATORY HUMAN EFFECTIVENESS DIRECTORATE IN ACCORDANCE WITH SOW DATED 14 AUGUST 2007"
"12.800","SAI NOT AVAILABLE","OPTICAL SOCIETY OF AMERICA","50000","WASHINGTON","001","DISTRICT OF COLUMBIA","DISTRICT OF COLUMBIA","200361012","Nonprofit agencies: other nonprofit","new assistance action","98","AIR FORCE-AIR FORCE, DEPARTMENT OF THE (HEADQUARTERS, USAF)","FA95501010155","","65000","","0","","65000","04/15/2010","04/15/2010","01/14/2011","project grant  (B)","action-by-action reporting","","","1150000","DISTRICT OF COLUMBIA","WASHINGTON","AIR FORCE DEFENSE RESEARCH SCIENCES PROGRAM","AIR FORCE-AIR FORCE, DEPARTMENT OF THE (HEADQUARTERS, USAF)","DISTRICT OF COLUMBIA","TAS::57 3600::TAS "ORGANIZATION OF THE 2010 PHOTONIC SCIENCE TOPICAL MEETINGS""
"12.800","SAI NOT AVAILABLE","THE GEORGE WASHINGTON UNIVERSI","50000","WASHINGTON","001","DISTRICT OF COLUMBIA","DISTRICT OF COLUMBIA","200520001","Private: private higher education","new assistance action","98","AIR FORCE-AIR FORCE, DEPARTMENT OF THE (HEADQUARTERS, USAF)","FA95501010188","","50000","","0","","50000","04/26/2010","05/01/2010","04/30/2011","project grant  (B)","action-by-action reporting","","","1150000","DISTRICT OF COLUMBIA","WASHINGTON","AIR FORCE DEFENSE RESEARCH SCIENCES PROGRAM","AIR FORCE-AIR FORCE, DEPARTMENT OF THE (HEADQUARTERS, USAF)","DISTRICT OF COLUMBIA","TAS::57 3600::TAS "MULTI-SCALE MODELING OF NOVEL HALL THRUSTERS: UNDERSTANDING PHYSICS OF CHT AND DCF THRUSTERS""
"12.800","SAI NOT AVAILABLE","UNIVERSITY OF FLORIDA","25175","GAINESVILLE","001","ALACHUA COUNTY","FLORIDA","326115500","Government codes: State controlled institutions of higher education","new assistance action","90","AIR FORCE-AIR FORCE, DEPARTMENT OF THE (HEADQUARTERS, USAF)","FA95501010309","","497395","","0","","497395","06/09/2010","06/15/2010","06/14/2013","project grant  (B)","action-by-action reporting","","","1225175","FLORIDA","GAINESVILLE","AIR FORCE DEFENSE RESEARCH SCIENCES PROGRAM","AIR FORCE-AIR FORCE, DEPARTMENT OF THE (HEADQUARTERS, USAF)","FLORIDA","TAS::97 0400::TAS "NDEP/NSSEFF - PHYSICS-BASED SIMULATIONS OF GAME-CHANGING NOVEL EXPLOSIVE AND PROTECTIVE TECHNOLOGIES""
"12.800","SAI NOT AVAILABLE","UNIVERSITY OF FLORIDA","25175","GAINESVILLE","001","ALACHUA COUNTY","FLORIDA","326110001","Government codes: State controlled institutions of higher education","new assistance action","90","AIR FORCE-AIR FORCE, DEPARTMENT OF THE (HEADQUARTERS, USAF)","FA95501010150","","16000","","0","","16000","04/16/2010","04/15/2010","04/14/2011","project grant  (B)","action-by-action reporting","","","1225175","FLORIDA","GAINESVILLE","AIR FORCE DEFENSE RESEARCH SCIENCES PROGRAM","AIR FORCE-AIR FORCE, DEPARTMENT OF THE (HEADQUARTERS, USAF)","FLORIDA","TAS::57 3600::TAS "PARTIAL FINANCIAL SUPPORT FOR THE 50TH SANIBEL SYMPOSIUM" DATED 11 SEPT 2009; THE RESEARCH TERMS AND CONDITIONS, 1 JULY 2008,"
"12.800","SAI NOT AVAILABLE","FLORIDA INSTITUTE FOR HUMAN AN","55925","PENSACOLA","033","ESCAMBIA COUNTY","FLORIDA","325026008","Nonprofit agencies: other nonprofit","new assistance action","01","AIR FORCE-AIR FORCE, DEPARTMENT OF THE (HEADQUARTERS, USAF)","FA95501010302","","780374","","0","","780374","06/08/2010","06/15/2010","12/14/2011","project grant  (B)","action-by-action reporting","","","1255925","FLORIDA","PENSACOLA","AIR FORCE DEFENSE RESEARCH SCIENCES PROGRAM","AIR FORCE-AIR FORCE, DEPARTMENT OF THE (HEADQUARTERS, USAF)","FLORIDA","TAS::57 3600::TAS "(CONGRESSIONAL INTEREST)PROCESS INTEGRATED MECHANISM FOR HUMAN-COMPUTER COLLABORATION AND COORDINATION" DATED 8 APRIL 2010;"
"12.800","SAI NOT AVAILABLE","FLORIDA STATE UNIVERSITY, THE","70600","TALLAHASSEE","073","LEON COUNTY","FLORIDA","323064166","Government codes: State controlled institutions of higher education","new assistance action","90","AIR FORCE-AIR FORCE, DEPARTMENT OF THE (HEADQUARTERS, USAF)","FA95501010300","","114464","","0","","114464","06/09/2010","06/15/2010","06/14/2013","project grant  (B)","action-by-action reporting","","","1270600","FLORIDA","TALLAHASSEE","AIR FORCE DEFENSE RESEARCH SCIENCES PROGRAM","AIR FORCE-AIR FORCE, DEPARTMENT OF THE (HEADQUARTERS, USAF)","FLORIDA","TAS::57 3600::TAS "(YIP 10) - MAGNETOPLASMONIC NANOMATERIALS: A ROUTE TO PREDICTIVE PHOTOCATALYTIC, LIGHT-HARVESTING AND FERROFLUIDIC PROPERTIES""
"12.800","SAI NOT AVAILABLE","FLORIDA INTERNATIONAL UNIVERSI","45000","MIAMI","086","MIAMI-DADE COUNTY","FLORIDA","331990001","Government codes: State controlled institutions of higher education","new assistance action","90","AIR FORCE-AIR FORCE, DEPARTMENT OF THE (HEADQUARTERS, USAF)","FA95501010134","","405068","","0","","405068","04/29/2010","05/01/2010","04/30/2013","project grant  (B)","action-by-action reporting","","","1245000","FLORIDA","MIAMI","AIR FORCE DEFENSE RESEARCH SCIENCES PROGRAM","AIR FORCE-AIR FORCE, DEPARTMENT OF THE (HEADQUARTERS, USAF)","FLORIDA","TAS::57 3600::TAS "DOPED GRAPHENE AND GRAPHITE AS A POTENTIAL HIGH TEMPERATURE SUPERCONDUCTOR""
"12.800","SAI NOT AVAILABLE","UNIVERSITY OF MIAMI","45000","MIAMI","086","MIAMI-DADE COUNTY","FLORIDA","331462503","Private: private higher education","new assistance action","90","AIR FORCE-AIR FORCE, DEPARTMENT OF THE (HEADQUARTERS, USAF)","FA95501010308","","10000","","0","","10000","06/16/2010","07/01/2010","11/30/2010","project grant  (B)","action-by-action reporting","","","1245000","FLORIDA","MIAMI","AIR FORCE DEFENSE RESEARCH SCIENCES PROGRAM","AIR FORCE-AIR FORCE, DEPARTMENT OF THE (HEADQUARTERS, USAF)","FLORIDA","TAS::57 3600::TAS "A PROPOSED WORKSHOP FOR VIRTUAL TESTS FOR HYBRID HIERARCHICAL MATERIALS FOR HIGH TEMPERATURE APPLICATIONS""
"12.800","SAI NOT AVAILABLE","UNIVERSITY OF CENTRAL FLORIDA","53000","ORLANDO","095","ORANGE COUNTY","FLORIDA","328168005","Government codes: State controlled institutions of higher education","new assistance action","90","AIR FORCE-AIR FORCE, DEPARTMENT OF THE (HEADQUARTERS, USAF)","FA95501010267","","172455","","185688","","358143","06/08/2010","06/15/2010","12/14/2011","project grant  (B)","action-by-action reporting","","","1253000","FLORIDA","ORLANDO","AIR FORCE DEFENSE RESEARCH SCIENCES PROGRAM","AIR FORCE-AIR FORCE, DEPARTMENT OF THE (HEADQUARTERS, USAF)","FLORIDA","TAS::57 3600::"(DURIP 10) TUNALE EYE-SAFE FIBER LASER SYSTEM (TEFLS) FOR LASER RANGING FACILITY," DATED 15 SEP 2009 (THE GRANTEE'S TECHNICAL PROPOSAL"
"12.800","SAI NOT AVAILABLE","GEORGIA TECH APPLIED RESEARCH","04000","ATLANTA","121","FULTON COUNTY","GEORGIA","303320001","Government codes: State controlled institutions of higher education","new assistance action","90","AIR FORCE-AIR FORCE, DEPARTMENT OF THE (HEADQUARTERS, USAF)","FA95501010179","","508000","","0","","508000","04/26/2010","05/01/2010","04/30/2013","project grant  (B)","action-by-action reporting","","","1304000","GEORGIA","ATLANTA","AIR FORCE DEFENSE RESEARCH SCIENCES PROGRAM","AIR FORCE-AIR FORCE, DEPARTMENT OF THE (HEADQUARTERS, USAF)","GEORGIA","TAS::57 3600::TAS "THEORETICAL, NUMERICAL AND EXPERIMENTAL INVESTIGATIONS OF THE FUNDAMENTAL PROCESSES THAT DRIVE COMBUSTION INSTABILITIES IN LIQUID""
"12.800","SAI NOT AVAILABLE","GEORGIA TECH RESEARCH CORPORAT","04000","ATLANTA","121","FULTON COUNTY","GEORGIA","303320001","Government codes: State controlled institutions of higher education","revision (any change in Federal Government's financial obligation or contingent liability in existing assistance transaction - amount of the <u>change</u> in funding)","90","AIR FORCE-AIR FORCE, DEPARTMENT OF THE (HEADQUARTERS, USAF)","FA95500910162   0001","","1100000","","0","","1100000","06/25/2010","12/01/2009","11/30/2010","project grant  (B)","action-by-action reporting","","","1304000","GEORGIA","ATLANTA","AIR FORCE DEFENSE RESEARCH SCIENCES PROGRAM","AIR FORCE-AIR FORCE, DEPARTMENT OF THE (HEADQUARTERS, USAF)","GEORGIA","TAS::57 3600::TAS  "AIR FORCE CENTER OF EXCELLENCE ON BIO-NANO-ENABLED INORGANIC/ORGANIC NANOSTRUCTURES AND IMPROVED COGNITION (BIONIC)""
"12.800","SAI NOT AVAILABLE","GEORGIA TECH RESEARCH CORPORAT","04000","ATLANTA","121","FULTON COUNTY","GEORGIA","303320001","Government codes: State controlled institutions of higher education","revision (any change in Federal Government's financial obligation or contingent liability in existing assistance transaction - amount of the <u>change</u> in funding)","90","AIR FORCE-AIR FORCE, DEPARTMENT OF THE (HEADQUARTERS, USAF)","FA95501010012   0001","","249404","","0","","249404","06/15/2010","04/01/2010","03/31/2011","project grant  (B)","action-by-action reporting","","","1304000","GEORGIA","ATLANTA","AIR FORCE DEFENSE RESEARCH SCIENCES PROGRAM","AIR FORCE-AIR FORCE, DEPARTMENT OF THE (HEADQUARTERS, USAF)","GEORGIA","TAS::57 3600::TAS "SYSTEMATIC STUDY OF P-TYPE AND RELATED DEFECTS IN III-NITRIDES - ROUTE TOWARD NITRIDE HBT""
"12.800","SAI NOT AVAILABLE","GEORGIA TECH RESEARCH CORPORAT","04000","ATLANTA","121","FULTON COUNTY","GEORGIA","303320001","Private: private higher education","continuation (funding in succeeding budget period which stemmed from prior agreement to fund - amount of the current action)","90","AIR FORCE-AIR FORCE, DEPARTMENT OF THE (HEADQUARTERS, USAF)","FA95500910151   0002","","50000","","0","","50000","04/28/2010","12/01/2009","11/30/2010","project grant  (B)","action-by-action reporting","","","1304000","GEORGIA","ATLANTA","AIR FORCE DEFENSE RESEARCH SCIENCES PROGRAM","AIR FORCE-AIR FORCE, DEPARTMENT OF THE (HEADQUARTERS, USAF)","GEORGIA","TAS::57 3600::TAS  "(YIP-09) MULTIFUNCTIONAL ULTRA-LIGHT MG-LI ALLOY NANOCOMPOSITES""
"81.113","SAI EXEMPT","UNIVERSITY OF GEORGIA","03432","ATHENS","059","CLARKE COUNTY","GEORGIA","306027411","Government codes: State controlled institutions of higher education","revision (any change in Federal Government's financial obligation or contingent liability in existing assistance transaction - amount of the <u>change</u> in funding)","12","ENERGY, DEPARTMENT OF","FG52-06NA27420  A008","","436000","","0","","436000","04/16/2010","09/29/2006","09/30/2010","project grant  (B)","action-by-action reporting","","","1303432","GEORGIA","ATHENS","DEFENSE NUCLEAR NONPROLIFERATION RESEARCH","ENERGY, DEPARTMENT OF","GEORGIA","NTD EXPORT CONTROL ANALYSIS, CAPACITY BUILDING &OUTREACH TO STRENGTHEN IN TERNATIONAL EXPORT CONTROL"
"11.467","SAI EXEMPT","DEFENSE, HAWAII DEPARTMENT OF","16999","HONOLULU","003","HONOLULU COUNTY","HAWAII","968164413","Government codes: State government","continuation (funding in succeeding budget period which stemmed from prior agreement to fund - amount of the current action)","90","DEPT. OF COMMERCE - NAT'L OCEANIC & ATMOSPHERIC ADMIN.","NA09NWS4670016  0001","","259100","","0","","259100","06/15/2010","08/01/2009","07/31/2013","project grant  (B)","action-by-action reporting","","","1516999","HAWAII","HONOLULU","METEOROLOGIC AND HYDROLOGIC MODERNIZATION DEVELOPMENT","DEPT. OF COMMERCE - NAT'L OCEANIC & ATMOSPHERIC ADMIN.","HAWAII","TWO COMPONENTS 1. NATIONAL TSUNAMI HAZARD MITIGATION PROGRAM 2. NATIONAL WEATHER SERVICE TSUNAMIREADY PROGRAM"
"12.800","SAI NOT AVAILABLE","UNIVERSITY OF HAWAII","16999","HONOLULU","003","HONOLULU COUNTY","HAWAII","968222309","Government codes: State controlled institutions of higher education","continuation (funding in succeeding budget period which stemmed from prior agreement to fund - amount of the current action)","90","NATIONAL SCIENCE FOUNDATION","FA94510620338   0008","","8440000","","0","","8440000","06/30/2010","04/16/2007","03/31/2011","cooperative agreement  (B)","action-by-action reporting","","","1516999","HAWAII","HONOLULU","AIR FORCE DEFENSE RESEARCH SCIENCES PROGRAM","NATIONAL SCIENCE FOUNDATION","HAWAII","THE RECIPIENT SHALL PERFORM RESEARCH IN ACCORDANCE WITH THE STATEMENT OF WORK ENTITLED "PANORAMIC SURVEY TELESCOPE AND RAPID RESPONSE SYSTEM (PAN-STA"
"12.800","SAI NOT AVAILABLE","UNIVERSITY OF HAWAII","16999","HONOLULU","003","HONOLULU COUNTY","HAWAII","968222309","Government codes: State controlled institutions of higher education","revision (any change in Federal Government's financial obligation or contingent liability in existing assistance transaction - amount of the <u>change</u> in funding)","90","AIR FORCE-AIR FORCE, DEPARTMENT OF THE (HEADQUARTERS, USAF)","FA95500910261   0002","","49952","","0","","49952","04/23/2010","05/01/2010","11/30/2011","project grant  (B)","action-by-action reporting","","","1516999","HAWAII","HONOLULU","AIR FORCE DEFENSE RESEARCH SCIENCES PROGRAM","AIR FORCE-AIR FORCE, DEPARTMENT OF THE (HEADQUARTERS, USAF)","HAWAII","TAS::57 3600::TAS "DEVELOPING CULTURAL ANALYSIS AND SOCIOLOGICAL NETWORK THEORY FOR UNDERSTANDING VIRTUAL COMMUNITIES AND THEIR INTRINSIC RELATIONSHI"
"12.800","SAI NOT AVAILABLE","UNIVERSITY OF HAWAII","16999","HONOLULU","003","HONOLULU COUNTY","HAWAII","968222309","Government codes: State controlled institutions of higher education","continuation (funding in succeeding budget period which stemmed from prior agreement to fund - amount of the current action)","90","AIR FORCE-AIR FORCE, DEPARTMENT OF THE (HEADQUARTERS, USAF)","FA95501010036   0001","","100002","","0","","100002","05/06/2010","12/01/2009","11/30/2012","project grant  (B)","action-by-action reporting","","","1516999","HAWAII","HONOLULU","AIR FORCE DEFENSE RESEARCH SCIENCES PROGRAM","AIR FORCE-AIR FORCE, DEPARTMENT OF THE (HEADQUARTERS, USAF)","HAWAII","TAS::57 3600::TAS  "HBCU - DEVELOPMENT AND APPLICATION OF A BIOLOGICALLY INSPIRED METHODOLOGY FOR THE OPTIMIZED, MULTI-DISCIPLINARY"
"12.800","SAI NOT AVAILABLE","UNIVERSITY OF ILLINOIS","12385","CHAMPAIGN","019","CHAMPAIGN COUNTY","ILLINOIS","618013620","Government codes: State controlled institutions of higher education","continuation (funding in succeeding budget period which stemmed from prior agreement to fund - amount of the current action)","15","AIR FORCE-AIR FORCE, DEPARTMENT OF THE (HEADQUARTERS, USAF)","FA95500810172   0003","","46667","","0","","46667","04/22/2010","12/01/2009","11/30/2010","project grant  (B)","action-by-action reporting","","","1712385","ILLINOIS","CHAMPAIGN","AIR FORCE DEFENSE RESEARCH SCIENCES PROGRAM","AIR FORCE-AIR FORCE, DEPARTMENT OF THE (HEADQUARTERS, USAF)","ILLINOIS","TAS::57 3600::TAS   (YIP-08) HYPERVELOCITY BOUNDARY LAYER STUDIES FOR AXISYMMETRIC ENGINE FLOWPATHS."
"12.800","SAI NOT AVAILABLE","UNIVERSITY OF ILLINOIS","77005","URBANA","019","CHAMPAIGN COUNTY","ILLINOIS","618013620","Government codes: State controlled institutions of higher education","continuation (funding in succeeding budget period which stemmed from prior agreement to fund - amount of the current action)","15","AIR FORCE-AIR FORCE, DEPARTMENT OF THE (HEADQUARTERS, USAF)","FA86500623620   0025","","50000","","0","","50000","06/29/2010","02/16/2006","12/30/2011","cooperative agreement  (B)","action-by-action reporting","","","1777005","ILLINOIS","URBANA","AIR FORCE DEFENSE RESEARCH SCIENCES PROGRAM","AIR FORCE-AIR FORCE, DEPARTMENT OF THE (HEADQUARTERS, USAF)","ILLINOIS","TAS: : 57  3600: : TAS   MIDWEST STRUCTURAL SCIENCES CENTER (MSSC)"
"12.800","SAI NOT AVAILABLE","UNIVERSITY OF ILLINOIS","77005","URBANA","019","CHAMPAIGN COUNTY","ILLINOIS","618013620","Government codes: State controlled institutions of higher education","new assistance action","15","AIR FORCE-AIR FORCE, DEPARTMENT OF THE (HEADQUARTERS, USAF)","FA86511010004","","205786","","57979","","263765","05/05/2010","05/05/2010","05/04/2013","project grant  (B)","action-by-action reporting","","","1777005","ILLINOIS","URBANA","AIR FORCE DEFENSE RESEARCH SCIENCES PROGRAM","AIR FORCE-AIR FORCE, DEPARTMENT OF THE (HEADQUARTERS, USAF)","ILLINOIS","TAS #573600 "ADVANCED MODELING AND SIMULATION TECHNOLOGIES FOR MICRO-MUNITIONS AND MINIATURIZATION OF DETONATOR AND EXPLOSIVE SYSTEMS""
"12.800","SAI NOT AVAILABLE","UNIVERSITY OF ILLINOIS","77005","URBANA","019","CHAMPAIGN COUNTY","ILLINOIS","618013620","Government codes: State controlled institutions of higher education","continuation (funding in succeeding budget period which stemmed from prior agreement to fund - amount of the current action)","15","AIR FORCE-AIR FORCE, DEPARTMENT OF THE (HEADQUARTERS, USAF)","FA86500623620   0024","","25000","","0","","25000","05/04/2010","02/16/2006","12/30/2011","cooperative agreement  (B)","action-by-action reporting","","","1777005","ILLINOIS","URBANA","AIR FORCE DEFENSE RESEARCH SCIENCES PROGRAM","AIR FORCE-AIR FORCE, DEPARTMENT OF THE (HEADQUARTERS, USAF)","ILLINOIS","TAS: : 57  3600: : TAS   MIDWEST STRUCTURAL SCIENCES CENTER (MSSC)"
"12.800","SAI NOT AVAILABLE","UNIVERSITY OF ILLINOIS","12385","CHAMPAIGN","019","CHAMPAIGN COUNTY","ILLINOIS","618013620","Government codes: State controlled institutions of higher education","continuation (funding in succeeding budget period which stemmed from prior agreement to fund - amount of the current action)","15","AIR FORCE-AIR FORCE, DEPARTMENT OF THE (HEADQUARTERS, USAF)","FA95501010048   0001","","260000","","0","","260000","04/27/2010","03/15/2010","01/14/2011","project grant  (B)","action-by-action reporting","","","1712385","ILLINOIS","CHAMPAIGN","AIR FORCE DEFENSE RESEARCH SCIENCES PROGRAM","AIR FORCE-AIR FORCE, DEPARTMENT OF THE (HEADQUARTERS, USAF)","ILLINOIS","TAS::57 3600::TAS "OPTICAL AMPLIFIERS, PHASED ARRAYS, AND WAVEGUIDES IN MICROPLASMAS"
"12.800","SAI NOT AVAILABLE","NORTHWESTERN UNIVERSITY","24582","EVANSTON","031","COOK COUNTY","ILLINOIS","606113006","Private: private higher education","new assistance action","90","AIR FORCE-AIR FORCE, DEPARTMENT OF THE (HEADQUARTERS, USAF)","FA95501010220","","120551","","0","","120551","05/07/2010","05/01/2010","04/30/2013","project grant  (B)","action-by-action reporting","","","1724582","ILLINOIS","EVANSTON","AIR FORCE DEFENSE RESEARCH SCIENCES PROGRAM","AIR FORCE-AIR FORCE, DEPARTMENT OF THE (HEADQUARTERS, USAF)","ILLINOIS","TAS::57 3600::TAS "(YIP10) - ELECTROCHEMICAL REDUCTION OF CO2 AT A TIO2 ELECTRODE USING QUANTUM DOTS AS MULTI-ELECTRON FUNNELS""
"12.800","SAI NOT AVAILABLE","UNIVERSITY OF ILLINOIS","14000","CHICAGO","031","COOK COUNTY","ILLINOIS","606124305","Government codes: State controlled institutions of higher education","new assistance action","90","AIR FORCE-AIR FORCE, DEPARTMENT OF THE (HEADQUARTERS, USAF)","FA95501010239","","93403","","0","","93403","06/16/2010","06/15/2010","06/14/2013","project grant  (B)","action-by-action reporting","","","1714000","ILLINOIS","CHICAGO","AIR FORCE DEFENSE RESEARCH SCIENCES PROGRAM","AIR FORCE-AIR FORCE, DEPARTMENT OF THE (HEADQUARTERS, USAF)","ILLINOIS","TAS::57 3600::TAS "FUNDAMENTAL BOUNDS ON INFORMATION FUSION WITH FOCUS ON WAVEFORM-BASED INTENT DETECTION AND AVOIDANCE""
"12.800","SAI NOT AVAILABLE","HAMILTON SUNDSTRAND CORPORATIO","65000","ROCKFORD","201","WINNEBAGO COUNTY","ILLINOIS","611087929","Private: profit organization","revision (any change in Federal Government's financial obligation or contingent liability in existing assistance transaction - amount of the <u>change</u> in funding)","16","AIR FORCE-AIR FORCE, DEPARTMENT OF THE (HEADQUARTERS, USAF)","FA86500722739   0015","","51265","","0","","51265","06/16/2010","04/19/2007","11/18/2012","cooperative agreement  (B)","action-by-action reporting","","","1765000","ILLINOIS","ROCKFORD","AIR FORCE DEFENSE RESEARCH SCIENCES PROGRAM","AIR FORCE-AIR FORCE, DEPARTMENT OF THE (HEADQUARTERS, USAF)","ILLINOIS","THERMAL MANAGEMENT FOR HIGH TEMPERATURE CAPABLE POWER ELECTRONICS"
"12.800","SAI NOT AVAILABLE","HAMILTON SUNDSTRAND CORPORATIO","65000","ROCKFORD","201","WINNEBAGO COUNTY","ILLINOIS","611087929","Private: profit organization","revision (any change in Federal Government's financial obligation or contingent liability in existing assistance transaction - amount of the <u>change</u> in funding)","16","AIR FORCE-AIR FORCE, DEPARTMENT OF THE (HEADQUARTERS, USAF)","FA86500722739   0014","","2075000","","0","","2075000","06/09/2010","04/19/2007","11/18/2012","cooperative agreement  (B)","action-by-action reporting","","","1765000","ILLINOIS","ROCKFORD","AIR FORCE DEFENSE RESEARCH SCIENCES PROGRAM","AIR FORCE-AIR FORCE, DEPARTMENT OF THE (HEADQUARTERS, USAF)","ILLINOIS","THERMAL MANAGEMENT FOR HIGH TEMPERATURE CAPABLE POWER ELECTRONICS"
"12.800","SAI NOT AVAILABLE","HAMILTON SUNDSTRAND CORPORATIO","65000","ROCKFORD","201","WINNEBAGO COUNTY","ILLINOIS","611087929","Private: profit organization","continuation (funding in succeeding budget period which stemmed from prior agreement to fund - amount of the current action)","16","AIR FORCE-AIR FORCE, DEPARTMENT OF THE (HEADQUARTERS, USAF)","FA86500722739   0013","","150000","","0","","150000","04/09/2010","04/19/2007","12/19/2011","cooperative agreement  (B)","action-by-action reporting","","","1765000","ILLINOIS","ROCKFORD","AIR FORCE DEFENSE RESEARCH SCIENCES PROGRAM","AIR FORCE-AIR FORCE, DEPARTMENT OF THE (HEADQUARTERS, USAF)","ILLINOIS","THERMAL MANAGEMENT FOR HIGH TEMPERATURE CAPABLE POWER ELECTRONICS"
"12.800","SAI NOT AVAILABLE","UNIVERSITY OF NOTRE DAME DU LA","99141","ST. JOSEPH COUNTY","141","ST. JOSEPH COUNTY","INDIANA","465565602","Government codes: State controlled institutions of higher education","new assistance action","02","AIR FORCE-AIR FORCE, DEPARTMENT OF THE (HEADQUARTERS, USAF)","FA95501010147","","95877","","0","","95877","04/12/2010","04/15/2010","04/14/2013","project grant  (B)","action-by-action reporting","","","1899141","INDIANA","ST. JOSEPH COUNTY","AIR FORCE DEFENSE RESEARCH SCIENCES PROGRAM","AIR FORCE-AIR FORCE, DEPARTMENT OF THE (HEADQUARTERS, USAF)","INDIANA","TAS  :  : 57 3600 :  : TAS  "LOSS MECHANISMS IN THREE DIMENSIONAL BOUNDARY LAYER SEPARATION, DATED 1 MAY 2009" ; THE RESEARCH TERMS AND CONDITIONS"
"12.800","SAI NOT AVAILABLE","UNIVERSITY OF NOTRE DAME DU LA","99141","ST. JOSEPH COUNTY","141","ST. JOSEPH COUNTY","INDIANA","465565602","Government codes: State controlled institutions of higher education","revision (any change in Federal Government's financial obligation or contingent liability in existing assistance transaction - amount of the <u>change</u> in funding)","02","AIR FORCE-AIR FORCE, DEPARTMENT OF THE (HEADQUARTERS, USAF)","FA95500710574   0003","","1077388","","150000","","1227388","06/23/2010","02/15/2010","02/14/2011","project grant  (B)","action-by-action reporting","","","1899141","INDIANA","ST. JOSEPH COUNTY","AIR FORCE DEFENSE RESEARCH SCIENCES PROGRAM","AIR FORCE-AIR FORCE, DEPARTMENT OF THE (HEADQUARTERS, USAF)","INDIANA","N/A"
"12.800","SAI NOT AVAILABLE","UNIVERSITY OF NOTRE DAME DU LA","99141","ST. JOSEPH COUNTY","141","ST. JOSEPH COUNTY","INDIANA","465565602","Private: private higher education","revision (any change in Federal Government's financial obligation or contingent liability in existing assistance transaction - amount of the <u>change</u> in funding)","02","AIR FORCE-AIR FORCE, DEPARTMENT OF THE (HEADQUARTERS, USAF)","FA95500910449   0003","","116907","","0","","116907","06/23/2010","06/01/2010","05/31/2011","project grant  (B)","action-by-action reporting","","","1899141","INDIANA","ST. JOSEPH COUNTY","AIR FORCE DEFENSE RESEARCH SCIENCES PROGRAM","AIR FORCE-AIR FORCE, DEPARTMENT OF THE (HEADQUARTERS, USAF)","INDIANA","TAS::57 3600::TAS   THE PHYSICS OF BOUNDARY-LAYER AERO-OPTIC EFFECTS,"
"12.800","SAI NOT AVAILABLE","PURDUE UNIVERSITY","82862","WEST LAFAYETTE","157","TIPPECANOE COUNTY","INDIANA","479072024","Private: private higher education","revision (any change in Federal Government's financial obligation or contingent liability in existing assistance transaction - amount of the <u>change</u> in funding)","04","AIR FORCE-AIR FORCE, DEPARTMENT OF THE (HEADQUARTERS, USAF)","FA95500910191   0001","","310000","","0","","310000","05/21/2010","12/01/2009","11/30/2010","project grant  (B)","action-by-action reporting","","","1882862","INDIANA","WEST LAFAYETTE","AIR FORCE DEFENSE RESEARCH SCIENCES PROGRAM","AIR FORCE-AIR FORCE, DEPARTMENT OF THE (HEADQUARTERS, USAF)","INDIANA","TAS::57 3600::TAS MEASUREMENTS OF THE MECHANISMS OF LAMINAR-TURBULENT TRANSITION IN THE MACH-6 QUIET TUNNEL"
"12.800","SAI NOT AVAILABLE","PURDUE UNIVERSITY","82862","WEST LAFAYETTE","157","TIPPECANOE COUNTY","INDIANA","479072024","Government codes: State controlled institutions of higher education","new assistance action","04","AIR FORCE-AIR FORCE, DEPARTMENT OF THE (HEADQUARTERS, USAF)","FA95501010344","","795443","","0","","795443","06/29/2010","09/01/2010","08/31/2011","project grant  (B)","action-by-action reporting","","","1882862","INDIANA","WEST LAFAYETTE","AIR FORCE DEFENSE RESEARCH SCIENCES PROGRAM","AIR FORCE-AIR FORCE, DEPARTMENT OF THE (HEADQUARTERS, USAF)","INDIANA","TAS::57 3600::TAS  "(CII) - EXPERIMENTAL STUDIES OF COAL AND BIOMASS FUEL SYNTHESIS AND FLAME CHARACTERIZATION FOR AIRCRAFT ENGINES""
"12.400","SAI NOT AVAILABLE","PUBLIC DEFENSE, IOWA DEPT OF","39765","JOHNSTON","153","POLK COUNTY","IOWA","501312043","Government codes: State government","continuation (funding in succeeding budget period which stemmed from prior agreement to fund - amount of the current action)","03","ARMY,DEPT. OF THE (EXC. CORPS OF ENGINEERS CIVIL PROGRAM)","W912LP1022007","","0","","0","","0","04/05/2010","02/04/2010","02/03/2035","cooperative agreement  (B)","action-by-action reporting","","","1939765","IOWA","JOHNSTON","MILITARY CONSTRUCTION, NATIONAL GUARD","ARMY,DEPT. OF THE (EXC. CORPS OF ENGINEERS CIVIL PROGRAM)","IOWA","2007 - MUSCATINE ARMED FORCES RESERVE CENTER"
"12.400","SAI NOT AVAILABLE","PUBLIC DEFENSE, IOWA DEPT OF","39765","JOHNSTON","153","POLK COUNTY","IOWA","501312043","Government codes: State government","continuation (funding in succeeding budget period which stemmed from prior agreement to fund - amount of the current action)","03","ARMY,DEPT. OF THE (EXC. CORPS OF ENGINEERS CIVIL PROGRAM)","W912LP1022001","","165000","","55000","","220000","04/05/2010","02/04/2010","02/03/2035","cooperative agreement  (B)","action-by-action reporting","","","1939765","IOWA","JOHNSTON","MILITARY CONSTRUCTION, NATIONAL GUARD","ARMY,DEPT. OF THE (EXC. CORPS OF ENGINEERS CIVIL PROGRAM)","IOWA","2001 - IOWA FALLS ADDITION / ALTERATION"
"12.400","SAI NOT AVAILABLE","PUBLIC DEFENSE, IOWA DEPT OF","39765","JOHNSTON","153","POLK COUNTY","IOWA","501312043","Government codes: State government","continuation (funding in succeeding budget period which stemmed from prior agreement to fund - amount of the current action)","03","ARMY,DEPT. OF THE (EXC. CORPS OF ENGINEERS CIVIL PROGRAM)","W912LP1022004","","166000","","0","","166000","04/05/2010","02/04/2010","02/03/2035","cooperative agreement  (B)","action-by-action reporting","","","1939765","IOWA","JOHNSTON","MILITARY CONSTRUCTION, NATIONAL GUARD","ARMY,DEPT. OF THE (EXC. CORPS OF ENGINEERS CIVIL PROGRAM)","IOWA","2004 - FAIRFIELD FMS ADDITION / ALTERATION"
"12.400","SAI NOT AVAILABLE","PUBLIC DEFENSE, IOWA DEPT OF","39765","JOHNSTON","153","POLK COUNTY","IOWA","501312043","Government codes: State government","continuation (funding in succeeding budget period which stemmed from prior agreement to fund - amount of the current action)","03","ARMY,DEPT. OF THE (EXC. CORPS OF ENGINEERS CIVIL PROGRAM)","W912LP1022003","","166000","","0","","166000","04/05/2010","02/05/2010","02/25/2035","cooperative agreement  (B)","action-by-action reporting","","","1939765","IOWA","JOHNSTON","MILITARY CONSTRUCTION, NATIONAL GUARD","ARMY,DEPT. OF THE (EXC. CORPS OF ENGINEERS CIVIL PROGRAM)","IOWA","2003 - AASF ADDITION / ALTERATION"
"12.400","SAI NOT AVAILABLE","PUBLIC DEFENSE, IOWA DEPT OF","39765","JOHNSTON","153","POLK COUNTY","IOWA","501312043","Government codes: State government","continuation (funding in succeeding budget period which stemmed from prior agreement to fund - amount of the current action)","03","ARMY,DEPT. OF THE (EXC. CORPS OF ENGINEERS CIVIL PROGRAM)","W912LP0922002","","778389","","0","","778389","04/05/2010","02/04/2010","02/03/2035","cooperative agreement  (B)","action-by-action reporting","","","1939765","IOWA","JOHNSTON","MILITARY CONSTRUCTION, NATIONAL GUARD","ARMY,DEPT. OF THE (EXC. CORPS OF ENGINEERS CIVIL PROGRAM)","IOWA","2002 - MOUT RANGE ADDITION / ALTERATION"
"12.400","SAI NOT AVAILABLE","PUBLIC DEFENSE, IOWA DEPT OF","39765","JOHNSTON","153","POLK COUNTY","IOWA","501312043","Government codes: State government","continuation (funding in succeeding budget period which stemmed from prior agreement to fund - amount of the current action)","03","ARMY,DEPT. OF THE (EXC. CORPS OF ENGINEERS CIVIL PROGRAM)","W912LP1022002","","163000","","0","","163000","04/05/2010","02/04/2010","02/03/2035","cooperative agreement  (B)","action-by-action reporting","","","1939765","IOWA","JOHNSTON","MILITARY CONSTRUCTION, NATIONAL GUARD","ARMY,DEPT. OF THE (EXC. CORPS OF ENGINEERS CIVIL PROGRAM)","IOWA","2002 - NEW MVSB FREEDOM CENTER"
"12.400","SAI NOT AVAILABLE","PUBLIC DEFENSE, IOWA DEPT OF","39765","JOHNSTON","153","POLK COUNTY","IOWA","501312043","Government codes: State government","continuation (funding in succeeding budget period which stemmed from prior agreement to fund - amount of the current action)","03","ARMY,DEPT. OF THE (EXC. CORPS OF ENGINEERS CIVIL PROGRAM)","W912LP1022005","","92323","","0","","92323","05/07/2010","02/04/2010","02/04/2035","cooperative agreement  (B)","action-by-action reporting","","","1939765","IOWA","JOHNSTON","MILITARY CONSTRUCTION, NATIONAL GUARD","ARMY,DEPT. OF THE (EXC. CORPS OF ENGINEERS CIVIL PROGRAM)","IOWA","2005 - NEW USPFO BUILDING"
"12.401","SAI NOT AVAILABLE","PUBLIC DEFENSE, IOWA DEPT OF","39765","JOHNSTON","153","POLK COUNTY","IOWA","501312043","Government codes: State government","continuation (funding in succeeding budget period which stemmed from prior agreement to fund - amount of the current action)","03","ARMY,DEPT. OF THE (EXC. CORPS OF ENGINEERS CIVIL PROGRAM)","W912LP1021003","","1083212","","0","","1083212","06/07/2010","10/01/2009","09/30/2010","cooperative agreement  (B)","action-by-action reporting","","","1939765","IOWA","JOHNSTON","NATIONAL GUARD MILTARY OPERATIONS &  MAINTENANCE PROJECTS","ARMY,DEPT. OF THE (EXC. CORPS OF ENGINEERS CIVIL PROGRAM)","IOWA","1003 - IOWA ARMY NATIONAL GUARD - SECURITY GUARD ACTIVITIES"
"12.401","SAI NOT AVAILABLE","PUBLIC DEFENSE, IOWA DEPT OF","39765","JOHNSTON","153","POLK COUNTY","IOWA","501312043","Government codes: State government","continuation (funding in succeeding budget period which stemmed from prior agreement to fund - amount of the current action)","03","ARMY,DEPT. OF THE (EXC. CORPS OF ENGINEERS CIVIL PROGRAM)","W912LP1021004","","49656","","0","","49656","06/07/2010","10/01/2009","09/30/2010","cooperative agreement  (B)","action-by-action reporting","","","1939765","IOWA","JOHNSTON","NATIONAL GUARD MILTARY OPERATIONS &  MAINTENANCE PROJECTS","ARMY,DEPT. OF THE (EXC. CORPS OF ENGINEERS CIVIL PROGRAM)","IOWA","1004 - IOWA ARMY NATIONAL GUARD - ELECTRONIC SECURITY SYSTEM"
"12.401","SAI NOT AVAILABLE","PUBLIC DEFENSE, IOWA DEPT OF","39765","JOHNSTON","153","POLK COUNTY","IOWA","501312043","Government codes: State government","continuation (funding in succeeding budget period which stemmed from prior agreement to fund - amount of the current action)","03","ARMY,DEPT. OF THE (EXC. CORPS OF ENGINEERS CIVIL PROGRAM)","W912LP1021007","","58800","","0","","58800","04/09/2010","10/01/2009","09/30/2010","cooperative agreement  (B)","action-by-action reporting","","","1939765","IOWA","JOHNSTON","NATIONAL GUARD MILTARY OPERATIONS &  MAINTENANCE PROJECTS","ARMY,DEPT. OF THE (EXC. CORPS OF ENGINEERS CIVIL PROGRAM)","IOWA","1007 - IOWA ARMY NATIONAL GUARD - AUTOMATED TARGET SYSTEMS"
"12.401","SAI NOT AVAILABLE","PUBLIC DEFENSE, IOWA DEPT OF","39765","JOHNSTON","153","POLK COUNTY","IOWA","501312043","Government codes: State government","continuation (funding in succeeding budget period which stemmed from prior agreement to fund - amount of the current action)","03","ARMY,DEPT. OF THE (EXC. CORPS OF ENGINEERS CIVIL PROGRAM)","W912LP1021024A","","54","","0","","54","06/17/2010","10/01/2009","09/30/2010","cooperative agreement  (B)","action-by-action reporting","","","1939765","IOWA","JOHNSTON","NATIONAL GUARD MILTARY OPERATIONS &  MAINTENANCE PROJECTS","ARMY,DEPT. OF THE (EXC. CORPS OF ENGINEERS CIVIL PROGRAM)","IOWA","1024 - IOWA AIR NATIONAL GUARD - FIRE PROTECTION"
"12.401","SAI NOT AVAILABLE","PUBLIC DEFENSE, IOWA DEPT OF","39765","JOHNSTON","153","POLK COUNTY","IOWA","501312043","Government codes: State government","continuation (funding in succeeding budget period which stemmed from prior agreement to fund - amount of the current action)","03","ARMY,DEPT. OF THE (EXC. CORPS OF ENGINEERS CIVIL PROGRAM)","W912LP1021021A","-","60516","-","19795","-","80311","06/28/2010","10/01/2009","09/30/2010","cooperative agreement  (B)","action-by-action reporting","","","1939765","IOWA","JOHNSTON","NATIONAL GUARD MILTARY OPERATIONS &  MAINTENANCE PROJECTS","ARMY,DEPT. OF THE (EXC. CORPS OF ENGINEERS CIVIL PROGRAM)","IOWA","1021 - IOWA AIR NATIONAL GUARD - FACILITIES OPERATIONS & MAINTENANCE"
"12.401","SAI NOT AVAILABLE","PUBLIC DEFENSE, IOWA DEPT OF","39765","JOHNSTON","153","POLK COUNTY","IOWA","501312043","Government codes: State government","continuation (funding in succeeding budget period which stemmed from prior agreement to fund - amount of the current action)","03","ARMY,DEPT. OF THE (EXC. CORPS OF ENGINEERS CIVIL PROGRAM)","W912LP0422002","","285270","","287056","","572326","05/05/2010","04/26/2004","04/25/2029","cooperative agreement  (B)","action-by-action reporting","","","1939765","IOWA","JOHNSTON","NATIONAL GUARD MILTARY OPERATIONS &  MAINTENANCE PROJECTS","ARMY,DEPT. OF THE (EXC. CORPS OF ENGINEERS CIVIL PROGRAM)","IOWA","2002 - IOWA CITY READINESS CENTER"
"12.401","SAI NOT AVAILABLE","PUBLIC DEFENSE, IOWA DEPT OF","39765","JOHNSTON","153","POLK COUNTY","IOWA","501312043","Government codes: State government","continuation (funding in succeeding budget period which stemmed from prior agreement to fund - amount of the current action)","03","ARMY,DEPT. OF THE (EXC. CORPS OF ENGINEERS CIVIL PROGRAM)","W912LP1021007","","121382","","0","","121382","05/03/2010","10/01/2009","09/30/2010","cooperative agreement  (B)","action-by-action reporting","","","1939765","IOWA","JOHNSTON","NATIONAL GUARD MILTARY OPERATIONS &  MAINTENANCE PROJECTS","ARMY,DEPT. OF THE (EXC. CORPS OF ENGINEERS CIVIL PROGRAM)","IOWA","1007 - IOWA ARMY NATIONAL GUARD - AUTOMATED TARGET SYSTEMS"
"12.401","SAI NOT AVAILABLE","PUBLIC DEFENSE, IOWA DEPT OF","39765","JOHNSTON","153","POLK COUNTY","IOWA","501312043","Government codes: State government","continuation (funding in succeeding budget period which stemmed from prior agreement to fund - amount of the current action)","03","ARMY,DEPT. OF THE (EXC. CORPS OF ENGINEERS CIVIL PROGRAM)","W912LP1021002","","161000","","0","","161000","04/16/2010","10/01/2009","09/30/2010","cooperative agreement  (B)","action-by-action reporting","","","1939765","IOWA","JOHNSTON","NATIONAL GUARD MILTARY OPERATIONS &  MAINTENANCE PROJECTS","ARMY,DEPT. OF THE (EXC. CORPS OF ENGINEERS CIVIL PROGRAM)","IOWA","1002 - IOWA ARMY NATIONAL GUARD - ENVIRONMENTAL RESOURCES"
"12.401","SAI NOT AVAILABLE","PUBLIC DEFENSE, IOWA DEPT OF","39765","JOHNSTON","153","POLK COUNTY","IOWA","501312043","Government codes: State government","continuation (funding in succeeding budget period which stemmed from prior agreement to fund - amount of the current action)","03","ARMY,DEPT. OF THE (EXC. CORPS OF ENGINEERS CIVIL PROGRAM)","W912LP1021010","-","54300","","0","-","54300","04/09/2010","10/01/2009","09/30/2010","cooperative agreement  (B)","action-by-action reporting","","","1939765","IOWA","JOHNSTON","NATIONAL GUARD MILTARY OPERATIONS &  MAINTENANCE PROJECTS","ARMY,DEPT. OF THE (EXC. CORPS OF ENGINEERS CIVIL PROGRAM)","IOWA","1010Z - IOWA ARMY NATIONAL GUARD - ANTI-TERRORISM"
"12.401","SAI NOT AVAILABLE","PUBLIC DEFENSE, IOWA DEPT OF","39765","JOHNSTON","153","POLK COUNTY","IOWA","501312043","Government codes: State government","continuation (funding in succeeding budget period which stemmed from prior agreement to fund - amount of the current action)","03","ARMY,DEPT. OF THE (EXC. CORPS OF ENGINEERS CIVIL PROGRAM)","W912LP1021010Z","-","54300","","0","-","54300","04/09/2010","10/01/2009","09/30/2010","cooperative agreement  (B)","action-by-action reporting","","","1939765","IOWA","JOHNSTON","NATIONAL GUARD MILTARY OPERATIONS &  MAINTENANCE PROJECTS","ARMY,DEPT. OF THE (EXC. CORPS OF ENGINEERS CIVIL PROGRAM)","IOWA","1010 - IOWA ARMY NATIONAL GUARD - ANTI-TERRORISM"
"12.401","SAI NOT AVAILABLE","PUBLIC DEFENSE, IOWA DEPT OF","39765","JOHNSTON","153","POLK COUNTY","IOWA","501312043","Government codes: State government","continuation (funding in succeeding budget period which stemmed from prior agreement to fund - amount of the current action)","03","ARMY,DEPT. OF THE (EXC. CORPS OF ENGINEERS CIVIL PROGRAM)","W912LP1021007","","936918","","0","","936918","04/09/2010","10/01/2009","09/30/2010","cooperative agreement  (B)","action-by-action reporting","","","1939765","IOWA","JOHNSTON","NATIONAL GUARD MILTARY OPERATIONS &  MAINTENANCE PROJECTS","ARMY,DEPT. OF THE (EXC. CORPS OF ENGINEERS CIVIL PROGRAM)","IOWA","1007 - IOWA ARMY NATIONAL GUARD - AUTOMATED TARGET SYSTEMS"
"12.401","SAI NOT AVAILABLE","PUBLIC DEFENSE, IOWA DEPT OF","39765","JOHNSTON","153","POLK COUNTY","IOWA","501312043","Government codes: State government","continuation (funding in succeeding budget period which stemmed from prior agreement to fund - amount of the current action)","03","ARMY,DEPT. OF THE (EXC. CORPS OF ENGINEERS CIVIL PROGRAM)","W912LP1021005","","3007284","","0","","3007284","04/05/2010","10/01/2009","09/30/2010","cooperative agreement  (B)","action-by-action reporting","","","1939765","IOWA","JOHNSTON","NATIONAL GUARD MILTARY OPERATIONS &  MAINTENANCE PROJECTS","ARMY,DEPT. OF THE (EXC. CORPS OF ENGINEERS CIVIL PROGRAM)","IOWA","1005 - IOWA ARMY NATIONAL GUARD - TELECOMMUNICATIONS"
"12.401","SAI NOT AVAILABLE","PUBLIC DEFENSE, IOWA DEPT OF","39765","JOHNSTON","153","POLK COUNTY","IOWA","501312043","Government codes: State government","continuation (funding in succeeding budget period which stemmed from prior agreement to fund - amount of the current action)","03","ARMY,DEPT. OF THE (EXC. CORPS OF ENGINEERS CIVIL PROGRAM)","W912LP1021002","","121400","","0","","121400","06/08/2010","10/01/2009","09/30/2010","cooperative agreement  (B)","action-by-action reporting","","","1939765","IOWA","JOHNSTON","NATIONAL GUARD MILTARY OPERATIONS &  MAINTENANCE PROJECTS","ARMY,DEPT. OF THE (EXC. CORPS OF ENGINEERS CIVIL PROGRAM)","IOWA","1002 - IOWA ARMY NATIONAL GUARD - ENVIRONMENTAL RESOURCES"
"12.401","SAI NOT AVAILABLE","PUBLIC DEFENSE, IOWA DEPT OF","39765","JOHNSTON","153","POLK COUNTY","IOWA","501312043","Government codes: State government","continuation (funding in succeeding budget period which stemmed from prior agreement to fund - amount of the current action)","03","ARMY,DEPT. OF THE (EXC. CORPS OF ENGINEERS CIVIL PROGRAM)","W912LP1021003","","76288","","0","","76288","04/09/2010","10/01/2009","09/30/2010","cooperative agreement  (B)","action-by-action reporting","","","1939765","IOWA","JOHNSTON","NATIONAL GUARD MILTARY OPERATIONS &  MAINTENANCE PROJECTS","ARMY,DEPT. OF THE (EXC. CORPS OF ENGINEERS CIVIL PROGRAM)","IOWA","1003 - IOWA ARMY NATIONAL GUARD - SECURITY GUARD ACTIVITIES"
"12.401","SAI NOT AVAILABLE","PUBLIC DEFENSE, IOWA DEPT OF","39765","JOHNSTON","153","POLK COUNTY","IOWA","501312043","Government codes: State government","continuation (funding in succeeding budget period which stemmed from prior agreement to fund - amount of the current action)","03","ARMY,DEPT. OF THE (EXC. CORPS OF ENGINEERS CIVIL PROGRAM)","W912LP1021040","","235200","","0","","235200","04/07/2010","10/01/2009","09/30/2010","cooperative agreement  (B)","action-by-action reporting","","","1939765","IOWA","JOHNSTON","NATIONAL GUARD MILTARY OPERATIONS &  MAINTENANCE PROJECTS","ARMY,DEPT. OF THE (EXC. CORPS OF ENGINEERS CIVIL PROGRAM)","IOWA","1040 - IOWA ARMY NATIONAL GUARD - DISTANCE LEARNING"
"12.800","SAI NOT AVAILABLE","UNIVERSITY OF IOWA, THE (INC)","38595","IOWA CITY","103","JOHNSON COUNTY","IOWA","522421316","Government codes: State controlled institutions of higher education","continuation (funding in succeeding budget period which stemmed from prior agreement to fund - amount of the current action)","02","AIR FORCE-AIR FORCE, DEPARTMENT OF THE (HEADQUARTERS, USAF)","FA86510610002   0004","","37497","","0","","37497","05/04/2010","04/15/2006","04/14/2011","project grant  (B)","action-by-action reporting","","","1938595","IOWA","IOWA CITY","AIR FORCE DEFENSE RESEARCH SCIENCES PROGRAM","AIR FORCE-AIR FORCE, DEPARTMENT OF THE (HEADQUARTERS, USAF)","IOWA","INCREMENTAL FUNDING"
"12.800","SAI NOT AVAILABLE","KANSAS STATE UNIVERSITY","44250","MANHATTAN","161","RILEY COUNTY","KANSAS","665061100","Government codes: State controlled institutions of higher education","continuation (funding in succeeding budget period which stemmed from prior agreement to fund - amount of the current action)","02","AIR FORCE-AIR FORCE, DEPARTMENT OF THE (HEADQUARTERS, USAF)","FA95500910451   0002","","50000","","0","","50000","06/30/2010","06/01/2010","11/30/2010","project grant  (B)","action-by-action reporting","","","2044250","KANSAS","MANHATTAN","AIR FORCE DEFENSE RESEARCH SCIENCES PROGRAM","AIR FORCE-AIR FORCE, DEPARTMENT OF THE (HEADQUARTERS, USAF)","KANSAS","TAS::97 0400::TAS   "STRUCTURE AND OPTICAL PROPERTIES OF NOBLE METAL NANOPARTICLES"
"12.800","SAI NOT AVAILABLE","SOUTHERN UNIVERSITY OFFICE GRA","05000","BATON ROUGE","033","EAST BATON ROUGE","LOUISIANA","708139494","Government codes: State controlled institutions of higher education","revision (any change in Federal Government's financial obligation or contingent liability in existing assistance transaction - amount of the <u>change</u> in funding)","06","AIR FORCE-AIR FORCE, DEPARTMENT OF THE (HEADQUARTERS, USAF)","FA95500910367   0001","","150000","","0","","150000","04/19/2010","12/01/2009","11/30/2010","project grant  (B)","action-by-action reporting","","","2205000","LOUISIANA","BATON ROUGE","AIR FORCE DEFENSE RESEARCH SCIENCES PROGRAM","AIR FORCE-AIR FORCE, DEPARTMENT OF THE (HEADQUARTERS, USAF)","LOUISIANA","TAS::57 3600::TAS  "STUDY OF ELECTROMAGNETIC WAVE ABSORPTION PROPERTIES OF CARBON NANOTUBES-BASED COMPOSITES,""
"12.431","SAI NOT AVAILABLE","HENRY M JACKSON FOUNDATION FOR","67675","ROCKVILLE","031","MONTGOMERY COUNTY","MARYLAND","208521402","Nonprofit agencies: other nonprofit","revision (any change in Federal Government's financial obligation or contingent liability in existing assistance transaction - amount of the <u>change</u> in funding)","90","ARMY,DEPT. OF THE (EXC. CORPS OF ENGINEERS CIVIL PROGRAM)","W911NF0910037   0003","","217000","","0","","217000","06/28/2010","02/01/2009","01/31/2011","project grant  (B)","action-by-action reporting","","","2467675","MARYLAND","ROCKVILLE","BASIC SCIENTIFIC RESEARCH","ARMY,DEPT. OF THE (EXC. CORPS OF ENGINEERS CIVIL PROGRAM)","MARYLAND","DEFENSE SCIENCES RESEARCH & TECHNOLOGY: FRACTURE PUTTY EVALUATION PROJECT"
"12.800","SAI NOT AVAILABLE","MORGAN STATE UNIVERSITY (INC)","04000","BALTIMORE","510","BALTIMORE","MARYLAND","212510002","Government codes: State controlled institutions of higher education","new assistance action","90","AIR FORCE-AIR FORCE, DEPARTMENT OF THE (HEADQUARTERS, USAF)","FA95501010139","","25000","","0","","25000","04/26/2010","04/15/2010","04/14/2011","project grant  (B)","action-by-action reporting","","","2404000","MARYLAND","BALTIMORE","AIR FORCE DEFENSE RESEARCH SCIENCES PROGRAM","AIR FORCE-AIR FORCE, DEPARTMENT OF THE (HEADQUARTERS, USAF)","MARYLAND","TAS::57 3600::TAS  "THE NATIONAL CONFERENCE: STRENGTHENING RESEARCH PRODUCTIVITY THROUGH NETWORKING, COLLABORATING AND PARTNERSHIPS""
"12.800","SAI NOT AVAILABLE","HENRY M JACKSON FOUNDATION FOR","67675","ROCKVILLE","031","MONTGOMERY COUNTY","MARYLAND","208521402","Nonprofit agencies: other nonprofit","new assistance action","90","AIR FORCE-AIR FORCE, DEPARTMENT OF THE (HEADQUARTERS, USAF)","FA86501026A01","","10000","","0","","10000","04/29/2010","04/30/2010","04/30/2015","cooperative agreement  (B)","action-by-action reporting","","","2467675","MARYLAND","ROCKVILLE","AIR FORCE DEFENSE RESEARCH SCIENCES PROGRAM","AIR FORCE-AIR FORCE, DEPARTMENT OF THE (HEADQUARTERS, USAF)","MARYLAND","AGREEMENT ORDER FA8650-10-2-6A01 IS HEREBY ESTABLISHED FOR THE "BIOSCIENCE RESEARCH NETWORKING" EFFORT.  THIS IS AGREEMENT ORDER 1 AGAINST BASIC COOP"
"12.800","SAI NOT AVAILABLE","HENRY M JACKSON FOUNDATION FOR","67675","ROCKVILLE","031","MONTGOMERY COUNTY","MARYLAND","208521402","Nonprofit agencies: other nonprofit","new assistance action","90","AIR FORCE-AIR FORCE, DEPARTMENT OF THE (HEADQUARTERS, USAF)","FA95501010118","","237326","","0","","237326","04/01/2010","04/15/2010","04/14/2013","project grant  (B)","action-by-action reporting","","","2467675","MARYLAND","ROCKVILLE","AIR FORCE DEFENSE RESEARCH SCIENCES PROGRAM","AIR FORCE-AIR FORCE, DEPARTMENT OF THE (HEADQUARTERS, USAF)","MARYLAND","TAS:: 57 3600::TAS "NOVEL PROTECTION PARADIGMS BASED ON DEFENSES AGAINST IONIZING RADIATION IN THE EXTREMOPHILE DEINOCOCCUS RADIODURANS""
"12.800","SAI NOT AVAILABLE","HENRY M JACKSON FOUNDATION FOR","67675","ROCKVILLE","031","MONTGOMERY COUNTY","MARYLAND","208521402","Nonprofit agencies: other nonprofit","new assistance action","90","AIR FORCE-AIR FORCE, DEPARTMENT OF THE (HEADQUARTERS, USAF)","FA86501026A02","","2103000","","0","","2103000","06/25/2010","06/25/2010","06/25/2015","cooperative agreement  (B)","action-by-action reporting","","","2467675","MARYLAND","ROCKVILLE","AIR FORCE DEFENSE RESEARCH SCIENCES PROGRAM","AIR FORCE-AIR FORCE, DEPARTMENT OF THE (HEADQUARTERS, USAF)","MARYLAND","AGREEMENT ORDER FA8650-10-2-6A02 IS HEREBY ESTABLISHED FOR THE "BIOSCIENCE RESEARCH FOR RHPB" EFFORT.  THIS IS AGREEMENT ORDER 2 AGAINST BASIC COOPER"
"12.800","SAI NOT AVAILABLE","HENRY M JACKSON FOUNDATION FOR","67675","ROCKVILLE","031","MONTGOMERY COUNTY","MARYLAND","208521402","Nonprofit agencies: other nonprofit","continuation (funding in succeeding budget period which stemmed from prior agreement to fund - amount of the current action)","90","AIR FORCE-AIR FORCE, DEPARTMENT OF THE (HEADQUARTERS, USAF)","FA86501026A01   0001","","100000","","0","","100000","06/16/2010","04/29/2010","04/29/2015","cooperative agreement  (B)","action-by-action reporting","","","2467675","MARYLAND","ROCKVILLE","AIR FORCE DEFENSE RESEARCH SCIENCES PROGRAM","AIR FORCE-AIR FORCE, DEPARTMENT OF THE (HEADQUARTERS, USAF)","MARYLAND",""BIOSCIENCE RESEARCH NETWORKING" EFFORT (AGREEMENT ORDER 1 AGAINST BASIC COOPERATIVE AGREEMENT NO. FA8650-10-2-6062)"
"12.800","SAI NOT AVAILABLE","UNIVERSITY OF MARYLAND","18750","COLLEGE PARK","033","PRINCE GEORGE'S","MARYLAND","207425100","Government codes: State controlled institutions of higher education","new assistance action","90","AIR FORCE-AIR FORCE, DEPARTMENT OF THE (HEADQUARTERS, USAF)","FA95501010303","","197145","","0","","197145","06/08/2010","06/15/2010","06/14/2011","project grant  (B)","action-by-action reporting","","","2418750","MARYLAND","COLLEGE PARK","AIR FORCE DEFENSE RESEARCH SCIENCES PROGRAM","AIR FORCE-AIR FORCE, DEPARTMENT OF THE (HEADQUARTERS, USAF)","MARYLAND","TAS::57 3600::TAS "(DURIP-10) THE ROLE OF BAT WING HAIRS IN FLUTTERING FLIGHT CONTROL" DATED 10 SEPT 2009 ; THE RESEARCH TERMS AND CONDITIONS,"
"12.800","SAI NOT AVAILABLE","UNIVERSITY OF MARYLAND","18750","COLLEGE PARK","033","PRINCE GEORGE'S","MARYLAND","207425100","Government codes: State controlled institutions of higher education","new assistance action","90","AIR FORCE-AIR FORCE, DEPARTMENT OF THE (HEADQUARTERS, USAF)","FA95501010250","","169388","","0","","169388","05/27/2010","06/01/2010","05/31/2014","project grant  (B)","action-by-action reporting","","","2418750","MARYLAND","COLLEGE PARK","AIR FORCE DEFENSE RESEARCH SCIENCES PROGRAM","AIR FORCE-AIR FORCE, DEPARTMENT OF THE (HEADQUARTERS, USAF)","MARYLAND","TAS::57 3600::TAS " PRINCIPALS AND ALGORITHMS FOR NATURAL AND ENGINEERED SWARMS""
"12.800","SAI NOT AVAILABLE","UNIVERSITY OF MARYLAND","18750","COLLEGE PARK","033","PRINCE GEORGE'S","MARYLAND","207425100","Government codes: State controlled institutions of higher education","new assistance action","90","AIR FORCE-AIR FORCE, DEPARTMENT OF THE (HEADQUARTERS, USAF)","FA95501010106","","250000","","0","","250000","04/22/2010","05/01/2010","04/30/2013","project grant  (B)","action-by-action reporting","","","2418750","MARYLAND","COLLEGE PARK","AIR FORCE DEFENSE RESEARCH SCIENCES PROGRAM","AIR FORCE-AIR FORCE, DEPARTMENT OF THE (HEADQUARTERS, USAF)","MARYLAND","TAS:: 57 3600::TAS "WAVE CHAOS AND HPM EFFECTS ON ELECTRONIC SYSTEMS," DATED 15 JUL 2009 (THE GRANTEE'S TECHNICAL PROPOSAL)"
"12.800","SAI NOT AVAILABLE","UNIVERSITY OF MARYLAND","18750","COLLEGE PARK","033","PRINCE GEORGE'S","MARYLAND","207425100","Government codes: State controlled institutions of higher education","continuation (funding in succeeding budget period which stemmed from prior agreement to fund - amount of the current action)","90","AIR FORCE-AIR FORCE, DEPARTMENT OF THE (HEADQUARTERS, USAF)","FA86501023012   0001","","110000","","0","","110000","04/09/2010","10/23/2009","07/23/2014","cooperative agreement  (B)","action-by-action reporting","","","2418750","MARYLAND","COLLEGE PARK","AIR FORCE DEFENSE RESEARCH SCIENCES PROGRAM","AIR FORCE-AIR FORCE, DEPARTMENT OF THE (HEADQUARTERS, USAF)","MARYLAND","TAS :: 57 3600 :: TAS  COLLABORATIVE RESEARCH IN MULTIDISCIPLINARY SCIENCE & TECHNOLOGY PROGRAM"
"12.800","SAI NOT AVAILABLE","UNIVERSITY OF MARYLAND","41250","HYATTSVILLE","033","PRINCE GEORGE'S","MARYLAND","207425100","Government codes: State controlled institutions of higher education","new assistance action","90","AIR FORCE-AIR FORCE, DEPARTMENT OF THE (HEADQUARTERS, USAF)","FA86551015066","","6000","","0","","6000","05/13/2010","04/19/2010","04/19/2011","project grant  (B)","action-by-action reporting","","","2441250","MARYLAND","HYATTSVILLE","AIR FORCE DEFENSE RESEARCH SCIENCES PROGRAM","AIR FORCE-AIR FORCE, DEPARTMENT OF THE (HEADQUARTERS, USAF)","MARYLAND","TAS::57 3600::TAS   ASSISTANCE IS FOR A CONFERENCE TITLED ENTITLED, "GRAPHENE WEEK 2010.""
"12.800","SAI NOT AVAILABLE","UNIVERSITY OF MARYLAND","18750","COLLEGE PARK","033","PRINCE GEORGE'S","MARYLAND","207425100","Government codes: State controlled institutions of higher education","new assistance action","90","AIR FORCE-AIR FORCE, DEPARTMENT OF THE (HEADQUARTERS, USAF)","FA95501010164","","141148","","0","","141148","04/21/2010","05/01/2010","04/30/2015","project grant  (B)","action-by-action reporting","","","2418750","MARYLAND","COLLEGE PARK","AIR FORCE DEFENSE RESEARCH SCIENCES PROGRAM","AIR FORCE-AIR FORCE, DEPARTMENT OF THE (HEADQUARTERS, USAF)","MARYLAND","TAS::57 3600::TAS "UNDERSTANDING & PREDICTING SHOCKWAVE & TURBULENT BOUNDARY LAYER INTERACTIONS: HEAT TRANS & REAL GAS EFFECTS & DEV OF LG EDDY SIMS""
"97.039","SAI NOT AVAILABLE","EMERG MGMT & CIVIL DEFENSE","61400","PIKESVILLE","005","BALTIMORE COUNTY","MARYLAND","21208","Government codes: State government","revision (any change in Federal Government's financial obligation or contingent liability in existing assistance transaction - amount of the <u>change</u> in funding)","90","DHS-FEDERAL EMERGENCY MANAGEMENT AGENCY","1652DRMDP00000005","-","16986","","0","-","16986","06/22/2010","01/22/2008","09/30/2008","project grant  (B)","action-by-action reporting","","","2461400","MARYLAND","PIKESVILLE","HAZARD MITIGATION GRANT","DHS-FEDERAL EMERGENCY MANAGEMENT AGENCY","MARYLAND","GRANT TO LOCAL GOVERNMENT FOR REPAIR OR REPLACEMENT OF DISASTER DAMAGED FACILITIES"
"97.039","SAI NOT AVAILABLE","EMERG MGMT & CIVIL DEFENSE","61400","PIKESVILLE","005","BALTIMORE COUNTY","MARYLAND","21208","Government codes: State government","revision (any change in Federal Government's financial obligation or contingent liability in existing assistance transaction - amount of the <u>change</u> in funding)","90","DHS-FEDERAL EMERGENCY MANAGEMENT AGENCY","1652DRMDP00000005","-","12385","","0","-","12385","06/24/2010","01/22/2008","09/30/2008","project grant  (B)","action-by-action reporting","","","2461400","MARYLAND","PIKESVILLE","HAZARD MITIGATION GRANT","DHS-FEDERAL EMERGENCY MANAGEMENT AGENCY","MARYLAND","GRANT TO LOCAL GOVERNMENT FOR REPAIR OR REPLACEMENT OF DISASTER DAMAGED FACILITIES"
"12.300","SAI NOT AVAILABLE","MASSACHUSETTS INSTITUTE OF TEC","11000","CAMBRIDGE","017","MIDDLESEX COUNTY","MASSACHUSETTS","021394301","Government codes: State controlled institutions of higher education","continuation (funding in succeeding budget period which stemmed from prior agreement to fund - amount of the current action)","90","NAVY-NAVAL RESEARCH, OFFICE OF","N002440910064   0001","","923000","","0","","923000","05/24/2010","06/17/2009","05/14/2014","project grant  (B)","action-by-action reporting","","","2511000","MASSACHUSETTS","CAMBRIDGE","BASIC AND APPLIED SCIENTIFIC RESEARCH","NAVY-NAVAL RESEARCH, OFFICE OF","MASSACHUSETTS","NATURAL ARMOR: AN UNTAPPED ENCYCLOPEDIA OF ENGINEERING DESIGNS FOR PROTECTIVE DEFENSE APPLICATIONS"
"12.800","SAI NOT AVAILABLE","UNIVERSITY OF MASSACHUSETTS","01290","AMHERST","015","HAMPSHIRE COUNTY","MASSACHUSETTS","010039242","Government codes: State controlled institutions of higher education","continuation (funding in succeeding budget period which stemmed from prior agreement to fund - amount of the current action)","90","AIR FORCE-AIR FORCE, DEPARTMENT OF THE (HEADQUARTERS, USAF)","FA87500920187   0004","","62000","","0","","62000","04/01/2010","05/22/2009","05/21/2012","cooperative agreement  (B)","action-by-action reporting","","","2501290","MASSACHUSETTS","AMHERST","AIR FORCE DEFENSE RESEARCH SCIENCES PROGRAM","AIR FORCE-AIR FORCE, DEPARTMENT OF THE (HEADQUARTERS, USAF)","MASSACHUSETTS","COLLABORATIVE RESEARCH ON CAUSAL KNOWLEDGE DISCOVERY"
"12.800","SAI NOT AVAILABLE","ASPEN COMPRESSOR, LLC","38715","MARLBOROUGH","017","MIDDLESEX COUNTY","MASSACHUSETTS","017523060","Private: small business","revision (any change in Federal Government's financial obligation or contingent liability in existing assistance transaction - amount of the <u>change</u> in funding)","90","AIR FORCE-AIR FORCE, DEPARTMENT OF THE (HEADQUARTERS, USAF)","FA86500525704   0013","","306398","","0","","306398","04/30/2010","03/31/2009","09/30/2010","cooperative agreement  (B)","action-by-action reporting","","","2538715","MASSACHUSETTS","MARLBOROUGH","AIR FORCE DEFENSE RESEARCH SCIENCES PROGRAM","AIR FORCE-AIR FORCE, DEPARTMENT OF THE (HEADQUARTERS, USAF)","MASSACHUSETTS","MINI-REFRIGERANT COMPRESSORS FOR MAN-PORTABLE COOLING"
"12.800","SAI NOT AVAILABLE","HARVARD CLLEGE PRSDENT FELLOWS","11000","CAMBRIDGE","017","MIDDLESEX COUNTY","MASSACHUSETTS","021383846","Private: private higher education","new assistance action","90","AIR FORCE-AIR FORCE, DEPARTMENT OF THE (HEADQUARTERS, USAF)","FA95501010107","","280000","","0","","280000","04/20/2010","05/01/2010","04/30/2015","project grant  (B)","action-by-action reporting","","","2511000","MASSACHUSETTS","CAMBRIDGE","AIR FORCE DEFENSE RESEARCH SCIENCES PROGRAM","AIR FORCE-AIR FORCE, DEPARTMENT OF THE (HEADQUARTERS, USAF)","MASSACHUSETTS","TAS:: 57 3600::TAS "THE PRODUCTION AND STUDY OF COLD ANTIPROTONS AND ANTIHYDROGEN," DATED 30 MAR 2009 (THE GRANTEE'S TECHNICAL PROPOSAL)"
"12.800","SAI NOT AVAILABLE","HARVARD CLLEGE PRSDENT FELLOWS","11000","CAMBRIDGE","017","MIDDLESEX COUNTY","MASSACHUSETTS","021383846","Private: private higher education","revision (any change in Federal Government's financial obligation or contingent liability in existing assistance transaction - amount of the <u>change</u> in funding)","90","AIR FORCE-AIR FORCE, DEPARTMENT OF THE (HEADQUARTERS, USAF)","FA95500610531   0005","","100000","","0","","100000","04/30/2010","09/01/2010","08/31/2011","project grant  (B)","action-by-action reporting","","","2511000","MASSACHUSETTS","CAMBRIDGE","AIR FORCE DEFENSE RESEARCH SCIENCES PROGRAM","AIR FORCE-AIR FORCE, DEPARTMENT OF THE (HEADQUARTERS, USAF)","MASSACHUSETTS","TAS::57 3600::TAS "PECASE: CONSTRUCTION OF AN ULTRA-HIGH VACUUM, LOW TEMPERATURE SPIN-POLARIZED SCANNING TUNNELING MICROSCOPE...""
"12.800","SAI NOT AVAILABLE","HARVARD CLLEGE PRSDENT FELLOWS","11000","CAMBRIDGE","017","MIDDLESEX COUNTY","MASSACHUSETTS","021383846","Private: private higher education","continuation (funding in succeeding budget period which stemmed from prior agreement to fund - amount of the current action)","90","AIR FORCE-AIR FORCE, DEPARTMENT OF THE (HEADQUARTERS, USAF)","FA95500910156   0002","","47824","","0","","47824","04/23/2010","12/01/2009","11/30/2010","project grant  (B)","action-by-action reporting","","","2511000","MASSACHUSETTS","CAMBRIDGE","AIR FORCE DEFENSE RESEARCH SCIENCES PROGRAM","AIR FORCE-AIR FORCE, DEPARTMENT OF THE (HEADQUARTERS, USAF)","MASSACHUSETTS","TAS::57 3600::TAS (YIP-09) A COMPREHENSIVE STUDY OF AEROELASTICITY  IN FLAPPING-WING MAVS"
"12.800","SAI NOT AVAILABLE","MASSACHUSETTS INSTITUTE OF TEC","11000","CAMBRIDGE","017","MIDDLESEX COUNTY","MASSACHUSETTS","021394301","Government codes: State controlled institutions of higher education","continuation (funding in succeeding budget period which stemmed from prior agreement to fund - amount of the current action)","90","AIR FORCE-AIR FORCE, DEPARTMENT OF THE (HEADQUARTERS, USAF)","FA86500525706   0023","","948932","","0","","948932","05/27/2010","09/28/2007","08/31/2010","cooperative agreement  (B)","action-by-action reporting","","","2511000","MASSACHUSETTS","CAMBRIDGE","AIR FORCE DEFENSE RESEARCH SCIENCES PROGRAM","AIR FORCE-AIR FORCE, DEPARTMENT OF THE (HEADQUARTERS, USAF)","MASSACHUSETTS","TAS:  97 2010 LEAN AEROSPACE INITIATIVE:   RESEARCH IN THE AREA OF LEAN AEROSPACE INITIATIVE (LAI) PHASE V"
"12.800","SAI NOT AVAILABLE","MASSACHUSETTS INSTITUTE OF TEC","11000","CAMBRIDGE","017","MIDDLESEX COUNTY","MASSACHUSETTS","021394301","Private: private higher education","continuation (funding in succeeding budget period which stemmed from prior agreement to fund - amount of the current action)","90","AIR FORCE-AIR FORCE, DEPARTMENT OF THE (HEADQUARTERS, USAF)","FA95500810321   0003","","51866","","0","","51866","04/28/2010","12/01/2009","11/30/2010","project grant  (B)","action-by-action reporting","","","2511000","MASSACHUSETTS","CAMBRIDGE","AIR FORCE DEFENSE RESEARCH SCIENCES PROGRAM","AIR FORCE-AIR FORCE, DEPARTMENT OF THE (HEADQUARTERS, USAF)","MASSACHUSETTS","TAS::57 3600::TAS  "(YIP 08) STRUCTURAL HIERACRCHIES IN BIOMIMETRIC MATERIALS:  PROTEIN INSPIRED DE NOVO MATERIALS""
"12.800","SAI NOT AVAILABLE","RAYTHEON COMPANY","69380","TEWKSBURY","017","MIDDLESEX COUNTY","MASSACHUSETTS","018761140","Private: profit organization","continuation (funding in succeeding budget period which stemmed from prior agreement to fund - amount of the current action)","90","AIR FORCE-AIR FORCE, DEPARTMENT OF THE (HEADQUARTERS, USAF)","FA86500925501   0004","","1000000","","700423","","1700423","05/26/2010","09/16/2009","12/14/2011","cooperative agreement  (B)","action-by-action reporting","","","2569380","MASSACHUSETTS","TEWKSBURY","AIR FORCE DEFENSE RESEARCH SCIENCES PROGRAM","AIR FORCE-AIR FORCE, DEPARTMENT OF THE (HEADQUARTERS, USAF)","MASSACHUSETTS","TAS: 97 X0360     GALLIUM NITRIDE ON SILICON CARBIDE X-BAND MMIC PRODUCTION"
"12.800","SAI NOT AVAILABLE","UNIVERSITY OF MASSACHUSETTS","37000","LOWELL","017","MIDDLESEX COUNTY","MASSACHUSETTS","018543983","Government codes: State controlled institutions of higher education","new assistance action","90","AIR FORCE-AIR FORCE, DEPARTMENT OF THE (HEADQUARTERS, USAF)","FA86511010009","","50000","","0","","50000","06/23/2010","06/23/2010","12/23/2011","project grant  (B)","action-by-action reporting","","","2537000","MASSACHUSETTS","LOWELL","AIR FORCE DEFENSE RESEARCH SCIENCES PROGRAM","AIR FORCE-AIR FORCE, DEPARTMENT OF THE (HEADQUARTERS, USAF)","MASSACHUSETTS","TAS #970400-- "DEVELOPMENT OF DYNAMIC RESPONSE MODELING TECHNIQUES FOR LINEAR MODAL COMPONENTS INTERCONNECTED WITH NON-LINEAR CONNECTION ELEMENTS""
"12.800","SAI NOT AVAILABLE","UNIVERSITY OF MASSACHUSETTS","37000","LOWELL","017","MIDDLESEX COUNTY","MASSACHUSETTS","018543983","Government codes: State controlled institutions of higher education","new assistance action","90","AIR FORCE-AIR FORCE, DEPARTMENT OF THE (HEADQUARTERS, USAF)","FA95501010226","","120000","","0","","120000","05/10/2010","05/15/2010","05/14/2011","project grant  (B)","action-by-action reporting","","","2537000","MASSACHUSETTS","LOWELL","AIR FORCE DEFENSE RESEARCH SCIENCES PROGRAM","AIR FORCE-AIR FORCE, DEPARTMENT OF THE (HEADQUARTERS, USAF)","MASSACHUSETTS","TAS::57 3600::TAS "(YIP 10) ACTIVE PLASMONICS: ON-CHIP DIRECTIONAL CONTROL AND FREE SPACE STEERING""
"12.800","SAI NOT AVAILABLE","BOSTON UNIVERSITY, TRUSTEES OF","07000","BOSTON","025","SUFFOLK COUNTY","MASSACHUSETTS","022151390","Private: private higher education","new assistance action","90","AIR FORCE-AIR FORCE, DEPARTMENT OF THE (HEADQUARTERS, USAF)","FA95501010278","","237995","","0","","237995","05/28/2010","06/01/2010","05/31/2011","project grant  (B)","action-by-action reporting","","","2507000","MASSACHUSETTS","BOSTON","AIR FORCE DEFENSE RESEARCH SCIENCES PROGRAM","AIR FORCE-AIR FORCE, DEPARTMENT OF THE (HEADQUARTERS, USAF)","MASSACHUSETTS","TAS::57 3600::TAS "(DURIP 10) 1.54 MM OPTICAL GAIN IN SI AND GE-BASED STRUCTURES FOR OPTICAL AMPLIFICATION AND ELECTRICALLY PUMPED LASERS""
"12.800","SAI NOT AVAILABLE","ASPEN AEROGELS, INC","46785","NORTHBOROUGH","027","WORCESTER COUNTY","MASSACHUSETTS","015322501","Private: profit organization","continuation (funding in succeeding budget period which stemmed from prior agreement to fund - amount of the current action)","90","AIR FORCE-AIR FORCE, DEPARTMENT OF THE (HEADQUARTERS, USAF)","FA86500425714   0015","","2166000","","0","","2166000","04/29/2010","09/16/2004","07/20/2011","cooperative agreement  (B)","action-by-action reporting","","","2546785","MASSACHUSETTS","NORTHBOROUGH","AIR FORCE DEFENSE RESEARCH SCIENCES PROGRAM","AIR FORCE-AIR FORCE, DEPARTMENT OF THE (HEADQUARTERS, USAF)","MASSACHUSETTS","HIGH TEMPERATURE AEROGEL BLANKET MATERIALS"
"12.800","SAI NOT AVAILABLE","WORCESTER POLYTECHNIC INSTITUT","82000","WORCESTER","027","WORCESTER COUNTY","MASSACHUSETTS","016092280","Private: private higher education","new assistance action","90","AIR FORCE-AIR FORCE, DEPARTMENT OF THE (HEADQUARTERS, USAF)","FA95501010206","","79622","","0","","79622","04/29/2010","05/01/2010","04/30/2013","project grant  (B)","action-by-action reporting","","","2582000","MASSACHUSETTS","WORCESTER","AIR FORCE DEFENSE RESEARCH SCIENCES PROGRAM","AIR FORCE-AIR FORCE, DEPARTMENT OF THE (HEADQUARTERS, USAF)","MASSACHUSETTS","TAS::57 3600::TAS "A MULTILEVEL SMOOTH DISSIPATIVE PARTICLE DYNAMICS COMPUTATIONAL METHOD FOR PARALLEL SIMULATION OF COMPLEX 3D MESOSCALE FLOWS""
"47.074","SAI EXEMPT","UNIVERSITY OF MICHIGAN","03000","ANN ARBOR","161","WASHTENAW COUNTY","MICHIGAN","481091271","Government codes: State controlled institutions of higher education","continuation (funding in succeeding budget period which stemmed from prior agreement to fund - amount of the current action)","90","NATIONAL SCIENCE FOUNDATION","DEB-0814340-002","","174999","","0","","174999","06/10/2010","09/01/2008","08/31/2011","project grant  (B)","action-by-action reporting","","","2603000","MICHIGAN","ANN ARBOR","BIOLOGICAL SCIENCES","NATIONAL SCIENCE FOUNDATION","MICHIGAN","WHOSE PHENOTYPE IS IT ANYWAY?  THE COMPLEX ROLE OF MYCORRHIZAL FUNGI IN THE EXPRESSION OF PLANT DEFENSE"
"12.800","SAI NOT AVAILABLE","MICHIGAN STATE UNIVERSITY","24120","EAST LANSING","065","INGHAM COUNTY","MICHIGAN","488241046","Government codes: State controlled institutions of higher education","new assistance action","08","AIR FORCE-AIR FORCE, DEPARTMENT OF THE (HEADQUARTERS, USAF)","FA95501010222","","120000","","0","","120000","04/30/2010","05/01/2010","04/30/2013","project grant  (B)","action-by-action reporting","","","2624120","MICHIGAN","EAST LANSING","AIR FORCE DEFENSE RESEARCH SCIENCES PROGRAM","AIR FORCE-AIR FORCE, DEPARTMENT OF THE (HEADQUARTERS, USAF)","MICHIGAN","TAS::57 3600::TAS "(YIP10) - COUPLING OF PERIDYNAMICS AND FINITE ELEMENT FORMULATION FOR MULTISCALE SIMULATIONS""
"12.800","SAI NOT AVAILABLE","MICHIGAN STATE UNIVERSITY","24120","EAST LANSING","065","INGHAM COUNTY","MICHIGAN","488241046","Government codes: State controlled institutions of higher education","continuation (funding in succeeding budget period which stemmed from prior agreement to fund - amount of the current action)","08","AIR FORCE-AIR FORCE, DEPARTMENT OF THE (HEADQUARTERS, USAF)","FA95500910282   0002","","46413","","0","","46413","04/01/2010","12/01/2009","11/30/2010","project grant  (B)","action-by-action reporting","","","2624120","MICHIGAN","EAST LANSING","AIR FORCE DEFENSE RESEARCH SCIENCES PROGRAM","AIR FORCE-AIR FORCE, DEPARTMENT OF THE (HEADQUARTERS, USAF)","MICHIGAN","TAS::57 3600::TAS  (YIP-09) LASER DIAGNOSTICS STUDY OF PLASMA ASSISTED COMBUSTION FOR SCRAMJET APPLICATIONS."
"12.800","SAI NOT AVAILABLE","MICHIGAN STATE UNIVERSITY","24120","EAST LANSING","065","INGHAM COUNTY","MICHIGAN","488241046","Government codes: State controlled institutions of higher education","new assistance action","08","AIR FORCE-AIR FORCE, DEPARTMENT OF THE (HEADQUARTERS, USAF)","FA95501010342","","177543","","0","","177543","06/28/2010","07/15/2010","07/14/2013","project grant  (B)","action-by-action reporting","","","2624120","MICHIGAN","EAST LANSING","AIR FORCE DEFENSE RESEARCH SCIENCES PROGRAM","AIR FORCE-AIR FORCE, DEPARTMENT OF THE (HEADQUARTERS, USAF)","MICHIGAN","TAS::57 3600::TAS  "INVESTIGATION OF HIGHLY UNSTEADY AERODYNAMICS OF FLAPPING WINGS WITH/WITHOUT A FLEXIBLE TRAILING EDGE USING HIGH RESOLUTION MTV.."
"12.800","SAI NOT AVAILABLE","REGENTS OF THE UNIVERSITY OF M","03000","ANN ARBOR","161","WASHTENAW COUNTY","MICHIGAN","481091340","Private: private higher education","continuation (funding in succeeding budget period which stemmed from prior agreement to fund - amount of the current action)","90","AIR FORCE-AIR FORCE, DEPARTMENT OF THE (HEADQUARTERS, USAF)","FA86500623625   0019","","24000","","0","","24000","06/01/2010","11/20/2009","11/19/2010","cooperative agreement  (B)","action-by-action reporting","","","2603000","MICHIGAN","ANN ARBOR","AIR FORCE DEFENSE RESEARCH SCIENCES PROGRAM","AIR FORCE-AIR FORCE, DEPARTMENT OF THE (HEADQUARTERS, USAF)","MICHIGAN","TAS : : 57 3600 : : TAS  MICHIGAN/AFRL COLLABORATIVE CENTER IN AERONAUTICAL SCIENCES (MACCAS)"
"12.800","SAI NOT AVAILABLE","REGENTS OF THE UNIVERSITY OF M","03000","ANN ARBOR","161","WASHTENAW COUNTY","MICHIGAN","481091340","Government codes: State controlled institutions of higher education","new assistance action","90","AIR FORCE-AIR FORCE, DEPARTMENT OF THE (HEADQUARTERS, USAF)","FA95501010078","","127662","","0","","127662","04/22/2010","05/01/2010","04/30/2013","project grant  (B)","action-by-action reporting","","","2603000","MICHIGAN","ANN ARBOR","AIR FORCE DEFENSE RESEARCH SCIENCES PROGRAM","AIR FORCE-AIR FORCE, DEPARTMENT OF THE (HEADQUARTERS, USAF)","MICHIGAN","TAS:: 57 3600::TAS "(YIP 10) CONTINUOUS ON-CHIP EXTREME UV EMITTER""
"12.800","SAI NOT AVAILABLE","REGENTS OF THE UNIVERSITY OF M","03000","ANN ARBOR","161","WASHTENAW COUNTY","MICHIGAN","481091340","Government codes: State controlled institutions of higher education","revision (any change in Federal Government's financial obligation or contingent liability in existing assistance transaction - amount of the <u>change</u> in funding)","90","AIR FORCE-AIR FORCE, DEPARTMENT OF THE (HEADQUARTERS, USAF)","FA95500910696   0002","","200000","","0","","200000","04/22/2010","09/15/2010","09/14/2011","project grant  (B)","action-by-action reporting","","","2603000","MICHIGAN","ANN ARBOR","AIR FORCE DEFENSE RESEARCH SCIENCES PROGRAM","AIR FORCE-AIR FORCE, DEPARTMENT OF THE (HEADQUARTERS, USAF)","MICHIGAN","TAS::57 3600::TAS "(PECASE) TAILORING THE ELECTROMAGNETIC NEAR FIELD WITH PATTERNED SURFACES - NEAR-FIELD PLATES""
"12.800","SAI NOT AVAILABLE","REGENTS OF THE UNIVERSITY OF M","03000","ANN ARBOR","161","WASHTENAW COUNTY","MICHIGAN","481091340","Government codes: State controlled institutions of higher education","continuation (funding in succeeding budget period which stemmed from prior agreement to fund - amount of the current action)","90","AIR FORCE-AIR FORCE, DEPARTMENT OF THE (HEADQUARTERS, USAF)","FA86500723744   0015","","100000","","0","","100000","04/22/2010","04/02/2007","09/30/2011","cooperative agreement  (B)","action-by-action reporting","","","2603000","MICHIGAN","ANN ARBOR","AIR FORCE DEFENSE RESEARCH SCIENCES PROGRAM","AIR FORCE-AIR FORCE, DEPARTMENT OF THE (HEADQUARTERS, USAF)","MICHIGAN","TAS : : 57 3600 : : TAS  COLLABORATIVE CENTER IN CONTROL SCIENCE"
"12.800","SAI NOT AVAILABLE","REGENTS OF THE UNIVERSITY OF M","03000","ANN ARBOR","161","WASHTENAW COUNTY","MICHIGAN","481091340","Private: private higher education","continuation (funding in succeeding budget period which stemmed from prior agreement to fund - amount of the current action)","90","AIR FORCE-AIR FORCE, DEPARTMENT OF THE (HEADQUARTERS, USAF)","FA86500623625   0018","","50000","","0","","50000","04/20/2010","11/20/2009","11/19/2010","cooperative agreement  (B)","action-by-action reporting","","","2603000","MICHIGAN","ANN ARBOR","AIR FORCE DEFENSE RESEARCH SCIENCES PROGRAM","AIR FORCE-AIR FORCE, DEPARTMENT OF THE (HEADQUARTERS, USAF)","MICHIGAN","TAS : : 57 3600 : : TAS  MICHIGAN/AFRL COLLABORATIVE CENTER IN AERONAUTICAL SCIENCES (MACCAS)"
"12.800","SAI NOT AVAILABLE","REGENTS OF THE UNIVERSITY OF M","03000","ANN ARBOR","161","WASHTENAW COUNTY","MICHIGAN","481091340","Government codes: State controlled institutions of higher education","revision (any change in Federal Government's financial obligation or contingent liability in existing assistance transaction - amount of the <u>change</u> in funding)","90","AIR FORCE-AIR FORCE, DEPARTMENT OF THE (HEADQUARTERS, USAF)","FA95500910636   0001","","200000","","0","","200000","04/08/2010","01/01/2010","12/31/2010","project grant  (B)","action-by-action reporting","","","2603000","MICHIGAN","ANN ARBOR","AIR FORCE DEFENSE RESEARCH SCIENCES PROGRAM","AIR FORCE-AIR FORCE, DEPARTMENT OF THE (HEADQUARTERS, USAF)","MICHIGAN","TAS::57 3600::TAS "OPTICAL NEAR-FIELD PLATES""
"12.800","SAI NOT AVAILABLE","WAYNE STATE UNIVERSITY","22000","DETROIT","163","WAYNE COUNTY","MICHIGAN","482023692","Government codes: State controlled institutions of higher education","new assistance action","90","AIR FORCE-AIR FORCE, DEPARTMENT OF THE (HEADQUARTERS, USAF)","FA95501010210","","148978","","0","","148978","05/10/2010","06/01/2010","05/31/2013","project grant  (B)","action-by-action reporting","","","2622000","MICHIGAN","DETROIT","AIR FORCE DEFENSE RESEARCH SCIENCES PROGRAM","AIR FORCE-AIR FORCE, DEPARTMENT OF THE (HEADQUARTERS, USAF)","MICHIGAN","TAS::57 3600::TAS "STOCHASTIC CONTROL AND GAME, ADAPTATION, AND RECONFIGURATION STRATEGIES OF NETWORKED COMBAT SYSTEMS FOR  ENHANCED ROBUSTNESS AGAIN"
"12.800","SAI NOT AVAILABLE","MISSISSIPPI STATE UNIVERSITY","48020","MISSISSIPPI STATE","105","OKTIBBEHA COUNTY","MISSISSIPPI","397625227","Government codes: State controlled institutions of higher education","new assistance action","03","AIR FORCE-AIR FORCE, DEPARTMENT OF THE (HEADQUARTERS, USAF)","FA95501010356","","52261","","0","","52261","06/25/2010","07/01/2010","06/30/2011","project grant  (B)","action-by-action reporting","","","2848020","MISSISSIPPI","MISSISSIPPI STATE","AIR FORCE DEFENSE RESEARCH SCIENCES PROGRAM","AIR FORCE-AIR FORCE, DEPARTMENT OF THE (HEADQUARTERS, USAF)","MISSISSIPPI","TAS::57 3600::TAS IDENTIFYING GRAIN REFINEMENT MECHANISMS OCCURRING DURING HIGH STRAIN RATE DEFORMATION IN TI 6A1-4V"
"10.001","SAI EXEMPT","CURATORS OF THE UNIVERSITY OF MISSOURI","15670","COLUMBIA","019","BOONE COUNTY","MISSOURI","652111230","Government codes: State controlled institutions of higher education","revision (any change in Federal Government's financial obligation or contingent liability in existing assistance transaction - amount of the <u>change</u> in funding)","09","DEPT. OF AGRIC. - AGRICULTURAL RESEARCH SERVICE","59-0790-7-073-3","","15074","","0","","15074","04/14/2010","07/20/2007","07/19/2011","project grant  (B)","action-by-action reporting","","","2915670","MISSOURI","COLUMBIA","LAKE PONTCHARTRAIN BASIN RESTORATION PROGRAM (PRP)","DEPT. OF AGRIC. - AGRICULTURAL RESEARCH SERVICE","MISSOURI","SELECTION OF DEFENSE PEPTIDES TO PROTECT WHEAT FROM FUSARIUM HEAD BLIGHT"
"12.300","SAI NOT AVAILABLE","MONTANA STATE UNIVERSITY SYSTE","08950","BOZEMAN","031","GALLATIN COUNTY","MONTANA","597170001","Government codes: State controlled institutions of higher education","revision (any change in Federal Government's financial obligation or contingent liability in existing assistance transaction - amount of the <u>change</u> in funding)","00","NAVY, DEPARTMENT OF THE","N000140710645   0003","","70000","","0","","70000","04/14/2010","04/14/2010","11/30/2010","project grant  (B)","action-by-action reporting","","","3008950","MONTANA","BOZEMAN","BASIC AND APPLIED SCIENTIFIC RESEARCH","NAVY, DEPARTMENT OF THE","MONTANA","2010 DEPARTMENT OF DEFENSE: BIOTECHNOLOGY FOR THE FUTURE"
"12.800","SAI NOT AVAILABLE","MONTANA STATE UNIVERSITY SYSTE","08950","BOZEMAN","031","GALLATIN COUNTY","MONTANA","597170001","Government codes: State controlled institutions of higher education","continuation (funding in succeeding budget period which stemmed from prior agreement to fund - amount of the current action)","00","AIR FORCE-AIR FORCE, DEPARTMENT OF THE (HEADQUARTERS, USAF)","FA86500939402   0001","","274000","","0","","274000","06/03/2010","09/04/2009","09/04/2014","other reimbursable, contingent, intangible, or indirect financial assistance","action-by-action reporting","","","3008950","MONTANA","BOZEMAN","AIR FORCE DEFENSE RESEARCH SCIENCES PROGRAM","AIR FORCE-AIR FORCE, DEPARTMENT OF THE (HEADQUARTERS, USAF)","MONTANA","TAS: :17 01319: :TAS       MILTECH WARFIGHTER TECHNOLOGY ENHANCEMENT"
"12.800","SAI NOT AVAILABLE","MONTANA STATE UNIVERSITY SYSTE","08950","BOZEMAN","031","GALLATIN COUNTY","MONTANA","597170001","Government codes: State controlled institutions of higher education","continuation (funding in succeeding budget period which stemmed from prior agreement to fund - amount of the current action)","00","AIR FORCE-AIR FORCE, DEPARTMENT OF THE (HEADQUARTERS, USAF)","FA86500739301   0013","","471900","","0","","471900","06/22/2010","01/31/2007","01/31/2013","other reimbursable, contingent, intangible, or indirect financial assistance","action-by-action reporting","","","3008950","MONTANA","BOZEMAN","AIR FORCE DEFENSE RESEARCH SCIENCES PROGRAM","AIR FORCE-AIR FORCE, DEPARTMENT OF THE (HEADQUARTERS, USAF)","MONTANA","TAS: :97 0400: :TAS        TECHLINK CORE EFFORT"
"12.800","SAI NOT AVAILABLE","MONTANA STATE UNIVERSITY SYSTE","08950","BOZEMAN","031","GALLATIN COUNTY","MONTANA","597170001","Government codes: State controlled institutions of higher education","continuation (funding in succeeding budget period which stemmed from prior agreement to fund - amount of the current action)","00","AIR FORCE-AIR FORCE, DEPARTMENT OF THE (HEADQUARTERS, USAF)","FA86500939401   0003","","1500000","","0","","1500000","05/03/2010","02/11/2009","02/11/2014","other reimbursable, contingent, intangible, or indirect financial assistance","action-by-action reporting","","","3008950","MONTANA","BOZEMAN","AIR FORCE DEFENSE RESEARCH SCIENCES PROGRAM","AIR FORCE-AIR FORCE, DEPARTMENT OF THE (HEADQUARTERS, USAF)","MONTANA","TAS: :97 90400: :TAS        MILTECH CORE EFFORT"
"12.800","SAI NOT AVAILABLE","MONTANA STATE UNIVERSITY SYSTE","08950","BOZEMAN","031","GALLATIN COUNTY","MONTANA","597170001","Government codes: State controlled institutions of higher education","new assistance action","00","AIR FORCE-AIR FORCE, DEPARTMENT OF THE (HEADQUARTERS, USAF)","FA95501010115","","174967","","0","","174967","04/02/2010","04/15/2010","04/14/2013","project grant  (B)","action-by-action reporting","","","3008950","MONTANA","BOZEMAN","AIR FORCE DEFENSE RESEARCH SCIENCES PROGRAM","AIR FORCE-AIR FORCE, DEPARTMENT OF THE (HEADQUARTERS, USAF)","MONTANA","TAS::57 3600::TAS "ATMOSPHERIC POLARIZATION IMAGING WITH VARIABLE AEROSOLS, CLOUDS, AND SURFACE ALBEDO""
"12.800","SAI NOT AVAILABLE","TRUSTEES OF DARTMOUTH COLLEGE","33780","HANOVER","009","GRAFTON COUNTY","NEW HAMPSHIRE","037554099","Private: private higher education","continuation (funding in succeeding budget period which stemmed from prior agreement to fund - amount of the current action)","02","NAVY, DEPARTMENT OF THE","N000141010439   0001","","50000","","0","","50000","06/18/2010","06/18/2010","01/31/2013","project grant  (B)","action-by-action reporting","","","3333780","NEW HAMPSHIRE","HANOVER","AIR FORCE DEFENSE RESEARCH SCIENCES PROGRAM","NAVY, DEPARTMENT OF THE","NEW HAMPSHIRE","COMPREHENSIVE NUMERICAL STUDY OF ULF MAGNETOSPHERE-IONOSPHERE INTERACTIONS TRIGGERED BY HIGH-POWER HF WAVES TRANSMITTED FROM HAARP."
"12.800","SAI NOT AVAILABLE","TRUSTEES OF PRINCETON UNIVERSI","60900","PRINCETON","021","MERCER COUNTY","NEW JERSEY","085440001","Private: private higher education","new assistance action","90","AIR FORCE-AIR FORCE, DEPARTMENT OF THE (HEADQUARTERS, USAF)","FA95501010108","","150000","","0","","150000","04/22/2010","05/01/2010","04/30/2013","project grant  (B)","action-by-action reporting","","","3460900","NEW JERSEY","PRINCETON","AIR FORCE DEFENSE RESEARCH SCIENCES PROGRAM","AIR FORCE-AIR FORCE, DEPARTMENT OF THE (HEADQUARTERS, USAF)","NEW JERSEY","TAS::57 3600::TAS "DYNAMICAL IMAGING USING SPATIAL NONLINEEARITY" (THE GRANTEE'S TECHNICAL PROPOSAL); THE RESEARCH TERMS AND  CONDITIONS, 1 JULY 2008"
"12.800","SAI NOT AVAILABLE","TRUSTEES OF PRINCETON UNIVERSI","60900","PRINCETON","021","MERCER COUNTY","NEW JERSEY","085440001","Private: private higher education","new assistance action","90","AIR FORCE-AIR FORCE, DEPARTMENT OF THE (HEADQUARTERS, USAF)","FA95501010162","","192708","","0","","192708","04/22/2010","05/01/2010","04/30/2013","project grant  (B)","action-by-action reporting","","","3460900","NEW JERSEY","PRINCETON","AIR FORCE DEFENSE RESEARCH SCIENCES PROGRAM","AIR FORCE-AIR FORCE, DEPARTMENT OF THE (HEADQUARTERS, USAF)","NEW JERSEY","TAS::57 3600::TAS "DEVELOPING NEW MATERIALS FRO CONVERTING SOLAR ENERGY TO FUELS VIA QUANTUM MECHANICS" DATED 13 FEB 09"
"12.800","SAI NOT AVAILABLE","TRUSTEES OF PRINCETON UNIVERSI","60900","PRINCETON","021","MERCER COUNTY","NEW JERSEY","085440001","Private: private higher education","revision (any change in Federal Government's financial obligation or contingent liability in existing assistance transaction - amount of the <u>change</u> in funding)","90","AIR FORCE-AIR FORCE, DEPARTMENT OF THE (HEADQUARTERS, USAF)","FA95500910314   0003","","2202986","","0","","2202986","04/29/2010","05/01/2010","04/30/2011","project grant  (B)","action-by-action reporting","","","3460900","NEW JERSEY","PRINCETON","AIR FORCE DEFENSE RESEARCH SCIENCES PROGRAM","AIR FORCE-AIR FORCE, DEPARTMENT OF THE (HEADQUARTERS, USAF)","NEW JERSEY","TAS::57 3600::TAS "TERRORISM GOVERNANCE AND DEVELOPMENT""
"12.800","SAI NOT AVAILABLE","TRUSTEES OF PRINCETON UNIVERSI","60900","PRINCETON","021","MERCER COUNTY","NEW JERSEY","085440001","Private: private higher education","new assistance action","90","AIR FORCE-AIR FORCE, DEPARTMENT OF THE (HEADQUARTERS, USAF)","FA95501010157","","175000","","0","","175000","05/11/2010","05/15/2010","04/14/2013","project grant  (B)","action-by-action reporting","","","3460900","NEW JERSEY","PRINCETON","AIR FORCE DEFENSE RESEARCH SCIENCES PROGRAM","AIR FORCE-AIR FORCE, DEPARTMENT OF THE (HEADQUARTERS, USAF)","NEW JERSEY","TAS::57 3600::TAS "PHOTOELECTROCHEMICAL CONVERSION OF CARBON DIOXIDE TO ALCOHOLS: FORMATION CARBON-BASED FUELS VIA CARBON-CARBON BOND FORMATION""
"12.800","SAI NOT AVAILABLE","RUTGERS, THE STATE UNIVERSITY","51210","NEW BRUNSWICK","023","MIDDLESEX COUNTY","NEW JERSEY","089018552","Government codes: State controlled institutions of higher education","revision (any change in Federal Government's financial obligation or contingent liability in existing assistance transaction - amount of the <u>change</u> in funding)","90","AIR FORCE-AIR FORCE, DEPARTMENT OF THE (HEADQUARTERS, USAF)","FA95500810452   0002","","250000","","0","","250000","04/26/2010","09/01/2010","08/31/2011","project grant  (B)","action-by-action reporting","","","3451210","NEW JERSEY","NEW BRUNSWICK","AIR FORCE DEFENSE RESEARCH SCIENCES PROGRAM","AIR FORCE-AIR FORCE, DEPARTMENT OF THE (HEADQUARTERS, USAF)","NEW JERSEY","TAS::57 3600::TAS "(DCT) A DYNAMICALLY RECONFIGURABLE ZNO NANO/CMOS HYBRID SYSTEM""
"12.800","SAI NOT AVAILABLE","TELCORDIA TECHNOLOGIES, INC","58980","PINKNEYVILLE","037","SUSSEX COUNTY","NEW JERSEY","088544182","Private: profit organization","new assistance action","90","AIR FORCE-AIR FORCE, DEPARTMENT OF THE (HEADQUARTERS, USAF)","FA95501010125","","75000","","0","","75000","06/08/2010","08/15/2010","08/14/2015","project grant  (B)","action-by-action reporting","","","3458980","NEW JERSEY","PINKNEYVILLE","AIR FORCE DEFENSE RESEARCH SCIENCES PROGRAM","AIR FORCE-AIR FORCE, DEPARTMENT OF THE (HEADQUARTERS, USAF)","NEW JERSEY","TAS::57 3600::TAS "APPLICATIONS TO NETWORK DYNAMICS OF POSITIVE MEASURES AND PRODUCT FORMALISMS: ANALYSIS, SYNTHESIS, VISUALIZATION AND MISSING DATA""
"12.800","SAI NOT AVAILABLE","UNIVERSITY OF NEW MEXICO","02000","ALBUQUERQUE","001","BERNALILLO COUNTY","NEW MEXICO","871310001","Government codes: State controlled institutions of higher education","new assistance action","90","AIR FORCE-AIR FORCE, DEPARTMENT OF THE (HEADQUARTERS, USAF)","FA95501010113","","149999","","0","","149999","04/02/2010","04/15/2010","04/14/2015","project grant  (B)","action-by-action reporting","","","3502000","NEW MEXICO","ALBUQUERQUE","AIR FORCE DEFENSE RESEARCH SCIENCES PROGRAM","AIR FORCE-AIR FORCE, DEPARTMENT OF THE (HEADQUARTERS, USAF)","NEW MEXICO","TAS::57 3600::TAS "HETEROGENEOUS MATERIAL INTEGRATION AND BAND ENGINEERING WITH INAS/GASB TYPE II SUPERLATTICES""
"12.800","SAI NOT AVAILABLE","UNIVERSITY OF NEW MEXICO","02000","ALBUQUERQUE","001","BERNALILLO COUNTY","NEW MEXICO","871310001","Government codes: State controlled institutions of higher education","new assistance action","90","AIR FORCE-AIR FORCE, DEPARTMENT OF THE (HEADQUARTERS, USAF)","FA95501010085","","180000","","0","","180000","04/07/2010","04/15/2010","04/14/2013","project grant  (B)","action-by-action reporting","","","3502000","NEW MEXICO","ALBUQUERQUE","AIR FORCE DEFENSE RESEARCH SCIENCES PROGRAM","AIR FORCE-AIR FORCE, DEPARTMENT OF THE (HEADQUARTERS, USAF)","NEW MEXICO","TAS::57 3600::TAS "BIOCOMPATIBLE AND BIMIMETIC SELF-ASSEMBLY OF FUNCTIONAL NANOSTRUCTURES" DATED  26 MAY 2009"
"12.800","SAI NOT AVAILABLE","UNIVERSITY OF NEW MEXICO","02000","ALBUQUERQUE","001","BERNALILLO COUNTY","NEW MEXICO","871310001","Government codes: State controlled institutions of higher education","revision (any change in Federal Government's financial obligation or contingent liability in existing assistance transaction - amount of the <u>change</u> in funding)","90","AIR FORCE-AIR FORCE, DEPARTMENT OF THE (HEADQUARTERS, USAF)","FA95500910016   0002","","10000","","0","","10000","04/22/2010","04/21/2010","12/14/2010","project grant  (B)","action-by-action reporting","","","3502000","NEW MEXICO","ALBUQUERQUE","AIR FORCE DEFENSE RESEARCH SCIENCES PROGRAM","AIR FORCE-AIR FORCE, DEPARTMENT OF THE (HEADQUARTERS, USAF)","NEW MEXICO","TAS::57 3600::TAS "THREE DIMENSIONAL HIGH-RESOLUTION RECONSTRUCTION OF THE IONOSPHERE OVER THE VERY LARGE ARRAY"
"12.800","SAI NOT AVAILABLE","UNIVERSITY OF NEW MEXICO","02000","ALBUQUERQUE","001","BERNALILLO COUNTY","NEW MEXICO","871310001","Government codes: State controlled institutions of higher education","revision (any change in Federal Government's financial obligation or contingent liability in existing assistance transaction - amount of the <u>change</u> in funding)","90","AIR FORCE-AIR FORCE, DEPARTMENT OF THE (HEADQUARTERS, USAF)","FA95500410356   0009","","49874","","0","","49874","05/10/2010","05/01/2010","08/14/2010","project grant  (B)","action-by-action reporting","","","3502000","NEW MEXICO","ALBUQUERQUE","AIR FORCE DEFENSE RESEARCH SCIENCES PROGRAM","AIR FORCE-AIR FORCE, DEPARTMENT OF THE (HEADQUARTERS, USAF)","NEW MEXICO","TAS::57 3600::TAS "(MURI) CONSORTIUM FOR LASER COOLING SOLIDS""
"12.800","SAI NOT AVAILABLE","UNIVERSITY OF NEW MEXICO","02000","ALBUQUERQUE","001","BERNALILLO COUNTY","NEW MEXICO","871310001","Government codes: State controlled institutions of higher education","revision (any change in Federal Government's financial obligation or contingent liability in existing assistance transaction - amount of the <u>change</u> in funding)","90","AIR FORCE-AIR FORCE, DEPARTMENT OF THE (HEADQUARTERS, USAF)","FA95500410356   0010","","199989","","0","","199989","06/29/2010","08/15/2010","08/14/2011","project grant  (B)","action-by-action reporting","","","3502000","NEW MEXICO","ALBUQUERQUE","AIR FORCE DEFENSE RESEARCH SCIENCES PROGRAM","AIR FORCE-AIR FORCE, DEPARTMENT OF THE (HEADQUARTERS, USAF)","NEW MEXICO","TAS::57 3600::TAS"(MURI) CONSORTIUM FOR LASER COOLING SOLIDS""
"12.800","SAI NOT AVAILABLE","UNIVERSITY OF NEW MEXICO","02000","ALBUQUERQUE","001","BERNALILLO COUNTY","NEW MEXICO","871310001","Government codes: State controlled institutions of higher education","new assistance action","90","AIR FORCE-AIR FORCE, DEPARTMENT OF THE (HEADQUARTERS, USAF)","FA95501010280","","120000","","0","","120000","06/02/2010","06/01/2010","05/31/2011","project grant  (B)","action-by-action reporting","","","3502000","NEW MEXICO","ALBUQUERQUE","AIR FORCE DEFENSE RESEARCH SCIENCES PROGRAM","AIR FORCE-AIR FORCE, DEPARTMENT OF THE (HEADQUARTERS, USAF)","NEW MEXICO","TAS::57 3600::TAS "(DURIP) INSTRUMENTATION FOR ALL-SOLID-STATE OPTICAL CRYOCOOLER PROJECT""
"12.800","SAI NOT AVAILABLE","UNIVERSITY OF NEW MEXICO","02000","ALBUQUERQUE","001","BERNALILLO COUNTY","NEW MEXICO","871310001","Government codes: State controlled institutions of higher education","new assistance action","90","AIR FORCE-AIR FORCE, DEPARTMENT OF THE (HEADQUARTERS, USAF)","FA95501010276","","93663","","0","","93663","06/02/2010","06/01/2010","05/31/2013","project grant  (B)","action-by-action reporting","","","3502000","NEW MEXICO","ALBUQUERQUE","AIR FORCE DEFENSE RESEARCH SCIENCES PROGRAM","AIR FORCE-AIR FORCE, DEPARTMENT OF THE (HEADQUARTERS, USAF)","NEW MEXICO","TAS::57 3600::TAS "ULTRALOW NOISE MONOLITHIC QUANTUM DOT PHOTONIC OSCILLATORS""
"12.800","SAI NOT AVAILABLE","NEW MEXICO STATE UNIVERSITY","39380","LAS CRUCES","013","DONA ANA COUNTY","NEW MEXICO","880031239","Government codes: State controlled institutions of higher education","funding adjustment to completed project","02","AIR FORCE-AIR FORCE, DEPARTMENT OF THE (HEADQUARTERS, USAF)","FA86500716847   0002","-","1142","","0","-","1142","06/03/2010","07/09/2007","07/31/2010","project grant  (B)","action-by-action reporting","","","3539380","NEW MEXICO","LAS CRUCES","AIR FORCE DEFENSE RESEARCH SCIENCES PROGRAM","AIR FORCE-AIR FORCE, DEPARTMENT OF THE (HEADQUARTERS, USAF)","NEW MEXICO","IN ACCORDANCE WITH ATTACHMENT 1, STATEMENT OF WORK ENTITLED: "PICTURES FROM WORDS, PICTURES FROM TEXT:  CONSTRUCTION PICTORIAL REPRESENTATIONS OF MEA"
"12.800","SAI NOT AVAILABLE","NEW MEXICO STATE UNIVERSITY","39380","LAS CRUCES","013","DONA ANA COUNTY","NEW MEXICO","880031239","Government codes: State controlled institutions of higher education","revision (any change in Federal Government's financial obligation or contingent liability in existing assistance transaction - amount of the <u>change</u> in funding)","02","AIR FORCE-AIR FORCE, DEPARTMENT OF THE (HEADQUARTERS, USAF)","FA95500910616   0001","","131741","","0","","131741","04/01/2010","08/01/2010","07/31/2011","project grant  (B)","action-by-action reporting","","","3539380","NEW MEXICO","LAS CRUCES","AIR FORCE DEFENSE RESEARCH SCIENCES PROGRAM","AIR FORCE-AIR FORCE, DEPARTMENT OF THE (HEADQUARTERS, USAF)","NEW MEXICO","TAS::57 36::TAS "LASER-BASED NAVIGATION AND GEO-LOCATION""
"12.431","SAI NOT AVAILABLE","POLYTECHNIC UNIVERSITY","10022","BROOKLYN","047","KINGS COUNTY","NEW YORK","112013840","Private: private higher education","revision (any change in Federal Government's financial obligation or contingent liability in existing assistance transaction - amount of the <u>change</u> in funding)","90","ARMY,DEPT. OF THE (EXC. CORPS OF ENGINEERS CIVIL PROGRAM)","W911NF1010210   0000","","155649","","0","","155649","06/03/2010","06/15/2010","06/14/2011","project grant  (B)","action-by-action reporting","","","3610022","NEW YORK","BROOKLYN","BASIC SCIENTIFIC RESEARCH","ARMY,DEPT. OF THE (EXC. CORPS OF ENGINEERS CIVIL PROGRAM)","NEW YORK","PROPOSAL FOR DEFENSE UNIVERSITY RESEARCH INSTRUMENTATION PROGRAM"
"12.431","SAI NOT AVAILABLE","THE RESEARCH FOUNDATION OF STA","73000","SYRACUSE","067","ONONDAGA COUNTY","NEW YORK","132102712","Government codes: State controlled institutions of higher education","revision (any change in Federal Government's financial obligation or contingent liability in existing assistance transaction - amount of the <u>change</u> in funding)","25","ARMY,DEPT. OF THE (EXC. CORPS OF ENGINEERS CIVIL PROGRAM)","W911NF0810225   0004","","45656","","0","","45656","04/22/2010","07/01/2008","12/31/2010","project grant  (B)","action-by-action reporting","","","3673000","NEW YORK","SYRACUSE","BASIC SCIENTIFIC RESEARCH","ARMY,DEPT. OF THE (EXC. CORPS OF ENGINEERS CIVIL PROGRAM)","NEW YORK","COLLECTIVE STRUCTURAL DEFENSE OF THE MOUND-BUILDING TERMITES OF THE GENUS MACROTERMES"
"12.800","SAI NOT AVAILABLE","STATE UNIVERSITY OF NEW YORK","01748","AMHERST","029","ERIE COUNTY","NEW YORK","142282567","Government codes: State controlled institutions of higher education","new assistance action","90","AIR FORCE-AIR FORCE, DEPARTMENT OF THE (HEADQUARTERS, USAF)","FA95501010154","","150000","","0","","150000","04/21/2010","04/15/2010","04/14/2011","project grant  (B)","action-by-action reporting","","","3601748","NEW YORK","AMHERST","AIR FORCE DEFENSE RESEARCH SCIENCES PROGRAM","AIR FORCE-AIR FORCE, DEPARTMENT OF THE (HEADQUARTERS, USAF)","NEW YORK","TAS::57 3600::TAS "METAL-INDUCED GROWTH OF SI THIN FILMS AND NISI NANOWIRES""
"12.800","SAI NOT AVAILABLE","UNIVERSITY OF ROCHESTER","63000","ROCHESTER","055","MONROE COUNTY","NEW YORK","146420001","Private: private higher education","new assistance action","90","AIR FORCE-AIR FORCE, DEPARTMENT OF THE (HEADQUARTERS, USAF)","FA95501010305","","182605","","0","","182605","06/15/2010","06/15/2010","06/14/2011","project grant  (B)","action-by-action reporting","","","3663000","NEW YORK","ROCHESTER","AIR FORCE DEFENSE RESEARCH SCIENCES PROGRAM","AIR FORCE-AIR FORCE, DEPARTMENT OF THE (HEADQUARTERS, USAF)","NEW YORK","TAS::57 3600::TAS "(DURIP FY10) ENHANCING CHARACTERIZATION CAPACITY STUDYING ULTRAFAST ULTRAINTENSE LASER PULSE-MATTER INTERACTIONS: FROM MOLECULE TO"
"12.800","SAI NOT AVAILABLE","NEW YORK UNIVERSITY (INC)","51000","NEW YORK","061","NEW YORK COUNTY","NEW YORK","100121019","Private: private higher education","new assistance action","90","AIR FORCE-AIR FORCE, DEPARTMENT OF THE (HEADQUARTERS, USAF)","FA95501010158","","123871","","0","","123871","04/22/2010","05/01/2010","04/30/2013","project grant  (B)","action-by-action reporting","","","3651000","NEW YORK","NEW YORK","AIR FORCE DEFENSE RESEARCH SCIENCES PROGRAM","AIR FORCE-AIR FORCE, DEPARTMENT OF THE (HEADQUARTERS, USAF)","NEW YORK","TAS::57 3600::TAS "VISCOUS FLOW ALGORITHMS FOR EMBEDDED-BOUNDARY CARTESIAN GRIDS" DATED 15 MAY 2009"
"12.800","SAI NOT AVAILABLE","RESEARCH FOUNDATION OF THE CIT","51000","NEW YORK","061","NEW YORK COUNTY","NEW YORK","100367207","Government codes: State controlled institutions of higher education","new assistance action","90","AIR FORCE-AIR FORCE, DEPARTMENT OF THE (HEADQUARTERS, USAF)","FA95501010091","","150072","","0","","150072","04/07/2010","04/01/2010","03/31/2014","project grant  (B)","action-by-action reporting","","","3651000","NEW YORK","NEW YORK","AIR FORCE DEFENSE RESEARCH SCIENCES PROGRAM","AIR FORCE-AIR FORCE, DEPARTMENT OF THE (HEADQUARTERS, USAF)","NEW YORK","TAS::57 3600::TAS "BOTTOM-UP RECONSTRUCTION OF MOLECULAR COMPONENTS OF NATURAL PHOTOSYNTHESIS IN A PHOTOELECTROCHEMICAL SYSTEM FOR HYDROGEN GENERATIO"
"12.800","SAI NOT AVAILABLE","THE RESEARCH FOUNDATION OF STA","71608","STONY BROOK","103","SUFFOLK COUNTY","NEW YORK","117940001","Government codes: State controlled institutions of higher education","new assistance action","90","AIR FORCE-AIR FORCE, DEPARTMENT OF THE (HEADQUARTERS, USAF)","FA95501010171","","7500","","0","","7500","05/05/2010","07/01/2010","12/31/2010","project grant  (B)","action-by-action reporting","","","3671608","NEW YORK","STONY BROOK","AIR FORCE DEFENSE RESEARCH SCIENCES PROGRAM","AIR FORCE-AIR FORCE, DEPARTMENT OF THE (HEADQUARTERS, USAF)","NEW YORK","TAS::57 3600::TAS "A WORKSHOP ON CIRCUITS OF THE CIRCADIAN SYSTEM""
"12.800","SAI NOT AVAILABLE","CORNELL UNIVERSITY, INC","38077","ITHACA","109","TOMPKINS COUNTY","NEW YORK","148532801","Private: private higher education","revision (any change in Federal Government's financial obligation or contingent liability in existing assistance transaction - amount of the <u>change</u> in funding)","90","AIR FORCE-AIR FORCE, DEPARTMENT OF THE (HEADQUARTERS, USAF)","FA95500910691   0001","","200000","","0","","200000","04/22/2010","09/15/2010","09/14/2011","project grant  (B)","action-by-action reporting","","","3638077","NEW YORK","ITHACA","AIR FORCE DEFENSE RESEARCH SCIENCES PROGRAM","AIR FORCE-AIR FORCE, DEPARTMENT OF THE (HEADQUARTERS, USAF)","NEW YORK","TAS::57 3600::TAS "(PECASE) LARGE-SCALE SINGLE LAYER GRAPHENE - SYTHESIS AND BOLOMETRIC DEVICE APPLICATIONS""
"12.800","SAI NOT AVAILABLE","THE RESEARCH FOUNDATION OF STA","50551","NEW PALTZ","111","ULSTER COUNTY","NEW YORK","125612400","Government codes: State controlled institutions of higher education","new assistance action","22","AIR FORCE-AIR FORCE, DEPARTMENT OF THE (HEADQUARTERS, USAF)","FA95501010137","","28515","","0","","28515","05/07/2010","05/15/2010","01/14/2013","project grant  (B)","action-by-action reporting","","","3650551","NEW YORK","NEW PALTZ","AIR FORCE DEFENSE RESEARCH SCIENCES PROGRAM","AIR FORCE-AIR FORCE, DEPARTMENT OF THE (HEADQUARTERS, USAF)","NEW YORK","TAS :: 57 3600 :: TAS "ATOM TRANSISTORS, 16 JUNE 2009""
"10.475","SAI EXEMPT","RESEARCH TRIANGLE INSTITUTE","56020","RESEARCH TRIANGLE","063","DURHAM COUNTY","NORTH CAROLINA","277092194","Government codes: city or township government","new assistance action","04","DEPT. OF AGRIC.-FOOD SAFETY AND INSPECTION SERVICE","AG3A94K090103","","74716","","0","","74716","10/01/2008","10/01/2008","09/30/2009","direct payment for specified use, such as a subsidy or other nonreimbursable direct financial aid  (C)","action-by-action reporting","late reporting of an action occurring in a prior quarter","20091","1150000","DISTRICT OF COLUMBIA","WASHINGTON","COOPERATIVE AGREEMENTS WITH STATES FOR INTRASTATE MEAT AND POULTRY INSPE","DEPT. OF AGRIC. - FOOD SAFETY AND INSPECTION SERVICE","NORTH CAROLINA","TASK ORDER FOR FOOD DEFENSE GUIDANCE FOR THE CATFISH INDUSTRY"
"12.800","SAI NOT AVAILABLE","DUKE UNIVERSITY","19000","DURHAM","063","DURHAM COUNTY","NORTH CAROLINA","277089900","Government codes: State controlled institutions of higher education","new assistance action","04","AIR FORCE-AIR FORCE, DEPARTMENT OF THE (HEADQUARTERS, USAF)","FA95501010347","","102480","","0","","102480","06/28/2010","07/01/2010","06/30/2013","project grant  (B)","action-by-action reporting","","","3719000","NORTH CAROLINA","DURHAM","AIR FORCE DEFENSE RESEARCH SCIENCES PROGRAM","AIR FORCE-AIR FORCE, DEPARTMENT OF THE (HEADQUARTERS, USAF)","NORTH CAROLINA","TAS::57 3600::TAS "CTAIR: CONSTRUCTAL TREE STRUCTURES FOR MECHANICAL STRENGTH AND COOLING OF AIRCRAFT" DATED 1 APRIL 2009; THE RESE"
"12.800","SAI NOT AVAILABLE","WAKE FOREST UNIVERSITY","75000","WINSTON-SALEM","067","FORSYTH COUNTY","NORTH CAROLINA","271098758","Private: private higher education","new assistance action","90","AIR FORCE-AIR FORCE, DEPARTMENT OF THE (HEADQUARTERS, USAF)","FA86551015035","","4000","","0","","4000","05/13/2010","05/13/2010","05/17/2011","project grant  (B)","action-by-action reporting","","","3775000","NORTH CAROLINA","WINSTON-SALEM","AIR FORCE DEFENSE RESEARCH SCIENCES PROGRAM","AIR FORCE-AIR FORCE, DEPARTMENT OF THE (HEADQUARTERS, USAF)","NORTH CAROLINA","TAS::57 3600::TAS  "THE SECOND US/AFRICA SUMMER SCHOOL ON MATERIALS TUTORIALS IN RETICULAR CHEMISTRY, METAL ORGANIC FRAMEWORKS, AND HYBRID INORGANIC"
"12.800","SAI NOT AVAILABLE","NORTH CAROLINA STATE UNIVERSIT","55000","RALEIGH","183","WAKE COUNTY","NORTH CAROLINA","276950001","Government codes: State controlled institutions of higher education","new assistance action","90","AIR FORCE-AIR FORCE, DEPARTMENT OF THE (HEADQUARTERS, USAF)","FA95501010120","","169573","","0","","169573","04/01/2010","04/01/2010","03/31/2013","project grant  (B)","action-by-action reporting","","","3755000","NORTH CAROLINA","RALEIGH","AIR FORCE DEFENSE RESEARCH SCIENCES PROGRAM","AIR FORCE-AIR FORCE, DEPARTMENT OF THE (HEADQUARTERS, USAF)","NORTH CAROLINA","TAS::57 3600::TAS "THEORETICAL, COMPUTATIONAL, AND EXPERIMENTAL STUDIES OF THE AERODYNAMICS OF PERCHING FLIGHT""
"12.800","SAI NOT AVAILABLE","CASE WESTERN RESERVE UNIVERSIT","16000","CLEVELAND","035","CUYAHOGA COUNTY","OHIO","441061712","Private: private higher education","new assistance action","90","AIR FORCE-AIR FORCE, DEPARTMENT OF THE (HEADQUARTERS, USAF)","FA95501010160","","120000","","0","","120000","04/22/2010","05/01/2010","04/30/2013","project grant  (B)","action-by-action reporting","","","3916000","OHIO","CLEVELAND","AIR FORCE DEFENSE RESEARCH SCIENCES PROGRAM","AIR FORCE-AIR FORCE, DEPARTMENT OF THE (HEADQUARTERS, USAF)","OHIO","TAS::57 3600::TAS "(YIP) MICROPLASMA-ASSISTED DISSOCIATION OF CHEMICAL PERCURSORS FOR NANOMATERIALS SYNTHESIS AND PROCESSING" DATED 27 JULY 2009"
"12.800","SAI NOT AVAILABLE","CASE WESTERN RESERVE UNIVERSIT","16000","CLEVELAND","035","CUYAHOGA COUNTY","OHIO","441061712","Government codes: State controlled institutions of higher education","continuation (funding in succeeding budget period which stemmed from prior agreement to fund - amount of the current action)","90","AIR FORCE-AIR FORCE, DEPARTMENT OF THE (HEADQUARTERS, USAF)","FA86510910006   0001","","14381","","0","","14381","04/06/2010","04/17/2009","04/16/2011","project grant  (B)","action-by-action reporting","","","3916000","OHIO","CLEVELAND","AIR FORCE DEFENSE RESEARCH SCIENCES PROGRAM","AIR FORCE-AIR FORCE, DEPARTMENT OF THE (HEADQUARTERS, USAF)","OHIO","TAS #573600 - SHOCK INDUCED COMPRESSION AND SHEAR RESPONSE OF MODEL ENERGETIC MATERIALS"
"12.800","SAI NOT AVAILABLE","OHIO AEROSPACE INSTITUTE","16000","CLEVELAND","035","CUYAHOGA COUNTY","OHIO","441421012","Government codes: State controlled institutions of higher education","continuation (funding in succeeding budget period which stemmed from prior agreement to fund - amount of the current action)","90","AIR FORCE-AIR FORCE, DEPARTMENT OF THE (HEADQUARTERS, USAF)","FA86500423445   0024","","233000","","0","","233000","05/11/2010","07/09/2004","12/06/2010","cooperative agreement  (B)","action-by-action reporting","","","3916000","OHIO","CLEVELAND","AIR FORCE DEFENSE RESEARCH SCIENCES PROGRAM","AIR FORCE-AIR FORCE, DEPARTMENT OF THE (HEADQUARTERS, USAF)","OHIO","THE STATEMENT OF WORK ENTITLED, "COMPUTATIONAL SCIENCES INITIATIVE", DATED 15 MAR 2010, IS ATTACHMENT 4 TO THE AGREEMENT."
"12.800","SAI NOT AVAILABLE","OHIO STATE UNIVERSITY RESEARCH","18000","COLUMBUS","049","FRANKLIN COUNTY","OHIO","432101016","Government codes: State controlled institutions of higher education","continuation (funding in succeeding budget period which stemmed from prior agreement to fund - amount of the current action)","90","AIR FORCE-AIR FORCE, DEPARTMENT OF THE (HEADQUARTERS, USAF)","FA95500910272   0002","","50899","","0","","50899","04/02/2010","12/01/2009","11/30/2010","project grant  (B)","action-by-action reporting","","","3918000","OHIO","COLUMBUS","AIR FORCE DEFENSE RESEARCH SCIENCES PROGRAM","AIR FORCE-AIR FORCE, DEPARTMENT OF THE (HEADQUARTERS, USAF)","OHIO","TAS::57 3600::TAS  "(YIP-09) SPATIO-TEMPORAL CHARACTERISTICS OF SCALAR MIXING AND DISSIPATION PROCESSES IN TURBULENT JETS AND FLAMES""
"12.800","SAI NOT AVAILABLE","OHIO STATE UNIVERSITY RESEARCH","18000","COLUMBUS","049","FRANKLIN COUNTY","OHIO","432101016","Government codes: State controlled institutions of higher education","revision (any change in Federal Government's financial obligation or contingent liability in existing assistance transaction - amount of the <u>change</u> in funding)","90","AIR FORCE-AIR FORCE, DEPARTMENT OF THE (HEADQUARTERS, USAF)","FA95500910614   0001","","160430","","0","","160430","04/23/2010","07/15/2010","07/14/2011","project grant  (B)","action-by-action reporting","","","3918000","OHIO","COLUMBUS","AIR FORCE DEFENSE RESEARCH SCIENCES PROGRAM","AIR FORCE-AIR FORCE, DEPARTMENT OF THE (HEADQUARTERS, USAF)","OHIO","TAS::57 3600::TAS "NETWORKS OF MEMORIES""
"12.800","SAI NOT AVAILABLE","SOUTHWESTERN OHIO COUNCIL FOR","21000","DAYTON","113","MONTGOMERY COUNTY","OHIO","454204015","Private: private higher education","continuation (funding in succeeding budget period which stemmed from prior agreement to fund - amount of the current action)","90","AIR FORCE-AIR FORCE, DEPARTMENT OF THE (HEADQUARTERS, USAF)","FA86500925800   0049","","6000","","0","","6000","06/02/2010","01/27/2009","04/27/2015","cooperative agreement  (B)","action-by-action reporting","","","3921000","OHIO","DAYTON","AIR FORCE DEFENSE RESEARCH SCIENCES PROGRAM","AIR FORCE-AIR FORCE, DEPARTMENT OF THE (HEADQUARTERS, USAF)","OHIO","THE RECIPIENT SHALL PERFORM A COORDINATED RESEARCH AND DEVELOPMENT PROGRAM CARRIED OUT IN ACCORDANCE WITH THE STATEMENT OF WORK ENTITLED "COOPERATIVE"
"12.800","SAI NOT AVAILABLE","SOUTHWESTERN OHIO COUNCIL FOR","21000","DAYTON","113","MONTGOMERY COUNTY","OHIO","454204015","Private: private higher education","continuation (funding in succeeding budget period which stemmed from prior agreement to fund - amount of the current action)","90","AIR FORCE-AIR FORCE, DEPARTMENT OF THE (HEADQUARTERS, USAF)","FA86500925800   0047","","12622","","0","","12622","05/03/2010","01/27/2009","04/27/2015","cooperative agreement  (B)","action-by-action reporting","","","3921000","OHIO","DAYTON","AIR FORCE DEFENSE RESEARCH SCIENCES PROGRAM","AIR FORCE-AIR FORCE, DEPARTMENT OF THE (HEADQUARTERS, USAF)","OHIO","THE RECIPIENT SHALL PERFORM A COORDINATED RESEARCH AND DEVELOPMENT PROGRAM CARRIED OUT IN ACCORDANCE WITH THE STATEMENT OF WORK ENTITLED "COOPERATIVE"
"12.800","SAI NOT AVAILABLE","SOUTHWESTERN OHIO COUNCIL FOR","21000","DAYTON","113","MONTGOMERY COUNTY","OHIO","454204015","Private: private higher education","continuation (funding in succeeding budget period which stemmed from prior agreement to fund - amount of the current action)","90","AIR FORCE-AIR FORCE, DEPARTMENT OF THE (HEADQUARTERS, USAF)","FA86500925800   0048","","20000","","0","","20000","05/07/2010","01/27/2009","04/27/2015","cooperative agreement  (B)","action-by-action reporting","","","3921000","OHIO","DAYTON","AIR FORCE DEFENSE RESEARCH SCIENCES PROGRAM","AIR FORCE-AIR FORCE, DEPARTMENT OF THE (HEADQUARTERS, USAF)","OHIO","THE RECIPIENT SHALL PERFORM A COORDINATED RESEARCH AND DEVELOPMENT PROGRAM CARRIED OUT IN ACCORDANCE WITH THE STATEMENT OF WORK ENTITLED "COOPERATIVE"
"12.800","SAI NOT AVAILABLE","SOUTHWESTERN OHIO COUNCIL FOR","21000","DAYTON","113","MONTGOMERY COUNTY","OHIO","454204015","Private: private higher education","continuation (funding in succeeding budget period which stemmed from prior agreement to fund - amount of the current action)","90","AIR FORCE-AIR FORCE, DEPARTMENT OF THE (HEADQUARTERS, USAF)","FA86500925800   0045","","53000","","0","","53000","04/22/2010","01/27/2009","04/27/2015","cooperative agreement  (B)","action-by-action reporting","","","3921000","OHIO","DAYTON","AIR FORCE DEFENSE RESEARCH SCIENCES PROGRAM","AIR FORCE-AIR FORCE, DEPARTMENT OF THE (HEADQUARTERS, USAF)","OHIO","THE RECIPIENT SHALL PERFORM A COORDINATED RESEARCH AND DEVELOPMENT PROGRAM CARRIED OUT IN ACCORDANCE WITH THE STATEMENT OF WORK ENTITLED "COOPERATIVE"
"12.800","SAI NOT AVAILABLE","SOUTHWESTERN OHIO COUNCIL FOR","21000","DAYTON","113","MONTGOMERY COUNTY","OHIO","454204015","Private: private higher education","continuation (funding in succeeding budget period which stemmed from prior agreement to fund - amount of the current action)","90","AIR FORCE-AIR FORCE, DEPARTMENT OF THE (HEADQUARTERS, USAF)","FA86500925800   0050","","24500","","0","","24500","06/29/2010","01/27/2009","04/27/2015","cooperative agreement  (B)","action-by-action reporting","","","3921000","OHIO","DAYTON","AIR FORCE DEFENSE RESEARCH SCIENCES PROGRAM","AIR FORCE-AIR FORCE, DEPARTMENT OF THE (HEADQUARTERS, USAF)","OHIO","THE RECIPIENT SHALL PERFORM A COORDINATED RESEARCH AND DEVELOPMENT PROGRAM CARRIED OUT IN ACCORDANCE WITH THE STATEMENT OF WORK ENTITLED "COOPERATIVE"
"12.800","SAI NOT AVAILABLE","SOUTHWESTERN OHIO COUNCIL FOR","21000","DAYTON","113","MONTGOMERY COUNTY","OHIO","454204015","Private: private higher education","continuation (funding in succeeding budget period which stemmed from prior agreement to fund - amount of the current action)","90","AIR FORCE-AIR FORCE, DEPARTMENT OF THE (HEADQUARTERS, USAF)","FA86500925800   0046","","9547","","0","","9547","04/27/2010","01/27/2009","04/27/2015","cooperative agreement  (B)","action-by-action reporting","","","3921000","OHIO","DAYTON","AIR FORCE DEFENSE RESEARCH SCIENCES PROGRAM","AIR FORCE-AIR FORCE, DEPARTMENT OF THE (HEADQUARTERS, USAF)","OHIO","THE RECIPIENT SHALL PERFORM A COORDINATED RESEARCH AND DEVELOPMENT PROGRAM CARRIED OUT IN ACCORDANCE WITH THE STATEMENT OF WORK ENTITLED "COOPERATIVE"
"12.800","SAI NOT AVAILABLE","SOUTHWESTERN OHIO COUNCIL FOR","21000","DAYTON","113","MONTGOMERY COUNTY","OHIO","454204015","Private: private higher education","continuation (funding in succeeding budget period which stemmed from prior agreement to fund - amount of the current action)","90","AIR FORCE-AIR FORCE, DEPARTMENT OF THE (HEADQUARTERS, USAF)","FA86500925800   0044","","35000","","0","","35000","04/02/2010","01/27/2009","04/27/2015","cooperative agreement  (B)","action-by-action reporting","","","3921000","OHIO","DAYTON","AIR FORCE DEFENSE RESEARCH SCIENCES PROGRAM","AIR FORCE-AIR FORCE, DEPARTMENT OF THE (HEADQUARTERS, USAF)","OHIO","THE RECIPIENT SHALL PERFORM A COORDINATED RESEARCH AND DEVELOPMENT PROGRAM CARRIED OUT IN ACCORDANCE WITH THE STATEMENT OF WORK ENTITLED "COOPERATIVE"
"12.800","SAI NOT AVAILABLE","THE WRIGHT BROTHERS INSTITUTE","21000","DAYTON","113","MONTGOMERY COUNTY","OHIO","454311263","Private: all other","continuation (funding in succeeding budget period which stemmed from prior agreement to fund - amount of the current action)","90","AIR FORCE-AIR FORCE, DEPARTMENT OF THE (HEADQUARTERS, USAF)","FA86500839028   0014","","425000","","0","","425000","06/22/2010","01/18/2008","01/17/2013","other reimbursable, contingent, intangible, or indirect financial assistance","action-by-action reporting","","","3921000","OHIO","DAYTON","AIR FORCE DEFENSE RESEARCH SCIENCES PROGRAM","AIR FORCE-AIR FORCE, DEPARTMENT OF THE (HEADQUARTERS, USAF)","OHIO","INNOVATION AND COLLABORATION RAPID PROTOTYPING ENVIRONMENT"
"12.800","SAI NOT AVAILABLE","THE WRIGHT BROTHERS INSTITUTE","21000","DAYTON","113","MONTGOMERY COUNTY","OHIO","454311263","Private: all other","revision (any change in Federal Government's financial obligation or contingent liability in existing assistance transaction - amount of the <u>change</u> in funding)","90","AIR FORCE-AIR FORCE, DEPARTMENT OF THE (HEADQUARTERS, USAF)","FA86500639024   0004","","0","","121412","","121412","06/29/2010","10/25/2006","12/25/2011","other reimbursable, contingent, intangible, or indirect financial assistance","action-by-action reporting","","","3921000","OHIO","DAYTON","AIR FORCE DEFENSE RESEARCH SCIENCES PROGRAM","AIR FORCE-AIR FORCE, DEPARTMENT OF THE (HEADQUARTERS, USAF)","OHIO","NANOMATERIALS COMMERCIALIZATION CENTER"
"12.800","SAI NOT AVAILABLE","THE WRIGHT BROTHERS INSTITUTE","21000","DAYTON","113","MONTGOMERY COUNTY","OHIO","454311263","Private: all other","revision (any change in Federal Government's financial obligation or contingent liability in existing assistance transaction - amount of the <u>change</u> in funding)","90","AIR FORCE-AIR FORCE, DEPARTMENT OF THE (HEADQUARTERS, USAF)","FA86500439007   0011","","100000","","188000","","288000","06/11/2010","05/04/2005","06/30/2010","other reimbursable, contingent, intangible, or indirect financial assistance","action-by-action reporting","","","3921000","OHIO","DAYTON","AIR FORCE DEFENSE RESEARCH SCIENCES PROGRAM","AIR FORCE-AIR FORCE, DEPARTMENT OF THE (HEADQUARTERS, USAF)","OHIO","TECHNOLOGY TRANSFER FOR AFRL WRIGHT SITE TECHNICAL DIRECTORATES  57 3600 (AFM RDT&E)"
"12.800","SAI NOT AVAILABLE","UNIVERSAL MATHEMATICS","21000","DAYTON","113","MONTGOMERY COUNTY","OHIO","454181331","Private: small business","revision (any change in Federal Government's financial obligation or contingent liability in existing assistance transaction - amount of the <u>change</u> in funding)","90","AIR FORCE-AIR FORCE, DEPARTMENT OF THE (HEADQUARTERS, USAF)","FA86500511801   0010","","113500","","0","","113500","04/15/2010","03/10/2005","11/30/2010","project grant  (B)","action-by-action reporting","","","3921000","OHIO","DAYTON","AIR FORCE DEFENSE RESEARCH SCIENCES PROGRAM","AIR FORCE-AIR FORCE, DEPARTMENT OF THE (HEADQUARTERS, USAF)","OHIO","A SHEAF-THEORETIC/BAYESIAN APPROACH FOR SHAPE REPRESENTATION"
"12.800","SAI NOT AVAILABLE","UNIVERSITY OF DAYTON","21000","DAYTON","113","MONTGOMERY COUNTY","OHIO","454690001","Private: private higher education","continuation (funding in succeeding budget period which stemmed from prior agreement to fund - amount of the current action)","90","AIR FORCE-AIR FORCE, DEPARTMENT OF THE (HEADQUARTERS, USAF)","FA86501022934   0006","","1890000","","0","","1890000","04/28/2010","04/28/2010","12/11/2015","cooperative agreement  (B)","action-by-action reporting","","","3921000","OHIO","DAYTON","AIR FORCE DEFENSE RESEARCH SCIENCES PROGRAM","AIR FORCE-AIR FORCE, DEPARTMENT OF THE (HEADQUARTERS, USAF)","OHIO","FUELS AND COMBUSTION TECHNOLOGIES FOR AEROSPACE PROPULSION"
"12.800","SAI NOT AVAILABLE","UNIVERSITY OF DAYTON","21000","DAYTON","113","MONTGOMERY COUNTY","OHIO","454690001","Private: private higher education","continuation (funding in succeeding budget period which stemmed from prior agreement to fund - amount of the current action)","90","AIR FORCE-AIR FORCE, DEPARTMENT OF THE (HEADQUARTERS, USAF)","FA86501022934   0007","","597801","","0","","597801","06/03/2010","06/03/2010","12/11/2015","cooperative agreement  (B)","action-by-action reporting","","","3921000","OHIO","DAYTON","AIR FORCE DEFENSE RESEARCH SCIENCES PROGRAM","AIR FORCE-AIR FORCE, DEPARTMENT OF THE (HEADQUARTERS, USAF)","OHIO","FUELS AND COMBUSTION TECHNOLOGIES FOR AEROSPACE PROPULSION"
"12.800","SAI NOT AVAILABLE","UNIVERSITY OF DAYTON","21000","DAYTON","113","MONTGOMERY COUNTY","OHIO","454690001","Private: private higher education","continuation (funding in succeeding budget period which stemmed from prior agreement to fund - amount of the current action)","90","AIR FORCE-AIR FORCE, DEPARTMENT OF THE (HEADQUARTERS, USAF)","FA86501022934   0008","","600000","","0","","600000","06/14/2010","06/14/2010","12/11/2015","cooperative agreement  (B)","action-by-action reporting","","","3921000","OHIO","DAYTON","AIR FORCE DEFENSE RESEARCH SCIENCES PROGRAM","AIR FORCE-AIR FORCE, DEPARTMENT OF THE (HEADQUARTERS, USAF)","OHIO","FUELS AND COMBUSTION TECHNOLOGIES FOR AEROSPACE PROPULSION"
"12.800","SAI NOT AVAILABLE","UNIVERSITY OF DAYTON","21000","DAYTON","113","MONTGOMERY COUNTY","OHIO","454690001","Private: private higher education","continuation (funding in succeeding budget period which stemmed from prior agreement to fund - amount of the current action)","90","AIR FORCE-AIR FORCE, DEPARTMENT OF THE (HEADQUARTERS, USAF)","FA86501022934   0005","","235000","","0","","235000","04/16/2010","04/16/2010","12/11/2015","cooperative agreement  (B)","action-by-action reporting","","","3921000","OHIO","DAYTON","AIR FORCE DEFENSE RESEARCH SCIENCES PROGRAM","AIR FORCE-AIR FORCE, DEPARTMENT OF THE (HEADQUARTERS, USAF)","OHIO","FUELS AND COMBUSTION TECHNOLOGIES FOR AEROSPACE PROPULSION"
"12.800","SAI NOT AVAILABLE","UNIVERSITY OF DAYTON","21000","DAYTON","113","MONTGOMERY COUNTY","OHIO","454690001","Private: private higher education","continuation (funding in succeeding budget period which stemmed from prior agreement to fund - amount of the current action)","90","AIR FORCE-AIR FORCE, DEPARTMENT OF THE (HEADQUARTERS, USAF)","FA86501022934   0004","","560000","","0","","560000","04/01/2010","04/01/2010","12/11/2015","cooperative agreement  (B)","action-by-action reporting","","","3921000","OHIO","DAYTON","AIR FORCE DEFENSE RESEARCH SCIENCES PROGRAM","AIR FORCE-AIR FORCE, DEPARTMENT OF THE (HEADQUARTERS, USAF)","OHIO","FUELS AND COMBUSTION TECHNOLOGIES FOR AEROSPACE PROPULSION"
"12.800","SAI NOT AVAILABLE","WRIGHT STATE UNIVERSITY","21000","DAYTON","113","MONTGOMERY COUNTY","OHIO","454350002","Government codes: State controlled institutions of higher education","new assistance action","90","AIR FORCE-AIR FORCE, DEPARTMENT OF THE (HEADQUARTERS, USAF)","FA86501026132","","110000","","0","","110000","04/13/2010","04/12/2010","04/12/2011","cooperative agreement  (B)","action-by-action reporting","","","3921000","OHIO","DAYTON","AIR FORCE DEFENSE RESEARCH SCIENCES PROGRAM","AIR FORCE-AIR FORCE, DEPARTMENT OF THE (HEADQUARTERS, USAF)","OHIO","TAS::57 3600::TAS   RESEARCH AND ANALYTIC SUPPORT FOR THE CULTURE AND COGNITION LABORATORY IN ACCORDANCE WITH STATEMENT OF WORK DATED 25 FEB 2010."
"12.800","SAI NOT AVAILABLE","WRIGHT STATE UNIVERSITY","21000","DAYTON","113","MONTGOMERY COUNTY","OHIO","454350002","Private: private higher education","continuation (funding in succeeding budget period which stemmed from prior agreement to fund - amount of the current action)","90","AIR FORCE-AIR FORCE, DEPARTMENT OF THE (HEADQUARTERS, USAF)","FA86500722808   0010","","90000","","0","","90000","04/07/2010","09/12/2007","09/12/2012","cooperative agreement  (B)","action-by-action reporting","","","3921000","OHIO","DAYTON","AIR FORCE DEFENSE RESEARCH SCIENCES PROGRAM","AIR FORCE-AIR FORCE, DEPARTMENT OF THE (HEADQUARTERS, USAF)","OHIO","JOINT WSU/AFRL CENTER FOR ADVANCED POWER AND ENERGY CONVERSION RESEARCH (CAPEC)"
"12.800","SAI NOT AVAILABLE","WRIGHT STATE UNIVERSITY","21000","DAYTON","113","MONTGOMERY COUNTY","OHIO","454350002","Government codes: State controlled institutions of higher education","new assistance action","90","AIR FORCE-AIR FORCE, DEPARTMENT OF THE (HEADQUARTERS, USAF)","FA95501010335","","119712","","0","","119712","06/21/2010","08/01/2010","07/31/2013","project grant  (B)","action-by-action reporting","","","3921000","OHIO","DAYTON","AIR FORCE DEFENSE RESEARCH SCIENCES PROGRAM","AIR FORCE-AIR FORCE, DEPARTMENT OF THE (HEADQUARTERS, USAF)","OHIO","TAS::57 3600::TAS "SEMI-SUPERVISED DISCRIMINATIVE STRUCTURED PREDICTION" DATED 24 MAY 2010; THE RESEARCH TERMS AND CONDITIONS, 1 JULY 2008"
"12.800","SAI NOT AVAILABLE","WRIGHT STATE UNIVERSITY","21000","DAYTON","113","MONTGOMERY COUNTY","OHIO","454350002","Government codes: State controlled institutions of higher education","continuation (funding in succeeding budget period which stemmed from prior agreement to fund - amount of the current action)","90","AIR FORCE-AIR FORCE, DEPARTMENT OF THE (HEADQUARTERS, USAF)","FA86500921649   0003","","100000","","0","","100000","06/07/2010","06/12/2009","03/09/2014","cooperative agreement  (B)","action-by-action reporting","","","3921000","OHIO","DAYTON","AIR FORCE DEFENSE RESEARCH SCIENCES PROGRAM","AIR FORCE-AIR FORCE, DEPARTMENT OF THE (HEADQUARTERS, USAF)","OHIO","ACADEMIC PIPELINE AND LAYERED SENSING FUTURES LABORATORY AS STATED IN ATTACHMENT 1"
"12.800","SAI NOT AVAILABLE","WRIGHT STATE UNIVERSITY","21000","DAYTON","113","MONTGOMERY COUNTY","OHIO","454350002","Private: private higher education","continuation (funding in succeeding budget period which stemmed from prior agreement to fund - amount of the current action)","90","AIR FORCE-AIR FORCE, DEPARTMENT OF THE (HEADQUARTERS, USAF)","FA86500722808   0011","","20000","","0","","20000","04/28/2010","09/12/2007","09/12/2012","cooperative agreement  (B)","action-by-action reporting","","","3921000","OHIO","DAYTON","AIR FORCE DEFENSE RESEARCH SCIENCES PROGRAM","AIR FORCE-AIR FORCE, DEPARTMENT OF THE (HEADQUARTERS, USAF)","OHIO","JOINT WSU/AFRL CENTER FOR ADVANCED POWER AND ENERGY CONVERSION RESEARCH (CAPEC)"
"12.800","SAI NOT AVAILABLE","WRIGHT STATE UNIVERSITY","21000","DAYTON","113","MONTGOMERY COUNTY","OHIO","454350002","Government codes: State controlled institutions of higher education","continuation (funding in succeeding budget period which stemmed from prior agreement to fund - amount of the current action)","90","AIR FORCE-AIR FORCE, DEPARTMENT OF THE (HEADQUARTERS, USAF)","FA86500921649   0002","","100000","","0","","100000","04/26/2010","06/12/2009","03/09/2014","cooperative agreement  (B)","action-by-action reporting","","","3921000","OHIO","DAYTON","AIR FORCE DEFENSE RESEARCH SCIENCES PROGRAM","AIR FORCE-AIR FORCE, DEPARTMENT OF THE (HEADQUARTERS, USAF)","OHIO","ACADEMIC PIPELINE AND LAYERED SENSING FUTURES LABORATORY AS STATED IN ATTACHMENT 1"
"12.800","SAI NOT AVAILABLE","KENT STATE UNIVERSITY FOUNDATI","39872","KENT","133","PORTAGE COUNTY","OHIO","442420001","Government codes: State controlled institutions of higher education","continuation (funding in succeeding budget period which stemmed from prior agreement to fund - amount of the current action)","90","AIR FORCE-AIR FORCE, DEPARTMENT OF THE (HEADQUARTERS, USAF)","FA95500910254   0001","","150000","","0","","150000","06/25/2010","05/01/2009","04/30/2014","project grant  (B)","action-by-action reporting","","","3939872","OHIO","KENT","AIR FORCE DEFENSE RESEARCH SCIENCES PROGRAM","AIR FORCE-AIR FORCE, DEPARTMENT OF THE (HEADQUARTERS, USAF)","OHIO","TAS::57 3600::TAS  NOVEL ORGANO-SOLUBLE OPTICALLY TUNABLE CHIRAL HYBRID GOLD NANORODS."
"12.800","SAI NOT AVAILABLE","OREGON STATE UNIVERSITY","15800","CORVALLIS","003","BENTON COUNTY","OREGON","973318507","Government codes: State controlled institutions of higher education","new assistance action","90","AIR FORCE-AIR FORCE, DEPARTMENT OF THE (HEADQUARTERS, USAF)","FA95501010326","","73968","","0","","73968","06/21/2010","07/01/2010","02/28/2013","project grant  (B)","action-by-action reporting","","","4115800","OREGON","CORVALLIS","AIR FORCE DEFENSE RESEARCH SCIENCES PROGRAM","AIR FORCE-AIR FORCE, DEPARTMENT OF THE (HEADQUARTERS, USAF)","OREGON","TAS::57 3600::TAS "SUPPORTING THE HUMAN MODELERS IN LARGE SCALE COGNITIVE MODELING" DATED 14 DEC 09; THE RESEARCH TERMS AND CONDITIONS, 1 JULY 2008"
"12.800","SAI NOT AVAILABLE","CARNEGIE MELLON UNIVERSITY","61000","PITTSBURGH","003","ALLEGHENY COUNTY","PENNSYLVANIA","152133815","Private: private higher education","new assistance action","90","AIR FORCE-AIR FORCE, DEPARTMENT OF THE (HEADQUARTERS, USAF)","FA95501010291","","108456","","0","","108456","06/11/2010","06/15/2010","06/14/2013","project grant  (B)","action-by-action reporting","","","4261000","PENNSYLVANIA","PITTSBURGH","AIR FORCE DEFENSE RESEARCH SCIENCES PROGRAM","AIR FORCE-AIR FORCE, DEPARTMENT OF THE (HEADQUARTERS, USAF)","PENNSYLVANIA","TAS::57 3600::TAS "GLOBAL BEHAVIOR IN LARGE SCALE SYSTEMS" DATED 15 OCT 2009; THE RESEARCH TERMS AND CONDITIONS, 1 JULY 2008"
"12.800","SAI NOT AVAILABLE","CARNEGIE MELLON UNIVERSITY","61000","PITTSBURGH","003","ALLEGHENY COUNTY","PENNSYLVANIA","152133815","Private: private higher education","new assistance action","90","AIR FORCE-AIR FORCE, DEPARTMENT OF THE (HEADQUARTERS, USAF)","FA95501010213","","274999","","0","","274999","04/30/2010","05/01/2010","04/30/2013","project grant  (B)","action-by-action reporting","","","4261000","PENNSYLVANIA","PITTSBURGH","AIR FORCE DEFENSE RESEARCH SCIENCES PROGRAM","AIR FORCE-AIR FORCE, DEPARTMENT OF THE (HEADQUARTERS, USAF)","PENNSYLVANIA","TAS::57 3600::TAS  "PROGNOSIS OF LONG-TERM LOAD-BEARING CAPABILITY IN AEROSPACE STRUCTURES - QUANTIFICATON OF MICROSTRUCTURALLY SHORT CRACK GROWTH""
"12.800","SAI NOT AVAILABLE","CARNEGIE MELLON UNIVERSITY","61000","PITTSBURGH","003","ALLEGHENY COUNTY","PENNSYLVANIA","152133815","Government codes: State controlled institutions of higher education","new assistance action","90","AIR FORCE-AIR FORCE, DEPARTMENT OF THE (HEADQUARTERS, USAF)","FA95501010098","","142042","","0","","142042","04/01/2010","04/15/2010","04/14/2013","project grant  (B)","action-by-action reporting","","","4261000","PENNSYLVANIA","PITTSBURGH","AIR FORCE DEFENSE RESEARCH SCIENCES PROGRAM","AIR FORCE-AIR FORCE, DEPARTMENT OF THE (HEADQUARTERS, USAF)","PENNSYLVANIA","TAS: : 57 3600 : : TAS  "(YIP-10) QUANTUM MECHANICS-DRIVEN PREDICTION OF NANOSTRUCTURE THERMAL CONDUCTIVITY, 16 JULY 2009""
"12.800","SAI NOT AVAILABLE","PITTSBURGH GATEWAYS CORPORATIO","61000","PITTSBURGH","003","ALLEGHENY COUNTY","PENNSYLVANIA","152013032","Private: all other","continuation (funding in succeeding budget period which stemmed from prior agreement to fund - amount of the current action)","90","AIR FORCE-AIR FORCE, DEPARTMENT OF THE (HEADQUARTERS, USAF)","FA86500939501   0004","","468471","","0","","468471","06/22/2010","05/27/2009","05/27/2015","other reimbursable, contingent, intangible, or indirect financial assistance","action-by-action reporting","","","4261000","PENNSYLVANIA","PITTSBURGH","AIR FORCE DEFENSE RESEARCH SCIENCES PROGRAM","AIR FORCE-AIR FORCE, DEPARTMENT OF THE (HEADQUARTERS, USAF)","PENNSYLVANIA","TAS: :97 0400: :TAS          FIRSTLINK CORE EFFORT"
"12.800","SAI NOT AVAILABLE","PITTSBURGH GATEWAYS CORPORATIO","61000","PITTSBURGH","003","ALLEGHENY COUNTY","PENNSYLVANIA","152013032","Private: all other","continuation (funding in succeeding budget period which stemmed from prior agreement to fund - amount of the current action)","90","AIR FORCE-AIR FORCE, DEPARTMENT OF THE (HEADQUARTERS, USAF)","FA86500939501   0003","","53000","","0","","53000","06/04/2010","05/27/2009","05/27/2015","other reimbursable, contingent, intangible, or indirect financial assistance","action-by-action reporting","","","4261000","PENNSYLVANIA","PITTSBURGH","AIR FORCE DEFENSE RESEARCH SCIENCES PROGRAM","AIR FORCE-AIR FORCE, DEPARTMENT OF THE (HEADQUARTERS, USAF)","PENNSYLVANIA","TAS: :97 0400: :TAS           FIRSTLINK CORE EFFORT"
"12.800","SAI NOT AVAILABLE","PITTSBURGH GATEWAYS CORPORATIO","61000","PITTSBURGH","003","ALLEGHENY COUNTY","PENNSYLVANIA","152013032","Private: all other","continuation (funding in succeeding budget period which stemmed from prior agreement to fund - amount of the current action)","90","AIR FORCE-AIR FORCE, DEPARTMENT OF THE (HEADQUARTERS, USAF)","FA86500939501   0002","","1708529","","0","","1708529","04/28/2010","05/27/2009","05/27/2015","other reimbursable, contingent, intangible, or indirect financial assistance","action-by-action reporting","","","4261000","PENNSYLVANIA","PITTSBURGH","AIR FORCE DEFENSE RESEARCH SCIENCES PROGRAM","AIR FORCE-AIR FORCE, DEPARTMENT OF THE (HEADQUARTERS, USAF)","PENNSYLVANIA","TAS: :97 0400: :TAS         FIRSTLINK CORE EFFORT"
"12.800","SAI NOT AVAILABLE","OPTICAL SYSTEMS TECHNOLOGY, IN","27784","FREEPORT","005","ARMSTRONG COUNTY","PENNSYLVANIA","162291724","Private: small business","continuation (funding in succeeding budget period which stemmed from prior agreement to fund - amount of the current action)","90","AIR FORCE-AIR FORCE, DEPARTMENT OF THE (HEADQUARTERS, USAF)","FA86500525504   0021","","2888000","","443200","","3331200","05/11/2010","09/19/2008","10/26/2011","cooperative agreement  (B)","action-by-action reporting","","","4227784","PENNSYLVANIA","FREEPORT","AIR FORCE DEFENSE RESEARCH SCIENCES PROGRAM","AIR FORCE-AIR FORCE, DEPARTMENT OF THE (HEADQUARTERS, USAF)","PENNSYLVANIA","MILITARY LENS FABRICATION AND ASSEMBLY"
"12.800","SAI NOT AVAILABLE","CONCURRENT TECHNOLOGIES CORPOR","38288","JOHNSTOWN","021","CAMBRIA COUNTY","PENNSYLVANIA","159041935","Nonprofit agencies: other nonprofit","revision (any change in Federal Government's financial obligation or contingent liability in existing assistance transaction - amount of the <u>change</u> in funding)","90","AIR FORCE-AIR FORCE, DEPARTMENT OF THE (HEADQUARTERS, USAF)","FA86500739601   0005","","149970","","0","","149970","06/21/2010","10/31/2006","08/30/2010","other reimbursable, contingent, intangible, or indirect financial assistance","action-by-action reporting","","","4238288","PENNSYLVANIA","JOHNSTOWN","AIR FORCE DEFENSE RESEARCH SCIENCES PROGRAM","AIR FORCE-AIR FORCE, DEPARTMENT OF THE (HEADQUARTERS, USAF)","PENNSYLVANIA","TAS: :57 3600: :TAS             T2 BRIDGE"
"12.800","SAI NOT AVAILABLE","FOUNDATION OF THE INTERNATIONA","73808","STATE COLLEGE","027","CENTRE COUNTY","PENNSYLVANIA","168022320","Private: all other","revision (any change in Federal Government's financial obligation or contingent liability in existing assistance transaction - amount of the <u>change</u> in funding)","05","AIR FORCE-AIR FORCE, DEPARTMENT OF THE (HEADQUARTERS, USAF)","FA86551015022   0001","","5000","","0","","5000","04/22/2010","10/07/2009","11/02/2010","project grant  (B)","action-by-action reporting","","","4273808","PENNSYLVANIA","STATE COLLEGE","AIR FORCE DEFENSE RESEARCH SCIENCES PROGRAM","AIR FORCE-AIR FORCE, DEPARTMENT OF THE (HEADQUARTERS, USAF)","PENNSYLVANIA","TAS::57 3600::TAS  "EIGHTH INTERNATIONAL SYMPOSIUM ON SPECIAL TOPICS IN CHEMICAL PROPULSION (8-ISICP): ADVANCEMENTS IN ENERGETIC MATERIALS & CHEMICAL"
"12.800","SAI NOT AVAILABLE","PENNSYLVANIA STATE UNIVERSITY,","73808","STATE COLLEGE","027","CENTRE COUNTY","PENNSYLVANIA","168021505","Government codes: State controlled institutions of higher education","new assistance action","05","AIR FORCE-AIR FORCE, DEPARTMENT OF THE (HEADQUARTERS, USAF)","FA95501010328","","5000","","0","","5000","06/22/2010","07/01/2010","06/30/2011","project grant  (B)","action-by-action reporting","","","4273808","PENNSYLVANIA","STATE COLLEGE","AIR FORCE DEFENSE RESEARCH SCIENCES PROGRAM","AIR FORCE-AIR FORCE, DEPARTMENT OF THE (HEADQUARTERS, USAF)","PENNSYLVANIA","TAS::57 3600::TAS  "21ST INTERNATIONAL CONFERENCE ON ADAPTIVE STRUCTURES AND TECHNOLOGIES (ICAST)""
"12.800","SAI NOT AVAILABLE","PENNSYLVANIA STATE UNIVERSITY,","73808","STATE COLLEGE","027","CENTRE COUNTY","PENNSYLVANIA","168021505","Government codes: State controlled institutions of higher education","new assistance action","05","AIR FORCE-AIR FORCE, DEPARTMENT OF THE (HEADQUARTERS, USAF)","FA86551015067","","20000","","0","","20000","05/13/2010","05/13/2010","06/02/2011","project grant  (B)","action-by-action reporting","","","4273808","PENNSYLVANIA","STATE COLLEGE","AIR FORCE DEFENSE RESEARCH SCIENCES PROGRAM","AIR FORCE-AIR FORCE, DEPARTMENT OF THE (HEADQUARTERS, USAF)","PENNSYLVANIA","TAS::57 3600::TAS   "U.S.-AFRICA WORKSHOP ON EXPANDING THE AFRICAARRAY NETWORK TO SUPPORT MULTIDISCIPLINARY SCIENCE IN AFRICA"
"12.800","SAI NOT AVAILABLE","PENNSYLVANIA STATE UNIVERSITY,","73808","STATE COLLEGE","027","CENTRE COUNTY","PENNSYLVANIA","168021505","Government codes: State controlled institutions of higher education","revision (any change in Federal Government's financial obligation or contingent liability in existing assistance transaction - amount of the <u>change</u> in funding)","05","AIR FORCE-AIR FORCE, DEPARTMENT OF THE (HEADQUARTERS, USAF)","FA95500710582   0009","","100000","","0","","100000","04/19/2010","05/01/2010","08/31/2010","project grant  (B)","action-by-action reporting","","","4273808","PENNSYLVANIA","STATE COLLEGE","AIR FORCE DEFENSE RESEARCH SCIENCES PROGRAM","AIR FORCE-AIR FORCE, DEPARTMENT OF THE (HEADQUARTERS, USAF)","PENNSYLVANIA","TAS::57  3600::TAS "NOVEL ENERGETIC MATERIALS FOR SPACE PROPULSION""
"12.800","SAI NOT AVAILABLE","PENNSYLVANIA STATE UNIVERSITY,","73808","STATE COLLEGE","027","CENTRE COUNTY","PENNSYLVANIA","168021505","Government codes: State controlled institutions of higher education","revision (any change in Federal Government's financial obligation or contingent liability in existing assistance transaction - amount of the <u>change</u> in funding)","05","AIR FORCE-AIR FORCE, DEPARTMENT OF THE (HEADQUARTERS, USAF)","FA95500810349   0002","","135000","","0","","135000","04/14/2010","12/01/2009","11/30/2010","project grant  (B)","action-by-action reporting","","","4273808","PENNSYLVANIA","STATE COLLEGE","AIR FORCE DEFENSE RESEARCH SCIENCES PROGRAM","AIR FORCE-AIR FORCE, DEPARTMENT OF THE (HEADQUARTERS, USAF)","PENNSYLVANIA","TAS::57 3600::TAS  "MOLECULAR MACHINE-BASED ACTIVE PLASMONICS""
"12.800","SAI NOT AVAILABLE","TRUSTEES OF THE UNIVERSITY OF","60000","PHILADELPHIA","101","PHILADELPHIA COUNTY","PENNSYLVANIA","191046205","Private: private higher education","new assistance action","90","AIR FORCE-AIR FORCE, DEPARTMENT OF THE (HEADQUARTERS, USAF)","FA95501010248","","152000","","0","","152000","05/20/2010","06/01/2010","05/31/2013","project grant  (B)","action-by-action reporting","","","4260000","PENNSYLVANIA","PHILADELPHIA","AIR FORCE DEFENSE RESEARCH SCIENCES PROGRAM","AIR FORCE-AIR FORCE, DEPARTMENT OF THE (HEADQUARTERS, USAF)","PENNSYLVANIA","TAS::57 3600::TAS  "CHEMICAL CONTROL OF EPITAXIAL OXIDE NANOSHELLS AND THEIR ROLE IN WATER SPLITTING CATALYSIS""
"12.800","SAI NOT AVAILABLE","TRUSTEES OF THE UNIVERSITY OF","60000","PHILADELPHIA","101","PHILADELPHIA COUNTY","PENNSYLVANIA","191046205","Private: private higher education","revision (any change in Federal Government's financial obligation or contingent liability in existing assistance transaction - amount of the <u>change</u> in funding)","90","AIR FORCE-AIR FORCE, DEPARTMENT OF THE (HEADQUARTERS, USAF)","FA95500810325   0002","","94732","","0","","94732","04/21/2010","12/01/2009","11/30/2010","project grant  (B)","action-by-action reporting","","","4260000","PENNSYLVANIA","PHILADELPHIA","AIR FORCE DEFENSE RESEARCH SCIENCES PROGRAM","AIR FORCE-AIR FORCE, DEPARTMENT OF THE (HEADQUARTERS, USAF)","PENNSYLVANIA","TAS::57 3600:: "PECASE: FIRST PRINCIPLES MODELING OF MECHANICS AND CHEMISTRY OF MATERIALS""
"12.800","SAI NOT AVAILABLE","BROWN UNIVERSITY IN PROVIDENCE","59000","PROVIDENCE","007","PROVIDENCE COUNTY","RHODE ISLAND","029129079","Private: private higher education","new assistance action","90","AIR FORCE-AIR FORCE, DEPARTMENT OF THE (HEADQUARTERS, USAF)","FA95501010109","","175000","","0","","175000","04/12/2010","04/15/2010","04/14/2015","project grant  (B)","action-by-action reporting","","","4459000","RHODE ISLAND","PROVIDENCE","AIR FORCE DEFENSE RESEARCH SCIENCES PROGRAM","AIR FORCE-AIR FORCE, DEPARTMENT OF THE (HEADQUARTERS, USAF)","RHODE ISLAND","TAS::57 3600::TAS "STRUCTURED NANOWIRES FOR SPECTRA-TUNED AND SPECTRA-MULTIPLEXED SENSING THZ GENERATION," DATED 14 AUG 2009"
"12.800","SAI NOT AVAILABLE","BROWN UNIVERSITY IN PROVIDENCE","59000","PROVIDENCE","007","PROVIDENCE COUNTY","RHODE ISLAND","029129079","Private: private higher education","new assistance action","90","AIR FORCE-AIR FORCE, DEPARTMENT OF THE (HEADQUARTERS, USAF)","FA95501010333","","400277","","0","","400277","06/24/2010","07/01/2010","06/30/2011","project grant  (B)","action-by-action reporting","","","4459000","RHODE ISLAND","PROVIDENCE","AIR FORCE DEFENSE RESEARCH SCIENCES PROGRAM","AIR FORCE-AIR FORCE, DEPARTMENT OF THE (HEADQUARTERS, USAF)","RHODE ISLAND","TAS::57 3600::TAS (DURIP-10) HYBRID COMPUTING FACILITIES FOR STOCHASTIC SIMULATIONS AND RESEARCH-RELATED EDUCATION"
"12.800","SAI NOT AVAILABLE","BROWN UNIVERSITY IN PROVIDENCE","59000","PROVIDENCE","007","PROVIDENCE COUNTY","RHODE ISLAND","029129079","Private: private higher education","new assistance action","90","AIR FORCE-AIR FORCE, DEPARTMENT OF THE (HEADQUARTERS, USAF)","FA95501010211","","136480","","290410","","426890","04/29/2010","05/01/2010","04/30/2013","project grant  (B)","action-by-action reporting","","","4459000","RHODE ISLAND","PROVIDENCE","AIR FORCE DEFENSE RESEARCH SCIENCES PROGRAM","AIR FORCE-AIR FORCE, DEPARTMENT OF THE (HEADQUARTERS, USAF)","RHODE ISLAND","TAS::57 3600::TAS "CAVITY-FREE, MATRIX-ADDRESSABLE QUANTUM ARCHITECTURE FOR ON-CHIP OPTICAL SWITCHING""
"12.800","SAI NOT AVAILABLE","GORDON RESEARCH CONFERENCES IN","78080","WEST KINGSTON","009","WASHINGTON COUNTY","RHODE ISLAND","028921502","Nonprofit agencies: other nonprofit","new assistance action","02","AIR FORCE-AIR FORCE, DEPARTMENT OF THE (HEADQUARTERS, USAF)","FA95501010283","","7000","","0","","7000","05/28/2010","06/01/2010","05/31/2011","project grant  (B)","action-by-action reporting","","","4478080","RHODE ISLAND","WEST KINGSTON","AIR FORCE DEFENSE RESEARCH SCIENCES PROGRAM","AIR FORCE-AIR FORCE, DEPARTMENT OF THE (HEADQUARTERS, USAF)","RHODE ISLAND","TAS::57 3600::TAS "GRC IRON SULFUR ENZYMES" DATED 23 NOV 2009; THE RESEARCH TERMS AND  CONDITIONS, 1 JULY 2008, EXCEPT FOR ARTICLE 36"
"47.074","SAI EXEMPT","USC RESEARCH FOUNDATION","16000","COLUMBIA","079","RICHLAND COUNTY","SOUTH CAROLINA","292080001","Nonprofit agencies: other nonprofit","continuation (funding in succeeding budget period which stemmed from prior agreement to fund - amount of the current action)","90","NATIONAL SCIENCE FOUNDATION","IOS-0745545-007","","6000","","0","","6000","04/09/2010","03/01/2008","02/28/2011","project grant  (B)","action-by-action reporting","","","4516000","SOUTH CAROLINA","COLUMBIA","BIOLOGICAL SCIENCES","NATIONAL SCIENCE FOUNDATION","SOUTH CAROLINA","ROLE OF THE COP9 SIGNALOSOME AND ITS SUBUNIT CSN5 IN THE REGULATION OF MAPK PATHWAYS AND DEFENSE RESPONSES IN TOMATO."
"12.800","SAI NOT AVAILABLE","CLEMSON UNIVERSITY","14950","CLEMSON","077","PICKENS COUNTY","SOUTH CAROLINA","296340001","Government codes: State controlled institutions of higher education","new assistance action","03","AIR FORCE-AIR FORCE, DEPARTMENT OF THE (HEADQUARTERS, USAF)","FA95501010185","","162313","","0","","162313","04/26/2010","05/01/2010","04/30/2013","project grant  (B)","action-by-action reporting","","","4514950","SOUTH CAROLINA","CLEMSON","AIR FORCE DEFENSE RESEARCH SCIENCES PROGRAM","AIR FORCE-AIR FORCE, DEPARTMENT OF THE (HEADQUARTERS, USAF)","SOUTH CAROLINA","TAS::57 3600::TAS "HIGH-TEMPERATURE INTERFACIAL THERMODYNAMICS FOR MECHANISM-INFORMED MATERIALS DESIGN--A CASE STUDY OF SINTERED MO-SI-B BASED ALLOYS"
"10.001","SAI EXEMPT","UNIVERSITY OF NORTH TEXAS","19972","DENTON","121","DENTON COUNTY","TEXAS","762035250","Government codes: State controlled institutions of higher education","revision (any change in Federal Government's financial obligation or contingent liability in existing assistance transaction - amount of the <u>change</u> in funding)","26","DEPT. OF AGRIC. - AGRICULTURAL RESEARCH SERVICE","59-0790-8-060-3","","47528","","0","","47528","04/22/2010","05/09/2008","05/08/2011","project grant  (B)","action-by-action reporting","","","4819972","TEXAS","DENTON","LAKE PONTCHARTRAIN BASIN RESTORATION PROGRAM (PRP)","DEPT. OF AGRIC. - AGRICULTURAL RESEARCH SERVICE","TEXAS","ENGINEERING FUSARIUM HEAD BLIGHT RESISTANCE AND PLANT DEFENSE SIGNALING"
"47.070","SAI EXEMPT","TEXAS ENGINEERING EXP STA","15976","COLLEGE STATION","041","BRAZOS COUNTY","TEXAS","778433000","Government codes: State controlled institutions of higher education","continuation (funding in succeeding budget period which stemmed from prior agreement to fund - amount of the current action)","31","NATIONAL SCIENCE FOUNDATION","CNS-0954096-001","","16000","","0","","16000","05/21/2010","02/15/2010","01/31/2011","project grant  (B)","action-by-action reporting","","","4815976","TEXAS","COLLEGE STATION","COMPUTER AND INFORMATION SCIENCE AND ENGINEERIANG (CISE)","NATIONAL SCIENCE FOUNDATION","TEXAS","CAREER: COORDINATION- AND CORRELATION-BASED BOTNET DEFENSE"
"47.074","SAI EXEMPT","TEXAS AGRICUL EXP STA","15976","COLLEGE STATION","041","BRAZOS COUNTY","TEXAS","778453000","Government codes: State controlled institutions of higher education","continuation (funding in succeeding budget period which stemmed from prior agreement to fund - amount of the current action)","31","NATIONAL SCIENCE FOUNDATION","DEB-0818240-001","","7000","","0","","7000","05/26/2010","09/01/2008","08/31/2010","project grant  (B)","action-by-action reporting","","","4815976","TEXAS","COLLEGE STATION","BIOLOGICAL SCIENCES","NATIONAL SCIENCE FOUNDATION","TEXAS","CAA: DOMESTICATION AND AGRONOMIC SELECTION INFLUENCES ON MAIZE DEFENSE AGAINST A SPECIALIST HERBIVORE"
"47.074","SAI EXEMPT","UNIVERSITY OF NORTH TEXAS","19972","DENTON","121","DENTON COUNTY","TEXAS","762035017","Government codes: State controlled institutions of higher education","continuation (funding in succeeding budget period which stemmed from prior agreement to fund - amount of the current action)","26","NATIONAL SCIENCE FOUNDATION","IOS-0919192-001","","6000","","0","","6000","04/09/2010","09/01/2009","08/31/2012","project grant  (B)","action-by-action reporting","","","4819972","TEXAS","DENTON","BIOLOGICAL SCIENCES","NATIONAL SCIENCE FOUNDATION","TEXAS","ROLE OF THE ARABIDOPSIS THALIANA TPS11 GENE AND TREHALOSE METABOLISM IN DEFENSE AGAINST GREEN PEACH APHID"
"12.800","SAI NOT AVAILABLE","UNIVERSITY OF TEXAS AT SAN ANT","65000","SAN ANTONIO","029","BEXAR COUNTY","TEXAS","782491644","Government codes: State controlled institutions of higher education","funding adjustment to completed project","90","AIR FORCE-AIR FORCE, DEPARTMENT OF THE (HEADQUARTERS, USAF)","FA86500316384   0002","","790","","0","","790","05/10/2010","01/12/2004","05/10/2010","project grant  (B)","action-by-action reporting","","","4865000","TEXAS","SAN ANTONIO","AIR FORCE DEFENSE RESEARCH SCIENCES PROGRAM","AIR FORCE-AIR FORCE, DEPARTMENT OF THE (HEADQUARTERS, USAF)","TEXAS","PSYCHOPHYSICAL TEST OF CONTRACT ACUITY TO AID OPERATIONAL EFFECTIVENESS OF AIRCREW LASER EYE PROTECTION (LEP)"
"12.800","SAI NOT AVAILABLE","TEXAS ENGINEERING EXPERIMENT S","15976","COLLEGE STATION","041","BRAZOS COUNTY","TEXAS","778430001","Government codes: State controlled institutions of higher education","revision (any change in Federal Government's financial obligation or contingent liability in existing assistance transaction - amount of the <u>change</u> in funding)","31","AIR FORCE-AIR FORCE, DEPARTMENT OF THE (HEADQUARTERS, USAF)","FA95500910609   0001","","163569","","0","","163569","04/19/2010","09/01/2010","08/31/2011","project grant  (B)","action-by-action reporting","","","4815976","TEXAS","COLLEGE STATION","AIR FORCE DEFENSE RESEARCH SCIENCES PROGRAM","AIR FORCE-AIR FORCE, DEPARTMENT OF THE (HEADQUARTERS, USAF)","TEXAS","TAS::57 3600::TAS   ENERGY HARVESTING - THERMOELECTRIC WASTE HEAT RECOVERY USING POLYMER NANOCOMPOSITES"
"12.800","SAI NOT AVAILABLE","TEXAS TECH UNIVERSITY SYSTEM","45000","LUBBOCK","303","LUBBOCK COUNTY","TEXAS","794091035","Government codes: State controlled institutions of higher education","continuation (funding in succeeding budget period which stemmed from prior agreement to fund - amount of the current action)","19","AIR FORCE-AIR FORCE, DEPARTMENT OF THE (HEADQUARTERS, USAF)","FA86501026049   0003","","115000","","0","","115000","06/24/2010","11/18/2009","11/17/2011","cooperative agreement  (B)","action-by-action reporting","","","4845000","TEXAS","LUBBOCK","AIR FORCE DEFENSE RESEARCH SCIENCES PROGRAM","AIR FORCE-AIR FORCE, DEPARTMENT OF THE (HEADQUARTERS, USAF)","TEXAS","IN ACCORDANCE WITH PART 4.010, THIS AGREEMENT IS INCREMENTALLY FUNDED."
"12.800","SAI NOT AVAILABLE","UNIVERSITY OF TEXAS AT AUSTIN","05000","AUSTIN","453","TRAVIS COUNTY","TEXAS","787121500","Government codes: State controlled institutions of higher education","continuation (funding in succeeding budget period which stemmed from prior agreement to fund - amount of the current action)","90","AIR FORCE-AIR FORCE, DEPARTMENT OF THE (HEADQUARTERS, USAF)","FA95500910227   0003","","61270","","0","","61270","04/15/2010","06/01/2010","11/30/2010","project grant  (B)","action-by-action reporting","","","4805000","TEXAS","AUSTIN","AIR FORCE DEFENSE RESEARCH SCIENCES PROGRAM","AIR FORCE-AIR FORCE, DEPARTMENT OF THE (HEADQUARTERS, USAF)","TEXAS","TAS::57 3600::TAS "(YIP 09) OPTIMAL CONSTELLATION DESIGN FOR MAXIMUM CONTINUOUS COVERAGE OF TARETS AGAINST A SPACE BACKGROUND""
"12.800","SAI NOT AVAILABLE","UNIVERSITY OF TEXAS AT AUSTIN","05000","AUSTIN","453","TRAVIS COUNTY","TEXAS","787121500","Government codes: State controlled institutions of higher education","revision (any change in Federal Government's financial obligation or contingent liability in existing assistance transaction - amount of the <u>change</u> in funding)","90","AIR FORCE-AIR FORCE, DEPARTMENT OF THE (HEADQUARTERS, USAF)","FA95500710178   0003","","10000","","0","","10000","04/06/2010","12/01/2009","06/30/2010","project grant  (B)","action-by-action reporting","","","4805000","TEXAS","AUSTIN","AIR FORCE DEFENSE RESEARCH SCIENCES PROGRAM","AIR FORCE-AIR FORCE, DEPARTMENT OF THE (HEADQUARTERS, USAF)","TEXAS","TAS::57 3600::TAS "CATEGORY LEARNING BY CLUSTERING WITH EXTENSION TO DYNAMIC ENVIRONMENTS""
"81.113","SAI EXEMPT","TEXAS ENGINEERING EXPERIMENT STATION","15976","COLLEGE STATION","041","BRAZOS COUNTY","TEXAS","778453406","Government codes: State controlled institutions of higher education","revision (any change in Federal Government's financial obligation or contingent liability in existing assistance transaction - amount of the <u>change</u> in funding)","31","ENERGY, DEPARTMENT OF","FG52-06NA27606  A009","","91316","","0","","91316","05/12/2010","09/01/2006","09/30/2010","project grant  (B)","action-by-action reporting","","","4815976","TEXAS","COLLEGE STATION","DEFENSE NUCLEAR NONPROLIFERATION RESEARCH","ENERGY, DEPARTMENT OF","TEXAS","NTD SUPPORT FOR THE NUCLEAR SECURITY SCIENCE AND POLICY INSTITUTE, TEXAS ENGINEERING EXPERIMENT AT TAMU"
"12.800","SAI NOT AVAILABLE","BRIGHAM YOUNG UNIVERSITY","62470","PROVO","049","UTAH COUNTY","UTAH","846021231","Private: private higher education","continuation (funding in succeeding budget period which stemmed from prior agreement to fund - amount of the current action)","90","AIR FORCE-AIR FORCE, DEPARTMENT OF THE (HEADQUARTERS, USAF)","FA95500910142   0002","","49826","","0","","49826","06/08/2010","12/01/2009","11/30/2010","project grant  (B)","action-by-action reporting","","","4962470","UTAH","PROVO","AIR FORCE DEFENSE RESEARCH SCIENCES PROGRAM","AIR FORCE-AIR FORCE, DEPARTMENT OF THE (HEADQUARTERS, USAF)","UTAH","TAS::57 3600::TAS "(YIP-09) MOLECULAR BASIS OF ADHESION""
"12.800","SAI NOT AVAILABLE","RECTOR AND VISITORS OF THE UNI","14968","CHARLOTTESVILLE","540","CHARLOTTESVILLE","VIRGINIA","229034833","Government codes: State controlled institutions of higher education","revision (any change in Federal Government's financial obligation or contingent liability in existing assistance transaction - amount of the <u>change</u> in funding)","90","AIR FORCE-AIR FORCE, DEPARTMENT OF THE (HEADQUARTERS, USAF)","FA95500910611   0001","","1000000","","0","","1000000","04/29/2010","08/01/2010","07/31/2011","project grant  (B)","action-by-action reporting","","","5114968","VIRGINIA","CHARLOTTESVILLE","AIR FORCE DEFENSE RESEARCH SCIENCES PROGRAM","AIR FORCE-AIR FORCE, DEPARTMENT OF THE (HEADQUARTERS, USAF)","VIRGINIA","TAS::57 3600::TAS   "CENTER FOR HYPERSONIC COMBINED CYCLE FLOW PHYSICS""
"12.800","SAI NOT AVAILABLE","BAE SYSTEMS INFORMATION AND EL","48952","MANASSAS","683","MANASSAS","VIRGINIA","201104122","Private: profit organization","continuation (funding in succeeding budget period which stemmed from prior agreement to fund - amount of the current action)","90","AIR FORCE-AIR FORCE, DEPARTMENT OF THE (HEADQUARTERS, USAF)","F336150225502   0012","","1400000","","942000","","2342000","04/26/2010","03/28/2003","04/30/2012","cooperative agreement  (B)","action-by-action reporting","","","5148952","VIRGINIA","MANASSAS","AIR FORCE DEFENSE RESEARCH SCIENCES PROGRAM","AIR FORCE-AIR FORCE, DEPARTMENT OF THE (HEADQUARTERS, USAF)","VIRGINIA","RADIATION HARDENED MICROPROCESSORS FOR SPACE"
"12.800","SAI NOT AVAILABLE","VIRGINIA POLYTECHNIC INSTITUTE","07784","BLACKSBURG","121","MONTGOMERY COUNTY","VIRGINIA","240615000","Government codes: State controlled institutions of higher education","new assistance action","09","AIR FORCE-AIR FORCE, DEPARTMENT OF THE (HEADQUARTERS, USAF)","FA95501010201","","200000","","0","","200000","05/11/2010","05/15/2010","05/14/2013","project grant  (B)","action-by-action reporting","","","5107784","VIRGINIA","BLACKSBURG","AIR FORCE DEFENSE RESEARCH SCIENCES PROGRAM","AIR FORCE-AIR FORCE, DEPARTMENT OF THE (HEADQUARTERS, USAF)","VIRGINIA","TAS::57 3600::TAS "COMPUTATIONAL METHODS FOR DESIGN, ESTIMATION AND REAL-TIME CONTROL OF PDE SYSTEMS WITH APPLICATIONS TO MOBILE""
"12.800","SAI NOT AVAILABLE","VIRGINIA POLYTECHNIC INSTITUTE","07784","BLACKSBURG","121","MONTGOMERY COUNTY","VIRGINIA","240615000","Government codes: State controlled institutions of higher education","revision (any change in Federal Government's financial obligation or contingent liability in existing assistance transaction - amount of the <u>change</u> in funding)","09","AIR FORCE-AIR FORCE, DEPARTMENT OF THE (HEADQUARTERS, USAF)","FA86500923938   0004","","150000","","0","","150000","06/30/2010","02/05/2009","02/04/2014","cooperative agreement  (B)","action-by-action reporting","","","5107784","VIRGINIA","BLACKSBURG","AIR FORCE DEFENSE RESEARCH SCIENCES PROGRAM","AIR FORCE-AIR FORCE, DEPARTMENT OF THE (HEADQUARTERS, USAF)","VIRGINIA","TAS :: 57 3600 : : COLLABORATIVE RESEARCH IN MULTIDISCIPLINARY SCIENCE & TECHNOLOGY PROGRAM"
"12.800","SAI NOT AVAILABLE","WASHINGTON STATE UNIVERSITY IN","56625","PULLMAN","075","WHITMAN COUNTY","WASHINGTON","991640001","Government codes: State controlled institutions of higher education","new assistance action","05","AIR FORCE-AIR FORCE, DEPARTMENT OF THE (HEADQUARTERS, USAF)","FA95501010286","","100186","","0","","100186","06/03/2010","06/15/2010","06/14/2013","project grant  (B)","action-by-action reporting","","","5356625","WASHINGTON","PULLMAN","AIR FORCE DEFENSE RESEARCH SCIENCES PROGRAM","AIR FORCE-AIR FORCE, DEPARTMENT OF THE (HEADQUARTERS, USAF)","WASHINGTON","TAS::57 3600::TAS "MECHANISMS OF SELF HEALING," DATED 23 JUN 2009 (THE GRANTEE'S TECHNICAL PROPOSAL)"
"12.800","SAI NOT AVAILABLE","UNIVERSITY OF WISCONSIN SYSTEM","48000","MADISON","025","DANE COUNTY","WISCONSIN","537151218","Government codes: State controlled institutions of higher education","new assistance action","02","AIR FORCE-AIR FORCE, DEPARTMENT OF THE (HEADQUARTERS, USAF)","FA95501010176","","173074","","0","","173074","05/12/2010","05/15/2010","05/14/2014","project grant  (B)","action-by-action reporting","","","5548000","WISCONSIN","MADISON","AIR FORCE DEFENSE RESEARCH SCIENCES PROGRAM","AIR FORCE-AIR FORCE, DEPARTMENT OF THE (HEADQUARTERS, USAF)","WISCONSIN","TAS::57 3600::TAS "MOLECULAR BEAM STUDIES OF VOLATILE LIQUIDS AND FUEL SURROGATES USING LIQUID MICROJETS" DATED 02 MAR 09"
"12.800","SAI NOT AVAILABLE","MARQUETTE UNIVERSITY","53000","MILWAUKEE","079","MILWAUKEE COUNTY","WISCONSIN","532332310","Private: private higher education","revision (any change in Federal Government's financial obligation or contingent liability in existing assistance transaction - amount of the <u>change</u> in funding)","90","AIR FORCE-AIR FORCE, DEPARTMENT OF THE (HEADQUARTERS, USAF)","FA86500715901   0006","","720557","","0","","720557","04/16/2010","03/23/2007","09/30/2011","project grant  (B)","action-by-action reporting","","","5553000","WISCONSIN","MILWAUKEE","AIR FORCE DEFENSE RESEARCH SCIENCES PROGRAM","AIR FORCE-AIR FORCE, DEPARTMENT OF THE (HEADQUARTERS, USAF)","WISCONSIN","FLAME AND BLAST RESISTANT MATERIALS FOR FORCE PROTECTION"
"12.800","SAI NOT AVAILABLE","MARQUETTE UNIVERSITY","53000","MILWAUKEE","079","MILWAUKEE COUNTY","WISCONSIN","532332310","Private: all other","revision (any change in Federal Government's financial obligation or contingent liability in existing assistance transaction - amount of the <u>change</u> in funding)","90","AIR FORCE-AIR FORCE, DEPARTMENT OF THE (HEADQUARTERS, USAF)","FA86510910011   0001","","20000","","0","","20000","05/21/2010","05/11/2009","04/29/2011","project grant  (B)","action-by-action reporting","","","5553000","WISCONSIN","MILWAUKEE","AIR FORCE DEFENSE RESEARCH SCIENCES PROGRAM","AIR FORCE-AIR FORCE, DEPARTMENT OF THE (HEADQUARTERS, USAF)","WISCONSIN","TAS #57 3600  MULTI-SCALE MECHANICAL SIMULATIONS OF GRANULAR MATERIAL UNDER RAPID LOADING CONDITIONS"
"97.039","SAI NOT AVAILABLE","DISASTER CIVIL DEFENSE DIV.","13900","CHEYENNE","021","LARAMIE COUNTY","WYOMING","82003","Government codes: State government","revision (any change in Federal Government's financial obligation or contingent liability in existing assistance transaction - amount of the <u>change</u> in funding)","00","DHS-FEDERAL EMERGENCY MANAGEMENT AGENCY","1599DRWYP00000005","-","533","","0","-","533","05/26/2010","04/09/2007","09/30/2007","project grant  (B)","action-by-action reporting","","","5613900","WYOMING","CHEYENNE","HAZARD MITIGATION GRANT","DHS-FEDERAL EMERGENCY MANAGEMENT AGENCY","WYOMING","GRANT TO LOCAL GOVERNMENT FOR REPAIR OR REPLACEMENT OF DISASTER DAMAGED FACILITIES"
"12.431","SAI NOT AVAILABLE","THE REGENTS OF THE UNIVERSITY","66000","SAN DIEGO","073","SAN DIEGO COUNTY","CALIFORNIA","920935004","Government codes: State controlled institutions of higher education","revision (any change in Federal Government's financial obligation or contingent liability in existing assistance transaction - amount of the <u>change</u> in funding)","90","ARMY,DEPT. OF THE (EXC. CORPS OF ENGINEERS CIVIL PROGRAM)","W911NF0910081   0002","","1460393","","0","","1460393","06/09/2010","05/15/2009","05/14/2011","project grant  (B)","action-by-action reporting","","","0666000","CALIFORNIA","SAN DIEGO","BASIC SCIENTIFIC RESEARCH","ARMY,DEPT. OF THE (EXC. CORPS OF ENGINEERS CIVIL PROGRAM)","CALIFORNIA","THE EVOLVING RELATIONSHIP BETWEEN TECHNOLOGY AND NATIONAL SECURITY IN CHINA: INNOVATION, DEFENSE TRANSFORMATION, AND CHINA???S PLACE IN THE GLOBAL TE"
"12.800","SAI NOT AVAILABLE","THE REGENTS OF THE UNIVERSITY","44000","LOS ANGELES","037","LOS ANGELES COUNTY","CALIFORNIA","900246523","Government codes: State controlled institutions of higher education","revision (any change in Federal Government's financial obligation or contingent liability in existing assistance transaction - amount of the <u>change</u> in funding)","90","AIR FORCE-AIR FORCE, DEPARTMENT OF THE (HEADQUARTERS, USAF)","FA95500810048   0003","","108797","","0","","108797","06/29/2010","12/01/2009","11/30/2010","project grant  (B)","action-by-action reporting","","","0644000","CALIFORNIA","LOS ANGELES","AIR FORCE DEFENSE RESEARCH SCIENCES PROGRAM","AIR FORCE-AIR FORCE, DEPARTMENT OF THE (HEADQUARTERS, USAF)","CALIFORNIA","TAS::57 3600::TAS "NUMERICAL SIMULATION OF PULSE DETONATION ROCKET INDUCED MHD EJECTOR (PDRIME) CONCEPTS FOR ADVANCED PROPULSION SYSTEM""
"12.800","SAI NOT AVAILABLE","NATIONAL ACADEMY OF SCIENCES","50000","WASHINGTON","001","DISTRICT OF COLUMBIA","DISTRICT OF COLUMBIA","204180006","Government codes: State controlled institutions of higher education","revision (any change in Federal Government's financial obligation or contingent liability in existing assistance transaction - amount of the <u>change</u> in funding)","98","AIR FORCE-AIR FORCE, DEPARTMENT OF THE (HEADQUARTERS, USAF)","FA95500910286   0002","","653034","","0","","653034","04/22/2010","04/01/2010","03/31/2011","project grant  (B)","action-by-action reporting","","","1150000","DISTRICT OF COLUMBIA","WASHINGTON","AIR FORCE DEFENSE RESEARCH SCIENCES PROGRAM","AIR FORCE-AIR FORCE, DEPARTMENT OF THE (HEADQUARTERS, USAF)","DISTRICT OF COLUMBIA","TAS::57 3600::TAS "CORE RESEARCH ACTIVITIES OF THE AIR FORCE SCIENCE AND TECHNOLOGY BOARD (AFSB)""
"12.800","SAI NOT AVAILABLE","THE RESEARCH FOUNDATION OF STA","01748","AMHERST","029","ERIE COUNTY","NEW YORK","142600001","Government codes: State controlled institutions of higher education","revision (any change in Federal Government's financial obligation or contingent liability in existing assistance transaction - amount of the <u>change</u> in funding)","90","AIR FORCE-AIR FORCE, DEPARTMENT OF THE (HEADQUARTERS, USAF)","FA95500910258   0002","","200000","","0","","200000","05/13/2010","12/01/2009","11/30/2010","project grant  (B)","action-by-action reporting","","","3601748","NEW YORK","AMHERST","AIR FORCE DEFENSE RESEARCH SCIENCES PROGRAM","AIR FORCE-AIR FORCE, DEPARTMENT OF THE (HEADQUARTERS, USAF)","NEW YORK","TAS::57 3600::TAS DEVELOPMENT OF BOTTOM-UP CHEMICAL APPROACHES TO 3-D NEGATIVE INDEX META-MATERIALS TWO-PHOTON LITHOGRAPHIC"
"81.113","SAI EXEMPT","UNITED STATES INDUSTRY COALITION","03000","ARLINGTON","013","ARLINGTON COUNTY","VIRGINIA","222092438","Nonprofit agencies: other nonprofit","revision (any change in Federal Government's financial obligation or contingent liability in existing assistance transaction - amount of the <u>change</u> in funding)","08","ENERGY, DEPARTMENT OF","DENA0000152     A001","","0","","0","","0","10/29/2009","07/30/2009","07/31/2014","cooperative agreement  (B)","action-by-action reporting","correction to a record reported in a prior quarter (funding amount is the amount of change, if any).","20101","1150000","DISTRICT OF COLUMBIA","WASHINGTON","DEFENSE NUCLEAR NONPROLIFERATION RESEARCH","ENERGY, DEPARTMENT OF","VIRGINIA","NEW COOPERATIVE AGREEMENT WITH 501C3 MEMBERSHIP ORGANIZATION, U.S.I.C. (UNITED STATES INDUSTRY COALITION, INC.), CONTRACT SPECIALIST - KRYSTAL PAIGE"
