"","Entity","Code","Year","Deaths - Cause: All causes - Risk: Household air pollution from solid fuels - Sex: Both - Age: Age-standardized (Rate)","Access to clean fuels and technologies for cooking  (% of population).x","Access to clean fuels and technologies for cooking  (% of population).y"
"1","Afghanistan","AFG",1990,370.050474306754,NA,NA
"2","Afghanistan","AFG",1991,358.978418380413,NA,NA
"3","Afghanistan","AFG",1992,352.76645275348,NA,NA
"4","Afghanistan","AFG",1993,357.055922530882,NA,NA
"5","Afghanistan","AFG",1994,362.970439206595,NA,NA
"6","Afghanistan","AFG",1995,363.232964900669,NA,NA
"7","Afghanistan","AFG",1996,364.608162686847,NA,NA
"8","Afghanistan","AFG",1997,367.393777293388,NA,NA
"9","Afghanistan","AFG",1998,369.813695579537,NA,NA
"10","Afghanistan","AFG",1999,372.246992388838,NA,NA
"11","Afghanistan","AFG",2000,371.951344542593,8.8,8.8
"12","Afghanistan","AFG",2001,368.49025350654,9.51,9.51
"13","Afghanistan","AFG",2002,355.870851357641,10.39,10.39
"14","Afghanistan","AFG",2003,350.18874764536,11.46,11.46
"15","Afghanistan","AFG",2004,341.858105577212,12.43,12.43
"16","Afghanistan","AFG",2005,331.081119115805,13.49,13.49
"17","Afghanistan","AFG",2006,320.287578371264,14.81,14.81
"18","Afghanistan","AFG",2007,306.502103779831,15.99,15.99
"19","Afghanistan","AFG",2008,292.547528921203,17.44,17.44
"20","Afghanistan","AFG",2009,278.276175332913,18.84,18.84
"21","Afghanistan","AFG",2010,265.094749222243,20.68,20.68
"22","Afghanistan","AFG",2011,252.472510307758,22.33,22.33
"23","Afghanistan","AFG",2012,239.729439637082,24.08,24.08
"24","Afghanistan","AFG",2013,227.327213917015,26.17,26.17
"25","Afghanistan","AFG",2014,216.571607697905,27.99,27.99
"26","Afghanistan","AFG",2015,208.064803307498,30.1,30.1
"27","Afghanistan","AFG",2016,200.627949645931,32.44,32.44
"28","Afghanistan","AFG",2017,194.333560925968,NA,NA
"29","Afghanistan","AFG",2018,187.276988877684,NA,NA
"30","Afghanistan","AFG",2019,179.455348930206,NA,NA
"31","Albania","ALB",1990,97.2525411176482,NA,NA
"32","Albania","ALB",1991,98.1123481711948,NA,NA
"33","Albania","ALB",1992,93.2941561952644,NA,NA
"34","Albania","ALB",1993,88.0064759563042,NA,NA
"35","Albania","ALB",1994,81.5133273135348,NA,NA
"36","Albania","ALB",1995,81.7600425694272,NA,NA
"37","Albania","ALB",1996,80.9231342713739,NA,NA
"38","Albania","ALB",1997,76.984826498113,NA,NA
"39","Albania","ALB",1998,72.1622202151571,NA,NA
"40","Albania","ALB",1999,68.4064151892016,NA,NA
"41","Albania","ALB",2000,63.7008189551169,39.8,39.8
"42","Albania","ALB",2001,57.5811446533212,42.7,42.7
"43","Albania","ALB",2002,56.1554384877623,45.23,45.23
"44","Albania","ALB",2003,55.7107142338054,47.62,47.62
"45","Albania","ALB",2004,51.9697950986474,50.53,50.53
"46","Albania","ALB",2005,47.4394894162455,53.25,53.25
"47","Albania","ALB",2006,41.5214586176405,55.57,55.57
"48","Albania","ALB",2007,36.128509708923,58.14,58.14
"49","Albania","ALB",2008,33.0345679580126,60.75,60.75
"50","Albania","ALB",2009,29.4945534906673,63.24,63.24
"51","Albania","ALB",2010,27.0072360415487,65.23,65.23
"52","Albania","ALB",2011,25.5504775452078,67.81,67.81
"53","Albania","ALB",2012,24.1128330674095,69.96,69.96
"54","Albania","ALB",2013,22.9626625134095,71.78,71.78
"55","Albania","ALB",2014,22.1013473087955,73.98,73.98
"56","Albania","ALB",2015,21.2667666982141,75.37,75.37
"57","Albania","ALB",2016,20.1979440321218,77.42,77.42
"58","Albania","ALB",2017,19.2366691876088,NA,NA
"59","Albania","ALB",2018,18.3487815738778,NA,NA
"60","Albania","ALB",2019,17.5436670120295,NA,NA
"61","Algeria","DZA",1990,28.3232504113818,NA,NA
"62","Algeria","DZA",1991,24.3812499449754,NA,NA
"63","Algeria","DZA",1992,21.2339156108768,NA,NA
"64","Algeria","DZA",1993,18.4625999820406,NA,NA
"65","Algeria","DZA",1994,16.0616268063862,NA,NA
"66","Algeria","DZA",1995,13.9160362343241,NA,NA
"67","Algeria","DZA",1996,11.9800385286508,NA,NA
"68","Algeria","DZA",1997,10.2119432689446,NA,NA
"69","Algeria","DZA",1998,8.60147177003493,NA,NA
"70","Algeria","DZA",1999,7.33659769531139,NA,NA
"71","Algeria","DZA",2000,6.21725611426275,86.47,86.47
"72","Algeria","DZA",2001,5.27485336345001,87.68,87.68
"73","Algeria","DZA",2002,4.44942854449351,88.87,88.87
"74","Algeria","DZA",2003,3.73210035746822,89.4,89.4
"75","Algeria","DZA",2004,3.12984420185136,90.3,90.3
"76","Algeria","DZA",2005,2.62500697373945,90.97,90.97
"77","Algeria","DZA",2006,2.19265732319624,91.09,91.09
"78","Algeria","DZA",2007,1.81055337126285,91.56,91.56
"79","Algeria","DZA",2008,1.48309900082119,92.06,92.06
"80","Algeria","DZA",2009,1.21419973416664,92.42,92.42
"81","Algeria","DZA",2010,1.00799649430963,92.41,92.41
"82","Algeria","DZA",2011,0.852510386184243,92.49,92.49
"83","Algeria","DZA",2012,0.71644769941091,92.47,92.47
"84","Algeria","DZA",2013,0.601025556096058,92.83,92.83
"85","Algeria","DZA",2014,0.509760422226152,93.1,93.1
"86","Algeria","DZA",2015,0.434104843445207,92.7,92.7
"87","Algeria","DZA",2016,0.370873238423507,92.62,92.62
"88","Algeria","DZA",2017,0.320503344306284,NA,NA
"89","Algeria","DZA",2018,0.275400144545182,NA,NA
"90","Algeria","DZA",2019,0.233389392108316,NA,NA
"91","American Samoa","ASM",1990,49.463556856693,NA,NA
"92","American Samoa","ASM",1991,45.4383581043054,NA,NA
"93","American Samoa","ASM",1992,41.5657786669024,NA,NA
"94","American Samoa","ASM",1993,38.0174163701226,NA,NA
"95","American Samoa","ASM",1994,35.2786250427413,NA,NA
"96","American Samoa","ASM",1995,33.2012198952074,NA,NA
"97","American Samoa","ASM",1996,31.6982903087187,NA,NA
"98","American Samoa","ASM",1997,30.5413594206141,NA,NA
"99","American Samoa","ASM",1998,29.5641616519882,NA,NA
"100","American Samoa","ASM",1999,28.743245413118,NA,NA
"101","American Samoa","ASM",2000,27.5683490672268,NA,NA
"102","American Samoa","ASM",2001,26.1873554626354,NA,NA
"103","American Samoa","ASM",2002,24.6200665625142,NA,NA
"104","American Samoa","ASM",2003,23.0703622868871,NA,NA
"105","American Samoa","ASM",2004,21.8253133439043,NA,NA
"106","American Samoa","ASM",2005,21.2041788518801,NA,NA
"107","American Samoa","ASM",2006,21.0306126539271,NA,NA
"108","American Samoa","ASM",2007,20.882934483188,NA,NA
"109","American Samoa","ASM",2008,20.8982553221632,NA,NA
"110","American Samoa","ASM",2009,20.9073565355681,NA,NA
"111","American Samoa","ASM",2010,20.7199180088234,NA,NA
"112","American Samoa","ASM",2011,20.2964602106931,NA,NA
"113","American Samoa","ASM",2012,19.3826896417355,NA,NA
"114","American Samoa","ASM",2013,18.2349860640311,NA,NA
"115","American Samoa","ASM",2014,17.0045902217055,NA,NA
"116","American Samoa","ASM",2015,16.0324834959498,NA,NA
"117","American Samoa","ASM",2016,15.362451056544,NA,NA
"118","American Samoa","ASM",2017,14.7045763680082,NA,NA
"119","American Samoa","ASM",2018,13.9291313546893,NA,NA
"120","American Samoa","ASM",2019,13.0660052938772,NA,NA
"121","Andorra","AND",1990,0.13544937974684,NA,NA
"122","Andorra","AND",1991,0.122645410604509,NA,NA
"123","Andorra","AND",1992,0.111494303129382,NA,NA
"124","Andorra","AND",1993,0.0996432162933654,NA,NA
"125","Andorra","AND",1994,0.0899237904929776,NA,NA
"126","Andorra","AND",1995,0.0806320012904496,NA,NA
"127","Andorra","AND",1996,0.073101826110133,NA,NA
"128","Andorra","AND",1997,0.0661170113914693,NA,NA
"129","Andorra","AND",1998,0.0602114549393625,NA,NA
"130","Andorra","AND",1999,0.0549513936065018,NA,NA
"131","Andorra","AND",2000,0.0503054749644907,100,100
"132","Andorra","AND",2001,0.0459245762919232,100,100
"133","Andorra","AND",2002,0.041811067672318,100,100
"134","Andorra","AND",2003,0.0380492529925291,100,100
"135","Andorra","AND",2004,0.0351639637028652,100,100
"136","Andorra","AND",2005,0.0323397237426639,100,100
"137","Andorra","AND",2006,0.0300342810149851,100,100
"138","Andorra","AND",2007,0.0277038240351606,100,100
"139","Andorra","AND",2008,0.02581952700089,100,100
"140","Andorra","AND",2009,0.0244391108786513,100,100
"141","Andorra","AND",2010,0.0232101265164203,100,100
"142","Andorra","AND",2011,0.0223639461950528,100,100
"143","Andorra","AND",2012,0.0216153747690518,100,100
"144","Andorra","AND",2013,0.0210212620711819,100,100
"145","Andorra","AND",2014,0.0203270232016151,100,100
"146","Andorra","AND",2015,0.0194815826382573,100,100
"147","Andorra","AND",2016,0.0183633718650639,100,100
"148","Andorra","AND",2017,0.0172603297048961,NA,NA
"149","Andorra","AND",2018,0.0164741421658165,NA,NA
"150","Andorra","AND",2019,0.0158434272361909,NA,NA
"151","Angola","AGO",1990,260.343681502638,NA,NA
"152","Angola","AGO",1991,257.120789348285,NA,NA
"153","Angola","AGO",1992,254.270244905302,NA,NA
"154","Angola","AGO",1993,252.782583089443,NA,NA
"155","Angola","AGO",1994,250.030000568983,NA,NA
"156","Angola","AGO",1995,244.766956963721,NA,NA
"157","Angola","AGO",1996,236.712178904808,NA,NA
"158","Angola","AGO",1997,230.221241401292,NA,NA
"159","Angola","AGO",1998,226.10099594114,NA,NA
"160","Angola","AGO",1999,221.098059398185,NA,NA
"161","Angola","AGO",2000,214.546608806149,37.27,37.27
"162","Angola","AGO",2001,205.843552235825,37.96,37.96
"163","Angola","AGO",2002,197.463833606943,38.49,38.49
"164","Angola","AGO",2003,191.71519535415,39.24,39.24
"165","Angola","AGO",2004,188.199417763536,39.94,39.94
"166","Angola","AGO",2005,178.798439545808,40.75,40.75
"167","Angola","AGO",2006,171.587016439924,41.39,41.39
"168","Angola","AGO",2007,162.129909944364,41.91,41.91
"169","Angola","AGO",2008,154.962939796692,42.58,42.58
"170","Angola","AGO",2009,146.991314402321,43.32,43.32
"171","Angola","AGO",2010,139.012553565147,44.1,44.1
"172","Angola","AGO",2011,130.53641470141,44.8,44.8
"173","Angola","AGO",2012,121.631793319392,45.36,45.36
"174","Angola","AGO",2013,111.704637725983,46.15,46.15
"175","Angola","AGO",2014,100.96082188738,46.67,46.67
"176","Angola","AGO",2015,93.2189662755539,47.36,47.36
"177","Angola","AGO",2016,85.6561838731937,48.05,48.05
"178","Angola","AGO",2017,79.0924445855363,NA,NA
"179","Angola","AGO",2018,73.492786247049,NA,NA
"180","Angola","AGO",2019,68.385174596551,NA,NA
"181","Antigua and Barbuda","ATG",1990,4.85084262404673,NA,NA
"182","Antigua and Barbuda","ATG",1991,4.52262807050835,NA,NA
"183","Antigua and Barbuda","ATG",1992,4.169588694148,NA,NA
"184","Antigua and Barbuda","ATG",1993,4.05802871024288,NA,NA
"185","Antigua and Barbuda","ATG",1994,3.72168023825007,NA,NA
"186","Antigua and Barbuda","ATG",1995,3.42701598299336,NA,NA
"187","Antigua and Barbuda","ATG",1996,2.99297482261058,NA,NA
"188","Antigua and Barbuda","ATG",1997,2.69633308364256,NA,NA
"189","Antigua and Barbuda","ATG",1998,2.44566147278734,NA,NA
"190","Antigua and Barbuda","ATG",1999,2.2327378408217,NA,NA
"191","Antigua and Barbuda","ATG",2000,2.03612617147826,96.66,96.66
"192","Antigua and Barbuda","ATG",2001,1.88718990915106,96.97,96.97
"193","Antigua and Barbuda","ATG",2002,1.74952702880055,97.2,97.2
"194","Antigua and Barbuda","ATG",2003,1.63503508053432,97.4,97.4
"195","Antigua and Barbuda","ATG",2004,1.53551305275867,97.57,97.57
"196","Antigua and Barbuda","ATG",2005,1.43853733863654,97.7,97.7
"197","Antigua and Barbuda","ATG",2006,1.35845272248992,97.9,97.9
"198","Antigua and Barbuda","ATG",2007,1.38161345669819,98.03,98.03
"199","Antigua and Barbuda","ATG",2008,1.29905352406865,98.1,98.1
"200","Antigua and Barbuda","ATG",2009,1.15503223800868,98.24,98.24
"201","Antigua and Barbuda","ATG",2010,1.08616093018515,98.34,98.34
"202","Antigua and Barbuda","ATG",2011,1.02078287948383,98.43,98.43
"203","Antigua and Barbuda","ATG",2012,0.949360876826334,98.48,98.48
"204","Antigua and Barbuda","ATG",2013,0.88937617750326,98.55,98.55
"205","Antigua and Barbuda","ATG",2014,0.841758794869686,98.61,98.61
"206","Antigua and Barbuda","ATG",2015,0.782468229990874,98.67,98.67
"207","Antigua and Barbuda","ATG",2016,0.719570895683749,98.75,98.75
"208","Antigua and Barbuda","ATG",2017,0.658273097522515,NA,NA
"209","Antigua and Barbuda","ATG",2018,0.600808049575236,NA,NA
"210","Antigua and Barbuda","ATG",2019,0.548651547435208,NA,NA
"211","Argentina","ARG",1990,12.8675215996981,NA,NA
"212","Argentina","ARG",1991,11.7400731827488,NA,NA
"213","Argentina","ARG",1992,10.8794061862773,NA,NA
"214","Argentina","ARG",1993,9.89004761185811,NA,NA
"215","Argentina","ARG",1994,8.87826071813685,NA,NA
"216","Argentina","ARG",1995,8.22946403768817,NA,NA
"217","Argentina","ARG",1996,7.6161242958921,NA,NA
"218","Argentina","ARG",1997,7.06748013657562,NA,NA
"219","Argentina","ARG",1998,6.64046744583633,NA,NA
"220","Argentina","ARG",1999,6.19599011398855,NA,NA
"221","Argentina","ARG",2000,5.54737244322248,94.8,94.8
"222","Argentina","ARG",2001,5.1378755952444,95.21,95.21
"223","Argentina","ARG",2002,4.81731528504942,95.62,95.62
"224","Argentina","ARG",2003,4.48625822067633,96.02,96.02
"225","Argentina","ARG",2004,4.02543823868487,96.28,96.28
"226","Argentina","ARG",2005,3.61829355483752,96.68,96.68
"227","Argentina","ARG",2006,3.30754936543237,96.84,96.84
"228","Argentina","ARG",2007,3.09575854085685,97.02,97.02
"229","Argentina","ARG",2008,2.74685602690758,97.34,97.34
"230","Argentina","ARG",2009,2.51479485510703,97.49,97.49
"231","Argentina","ARG",2010,2.34467674383613,97.63,97.63
"232","Argentina","ARG",2011,2.18293174341338,97.82,97.82
"233","Argentina","ARG",2012,2.02412769677418,97.94,97.94
"234","Argentina","ARG",2013,1.89482222374149,98.1,98.1
"235","Argentina","ARG",2014,1.76347372096029,98.16,98.16
"236","Argentina","ARG",2015,1.66966587247969,98.29,98.29
"237","Argentina","ARG",2016,1.61087163722458,98.4,98.4
"238","Argentina","ARG",2017,1.50742750471862,NA,NA
"239","Argentina","ARG",2018,1.38914636753589,NA,NA
"240","Argentina","ARG",2019,1.30702465841716,NA,NA
"241","Armenia","ARM",1990,38.4886483031438,NA,NA
"242","Armenia","ARM",1991,39.9993007730375,NA,NA
"243","Armenia","ARM",1992,43.8772352977005,NA,NA
"244","Armenia","ARM",1993,45.5818746254062,NA,NA
"245","Armenia","ARM",1994,43.0257945833716,NA,NA
"246","Armenia","ARM",1995,41.957329473283,NA,NA
"247","Armenia","ARM",1996,41.2251997952198,NA,NA
"248","Armenia","ARM",1997,38.2600729068186,NA,NA
"249","Armenia","ARM",1998,36.27169149109,NA,NA
"250","Armenia","ARM",1999,34.5801214609879,NA,NA
"251","Armenia","ARM",2000,32.0256901145481,81.97,81.97
"252","Armenia","ARM",2001,29.7790248634461,83.79,83.79
"253","Armenia","ARM",2002,26.6197084334245,85.48,85.48
"254","Armenia","ARM",2003,23.3453137346407,86.88,86.88
"255","Armenia","ARM",2004,19.5205626911011,88.6,88.6
"256","Armenia","ARM",2005,16.4699600190099,89.72,89.72
"257","Armenia","ARM",2006,13.8661478409154,90.91,90.91
"258","Armenia","ARM",2007,11.0566623571803,91.67,91.67
"259","Armenia","ARM",2008,8.88481751646813,92.55,92.55
"260","Armenia","ARM",2009,7.00342589825541,93.33,93.33
"261","Armenia","ARM",2010,5.69384541389053,94.04,94.04
"262","Armenia","ARM",2011,4.81379562371332,94.77,94.77
"263","Armenia","ARM",2012,4.07393310232621,95.1,95.1
"264","Armenia","ARM",2013,3.45385810431108,95.69,95.69
"265","Armenia","ARM",2014,3.04515093425121,96.12,96.12
"266","Armenia","ARM",2015,2.76827513497147,96.62,96.62
"267","Armenia","ARM",2016,2.50011756639407,96.9,96.9
"268","Armenia","ARM",2017,2.31899888654312,NA,NA
"269","Armenia","ARM",2018,2.14481088875358,NA,NA
"270","Armenia","ARM",2019,1.9780524381014,NA,NA
"271","Australia","AUS",1990,0.758338092517729,NA,NA
"272","Australia","AUS",1991,0.669087640451355,NA,NA
"273","Australia","AUS",1992,0.604802121683901,NA,NA
"274","Australia","AUS",1993,0.53610380675957,NA,NA
"275","Australia","AUS",1994,0.485865608498844,NA,NA
"276","Australia","AUS",1995,0.430335643269331,NA,NA
"277","Australia","AUS",1996,0.384541256377342,NA,NA
"278","Australia","AUS",1997,0.338130536589714,NA,NA
"279","Australia","AUS",1998,0.294465362130744,NA,NA
"280","Australia","AUS",1999,0.256315458338892,NA,NA
"281","Australia","AUS",2000,0.223470798480976,100,100
"282","Australia","AUS",2001,0.193234595741744,100,100
"283","Australia","AUS",2002,0.167530042985326,100,100
"284","Australia","AUS",2003,0.142399359665274,100,100
"285","Australia","AUS",2004,0.120548181874156,100,100
"286","Australia","AUS",2005,0.103492327755507,100,100
"287","Australia","AUS",2006,0.0908664129555481,100,100
"288","Australia","AUS",2007,0.0815177831225179,100,100
"289","Australia","AUS",2008,0.0731609545111834,100,100
"290","Australia","AUS",2009,0.0650063534994099,100,100
"291","Australia","AUS",2010,0.0583284275372384,100,100
"292","Australia","AUS",2011,0.053363435581425,100,100
"293","Australia","AUS",2012,0.0484656793196118,100,100
"294","Australia","AUS",2013,0.0447289568085134,100,100
"295","Australia","AUS",2014,0.0420378455295921,100,100
"296","Australia","AUS",2015,0.0392638143102293,100,100
"297","Australia","AUS",2016,0.0354981156762889,100,100
"298","Australia","AUS",2017,0.0330435839456576,NA,NA
"299","Australia","AUS",2018,0.031765668400213,NA,NA
"300","Australia","AUS",2019,0.0304552767670159,NA,NA
"301","Austria","AUT",1990,0.424021954817094,NA,NA
"302","Austria","AUT",1991,0.395714009730026,NA,NA
"303","Austria","AUT",1992,0.36640120053156,NA,NA
"304","Austria","AUT",1993,0.338885247156258,NA,NA
"305","Austria","AUT",1994,0.311091372983726,NA,NA
"306","Austria","AUT",1995,0.289247219109612,NA,NA
"307","Austria","AUT",1996,0.271867963655109,NA,NA
"308","Austria","AUT",1997,0.250577666776455,NA,NA
"309","Austria","AUT",1998,0.233476056102407,NA,NA
"310","Austria","AUT",1999,0.216159329154358,NA,NA
"311","Austria","AUT",2000,0.196023070956195,100,100
"312","Austria","AUT",2001,0.177073384182812,100,100
"313","Austria","AUT",2002,0.163761391061846,100,100
"314","Austria","AUT",2003,0.151571823436205,100,100
"315","Austria","AUT",2004,0.136100823583021,100,100
"316","Austria","AUT",2005,0.124028137636365,100,100
"317","Austria","AUT",2006,0.111637575058244,100,100
"318","Austria","AUT",2007,0.101656385414872,100,100
"319","Austria","AUT",2008,0.0922284224145286,100,100
"320","Austria","AUT",2009,0.0852560037887427,100,100
"321","Austria","AUT",2010,0.0777436733776524,100,100
"322","Austria","AUT",2011,0.0723159347205227,100,100
"323","Austria","AUT",2012,0.0680841389055293,100,100
"324","Austria","AUT",2013,0.0641842024369206,100,100
"325","Austria","AUT",2014,0.0604624845889697,100,100
"326","Austria","AUT",2015,0.057488688738552,100,100
"327","Austria","AUT",2016,0.0532696506779994,100,100
"328","Austria","AUT",2017,0.0492627338246146,NA,NA
"329","Austria","AUT",2018,0.0466410230182289,NA,NA
"330","Austria","AUT",2019,0.0445875361845479,NA,NA
"331","Azerbaijan","AZE",1990,75.8646193650106,NA,NA
"332","Azerbaijan","AZE",1991,77.4306213327378,NA,NA
"333","Azerbaijan","AZE",1992,80.5684189885764,NA,NA
"334","Azerbaijan","AZE",1993,83.0977799840957,NA,NA
"335","Azerbaijan","AZE",1994,84.8334717127569,NA,NA
"336","Azerbaijan","AZE",1995,82.3026769084432,NA,NA
"337","Azerbaijan","AZE",1996,78.4368363807983,NA,NA
"338","Azerbaijan","AZE",1997,73.9309201920386,NA,NA
"339","Azerbaijan","AZE",1998,70.055800987823,NA,NA
"340","Azerbaijan","AZE",1999,66.1200072066819,NA,NA
"341","Azerbaijan","AZE",2000,61.9557795342938,73.19,73.19
"342","Azerbaijan","AZE",2001,56.7540261452011,76.11,76.11
"343","Azerbaijan","AZE",2002,52.9789826393358,78.64,78.64
"344","Azerbaijan","AZE",2003,49.4994484369933,80.9,80.9
"345","Azerbaijan","AZE",2004,44.9428382682078,83.01,83.01
"346","Azerbaijan","AZE",2005,41.4138394230185,84.79,84.79
"347","Azerbaijan","AZE",2006,36.8145601069234,86.11,86.11
"348","Azerbaijan","AZE",2007,31.4170344691313,87.67,87.67
"349","Azerbaijan","AZE",2008,26.3941946530908,89.21,89.21
"350","Azerbaijan","AZE",2009,22.2129941550543,90.38,90.38
"351","Azerbaijan","AZE",2010,19.3868932312238,91.38,91.38
"352","Azerbaijan","AZE",2011,17.5702146995948,92.25,92.25
"353","Azerbaijan","AZE",2012,16.1005386455871,92.96,92.96
"354","Azerbaijan","AZE",2013,14.8852896859083,93.71,93.71
"355","Azerbaijan","AZE",2014,14.0036456377932,94.44,94.44
"356","Azerbaijan","AZE",2015,12.9825095329108,95.1,95.1
"357","Azerbaijan","AZE",2016,12.1610310756757,95.54,95.54
"358","Azerbaijan","AZE",2017,11.4383342131033,NA,NA
"359","Azerbaijan","AZE",2018,10.2323188499305,NA,NA
"360","Azerbaijan","AZE",2019,9.38676446025878,NA,NA
"361","Bahamas","BHS",1990,5.22217644715886,NA,NA
"362","Bahamas","BHS",1991,4.9152759175104,NA,NA
"363","Bahamas","BHS",1992,4.63134824760558,NA,NA
"364","Bahamas","BHS",1993,4.40331645391709,NA,NA
"365","Bahamas","BHS",1994,4.15265696669754,NA,NA
"366","Bahamas","BHS",1995,3.85153951084164,NA,NA
"367","Bahamas","BHS",1996,3.65757285085316,NA,NA
"368","Bahamas","BHS",1997,3.18587712819694,NA,NA
"369","Bahamas","BHS",1998,2.80699042910445,NA,NA
"370","Bahamas","BHS",1999,2.55924781311036,NA,NA
"371","Bahamas","BHS",2000,2.22373077029312,100,100
"372","Bahamas","BHS",2001,2.07489635788051,100,100
"373","Bahamas","BHS",2002,1.86979607580757,100,100
"374","Bahamas","BHS",2003,1.75179205778092,100,100
"375","Bahamas","BHS",2004,1.64137779946705,100,100
"376","Bahamas","BHS",2005,1.45253116268692,100,100
"377","Bahamas","BHS",2006,1.33867167233623,100,100
"378","Bahamas","BHS",2007,1.17848517635923,100,100
"379","Bahamas","BHS",2008,1.09326303930912,100,100
"380","Bahamas","BHS",2009,1.03837211670467,100,100
"381","Bahamas","BHS",2010,0.955310362699592,100,100
"382","Bahamas","BHS",2011,0.899799954948586,100,100
"383","Bahamas","BHS",2012,0.842341074445335,100,100
"384","Bahamas","BHS",2013,0.796378397971581,100,100
"385","Bahamas","BHS",2014,0.752698814078423,100,100
"386","Bahamas","BHS",2015,0.724078661155875,100,100
"387","Bahamas","BHS",2016,0.686466903701842,100,100
"388","Bahamas","BHS",2017,0.647539274685107,NA,NA
"389","Bahamas","BHS",2018,0.615294403754687,NA,NA
"390","Bahamas","BHS",2019,0.584013011587588,NA,NA
"391","Bahrain","BHR",1990,17.7962430413585,NA,NA
"392","Bahrain","BHR",1991,16.1246718613415,NA,NA
"393","Bahrain","BHR",1992,14.2699052104172,NA,NA
"394","Bahrain","BHR",1993,12.2375205247341,NA,NA
"395","Bahrain","BHR",1994,10.5960694024863,NA,NA
"396","Bahrain","BHR",1995,9.36079301567418,NA,NA
"397","Bahrain","BHR",1996,8.36877652058219,NA,NA
"398","Bahrain","BHR",1997,7.24035697567408,NA,NA
"399","Bahrain","BHR",1998,6.30045637151115,NA,NA
"400","Bahrain","BHR",1999,5.4793619171785,NA,NA
"401","Bahrain","BHR",2000,4.16938056672424,100,100
"402","Bahrain","BHR",2001,3.11149231268185,100,100
"403","Bahrain","BHR",2002,2.99713359226572,100,100
"404","Bahrain","BHR",2003,2.80056183647684,100,100
"405","Bahrain","BHR",2004,2.39437567299879,100,100
"406","Bahrain","BHR",2005,2.04942689790699,100,100
"407","Bahrain","BHR",2006,1.74226623371924,100,100
"408","Bahrain","BHR",2007,1.48008347510913,100,100
"409","Bahrain","BHR",2008,1.26658933584583,100,100
"410","Bahrain","BHR",2009,1.08247363503102,100,100
"411","Bahrain","BHR",2010,0.939402797665996,100,100
"412","Bahrain","BHR",2011,0.823611428170715,100,100
"413","Bahrain","BHR",2012,0.726146263137101,100,100
"414","Bahrain","BHR",2013,0.616224600918844,100,100
"415","Bahrain","BHR",2014,0.521820160716522,100,100
"416","Bahrain","BHR",2015,0.458084896333771,100,100
"417","Bahrain","BHR",2016,0.421743973842867,100,100
"418","Bahrain","BHR",2017,0.389640523138583,NA,NA
"419","Bahrain","BHR",2018,0.33862007450991,NA,NA
"420","Bahrain","BHR",2019,0.288910768172136,NA,NA
"421","Bangladesh","BGD",1990,249.286353068053,NA,NA
"422","Bangladesh","BGD",1991,228.047460562479,NA,NA
"423","Bangladesh","BGD",1992,223.226614288881,NA,NA
"424","Bangladesh","BGD",1993,216.25950875544,NA,NA
"425","Bangladesh","BGD",1994,209.626309452441,NA,NA
"426","Bangladesh","BGD",1995,207.479212844315,NA,NA
"427","Bangladesh","BGD",1996,199.821575538645,NA,NA
"428","Bangladesh","BGD",1997,191.984216922222,NA,NA
"429","Bangladesh","BGD",1998,188.4524119202,NA,NA
"430","Bangladesh","BGD",1999,186.932234973257,NA,NA
"431","Bangladesh","BGD",2000,187.440733705012,7.24,7.24
"432","Bangladesh","BGD",2001,184.994717500222,7.78,7.78
"433","Bangladesh","BGD",2002,187.400385558959,8.16,8.16
"434","Bangladesh","BGD",2003,188.709704279591,8.73,8.73
"435","Bangladesh","BGD",2004,185.894678972062,9.2,9.2
"436","Bangladesh","BGD",2005,184.768667286519,9.74,9.74
"437","Bangladesh","BGD",2006,183.338921935784,10.36,10.36
"438","Bangladesh","BGD",2007,175.65859094508,10.92,10.92
"439","Bangladesh","BGD",2008,164.414412295478,11.59,11.59
"440","Bangladesh","BGD",2009,155.529341407895,12.2,12.2
"441","Bangladesh","BGD",2010,148.722401217655,12.9,12.9
"442","Bangladesh","BGD",2011,129.57681563012,13.63,13.63
"443","Bangladesh","BGD",2012,112.953481883772,14.33,14.33
"444","Bangladesh","BGD",2013,104.616092435814,15.06,15.06
"445","Bangladesh","BGD",2014,100.393819644898,15.96,15.96
"446","Bangladesh","BGD",2015,93.3828306907916,16.68,16.68
"447","Bangladesh","BGD",2016,89.5049877971977,17.72,17.72
"448","Bangladesh","BGD",2017,89.2957109237887,NA,NA
"449","Bangladesh","BGD",2018,84.6740959117432,NA,NA
"450","Bangladesh","BGD",2019,79.2547910258279,NA,NA
"451","Barbados","BRB",1990,0.28863957570629,NA,NA
"452","Barbados","BRB",1991,0.261319742468736,NA,NA
"453","Barbados","BRB",1992,0.244660724691689,NA,NA
"454","Barbados","BRB",1993,0.226404448703856,NA,NA
"455","Barbados","BRB",1994,0.210276123261549,NA,NA
"456","Barbados","BRB",1995,0.196289752050177,NA,NA
"457","Barbados","BRB",1996,0.183326734219169,NA,NA
"458","Barbados","BRB",1997,0.173937683725487,NA,NA
"459","Barbados","BRB",1998,0.162981056273405,NA,NA
"460","Barbados","BRB",1999,0.151034189253927,NA,NA
"461","Barbados","BRB",2000,0.143923630924613,97.4,97.4
"462","Barbados","BRB",2001,0.130523588806384,97.66,97.66
"463","Barbados","BRB",2002,0.125837741665733,97.91,97.91
"464","Barbados","BRB",2003,0.121150845508758,98.16,98.16
"465","Barbados","BRB",2004,0.112911820344848,98.35,98.35
"466","Barbados","BRB",2005,0.103041605551908,98.49,98.49
"467","Barbados","BRB",2006,0.0963935595453548,98.65,98.65
"468","Barbados","BRB",2007,0.0908225054157645,98.8,98.8
"469","Barbados","BRB",2008,0.084264188318329,98.92,98.92
"470","Barbados","BRB",2009,0.0771739312705557,99.01,99.01
"471","Barbados","BRB",2010,0.0719237792119597,99.08,99.08
"472","Barbados","BRB",2011,0.0677222045598085,99.17,99.17
"473","Barbados","BRB",2012,0.0623656981117438,99.24,99.24
"474","Barbados","BRB",2013,0.0587843108324131,99.3,99.3
"475","Barbados","BRB",2014,0.0556974798320078,99.36,99.36
"476","Barbados","BRB",2015,0.0526530243968041,99.41,99.41
"477","Barbados","BRB",2016,0.0499572875031467,99.44,99.44
"478","Barbados","BRB",2017,0.0474942858251128,NA,NA
"479","Barbados","BRB",2018,0.0452517232135116,NA,NA
"480","Barbados","BRB",2019,0.0435015554645082,NA,NA
"481","Belarus","BLR",1990,7.45852601988936,NA,NA
"482","Belarus","BLR",1991,7.16224606596901,NA,NA
"483","Belarus","BLR",1992,6.88396439190969,NA,NA
"484","Belarus","BLR",1993,7.0119512357422,NA,NA
"485","Belarus","BLR",1994,6.65671924535139,NA,NA
"486","Belarus","BLR",1995,6.47647016037359,NA,NA
"487","Belarus","BLR",1996,6.06465064754931,NA,NA
"488","Belarus","BLR",1997,5.86709580785252,NA,NA
"489","Belarus","BLR",1998,5.6652406826805,NA,NA
"490","Belarus","BLR",1999,5.52024237845852,NA,NA
"491","Belarus","BLR",2000,4.94284525652443,93.69,93.69
"492","Belarus","BLR",2001,4.82023582990177,94.36,94.36
"493","Belarus","BLR",2002,4.71365054490141,94.84,94.84
"494","Belarus","BLR",2003,4.22333944044795,95.32,95.32
"495","Belarus","BLR",2004,3.79595726092071,95.7,95.7
"496","Belarus","BLR",2005,3.50280749950181,96.13,96.13
"497","Belarus","BLR",2006,3.01066494180369,96.43,96.43
"498","Belarus","BLR",2007,2.48260226461562,96.75,96.75
"499","Belarus","BLR",2008,2.10338692281127,96.93,96.93
"500","Belarus","BLR",2009,1.80667761782153,97.19,97.19
"501","Belarus","BLR",2010,1.57947992764094,97.43,97.43
"502","Belarus","BLR",2011,1.43101625784491,97.57,97.57
"503","Belarus","BLR",2012,1.15181642452114,97.69,97.69
"504","Belarus","BLR",2013,1.02390906352667,97.85,97.85
"505","Belarus","BLR",2014,0.913885283866832,97.91,97.91
"506","Belarus","BLR",2015,0.814019446845945,98.01,98.01
"507","Belarus","BLR",2016,0.750788700672791,98.18,98.18
"508","Belarus","BLR",2017,0.70007449158367,NA,NA
"509","Belarus","BLR",2018,0.639341719615793,NA,NA
"510","Belarus","BLR",2019,0.594864423200779,NA,NA
"511","Belgium","BEL",1990,0.291096457702729,NA,NA
"512","Belgium","BEL",1991,0.260759671049102,NA,NA
"513","Belgium","BEL",1992,0.236430180826919,NA,NA
"514","Belgium","BEL",1993,0.216089416621558,NA,NA
"515","Belgium","BEL",1994,0.194898420489997,NA,NA
"516","Belgium","BEL",1995,0.178158953233372,NA,NA
"517","Belgium","BEL",1996,0.163768335249378,NA,NA
"518","Belgium","BEL",1997,0.15083377435486,NA,NA
"519","Belgium","BEL",1998,0.140224198913794,NA,NA
"520","Belgium","BEL",1999,0.129420797461742,NA,NA
"521","Belgium","BEL",2000,0.117911172851022,100,100
"522","Belgium","BEL",2001,0.106651433737223,100,100
"523","Belgium","BEL",2002,0.0982910161085709,100,100
"524","Belgium","BEL",2003,0.0894539092596286,100,100
"525","Belgium","BEL",2004,0.0789720328312591,100,100
"526","Belgium","BEL",2005,0.0709593495287287,100,100
"527","Belgium","BEL",2006,0.0629545875385115,100,100
"528","Belgium","BEL",2007,0.0571315367984328,100,100
"529","Belgium","BEL",2008,0.0519780356836889,100,100
"530","Belgium","BEL",2009,0.0470756335030639,100,100
"531","Belgium","BEL",2010,0.0424692754208218,100,100
"532","Belgium","BEL",2011,0.0388656327475969,100,100
"533","Belgium","BEL",2012,0.0361007175608598,100,100
"534","Belgium","BEL",2013,0.033219224959819,100,100
"535","Belgium","BEL",2014,0.0300555500683773,100,100
"536","Belgium","BEL",2015,0.0282905395715478,100,100
"537","Belgium","BEL",2016,0.0261605192348352,100,100
"538","Belgium","BEL",2017,0.024937521597254,NA,NA
"539","Belgium","BEL",2018,0.023699402663422,NA,NA
"540","Belgium","BEL",2019,0.0225479269400668,NA,NA
"541","Belize","BLZ",1990,51.4574849800761,NA,NA
"542","Belize","BLZ",1991,45.1770780081741,NA,NA
"543","Belize","BLZ",1992,41.2645087367119,NA,NA
"544","Belize","BLZ",1993,38.7200520910388,NA,NA
"545","Belize","BLZ",1994,36.9116497807323,NA,NA
"546","Belize","BLZ",1995,36.0322999196088,NA,NA
"547","Belize","BLZ",1996,36.4257570560027,NA,NA
"548","Belize","BLZ",1997,37.3188758912401,NA,NA
"549","Belize","BLZ",1998,37.4949038429519,NA,NA
"550","Belize","BLZ",1999,37.5000310621652,NA,NA
"551","Belize","BLZ",2000,36.6979929464635,78.18,78.18
"552","Belize","BLZ",2001,32.2506524302005,78.87,78.87
"553","Belize","BLZ",2002,29.2583733846721,79.42,79.42
"554","Belize","BLZ",2003,27.6258794544512,80.01,80.01
"555","Belize","BLZ",2004,26.4585501513937,80.57,80.57
"556","Belize","BLZ",2005,24.8238188559903,80.98,80.98
"557","Belize","BLZ",2006,23.8298323483091,81.47,81.47
"558","Belize","BLZ",2007,22.1461137564088,82.07,82.07
"559","Belize","BLZ",2008,20.1475283578846,82.48,82.48
"560","Belize","BLZ",2009,19.2768162186943,82.82,82.82
"561","Belize","BLZ",2010,18.5203070003938,83.31,83.31
"562","Belize","BLZ",2011,17.4134983015433,83.78,83.78
"563","Belize","BLZ",2012,16.105917586652,84.17,84.17
"564","Belize","BLZ",2013,15.3461472443535,84.54,84.54
"565","Belize","BLZ",2014,14.7661237170236,84.84,84.84
"566","Belize","BLZ",2015,14.0396197657424,85.18,85.18
"567","Belize","BLZ",2016,13.1036455580048,85.43,85.43
"568","Belize","BLZ",2017,12.3474817592381,NA,NA
"569","Belize","BLZ",2018,11.8956900989301,NA,NA
"570","Belize","BLZ",2019,11.1848658717183,NA,NA
"571","Benin","BEN",1990,247.422218248515,NA,NA
"572","Benin","BEN",1991,243.833547971635,NA,NA
"573","Benin","BEN",1992,239.82408798883,NA,NA
"574","Benin","BEN",1993,235.655604692947,NA,NA
"575","Benin","BEN",1994,233.354859008802,NA,NA
"576","Benin","BEN",1995,230.723850290906,NA,NA
"577","Benin","BEN",1996,228.28398869103,NA,NA
"578","Benin","BEN",1997,223.262007840092,NA,NA
"579","Benin","BEN",1998,218.897039235334,NA,NA
"580","Benin","BEN",1999,214.735965044123,NA,NA
"581","Benin","BEN",2000,212.733143017192,1.83,1.83
"582","Benin","BEN",2001,208.202414470514,2.06,2.06
"583","Benin","BEN",2002,206.932527069668,2.28,2.28
"584","Benin","BEN",2003,202.504849314068,2.58,2.58
"585","Benin","BEN",2004,199.374566436454,2.89,2.89
"586","Benin","BEN",2005,195.234327222045,3.24,3.24
"587","Benin","BEN",2006,192.461920917711,3.49,3.49
"588","Benin","BEN",2007,187.214300292033,3.91,3.91
"589","Benin","BEN",2008,185.346673803472,4.19,4.19
"590","Benin","BEN",2009,183.320233209357,4.46,4.46
"591","Benin","BEN",2010,181.267530333696,4.78,4.78
"592","Benin","BEN",2011,178.178809918262,4.99000000000001,4.99000000000001
"593","Benin","BEN",2012,174.589701296179,5.34,5.34
"594","Benin","BEN",2013,169.787578710022,5.58,5.58
"595","Benin","BEN",2014,164.097140218221,5.85,5.85
"596","Benin","BEN",2015,161.902001950519,6.06,6.06
"597","Benin","BEN",2016,157.964891749372,6.44,6.44
"598","Benin","BEN",2017,155.062953232319,NA,NA
"599","Benin","BEN",2018,148.957781243571,NA,NA
"600","Benin","BEN",2019,143.484446534839,NA,NA
"601","Bermuda","BMU",1990,10.5889705280423,NA,NA
"602","Bermuda","BMU",1991,9.53015525589351,NA,NA
"603","Bermuda","BMU",1992,8.46280590273344,NA,NA
"604","Bermuda","BMU",1993,7.77611492064481,NA,NA
"605","Bermuda","BMU",1994,7.0207277257686,NA,NA
"606","Bermuda","BMU",1995,6.16190845801891,NA,NA
"607","Bermuda","BMU",1996,5.6901858581094,NA,NA
"608","Bermuda","BMU",1997,4.91496892888398,NA,NA
"609","Bermuda","BMU",1998,4.34257553364707,NA,NA
"610","Bermuda","BMU",1999,3.90895288957662,NA,NA
"611","Bermuda","BMU",2000,3.5328529554968,NA,NA
"612","Bermuda","BMU",2001,3.09359727990926,NA,NA
"613","Bermuda","BMU",2002,2.75005388352478,NA,NA
"614","Bermuda","BMU",2003,2.44442008985091,NA,NA
"615","Bermuda","BMU",2004,2.18603659602406,NA,NA
"616","Bermuda","BMU",2005,1.96239023560712,NA,NA
"617","Bermuda","BMU",2006,1.74825626463465,NA,NA
"618","Bermuda","BMU",2007,1.52966645567697,NA,NA
"619","Bermuda","BMU",2008,1.33713425947347,NA,NA
"620","Bermuda","BMU",2009,1.17628212534861,NA,NA
"621","Bermuda","BMU",2010,1.04338793008482,NA,NA
"622","Bermuda","BMU",2011,0.95276612252817,NA,NA
"623","Bermuda","BMU",2012,0.870509607035599,NA,NA
"624","Bermuda","BMU",2013,0.808132840041945,NA,NA
"625","Bermuda","BMU",2014,0.751934641663776,NA,NA
"626","Bermuda","BMU",2015,0.703074865206406,NA,NA
"627","Bermuda","BMU",2016,0.665539642764006,NA,NA
"628","Bermuda","BMU",2017,0.634201244783613,NA,NA
"629","Bermuda","BMU",2018,0.593504362330675,NA,NA
"630","Bermuda","BMU",2019,0.545315293756998,NA,NA
"631","Bhutan","BTN",1990,225.90261204431,NA,NA
"632","Bhutan","BTN",1991,225.422692057172,NA,NA
"633","Bhutan","BTN",1992,220.767669994697,NA,NA
"634","Bhutan","BTN",1993,215.906191337192,NA,NA
"635","Bhutan","BTN",1994,210.980013306787,NA,NA
"636","Bhutan","BTN",1995,206.383180283436,NA,NA
"637","Bhutan","BTN",1996,200.137526173858,NA,NA
"638","Bhutan","BTN",1997,196.493525978539,NA,NA
"639","Bhutan","BTN",1998,191.689765025081,NA,NA
"640","Bhutan","BTN",1999,183.071465552006,NA,NA
"641","Bhutan","BTN",2000,179.157165055682,31.67,31.67
"642","Bhutan","BTN",2001,171.404901881668,33.34,33.34
"643","Bhutan","BTN",2002,162.556093433579,35.16,35.16
"644","Bhutan","BTN",2003,155.126568802428,36.36,36.36
"645","Bhutan","BTN",2004,146.587822495003,38.11,38.11
"646","Bhutan","BTN",2005,138.24906235944,39.58,39.58
"647","Bhutan","BTN",2006,128.991506492249,40.85,40.85
"648","Bhutan","BTN",2007,121.541680306891,41.81,41.81
"649","Bhutan","BTN",2008,113.315112730336,43.54,43.54
"650","Bhutan","BTN",2009,106.047099934327,44.98,44.98
"651","Bhutan","BTN",2010,99.9067058285385,46.33,46.33
"652","Bhutan","BTN",2011,94.8839344353374,47.2,47.2
"653","Bhutan","BTN",2012,90.2816918974802,48.11,48.11
"654","Bhutan","BTN",2013,86.3075893873386,49.76,49.76
"655","Bhutan","BTN",2014,82.8248111973581,50.65,50.65
"656","Bhutan","BTN",2015,80.0128232257063,51.75,51.75
"657","Bhutan","BTN",2016,77.6615130884354,52.5,52.5
"658","Bhutan","BTN",2017,75.4556372698412,NA,NA
"659","Bhutan","BTN",2018,72.9512436362513,NA,NA
"660","Bhutan","BTN",2019,70.0409699130784,NA,NA
"661","Bolivia","BOL",1990,112.090222422023,NA,NA
"662","Bolivia","BOL",1991,105.433986867066,NA,NA
"663","Bolivia","BOL",1992,99.4099150166464,NA,NA
"664","Bolivia","BOL",1993,94.0248807093291,NA,NA
"665","Bolivia","BOL",1994,88.4136472263066,NA,NA
"666","Bolivia","BOL",1995,83.9972481843445,NA,NA
"667","Bolivia","BOL",1996,79.5479795253327,NA,NA
"668","Bolivia","BOL",1997,76.6243463909485,NA,NA
"669","Bolivia","BOL",1998,73.0100474082032,NA,NA
"670","Bolivia","BOL",1999,69.7163345149036,NA,NA
"671","Bolivia","BOL",2000,66.4407164592784,65.29,65.29
"672","Bolivia","BOL",2001,62.8555837246816,66.5,66.5
"673","Bolivia","BOL",2002,59.7402836839845,67.76,67.76
"674","Bolivia","BOL",2003,56.6781797201113,69.01,69.01
"675","Bolivia","BOL",2004,53.8139957755403,70.11,70.11
"676","Bolivia","BOL",2005,51.4975988970012,71.49,71.49
"677","Bolivia","BOL",2006,49.4111833112931,72.6,72.6
"678","Bolivia","BOL",2007,47.8195290639235,73.66,73.66
"679","Bolivia","BOL",2008,46.2130656750419,74.69,74.69
"680","Bolivia","BOL",2009,44.7161688436707,75.8,75.8
"681","Bolivia","BOL",2010,43.3603394361318,76.55,76.55
"682","Bolivia","BOL",2011,42.3049035680528,77.59,77.59
"683","Bolivia","BOL",2012,41.3322857921695,78.52,78.52
"684","Bolivia","BOL",2013,40.3543101172015,79.5,79.5
"685","Bolivia","BOL",2014,39.0863714192895,80.45,80.45
"686","Bolivia","BOL",2015,37.54725391663,62.55,62.55
"687","Bolivia","BOL",2016,34.5955197184447,64,64
"688","Bolivia","BOL",2017,31.3749397542694,NA,NA
"689","Bolivia","BOL",2018,29.318288976816,NA,NA
"690","Bolivia","BOL",2019,27.7590385411664,NA,NA
"691","Bosnia and Herzegovina","BIH",1990,90.5953067517872,NA,NA
"692","Bosnia and Herzegovina","BIH",1991,96.9266168302602,NA,NA
"693","Bosnia and Herzegovina","BIH",1992,96.8741161572982,NA,NA
"694","Bosnia and Herzegovina","BIH",1993,96.4774955429831,NA,NA
"695","Bosnia and Herzegovina","BIH",1994,95.5869840360083,NA,NA
"696","Bosnia and Herzegovina","BIH",1995,93.0662699263345,NA,NA
"697","Bosnia and Herzegovina","BIH",1996,86.9886504686766,NA,NA
"698","Bosnia and Herzegovina","BIH",1997,79.4250967540325,NA,NA
"699","Bosnia and Herzegovina","BIH",1998,66.0079242545888,NA,NA
"700","Bosnia and Herzegovina","BIH",1999,57.0455284171773,NA,NA
"701","Bosnia and Herzegovina","BIH",2000,51.9638123864831,38.07,38.07
"702","Bosnia and Herzegovina","BIH",2001,51.8991261433237,39.56,39.56
"703","Bosnia and Herzegovina","BIH",2002,50.4422663176486,41.48,41.48
"704","Bosnia and Herzegovina","BIH",2003,47.3541389758559,42.57,42.57
"705","Bosnia and Herzegovina","BIH",2004,44.376777593685,44.63,44.63
"706","Bosnia and Herzegovina","BIH",2005,42.2896453812092,45.7,45.7
"707","Bosnia and Herzegovina","BIH",2006,38.9482476025715,47.63,47.63
"708","Bosnia and Herzegovina","BIH",2007,37.8176506298363,49.34,49.34
"709","Bosnia and Herzegovina","BIH",2008,33.6114592418774,50.79,50.79
"710","Bosnia and Herzegovina","BIH",2009,31.3774018933665,52.48,52.48
"711","Bosnia and Herzegovina","BIH",2010,29.2843682795795,54.24,54.24
"712","Bosnia and Herzegovina","BIH",2011,28.0704071542312,55.89,55.89
"713","Bosnia and Herzegovina","BIH",2012,26.2798696986375,57.44,57.44
"714","Bosnia and Herzegovina","BIH",2013,25.1343471321743,58.82,58.82
"715","Bosnia and Herzegovina","BIH",2014,24.2538864807906,60.38,60.38
"716","Bosnia and Herzegovina","BIH",2015,23.9787078849184,62.22,62.22
"717","Bosnia and Herzegovina","BIH",2016,22.76755281913,63.38,63.38
"718","Bosnia and Herzegovina","BIH",2017,21.9021439535668,NA,NA
"719","Bosnia and Herzegovina","BIH",2018,21.1333918896512,NA,NA
"720","Bosnia and Herzegovina","BIH",2019,20.1052734928601,NA,NA
"721","Botswana","BWA",1990,165.059865040005,NA,NA
"722","Botswana","BWA",1991,160.883733538442,NA,NA
"723","Botswana","BWA",1992,158.092864053161,NA,NA
"724","Botswana","BWA",1993,155.536886454506,NA,NA
"725","Botswana","BWA",1994,154.193592145882,NA,NA
"726","Botswana","BWA",1995,152.562191631219,NA,NA
"727","Botswana","BWA",1996,149.194477790106,NA,NA
"728","Botswana","BWA",1997,145.041972562383,NA,NA
"729","Botswana","BWA",1998,142.601238194855,NA,NA
"730","Botswana","BWA",1999,139.628417482972,NA,NA
"731","Botswana","BWA",2000,137.707453079436,45.12,45.12
"732","Botswana","BWA",2001,134.446688660422,46.53,46.53
"733","Botswana","BWA",2002,130.238065954597,47.72,47.72
"734","Botswana","BWA",2003,123.558732419496,49.24,49.24
"735","Botswana","BWA",2004,114.791045387525,50.64,50.64
"736","Botswana","BWA",2005,105.37998591592,52.01,52.01
"737","Botswana","BWA",2006,98.064629166796,53,53
"738","Botswana","BWA",2007,90.2968201299074,54.39,54.39
"739","Botswana","BWA",2008,85.5575371823672,55.38,55.38
"740","Botswana","BWA",2009,80.6644099500572,56.73,56.73
"741","Botswana","BWA",2010,77.0483425496357,57.59,57.59
"742","Botswana","BWA",2011,73.6755059679705,58.72,58.72
"743","Botswana","BWA",2012,69.8846392496089,59.92,59.92
"744","Botswana","BWA",2013,66.7240673201772,61.05,61.05
"745","Botswana","BWA",2014,63.8591075794686,62.12,62.12
"746","Botswana","BWA",2015,61.1914844468311,63.15,63.15
"747","Botswana","BWA",2016,58.4773391404387,64.08,64.08
"748","Botswana","BWA",2017,56.3761641293082,NA,NA
"749","Botswana","BWA",2018,53.5625558746451,NA,NA
"750","Botswana","BWA",2019,50.0563844644328,NA,NA
"751","Brazil","BRA",1990,62.2520740559363,NA,NA
"752","Brazil","BRA",1991,56.369206511494,NA,NA
"753","Brazil","BRA",1992,51.8871330162433,NA,NA
"754","Brazil","BRA",1993,48.3328478615364,NA,NA
"755","Brazil","BRA",1994,43.8720110228237,NA,NA
"756","Brazil","BRA",1995,40.0484395337242,NA,NA
"757","Brazil","BRA",1996,36.8239077835339,NA,NA
"758","Brazil","BRA",1997,33.7392416343155,NA,NA
"759","Brazil","BRA",1998,31.5131328433888,NA,NA
"760","Brazil","BRA",1999,29.1198545197951,NA,NA
"761","Brazil","BRA",2000,26.9897261817537,86.91,86.91
"762","Brazil","BRA",2001,25.3253058143743,87.89,87.89
"763","Brazil","BRA",2002,23.7746158270358,88.8,88.8
"764","Brazil","BRA",2003,22.267383736135,89.55,89.55
"765","Brazil","BRA",2004,20.7771755386833,90.3,90.3
"766","Brazil","BRA",2005,19.0895749930327,91.04,91.04
"767","Brazil","BRA",2006,17.7039456407058,91.67,91.67
"768","Brazil","BRA",2007,16.441633695523,92.17,92.17
"769","Brazil","BRA",2008,15.2611925986488,92.73,92.73
"770","Brazil","BRA",2009,14.1739918236918,93.27,93.27
"771","Brazil","BRA",2010,13.1855053869873,93.66,93.66
"772","Brazil","BRA",2011,12.2967082804741,94.07,94.07
"773","Brazil","BRA",2012,11.2241458437729,94.48,94.48
"774","Brazil","BRA",2013,10.2337287650197,94.77,94.77
"775","Brazil","BRA",2014,9.33093837942695,95.1,95.1
"776","Brazil","BRA",2015,8.6207544147846,95.38,95.38
"777","Brazil","BRA",2016,8.01903770740788,95.59,95.59
"778","Brazil","BRA",2017,7.35770739171645,NA,NA
"779","Brazil","BRA",2018,6.81678096903493,NA,NA
"780","Brazil","BRA",2019,6.29832573563744,NA,NA
"781","Brunei","BRN",1990,13.6930889739076,NA,NA
"782","Brunei","BRN",1991,11.7057269547863,NA,NA
"783","Brunei","BRN",1992,9.98301100918358,NA,NA
"784","Brunei","BRN",1993,8.46016884561004,NA,NA
"785","Brunei","BRN",1994,6.96875554729913,NA,NA
"786","Brunei","BRN",1995,5.87888345369809,NA,NA
"787","Brunei","BRN",1996,4.9448951498927,NA,NA
"788","Brunei","BRN",1997,4.46129721946988,NA,NA
"789","Brunei","BRN",1998,3.86248309924951,NA,NA
"790","Brunei","BRN",1999,3.31341123364071,NA,NA
"791","Brunei","BRN",2000,2.8462241113336,100,100
"792","Brunei","BRN",2001,2.3839543392721,100,100
"793","Brunei","BRN",2002,2.03089060091674,100,100
"794","Brunei","BRN",2003,1.74929687996756,100,100
"795","Brunei","BRN",2004,1.48962912284252,100,100
"796","Brunei","BRN",2005,1.29170933272597,100,100
"797","Brunei","BRN",2006,1.10089229868867,100,100
"798","Brunei","BRN",2007,0.908602380248424,100,100
"799","Brunei","BRN",2008,0.743443409195069,100,100
"800","Brunei","BRN",2009,0.649918705643484,100,100
"801","Brunei","BRN",2010,0.592172553814534,100,100
"802","Brunei","BRN",2011,0.562486763338054,100,100
"803","Brunei","BRN",2012,0.542666949288159,100,100
"804","Brunei","BRN",2013,0.53058776762449,100,100
"805","Brunei","BRN",2014,0.512793534500877,100,100
"806","Brunei","BRN",2015,0.488321648203994,100,100
"807","Brunei","BRN",2016,0.433223343467507,100,100
"808","Brunei","BRN",2017,0.377964479708911,NA,NA
"809","Brunei","BRN",2018,0.34937579604156,NA,NA
"810","Brunei","BRN",2019,0.328817643471027,NA,NA
"811","Bulgaria","BGR",1990,41.5297878459743,NA,NA
"812","Bulgaria","BGR",1991,37.9653904030039,NA,NA
"813","Bulgaria","BGR",1992,36.5297027223774,NA,NA
"814","Bulgaria","BGR",1993,36.5307161507912,NA,NA
"815","Bulgaria","BGR",1994,35.8482899985578,NA,NA
"816","Bulgaria","BGR",1995,34.5064221807017,NA,NA
"817","Bulgaria","BGR",1996,33.704147274363,NA,NA
"818","Bulgaria","BGR",1997,33.8626110634229,NA,NA
"819","Bulgaria","BGR",1998,31.8728873637269,NA,NA
"820","Bulgaria","BGR",1999,29.9161661594487,NA,NA
"821","Bulgaria","BGR",2000,28.9799851023031,64.96,64.96
"822","Bulgaria","BGR",2001,27.6679956613605,68.7,68.7
"823","Bulgaria","BGR",2002,26.5586618559212,72.09,72.09
"824","Bulgaria","BGR",2003,25.2254436516005,75.09,75.09
"825","Bulgaria","BGR",2004,23.9539874239599,77.62,77.62
"826","Bulgaria","BGR",2005,23.0988704554196,79.75,79.75
"827","Bulgaria","BGR",2006,22.1587408009974,81.48,81.48
"828","Bulgaria","BGR",2007,20.7699724863531,83,83
"829","Bulgaria","BGR",2008,19.4135091342097,84.2,84.2
"830","Bulgaria","BGR",2009,18.3133930672628,85.22,85.22
"831","Bulgaria","BGR",2010,17.500814775448,86.04,86.04
"832","Bulgaria","BGR",2011,16.6220903579064,86.7,86.7
"833","Bulgaria","BGR",2012,15.6182917019587,87.27,87.27
"834","Bulgaria","BGR",2013,14.7451897366947,87.71,87.71
"835","Bulgaria","BGR",2014,14.7112725076423,88.11,88.11
"836","Bulgaria","BGR",2015,14.1571378450886,88.42,88.42
"837","Bulgaria","BGR",2016,13.6409781973584,88.65,88.65
"838","Bulgaria","BGR",2017,13.1614084984042,NA,NA
"839","Bulgaria","BGR",2018,12.9267133574644,NA,NA
"840","Bulgaria","BGR",2019,12.4677413175694,NA,NA
"841","Burkina Faso","BFA",1990,240.646197156101,NA,NA
"842","Burkina Faso","BFA",1991,235.788666411874,NA,NA
"843","Burkina Faso","BFA",1992,233.024099019586,NA,NA
"844","Burkina Faso","BFA",1993,231.113978059869,NA,NA
"845","Burkina Faso","BFA",1994,229.516710317619,NA,NA
"846","Burkina Faso","BFA",1995,228.097860604308,NA,NA
"847","Burkina Faso","BFA",1996,226.207067230912,NA,NA
"848","Burkina Faso","BFA",1997,223.723169573826,NA,NA
"849","Burkina Faso","BFA",1998,220.421331108096,NA,NA
"850","Burkina Faso","BFA",1999,219.214877102029,NA,NA
"851","Burkina Faso","BFA",2000,221.527048665047,2.83,2.83
"852","Burkina Faso","BFA",2001,217.438148151542,3.06,3.06
"853","Burkina Faso","BFA",2002,217.75311106274,3.35,3.35
"854","Burkina Faso","BFA",2003,212.378136194878,3.57,3.57
"855","Burkina Faso","BFA",2004,209.568897832161,3.85,3.85
"856","Burkina Faso","BFA",2005,206.575000979048,4.21,4.21
"857","Burkina Faso","BFA",2006,204.041443480023,4.48,4.48
"858","Burkina Faso","BFA",2007,198.113444964034,4.8,4.8
"859","Burkina Faso","BFA",2008,195.063651658337,5.16,5.16
"860","Burkina Faso","BFA",2009,191.775415191659,5.51,5.51
"861","Burkina Faso","BFA",2010,190.282294685487,6.01,6.01
"862","Burkina Faso","BFA",2011,188.500897345022,6.43,6.43
"863","Burkina Faso","BFA",2012,186.933262821408,6.82,6.82
"864","Burkina Faso","BFA",2013,185.116003755058,7.33,7.33
"865","Burkina Faso","BFA",2014,182.085044418421,7.88,7.88
"866","Burkina Faso","BFA",2015,183.06200670313,8.46,8.46
"867","Burkina Faso","BFA",2016,182.577561199386,8.93000000000001,8.93000000000001
"868","Burkina Faso","BFA",2017,182.259036618275,NA,NA
"869","Burkina Faso","BFA",2018,180.159509509389,NA,NA
"870","Burkina Faso","BFA",2019,175.100291023648,NA,NA
"871","Burundi","BDI",1990,299.650342761462,NA,NA
"872","Burundi","BDI",1991,300.242045976454,NA,NA
"873","Burundi","BDI",1992,299.666978013863,NA,NA
"874","Burundi","BDI",1993,297.162283843399,NA,NA
"875","Burundi","BDI",1994,295.315119271108,NA,NA
"876","Burundi","BDI",1995,297.588503193905,NA,NA
"877","Burundi","BDI",1996,295.315440986216,NA,NA
"878","Burundi","BDI",1997,289.468420058847,NA,NA
"879","Burundi","BDI",1998,284.18967093063,NA,NA
"880","Burundi","BDI",1999,277.191966592758,NA,NA
"881","Burundi","BDI",2000,271.181717064409,0.619999999999998,0.619999999999998
"882","Burundi","BDI",2001,261.636129041506,0.619999999999998,0.619999999999998
"883","Burundi","BDI",2002,257.899227352936,0.629999999999997,0.629999999999997
"884","Burundi","BDI",2003,254.280296408365,0.639999999999996,0.639999999999996
"885","Burundi","BDI",2004,252.274349414247,0.649999999999995,0.649999999999995
"886","Burundi","BDI",2005,248.907401094091,0.670000000000004,0.670000000000004
"887","Burundi","BDI",2006,242.246838888303,0.670000000000004,0.670000000000004
"888","Burundi","BDI",2007,234.536907606956,0.690000000000002,0.690000000000002
"889","Burundi","BDI",2008,227.206984151651,0.700000000000001,0.700000000000001
"890","Burundi","BDI",2009,221.466203001724,0.690000000000002,0.690000000000002
"891","Burundi","BDI",2010,218.938902537281,0.719999999999998,0.719999999999998
"892","Burundi","BDI",2011,214.315949061896,0.760000000000005,0.760000000000005
"893","Burundi","BDI",2012,210.002066710581,0.770000000000004,0.770000000000004
"894","Burundi","BDI",2013,205.112853272249,0.770000000000004,0.770000000000004
"895","Burundi","BDI",2014,200.473472052318,0.81,0.81
"896","Burundi","BDI",2015,196.131024749405,0.829999999999997,0.829999999999997
"897","Burundi","BDI",2016,191.262538303098,0.849999999999995,0.849999999999995
"898","Burundi","BDI",2017,188.499438547611,NA,NA
"899","Burundi","BDI",2018,188.495738051822,NA,NA
"900","Burundi","BDI",2019,186.151161473586,NA,NA
"901","Cambodia","KHM",1990,285.982043699626,NA,NA
"902","Cambodia","KHM",1991,281.773136485715,NA,NA
"903","Cambodia","KHM",1992,278.013216118222,NA,NA
"904","Cambodia","KHM",1993,275.294462379201,NA,NA
"905","Cambodia","KHM",1994,273.134926106184,NA,NA
"906","Cambodia","KHM",1995,270.280292498482,NA,NA
"907","Cambodia","KHM",1996,265.507028158704,NA,NA
"908","Cambodia","KHM",1997,260.078783438304,NA,NA
"909","Cambodia","KHM",1998,254.525884207682,NA,NA
"910","Cambodia","KHM",1999,248.400732282416,NA,NA
"911","Cambodia","KHM",2000,240.961153855465,4.66,4.66
"912","Cambodia","KHM",2001,233.608957183424,5.18,5.18
"913","Cambodia","KHM",2002,226.116809035317,5.69,5.69
"914","Cambodia","KHM",2003,217.674289873144,6.22,6.22
"915","Cambodia","KHM",2004,209.670408761101,6.73,6.73
"916","Cambodia","KHM",2005,201.58240405328,7.35,7.35
"917","Cambodia","KHM",2006,193.413091343997,7.98,7.98
"918","Cambodia","KHM",2007,186.199608450683,8.72000000000001,8.72000000000001
"919","Cambodia","KHM",2008,179.322920099127,9.47,9.47
"920","Cambodia","KHM",2009,173.531603507791,10.32,10.32
"921","Cambodia","KHM",2010,169.322039562521,11.22,11.22
"922","Cambodia","KHM",2011,165.33130384224,12.02,12.02
"923","Cambodia","KHM",2012,161.172212669466,12.98,12.98
"924","Cambodia","KHM",2013,156.746938750488,14.05,14.05
"925","Cambodia","KHM",2014,152.788564918918,15.28,15.28
"926","Cambodia","KHM",2015,148.671491989992,16.36,16.36
"927","Cambodia","KHM",2016,144.853133209817,17.69,17.69
"928","Cambodia","KHM",2017,141.155571404088,NA,NA
"929","Cambodia","KHM",2018,137.310893507356,NA,NA
"930","Cambodia","KHM",2019,133.122705353639,NA,NA
"931","Cameroon","CMR",1990,163.002825811176,NA,NA
"932","Cameroon","CMR",1991,161.578195060213,NA,NA
"933","Cameroon","CMR",1992,161.138150557764,NA,NA
"934","Cameroon","CMR",1993,160.807015254943,NA,NA
"935","Cameroon","CMR",1994,159.480619972135,NA,NA
"936","Cameroon","CMR",1995,158.485326720991,NA,NA
"937","Cameroon","CMR",1996,158.093587085564,NA,NA
"938","Cameroon","CMR",1997,158.504887778349,NA,NA
"939","Cameroon","CMR",1998,158.550007378676,NA,NA
"940","Cameroon","CMR",1999,157.689245502712,NA,NA
"941","Cameroon","CMR",2000,158.392022156593,9.88,9.88
"942","Cameroon","CMR",2001,156.235607771644,10.57,10.57
"943","Cameroon","CMR",2002,157.718892392694,11.27,11.27
"944","Cameroon","CMR",2003,155.839957880174,11.91,11.91
"945","Cameroon","CMR",2004,153.669871023564,12.64,12.64
"946","Cameroon","CMR",2005,151.624821389633,13.5,13.5
"947","Cameroon","CMR",2006,149.598854958237,14.13,14.13
"948","Cameroon","CMR",2007,144.3458267684,15.06,15.06
"949","Cameroon","CMR",2008,140.617078992809,15.87,15.87
"950","Cameroon","CMR",2009,136.502944560032,16.76,16.76
"951","Cameroon","CMR",2010,132.410462179482,17.6,17.6
"952","Cameroon","CMR",2011,127.596438449276,18.45,18.45
"953","Cameroon","CMR",2012,122.08612844391,19.44,19.44
"954","Cameroon","CMR",2013,116.083512993327,20.22,20.22
"955","Cameroon","CMR",2014,109.717614982086,21.06,21.06
"956","Cameroon","CMR",2015,104.760947959858,21.98,21.98
"957","Cameroon","CMR",2016,99.9255116394298,23.04,23.04
"958","Cameroon","CMR",2017,95.678566716529,NA,NA
"959","Cameroon","CMR",2018,90.9544640360195,NA,NA
"960","Cameroon","CMR",2019,84.9465045780555,NA,NA
"961","Canada","CAN",1990,0.2844407875867,NA,NA
"962","Canada","CAN",1991,0.278567427790661,NA,NA
"963","Canada","CAN",1992,0.273388097463736,NA,NA
"964","Canada","CAN",1993,0.272023970530241,NA,NA
"965","Canada","CAN",1994,0.267315760963592,NA,NA
"966","Canada","CAN",1995,0.262496652249559,NA,NA
"967","Canada","CAN",1996,0.252025512660073,NA,NA
"968","Canada","CAN",1997,0.23592814147896,NA,NA
"969","Canada","CAN",1998,0.216114487518227,NA,NA
"970","Canada","CAN",1999,0.193778332744228,NA,NA
"971","Canada","CAN",2000,0.171200999499891,100,100
"972","Canada","CAN",2001,0.148904168089383,100,100
"973","Canada","CAN",2002,0.1247325878378,100,100
"974","Canada","CAN",2003,0.100004032222177,100,100
"975","Canada","CAN",2004,0.0780567174070773,100,100
"976","Canada","CAN",2005,0.0622560352527777,100,100
"977","Canada","CAN",2006,0.0504334318215034,100,100
"978","Canada","CAN",2007,0.0409384487423247,100,100
"979","Canada","CAN",2008,0.0329248097578047,100,100
"980","Canada","CAN",2009,0.0266046386884404,100,100
"981","Canada","CAN",2010,0.0223181696177549,100,100
"982","Canada","CAN",2011,0.0194732893590071,100,100
"983","Canada","CAN",2012,0.0174068233784633,100,100
"984","Canada","CAN",2013,0.0157662677548406,100,100
"985","Canada","CAN",2014,0.0145800993375185,100,100
"986","Canada","CAN",2015,0.013555618441104,100,100
"987","Canada","CAN",2016,0.0129665835859469,100,100
"988","Canada","CAN",2017,0.0124268763660447,NA,NA
"989","Canada","CAN",2018,0.0121503935523635,NA,NA
"990","Canada","CAN",2019,0.0115790829806166,NA,NA
"991","Cape Verde","CPV",1990,107.34212191939,NA,NA
"992","Cape Verde","CPV",1991,104.835142981324,NA,NA
"993","Cape Verde","CPV",1992,101.859628999651,NA,NA
"994","Cape Verde","CPV",1993,100.140210191146,NA,NA
"995","Cape Verde","CPV",1994,97.6219011832274,NA,NA
"996","Cape Verde","CPV",1995,95.0756658936923,NA,NA
"997","Cape Verde","CPV",1996,93.3227753865965,NA,NA
"998","Cape Verde","CPV",1997,91.5189291890537,NA,NA
"999","Cape Verde","CPV",1998,86.003032870287,NA,NA
"1000","Cape Verde","CPV",1999,81.6348001660254,NA,NA
"1001","Cape Verde","CPV",2000,76.6648218284384,56.79,56.79
"1002","Cape Verde","CPV",2001,72.4945995937076,58.2,58.2
"1003","Cape Verde","CPV",2002,68.6475345874139,59.38,59.38
"1004","Cape Verde","CPV",2003,64.6303561844701,60.37,60.37
"1005","Cape Verde","CPV",2004,60.91473440614,61.44,61.44
"1006","Cape Verde","CPV",2005,57.3863209115367,62.64,62.64
"1007","Cape Verde","CPV",2006,51.1742856436639,63.4,63.4
"1008","Cape Verde","CPV",2007,47.0318200407419,64.56,64.56
"1009","Cape Verde","CPV",2008,43.9067777251408,65.39,65.39
"1010","Cape Verde","CPV",2009,40.9882689202737,66.33,66.33
"1011","Cape Verde","CPV",2010,38.081364517664,67.17,67.17
"1012","Cape Verde","CPV",2011,36.0185274675984,67.96,67.96
"1013","Cape Verde","CPV",2012,33.3949010755028,68.49,68.49
"1014","Cape Verde","CPV",2013,30.389572190669,69.48,69.48
"1015","Cape Verde","CPV",2014,28.0887853473362,70.06,70.06
"1016","Cape Verde","CPV",2015,26.4554996088826,70.63,70.63
"1017","Cape Verde","CPV",2016,25.7542287233088,71.05,71.05
"1018","Cape Verde","CPV",2017,24.1658069862277,NA,NA
"1019","Cape Verde","CPV",2018,25.7133024947438,NA,NA
"1020","Cape Verde","CPV",2019,23.6024712834816,NA,NA
"1021","Central African Republic","CAF",1990,326.194684261315,NA,NA
"1022","Central African Republic","CAF",1991,323.341829882307,NA,NA
"1023","Central African Republic","CAF",1992,316.745702982866,NA,NA
"1024","Central African Republic","CAF",1993,315.784392672659,NA,NA
"1025","Central African Republic","CAF",1994,314.339369369711,NA,NA
"1026","Central African Republic","CAF",1995,312.780300948924,NA,NA
"1027","Central African Republic","CAF",1996,314.547648000572,NA,NA
"1028","Central African Republic","CAF",1997,312.13747067513,NA,NA
"1029","Central African Republic","CAF",1998,310.75069636349,NA,NA
"1030","Central African Republic","CAF",1999,309.568736070385,NA,NA
"1031","Central African Republic","CAF",2000,305.964693392662,0.570000000000004,0.570000000000004
"1032","Central African Republic","CAF",2001,303.730554025335,0.600000000000001,0.600000000000001
"1033","Central African Republic","CAF",2002,302.496385429368,0.600000000000001,0.600000000000001
"1034","Central African Republic","CAF",2003,300.473264576556,0.609999999999999,0.609999999999999
"1035","Central African Republic","CAF",2004,298.626249698373,0.639999999999996,0.639999999999996
"1036","Central African Republic","CAF",2005,296.240045514719,0.629999999999997,0.629999999999997
"1037","Central African Republic","CAF",2006,295.307783732646,0.690000000000002,0.690000000000002
"1038","Central African Republic","CAF",2007,292.321529569147,0.680000000000003,0.680000000000003
"1039","Central African Republic","CAF",2008,288.366663031883,0.729999999999997,0.729999999999997
"1040","Central African Republic","CAF",2009,285.519800895429,0.739999999999996,0.739999999999996
"1041","Central African Republic","CAF",2010,284.436741118828,0.780000000000003,0.780000000000003
"1042","Central African Republic","CAF",2011,281.256135574008,0.819999999999999,0.819999999999999
"1043","Central African Republic","CAF",2012,276.731847971114,0.839999999999996,0.839999999999996
"1044","Central African Republic","CAF",2013,274.755094141134,0.839999999999996,0.839999999999996
"1045","Central African Republic","CAF",2014,270.064072275307,0.870000000000004,0.870000000000004
"1046","Central African Republic","CAF",2015,266.202694081332,0.919999999999999,0.919999999999999
"1047","Central African Republic","CAF",2016,263.183668152646,0.970000000000004,0.970000000000004
"1048","Central African Republic","CAF",2017,261.113170219747,NA,NA
"1049","Central African Republic","CAF",2018,257.042874659219,NA,NA
"1050","Central African Republic","CAF",2019,251.240381759293,NA,NA
"1051","Chad","TCD",1990,263.074031398637,NA,NA
"1052","Chad","TCD",1991,259.863691802845,NA,NA
"1053","Chad","TCD",1992,259.642966546112,NA,NA
"1054","Chad","TCD",1993,260.556291237303,NA,NA
"1055","Chad","TCD",1994,260.213747947228,NA,NA
"1056","Chad","TCD",1995,260.406569722706,NA,NA
"1057","Chad","TCD",1996,263.931833520611,NA,NA
"1058","Chad","TCD",1997,264.936078917555,NA,NA
"1059","Chad","TCD",1998,264.584275863657,NA,NA
"1060","Chad","TCD",1999,263.498385165455,NA,NA
"1061","Chad","TCD",2000,262.740356928795,3.29,3.29
"1062","Chad","TCD",2001,261.884911605823,3.26,3.26
"1063","Chad","TCD",2002,262.462510701242,3.28000000000001,3.28000000000001
"1064","Chad","TCD",2003,261.686665317979,3.21,3.21
"1065","Chad","TCD",2004,257.876793603161,3.22,3.22
"1066","Chad","TCD",2005,251.979859093387,3.21,3.21
"1067","Chad","TCD",2006,249.019261285848,3.19,3.19
"1068","Chad","TCD",2007,246.366812348694,3.16,3.16
"1069","Chad","TCD",2008,243.954112037478,3.23,3.23
"1070","Chad","TCD",2009,240.642419617742,3.19,3.19
"1071","Chad","TCD",2010,237.158600892329,3.14,3.14
"1072","Chad","TCD",2011,232.898982370674,3.15,3.15
"1073","Chad","TCD",2012,227.72143327806,3.18000000000001,3.18000000000001
"1074","Chad","TCD",2013,221.780121888141,3.15,3.15
"1075","Chad","TCD",2014,215.047300052994,3.13,3.13
"1076","Chad","TCD",2015,211.153646401633,3.13,3.13
"1077","Chad","TCD",2016,206.783254787214,3.13,3.13
"1078","Chad","TCD",2017,203.45510514107,NA,NA
"1079","Chad","TCD",2018,200.232869436618,NA,NA
"1080","Chad","TCD",2019,195.550233258122,NA,NA
"1081","Chile","CHL",1990,22.3530584987027,NA,NA
"1082","Chile","CHL",1991,19.9242709743446,NA,NA
"1083","Chile","CHL",1992,17.9776734528496,NA,NA
"1084","Chile","CHL",1993,16.5165000910964,NA,NA
"1085","Chile","CHL",1994,14.9706065266602,NA,NA
"1086","Chile","CHL",1995,13.7983616003009,NA,NA
"1087","Chile","CHL",1996,12.5454562047601,NA,NA
"1088","Chile","CHL",1997,11.0062240457071,NA,NA
"1089","Chile","CHL",1998,9.87004486315085,NA,NA
"1090","Chile","CHL",1999,8.82963951269591,NA,NA
"1091","Chile","CHL",2000,7.62035092100243,86.1,86.1
"1092","Chile","CHL",2001,6.92340783626659,86.65,86.65
"1093","Chile","CHL",2002,6.14251441009837,87.33,87.33
"1094","Chile","CHL",2003,5.63838327885071,87.88,87.88
"1095","Chile","CHL",2004,5.14895755651802,88.52,88.52
"1096","Chile","CHL",2005,4.62458382017447,88.95,88.95
"1097","Chile","CHL",2006,4.19088811077211,89.38,89.38
"1098","Chile","CHL",2007,3.87593064296086,89.87,89.87
"1099","Chile","CHL",2008,3.48655890024407,90.21,90.21
"1100","Chile","CHL",2009,3.29780936629819,90.53,90.53
"1101","Chile","CHL",2010,3.09262677366502,90.8,90.8
"1102","Chile","CHL",2011,2.79501425240525,91.15,91.15
"1103","Chile","CHL",2012,2.52453070082744,91.39,91.39
"1104","Chile","CHL",2013,2.27946069906894,91.67,91.67
"1105","Chile","CHL",2014,2.04132176472292,91.91,91.91
"1106","Chile","CHL",2015,1.85944775192984,92,92
"1107","Chile","CHL",2016,1.6914951918462,92.28,92.28
"1108","Chile","CHL",2017,1.60959635491518,NA,NA
"1109","Chile","CHL",2018,1.50743754983187,NA,NA
"1110","Chile","CHL",2019,1.40371171372104,NA,NA
"1111","China","CHN",1990,195.560528934716,NA,NA
"1112","China","CHN",1991,187.980299046386,NA,NA
"1113","China","CHN",1992,180.519049728954,NA,NA
"1114","China","CHN",1993,172.641121271248,NA,NA
"1115","China","CHN",1994,163.418422074552,NA,NA
"1116","China","CHN",1995,153.910882428058,NA,NA
"1117","China","CHN",1996,144.877817952473,NA,NA
"1118","China","CHN",1997,134.585042799949,NA,NA
"1119","China","CHN",1998,124.727998280508,NA,NA
"1120","China","CHN",1999,117.412032275936,NA,NA
"1121","China","CHN",2000,111.55385298793,46.78,46.78
"1122","China","CHN",2001,104.89846473942,47.95,47.95
"1123","China","CHN",2002,98.8757505604277,48.61,48.61
"1124","China","CHN",2003,92.9181257831805,49.52,49.52
"1125","China","CHN",2004,87.8925312370695,50.04,50.04
"1126","China","CHN",2005,81.1145584849433,50.83,50.83
"1127","China","CHN",2006,71.9779710425078,51.8,51.8
"1128","China","CHN",2007,64.2554434300562,52.5,52.5
"1129","China","CHN",2008,58.3288348748155,53.37,53.37
"1130","China","CHN",2009,53.3047690465957,54.07,54.07
"1131","China","CHN",2010,49.099007065662,54.91,54.91
"1132","China","CHN",2011,44.7632833973166,55.66,55.66
"1133","China","CHN",2012,40.1100680715593,56.4,56.4
"1134","China","CHN",2013,36.2888610512218,57.24,57.24
"1135","China","CHN",2014,33.0118837655391,57.8,57.8
"1136","China","CHN",2015,30.055527380488,58.54,58.54
"1137","China","CHN",2016,27.9538107442107,59.26,59.26
"1138","China","CHN",2017,25.8470569015859,NA,NA
"1139","China","CHN",2018,23.3975317668886,NA,NA
"1140","China","CHN",2019,20.729331888955,NA,NA
"1141","Colombia","COL",1990,45.1568627917917,NA,NA
"1142","Colombia","COL",1991,44.5072784301615,NA,NA
"1143","Colombia","COL",1992,42.5008094936491,NA,NA
"1144","Colombia","COL",1993,39.9561872913136,NA,NA
"1145","Colombia","COL",1994,37.603929350879,NA,NA
"1146","Colombia","COL",1995,35.082783384914,NA,NA
"1147","Colombia","COL",1996,32.9748454670092,NA,NA
"1148","Colombia","COL",1997,28.9615173566683,NA,NA
"1149","Colombia","COL",1998,25.9467735988003,NA,NA
"1150","Colombia","COL",1999,24.2392566388102,NA,NA
"1151","Colombia","COL",2000,22.5101048964798,79.58,79.58
"1152","Colombia","COL",2001,21.3509766545942,80.86,80.86
"1153","Colombia","COL",2002,21.8711624975267,81.88,81.88
"1154","Colombia","COL",2003,20.0912351169329,82.99,82.99
"1155","Colombia","COL",2004,19.027639330513,83.86,83.86
"1156","Colombia","COL",2005,17.4626408414961,84.83,84.83
"1157","Colombia","COL",2006,16.5034836595531,85.69,85.69
"1158","Colombia","COL",2007,14.8360087849997,86.3,86.3
"1159","Colombia","COL",2008,13.5529331446597,87.24,87.24
"1160","Colombia","COL",2009,12.5107904100435,87.89,87.89
"1161","Colombia","COL",2010,11.2541390249961,88.49,88.49
"1162","Colombia","COL",2011,9.84333027083301,89.05,89.05
"1163","Colombia","COL",2012,8.88588134946785,89.62,89.62
"1164","Colombia","COL",2013,7.98584683464028,90.12,90.12
"1165","Colombia","COL",2014,7.19628511795267,90.87,90.87
"1166","Colombia","COL",2015,6.61136798251399,91.29,91.29
"1167","Colombia","COL",2016,6.0039269785319,91.79,91.79
"1168","Colombia","COL",2017,5.45307441955789,NA,NA
"1169","Colombia","COL",2018,5.01957727580099,NA,NA
"1170","Colombia","COL",2019,4.58601600138566,NA,NA
"1171","Comoros","COM",1990,227.137493055912,NA,NA
"1172","Comoros","COM",1991,222.295388722567,NA,NA
"1173","Comoros","COM",1992,222.85483335777,NA,NA
"1174","Comoros","COM",1993,218.737343296386,NA,NA
"1175","Comoros","COM",1994,217.568366033668,NA,NA
"1176","Comoros","COM",1995,214.40018801838,NA,NA
"1177","Comoros","COM",1996,210.678392581345,NA,NA
"1178","Comoros","COM",1997,205.753670202143,NA,NA
"1179","Comoros","COM",1998,197.197694448407,NA,NA
"1180","Comoros","COM",1999,190.05781196435,NA,NA
"1181","Comoros","COM",2000,186.727674231125,0.629999999999997,0.629999999999997
"1182","Comoros","COM",2001,179.759844358299,0.749999999999995,0.749999999999995
"1183","Comoros","COM",2002,172.925173601563,0.900000000000001,0.900000000000001
"1184","Comoros","COM",2003,164.715816806441,1.06000000000001,1.06000000000001
"1185","Comoros","COM",2004,156.625969005007,1.29,1.29
"1186","Comoros","COM",2005,153.830960982626,1.53,1.53
"1187","Comoros","COM",2006,147.487973255118,1.82,1.82
"1188","Comoros","COM",2007,148.702096912301,2.11,2.11
"1189","Comoros","COM",2008,147.215879888196,2.58,2.58
"1190","Comoros","COM",2009,141.303611491592,3.12,3.12
"1191","Comoros","COM",2010,136.864839486828,3.68000000000001,3.68000000000001
"1192","Comoros","COM",2011,135.521722339604,4.31,4.31
"1193","Comoros","COM",2012,133.010546129976,5.10000000000001,5.10000000000001
"1194","Comoros","COM",2013,129.934115524153,6.06,6.06
"1195","Comoros","COM",2014,131.107744821495,7.05,7.05
"1196","Comoros","COM",2015,127.992006789359,8.15,8.15
"1197","Comoros","COM",2016,124.625012755733,9.34,9.34
"1198","Comoros","COM",2017,121.538897425862,NA,NA
"1199","Comoros","COM",2018,117.088048177584,NA,NA
"1200","Comoros","COM",2019,113.361818334583,NA,NA
"1201","Congo","COG",1990,224.493388335646,NA,NA
"1202","Congo","COG",1991,216.823354691259,NA,NA
"1203","Congo","COG",1992,210.264405523435,NA,NA
"1204","Congo","COG",1993,206.250691023346,NA,NA
"1205","Congo","COG",1994,206.075486224682,NA,NA
"1206","Congo","COG",1995,203.836529729822,NA,NA
"1207","Congo","COG",1996,202.064306825646,NA,NA
"1208","Congo","COG",1997,198.123306494758,NA,NA
"1209","Congo","COG",1998,189.492041742579,NA,NA
"1210","Congo","COG",1999,182.917204522368,NA,NA
"1211","Congo","COG",2000,174.490008684508,10,10
"1212","Congo","COG",2001,165.113652147343,10.5,10.5
"1213","Congo","COG",2002,157.71941447257,11.08,11.08
"1214","Congo","COG",2003,154.544249178712,11.76,11.76
"1215","Congo","COG",2004,150.408254659116,12.52,12.52
"1216","Congo","COG",2005,145.309202517241,13.25,13.25
"1217","Congo","COG",2006,139.834929712271,14.07,14.07
"1218","Congo","COG",2007,134.094286520473,14.86,14.86
"1219","Congo","COG",2008,128.29612586593,15.71,15.71
"1220","Congo","COG",2009,121.267493367878,16.63,16.63
"1221","Congo","COG",2010,114.56994672092,17.53,17.53
"1222","Congo","COG",2011,107.788758782555,18.52,18.52
"1223","Congo","COG",2012,101.491929099493,19.64,19.64
"1224","Congo","COG",2013,95.0752782929045,20.63,20.63
"1225","Congo","COG",2014,89.1822812739078,21.59,21.59
"1226","Congo","COG",2015,83.7053081103244,22.74,22.74
"1227","Congo","COG",2016,79.071627418226,24.13,24.13
"1228","Congo","COG",2017,75.1413092661446,NA,NA
"1229","Congo","COG",2018,71.100837261473,NA,NA
"1230","Congo","COG",2019,66.669970224901,NA,NA
"1231","Cook Islands","COK",1990,21.012978226843,NA,NA
"1232","Cook Islands","COK",1991,19.0365072493259,NA,NA
"1233","Cook Islands","COK",1992,17.2169485129059,NA,NA
"1234","Cook Islands","COK",1993,15.5695810089515,NA,NA
"1235","Cook Islands","COK",1994,14.1517751650797,NA,NA
"1236","Cook Islands","COK",1995,12.9415056033191,NA,NA
"1237","Cook Islands","COK",1996,11.8821119611422,NA,NA
"1238","Cook Islands","COK",1997,10.9543521846785,NA,NA
"1239","Cook Islands","COK",1998,10.1227152900972,NA,NA
"1240","Cook Islands","COK",1999,9.35182866967851,NA,NA
"1241","Cook Islands","COK",2000,8.58428735461477,NA,NA
"1242","Cook Islands","COK",2001,7.72588790909716,NA,NA
"1243","Cook Islands","COK",2002,6.93422913414428,NA,NA
"1244","Cook Islands","COK",2003,6.21683072363247,NA,NA
"1245","Cook Islands","COK",2004,5.6168871470102,NA,NA
"1246","Cook Islands","COK",2005,5.16727500598683,NA,NA
"1247","Cook Islands","COK",2006,4.79585350636615,NA,NA
"1248","Cook Islands","COK",2007,4.50822217744571,NA,NA
"1249","Cook Islands","COK",2008,4.25273103034399,NA,NA
"1250","Cook Islands","COK",2009,4.07374944432427,NA,NA
"1251","Cook Islands","COK",2010,3.9858976443718,NA,NA
"1252","Cook Islands","COK",2011,3.94062179913635,NA,NA
"1253","Cook Islands","COK",2012,3.88823691698389,NA,NA
"1254","Cook Islands","COK",2013,3.82648524813903,NA,NA
"1255","Cook Islands","COK",2014,3.76564988782878,NA,NA
"1256","Cook Islands","COK",2015,3.71130651181472,NA,NA
"1257","Cook Islands","COK",2016,3.60601088875475,NA,NA
"1258","Cook Islands","COK",2017,3.44476173146856,NA,NA
"1259","Cook Islands","COK",2018,3.23611429586354,NA,NA
"1260","Cook Islands","COK",2019,2.96068221726238,NA,NA
"1261","Costa Rica","CRI",1990,26.4504257902784,NA,NA
"1262","Costa Rica","CRI",1991,24.3091000017047,NA,NA
"1263","Costa Rica","CRI",1992,22.2024216016066,NA,NA
"1264","Costa Rica","CRI",1993,19.9271807873818,NA,NA
"1265","Costa Rica","CRI",1994,18.7686877757622,NA,NA
"1266","Costa Rica","CRI",1995,17.4583249956257,NA,NA
"1267","Costa Rica","CRI",1996,14.9890345612179,NA,NA
"1268","Costa Rica","CRI",1997,13.360547875554,NA,NA
"1269","Costa Rica","CRI",1998,11.8994208305551,NA,NA
"1270","Costa Rica","CRI",1999,10.7107922552897,NA,NA
"1271","Costa Rica","CRI",2000,9.27914527111189,87.8,87.8
"1272","Costa Rica","CRI",2001,8.48981483327727,88.34,88.34
"1273","Costa Rica","CRI",2002,7.31181905056596,88.76,88.76
"1274","Costa Rica","CRI",2003,6.72267746575166,89.31,89.31
"1275","Costa Rica","CRI",2004,6.14646241909789,89.65,89.65
"1276","Costa Rica","CRI",2005,5.20649100463199,90.07,90.07
"1277","Costa Rica","CRI",2006,4.92016059156461,90.55,90.55
"1278","Costa Rica","CRI",2007,4.06192480635813,90.8,90.8
"1279","Costa Rica","CRI",2008,3.81926378922181,91.2,91.2
"1280","Costa Rica","CRI",2009,3.4734512542571,91.51,91.51
"1281","Costa Rica","CRI",2010,3.61306868524699,91.89,91.89
"1282","Costa Rica","CRI",2011,3.22199848574803,92.13,92.13
"1283","Costa Rica","CRI",2012,2.99825934912388,92.53,92.53
"1284","Costa Rica","CRI",2013,2.82595272772595,92.69,92.69
"1285","Costa Rica","CRI",2014,2.64765440147695,92.91,92.91
"1286","Costa Rica","CRI",2015,2.5409887217108,93.2,93.2
"1287","Costa Rica","CRI",2016,2.49614516429844,93.45,93.45
"1288","Costa Rica","CRI",2017,2.350593498253,NA,NA
"1289","Costa Rica","CRI",2018,2.20628983470138,NA,NA
"1290","Costa Rica","CRI",2019,2.04903836818043,NA,NA
"1291","Cote d'Ivoire","CIV",1990,220.444765791482,NA,NA
"1292","Cote d'Ivoire","CIV",1991,218.808887346438,NA,NA
"1293","Cote d'Ivoire","CIV",1992,218.704839066441,NA,NA
"1294","Cote d'Ivoire","CIV",1993,219.270730630639,NA,NA
"1295","Cote d'Ivoire","CIV",1994,219.523244464633,NA,NA
"1296","Cote d'Ivoire","CIV",1995,219.509274623008,NA,NA
"1297","Cote d'Ivoire","CIV",1996,216.238020552473,NA,NA
"1298","Cote d'Ivoire","CIV",1997,211.127539432064,NA,NA
"1299","Cote d'Ivoire","CIV",1998,206.802951168771,NA,NA
"1300","Cote d'Ivoire","CIV",1999,202.36943288214,NA,NA
"1301","Cote d'Ivoire","CIV",2000,200.756268425637,18.4105634689331,18.4105634689331
"1302","Cote d'Ivoire","CIV",2001,196.863854562982,18.539434671402,18.539434671402
"1303","Cote d'Ivoire","CIV",2002,195.107173076476,18.6207115650177,18.6207115650177
"1304","Cote d'Ivoire","CIV",2003,191.447783188665,18.6635613441467,18.6635613441467
"1305","Cote d'Ivoire","CIV",2004,189.01187190377,18.67715716362,18.67715716362
"1306","Cote d'Ivoire","CIV",2005,185.572430749811,18.6706602573395,18.6706602573395
"1307","Cote d'Ivoire","CIV",2006,183.623116569555,18.6532378196716,18.6532378196716
"1308","Cote d'Ivoire","CIV",2007,178.558885179876,18.632560968399,18.632560968399
"1309","Cote d'Ivoire","CIV",2008,175.395657871948,18.6102688312531,18.6102688312531
"1310","Cote d'Ivoire","CIV",2009,172.293620451994,18.5865104198456,18.5865104198456
"1311","Cote d'Ivoire","CIV",2010,169.055057023294,18.5614407062531,18.5614407062531
"1312","Cote d'Ivoire","CIV",2011,164.439444044274,18.535190820694,18.535190820694
"1313","Cote d'Ivoire","CIV",2012,158.660136509995,18.5079216957092,18.5079216957092
"1314","Cote d'Ivoire","CIV",2013,153.498910825362,18.4797763824463,18.4797763824463
"1315","Cote d'Ivoire","CIV",2014,145.837430198912,18.4508979320526,18.4508979320526
"1316","Cote d'Ivoire","CIV",2015,141.266940474003,17.96,17.96
"1317","Cote d'Ivoire","CIV",2016,134.061616777692,18.23,18.23
"1318","Cote d'Ivoire","CIV",2017,129.215003949469,NA,NA
"1319","Cote d'Ivoire","CIV",2018,125.30867327669,NA,NA
"1320","Cote d'Ivoire","CIV",2019,118.363049797924,NA,NA
"1321","Croatia","HRV",1990,15.8152910043886,NA,NA
"1322","Croatia","HRV",1991,14.633271484265,NA,NA
"1323","Croatia","HRV",1992,13.6773659704596,NA,NA
"1324","Croatia","HRV",1993,12.8376188396506,NA,NA
"1325","Croatia","HRV",1994,11.965120749667,NA,NA
"1326","Croatia","HRV",1995,11.2549352744371,NA,NA
"1327","Croatia","HRV",1996,10.7102160245765,NA,NA
"1328","Croatia","HRV",1997,10.1596421634261,NA,NA
"1329","Croatia","HRV",1998,9.32667470116813,NA,NA
"1330","Croatia","HRV",1999,8.52851151306435,NA,NA
"1331","Croatia","HRV",2000,7.61311390757367,80.41,80.41
"1332","Croatia","HRV",2001,6.94743599086355,81.68,81.68
"1333","Croatia","HRV",2002,6.50403378124857,82.85,82.85
"1334","Croatia","HRV",2003,6.13929079429947,84.03,84.03
"1335","Croatia","HRV",2004,5.49901216072927,85.07,85.07
"1336","Croatia","HRV",2005,5.15824740815076,85.77,85.77
"1337","Croatia","HRV",2006,4.71015160827873,86.93,86.93
"1338","Croatia","HRV",2007,4.46776539802443,87.55,87.55
"1339","Croatia","HRV",2008,4.17321566902141,88.48,88.48
"1340","Croatia","HRV",2009,3.74441590421592,89.18,89.18
"1341","Croatia","HRV",2010,3.46102146154723,89.91,89.91
"1342","Croatia","HRV",2011,3.17792017611232,90.54,90.54
"1343","Croatia","HRV",2012,2.9288728484783,90.91,90.91
"1344","Croatia","HRV",2013,2.65879871184972,91.33,91.33
"1345","Croatia","HRV",2014,2.51542533903829,91.96,91.96
"1346","Croatia","HRV",2015,2.46747449315472,92.28,92.28
"1347","Croatia","HRV",2016,2.1817147067351,92.7,92.7
"1348","Croatia","HRV",2017,2.07422948415163,NA,NA
"1349","Croatia","HRV",2018,1.94754672573253,NA,NA
"1350","Croatia","HRV",2019,1.83491841628332,NA,NA
"1351","Cuba","CUB",1990,7.52295102348728,NA,NA
"1352","Cuba","CUB",1991,6.96266898295639,NA,NA
"1353","Cuba","CUB",1992,6.66302767354543,NA,NA
"1354","Cuba","CUB",1993,6.3641559214735,NA,NA
"1355","Cuba","CUB",1994,5.978515667003,NA,NA
"1356","Cuba","CUB",1995,5.61642136614698,NA,NA
"1357","Cuba","CUB",1996,5.29463238292707,NA,NA
"1358","Cuba","CUB",1997,4.95005414288599,NA,NA
"1359","Cuba","CUB",1998,4.71320675018579,NA,NA
"1360","Cuba","CUB",1999,4.45828336495976,NA,NA
"1361","Cuba","CUB",2000,4.1242909232178,68.34,68.34
"1362","Cuba","CUB",2001,3.88745001494037,69.42,69.42
"1363","Cuba","CUB",2002,3.41480893561984,70.37,70.37
"1364","Cuba","CUB",2003,3.2365302728744,71.31,71.31
"1365","Cuba","CUB",2004,3.05495165074591,72.2,72.2
"1366","Cuba","CUB",2005,2.91479244790993,73,73
"1367","Cuba","CUB",2006,2.60771730379273,73.78,73.78
"1368","Cuba","CUB",2007,2.48060557087478,74.61,74.61
"1369","Cuba","CUB",2008,2.39979511608772,75.35,75.35
"1370","Cuba","CUB",2009,2.28258615637531,75.86,75.86
"1371","Cuba","CUB",2010,2.16713902736537,76.59,76.59
"1372","Cuba","CUB",2011,1.91355887452936,77.01,77.01
"1373","Cuba","CUB",2012,1.80186888833562,77.76,77.76
"1374","Cuba","CUB",2013,1.66946958766549,78.2,78.2
"1375","Cuba","CUB",2014,1.54697322984322,78.64,78.64
"1376","Cuba","CUB",2015,1.45825475556916,79.04,79.04
"1377","Cuba","CUB",2016,1.31690990880944,79.44,79.44
"1378","Cuba","CUB",2017,1.24172429792714,NA,NA
"1379","Cuba","CUB",2018,1.14722248206775,NA,NA
"1380","Cuba","CUB",2019,1.02877703468262,NA,NA
"1381","Cyprus","CYP",1990,1.47824752066405,NA,NA
"1382","Cyprus","CYP",1991,1.33668721458273,NA,NA
"1383","Cyprus","CYP",1992,1.20237757062731,NA,NA
"1384","Cyprus","CYP",1993,1.05595834347436,NA,NA
"1385","Cyprus","CYP",1994,0.900804234458389,NA,NA
"1386","Cyprus","CYP",1995,0.771754074282482,NA,NA
"1387","Cyprus","CYP",1996,0.658639418581988,NA,NA
"1388","Cyprus","CYP",1997,0.570978987290946,NA,NA
"1389","Cyprus","CYP",1998,0.504411804160668,NA,NA
"1390","Cyprus","CYP",1999,0.4413317254834,NA,NA
"1391","Cyprus","CYP",2000,0.373220386714073,100,100
"1392","Cyprus","CYP",2001,0.316717005847744,100,100
"1393","Cyprus","CYP",2002,0.271929591001425,100,100
"1394","Cyprus","CYP",2003,0.234137867847842,100,100
"1395","Cyprus","CYP",2004,0.203349448679551,100,100
"1396","Cyprus","CYP",2005,0.179274918757223,100,100
"1397","Cyprus","CYP",2006,0.158587132574117,100,100
"1398","Cyprus","CYP",2007,0.138026455497534,100,100
"1399","Cyprus","CYP",2008,0.117895470544006,100,100
"1400","Cyprus","CYP",2009,0.10123739516588,100,100
"1401","Cyprus","CYP",2010,0.0902858856369656,100,100
"1402","Cyprus","CYP",2011,0.0820489231773355,100,100
"1403","Cyprus","CYP",2012,0.0752979209763509,100,100
"1404","Cyprus","CYP",2013,0.0699207465654722,100,100
"1405","Cyprus","CYP",2014,0.0659751702797759,100,100
"1406","Cyprus","CYP",2015,0.0620188712649688,100,100
"1407","Cyprus","CYP",2016,0.0571150888180259,100,100
"1408","Cyprus","CYP",2017,0.0529883376652343,NA,NA
"1409","Cyprus","CYP",2018,0.0493942007714035,NA,NA
"1410","Cyprus","CYP",2019,0.0464458784035308,NA,NA
"1411","Czechia","CZE",1990,3.42960152800899,NA,NA
"1412","Czechia","CZE",1991,2.98910505579604,NA,NA
"1413","Czechia","CZE",1992,2.63699439910316,NA,NA
"1414","Czechia","CZE",1993,2.31378240277221,NA,NA
"1415","Czechia","CZE",1994,2.07289987154686,NA,NA
"1416","Czechia","CZE",1995,1.91518143301977,NA,NA
"1417","Czechia","CZE",1996,1.69640070894924,NA,NA
"1418","Czechia","CZE",1997,1.58225746749641,NA,NA
"1419","Czechia","CZE",1998,1.4222847628184,NA,NA
"1420","Czechia","CZE",1999,1.31542381784929,NA,NA
"1421","Czechia","CZE",2000,1.2274907524911,93.2,93.2
"1422","Czechia","CZE",2001,1.14817391517296,93.82,93.82
"1423","Czechia","CZE",2002,1.06390134951687,94.4,94.4
"1424","Czechia","CZE",2003,1.02540651030932,94.83,94.83
"1425","Czechia","CZE",2004,0.926631038085862,95.26,95.26
"1426","Czechia","CZE",2005,0.866462231867371,95.65,95.65
"1427","Czechia","CZE",2006,0.786869213478783,95.91,95.91
"1428","Czechia","CZE",2007,0.73512473419494,96.19,96.19
"1429","Czechia","CZE",2008,0.695566188659144,96.46,96.46
"1430","Czechia","CZE",2009,0.650447677183928,96.68,96.68
"1431","Czechia","CZE",2010,0.60966011742599,96.78,96.78
"1432","Czechia","CZE",2011,0.579241246231867,96.77,96.77
"1433","Czechia","CZE",2012,0.548379103735435,96.99,96.99
"1434","Czechia","CZE",2013,0.520316606138158,97.07,97.07
"1435","Czechia","CZE",2014,0.48390626458573,97.14,97.14
"1436","Czechia","CZE",2015,0.465844838732964,97.17,97.17
"1437","Czechia","CZE",2016,0.437530105204013,97.13,97.13
"1438","Czechia","CZE",2017,0.412585580308194,NA,NA
"1439","Czechia","CZE",2018,0.395564580485882,NA,NA
"1440","Czechia","CZE",2019,0.369566789110541,NA,NA
"1441","Democratic Republic of Congo","COD",1990,249.659873415168,NA,NA
"1442","Democratic Republic of Congo","COD",1991,248.122095638017,NA,NA
"1443","Democratic Republic of Congo","COD",1992,245.845377577036,NA,NA
"1444","Democratic Republic of Congo","COD",1993,242.837237470878,NA,NA
"1445","Democratic Republic of Congo","COD",1994,242.086869096674,NA,NA
"1446","Democratic Republic of Congo","COD",1995,242.252944114901,NA,NA
"1447","Democratic Republic of Congo","COD",1996,245.206391903869,NA,NA
"1448","Democratic Republic of Congo","COD",1997,240.262547646696,NA,NA
"1449","Democratic Republic of Congo","COD",1998,239.966030279165,NA,NA
"1450","Democratic Republic of Congo","COD",1999,238.936065676036,NA,NA
"1451","Democratic Republic of Congo","COD",2000,239.221838741886,3.57,3.57
"1452","Democratic Republic of Congo","COD",2001,238.902430352571,3.62,3.62
"1453","Democratic Republic of Congo","COD",2002,236.830083190088,3.63,3.63
"1454","Democratic Republic of Congo","COD",2003,238.946048775134,3.61,3.61
"1455","Democratic Republic of Congo","COD",2004,236.710377232042,3.61,3.61
"1456","Democratic Republic of Congo","COD",2005,233.392430611067,3.62,3.62
"1457","Democratic Republic of Congo","COD",2006,231.002950902633,3.61,3.61
"1458","Democratic Republic of Congo","COD",2007,227.528457424998,3.65,3.65
"1459","Democratic Republic of Congo","COD",2008,225.285689639017,3.68000000000001,3.68000000000001
"1460","Democratic Republic of Congo","COD",2009,221.08616183134,3.73,3.73
"1461","Democratic Republic of Congo","COD",2010,216.545909385857,3.77999999999999,3.77999999999999
"1462","Democratic Republic of Congo","COD",2011,211.235009136452,3.84,3.84
"1463","Democratic Republic of Congo","COD",2012,204.013270637289,3.83,3.83
"1464","Democratic Republic of Congo","COD",2013,194.472993549328,3.9,3.9
"1465","Democratic Republic of Congo","COD",2014,185.09031199008,3.93,3.93
"1466","Democratic Republic of Congo","COD",2015,176.882636242443,3.94,3.94
"1467","Democratic Republic of Congo","COD",2016,170.272318739907,4.02,4.02
"1468","Democratic Republic of Congo","COD",2017,165.148624061251,NA,NA
"1469","Democratic Republic of Congo","COD",2018,161.617253412312,NA,NA
"1470","Democratic Republic of Congo","COD",2019,156.923207305181,NA,NA
"1471","Denmark","DNK",1990,0.167865777733293,NA,NA
"1472","Denmark","DNK",1991,0.154858031459075,NA,NA
"1473","Denmark","DNK",1992,0.145070796469757,NA,NA
"1474","Denmark","DNK",1993,0.135698170260931,NA,NA
"1475","Denmark","DNK",1994,0.125147828963009,NA,NA
"1476","Denmark","DNK",1995,0.115412966399096,NA,NA
"1477","Denmark","DNK",1996,0.104184305091137,NA,NA
"1478","Denmark","DNK",1997,0.0935736335582483,NA,NA
"1479","Denmark","DNK",1998,0.0836257003239981,NA,NA
"1480","Denmark","DNK",1999,0.0778548599007752,NA,NA
"1481","Denmark","DNK",2000,0.069886558029118,100,100
"1482","Denmark","DNK",2001,0.0653783447486244,100,100
"1483","Denmark","DNK",2002,0.0608400240855337,100,100
"1484","Denmark","DNK",2003,0.0554770941032705,100,100
"1485","Denmark","DNK",2004,0.0502695028115851,100,100
"1486","Denmark","DNK",2005,0.0456276059049504,100,100
"1487","Denmark","DNK",2006,0.0424286776586347,100,100
"1488","Denmark","DNK",2007,0.0395632333360634,100,100
"1489","Denmark","DNK",2008,0.0364789270578461,100,100
"1490","Denmark","DNK",2009,0.0340819537036469,100,100
"1491","Denmark","DNK",2010,0.0314346511043128,100,100
"1492","Denmark","DNK",2011,0.0286100583311205,100,100
"1493","Denmark","DNK",2012,0.0263041615596021,100,100
"1494","Denmark","DNK",2013,0.0243060009638809,100,100
"1495","Denmark","DNK",2014,0.0223600016397486,100,100
"1496","Denmark","DNK",2015,0.0208809639759933,100,100
"1497","Denmark","DNK",2016,0.0199542741839972,100,100
"1498","Denmark","DNK",2017,0.0190349680309728,NA,NA
"1499","Denmark","DNK",2018,0.0179454366014235,NA,NA
"1500","Denmark","DNK",2019,0.0167158476535761,NA,NA
"1501","Djibouti","DJI",1990,142.947965390028,NA,NA
"1502","Djibouti","DJI",1991,143.012477037176,NA,NA
"1503","Djibouti","DJI",1992,140.522288606075,NA,NA
"1504","Djibouti","DJI",1993,137.131153262894,NA,NA
"1505","Djibouti","DJI",1994,131.964284136569,NA,NA
"1506","Djibouti","DJI",1995,129.469637432227,NA,NA
"1507","Djibouti","DJI",1996,124.113873852538,NA,NA
"1508","Djibouti","DJI",1997,117.786234168114,NA,NA
"1509","Djibouti","DJI",1998,112.790283904145,NA,NA
"1510","Djibouti","DJI",1999,106.320969520003,NA,NA
"1511","Djibouti","DJI",2000,99.1985705659255,5.3,5.3
"1512","Djibouti","DJI",2001,90.6839169583172,5.51,5.51
"1513","Djibouti","DJI",2002,81.1785206741114,5.74,5.74
"1514","Djibouti","DJI",2003,71.4230118735138,6.02,6.02
"1515","Djibouti","DJI",2004,64.9739396622808,6.23,6.23
"1516","Djibouti","DJI",2005,59.9269013835036,6.49,6.49
"1517","Djibouti","DJI",2006,57.0703795675492,6.85,6.85
"1518","Djibouti","DJI",2007,54.9565157543238,7.17,7.17
"1519","Djibouti","DJI",2008,53.068555985463,7.59,7.59
"1520","Djibouti","DJI",2009,51.0903563874767,7.90999999999999,7.90999999999999
"1521","Djibouti","DJI",2010,49.6836862404881,8.38,8.38
"1522","Djibouti","DJI",2011,47.9343396919723,8.84,8.84
"1523","Djibouti","DJI",2012,46.3248340632601,9.25,9.25
"1524","Djibouti","DJI",2013,44.7610356838465,9.79,9.79
"1525","Djibouti","DJI",2014,42.6048980924744,10.29,10.29
"1526","Djibouti","DJI",2015,41.0017770254235,10.89,10.89
"1527","Djibouti","DJI",2016,38.8837166157681,11.52,11.52
"1528","Djibouti","DJI",2017,36.9461824206666,NA,NA
"1529","Djibouti","DJI",2018,34.9754946256211,NA,NA
"1530","Djibouti","DJI",2019,32.7542441413168,NA,NA
"1531","Dominica","DMA",1990,49.3095824585388,NA,NA
"1532","Dominica","DMA",1991,44.9328509867041,NA,NA
"1533","Dominica","DMA",1992,39.3467456611148,NA,NA
"1534","Dominica","DMA",1993,35.1519847745675,NA,NA
"1535","Dominica","DMA",1994,31.6948906927745,NA,NA
"1536","Dominica","DMA",1995,28.4812827775312,NA,NA
"1537","Dominica","DMA",1996,25.5732757699738,NA,NA
"1538","Dominica","DMA",1997,22.5887770220938,NA,NA
"1539","Dominica","DMA",1998,19.9802772150656,NA,NA
"1540","Dominica","DMA",1999,18.2189806357375,NA,NA
"1541","Dominica","DMA",2000,16.3838764113448,78.36,78.36
"1542","Dominica","DMA",2001,14.7301440826458,79.5,79.5
"1543","Dominica","DMA",2002,13.4387844045101,80.85,80.85
"1544","Dominica","DMA",2003,12.2617510445839,81.69,81.69
"1545","Dominica","DMA",2004,11.0097921972566,82.73,82.73
"1546","Dominica","DMA",2005,10.0536403301591,83.74,83.74
"1547","Dominica","DMA",2006,9.44707240173979,84.47,84.47
"1548","Dominica","DMA",2007,8.9282025826791,85.29,85.29
"1549","Dominica","DMA",2008,8.39023548369784,85.97,85.97
"1550","Dominica","DMA",2009,7.93460778425443,86.86,86.86
"1551","Dominica","DMA",2010,7.53481618310717,87.45,87.45
"1552","Dominica","DMA",2011,7.1536996509206,88.01,88.01
"1553","Dominica","DMA",2012,6.77588311606343,88.66,88.66
"1554","Dominica","DMA",2013,6.38739516515449,89.19,89.19
"1555","Dominica","DMA",2014,6.01547419374394,89.67,89.67
"1556","Dominica","DMA",2015,5.68912455757018,90.06,90.06
"1557","Dominica","DMA",2016,5.39423636917035,90.6,90.6
"1558","Dominica","DMA",2017,5.17515232427187,NA,NA
"1559","Dominica","DMA",2018,5.00317647971916,NA,NA
"1560","Dominica","DMA",2019,4.83442768485791,NA,NA
"1561","Dominican Republic","DOM",1990,62.2658921002739,NA,NA
"1562","Dominican Republic","DOM",1991,56.7305867625728,NA,NA
"1563","Dominican Republic","DOM",1992,51.6327619747155,NA,NA
"1564","Dominican Republic","DOM",1993,48.4139454358651,NA,NA
"1565","Dominican Republic","DOM",1994,44.2418718654199,NA,NA
"1566","Dominican Republic","DOM",1995,41.4794837903286,NA,NA
"1567","Dominican Republic","DOM",1996,39.8817006159643,NA,NA
"1568","Dominican Republic","DOM",1997,38.4518525136279,NA,NA
"1569","Dominican Republic","DOM",1998,36.4132786201521,NA,NA
"1570","Dominican Republic","DOM",1999,34.1863137449957,NA,NA
"1571","Dominican Republic","DOM",2000,31.4491177465339,80.23,80.23
"1572","Dominican Republic","DOM",2001,29.0686911370348,81.07,81.07
"1573","Dominican Republic","DOM",2002,26.8076580481336,81.79,81.79
"1574","Dominican Republic","DOM",2003,25.8016905408409,82.68,82.68
"1575","Dominican Republic","DOM",2004,25.280059495459,83.43,83.43
"1576","Dominican Republic","DOM",2005,24.0540666661992,84.1,84.1
"1577","Dominican Republic","DOM",2006,22.4850269236994,84.73,84.73
"1578","Dominican Republic","DOM",2007,20.7806545126968,85.58,85.58
"1579","Dominican Republic","DOM",2008,19.1114736565154,86.2,86.2
"1580","Dominican Republic","DOM",2009,17.8007819336788,86.73,86.73
"1581","Dominican Republic","DOM",2010,16.6862010408115,87.31,87.31
"1582","Dominican Republic","DOM",2011,15.8327664309658,87.9,87.9
"1583","Dominican Republic","DOM",2012,15.7171197291923,88.4,88.4
"1584","Dominican Republic","DOM",2013,15.8008446014352,88.99,88.99
"1585","Dominican Republic","DOM",2014,15.4768445779759,89.5,89.5
"1586","Dominican Republic","DOM",2015,14.9510054501873,89.93,89.93
"1587","Dominican Republic","DOM",2016,13.7882184500696,90.41,90.41
"1588","Dominican Republic","DOM",2017,12.4125234959943,NA,NA
"1589","Dominican Republic","DOM",2018,11.2590543497192,NA,NA
"1590","Dominican Republic","DOM",2019,10.2674566893456,NA,NA
"1591","Ecuador","ECU",1990,33.4222724271671,NA,NA
"1592","Ecuador","ECU",1991,31.7891328008745,NA,NA
"1593","Ecuador","ECU",1992,28.308496373691,NA,NA
"1594","Ecuador","ECU",1993,24.9312229190263,NA,NA
"1595","Ecuador","ECU",1994,22.2529603853865,NA,NA
"1596","Ecuador","ECU",1995,20.0152051655074,NA,NA
"1597","Ecuador","ECU",1996,19.0177099913905,NA,NA
"1598","Ecuador","ECU",1997,16.9129354891918,NA,NA
"1599","Ecuador","ECU",1998,16.1323125232631,NA,NA
"1600","Ecuador","ECU",1999,15.1704337546639,NA,NA
"1601","Ecuador","ECU",2000,14.0948052308054,87.18,87.18
"1602","Ecuador","ECU",2001,12.4538872326123,87.89,87.89
"1603","Ecuador","ECU",2002,12.47903700453,88.85,88.85
"1604","Ecuador","ECU",2003,11.6781837307859,89.75,89.75
"1605","Ecuador","ECU",2004,10.6816621019371,90.29,90.29
"1606","Ecuador","ECU",2005,10.1708580199755,90.83,90.83
"1607","Ecuador","ECU",2006,9.60336922550803,91.62,91.62
"1608","Ecuador","ECU",2007,8.99375803703797,92.1,92.1
"1609","Ecuador","ECU",2008,8.40241889818667,92.57,92.57
"1610","Ecuador","ECU",2009,7.72925364958304,93.09,93.09
"1611","Ecuador","ECU",2010,7.22333338422527,93.57,93.57
"1612","Ecuador","ECU",2011,6.51446518738397,93.99,93.99
"1613","Ecuador","ECU",2012,6.12313762643255,94.39,94.39
"1614","Ecuador","ECU",2013,5.64646492547721,94.73,94.73
"1615","Ecuador","ECU",2014,5.16661763270941,95.02,95.02
"1616","Ecuador","ECU",2015,4.6903947651141,95.24,95.24
"1617","Ecuador","ECU",2016,4.36629953267255,95.58,95.58
"1618","Ecuador","ECU",2017,4.08121967414297,NA,NA
"1619","Ecuador","ECU",2018,3.7777472525274,NA,NA
"1620","Ecuador","ECU",2019,3.44401161260869,NA,NA
"1621","Egypt","EGY",1990,27.6665857897934,NA,NA
"1622","Egypt","EGY",1991,23.3466916088216,NA,NA
"1623","Egypt","EGY",1992,19.3220489498986,NA,NA
"1624","Egypt","EGY",1993,16.3919316097286,NA,NA
"1625","Egypt","EGY",1994,13.7454693111771,NA,NA
"1626","Egypt","EGY",1995,11.2585940726159,NA,NA
"1627","Egypt","EGY",1996,9.40111531089209,NA,NA
"1628","Egypt","EGY",1997,7.93465496881076,NA,NA
"1629","Egypt","EGY",1998,6.62384829315972,NA,NA
"1630","Egypt","EGY",1999,5.43735787920583,NA,NA
"1631","Egypt","EGY",2000,4.28775647760627,83.28,83.28
"1632","Egypt","EGY",2001,3.6204140993991,85.24,85.24
"1633","Egypt","EGY",2002,2.94486651104329,87.71,87.71
"1634","Egypt","EGY",2003,2.35823542681524,88.85,88.85
"1635","Egypt","EGY",2004,1.78972316074965,90.28,90.28
"1636","Egypt","EGY",2005,1.38909198748573,91.98,91.98
"1637","Egypt","EGY",2006,1.1363223012522,93.14,93.14
"1638","Egypt","EGY",2007,0.925023006913411,94,94
"1639","Egypt","EGY",2008,0.774567116761066,94.6,94.6
"1640","Egypt","EGY",2009,0.655305083627731,95.34,95.34
"1641","Egypt","EGY",2010,0.555455672467645,95.99,95.99
"1642","Egypt","EGY",2011,0.467148379441456,96.27,96.27
"1643","Egypt","EGY",2012,0.40945285272905,96.48,96.48
"1644","Egypt","EGY",2013,0.340816759741695,96.85,96.85
"1645","Egypt","EGY",2014,0.295649025268977,97.11,97.11
"1646","Egypt","EGY",2015,0.26327401843659,97.31,97.31
"1647","Egypt","EGY",2016,0.222082625843061,97.62,97.62
"1648","Egypt","EGY",2017,0.182671378476238,NA,NA
"1649","Egypt","EGY",2018,0.152629616549434,NA,NA
"1650","Egypt","EGY",2019,0.127176814763387,NA,NA
"1651","El Salvador","SLV",1990,79.4251774438204,NA,NA
"1652","El Salvador","SLV",1991,76.2468678623293,NA,NA
"1653","El Salvador","SLV",1992,75.4917308195045,NA,NA
"1654","El Salvador","SLV",1993,73.9849167889334,NA,NA
"1655","El Salvador","SLV",1994,71.7177392596573,NA,NA
"1656","El Salvador","SLV",1995,65.9774897628125,NA,NA
"1657","El Salvador","SLV",1996,61.6500108443981,NA,NA
"1658","El Salvador","SLV",1997,58.2736912852587,NA,NA
"1659","El Salvador","SLV",1998,56.4941301166455,NA,NA
"1660","El Salvador","SLV",1999,49.1607107349146,NA,NA
"1661","El Salvador","SLV",2000,45.2058011436684,56.51,56.51
"1662","El Salvador","SLV",2001,42.0311183262097,59.04,59.04
"1663","El Salvador","SLV",2002,37.9854014783724,61.49,61.49
"1664","El Salvador","SLV",2003,36.7347888982132,63.83,63.83
"1665","El Salvador","SLV",2004,35.9254200172887,66.11,66.11
"1666","El Salvador","SLV",2005,34.3694442928032,68.09,68.09
"1667","El Salvador","SLV",2006,32.9374309908849,70.27,70.27
"1668","El Salvador","SLV",2007,31.2190652416385,72.29,72.29
"1669","El Salvador","SLV",2008,29.1532761017816,74.16,74.16
"1670","El Salvador","SLV",2009,29.2717434799396,75.76,75.76
"1671","El Salvador","SLV",2010,26.1874470309084,77.68,77.68
"1672","El Salvador","SLV",2011,24.9657460677847,79.15,79.15
"1673","El Salvador","SLV",2012,21.5611836893324,80.64,80.64
"1674","El Salvador","SLV",2013,20.3094628872834,82.34,82.34
"1675","El Salvador","SLV",2014,19.1521715707391,83.52,83.52
"1676","El Salvador","SLV",2015,16.8788249713394,84.71,84.71
"1677","El Salvador","SLV",2016,14.5216946060355,86,86
"1678","El Salvador","SLV",2017,12.602895237907,NA,NA
"1679","El Salvador","SLV",2018,11.0957476997863,NA,NA
"1680","El Salvador","SLV",2019,9.97279868335724,NA,NA
"1681","Equatorial Guinea","GNQ",1990,285.519863832575,NA,NA
"1682","Equatorial Guinea","GNQ",1991,279.669846218161,NA,NA
"1683","Equatorial Guinea","GNQ",1992,270.807328038248,NA,NA
"1684","Equatorial Guinea","GNQ",1993,263.400336860961,NA,NA
"1685","Equatorial Guinea","GNQ",1994,255.299450883397,NA,NA
"1686","Equatorial Guinea","GNQ",1995,247.936210710406,NA,NA
"1687","Equatorial Guinea","GNQ",1996,238.312915521689,NA,NA
"1688","Equatorial Guinea","GNQ",1997,215.723121910234,NA,NA
"1689","Equatorial Guinea","GNQ",1998,197.183562515477,NA,NA
"1690","Equatorial Guinea","GNQ",1999,180.163902966026,NA,NA
"1691","Equatorial Guinea","GNQ",2000,163.954761777509,22.97,22.97
"1692","Equatorial Guinea","GNQ",2001,145.811308301507,23.27,23.27
"1693","Equatorial Guinea","GNQ",2002,129.255418352919,24.33,24.33
"1694","Equatorial Guinea","GNQ",2003,117.181427347343,24.82,24.82
"1695","Equatorial Guinea","GNQ",2004,106.535516794287,25.71,25.71
"1696","Equatorial Guinea","GNQ",2005,96.5292199409623,26.39,26.39
"1697","Equatorial Guinea","GNQ",2006,87.2830135147893,27.12,27.12
"1698","Equatorial Guinea","GNQ",2007,77.3992796083182,28.23,28.23
"1699","Equatorial Guinea","GNQ",2008,68.4938675904478,28.83,28.83
"1700","Equatorial Guinea","GNQ",2009,60.4790087641493,29.64,29.64
"1701","Equatorial Guinea","GNQ",2010,53.6667110719123,30.58,30.58
"1702","Equatorial Guinea","GNQ",2011,48.0260339636303,31.1,31.1
"1703","Equatorial Guinea","GNQ",2012,41.5775132017745,31.51,31.51
"1704","Equatorial Guinea","GNQ",2013,35.1883011319785,32.97,32.97
"1705","Equatorial Guinea","GNQ",2014,29.8557367306653,33.75,33.75
"1706","Equatorial Guinea","GNQ",2015,26.3943628022748,34,34
"1707","Equatorial Guinea","GNQ",2016,23.8273609145841,34.39,34.39
"1708","Equatorial Guinea","GNQ",2017,21.518415642553,NA,NA
"1709","Equatorial Guinea","GNQ",2018,19.2145544763462,NA,NA
"1710","Equatorial Guinea","GNQ",2019,16.9180509351486,NA,NA
"1711","Eritrea","ERI",1990,253.259032559287,NA,NA
"1712","Eritrea","ERI",1991,248.599640315993,NA,NA
"1713","Eritrea","ERI",1992,240.060932185349,NA,NA
"1714","Eritrea","ERI",1993,234.075584312119,NA,NA
"1715","Eritrea","ERI",1994,231.867308779243,NA,NA
"1716","Eritrea","ERI",1995,232.726960194215,NA,NA
"1717","Eritrea","ERI",1996,225.847786984543,NA,NA
"1718","Eritrea","ERI",1997,219.032067445246,NA,NA
"1719","Eritrea","ERI",1998,211.282811044909,NA,NA
"1720","Eritrea","ERI",1999,206.172050444627,NA,NA
"1721","Eritrea","ERI",2000,201.313932488128,6.08,6.08
"1722","Eritrea","ERI",2001,195.948453228306,6.49,6.49
"1723","Eritrea","ERI",2002,194.611668499179,7.07,7.07
"1724","Eritrea","ERI",2003,192.315494674472,7.56,7.56
"1725","Eritrea","ERI",2004,191.613155381005,7.88,7.88
"1726","Eritrea","ERI",2005,189.505247510338,8.76,8.76
"1727","Eritrea","ERI",2006,187.166010522972,9.3,9.3
"1728","Eritrea","ERI",2007,184.928652325162,9.96,9.96
"1729","Eritrea","ERI",2008,183.194684704227,10.58,10.58
"1730","Eritrea","ERI",2009,180.569341396791,11.37,11.37
"1731","Eritrea","ERI",2010,178.145623502726,12.13,12.13
"1732","Eritrea","ERI",2011,174.711503977298,12.73,12.73
"1733","Eritrea","ERI",2012,171.36952117586,13.4,13.4
"1734","Eritrea","ERI",2013,167.929713997781,14.01,14.01
"1735","Eritrea","ERI",2014,163.877842561059,14.78,14.78
"1736","Eritrea","ERI",2015,159.555035141336,15.6,15.6
"1737","Eritrea","ERI",2016,154.748519428239,16.32,16.32
"1738","Eritrea","ERI",2017,149.477694810182,NA,NA
"1739","Eritrea","ERI",2018,144.649007369792,NA,NA
"1740","Eritrea","ERI",2019,139.669013166757,NA,NA
"1741","Estonia","EST",1990,23.1586659297094,NA,NA
"1742","Estonia","EST",1991,22.0673829725009,NA,NA
"1743","Estonia","EST",1992,20.0369175787737,NA,NA
"1744","Estonia","EST",1993,19.7348239448654,NA,NA
"1745","Estonia","EST",1994,19.4175212061342,NA,NA
"1746","Estonia","EST",1995,17.0341369494896,NA,NA
"1747","Estonia","EST",1996,14.1349455779315,NA,NA
"1748","Estonia","EST",1997,12.9788965270006,NA,NA
"1749","Estonia","EST",1998,12.574344577809,NA,NA
"1750","Estonia","EST",1999,11.1528260168863,NA,NA
"1751","Estonia","EST",2000,10.3271329742816,79.41,79.41
"1752","Estonia","EST",2001,9.91048191016314,81,81
"1753","Estonia","EST",2002,8.99180175703367,82.27,82.27
"1754","Estonia","EST",2003,8.25182523114783,83.25,83.25
"1755","Estonia","EST",2004,7.49305081801159,84.79,84.79
"1756","Estonia","EST",2005,6.79394329453451,85.64,85.64
"1757","Estonia","EST",2006,6.1595768851764,86.64,86.64
"1758","Estonia","EST",2007,5.59082982091622,87.58,87.58
"1759","Estonia","EST",2008,4.72179019563792,88.38,88.38
"1760","Estonia","EST",2009,4.05086441250979,89.26,89.26
"1761","Estonia","EST",2010,3.3805461945192,90.04,90.04
"1762","Estonia","EST",2011,3.05024484097825,90.54,90.54
"1763","Estonia","EST",2012,2.67984909160676,91.18,91.18
"1764","Estonia","EST",2013,2.29087081936434,91.65,91.65
"1765","Estonia","EST",2014,2.03507815229116,92.14,92.14
"1766","Estonia","EST",2015,1.75564956310782,92.61,92.61
"1767","Estonia","EST",2016,1.61747916911903,92.89,92.89
"1768","Estonia","EST",2017,1.50263765597945,NA,NA
"1769","Estonia","EST",2018,1.44054001933497,NA,NA
"1770","Estonia","EST",2019,1.40052576042305,NA,NA
"1771","Eswatini","SWZ",1990,179.74657405907,NA,NA
"1772","Eswatini","SWZ",1991,174.373573479204,NA,NA
"1773","Eswatini","SWZ",1992,167.195984008763,NA,NA
"1774","Eswatini","SWZ",1993,159.793971037704,NA,NA
"1775","Eswatini","SWZ",1994,155.928185862391,NA,NA
"1776","Eswatini","SWZ",1995,155.335935492309,NA,NA
"1777","Eswatini","SWZ",1996,155.172619314856,NA,NA
"1778","Eswatini","SWZ",1997,152.088741461566,NA,NA
"1779","Eswatini","SWZ",1998,153.405990121772,NA,NA
"1780","Eswatini","SWZ",1999,155.238396461438,NA,NA
"1781","Eswatini","SWZ",2000,161.254120100168,27.24,27.24
"1782","Eswatini","SWZ",2001,164.735822266105,28.72,28.72
"1783","Eswatini","SWZ",2002,167.701364605328,29.98,29.98
"1784","Eswatini","SWZ",2003,167.80186398734,31.63,31.63
"1785","Eswatini","SWZ",2004,167.640106040348,32.96,32.96
"1786","Eswatini","SWZ",2005,166.056031865132,34.57,34.57
"1787","Eswatini","SWZ",2006,160.542422280654,35.93,35.93
"1788","Eswatini","SWZ",2007,155.726538793495,37.26,37.26
"1789","Eswatini","SWZ",2008,150.870145498376,38.78,38.78
"1790","Eswatini","SWZ",2009,145.567081743007,40.01,40.01
"1791","Eswatini","SWZ",2010,138.01913040116,41.57,41.57
"1792","Eswatini","SWZ",2011,129.747540208546,42.82,42.82
"1793","Eswatini","SWZ",2012,123.475926314129,44.49,44.49
"1794","Eswatini","SWZ",2013,116.934381207776,45.73,45.73
"1795","Eswatini","SWZ",2014,110.275796929415,47.15,47.15
"1796","Eswatini","SWZ",2015,104.215742593073,48.52,48.52
"1797","Eswatini","SWZ",2016,98.5554379111389,49.7,49.7
"1798","Eswatini","SWZ",2017,93.4627100833716,NA,NA
"1799","Eswatini","SWZ",2018,89.3103557395159,NA,NA
"1800","Eswatini","SWZ",2019,85.7649097355069,NA,NA
"1801","Ethiopia","ETH",1990,326.511958550619,NA,NA
"1802","Ethiopia","ETH",1991,321.502178966973,NA,NA
"1803","Ethiopia","ETH",1992,319.188002415179,NA,NA
"1804","Ethiopia","ETH",1993,312.977220771488,NA,NA
"1805","Ethiopia","ETH",1994,305.971145675139,NA,NA
"1806","Ethiopia","ETH",1995,299.612236548714,NA,NA
"1807","Ethiopia","ETH",1996,290.840679649949,NA,NA
"1808","Ethiopia","ETH",1997,283.787056649174,NA,NA
"1809","Ethiopia","ETH",1998,278.120004972925,NA,NA
"1810","Ethiopia","ETH",1999,271.553171793848,NA,NA
"1811","Ethiopia","ETH",2000,261.548944019973,1.07,1.07
"1812","Ethiopia","ETH",2001,251.121053271925,1.18,1.18
"1813","Ethiopia","ETH",2002,242.885207278138,1.31,1.31
"1814","Ethiopia","ETH",2003,234.932642069041,1.45999999999999,1.45999999999999
"1815","Ethiopia","ETH",2004,227.022163536539,1.58,1.58
"1816","Ethiopia","ETH",2005,219.914018183504,1.79,1.79
"1817","Ethiopia","ETH",2006,210.638019525835,1.96,1.96
"1818","Ethiopia","ETH",2007,200.986365400097,2.1,2.1
"1819","Ethiopia","ETH",2008,191.279858577824,2.36,2.36
"1820","Ethiopia","ETH",2009,181.894033901862,2.51,2.51
"1821","Ethiopia","ETH",2010,173.228675130276,2.69,2.69
"1822","Ethiopia","ETH",2011,166.882971131639,2.82,2.82
"1823","Ethiopia","ETH",2012,160.632394205815,3.01,3.01
"1824","Ethiopia","ETH",2013,154.527889957748,3.11,3.11
"1825","Ethiopia","ETH",2014,149.938380880657,3.25,3.25
"1826","Ethiopia","ETH",2015,144.990003516397,3.4,3.4
"1827","Ethiopia","ETH",2016,140.404664406511,3.51,3.51
"1828","Ethiopia","ETH",2017,136.743074046223,NA,NA
"1829","Ethiopia","ETH",2018,133.506733136611,NA,NA
"1830","Ethiopia","ETH",2019,129.950761079565,NA,NA
"1831","Fiji","FJI",1990,140.515270859467,NA,NA
"1832","Fiji","FJI",1991,137.647195685568,NA,NA
"1833","Fiji","FJI",1992,134.09642950543,NA,NA
"1834","Fiji","FJI",1993,131.64723143675,NA,NA
"1835","Fiji","FJI",1994,128.93132471097,NA,NA
"1836","Fiji","FJI",1995,126.586902359626,NA,NA
"1837","Fiji","FJI",1996,124.085758484935,NA,NA
"1838","Fiji","FJI",1997,119.618377634292,NA,NA
"1839","Fiji","FJI",1998,111.659166945967,NA,NA
"1840","Fiji","FJI",1999,112.067243576064,NA,NA
"1841","Fiji","FJI",2000,110.521472235512,31.13,31.13
"1842","Fiji","FJI",2001,103.453156174905,31.58,31.58
"1843","Fiji","FJI",2002,97.9549314514489,32.43,32.43
"1844","Fiji","FJI",2003,96.0981487003893,32.91,32.91
"1845","Fiji","FJI",2004,88.8507004946058,33.47,33.47
"1846","Fiji","FJI",2005,86.166949692332,33.98,33.98
"1847","Fiji","FJI",2006,84.2419900797716,34.69,34.69
"1848","Fiji","FJI",2007,83.2796563260009,35.39,35.39
"1849","Fiji","FJI",2008,81.7778701530968,35.8,35.8
"1850","Fiji","FJI",2009,77.5081206611528,36.33,36.33
"1851","Fiji","FJI",2010,74.9778136142883,36.91,36.91
"1852","Fiji","FJI",2011,72.2364871655662,37.47,37.47
"1853","Fiji","FJI",2012,68.6859645473016,37.93,37.93
"1854","Fiji","FJI",2013,65.0345527809699,38.32,38.32
"1855","Fiji","FJI",2014,61.6365497252571,38.83,38.83
"1856","Fiji","FJI",2015,58.2609077466457,39.16,39.16
"1857","Fiji","FJI",2016,54.6211591937291,39.56,39.56
"1858","Fiji","FJI",2017,51.1151545389836,NA,NA
"1859","Fiji","FJI",2018,47.915479129585,NA,NA
"1860","Fiji","FJI",2019,44.9004129596276,NA,NA
"1861","Finland","FIN",1990,0.356043410583614,NA,NA
"1862","Finland","FIN",1991,0.317346280685514,NA,NA
"1863","Finland","FIN",1992,0.287558933008195,NA,NA
"1864","Finland","FIN",1993,0.258629524837569,NA,NA
"1865","Finland","FIN",1994,0.225193505270809,NA,NA
"1866","Finland","FIN",1995,0.204594976487035,NA,NA
"1867","Finland","FIN",1996,0.184378584931896,NA,NA
"1868","Finland","FIN",1997,0.16761683495751,NA,NA
"1869","Finland","FIN",1998,0.150977069978963,NA,NA
"1870","Finland","FIN",1999,0.136282170890984,NA,NA
"1871","Finland","FIN",2000,0.12279705767803,100,100
"1872","Finland","FIN",2001,0.108683874482455,100,100
"1873","Finland","FIN",2002,0.0974879516130866,100,100
"1874","Finland","FIN",2003,0.0863017933867746,100,100
"1875","Finland","FIN",2004,0.0762253318132959,100,100
"1876","Finland","FIN",2005,0.0675405565600807,100,100
"1877","Finland","FIN",2006,0.0604063936436186,100,100
"1878","Finland","FIN",2007,0.055547712036878,100,100
"1879","Finland","FIN",2008,0.0508162496156197,100,100
"1880","Finland","FIN",2009,0.0466559604972416,100,100
"1881","Finland","FIN",2010,0.0424123250951297,100,100
"1882","Finland","FIN",2011,0.0375268696882438,100,100
"1883","Finland","FIN",2012,0.0328925430019511,100,100
"1884","Finland","FIN",2013,0.0282607212847021,100,100
"1885","Finland","FIN",2014,0.0241944900648972,100,100
"1886","Finland","FIN",2015,0.0208180993534405,100,100
"1887","Finland","FIN",2016,0.0182169164119587,100,100
"1888","Finland","FIN",2017,0.0169168295690258,NA,NA
"1889","Finland","FIN",2018,0.0168680512261188,NA,NA
"1890","Finland","FIN",2019,0.017379290817048,NA,NA
"1891","France","FRA",1990,0.25117484588704,NA,NA
"1892","France","FRA",1991,0.227765481751704,NA,NA
"1893","France","FRA",1992,0.206113369202023,NA,NA
"1894","France","FRA",1993,0.188742019700022,NA,NA
"1895","France","FRA",1994,0.171209870149469,NA,NA
"1896","France","FRA",1995,0.159239855694364,NA,NA
"1897","France","FRA",1996,0.148493484663711,NA,NA
"1898","France","FRA",1997,0.136600815987554,NA,NA
"1899","France","FRA",1998,0.128464115331658,NA,NA
"1900","France","FRA",1999,0.119167886407291,NA,NA
"1901","France","FRA",2000,0.10900651336962,100,100
"1902","France","FRA",2001,0.100278381428579,100,100
"1903","France","FRA",2002,0.0923729519331016,100,100
"1904","France","FRA",2003,0.084357292274598,100,100
"1905","France","FRA",2004,0.0737767604054125,100,100
"1906","France","FRA",2005,0.0673156317785622,100,100
"1907","France","FRA",2006,0.0609320351116512,100,100
"1908","France","FRA",2007,0.0553130937709238,100,100
"1909","France","FRA",2008,0.050809661736043,100,100
"1910","France","FRA",2009,0.0467905157812461,100,100
"1911","France","FRA",2010,0.0429425127417107,100,100
"1912","France","FRA",2011,0.0398161402732183,100,100
"1913","France","FRA",2012,0.0372755718026017,100,100
"1914","France","FRA",2013,0.0345134765435411,100,100
"1915","France","FRA",2014,0.0317173582474013,100,100
"1916","France","FRA",2015,0.0302507350205913,100,100
"1917","France","FRA",2016,0.0276406539200065,100,100
"1918","France","FRA",2017,0.026149769808835,NA,NA
"1919","France","FRA",2018,0.0247757718900375,NA,NA
"1920","France","FRA",2019,0.0237058930481563,NA,NA
"1921","Gabon","GAB",1990,136.369987666347,NA,NA
"1922","Gabon","GAB",1991,126.908798958921,NA,NA
"1923","Gabon","GAB",1992,118.307701971186,NA,NA
"1924","Gabon","GAB",1993,110.190514627459,NA,NA
"1925","Gabon","GAB",1994,103.959169375572,NA,NA
"1926","Gabon","GAB",1995,98.3814610769464,NA,NA
"1927","Gabon","GAB",1996,92.061387306268,NA,NA
"1928","Gabon","GAB",1997,84.2264419582009,NA,NA
"1929","Gabon","GAB",1998,77.3492144893642,NA,NA
"1930","Gabon","GAB",1999,71.2781136273921,NA,NA
"1931","Gabon","GAB",2000,66.5464653911467,58.72,58.72
"1932","Gabon","GAB",2001,61.9398491936357,60.59,60.59
"1933","Gabon","GAB",2002,56.6815459978326,62.4,62.4
"1934","Gabon","GAB",2003,52.9421704666198,64.33,64.33
"1935","Gabon","GAB",2004,49.0597544486409,65.35,65.35
"1936","Gabon","GAB",2005,44.5683070434559,67.19,67.19
"1937","Gabon","GAB",2006,40.8986825899825,68.85,68.85
"1938","Gabon","GAB",2007,36.9657333159399,69.84,69.84
"1939","Gabon","GAB",2008,33.7001903768967,71.14,71.14
"1940","Gabon","GAB",2009,29.996554504035,72.06,72.06
"1941","Gabon","GAB",2010,26.3516716582862,73.57,73.57
"1942","Gabon","GAB",2011,23.2254885575216,74.64,74.64
"1943","Gabon","GAB",2012,19.8752578669128,75.75,75.75
"1944","Gabon","GAB",2013,16.8004533402888,76.53,76.53
"1945","Gabon","GAB",2014,14.2944476456333,77.3,77.3
"1946","Gabon","GAB",2015,12.3885518585477,78.13,78.13
"1947","Gabon","GAB",2016,10.8952413091095,79.12,79.12
"1948","Gabon","GAB",2017,9.64599398719243,NA,NA
"1949","Gabon","GAB",2018,8.39975719977241,NA,NA
"1950","Gabon","GAB",2019,7.21178363708769,NA,NA
"1951","Gambia","GMB",1990,214.19477156514,NA,NA
"1952","Gambia","GMB",1991,211.173772948546,NA,NA
"1953","Gambia","GMB",1992,210.323086947154,NA,NA
"1954","Gambia","GMB",1993,202.64153676353,NA,NA
"1955","Gambia","GMB",1994,198.221104332699,NA,NA
"1956","Gambia","GMB",1995,203.84770321661,NA,NA
"1957","Gambia","GMB",1996,192.420570646811,NA,NA
"1958","Gambia","GMB",1997,189.521488146114,NA,NA
"1959","Gambia","GMB",1998,190.397535940728,NA,NA
"1960","Gambia","GMB",1999,193.735997051334,NA,NA
"1961","Gambia","GMB",2000,184.429544825636,3.19,3.19
"1962","Gambia","GMB",2001,178.668185222011,3.17,3.17
"1963","Gambia","GMB",2002,179.169364391924,3.17,3.17
"1964","Gambia","GMB",2003,178.94164484283,3.16,3.16
"1965","Gambia","GMB",2004,186.320513255699,3.18000000000001,3.18000000000001
"1966","Gambia","GMB",2005,186.017444551589,3.15,3.15
"1967","Gambia","GMB",2006,181.640417237158,3.19,3.19
"1968","Gambia","GMB",2007,178.449282609558,3.14,3.14
"1969","Gambia","GMB",2008,172.038920997933,3.16,3.16
"1970","Gambia","GMB",2009,170.157448613052,3.22,3.22
"1971","Gambia","GMB",2010,165.495087613824,3.18000000000001,3.18000000000001
"1972","Gambia","GMB",2011,155.071717249664,3.24,3.24
"1973","Gambia","GMB",2012,152.407046234299,3.2,3.2
"1974","Gambia","GMB",2013,150.64398329633,3.26,3.26
"1975","Gambia","GMB",2014,152.666150979815,3.27,3.27
"1976","Gambia","GMB",2015,147.292824884779,3.23,3.23
"1977","Gambia","GMB",2016,147.649069990414,3.3,3.3
"1978","Gambia","GMB",2017,149.455143819411,NA,NA
"1979","Gambia","GMB",2018,146.249979226283,NA,NA
"1980","Gambia","GMB",2019,144.241467755114,NA,NA
"1981","Georgia","GEO",1990,85.4876301754564,NA,NA
"1982","Georgia","GEO",1991,84.5584892141776,NA,NA
"1983","Georgia","GEO",1992,84.1914225385411,NA,NA
"1984","Georgia","GEO",1993,80.7073434672776,NA,NA
"1985","Georgia","GEO",1994,80.1172458342844,NA,NA
"1986","Georgia","GEO",1995,72.1622675397836,NA,NA
"1987","Georgia","GEO",1996,67.6669266300733,NA,NA
"1988","Georgia","GEO",1997,69.2774230135767,NA,NA
"1989","Georgia","GEO",1998,71.9441374831184,NA,NA
"1990","Georgia","GEO",1999,74.2520922373745,NA,NA
"1991","Georgia","GEO",2000,75.590565672615,41.19,41.19
"1992","Georgia","GEO",2001,73.8604172992666,43.74,43.74
"1993","Georgia","GEO",2002,74.3981979670115,46.15,46.15
"1994","Georgia","GEO",2003,72.4553539400313,48.62,48.62
"1995","Georgia","GEO",2004,69.4735140836367,51.27,51.27
"1996","Georgia","GEO",2005,65.3022110079421,53.61,53.61
"1997","Georgia","GEO",2006,60.5897925270576,56.49,56.49
"1998","Georgia","GEO",2007,54.8170101389027,58.89,58.89
"1999","Georgia","GEO",2008,51.7009964661741,61.46,61.46
"2000","Georgia","GEO",2009,50.4726531927914,63.75,63.75
"2001","Georgia","GEO",2010,47.701388713619,66.26,66.26
"2002","Georgia","GEO",2011,43.8634376545601,68.57,68.57
"2003","Georgia","GEO",2012,39.0877510026059,70.47,70.47
"2004","Georgia","GEO",2013,35.064537860606,72.26,72.26
"2005","Georgia","GEO",2014,32.2560695841879,74.35,74.35
"2006","Georgia","GEO",2015,30.3131707281764,76.36,76.36
"2007","Georgia","GEO",2016,29.656343751285,77.79,77.79
"2008","Georgia","GEO",2017,28.2896227062186,NA,NA
"2009","Georgia","GEO",2018,27.0570118729372,NA,NA
"2010","Georgia","GEO",2019,25.9036575606161,NA,NA
"2011","Germany","DEU",1990,0.0985073621902493,NA,NA
"2012","Germany","DEU",1991,0.089939206534645,NA,NA
"2013","Germany","DEU",1992,0.0817025414121484,NA,NA
"2014","Germany","DEU",1993,0.0758818604286406,NA,NA
"2015","Germany","DEU",1994,0.0699331942660847,NA,NA
"2016","Germany","DEU",1995,0.065239810857334,NA,NA
"2017","Germany","DEU",1996,0.0615690858654779,NA,NA
"2018","Germany","DEU",1997,0.0578678195358312,NA,NA
"2019","Germany","DEU",1998,0.0543673840749826,NA,NA
"2020","Germany","DEU",1999,0.0508513667002056,NA,NA
"2021","Germany","DEU",2000,0.0470564984547003,100,100
"2022","Germany","DEU",2001,0.0438409263391709,100,100
"2023","Germany","DEU",2002,0.0415632309549611,100,100
"2024","Germany","DEU",2003,0.0389645557111944,100,100
"2025","Germany","DEU",2004,0.0350814217012202,100,100
"2026","Germany","DEU",2005,0.0322323962304991,100,100
"2027","Germany","DEU",2006,0.0297155824318173,100,100
"2028","Germany","DEU",2007,0.0275118621679439,100,100
"2029","Germany","DEU",2008,0.0254882801061784,100,100
"2030","Germany","DEU",2009,0.0235584346803535,100,100
"2031","Germany","DEU",2010,0.0218275616783987,100,100
"2032","Germany","DEU",2011,0.020570834872147,100,100
"2033","Germany","DEU",2012,0.0196276477109243,100,100
"2034","Germany","DEU",2013,0.0189980319954427,100,100
"2035","Germany","DEU",2014,0.0178655700474278,100,100
"2036","Germany","DEU",2015,0.017456375902269,100,100
"2037","Germany","DEU",2016,0.016544050555717,100,100
"2038","Germany","DEU",2017,0.0155622588123921,NA,NA
"2039","Germany","DEU",2018,0.0148112940736443,NA,NA
"2040","Germany","DEU",2019,0.014121998582937,NA,NA
"2041","Ghana","GHA",1990,171.902897056002,NA,NA
"2042","Ghana","GHA",1991,168.354632746091,NA,NA
"2043","Ghana","GHA",1992,165.29880663271,NA,NA
"2044","Ghana","GHA",1993,160.92490672379,NA,NA
"2045","Ghana","GHA",1994,156.926237251207,NA,NA
"2046","Ghana","GHA",1995,153.246477262984,NA,NA
"2047","Ghana","GHA",1996,150.793816354504,NA,NA
"2048","Ghana","GHA",1997,149.005928383877,NA,NA
"2049","Ghana","GHA",1998,144.636092972438,NA,NA
"2050","Ghana","GHA",1999,141.447371464365,NA,NA
"2051","Ghana","GHA",2000,139.350507964586,5.89,5.89
"2052","Ghana","GHA",2001,138.104695618685,6.48,6.48
"2053","Ghana","GHA",2002,137.681705956679,7.15,7.15
"2054","Ghana","GHA",2003,135.824894093363,7.76,7.76
"2055","Ghana","GHA",2004,134.373174640055,8.54,8.54
"2056","Ghana","GHA",2005,132.819710838664,9.44,9.44
"2057","Ghana","GHA",2006,131.226904792491,10.17,10.17
"2058","Ghana","GHA",2007,127.990850975483,11.04,11.04
"2059","Ghana","GHA",2008,123.562345149534,12.07,12.07
"2060","Ghana","GHA",2009,119.124602437539,13.11,13.11
"2061","Ghana","GHA",2010,114.650619887696,14.05,14.05
"2062","Ghana","GHA",2011,109.765276214074,15.11,15.11
"2063","Ghana","GHA",2012,103.531836326096,16.43,16.43
"2064","Ghana","GHA",2013,97.4404987544037,17.58,17.58
"2065","Ghana","GHA",2014,91.5260720010125,18.82,18.82
"2066","Ghana","GHA",2015,87.3104761655756,20.37,20.37
"2067","Ghana","GHA",2016,82.5781709933208,21.71,21.71
"2068","Ghana","GHA",2017,78.2715259346075,NA,NA
"2069","Ghana","GHA",2018,73.4736546464534,NA,NA
"2070","Ghana","GHA",2019,69.7118660863849,NA,NA
"2071","Greece","GRC",1990,2.09880059455384,NA,NA
"2072","Greece","GRC",1991,1.88300728824306,NA,NA
"2073","Greece","GRC",1992,1.69365578372288,NA,NA
"2074","Greece","GRC",1993,1.49331394266385,NA,NA
"2075","Greece","GRC",1994,1.33606129430311,NA,NA
"2076","Greece","GRC",1995,1.20539900514364,NA,NA
"2077","Greece","GRC",1996,1.08236419343067,NA,NA
"2078","Greece","GRC",1997,0.966690411399382,NA,NA
"2079","Greece","GRC",1998,0.880272951968458,NA,NA
"2080","Greece","GRC",1999,0.797689651136717,NA,NA
"2081","Greece","GRC",2000,0.717339148282809,88.2,88.2
"2082","Greece","GRC",2001,0.644893612575212,89.16,89.16
"2083","Greece","GRC",2002,0.584063498911746,89.83,89.83
"2084","Greece","GRC",2003,0.529754314672779,90.58,90.58
"2085","Greece","GRC",2004,0.476117336523754,91.19,91.19
"2086","Greece","GRC",2005,0.426352802918135,91.77,91.77
"2087","Greece","GRC",2006,0.383081420186868,92.26,92.26
"2088","Greece","GRC",2007,0.353134601448373,92.66,92.66
"2089","Greece","GRC",2008,0.312242322432355,92.98,92.98
"2090","Greece","GRC",2009,0.281900962240011,93.3,93.3
"2091","Greece","GRC",2010,0.255356558000205,93.63,93.63
"2092","Greece","GRC",2011,0.238878581920432,93.77,93.77
"2093","Greece","GRC",2012,0.224666018349468,93.98,93.98
"2094","Greece","GRC",2013,0.204839462964967,94.1,94.1
"2095","Greece","GRC",2014,0.189135940077394,94.22,94.22
"2096","Greece","GRC",2015,0.179529951386419,94.31,94.31
"2097","Greece","GRC",2016,0.170062438382789,94.29,94.29
"2098","Greece","GRC",2017,0.163470117601263,NA,NA
"2099","Greece","GRC",2018,0.159359653261093,NA,NA
"2100","Greece","GRC",2019,0.152015027742933,NA,NA
"2101","Greenland","GRL",1990,7.25701972799635,NA,NA
"2102","Greenland","GRL",1991,7.13261835345514,NA,NA
"2103","Greenland","GRL",1992,6.97042201013769,NA,NA
"2104","Greenland","GRL",1993,7.33228768954368,NA,NA
"2105","Greenland","GRL",1994,7.19134305425237,NA,NA
"2106","Greenland","GRL",1995,6.96587248824648,NA,NA
"2107","Greenland","GRL",1996,6.62831940610593,NA,NA
"2108","Greenland","GRL",1997,6.19916811652683,NA,NA
"2109","Greenland","GRL",1998,5.66809072771279,NA,NA
"2110","Greenland","GRL",1999,5.18284978639043,NA,NA
"2111","Greenland","GRL",2000,4.66843263552227,NA,NA
"2112","Greenland","GRL",2001,4.14331397108383,NA,NA
"2113","Greenland","GRL",2002,3.61643360246545,NA,NA
"2114","Greenland","GRL",2003,2.98216063828909,NA,NA
"2115","Greenland","GRL",2004,2.33165374329709,NA,NA
"2116","Greenland","GRL",2005,2.00959429113759,NA,NA
"2117","Greenland","GRL",2006,1.7426977073412,NA,NA
"2118","Greenland","GRL",2007,1.50175900848651,NA,NA
"2119","Greenland","GRL",2008,1.28988902944444,NA,NA
"2120","Greenland","GRL",2009,1.11684126918383,NA,NA
"2121","Greenland","GRL",2010,0.995055918827597,NA,NA
"2122","Greenland","GRL",2011,0.909009540466966,NA,NA
"2123","Greenland","GRL",2012,0.83865783269363,NA,NA
"2124","Greenland","GRL",2013,0.78101037026555,NA,NA
"2125","Greenland","GRL",2014,0.732960068803888,NA,NA
"2126","Greenland","GRL",2015,0.693262463098869,NA,NA
"2127","Greenland","GRL",2016,0.666176394220842,NA,NA
"2128","Greenland","GRL",2017,0.642128786901738,NA,NA
"2129","Greenland","GRL",2018,0.607292897341848,NA,NA
"2130","Greenland","GRL",2019,0.558868025026637,NA,NA
"2131","Grenada","GRD",1990,64.4235232135962,NA,NA
"2132","Grenada","GRD",1991,55.1326043608276,NA,NA
"2133","Grenada","GRD",1992,48.0108161724519,NA,NA
"2134","Grenada","GRD",1993,42.1503931172645,NA,NA
"2135","Grenada","GRD",1994,35.4087809801492,NA,NA
"2136","Grenada","GRD",1995,29.4839886062336,NA,NA
"2137","Grenada","GRD",1996,24.1639188166443,NA,NA
"2138","Grenada","GRD",1997,19.8685934748456,NA,NA
"2139","Grenada","GRD",1998,16.4002802858646,NA,NA
"2140","Grenada","GRD",1999,13.8260492363322,NA,NA
"2141","Grenada","GRD",2000,11.8550879641544,92.93,92.93
"2142","Grenada","GRD",2001,10.3103746668866,93.39,93.39
"2143","Grenada","GRD",2002,8.98572497907966,93.84,93.84
"2144","Grenada","GRD",2003,7.83349373588162,94.18,94.18
"2145","Grenada","GRD",2004,6.9426354216533,94.59,94.59
"2146","Grenada","GRD",2005,6.22212435764824,94.82,94.82
"2147","Grenada","GRD",2006,5.72088484348884,95.11,95.11
"2148","Grenada","GRD",2007,5.33896639874466,95.33,95.33
"2149","Grenada","GRD",2008,5.06667730548683,95.56,95.56
"2150","Grenada","GRD",2009,4.83146791015348,95.73,95.73
"2151","Grenada","GRD",2010,4.56610150258377,95.89,95.89
"2152","Grenada","GRD",2011,4.26040900959742,96.08,96.08
"2153","Grenada","GRD",2012,3.82859816770002,96.22,96.22
"2154","Grenada","GRD",2013,3.61444473260595,96.4,96.4
"2155","Grenada","GRD",2014,3.41108196390505,96.46,96.46
"2156","Grenada","GRD",2015,3.17834551902892,96.5,96.5
"2157","Grenada","GRD",2016,3.07921921804652,96.58,96.58
"2158","Grenada","GRD",2017,2.83169262078233,NA,NA
"2159","Grenada","GRD",2018,2.61034597279956,NA,NA
"2160","Grenada","GRD",2019,2.39352857769502,NA,NA
"2161","Guam","GUM",1990,6.29626159842075,NA,NA
"2162","Guam","GUM",1991,6.10657424374062,NA,NA
"2163","Guam","GUM",1992,5.78419521348519,NA,NA
"2164","Guam","GUM",1993,5.36002786946183,NA,NA
"2165","Guam","GUM",1994,4.84318215212513,NA,NA
"2166","Guam","GUM",1995,4.32003682348885,NA,NA
"2167","Guam","GUM",1996,3.89026396312542,NA,NA
"2168","Guam","GUM",1997,3.57448809536608,NA,NA
"2169","Guam","GUM",1998,3.31064934615904,NA,NA
"2170","Guam","GUM",1999,3.1131332513374,NA,NA
"2171","Guam","GUM",2000,2.98662968927236,NA,NA
"2172","Guam","GUM",2001,2.90129452709652,NA,NA
"2173","Guam","GUM",2002,2.81194479992455,NA,NA
"2174","Guam","GUM",2003,2.68961284676553,NA,NA
"2175","Guam","GUM",2004,2.48826852948449,NA,NA
"2176","Guam","GUM",2005,2.28150737885385,NA,NA
"2177","Guam","GUM",2006,2.27940136652881,NA,NA
"2178","Guam","GUM",2007,2.29381319673182,NA,NA
"2179","Guam","GUM",2008,2.35920987723273,NA,NA
"2180","Guam","GUM",2009,2.45406739253629,NA,NA
"2181","Guam","GUM",2010,2.49758165647286,NA,NA
"2182","Guam","GUM",2011,2.52713288008989,NA,NA
"2183","Guam","GUM",2012,2.67140941462005,NA,NA
"2184","Guam","GUM",2013,2.84594251724504,NA,NA
"2185","Guam","GUM",2014,2.97218239801735,NA,NA
"2186","Guam","GUM",2015,3.03011850978036,NA,NA
"2187","Guam","GUM",2016,2.79728827150289,NA,NA
"2188","Guam","GUM",2017,2.53988134868259,NA,NA
"2189","Guam","GUM",2018,2.47760358401268,NA,NA
"2190","Guam","GUM",2019,2.48305329633386,NA,NA
"2191","Guatemala","GTM",1990,177.122614733324,NA,NA
"2192","Guatemala","GTM",1991,181.754940569251,NA,NA
"2193","Guatemala","GTM",1992,183.581663473255,NA,NA
"2194","Guatemala","GTM",1993,182.224038510574,NA,NA
"2195","Guatemala","GTM",1994,174.921227021485,NA,NA
"2196","Guatemala","GTM",1995,157.6251067301,NA,NA
"2197","Guatemala","GTM",1996,147.989130822907,NA,NA
"2198","Guatemala","GTM",1997,148.511199861943,NA,NA
"2199","Guatemala","GTM",1998,147.234915744638,NA,NA
"2200","Guatemala","GTM",1999,139.381751944195,NA,NA
"2201","Guatemala","GTM",2000,132.34728626685,39.34,39.34
"2202","Guatemala","GTM",2001,124.857031955181,39.75,39.75
"2203","Guatemala","GTM",2002,116.15901691263,40.11,40.11
"2204","Guatemala","GTM",2003,110.245626466228,40.71,40.71
"2205","Guatemala","GTM",2004,106.046886788226,40.94,40.94
"2206","Guatemala","GTM",2005,101.182388581668,41.56,41.56
"2207","Guatemala","GTM",2006,95.9294974648329,41.93,41.93
"2208","Guatemala","GTM",2007,89.9670754778469,42.35,42.35
"2209","Guatemala","GTM",2008,84.4881155177946,42.8,42.8
"2210","Guatemala","GTM",2009,80.9766265367711,43.19,43.19
"2211","Guatemala","GTM",2010,78.2088110901694,43.42,43.42
"2212","Guatemala","GTM",2011,74.7855608785723,43.94,43.94
"2213","Guatemala","GTM",2012,70.4024486266301,44.24,44.24
"2214","Guatemala","GTM",2013,66.6263696549379,44.46,44.46
"2215","Guatemala","GTM",2014,63.1461837264641,44.88,44.88
"2216","Guatemala","GTM",2015,60.2729402412142,45.06,45.06
"2217","Guatemala","GTM",2016,58.0215270806002,45.23,45.23
"2218","Guatemala","GTM",2017,55.1784923179035,NA,NA
"2219","Guatemala","GTM",2018,52.6035369088174,NA,NA
"2220","Guatemala","GTM",2019,50.1884158254467,NA,NA
"2221","Guinea","GIN",1990,268.503907107661,NA,NA
"2222","Guinea","GIN",1991,263.348482284775,NA,NA
"2223","Guinea","GIN",1992,260.468241904831,NA,NA
"2224","Guinea","GIN",1993,256.409749448959,NA,NA
"2225","Guinea","GIN",1994,253.241058341775,NA,NA
"2226","Guinea","GIN",1995,250.539747464759,NA,NA
"2227","Guinea","GIN",1996,246.909020224604,NA,NA
"2228","Guinea","GIN",1997,242.29383777892,NA,NA
"2229","Guinea","GIN",1998,240.449051415189,NA,NA
"2230","Guinea","GIN",1999,238.987108135956,NA,NA
"2231","Guinea","GIN",2000,235.628730362756,1.15,1.15
"2232","Guinea","GIN",2001,231.890080938955,1.19,1.19
"2233","Guinea","GIN",2002,229.771190973125,1.18,1.18
"2234","Guinea","GIN",2003,227.255935654533,1.21,1.21
"2235","Guinea","GIN",2004,227.678311365478,1.25,1.25
"2236","Guinea","GIN",2005,225.97862672543,1.19,1.19
"2237","Guinea","GIN",2006,225.688808219249,1.23,1.23
"2238","Guinea","GIN",2007,223.528564121975,1.25,1.25
"2239","Guinea","GIN",2008,221.226669054327,1.25999999999999,1.25999999999999
"2240","Guinea","GIN",2009,218.144732266433,1.23,1.23
"2241","Guinea","GIN",2010,217.113814897552,1.22,1.22
"2242","Guinea","GIN",2011,214.541495905785,1.24,1.24
"2243","Guinea","GIN",2012,212.152228357355,1.25999999999999,1.25999999999999
"2244","Guinea","GIN",2013,210.734872847346,1.23,1.23
"2245","Guinea","GIN",2014,208.942223799005,1.25,1.25
"2246","Guinea","GIN",2015,207.284634810011,1.24,1.24
"2247","Guinea","GIN",2016,202.996551072237,1.24,1.24
"2248","Guinea","GIN",2017,197.512585474643,NA,NA
"2249","Guinea","GIN",2018,192.559616036128,NA,NA
"2250","Guinea","GIN",2019,184.96194355276,NA,NA
"2251","Guinea-Bissau","GNB",1990,317.657272858246,NA,NA
"2252","Guinea-Bissau","GNB",1991,312.500711638257,NA,NA
"2253","Guinea-Bissau","GNB",1992,307.913214582005,NA,NA
"2254","Guinea-Bissau","GNB",1993,303.283645055206,NA,NA
"2255","Guinea-Bissau","GNB",1994,299.036499488811,NA,NA
"2256","Guinea-Bissau","GNB",1995,294.675186929787,NA,NA
"2257","Guinea-Bissau","GNB",1996,290.841329699656,NA,NA
"2258","Guinea-Bissau","GNB",1997,284.646145364728,NA,NA
"2259","Guinea-Bissau","GNB",1998,279.826735879768,NA,NA
"2260","Guinea-Bissau","GNB",1999,275.43977710275,NA,NA
"2261","Guinea-Bissau","GNB",2000,271.9288337396,1.38,1.38
"2262","Guinea-Bissau","GNB",2001,269.352017666935,1.35,1.35
"2263","Guinea-Bissau","GNB",2002,268.254675345598,1.39,1.39
"2264","Guinea-Bissau","GNB",2003,266.409783668109,1.39,1.39
"2265","Guinea-Bissau","GNB",2004,266.655194051518,1.35,1.35
"2266","Guinea-Bissau","GNB",2005,262.72293321091,1.39,1.39
"2267","Guinea-Bissau","GNB",2006,259.574333748402,1.4,1.4
"2268","Guinea-Bissau","GNB",2007,258.512744423629,1.41,1.41
"2269","Guinea-Bissau","GNB",2008,254.768516697379,1.39,1.39
"2270","Guinea-Bissau","GNB",2009,250.759315093495,1.44,1.44
"2271","Guinea-Bissau","GNB",2010,246.005290704896,1.45999999999999,1.45999999999999
"2272","Guinea-Bissau","GNB",2011,240.334383239409,1.43,1.43
"2273","Guinea-Bissau","GNB",2012,234.508227783013,1.44,1.44
"2274","Guinea-Bissau","GNB",2013,229.456667862474,1.45999999999999,1.45999999999999
"2275","Guinea-Bissau","GNB",2014,224.755123702547,1.5,1.5
"2276","Guinea-Bissau","GNB",2015,219.917233766992,1.45999999999999,1.45999999999999
"2277","Guinea-Bissau","GNB",2016,214.91352653981,1.52,1.52
"2278","Guinea-Bissau","GNB",2017,209.612225717723,NA,NA
"2279","Guinea-Bissau","GNB",2018,203.550880287287,NA,NA
"2280","Guinea-Bissau","GNB",2019,198.904014886949,NA,NA
"2281","Guyana","GUY",1990,68.7522302567253,NA,NA
"2282","Guyana","GUY",1991,63.47441769197,NA,NA
"2283","Guyana","GUY",1992,59.7438769110652,NA,NA
"2284","Guyana","GUY",1993,60.9399024224574,NA,NA
"2285","Guyana","GUY",1994,58.0353173165794,NA,NA
"2286","Guyana","GUY",1995,56.074422368479,NA,NA
"2287","Guyana","GUY",1996,53.6414300086779,NA,NA
"2288","Guyana","GUY",1997,49.3568852824932,NA,NA
"2289","Guyana","GUY",1998,45.5290922453405,NA,NA
"2290","Guyana","GUY",1999,40.252715329001,NA,NA
"2291","Guyana","GUY",2000,38.9794539820092,36.33,36.33
"2292","Guyana","GUY",2001,38.2719276942348,38.72,38.72
"2293","Guyana","GUY",2002,38.1733156821466,41.52,41.52
"2294","Guyana","GUY",2003,37.5072537410131,43.89,43.89
"2295","Guyana","GUY",2004,36.5560402247187,46.48,46.48
"2296","Guyana","GUY",2005,34.5866808545502,48.99,48.99
"2297","Guyana","GUY",2006,31.8180825363615,51.81,51.81
"2298","Guyana","GUY",2007,29.6974114562733,54.33,54.33
"2299","Guyana","GUY",2008,27.2313460214448,57.03,57.03
"2300","Guyana","GUY",2009,24.2431106893108,59.48,59.48
"2301","Guyana","GUY",2010,22.2332847088006,61.85,61.85
"2302","Guyana","GUY",2011,20.09449495886,64.31,64.31
"2303","Guyana","GUY",2012,18.299008628905,66.38,66.38
"2304","Guyana","GUY",2013,16.4509239550928,68.64,68.64
"2305","Guyana","GUY",2014,15.0551859106522,70.79,70.79
"2306","Guyana","GUY",2015,13.5290775032096,72.59,72.59
"2307","Guyana","GUY",2016,12.2117925069743,74.48,74.48
"2308","Guyana","GUY",2017,11.132502206975,NA,NA
"2309","Guyana","GUY",2018,10.2425350548944,NA,NA
"2310","Guyana","GUY",2019,9.41173849644472,NA,NA
"2311","Haiti","HTI",1990,294.043735218201,NA,NA
"2312","Haiti","HTI",1991,285.691705466355,NA,NA
"2313","Haiti","HTI",1992,280.004240506341,NA,NA
"2314","Haiti","HTI",1993,274.827847113269,NA,NA
"2315","Haiti","HTI",1994,268.315448007048,NA,NA
"2316","Haiti","HTI",1995,262.076729227237,NA,NA
"2317","Haiti","HTI",1996,253.538934048793,NA,NA
"2318","Haiti","HTI",1997,247.262497634646,NA,NA
"2319","Haiti","HTI",1998,237.716310464571,NA,NA
"2320","Haiti","HTI",1999,232.833345573356,NA,NA
"2321","Haiti","HTI",2000,228.449979911599,3.22,3.22
"2322","Haiti","HTI",2001,225.240083222991,3.29,3.29
"2323","Haiti","HTI",2002,221.331218139176,3.33,3.33
"2324","Haiti","HTI",2003,219.08292955521,3.34,3.34
"2325","Haiti","HTI",2004,217.354133822671,3.46,3.46
"2326","Haiti","HTI",2005,215.566417133478,3.54,3.54
"2327","Haiti","HTI",2006,212.97278813741,3.56,3.56
"2328","Haiti","HTI",2007,210.395751068544,3.59,3.59
"2329","Haiti","HTI",2008,207.741165574217,3.75,3.75
"2330","Haiti","HTI",2009,204.99507926628,3.8,3.8
"2331","Haiti","HTI",2010,203.112336055918,3.86,3.86
"2332","Haiti","HTI",2011,203.301342626362,3.92,3.92
"2333","Haiti","HTI",2012,199.305520669367,4.01,4.01
"2334","Haiti","HTI",2013,195.601441497253,4.1,4.1
"2335","Haiti","HTI",2014,192.330886090624,4.17,4.17
"2336","Haiti","HTI",2015,189.33186753535,4.27,4.27
"2337","Haiti","HTI",2016,185.619740476198,4.34,4.34
"2338","Haiti","HTI",2017,181.428849470727,NA,NA
"2339","Haiti","HTI",2018,177.772843486046,NA,NA
"2340","Haiti","HTI",2019,173.44541095049,NA,NA
"2341","Honduras","HND",1990,104.746244934615,NA,NA
"2342","Honduras","HND",1991,101.355622104128,NA,NA
"2343","Honduras","HND",1992,103.967925320368,NA,NA
"2344","Honduras","HND",1993,101.044768241107,NA,NA
"2345","Honduras","HND",1994,98.7199238951058,NA,NA
"2346","Honduras","HND",1995,105.69776195031,NA,NA
"2347","Honduras","HND",1996,109.944074189104,NA,NA
"2348","Honduras","HND",1997,106.544040899584,NA,NA
"2349","Honduras","HND",1998,102.933793383658,NA,NA
"2350","Honduras","HND",1999,99.635631483098,NA,NA
"2351","Honduras","HND",2000,96.5775039911584,29.93,29.93
"2352","Honduras","HND",2001,94.081819534795,31.66,31.66
"2353","Honduras","HND",2002,91.4661011273136,33.44,33.44
"2354","Honduras","HND",2003,88.96241198126,35.23,35.23
"2355","Honduras","HND",2004,86.8099860602995,36.93,36.93
"2356","Honduras","HND",2005,84.5087435386715,38.43,38.43
"2357","Honduras","HND",2006,82.6301939479326,40.04,40.04
"2358","Honduras","HND",2007,81.0117256153733,41.46,41.46
"2359","Honduras","HND",2008,80.4809711120708,42.9,42.9
"2360","Honduras","HND",2009,80.9828313055756,44.28,44.28
"2361","Honduras","HND",2010,82.3678661578456,45.59,45.59
"2362","Honduras","HND",2011,85.6586202736692,46.89,46.89
"2363","Honduras","HND",2012,88.4186551309917,48.31,48.31
"2364","Honduras","HND",2013,85.9432531428815,49.51,49.51
"2365","Honduras","HND",2014,83.1259922879758,50.68,50.68
"2366","Honduras","HND",2015,80.6080856932772,51.87,51.87
"2367","Honduras","HND",2016,78.2267186522705,53.1,53.1
"2368","Honduras","HND",2017,75.8107059747488,NA,NA
"2369","Honduras","HND",2018,73.0371176023358,NA,NA
"2370","Honduras","HND",2019,69.9534868599631,NA,NA
"2371","Hungary","HUN",1990,33.9971070980535,NA,NA
"2372","Hungary","HUN",1991,31.7360209272161,NA,NA
"2373","Hungary","HUN",1992,30.7159652797764,NA,NA
"2374","Hungary","HUN",1993,28.9808181228565,NA,NA
"2375","Hungary","HUN",1994,26.57121685103,NA,NA
"2376","Hungary","HUN",1995,24.6875883448929,NA,NA
"2377","Hungary","HUN",1996,22.1311297149846,NA,NA
"2378","Hungary","HUN",1997,20.6173399861006,NA,NA
"2379","Hungary","HUN",1998,19.5483236140345,NA,NA
"2380","Hungary","HUN",1999,18.4686204477952,NA,NA
"2381","Hungary","HUN",2000,16.6506283581886,100,100
"2382","Hungary","HUN",2001,15.4428102734511,100,100
"2383","Hungary","HUN",2002,14.8949747232817,100,100
"2384","Hungary","HUN",2003,14.4967867943527,100,100
"2385","Hungary","HUN",2004,13.8099406979745,100,100
"2386","Hungary","HUN",2005,13.5067448836849,100,100
"2387","Hungary","HUN",2006,12.5937984411963,100,100
"2388","Hungary","HUN",2007,12.2000537484519,100,100
"2389","Hungary","HUN",2008,11.3546865887708,100,100
"2390","Hungary","HUN",2009,10.9945689423466,100,100
"2391","Hungary","HUN",2010,10.4644392138882,100,100
"2392","Hungary","HUN",2011,10.0286422609583,100,100
"2393","Hungary","HUN",2012,9.65988863615585,100,100
"2394","Hungary","HUN",2013,9.13524906500616,100,100
"2395","Hungary","HUN",2014,8.84657335984885,100,100
"2396","Hungary","HUN",2015,8.74948923906912,100,100
"2397","Hungary","HUN",2016,8.01651161954249,100,100
"2398","Hungary","HUN",2017,7.70425325300702,NA,NA
"2399","Hungary","HUN",2018,7.37970581338245,NA,NA
"2400","Hungary","HUN",2019,6.81012485613862,NA,NA
"2401","Iceland","ISL",1990,0.210470803427988,NA,NA
"2402","Iceland","ISL",1991,0.190580524612459,NA,NA
"2403","Iceland","ISL",1992,0.171850940153455,NA,NA
"2404","Iceland","ISL",1993,0.154254810554717,NA,NA
"2405","Iceland","ISL",1994,0.140334977028787,NA,NA
"2406","Iceland","ISL",1995,0.129065072713797,NA,NA
"2407","Iceland","ISL",1996,0.118288787848009,NA,NA
"2408","Iceland","ISL",1997,0.107858561356513,NA,NA
"2409","Iceland","ISL",1998,0.0980765985552605,NA,NA
"2410","Iceland","ISL",1999,0.0880975369103514,NA,NA
"2411","Iceland","ISL",2000,0.0781240406557596,100,100
"2412","Iceland","ISL",2001,0.0701090283388256,100,100
"2413","Iceland","ISL",2002,0.0624965000138958,100,100
"2414","Iceland","ISL",2003,0.0547137303629126,100,100
"2415","Iceland","ISL",2004,0.0480043862667988,100,100
"2416","Iceland","ISL",2005,0.0429406033652325,100,100
"2417","Iceland","ISL",2006,0.0388987240780724,100,100
"2418","Iceland","ISL",2007,0.0351222136130586,100,100
"2419","Iceland","ISL",2008,0.0315430491169846,100,100
"2420","Iceland","ISL",2009,0.0285248860126116,100,100
"2421","Iceland","ISL",2010,0.0257824570394351,100,100
"2422","Iceland","ISL",2011,0.0232423573586742,100,100
"2423","Iceland","ISL",2012,0.0210328952379742,100,100
"2424","Iceland","ISL",2013,0.0187650259981599,100,100
"2425","Iceland","ISL",2014,0.0164394467205992,100,100
"2426","Iceland","ISL",2015,0.0151301863969784,100,100
"2427","Iceland","ISL",2016,0.0140050135080928,100,100
"2428","Iceland","ISL",2017,0.0131878343082952,NA,NA
"2429","Iceland","ISL",2018,0.0124143498786302,NA,NA
"2430","Iceland","ISL",2019,0.0117172040776195,NA,NA
"2431","India","IND",1990,215.537740626718,NA,NA
"2432","India","IND",1991,213.570125183391,NA,NA
"2433","India","IND",1992,209.542094521513,NA,NA
"2434","India","IND",1993,204.164268692202,NA,NA
"2435","India","IND",1994,197.37943237535,NA,NA
"2436","India","IND",1995,190.224875359834,NA,NA
"2437","India","IND",1996,188.128518547042,NA,NA
"2438","India","IND",1997,191.298379034629,NA,NA
"2439","India","IND",1998,186.455969154956,NA,NA
"2440","India","IND",1999,175.260469121968,NA,NA
"2441","India","IND",2000,169.407888588265,22.15,22.15
"2442","India","IND",2001,166.215272051551,23.85,23.85
"2443","India","IND",2002,160.868408845176,25.01,25.01
"2444","India","IND",2003,151.28812825844,25.93,25.93
"2445","India","IND",2004,138.060040878918,27.41,27.41
"2446","India","IND",2005,134.878502426974,28.34,28.34
"2447","India","IND",2006,133.096057823524,29.74,29.74
"2448","India","IND",2007,129.210071626496,30.95,30.95
"2449","India","IND",2008,124.83934977753,32.06,32.06
"2450","India","IND",2009,113.043826438996,32.82,32.82
"2451","India","IND",2010,103.597981772119,34.4,34.4
"2452","India","IND",2011,97.3741887075823,35.42,35.42
"2453","India","IND",2012,91.6363195554874,36.64,36.64
"2454","India","IND",2013,87.5556409685324,37.81,37.81
"2455","India","IND",2014,81.464327710283,38.8,38.8
"2456","India","IND",2015,75.5638633551765,39.88,39.88
"2457","India","IND",2016,70.4856392100168,41.04,41.04
"2458","India","IND",2017,66.9183212513342,NA,NA
"2459","India","IND",2018,64.1847225951682,NA,NA
"2460","India","IND",2019,59.5883224813105,NA,NA
"2461","Indonesia","IDN",1990,125.715579201526,NA,NA
"2462","Indonesia","IDN",1991,120.029598452063,NA,NA
"2463","Indonesia","IDN",1992,114.813526717659,NA,NA
"2464","Indonesia","IDN",1993,110.098325144777,NA,NA
"2465","Indonesia","IDN",1994,105.567070158956,NA,NA
"2466","Indonesia","IDN",1995,101.51146903685,NA,NA
"2467","Indonesia","IDN",1996,97.7018119842101,NA,NA
"2468","Indonesia","IDN",1997,94.2331197500588,NA,NA
"2469","Indonesia","IDN",1998,91.1328662397642,NA,NA
"2470","Indonesia","IDN",1999,88.3456110591475,NA,NA
"2471","Indonesia","IDN",2000,86.2089135609634,5.42,5.42
"2472","Indonesia","IDN",2001,84.4792645185483,6.93,6.93
"2473","Indonesia","IDN",2002,83.0782676091547,9.05,9.05
"2474","Indonesia","IDN",2003,81.8556796245326,11.29,11.29
"2475","Indonesia","IDN",2004,80.7537266203974,14.41,14.41
"2476","Indonesia","IDN",2005,79.6262654523613,18.1,18.1
"2477","Indonesia","IDN",2006,78.0334959075093,21.99,21.99
"2478","Indonesia","IDN",2007,76.2677034339993,26.28,26.28
"2479","Indonesia","IDN",2008,74.4720556892819,31.03,31.03
"2480","Indonesia","IDN",2009,72.3260673814027,35.7,35.7
"2481","Indonesia","IDN",2010,69.8232098960887,40.19,40.19
"2482","Indonesia","IDN",2011,67.2165372576184,43.93,43.93
"2483","Indonesia","IDN",2012,64.6233709919294,47.73,47.73
"2484","Indonesia","IDN",2013,61.6340874421827,51.13,51.13
"2485","Indonesia","IDN",2014,58.462343937654,54.17,54.17
"2486","Indonesia","IDN",2015,55.467244575615,56.49,56.49
"2487","Indonesia","IDN",2016,51.8781647904289,58.37,58.37
"2488","Indonesia","IDN",2017,48.3337605693852,NA,NA
"2489","Indonesia","IDN",2018,44.6973211245861,NA,NA
"2490","Indonesia","IDN",2019,40.9520761725555,NA,NA
"2491","Iran","IRN",1990,20.2390322275158,NA,NA
"2492","Iran","IRN",1991,18.0257806032975,NA,NA
"2493","Iran","IRN",1992,15.9928675761566,NA,NA
"2494","Iran","IRN",1993,14.0299649490095,NA,NA
"2495","Iran","IRN",1994,12.283909744404,NA,NA
"2496","Iran","IRN",1995,10.7408919315712,NA,NA
"2497","Iran","IRN",1996,9.33226225290211,NA,NA
"2498","Iran","IRN",1997,8.01759838285059,NA,NA
"2499","Iran","IRN",1998,6.78969426208134,NA,NA
"2500","Iran","IRN",1999,5.69536073822919,NA,NA
"2501","Iran","IRN",2000,4.80177455547154,85.68,85.68
"2502","Iran","IRN",2001,3.96832343015536,88.14,88.14
"2503","Iran","IRN",2002,3.12339623948261,90.14,90.14
"2504","Iran","IRN",2003,2.37129994547273,91.74,91.74
"2505","Iran","IRN",2004,1.76352477898734,93.21,93.21
"2506","Iran","IRN",2005,1.37489332143299,94.25,94.25
"2507","Iran","IRN",2006,1.13822032088948,95.26,95.26
"2508","Iran","IRN",2007,0.94584817936667,95.88,95.88
"2509","Iran","IRN",2008,0.794635681063064,96.5,96.5
"2510","Iran","IRN",2009,0.677543319265206,96.98,96.98
"2511","Iran","IRN",2010,0.574477817672059,97.36,97.36
"2512","Iran","IRN",2011,0.487254017954903,97.63,97.63
"2513","Iran","IRN",2012,0.418782741901557,97.89,97.89
"2514","Iran","IRN",2013,0.364576211356771,98.12,98.12
"2515","Iran","IRN",2014,0.315628757531875,98.29,98.29
"2516","Iran","IRN",2015,0.274229225180044,98.42,98.42
"2517","Iran","IRN",2016,0.233070799871625,98.49,98.49
"2518","Iran","IRN",2017,0.199579571365692,NA,NA
"2519","Iran","IRN",2018,0.169203852318258,NA,NA
"2520","Iran","IRN",2019,0.144527588415223,NA,NA
"2521","Iraq","IRQ",1990,49.6047848347537,NA,NA
"2522","Iraq","IRQ",1991,46.573786882294,NA,NA
"2523","Iraq","IRQ",1992,44.3364233655868,NA,NA
"2524","Iraq","IRQ",1993,41.8960777612995,NA,NA
"2525","Iraq","IRQ",1994,38.5288204644635,NA,NA
"2526","Iraq","IRQ",1995,35.8255412017857,NA,NA
"2527","Iraq","IRQ",1996,32.7534730367513,NA,NA
"2528","Iraq","IRQ",1997,29.2788910031238,NA,NA
"2529","Iraq","IRQ",1998,25.5832844123087,NA,NA
"2530","Iraq","IRQ",1999,22.1267119976561,NA,NA
"2531","Iraq","IRQ",2000,19.2210645556728,74.95,74.95
"2532","Iraq","IRQ",2001,16.8165459969518,78.65,78.65
"2533","Iraq","IRQ",2002,14.7699461099349,81.76,81.76
"2534","Iraq","IRQ",2003,13.0619478867155,84.63,84.63
"2535","Iraq","IRQ",2004,11.3205007461173,86.96,86.96
"2536","Iraq","IRQ",2005,9.68946435677935,89.01,89.01
"2537","Iraq","IRQ",2006,8.03397148242843,90.77,90.77
"2538","Iraq","IRQ",2007,6.51303414169438,92.14,92.14
"2539","Iraq","IRQ",2008,5.05423354919723,93.38,93.38
"2540","Iraq","IRQ",2009,3.77962944297432,94.24,94.24
"2541","Iraq","IRQ",2010,2.86145107123494,95.1,95.1
"2542","Iraq","IRQ",2011,2.21494754229395,95.72,95.72
"2543","Iraq","IRQ",2012,1.66736081295828,96.18,96.18
"2544","Iraq","IRQ",2013,1.22455146890881,96.71,96.71
"2545","Iraq","IRQ",2014,0.893135037792565,97.04,97.04
"2546","Iraq","IRQ",2015,0.671135043023029,97.39,97.39
"2547","Iraq","IRQ",2016,0.530508889165887,97.63,97.63
"2548","Iraq","IRQ",2017,0.432147351266151,NA,NA
"2549","Iraq","IRQ",2018,0.359005026413272,NA,NA
"2550","Iraq","IRQ",2019,0.305276542673165,NA,NA
"2551","Ireland","IRL",1990,0.609549102974703,NA,NA
"2552","Ireland","IRL",1991,0.549656478567464,NA,NA
"2553","Ireland","IRL",1992,0.499615540667976,NA,NA
"2554","Ireland","IRL",1993,0.459097756477408,NA,NA
"2555","Ireland","IRL",1994,0.413703756657001,NA,NA
"2556","Ireland","IRL",1995,0.381218195113794,NA,NA
"2557","Ireland","IRL",1996,0.342359818970573,NA,NA
"2558","Ireland","IRL",1997,0.308335732743791,NA,NA
"2559","Ireland","IRL",1998,0.277789248981339,NA,NA
"2560","Ireland","IRL",1999,0.252244022870072,NA,NA
"2561","Ireland","IRL",2000,0.220017736973494,100,100
"2562","Ireland","IRL",2001,0.187519612177929,100,100
"2563","Ireland","IRL",2002,0.161597422072774,100,100
"2564","Ireland","IRL",2003,0.138674320403011,100,100
"2565","Ireland","IRL",2004,0.119348489086358,100,100
"2566","Ireland","IRL",2005,0.102548387532367,100,100
"2567","Ireland","IRL",2006,0.0908040255787086,100,100
"2568","Ireland","IRL",2007,0.0795438987924647,100,100
"2569","Ireland","IRL",2008,0.0707519286775966,100,100
"2570","Ireland","IRL",2009,0.0633634794563318,100,100
"2571","Ireland","IRL",2010,0.05478361570937,100,100
"2572","Ireland","IRL",2011,0.0508954496163296,100,100
"2573","Ireland","IRL",2012,0.0467565988273803,100,100
"2574","Ireland","IRL",2013,0.0428880249010763,100,100
"2575","Ireland","IRL",2014,0.038871372773783,100,100
"2576","Ireland","IRL",2015,0.0355036236256805,100,100
"2577","Ireland","IRL",2016,0.0314256727430564,100,100
"2578","Ireland","IRL",2017,0.0284312851434104,NA,NA
"2579","Ireland","IRL",2018,0.0266933858137356,NA,NA
"2580","Ireland","IRL",2019,0.025569241296102,NA,NA
"2581","Israel","ISR",1990,0.322805424726742,NA,NA
"2582","Israel","ISR",1991,0.305697777902968,NA,NA
"2583","Israel","ISR",1992,0.287870899364366,NA,NA
"2584","Israel","ISR",1993,0.257604210391164,NA,NA
"2585","Israel","ISR",1994,0.234163217200828,NA,NA
"2586","Israel","ISR",1995,0.215593415028305,NA,NA
"2587","Israel","ISR",1996,0.196613068538496,NA,NA
"2588","Israel","ISR",1997,0.180753094266059,NA,NA
"2589","Israel","ISR",1998,0.167635209730895,NA,NA
"2590","Israel","ISR",1999,0.152563094364713,NA,NA
"2591","Israel","ISR",2000,0.13819650082,100,100
"2592","Israel","ISR",2001,0.123589831387941,100,100
"2593","Israel","ISR",2002,0.111926486283364,100,100
"2594","Israel","ISR",2003,0.100927038696844,100,100
"2595","Israel","ISR",2004,0.0894541863954208,100,100
"2596","Israel","ISR",2005,0.0808810756057282,100,100
"2597","Israel","ISR",2006,0.0725341536388783,100,100
"2598","Israel","ISR",2007,0.0660924822749903,100,100
"2599","Israel","ISR",2008,0.0585146382465128,100,100
"2600","Israel","ISR",2009,0.0523129888131463,100,100
"2601","Israel","ISR",2010,0.0479859636787016,100,100
"2602","Israel","ISR",2011,0.0457834406403635,100,100
"2603","Israel","ISR",2012,0.0430849513932592,100,100
"2604","Israel","ISR",2013,0.0408673109241993,100,100
"2605","Israel","ISR",2014,0.038719044986681,100,100
"2606","Israel","ISR",2015,0.0372798730460071,100,100
"2607","Israel","ISR",2016,0.0350361441162988,100,100
"2608","Israel","ISR",2017,0.0335542945035093,NA,NA
"2609","Israel","ISR",2018,0.0325006358274422,NA,NA
"2610","Israel","ISR",2019,0.0310396952755179,NA,NA
"2611","Italy","ITA",1990,0.951422480523004,NA,NA
"2612","Italy","ITA",1991,0.854503437516682,NA,NA
"2613","Italy","ITA",1992,0.756643521877392,NA,NA
"2614","Italy","ITA",1993,0.670625713677065,NA,NA
"2615","Italy","ITA",1994,0.602244999547188,NA,NA
"2616","Italy","ITA",1995,0.538145806741844,NA,NA
"2617","Italy","ITA",1996,0.486515646290741,NA,NA
"2618","Italy","ITA",1997,0.444830063080425,NA,NA
"2619","Italy","ITA",1998,0.412160242088183,NA,NA
"2620","Italy","ITA",1999,0.373285132308753,NA,NA
"2621","Italy","ITA",2000,0.335591183606261,100,100
"2622","Italy","ITA",2001,0.300951621253984,100,100
"2623","Italy","ITA",2002,0.274687448621354,100,100
"2624","Italy","ITA",2003,0.25332526415243,100,100
"2625","Italy","ITA",2004,0.221995661849066,100,100
"2626","Italy","ITA",2005,0.202362738500255,100,100
"2627","Italy","ITA",2006,0.182361918559896,100,100
"2628","Italy","ITA",2007,0.16626966217945,100,100
"2629","Italy","ITA",2008,0.151891058780523,100,100
"2630","Italy","ITA",2009,0.139287157593294,100,100
"2631","Italy","ITA",2010,0.126594727773819,100,100
"2632","Italy","ITA",2011,0.119029297518436,100,100
"2633","Italy","ITA",2012,0.11161134890527,100,100
"2634","Italy","ITA",2013,0.103730357025918,100,100
"2635","Italy","ITA",2014,0.0968863549672376,100,100
"2636","Italy","ITA",2015,0.0936870738375151,100,100
"2637","Italy","ITA",2016,0.0850056489960624,100,100
"2638","Italy","ITA",2017,0.0797439063646702,NA,NA
"2639","Italy","ITA",2018,0.0761338498062947,NA,NA
"2640","Italy","ITA",2019,0.0720645417258585,NA,NA
"2641","Jamaica","JAM",1990,53.653608603706,NA,NA
"2642","Jamaica","JAM",1991,45.2816629126688,NA,NA
"2643","Jamaica","JAM",1992,42.8859551315249,NA,NA
"2644","Jamaica","JAM",1993,41.0207858604852,NA,NA
"2645","Jamaica","JAM",1994,37.9562086237201,NA,NA
"2646","Jamaica","JAM",1995,34.2218571411898,NA,NA
"2647","Jamaica","JAM",1996,29.9732216639779,NA,NA
"2648","Jamaica","JAM",1997,26.3523374859243,NA,NA
"2649","Jamaica","JAM",1998,22.5075875055578,NA,NA
"2650","Jamaica","JAM",1999,19.934125215643,NA,NA
"2651","Jamaica","JAM",2000,17.7653920124451,73.16,73.16
"2652","Jamaica","JAM",2001,16.2089915174067,74.88,74.88
"2653","Jamaica","JAM",2002,13.8878871801379,76.48,76.48
"2654","Jamaica","JAM",2003,12.16599252783,77.81,77.81
"2655","Jamaica","JAM",2004,10.9781672152162,79.36,79.36
"2656","Jamaica","JAM",2005,9.9800987974972,80.57,80.57
"2657","Jamaica","JAM",2006,9.74995117859799,81.72,81.72
"2658","Jamaica","JAM",2007,10.5546946701847,82.99,82.99
"2659","Jamaica","JAM",2008,11.2562638359779,83.97,83.97
"2660","Jamaica","JAM",2009,11.6203571536827,85.08,85.08
"2661","Jamaica","JAM",2010,10.2415916605281,86,86
"2662","Jamaica","JAM",2011,10.5023735580081,86.94,86.94
"2663","Jamaica","JAM",2012,9.35911952717082,87.67,87.67
"2664","Jamaica","JAM",2013,8.90362124003916,88.43,88.43
"2665","Jamaica","JAM",2014,9.17306404755624,89.22,89.22
"2666","Jamaica","JAM",2015,8.78086719602373,89.89,89.89
"2667","Jamaica","JAM",2016,8.18638525651922,90.5,90.5
"2668","Jamaica","JAM",2017,7.6195643794069,NA,NA
"2669","Jamaica","JAM",2018,7.06830914016557,NA,NA
"2670","Jamaica","JAM",2019,6.58410634366394,NA,NA
"2671","Japan","JPN",1990,0.366400447832218,NA,NA
"2672","Japan","JPN",1991,0.322137361852909,NA,NA
"2673","Japan","JPN",1992,0.283124423776875,NA,NA
"2674","Japan","JPN",1993,0.24811570203486,NA,NA
"2675","Japan","JPN",1994,0.21535771345333,NA,NA
"2676","Japan","JPN",1995,0.190957051001373,NA,NA
"2677","Japan","JPN",1996,0.165430159814121,NA,NA
"2678","Japan","JPN",1997,0.145479448859965,NA,NA
"2679","Japan","JPN",1998,0.130884917578253,NA,NA
"2680","Japan","JPN",1999,0.11781089730549,NA,NA
"2681","Japan","JPN",2000,0.102633532313788,100,100
"2682","Japan","JPN",2001,0.089727102198638,100,100
"2683","Japan","JPN",2002,0.0788353326227648,100,100
"2684","Japan","JPN",2003,0.0700698221461715,100,100
"2685","Japan","JPN",2004,0.0623032502333656,100,100
"2686","Japan","JPN",2005,0.0566128484329903,100,100
"2687","Japan","JPN",2006,0.0507382049054669,100,100
"2688","Japan","JPN",2007,0.0455659896724465,100,100
"2689","Japan","JPN",2008,0.0413276432645187,100,100
"2690","Japan","JPN",2009,0.0377895189686626,100,100
"2691","Japan","JPN",2010,0.0354832570815652,100,100
"2692","Japan","JPN",2011,0.0339663115473045,100,100
"2693","Japan","JPN",2012,0.0321900702020825,100,100
"2694","Japan","JPN",2013,0.030614001726933,100,100
"2695","Japan","JPN",2014,0.02903557813283,100,100
"2696","Japan","JPN",2015,0.0273814049806105,100,100
"2697","Japan","JPN",2016,0.0258385911736943,100,100
"2698","Japan","JPN",2017,0.0240068435774796,NA,NA
"2699","Japan","JPN",2018,0.0228145602835494,NA,NA
"2700","Japan","JPN",2019,0.0215381132486085,NA,NA
"2701","Jordan","JOR",1990,3.32760759915553,NA,NA
"2702","Jordan","JOR",1991,2.75708644075281,NA,NA
"2703","Jordan","JOR",1992,2.21313280610607,NA,NA
"2704","Jordan","JOR",1993,1.8358544317387,NA,NA
"2705","Jordan","JOR",1994,1.47207861835925,NA,NA
"2706","Jordan","JOR",1995,1.21965051874552,NA,NA
"2707","Jordan","JOR",1996,1.03071416425258,NA,NA
"2708","Jordan","JOR",1997,0.849590172137511,NA,NA
"2709","Jordan","JOR",1998,0.702095195928879,NA,NA
"2710","Jordan","JOR",1999,0.582177888403803,NA,NA
"2711","Jordan","JOR",2000,0.47939079982667,97.28,97.28
"2712","Jordan","JOR",2001,0.41295868158412,97.59,97.59
"2713","Jordan","JOR",2002,0.349574015297997,97.69,97.69
"2714","Jordan","JOR",2003,0.284634634142547,97.98,97.98
"2715","Jordan","JOR",2004,0.246376318729314,98.11,98.11
"2716","Jordan","JOR",2005,0.215581999811712,98.24,98.24
"2717","Jordan","JOR",2006,0.180509837916022,98.37,98.37
"2718","Jordan","JOR",2007,0.13742651198501,98.41,98.41
"2719","Jordan","JOR",2008,0.107685803257074,98.56,98.56
"2720","Jordan","JOR",2009,0.0887821639298848,98.65,98.65
"2721","Jordan","JOR",2010,0.0760049685957189,98.74,98.74
"2722","Jordan","JOR",2011,0.0657656972147918,98.84,98.84
"2723","Jordan","JOR",2012,0.0561835994764958,98.9,98.9
"2724","Jordan","JOR",2013,0.0478161150764722,98.95,98.95
"2725","Jordan","JOR",2014,0.0419661587177609,98.94,98.94
"2726","Jordan","JOR",2015,0.0374322214771481,99.04,99.04
"2727","Jordan","JOR",2016,0.034535825498118,99.06,99.06
"2728","Jordan","JOR",2017,0.0319771535859082,NA,NA
"2729","Jordan","JOR",2018,0.0295690504057809,NA,NA
"2730","Jordan","JOR",2019,0.0271344554017954,NA,NA
"2731","Kazakhstan","KAZ",1990,59.6781464043559,NA,NA
"2732","Kazakhstan","KAZ",1991,60.1247419057181,NA,NA
"2733","Kazakhstan","KAZ",1992,61.6237412257445,NA,NA
"2734","Kazakhstan","KAZ",1993,65.1830389888409,NA,NA
"2735","Kazakhstan","KAZ",1994,67.1724980421491,NA,NA
"2736","Kazakhstan","KAZ",1995,67.8464561535346,NA,NA
"2737","Kazakhstan","KAZ",1996,65.5547401675546,NA,NA
"2738","Kazakhstan","KAZ",1997,62.0465664996758,NA,NA
"2739","Kazakhstan","KAZ",1998,58.1190263155051,NA,NA
"2740","Kazakhstan","KAZ",1999,54.5419956218462,NA,NA
"2741","Kazakhstan","KAZ",2000,52.0299888115228,82.85,82.85
"2742","Kazakhstan","KAZ",2001,49.2383984251406,84.31,84.31
"2743","Kazakhstan","KAZ",2002,47.0039316952466,85.55,85.55
"2744","Kazakhstan","KAZ",2003,44.789504794034,86.59,86.59
"2745","Kazakhstan","KAZ",2004,41.0157529069289,87.73,87.73
"2746","Kazakhstan","KAZ",2005,38.0771971312067,88.76,88.76
"2747","Kazakhstan","KAZ",2006,34.73237912819,89.6,89.6
"2748","Kazakhstan","KAZ",2007,31.2835621001602,90.52,90.52
"2749","Kazakhstan","KAZ",2008,27.2013831604127,91.42,91.42
"2750","Kazakhstan","KAZ",2009,23.5964533296571,91.82,91.82
"2751","Kazakhstan","KAZ",2010,21.4232123191012,92.68,92.68
"2752","Kazakhstan","KAZ",2011,19.5532604525738,93.08,93.08
"2753","Kazakhstan","KAZ",2012,17.8679051879629,93.57,93.57
"2754","Kazakhstan","KAZ",2013,16.110293166518,94.12,94.12
"2755","Kazakhstan","KAZ",2014,14.5876663874964,94.64,94.64
"2756","Kazakhstan","KAZ",2015,13.3762788439972,95.07,95.07
"2757","Kazakhstan","KAZ",2016,12.3400146686777,95.34,95.34
"2758","Kazakhstan","KAZ",2017,11.3303917634842,NA,NA
"2759","Kazakhstan","KAZ",2018,10.4239036324828,NA,NA
"2760","Kazakhstan","KAZ",2019,9.60628969608484,NA,NA
"2761","Kenya","KEN",1990,153.991545857416,NA,NA
"2762","Kenya","KEN",1991,151.542329743983,NA,NA
"2763","Kenya","KEN",1992,149.427748621757,NA,NA
"2764","Kenya","KEN",1993,146.710427282099,NA,NA
"2765","Kenya","KEN",1994,143.869608082112,NA,NA
"2766","Kenya","KEN",1995,141.222211591347,NA,NA
"2767","Kenya","KEN",1996,138.822492467851,NA,NA
"2768","Kenya","KEN",1997,137.572098343329,NA,NA
"2769","Kenya","KEN",1998,136.694017078098,NA,NA
"2770","Kenya","KEN",1999,135.161297570191,NA,NA
"2771","Kenya","KEN",2000,135.971690301089,1.99,1.99
"2772","Kenya","KEN",2001,135.54142680638,2.35,2.35
"2773","Kenya","KEN",2002,137.548491740187,2.68,2.68
"2774","Kenya","KEN",2003,138.971371660514,3.15,3.15
"2775","Kenya","KEN",2004,139.986466576653,3.65,3.65
"2776","Kenya","KEN",2005,139.819734555665,4.27999999999999,4.27999999999999
"2777","Kenya","KEN",2006,138.402110910935,4.93,4.93
"2778","Kenya","KEN",2007,135.896453303235,5.65,5.65
"2779","Kenya","KEN",2008,132.515174856727,6.39,6.39
"2780","Kenya","KEN",2009,129.309206076232,7.24,7.24
"2781","Kenya","KEN",2010,126.266052336032,8.02,8.02
"2782","Kenya","KEN",2011,122.930885706327,8.95,8.95
"2783","Kenya","KEN",2012,118.951227244374,9.9,9.9
"2784","Kenya","KEN",2013,114.535678166925,10.74,10.74
"2785","Kenya","KEN",2014,110.481456197213,11.83,11.83
"2786","Kenya","KEN",2015,106.981120935869,12.76,12.76
"2787","Kenya","KEN",2016,103.85307531273,13.42,13.42
"2788","Kenya","KEN",2017,101.461013154376,NA,NA
"2789","Kenya","KEN",2018,99.6435264863469,NA,NA
"2790","Kenya","KEN",2019,97.8699536774125,NA,NA
"2791","Kiribati","KIR",1990,302.19353862466,NA,NA
"2792","Kiribati","KIR",1991,301.103571210907,NA,NA
"2793","Kiribati","KIR",1992,299.798494906669,NA,NA
"2794","Kiribati","KIR",1993,298.364034022749,NA,NA
"2795","Kiribati","KIR",1994,293.025093667895,NA,NA
"2796","Kiribati","KIR",1995,288.555663679718,NA,NA
"2797","Kiribati","KIR",1996,286.133865562935,NA,NA
"2798","Kiribati","KIR",1997,284.824642868206,NA,NA
"2799","Kiribati","KIR",1998,282.534089303085,NA,NA
"2800","Kiribati","KIR",1999,281.173323419832,NA,NA
"2801","Kiribati","KIR",2000,277.611331124191,2.26,2.26
"2802","Kiribati","KIR",2001,273.054322018052,2.21,2.21
"2803","Kiribati","KIR",2002,268.346442007149,2.22,2.22
"2804","Kiribati","KIR",2003,264.031397780881,2.22,2.22
"2805","Kiribati","KIR",2004,259.534371897865,2.25,2.25
"2806","Kiribati","KIR",2005,255.146624193417,2.28,2.28
"2807","Kiribati","KIR",2006,252.058112472872,2.36,2.36
"2808","Kiribati","KIR",2007,249.728869853897,2.46,2.46
"2809","Kiribati","KIR",2008,248.093101795768,2.59,2.59
"2810","Kiribati","KIR",2009,245.299723534042,2.74,2.74
"2811","Kiribati","KIR",2010,241.848793933376,2.99,2.99
"2812","Kiribati","KIR",2011,238.048150741184,3.15,3.15
"2813","Kiribati","KIR",2012,233.79427813353,3.59,3.59
"2814","Kiribati","KIR",2013,228.83361010139,3.94,3.94
"2815","Kiribati","KIR",2014,223.415199323859,4.38,4.38
"2816","Kiribati","KIR",2015,218.213815917186,4.9,4.9
"2817","Kiribati","KIR",2016,212.006071216188,5.52,5.52
"2818","Kiribati","KIR",2017,204.980158512341,NA,NA
"2819","Kiribati","KIR",2018,199.285829073314,NA,NA
"2820","Kiribati","KIR",2019,193.456736042191,NA,NA
"2821","Kuwait","KWT",1990,1.43436878111955,NA,NA
"2822","Kuwait","KWT",1991,1.16286781310143,NA,NA
"2823","Kuwait","KWT",1992,0.992970752523706,NA,NA
"2824","Kuwait","KWT",1993,0.917386587495314,NA,NA
"2825","Kuwait","KWT",1994,0.897648961355802,NA,NA
"2826","Kuwait","KWT",1995,0.858077595438818,NA,NA
"2827","Kuwait","KWT",1996,0.721763325730576,NA,NA
"2828","Kuwait","KWT",1997,0.648681249866544,NA,NA
"2829","Kuwait","KWT",1998,0.481601316781682,NA,NA
"2830","Kuwait","KWT",1999,0.394067297912987,NA,NA
"2831","Kuwait","KWT",2000,0.307795305456291,100,100
"2832","Kuwait","KWT",2001,0.241368437968155,100,100
"2833","Kuwait","KWT",2002,0.223155864133291,100,100
"2834","Kuwait","KWT",2003,0.191803683842754,100,100
"2835","Kuwait","KWT",2004,0.172277979625802,100,100
"2836","Kuwait","KWT",2005,0.155033579364271,100,100
"2837","Kuwait","KWT",2006,0.135955936022011,100,100
"2838","Kuwait","KWT",2007,0.116781281636423,100,100
"2839","Kuwait","KWT",2008,0.110147280374384,100,100
"2840","Kuwait","KWT",2009,0.090242250783132,100,100
"2841","Kuwait","KWT",2010,0.0702844107392447,100,100
"2842","Kuwait","KWT",2011,0.0578459450946762,100,100
"2843","Kuwait","KWT",2012,0.0513198793956981,100,100
"2844","Kuwait","KWT",2013,0.0441290146983886,100,100
"2845","Kuwait","KWT",2014,0.0387258534632164,100,100
"2846","Kuwait","KWT",2015,0.0347633996663122,100,100
"2847","Kuwait","KWT",2016,0.0315867888431574,100,100
"2848","Kuwait","KWT",2017,0.0290686362951446,NA,NA
"2849","Kuwait","KWT",2018,0.0264229619235565,NA,NA
"2850","Kuwait","KWT",2019,0.0243295471009601,NA,NA
"2851","Kyrgyzstan","KGZ",1990,114.758505047924,NA,NA
"2852","Kyrgyzstan","KGZ",1991,112.691044579168,NA,NA
"2853","Kyrgyzstan","KGZ",1992,112.07334598527,NA,NA
"2854","Kyrgyzstan","KGZ",1993,116.231860066556,NA,NA
"2855","Kyrgyzstan","KGZ",1994,120.139133048978,NA,NA
"2856","Kyrgyzstan","KGZ",1995,117.31388596648,NA,NA
"2857","Kyrgyzstan","KGZ",1996,109.964893311504,NA,NA
"2858","Kyrgyzstan","KGZ",1997,105.65817035153,NA,NA
"2859","Kyrgyzstan","KGZ",1998,102.837921340233,NA,NA
"2860","Kyrgyzstan","KGZ",1999,99.3755124995196,NA,NA
"2861","Kyrgyzstan","KGZ",2000,104.684383814254,51.72,51.72
"2862","Kyrgyzstan","KGZ",2001,105.653316116414,53.71,53.71
"2863","Kyrgyzstan","KGZ",2002,106.262077942008,56.08,56.08
"2864","Kyrgyzstan","KGZ",2003,106.333843549804,58.36,58.36
"2865","Kyrgyzstan","KGZ",2004,101.977877859812,60.08,60.08
"2866","Kyrgyzstan","KGZ",2005,100.169207264302,62.04,62.04
"2867","Kyrgyzstan","KGZ",2006,98.6301900458961,64.43,64.43
"2868","Kyrgyzstan","KGZ",2007,93.0290728170049,66.25,66.25
"2869","Kyrgyzstan","KGZ",2008,86.0889588727488,68.67,68.67
"2870","Kyrgyzstan","KGZ",2009,77.6202385994577,70.04,70.04
"2871","Kyrgyzstan","KGZ",2010,71.0695762336486,72.15,72.15
"2872","Kyrgyzstan","KGZ",2011,65.541813040048,73.86,73.86
"2873","Kyrgyzstan","KGZ",2012,60.00149427936,75.27,75.27
"2874","Kyrgyzstan","KGZ",2013,54.3680096269141,76.91,76.91
"2875","Kyrgyzstan","KGZ",2014,50.3745663265994,78.38,78.38
"2876","Kyrgyzstan","KGZ",2015,47.9228698468604,79.98,79.98
"2877","Kyrgyzstan","KGZ",2016,43.1791596303619,81.25,81.25
"2878","Kyrgyzstan","KGZ",2017,40.3388234512278,NA,NA
"2879","Kyrgyzstan","KGZ",2018,37.2141201293379,NA,NA
"2880","Kyrgyzstan","KGZ",2019,35.1057772729109,NA,NA
"2881","Laos","LAO",1990,325.800438956449,NA,NA
"2882","Laos","LAO",1991,320.647586976092,NA,NA
"2883","Laos","LAO",1992,315.959646048784,NA,NA
"2884","Laos","LAO",1993,311.673521947814,NA,NA
"2885","Laos","LAO",1994,307.203844281978,NA,NA
"2886","Laos","LAO",1995,302.54614095257,NA,NA
"2887","Laos","LAO",1996,297.356021291359,NA,NA
"2888","Laos","LAO",1997,292.413940062448,NA,NA
"2889","Laos","LAO",1998,287.514275762559,NA,NA
"2890","Laos","LAO",1999,282.394713639205,NA,NA
"2891","Laos","LAO",2000,276.392134709828,3.99,3.99
"2892","Laos","LAO",2001,271.638051613905,4.04,4.04
"2893","Laos","LAO",2002,263.878486409254,4.21,4.21
"2894","Laos","LAO",2003,256.656916265084,4.13,4.13
"2895","Laos","LAO",2004,248.668145817788,4.29,4.29
"2896","Laos","LAO",2005,241.086053239305,4.27999999999999,4.27999999999999
"2897","Laos","LAO",2006,233.033964382976,4.56,4.56
"2898","Laos","LAO",2007,224.097985750224,4.55,4.55
"2899","Laos","LAO",2008,216.871042349709,4.79000000000001,4.79000000000001
"2900","Laos","LAO",2009,208.503799537515,4.73,4.73
"2901","Laos","LAO",2010,200.281890900875,4.83,4.83
"2902","Laos","LAO",2011,192.635817558612,5.04,5.04
"2903","Laos","LAO",2012,186.256269533246,5.13,5.13
"2904","Laos","LAO",2013,180.61054674559,5.22,5.22
"2905","Laos","LAO",2014,175.437671373971,5.42,5.42
"2906","Laos","LAO",2015,171.121578172116,5.54,5.54
"2907","Laos","LAO",2016,166.820194157663,5.62,5.62
"2908","Laos","LAO",2017,162.92978183591,NA,NA
"2909","Laos","LAO",2018,159.342707980993,NA,NA
"2910","Laos","LAO",2019,155.409187161407,NA,NA
"2911","Latvia","LVA",1990,15.7212468324631,NA,NA
"2912","Latvia","LVA",1991,14.4892165574751,NA,NA
"2913","Latvia","LVA",1992,13.6771989112766,NA,NA
"2914","Latvia","LVA",1993,14.0727480196707,NA,NA
"2915","Latvia","LVA",1994,14.2038394640229,NA,NA
"2916","Latvia","LVA",1995,12.7718295067874,NA,NA
"2917","Latvia","LVA",1996,10.76460854847,NA,NA
"2918","Latvia","LVA",1997,10.0888592121072,NA,NA
"2919","Latvia","LVA",1998,10.1583615539498,NA,NA
"2920","Latvia","LVA",1999,9.37675613639486,NA,NA
"2921","Latvia","LVA",2000,8.7957299146458,85.93,85.93
"2922","Latvia","LVA",2001,8.85541511190531,87.05,87.05
"2923","Latvia","LVA",2002,8.30096338857652,88,88
"2924","Latvia","LVA",2003,7.79575553085875,88.95,88.95
"2925","Latvia","LVA",2004,7.22634559010812,89.9,89.9
"2926","Latvia","LVA",2005,6.97186411148452,90.49,90.49
"2927","Latvia","LVA",2006,6.80076636323906,91.22,91.22
"2928","Latvia","LVA",2007,6.1167650006984,91.87,91.87
"2929","Latvia","LVA",2008,5.21318133901763,92.49,92.49
"2930","Latvia","LVA",2009,4.60367648309893,92.87,92.87
"2931","Latvia","LVA",2010,4.23082552534372,93.37,93.37
"2932","Latvia","LVA",2011,3.9070624561595,93.83,93.83
"2933","Latvia","LVA",2012,3.6608419503731,94.14,94.14
"2934","Latvia","LVA",2013,3.55742115037884,94.5,94.5
"2935","Latvia","LVA",2014,3.29942921594137,94.85,94.85
"2936","Latvia","LVA",2015,3.07802909303783,95.05,95.05
"2937","Latvia","LVA",2016,2.83133649369997,95.28,95.28
"2938","Latvia","LVA",2017,2.660194988875,NA,NA
"2939","Latvia","LVA",2018,2.53022347388694,NA,NA
"2940","Latvia","LVA",2019,2.41870758901102,NA,NA
"2941","Lebanon","LBN",1990,19.021237937319,NA,NA
"2942","Lebanon","LBN",1991,16.449874554562,NA,NA
"2943","Lebanon","LBN",1992,14.2489228982602,NA,NA
"2944","Lebanon","LBN",1993,12.2771008985816,NA,NA
"2945","Lebanon","LBN",1994,10.4295234402256,NA,NA
"2946","Lebanon","LBN",1995,8.90133187153419,NA,NA
"2947","Lebanon","LBN",1996,7.63658028759989,NA,NA
"2948","Lebanon","LBN",1997,6.56249694272588,NA,NA
"2949","Lebanon","LBN",1998,5.62040133245599,NA,NA
"2950","Lebanon","LBN",1999,4.79102287788206,NA,NA
"2951","Lebanon","LBN",2000,4.10465434518961,NA,NA
"2952","Lebanon","LBN",2001,3.52002899572903,NA,NA
"2953","Lebanon","LBN",2002,3.01087946827596,NA,NA
"2954","Lebanon","LBN",2003,2.57652157701221,NA,NA
"2955","Lebanon","LBN",2004,2.20605271775146,NA,NA
"2956","Lebanon","LBN",2005,1.89461126728225,NA,NA
"2957","Lebanon","LBN",2006,1.62154186149519,NA,NA
"2958","Lebanon","LBN",2007,1.37045570833561,NA,NA
"2959","Lebanon","LBN",2008,1.14536013962171,NA,NA
"2960","Lebanon","LBN",2009,0.949776241427437,NA,NA
"2961","Lebanon","LBN",2010,0.792875139477267,NA,NA
"2962","Lebanon","LBN",2011,0.669370555769525,NA,NA
"2963","Lebanon","LBN",2012,0.55681703685229,NA,NA
"2964","Lebanon","LBN",2013,0.460796575731861,NA,NA
"2965","Lebanon","LBN",2014,0.382715798278882,NA,NA
"2966","Lebanon","LBN",2015,0.322544060437846,NA,NA
"2967","Lebanon","LBN",2016,0.280090455104344,NA,NA
"2968","Lebanon","LBN",2017,0.246216094576626,NA,NA
"2969","Lebanon","LBN",2018,0.214033731622651,NA,NA
"2970","Lebanon","LBN",2019,0.185797233002355,NA,NA
"2971","Lesotho","LSO",1990,180.26648818809,NA,NA
"2972","Lesotho","LSO",1991,175.408121808714,NA,NA
"2973","Lesotho","LSO",1992,171.679518534808,NA,NA
"2974","Lesotho","LSO",1993,167.834721767593,NA,NA
"2975","Lesotho","LSO",1994,165.272886150324,NA,NA
"2976","Lesotho","LSO",1995,161.795892110751,NA,NA
"2977","Lesotho","LSO",1996,157.844047057932,NA,NA
"2978","Lesotho","LSO",1997,154.909457358604,NA,NA
"2979","Lesotho","LSO",1998,156.921604528641,NA,NA
"2980","Lesotho","LSO",1999,159.452387485214,NA,NA
"2981","Lesotho","LSO",2000,166.285884880017,18.14,18.14
"2982","Lesotho","LSO",2001,168.651734936498,19.03,19.03
"2983","Lesotho","LSO",2002,173.59230720521,20.61,20.61
"2984","Lesotho","LSO",2003,179.870043157667,21.48,21.48
"2985","Lesotho","LSO",2004,184.307466881737,23.05,23.05
"2986","Lesotho","LSO",2005,186.846543649322,24.1,24.1
"2987","Lesotho","LSO",2006,186.631150297578,25.29,25.29
"2988","Lesotho","LSO",2007,185.422738477839,26.69,26.69
"2989","Lesotho","LSO",2008,184.082925124207,27.63,27.63
"2990","Lesotho","LSO",2009,179.115011140313,28.78,28.78
"2991","Lesotho","LSO",2010,176.278219307917,29.86,29.86
"2992","Lesotho","LSO",2011,172.669218583392,30.68,30.68
"2993","Lesotho","LSO",2012,170.662889194883,31.96,31.96
"2994","Lesotho","LSO",2013,167.885230805463,32.99,32.99
"2995","Lesotho","LSO",2014,164.326997528154,33.93,33.93
"2996","Lesotho","LSO",2015,159.0352323657,34.74,34.74
"2997","Lesotho","LSO",2016,151.27566632176,35.61,35.61
"2998","Lesotho","LSO",2017,143.985233268215,NA,NA
"2999","Lesotho","LSO",2018,138.282552216587,NA,NA
"3000","Lesotho","LSO",2019,133.440316386942,NA,NA
"3001","Liberia","LBR",1990,239.610236823771,NA,NA
"3002","Liberia","LBR",1991,231.558363502772,NA,NA
"3003","Liberia","LBR",1992,233.764505769385,NA,NA
"3004","Liberia","LBR",1993,235.396795658955,NA,NA
"3005","Liberia","LBR",1994,233.263550944643,NA,NA
"3006","Liberia","LBR",1995,227.144617121095,NA,NA
"3007","Liberia","LBR",1996,226.647044946349,NA,NA
"3008","Liberia","LBR",1997,220.759679242342,NA,NA
"3009","Liberia","LBR",1998,215.42628884142,NA,NA
"3010","Liberia","LBR",1999,207.175254619257,NA,NA
"3011","Liberia","LBR",2000,202.499273226096,0.619999999999998,0.619999999999998
"3012","Liberia","LBR",2001,193.958607323883,0.619999999999998,0.619999999999998
"3013","Liberia","LBR",2002,187.679605788617,0.590000000000002,0.590000000000002
"3014","Liberia","LBR",2003,179.484349375595,0.619999999999998,0.619999999999998
"3015","Liberia","LBR",2004,172.82146419573,0.629999999999997,0.629999999999997
"3016","Liberia","LBR",2005,168.573215462991,0.629999999999997,0.629999999999997
"3017","Liberia","LBR",2006,167.325872471608,0.629999999999997,0.629999999999997
"3018","Liberia","LBR",2007,164.689033812322,0.639999999999996,0.639999999999996
"3019","Liberia","LBR",2008,164.156195649996,0.629999999999997,0.629999999999997
"3020","Liberia","LBR",2009,163.390179908311,0.670000000000004,0.670000000000004
"3021","Liberia","LBR",2010,161.528696912457,0.649999999999995,0.649999999999995
"3022","Liberia","LBR",2011,157.917116787966,0.670000000000004,0.670000000000004
"3023","Liberia","LBR",2012,154.463769288763,0.690000000000002,0.690000000000002
"3024","Liberia","LBR",2013,147.922936301682,0.680000000000003,0.680000000000003
"3025","Liberia","LBR",2014,139.369800905629,0.71,0.71
"3026","Liberia","LBR",2015,135.636292238393,0.700000000000001,0.700000000000001
"3027","Liberia","LBR",2016,131.561809226009,0.71,0.71
"3028","Liberia","LBR",2017,128.024289745088,NA,NA
"3029","Liberia","LBR",2018,125.54276304695,NA,NA
"3030","Liberia","LBR",2019,122.113077981441,NA,NA
"3031","Libya","LBY",1990,27.9377343454299,NA,NA
"3032","Libya","LBY",1991,22.7944424506039,NA,NA
"3033","Libya","LBY",1992,17.9331240068439,NA,NA
"3034","Libya","LBY",1993,14.1008250011715,NA,NA
"3035","Libya","LBY",1994,10.9861067658775,NA,NA
"3036","Libya","LBY",1995,8.68009736271062,NA,NA
"3037","Libya","LBY",1996,6.96329418758632,NA,NA
"3038","Libya","LBY",1997,5.74269103657247,NA,NA
"3039","Libya","LBY",1998,4.76760608081418,NA,NA
"3040","Libya","LBY",1999,3.8737790960301,NA,NA
"3041","Libya","LBY",2000,3.15294402636912,NA,NA
"3042","Libya","LBY",2001,2.57463988925032,NA,NA
"3043","Libya","LBY",2002,2.07654242329083,NA,NA
"3044","Libya","LBY",2003,1.60322551238448,NA,NA
"3045","Libya","LBY",2004,1.20170387441007,NA,NA
"3046","Libya","LBY",2005,0.961177011138993,NA,NA
"3047","Libya","LBY",2006,0.789142439029448,NA,NA
"3048","Libya","LBY",2007,0.701223380971545,NA,NA
"3049","Libya","LBY",2008,0.569846110085117,NA,NA
"3050","Libya","LBY",2009,0.482244251422774,NA,NA
"3051","Libya","LBY",2010,0.396575107515321,NA,NA
"3052","Libya","LBY",2011,0.350602233233923,NA,NA
"3053","Libya","LBY",2012,0.311005907456339,NA,NA
"3054","Libya","LBY",2013,0.284151562903331,NA,NA
"3055","Libya","LBY",2014,0.264380983426168,NA,NA
"3056","Libya","LBY",2015,0.245141233344706,NA,NA
"3057","Libya","LBY",2016,0.228714221446732,NA,NA
"3058","Libya","LBY",2017,0.211030551806614,NA,NA
"3059","Libya","LBY",2018,0.188446874378966,NA,NA
"3060","Libya","LBY",2019,0.16282804434254,NA,NA
"3061","Lithuania","LTU",1990,10.6841514360933,NA,NA
"3062","Lithuania","LTU",1991,10.3338309226988,NA,NA
"3063","Lithuania","LTU",1992,9.46961025933681,NA,NA
"3064","Lithuania","LTU",1993,9.66328841740103,NA,NA
"3065","Lithuania","LTU",1994,9.23955944036638,NA,NA
"3066","Lithuania","LTU",1995,8.42472289372903,NA,NA
"3067","Lithuania","LTU",1996,7.41523834313756,NA,NA
"3068","Lithuania","LTU",1997,6.63278805046266,NA,NA
"3069","Lithuania","LTU",1998,6.23115969805911,NA,NA
"3070","Lithuania","LTU",1999,5.66971660606325,NA,NA
"3071","Lithuania","LTU",2000,5.18151775744053,100,100
"3072","Lithuania","LTU",2001,5.00550671258224,100,100
"3073","Lithuania","LTU",2002,4.55827121670485,100,100
"3074","Lithuania","LTU",2003,4.197161435948,100,100
"3075","Lithuania","LTU",2004,3.82240859143607,100,100
"3076","Lithuania","LTU",2005,3.7091303415933,100,100
"3077","Lithuania","LTU",2006,3.49278376248476,100,100
"3078","Lithuania","LTU",2007,3.24866814019304,100,100
"3079","Lithuania","LTU",2008,2.86909465898896,100,100
"3080","Lithuania","LTU",2009,2.39893116390005,100,100
"3081","Lithuania","LTU",2010,2.20661505686077,100,100
"3082","Lithuania","LTU",2011,2.01023995385011,100,100
"3083","Lithuania","LTU",2012,1.83603388858585,100,100
"3084","Lithuania","LTU",2013,1.71551016631104,100,100
"3085","Lithuania","LTU",2014,1.53018672769002,100,100
"3086","Lithuania","LTU",2015,1.43670558081807,100,100
"3087","Lithuania","LTU",2016,1.30100083935007,100,100
"3088","Lithuania","LTU",2017,1.12596565159978,NA,NA
"3089","Lithuania","LTU",2018,1.05053048222078,NA,NA
"3090","Lithuania","LTU",2019,0.984269320327915,NA,NA
"3091","Luxembourg","LUX",1990,0.230731897154141,NA,NA
"3092","Luxembourg","LUX",1991,0.217399345376255,NA,NA
"3093","Luxembourg","LUX",1992,0.202980357035653,NA,NA
"3094","Luxembourg","LUX",1993,0.190754378940528,NA,NA
"3095","Luxembourg","LUX",1994,0.176830980370705,NA,NA
"3096","Luxembourg","LUX",1995,0.165198162680522,NA,NA
"3097","Luxembourg","LUX",1996,0.154665155050852,NA,NA
"3098","Luxembourg","LUX",1997,0.142687280965394,NA,NA
"3099","Luxembourg","LUX",1998,0.131932812639221,NA,NA
"3100","Luxembourg","LUX",1999,0.121303531961662,NA,NA
"3101","Luxembourg","LUX",2000,0.111819688142667,100,100
"3102","Luxembourg","LUX",2001,0.101134386032457,100,100
"3103","Luxembourg","LUX",2002,0.0931118253675346,100,100
"3104","Luxembourg","LUX",2003,0.084763022572506,100,100
"3105","Luxembourg","LUX",2004,0.0777480874243747,100,100
"3106","Luxembourg","LUX",2005,0.0707470048740216,100,100
"3107","Luxembourg","LUX",2006,0.0641906466763868,100,100
"3108","Luxembourg","LUX",2007,0.0570784635712202,100,100
"3109","Luxembourg","LUX",2008,0.050732873096879,100,100
"3110","Luxembourg","LUX",2009,0.0459471460351323,100,100
"3111","Luxembourg","LUX",2010,0.0416589315947814,100,100
"3112","Luxembourg","LUX",2011,0.037774732944689,100,100
"3113","Luxembourg","LUX",2012,0.0342892125833937,100,100
"3114","Luxembourg","LUX",2013,0.0312656941470674,100,100
"3115","Luxembourg","LUX",2014,0.0281224016821152,100,100
"3116","Luxembourg","LUX",2015,0.0251855910382721,100,100
"3117","Luxembourg","LUX",2016,0.0223798047262652,100,100
"3118","Luxembourg","LUX",2017,0.0209924466386485,NA,NA
"3119","Luxembourg","LUX",2018,0.0199238434756127,NA,NA
"3120","Luxembourg","LUX",2019,0.0191288741102029,NA,NA
"3121","Madagascar","MDG",1990,252.652197663227,NA,NA
"3122","Madagascar","MDG",1991,253.026857913329,NA,NA
"3123","Madagascar","MDG",1992,252.792753791145,NA,NA
"3124","Madagascar","MDG",1993,258.562608354008,NA,NA
"3125","Madagascar","MDG",1994,250.802033370455,NA,NA
"3126","Madagascar","MDG",1995,264.062976440154,NA,NA
"3127","Madagascar","MDG",1996,263.907805395552,NA,NA
"3128","Madagascar","MDG",1997,262.707822459649,NA,NA
"3129","Madagascar","MDG",1998,262.361716559465,NA,NA
"3130","Madagascar","MDG",1999,256.451988863696,NA,NA
"3131","Madagascar","MDG",2000,252.038316748145,1.1,1.1
"3132","Madagascar","MDG",2001,245.922890895184,1.11,1.11
"3133","Madagascar","MDG",2002,243.932119420368,1.1,1.1
"3134","Madagascar","MDG",2003,240.480427380336,1.08,1.08
"3135","Madagascar","MDG",2004,235.326211280693,1.03,1.03
"3136","Madagascar","MDG",2005,230.273131300576,1.02,1.02
"3137","Madagascar","MDG",2006,225.608988341388,1.03,1.03
"3138","Madagascar","MDG",2007,221.455695960518,1.02,1.02
"3139","Madagascar","MDG",2008,221.396997214095,0.990000000000002,0.990000000000002
"3140","Madagascar","MDG",2009,220.24079685157,0.970000000000004,0.970000000000004
"3141","Madagascar","MDG",2010,217.525822624816,0.960000000000005,0.960000000000005
"3142","Madagascar","MDG",2011,213.995223747151,0.939999999999996,0.939999999999996
"3143","Madagascar","MDG",2012,208.762579065417,0.960000000000005,0.960000000000005
"3144","Madagascar","MDG",2013,203.248641792222,0.939999999999996,0.939999999999996
"3145","Madagascar","MDG",2014,198.252185788357,0.919999999999999,0.919999999999999
"3146","Madagascar","MDG",2015,194.193155712875,0.900000000000001,0.900000000000001
"3147","Madagascar","MDG",2016,190.527222802258,0.91,0.91
"3148","Madagascar","MDG",2017,187.457247415976,NA,NA
"3149","Madagascar","MDG",2018,184.796768745865,NA,NA
"3150","Madagascar","MDG",2019,181.009938541336,NA,NA
"3151","Malawi","MWI",1990,236.69309174426,NA,NA
"3152","Malawi","MWI",1991,234.859776550381,NA,NA
"3153","Malawi","MWI",1992,234.943440192474,NA,NA
"3154","Malawi","MWI",1993,235.862276862802,NA,NA
"3155","Malawi","MWI",1994,238.437821660414,NA,NA
"3156","Malawi","MWI",1995,237.529660519478,NA,NA
"3157","Malawi","MWI",1996,235.803877352479,NA,NA
"3158","Malawi","MWI",1997,234.292234563958,NA,NA
"3159","Malawi","MWI",1998,234.189572446698,NA,NA
"3160","Malawi","MWI",1999,232.379551588587,NA,NA
"3161","Malawi","MWI",2000,228.163765164728,1.75,1.75
"3162","Malawi","MWI",2001,220.42571711021,1.77,1.77
"3163","Malawi","MWI",2002,215.614357523364,1.83,1.83
"3164","Malawi","MWI",2003,211.007931059324,1.91,1.91
"3165","Malawi","MWI",2004,206.551758301223,1.94,1.94
"3166","Malawi","MWI",2005,199.813099833938,1.98,1.98
"3167","Malawi","MWI",2006,194.386586081063,2.01,2.01
"3168","Malawi","MWI",2007,187.695679115841,2.07000000000001,2.07000000000001
"3169","Malawi","MWI",2008,182.15243658185,2.15,2.15
"3170","Malawi","MWI",2009,178.316100168858,2.2,2.2
"3171","Malawi","MWI",2010,175.321780930843,2.18,2.18
"3172","Malawi","MWI",2011,170.926071052245,2.25,2.25
"3173","Malawi","MWI",2012,165.760602419795,2.33,2.33
"3174","Malawi","MWI",2013,160.54789783438,2.35,2.35
"3175","Malawi","MWI",2014,155.744594236506,2.43,2.43
"3176","Malawi","MWI",2015,152.3850653262,2.49,2.49
"3177","Malawi","MWI",2016,149.340889972789,2.5,2.5
"3178","Malawi","MWI",2017,145.899296980645,NA,NA
"3179","Malawi","MWI",2018,144.128868161132,NA,NA
"3180","Malawi","MWI",2019,141.899435554746,NA,NA
"3181","Malaysia","MYS",1990,9.43357157777088,NA,NA
"3182","Malaysia","MYS",1991,8.24405013762124,NA,NA
"3183","Malaysia","MYS",1992,7.30604010747044,NA,NA
"3184","Malaysia","MYS",1993,6.61277942564852,NA,NA
"3185","Malaysia","MYS",1994,6.19513892040139,NA,NA
"3186","Malaysia","MYS",1995,5.71005653880148,NA,NA
"3187","Malaysia","MYS",1996,4.72524415370288,NA,NA
"3188","Malaysia","MYS",1997,3.91634873020723,NA,NA
"3189","Malaysia","MYS",1998,3.2402461193873,NA,NA
"3190","Malaysia","MYS",1999,3.02214376183655,NA,NA
"3191","Malaysia","MYS",2000,2.49703541917139,94.53,94.53
"3192","Malaysia","MYS",2001,2.22165707442136,94.99,94.99
"3193","Malaysia","MYS",2002,2.03024650984509,95.28,95.28
"3194","Malaysia","MYS",2003,1.82573713235717,95.58,95.58
"3195","Malaysia","MYS",2004,1.60664537731192,95.87,95.87
"3196","Malaysia","MYS",2005,1.45275907933397,96.03,96.03
"3197","Malaysia","MYS",2006,1.32471115958912,96.32,96.32
"3198","Malaysia","MYS",2007,1.21672421656449,96.34,96.34
"3199","Malaysia","MYS",2008,1.16024988879449,96.46,96.46
"3200","Malaysia","MYS",2009,1.10257939772552,96.43,96.43
"3201","Malaysia","MYS",2010,1.00233899905805,96.47,96.47
"3202","Malaysia","MYS",2011,0.908435933528512,96.56,96.56
"3203","Malaysia","MYS",2012,0.837595881010265,96.62,96.62
"3204","Malaysia","MYS",2013,0.745248690326075,96.49,96.49
"3205","Malaysia","MYS",2014,0.701841331551303,96.38,96.38
"3206","Malaysia","MYS",2015,0.648462625329054,96.3,96.3
"3207","Malaysia","MYS",2016,0.600724140793623,96.3,96.3
"3208","Malaysia","MYS",2017,0.549971272886862,NA,NA
"3209","Malaysia","MYS",2018,0.499956605639189,NA,NA
"3210","Malaysia","MYS",2019,0.462462651707869,NA,NA
"3211","Maldives","MDV",1990,168.035355055469,NA,NA
"3212","Maldives","MDV",1991,164.602662749436,NA,NA
"3213","Maldives","MDV",1992,158.962571280783,NA,NA
"3214","Maldives","MDV",1993,148.532170098689,NA,NA
"3215","Maldives","MDV",1994,135.061314048844,NA,NA
"3216","Maldives","MDV",1995,127.94034224837,NA,NA
"3217","Maldives","MDV",1996,122.951883144811,NA,NA
"3218","Maldives","MDV",1997,114.070599436258,NA,NA
"3219","Maldives","MDV",1998,99.493702700321,NA,NA
"3220","Maldives","MDV",1999,88.0688847795916,NA,NA
"3221","Maldives","MDV",2000,80.8316156409884,32.18,32.18
"3222","Maldives","MDV",2001,73.0814462472321,38.56,38.56
"3223","Maldives","MDV",2002,61.7623131142596,45.18,45.18
"3224","Maldives","MDV",2003,53.4351887442423,51.9,51.9
"3225","Maldives","MDV",2004,45.6332452382633,58.33,58.33
"3226","Maldives","MDV",2005,39.4781626846529,64.78,64.78
"3227","Maldives","MDV",2006,34.3421117460374,69.74,69.74
"3228","Maldives","MDV",2007,29.7815234005535,74.19,74.19
"3229","Maldives","MDV",2008,25.9985498408405,78.36,78.36
"3230","Maldives","MDV",2009,22.9233688745294,81.46,81.46
"3231","Maldives","MDV",2010,20.3220484242932,84.43,84.43
"3232","Maldives","MDV",2011,17.9721294562144,86.7,86.7
"3233","Maldives","MDV",2012,15.9821241036529,88.63,88.63
"3234","Maldives","MDV",2013,14.2505627541035,90.45,90.45
"3235","Maldives","MDV",2014,12.7672941437535,91.71,91.71
"3236","Maldives","MDV",2015,11.4850486925319,92.88,92.88
"3237","Maldives","MDV",2016,10.738447200182,93.83,93.83
"3238","Maldives","MDV",2017,10.0522734605478,NA,NA
"3239","Maldives","MDV",2018,9.26401785997529,NA,NA
"3240","Maldives","MDV",2019,8.40902789955953,NA,NA
"3241","Mali","MLI",1990,238.054623935993,NA,NA
"3242","Mali","MLI",1991,234.156964133071,NA,NA
"3243","Mali","MLI",1992,232.05337056043,NA,NA
"3244","Mali","MLI",1993,228.908578179924,NA,NA
"3245","Mali","MLI",1994,226.433610232395,NA,NA
"3246","Mali","MLI",1995,224.281973284962,NA,NA
"3247","Mali","MLI",1996,221.659620587497,NA,NA
"3248","Mali","MLI",1997,218.095077008027,NA,NA
"3249","Mali","MLI",1998,213.368136090909,NA,NA
"3250","Mali","MLI",1999,208.482480454597,NA,NA
"3251","Mali","MLI",2000,205.353972000705,1.3,1.3
"3252","Mali","MLI",2001,200.197794652368,1.28,1.28
"3253","Mali","MLI",2002,199.053204594284,1.25,1.25
"3254","Mali","MLI",2003,194.733732894072,1.24,1.24
"3255","Mali","MLI",2004,191.494919692744,1.17,1.17
"3256","Mali","MLI",2005,188.44940597003,1.18,1.18
"3257","Mali","MLI",2006,186.261533832276,1.17,1.17
"3258","Mali","MLI",2007,183.929725158828,1.13,1.13
"3259","Mali","MLI",2008,182.940203306698,1.09,1.09
"3260","Mali","MLI",2009,181.365900917023,1.09,1.09
"3261","Mali","MLI",2010,178.669385313425,1.02,1.02
"3262","Mali","MLI",2011,174.815368253615,1.05,1.05
"3263","Mali","MLI",2012,171.538733384142,1,1
"3264","Mali","MLI",2013,168.428700036422,1,1
"3265","Mali","MLI",2014,165.335859609737,0.970000000000004,0.970000000000004
"3266","Mali","MLI",2015,164.916981245222,0.929999999999998,0.929999999999998
"3267","Mali","MLI",2016,164.970100419222,0.960000000000005,0.960000000000005
"3268","Mali","MLI",2017,163.233456310757,NA,NA
"3269","Mali","MLI",2018,160.054402701399,NA,NA
"3270","Mali","MLI",2019,156.124734312695,NA,NA
"3271","Malta","MLT",1990,1.0066457003125,NA,NA
"3272","Malta","MLT",1991,0.901544407426291,NA,NA
"3273","Malta","MLT",1992,0.810753750031361,NA,NA
"3274","Malta","MLT",1993,0.717395871797302,NA,NA
"3275","Malta","MLT",1994,0.631182871664774,NA,NA
"3276","Malta","MLT",1995,0.56632941009574,NA,NA
"3277","Malta","MLT",1996,0.50845161776757,NA,NA
"3278","Malta","MLT",1997,0.454707014481953,NA,NA
"3279","Malta","MLT",1998,0.401924788131068,NA,NA
"3280","Malta","MLT",1999,0.363391491476544,NA,NA
"3281","Malta","MLT",2000,0.323173007688776,100,100
"3282","Malta","MLT",2001,0.287582425508759,100,100
"3283","Malta","MLT",2002,0.258286667403644,100,100
"3284","Malta","MLT",2003,0.229182234561748,100,100
"3285","Malta","MLT",2004,0.19914814852653,100,100
"3286","Malta","MLT",2005,0.173041039454086,100,100
"3287","Malta","MLT",2006,0.151628881736422,100,100
"3288","Malta","MLT",2007,0.133938732083406,100,100
"3289","Malta","MLT",2008,0.118589337724184,100,100
"3290","Malta","MLT",2009,0.104651747739578,100,100
"3291","Malta","MLT",2010,0.0928986831796418,100,100
"3292","Malta","MLT",2011,0.0851353119219637,100,100
"3293","Malta","MLT",2012,0.077971468569611,100,100
"3294","Malta","MLT",2013,0.0710539886873433,100,100
"3295","Malta","MLT",2014,0.0649423729345377,100,100
"3296","Malta","MLT",2015,0.0583833096281081,100,100
"3297","Malta","MLT",2016,0.053722421646323,100,100
"3298","Malta","MLT",2017,0.0490967132174948,NA,NA
"3299","Malta","MLT",2018,0.0451246732182331,NA,NA
"3300","Malta","MLT",2019,0.0416156990295988,NA,NA
"3301","Marshall Islands","MHL",1990,171.343962452333,NA,NA
"3302","Marshall Islands","MHL",1991,166.546390589065,NA,NA
"3303","Marshall Islands","MHL",1992,161.838520996278,NA,NA
"3304","Marshall Islands","MHL",1993,154.715340999534,NA,NA
"3305","Marshall Islands","MHL",1994,139.904704882905,NA,NA
"3306","Marshall Islands","MHL",1995,136.351804693191,NA,NA
"3307","Marshall Islands","MHL",1996,132.214711621611,NA,NA
"3308","Marshall Islands","MHL",1997,129.104129321776,NA,NA
"3309","Marshall Islands","MHL",1998,125.465611086822,NA,NA
"3310","Marshall Islands","MHL",1999,122.211874288808,NA,NA
"3311","Marshall Islands","MHL",2000,119.183309710399,13.21,13.21
"3312","Marshall Islands","MHL",2001,115.831494982687,15.94,15.94
"3313","Marshall Islands","MHL",2002,112.300818958887,19.37,19.37
"3314","Marshall Islands","MHL",2003,109.146450305158,23.21,23.21
"3315","Marshall Islands","MHL",2004,106.627256371645,27.9,27.9
"3316","Marshall Islands","MHL",2005,105.652751052088,32.72,32.72
"3317","Marshall Islands","MHL",2006,106.437903359095,37.98,37.98
"3318","Marshall Islands","MHL",2007,106.568934695585,42.91,42.91
"3319","Marshall Islands","MHL",2008,106.782437127492,47.68,47.68
"3320","Marshall Islands","MHL",2009,106.634977422885,51.79,51.79
"3321","Marshall Islands","MHL",2010,105.964889190003,55.38,55.38
"3322","Marshall Islands","MHL",2011,104.29737909525,58.58,58.58
"3323","Marshall Islands","MHL",2012,101.43279593331,60.84,60.84
"3324","Marshall Islands","MHL",2013,97.8926528755588,62.6,62.6
"3325","Marshall Islands","MHL",2014,94.1070624427063,63.57,63.57
"3326","Marshall Islands","MHL",2015,90.4860790983857,64.63,64.63
"3327","Marshall Islands","MHL",2016,86.3544434404938,65.35,65.35
"3328","Marshall Islands","MHL",2017,81.804646533282,NA,NA
"3329","Marshall Islands","MHL",2018,77.4865931001429,NA,NA
"3330","Marshall Islands","MHL",2019,73.0706768252154,NA,NA
"3331","Mauritania","MRT",1990,182.531208131488,NA,NA
"3332","Mauritania","MRT",1991,174.708877266883,NA,NA
"3333","Mauritania","MRT",1992,168.476831424355,NA,NA
"3334","Mauritania","MRT",1993,162.291994071851,NA,NA
"3335","Mauritania","MRT",1994,153.690719780175,NA,NA
"3336","Mauritania","MRT",1995,146.053189470442,NA,NA
"3337","Mauritania","MRT",1996,141.287024402522,NA,NA
"3338","Mauritania","MRT",1997,135.607330941726,NA,NA
"3339","Mauritania","MRT",1998,131.179033554896,NA,NA
"3340","Mauritania","MRT",1999,124.537965076076,NA,NA
"3341","Mauritania","MRT",2000,121.136639049907,29.04,29.04
"3342","Mauritania","MRT",2001,118.46698012282,30.08,30.08
"3343","Mauritania","MRT",2002,115.375662520889,31.23,31.23
"3344","Mauritania","MRT",2003,111.071106024573,32.34,32.34
"3345","Mauritania","MRT",2004,109.258716462115,33.48,33.48
"3346","Mauritania","MRT",2005,106.166177593886,34.51,34.51
"3347","Mauritania","MRT",2006,103.362714440028,35.61,35.61
"3348","Mauritania","MRT",2007,97.9459574662404,36.87,36.87
"3349","Mauritania","MRT",2008,93.258213901186,37.75,37.75
"3350","Mauritania","MRT",2009,91.1139971869408,38.91,38.91
"3351","Mauritania","MRT",2010,86.7149128518257,40.08,40.08
"3352","Mauritania","MRT",2011,83.196233692743,41.31,41.31
"3353","Mauritania","MRT",2012,80.5563340230692,42.34,42.34
"3354","Mauritania","MRT",2013,76.4229054552492,43.35,43.35
"3355","Mauritania","MRT",2014,70.696586475683,44.26,44.26
"3356","Mauritania","MRT",2015,67.256898466604,45.66,45.66
"3357","Mauritania","MRT",2016,62.5618924815387,46.56,46.56
"3358","Mauritania","MRT",2017,60.0359561138065,NA,NA
"3359","Mauritania","MRT",2018,56.7440578293372,NA,NA
"3360","Mauritania","MRT",2019,53.9857670408137,NA,NA
"3361","Mauritius","MUS",1990,21.624295154188,NA,NA
"3362","Mauritius","MUS",1991,19.0257859074112,NA,NA
"3363","Mauritius","MUS",1992,17.4227322613389,NA,NA
"3364","Mauritius","MUS",1993,15.9493293259999,NA,NA
"3365","Mauritius","MUS",1994,14.4744036095422,NA,NA
"3366","Mauritius","MUS",1995,12.928779636908,NA,NA
"3367","Mauritius","MUS",1996,11.7099759404226,NA,NA
"3368","Mauritius","MUS",1997,10.9934675809613,NA,NA
"3369","Mauritius","MUS",1998,9.52037576560741,NA,NA
"3370","Mauritius","MUS",1999,8.57071690263729,NA,NA
"3371","Mauritius","MUS",2000,7.60537662053776,87.35,87.35
"3372","Mauritius","MUS",2001,6.69651515655493,87.68,87.68
"3373","Mauritius","MUS",2002,5.95573738968655,88.69,88.69
"3374","Mauritius","MUS",2003,5.29665737045601,89.24,89.24
"3375","Mauritius","MUS",2004,4.58960034446461,90.09,90.09
"3376","Mauritius","MUS",2005,4.12488083301893,90.43,90.43
"3377","Mauritius","MUS",2006,3.68259788409905,91.17,91.17
"3378","Mauritius","MUS",2007,3.20611191305282,91.43,91.43
"3379","Mauritius","MUS",2008,2.93571595060862,91.64,91.64
"3380","Mauritius","MUS",2009,2.65836800309616,92.23,92.23
"3381","Mauritius","MUS",2010,2.36573508601751,92.27,92.27
"3382","Mauritius","MUS",2011,2.06094750463522,92.56,92.56
"3383","Mauritius","MUS",2012,1.86024486529525,92.62,92.62
"3384","Mauritius","MUS",2013,1.61422648534544,92.74,92.74
"3385","Mauritius","MUS",2014,1.45700173934389,92.94,92.94
"3386","Mauritius","MUS",2015,1.28952938035194,93.11,93.11
"3387","Mauritius","MUS",2016,1.16815291857904,93.34,93.34
"3388","Mauritius","MUS",2017,1.07435548512278,NA,NA
"3389","Mauritius","MUS",2018,0.979055624618722,NA,NA
"3390","Mauritius","MUS",2019,0.876716474283001,NA,NA
"3391","Mexico","MEX",1990,34.5990342915347,NA,NA
"3392","Mexico","MEX",1991,32.5370387283114,NA,NA
"3393","Mexico","MEX",1992,31.0057327079406,NA,NA
"3394","Mexico","MEX",1993,29.6016815814126,NA,NA
"3395","Mexico","MEX",1994,28.0404074038188,NA,NA
"3396","Mexico","MEX",1995,26.9938708886553,NA,NA
"3397","Mexico","MEX",1996,25.4672684912959,NA,NA
"3398","Mexico","MEX",1997,23.8070520402625,NA,NA
"3399","Mexico","MEX",1998,21.9009149528037,NA,NA
"3400","Mexico","MEX",1999,19.9379017462912,NA,NA
"3401","Mexico","MEX",2000,18.3501238601311,80.68,80.68
"3402","Mexico","MEX",2001,17.424976279293,80.97,80.97
"3403","Mexico","MEX",2002,17.0732227526792,81.25,81.25
"3404","Mexico","MEX",2003,16.6464141918162,81.61,81.61
"3405","Mexico","MEX",2004,15.8418740954552,81.96,81.96
"3406","Mexico","MEX",2005,15.4919747918355,82.27,82.27
"3407","Mexico","MEX",2006,14.7301827476501,82.52,82.52
"3408","Mexico","MEX",2007,14.2358746151466,82.83,82.83
"3409","Mexico","MEX",2008,14.2992111094113,83.15,83.15
"3410","Mexico","MEX",2009,14.2816681467335,83.41,83.41
"3411","Mexico","MEX",2010,13.6250393819703,83.74,83.74
"3412","Mexico","MEX",2011,12.9916660853597,84,84
"3413","Mexico","MEX",2012,12.5418872065241,84.24,84.24
"3414","Mexico","MEX",2013,12.42672431204,84.59,84.59
"3415","Mexico","MEX",2014,11.9966167341492,84.87,84.87
"3416","Mexico","MEX",2015,11.5195206605243,85.15,85.15
"3417","Mexico","MEX",2016,10.858011608118,85.35,85.35
"3418","Mexico","MEX",2017,10.3022395063064,NA,NA
"3419","Mexico","MEX",2018,9.58766457585134,NA,NA
"3420","Mexico","MEX",2019,8.99926186176366,NA,NA
"3421","Micronesia (country)","FSM",1990,218.790508501922,NA,NA
"3422","Micronesia (country)","FSM",1991,212.204041980887,NA,NA
"3423","Micronesia (country)","FSM",1992,205.333434066325,NA,NA
"3424","Micronesia (country)","FSM",1993,198.369615011721,NA,NA
"3425","Micronesia (country)","FSM",1994,191.987839749056,NA,NA
"3426","Micronesia (country)","FSM",1995,185.440889818844,NA,NA
"3427","Micronesia (country)","FSM",1996,179.735468791609,NA,NA
"3428","Micronesia (country)","FSM",1997,174.358494009029,NA,NA
"3429","Micronesia (country)","FSM",1998,168.801651176491,NA,NA
"3430","Micronesia (country)","FSM",1999,163.325455062791,NA,NA
"3431","Micronesia (country)","FSM",2000,157.71468755815,10.92,10.92
"3432","Micronesia (country)","FSM",2001,151.910970655678,11.04,11.04
"3433","Micronesia (country)","FSM",2002,146.316307100352,11.04,11.04
"3434","Micronesia (country)","FSM",2003,140.784700249831,11.04,11.04
"3435","Micronesia (country)","FSM",2004,135.818352969628,11.1,11.1
"3436","Micronesia (country)","FSM",2005,130.971421330132,11.21,11.21
"3437","Micronesia (country)","FSM",2006,126.14890432339,11.13,11.13
"3438","Micronesia (country)","FSM",2007,121.677818536452,11.23,11.23
"3439","Micronesia (country)","FSM",2008,117.536773699695,11.39,11.39
"3440","Micronesia (country)","FSM",2009,113.322647875805,11.42,11.42
"3441","Micronesia (country)","FSM",2010,109.097728147126,11.5,11.5
"3442","Micronesia (country)","FSM",2011,104.965322890254,11.45,11.45
"3443","Micronesia (country)","FSM",2012,100.864818676203,11.63,11.63
"3444","Micronesia (country)","FSM",2013,97.0755628952916,11.64,11.64
"3445","Micronesia (country)","FSM",2014,93.553098454371,11.69,11.69
"3446","Micronesia (country)","FSM",2015,89.984992643953,11.79,11.79
"3447","Micronesia (country)","FSM",2016,86.2573223986459,11.97,11.97
"3448","Micronesia (country)","FSM",2017,82.4427827436877,NA,NA
"3449","Micronesia (country)","FSM",2018,78.7654149105682,NA,NA
"3450","Micronesia (country)","FSM",2019,75.0527874962568,NA,NA
"3451","Moldova","MDA",1990,84.8399919412872,NA,NA
"3452","Moldova","MDA",1991,89.0665241626853,NA,NA
"3453","Moldova","MDA",1992,84.7470594554503,NA,NA
"3454","Moldova","MDA",1993,87.0826309093062,NA,NA
"3455","Moldova","MDA",1994,94.8377755404548,NA,NA
"3456","Moldova","MDA",1995,95.1724796264434,NA,NA
"3457","Moldova","MDA",1996,88.2543399858105,NA,NA
"3458","Moldova","MDA",1997,79.0517860203229,NA,NA
"3459","Moldova","MDA",1998,72.7571613891846,NA,NA
"3460","Moldova","MDA",1999,70.789520595194,NA,NA
"3461","Moldova","MDA",2000,67.6571332563163,68.34,68.34
"3462","Moldova","MDA",2001,61.8205245783181,70.95,70.95
"3463","Moldova","MDA",2002,56.2921420724314,72.9,72.9
"3464","Moldova","MDA",2003,48.4579354486758,75.22,75.22
"3465","Moldova","MDA",2004,38.7046951269116,77.23,77.23
"3466","Moldova","MDA",2005,32.8958700548436,78.95,78.95
"3467","Moldova","MDA",2006,27.1228379526297,81.2,81.2
"3468","Moldova","MDA",2007,22.8194074601651,82.55,82.55
"3469","Moldova","MDA",2008,18.7151882200916,83.92,83.92
"3470","Moldova","MDA",2009,15.5591038497706,85.17,85.17
"3471","Moldova","MDA",2010,13.560708193458,86.71,86.71
"3472","Moldova","MDA",2011,10.6661136396495,87.92,87.92
"3473","Moldova","MDA",2012,9.3583396588411,88.89,88.89
"3474","Moldova","MDA",2013,8.09340984086776,89.89,89.89
"3475","Moldova","MDA",2014,7.57267391077001,90.81,90.81
"3476","Moldova","MDA",2015,7.13302058901558,91.34,91.34
"3477","Moldova","MDA",2016,6.44434800917226,92.19,92.19
"3478","Moldova","MDA",2017,5.7050209153648,NA,NA
"3479","Moldova","MDA",2018,5.35208361303133,NA,NA
"3480","Moldova","MDA",2019,4.98587431557711,NA,NA
"3481","Monaco","MCO",1990,0.0673677891597564,NA,NA
"3482","Monaco","MCO",1991,0.0608346235150995,NA,NA
"3483","Monaco","MCO",1992,0.0550869121241925,NA,NA
"3484","Monaco","MCO",1993,0.0503490500068989,NA,NA
"3485","Monaco","MCO",1994,0.0468958607277799,NA,NA
"3486","Monaco","MCO",1995,0.0447988936419126,NA,NA
"3487","Monaco","MCO",1996,0.04367958399791,NA,NA
"3488","Monaco","MCO",1997,0.0426941005201516,NA,NA
"3489","Monaco","MCO",1998,0.0416754548849438,NA,NA
"3490","Monaco","MCO",1999,0.0404970059360149,NA,NA
"3491","Monaco","MCO",2000,0.0391171345583267,100,100
"3492","Monaco","MCO",2001,0.037466572953257,100,100
"3493","Monaco","MCO",2002,0.0352867503188017,100,100
"3494","Monaco","MCO",2003,0.0329240486435935,100,100
"3495","Monaco","MCO",2004,0.0306133105670469,100,100
"3496","Monaco","MCO",2005,0.0286459571898593,100,100
"3497","Monaco","MCO",2006,0.0269117362660557,100,100
"3498","Monaco","MCO",2007,0.0250782242883133,100,100
"3499","Monaco","MCO",2008,0.0233933793881525,100,100
"3500","Monaco","MCO",2009,0.022031970251404,100,100
"3501","Monaco","MCO",2010,0.0209300719814076,100,100
"3502","Monaco","MCO",2011,0.0200787932532849,100,100
"3503","Monaco","MCO",2012,0.0192714186134179,100,100
"3504","Monaco","MCO",2013,0.0185086185997619,100,100
"3505","Monaco","MCO",2014,0.017728932979785,100,100
"3506","Monaco","MCO",2015,0.016820841351363,100,100
"3507","Monaco","MCO",2016,0.0156631676585917,100,100
"3508","Monaco","MCO",2017,0.0145950759943184,NA,NA
"3509","Monaco","MCO",2018,0.0138320138214903,NA,NA
"3510","Monaco","MCO",2019,0.0132130593250507,NA,NA
"3511","Mongolia","MNG",1990,194.203245847781,NA,NA
"3512","Mongolia","MNG",1991,193.891197082739,NA,NA
"3513","Mongolia","MNG",1992,194.206165558636,NA,NA
"3514","Mongolia","MNG",1993,190.45130030137,NA,NA
"3515","Mongolia","MNG",1994,189.769424912714,NA,NA
"3516","Mongolia","MNG",1995,196.886257331692,NA,NA
"3517","Mongolia","MNG",1996,199.4649501649,NA,NA
"3518","Mongolia","MNG",1997,196.285455173142,NA,NA
"3519","Mongolia","MNG",1998,191.581367886074,NA,NA
"3520","Mongolia","MNG",1999,189.502806732142,NA,NA
"3521","Mongolia","MNG",2000,187.386571289768,21.83,21.83
"3522","Mongolia","MNG",2001,183.173109876276,22.92,22.92
"3523","Mongolia","MNG",2002,176.132524991688,24.09,24.09
"3524","Mongolia","MNG",2003,168.131879753168,25.22,25.22
"3525","Mongolia","MNG",2004,158.281910124284,26.49,26.49
"3526","Mongolia","MNG",2005,150.060931919678,27.63,27.63
"3527","Mongolia","MNG",2006,140.349841424486,28.72,28.72
"3528","Mongolia","MNG",2007,127.501686411274,30.32,30.32
"3529","Mongolia","MNG",2008,116.624381478258,31.57,31.57
"3530","Mongolia","MNG",2009,109.091435221644,32.68,32.68
"3531","Mongolia","MNG",2010,99.8492884369774,34.18,34.18
"3532","Mongolia","MNG",2011,90.9786620929871,35.57,35.57
"3533","Mongolia","MNG",2012,82.417870629104,36.69,36.69
"3534","Mongolia","MNG",2013,73.3952947310588,38.33,38.33
"3535","Mongolia","MNG",2014,65.114977461611,39.82,39.82
"3536","Mongolia","MNG",2015,59.6278400543562,41.32,41.32
"3537","Mongolia","MNG",2016,57.3025818787469,42.8,42.8
"3538","Mongolia","MNG",2017,54.8121825293008,NA,NA
"3539","Mongolia","MNG",2018,51.6471488375659,NA,NA
"3540","Mongolia","MNG",2019,48.9993933427616,NA,NA
"3541","Montenegro","MNE",1990,33.7495013194376,NA,NA
"3542","Montenegro","MNE",1991,32.4126897669545,NA,NA
"3543","Montenegro","MNE",1992,32.5060669518549,NA,NA
"3544","Montenegro","MNE",1993,33.7777512262728,NA,NA
"3545","Montenegro","MNE",1994,35.0696160715485,NA,NA
"3546","Montenegro","MNE",1995,35.3158246661267,NA,NA
"3547","Montenegro","MNE",1996,35.5066415735139,NA,NA
"3548","Montenegro","MNE",1997,35.6560646822807,NA,NA
"3549","Montenegro","MNE",1998,34.4502397752616,NA,NA
"3550","Montenegro","MNE",1999,33.1250249960442,NA,NA
"3551","Montenegro","MNE",2000,32.0611358696248,55.03,55.03
"3552","Montenegro","MNE",2001,31.0366141499797,55.87,55.87
"3553","Montenegro","MNE",2002,29.708116147837,56.95,56.95
"3554","Montenegro","MNE",2003,28.6812248917005,57.76,57.76
"3555","Montenegro","MNE",2004,27.5667300563677,58.98,58.98
"3556","Montenegro","MNE",2005,26.7422857439412,59.87,59.87
"3557","Montenegro","MNE",2006,26.0999405923675,60.71,60.71
"3558","Montenegro","MNE",2007,25.566356631309,61.97,61.97
"3559","Montenegro","MNE",2008,24.8916720781448,62.67,62.67
"3560","Montenegro","MNE",2009,24.2302927309163,63.91,63.91
"3561","Montenegro","MNE",2010,23.4463533441352,64.8,64.8
"3562","Montenegro","MNE",2011,22.8600262520846,65.33,65.33
"3563","Montenegro","MNE",2012,22.2724657269353,66.43,66.43
"3564","Montenegro","MNE",2013,22.0246062323464,67.02,67.02
"3565","Montenegro","MNE",2014,21.9088678504346,68.04,68.04
"3566","Montenegro","MNE",2015,21.5750375027856,68.57,68.57
"3567","Montenegro","MNE",2016,20.887035219644,69.35,69.35
"3568","Montenegro","MNE",2017,20.178662945134,NA,NA
"3569","Montenegro","MNE",2018,19.0378304184638,NA,NA
"3570","Montenegro","MNE",2019,17.7349228992854,NA,NA
"3571","Morocco","MAR",1990,75.8572263222883,NA,NA
"3572","Morocco","MAR",1991,73.0036526909388,NA,NA
"3573","Morocco","MAR",1992,71.2648036866835,NA,NA
"3574","Morocco","MAR",1993,68.9892266231103,NA,NA
"3575","Morocco","MAR",1994,65.3302553397359,NA,NA
"3576","Morocco","MAR",1995,62.2568899322018,NA,NA
"3577","Morocco","MAR",1996,58.6842977462595,NA,NA
"3578","Morocco","MAR",1997,55.5678827104483,NA,NA
"3579","Morocco","MAR",1998,52.2535166036163,NA,NA
"3580","Morocco","MAR",1999,49.5785504909681,NA,NA
"3581","Morocco","MAR",2000,45.0208124958592,89.7,89.7
"3582","Morocco","MAR",2001,41.3527987372976,90.68,90.68
"3583","Morocco","MAR",2002,38.3811904424604,91.49,91.49
"3584","Morocco","MAR",2003,36.4246975644278,92.19,92.19
"3585","Morocco","MAR",2004,33.881876450104,93.08,93.08
"3586","Morocco","MAR",2005,31.5091281126084,93.62,93.62
"3587","Morocco","MAR",2006,29.1137332244808,94,94
"3588","Morocco","MAR",2007,26.727232457607,94.5,94.5
"3589","Morocco","MAR",2008,24.1685845932829,94.87,94.87
"3590","Morocco","MAR",2009,21.7109761829395,95.22,95.22
"3591","Morocco","MAR",2010,19.4403802811633,95.61,95.61
"3592","Morocco","MAR",2011,17.341222659033,95.82,95.82
"3593","Morocco","MAR",2012,15.497511908107,96.12,96.12
"3594","Morocco","MAR",2013,14.646729466713,96.27,96.27
"3595","Morocco","MAR",2014,12.8656038025536,96.43,96.43
"3596","Morocco","MAR",2015,11.213167697959,96.6,96.6
"3597","Morocco","MAR",2016,9.67324719308317,96.75,96.75
"3598","Morocco","MAR",2017,8.31417560733292,NA,NA
"3599","Morocco","MAR",2018,7.11890898465168,NA,NA
"3600","Morocco","MAR",2019,6.05851887106682,NA,NA
"3601","Mozambique","MOZ",1990,251.023414754602,NA,NA
"3602","Mozambique","MOZ",1991,247.49490097559,NA,NA
"3603","Mozambique","MOZ",1992,244.121167492045,NA,NA
"3604","Mozambique","MOZ",1993,239.127848129751,NA,NA
"3605","Mozambique","MOZ",1994,234.564330139743,NA,NA
"3606","Mozambique","MOZ",1995,232.578927075998,NA,NA
"3607","Mozambique","MOZ",1996,229.99574497355,NA,NA
"3608","Mozambique","MOZ",1997,227.238318659281,NA,NA
"3609","Mozambique","MOZ",1998,223.962772326275,NA,NA
"3610","Mozambique","MOZ",1999,221.29409424169,NA,NA
"3611","Mozambique","MOZ",2000,220.369752791638,3.07,3.07
"3612","Mozambique","MOZ",2001,213.752391819062,3.08000000000001,3.08000000000001
"3613","Mozambique","MOZ",2002,212.047784324576,3.13,3.13
"3614","Mozambique","MOZ",2003,208.655897528249,3.09,3.09
"3615","Mozambique","MOZ",2004,208.546398848793,3.11,3.11
"3616","Mozambique","MOZ",2005,209.265091264202,3.21,3.21
"3617","Mozambique","MOZ",2006,211.808304228098,3.25,3.25
"3618","Mozambique","MOZ",2007,211.397606520438,3.25,3.25
"3619","Mozambique","MOZ",2008,212.683718517429,3.3,3.3
"3620","Mozambique","MOZ",2009,212.434633834719,3.28000000000001,3.28000000000001
"3621","Mozambique","MOZ",2010,213.293014963756,3.4,3.4
"3622","Mozambique","MOZ",2011,212.949018175785,3.46,3.46
"3623","Mozambique","MOZ",2012,212.543248834023,3.48000000000001,3.48000000000001
"3624","Mozambique","MOZ",2013,209.870954094234,3.56,3.56
"3625","Mozambique","MOZ",2014,205.845750392391,3.56,3.56
"3626","Mozambique","MOZ",2015,202.116751368478,3.62,3.62
"3627","Mozambique","MOZ",2016,196.783577831341,3.69,3.69
"3628","Mozambique","MOZ",2017,192.452065049184,NA,NA
"3629","Mozambique","MOZ",2018,188.826213086402,NA,NA
"3630","Mozambique","MOZ",2019,185.45926440378,NA,NA
"3631","Myanmar","MMR",1990,317.52331369614,NA,NA
"3632","Myanmar","MMR",1991,315.950609606364,NA,NA
"3633","Myanmar","MMR",1992,313.07893987062,NA,NA
"3634","Myanmar","MMR",1993,309.673294441691,NA,NA
"3635","Myanmar","MMR",1994,305.415852384555,NA,NA
"3636","Myanmar","MMR",1995,301.098667572636,NA,NA
"3637","Myanmar","MMR",1996,296.21825437108,NA,NA
"3638","Myanmar","MMR",1997,290.659009069461,NA,NA
"3639","Myanmar","MMR",1998,284.920064051311,NA,NA
"3640","Myanmar","MMR",1999,278.253929482044,NA,NA
"3641","Myanmar","MMR",2000,271.042625666756,4.72,4.72
"3642","Myanmar","MMR",2001,262.182124500377,5.18,5.18
"3643","Myanmar","MMR",2002,251.898880068366,5.74,5.74
"3644","Myanmar","MMR",2003,241.108339452405,6.23,6.23
"3645","Myanmar","MMR",2004,231.122799404333,6.69999999999999,6.69999999999999
"3646","Myanmar","MMR",2005,219.5717235702,7.46,7.46
"3647","Myanmar","MMR",2006,208.888140967439,7.97,7.97
"3648","Myanmar","MMR",2007,196.749546375234,8.77,8.77
"3649","Myanmar","MMR",2008,186.055635448536,9.33000000000001,9.33000000000001
"3650","Myanmar","MMR",2009,176.923687196903,10.24,10.24
"3651","Myanmar","MMR",2010,167.877092364224,11.14,11.14
"3652","Myanmar","MMR",2011,160.967300937233,12.13,12.13
"3653","Myanmar","MMR",2012,154.211097452912,13.24,13.24
"3654","Myanmar","MMR",2013,149.239968193769,14.45,14.45
"3655","Myanmar","MMR",2014,144.16253919934,15.44,15.44
"3656","Myanmar","MMR",2015,139.693291475532,16.97,16.97
"3657","Myanmar","MMR",2016,135.225468489942,18.4,18.4
"3658","Myanmar","MMR",2017,130.593440500825,NA,NA
"3659","Myanmar","MMR",2018,125.379219111669,NA,NA
"3660","Myanmar","MMR",2019,119.724586181872,NA,NA
"3661","Namibia","NAM",1990,166.44116758621,NA,NA
"3662","Namibia","NAM",1991,161.645016092191,NA,NA
"3663","Namibia","NAM",1992,157.736979326429,NA,NA
"3664","Namibia","NAM",1993,153.506674809114,NA,NA
"3665","Namibia","NAM",1994,150.992105471561,NA,NA
"3666","Namibia","NAM",1995,148.167511902946,NA,NA
"3667","Namibia","NAM",1996,144.918317371853,NA,NA
"3668","Namibia","NAM",1997,142.553672523484,NA,NA
"3669","Namibia","NAM",1998,141.614034337388,NA,NA
"3670","Namibia","NAM",1999,141.170339010583,NA,NA
"3671","Namibia","NAM",2000,141.16878239338,32.51,32.51
"3672","Namibia","NAM",2001,136.995659861,33.22,33.22
"3673","Namibia","NAM",2002,135.740717565105,33.76,33.76
"3674","Namibia","NAM",2003,131.643256533608,34.64,34.64
"3675","Namibia","NAM",2004,126.25086908341,35.13,35.13
"3676","Namibia","NAM",2005,120.114417722541,35.87,35.87
"3677","Namibia","NAM",2006,112.809363879727,36.52,36.52
"3678","Namibia","NAM",2007,106.011127135392,37.31,37.31
"3679","Namibia","NAM",2008,99.7744998501256,37.72,37.72
"3680","Namibia","NAM",2009,94.48853696695,38.34,38.34
"3681","Namibia","NAM",2010,89.8022455385872,38.88,38.88
"3682","Namibia","NAM",2011,83.7989341047873,39.59,39.59
"3683","Namibia","NAM",2012,79.0503110803619,40.11,40.11
"3684","Namibia","NAM",2013,74.9994844630417,40.53,40.53
"3685","Namibia","NAM",2014,71.4414489899864,41.25,41.25
"3686","Namibia","NAM",2015,68.3505577392864,41.32,41.32
"3687","Namibia","NAM",2016,65.469432702907,42.2,42.2
"3688","Namibia","NAM",2017,62.5822325992948,NA,NA
"3689","Namibia","NAM",2018,59.499219065572,NA,NA
"3690","Namibia","NAM",2019,56.2741125128951,NA,NA
"3691","Nauru","NRU",1990,63.3128986808023,NA,NA
"3692","Nauru","NRU",1991,61.2920781150593,NA,NA
"3693","Nauru","NRU",1992,59.4727783014602,NA,NA
"3694","Nauru","NRU",1993,57.3365566390239,NA,NA
"3695","Nauru","NRU",1994,55.7991732220283,NA,NA
"3696","Nauru","NRU",1995,54.7440412366004,NA,NA
"3697","Nauru","NRU",1996,53.7192935890551,NA,NA
"3698","Nauru","NRU",1997,52.7267530639962,NA,NA
"3699","Nauru","NRU",1998,51.4919446564552,NA,NA
"3700","Nauru","NRU",1999,50.0436117376369,NA,NA
"3701","Nauru","NRU",2000,48.2817899316425,73.9,73.9
"3702","Nauru","NRU",2001,46.8284040864649,76.29,76.29
"3703","Nauru","NRU",2002,45.0003443085179,78.59,78.59
"3704","Nauru","NRU",2003,43.0409812948404,80.41,80.41
"3705","Nauru","NRU",2004,40.9961295761602,82.11,82.11
"3706","Nauru","NRU",2005,38.7960246349174,83.7,83.7
"3707","Nauru","NRU",2006,36.3469181490242,85.27,85.27
"3708","Nauru","NRU",2007,33.9263109407386,86.21,86.21
"3709","Nauru","NRU",2008,31.2355080670389,87.4,87.4
"3710","Nauru","NRU",2009,28.5783561750209,88.13,88.13
"3711","Nauru","NRU",2010,25.8362545980864,88.95,88.95
"3712","Nauru","NRU",2011,23.1483280990117,89.42,89.42
"3713","Nauru","NRU",2012,20.5872219983145,89.98,89.98
"3714","Nauru","NRU",2013,18.0621667456497,90.54,90.54
"3715","Nauru","NRU",2014,15.7394303117236,90.88,90.88
"3716","Nauru","NRU",2015,13.864714772082,91.16,91.16
"3717","Nauru","NRU",2016,12.3652297339556,91.33,91.33
"3718","Nauru","NRU",2017,11.1031141735363,NA,NA
"3719","Nauru","NRU",2018,9.98581821488902,NA,NA
"3720","Nauru","NRU",2019,8.99219785477048,NA,NA
"3721","Nepal","NPL",1990,296.568137401667,NA,NA
"3722","Nepal","NPL",1991,289.588969062055,NA,NA
"3723","Nepal","NPL",1992,281.62780950803,NA,NA
"3724","Nepal","NPL",1993,276.498117091119,NA,NA
"3725","Nepal","NPL",1994,268.551974269172,NA,NA
"3726","Nepal","NPL",1995,260.822301378836,NA,NA
"3727","Nepal","NPL",1996,250.954583588176,NA,NA
"3728","Nepal","NPL",1997,242.238896822302,NA,NA
"3729","Nepal","NPL",1998,233.050222211625,NA,NA
"3730","Nepal","NPL",1999,224.148063183642,NA,NA
"3731","Nepal","NPL",2000,216.603483797944,14.92,14.92
"3732","Nepal","NPL",2001,208.643399880203,15.45,15.45
"3733","Nepal","NPL",2002,201.336587146785,16.18,16.18
"3734","Nepal","NPL",2003,194.980840434422,16.96,16.96
"3735","Nepal","NPL",2004,189.978000362922,17.67,17.67
"3736","Nepal","NPL",2005,185.894380507237,18.13,18.13
"3737","Nepal","NPL",2006,181.556489333691,19.02,19.02
"3738","Nepal","NPL",2007,176.667749338301,19.78,19.78
"3739","Nepal","NPL",2008,170.977435108588,20.42,20.42
"3740","Nepal","NPL",2009,165.24943565716,21.25,21.25
"3741","Nepal","NPL",2010,159.335754190109,22.31,22.31
"3742","Nepal","NPL",2011,154.108736280875,23.1,23.1
"3743","Nepal","NPL",2012,148.066185000569,23.81,23.81
"3744","Nepal","NPL",2013,142.255072916251,24.59,24.59
"3745","Nepal","NPL",2014,135.921461187609,25.5,25.5
"3746","Nepal","NPL",2015,131.448897001538,26.56,26.56
"3747","Nepal","NPL",2016,127.741696817326,27.62,27.62
"3748","Nepal","NPL",2017,124.287818752688,NA,NA
"3749","Nepal","NPL",2018,119.436687166182,NA,NA
"3750","Nepal","NPL",2019,113.245120634299,NA,NA
"3751","Netherlands","NLD",1990,0.210667041389179,NA,NA
"3752","Netherlands","NLD",1991,0.190140618789652,NA,NA
"3753","Netherlands","NLD",1992,0.172277916114377,NA,NA
"3754","Netherlands","NLD",1993,0.160032477745714,NA,NA
"3755","Netherlands","NLD",1994,0.143721935170164,NA,NA
"3756","Netherlands","NLD",1995,0.132051450149538,NA,NA
"3757","Netherlands","NLD",1996,0.12187236975329,NA,NA
"3758","Netherlands","NLD",1997,0.111439408985606,NA,NA
"3759","Netherlands","NLD",1998,0.103051925133701,NA,NA
"3760","Netherlands","NLD",1999,0.096054348678352,NA,NA
"3761","Netherlands","NLD",2000,0.0881687609723963,100,100
"3762","Netherlands","NLD",2001,0.079801940827149,100,100
"3763","Netherlands","NLD",2002,0.0724203457654667,100,100
"3764","Netherlands","NLD",2003,0.0649548262046082,100,100
"3765","Netherlands","NLD",2004,0.0565560236339483,100,100
"3766","Netherlands","NLD",2005,0.050209805055374,100,100
"3767","Netherlands","NLD",2006,0.0442831271842412,100,100
"3768","Netherlands","NLD",2007,0.0389570785851636,100,100
"3769","Netherlands","NLD",2008,0.0348587725279884,100,100
"3770","Netherlands","NLD",2009,0.0312430636767009,100,100
"3771","Netherlands","NLD",2010,0.0283665439317391,100,100
"3772","Netherlands","NLD",2011,0.0259114219941357,100,100
"3773","Netherlands","NLD",2012,0.024003250244853,100,100
"3774","Netherlands","NLD",2013,0.0220824829173433,100,100
"3775","Netherlands","NLD",2014,0.0202943500488229,100,100
"3776","Netherlands","NLD",2015,0.0192690677580259,100,100
"3777","Netherlands","NLD",2016,0.0183510590768413,100,100
"3778","Netherlands","NLD",2017,0.0175191820780021,NA,NA
"3779","Netherlands","NLD",2018,0.0166807257265034,NA,NA
"3780","Netherlands","NLD",2019,0.0157999298738486,NA,NA
"3781","New Zealand","NZL",1990,0.395122180884568,NA,NA
"3782","New Zealand","NZL",1991,0.358201445308973,NA,NA
"3783","New Zealand","NZL",1992,0.33096741752756,NA,NA
"3784","New Zealand","NZL",1993,0.306799642117384,NA,NA
"3785","New Zealand","NZL",1994,0.276960845482592,NA,NA
"3786","New Zealand","NZL",1995,0.257593887630674,NA,NA
"3787","New Zealand","NZL",1996,0.235910642403652,NA,NA
"3788","New Zealand","NZL",1997,0.213943234560084,NA,NA
"3789","New Zealand","NZL",1998,0.191465394502087,NA,NA
"3790","New Zealand","NZL",1999,0.178304418373061,NA,NA
"3791","New Zealand","NZL",2000,0.160393852966407,100,100
"3792","New Zealand","NZL",2001,0.145644419037702,100,100
"3793","New Zealand","NZL",2002,0.130444008316169,100,100
"3794","New Zealand","NZL",2003,0.11393682637753,100,100
"3795","New Zealand","NZL",2004,0.100305926781061,100,100
"3796","New Zealand","NZL",2005,0.0881260543266964,100,100
"3797","New Zealand","NZL",2006,0.0801538947386503,100,100
"3798","New Zealand","NZL",2007,0.0735897950640464,100,100
"3799","New Zealand","NZL",2008,0.0675967441196841,100,100
"3800","New Zealand","NZL",2009,0.0620367487869081,100,100
"3801","New Zealand","NZL",2010,0.0570409103689821,100,100
"3802","New Zealand","NZL",2011,0.0527785404966885,100,100
"3803","New Zealand","NZL",2012,0.0484339572353324,100,100
"3804","New Zealand","NZL",2013,0.0443655356642662,100,100
"3805","New Zealand","NZL",2014,0.0419203744036877,100,100
"3806","New Zealand","NZL",2015,0.0384559970403053,100,100
"3807","New Zealand","NZL",2016,0.0355865302724207,100,100
"3808","New Zealand","NZL",2017,0.0339089663724561,NA,NA
"3809","New Zealand","NZL",2018,0.0335353201683016,NA,NA
"3810","New Zealand","NZL",2019,0.0324979189764142,NA,NA
"3811","Nicaragua","NIC",1990,92.7269933669069,NA,NA
"3812","Nicaragua","NIC",1991,96.9680813021299,NA,NA
"3813","Nicaragua","NIC",1992,92.3780103596868,NA,NA
"3814","Nicaragua","NIC",1993,90.2752180985802,NA,NA
"3815","Nicaragua","NIC",1994,87.6634076429556,NA,NA
"3816","Nicaragua","NIC",1995,104.972475187527,NA,NA
"3817","Nicaragua","NIC",1996,104.014019024206,NA,NA
"3818","Nicaragua","NIC",1997,95.1954440166442,NA,NA
"3819","Nicaragua","NIC",1998,89.4389462427,NA,NA
"3820","Nicaragua","NIC",1999,86.5764101955307,NA,NA
"3821","Nicaragua","NIC",2000,82.5655951691723,34.08,34.08
"3822","Nicaragua","NIC",2001,82.1349767179803,35.22,35.22
"3823","Nicaragua","NIC",2002,82.5729101137669,36.45,36.45
"3824","Nicaragua","NIC",2003,81.630978628146,37.66,37.66
"3825","Nicaragua","NIC",2004,80.7693245442776,38.78,38.78
"3826","Nicaragua","NIC",2005,81.2384927373913,39.84,39.84
"3827","Nicaragua","NIC",2006,74.344562248305,40.91,40.91
"3828","Nicaragua","NIC",2007,74.9365353254679,42.16,42.16
"3829","Nicaragua","NIC",2008,73.1767377740319,43.22,43.22
"3830","Nicaragua","NIC",2009,70.0776842569728,44.41,44.41
"3831","Nicaragua","NIC",2010,66.5483843439027,45.61,45.61
"3832","Nicaragua","NIC",2011,64.1042446327916,46.71,46.71
"3833","Nicaragua","NIC",2012,61.1988367185661,47.81,47.81
"3834","Nicaragua","NIC",2013,58.5791433853365,48.98,48.98
"3835","Nicaragua","NIC",2014,55.9897489538337,50.06,50.06
"3836","Nicaragua","NIC",2015,53.355863237937,51.41,51.41
"3837","Nicaragua","NIC",2016,51.8891015664654,52.3,52.3
"3838","Nicaragua","NIC",2017,49.663988126102,NA,NA
"3839","Nicaragua","NIC",2018,47.8925822366967,NA,NA
"3840","Nicaragua","NIC",2019,45.4528378021153,NA,NA
"3841","Niger","NER",1990,316.351698422148,NA,NA
"3842","Niger","NER",1991,310.318776106511,NA,NA
"3843","Niger","NER",1992,308.047066616451,NA,NA
"3844","Niger","NER",1993,305.01237342067,NA,NA
"3845","Niger","NER",1994,297.837225384027,NA,NA
"3846","Niger","NER",1995,294.162004242493,NA,NA
"3847","Niger","NER",1996,283.635922513195,NA,NA
"3848","Niger","NER",1997,279.753699722482,NA,NA
"3849","Niger","NER",1998,274.654831252512,NA,NA
"3850","Niger","NER",1999,270.313782051154,NA,NA
"3851","Niger","NER",2000,267.283120868301,1.01,1.01
"3852","Niger","NER",2001,263.638749631747,1.07,1.07
"3853","Niger","NER",2002,258.582106376853,1.13,1.13
"3854","Niger","NER",2003,254.436171339654,1.14,1.14
"3855","Niger","NER",2004,244.489098049929,1.25,1.25
"3856","Niger","NER",2005,243.299619687011,1.25999999999999,1.25999999999999
"3857","Niger","NER",2006,236.849736554901,1.32,1.32
"3858","Niger","NER",2007,231.799283298745,1.37,1.37
"3859","Niger","NER",2008,223.295362674407,1.43,1.43
"3860","Niger","NER",2009,220.357162196166,1.45,1.45
"3861","Niger","NER",2010,217.382856064875,1.55,1.55
"3862","Niger","NER",2011,216.693769371488,1.61,1.61
"3863","Niger","NER",2012,214.364421873859,1.67,1.67
"3864","Niger","NER",2013,212.327120707299,1.7,1.7
"3865","Niger","NER",2014,209.112820998616,1.77,1.77
"3866","Niger","NER",2015,210.737505603998,1.88,1.88
"3867","Niger","NER",2016,209.896147894554,1.91,1.91
"3868","Niger","NER",2017,208.962719092902,NA,NA
"3869","Niger","NER",2018,205.240171022419,NA,NA
"3870","Niger","NER",2019,199.514585820982,NA,NA
"3871","Nigeria","NGA",1990,205.407310600384,NA,NA
"3872","Nigeria","NGA",1991,203.893458444831,NA,NA
"3873","Nigeria","NGA",1992,202.886881036167,NA,NA
"3874","Nigeria","NGA",1993,201.761997854517,NA,NA
"3875","Nigeria","NGA",1994,200.343220591978,NA,NA
"3876","Nigeria","NGA",1995,198.055640283727,NA,NA
"3877","Nigeria","NGA",1996,196.601761765167,NA,NA
"3878","Nigeria","NGA",1997,194.681180831512,NA,NA
"3879","Nigeria","NGA",1998,192.635891698952,NA,NA
"3880","Nigeria","NGA",1999,190.423717146374,NA,NA
"3881","Nigeria","NGA",2000,187.523919916581,0.839999999999996,0.839999999999996
"3882","Nigeria","NGA",2001,182.608819397392,0.919999999999999,0.919999999999999
"3883","Nigeria","NGA",2002,177.377165359906,1.02,1.02
"3884","Nigeria","NGA",2003,169.434971508089,1.1,1.1
"3885","Nigeria","NGA",2004,161.665025884457,1.25999999999999,1.25999999999999
"3886","Nigeria","NGA",2005,154.049736462312,1.39,1.39
"3887","Nigeria","NGA",2006,149.217661502373,1.57,1.57
"3888","Nigeria","NGA",2007,142.512358659578,1.72,1.72
"3889","Nigeria","NGA",2008,136.354272279096,1.96,1.96
"3890","Nigeria","NGA",2009,131.150928778029,2.19,2.19
"3891","Nigeria","NGA",2010,125.58454072355,2.44,2.44
"3892","Nigeria","NGA",2011,120.176800891866,2.74,2.74
"3893","Nigeria","NGA",2012,115.270528267798,3.09,3.09
"3894","Nigeria","NGA",2013,109.907782528191,3.48000000000001,3.48000000000001
"3895","Nigeria","NGA",2014,104.235832132735,3.92,3.92
"3896","Nigeria","NGA",2015,100.750789981616,4.39000000000001,4.39000000000001
"3897","Nigeria","NGA",2016,97.1118314128527,4.91,4.91
"3898","Nigeria","NGA",2017,93.0623880369703,NA,NA
"3899","Nigeria","NGA",2018,88.431654440294,NA,NA
"3900","Nigeria","NGA",2019,83.2252588237671,NA,NA
"3901","Niue","NIU",1990,56.7994171852619,NA,NA
"3902","Niue","NIU",1991,54.0084544184928,NA,NA
"3903","Niue","NIU",1992,51.5953833621158,NA,NA
"3904","Niue","NIU",1993,48.3788689411261,NA,NA
"3905","Niue","NIU",1994,45.2327296324506,NA,NA
"3906","Niue","NIU",1995,42.4962016035879,NA,NA
"3907","Niue","NIU",1996,39.8459796275554,NA,NA
"3908","Niue","NIU",1997,37.2625254803831,NA,NA
"3909","Niue","NIU",1998,34.2727963505793,NA,NA
"3910","Niue","NIU",1999,31.6079508541124,NA,NA
"3911","Niue","NIU",2000,29.0526466304213,NA,NA
"3912","Niue","NIU",2001,26.4580191891644,NA,NA
"3913","Niue","NIU",2002,23.9875501936309,NA,NA
"3914","Niue","NIU",2003,21.5994348457048,NA,NA
"3915","Niue","NIU",2004,19.421176206868,NA,NA
"3916","Niue","NIU",2005,17.3237815548171,NA,NA
"3917","Niue","NIU",2006,15.4849231862752,NA,NA
"3918","Niue","NIU",2007,13.6185908914468,NA,NA
"3919","Niue","NIU",2008,11.9613327316326,NA,NA
"3920","Niue","NIU",2009,10.3535277018715,NA,NA
"3921","Niue","NIU",2010,9.15185690763182,NA,NA
"3922","Niue","NIU",2011,8.28041164772345,NA,NA
"3923","Niue","NIU",2012,7.49357774907282,NA,NA
"3924","Niue","NIU",2013,6.83005757216646,NA,NA
"3925","Niue","NIU",2014,6.27737714275253,NA,NA
"3926","Niue","NIU",2015,5.83476526664907,NA,NA
"3927","Niue","NIU",2016,5.50544040524513,NA,NA
"3928","Niue","NIU",2017,5.21079353807384,NA,NA
"3929","Niue","NIU",2018,4.91246008269443,NA,NA
"3930","Niue","NIU",2019,4.61091801885986,NA,NA
"3931","North Korea","PRK",1990,213.97495582619,NA,NA
"3932","North Korea","PRK",1991,212.177579146676,NA,NA
"3933","North Korea","PRK",1992,210.618813406341,NA,NA
"3934","North Korea","PRK",1993,209.607536149114,NA,NA
"3935","North Korea","PRK",1994,208.663945070765,NA,NA
"3936","North Korea","PRK",1995,207.92772761463,NA,NA
"3937","North Korea","PRK",1996,207.131134819685,NA,NA
"3938","North Korea","PRK",1997,206.100127376136,NA,NA
"3939","North Korea","PRK",1998,204.454140388641,NA,NA
"3940","North Korea","PRK",1999,202.529415754509,NA,NA
"3941","North Korea","PRK",2000,199.821314368888,3.06,3.06
"3942","North Korea","PRK",2001,196.477541975952,3.4,3.4
"3943","North Korea","PRK",2002,192.695441007034,3.75,3.75
"3944","North Korea","PRK",2003,188.602262840617,3.94,3.94
"3945","North Korea","PRK",2004,184.460892181427,4.39000000000001,4.39000000000001
"3946","North Korea","PRK",2005,180.417539029799,4.81,4.81
"3947","North Korea","PRK",2006,176.741558539563,5.28999999999999,5.28999999999999
"3948","North Korea","PRK",2007,173.044939987248,5.71,5.71
"3949","North Korea","PRK",2008,169.323006048773,6.17,6.17
"3950","North Korea","PRK",2009,164.768579967005,6.8,6.8
"3951","North Korea","PRK",2010,159.528314981798,7.29,7.29
"3952","North Korea","PRK",2011,153.072551673478,7.81,7.81
"3953","North Korea","PRK",2012,145.24287470737,8.38,8.38
"3954","North Korea","PRK",2013,137.277921232556,8.89,8.89
"3955","North Korea","PRK",2014,130.015878097123,9.71,9.71
"3956","North Korea","PRK",2015,124.675617805786,10.08,10.08
"3957","North Korea","PRK",2016,120.880045803031,10.8,10.8
"3958","North Korea","PRK",2017,117.573099628699,NA,NA
"3959","North Korea","PRK",2018,113.062467995383,NA,NA
"3960","North Korea","PRK",2019,107.271219154549,NA,NA
"3961","North Macedonia","MKD",1990,64.9942429699765,NA,NA
"3962","North Macedonia","MKD",1991,63.4888167602194,NA,NA
"3963","North Macedonia","MKD",1992,65.4059332198499,NA,NA
"3964","North Macedonia","MKD",1993,64.7002309870285,NA,NA
"3965","North Macedonia","MKD",1994,63.2236907005764,NA,NA
"3966","North Macedonia","MKD",1995,62.1791656359018,NA,NA
"3967","North Macedonia","MKD",1996,60.8238098764163,NA,NA
"3968","North Macedonia","MKD",1997,58.9763006480536,NA,NA
"3969","North Macedonia","MKD",1998,57.0580533031689,NA,NA
"3970","North Macedonia","MKD",1999,53.8592962449024,NA,NA
"3971","North Macedonia","MKD",2000,51.5882216226707,43.92,43.92
"3972","North Macedonia","MKD",2001,50.178178673841,45.71,45.71
"3973","North Macedonia","MKD",2002,48.8658463962233,47.2,47.2
"3974","North Macedonia","MKD",2003,46.2352965040474,48.89,48.89
"3975","North Macedonia","MKD",2004,42.9485591463563,50.6,50.6
"3976","North Macedonia","MKD",2005,40.7637749901262,52.08,52.08
"3977","North Macedonia","MKD",2006,39.2498609457228,53.54,53.54
"3978","North Macedonia","MKD",2007,37.9031927036075,55.22,55.22
"3979","North Macedonia","MKD",2008,35.2214755560914,56.55,56.55
"3980","North Macedonia","MKD",2009,33.3227660436268,58.3,58.3
"3981","North Macedonia","MKD",2010,31.2398232724663,59.28,59.28
"3982","North Macedonia","MKD",2011,29.172463177087,60.59,60.59
"3983","North Macedonia","MKD",2012,27.8891333133237,61.79,61.79
"3984","North Macedonia","MKD",2013,25.8329220664915,62.88,62.88
"3985","North Macedonia","MKD",2014,24.7307860890916,64.14,64.14
"3986","North Macedonia","MKD",2015,23.6374815572644,64.9,64.9
"3987","North Macedonia","MKD",2016,22.3908571250832,65.63,65.63
"3988","North Macedonia","MKD",2017,21.2468584866072,NA,NA
"3989","North Macedonia","MKD",2018,20.3269282131211,NA,NA
"3990","North Macedonia","MKD",2019,19.354701324765,NA,NA
"3991","Northern Mariana Islands","MNP",1990,29.2607495674534,NA,NA
"3992","Northern Mariana Islands","MNP",1991,25.8855027440024,NA,NA
"3993","Northern Mariana Islands","MNP",1992,22.7727929076703,NA,NA
"3994","Northern Mariana Islands","MNP",1993,20.1275003092384,NA,NA
"3995","Northern Mariana Islands","MNP",1994,18.0409914976287,NA,NA
"3996","Northern Mariana Islands","MNP",1995,16.6158959886089,NA,NA
"3997","Northern Mariana Islands","MNP",1996,15.6393420375694,NA,NA
"3998","Northern Mariana Islands","MNP",1997,14.8833620902597,NA,NA
"3999","Northern Mariana Islands","MNP",1998,14.2211796627838,NA,NA
"4000","Northern Mariana Islands","MNP",1999,13.7092855863928,NA,NA
"4001","Northern Mariana Islands","MNP",2000,13.0464499731638,NA,NA
"4002","Northern Mariana Islands","MNP",2001,12.5131282127178,NA,NA
"4003","Northern Mariana Islands","MNP",2002,11.9749743308022,NA,NA
"4004","Northern Mariana Islands","MNP",2003,11.5579980977694,NA,NA
"4005","Northern Mariana Islands","MNP",2004,11.2561045623489,NA,NA
"4006","Northern Mariana Islands","MNP",2005,11.1506174713524,NA,NA
"4007","Northern Mariana Islands","MNP",2006,11.1354377550681,NA,NA
"4008","Northern Mariana Islands","MNP",2007,11.2608523360853,NA,NA
"4009","Northern Mariana Islands","MNP",2008,11.5259509670665,NA,NA
"4010","Northern Mariana Islands","MNP",2009,11.906719308103,NA,NA
"4011","Northern Mariana Islands","MNP",2010,12.1889073024666,NA,NA
"4012","Northern Mariana Islands","MNP",2011,12.7006940108632,NA,NA
"4013","Northern Mariana Islands","MNP",2012,13.3724482441111,NA,NA
"4014","Northern Mariana Islands","MNP",2013,14.0849554746101,NA,NA
"4015","Northern Mariana Islands","MNP",2014,14.6113631412927,NA,NA
"4016","Northern Mariana Islands","MNP",2015,14.8310818186553,NA,NA
"4017","Northern Mariana Islands","MNP",2016,14.2730028362843,NA,NA
"4018","Northern Mariana Islands","MNP",2017,13.2929555792336,NA,NA
"4019","Northern Mariana Islands","MNP",2018,12.355108546643,NA,NA
"4020","Northern Mariana Islands","MNP",2019,11.2969882934467,NA,NA
"4021","Norway","NOR",1990,0.151976436742529,NA,NA
"4022","Norway","NOR",1991,0.136946894742276,NA,NA
"4023","Norway","NOR",1992,0.125208314463881,NA,NA
"4024","Norway","NOR",1993,0.114256060693469,NA,NA
"4025","Norway","NOR",1994,0.10301485238563,NA,NA
"4026","Norway","NOR",1995,0.0932605892132303,NA,NA
"4027","Norway","NOR",1996,0.0846331310919236,NA,NA
"4028","Norway","NOR",1997,0.0776569994950723,NA,NA
"4029","Norway","NOR",1998,0.0718285250580907,NA,NA
"4030","Norway","NOR",1999,0.0661439027868531,NA,NA
"4031","Norway","NOR",2000,0.0598128743175041,100,100
"4032","Norway","NOR",2001,0.0536629839754117,100,100
"4033","Norway","NOR",2002,0.0481675223718667,100,100
"4034","Norway","NOR",2003,0.0418313561653364,100,100
"4035","Norway","NOR",2004,0.0365232292881928,100,100
"4036","Norway","NOR",2005,0.0328119160569819,100,100
"4037","Norway","NOR",2006,0.0301892476946653,100,100
"4038","Norway","NOR",2007,0.0281792362131558,100,100
"4039","Norway","NOR",2008,0.0260374984324031,100,100
"4040","Norway","NOR",2009,0.0239611973417074,100,100
"4041","Norway","NOR",2010,0.0219563731514464,100,100
"4042","Norway","NOR",2011,0.0204160716400148,100,100
"4043","Norway","NOR",2012,0.0185247813005702,100,100
"4044","Norway","NOR",2013,0.0167619273490505,100,100
"4045","Norway","NOR",2014,0.0148765596609592,100,100
"4046","Norway","NOR",2015,0.0133949652636926,100,100
"4047","Norway","NOR",2016,0.0120341676701001,100,100
"4048","Norway","NOR",2017,0.0108633881938469,NA,NA
"4049","Norway","NOR",2018,0.0105176006445565,NA,NA
"4050","Norway","NOR",2019,0.0101888779981562,NA,NA
"4051","Oman","OMN",1990,104.253266833514,NA,NA
"4052","Oman","OMN",1991,90.6498952935023,NA,NA
"4053","Oman","OMN",1992,78.030576031476,NA,NA
"4054","Oman","OMN",1993,66.4562628952772,NA,NA
"4055","Oman","OMN",1994,56.351194489229,NA,NA
"4056","Oman","OMN",1995,47.4308985251628,NA,NA
"4057","Oman","OMN",1996,39.218392475136,NA,NA
"4058","Oman","OMN",1997,31.4304106272989,NA,NA
"4059","Oman","OMN",1998,24.5220546549751,NA,NA
"4060","Oman","OMN",1999,18.8936816772744,NA,NA
"4061","Oman","OMN",2000,14.88670637561,84.56,84.56
"4062","Oman","OMN",2001,11.7316335481923,86.01,86.01
"4063","Oman","OMN",2002,9.47057739770124,87.32,87.32
"4064","Oman","OMN",2003,7.55940081473186,88.48,88.48
"4065","Oman","OMN",2004,5.9065440614887,89.57,89.57
"4066","Oman","OMN",2005,4.96041381492256,90.5,90.5
"4067","Oman","OMN",2006,4.30771401089444,91.34,91.34
"4068","Oman","OMN",2007,3.62754847512136,92.06,92.06
"4069","Oman","OMN",2008,3.02854707687416,92.69,92.69
"4070","Oman","OMN",2009,2.52288739088423,93.22,93.22
"4071","Oman","OMN",2010,2.18687157673172,93.71,93.71
"4072","Oman","OMN",2011,1.83179625721478,94.06,94.06
"4073","Oman","OMN",2012,1.49673347082461,94.38,94.38
"4074","Oman","OMN",2013,1.31216415496958,94.74,94.74
"4075","Oman","OMN",2014,1.15326498537535,94.9,94.9
"4076","Oman","OMN",2015,1.01814377751228,95.06,95.06
"4077","Oman","OMN",2016,0.894113258159653,95.22,95.22
"4078","Oman","OMN",2017,0.766639654114961,NA,NA
"4079","Oman","OMN",2018,0.609250524795505,NA,NA
"4080","Oman","OMN",2019,0.506513831530027,NA,NA
"4081","Pakistan","PAK",1990,203.767354176751,NA,NA
"4082","Pakistan","PAK",1991,206.611706041585,NA,NA
"4083","Pakistan","PAK",1992,209.237624406813,NA,NA
"4084","Pakistan","PAK",1993,211.209618990141,NA,NA
"4085","Pakistan","PAK",1994,213.613769780394,NA,NA
"4086","Pakistan","PAK",1995,216.850642834243,NA,NA
"4087","Pakistan","PAK",1996,215.443663140902,NA,NA
"4088","Pakistan","PAK",1997,212.024407324537,NA,NA
"4089","Pakistan","PAK",1998,205.279033310543,NA,NA
"4090","Pakistan","PAK",1999,199.707140029393,NA,NA
"4091","Pakistan","PAK",2000,195.844458357683,22.62,22.62
"4092","Pakistan","PAK",2001,192.407690891993,24.14,24.14
"4093","Pakistan","PAK",2002,188.618665771897,25.39,25.39
"4094","Pakistan","PAK",2003,184.296821635984,26.63,26.63
"4095","Pakistan","PAK",2004,179.472337939896,28.12,28.12
"4096","Pakistan","PAK",2005,174.265352654187,29.23,29.23
"4097","Pakistan","PAK",2006,168.691720741875,30.5,30.5
"4098","Pakistan","PAK",2007,161.914975782937,31.81,31.81
"4099","Pakistan","PAK",2008,156.608568739058,33.05,33.05
"4100","Pakistan","PAK",2009,150.468187733934,34.17,34.17
"4101","Pakistan","PAK",2010,144.629600378679,35.59,35.59
"4102","Pakistan","PAK",2011,138.106722045858,36.85,36.85
"4103","Pakistan","PAK",2012,131.678841247531,38.13,38.13
"4104","Pakistan","PAK",2013,125.709013551295,39.47,39.47
"4105","Pakistan","PAK",2014,119.767392117347,40.74,40.74
"4106","Pakistan","PAK",2015,114.311484427579,42.13,42.13
"4107","Pakistan","PAK",2016,109.921028972795,43.32,43.32
"4108","Pakistan","PAK",2017,105.41973745633,NA,NA
"4109","Pakistan","PAK",2018,99.3519229871886,NA,NA
"4110","Pakistan","PAK",2019,92.6279940794932,NA,NA
"4111","Palau","PLW",1990,0.233854356504995,NA,NA
"4112","Palau","PLW",1991,0.202383402279148,NA,NA
"4113","Palau","PLW",1992,0.174260284862708,NA,NA
"4114","Palau","PLW",1993,0.151077117740515,NA,NA
"4115","Palau","PLW",1994,0.133228984518528,NA,NA
"4116","Palau","PLW",1995,0.121476658519096,NA,NA
"4117","Palau","PLW",1996,0.113629955153293,NA,NA
"4118","Palau","PLW",1997,0.106904032281397,NA,NA
"4119","Palau","PLW",1998,0.101578503028522,NA,NA
"4120","Palau","PLW",1999,0.0981411869864518,NA,NA
"4121","Palau","PLW",2000,0.0958890653576052,64.37,64.37
"4122","Palau","PLW",2001,0.0955201956704875,67.31,67.31
"4123","Palau","PLW",2002,0.0957648123204154,70.1,70.1
"4124","Palau","PLW",2003,0.0960743233628921,72.59,72.59
"4125","Palau","PLW",2004,0.0972523821718229,74.7,74.7
"4126","Palau","PLW",2005,0.0972861619218812,76.68,76.68
"4127","Palau","PLW",2006,0.0946008071361725,78.29,78.29
"4128","Palau","PLW",2007,0.0887939115884553,79.72,79.72
"4129","Palau","PLW",2008,0.0820026887656183,81.07,81.07
"4130","Palau","PLW",2009,0.0763957082233643,82.05,82.05
"4131","Palau","PLW",2010,0.073899951563206,83.15,83.15
"4132","Palau","PLW",2011,0.0773092021060489,83.91,83.91
"4133","Palau","PLW",2012,0.084969438616707,84.66,84.66
"4134","Palau","PLW",2013,0.0942098417249555,85.3,85.3
"4135","Palau","PLW",2014,0.101463297823466,85.85,85.85
"4136","Palau","PLW",2015,0.103894210124469,86.39,86.39
"4137","Palau","PLW",2016,0.0882586546846186,86.9,86.9
"4138","Palau","PLW",2017,0.0700510733260637,NA,NA
"4139","Palau","PLW",2018,0.0648860819444909,NA,NA
"4140","Palau","PLW",2019,0.0623244132413851,NA,NA
"4141","Palestine","PSE",1990,72.3896827876315,NA,NA
"4142","Palestine","PSE",1991,64.9012907780504,NA,NA
"4143","Palestine","PSE",1992,57.5431183580377,NA,NA
"4144","Palestine","PSE",1993,50.7051819535519,NA,NA
"4145","Palestine","PSE",1994,44.3250262118864,NA,NA
"4146","Palestine","PSE",1995,38.6520602988159,NA,NA
"4147","Palestine","PSE",1996,33.3777569693997,NA,NA
"4148","Palestine","PSE",1997,28.2103204519549,NA,NA
"4149","Palestine","PSE",1998,23.4088418152627,NA,NA
"4150","Palestine","PSE",1999,19.3769738893041,NA,NA
"4151","Palestine","PSE",2000,16.496216889242,NA,NA
"4152","Palestine","PSE",2001,14.4225394707638,NA,NA
"4153","Palestine","PSE",2002,12.7567541069896,NA,NA
"4154","Palestine","PSE",2003,11.2422587081385,NA,NA
"4155","Palestine","PSE",2004,9.93022369142449,NA,NA
"4156","Palestine","PSE",2005,8.6526094962317,NA,NA
"4157","Palestine","PSE",2006,7.46515147640656,NA,NA
"4158","Palestine","PSE",2007,6.30264324328523,NA,NA
"4159","Palestine","PSE",2008,5.32171825837148,NA,NA
"4160","Palestine","PSE",2009,4.50802189650395,NA,NA
"4161","Palestine","PSE",2010,3.92661406378945,NA,NA
"4162","Palestine","PSE",2011,3.47871280711407,NA,NA
"4163","Palestine","PSE",2012,2.97727324903826,NA,NA
"4164","Palestine","PSE",2013,2.63733265904821,NA,NA
"4165","Palestine","PSE",2014,2.48283117506984,NA,NA
"4166","Palestine","PSE",2015,2.3042317395177,NA,NA
"4167","Palestine","PSE",2016,2.0737948531894,NA,NA
"4168","Palestine","PSE",2017,1.85541306848961,NA,NA
"4169","Palestine","PSE",2018,1.6338690175204,NA,NA
"4170","Palestine","PSE",2019,1.42756019367614,NA,NA
"4171","Panama","PAN",1990,28.7524603835333,NA,NA
"4172","Panama","PAN",1991,27.1213193058106,NA,NA
"4173","Panama","PAN",1992,26.6378672443168,NA,NA
"4174","Panama","PAN",1993,26.1209671662945,NA,NA
"4175","Panama","PAN",1994,24.2255085344575,NA,NA
"4176","Panama","PAN",1995,23.0846830622921,NA,NA
"4177","Panama","PAN",1996,21.1136296518365,NA,NA
"4178","Panama","PAN",1997,20.1114416809821,NA,NA
"4179","Panama","PAN",1998,17.9722518014321,NA,NA
"4180","Panama","PAN",1999,15.8968008951163,NA,NA
"4181","Panama","PAN",2000,14.1102826540378,78.71,78.71
"4182","Panama","PAN",2001,13.5599527447134,79.46,79.46
"4183","Panama","PAN",2002,13.3262627924486,80.38,80.38
"4184","Panama","PAN",2003,13.3074257654989,81.16,81.16
"4185","Panama","PAN",2004,12.9349472711037,81.88,81.88
"4186","Panama","PAN",2005,12.6411445807331,82.62,82.62
"4187","Panama","PAN",2006,11.9934561725948,83.26,83.26
"4188","Panama","PAN",2007,10.9209371281222,83.98,83.98
"4189","Panama","PAN",2008,10.0976621482681,84.56,84.56
"4190","Panama","PAN",2009,9.31771084178846,85.23,85.23
"4191","Panama","PAN",2010,8.58665480871615,85.84,85.84
"4192","Panama","PAN",2011,7.94995809547811,86.37,86.37
"4193","Panama","PAN",2012,7.37474730765671,86.9,86.9
"4194","Panama","PAN",2013,6.85771326736934,87.37,87.37
"4195","Panama","PAN",2014,6.23085277918834,87.98,87.98
"4196","Panama","PAN",2015,5.5585169199182,88.47,88.47
"4197","Panama","PAN",2016,4.97788612031471,89.01,89.01
"4198","Panama","PAN",2017,4.49812766740508,NA,NA
"4199","Panama","PAN",2018,4.04263711895357,NA,NA
"4200","Panama","PAN",2019,3.6707835140083,NA,NA
"4201","Papua New Guinea","PNG",1990,281.945957437725,NA,NA
"4202","Papua New Guinea","PNG",1991,280.495577056498,NA,NA
"4203","Papua New Guinea","PNG",1992,278.358117451441,NA,NA
"4204","Papua New Guinea","PNG",1993,274.846518935961,NA,NA
"4205","Papua New Guinea","PNG",1994,271.467854451967,NA,NA
"4206","Papua New Guinea","PNG",1995,269.331429901559,NA,NA
"4207","Papua New Guinea","PNG",1996,268.081050255799,NA,NA
"4208","Papua New Guinea","PNG",1997,266.879355337641,NA,NA
"4209","Papua New Guinea","PNG",1998,267.826733295695,NA,NA
"4210","Papua New Guinea","PNG",1999,267.852939326381,NA,NA
"4211","Papua New Guinea","PNG",2000,267.437703702932,6.83,6.83
"4212","Papua New Guinea","PNG",2001,267.914074003078,7.23,7.23
"4213","Papua New Guinea","PNG",2002,268.963084274364,7.46,7.46
"4214","Papua New Guinea","PNG",2003,270.182449013797,7.86,7.86
"4215","Papua New Guinea","PNG",2004,272.095741420022,8.24,8.24
"4216","Papua New Guinea","PNG",2005,274.326329378072,8.52,8.52
"4217","Papua New Guinea","PNG",2006,274.277656979649,8.94,8.94
"4218","Papua New Guinea","PNG",2007,272.164155731529,9.24,9.24
"4219","Papua New Guinea","PNG",2008,268.492139654431,9.84,9.84
"4220","Papua New Guinea","PNG",2009,264.394336822634,10.09,10.09
"4221","Papua New Guinea","PNG",2010,262.862817170676,10.59,10.59
"4222","Papua New Guinea","PNG",2011,260.165369904434,10.92,10.92
"4223","Papua New Guinea","PNG",2012,256.385992385324,11.43,11.43
"4224","Papua New Guinea","PNG",2013,251.311332597581,11.95,11.95
"4225","Papua New Guinea","PNG",2014,246.859562664674,12.41,12.41
"4226","Papua New Guinea","PNG",2015,243.629112900407,12.85,12.85
"4227","Papua New Guinea","PNG",2016,239.261313582613,13.43,13.43
"4228","Papua New Guinea","PNG",2017,236.19948745766,NA,NA
"4229","Papua New Guinea","PNG",2018,233.489623863196,NA,NA
"4230","Papua New Guinea","PNG",2019,229.517215039694,NA,NA
"4231","Paraguay","PRY",1990,69.7853810259444,NA,NA
"4232","Paraguay","PRY",1991,64.7450838433652,NA,NA
"4233","Paraguay","PRY",1992,66.4590381978002,NA,NA
"4234","Paraguay","PRY",1993,66.6587826094265,NA,NA
"4235","Paraguay","PRY",1994,65.8275644699961,NA,NA
"4236","Paraguay","PRY",1995,65.4732317420445,NA,NA
"4237","Paraguay","PRY",1996,64.9766246673403,NA,NA
"4238","Paraguay","PRY",1997,60.2225970294178,NA,NA
"4239","Paraguay","PRY",1998,58.1018760568076,NA,NA
"4240","Paraguay","PRY",1999,56.3555374005654,NA,NA
"4241","Paraguay","PRY",2000,53.8349920611575,44.49,44.49
"4242","Paraguay","PRY",2001,50.655588314281,45.8,45.8
"4243","Paraguay","PRY",2002,48.8126865857975,47.32,47.32
"4244","Paraguay","PRY",2003,48.5153583601245,48.53,48.53
"4245","Paraguay","PRY",2004,49.160220251146,50.08,50.08
"4246","Paraguay","PRY",2005,47.708350860403,51.58,51.58
"4247","Paraguay","PRY",2006,46.5616217998932,52.84,52.84
"4248","Paraguay","PRY",2007,43.8707349019306,54.29,54.29
"4249","Paraguay","PRY",2008,42.0235675944093,55.71,55.71
"4250","Paraguay","PRY",2009,41.5551737842886,57.16,57.16
"4251","Paraguay","PRY",2010,40.2252977230305,58.4,58.4
"4252","Paraguay","PRY",2011,37.439557044029,59.77,59.77
"4253","Paraguay","PRY",2012,34.8242105219781,61.18,61.18
"4254","Paraguay","PRY",2013,33.3182304700247,62.46,62.46
"4255","Paraguay","PRY",2014,30.2251704164305,63.73,63.73
"4256","Paraguay","PRY",2015,28.3431407778475,65,65
"4257","Paraguay","PRY",2016,27.6508246746748,66.22,66.22
"4258","Paraguay","PRY",2017,25.735927467588,NA,NA
"4259","Paraguay","PRY",2018,23.8463636987322,NA,NA
"4260","Paraguay","PRY",2019,22.2370498866328,NA,NA
"4261","Peru","PER",1990,62.6473821252935,NA,NA
"4262","Peru","PER",1991,54.3416831940558,NA,NA
"4263","Peru","PER",1992,53.8534880719566,NA,NA
"4264","Peru","PER",1993,50.4332803947244,NA,NA
"4265","Peru","PER",1994,47.2750585660806,NA,NA
"4266","Peru","PER",1995,45.1666750840895,NA,NA
"4267","Peru","PER",1996,40.3083146127201,NA,NA
"4268","Peru","PER",1997,37.7831921780901,NA,NA
"4269","Peru","PER",1998,35.7593076951001,NA,NA
"4270","Peru","PER",1999,32.0212817612697,NA,NA
"4271","Peru","PER",2000,30.9904355775655,35.28,35.28
"4272","Peru","PER",2001,28.7095167611265,40,40
"4273","Peru","PER",2002,27.6684889223994,44.1,44.1
"4274","Peru","PER",2003,27.306330452229,48.13,48.13
"4275","Peru","PER",2004,25.7027954450313,51.72,51.72
"4276","Peru","PER",2005,24.4811849969264,54.92,54.92
"4277","Peru","PER",2006,22.7734932982659,57.57,57.57
"4278","Peru","PER",2007,20.8197785979007,60.08,60.08
"4279","Peru","PER",2008,19.8380496348045,62.34,62.34
"4280","Peru","PER",2009,20.7997127013316,64.53,64.53
"4281","Peru","PER",2010,20.0705117559434,66.13,66.13
"4282","Peru","PER",2011,18.5620343265912,67.86,67.86
"4283","Peru","PER",2012,16.9376106802376,69.53,69.53
"4284","Peru","PER",2013,15.2720435925763,70.95,70.95
"4285","Peru","PER",2014,13.3503989470726,72.41,72.41
"4286","Peru","PER",2015,11.7082636845163,73.87,73.87
"4287","Peru","PER",2016,10.4075513745287,75.06,75.06
"4288","Peru","PER",2017,9.24238198376613,NA,NA
"4289","Peru","PER",2018,8.29526742159984,NA,NA
"4290","Peru","PER",2019,7.49696794821707,NA,NA
"4291","Philippines","PHL",1990,97.465039144881,NA,NA
"4292","Philippines","PHL",1991,89.3785712228064,NA,NA
"4293","Philippines","PHL",1992,85.8055388686093,NA,NA
"4294","Philippines","PHL",1993,83.0835359313505,NA,NA
"4295","Philippines","PHL",1994,81.278702787435,NA,NA
"4296","Philippines","PHL",1995,79.8115438041038,NA,NA
"4297","Philippines","PHL",1996,79.1610467688146,NA,NA
"4298","Philippines","PHL",1997,77.2278564764455,NA,NA
"4299","Philippines","PHL",1998,76.6130246833361,NA,NA
"4300","Philippines","PHL",1999,76.7996990210886,NA,NA
"4301","Philippines","PHL",2000,79.0403048579746,36.28,36.28
"4302","Philippines","PHL",2001,82.3305038309471,37.09,37.09
"4303","Philippines","PHL",2002,85.6863902681036,37.87,37.87
"4304","Philippines","PHL",2003,85.8356719873181,38.53,38.53
"4305","Philippines","PHL",2004,86.5148338849175,39.15,39.15
"4306","Philippines","PHL",2005,89.5736054366267,39.29,39.29
"4307","Philippines","PHL",2006,91.0489064826964,40.23,40.23
"4308","Philippines","PHL",2007,91.9337176882764,40.52,40.52
"4309","Philippines","PHL",2008,94.7844569457282,40.75,40.75
"4310","Philippines","PHL",2009,96.4077050228793,41.05,41.05
"4311","Philippines","PHL",2010,96.3469594234153,41.56,41.56
"4312","Philippines","PHL",2011,94.9477816525996,42.06,42.06
"4313","Philippines","PHL",2012,91.4776935990651,42.43,42.43
"4314","Philippines","PHL",2013,85.7353668020716,42.69,42.69
"4315","Philippines","PHL",2014,79.8671956079016,42.83,42.83
"4316","Philippines","PHL",2015,76.036882025971,43.21,43.21
"4317","Philippines","PHL",2016,72.4230823856416,43.22,43.22
"4318","Philippines","PHL",2017,68.833018984952,NA,NA
"4319","Philippines","PHL",2018,64.8451002564537,NA,NA
"4320","Philippines","PHL",2019,60.8840076601991,NA,NA
"4321","Poland","POL",1990,32.8795641617938,NA,NA
"4322","Poland","POL",1991,31.8881396112303,NA,NA
"4323","Poland","POL",1992,29.2325356338249,NA,NA
"4324","Poland","POL",1993,26.5050690600819,NA,NA
"4325","Poland","POL",1994,24.604410827268,NA,NA
"4326","Poland","POL",1995,22.955471566951,NA,NA
"4327","Poland","POL",1996,20.9625646054479,NA,NA
"4328","Poland","POL",1997,19.3435395407303,NA,NA
"4329","Poland","POL",1998,17.5169354757601,NA,NA
"4330","Poland","POL",1999,16.278207214626,NA,NA
"4331","Poland","POL",2000,14.4823660555739,100,100
"4332","Poland","POL",2001,13.2702465142948,100,100
"4333","Poland","POL",2002,12.2602852816627,100,100
"4334","Poland","POL",2003,11.4773784621141,100,100
"4335","Poland","POL",2004,10.8095541666996,100,100
"4336","Poland","POL",2005,10.1356486485282,100,100
"4337","Poland","POL",2006,9.5350007127114,100,100
"4338","Poland","POL",2007,8.99342249014124,100,100
"4339","Poland","POL",2008,8.39034901178716,100,100
"4340","Poland","POL",2009,7.81760128129434,100,100
"4341","Poland","POL",2010,7.08396263017516,100,100
"4342","Poland","POL",2011,6.55492115831877,100,100
"4343","Poland","POL",2012,6.19804633343042,100,100
"4344","Poland","POL",2013,5.75281720869474,100,100
"4345","Poland","POL",2014,5.25423296638764,100,100
"4346","Poland","POL",2015,5.01749221927536,100,100
"4347","Poland","POL",2016,4.64452687539438,100,100
"4348","Poland","POL",2017,4.38611677210684,NA,NA
"4349","Poland","POL",2018,4.15003599044879,NA,NA
"4350","Poland","POL",2019,3.89797092844184,NA,NA
"4351","Portugal","PRT",1990,4.51958698968288,NA,NA
"4352","Portugal","PRT",1991,4.06529296472417,NA,NA
"4353","Portugal","PRT",1992,3.55363277056936,NA,NA
"4354","Portugal","PRT",1993,3.18632986237062,NA,NA
"4355","Portugal","PRT",1994,2.73528047495314,NA,NA
"4356","Portugal","PRT",1995,2.46138478342185,NA,NA
"4357","Portugal","PRT",1996,2.22681073582346,NA,NA
"4358","Portugal","PRT",1997,1.98813975990438,NA,NA
"4359","Portugal","PRT",1998,1.79706198531405,NA,NA
"4360","Portugal","PRT",1999,1.63089025468483,NA,NA
"4361","Portugal","PRT",2000,1.42831348745922,100,100
"4362","Portugal","PRT",2001,1.24443328677374,100,100
"4363","Portugal","PRT",2002,1.09169134153047,100,100
"4364","Portugal","PRT",2003,0.950175503977844,100,100
"4365","Portugal","PRT",2004,0.794554859808389,100,100
"4366","Portugal","PRT",2005,0.685422923186424,100,100
"4367","Portugal","PRT",2006,0.583582827821319,100,100
"4368","Portugal","PRT",2007,0.505031649831694,100,100
"4369","Portugal","PRT",2008,0.4355949140283,100,100
"4370","Portugal","PRT",2009,0.378737994137837,100,100
"4371","Portugal","PRT",2010,0.328777389798873,100,100
"4372","Portugal","PRT",2011,0.288363661154088,100,100
"4373","Portugal","PRT",2012,0.256402153566889,100,100
"4374","Portugal","PRT",2013,0.227740184789995,100,100
"4375","Portugal","PRT",2014,0.202578637929456,100,100
"4376","Portugal","PRT",2015,0.181259907551867,100,100
"4377","Portugal","PRT",2016,0.1648035937023,100,100
"4378","Portugal","PRT",2017,0.150432985939952,NA,NA
"4379","Portugal","PRT",2018,0.136342391044349,NA,NA
"4380","Portugal","PRT",2019,0.123537923581065,NA,NA
"4381","Puerto Rico","PRI",1990,0.0690263022503447,NA,NA
"4382","Puerto Rico","PRI",1991,0.0626884047490103,NA,NA
"4383","Puerto Rico","PRI",1992,0.0579979246764776,NA,NA
"4384","Puerto Rico","PRI",1993,0.0541725901801209,NA,NA
"4385","Puerto Rico","PRI",1994,0.0494446242018821,NA,NA
"4386","Puerto Rico","PRI",1995,0.0475661795106477,NA,NA
"4387","Puerto Rico","PRI",1996,0.0441820347200945,NA,NA
"4388","Puerto Rico","PRI",1997,0.0395770116975245,NA,NA
"4389","Puerto Rico","PRI",1998,0.0387488348806539,NA,NA
"4390","Puerto Rico","PRI",1999,0.0347350198851407,NA,NA
"4391","Puerto Rico","PRI",2000,0.0320040931994398,NA,NA
"4392","Puerto Rico","PRI",2001,0.0301725293302024,NA,NA
"4393","Puerto Rico","PRI",2002,0.0265907562811093,NA,NA
"4394","Puerto Rico","PRI",2003,0.0247124831708349,NA,NA
"4395","Puerto Rico","PRI",2004,0.0230724522047534,NA,NA
"4396","Puerto Rico","PRI",2005,0.0216767558985415,NA,NA
"4397","Puerto Rico","PRI",2006,0.0199836360243046,NA,NA
"4398","Puerto Rico","PRI",2007,0.0190310167076806,NA,NA
"4399","Puerto Rico","PRI",2008,0.0181272134487701,NA,NA
"4400","Puerto Rico","PRI",2009,0.0174582213015837,NA,NA
"4401","Puerto Rico","PRI",2010,0.015839056491417,NA,NA
"4402","Puerto Rico","PRI",2011,0.0157434369171424,NA,NA
"4403","Puerto Rico","PRI",2012,0.0139842858667859,NA,NA
"4404","Puerto Rico","PRI",2013,0.0132605364236745,NA,NA
"4405","Puerto Rico","PRI",2014,0.0121794155204855,NA,NA
"4406","Puerto Rico","PRI",2015,0.0108720696483338,NA,NA
"4407","Puerto Rico","PRI",2016,0.0105935273482494,NA,NA
"4408","Puerto Rico","PRI",2017,0.0101946227197935,NA,NA
"4409","Puerto Rico","PRI",2018,0.0100446323682087,NA,NA
"4410","Puerto Rico","PRI",2019,0.00981097312019,NA,NA
"4411","Qatar","QAT",1990,0.742992735347976,NA,NA
"4412","Qatar","QAT",1991,0.647882444930589,NA,NA
"4413","Qatar","QAT",1992,0.556125969177095,NA,NA
"4414","Qatar","QAT",1993,0.470703711424599,NA,NA
"4415","Qatar","QAT",1994,0.334697463216583,NA,NA
"4416","Qatar","QAT",1995,0.24937968503891,NA,NA
"4417","Qatar","QAT",1996,0.245524864890413,NA,NA
"4418","Qatar","QAT",1997,0.224984514348109,NA,NA
"4419","Qatar","QAT",1998,0.19277169724268,NA,NA
"4420","Qatar","QAT",1999,0.160470399623598,NA,NA
"4421","Qatar","QAT",2000,0.128303519063347,92.1,92.1
"4422","Qatar","QAT",2001,0.107808549102343,93.26,93.26
"4423","Qatar","QAT",2002,0.0945114423694935,94.26,94.26
"4424","Qatar","QAT",2003,0.0804859322300741,95.02,95.02
"4425","Qatar","QAT",2004,0.0666733488520264,95.62,95.62
"4426","Qatar","QAT",2005,0.0580689527861792,96.17,96.17
"4427","Qatar","QAT",2006,0.0535038435124805,96.59,96.59
"4428","Qatar","QAT",2007,0.0477425222280365,96.94,96.94
"4429","Qatar","QAT",2008,0.0406956738895637,97.23,97.23
"4430","Qatar","QAT",2009,0.0348981454902932,97.46,97.46
"4431","Qatar","QAT",2010,0.0294202769709132,97.71,97.71
"4432","Qatar","QAT",2011,0.0244753548287952,97.96,97.96
"4433","Qatar","QAT",2012,0.0204518323757681,98.07,98.07
"4434","Qatar","QAT",2013,0.0174400102889303,98.25,98.25
"4435","Qatar","QAT",2014,0.0152564476811478,98.32,98.32
"4436","Qatar","QAT",2015,0.0139446019829724,98.44,98.44
"4437","Qatar","QAT",2016,0.0124911157130632,98.49,98.49
"4438","Qatar","QAT",2017,0.0112895280682879,NA,NA
"4439","Qatar","QAT",2018,0.0098167144962078,NA,NA
"4440","Qatar","QAT",2019,0.0085035927511062,NA,NA
"4441","Romania","ROU",1990,53.4855642200833,NA,NA
"4442","Romania","ROU",1991,50.9525035563506,NA,NA
"4443","Romania","ROU",1992,50.5276844165506,NA,NA
"4444","Romania","ROU",1993,48.3668843667786,NA,NA
"4445","Romania","ROU",1994,46.4154629405446,NA,NA
"4446","Romania","ROU",1995,45.3248596002971,NA,NA
"4447","Romania","ROU",1996,44.812757226433,NA,NA
"4448","Romania","ROU",1997,42.277585073519,NA,NA
"4449","Romania","ROU",1998,38.658158683617,NA,NA
"4450","Romania","ROU",1999,34.929489467984,NA,NA
"4451","Romania","ROU",2000,31.647230605074,64.5,64.5
"4452","Romania","ROU",2001,29.8460277378353,66.78,66.78
"4453","Romania","ROU",2002,28.1083765695426,68.69,68.69
"4454","Romania","ROU",2003,25.6705343383624,70.71,70.71
"4455","Romania","ROU",2004,22.7890884509997,72.63,72.63
"4456","Romania","ROU",2005,20.7670769133426,74.2,74.2
"4457","Romania","ROU",2006,18.3313727170169,75.88,75.88
"4458","Romania","ROU",2007,15.9418194995919,77.33,77.33
"4459","Romania","ROU",2008,14.2819131685729,78.59,78.59
"4460","Romania","ROU",2009,12.9534607224185,79.71,79.71
"4461","Romania","ROU",2010,11.7646275771587,80.96,80.96
"4462","Romania","ROU",2011,10.3869544207924,82.04,82.04
"4463","Romania","ROU",2012,9.74398923480018,83.01,83.01
"4464","Romania","ROU",2013,8.80185218863713,83.73,83.73
"4465","Romania","ROU",2014,8.51715412113271,84.6,84.6
"4466","Romania","ROU",2015,7.96864814553367,85.33,85.33
"4467","Romania","ROU",2016,7.50069306028332,85.88,85.88
"4468","Romania","ROU",2017,7.11057585661403,NA,NA
"4469","Romania","ROU",2018,6.75138937937846,NA,NA
"4470","Romania","ROU",2019,6.39627371202217,NA,NA
"4471","Russia","RUS",1990,8.3894654770883,NA,NA
"4472","Russia","RUS",1991,7.90595477618226,NA,NA
"4473","Russia","RUS",1992,7.83399202290588,NA,NA
"4474","Russia","RUS",1993,8.54317173187777,NA,NA
"4475","Russia","RUS",1994,8.74470037161164,NA,NA
"4476","Russia","RUS",1995,8.01309036797481,NA,NA
"4477","Russia","RUS",1996,7.38096169875451,NA,NA
"4478","Russia","RUS",1997,6.8874320788912,NA,NA
"4479","Russia","RUS",1998,6.59298094719703,NA,NA
"4480","Russia","RUS",1999,6.83314528343983,NA,NA
"4481","Russia","RUS",2000,6.80030388998228,92.69,92.69
"4482","Russia","RUS",2001,6.49519264978485,93.36,93.36
"4483","Russia","RUS",2002,6.20948729983384,94.07,94.07
"4484","Russia","RUS",2003,5.77936703036486,94.57,94.57
"4485","Russia","RUS",2004,5.08085891578846,95.03,95.03
"4486","Russia","RUS",2005,4.73989124253981,95.5,95.5
"4487","Russia","RUS",2006,3.92849114507807,95.96,95.96
"4488","Russia","RUS",2007,3.340969833037,96.28,96.28
"4489","Russia","RUS",2008,2.96664049053132,96.64,96.64
"4490","Russia","RUS",2009,2.52759150302158,96.93,96.93
"4491","Russia","RUS",2010,2.30342296151697,97.22,97.22
"4492","Russia","RUS",2011,1.99522423125912,97.42,97.42
"4493","Russia","RUS",2012,1.79324274142871,97.62,97.62
"4494","Russia","RUS",2013,1.6292662941736,97.81,97.81
"4495","Russia","RUS",2014,1.53546259724558,98.03,98.03
"4496","Russia","RUS",2015,1.40767796356176,98.15,98.15
"4497","Russia","RUS",2016,1.28416917674405,98.25,98.25
"4498","Russia","RUS",2017,1.13454344457123,NA,NA
"4499","Russia","RUS",2018,1.08323483817136,NA,NA
"4500","Russia","RUS",2019,1.05293998105098,NA,NA
"4501","Rwanda","RWA",1990,285.17233980021,NA,NA
"4502","Rwanda","RWA",1991,288.306720441685,NA,NA
"4503","Rwanda","RWA",1992,297.222243091564,NA,NA
"4504","Rwanda","RWA",1993,305.250661847764,NA,NA
"4505","Rwanda","RWA",1994,300.930659987284,NA,NA
"4506","Rwanda","RWA",1995,294.068821241847,NA,NA
"4507","Rwanda","RWA",1996,285.515398384939,NA,NA
"4508","Rwanda","RWA",1997,278.895345275057,NA,NA
"4509","Rwanda","RWA",1998,272.380639099464,NA,NA
"4510","Rwanda","RWA",1999,258.306185835629,NA,NA
"4511","Rwanda","RWA",2000,243.62421494824,0.290000000000001,0.290000000000001
"4512","Rwanda","RWA",2001,228.646594687859,0.309999999999999,0.309999999999999
"4513","Rwanda","RWA",2002,219.285644034594,0.319999999999998,0.319999999999998
"4514","Rwanda","RWA",2003,209.012159826312,0.339999999999996,0.339999999999996
"4515","Rwanda","RWA",2004,200.630112196417,0.349999999999995,0.349999999999995
"4516","Rwanda","RWA",2005,189.580472208147,0.370000000000004,0.370000000000004
"4517","Rwanda","RWA",2006,178.964959821704,0.409999999999999,0.409999999999999
"4518","Rwanda","RWA",2007,171.126914123187,0.429999999999997,0.429999999999997
"4519","Rwanda","RWA",2008,164.455620709118,0.439999999999996,0.439999999999996
"4520","Rwanda","RWA",2009,154.91054712193,0.439999999999996,0.439999999999996
"4521","Rwanda","RWA",2010,150.18815576401,0.470000000000004,0.470000000000004
"4522","Rwanda","RWA",2011,145.277359446876,0.480000000000003,0.480000000000003
"4523","Rwanda","RWA",2012,141.930488717425,0.509999999999999,0.509999999999999
"4524","Rwanda","RWA",2013,136.101038006033,0.519999999999998,0.519999999999998
"4525","Rwanda","RWA",2014,133.49072752479,0.539999999999996,0.539999999999996
"4526","Rwanda","RWA",2015,131.163388046094,0.560000000000005,0.560000000000005
"4527","Rwanda","RWA",2016,128.609554462859,0.570000000000004,0.570000000000004
"4528","Rwanda","RWA",2017,126.399863246668,NA,NA
"4529","Rwanda","RWA",2018,125.079977220157,NA,NA
"4530","Rwanda","RWA",2019,122.665215222563,NA,NA
"4531","Saint Kitts and Nevis","KNA",1990,27.1997323710795,NA,NA
"4532","Saint Kitts and Nevis","KNA",1991,21.3325911233571,NA,NA
"4533","Saint Kitts and Nevis","KNA",1992,19.4000456180038,NA,NA
"4534","Saint Kitts and Nevis","KNA",1993,17.4146214588699,NA,NA
"4535","Saint Kitts and Nevis","KNA",1994,16.3202867551002,NA,NA
"4536","Saint Kitts and Nevis","KNA",1995,15.3678693333845,NA,NA
"4537","Saint Kitts and Nevis","KNA",1996,13.8541905640853,NA,NA
"4538","Saint Kitts and Nevis","KNA",1997,12.39041144658,NA,NA
"4539","Saint Kitts and Nevis","KNA",1998,11.0885941491568,NA,NA
"4540","Saint Kitts and Nevis","KNA",1999,9.88027117355103,NA,NA
"4541","Saint Kitts and Nevis","KNA",2000,8.78629557389308,100,100
"4542","Saint Kitts and Nevis","KNA",2001,7.84080538288317,100,100
"4543","Saint Kitts and Nevis","KNA",2002,6.96480503269879,100,100
"4544","Saint Kitts and Nevis","KNA",2003,6.15000788004247,100,100
"4545","Saint Kitts and Nevis","KNA",2004,5.52148782281057,100,100
"4546","Saint Kitts and Nevis","KNA",2005,4.95150930238392,100,100
"4547","Saint Kitts and Nevis","KNA",2006,4.49994018346886,100,100
"4548","Saint Kitts and Nevis","KNA",2007,4.05502788687201,100,100
"4549","Saint Kitts and Nevis","KNA",2008,3.50361700899164,100,100
"4550","Saint Kitts and Nevis","KNA",2009,3.17888618279125,100,100
"4551","Saint Kitts and Nevis","KNA",2010,2.90837941847979,100,100
"4552","Saint Kitts and Nevis","KNA",2011,2.67961564606462,100,100
"4553","Saint Kitts and Nevis","KNA",2012,2.47804634684182,100,100
"4554","Saint Kitts and Nevis","KNA",2013,2.31126057299739,100,100
"4555","Saint Kitts and Nevis","KNA",2014,2.1647446118031,100,100
"4556","Saint Kitts and Nevis","KNA",2015,2.02891142860278,100,100
"4557","Saint Kitts and Nevis","KNA",2016,1.86645292817467,100,100
"4558","Saint Kitts and Nevis","KNA",2017,1.72984806059963,NA,NA
"4559","Saint Kitts and Nevis","KNA",2018,1.62855128145752,NA,NA
"4560","Saint Kitts and Nevis","KNA",2019,1.58117585194888,NA,NA
"4561","Saint Lucia","LCA",1990,58.018491342552,NA,NA
"4562","Saint Lucia","LCA",1991,52.2874865908387,NA,NA
"4563","Saint Lucia","LCA",1992,46.9984951947399,NA,NA
"4564","Saint Lucia","LCA",1993,41.6368456193863,NA,NA
"4565","Saint Lucia","LCA",1994,36.31440580599,NA,NA
"4566","Saint Lucia","LCA",1995,31.9994686138658,NA,NA
"4567","Saint Lucia","LCA",1996,27.7667931622132,NA,NA
"4568","Saint Lucia","LCA",1997,24.0207532684058,NA,NA
"4569","Saint Lucia","LCA",1998,20.9140889968912,NA,NA
"4570","Saint Lucia","LCA",1999,18.4735898775653,NA,NA
"4571","Saint Lucia","LCA",2000,16.2894753537447,86.29,86.29
"4572","Saint Lucia","LCA",2001,14.7965970494574,87.55,87.55
"4573","Saint Lucia","LCA",2002,13.3788493346266,88.65,88.65
"4574","Saint Lucia","LCA",2003,12.0482627725759,89.7,89.7
"4575","Saint Lucia","LCA",2004,10.7709667626666,90.72,90.72
"4576","Saint Lucia","LCA",2005,9.49224784854356,91.55,91.55
"4577","Saint Lucia","LCA",2006,8.16452169963482,92.38,92.38
"4578","Saint Lucia","LCA",2007,6.7729257726888,93.07,93.07
"4579","Saint Lucia","LCA",2008,5.7533502480527,93.73,93.73
"4580","Saint Lucia","LCA",2009,4.89793119875751,94.38,94.38
"4581","Saint Lucia","LCA",2010,4.16480439721115,94.88,94.88
"4582","Saint Lucia","LCA",2011,3.67635790449441,95.41,95.41
"4583","Saint Lucia","LCA",2012,3.28295052110997,95.81,95.81
"4584","Saint Lucia","LCA",2013,3.06430622841197,96.23,96.23
"4585","Saint Lucia","LCA",2014,2.82771301733256,96.61,96.61
"4586","Saint Lucia","LCA",2015,2.64188499833333,96.97,96.97
"4587","Saint Lucia","LCA",2016,2.65997494330393,97.23,97.23
"4588","Saint Lucia","LCA",2017,2.53660472214528,NA,NA
"4589","Saint Lucia","LCA",2018,2.40648568184502,NA,NA
"4590","Saint Lucia","LCA",2019,2.26742887477498,NA,NA
"4591","Saint Vincent and the Grenadines","VCT",1990,50.6877085154531,NA,NA
"4592","Saint Vincent and the Grenadines","VCT",1991,46.4241293943517,NA,NA
"4593","Saint Vincent and the Grenadines","VCT",1992,42.4629466932638,NA,NA
"4594","Saint Vincent and the Grenadines","VCT",1993,38.4892856627725,NA,NA
"4595","Saint Vincent and the Grenadines","VCT",1994,34.5918232182162,NA,NA
"4596","Saint Vincent and the Grenadines","VCT",1995,29.7793426589852,NA,NA
"4597","Saint Vincent and the Grenadines","VCT",1996,26.4291371654374,NA,NA
"4598","Saint Vincent and the Grenadines","VCT",1997,23.2381591770653,NA,NA
"4599","Saint Vincent and the Grenadines","VCT",1998,20.6793515104944,NA,NA
"4600","Saint Vincent and the Grenadines","VCT",1999,18.1735370543803,NA,NA
"4601","Saint Vincent and the Grenadines","VCT",2000,16.0225045939772,95.42,95.42
"4602","Saint Vincent and the Grenadines","VCT",2001,13.7561464167261,95.4,95.4
"4603","Saint Vincent and the Grenadines","VCT",2002,12.019596023523,95.5,95.5
"4604","Saint Vincent and the Grenadines","VCT",2003,10.4580044618955,95.57,95.57
"4605","Saint Vincent and the Grenadines","VCT",2004,9.1693779577013,95.67,95.67
"4606","Saint Vincent and the Grenadines","VCT",2005,8.08491907945561,95.7,95.7
"4607","Saint Vincent and the Grenadines","VCT",2006,7.15457189764005,95.79,95.79
"4608","Saint Vincent and the Grenadines","VCT",2007,6.45587273886008,95.77,95.77
"4609","Saint Vincent and the Grenadines","VCT",2008,6.08651470405364,95.84,95.84
"4610","Saint Vincent and the Grenadines","VCT",2009,5.7651129644757,95.92,95.92
"4611","Saint Vincent and the Grenadines","VCT",2010,5.49873383630516,95.87,95.87
"4612","Saint Vincent and the Grenadines","VCT",2011,5.34863515357206,95.87,95.87
"4613","Saint Vincent and the Grenadines","VCT",2012,5.15425665403355,95.97,95.97
"4614","Saint Vincent and the Grenadines","VCT",2013,4.94548136779888,95.89,95.89
"4615","Saint Vincent and the Grenadines","VCT",2014,4.79292750574678,95.96,95.96
"4616","Saint Vincent and the Grenadines","VCT",2015,4.53098428497443,95.9,95.9
"4617","Saint Vincent and the Grenadines","VCT",2016,4.24790635944852,95.98,95.98
"4618","Saint Vincent and the Grenadines","VCT",2017,4.01673871266412,NA,NA
"4619","Saint Vincent and the Grenadines","VCT",2018,3.7739026516535,NA,NA
"4620","Saint Vincent and the Grenadines","VCT",2019,3.53024008274477,NA,NA
"4621","Samoa","WSM",1990,159.512249516099,NA,NA
"4622","Samoa","WSM",1991,156.945426234744,NA,NA
"4623","Samoa","WSM",1992,154.670878086078,NA,NA
"4624","Samoa","WSM",1993,152.016808105849,NA,NA
"4625","Samoa","WSM",1994,149.834689886145,NA,NA
"4626","Samoa","WSM",1995,148.197567058368,NA,NA
"4627","Samoa","WSM",1996,146.240935724443,NA,NA
"4628","Samoa","WSM",1997,143.843929723167,NA,NA
"4629","Samoa","WSM",1998,141.369669949161,NA,NA
"4630","Samoa","WSM",1999,140.242971760824,NA,NA
"4631","Samoa","WSM",2000,138.926454801338,20.24,20.24
"4632","Samoa","WSM",2001,137.808987498154,21.06,21.06
"4633","Samoa","WSM",2002,136.955298134126,21.68,21.68
"4634","Samoa","WSM",2003,136.961842943375,22.94,22.94
"4635","Samoa","WSM",2004,136.648001074706,23.79,23.79
"4636","Samoa","WSM",2005,136.1163557737,24.64,24.64
"4637","Samoa","WSM",2006,135.55718070481,25.49,25.49
"4638","Samoa","WSM",2007,134.658983197136,26.18,26.18
"4639","Samoa","WSM",2008,133.75196486399,26.97,26.97
"4640","Samoa","WSM",2009,133.021289516948,27.91,27.91
"4641","Samoa","WSM",2010,132.1140749782,28.79,28.79
"4642","Samoa","WSM",2011,131.123822168984,29.3,29.3
"4643","Samoa","WSM",2012,129.246229110975,29.77,29.77
"4644","Samoa","WSM",2013,126.753711194373,30.56,30.56
"4645","Samoa","WSM",2014,123.983476760187,31.56,31.56
"4646","Samoa","WSM",2015,121.024071497156,31.53,31.53
"4647","Samoa","WSM",2016,116.427700556109,32.29,32.29
"4648","Samoa","WSM",2017,110.995249015063,NA,NA
"4649","Samoa","WSM",2018,106.030842535347,NA,NA
"4650","Samoa","WSM",2019,100.900555451065,NA,NA
"4651","San Marino","SMR",1990,0.153997240526927,NA,NA
"4652","San Marino","SMR",1991,0.140295927998036,NA,NA
"4653","San Marino","SMR",1992,0.127951205496848,NA,NA
"4654","San Marino","SMR",1993,0.116293300607246,NA,NA
"4655","San Marino","SMR",1994,0.106949117856183,NA,NA
"4656","San Marino","SMR",1995,0.0971611493685295,NA,NA
"4657","San Marino","SMR",1996,0.0882754872451874,NA,NA
"4658","San Marino","SMR",1997,0.0804820136562641,NA,NA
"4659","San Marino","SMR",1998,0.0738983910058258,NA,NA
"4660","San Marino","SMR",1999,0.0677230054429453,NA,NA
"4661","San Marino","SMR",2000,0.0627539977460038,100,100
"4662","San Marino","SMR",2001,0.0584788086976883,100,100
"4663","San Marino","SMR",2002,0.0546710394044471,100,100
"4664","San Marino","SMR",2003,0.0515019944104948,100,100
"4665","San Marino","SMR",2004,0.0488105526511525,100,100
"4666","San Marino","SMR",2005,0.0459786378040695,100,100
"4667","San Marino","SMR",2006,0.0424628514122739,100,100
"4668","San Marino","SMR",2007,0.038671408579354,100,100
"4669","San Marino","SMR",2008,0.0351536566469101,100,100
"4670","San Marino","SMR",2009,0.0324104491766338,100,100
"4671","San Marino","SMR",2010,0.0305286655865957,100,100
"4672","San Marino","SMR",2011,0.0294314833529723,100,100
"4673","San Marino","SMR",2012,0.028615962844041,100,100
"4674","San Marino","SMR",2013,0.0279357232255666,100,100
"4675","San Marino","SMR",2014,0.0273152186425504,100,100
"4676","San Marino","SMR",2015,0.0265836825452623,100,100
"4677","San Marino","SMR",2016,0.0254775018430927,100,100
"4678","San Marino","SMR",2017,0.0242967885924926,NA,NA
"4679","San Marino","SMR",2018,0.0232759370931914,NA,NA
"4680","San Marino","SMR",2019,0.0223319453205599,NA,NA
"4681","Sao Tome and Principe","STP",1990,197.543908667693,NA,NA
"4682","Sao Tome and Principe","STP",1991,197.178477357563,NA,NA
"4683","Sao Tome and Principe","STP",1992,197.198742298157,NA,NA
"4684","Sao Tome and Principe","STP",1993,194.152999866946,NA,NA
"4685","Sao Tome and Principe","STP",1994,193.437383634592,NA,NA
"4686","Sao Tome and Principe","STP",1995,193.632622412708,NA,NA
"4687","Sao Tome and Principe","STP",1996,194.958359428574,NA,NA
"4688","Sao Tome and Principe","STP",1997,194.756967261398,NA,NA
"4689","Sao Tome and Principe","STP",1998,193.854335848765,NA,NA
"4690","Sao Tome and Principe","STP",1999,190.312758656575,NA,NA
"4691","Sao Tome and Principe","STP",2000,182.424614979586,17.66,17.66
"4692","Sao Tome and Principe","STP",2001,177.825369642069,18.54,18.54
"4693","Sao Tome and Principe","STP",2002,175.32871494086,19.08,19.08
"4694","Sao Tome and Principe","STP",2003,166.626613119395,20.03,20.03
"4695","Sao Tome and Principe","STP",2004,165.477115427551,20.47,20.47
"4696","Sao Tome and Principe","STP",2005,155.039621344711,21.26,21.26
"4697","Sao Tome and Principe","STP",2006,153.897475024518,21.68,21.68
"4698","Sao Tome and Principe","STP",2007,149.80841965712,21.84,21.84
"4699","Sao Tome and Principe","STP",2008,143.734044870879,22.18,22.18
"4700","Sao Tome and Principe","STP",2009,140.291168290215,21.81,21.81
"4701","Sao Tome and Principe","STP",2010,137.162004029517,21.53,21.53
"4702","Sao Tome and Principe","STP",2011,130.019663007976,21.1,21.1
"4703","Sao Tome and Principe","STP",2012,123.812043938071,20.5,20.5
"4704","Sao Tome and Principe","STP",2013,118.835107355187,19.61,19.61
"4705","Sao Tome and Principe","STP",2014,115.309511346997,18.8,18.8
"4706","Sao Tome and Principe","STP",2015,110.333761123757,17.88,17.88
"4707","Sao Tome and Principe","STP",2016,106.280563897906,16.81,16.81
"4708","Sao Tome and Principe","STP",2017,102.52138028829,NA,NA
"4709","Sao Tome and Principe","STP",2018,97.2473091104262,NA,NA
"4710","Sao Tome and Principe","STP",2019,90.8172646651042,NA,NA
"4711","Saudi Arabia","SAU",1990,76.8869317024894,NA,NA
"4712","Saudi Arabia","SAU",1991,66.2143487397328,NA,NA
"4713","Saudi Arabia","SAU",1992,55.8471684776563,NA,NA
"4714","Saudi Arabia","SAU",1993,46.4258517206421,NA,NA
"4715","Saudi Arabia","SAU",1994,38.3262082518963,NA,NA
"4716","Saudi Arabia","SAU",1995,31.7733316325573,NA,NA
"4717","Saudi Arabia","SAU",1996,26.2882102033832,NA,NA
"4718","Saudi Arabia","SAU",1997,21.2919894215482,NA,NA
"4719","Saudi Arabia","SAU",1998,16.9616098910386,NA,NA
"4720","Saudi Arabia","SAU",1999,13.4496028127571,NA,NA
"4721","Saudi Arabia","SAU",2000,10.8102436281036,94.87,94.87
"4722","Saudi Arabia","SAU",2001,8.75993810514745,95.06,95.06
"4723","Saudi Arabia","SAU",2002,7.04121143755789,95.22,95.22
"4724","Saudi Arabia","SAU",2003,5.61290188593034,95.43,95.43
"4725","Saudi Arabia","SAU",2004,4.46808842183062,95.55,95.55
"4726","Saudi Arabia","SAU",2005,3.63487460193368,95.54,95.54
"4727","Saudi Arabia","SAU",2006,2.99665306129363,95.72,95.72
"4728","Saudi Arabia","SAU",2007,2.4414738781384,95.85,95.85
"4729","Saudi Arabia","SAU",2008,1.97005493342697,95.88,95.88
"4730","Saudi Arabia","SAU",2009,1.57454596434722,95.91,95.91
"4731","Saudi Arabia","SAU",2010,1.27794833016248,96.02,96.02
"4732","Saudi Arabia","SAU",2011,1.04005394837154,96.06,96.06
"4733","Saudi Arabia","SAU",2012,0.844040207786891,96.05,96.05
"4734","Saudi Arabia","SAU",2013,0.688162213089172,96.02,96.02
"4735","Saudi Arabia","SAU",2014,0.560611460534831,95.99,95.99
"4736","Saudi Arabia","SAU",2015,0.462585626005923,95.99,95.99
"4737","Saudi Arabia","SAU",2016,0.385206415486824,95.96,95.96
"4738","Saudi Arabia","SAU",2017,0.324978248748114,NA,NA
"4739","Saudi Arabia","SAU",2018,0.272995013990757,NA,NA
"4740","Saudi Arabia","SAU",2019,0.23051870196177,NA,NA
"4741","Senegal","SEN",1990,186.891708497576,NA,NA
"4742","Senegal","SEN",1991,182.118004339662,NA,NA
"4743","Senegal","SEN",1992,176.862299009111,NA,NA
"4744","Senegal","SEN",1993,172.225473276802,NA,NA
"4745","Senegal","SEN",1994,168.626550443221,NA,NA
"4746","Senegal","SEN",1995,161.662208945634,NA,NA
"4747","Senegal","SEN",1996,155.251718055191,NA,NA
"4748","Senegal","SEN",1997,150.025090804628,NA,NA
"4749","Senegal","SEN",1998,146.31893177828,NA,NA
"4750","Senegal","SEN",1999,142.898590752817,NA,NA
"4751","Senegal","SEN",2000,137.940937756873,31.76,31.76
"4752","Senegal","SEN",2001,149.574631403247,31.54,31.54
"4753","Senegal","SEN",2002,146.680140123859,31.82,31.82
"4754","Senegal","SEN",2003,138.280285411972,31.74,31.74
"4755","Senegal","SEN",2004,138.934170873976,31.8,31.8
"4756","Senegal","SEN",2005,136.65042259017,31.96,31.96
"4757","Senegal","SEN",2006,133.968996209523,32.19,32.19
"4758","Senegal","SEN",2007,132.350709982922,31.85,31.85
"4759","Senegal","SEN",2008,132.342340310501,31.81,31.81
"4760","Senegal","SEN",2009,133.103853272079,31.81,31.81
"4761","Senegal","SEN",2010,125.885329321223,31.94,31.94
"4762","Senegal","SEN",2011,125.53956199779,32.01,32.01
"4763","Senegal","SEN",2012,122.753287001616,31.65,31.65
"4764","Senegal","SEN",2013,121.628803274953,31.64,31.64
"4765","Senegal","SEN",2014,121.61815816748,31.68,31.68
"4766","Senegal","SEN",2015,120.114510908709,31.82,31.82
"4767","Senegal","SEN",2016,118.454562310675,31.65,31.65
"4768","Senegal","SEN",2017,115.079706596853,NA,NA
"4769","Senegal","SEN",2018,110.967154471029,NA,NA
"4770","Senegal","SEN",2019,108.583681760394,NA,NA
"4771","Serbia","SRB",1990,69.1502143656655,NA,NA
"4772","Serbia","SRB",1991,65.7343635920808,NA,NA
"4773","Serbia","SRB",1992,64.600831197275,NA,NA
"4774","Serbia","SRB",1993,64.0312365631079,NA,NA
"4775","Serbia","SRB",1994,63.0285954070068,NA,NA
"4776","Serbia","SRB",1995,62.2155422568706,NA,NA
"4777","Serbia","SRB",1996,61.8649257066041,NA,NA
"4778","Serbia","SRB",1997,61.9879523414413,NA,NA
"4779","Serbia","SRB",1998,54.4280323849583,NA,NA
"4780","Serbia","SRB",1999,50.9761980552886,NA,NA
"4781","Serbia","SRB",2000,48.6058701264299,51.96,51.96
"4782","Serbia","SRB",2001,44.7050023799178,53.33,53.33
"4783","Serbia","SRB",2002,41.2892333228161,55.18,55.18
"4784","Serbia","SRB",2003,39.1236764741891,56.68,56.68
"4785","Serbia","SRB",2004,36.7287037447345,58.53,58.53
"4786","Serbia","SRB",2005,34.9302147378429,60.27,60.27
"4787","Serbia","SRB",2006,32.0102582109021,62.24,62.24
"4788","Serbia","SRB",2007,29.2864219702309,63.84,63.84
"4789","Serbia","SRB",2008,27.3193293742964,65.27,65.27
"4790","Serbia","SRB",2009,25.1901085766798,66.73,66.73
"4791","Serbia","SRB",2010,22.7496713917035,68.56,68.56
"4792","Serbia","SRB",2011,20.5807364141674,69.82,69.82
"4793","Serbia","SRB",2012,18.7826797219377,71.15,71.15
"4794","Serbia","SRB",2013,17.5127492484731,72.76,72.76
"4795","Serbia","SRB",2014,16.6115463751774,73.56,73.56
"4796","Serbia","SRB",2015,15.7358062878459,75.02,75.02
"4797","Serbia","SRB",2016,14.5853942500406,76.41,76.41
"4798","Serbia","SRB",2017,14.029901819735,NA,NA
"4799","Serbia","SRB",2018,13.520810600635,NA,NA
"4800","Serbia","SRB",2019,12.9039981852491,NA,NA
"4801","Seychelles","SYC",1990,9.27603056238356,NA,NA
"4802","Seychelles","SYC",1991,8.15286137585966,NA,NA
"4803","Seychelles","SYC",1992,7.17257083714383,NA,NA
"4804","Seychelles","SYC",1993,6.25808634690396,NA,NA
"4805","Seychelles","SYC",1994,5.47990564235816,NA,NA
"4806","Seychelles","SYC",1995,4.73565374489141,NA,NA
"4807","Seychelles","SYC",1996,4.1324056539408,NA,NA
"4808","Seychelles","SYC",1997,3.54283667535477,NA,NA
"4809","Seychelles","SYC",1998,3.04181716101821,NA,NA
"4810","Seychelles","SYC",1999,2.60880678952245,NA,NA
"4811","Seychelles","SYC",2000,2.24536359960009,76.78,76.78
"4812","Seychelles","SYC",2001,1.9932337979726,78.21,78.21
"4813","Seychelles","SYC",2002,1.81855129872864,79.83,79.83
"4814","Seychelles","SYC",2003,1.66725258621389,81.03,81.03
"4815","Seychelles","SYC",2004,1.48262547948459,82.81,82.81
"4816","Seychelles","SYC",2005,1.36096808658158,84.16,84.16
"4817","Seychelles","SYC",2006,1.22815969506991,84.74,84.74
"4818","Seychelles","SYC",2007,1.09323900555772,85.78,85.78
"4819","Seychelles","SYC",2008,0.98699625929267,87,87
"4820","Seychelles","SYC",2009,0.886816687499404,87.5,87.5
"4821","Seychelles","SYC",2010,0.780419822143292,88.23,88.23
"4822","Seychelles","SYC",2011,0.702797247631736,88.99,88.99
"4823","Seychelles","SYC",2012,0.662124026599385,88.85,88.85
"4824","Seychelles","SYC",2013,0.616068027877038,89.27,89.27
"4825","Seychelles","SYC",2014,0.572816415650071,89.76,89.76
"4826","Seychelles","SYC",2015,0.535143015386866,90.23,90.23
"4827","Seychelles","SYC",2016,0.496183425427161,90.36,90.36
"4828","Seychelles","SYC",2017,0.452972694582007,NA,NA
"4829","Seychelles","SYC",2018,0.408649334266374,NA,NA
"4830","Seychelles","SYC",2019,0.365469443017209,NA,NA
"4831","Sierra Leone","SLE",1990,273.371858836665,NA,NA
"4832","Sierra Leone","SLE",1991,271.019382987224,NA,NA
"4833","Sierra Leone","SLE",1992,265.866742104102,NA,NA
"4834","Sierra Leone","SLE",1993,259.857604948263,NA,NA
"4835","Sierra Leone","SLE",1994,255.782934628683,NA,NA
"4836","Sierra Leone","SLE",1995,252.369827344868,NA,NA
"4837","Sierra Leone","SLE",1996,250.326456745625,NA,NA
"4838","Sierra Leone","SLE",1997,252.048397220266,NA,NA
"4839","Sierra Leone","SLE",1998,248.698716121327,NA,NA
"4840","Sierra Leone","SLE",1999,244.600124878189,NA,NA
"4841","Sierra Leone","SLE",2000,243.330950588129,0.149999999999995,0.149999999999995
"4842","Sierra Leone","SLE",2001,241.504727318476,0.170000000000003,0.170000000000003
"4843","Sierra Leone","SLE",2002,242.188306744724,0.190000000000001,0.190000000000001
"4844","Sierra Leone","SLE",2003,240.974200005156,0.219999999999998,0.219999999999998
"4845","Sierra Leone","SLE",2004,241.642557763204,0.239999999999996,0.239999999999996
"4846","Sierra Leone","SLE",2005,241.754332004197,0.270000000000004,0.270000000000004
"4847","Sierra Leone","SLE",2006,239.979364541929,0.319999999999998,0.319999999999998
"4848","Sierra Leone","SLE",2007,236.142152974039,0.360000000000005,0.360000000000005
"4849","Sierra Leone","SLE",2008,229.566136116694,0.409999999999999,0.409999999999999
"4850","Sierra Leone","SLE",2009,224.516078709658,0.449999999999995,0.449999999999995
"4851","Sierra Leone","SLE",2010,221.346685970303,0.529999999999997,0.529999999999997
"4852","Sierra Leone","SLE",2011,214.815442975356,0.609999999999999,0.609999999999999
"4853","Sierra Leone","SLE",2012,207.379819465254,0.719999999999998,0.719999999999998
"4854","Sierra Leone","SLE",2013,198.440261169643,0.729999999999997,0.729999999999997
"4855","Sierra Leone","SLE",2014,189.49549701496,0.800000000000001,0.800000000000001
"4856","Sierra Leone","SLE",2015,185.175182827668,0.929999999999998,0.929999999999998
"4857","Sierra Leone","SLE",2016,179.709565236921,0.990000000000002,0.990000000000002
"4858","Sierra Leone","SLE",2017,176.963283603458,NA,NA
"4859","Sierra Leone","SLE",2018,173.822239216452,NA,NA
"4860","Sierra Leone","SLE",2019,168.273418377102,NA,NA
"4861","Singapore","SGP",1990,3.57949981727856,NA,NA
"4862","Singapore","SGP",1991,2.94532985406728,NA,NA
"4863","Singapore","SGP",1992,2.42512382709679,NA,NA
"4864","Singapore","SGP",1993,2.00758404093524,NA,NA
"4865","Singapore","SGP",1994,1.68142559517873,NA,NA
"4866","Singapore","SGP",1995,1.41343001089854,NA,NA
"4867","Singapore","SGP",1996,1.17926580522056,NA,NA
"4868","Singapore","SGP",1997,0.970440118329309,NA,NA
"4869","Singapore","SGP",1998,0.798566855352153,NA,NA
"4870","Singapore","SGP",1999,0.647935581197176,NA,NA
"4871","Singapore","SGP",2000,0.525713871421931,100,100
"4872","Singapore","SGP",2001,0.429894675796429,100,100
"4873","Singapore","SGP",2002,0.355824999734428,100,100
"4874","Singapore","SGP",2003,0.29385892069621,100,100
"4875","Singapore","SGP",2004,0.242837176883569,100,100
"4876","Singapore","SGP",2005,0.192891235919425,100,100
"4877","Singapore","SGP",2006,0.16048706665884,100,100
"4878","Singapore","SGP",2007,0.133496347510274,100,100
"4879","Singapore","SGP",2008,0.110341799650203,100,100
"4880","Singapore","SGP",2009,0.0904518901535629,100,100
"4881","Singapore","SGP",2010,0.0770767367528118,100,100
"4882","Singapore","SGP",2011,0.0667101335162586,100,100
"4883","Singapore","SGP",2012,0.0594671951480526,100,100
"4884","Singapore","SGP",2013,0.052844448365911,100,100
"4885","Singapore","SGP",2014,0.0473019580256648,100,100
"4886","Singapore","SGP",2015,0.0422875954373093,100,100
"4887","Singapore","SGP",2016,0.0378332108687736,100,100
"4888","Singapore","SGP",2017,0.0344232352795834,NA,NA
"4889","Singapore","SGP",2018,0.0322329172997123,NA,NA
"4890","Singapore","SGP",2019,0.0300033740213708,NA,NA
"4891","Slovakia","SVK",1990,3.58198139143372,NA,NA
"4892","Slovakia","SVK",1991,3.23802212719267,NA,NA
"4893","Slovakia","SVK",1992,2.89441253322611,NA,NA
"4894","Slovakia","SVK",1993,2.59354308799786,NA,NA
"4895","Slovakia","SVK",1994,2.30596791789541,NA,NA
"4896","Slovakia","SVK",1995,2.14798693696804,NA,NA
"4897","Slovakia","SVK",1996,1.9175037476052,NA,NA
"4898","Slovakia","SVK",1997,1.83157917524016,NA,NA
"4899","Slovakia","SVK",1998,1.68607505612624,NA,NA
"4900","Slovakia","SVK",1999,1.54436504689281,NA,NA
"4901","Slovakia","SVK",2000,1.39356409665179,93.75,93.75
"4902","Slovakia","SVK",2001,1.30520116800108,94.09,94.09
"4903","Slovakia","SVK",2002,1.20556206769764,94.67,94.67
"4904","Slovakia","SVK",2003,1.1368000272422,95.1,95.1
"4905","Slovakia","SVK",2004,1.05682475066002,95.42,95.42
"4906","Slovakia","SVK",2005,1.01302914133676,95.58,95.58
"4907","Slovakia","SVK",2006,0.94643799573985,95.87,95.87
"4908","Slovakia","SVK",2007,0.901223683894078,96.06,96.06
"4909","Slovakia","SVK",2008,0.817521726059621,96.47,96.47
"4910","Slovakia","SVK",2009,0.760533563346533,96.71,96.71
"4911","Slovakia","SVK",2010,0.685533149830557,96.7,96.7
"4912","Slovakia","SVK",2011,0.640116801946808,96.78,96.78
"4913","Slovakia","SVK",2012,0.586332042841049,96.81,96.81
"4914","Slovakia","SVK",2013,0.541410119002043,96.79,96.79
"4915","Slovakia","SVK",2014,0.502189194330401,96.81,96.81
"4916","Slovakia","SVK",2015,0.488807468226913,96.72,96.72
"4917","Slovakia","SVK",2016,0.448192356687962,96.58,96.58
"4918","Slovakia","SVK",2017,0.425935576600797,NA,NA
"4919","Slovakia","SVK",2018,0.40231472965845,NA,NA
"4920","Slovakia","SVK",2019,0.37925863987594,NA,NA
"4921","Slovenia","SVN",1990,11.4115855999581,NA,NA
"4922","Slovenia","SVN",1991,10.7717148440548,NA,NA
"4923","Slovenia","SVN",1992,10.1178308177555,NA,NA
"4924","Slovenia","SVN",1993,9.48361811074469,NA,NA
"4925","Slovenia","SVN",1994,8.83346648574262,NA,NA
"4926","Slovenia","SVN",1995,8.14120526338038,NA,NA
"4927","Slovenia","SVN",1996,7.57063944883975,NA,NA
"4928","Slovenia","SVN",1997,6.99121940246043,NA,NA
"4929","Slovenia","SVN",1998,6.42277145984141,NA,NA
"4930","Slovenia","SVN",1999,5.81280995630689,NA,NA
"4931","Slovenia","SVN",2000,5.16607462505263,88.93,88.93
"4932","Slovenia","SVN",2001,4.82876548341834,89.75,89.75
"4933","Slovenia","SVN",2002,4.32698117709021,90.68,90.68
"4934","Slovenia","SVN",2003,3.99392963154439,91.49,91.49
"4935","Slovenia","SVN",2004,3.67295635794106,92,92
"4936","Slovenia","SVN",2005,3.27411007101252,92.57,92.57
"4937","Slovenia","SVN",2006,3.00570113854753,93.15,93.15
"4938","Slovenia","SVN",2007,2.7975972946496,93.65,93.65
"4939","Slovenia","SVN",2008,2.57134888196098,94.06,94.06
"4940","Slovenia","SVN",2009,2.40994147725633,94.41,94.41
"4941","Slovenia","SVN",2010,2.26298587205762,94.81,94.81
"4942","Slovenia","SVN",2011,2.12281146410508,95.08,95.08
"4943","Slovenia","SVN",2012,2.01973406485714,95.41,95.41
"4944","Slovenia","SVN",2013,1.86605244360112,95.66,95.66
"4945","Slovenia","SVN",2014,1.65570050437129,95.82,95.82
"4946","Slovenia","SVN",2015,1.62877423064401,95.99,95.99
"4947","Slovenia","SVN",2016,1.51345630157365,96.17,96.17
"4948","Slovenia","SVN",2017,1.44511916927245,NA,NA
"4949","Slovenia","SVN",2018,1.37305353729412,NA,NA
"4950","Slovenia","SVN",2019,1.29870443332701,NA,NA
"4951","Solomon Islands","SLB",1990,510.81636487592,NA,NA
"4952","Solomon Islands","SLB",1991,507.592148848329,NA,NA
"4953","Solomon Islands","SLB",1992,502.637033083195,NA,NA
"4954","Solomon Islands","SLB",1993,497.33582668287,NA,NA
"4955","Solomon Islands","SLB",1994,492.638703756755,NA,NA
"4956","Solomon Islands","SLB",1995,487.45440878333,NA,NA
"4957","Solomon Islands","SLB",1996,483.851090375569,NA,NA
"4958","Solomon Islands","SLB",1997,481.670031128174,NA,NA
"4959","Solomon Islands","SLB",1998,480.551451575093,NA,NA
"4960","Solomon Islands","SLB",1999,477.755958910024,NA,NA
"4961","Solomon Islands","SLB",2000,474.973060069722,6.27,6.27
"4962","Solomon Islands","SLB",2001,471.268561116339,6.45,6.45
"4963","Solomon Islands","SLB",2002,466.810521825524,6.71,6.71
"4964","Solomon Islands","SLB",2003,463.833981174625,6.78,6.78
"4965","Solomon Islands","SLB",2004,460.962780249225,7.03,7.03
"4966","Solomon Islands","SLB",2005,459.505556407054,7.17,7.17
"4967","Solomon Islands","SLB",2006,458.650532536943,7.19,7.19
"4968","Solomon Islands","SLB",2007,452.587521866472,7.38,7.38
"4969","Solomon Islands","SLB",2008,435.27844584494,7.46,7.46
"4970","Solomon Islands","SLB",2009,438.341709246534,7.66,7.66
"4971","Solomon Islands","SLB",2010,432.310787874515,7.79,7.79
"4972","Solomon Islands","SLB",2011,437.205640046276,7.95,7.95
"4973","Solomon Islands","SLB",2012,434.649535617578,8.00999999999999,8.00999999999999
"4974","Solomon Islands","SLB",2013,431.153077453137,8.13,8.13
"4975","Solomon Islands","SLB",2014,428.574679282379,8.23,8.23
"4976","Solomon Islands","SLB",2015,422.809821986567,8.36,8.36
"4977","Solomon Islands","SLB",2016,412.807737719262,8.45,8.45
"4978","Solomon Islands","SLB",2017,407.015945992107,NA,NA
"4979","Solomon Islands","SLB",2018,403.633042388053,NA,NA
"4980","Solomon Islands","SLB",2019,397.259518136342,NA,NA
"4981","Somalia","SOM",1990,346.734076909898,NA,NA
"4982","Somalia","SOM",1991,339.274711406171,NA,NA
"4983","Somalia","SOM",1992,332.41437319602,NA,NA
"4984","Somalia","SOM",1993,327.551021400388,NA,NA
"4985","Somalia","SOM",1994,324.61656941101,NA,NA
"4986","Somalia","SOM",1995,322.100596534097,NA,NA
"4987","Somalia","SOM",1996,319.875820833793,NA,NA
"4988","Somalia","SOM",1997,317.602066554648,NA,NA
"4989","Somalia","SOM",1998,314.634130306431,NA,NA
"4990","Somalia","SOM",1999,310.579087739424,NA,NA
"4991","Somalia","SOM",2000,306.854410461098,0.639999999999996,0.639999999999996
"4992","Somalia","SOM",2001,302.500695782809,0.690000000000002,0.690000000000002
"4993","Somalia","SOM",2002,301.422472970066,0.749999999999995,0.749999999999995
"4994","Somalia","SOM",2003,300.371164925813,0.819999999999999,0.819999999999999
"4995","Somalia","SOM",2004,299.55610719187,0.880000000000003,0.880000000000003
"4996","Somalia","SOM",2005,297.125414449153,0.949999999999995,0.949999999999995
"4997","Somalia","SOM",2006,294.334576846633,1.02,1.02
"4998","Somalia","SOM",2007,295.940366418709,1.11,1.11
"4999","Somalia","SOM",2008,297.972567235344,1.2,1.2
"5000","Somalia","SOM",2009,297.775607601012,1.29,1.29
"5001","Somalia","SOM",2010,297.031976159186,1.41,1.41
"5002","Somalia","SOM",2011,294.655949817284,1.55999999999999,1.55999999999999
"5003","Somalia","SOM",2012,291.192826401936,1.68,1.68
"5004","Somalia","SOM",2013,287.744241025326,1.82,1.82
"5005","Somalia","SOM",2014,285.131947894061,1.97000000000001,1.97000000000001
"5006","Somalia","SOM",2015,282.604391729484,2.12,2.12
"5007","Somalia","SOM",2016,280.155901403467,2.34,2.34
"5008","Somalia","SOM",2017,276.954935165842,NA,NA
"5009","Somalia","SOM",2018,275.182372691581,NA,NA
"5010","Somalia","SOM",2019,272.016627405718,NA,NA
"5011","South Africa","ZAF",1990,51.6536281574582,NA,NA
"5012","South Africa","ZAF",1991,49.7473473795859,NA,NA
"5013","South Africa","ZAF",1992,50.1949844231604,NA,NA
"5014","South Africa","ZAF",1993,47.9469664152721,NA,NA
"5015","South Africa","ZAF",1994,49.3426550103353,NA,NA
"5016","South Africa","ZAF",1995,48.2547752254036,NA,NA
"5017","South Africa","ZAF",1996,51.9172594736796,NA,NA
"5018","South Africa","ZAF",1997,56.0055123698183,NA,NA
"5019","South Africa","ZAF",1998,57.8939568860831,NA,NA
"5020","South Africa","ZAF",1999,55.0995602361812,NA,NA
"5021","South Africa","ZAF",2000,56.1332217714224,56.43,56.43
"5022","South Africa","ZAF",2001,53.7383643396746,58.81,58.81
"5023","South Africa","ZAF",2002,52.2729075070751,61.01,61.01
"5024","South Africa","ZAF",2003,50.4884800597232,63.29,63.29
"5025","South Africa","ZAF",2004,47.5017577763496,65.6,65.6
"5026","South Africa","ZAF",2005,45.1924199366076,67.53,67.53
"5027","South Africa","ZAF",2006,43.5761839491584,69.58,69.58
"5028","South Africa","ZAF",2007,39.6397231734768,71.46,71.46
"5029","South Africa","ZAF",2008,35.9122151072586,73.35,73.35
"5030","South Africa","ZAF",2009,32.479855584178,75.04,75.04
"5031","South Africa","ZAF",2010,29.2449512299487,76.65,76.65
"5032","South Africa","ZAF",2011,25.8602283208164,78.21,78.21
"5033","South Africa","ZAF",2012,23.2269129485305,79.65,79.65
"5034","South Africa","ZAF",2013,21.1174908083887,81,81
"5035","South Africa","ZAF",2014,19.8598453658976,82.36,82.36
"5036","South Africa","ZAF",2015,18.220188006047,83.64,83.64
"5037","South Africa","ZAF",2016,16.445301046332,84.75,84.75
"5038","South Africa","ZAF",2017,14.8324731070974,NA,NA
"5039","South Africa","ZAF",2018,12.8113335345333,NA,NA
"5040","South Africa","ZAF",2019,11.5985204536273,NA,NA
"5041","South Korea","KOR",1990,2.27295261729671,NA,NA
"5042","South Korea","KOR",1991,1.84750477841957,NA,NA
"5043","South Korea","KOR",1992,1.45739445225574,NA,NA
"5044","South Korea","KOR",1993,1.14235626251844,NA,NA
"5045","South Korea","KOR",1994,0.899993610927668,NA,NA
"5046","South Korea","KOR",1995,0.708884040875058,NA,NA
"5047","South Korea","KOR",1996,0.572379107877357,NA,NA
"5048","South Korea","KOR",1997,0.470269527390931,NA,NA
"5049","South Korea","KOR",1998,0.391465302437779,NA,NA
"5050","South Korea","KOR",1999,0.328467197963853,NA,NA
"5051","South Korea","KOR",2000,0.272385008864408,96.21,96.21
"5052","South Korea","KOR",2001,0.222233078159229,96.36,96.36
"5053","South Korea","KOR",2002,0.182276776816367,96.46,96.46
"5054","South Korea","KOR",2003,0.148055668858264,96.47,96.47
"5055","South Korea","KOR",2004,0.119846638972299,96.6,96.6
"5056","South Korea","KOR",2005,0.0988385782130765,96.57,96.57
"5057","South Korea","KOR",2006,0.0821212750623677,96.59,96.59
"5058","South Korea","KOR",2007,0.0688388934953996,96.57,96.57
"5059","South Korea","KOR",2008,0.0579318267397841,96.73,96.73
"5060","South Korea","KOR",2009,0.0496348252870254,96.66,96.66
"5061","South Korea","KOR",2010,0.0435939435973532,96.8,96.8
"5062","South Korea","KOR",2011,0.0387013210680185,96.68,96.68
"5063","South Korea","KOR",2012,0.0346401794572086,96.79,96.79
"5064","South Korea","KOR",2013,0.0307451694404296,96.8,96.8
"5065","South Korea","KOR",2014,0.0273836781052392,96.77,96.77
"5066","South Korea","KOR",2015,0.0248263035972057,96.68,96.68
"5067","South Korea","KOR",2016,0.0225819411559135,96.68,96.68
"5068","South Korea","KOR",2017,0.0210246361355418,NA,NA
"5069","South Korea","KOR",2018,0.0194456166518751,NA,NA
"5070","South Korea","KOR",2019,0.0181037633053002,NA,NA
"5071","South Sudan","SSD",1990,221.052376115388,NA,NA
"5072","South Sudan","SSD",1991,218.591715478198,NA,NA
"5073","South Sudan","SSD",1992,216.744175354378,NA,NA
"5074","South Sudan","SSD",1993,214.10902479769,NA,NA
"5075","South Sudan","SSD",1994,210.966395778916,NA,NA
"5076","South Sudan","SSD",1995,209.455444756561,NA,NA
"5077","South Sudan","SSD",1996,205.041429587292,NA,NA
"5078","South Sudan","SSD",1997,198.464284941866,NA,NA
"5079","South Sudan","SSD",1998,193.736669792684,NA,NA
"5080","South Sudan","SSD",1999,188.169843210684,NA,NA
"5081","South Sudan","SSD",2000,183.59023226099,0.5,0.5
"5082","South Sudan","SSD",2001,177.538771419911,0.509999999999999,0.509999999999999
"5083","South Sudan","SSD",2002,174.056359437268,0.509999999999999,0.509999999999999
"5084","South Sudan","SSD",2003,171.796650067899,0.519999999999998,0.519999999999998
"5085","South Sudan","SSD",2004,170.224582924449,0.539999999999996,0.539999999999996
"5086","South Sudan","SSD",2005,168.637868977513,0.529999999999997,0.529999999999997
"5087","South Sudan","SSD",2006,167.674440892468,0.529999999999997,0.529999999999997
"5088","South Sudan","SSD",2007,165.496637962769,0.560000000000005,0.560000000000005
"5089","South Sudan","SSD",2008,163.470087734084,0.570000000000004,0.570000000000004
"5090","South Sudan","SSD",2009,160.778900758877,0.590000000000002,0.590000000000002
"5091","South Sudan","SSD",2010,157.708617452743,0.560000000000005,0.560000000000005
"5092","South Sudan","SSD",2011,154.783939703705,0.580000000000003,0.580000000000003
"5093","South Sudan","SSD",2012,152.471076823636,0.590000000000002,0.590000000000002
"5094","South Sudan","SSD",2013,150.650249517391,0.580000000000003,0.580000000000003
"5095","South Sudan","SSD",2014,148.217630580409,0.619999999999998,0.619999999999998
"5096","South Sudan","SSD",2015,147.677966489735,0.629999999999997,0.629999999999997
"5097","South Sudan","SSD",2016,145.433114106021,0.639999999999996,0.639999999999996
"5098","South Sudan","SSD",2017,140.080318893995,NA,NA
"5099","South Sudan","SSD",2018,136.344710593358,NA,NA
"5100","South Sudan","SSD",2019,133.283135311582,NA,NA
"5101","Spain","ESP",1990,3.0913114118432,NA,NA
"5102","Spain","ESP",1991,2.70415466390243,NA,NA
"5103","Spain","ESP",1992,2.3195954545693,NA,NA
"5104","Spain","ESP",1993,2.01779136735819,NA,NA
"5105","Spain","ESP",1994,1.75699322252916,NA,NA
"5106","Spain","ESP",1995,1.56310320287628,NA,NA
"5107","Spain","ESP",1996,1.4011894117027,NA,NA
"5108","Spain","ESP",1997,1.24133792617105,NA,NA
"5109","Spain","ESP",1998,1.13323053122304,NA,NA
"5110","Spain","ESP",1999,1.03885807821848,NA,NA
"5111","Spain","ESP",2000,0.911818593183079,100,100
"5112","Spain","ESP",2001,0.812726816800846,100,100
"5113","Spain","ESP",2002,0.739125215756446,100,100
"5114","Spain","ESP",2003,0.677789939552424,100,100
"5115","Spain","ESP",2004,0.603654509062078,100,100
"5116","Spain","ESP",2005,0.548271644470032,100,100
"5117","Spain","ESP",2006,0.486857455861817,100,100
"5118","Spain","ESP",2007,0.441774955816477,100,100
"5119","Spain","ESP",2008,0.398246045503427,100,100
"5120","Spain","ESP",2009,0.355154696229286,100,100
"5121","Spain","ESP",2010,0.318026314582194,100,100
"5122","Spain","ESP",2011,0.291538573062732,100,100
"5123","Spain","ESP",2012,0.268814226286391,100,100
"5124","Spain","ESP",2013,0.243482821179585,100,100
"5125","Spain","ESP",2014,0.225501687808495,100,100
"5126","Spain","ESP",2015,0.213240028087625,100,100
"5127","Spain","ESP",2016,0.194041663078052,100,100
"5128","Spain","ESP",2017,0.180765751458549,NA,NA
"5129","Spain","ESP",2018,0.169626774336922,NA,NA
"5130","Spain","ESP",2019,0.159730570548944,NA,NA
"5131","Sri Lanka","LKA",1990,103.951742614186,NA,NA
"5132","Sri Lanka","LKA",1991,94.5690204756774,NA,NA
"5133","Sri Lanka","LKA",1992,90.1944579354437,NA,NA
"5134","Sri Lanka","LKA",1993,83.2005232807473,NA,NA
"5135","Sri Lanka","LKA",1994,81.9357529479707,NA,NA
"5136","Sri Lanka","LKA",1995,81.0490185731835,NA,NA
"5137","Sri Lanka","LKA",1996,79.6969572806551,NA,NA
"5138","Sri Lanka","LKA",1997,80.8642134772889,NA,NA
"5139","Sri Lanka","LKA",1998,75.0277790779539,NA,NA
"5140","Sri Lanka","LKA",1999,72.6177452538759,NA,NA
"5141","Sri Lanka","LKA",2000,70.1195403244709,15.64,15.64
"5142","Sri Lanka","LKA",2001,65.0717496211122,16.2,16.2
"5143","Sri Lanka","LKA",2002,62.2366692170393,16.94,16.94
"5144","Sri Lanka","LKA",2003,61.9738902464263,17.31,17.31
"5145","Sri Lanka","LKA",2004,60.1434186999221,18.03,18.03
"5146","Sri Lanka","LKA",2005,59.8241754497012,18.68,18.68
"5147","Sri Lanka","LKA",2006,58.5896127781352,19.41,19.41
"5148","Sri Lanka","LKA",2007,56.1994273209101,20.01,20.01
"5149","Sri Lanka","LKA",2008,54.9219133306337,20.69,20.69
"5150","Sri Lanka","LKA",2009,53.1387270232955,21.12,21.12
"5151","Sri Lanka","LKA",2010,50.9427069284369,21.83,21.83
"5152","Sri Lanka","LKA",2011,49.2942291531758,22.74,22.74
"5153","Sri Lanka","LKA",2012,47.0795551879956,23.37,23.37
"5154","Sri Lanka","LKA",2013,44.3145157822131,24.06,24.06
"5155","Sri Lanka","LKA",2014,42.6321463348839,24.76,24.76
"5156","Sri Lanka","LKA",2015,39.6296111627856,25.44,25.44
"5157","Sri Lanka","LKA",2016,37.0569053187748,26.33,26.33
"5158","Sri Lanka","LKA",2017,34.5192199866897,NA,NA
"5159","Sri Lanka","LKA",2018,31.5711664977474,NA,NA
"5160","Sri Lanka","LKA",2019,29.6157835623716,NA,NA
"5161","Sudan","SDN",1990,261.507801165133,NA,NA
"5162","Sudan","SDN",1991,255.440556333973,NA,NA
"5163","Sudan","SDN",1992,249.460749769883,NA,NA
"5164","Sudan","SDN",1993,243.23220299531,NA,NA
"5165","Sudan","SDN",1994,237.305546885121,NA,NA
"5166","Sudan","SDN",1995,230.996520510123,NA,NA
"5167","Sudan","SDN",1996,223.918224887352,NA,NA
"5168","Sudan","SDN",1997,216.354466129259,NA,NA
"5169","Sudan","SDN",1998,208.754849148229,NA,NA
"5170","Sudan","SDN",1999,200.64912680044,NA,NA
"5171","Sudan","SDN",2000,192.635782315502,14.21,14.21
"5172","Sudan","SDN",2001,184.731882926143,15.25,15.25
"5173","Sudan","SDN",2002,177.733748468901,16.57,16.57
"5174","Sudan","SDN",2003,170.044276159292,17.77,17.77
"5175","Sudan","SDN",2004,162.681313026597,19.14,19.14
"5176","Sudan","SDN",2005,155.722882116704,20.58,20.58
"5177","Sudan","SDN",2006,148.226454804533,22.19,22.19
"5178","Sudan","SDN",2007,140.29350597775,23.73,23.73
"5179","Sudan","SDN",2008,132.681472295189,25.38,25.38
"5180","Sudan","SDN",2009,125.450573719396,26.97,26.97
"5181","Sudan","SDN",2010,118.367320492421,28.94,28.94
"5182","Sudan","SDN",2011,111.4399728388,30.82,30.82
"5183","Sudan","SDN",2012,105.086194572626,32.75,32.75
"5184","Sudan","SDN",2013,98.3132829695054,34.71,34.71
"5185","Sudan","SDN",2014,91.571405677062,36.93,36.93
"5186","Sudan","SDN",2015,85.0277304347102,38.95,38.95
"5187","Sudan","SDN",2016,78.175042382875,41.29,41.29
"5188","Sudan","SDN",2017,71.4618665037362,NA,NA
"5189","Sudan","SDN",2018,65.2711259035304,NA,NA
"5190","Sudan","SDN",2019,59.1421616241448,NA,NA
"5191","Suriname","SUR",1990,52.3731482310855,NA,NA
"5192","Suriname","SUR",1991,52.3251724126965,NA,NA
"5193","Suriname","SUR",1992,51.3114697712925,NA,NA
"5194","Suriname","SUR",1993,51.7237558750026,NA,NA
"5195","Suriname","SUR",1994,45.4875077479183,NA,NA
"5196","Suriname","SUR",1995,36.6597891915176,NA,NA
"5197","Suriname","SUR",1996,33.8097455938891,NA,NA
"5198","Suriname","SUR",1997,32.2016855975212,NA,NA
"5199","Suriname","SUR",1998,32.366678668168,NA,NA
"5200","Suriname","SUR",1999,32.3702970383157,NA,NA
"5201","Suriname","SUR",2000,31.3234936237185,79.89,79.89
"5202","Suriname","SUR",2001,30.0520959857981,80.72,80.72
"5203","Suriname","SUR",2002,28.5440648527468,81.56,81.56
"5204","Suriname","SUR",2003,26.1373062830079,82.25,82.25
"5205","Suriname","SUR",2004,23.8530397287738,83.17,83.17
"5206","Suriname","SUR",2005,21.3718430113324,83.77,83.77
"5207","Suriname","SUR",2006,19.3738451160515,84.44,84.44
"5208","Suriname","SUR",2007,17.7296259764892,85.08,85.08
"5209","Suriname","SUR",2008,16.4841983335158,85.67,85.67
"5210","Suriname","SUR",2009,15.2905512013855,86.24,86.24
"5211","Suriname","SUR",2010,14.0952361327546,86.89,86.89
"5212","Suriname","SUR",2011,12.8028520329241,87.41,87.41
"5213","Suriname","SUR",2012,11.6835101653385,87.87,87.87
"5214","Suriname","SUR",2013,11.0967371494864,88.33,88.33
"5215","Suriname","SUR",2014,10.623774027993,88.83,88.83
"5216","Suriname","SUR",2015,10.253884790837,89.26,89.26
"5217","Suriname","SUR",2016,9.77275714553408,89.61,89.61
"5218","Suriname","SUR",2017,9.28416319677536,NA,NA
"5219","Suriname","SUR",2018,8.76125927798818,NA,NA
"5220","Suriname","SUR",2019,8.18808978523122,NA,NA
"5221","Sweden","SWE",1990,0.195936709972952,NA,NA
"5222","Sweden","SWE",1991,0.175860638113965,NA,NA
"5223","Sweden","SWE",1992,0.155559644697053,NA,NA
"5224","Sweden","SWE",1993,0.138846931693831,NA,NA
"5225","Sweden","SWE",1994,0.120451755332226,NA,NA
"5226","Sweden","SWE",1995,0.10920090050242,NA,NA
"5227","Sweden","SWE",1996,0.0999145607231917,NA,NA
"5228","Sweden","SWE",1997,0.0913316509873373,NA,NA
"5229","Sweden","SWE",1998,0.0842910752822537,NA,NA
"5230","Sweden","SWE",1999,0.0782476315341546,NA,NA
"5231","Sweden","SWE",2000,0.071430246057429,100,100
"5232","Sweden","SWE",2001,0.0651875712938209,100,100
"5233","Sweden","SWE",2002,0.0591530625175556,100,100
"5234","Sweden","SWE",2003,0.0527240578809616,100,100
"5235","Sweden","SWE",2004,0.0475949874158214,100,100
"5236","Sweden","SWE",2005,0.0429725767660912,100,100
"5237","Sweden","SWE",2006,0.0398967686535032,100,100
"5238","Sweden","SWE",2007,0.0371086894863032,100,100
"5239","Sweden","SWE",2008,0.0343595361889703,100,100
"5240","Sweden","SWE",2009,0.0319223864665286,100,100
"5241","Sweden","SWE",2010,0.0292083436229585,100,100
"5242","Sweden","SWE",2011,0.026485423205558,100,100
"5243","Sweden","SWE",2012,0.0233035337539426,100,100
"5244","Sweden","SWE",2013,0.0200670165205065,100,100
"5245","Sweden","SWE",2014,0.0171863357288184,100,100
"5246","Sweden","SWE",2015,0.0153374895249097,100,100
"5247","Sweden","SWE",2016,0.0141892887105936,100,100
"5248","Sweden","SWE",2017,0.0133211627406346,NA,NA
"5249","Sweden","SWE",2018,0.0125861726594134,NA,NA
"5250","Sweden","SWE",2019,0.0117355827306677,NA,NA
"5251","Switzerland","CHE",1990,0.0538256148586236,NA,NA
"5252","Switzerland","CHE",1991,0.0505067334991472,NA,NA
"5253","Switzerland","CHE",1992,0.0468778642304721,NA,NA
"5254","Switzerland","CHE",1993,0.0435287861629758,NA,NA
"5255","Switzerland","CHE",1994,0.0406943347259707,NA,NA
"5256","Switzerland","CHE",1995,0.0389950619119552,NA,NA
"5257","Switzerland","CHE",1996,0.0362606782564161,NA,NA
"5258","Switzerland","CHE",1997,0.0342932576512275,NA,NA
"5259","Switzerland","CHE",1998,0.0322749751979758,NA,NA
"5260","Switzerland","CHE",1999,0.0302950102409461,NA,NA
"5261","Switzerland","CHE",2000,0.0283540111452596,100,100
"5262","Switzerland","CHE",2001,0.0260494987638793,100,100
"5263","Switzerland","CHE",2002,0.024363842161473,100,100
"5264","Switzerland","CHE",2003,0.0227091718290044,100,100
"5265","Switzerland","CHE",2004,0.020569942818372,100,100
"5266","Switzerland","CHE",2005,0.0188629868244394,100,100
"5267","Switzerland","CHE",2006,0.0172951066180533,100,100
"5268","Switzerland","CHE",2007,0.0158639537801344,100,100
"5269","Switzerland","CHE",2008,0.0145056221021315,100,100
"5270","Switzerland","CHE",2009,0.0134096667547433,100,100
"5271","Switzerland","CHE",2010,0.0122486983610091,100,100
"5272","Switzerland","CHE",2011,0.0113097403651472,100,100
"5273","Switzerland","CHE",2012,0.0107246478587228,100,100
"5274","Switzerland","CHE",2013,0.0101321980712306,100,100
"5275","Switzerland","CHE",2014,0.0094350076132809,100,100
"5276","Switzerland","CHE",2015,0.008833071016315,100,100
"5277","Switzerland","CHE",2016,0.0080404660739758,100,100
"5278","Switzerland","CHE",2017,0.0074738770142145,NA,NA
"5279","Switzerland","CHE",2018,0.0071380620268631,NA,NA
"5280","Switzerland","CHE",2019,0.0069228664325066,NA,NA
"5281","Syria","SYR",1990,19.66281172082,NA,NA
"5282","Syria","SYR",1991,17.2866026169421,NA,NA
"5283","Syria","SYR",1992,15.3028372353226,NA,NA
"5284","Syria","SYR",1993,12.4383848799187,NA,NA
"5285","Syria","SYR",1994,10.4676253456475,NA,NA
"5286","Syria","SYR",1995,8.9098034076263,NA,NA
"5287","Syria","SYR",1996,7.47503940058314,NA,NA
"5288","Syria","SYR",1997,6.23751815482697,NA,NA
"5289","Syria","SYR",1998,5.31096934755922,NA,NA
"5290","Syria","SYR",1999,4.30347931840037,NA,NA
"5291","Syria","SYR",2000,3.46819893636154,NA,NA
"5292","Syria","SYR",2001,2.76931902877812,NA,NA
"5293","Syria","SYR",2002,2.28910990425219,NA,NA
"5294","Syria","SYR",2003,1.78051302067928,NA,NA
"5295","Syria","SYR",2004,1.45524028400272,NA,NA
"5296","Syria","SYR",2005,1.1871988248779,NA,NA
"5297","Syria","SYR",2006,0.982913364926442,NA,NA
"5298","Syria","SYR",2007,0.813664989895941,NA,NA
"5299","Syria","SYR",2008,0.677098377425122,NA,NA
"5300","Syria","SYR",2009,0.548397465785675,NA,NA
"5301","Syria","SYR",2010,0.471169264890999,NA,NA
"5302","Syria","SYR",2011,0.421577978197217,NA,NA
"5303","Syria","SYR",2012,0.379229479596076,NA,NA
"5304","Syria","SYR",2013,0.348854023503939,NA,NA
"5305","Syria","SYR",2014,0.320309650961554,NA,NA
"5306","Syria","SYR",2015,0.287572355697667,NA,NA
"5307","Syria","SYR",2016,0.258521639962417,NA,NA
"5308","Syria","SYR",2017,0.229610088064344,NA,NA
"5309","Syria","SYR",2018,0.198657920705897,NA,NA
"5310","Syria","SYR",2019,0.167727135086362,NA,NA
"5311","Taiwan","TWN",1990,24.6229672944998,NA,NA
"5312","Taiwan","TWN",1991,21.6753153373019,NA,NA
"5313","Taiwan","TWN",1992,19.3316235807318,NA,NA
"5314","Taiwan","TWN",1993,17.0133792883775,NA,NA
"5315","Taiwan","TWN",1994,15.0876645728506,NA,NA
"5316","Taiwan","TWN",1995,13.5423931561214,NA,NA
"5317","Taiwan","TWN",1996,12.0793404170221,NA,NA
"5318","Taiwan","TWN",1997,10.3160143617138,NA,NA
"5319","Taiwan","TWN",1998,9.04380458047172,NA,NA
"5320","Taiwan","TWN",1999,7.77482507810729,NA,NA
"5321","Taiwan","TWN",2000,6.85166397765578,NA,NA
"5322","Taiwan","TWN",2001,6.03981346978212,NA,NA
"5323","Taiwan","TWN",2002,5.24292562929022,NA,NA
"5324","Taiwan","TWN",2003,4.62902228111606,NA,NA
"5325","Taiwan","TWN",2004,4.13179124705391,NA,NA
"5326","Taiwan","TWN",2005,3.73300173003653,NA,NA
"5327","Taiwan","TWN",2006,3.26281476284682,NA,NA
"5328","Taiwan","TWN",2007,2.95151638385229,NA,NA
"5329","Taiwan","TWN",2008,2.66870248333516,NA,NA
"5330","Taiwan","TWN",2009,2.38580434129138,NA,NA
"5331","Taiwan","TWN",2010,2.17510588381768,NA,NA
"5332","Taiwan","TWN",2011,2.0700584715268,NA,NA
"5333","Taiwan","TWN",2012,1.88973062040866,NA,NA
"5334","Taiwan","TWN",2013,1.71967039572605,NA,NA
"5335","Taiwan","TWN",2014,1.64593435214043,NA,NA
"5336","Taiwan","TWN",2015,1.53689856685249,NA,NA
"5337","Taiwan","TWN",2016,1.53333792951454,NA,NA
"5338","Taiwan","TWN",2017,1.49783527109522,NA,NA
"5339","Taiwan","TWN",2018,1.39948788557965,NA,NA
"5340","Taiwan","TWN",2019,1.2450870034609,NA,NA
"5341","Tajikistan","TJK",1990,141.003740645286,NA,NA
"5342","Tajikistan","TJK",1991,141.732991273569,NA,NA
"5343","Tajikistan","TJK",1992,146.620419239921,NA,NA
"5344","Tajikistan","TJK",1993,150.409236876616,NA,NA
"5345","Tajikistan","TJK",1994,161.288948355773,NA,NA
"5346","Tajikistan","TJK",1995,152.485837878403,NA,NA
"5347","Tajikistan","TJK",1996,144.483683413284,NA,NA
"5348","Tajikistan","TJK",1997,143.578408525281,NA,NA
"5349","Tajikistan","TJK",1998,148.013688886149,NA,NA
"5350","Tajikistan","TJK",1999,148.865723939335,NA,NA
"5351","Tajikistan","TJK",2000,148.209574763207,38.73,38.73
"5352","Tajikistan","TJK",2001,146.354599657039,41.58,41.58
"5353","Tajikistan","TJK",2002,140.950059303847,44.57,44.57
"5354","Tajikistan","TJK",2003,133.80929270554,47.65,47.65
"5355","Tajikistan","TJK",2004,126.95020541948,50.73,50.73
"5356","Tajikistan","TJK",2005,122.687082670476,53.63,53.63
"5357","Tajikistan","TJK",2006,117.870767995436,56.3,56.3
"5358","Tajikistan","TJK",2007,114.64992084002,59.31,59.31
"5359","Tajikistan","TJK",2008,110.878109242833,62.08,62.08
"5360","Tajikistan","TJK",2009,106.827600091605,64.83,64.83
"5361","Tajikistan","TJK",2010,105.422371526592,67.4,67.4
"5362","Tajikistan","TJK",2011,101.396072897076,70.04,70.04
"5363","Tajikistan","TJK",2012,95.4397564151143,72.25,72.25
"5364","Tajikistan","TJK",2013,87.8904124030027,74.5,74.5
"5365","Tajikistan","TJK",2014,83.7351442532718,76.55,76.55
"5366","Tajikistan","TJK",2015,80.5940458787874,78.55,78.55
"5367","Tajikistan","TJK",2016,78.1449405497274,80.41,80.41
"5368","Tajikistan","TJK",2017,74.4560939296872,NA,NA
"5369","Tajikistan","TJK",2018,67.7944861287748,NA,NA
"5370","Tajikistan","TJK",2019,63.4145570685156,NA,NA
"5371","Tanzania","TZA",1990,213.835093288751,NA,NA
"5372","Tanzania","TZA",1991,210.157295994653,NA,NA
"5373","Tanzania","TZA",1992,207.592276101584,NA,NA
"5374","Tanzania","TZA",1993,205.223667248679,NA,NA
"5375","Tanzania","TZA",1994,203.085344158241,NA,NA
"5376","Tanzania","TZA",1995,200.462332124673,NA,NA
"5377","Tanzania","TZA",1996,197.02717182322,NA,NA
"5378","Tanzania","TZA",1997,194.436098695106,NA,NA
"5379","Tanzania","TZA",1998,192.514529784857,NA,NA
"5380","Tanzania","TZA",1999,187.916636238665,NA,NA
"5381","Tanzania","TZA",2000,182.157639059182,1.08,1.08
"5382","Tanzania","TZA",2001,176.22113277487,1.1,1.1
"5383","Tanzania","TZA",2002,172.984953971533,1.15,1.15
"5384","Tanzania","TZA",2003,170.733520558605,1.2,1.2
"5385","Tanzania","TZA",2004,168.097354838457,1.28,1.28
"5386","Tanzania","TZA",2005,164.453218266028,1.35,1.35
"5387","Tanzania","TZA",2006,162.313692999432,1.35999999999999,1.35999999999999
"5388","Tanzania","TZA",2007,159.615207285794,1.44,1.44
"5389","Tanzania","TZA",2008,156.223295314129,1.53,1.53
"5390","Tanzania","TZA",2009,153.641657440421,1.54,1.54
"5391","Tanzania","TZA",2010,150.183344170643,1.65999999999999,1.65999999999999
"5392","Tanzania","TZA",2011,147.538438419248,1.74,1.74
"5393","Tanzania","TZA",2012,146.333803029448,1.85,1.85
"5394","Tanzania","TZA",2013,143.855320795541,1.93,1.93
"5395","Tanzania","TZA",2014,140.148903728544,2,2
"5396","Tanzania","TZA",2015,138.105279341904,2.15,2.15
"5397","Tanzania","TZA",2016,135.378801964857,2.16,2.16
"5398","Tanzania","TZA",2017,132.746918664074,NA,NA
"5399","Tanzania","TZA",2018,129.992427809856,NA,NA
"5400","Tanzania","TZA",2019,126.788042585549,NA,NA
"5401","Thailand","THA",1990,65.2975572655683,NA,NA
"5402","Thailand","THA",1991,63.2244877678984,NA,NA
"5403","Thailand","THA",1992,60.2491880951627,NA,NA
"5404","Thailand","THA",1993,57.0112574633347,NA,NA
"5405","Thailand","THA",1994,54.0520417917906,NA,NA
"5406","Thailand","THA",1995,50.8630403639429,NA,NA
"5407","Thailand","THA",1996,47.6522073576628,NA,NA
"5408","Thailand","THA",1997,41.2656791521979,NA,NA
"5409","Thailand","THA",1998,38.7968122825445,NA,NA
"5410","Thailand","THA",1999,37.5802838731506,NA,NA
"5411","Thailand","THA",2000,34.3148158658698,68.04,68.04
"5412","Thailand","THA",2001,29.9529968388952,68.45,68.45
"5413","Thailand","THA",2002,28.1470889950042,68.77,68.77
"5414","Thailand","THA",2003,26.0269497816915,69.49,69.49
"5415","Thailand","THA",2004,24.7659602372448,69.57,69.57
"5416","Thailand","THA",2005,23.1429359000866,70.21,70.21
"5417","Thailand","THA",2006,21.2770953051484,70.65,70.65
"5418","Thailand","THA",2007,19.5592135697512,70.96,70.96
"5419","Thailand","THA",2008,18.0070541629081,71.46,71.46
"5420","Thailand","THA",2009,16.4712259275766,72.17,72.17
"5421","Thailand","THA",2010,15.3724993959504,72.31,72.31
"5422","Thailand","THA",2011,14.0558391079526,72.83,72.83
"5423","Thailand","THA",2012,12.8510725376467,73.22,73.22
"5424","Thailand","THA",2013,11.7961518105665,73.69,73.69
"5425","Thailand","THA",2014,11.0362251755044,73.67,73.67
"5426","Thailand","THA",2015,10.3329667537084,74.33,74.33
"5427","Thailand","THA",2016,9.8394247095576,74.43,74.43
"5428","Thailand","THA",2017,9.13944973446104,NA,NA
"5429","Thailand","THA",2018,8.45016145904811,NA,NA
"5430","Thailand","THA",2019,7.67763990057226,NA,NA
"5431","Timor","TLS",1990,225.526601189036,NA,NA
"5432","Timor","TLS",1991,222.331998167332,NA,NA
"5433","Timor","TLS",1992,221.276472909387,NA,NA
"5434","Timor","TLS",1993,219.85501699743,NA,NA
"5435","Timor","TLS",1994,216.54951768058,NA,NA
"5436","Timor","TLS",1995,212.898313450962,NA,NA
"5437","Timor","TLS",1996,208.358791757502,NA,NA
"5438","Timor","TLS",1997,203.333649191621,NA,NA
"5439","Timor","TLS",1998,203.329813232969,NA,NA
"5440","Timor","TLS",1999,202.922154077043,NA,NA
"5441","Timor","TLS",2000,201.148346000946,2.27000000000001,2.27000000000001
"5442","Timor","TLS",2001,197.597221961734,2.41,2.41
"5443","Timor","TLS",2002,192.540886134377,2.54,2.54
"5444","Timor","TLS",2003,188.026275898243,2.69,2.69
"5445","Timor","TLS",2004,179.624044013015,2.96,2.96
"5446","Timor","TLS",2005,172.019778388644,3.12,3.12
"5447","Timor","TLS",2006,163.334764279754,3.37,3.37
"5448","Timor","TLS",2007,156.974364999953,3.56,3.56
"5449","Timor","TLS",2008,150.140583440203,3.89,3.89
"5450","Timor","TLS",2009,147.537451677152,4.09000000000001,4.09000000000001
"5451","Timor","TLS",2010,144.588415294175,4.54,4.54
"5452","Timor","TLS",2011,144.612411459337,4.77,4.77
"5453","Timor","TLS",2012,143.4686733731,5.21,5.21
"5454","Timor","TLS",2013,142.197014519897,5.67,5.67
"5455","Timor","TLS",2014,141.11276323487,5.98,5.98
"5456","Timor","TLS",2015,139.241704750214,6.53,6.53
"5457","Timor","TLS",2016,137.733698491549,6.92,6.92
"5458","Timor","TLS",2017,136.724224908137,NA,NA
"5459","Timor","TLS",2018,135.722882302984,NA,NA
"5460","Timor","TLS",2019,134.431950094603,NA,NA
"5461","Togo","TGO",1990,211.573555585947,NA,NA
"5462","Togo","TGO",1991,209.225655481821,NA,NA
"5463","Togo","TGO",1992,206.954875193331,NA,NA
"5464","Togo","TGO",1993,205.335091850199,NA,NA
"5465","Togo","TGO",1994,203.854605567336,NA,NA
"5466","Togo","TGO",1995,201.976150530404,NA,NA
"5467","Togo","TGO",1996,200.065259787246,NA,NA
"5468","Togo","TGO",1997,197.72980522684,NA,NA
"5469","Togo","TGO",1998,194.916630908071,NA,NA
"5470","Togo","TGO",1999,189.997498644632,NA,NA
"5471","Togo","TGO",2000,188.288249673095,0.339999999999996,0.339999999999996
"5472","Togo","TGO",2001,187.080159188165,0.480000000000003,0.480000000000003
"5473","Togo","TGO",2002,187.498086679279,0.660000000000005,0.660000000000005
"5474","Togo","TGO",2003,186.951659642092,0.900000000000001,0.900000000000001
"5475","Togo","TGO",2004,184.270216392026,1.21,1.21
"5476","Togo","TGO",2005,182.927057055522,1.59,1.59
"5477","Togo","TGO",2006,181.480689031858,2.02,2.02
"5478","Togo","TGO",2007,179.167006920069,2.44,2.44
"5479","Togo","TGO",2008,179.116820322631,2.98,2.98
"5480","Togo","TGO",2009,176.916531050405,3.46,3.46
"5481","Togo","TGO",2010,173.267896150456,4.02,4.02
"5482","Togo","TGO",2011,168.47358491422,4.52,4.52
"5483","Togo","TGO",2012,161.827291826187,4.88,4.88
"5484","Togo","TGO",2013,155.158368285986,5.37,5.37
"5485","Togo","TGO",2014,149.10402117316,5.78,5.78
"5486","Togo","TGO",2015,146.175992626267,6.24,6.24
"5487","Togo","TGO",2016,143.130966284686,6.71,6.71
"5488","Togo","TGO",2017,140.674676125836,NA,NA
"5489","Togo","TGO",2018,136.249546877561,NA,NA
"5490","Togo","TGO",2019,131.600272363635,NA,NA
"5491","Tokelau","TKL",1990,0.928869283754305,NA,NA
"5492","Tokelau","TKL",1991,0.859156117326135,NA,NA
"5493","Tokelau","TKL",1992,0.789950797540815,NA,NA
"5494","Tokelau","TKL",1993,0.721850293931039,NA,NA
"5495","Tokelau","TKL",1994,0.65555854414592,NA,NA
"5496","Tokelau","TKL",1995,0.591586080290562,NA,NA
"5497","Tokelau","TKL",1996,0.527109847240217,NA,NA
"5498","Tokelau","TKL",1997,0.46229215585341,NA,NA
"5499","Tokelau","TKL",1998,0.401062318047475,NA,NA
"5500","Tokelau","TKL",1999,0.348053279354281,NA,NA
"5501","Tokelau","TKL",2000,0.308188892523608,NA,NA
"5502","Tokelau","TKL",2001,0.279022841535009,NA,NA
"5503","Tokelau","TKL",2002,0.254245862467633,NA,NA
"5504","Tokelau","TKL",2003,0.232852134210875,NA,NA
"5505","Tokelau","TKL",2004,0.213433123256099,NA,NA
"5506","Tokelau","TKL",2005,0.194917881225216,NA,NA
"5507","Tokelau","TKL",2006,0.176563732628203,NA,NA
"5508","Tokelau","TKL",2007,0.159401182426398,NA,NA
"5509","Tokelau","TKL",2008,0.143678605724304,NA,NA
"5510","Tokelau","TKL",2009,0.129470974664712,NA,NA
"5511","Tokelau","TKL",2010,0.11698928060433,NA,NA
"5512","Tokelau","TKL",2011,0.105949279373987,NA,NA
"5513","Tokelau","TKL",2012,0.0955608955527763,NA,NA
"5514","Tokelau","TKL",2013,0.0862146155427065,NA,NA
"5515","Tokelau","TKL",2014,0.0783904955039614,NA,NA
"5516","Tokelau","TKL",2015,0.0719975544731127,NA,NA
"5517","Tokelau","TKL",2016,0.0673838428494496,NA,NA
"5518","Tokelau","TKL",2017,0.0629870895084143,NA,NA
"5519","Tokelau","TKL",2018,0.0574409168454716,NA,NA
"5520","Tokelau","TKL",2019,0.0510306677582438,NA,NA
"5521","Tonga","TON",1990,102.984283784737,NA,NA
"5522","Tonga","TON",1991,98.6166602466625,NA,NA
"5523","Tonga","TON",1992,93.4458524043126,NA,NA
"5524","Tonga","TON",1993,90.9384889050738,NA,NA
"5525","Tonga","TON",1994,88.0425652443555,NA,NA
"5526","Tonga","TON",1995,83.2045977058811,NA,NA
"5527","Tonga","TON",1996,80.5640604600303,NA,NA
"5528","Tonga","TON",1997,79.7062348654601,NA,NA
"5529","Tonga","TON",1998,80.7491256681216,NA,NA
"5530","Tonga","TON",1999,80.9484047027181,NA,NA
"5531","Tonga","TON",2000,77.5478777633862,47.98,47.98
"5532","Tonga","TON",2001,73.8541805860399,49.23,49.23
"5533","Tonga","TON",2002,71.6986105301162,50.42,50.42
"5534","Tonga","TON",2003,69.6898822636106,51.39,51.39
"5535","Tonga","TON",2004,66.111352914332,52.28,52.28
"5536","Tonga","TON",2005,61.6981199067925,53.01,53.01
"5537","Tonga","TON",2006,60.4697663499025,53.93,53.93
"5538","Tonga","TON",2007,60.1291106724529,54.66,54.66
"5539","Tonga","TON",2008,59.7953941853886,55.33,55.33
"5540","Tonga","TON",2009,59.2101685666336,56.01,56.01
"5541","Tonga","TON",2010,58.3453210931458,56.39,56.39
"5542","Tonga","TON",2011,56.9690250320518,56.95,56.95
"5543","Tonga","TON",2012,55.1304437428053,57.46,57.46
"5544","Tonga","TON",2013,53.1026133193967,57.91,57.91
"5545","Tonga","TON",2014,50.9186932464395,58.31,58.31
"5546","Tonga","TON",2015,48.703557165252,58.85,58.85
"5547","Tonga","TON",2016,46.3794411771493,59.17,59.17
"5548","Tonga","TON",2017,43.916343957816,NA,NA
"5549","Tonga","TON",2018,41.5328634282545,NA,NA
"5550","Tonga","TON",2019,39.1331321458725,NA,NA
"5551","Trinidad and Tobago","TTO",1990,1.38255504934943,NA,NA
"5552","Trinidad and Tobago","TTO",1991,1.28086780035196,NA,NA
"5553","Trinidad and Tobago","TTO",1992,1.20330184534514,NA,NA
"5554","Trinidad and Tobago","TTO",1993,1.15973136704822,NA,NA
"5555","Trinidad and Tobago","TTO",1994,1.09199682100433,NA,NA
"5556","Trinidad and Tobago","TTO",1995,0.96979831297206,NA,NA
"5557","Trinidad and Tobago","TTO",1996,0.90900974160203,NA,NA
"5558","Trinidad and Tobago","TTO",1997,0.796881837503001,NA,NA
"5559","Trinidad and Tobago","TTO",1998,0.749476630321452,NA,NA
"5560","Trinidad and Tobago","TTO",1999,0.678629978132589,NA,NA
"5561","Trinidad and Tobago","TTO",2000,0.571750248967533,98.73,98.73
"5562","Trinidad and Tobago","TTO",2001,0.505123074020677,98.81,98.81
"5563","Trinidad and Tobago","TTO",2002,0.430056013580488,98.89,98.89
"5564","Trinidad and Tobago","TTO",2003,0.383832512844936,98.94,98.94
"5565","Trinidad and Tobago","TTO",2004,0.322375214834862,99,99
"5566","Trinidad and Tobago","TTO",2005,0.275094217637494,99.04,99.04
"5567","Trinidad and Tobago","TTO",2006,0.236351167941216,99.06,99.06
"5568","Trinidad and Tobago","TTO",2007,0.207941658262153,99.15,99.15
"5569","Trinidad and Tobago","TTO",2008,0.190108862031429,99.17,99.17
"5570","Trinidad and Tobago","TTO",2009,0.162111823237323,99.17,99.17
"5571","Trinidad and Tobago","TTO",2010,0.143678623242173,99.21,99.21
"5572","Trinidad and Tobago","TTO",2011,0.126412462376375,99.22,99.22
"5573","Trinidad and Tobago","TTO",2012,0.111773904884078,99.23,99.23
"5574","Trinidad and Tobago","TTO",2013,0.10678884205807,99.25,99.25
"5575","Trinidad and Tobago","TTO",2014,0.101107293587639,99.26,99.26
"5576","Trinidad and Tobago","TTO",2015,0.095395663080313,99.27,99.27
"5577","Trinidad and Tobago","TTO",2016,0.0919490521874368,99.26,99.26
"5578","Trinidad and Tobago","TTO",2017,0.0873172919508632,NA,NA
"5579","Trinidad and Tobago","TTO",2018,0.0825196604988272,NA,NA
"5580","Trinidad and Tobago","TTO",2019,0.077680982480173,NA,NA
"5581","Tunisia","TUN",1990,21.0457555703938,NA,NA
"5582","Tunisia","TUN",1991,19.4411904257908,NA,NA
"5583","Tunisia","TUN",1992,17.3605947000795,NA,NA
"5584","Tunisia","TUN",1993,15.4383540774786,NA,NA
"5585","Tunisia","TUN",1994,13.4212608661674,NA,NA
"5586","Tunisia","TUN",1995,12.1736018737481,NA,NA
"5587","Tunisia","TUN",1996,10.5174677000297,NA,NA
"5588","Tunisia","TUN",1997,8.99579743113125,NA,NA
"5589","Tunisia","TUN",1998,7.59852903381985,NA,NA
"5590","Tunisia","TUN",1999,6.31722275271904,NA,NA
"5591","Tunisia","TUN",2000,5.24426975863297,93.3,93.3
"5592","Tunisia","TUN",2001,4.34232328431789,94.3,94.3
"5593","Tunisia","TUN",2002,3.53128419748452,95.05,95.05
"5594","Tunisia","TUN",2003,2.8300698154185,95.76,95.76
"5595","Tunisia","TUN",2004,2.25137965715143,96.34,96.34
"5596","Tunisia","TUN",2005,1.81961632694955,96.85,96.85
"5597","Tunisia","TUN",2006,1.4875374885851,97.24,97.24
"5598","Tunisia","TUN",2007,1.20454421185892,97.56,97.56
"5599","Tunisia","TUN",2008,0.971930667640256,97.88,97.88
"5600","Tunisia","TUN",2009,0.78734788506557,98.1,98.1
"5601","Tunisia","TUN",2010,0.657336454750542,98.34,98.34
"5602","Tunisia","TUN",2011,0.561538961925789,98.52,98.52
"5603","Tunisia","TUN",2012,0.484659836809642,98.68,98.68
"5604","Tunisia","TUN",2013,0.423502293713461,98.8,98.8
"5605","Tunisia","TUN",2014,0.370656418153008,98.94,98.94
"5606","Tunisia","TUN",2015,0.32351981498713,99.03,99.03
"5607","Tunisia","TUN",2016,0.283931098928687,99.1,99.1
"5608","Tunisia","TUN",2017,0.249548733236791,NA,NA
"5609","Tunisia","TUN",2018,0.215714764960541,NA,NA
"5610","Tunisia","TUN",2019,0.184077469250694,NA,NA
"5611","Turkey","TUR",1990,24.5144938997429,NA,NA
"5612","Turkey","TUR",1991,21.1951633575486,NA,NA
"5613","Turkey","TUR",1992,18.154722821034,NA,NA
"5614","Turkey","TUR",1993,15.5275886544231,NA,NA
"5615","Turkey","TUR",1994,13.3276449484124,NA,NA
"5616","Turkey","TUR",1995,11.3628516731002,NA,NA
"5617","Turkey","TUR",1996,9.48164907741437,NA,NA
"5618","Turkey","TUR",1997,8.00317646835086,NA,NA
"5619","Turkey","TUR",1998,6.62037950502781,NA,NA
"5620","Turkey","TUR",1999,5.32027290195066,NA,NA
"5621","Turkey","TUR",2000,4.25717401169683,NA,NA
"5622","Turkey","TUR",2001,3.64911846016449,NA,NA
"5623","Turkey","TUR",2002,3.13761149345009,NA,NA
"5624","Turkey","TUR",2003,2.62279425819859,NA,NA
"5625","Turkey","TUR",2004,2.18106397901109,NA,NA
"5626","Turkey","TUR",2005,1.83285496222742,NA,NA
"5627","Turkey","TUR",2006,1.6145949386073,NA,NA
"5628","Turkey","TUR",2007,1.43337552808589,NA,NA
"5629","Turkey","TUR",2008,1.29205627651509,NA,NA
"5630","Turkey","TUR",2009,1.17818742504873,NA,NA
"5631","Turkey","TUR",2010,1.04396307510082,NA,NA
"5632","Turkey","TUR",2011,0.91184551004456,NA,NA
"5633","Turkey","TUR",2012,0.793762596028084,NA,NA
"5634","Turkey","TUR",2013,0.702002989443173,NA,NA
"5635","Turkey","TUR",2014,0.616014591415091,NA,NA
"5636","Turkey","TUR",2015,0.529377312133434,NA,NA
"5637","Turkey","TUR",2016,0.459990591965417,NA,NA
"5638","Turkey","TUR",2017,0.398389578916153,NA,NA
"5639","Turkey","TUR",2018,0.336864927104562,NA,NA
"5640","Turkey","TUR",2019,0.286465324485932,NA,NA
"5641","Turkmenistan","TKM",1990,2.33123720173018,NA,NA
"5642","Turkmenistan","TKM",1991,2.30126632126734,NA,NA
"5643","Turkmenistan","TKM",1992,2.24567012601953,NA,NA
"5644","Turkmenistan","TKM",1993,2.37239903160666,NA,NA
"5645","Turkmenistan","TKM",1994,2.30577092285813,NA,NA
"5646","Turkmenistan","TKM",1995,2.12645661564887,NA,NA
"5647","Turkmenistan","TKM",1996,1.99000697301643,NA,NA
"5648","Turkmenistan","TKM",1997,1.75109569782779,NA,NA
"5649","Turkmenistan","TKM",1998,1.49621051078516,NA,NA
"5650","Turkmenistan","TKM",1999,1.27608667156468,NA,NA
"5651","Turkmenistan","TKM",2000,1.12430389570248,96.3,96.3
"5652","Turkmenistan","TKM",2001,1.05390221871766,96.83,96.83
"5653","Turkmenistan","TKM",2002,1.03754100156205,97.22,97.22
"5654","Turkmenistan","TKM",2003,1.01648324542007,97.63,97.63
"5655","Turkmenistan","TKM",2004,1.00770850646611,97.96,97.96
"5656","Turkmenistan","TKM",2005,0.988563172849518,98.2,98.2
"5657","Turkmenistan","TKM",2006,0.904664714391858,98.38,98.38
"5658","Turkmenistan","TKM",2007,0.800678650419201,98.57,98.57
"5659","Turkmenistan","TKM",2008,0.683628724328377,98.69,98.69
"5660","Turkmenistan","TKM",2009,0.545079934468989,98.85,98.85
"5661","Turkmenistan","TKM",2010,0.458815952841448,98.94,98.94
"5662","Turkmenistan","TKM",2011,0.403041490059148,99.03,99.03
"5663","Turkmenistan","TKM",2012,0.34135033314287,99.1,99.1
"5664","Turkmenistan","TKM",2013,0.287280014349445,99.18,99.18
"5665","Turkmenistan","TKM",2014,0.241591574735172,99.22,99.22
"5666","Turkmenistan","TKM",2015,0.208596131840779,99.27,99.27
"5667","Turkmenistan","TKM",2016,0.185119430461763,99.32,99.32
"5668","Turkmenistan","TKM",2017,0.16720624399901,NA,NA
"5669","Turkmenistan","TKM",2018,0.155463365288928,NA,NA
"5670","Turkmenistan","TKM",2019,0.14405738422041,NA,NA
"5671","Tuvalu","TUV",1990,167.163399693662,NA,NA
"5672","Tuvalu","TUV",1991,157.484583320929,NA,NA
"5673","Tuvalu","TUV",1992,148.338324446014,NA,NA
"5674","Tuvalu","TUV",1993,139.766505322371,NA,NA
"5675","Tuvalu","TUV",1994,130.402333576247,NA,NA
"5676","Tuvalu","TUV",1995,123.51027275644,NA,NA
"5677","Tuvalu","TUV",1996,116.66281638016,NA,NA
"5678","Tuvalu","TUV",1997,110.464676029349,NA,NA
"5679","Tuvalu","TUV",1998,103.044135166947,NA,NA
"5680","Tuvalu","TUV",1999,96.4783214536462,NA,NA
"5681","Tuvalu","TUV",2000,89.6847174516494,18.63,18.63
"5682","Tuvalu","TUV",2001,82.8373701246924,19.77,19.77
"5683","Tuvalu","TUV",2002,76.296281376323,21.18,21.18
"5684","Tuvalu","TUV",2003,70.3621671695495,22.68,22.68
"5685","Tuvalu","TUV",2004,64.7661815298975,24.25,24.25
"5686","Tuvalu","TUV",2005,59.8022936036303,26.09,26.09
"5687","Tuvalu","TUV",2006,55.1487089282659,28.19,28.19
"5688","Tuvalu","TUV",2007,50.7535125892782,30.48,30.48
"5689","Tuvalu","TUV",2008,46.5023572701684,32.98,32.98
"5690","Tuvalu","TUV",2009,42.5995497040591,35.3,35.3
"5691","Tuvalu","TUV",2010,39.1720421352979,37.7,37.7
"5692","Tuvalu","TUV",2011,36.0287400299996,39.98,39.98
"5693","Tuvalu","TUV",2012,33.136037185866,42.29,42.29
"5694","Tuvalu","TUV",2013,30.4245771031305,44.58,44.58
"5695","Tuvalu","TUV",2014,27.9039380916409,46.54,46.54
"5696","Tuvalu","TUV",2015,25.5163995558114,48.5,48.5
"5697","Tuvalu","TUV",2016,23.3623992882969,50.42,50.42
"5698","Tuvalu","TUV",2017,21.3842467919333,NA,NA
"5699","Tuvalu","TUV",2018,19.4772436402247,NA,NA
"5700","Tuvalu","TUV",2019,17.6373214688331,NA,NA
"5701","Uganda","UGA",1990,207.40211745923,NA,NA
"5702","Uganda","UGA",1991,210.943273159662,NA,NA
"5703","Uganda","UGA",1992,211.99487692629,NA,NA
"5704","Uganda","UGA",1993,214.813442237829,NA,NA
"5705","Uganda","UGA",1994,216.933002765708,NA,NA
"5706","Uganda","UGA",1995,218.610122682774,NA,NA
"5707","Uganda","UGA",1996,219.42727266869,NA,NA
"5708","Uganda","UGA",1997,217.93581394197,NA,NA
"5709","Uganda","UGA",1998,216.732816823075,NA,NA
"5710","Uganda","UGA",1999,213.997070349855,NA,NA
"5711","Uganda","UGA",2000,212.390993256428,1.01,1.01
"5712","Uganda","UGA",2001,208.37951168744,0.980000000000003,0.980000000000003
"5713","Uganda","UGA",2002,202.929110156413,0.990000000000002,0.990000000000002
"5714","Uganda","UGA",2003,196.150407302896,0.929999999999998,0.929999999999998
"5715","Uganda","UGA",2004,191.530835007935,0.939999999999996,0.939999999999996
"5716","Uganda","UGA",2005,185.77597773559,0.91,0.91
"5717","Uganda","UGA",2006,179.358137332874,0.880000000000003,0.880000000000003
"5718","Uganda","UGA",2007,172.076258135952,0.890000000000002,0.890000000000002
"5719","Uganda","UGA",2008,164.665004243971,0.860000000000005,0.860000000000005
"5720","Uganda","UGA",2009,158.707290813996,0.839999999999996,0.839999999999996
"5721","Uganda","UGA",2010,154.111370382373,0.829999999999997,0.829999999999997
"5722","Uganda","UGA",2011,149.491713381049,0.839999999999996,0.839999999999996
"5723","Uganda","UGA",2012,145.793321392362,0.81,0.81
"5724","Uganda","UGA",2013,143.399490940556,0.780000000000003,0.780000000000003
"5725","Uganda","UGA",2014,140.285387196457,0.780000000000003,0.780000000000003
"5726","Uganda","UGA",2015,136.25682704992,0.760000000000005,0.760000000000005
"5727","Uganda","UGA",2016,134.382046692853,0.770000000000004,0.770000000000004
"5728","Uganda","UGA",2017,129.846893834787,NA,NA
"5729","Uganda","UGA",2018,128.092643639998,NA,NA
"5730","Uganda","UGA",2019,125.339025896425,NA,NA
"5731","Ukraine","UKR",1990,13.2738152122262,NA,NA
"5732","Ukraine","UKR",1991,13.213292910291,NA,NA
"5733","Ukraine","UKR",1992,13.1700691738368,NA,NA
"5734","Ukraine","UKR",1993,13.2476525514164,NA,NA
"5735","Ukraine","UKR",1994,13.2155279782206,NA,NA
"5736","Ukraine","UKR",1995,13.4808779358634,NA,NA
"5737","Ukraine","UKR",1996,12.9387741134379,NA,NA
"5738","Ukraine","UKR",1997,12.3517037755999,NA,NA
"5739","Ukraine","UKR",1998,11.5254730225366,NA,NA
"5740","Ukraine","UKR",1999,11.6100551215445,NA,NA
"5741","Ukraine","UKR",2000,11.5757070709687,88.25,88.25
"5742","Ukraine","UKR",2001,11.0055405352666,89.05,89.05
"5743","Ukraine","UKR",2002,10.6973924578207,89.7,89.7
"5744","Ukraine","UKR",2003,10.1843640618895,90.58,90.58
"5745","Ukraine","UKR",2004,9.7414964638648,91.15,91.15
"5746","Ukraine","UKR",2005,9.29250966517959,91.86,91.86
"5747","Ukraine","UKR",2006,8.32548578957466,92.51,92.51
"5748","Ukraine","UKR",2007,7.84007787272398,92.92,92.92
"5749","Ukraine","UKR",2008,7.21421066237632,93.35,93.35
"5750","Ukraine","UKR",2009,6.1068622574468,93.71,93.71
"5751","Ukraine","UKR",2010,5.52844201365754,94.14,94.14
"5752","Ukraine","UKR",2011,4.98919044109991,94.48,94.48
"5753","Ukraine","UKR",2012,4.69263094581508,94.85,94.85
"5754","Ukraine","UKR",2013,4.41255007241451,95.1,95.1
"5755","Ukraine","UKR",2014,3.94340811982868,95.32,95.32
"5756","Ukraine","UKR",2015,4.38697843066519,95.49,95.49
"5757","Ukraine","UKR",2016,4.04086350613813,95.73,95.73
"5758","Ukraine","UKR",2017,3.83446737968077,NA,NA
"5759","Ukraine","UKR",2018,3.76743948432279,NA,NA
"5760","Ukraine","UKR",2019,3.59442529081435,NA,NA
"5761","United Arab Emirates","ARE",1990,1.01837724123257,NA,NA
"5762","United Arab Emirates","ARE",1991,0.847869343906914,NA,NA
"5763","United Arab Emirates","ARE",1992,0.691579818794903,NA,NA
"5764","United Arab Emirates","ARE",1993,0.553275523220625,NA,NA
"5765","United Arab Emirates","ARE",1994,0.456425734389185,NA,NA
"5766","United Arab Emirates","ARE",1995,0.363361484504638,NA,NA
"5767","United Arab Emirates","ARE",1996,0.295132923193238,NA,NA
"5768","United Arab Emirates","ARE",1997,0.235641443747599,NA,NA
"5769","United Arab Emirates","ARE",1998,0.183967844458105,NA,NA
"5770","United Arab Emirates","ARE",1999,0.144213845951024,NA,NA
"5771","United Arab Emirates","ARE",2000,0.117734231353073,96.57,96.57
"5772","United Arab Emirates","ARE",2001,0.0947877222520801,97,97
"5773","United Arab Emirates","ARE",2002,0.0755796571635927,97.21,97.21
"5774","United Arab Emirates","ARE",2003,0.063126281337678,97.53,97.53
"5775","United Arab Emirates","ARE",2004,0.0545009161672273,97.74,97.74
"5776","United Arab Emirates","ARE",2005,0.0441579678090656,97.96,97.96
"5777","United Arab Emirates","ARE",2006,0.0351533554300422,98.09,98.09
"5778","United Arab Emirates","ARE",2007,0.0265233314072536,98.14,98.14
"5779","United Arab Emirates","ARE",2008,0.0202871827340702,98.34,98.34
"5780","United Arab Emirates","ARE",2009,0.015934927267256,98.44,98.44
"5781","United Arab Emirates","ARE",2010,0.0131337289454446,98.4,98.4
"5782","United Arab Emirates","ARE",2011,0.0115203689575856,98.47,98.47
"5783","United Arab Emirates","ARE",2012,0.0103027171980817,98.5,98.5
"5784","United Arab Emirates","ARE",2013,0.0088420133652926,98.55,98.55
"5785","United Arab Emirates","ARE",2014,0.0066265130881259,98.58,98.58
"5786","United Arab Emirates","ARE",2015,0.006155212509194,98.63,98.63
"5787","United Arab Emirates","ARE",2016,0.0057384254266969,98.51,98.51
"5788","United Arab Emirates","ARE",2017,0.0053555629931494,NA,NA
"5789","United Arab Emirates","ARE",2018,0.0048885046099348,NA,NA
"5790","United Arab Emirates","ARE",2019,0.0043775921266522,NA,NA
"5791","United Kingdom","GBR",1990,0.0874244324959796,NA,NA
"5792","United Kingdom","GBR",1991,0.0799500969009606,NA,NA
"5793","United Kingdom","GBR",1992,0.073052161928653,NA,NA
"5794","United Kingdom","GBR",1993,0.0677975377150096,NA,NA
"5795","United Kingdom","GBR",1994,0.0610401379815788,NA,NA
"5796","United Kingdom","GBR",1995,0.0563992930207702,NA,NA
"5797","United Kingdom","GBR",1996,0.0516777285110239,NA,NA
"5798","United Kingdom","GBR",1997,0.0471794676086367,NA,NA
"5799","United Kingdom","GBR",1998,0.0434976550223764,NA,NA
"5800","United Kingdom","GBR",1999,0.0401667524599362,NA,NA
"5801","United Kingdom","GBR",2000,0.0361729249791328,100,100
"5802","United Kingdom","GBR",2001,0.0327811138120887,100,100
"5803","United Kingdom","GBR",2002,0.0304942787275007,100,100
"5804","United Kingdom","GBR",2003,0.0282093616856077,100,100
"5805","United Kingdom","GBR",2004,0.0254458420007042,100,100
"5806","United Kingdom","GBR",2005,0.0232382305921037,100,100
"5807","United Kingdom","GBR",2006,0.0213596268156483,100,100
"5808","United Kingdom","GBR",2007,0.0197901352390587,100,100
"5809","United Kingdom","GBR",2008,0.0184324906892864,100,100
"5810","United Kingdom","GBR",2009,0.0168310546674187,100,100
"5811","United Kingdom","GBR",2010,0.0155049920828128,100,100
"5812","United Kingdom","GBR",2011,0.014255782233692,100,100
"5813","United Kingdom","GBR",2012,0.0131687866838859,100,100
"5814","United Kingdom","GBR",2013,0.0121568206057919,100,100
"5815","United Kingdom","GBR",2014,0.0110875070908863,100,100
"5816","United Kingdom","GBR",2015,0.0104329782677534,100,100
"5817","United Kingdom","GBR",2016,0.009860971401559,100,100
"5818","United Kingdom","GBR",2017,0.0093812912726607,NA,NA
"5819","United Kingdom","GBR",2018,0.0091556369632913,NA,NA
"5820","United Kingdom","GBR",2019,0.0087768119229174,NA,NA
"5821","United States","USA",1990,0.113357408225188,NA,NA
"5822","United States","USA",1991,0.107610991332958,NA,NA
"5823","United States","USA",1992,0.10167100213197,NA,NA
"5824","United States","USA",1993,0.0993942677615278,NA,NA
"5825","United States","USA",1994,0.0953660023482739,NA,NA
"5826","United States","USA",1995,0.0926065742768202,NA,NA
"5827","United States","USA",1996,0.089735212030076,NA,NA
"5828","United States","USA",1997,0.0868639242700635,NA,NA
"5829","United States","USA",1998,0.084753273881608,NA,NA
"5830","United States","USA",1999,0.0832608057703612,NA,NA
"5831","United States","USA",2000,0.0805993096965436,100,100
"5832","United States","USA",2001,0.0772790960495466,100,100
"5833","United States","USA",2002,0.0739699459485796,100,100
"5834","United States","USA",2003,0.0698131749952722,100,100
"5835","United States","USA",2004,0.0647075820148757,100,100
"5836","United States","USA",2005,0.0613434052867839,100,100
"5837","United States","USA",2006,0.0572632273047706,100,100
"5838","United States","USA",2007,0.0529134558087598,100,100
"5839","United States","USA",2008,0.0492354554553938,100,100
"5840","United States","USA",2009,0.0454279988062989,100,100
"5841","United States","USA",2010,0.0418985697476319,100,100
"5842","United States","USA",2011,0.0394874237605408,100,100
"5843","United States","USA",2012,0.0370042059990033,100,100
"5844","United States","USA",2013,0.0346558467040594,100,100
"5845","United States","USA",2014,0.0327013265720198,100,100
"5846","United States","USA",2015,0.0309261633575785,100,100
"5847","United States","USA",2016,0.0290810960751436,100,100
"5848","United States","USA",2017,0.0274750505174612,NA,NA
"5849","United States","USA",2018,0.0270589351282203,NA,NA
"5850","United States","USA",2019,0.0267542453357545,NA,NA
"5851","United States Virgin Islands","VIR",1990,3.59843182528719,NA,NA
"5852","United States Virgin Islands","VIR",1991,3.20059947876519,NA,NA
"5853","United States Virgin Islands","VIR",1992,2.89010610840323,NA,NA
"5854","United States Virgin Islands","VIR",1993,2.63608417526722,NA,NA
"5855","United States Virgin Islands","VIR",1994,2.43646017662204,NA,NA
"5856","United States Virgin Islands","VIR",1995,2.19971345959269,NA,NA
"5857","United States Virgin Islands","VIR",1996,2.0450014162556,NA,NA
"5858","United States Virgin Islands","VIR",1997,1.88674938858019,NA,NA
"5859","United States Virgin Islands","VIR",1998,1.75484354868101,NA,NA
"5860","United States Virgin Islands","VIR",1999,1.65885010234698,NA,NA
"5861","United States Virgin Islands","VIR",2000,1.53813290275618,NA,NA
"5862","United States Virgin Islands","VIR",2001,1.41915523580562,NA,NA
"5863","United States Virgin Islands","VIR",2002,1.28377898429094,NA,NA
"5864","United States Virgin Islands","VIR",2003,1.16522358123232,NA,NA
"5865","United States Virgin Islands","VIR",2004,1.06191481372879,NA,NA
"5866","United States Virgin Islands","VIR",2005,0.972193403123978,NA,NA
"5867","United States Virgin Islands","VIR",2006,0.912600498031718,NA,NA
"5868","United States Virgin Islands","VIR",2007,0.92495507975185,NA,NA
"5869","United States Virgin Islands","VIR",2008,0.853073066639354,NA,NA
"5870","United States Virgin Islands","VIR",2009,0.787752948760122,NA,NA
"5871","United States Virgin Islands","VIR",2010,0.734201254244773,NA,NA
"5872","United States Virgin Islands","VIR",2011,0.687800565286863,NA,NA
"5873","United States Virgin Islands","VIR",2012,0.646685855508005,NA,NA
"5874","United States Virgin Islands","VIR",2013,0.608310648398243,NA,NA
"5875","United States Virgin Islands","VIR",2014,0.575609670120915,NA,NA
"5876","United States Virgin Islands","VIR",2015,0.550758095543665,NA,NA
"5877","United States Virgin Islands","VIR",2016,0.522708751893863,NA,NA
"5878","United States Virgin Islands","VIR",2017,0.505642376303042,NA,NA
"5879","United States Virgin Islands","VIR",2018,0.487944736737773,NA,NA
"5880","United States Virgin Islands","VIR",2019,0.47062389279916,NA,NA
"5881","Uruguay","URY",1990,10.4993635035838,NA,NA
"5882","Uruguay","URY",1991,9.08940242292118,NA,NA
"5883","Uruguay","URY",1992,8.40107676196657,NA,NA
"5884","Uruguay","URY",1993,7.76370592516752,NA,NA
"5885","Uruguay","URY",1994,6.89048947602625,NA,NA
"5886","Uruguay","URY",1995,6.29548669868523,NA,NA
"5887","Uruguay","URY",1996,5.62397646661512,NA,NA
"5888","Uruguay","URY",1997,4.98440608256959,NA,NA
"5889","Uruguay","URY",1998,4.58332101619605,NA,NA
"5890","Uruguay","URY",1999,4.13570258617318,NA,NA
"5891","Uruguay","URY",2000,3.68637045359244,96.05,96.05
"5892","Uruguay","URY",2001,3.4038761053966,96.29,96.29
"5893","Uruguay","URY",2002,3.22555354094409,96.5,96.5
"5894","Uruguay","URY",2003,3.10434872432456,96.64,96.64
"5895","Uruguay","URY",2004,2.91791786954946,96.82,96.82
"5896","Uruguay","URY",2005,2.6941563171564,96.95,96.95
"5897","Uruguay","URY",2006,2.45309827365738,97.13,97.13
"5898","Uruguay","URY",2007,2.37337589636594,97.28,97.28
"5899","Uruguay","URY",2008,2.12621212220584,97.37,97.37
"5900","Uruguay","URY",2009,1.93967263256166,97.45,97.45
"5901","Uruguay","URY",2010,1.8159576226386,97.52,97.52
"5902","Uruguay","URY",2011,1.73472383132161,97.6,97.6
"5903","Uruguay","URY",2012,1.60475338807503,97.69,97.69
"5904","Uruguay","URY",2013,1.4662672829152,97.77,97.77
"5905","Uruguay","URY",2014,1.33522915402524,97.84,97.84
"5906","Uruguay","URY",2015,1.24262148279358,97.91,97.91
"5907","Uruguay","URY",2016,1.13686348813236,97.97,97.97
"5908","Uruguay","URY",2017,1.05312247893196,NA,NA
"5909","Uruguay","URY",2018,0.979502716185119,NA,NA
"5910","Uruguay","URY",2019,0.921390217300043,NA,NA
"5911","Uzbekistan","UZB",1990,67.1711161294519,NA,NA
"5912","Uzbekistan","UZB",1991,68.1353904317934,NA,NA
"5913","Uzbekistan","UZB",1992,70.9239758543489,NA,NA
"5914","Uzbekistan","UZB",1993,75.7064152829002,NA,NA
"5915","Uzbekistan","UZB",1994,78.8460335185825,NA,NA
"5916","Uzbekistan","UZB",1995,79.2245948487165,NA,NA
"5917","Uzbekistan","UZB",1996,78.6058797501172,NA,NA
"5918","Uzbekistan","UZB",1997,75.3033965733776,NA,NA
"5919","Uzbekistan","UZB",1998,72.8581855260838,NA,NA
"5920","Uzbekistan","UZB",1999,69.7413407115811,NA,NA
"5921","Uzbekistan","UZB",2000,70.2191222057974,79.55,79.55
"5922","Uzbekistan","UZB",2001,70.0279754629408,80.9,80.9
"5923","Uzbekistan","UZB",2002,70.8899445697006,82.13,82.13
"5924","Uzbekistan","UZB",2003,71.5551230363007,83.1,83.1
"5925","Uzbekistan","UZB",2004,71.2934196123635,84.25,84.25
"5926","Uzbekistan","UZB",2005,71.4647362368388,85.27,85.27
"5927","Uzbekistan","UZB",2006,66.1791426857789,86.16,86.16
"5928","Uzbekistan","UZB",2007,61.0546362081078,87.06,87.06
"5929","Uzbekistan","UZB",2008,57.5325204781788,87.91,87.91
"5930","Uzbekistan","UZB",2009,53.0898980092128,88.57,88.57
"5931","Uzbekistan","UZB",2010,49.9662941791169,89.07,89.07
"5932","Uzbekistan","UZB",2011,47.1923248615386,89.85,89.85
"5933","Uzbekistan","UZB",2012,43.8080574764436,90.44,90.44
"5934","Uzbekistan","UZB",2013,39.7488774207264,90.79,90.79
"5935","Uzbekistan","UZB",2014,35.9981567499512,91.35,91.35
"5936","Uzbekistan","UZB",2015,32.6650109738693,91.82,91.82
"5937","Uzbekistan","UZB",2016,29.2108154517763,92.1,92.1
"5938","Uzbekistan","UZB",2017,26.3726592768282,NA,NA
"5939","Uzbekistan","UZB",2018,23.826864226919,NA,NA
"5940","Uzbekistan","UZB",2019,21.3750807848625,NA,NA
"5941","Vanuatu","VUT",1990,269.047578876773,NA,NA
"5942","Vanuatu","VUT",1991,272.461192735746,NA,NA
"5943","Vanuatu","VUT",1992,275.003054203077,NA,NA
"5944","Vanuatu","VUT",1993,275.358796937386,NA,NA
"5945","Vanuatu","VUT",1994,277.463922869303,NA,NA
"5946","Vanuatu","VUT",1995,272.562724287461,NA,NA
"5947","Vanuatu","VUT",1996,271.556284547105,NA,NA
"5948","Vanuatu","VUT",1997,268.785134867942,NA,NA
"5949","Vanuatu","VUT",1998,265.644469900671,NA,NA
"5950","Vanuatu","VUT",1999,264.490943242241,NA,NA
"5951","Vanuatu","VUT",2000,255.764321868354,11.76,11.76
"5952","Vanuatu","VUT",2001,254.037058217635,12.07,12.07
"5953","Vanuatu","VUT",2002,243.286736905565,12.13,12.13
"5954","Vanuatu","VUT",2003,235.38179806592,12.42,12.42
"5955","Vanuatu","VUT",2004,233.052686526853,12.37,12.37
"5956","Vanuatu","VUT",2005,236.57584515491,12.45,12.45
"5957","Vanuatu","VUT",2006,236.804693166645,12.62,12.62
"5958","Vanuatu","VUT",2007,238.133375624309,12.56,12.56
"5959","Vanuatu","VUT",2008,238.036422708462,12.72,12.72
"5960","Vanuatu","VUT",2009,235.910451534666,12.67,12.67
"5961","Vanuatu","VUT",2010,234.027239711686,12.68,12.68
"5962","Vanuatu","VUT",2011,235.291916179564,12.71,12.71
"5963","Vanuatu","VUT",2012,233.897691631406,12.64,12.64
"5964","Vanuatu","VUT",2013,232.826938257663,12.62,12.62
"5965","Vanuatu","VUT",2014,231.394078872475,12.62,12.62
"5966","Vanuatu","VUT",2015,229.442836660557,12.72,12.72
"5967","Vanuatu","VUT",2016,226.990380397706,12.57,12.57
"5968","Vanuatu","VUT",2017,223.835681667436,NA,NA
"5969","Vanuatu","VUT",2018,220.968508464313,NA,NA
"5970","Vanuatu","VUT",2019,217.726538028265,NA,NA
"5971","Venezuela","VEN",1990,3.718317272453,NA,NA
"5972","Venezuela","VEN",1991,3.36372308823689,NA,NA
"5973","Venezuela","VEN",1992,3.05151910459432,NA,NA
"5974","Venezuela","VEN",1993,2.76453540807816,NA,NA
"5975","Venezuela","VEN",1994,2.62694279091538,NA,NA
"5976","Venezuela","VEN",1995,2.39502894861785,NA,NA
"5977","Venezuela","VEN",1996,2.14650202988603,NA,NA
"5978","Venezuela","VEN",1997,1.92829704598277,NA,NA
"5979","Venezuela","VEN",1998,1.83719389888104,NA,NA
"5980","Venezuela","VEN",1999,1.73178500235434,NA,NA
"5981","Venezuela","VEN",2000,1.60325790473296,96.29,96.29
"5982","Venezuela","VEN",2001,1.52555710214164,96.49,96.49
"5983","Venezuela","VEN",2002,1.47984547983444,96.63,96.63
"5984","Venezuela","VEN",2003,1.43297627793156,96.78,96.78
"5985","Venezuela","VEN",2004,1.2665536900482,96.85,96.85
"5986","Venezuela","VEN",2005,1.17312120237361,97.01,97.01
"5987","Venezuela","VEN",2006,1.09226623462423,97.11,97.11
"5988","Venezuela","VEN",2007,0.977876772674687,97.17,97.17
"5989","Venezuela","VEN",2008,0.863158739629153,97.26,97.26
"5990","Venezuela","VEN",2009,0.732850492770205,97.3,97.3
"5991","Venezuela","VEN",2010,0.60954451660379,97.37,97.37
"5992","Venezuela","VEN",2011,0.546873338383465,97.4,97.4
"5993","Venezuela","VEN",2012,0.496001161740444,97.44,97.44
"5994","Venezuela","VEN",2013,0.437791234516982,97.43,97.43
"5995","Venezuela","VEN",2014,0.402997850328084,97.42,97.42
"5996","Venezuela","VEN",2015,0.370361427873874,95.96,95.96
"5997","Venezuela","VEN",2016,0.353023551717241,96.16,96.16
"5998","Venezuela","VEN",2017,0.33694079303929,NA,NA
"5999","Venezuela","VEN",2018,0.318644090698844,NA,NA
"6000","Venezuela","VEN",2019,0.313694005224084,NA,NA
"6001","Vietnam","VNM",1990,152.807840991272,NA,NA
"6002","Vietnam","VNM",1991,148.489011858697,NA,NA
"6003","Vietnam","VNM",1992,143.83098297784,NA,NA
"6004","Vietnam","VNM",1993,139.072214519793,NA,NA
"6005","Vietnam","VNM",1994,134.271504072605,NA,NA
"6006","Vietnam","VNM",1995,129.611480121358,NA,NA
"6007","Vietnam","VNM",1996,124.838248044118,NA,NA
"6008","Vietnam","VNM",1997,120.077708840642,NA,NA
"6009","Vietnam","VNM",1998,115.302089065935,NA,NA
"6010","Vietnam","VNM",1999,110.764417654524,NA,NA
"6011","Vietnam","VNM",2000,106.52119275234,14.38,14.38
"6012","Vietnam","VNM",2001,102.721518436909,17.05,17.05
"6013","Vietnam","VNM",2002,98.8258739143349,19.97,19.97
"6014","Vietnam","VNM",2003,95.0586482548893,22.81,22.81
"6015","Vietnam","VNM",2004,91.3746185001171,26.05,26.05
"6016","Vietnam","VNM",2005,87.6047639650314,29.23,29.23
"6017","Vietnam","VNM",2006,83.5101109424232,32.61,32.61
"6018","Vietnam","VNM",2007,79.5122414274999,36.04,36.04
"6019","Vietnam","VNM",2008,75.4567378943357,39.55,39.55
"6020","Vietnam","VNM",2009,71.5144792688059,43.12,43.12
"6021","Vietnam","VNM",2010,67.6425768310061,46.76,46.76
"6022","Vietnam","VNM",2011,64.1783633076969,50.14,50.14
"6023","Vietnam","VNM",2012,60.8797817911984,53.84,53.84
"6024","Vietnam","VNM",2013,57.8178424171575,57.23,57.23
"6025","Vietnam","VNM",2014,54.8038052502454,60.79,60.79
"6026","Vietnam","VNM",2015,51.8061747865388,63.81,63.81
"6027","Vietnam","VNM",2016,48.8809101783613,66.92,66.92
"6028","Vietnam","VNM",2017,46.0627203871557,NA,NA
"6029","Vietnam","VNM",2018,43.2478318683235,NA,NA
"6030","Vietnam","VNM",2019,40.3829370056414,NA,NA
"6031","World","OWID_WRL",1990,100.079947683817,NA,NA
"6032","World","OWID_WRL",1991,97.6143963536652,NA,NA
"6033","World","OWID_WRL",1992,95.4403985064464,NA,NA
"6034","World","OWID_WRL",1993,93.0445601815808,NA,NA
"6035","World","OWID_WRL",1994,90.2929411742396,NA,NA
"6036","World","OWID_WRL",1995,87.3944724541745,NA,NA
"6037","World","OWID_WRL",1996,84.8725598143367,NA,NA
"6038","World","OWID_WRL",1997,82.6188882514118,NA,NA
"6039","World","OWID_WRL",1998,79.6501941671662,NA,NA
"6040","World","OWID_WRL",1999,76.5854883115456,NA,NA
"6041","World","OWID_WRL",2000,74.3305741945615,49.4272431172308,49.4272431172308
"6042","World","OWID_WRL",2001,71.9931744292215,50.2310751648897,50.2310751648897
"6043","World","OWID_WRL",2002,69.8156562837677,50.8373143813238,50.8373143813238
"6044","World","OWID_WRL",2003,67.1630164121567,51.4275506773304,51.4275506773304
"6045","World","OWID_WRL",2004,64.162153207321,52.0746438594822,52.0746438594822
"6046","World","OWID_WRL",2005,61.783404253936,52.6842997630805,52.6842997630805
"6047","World","OWID_WRL",2006,59.0337361014286,53.4274397221753,53.4274397221753
"6048","World","OWID_WRL",2007,56.1829473692392,54.0709423547296,54.0709423547296
"6049","World","OWID_WRL",2008,53.6923980220549,54.7616475449154,54.7616475449154
"6050","World","OWID_WRL",2009,50.7701582107763,55.3312228184279,55.3312228184279
"6051","World","OWID_WRL",2010,48.2651324925121,56.0708337761143,56.0708337761143
"6052","World","OWID_WRL",2011,45.7868887332927,56.6351244600814,56.6351244600814
"6053","World","OWID_WRL",2012,43.2061007047557,57.2704388012551,57.2704388012551
"6054","World","OWID_WRL",2013,40.8900265409856,57.8697682919894,57.8697682919894
"6055","World","OWID_WRL",2014,38.6438350317846,58.3685457471527,58.3685457471527
"6056","World","OWID_WRL",2015,36.6830838734685,58.8498441134332,58.8498441134332
"6057","World","OWID_WRL",2016,35.029056036553,59.3524181607293,59.3524181607293
"6058","World","OWID_WRL",2017,33.6061849589266,NA,NA
"6059","World","OWID_WRL",2018,32.0514235367993,NA,NA
"6060","World","OWID_WRL",2019,30.1456759926114,NA,NA
"6061","Yemen","YEM",1990,253.184076362764,NA,NA
"6062","Yemen","YEM",1991,246.033648183146,NA,NA
"6063","Yemen","YEM",1992,239.075832130418,NA,NA
"6064","Yemen","YEM",1993,231.790927945506,NA,NA
"6065","Yemen","YEM",1994,224.283140124182,NA,NA
"6066","Yemen","YEM",1995,216.389497165738,NA,NA
"6067","Yemen","YEM",1996,207.262276953447,NA,NA
"6068","Yemen","YEM",1997,197.478537268584,NA,NA
"6069","Yemen","YEM",1998,186.586463780772,NA,NA
"6070","Yemen","YEM",1999,177.339111059385,NA,NA
"6071","Yemen","YEM",2000,168.124501303879,51.84,51.84
"6072","Yemen","YEM",2001,158.814887093692,52.73,52.73
"6073","Yemen","YEM",2002,151.240228432469,53.81,53.81
"6074","Yemen","YEM",2003,143.288951377577,54.8,54.8
"6075","Yemen","YEM",2004,135.970127723187,55.76,55.76
"6076","Yemen","YEM",2005,129.001739319505,56.67,56.67
"6077","Yemen","YEM",2006,122.901901366672,57.58,57.58
"6078","Yemen","YEM",2007,117.105163131607,58.46,58.46
"6079","Yemen","YEM",2008,112.174715768692,59.19,59.19
"6080","Yemen","YEM",2009,106.405428112403,60.01,60.01
"6081","Yemen","YEM",2010,100.420518452231,60.75,60.75
"6082","Yemen","YEM",2011,96.1789974669387,61.68,61.68
"6083","Yemen","YEM",2012,91.767669264987,62.29,62.29
"6084","Yemen","YEM",2013,87.7094321037921,63.03,63.03
"6085","Yemen","YEM",2014,83.4420202275421,63.63,63.63
"6086","Yemen","YEM",2015,80.6306723027938,64.28,64.28
"6087","Yemen","YEM",2016,77.6347419808513,64.93,64.93
"6088","Yemen","YEM",2017,75.2289047595209,NA,NA
"6089","Yemen","YEM",2018,72.6767305463245,NA,NA
"6090","Yemen","YEM",2019,69.5765480891828,NA,NA
"6091","Zambia","ZMB",1990,214.92760995244,NA,NA
"6092","Zambia","ZMB",1991,216.605102725157,NA,NA
"6093","Zambia","ZMB",1992,216.843866058778,NA,NA
"6094","Zambia","ZMB",1993,216.007278430477,NA,NA
"6095","Zambia","ZMB",1994,215.817770517211,NA,NA
"6096","Zambia","ZMB",1995,215.803379789171,NA,NA
"6097","Zambia","ZMB",1996,214.594018251869,NA,NA
"6098","Zambia","ZMB",1997,212.114448212674,NA,NA
"6099","Zambia","ZMB",1998,209.514122531145,NA,NA
"6100","Zambia","ZMB",1999,206.207459854506,NA,NA
"6101","Zambia","ZMB",2000,203.42531263789,14,14
"6102","Zambia","ZMB",2001,199.385466579562,14.11,14.11
"6103","Zambia","ZMB",2002,196.093227823825,14.3,14.3
"6104","Zambia","ZMB",2003,193.422452537476,14.46,14.46
"6105","Zambia","ZMB",2004,190.861141339206,14.58,14.58
"6106","Zambia","ZMB",2005,187.026043857181,14.73,14.73
"6107","Zambia","ZMB",2006,183.198584225512,14.92,14.92
"6108","Zambia","ZMB",2007,175.808554411857,15.08,15.08
"6109","Zambia","ZMB",2008,168.687902919431,15.25,15.25
"6110","Zambia","ZMB",2009,161.044741334981,15.43,15.43
"6111","Zambia","ZMB",2010,156.205245150713,15.47,15.47
"6112","Zambia","ZMB",2011,151.341678045432,15.71,15.71
"6113","Zambia","ZMB",2012,144.801096255015,15.9,15.9
"6114","Zambia","ZMB",2013,138.470545576393,15.99,15.99
"6115","Zambia","ZMB",2014,132.840087048599,16.23,16.23
"6116","Zambia","ZMB",2015,128.405811893315,16.31,16.31
"6117","Zambia","ZMB",2016,124.432270280735,16.43,16.43
"6118","Zambia","ZMB",2017,120.360472952307,NA,NA
"6119","Zambia","ZMB",2018,115.825765010804,NA,NA
"6120","Zambia","ZMB",2019,111.106629906162,NA,NA
"6121","Zimbabwe","ZWE",1990,144.216956281506,NA,NA
"6122","Zimbabwe","ZWE",1991,137.981081851319,NA,NA
"6123","Zimbabwe","ZWE",1992,134.978971390328,NA,NA
"6124","Zimbabwe","ZWE",1993,130.028910876002,NA,NA
"6125","Zimbabwe","ZWE",1994,125.893639512849,NA,NA
"6126","Zimbabwe","ZWE",1995,123.087651319288,NA,NA
"6127","Zimbabwe","ZWE",1996,117.848474664837,NA,NA
"6128","Zimbabwe","ZWE",1997,114.648288542668,NA,NA
"6129","Zimbabwe","ZWE",1998,116.154448552212,NA,NA
"6130","Zimbabwe","ZWE",1999,119.078115920236,NA,NA
"6131","Zimbabwe","ZWE",2000,124.652720927281,32.4,32.4
"6132","Zimbabwe","ZWE",2001,126.704725697108,32.25,32.25
"6133","Zimbabwe","ZWE",2002,131.165873733485,32.18,32.18
"6134","Zimbabwe","ZWE",2003,134.786976040803,32.01,32.01
"6135","Zimbabwe","ZWE",2004,139.763446533724,31.77,31.77
"6136","Zimbabwe","ZWE",2005,141.73633457741,31.64,31.64
"6137","Zimbabwe","ZWE",2006,146.027770617809,31.34,31.34
"6138","Zimbabwe","ZWE",2007,151.114883996891,31.17,31.17
"6139","Zimbabwe","ZWE",2008,159.941985681553,30.97,30.97
"6140","Zimbabwe","ZWE",2009,164.496633872229,30.81,30.81
"6141","Zimbabwe","ZWE",2010,164.794230215228,30.46,30.46
"6142","Zimbabwe","ZWE",2011,160.758351725916,30.27,30.27
"6143","Zimbabwe","ZWE",2012,155.417940775539,30.02,30.02
"6144","Zimbabwe","ZWE",2013,149.834351649856,29.88,29.88
"6145","Zimbabwe","ZWE",2014,146.341095978014,29.63,29.63
"6146","Zimbabwe","ZWE",2015,143.477957190897,29.36,29.36
"6147","Zimbabwe","ZWE",2016,140.643245329021,29.05,29.05
"6148","Zimbabwe","ZWE",2017,137.448374018203,NA,NA
"6149","Zimbabwe","ZWE",2018,133.923030663451,NA,NA
"6150","Zimbabwe","ZWE",2019,130.508300961459,NA,NA
