"","Q1_SEX","Q2_BIRTH","AGE","Q3_BORNUS","Q4_STATE","STATENAME","Q5_PARENTSOUTSIDEUS","Q6_RESIDENCE","Q7_LIVINGSTATUS","Q8_EDUCATION","Q9_OCCUPATION","Q9A_SCHOOLSTATUS","Q10_RACE","Q11A_USE_FACEBOOK","Q11B_USE_YOUTUBE","Q11_CUSE_TWITTER","Q11D_USE_IRC","Q11E_USE_GOOGLEPLUS","Q11F_USE_HABBO","Q11G_USE_WIKIPEDIA","Q11H_USE_MYSPACE","Q11I_USE_NING","Q11J_USE_MYLIFE","Q11K_USE_TUMBLR","Q11L_USE_LIVEJOURNAL","Q11M_USE_NEWSPAPER","Q11N_USE_GENERALMESSAGE","Q11O_USE_IMAGEBOARD","Q11P_USE_INSTANTMESSAGE","Q11Q_USE_RPGS","Q11R_USE_PHOTOSHARING","Q11S_USE_BLOGS","Q11T_USE_SKYPE","Q11U_USE_ANONYMOUS","Q11V_USE_EMAIL","Q12_HOURSONLINE","Q13_HATEFULEXPOSURE1","Q14_HATEFULEXPOSURE2","Q15_1_SAW_HATEFULVIOLENCE","Q15_2_SAW_HATEFULSTEREOTYPE","Q15_3_SAW_HATEFULSCAPEGOAT","Q15_4_SAW_HATEFULSCAPEGOAT2","Q15_5_SAW_HATEFULADVOCATED","Q15_6_SAW_HATEFULDISCRIMINATE","Q16_1_SAW_HATEFULRACE","Q16_2_SAW_HATEFULIMMIGRANT","Q16_3_SAW_HATEFULSEXUALITY","Q16_4_SAW_HATEFULRELIGION","Q16_5_SAW_HATEFULPOLITICS","Q16_6_SAW_HATEFULGENDER","Q_16_7_SAW_HATEFULOTHER","Q17_1_EXPOSURE_FACEBOOK","Q17_2_EXPOSURE_YOUTUBE","Q17_3_EXPOSURE_TWITTER","Q17_4_EXPOSURE_GOOGLEPLUS","Q17_5_EXPOSURE_HABBO","Q17_6_EXPOSURE_WIKIPEDIA","Q17_7_EXPOSURE_MYSPACE","Q17_8_EXPOSURE_NING","Q17_9_EXPOSURE_MYLIFE","Q17_10_EXPOSURETUMBLR","Q17_11_EXPOSURE_LIVEJOURNAL","Q17_12_EXPOSURE_NEWSPAPER","Q17_13_EXPOSURE_MESSAGEBOARD","Q17_14_EXPOSURE_IMAGE","Q17_15_EXPOSURE_INSTANTMESSAGE","Q17_16_EXPOSURE_RPG","Q17_17_EXPOSURE_PHOTOSHARING","Q17_18_EXPOSURE_BLOGS","Q17_19_EXPOSURE_HOMEPAGE","Q17_20_EXPOSURE_POPUPS","Q17_21_EXPOSURE_SKYPE","Q17_22_EXPOSURE_ANONYMOUS","Q17_23_EXPOSURE_EMAIL","Q18_NAVIGATION_TOSITE","Q19_DISTURBINGLEVEL","Q20_EXPOSUREFREQUENCY","Q21_BEENTARGET","Q22A_BEENTARGET_RACE","Q22B_BEENTARGET_NATIONALITY","Q22C_BEENTARGET_GAY","Q22D_BEENTARGET_RELIGION","Q22E_BEENTARGET_POLITICS","Q22F_BEENTARGET_DISABILITY","Q22G_BEENTARGET_SEX","Q22H_BEENTARGET_APPEARANCE","Q22I_BEENTARGET_NOTA","Q23_FREQUENCY_HATEFUL","Q24_MOSTLYKIND","Q25_FREQUENCY_OFFENSIVE","Q26_OFFENSIVE_TELLTOSTOP","Q27_OFFENSIVE_DEFEND","Q28_OFFENSIVE_IGNORE","Q29_OFFENSIVE_JOININ","Q30OFFENSIVE_OTHERSTELLTOSTOP","Q31_OFFENSIVE_OTHERSDEFEND","Q32_OFFENSIVE_OTHERSJOININ","Q33_SELFESTEEM","Q34_RISKTAKING","Q35_TALKPRIVATEONLINE","Q36_TRUSTPEOPLE_GENERAL","Q37_TRUST_COLLEAGUES","Q38_TRUST_ONLINE","Q39_TRUST_LOCALGOVT","Q40_TRUST_CONGRESS","Q41_TRUST_PRESIDENT","Q42_TRUST_POLICE","Q43_TRUST_CORPORATIONS","Q44_TRUST_BANKS","Q45_FACEBOOKFRIENDS","Q46_CLOSEFRIENDS","Q47_CLOSEFRIENDS_INTERACTONLINE","Q48_CLOSETO_FAMILY","Q49_CLOSETO_FRIENDS","Q50_CLOSETO_NEIGHBORS","Q51_CLOSETO_ONLINECOMMUNITY","Q52_CLOSETO_RELIGION","Q53_CLOSETO_CLUB","Q54_VICTIME_ONLINECRIME","Q55_ONLINCRIME_TYPE","Q56"
"1",1,1988,27,1,NA,"MASKED BY ICPSR",1,3,5,1,1,1,1,1,1,0,0,0,0,0,0,0,0,0,0,0,0,0,0,0,0,0,0,0,1,2,1,1,0,1,1,1,1,1,1,1,0,1,0,1,0,1,1,0,0,0,0,0,0,0,0,0,0,0,0,0,0,0,0,0,1,0,1,0,3,1,3,1,0,0,0,1,0,0,0,0,0,3,3,4,3,3,3,2,4,2,3,9,9,7,1,1,1,1,1,1,4,1,1,34,2,2,1,2,1,1,1,1,2,NA,"MASKED BY ICPSR"
"2",2,1979,36,1,NA,".              ",0,1,2,4,2,NA,1,0,1,0,0,0,0,0,0,0,0,0,0,0,0,0,0,0,0,0,1,0,1,3,1,0,0,0,0,0,0,0,0,0,0,0,0,0,0,0,0,0,0,0,0,0,0,0,0,0,0,0,0,0,0,0,0,0,0,0,0,0,NA,NA,1,1,0,0,0,0,1,0,0,0,0,2,2,2,2,2,2,2,2,2,2,7,8,9,7,8,8,8,8,7,NA,6,7,23,1,2,4,5,5,4,4,5,2,NA,"MASKED BY ICPSR"
"3",1,1983,32,1,NA,"MASKED BY ICPSR",0,1,2,4,1,1,1,1,0,0,0,0,0,0,0,0,0,0,0,0,0,0,0,0,0,0,0,0,0,1,1,1,0,1,0,0,0,0,0,0,0,0,0,0,0,1,0,0,0,0,0,0,0,0,0,0,0,0,0,0,0,0,0,0,0,0,0,0,1,NA,2,1,1,0,0,0,0,0,0,0,0,2,1,4,2,2,1,3,4,2,2,4,5,5,7,8,8,9,9,9,10,10,10,5,3,4,4,5,5,4,4,5,1,3,"MASKED BY ICPSR"
"4",1,1998,17,1,NA,"MASKED BY ICPSR",0,4,5,1,1,1,1,1,1,1,0,0,0,0,0,0,0,0,0,0,0,0,0,0,0,0,0,0,1,2,1,1,0,1,0,0,0,0,1,1,1,0,0,0,0,0,0,1,0,0,0,0,0,0,0,0,0,0,0,0,0,0,0,0,0,0,0,0,1,4,3,0,0,0,0,0,0,0,0,0,0,2,3,3,2,3,4,1,2,2,1,10,9,4,5,8,3,3,5,5,8,5,7,350,4,1,5,5,2,3,1,5,2,NA,"MASKED BY ICPSR"
"5",2,1999,16,1,NA,"MASKED BY ICPSR",0,5,4,3,5,NA,1,1,1,1,0,0,0,0,0,0,0,1,0,0,0,0,0,0,0,0,0,0,1,3,0,0,0,0,0,0,0,0,0,0,0,0,0,0,0,0,0,0,0,0,0,0,0,0,0,0,0,0,0,0,0,0,0,0,0,0,0,0,NA,NA,2,0,0,0,0,0,0,0,0,0,0,2,1,4,1,1,4,1,1,1,1,5,4,3,3,4,2,3,2,1,2,3,2,300,1,2,3,3,1,2,4,3,2,NA,"MASKED BY ICPSR"
"6",1,1999,16,1,NA,"MASKED BY ICPSR",0,1,5,1,5,NA,1,1,1,1,0,1,0,1,0,0,0,1,0,1,1,1,1,0,1,1,1,1,1,3,1,1,0,1,1,1,1,0,1,0,1,1,0,0,0,1,0,0,0,0,0,0,0,0,0,0,0,0,0,0,0,0,0,0,0,0,0,0,NA,NA,NA,0,0,0,0,0,0,0,0,0,0,3,NA,3,2,3,4,1,2,3,1,8,7,5,5,5,3,3,3,3,2,3,3,350,10,3,5,4,3,3,3,3,2,NA,"MASKED BY ICPSR"
"7",1,1999,16,1,NA,"MASKED BY ICPSR",0,1,3,1,1,1,2,1,1,1,0,1,0,0,0,0,0,0,0,0,0,0,1,0,1,0,1,0,1,3,1,1,1,0,0,0,0,0,1,0,0,0,0,0,0,1,0,1,0,0,0,0,0,0,0,0,0,0,0,0,0,0,0,0,0,0,0,0,1,1,4,0,0,0,0,0,0,0,0,0,0,4,1,4,1,1,4,1,4,4,1,10,7,1,5,5,3,3,3,9,4,2,1,150,5,4,5,5,3,2,3,1,2,NA,"MASKED BY ICPSR"
"8",2,1999,16,1,NA,"MASKED BY ICPSR",0,2,5,1,1,1,1,1,1,0,0,0,0,1,0,0,0,0,0,0,0,0,0,0,1,0,0,0,0,3,1,1,0,1,0,0,0,0,1,0,1,0,0,0,0,1,0,0,0,0,0,0,0,0,0,0,0,0,0,0,0,0,0,0,0,0,0,0,1,3,3,1,0,0,0,0,0,0,0,1,0,4,3,2,2,1,4,1,4,4,4,8,6,10,1,4,2,2,1,2,1,1,1,88,5,2,5,5,2,3,1,1,2,NA,"               "
"9",2,1979,36,1,NA,"MASKED BY ICPSR",1,1,3,3,2,NA,3,1,0,0,0,0,0,0,0,0,0,0,0,0,0,0,0,0,0,0,0,0,1,4,0,0,0,0,0,0,0,0,0,0,0,0,0,0,0,0,0,0,0,0,0,0,0,0,0,0,0,0,0,0,0,0,0,0,0,0,0,0,NA,NA,1,0,0,0,0,0,0,0,0,0,0,1,3,2,1,1,4,1,2,2,1,6,6,4,3,2,1,1,1,4,4,1,1,40,1,1,4,NA,1,NA,NA,NA,2,NA,"MASKED BY ICPSR"
"10",1,1999,16,1,NA,"MASKED BY ICPSR",0,2,5,1,1,1,1,1,0,0,0,0,0,0,0,0,0,0,0,0,0,0,0,0,0,0,0,0,0,3,0,0,0,0,0,0,0,0,0,0,0,0,0,0,0,0,0,0,0,0,0,0,0,0,0,0,0,0,0,0,0,0,0,0,0,0,0,0,NA,NA,2,0,0,0,0,0,0,0,0,0,0,2,1,2,1,2,3,3,3,3,3,10,9,8,10,9,8,7,8,9,8,7,6,56,12,2,5,4,4,4,4,4,2,NA,"MASKED BY ICPSR"
"11",2,1999,16,1,NA,"MASKED BY ICPSR",0,5,5,1,1,1,1,1,1,1,0,0,0,0,0,0,0,0,0,0,0,0,1,1,0,0,0,0,1,NA,1,0,0,0,0,0,0,0,0,0,0,0,0,0,0,0,0,0,0,0,0,0,0,0,0,0,0,0,0,0,0,0,0,0,0,0,0,0,NA,NA,3,1,0,0,0,0,0,0,0,1,0,3,2,3,3,3,3,3,2,2,3,8,8,7,7,7,4,3,3,3,5,5,1,50,5,4,5,4,2,2,1,3,2,NA,"MASKED BY ICPSR"
"12",2,1998,17,1,NA,"MASKED BY ICPSR",0,5,5,1,1,1,1,1,1,1,0,0,0,1,0,0,0,0,0,0,0,0,1,0,0,0,0,0,1,3,0,1,0,1,0,0,0,0,1,1,1,0,0,0,0,1,0,0,0,0,0,0,0,0,0,0,0,0,0,0,0,0,0,0,0,0,0,0,3,3,3,0,0,0,0,0,0,0,0,0,0,3,3,3,2,2,4,1,2,2,1,6,4,2,5,4,3,5,3,3,6,3,4,200,4,2,4,4,1,1,1,1,2,NA,"MASKED BY ICPSR"
"13",1,1998,17,1,NA,"MASKED BY ICPSR",0,5,5,1,1,1,1,1,1,0,0,0,0,0,0,0,0,0,0,0,0,0,1,0,1,0,0,0,1,3,1,0,0,0,0,0,0,0,0,0,0,0,0,0,0,0,0,0,0,0,0,0,0,0,0,0,0,0,0,0,0,0,0,0,0,0,0,0,NA,NA,1,1,1,1,1,1,0,0,0,0,0,3,3,2,3,3,2,1,2,2,1,10,8,1,1,1,1,4,4,3,10,2,2,675,2,4,5,4,1,3,2,2,1,1,"MASKED BY ICPSR"
"14",1,1999,16,1,NA,"MASKED BY ICPSR",0,4,5,2,1,1,1,1,1,0,0,0,0,1,0,0,0,0,0,0,0,0,0,0,1,0,0,0,0,2,0,0,0,0,0,0,0,0,0,0,0,0,0,0,0,0,0,0,0,0,0,0,0,0,0,0,0,0,0,0,0,0,0,0,0,0,0,0,NA,NA,3,0,0,0,0,0,0,0,0,0,0,2,1,2,2,3,4,2,4,3,1,9,4,3,6,7,3,4,3,3,8,2,8,26,3,2,5,4,3,6,6,3,2,NA,"MASKED BY ICPSR"
"15",2,1997,18,1,NA,"MASKED BY ICPSR",1,1,5,1,1,1,1,1,1,1,0,1,0,1,1,0,0,1,0,0,0,0,1,0,1,1,1,0,1,2,1,1,1,1,1,0,1,0,1,1,1,0,0,1,0,1,0,1,0,0,0,1,0,0,1,0,0,0,0,0,0,0,1,0,0,0,0,1,3,1,2,0,0,0,0,0,0,0,0,0,0,3,1,3,4,4,1,1,2,3,3,9,9,3,7,7,3,4,4,5,5,2,2,30,5,4,5,4,4,4,3,4,1,1,"MASKED BY ICPSR"
"16",1,1999,16,1,NA,"MASKED BY ICPSR",0,1,5,1,1,1,1,1,1,1,0,1,0,1,1,0,1,1,1,1,1,1,1,1,1,1,1,0,1,2,1,1,0,0,0,1,0,0,0,0,0,0,0,1,0,0,0,0,0,0,0,0,0,0,0,0,1,1,0,0,0,0,1,0,0,0,0,0,2,3,3,0,0,0,0,0,0,0,0,0,0,2,3,2,1,3,4,1,1,3,1,9,5,1,5,5,5,5,5,5,5,5,5,78,2,2,5,5,3,3,3,3,2,NA,"               "
"17",1,1999,16,1,NA,"MASKED BY ICPSR",0,2,5,1,1,1,2,1,1,0,0,0,0,0,0,0,0,0,0,0,0,0,0,0,0,0,0,0,0,2,0,0,0,0,0,0,0,0,0,0,0,0,0,0,0,0,0,0,0,0,0,0,0,0,0,0,0,0,0,0,0,0,0,0,0,0,0,0,NA,NA,2,0,0,0,0,0,0,0,0,0,0,2,3,3,1,1,4,1,1,1,1,8,3,1,6,5,1,4,4,4,5,4,5,15,0,2,5,3,1,1,4,3,2,NA,"               "
"18",1,1998,17,1,NA,"MASKED BY ICPSR",1,1,5,1,1,1,2,1,1,1,0,0,0,0,1,0,0,0,0,0,0,0,0,0,0,0,0,0,1,3,1,1,1,1,1,1,0,1,0,1,1,0,0,0,0,0,0,1,0,0,0,1,0,0,0,0,0,0,0,0,0,0,0,0,0,0,0,0,3,1,2,0,0,0,0,0,0,0,0,0,0,2,2,3,1,1,4,1,1,3,1,8,2,1,5,5,1,8,4,9,2,2,5,100,0,2,5,4,2,2,3,3,2,NA,"MASKED BY ICPSR"
"19",1,1999,16,1,NA,"MASKED BY ICPSR",0,1,5,1,1,1,1,1,1,0,0,0,0,0,0,0,0,0,0,0,0,0,0,0,0,1,0,0,1,4,0,0,0,0,0,0,0,0,0,0,0,0,0,0,0,0,0,0,0,0,0,0,0,0,0,0,0,0,0,0,0,0,0,0,0,0,0,0,NA,NA,1,0,0,0,0,0,0,0,0,0,0,2,3,2,2,2,1,1,2,2,1,1,10,10,10,10,10,10,10,10,10,10,10,125,75,1,5,5,5,5,5,5,2,NA,"MASKED BY ICPSR"
"20",2,1999,16,1,NA,"MASKED BY ICPSR",0,1,5,1,1,1,1,1,1,0,0,1,0,1,0,0,0,1,0,0,0,0,1,1,1,0,0,0,1,3,1,1,0,1,0,0,0,0,0,0,1,0,0,0,0,0,0,0,0,0,0,0,0,0,0,0,0,1,0,0,0,0,0,0,0,0,0,0,1,2,4,0,0,0,0,0,0,0,0,0,0,3,3,3,3,4,2,1,4,4,1,6,7,8,7,7,6,6,4,7,7,4,4,300,3,2,4,3,1,3,1,3,2,NA,"MASKED BY ICPSR"
"21",1,1998,17,1,NA,"MASKED BY ICPSR",0,3,5,1,1,1,1,1,1,0,0,0,0,1,0,0,0,0,0,0,0,0,0,1,0,0,0,0,1,3,0,0,0,0,0,0,0,0,0,0,0,0,0,0,0,0,0,0,0,0,0,0,0,0,0,0,0,0,0,0,0,0,0,0,0,0,0,0,NA,NA,2,0,0,0,0,0,0,0,0,0,0,1,1,2,1,1,4,1,1,2,1,9,7,10,7,7,5,5,5,5,7,5,5,25,5,2,5,5,1,1,1,1,2,NA,"MASKED BY ICPSR"
"22",1,1999,16,1,NA,"MASKED BY ICPSR",0,2,5,1,1,1,4,1,1,1,0,0,0,1,0,0,0,1,0,0,0,1,0,1,1,1,1,0,1,3,1,1,0,1,1,1,1,1,1,0,1,0,0,1,0,0,0,1,0,0,0,0,0,0,0,0,0,0,0,0,0,0,0,0,0,0,0,0,NA,1,3,0,0,0,0,0,0,0,0,0,0,3,2,3,3,3,1,1,3,3,3,8,8,10,10,9,10,10,8,10,9,9,9,130,10,2,5,5,4,4,4,4,2,NA,"MASKED BY ICPSR"
"23",2,1997,18,1,NA,"MASKED BY ICPSR",0,5,5,1,1,1,1,1,1,0,0,0,0,0,0,0,0,0,0,0,0,0,1,0,1,0,0,0,1,3,1,1,0,1,0,0,0,0,0,0,0,1,1,0,0,0,1,0,0,0,0,0,0,0,0,0,0,0,0,0,0,0,0,0,0,0,0,0,3,2,1,0,0,0,0,0,0,0,0,0,0,2,1,4,1,1,4,1,3,3,1,7,1,1,6,9,1,4,3,1,7,5,5,200,5,2,5,5,6,6,5,5,2,NA,"               "
"24",1,1998,17,1,NA,"MASKED BY ICPSR",0,5,5,1,1,1,1,1,1,1,0,0,0,0,0,0,0,0,0,0,0,0,0,0,0,0,1,0,0,3,0,0,0,0,0,0,0,0,0,0,0,0,0,0,0,0,0,0,0,0,0,0,0,0,0,0,0,0,0,0,0,0,0,0,0,0,0,0,NA,NA,2,0,0,0,0,0,0,0,0,0,0,3,1,3,3,3,3,1,4,3,1,10,10,4,5,9,1,8,8,8,8,8,8,463,2,2,5,5,4,6,6,4,2,NA,"MASKED BY ICPSR"
"25",2,1979,36,1,NA,"MASKED BY ICPSR",0,2,2,4,2,NA,1,1,1,1,0,0,0,0,0,0,0,0,0,0,0,0,0,0,0,0,1,0,0,4,0,0,0,0,0,0,0,0,0,0,0,0,0,0,0,0,0,0,0,0,0,0,0,0,0,0,0,0,0,0,0,0,0,0,0,0,0,0,NA,NA,3,0,0,0,0,0,0,0,0,0,0,2,3,4,3,3,3,1,3,3,1,7,8,7,2,5,2,1,1,2,3,1,1,150,3,1,5,5,4,3,2,3,2,NA,"               "
"26",2,1999,16,1,NA,"MASKED BY ICPSR",0,4,5,1,1,1,1,1,1,0,0,0,0,0,0,0,0,0,0,0,0,0,0,0,1,0,0,0,0,3,1,1,0,1,1,1,1,0,0,0,0,1,1,0,0,1,0,0,0,0,0,0,0,0,0,0,0,0,0,0,0,0,0,0,0,0,0,0,2,2,3,0,0,0,0,0,0,0,0,0,0,2,1,2,2,3,4,1,3,4,1,8,7,6,6,7,4,6,7,8,8,5,3,300,20,2,5,5,4,3,3,5,2,NA,"               "
"27",1,1999,16,1,NA,"MASKED BY ICPSR",0,2,2,3,2,NA,1,1,0,1,0,0,0,0,0,0,0,0,0,0,0,0,0,0,0,0,0,0,0,2,1,1,0,1,1,1,0,0,0,0,0,0,1,1,0,1,0,1,0,0,0,0,0,0,1,0,0,0,0,0,0,0,0,0,0,0,0,0,3,4,3,0,0,0,0,0,0,0,0,0,0,2,NA,2,2,2,2,2,NA,3,2,9,9,8,9,8,2,1,5,1,9,9,7,2778,12,2,5,4,3,2,3,3,NA,1,"               "
"28",1,1999,16,1,NA,"MASKED BY ICPSR",0,1,5,1,1,1,2,1,1,0,0,1,0,0,0,0,0,0,0,0,0,0,0,0,0,0,0,0,0,3,NA,0,0,0,0,0,0,0,0,0,0,0,0,0,0,0,0,0,0,0,0,0,0,0,0,0,0,0,0,0,0,0,0,0,0,0,0,0,NA,NA,1,0,0,0,0,0,0,0,0,0,0,1,2,1,1,1,NA,NA,NA,2,2,8,7,7,7,7,6,7,6,7,7,NA,NA,60,3,2,4,4,3,3,3,3,2,NA,"MASKED BY ICPSR"
"29",1,1997,18,1,NA,"MASKED BY ICPSR",0,3,5,1,1,1,1,1,1,0,0,1,0,0,0,0,0,0,0,0,0,0,0,0,0,1,0,0,1,2,0,0,0,0,0,0,0,0,0,0,0,0,0,0,0,0,0,0,0,0,0,0,0,0,0,0,0,0,0,0,0,0,0,0,0,0,0,0,NA,NA,3,0,0,0,0,0,0,0,0,0,0,2,1,3,3,3,3,1,2,3,1,8,8,5,8,8,5,5,5,5,8,7,7,54,5,3,4,5,3,4,3,3,2,NA,"MASKED BY ICPSR"
"30",2,1999,16,1,NA,"MASKED BY ICPSR",0,3,5,1,1,1,1,1,1,1,0,0,0,0,0,0,0,0,0,0,0,0,1,1,0,0,0,0,0,2,1,1,0,1,1,1,0,0,1,1,1,0,0,0,0,1,1,0,0,0,0,0,0,0,0,0,0,0,0,0,0,0,0,0,0,0,0,0,1,1,2,1,0,1,0,0,0,0,0,1,0,2,1,2,3,3,2,1,3,3,1,8,3,1,6,9,6,1,2,4,1,2,2,55,10,2,5,4,2,2,2,2,2,NA,"MASKED BY ICPSR"
"31",1,1999,16,1,NA,"MASKED BY ICPSR",1,1,3,4,2,NA,3,0,1,1,0,0,0,1,0,0,0,0,0,0,0,0,0,0,0,0,0,0,0,3,1,1,0,0,1,1,0,0,0,1,1,0,0,0,0,0,0,0,0,0,0,0,0,0,1,0,0,1,1,0,0,0,0,0,0,0,0,0,2,3,3,0,0,0,0,0,0,0,0,0,0,3,2,2,2,3,3,3,3,2,3,8,8,8,8,8,7,7,8,9,9,7,6,59,6,2,5,5,4,4,3,4,1,2,"MASKED BY ICPSR"
"32",1,1997,18,1,NA,"MASKED BY ICPSR",0,5,5,1,1,1,1,1,1,0,0,1,0,1,0,0,0,0,0,0,1,0,1,1,1,0,1,0,1,3,1,1,1,1,0,0,1,1,1,1,0,1,1,0,0,1,1,0,0,0,0,0,0,0,0,0,0,1,0,1,0,0,0,0,0,0,0,0,1,3,4,1,0,1,1,0,0,0,0,1,0,4,3,2,4,4,3,2,3,4,3,6,6,9,7,7,1,4,4,4,8,2,8,390,10,4,3,5,1,1,1,6,2,NA,"MASKED BY ICPSR"
"33",1,1999,16,1,NA,"MASKED BY ICPSR",0,1,5,1,1,1,1,1,1,0,0,0,0,0,0,0,0,0,0,0,0,0,0,1,0,0,1,0,1,3,0,0,0,0,0,0,0,0,0,0,0,0,0,0,0,0,0,0,0,0,0,0,0,0,0,0,0,0,0,0,0,0,0,0,0,0,0,0,NA,NA,1,0,0,0,0,0,0,0,0,0,0,1,1,1,1,1,1,1,1,1,1,6,3,1,6,7,3,5,5,5,7,5,5,20,0,2,5,3,1,1,4,6,2,NA,"               "
"34",2,1997,18,1,NA,"MASKED BY ICPSR",0,3,5,1,1,1,1,1,1,1,0,0,0,0,0,0,0,0,0,0,0,0,0,0,1,0,0,0,0,1,1,1,0,1,0,0,0,0,1,0,1,0,0,0,0,1,0,0,0,0,0,0,0,0,0,0,0,0,0,0,0,0,0,0,0,0,0,0,3,2,3,0,0,0,0,0,0,0,0,0,0,3,3,2,1,1,4,1,2,2,2,7,7,3,6,7,2,6,6,7,7,5,5,350,3,1,5,3,2,3,2,3,2,NA,"MASKED BY ICPSR"
"35",2,1999,16,1,NA,"MASKED BY ICPSR",0,4,5,1,1,1,1,1,1,1,0,0,0,0,0,0,0,0,0,0,0,0,0,0,1,0,0,0,0,3,0,0,0,0,0,0,0,0,0,0,0,0,0,0,0,0,0,0,0,0,0,0,0,0,0,0,0,0,0,0,0,0,0,0,0,0,0,0,NA,NA,2,0,0,0,0,0,0,0,0,0,0,2,1,2,2,2,2,1,1,2,1,7,7,2,5,5,5,5,5,5,5,5,5,300,1,2,5,5,3,3,4,4,2,NA,"               "
"36",1,1999,16,1,NA,"MASKED BY ICPSR",0,3,5,1,1,1,1,1,1,1,0,0,0,1,0,0,0,0,0,0,0,0,1,0,0,0,0,0,1,2,1,1,0,1,1,0,1,0,1,0,1,0,0,1,0,0,1,0,0,0,0,0,0,0,0,0,0,0,0,1,0,0,0,0,0,0,0,0,3,3,2,0,0,0,0,0,0,0,0,0,0,2,1,2,2,2,4,1,2,2,2,9,7,7,7,7,5,5,4,7,8,6,6,15,4,4,5,4,3,3,3,NA,2,NA,"MASKED BY ICPSR"
"37",2,1999,16,1,NA,"MASKED BY ICPSR",0,3,5,1,1,1,1,1,1,0,0,0,0,1,0,0,0,0,0,0,0,0,1,0,0,0,1,0,0,2,0,0,0,0,0,0,0,0,0,0,0,0,0,0,0,0,0,0,0,0,0,0,0,0,0,0,0,0,0,0,0,0,0,0,0,0,0,0,NA,NA,2,0,0,0,0,0,0,0,0,0,0,2,3,2,3,3,4,1,4,4,1,3,3,8,4,5,2,6,7,8,8,7,7,25,3,1,4,5,2,5,1,2,2,NA,"               "
"38",1,1998,17,1,NA,"MASKED BY ICPSR",1,1,5,1,1,1,2,1,1,1,0,0,0,1,1,0,0,0,0,0,0,0,0,0,1,0,1,0,0,1,0,0,0,0,0,0,0,0,0,0,0,0,0,0,0,0,0,0,0,0,0,0,0,0,0,0,0,0,0,0,0,0,0,0,0,0,0,0,NA,NA,2,0,0,0,0,0,0,0,0,0,0,2,1,2,2,3,4,1,2,2,2,9,8,9,7,7,4,5,6,9,8,8,8,NA,NA,NA,5,5,4,3,4,5,2,NA,"               "
"39",1,1979,36,1,NA,"MASKED BY ICPSR",1,2,2,3,2,NA,1,1,1,1,0,0,0,1,0,0,0,0,1,0,0,0,0,0,0,0,1,0,1,2,1,1,0,1,0,0,0,0,1,1,0,1,0,0,0,1,1,0,0,0,0,0,0,0,0,0,1,0,0,0,0,0,1,0,0,0,0,0,1,2,2,1,1,0,1,0,0,0,1,0,0,2,2,2,2,2,3,3,1,1,2,5,6,7,6,6,9,8,7,7,9,8,7,200,12,1,5,4,4,3,4,3,2,NA,"MASKED BY ICPSR"
"40",1,1998,17,1,NA,"MASKED BY ICPSR",0,4,5,1,1,1,1,1,1,1,0,0,0,1,0,0,0,1,0,0,0,0,0,0,1,1,1,0,1,4,0,0,0,0,0,0,0,0,0,0,0,0,0,0,0,0,0,0,0,0,0,0,0,0,0,0,0,0,0,0,0,0,0,0,0,0,0,0,NA,NA,2,0,0,0,0,0,0,0,0,0,0,3,2,3,1,1,4,1,3,2,3,10,8,8,7,8,3,2,1,2,9,1,1,120,10,2,5,5,3,3,1,5,2,NA,"MASKED BY ICPSR"
"41",1,1998,17,1,NA,"MASKED BY ICPSR",0,2,5,1,1,1,3,1,1,0,0,0,0,1,0,0,0,0,0,0,0,0,0,1,0,0,1,0,1,4,0,1,0,1,0,1,0,0,1,1,1,0,0,0,0,1,1,0,0,0,0,0,0,0,0,0,0,0,0,0,0,0,0,0,0,0,0,0,3,2,3,0,0,0,0,0,0,0,0,0,0,3,3,3,2,2,3,1,2,2,2,7,4,5,6,7,4,3,2,1,3,3,3,25,5,2,5,5,2,4,1,3,2,NA,"               "
"42",1,1999,16,1,NA,"MASKED BY ICPSR",0,2,5,1,1,1,2,1,1,0,0,0,0,0,0,0,0,1,0,0,0,0,0,0,1,0,0,0,1,2,1,1,0,1,0,1,0,1,0,1,1,0,0,1,0,1,0,0,0,0,0,0,0,0,0,0,0,0,0,0,0,0,0,0,0,0,0,0,2,3,3,1,0,0,0,0,0,0,0,1,0,4,3,3,3,4,2,1,3,3,1,8,6,7,7,5,4,3,3,8,3,4,5,350,10,2,5,4,3,3,6,4,2,NA,"MASKED BY ICPSR"
"43",1,1997,18,1,NA,"MASKED BY ICPSR",1,5,5,1,1,1,1,0,0,0,0,0,0,0,0,0,0,0,0,0,0,0,0,0,0,0,0,0,1,2,0,0,0,0,0,0,0,0,0,0,0,0,0,0,0,0,0,0,0,0,0,0,0,0,0,0,0,0,0,0,0,0,0,0,0,0,0,0,NA,NA,3,0,0,0,0,0,0,0,0,0,0,1,3,3,3,3,2,1,3,2,1,3,1,1,1,3,1,1,1,1,4,4,4,0,1,1,5,3,3,1,3,1,2,NA,"               "
"44",1,1999,16,1,NA,"MASKED BY ICPSR",0,4,5,1,1,1,1,1,1,1,0,0,0,0,0,0,0,0,0,0,0,0,0,0,0,0,0,0,1,4,1,1,0,1,0,1,0,0,1,1,0,0,0,0,0,1,0,0,0,0,0,0,0,0,0,0,0,0,0,0,0,0,0,0,0,0,0,0,2,1,3,0,0,0,0,0,0,0,0,0,0,3,1,2,4,4,3,1,4,4,1,10,5,3,10,9,9,9,9,10,8,9,10,150,10,2,5,5,4,3,4,3,2,NA,"MASKED BY ICPSR"
"45",1,1979,36,1,NA,"MASKED BY ICPSR",0,1,4,3,2,NA,3,1,1,0,0,0,0,0,0,0,0,0,0,0,0,0,0,0,0,0,0,0,0,4,0,0,0,0,0,0,0,0,0,0,0,0,0,0,0,0,0,0,0,0,0,0,0,0,0,0,0,0,0,0,0,0,0,0,0,0,0,0,NA,NA,1,0,0,0,0,0,0,0,0,0,0,1,3,1,1,1,4,1,3,3,1,7,7,4,5,5,2,5,5,5,5,5,5,256,2,4,4,4,4,3,3,3,2,NA,"               "
"46",2,1999,16,1,NA,"MASKED BY ICPSR",0,4,5,1,1,1,1,1,1,0,0,0,0,0,0,0,0,0,0,0,0,0,0,0,0,0,0,0,1,1,0,1,0,1,0,0,0,0,1,0,0,0,0,0,0,1,0,0,0,0,0,0,0,0,0,0,0,0,0,0,0,0,0,0,0,0,0,0,3,2,2,0,0,0,0,0,0,0,0,0,0,2,3,2,1,1,4,1,2,2,1,9,5,7,6,6,3,4,4,6,4,4,4,89,3,2,5,5,3,2,3,5,2,NA,"               "
"47",1,1998,17,1,NA,"MASKED BY ICPSR",0,3,5,1,4,NA,1,1,1,1,0,1,0,1,0,0,0,1,0,0,0,0,1,0,1,0,1,0,1,3,0,0,0,0,0,0,0,0,0,0,0,0,0,0,0,0,0,0,0,0,0,0,0,0,0,0,0,0,0,0,0,0,0,0,0,0,0,0,NA,NA,3,0,0,0,0,0,0,0,0,0,0,3,2,4,3,3,4,1,3,3,1,5,1,8,1,5,5,1,1,1,1,1,1,50,10,2,5,5,3,1,1,3,1,1,"MASKED BY ICPSR"
"48",2,1997,18,1,NA,"MASKED BY ICPSR",0,5,5,1,1,1,1,1,1,1,0,0,0,0,0,0,0,0,0,0,0,0,0,0,1,0,0,0,1,2,0,0,0,0,0,0,0,0,0,0,0,0,0,0,0,0,0,0,0,0,0,0,0,0,0,0,0,0,0,0,0,0,0,0,0,0,0,0,NA,NA,1,0,0,0,0,0,0,0,0,0,0,1,3,2,1,1,3,1,1,1,1,NA,NA,NA,NA,NA,NA,NA,NA,NA,NA,NA,NA,NA,NA,2,NA,NA,NA,NA,NA,NA,2,NA,"               "
"49",1,1998,17,1,NA,"MASKED BY ICPSR",0,3,5,1,1,1,1,1,1,1,0,0,0,0,0,0,0,0,0,0,0,0,0,0,0,0,1,0,1,3,1,1,0,1,0,0,1,0,0,0,1,1,1,0,0,0,1,0,0,0,0,0,0,0,0,0,0,0,0,0,0,0,0,0,0,0,0,0,3,2,2,0,0,0,0,0,0,0,0,0,0,2,3,2,2,3,3,1,2,3,2,5,8,7,6,5,4,5,5,5,5,5,6,235,5,3,5,4,3,3,3,3,2,NA,"MASKED BY ICPSR"
"50",2,1999,16,1,NA,"MASKED BY ICPSR",1,4,5,1,1,1,3,1,1,0,0,0,0,0,0,0,0,0,0,0,0,0,0,0,0,0,1,0,0,1,1,1,0,1,1,0,0,0,0,1,1,0,0,0,0,1,1,0,0,0,0,0,0,0,0,0,0,0,0,0,0,0,0,0,0,0,0,0,3,1,3,0,0,0,0,0,0,0,0,0,0,2,1,2,1,1,4,1,2,2,1,8,6,1,1,5,1,5,1,7,5,1,5,70,2,2,4,4,1,1,1,3,2,NA,"               "
"51",1,1997,18,1,NA,"MASKED BY ICPSR",0,2,5,1,1,1,1,1,1,0,0,0,0,1,0,0,0,0,0,0,0,0,1,1,1,0,1,0,1,3,1,1,0,0,0,0,1,0,0,0,0,1,0,0,0,1,0,0,0,0,0,0,0,0,0,0,0,0,0,0,0,0,0,0,0,0,0,0,1,3,2,0,0,0,0,0,0,0,0,0,0,2,3,3,3,3,2,1,3,3,1,6,5,6,4,5,4,4,4,1,6,5,5,153,3,2,4,4,3,2,3,2,2,NA,"               "
"52",1,1999,16,1,NA,"MASKED BY ICPSR",1,1,5,1,1,1,1,0,1,0,0,1,0,1,0,0,0,1,0,0,1,0,1,0,1,0,1,0,1,3,1,1,0,1,1,0,1,1,1,0,1,0,0,0,0,0,1,0,0,0,0,0,0,0,0,0,0,1,0,0,0,0,0,0,0,0,0,0,1,3,2,0,0,0,0,0,0,0,0,0,0,2,3,3,2,3,3,2,3,3,2,9,7,3,8,8,6,7,7,6,8,7,8,100,7,1,5,5,3,3,2,5,2,NA,"MASKED BY ICPSR"
"53",1,1999,16,1,NA,"MASKED BY ICPSR",0,2,4,3,2,NA,1,0,1,0,0,1,0,0,0,0,0,0,0,0,0,0,1,0,0,0,0,0,1,3,1,1,0,1,0,0,1,0,1,0,0,0,0,0,0,1,0,0,0,0,0,0,0,0,0,0,0,0,0,0,0,0,0,0,0,0,0,0,3,1,4,0,0,0,0,0,0,0,0,0,0,4,3,4,3,2,3,1,2,2,1,3,5,8,3,3,4,1,1,7,4,1,1,130,5,3,5,4,2,3,3,3,2,NA,"               "
"54",1,1999,16,1,NA,"MASKED BY ICPSR",0,2,5,1,1,1,5,1,1,0,0,0,0,1,0,0,0,1,0,0,0,0,1,1,0,0,0,0,1,3,1,1,1,1,1,1,1,1,1,0,1,1,1,1,0,0,1,0,0,0,0,0,0,0,1,0,0,0,0,0,0,0,0,0,0,0,0,0,1,3,4,0,0,0,0,0,0,0,0,0,0,3,3,2,2,2,4,1,4,4,2,8,7,6,7,7,5,6,5,5,7,5,4,20,5,2,4,5,3,4,2,3,2,NA,"               "
"55",2,1998,17,1,NA,"MASKED BY ICPSR",0,2,4,2,1,3,1,1,1,0,0,0,0,1,1,0,0,0,0,0,0,0,1,0,0,0,0,0,1,3,1,1,0,1,0,1,1,1,1,1,1,0,0,1,0,1,0,0,0,0,0,0,0,0,0,0,0,0,0,1,0,0,0,0,0,0,0,0,1,4,3,0,0,0,0,0,0,0,0,0,0,3,1,3,4,2,4,1,4,3,1,10,8,9,3,8,2,1,1,6,3,1,7,250,10,2,5,5,5,5,1,4,2,NA,"MASKED BY ICPSR"
"56",2,1999,16,1,NA,"MASKED BY ICPSR",0,2,5,1,1,1,1,1,0,1,0,0,0,1,0,0,0,0,0,0,0,0,0,0,1,0,0,0,1,3,1,1,0,1,1,1,1,0,1,1,0,0,1,0,0,1,0,1,0,0,0,0,0,0,0,0,0,0,0,0,0,0,0,0,0,0,0,0,2,2,3,0,0,0,0,0,0,0,0,0,0,3,3,3,2,2,4,1,2,2,2,9,8,7,7,6,1,3,3,3,7,6,6,891,4,1,5,5,3,3,1,2,2,NA,"MASKED BY ICPSR"
"57",1,2000,15,1,NA,"MASKED BY ICPSR",0,2,5,1,1,1,2,1,1,0,0,1,0,0,0,0,0,0,0,0,0,0,1,0,0,0,0,0,1,2,0,0,0,0,0,0,0,0,0,0,0,0,0,0,0,0,0,0,0,0,0,0,0,0,0,0,0,0,0,0,0,0,0,0,0,0,0,0,NA,NA,3,0,0,0,0,0,0,0,0,0,0,3,3,2,2,2,4,1,3,3,1,6,7,3,5,4,2,3,4,6,4,4,3,50,3,1,4,3,2,1,2,6,2,NA,"               "
"58",1,1998,17,1,NA,"MASKED BY ICPSR",0,2,5,1,1,1,1,1,1,0,0,0,0,0,0,0,0,0,0,0,0,0,0,0,0,0,0,0,1,3,1,1,0,1,0,0,0,0,1,0,0,0,0,0,0,1,0,0,0,0,0,0,0,0,0,0,0,0,0,0,0,0,0,0,0,0,0,0,3,3,1,0,0,0,0,0,0,0,0,0,0,3,3,2,4,4,2,1,3,2,2,5,2,7,2,3,1,3,4,2,1,2,2,120,20,2,5,5,3,4,5,3,2,NA,"MASKED BY ICPSR"
"59",2,1998,17,1,NA,"MASKED BY ICPSR",0,2,5,1,1,1,1,0,1,0,0,0,0,0,0,0,0,0,0,0,0,0,0,0,0,0,0,0,0,1,0,0,0,0,0,0,0,0,0,0,0,0,0,0,0,0,0,0,0,0,0,0,0,0,0,0,0,0,0,0,0,0,0,0,0,0,0,0,NA,NA,1,0,0,0,0,0,0,0,0,0,0,1,1,2,1,3,4,1,1,3,2,6,8,5,7,7,2,5,5,5,5,5,5,10,1,1,4,3,2,2,6,6,2,NA,"MASKED BY ICPSR"
"60",2,1998,17,1,NA,"MASKED BY ICPSR",0,3,5,1,1,1,1,1,1,0,0,0,0,0,0,0,0,0,0,0,0,0,0,0,0,0,0,0,0,3,1,1,0,1,0,0,1,1,0,0,0,0,0,0,1,1,0,0,0,0,0,0,0,0,0,0,0,0,0,0,0,0,0,0,0,0,0,0,2,1,4,0,0,0,0,0,0,0,0,0,0,4,2,3,3,4,1,1,4,4,1,8,4,8,2,5,2,2,2,1,6,5,3,200,2,3,5,4,3,3,1,3,2,NA,"MASKED BY ICPSR"
"61",1,1999,16,1,NA,"MASKED BY ICPSR",0,5,4,1,1,1,1,1,0,0,0,0,0,0,0,0,0,0,0,0,0,0,0,0,0,0,0,0,0,1,0,0,0,0,0,0,0,0,0,0,0,0,0,0,0,0,0,0,0,0,0,0,0,0,0,0,0,0,0,0,0,0,0,0,0,0,0,0,NA,NA,2,0,0,0,0,0,0,0,0,0,0,2,1,1,1,1,4,1,3,3,1,4,2,3,6,8,2,2,2,2,4,3,2,25,2,1,4,4,1,6,6,6,2,NA,"               "
"62",2,1999,16,1,NA,"MASKED BY ICPSR",0,2,5,1,1,1,1,1,1,1,0,0,0,0,0,0,1,0,0,0,1,1,0,0,0,0,0,0,0,3,1,1,0,0,0,0,1,0,1,0,0,0,0,0,0,1,0,0,0,0,0,0,0,0,0,0,0,0,0,0,0,0,0,0,0,0,0,0,1,2,3,0,0,0,0,0,0,0,0,0,0,2,3,3,3,2,3,3,3,2,2,9,8,8,7,7,6,8,8,8,9,8,8,300,5,2,5,5,4,4,4,4,2,NA,"               "
"63",1,1998,17,1,NA,"MASKED BY ICPSR",0,3,5,1,1,1,1,1,1,0,0,0,0,0,0,0,0,0,0,0,0,0,0,0,1,0,0,0,1,2,0,0,0,0,0,0,0,0,0,0,0,0,0,0,0,0,0,0,0,0,0,0,0,0,0,0,0,0,0,0,0,0,0,0,0,0,0,0,NA,NA,1,0,0,0,0,0,0,0,0,0,0,2,3,3,1,1,4,1,3,2,1,9,9,5,6,7,1,3,2,7,7,5,5,650,15,1,5,4,3,2,2,2,2,NA,"               "
"64",2,1998,17,1,NA,"MASKED BY ICPSR",0,2,5,1,1,1,5,1,1,1,0,0,0,0,0,0,0,0,0,0,0,0,0,0,0,0,1,0,1,4,0,0,0,0,0,0,0,0,0,0,0,0,0,0,0,0,0,0,0,0,0,0,0,0,0,0,0,0,0,0,0,0,0,0,0,0,0,0,NA,NA,1,0,0,0,0,0,0,0,0,0,0,4,3,2,4,4,3,1,4,3,1,10,10,5,6,10,1,9,8,10,8,6,6,400,3,4,5,5,4,6,5,5,2,NA,"MASKED BY ICPSR"
"65",2,1999,16,1,NA,"MASKED BY ICPSR",0,3,5,1,1,1,1,1,0,0,0,0,0,0,0,0,0,0,0,0,0,0,0,0,0,0,1,0,1,2,1,1,1,1,1,1,1,1,1,1,1,0,0,0,0,1,0,0,0,0,0,0,0,0,0,0,0,0,0,0,0,0,0,0,0,1,0,1,3,2,3,0,0,0,0,0,0,0,0,0,0,2,1,3,2,2,2,2,2,2,3,10,9,6,9,8,6,8,8,9,10,8,8,23,2,2,5,5,4,3,5,4,2,NA,"MASKED BY ICPSR"
"66",1,1998,17,1,NA,"MASKED BY ICPSR",0,3,5,1,1,1,1,1,1,0,0,0,0,0,0,0,0,0,0,0,0,0,0,0,0,0,0,0,1,4,0,0,0,0,0,0,0,0,0,0,0,0,0,0,0,0,0,0,0,0,0,0,0,0,0,0,0,0,0,0,0,0,0,0,0,0,0,0,NA,NA,2,0,0,0,0,0,0,0,0,0,0,2,1,1,2,2,3,1,3,3,2,6,6,6,5,6,5,6,5,6,5,6,5,500,5,4,4,4,4,4,4,4,2,NA,"MASKED BY ICPSR"
"67",2,1998,17,1,NA,"MASKED BY ICPSR",0,5,5,1,1,1,1,1,1,1,1,1,1,1,1,1,1,1,1,1,1,1,1,1,1,1,1,1,1,4,0,0,0,0,0,0,0,0,0,0,0,0,0,0,0,0,0,0,0,0,0,0,0,0,0,0,0,0,0,0,0,0,0,0,0,0,0,0,NA,NA,3,0,0,0,0,0,0,0,0,0,0,2,3,2,2,2,2,2,2,2,2,10,10,5,3,3,3,1,1,1,1,1,1,2000,200,3,5,4,2,2,1,3,2,NA,"MASKED BY ICPSR"
"68",2,2000,15,1,NA,"MASKED BY ICPSR",0,4,5,1,1,1,1,1,0,0,0,0,0,0,0,0,0,0,0,0,0,0,0,0,0,0,0,0,1,1,0,0,0,0,0,0,0,0,0,0,0,0,0,0,0,0,0,0,0,0,0,0,0,0,0,0,0,0,0,0,0,0,0,0,0,0,0,0,NA,NA,2,0,0,0,0,0,0,0,0,0,0,2,3,2,2,1,4,2,2,2,1,2,2,5,5,5,5,4,5,5,5,5,4,5,1,1,3,2,2,2,3,2,2,NA,"MASKED BY ICPSR"
"69",1,1999,16,1,NA,"MASKED BY ICPSR",0,1,2,3,5,NA,2,1,1,0,0,1,0,0,0,0,0,0,0,0,0,0,0,0,0,0,1,0,1,3,1,1,0,1,0,0,1,0,1,0,1,0,1,1,0,1,1,0,0,0,0,0,0,0,0,0,0,0,0,0,0,0,0,0,1,0,0,0,3,2,3,0,0,0,0,0,0,0,0,0,0,3,2,4,2,3,3,2,2,2,2,8,9,8,10,8,9,8,10,9,8,10,9,600,100,2,5,4,5,4,4,4,2,NA,"MASKED BY ICPSR"
"70",1,1997,18,1,NA,"MASKED BY ICPSR",0,1,5,1,1,1,1,1,1,0,0,0,0,1,0,0,0,0,0,0,0,0,0,0,1,0,0,0,1,3,1,1,0,1,0,0,0,0,1,0,0,0,0,0,0,1,1,0,0,0,0,0,0,0,0,0,0,0,0,0,0,0,0,0,0,0,0,0,1,4,2,0,0,0,0,0,0,0,0,0,0,2,3,2,1,2,4,1,2,3,2,8,4,5,4,6,3,6,6,6,7,4,3,42,2,2,4,4,3,3,1,2,2,NA,"               "
"71",1,1997,18,1,NA,"MASKED BY ICPSR",0,1,5,1,1,1,1,1,1,0,0,0,0,0,0,0,0,0,0,0,0,0,0,0,0,0,0,0,1,3,1,1,1,0,0,0,0,0,1,0,0,0,0,0,0,1,0,0,0,0,0,0,0,0,0,0,0,0,0,0,0,0,0,0,0,0,0,0,1,1,2,0,0,0,0,0,0,0,0,0,0,4,2,3,3,2,4,1,4,3,3,7,10,8,6,7,4,4,4,4,6,5,5,553,3,2,5,5,2,3,4,5,2,NA,"MASKED BY ICPSR"
"72",2,1999,16,1,NA,"MASKED BY ICPSR",0,4,5,1,1,1,1,1,1,1,0,0,0,1,1,0,0,0,0,1,1,0,1,1,1,1,0,0,1,3,1,1,1,1,1,1,1,1,1,1,0,1,0,0,0,0,0,0,0,0,0,1,0,0,0,0,0,1,0,0,0,0,1,0,0,0,0,0,1,2,3,1,0,0,0,0,1,0,0,0,0,2,2,4,3,NA,NA,NA,NA,NA,1,8,7,6,5,6,5,7,6,6,8,8,6,38,4,2,5,5,3,2,4,3,2,NA,"MASKED BY ICPSR"
"73",2,1997,18,1,NA,"MASKED BY ICPSR",NA,3,5,2,1,3,1,1,1,1,0,0,0,1,0,0,1,0,0,0,0,0,0,0,1,0,1,0,1,2,1,1,1,1,0,0,0,0,1,0,1,1,0,0,0,1,0,0,0,0,0,0,0,0,0,0,0,0,0,0,0,0,0,0,0,0,0,0,2,1,4,1,0,0,0,1,0,0,0,1,0,3,2,3,3,3,3,1,3,3,3,8,8,8,3,3,3,3,3,3,NA,3,3,300,7,2,5,5,3,4,5,4,2,NA,"MASKED BY ICPSR"
"74",1,1999,16,1,NA,"MASKED BY ICPSR",0,1,5,1,1,1,1,1,1,1,0,1,1,0,1,0,1,1,0,0,0,1,1,0,1,0,1,0,1,4,1,1,1,1,1,1,1,0,0,1,0,1,0,1,0,1,1,1,0,1,0,1,1,1,0,1,0,1,0,1,1,0,1,1,1,0,1,1,3,4,3,1,1,0,0,0,0,0,0,0,0,3,1,2,3,2,3,3,3,3,3,8,8,8,2,3,4,5,6,6,6,6,6,6,9,1,3,4,5,6,6,6,1,4,"               "
"75",2,1979,36,1,NA,"MASKED BY ICPSR",0,2,4,2,5,NA,1,1,1,1,0,0,0,0,0,0,0,1,0,0,0,0,1,0,1,0,0,0,0,4,0,0,0,0,0,0,0,0,0,0,0,0,0,0,0,0,0,0,0,0,0,0,0,0,0,0,0,0,0,0,0,0,0,0,0,0,0,0,NA,NA,2,0,0,0,0,0,0,0,0,0,0,2,3,1,1,1,1,1,1,1,1,5,1,5,6,5,5,5,1,1,5,5,5,545,2,4,3,3,1,1,1,1,2,NA,"               "
"76",2,1997,18,1,NA,"MASKED BY ICPSR",0,5,5,1,1,1,1,1,1,1,0,0,0,1,0,0,0,0,0,0,0,0,0,0,1,1,0,0,1,3,1,1,0,1,0,0,0,0,1,0,1,0,0,1,0,1,1,0,0,0,0,0,0,0,0,0,0,0,0,0,0,0,0,0,0,0,0,0,1,3,2,0,0,0,0,0,0,0,0,0,0,2,3,3,1,2,4,1,2,3,1,7,5,8,4,6,2,7,1,1,8,1,1,383,3,1,5,4,2,2,6,3,2,NA,"               "
"77",2,1998,17,1,NA,"MASKED BY ICPSR",0,2,5,4,1,1,1,1,1,0,0,0,0,0,0,0,0,0,0,0,0,0,0,1,1,0,0,1,1,3,1,1,0,0,1,0,0,0,1,0,0,0,0,0,0,0,0,0,0,0,0,0,0,0,0,0,0,0,0,0,0,1,0,0,0,0,0,1,2,2,2,0,0,0,0,0,0,0,0,0,0,3,2,4,3,3,3,1,4,4,1,1,1,1,10,10,1,10,1,10,10,10,10,15,11,4,5,5,5,5,5,5,2,NA,"MASKED BY ICPSR"
"78",1,1998,17,1,NA,"MASKED BY ICPSR",1,4,5,1,1,1,1,1,1,0,0,0,0,0,0,0,0,0,0,0,1,0,0,0,0,0,0,0,1,2,1,1,0,1,1,0,1,1,0,0,0,1,0,0,1,0,0,0,0,0,0,0,0,0,0,0,0,1,0,0,0,0,0,0,0,0,0,0,1,1,3,0,0,0,0,0,0,0,0,0,0,2,3,2,2,4,2,1,2,1,1,10,3,1,5,9,1,1,1,1,5,1,1,15,3,1,5,3,1,1,3,1,2,NA,"MASKED BY ICPSR"
"79",1,1998,17,1,NA,"MASKED BY ICPSR",0,4,5,1,1,1,5,1,1,1,0,1,0,0,0,0,0,1,0,1,0,0,1,1,1,0,1,0,1,2,1,1,0,1,1,0,0,0,1,0,1,0,0,0,0,1,1,0,0,0,0,0,0,0,0,0,0,0,0,0,0,0,0,0,0,1,0,1,1,3,3,1,1,0,0,0,0,0,0,0,0,3,1,2,2,3,2,1,2,2,1,10,8,1,6,9,1,10,10,10,10,8,10,100,15,2,5,5,4,2,5,4,2,NA,"MASKED BY ICPSR"
"80",2,1997,18,1,NA,"MASKED BY ICPSR",0,3,5,1,1,1,1,1,1,1,0,0,0,0,0,0,0,0,0,0,0,0,1,0,1,0,1,0,1,4,1,1,1,1,1,1,1,1,1,1,1,1,1,1,0,1,1,1,0,0,0,0,0,0,0,0,0,0,0,0,0,1,0,0,0,0,0,0,1,2,2,1,1,0,1,1,1,0,1,1,0,4,3,3,3,3,2,1,3,3,4,4,6,7,3,8,3,4,4,1,3,3,5,325,3,1,4,5,3,3,3,3,1,5,"               "
"81",2,1997,18,1,NA,"MASKED BY ICPSR",0,4,5,1,3,NA,1,1,1,1,0,0,0,1,0,0,0,0,0,0,0,0,0,0,1,0,0,0,1,2,1,1,0,0,1,1,1,1,0,0,0,0,1,0,0,1,0,0,0,0,0,0,0,0,0,0,0,0,0,0,0,0,1,0,0,0,0,0,1,2,4,0,0,0,0,0,0,0,0,0,0,3,1,4,1,1,4,1,2,3,1,8,4,2,3,4,1,1,1,1,8,2,1,200,2,1,5,4,4,1,1,1,2,NA,"MASKED BY ICPSR"
"82",2,1997,18,1,NA,"MASKED BY ICPSR",0,3,5,1,1,1,1,1,1,1,0,1,0,0,0,0,0,0,0,0,0,0,0,1,0,0,1,0,1,2,1,1,0,1,0,0,1,1,0,0,1,1,0,1,0,1,0,0,0,0,0,0,0,0,0,0,0,0,0,0,1,0,0,0,0,0,0,0,1,1,3,1,0,0,0,1,0,0,0,0,0,2,1,3,4,4,1,1,3,3,3,10,7,2,1,4,1,5,5,5,5,5,6,150,5,2,5,4,4,3,4,4,2,NA,"MASKED BY ICPSR"
"83",1,1997,18,1,NA,"MASKED BY ICPSR",0,4,5,1,1,1,1,1,1,1,0,1,0,0,0,0,0,0,0,0,0,0,1,0,1,0,1,0,1,3,0,0,0,0,0,0,0,0,0,0,0,0,0,0,0,0,0,0,0,0,0,0,0,0,0,0,0,0,0,0,0,0,0,0,0,0,0,0,NA,NA,2,0,0,0,0,0,0,0,0,0,0,2,3,3,1,4,4,1,2,2,1,7,7,1,5,6,2,5,7,7,7,6,6,350,20,1,5,4,3,6,3,4,2,NA,"MASKED BY ICPSR"
"84",1,1998,17,1,NA,"MASKED BY ICPSR",0,2,5,1,1,1,1,1,1,1,0,0,0,1,0,0,0,0,0,0,0,0,0,0,1,0,0,0,1,4,1,1,1,0,1,1,0,1,1,1,1,1,0,1,0,1,0,0,0,0,0,0,0,0,0,0,0,0,0,0,0,0,0,0,0,0,0,0,1,1,3,1,1,0,1,1,1,0,0,0,0,4,3,3,3,3,3,2,2,2,3,5,5,5,5,5,5,5,5,5,5,5,5,1000,50,3,3,3,3,3,3,3,1,1,"               "
"85",1,1998,17,1,NA,"MASKED BY ICPSR",0,3,5,1,1,1,1,1,1,0,0,0,0,0,0,0,0,0,0,0,0,0,0,0,0,0,1,0,1,4,1,1,0,1,0,0,0,0,1,0,1,0,0,0,0,1,0,0,0,0,0,0,0,0,0,0,0,0,0,0,0,0,0,0,0,0,0,0,2,3,2,0,0,0,0,0,0,0,0,0,0,3,1,2,1,2,2,1,2,2,2,7,5,6,7,7,7,7,7,7,7,7,7,100,5,2,5,4,4,4,4,4,2,NA,"               "
"86",1,1979,36,1,NA,"MASKED BY ICPSR",0,2,4,3,5,NA,1,1,1,0,0,0,0,0,0,0,0,0,0,0,0,0,0,0,0,0,1,0,1,4,0,0,0,0,0,0,0,0,0,0,0,0,0,0,0,0,0,0,0,0,0,0,0,0,0,0,0,0,0,0,0,0,0,0,0,0,0,0,NA,NA,2,0,0,0,0,0,0,0,0,0,0,2,1,3,1,2,2,1,1,1,2,8,9,1,5,6,3,4,NA,2,7,1,2,80,0,1,3,3,2,1,1,3,2,NA,"MASKED BY ICPSR"
"87",2,1999,16,1,NA,"MASKED BY ICPSR",0,1,5,1,1,1,1,1,1,1,0,0,0,1,1,0,1,1,0,0,0,0,1,1,1,0,1,0,1,2,1,1,1,0,1,1,0,0,0,1,1,0,0,0,0,1,0,0,0,0,0,0,0,0,0,0,0,0,0,0,0,0,0,0,0,0,0,0,3,1,3,1,0,0,0,0,0,0,0,1,0,4,2,3,3,4,1,1,1,3,1,4,4,4,3,3,2,5,5,5,5,5,5,320,4,4,5,4,2,2,2,2,1,1,"               "
"88",1,1998,17,1,NA,"MASKED BY ICPSR",0,3,5,1,1,1,1,1,1,0,0,0,0,0,0,0,0,0,0,0,0,0,0,0,0,0,0,0,0,1,0,0,0,0,0,0,0,0,0,0,0,0,0,0,0,0,0,0,0,0,0,0,0,0,0,0,0,0,0,0,0,0,0,0,0,0,0,0,NA,NA,3,0,0,0,0,0,0,0,0,0,0,2,1,1,1,2,2,2,2,3,3,8,7,8,8,7,8,8,3,2,7,7,8,123,10,3,4,5,4,4,4,4,2,NA,"MASKED BY ICPSR"
"89",1,1997,18,1,NA,"MASKED BY ICPSR",0,3,5,2,1,1,1,1,1,0,0,0,0,0,0,0,0,0,0,0,0,0,1,0,1,0,1,0,1,2,0,0,0,0,0,0,0,0,0,0,0,0,0,0,0,0,0,0,0,0,0,0,0,0,0,0,0,0,0,0,0,0,0,0,0,0,0,0,NA,NA,2,0,0,0,0,0,0,0,0,0,0,2,1,2,3,3,2,1,3,3,1,8,5,2,1,4,1,5,5,5,7,5,5,500,5,1,5,5,3,1,2,2,2,NA,"               "
"90",2,1998,17,1,NA,"MASKED BY ICPSR",0,1,5,1,1,1,1,1,1,0,0,0,0,0,0,0,0,0,0,0,0,0,1,0,1,0,0,0,1,4,1,1,0,1,0,0,1,0,1,0,0,0,0,0,0,1,0,0,0,0,0,0,0,0,0,0,0,0,0,0,0,0,0,0,0,0,0,0,2,1,3,0,0,0,0,0,0,0,0,0,0,2,3,3,1,2,2,1,3,2,1,9,10,9,3,9,1,1,1,1,2,1,1,112,2,4,5,5,1,5,3,5,2,NA,"MASKED BY ICPSR"
"91",2,1999,16,1,NA,"MASKED BY ICPSR",0,5,5,1,1,1,1,1,1,1,0,0,0,1,0,0,0,0,0,0,0,0,0,0,1,0,0,0,1,2,0,0,0,0,0,0,0,0,0,0,0,0,0,0,0,0,0,0,0,0,0,0,0,0,0,0,0,0,0,0,0,0,0,0,0,0,0,0,NA,NA,2,0,0,0,0,0,0,0,0,0,0,2,1,2,4,4,2,1,3,3,3,9,6,5,5,5,4,6,5,5,8,5,9,1000,25,2,5,4,2,3,1,5,2,NA,"               "
"92",1,1999,16,1,NA,"MASKED BY ICPSR",0,5,5,1,1,1,1,0,1,0,0,0,0,0,0,0,0,0,0,0,1,0,0,1,0,0,0,0,0,2,1,1,0,1,0,1,0,0,0,0,1,1,0,0,0,0,1,0,0,0,0,0,0,0,0,0,0,1,0,0,0,0,0,0,0,0,0,0,1,3,3,0,0,0,0,0,0,0,0,0,0,2,3,4,2,1,4,1,3,3,3,6,2,3,5,5,2,4,3,2,5,2,2,0,4,1,5,4,2,3,5,3,2,NA,"               "
"93",2,1997,18,1,NA,"MASKED BY ICPSR",0,4,5,1,1,1,1,1,1,1,0,0,0,0,0,0,0,1,0,0,0,0,0,0,1,0,0,0,1,1,0,0,0,0,0,0,0,0,0,0,0,0,0,0,0,0,0,0,0,0,0,0,0,0,0,0,0,0,0,0,0,0,0,0,0,0,0,0,NA,NA,2,0,0,0,0,0,0,0,0,0,0,1,1,2,2,2,2,1,2,2,1,9,6,2,7,9,3,6,6,7,9,6,6,200,6,4,5,5,3,2,1,3,2,NA,"MASKED BY ICPSR"
"94",1,1999,16,1,NA,"MASKED BY ICPSR",0,3,5,1,1,1,1,1,1,0,0,0,0,1,0,0,0,0,0,0,0,0,0,1,0,0,0,0,1,3,1,1,0,1,0,0,0,0,0,0,1,0,0,0,0,0,1,0,0,0,0,0,0,0,0,0,0,0,0,0,0,0,0,0,0,0,0,0,1,4,3,0,0,0,0,0,0,0,0,0,0,2,1,2,1,2,4,1,3,2,1,8,5,5,6,7,4,5,5,5,5,5,5,110,2,2,4,4,1,2,1,2,2,NA,"MASKED BY ICPSR"
"95",1,1998,17,1,NA,"MASKED BY ICPSR",0,1,5,1,1,1,2,1,1,0,0,0,0,0,0,0,0,0,0,0,0,0,0,0,0,0,0,0,0,3,0,0,0,0,0,0,0,0,0,0,0,0,0,0,0,0,0,0,0,0,0,0,0,0,0,0,0,0,0,0,0,0,0,0,0,0,0,0,NA,NA,2,0,0,0,0,0,0,0,0,0,0,3,1,2,3,3,1,1,3,3,1,9,7,4,5,8,3,4,4,7,5,3,4,150,5,1,5,4,2,2,1,1,2,NA,"MASKED BY ICPSR"
"96",1,1998,17,1,NA,"MASKED BY ICPSR",1,4,5,1,1,1,1,1,1,0,0,0,0,1,0,0,0,0,0,0,0,0,0,0,1,0,1,0,1,2,1,1,0,0,0,1,0,0,1,0,0,1,0,0,0,0,0,0,0,0,0,0,0,0,0,0,0,0,0,0,0,0,0,1,1,0,0,0,3,3,4,0,0,0,0,0,0,0,0,0,0,2,3,2,1,1,4,1,2,2,3,8,7,4,4,8,2,4,4,7,8,3,5,100,6,1,5,5,2,2,3,2,2,NA,"               "
"97",2,1999,16,1,NA,"MASKED BY ICPSR",0,3,5,1,1,1,1,0,0,0,0,0,0,0,0,0,0,0,0,0,0,0,0,0,0,0,0,0,1,1,0,0,0,0,0,0,0,0,0,0,0,0,0,0,0,0,0,0,0,0,0,0,0,0,0,0,0,0,0,0,0,0,0,0,0,0,0,0,NA,NA,1,0,0,0,0,0,0,0,0,0,0,2,1,2,2,2,2,1,2,2,1,7,7,7,5,5,5,5,5,5,5,5,5,0,0,2,5,3,3,3,3,3,2,NA,"MASKED BY ICPSR"
"98",1,1999,16,1,NA,"MASKED BY ICPSR",1,2,5,1,1,1,1,1,1,0,0,0,0,1,0,0,0,0,0,0,0,0,0,0,1,0,1,0,1,2,1,1,0,1,0,0,1,1,1,0,0,0,0,0,0,1,0,0,0,0,0,0,0,0,0,0,0,0,0,0,0,0,0,0,0,0,0,0,2,3,3,0,0,0,0,0,0,0,0,0,0,3,3,3,3,3,4,1,3,3,3,7,9,5,7,9,6,8,8,8,10,7,7,200,10,2,5,5,4,3,5,4,2,NA,"               "
"99",2,1979,36,1,NA,"MASKED BY ICPSR",1,4,2,2,5,NA,1,1,0,0,0,0,0,0,0,0,0,0,0,0,0,0,0,0,0,0,0,0,1,3,1,1,0,0,1,0,0,0,0,0,0,0,1,0,0,1,0,0,0,0,0,0,0,0,0,0,0,0,0,0,0,0,0,0,0,0,0,0,3,3,2,0,0,0,0,0,0,0,0,0,0,2,2,2,2,2,2,2,2,2,2,5,5,5,5,5,5,5,5,5,5,5,5,1,1,1,6,6,6,6,6,6,2,NA,"MASKED BY ICPSR"
"100",1,1997,18,1,NA,"MASKED BY ICPSR",0,1,5,2,1,1,1,1,1,1,0,1,0,1,0,0,0,0,0,0,0,0,0,0,0,0,0,0,1,4,0,0,0,0,0,0,0,0,0,0,0,0,0,0,0,0,0,0,0,0,0,0,0,0,0,0,0,0,0,0,0,0,0,0,0,0,0,0,NA,NA,2,0,0,0,0,0,0,0,0,0,0,2,3,2,1,3,1,2,2,3,2,4,4,7,3,3,4,3,5,4,6,5,3,294,30,4,5,5,5,5,5,4,2,NA,"               "
"101",2,1998,17,1,NA,"MASKED BY ICPSR",0,2,5,1,1,1,1,1,1,1,0,0,0,1,0,0,0,1,0,0,0,0,0,0,1,0,0,0,1,2,1,1,0,1,0,1,0,0,0,1,0,1,0,0,0,1,0,1,0,0,0,0,0,0,0,0,0,0,0,0,0,0,0,0,0,0,0,0,1,4,3,0,0,0,0,0,0,0,0,0,0,3,3,3,1,2,4,1,3,2,1,7,7,9,5,7,3,3,3,3,7,5,5,75,2,2,5,3,3,2,2,2,2,NA,"               "
"102",1,1998,17,1,NA,"MASKED BY ICPSR",1,3,5,1,1,1,3,1,1,0,0,1,0,0,0,0,0,0,0,0,0,0,0,0,0,0,1,0,0,4,1,1,0,1,0,0,0,0,0,1,0,0,0,1,0,1,0,0,0,0,0,0,0,0,0,0,0,0,0,0,0,0,0,0,0,0,0,0,3,3,3,0,0,0,0,0,0,0,0,0,0,3,3,3,2,3,3,1,3,3,1,8,4,4,7,7,5,3,3,4,6,5,6,120,10,2,5,5,4,4,5,5,2,NA,"MASKED BY ICPSR"
"103",2,1998,17,1,NA,"MASKED BY ICPSR",0,4,5,1,1,1,1,1,1,1,0,1,0,1,0,0,0,1,0,1,1,0,1,1,1,1,1,0,1,3,1,1,1,0,1,1,1,1,1,1,1,1,0,0,0,0,1,1,0,0,0,0,0,0,1,0,0,1,0,0,0,0,0,0,0,0,0,1,2,1,2,0,0,0,0,0,0,0,0,0,0,2,1,2,4,3,4,1,2,4,1,7,4,6,8,10,7,2,1,10,10,5,3,50,5,3,5,5,4,5,5,5,2,NA,"MASKED BY ICPSR"
"104",2,1999,16,1,NA,"MASKED BY ICPSR",0,3,5,1,1,1,1,1,0,0,0,0,0,0,0,0,0,0,0,0,0,0,0,0,0,0,0,0,0,3,0,0,0,0,0,0,0,0,0,0,0,0,0,0,0,0,0,0,0,0,0,0,0,0,0,0,0,0,0,0,0,0,0,0,0,0,0,0,NA,NA,2,0,0,0,0,0,0,0,0,0,0,2,3,2,2,3,3,1,3,3,2,7,4,3,4,7,1,7,4,3,7,6,6,100,2,1,5,5,2,1,1,1,2,NA,"               "
"105",2,1998,17,1,NA,"MASKED BY ICPSR",0,4,5,1,1,1,1,1,1,1,0,0,0,0,0,0,0,0,0,0,0,0,0,0,0,0,0,0,1,3,0,0,0,0,0,0,0,0,0,0,0,0,0,0,0,0,0,0,0,0,0,0,0,0,0,0,0,0,0,0,0,0,0,0,0,0,0,0,NA,NA,3,0,0,0,0,0,0,0,0,0,0,3,1,3,2,2,3,2,2,2,2,9,3,2,3,6,3,1,2,1,3,2,3,2000,75,3,3,5,2,1,1,3,2,NA,"               "
"106",2,1998,17,1,NA,"MASKED BY ICPSR",1,1,5,2,1,1,2,1,1,1,0,0,0,0,0,0,0,0,0,0,0,0,1,0,0,0,0,0,1,3,1,1,1,1,0,0,1,0,0,0,1,1,1,0,0,1,0,0,0,0,0,0,0,0,0,0,0,0,0,0,0,0,0,0,0,0,0,0,3,1,1,0,0,0,0,0,0,0,0,0,0,3,2,3,3,2,2,2,2,2,2,6,7,3,7,5,8,7,8,6,7,7,7,3500,500,4,5,4,4,6,5,4,2,NA,"               "
"107",2,1998,17,1,NA,"MASKED BY ICPSR",0,5,5,1,1,1,2,1,1,1,0,0,0,0,0,0,0,0,0,0,0,0,0,0,0,1,0,0,1,4,1,1,0,1,0,1,1,0,1,0,1,0,0,1,0,1,0,0,0,0,0,0,0,0,0,0,0,0,0,0,0,0,0,0,0,0,0,0,2,5,4,1,0,0,0,0,0,0,0,0,1,2,3,4,1,1,4,1,1,1,1,1,1,4,1,1,1,1,1,1,1,1,1,40,5,2,5,4,1,1,1,1,2,NA,"MASKED BY ICPSR"
"108",1,2000,15,1,NA,"MASKED BY ICPSR",0,2,5,1,1,1,1,1,1,1,0,1,0,0,0,0,0,0,0,0,1,0,1,1,1,0,1,0,1,3,1,1,0,1,0,0,0,0,1,0,0,0,0,0,0,1,1,0,1,0,0,0,0,0,0,0,0,1,0,0,0,0,0,0,0,0,0,0,1,1,3,1,0,0,0,0,0,0,0,1,0,4,3,4,4,3,3,1,2,2,3,3,3,8,5,4,4,7,7,10,9,7,6,90,2,4,5,5,1,3,5,3,2,NA,"MASKED BY ICPSR"
"109",2,1999,16,1,NA,"MASKED BY ICPSR",1,1,5,1,1,1,4,1,1,1,0,0,0,0,0,0,0,0,0,0,0,0,0,0,0,0,0,0,1,4,1,1,0,1,0,0,0,0,1,0,0,1,1,0,0,1,1,1,0,0,0,0,0,0,0,0,0,0,0,0,0,0,0,0,0,0,0,0,2,3,3,0,0,0,0,0,0,0,0,0,0,3,3,3,3,3,3,2,2,2,2,10,10,10,10,10,10,10,10,10,10,10,10,150,2,3,5,5,4,4,4,4,2,NA,"MASKED BY ICPSR"
"110",1,1998,17,1,NA,"MASKED BY ICPSR",0,3,5,1,1,1,1,1,1,1,0,1,0,0,0,0,0,0,0,0,0,0,1,1,1,0,0,0,1,3,0,0,0,0,0,0,0,0,0,0,0,0,0,0,0,0,0,0,0,0,0,0,0,0,0,0,0,0,0,0,0,0,0,0,0,0,0,0,NA,NA,3,1,0,0,0,0,0,1,0,1,0,3,1,3,3,2,4,1,3,3,1,2,3,8,2,2,2,3,3,3,6,4,6,235,1,2,5,3,1,3,1,1,1,2,"               "
"111",2,1998,17,1,NA,"MASKED BY ICPSR",0,4,5,2,1,1,1,1,1,1,0,0,0,0,0,0,0,0,0,0,0,0,1,0,0,0,0,0,1,3,1,1,0,1,1,0,1,1,1,0,1,0,0,0,0,0,0,1,0,0,0,0,0,0,0,0,0,1,0,0,0,0,0,1,0,0,0,0,1,3,3,0,0,0,0,0,0,0,0,0,0,2,1,3,2,2,2,1,3,3,2,10,6,1,6,7,1,5,3,7,6,7,5,200,5,1,5,4,4,2,5,5,2,NA,"MASKED BY ICPSR"
"112",2,1999,16,1,NA,"MASKED BY ICPSR",0,5,5,1,1,1,1,1,1,0,0,1,0,0,0,0,0,0,0,0,0,0,0,0,0,0,0,0,1,4,1,1,0,1,0,0,0,0,1,0,0,1,0,0,0,1,0,0,0,0,0,0,0,0,0,0,0,0,0,0,0,0,0,0,0,0,0,0,2,3,3,1,1,0,0,1,0,1,0,1,0,4,3,2,2,3,4,1,4,4,1,9,7,1,4,3,6,1,1,1,1,1,1,230,4,3,2,5,5,2,4,2,2,NA,"MASKED BY ICPSR"
"113",2,1998,17,1,NA,"MASKED BY ICPSR",0,4,5,1,1,1,1,1,1,1,0,0,0,1,0,0,0,0,0,0,0,0,0,0,0,0,0,0,1,2,0,1,0,0,0,0,1,1,1,0,0,1,0,0,0,1,0,0,0,0,0,0,0,0,0,0,0,0,0,0,0,0,0,0,0,0,0,0,3,4,2,0,0,0,0,0,0,0,0,0,0,2,3,2,3,3,4,1,3,3,1,8,5,5,2,5,1,4,3,2,4,4,2,45,5,1,5,4,2,2,2,2,2,NA,"               "
"114",2,1998,17,1,NA,"MASKED BY ICPSR",0,4,5,1,1,1,1,1,1,1,0,1,0,0,0,0,0,0,0,0,0,0,1,1,1,1,1,0,1,3,0,1,0,1,0,0,0,0,1,0,0,0,0,0,0,1,1,0,0,0,0,0,0,0,0,0,0,0,0,0,0,0,0,0,0,0,0,0,1,3,3,0,0,0,0,0,0,0,0,0,0,3,2,3,3,4,1,1,4,3,1,9,6,5,7,8,7,5,6,8,7,6,6,125,3,2,4,4,3,3,3,3,2,NA,"MASKED BY ICPSR"
"115",1,1999,16,1,NA,"MASKED BY ICPSR",0,2,5,1,1,1,1,1,1,0,0,0,0,0,0,0,0,0,0,0,0,0,1,0,0,0,1,0,0,4,1,1,0,0,0,1,1,1,1,0,1,1,1,0,0,1,0,0,0,0,0,0,0,0,0,0,0,0,0,0,0,0,0,0,0,0,0,0,2,3,3,0,0,0,0,0,0,0,0,0,0,4,3,4,2,3,4,1,2,3,1,5,7,9,1,1,3,2,2,2,4,3,4,75,15,3,4,4,3,3,5,3,2,NA,"MASKED BY ICPSR"
"116",2,1998,17,1,NA,"MASKED BY ICPSR",0,2,4,4,2,NA,5,1,1,1,0,1,0,1,0,0,0,0,0,0,0,0,0,0,0,0,0,0,0,1,0,0,0,0,0,0,0,0,0,0,0,0,0,0,0,0,0,0,0,0,0,0,0,0,0,0,0,0,0,0,0,0,0,0,0,0,0,0,NA,NA,2,0,0,0,0,0,0,0,0,0,0,3,3,3,2,3,4,1,2,2,1,6,2,8,1,1,1,1,1,1,7,5,8,350,3,1,5,5,1,1,1,1,2,NA,"MASKED BY ICPSR"
"117",1,1999,16,1,NA,"MASKED BY ICPSR",0,2,5,1,1,1,1,1,1,1,0,1,0,0,0,0,0,0,0,0,0,0,0,1,1,0,0,0,0,3,1,1,0,1,1,1,0,0,1,0,1,0,1,0,0,1,0,0,0,0,0,0,0,0,0,0,0,0,0,0,0,0,0,0,0,0,0,0,3,3,3,0,0,0,0,0,0,0,0,0,0,2,1,2,4,4,4,1,3,4,2,10,5,5,7,8,1,7,7,9,9,6,6,125,1,1,5,5,2,1,4,3,2,NA,"MASKED BY ICPSR"
"118",2,1998,17,1,NA,"MASKED BY ICPSR",0,3,5,1,1,1,1,1,1,0,0,0,0,0,0,0,0,0,0,0,0,0,0,0,0,0,0,0,0,2,0,0,0,0,0,0,0,0,0,0,0,0,0,0,0,0,0,0,0,0,0,0,0,0,0,0,0,0,0,0,0,0,0,0,0,0,0,0,NA,NA,1,0,0,0,0,0,0,0,0,0,0,2,3,2,2,3,1,1,2,3,3,8,6,1,2,3,1,4,4,5,7,5,6,1100,3,1,5,5,2,3,1,1,2,NA,"               "
"119",2,1998,17,1,NA,"MASKED BY ICPSR",0,1,5,1,1,1,1,1,1,1,0,0,0,0,0,0,0,0,0,0,0,0,0,0,0,0,0,0,1,2,0,0,0,0,0,0,0,0,0,0,0,0,0,0,0,0,0,0,0,0,0,0,0,0,0,0,0,0,0,0,0,0,0,0,0,0,0,0,NA,NA,2,0,0,0,0,0,0,0,0,0,0,2,3,3,2,3,3,1,3,3,2,7,5,3,4,4,1,3,3,3,7,5,5,300,300,4,5,5,5,1,5,3,2,NA,"               "
"120",1,1998,17,1,NA,"MASKED BY ICPSR",1,4,5,1,1,1,1,1,1,1,0,0,0,0,0,0,0,0,0,0,0,0,1,0,1,0,0,0,0,3,1,1,0,1,1,0,0,0,1,0,1,0,0,0,0,0,1,1,0,0,0,0,0,0,0,0,0,0,0,0,0,0,0,0,0,0,0,0,2,3,2,0,0,0,0,0,0,0,0,0,0,3,3,4,3,2,4,1,2,3,3,7,6,6,5,6,4,3,3,2,7,3,6,150,1,3,5,5,2,2,2,4,2,NA,"               "
"121",2,1998,17,1,NA,"MASKED BY ICPSR",0,1,5,1,1,1,3,0,1,0,0,0,0,0,0,0,0,0,0,0,0,0,0,1,0,0,0,0,0,3,0,0,0,0,0,0,0,0,0,0,0,0,0,0,0,0,0,0,0,0,0,0,0,0,0,0,0,0,0,0,0,0,0,0,0,0,0,0,NA,NA,2,0,0,0,0,0,0,0,0,0,0,2,3,2,1,1,4,1,2,2,1,8,8,3,1,1,1,1,1,1,1,1,1,0,2,2,5,4,1,1,1,6,2,NA,"MASKED BY ICPSR"
"122",2,1999,16,1,NA,"MASKED BY ICPSR",0,1,5,2,1,1,1,1,1,1,0,1,0,1,1,0,0,1,0,1,1,0,1,1,1,1,1,0,1,3,1,1,0,1,0,0,0,1,1,1,1,0,0,1,0,0,1,1,0,0,0,0,0,0,1,0,0,0,0,1,0,0,0,0,0,0,0,0,1,3,2,1,0,0,0,0,0,0,1,0,0,3,3,3,4,4,4,3,4,3,3,8,9,7,8,8,6,8,8,8,9,7,7,500,10,3,5,5,5,5,5,5,2,NA,"               "
"123",1,1979,36,1,NA,"MASKED BY ICPSR",0,1,4,2,2,NA,3,1,1,1,0,1,0,0,1,0,0,0,0,0,1,0,1,0,0,0,1,0,1,3,0,0,0,0,0,0,0,0,0,0,0,0,0,0,0,0,0,0,0,0,0,0,0,0,0,0,0,0,0,0,0,0,0,0,0,0,0,0,NA,NA,2,1,0,1,1,0,0,0,1,0,0,3,3,2,3,2,2,1,3,1,1,5,5,7,5,5,4,6,6,6,4,2,2,6,1,2,3,3,3,2,2,NA,2,NA,"MASKED BY ICPSR"
"124",2,1998,17,1,NA,"MASKED BY ICPSR",0,2,5,1,1,1,3,1,1,1,0,1,1,1,1,1,0,1,1,0,1,0,0,1,0,1,0,0,0,3,0,0,0,0,0,0,0,0,0,0,0,0,0,0,0,0,0,0,0,0,0,0,0,0,0,0,0,0,0,0,0,0,0,0,0,0,0,0,NA,NA,4,1,1,1,0,1,0,0,1,0,0,3,1,3,3,3,2,3,3,3,3,7,9,5,7,7,9,10,5,9,7,7,7,60,80,4,4,4,5,4,3,5,1,1,"               "
"125",1,1997,18,1,NA,"MASKED BY ICPSR",0,3,5,1,1,1,1,1,1,0,0,1,0,0,0,0,0,0,0,0,0,0,0,0,0,0,0,0,1,2,1,1,0,1,0,0,0,0,1,0,0,0,0,0,0,0,1,0,0,0,0,0,0,0,0,0,0,0,0,0,0,0,0,0,0,0,0,0,3,3,3,0,0,0,0,0,0,0,0,0,0,3,1,2,3,3,3,1,3,3,1,9,6,5,8,8,5,5,5,5,7,5,5,40,3,2,4,4,1,2,1,3,2,NA,"MASKED BY ICPSR"
"126",1,1998,17,1,NA,"MASKED BY ICPSR",0,1,5,2,1,1,2,1,1,1,0,1,0,0,1,0,0,0,0,0,0,0,0,0,0,0,0,0,1,3,1,1,0,1,0,0,0,1,1,0,1,0,1,1,0,1,0,0,0,0,0,0,0,0,0,0,0,0,0,0,0,0,0,0,0,0,0,0,2,3,2,0,0,0,0,0,0,0,0,0,0,4,3,4,4,4,4,4,4,4,4,10,3,5,7,7,7,7,7,7,7,7,7,320,3,2,5,3,4,1,4,3,2,NA,"MASKED BY ICPSR"
"127",2,1999,16,1,NA,"MASKED BY ICPSR",1,5,5,1,1,1,1,1,1,0,0,1,0,1,0,0,0,0,0,0,0,0,1,1,1,0,1,0,1,3,1,1,0,1,0,1,0,0,1,1,1,0,1,1,0,1,0,0,0,0,0,0,0,0,0,0,0,0,0,0,1,0,0,0,0,0,0,0,2,1,3,0,0,0,0,0,0,0,0,0,0,3,3,4,3,4,2,1,3,3,3,10,8,1,8,8,1,5,5,8,7,4,4,200,10,2,5,5,4,5,5,5,2,NA,"MASKED BY ICPSR"
"128",2,1998,17,1,NA,"MASKED BY ICPSR",0,3,5,1,1,1,1,1,1,1,0,0,0,0,0,0,0,0,0,0,0,0,0,0,0,0,0,0,1,3,0,0,0,0,0,0,0,0,0,0,0,0,0,0,0,0,0,0,0,0,0,0,0,0,0,0,0,0,0,0,0,0,0,0,0,0,0,0,NA,NA,2,0,0,0,0,0,0,0,0,0,0,2,1,2,4,4,3,1,3,2,1,9,2,1,5,7,1,5,5,4,7,4,5,100,5,2,5,4,1,3,3,5,2,NA,"MASKED BY ICPSR"
"129",2,1999,16,1,NA,"MASKED BY ICPSR",0,1,5,3,1,1,1,1,1,0,0,0,0,0,0,0,0,0,0,0,0,0,1,1,0,0,1,0,1,2,0,0,0,0,0,0,0,0,0,0,0,0,0,0,0,0,0,0,0,0,0,0,0,0,0,0,0,0,0,0,0,0,0,0,0,0,0,0,NA,NA,2,0,0,0,0,0,0,0,0,0,0,2,1,2,1,2,3,1,3,3,1,4,3,8,6,7,4,4,4,4,7,5,5,200,2,2,4,5,3,4,6,6,2,NA,"               "
"130",1,1998,17,1,NA,"MASKED BY ICPSR",0,2,5,1,1,1,1,1,1,0,0,1,0,1,0,0,0,0,0,0,0,0,1,1,0,1,0,0,1,3,1,1,0,1,1,1,1,0,1,1,1,1,1,1,0,1,0,0,0,0,0,0,0,0,0,0,0,0,0,0,0,0,0,0,0,0,0,0,1,3,3,1,0,0,0,1,1,0,0,1,0,3,1,2,3,3,3,2,2,3,2,6,8,5,5,5,5,4,3,4,3,2,2,260,260,3,3,3,3,3,3,3,2,NA,"MASKED BY ICPSR"
"131",1,1998,17,1,NA,"MASKED BY ICPSR",0,1,5,1,1,1,1,1,1,0,0,1,0,1,1,0,0,0,0,0,0,0,0,0,0,0,1,0,1,4,1,1,0,0,1,0,0,0,1,0,0,0,0,0,0,1,1,0,1,0,0,0,0,0,0,0,0,0,0,0,0,0,0,0,0,0,0,0,2,1,1,0,0,0,0,0,0,0,0,0,0,2,3,3,3,4,3,1,3,4,1,10,8,2,10,9,9,2,2,7,9,4,3,100,3,3,5,4,3,3,2,4,2,NA,"MASKED BY ICPSR"
"132",2,1997,18,1,NA,"MASKED BY ICPSR",0,5,5,1,1,1,1,1,1,0,0,0,0,0,0,0,0,1,0,0,0,0,0,0,1,0,1,0,1,3,0,0,0,0,0,0,0,0,0,0,0,0,0,0,0,0,0,0,0,0,0,0,0,0,0,0,0,0,0,0,0,0,0,0,0,0,0,0,NA,NA,2,0,0,0,0,0,0,0,0,0,0,3,3,4,3,3,4,1,3,3,3,9,9,9,5,7,5,7,2,10,8,5,5,685,3,2,5,5,4,2,2,5,2,NA,"               "
"133",1,1998,17,1,NA,"MASKED BY ICPSR",0,2,5,1,1,1,1,1,0,1,0,1,0,0,0,0,0,0,0,0,0,0,0,0,0,0,0,0,1,4,0,0,0,0,0,0,0,0,0,0,0,0,0,0,0,0,0,0,0,0,0,0,0,0,0,0,0,0,0,0,0,0,0,0,0,0,0,0,NA,NA,2,0,0,0,0,0,0,0,0,0,0,2,3,2,1,1,4,1,3,3,3,10,1,1,1,1,1,1,1,1,1,1,1,8,1,2,5,1,1,1,6,6,2,NA,"MASKED BY ICPSR"
"134",1,1998,17,1,NA,".              ",0,2,5,1,1,1,1,1,1,0,0,1,0,0,0,0,0,0,0,0,0,0,0,0,0,0,1,0,1,3,0,0,0,0,0,0,0,0,0,0,0,0,0,0,0,0,0,0,0,0,0,0,0,0,0,0,0,0,0,0,0,0,0,0,0,0,0,0,NA,NA,2,0,0,0,0,0,0,0,0,0,0,2,3,2,2,2,1,1,2,3,1,10,5,1,5,5,1,1,1,5,5,1,1,400,5,1,5,5,3,3,2,1,2,NA,"               "
"135",1,1995,20,1,NA,"MASKED BY ICPSR",0,2,5,3,1,3,5,0,1,1,0,0,0,0,0,0,0,0,0,0,0,0,0,0,1,0,0,0,1,3,1,1,0,1,0,0,0,0,1,0,0,0,0,0,0,0,0,1,0,0,0,0,0,0,0,0,0,0,0,0,0,0,0,0,0,0,0,0,1,2,3,0,0,0,0,0,0,0,0,0,0,3,3,2,1,2,4,1,3,2,1,4,1,1,2,4,1,2,2,1,5,3,6,750,3,1,5,5,1,1,2,2,2,NA,"               "
"136",2,1997,18,1,NA,"MASKED BY ICPSR",0,4,5,1,1,1,1,0,1,1,0,0,0,1,0,0,0,1,0,0,1,0,1,0,1,0,0,0,0,4,1,1,0,1,0,0,0,0,0,0,1,0,0,1,0,0,0,1,0,0,0,0,0,0,1,0,0,0,0,0,0,1,0,0,0,0,0,0,2,2,3,1,0,0,0,0,0,0,0,1,0,4,1,3,3,3,1,1,4,4,1,5,4,2,6,3,5,3,3,3,8,3,3,300,5,2,3,5,1,1,1,1,2,NA,"               "
"137",2,1997,18,1,NA,"MASKED BY ICPSR",0,2,5,1,1,1,2,1,1,1,0,0,0,1,0,0,0,1,0,0,0,0,1,0,1,0,1,0,1,4,0,0,0,0,0,0,0,0,0,0,0,0,0,0,0,0,0,0,0,0,0,0,0,0,0,0,0,0,0,0,0,0,0,0,0,0,0,0,NA,NA,3,0,0,0,0,0,0,0,0,0,0,3,3,2,1,1,4,1,4,4,3,10,8,5,6,1,1,5,5,9,8,1,1,150,2,2,5,4,3,3,3,4,2,NA,"MASKED BY ICPSR"
"138",1,1998,17,1,NA,"MASKED BY ICPSR",0,2,5,1,1,1,1,1,1,0,0,0,0,0,0,0,0,0,0,0,0,0,1,0,0,0,0,0,1,2,1,1,1,1,1,1,1,0,1,1,1,1,0,0,0,1,0,0,0,0,0,0,0,0,0,0,0,1,0,0,0,0,0,0,0,0,0,0,1,3,3,0,0,0,0,0,0,0,0,0,0,2,3,2,2,2,3,1,2,2,1,8,8,1,7,6,2,5,5,5,9,5,5,50,10,2,5,5,2,6,6,6,2,NA,"MASKED BY ICPSR"
"139",1,1997,18,1,NA,"MASKED BY ICPSR",0,3,5,1,1,1,1,1,1,1,0,0,0,1,0,0,0,0,0,0,0,0,0,1,0,0,0,0,1,3,1,0,0,0,0,0,0,0,0,0,0,0,0,0,0,0,0,0,0,0,0,0,0,0,0,0,0,0,0,0,0,0,0,0,0,0,0,0,NA,NA,3,0,0,0,0,0,0,0,0,0,0,3,1,3,1,1,3,3,3,3,3,8,8,6,6,6,5,5,6,6,8,7,7,225,3,3,5,5,3,3,2,4,2,NA,"MASKED BY ICPSR"
"140",2,1998,17,1,NA,"MASKED BY ICPSR",0,2,5,1,1,1,5,1,1,1,0,0,0,0,0,0,0,1,0,0,0,0,0,0,1,0,1,1,1,3,1,1,0,1,1,1,0,0,1,1,0,0,1,0,0,1,0,0,0,0,0,0,0,0,0,0,0,0,0,0,0,1,0,0,0,0,0,0,2,1,3,0,0,0,0,0,0,0,0,0,0,3,1,3,4,4,2,1,2,2,1,4,1,1,4,6,2,4,4,8,10,4,4,140,5,4,5,5,1,1,1,1,1,1,"MASKED BY ICPSR"
"141",1,1998,17,1,NA,"MASKED BY ICPSR",0,4,5,1,1,1,1,0,1,0,0,1,0,1,0,0,0,0,0,0,0,0,0,1,0,0,1,0,1,2,0,0,0,0,0,0,0,0,0,0,0,0,0,0,0,0,0,0,0,0,0,0,0,0,0,0,0,0,0,0,0,0,0,0,0,0,0,0,NA,NA,1,0,0,0,0,0,0,0,0,0,0,NA,NA,NA,NA,NA,NA,NA,NA,NA,NA,NA,NA,NA,NA,NA,NA,NA,NA,NA,NA,NA,NA,NA,NA,NA,NA,NA,NA,NA,NA,NA,NA,1,"               "
"142",1,1999,16,1,NA,"MASKED BY ICPSR",0,3,5,1,1,1,1,1,1,1,0,0,0,1,1,0,0,0,0,0,0,0,1,1,0,0,0,0,1,3,1,1,0,1,1,0,0,1,0,1,0,0,0,0,0,1,0,1,0,0,0,1,0,0,0,0,0,0,0,1,0,0,0,0,0,0,0,1,1,4,3,0,0,0,0,0,0,0,0,0,0,3,3,3,2,3,4,1,4,4,1,10,10,10,1,3,1,1,1,1,5,7,7,150,15,2,5,5,3,2,1,1,2,NA,"MASKED BY ICPSR"
"143",1,1998,17,1,NA,"MASKED BY ICPSR",0,2,4,1,1,1,1,1,1,1,0,0,0,1,0,0,0,0,0,1,1,0,0,1,1,0,1,0,1,4,1,1,0,1,1,1,1,1,1,0,1,1,0,0,0,1,0,1,0,0,0,0,0,0,0,0,1,1,0,0,0,0,1,0,1,1,0,0,2,1,4,0,0,0,0,0,0,0,0,0,0,4,2,4,3,3,2,1,3,4,1,9,10,10,7,8,5,4,6,1,1,5,5,350,10,2,5,4,3,3,5,3,2,NA,"MASKED BY ICPSR"
"144",1,1997,18,1,NA,"MASKED BY ICPSR",0,4,6,1,3,NA,2,0,0,0,0,0,0,0,0,0,0,0,0,0,0,0,0,0,0,0,0,0,1,2,0,0,0,0,0,0,0,0,0,0,0,0,0,0,0,0,0,0,0,0,0,0,0,0,0,0,0,0,0,0,0,0,0,0,0,0,0,0,NA,NA,3,0,0,0,0,0,0,0,0,0,0,3,2,3,3,3,3,1,3,3,3,1,1,10,1,1,1,1,1,10,1,1,1,0,5,1,5,3,3,1,4,1,2,NA,"MASKED BY ICPSR"
"145",1,1979,36,1,NA,"MASKED BY ICPSR",1,2,2,5,3,NA,1,1,0,1,0,1,1,0,1,0,1,0,1,0,1,0,1,0,1,0,1,0,1,1,1,1,1,0,1,0,1,0,1,0,1,1,0,0,0,0,0,1,0,0,1,0,0,1,0,0,0,0,1,0,0,0,0,0,0,0,0,0,1,4,2,1,1,0,1,0,1,0,0,0,0,2,1,3,3,3,3,3,3,3,3,9,8,9,9,8,9,8,9,8,9,8,9,500,100,2,4,3,4,3,4,3,1,2,"MASKED BY ICPSR"
"146",2,1999,16,1,NA,"MASKED BY ICPSR",0,4,5,1,1,1,1,1,1,1,0,0,0,0,0,0,0,0,0,0,0,0,1,1,1,0,1,0,1,3,1,1,1,1,0,0,1,0,1,0,0,1,0,1,0,1,0,1,0,0,0,0,0,0,0,0,0,0,0,0,0,0,0,0,0,0,0,0,2,1,3,0,0,0,0,0,0,0,0,0,0,3,1,3,3,3,2,1,4,3,1,9,8,6,7,7,5,5,5,3,5,5,5,200,10,3,5,4,3,3,4,4,2,NA,"MASKED BY ICPSR"
"147",1,1997,18,1,NA,"MASKED BY ICPSR",0,3,5,1,1,1,2,1,1,1,0,0,0,0,0,0,0,0,0,0,0,0,0,0,1,0,1,0,1,4,1,0,0,0,0,0,0,0,0,0,0,0,0,0,0,0,0,0,0,0,0,0,0,0,0,0,0,0,0,0,0,0,0,0,0,0,0,0,NA,NA,4,0,0,0,0,0,0,0,0,0,0,3,3,4,2,3,4,1,3,4,1,9,9,8,6,7,8,2,3,9,4,4,2,1350,10,3,5,4,3,4,4,3,2,NA,"MASKED BY ICPSR"
"148",2,1998,17,1,NA,"MASKED BY ICPSR",0,1,5,1,1,1,2,1,1,0,0,0,0,0,0,0,0,1,0,0,0,0,0,0,1,0,0,0,0,3,1,1,0,1,0,1,1,0,1,0,1,0,0,1,0,1,0,0,0,0,0,0,0,0,1,0,0,0,0,0,0,0,0,0,0,0,0,0,1,3,3,0,0,0,0,0,0,0,0,0,0,3,1,2,1,1,3,1,2,2,2,5,4,7,4,4,5,5,4,7,7,6,7,41,6,2,3,3,1,2,2,2,2,NA,"               "
"149",1,1999,16,1,NA,"MASKED BY ICPSR",0,2,5,1,1,1,1,1,1,0,0,0,0,0,0,0,0,0,0,0,0,0,0,0,0,0,0,0,1,2,0,0,0,0,0,0,0,0,0,0,0,0,0,0,0,0,0,0,0,0,0,0,0,0,0,0,0,0,0,0,0,0,0,0,0,0,0,0,NA,NA,2,0,0,0,0,0,0,0,0,0,0,2,1,2,2,2,4,1,3,3,2,4,9,3,6,5,2,3,3,7,1,2,2,100,5,1,3,4,1,1,1,1,2,NA,"               "
"150",1,1998,17,1,NA,"MASKED BY ICPSR",0,4,5,1,1,1,1,1,0,0,0,0,0,0,0,0,0,0,0,0,0,0,0,0,0,0,0,0,0,3,0,0,0,0,0,0,0,0,0,0,0,0,0,0,0,0,0,0,0,0,0,0,0,0,0,0,0,0,0,0,0,0,0,0,0,0,0,0,NA,NA,3,0,0,0,0,0,0,0,0,0,0,3,2,2,3,3,1,1,3,3,1,1,1,1,1,1,1,5,5,5,5,5,5,244,0,2,5,2,2,2,6,6,2,NA,"MASKED BY ICPSR"
"151",2,1998,17,1,NA,"MASKED BY ICPSR",0,4,5,1,1,1,1,1,1,1,0,1,0,1,1,0,0,1,0,0,0,0,1,1,1,1,1,0,1,4,1,1,0,0,1,1,0,0,1,0,0,1,1,0,0,1,0,1,1,0,0,0,0,0,0,0,0,0,0,0,0,0,0,0,0,0,0,0,NA,2,3,0,0,0,0,0,0,0,0,0,0,3,3,3,2,1,4,3,3,3,3,9,10,2,6,9,3,2,1,1,6,3,1,1000,5,3,4,4,4,4,4,4,2,NA,"               "
"152",1,2000,15,1,NA,"MASKED BY ICPSR",1,4,2,4,2,NA,3,1,1,0,0,0,0,0,0,0,0,0,0,0,0,0,0,0,0,0,0,0,0,3,1,1,0,1,0,0,0,0,0,0,0,1,0,0,0,0,0,0,1,0,0,0,0,0,0,0,0,0,0,0,0,0,0,0,0,0,0,0,2,1,3,1,0,0,0,1,0,0,0,0,0,1,3,3,3,4,2,2,2,4,3,9,9,8,9,8,8,8,8,8,7,7,7,12,2,3,5,4,5,5,5,5,1,4,"MASKED BY ICPSR"
"153",2,1998,17,1,NA,"MASKED BY ICPSR",0,3,5,1,1,1,1,1,0,0,0,0,0,0,0,0,0,0,0,0,0,0,0,0,1,0,0,0,0,3,1,1,0,1,0,0,0,1,0,1,0,0,0,1,0,1,0,0,0,0,0,0,0,0,0,0,0,0,0,1,0,0,0,0,0,0,0,0,1,3,3,0,0,0,0,0,0,0,0,0,0,2,3,3,1,2,3,1,4,3,2,5,2,1,8,7,4,7,5,3,8,6,8,183,2,2,5,4,2,3,3,4,2,NA,"MASKED BY ICPSR"
"154",1,1997,18,1,NA,"MASKED BY ICPSR",0,5,5,1,1,1,1,1,1,0,0,0,0,0,0,0,0,0,0,0,0,0,1,1,0,0,0,0,0,2,1,1,0,1,1,1,0,0,1,0,1,1,0,1,0,0,1,0,0,0,0,0,0,0,0,0,0,0,0,0,1,0,0,0,0,0,0,0,1,3,3,0,0,0,0,0,0,0,0,0,0,3,1,3,2,2,3,1,3,3,1,5,5,2,1,5,4,1,1,1,NA,1,1,135,5,3,5,3,1,3,5,3,2,NA,"MASKED BY ICPSR"
"155",1,1998,17,1,NA,"MASKED BY ICPSR",0,5,5,1,1,1,1,1,1,0,0,0,0,1,0,0,0,0,0,0,0,0,0,0,0,1,0,0,0,3,0,0,0,0,0,0,0,0,0,0,0,0,0,0,0,0,0,0,0,0,0,0,0,0,0,0,0,0,0,0,0,0,0,0,0,0,0,0,NA,NA,1,0,0,0,0,0,0,0,0,0,0,1,1,3,1,1,NA,1,NA,NA,NA,5,1,1,5,5,1,4,4,2,8,4,4,29,1,1,5,3,1,1,5,1,2,NA,"               "
"156",1,1998,17,1,NA,"MASKED BY ICPSR",0,3,5,2,1,1,1,1,1,0,0,0,0,1,0,0,0,0,0,0,0,0,0,1,1,0,0,0,1,4,0,0,0,0,0,0,0,0,0,0,0,0,0,0,0,0,0,0,0,0,0,0,0,0,0,0,0,0,0,0,0,0,0,0,0,0,0,0,NA,NA,2,0,0,0,0,0,0,0,0,0,0,2,1,2,2,2,2,1,2,3,1,7,6,5,6,7,6,5,5,6,5,4,4,800,20,4,4,5,2,2,1,2,2,NA,"               "
"157",1,1998,17,1,NA,"MASKED BY ICPSR",1,4,1,1,1,1,1,1,0,0,0,0,0,0,0,0,0,0,0,0,0,0,1,1,0,0,0,0,0,2,1,1,0,1,0,0,0,0,1,1,0,0,0,0,0,1,0,0,0,0,0,0,0,0,0,0,0,0,0,1,0,0,0,0,0,0,0,0,3,3,2,0,0,0,0,0,0,0,0,0,0,2,1,3,2,1,3,1,2,2,1,8,4,5,4,7,2,3,5,5,10,6,6,250,2,2,5,5,2,3,4,4,2,NA,"               "
"158",2,1999,16,1,NA,"MASKED BY ICPSR",0,1,5,1,1,1,1,1,1,0,0,0,0,1,0,0,0,0,0,0,0,0,0,0,0,0,0,0,1,3,1,1,0,1,0,0,0,0,1,0,1,0,0,0,0,1,0,0,0,0,0,0,0,0,0,0,0,0,0,0,0,0,1,0,0,0,0,1,3,2,3,1,0,0,0,0,0,0,0,1,0,3,1,2,3,4,3,1,3,4,1,4,1,7,5,5,1,4,4,6,8,6,8,52,6,2,5,4,4,3,5,5,1,6,"               "
"159",1,1987,28,1,NA,"MASKED BY ICPSR",0,1,5,1,1,1,1,0,1,0,0,0,0,0,0,0,0,1,0,0,0,0,1,0,0,0,0,0,0,2,1,1,0,1,0,0,0,0,0,0,1,0,0,0,0,0,0,0,0,0,0,0,0,0,1,0,0,0,0,0,0,0,0,0,0,0,0,0,1,1,3,0,0,0,0,0,0,0,0,0,0,3,3,3,4,4,3,1,4,4,1,9,8,2,3,3,1,5,5,5,3,4,5,0,3,1,4,3,2,2,1,4,2,NA,"MASKED BY ICPSR"
"160",2,1999,16,1,NA,"MASKED BY ICPSR",1,4,5,2,1,1,2,1,1,0,0,0,0,1,0,0,0,0,0,0,0,0,0,0,0,0,0,0,1,2,0,0,0,0,0,0,0,0,0,0,0,0,0,0,0,0,0,0,0,0,0,0,0,0,0,0,0,0,0,0,0,0,0,0,0,0,0,0,NA,NA,2,0,0,0,0,0,0,0,0,0,0,2,1,2,1,1,4,1,1,1,1,8,6,3,6,6,6,6,6,6,6,6,6,300,0,3,4,4,4,4,4,4,2,NA,"               "
"161",2,1998,17,1,NA,"MASKED BY ICPSR",0,5,5,1,1,1,1,1,1,1,0,0,0,1,0,0,0,1,0,0,0,0,0,0,1,1,1,0,1,4,1,1,0,1,0,0,1,1,1,0,1,0,0,1,0,1,1,1,0,0,0,0,0,0,0,0,0,0,0,0,0,0,0,0,0,0,0,0,3,1,3,1,0,0,1,0,0,0,0,1,0,4,3,4,4,4,1,1,3,4,1,7,8,6,1,4,1,1,1,1,8,2,6,295,195,2,5,5,1,4,2,5,1,1,"MASKED BY ICPSR"
"162",2,1998,17,1,NA,"MASKED BY ICPSR",0,5,5,1,1,NA,NA,1,1,1,0,1,0,1,0,0,0,0,0,0,0,0,1,0,1,0,1,0,1,3,1,1,0,0,0,0,0,1,1,0,1,1,1,1,1,1,1,0,0,0,0,0,0,0,0,0,0,0,0,0,0,0,0,1,0,0,0,0,3,4,3,0,0,0,0,0,0,0,0,0,0,3,1,4,2,3,4,1,2,3,1,2,2,7,5,7,1,1,1,1,6,5,4,200,3,1,4,3,1,2,2,2,2,NA,"               "
"163",2,1998,17,1,NA,"MASKED BY ICPSR",0,2,5,2,1,1,1,1,1,0,0,0,0,1,0,0,0,0,0,0,0,0,0,0,1,1,0,0,1,2,1,1,0,1,1,1,0,0,1,1,0,0,0,0,0,1,0,0,0,0,0,0,0,0,0,0,0,0,0,0,0,0,0,0,0,0,0,0,1,1,3,0,0,0,0,0,0,0,0,0,0,2,1,2,2,3,4,1,3,4,3,9,8,5,7,7,3,2,2,4,8,4,2,625,3,2,5,5,3,3,3,3,2,NA,"MASKED BY ICPSR"
"164",1,1998,17,1,NA,"MASKED BY ICPSR",0,5,5,1,1,1,1,1,0,0,0,0,0,1,0,0,0,0,0,0,0,0,1,0,0,0,0,0,1,2,0,1,0,0,0,1,0,0,0,0,1,1,1,0,0,1,0,0,0,0,0,0,0,0,0,0,0,0,0,0,0,0,0,0,0,0,0,0,3,3,3,0,0,0,0,0,0,0,0,0,0,2,1,2,2,2,2,1,2,2,1,9,6,1,3,7,2,3,3,2,7,5,5,30,2,1,5,5,1,2,4,4,2,NA,"               "
"165",2,1998,17,1,NA,"MASKED BY ICPSR",0,2,5,1,1,1,1,1,1,1,0,0,0,0,0,0,0,0,0,0,0,0,0,0,0,0,0,0,0,2,0,0,0,0,0,0,0,0,0,0,0,0,0,0,0,0,0,0,0,0,0,0,0,0,0,0,0,0,0,0,0,0,0,0,0,0,0,0,NA,NA,2,0,0,0,0,0,0,0,0,0,0,2,1,3,1,1,4,1,3,2,1,9,7,7,8,7,6,5,6,8,8,7,7,200,5,2,5,4,4,4,3,3,2,NA,"MASKED BY ICPSR"
"166",2,2000,15,1,NA,"MASKED BY ICPSR",0,2,5,2,1,3,1,1,1,0,0,1,0,1,0,0,1,0,0,0,0,0,1,0,1,0,0,1,0,3,0,1,1,1,0,0,1,0,1,0,1,0,0,0,0,1,1,1,0,0,1,0,0,1,1,0,0,0,1,0,0,0,0,1,0,0,0,0,NA,3,3,1,0,1,1,0,0,1,0,0,0,2,1,3,3,3,3,3,3,3,3,8,7,8,8,7,6,8,7,8,8,7,8,300,5,3,5,5,4,4,4,4,2,NA,"MASKED BY ICPSR"
"167",2,1998,17,1,NA,"MASKED BY ICPSR",0,3,5,1,1,1,1,1,1,1,0,1,0,0,0,0,0,1,0,0,0,0,0,0,0,0,0,0,1,3,0,0,0,0,0,0,0,0,0,0,0,0,0,0,0,0,0,0,0,0,0,0,0,0,0,0,0,0,0,0,0,0,0,0,0,0,0,0,NA,NA,2,0,0,0,0,0,0,0,0,0,0,2,3,4,1,1,3,1,3,3,1,7,3,2,6,6,2,4,4,5,5,2,4,169,3,2,4,4,3,2,1,1,2,NA,"MASKED BY ICPSR"
"168",2,1999,16,1,NA,"MASKED BY ICPSR",0,3,5,1,1,1,1,1,1,1,0,0,0,0,0,0,0,1,0,0,0,0,0,0,1,0,1,0,1,2,1,1,0,1,0,0,0,0,0,0,1,0,0,0,0,0,0,1,0,0,0,0,0,0,0,0,0,0,0,0,0,0,0,0,0,0,0,0,2,2,3,0,0,0,0,0,0,0,0,0,0,2,1,3,2,2,3,1,2,2,1,7,8,8,6,7,4,5,6,6,8,5,7,250,5,1,5,5,2,2,5,4,2,NA,"               "
"169",1,1996,19,1,NA,"MASKED BY ICPSR",0,1,5,3,3,NA,1,1,1,1,0,1,0,1,0,0,0,1,0,1,0,0,1,0,1,1,1,0,1,2,1,1,0,1,0,1,0,0,1,1,1,1,0,0,0,1,1,0,0,0,0,0,0,0,1,0,1,0,0,0,1,0,1,0,0,0,0,0,3,4,3,0,0,0,0,0,0,0,0,0,0,3,3,3,2,2,3,3,2,3,2,8,9,5,7,8,9,5,4,7,6,5,6,230,5,2,5,4,4,3,1,3,2,NA,"MASKED BY ICPSR"
"170",1,2000,15,1,NA,"MASKED BY ICPSR",0,2,5,1,1,4,1,1,0,1,0,0,0,0,0,0,0,0,0,0,0,0,1,0,0,0,0,0,0,2,0,0,0,0,0,0,0,0,0,0,0,0,0,0,0,0,0,0,0,0,0,0,0,0,0,0,0,0,0,0,0,0,0,0,0,0,0,0,NA,NA,1,0,0,0,0,0,0,0,0,0,0,1,3,2,2,2,2,2,2,2,2,7,7,7,7,7,9,7,9,7,7,7,7,500,100,3,5,5,5,5,5,5,1,4,"MASKED BY ICPSR"
"171",1,1999,16,1,NA,"MASKED BY ICPSR",0,2,5,1,1,1,2,1,1,1,0,1,0,1,1,0,0,1,0,0,1,0,1,1,1,0,1,0,1,4,1,1,0,1,0,1,1,0,1,0,0,0,0,1,0,1,0,1,0,0,0,0,0,0,0,0,0,0,0,0,0,0,0,0,0,0,0,0,1,1,4,1,1,0,0,0,0,0,1,0,0,4,3,3,3,3,3,1,3,3,1,9,8,6,4,5,2,1,2,8,1,2,1,250,10,3,3,4,3,4,1,5,1,1,"MASKED BY ICPSR"
"172",1,1979,36,1,NA,"MASKED BY ICPSR",0,1,2,4,3,NA,1,0,1,0,0,0,0,0,0,0,0,0,0,0,0,0,0,0,0,0,0,0,0,4,1,1,0,0,0,1,0,0,0,0,0,1,0,0,0,1,1,0,0,0,0,0,0,0,0,0,0,0,0,0,0,0,0,0,0,0,0,0,2,2,1,1,1,0,0,0,0,0,0,0,0,4,1,2,4,2,3,3,2,2,1,10,10,10,10,10,10,9,9,9,1,5,5,11,2,3,5,5,4,4,5,4,1,4,"               "
"173",1,1998,17,1,NA,"MASKED BY ICPSR",0,4,5,1,3,NA,1,1,1,0,0,0,0,1,0,0,0,0,0,0,0,0,0,0,1,0,0,0,1,2,0,0,0,0,0,0,0,0,0,0,0,0,0,0,0,0,0,0,0,0,0,0,0,0,0,0,0,0,0,0,0,0,0,0,0,0,0,0,NA,NA,1,0,0,0,0,0,0,0,0,0,0,2,1,2,2,2,3,1,3,3,2,10,1,8,9,9,6,7,7,5,9,8,8,150,5,2,5,5,3,3,5,3,2,NA,"MASKED BY ICPSR"
"174",2,1998,17,1,NA,"MASKED BY ICPSR",1,2,5,2,1,1,3,1,0,1,0,1,1,0,1,1,1,0,0,1,1,1,0,0,0,1,0,0,0,1,1,1,1,0,0,0,0,0,0,1,0,0,0,0,0,1,0,1,0,0,1,0,1,0,0,0,0,0,1,0,0,0,1,0,0,0,0,0,1,3,2,1,0,0,0,1,0,0,0,0,0,2,2,2,2,3,2,3,2,2,2,6,8,7,NA,7,8,5,4,8,6,8,7,200,12,2,NA,4,6,5,4,3,2,NA,"MASKED BY ICPSR"
"175",2,1979,36,1,NA,"MASKED BY ICPSR",0,4,5,1,1,1,1,1,0,1,0,0,0,0,0,0,0,1,0,0,0,0,0,0,1,1,0,0,1,2,0,0,0,0,0,0,0,0,0,0,0,0,0,0,0,0,0,0,0,0,0,0,0,0,0,0,0,0,0,0,0,0,0,0,0,0,0,0,NA,NA,2,0,0,0,0,0,0,0,0,0,0,2,3,3,2,2,3,1,3,3,2,9,8,8,9,8,7,7,7,8,8,8,7,599,5,1,4,4,3,4,2,6,2,NA,"               "
"176",2,1999,16,1,NA,"MASKED BY ICPSR",0,4,5,1,1,1,1,1,1,0,0,0,0,1,0,0,0,0,0,0,0,0,1,0,0,0,1,0,1,3,0,1,0,1,1,1,0,0,0,1,1,0,0,0,0,1,1,0,0,0,0,0,0,0,0,0,0,0,0,0,0,0,0,0,0,0,0,0,1,2,2,0,0,0,0,0,0,0,0,0,0,2,1,2,4,3,3,1,3,3,1,10,6,10,7,8,1,6,6,9,9,3,2,120,5,1,5,5,4,3,1,1,2,NA,"               "
"177",1,1997,18,1,NA,"MASKED BY ICPSR",0,4,5,1,1,1,3,1,1,0,0,0,0,0,0,0,0,0,0,0,0,0,0,0,0,0,0,0,0,3,0,0,0,0,0,0,0,0,0,0,0,0,0,0,0,0,0,0,0,0,0,0,0,0,0,0,0,0,0,0,0,0,0,0,0,0,0,0,NA,NA,3,0,0,0,0,0,0,0,0,0,0,3,3,3,4,4,3,1,3,3,1,6,1,1,1,1,1,1,1,3,3,1,1,100,3,1,5,5,3,3,3,1,2,NA,"MASKED BY ICPSR"
"178",2,1998,17,1,NA,"MASKED BY ICPSR",0,1,5,2,1,1,3,1,1,1,0,1,0,1,1,0,1,0,1,1,0,0,0,0,0,0,0,0,0,3,1,1,1,1,0,1,0,0,1,1,0,1,0,0,0,1,1,0,1,1,0,0,1,0,1,0,0,0,0,1,0,1,0,0,1,0,0,0,1,2,1,1,1,0,1,0,1,0,0,0,0,2,2,2,2,2,3,3,3,4,4,7,7,8,6,7,6,10,8,5,9,8,7,30,53,1,4,1,2,3,2,2,1,1,"               "
"179",2,1998,17,1,NA,"MASKED BY ICPSR",0,1,5,1,1,1,2,1,1,0,0,0,0,0,0,0,0,0,0,0,0,0,0,0,0,0,0,0,1,2,0,0,0,0,0,0,0,0,0,0,0,0,0,0,0,0,0,0,0,0,0,0,0,0,0,0,0,0,0,0,0,0,0,0,0,0,0,0,NA,NA,3,0,0,0,0,0,0,0,0,0,0,2,1,2,1,2,2,1,4,3,1,10,8,1,1,5,1,10,3,10,1,5,10,28,3,2,5,5,4,1,5,1,2,NA,"MASKED BY ICPSR"
"180",1,1997,18,1,NA,"MASKED BY ICPSR",1,4,5,1,1,1,5,1,1,1,0,1,0,1,0,0,0,1,0,0,1,0,0,0,0,0,0,0,1,3,1,1,1,0,1,1,1,1,1,0,0,0,0,0,0,1,1,0,1,0,0,0,0,0,0,0,0,0,0,0,0,0,0,0,0,0,0,0,3,1,3,0,0,0,0,0,0,0,0,0,0,3,1,4,2,4,3,1,3,4,2,6,7,1,1,4,1,1,1,1,4,1,1,50,1,1,5,3,1,1,6,6,2,NA,"               "
"181",2,1998,17,1,NA,"MASKED BY ICPSR",0,2,5,1,1,1,2,1,1,0,0,0,0,0,0,0,0,0,0,0,0,0,0,0,0,0,0,0,1,3,1,0,0,0,0,0,0,0,0,0,0,0,0,0,0,0,0,0,0,0,0,0,0,0,0,0,0,0,0,0,0,0,0,0,0,0,0,0,NA,NA,2,0,0,0,0,0,0,0,0,0,0,3,1,3,3,2,3,2,3,2,2,9,7,10,8,6,7,4,7,8,5,7,6,876,12,2,5,4,5,4,5,3,2,NA,"MASKED BY ICPSR"
"182",1,1999,16,1,NA,"MASKED BY ICPSR",0,3,5,1,1,1,1,1,0,1,0,0,0,0,0,0,0,0,0,0,0,0,0,0,0,0,0,0,1,2,1,1,0,1,0,0,0,0,0,0,0,0,0,1,0,1,0,0,0,0,0,0,0,0,0,0,0,0,0,0,0,0,0,0,0,0,0,0,3,3,2,0,0,0,0,0,0,0,0,0,0,2,1,2,2,2,2,2,2,2,2,7,10,1,7,7,4,7,7,7,7,7,7,1022,12,2,5,5,2,2,5,5,2,NA,"               "
"183",1,1999,16,1,NA,"MASKED BY ICPSR",0,3,5,1,1,1,1,1,1,0,0,1,0,1,1,0,0,0,0,0,0,0,1,1,1,0,1,0,1,3,1,1,0,0,1,0,0,0,0,0,0,1,0,0,0,0,0,1,0,0,0,0,0,0,1,0,0,0,0,0,0,0,0,0,0,0,0,0,2,2,3,0,0,0,0,0,0,0,0,0,0,3,3,2,2,2,4,1,3,2,1,8,8,7,6,7,4,2,1,1,4,3,3,207,2,3,3,4,3,4,4,1,2,NA,"MASKED BY ICPSR"
"184",1,1979,36,1,NA,"MASKED BY ICPSR",0,3,4,4,2,NA,6,0,0,0,0,0,0,0,0,0,0,0,0,0,0,0,0,0,0,0,1,0,0,2,0,0,0,0,0,0,0,0,0,0,0,0,0,0,0,0,0,0,0,0,0,0,0,0,0,0,0,0,0,0,0,0,0,0,0,0,0,0,NA,NA,2,0,0,0,0,0,0,0,0,0,0,3,1,2,2,3,3,4,4,3,4,5,5,5,5,5,5,5,5,5,5,5,5,50,5,2,6,6,6,6,6,6,2,NA,"               "
"185",1,1979,36,1,NA,"MASKED BY ICPSR",1,2,4,4,2,NA,1,1,1,1,0,1,0,1,1,0,1,1,0,1,1,1,1,1,1,1,1,1,1,4,1,1,1,0,1,1,1,0,1,1,1,1,1,1,0,1,1,1,1,0,1,1,1,1,1,1,1,1,1,0,0,0,1,0,0,1,1,1,1,2,3,1,1,1,1,1,0,1,0,1,0,3,3,3,3,3,4,3,3,3,3,8,9,8,8,7,8,9,6,8,6,8,8,50,55,3,3,4,4,4,4,5,2,NA,"MASKED BY ICPSR"
"186",1,1997,18,1,NA,".              ",0,5,5,1,1,1,1,1,1,0,0,1,0,1,0,0,0,0,0,0,0,0,0,0,0,0,0,0,1,2,0,0,0,0,0,0,0,0,0,0,0,0,0,0,0,0,0,0,0,0,0,0,0,0,0,0,0,0,0,0,0,0,0,0,0,0,0,0,NA,NA,2,0,0,0,0,0,0,0,0,0,0,2,1,2,2,3,2,1,4,4,1,8,5,1,5,6,2,1,1,1,1,1,1,20,3,1,5,5,4,3,3,3,2,NA,"MASKED BY ICPSR"
"187",1,1999,16,1,NA,"MASKED BY ICPSR",0,4,5,1,1,1,3,1,1,1,0,1,0,1,0,0,0,1,0,0,1,1,1,0,1,1,1,0,1,2,1,1,0,1,1,1,0,0,1,1,0,1,0,0,0,0,1,0,0,0,0,0,0,0,1,0,0,1,1,0,0,0,0,0,0,0,0,0,1,4,3,0,0,0,0,0,0,0,0,0,0,2,3,2,3,3,3,1,4,4,1,9,7,5,7,7,5,2,1,2,1,1,1,600,3,1,5,5,3,3,1,3,2,NA,"MASKED BY ICPSR"
"188",1,2000,15,1,NA,"MASKED BY ICPSR",0,2,NA,NA,3,NA,1,1,1,1,0,1,0,0,0,0,0,0,0,0,0,0,0,0,0,0,0,0,1,3,1,1,0,0,0,0,1,0,0,0,1,0,0,0,0,1,0,0,0,0,0,0,0,0,0,0,0,0,0,0,0,0,0,0,0,0,0,0,2,3,4,0,0,0,0,0,0,0,0,0,0,3,2,2,3,3,3,2,4,3,3,9,8,9,9,8,9,9,8,7,8,9,9,800,77,2,5,4,5,5,4,5,2,NA,"               "
"189",2,1997,18,1,NA,"MASKED BY ICPSR",0,2,3,1,1,1,1,1,1,0,0,0,0,0,0,0,0,0,0,0,0,0,1,0,0,0,0,0,1,2,0,0,0,0,0,0,0,0,0,0,0,0,0,0,0,0,0,0,0,0,0,0,0,0,0,0,0,0,0,0,0,0,0,0,0,0,0,0,NA,NA,2,0,0,0,0,0,0,0,0,0,0,3,3,3,2,2,4,1,2,2,2,7,4,4,6,6,4,6,6,6,8,6,6,200,5,2,5,5,3,2,2,3,2,NA,"               "
"190",1,2000,15,1,NA,"MASKED BY ICPSR",0,1,5,2,1,2,1,1,1,1,0,1,0,1,1,0,1,1,1,1,0,0,0,1,0,1,1,0,1,4,1,1,1,0,0,1,0,1,0,0,1,0,0,0,0,1,1,1,1,0,0,0,0,0,0,0,0,0,0,0,0,0,0,0,0,1,0,0,1,3,3,1,0,0,1,0,0,0,0,0,0,4,1,3,3,2,3,3,3,3,2,7,8,9,7,7,8,7,8,8,7,9,8,250,5,3,3,3,4,4,3,3,1,5,"MASKED BY ICPSR"
"191",2,1999,16,1,NA,".              ",0,3,5,1,1,1,1,1,1,0,0,0,0,0,0,0,0,0,0,0,0,0,0,0,1,0,0,0,1,3,0,0,0,0,0,0,0,0,0,0,0,0,0,0,0,0,0,0,0,0,0,0,0,0,0,0,0,0,0,0,0,0,0,0,0,0,0,0,NA,NA,1,0,0,0,0,0,0,0,0,0,0,2,1,2,1,2,4,1,3,3,1,9,4,1,5,7,1,1,1,1,2,2,2,300,6,1,5,5,5,4,5,4,2,NA,"MASKED BY ICPSR"
"192",1,1979,36,1,NA,"MASKED BY ICPSR",1,1,4,5,3,NA,2,1,1,1,0,1,0,1,0,0,0,1,0,1,1,1,1,1,1,1,1,0,1,4,1,1,0,0,1,0,1,0,0,0,0,1,0,1,0,1,1,1,0,0,0,0,0,0,0,0,0,0,0,0,0,0,0,0,0,0,0,0,2,3,2,1,0,0,0,1,0,0,0,0,0,2,3,2,2,2,2,2,2,2,2,8,7,8,6,7,7,7,7,8,7,7,8,440,40,2,5,5,5,5,5,4,2,NA,"MASKED BY ICPSR"
"193",1,1997,18,1,NA,"MASKED BY ICPSR",0,2,5,1,1,1,1,0,1,0,0,0,0,1,0,0,0,0,0,0,1,0,0,1,0,0,0,0,1,3,1,1,0,1,0,1,1,1,1,0,0,1,1,0,0,0,1,0,0,0,0,0,0,0,0,0,0,1,0,0,0,0,0,0,0,0,0,0,1,3,4,1,0,0,0,1,0,0,0,0,0,3,3,3,2,2,3,1,3,3,1,8,5,3,3,7,3,2,2,2,2,2,2,0,5,2,4,3,2,2,6,3,2,NA,"MASKED BY ICPSR"
"194",1,1999,16,1,NA,"MASKED BY ICPSR",1,2,5,1,1,1,5,0,1,0,0,0,0,0,0,0,0,0,0,0,0,0,0,0,0,0,0,0,0,1,1,1,0,0,1,0,0,0,0,0,0,0,1,0,0,0,1,0,0,0,0,0,0,0,0,0,0,0,0,0,0,0,0,0,0,0,0,0,2,2,3,0,0,0,0,0,0,0,0,0,0,2,3,3,2,2,4,1,2,2,1,8,7,7,6,6,3,2,2,2,7,2,2,20,2,1,5,3,2,2,1,5,2,NA,"MASKED BY ICPSR"
"195",2,1999,16,1,NA,"MASKED BY ICPSR",0,1,5,1,1,1,1,1,1,0,0,0,0,0,0,0,0,0,0,0,0,0,0,0,0,0,1,0,1,3,0,0,0,0,0,0,0,0,0,0,0,0,0,0,0,0,0,0,0,0,0,0,0,0,0,0,0,0,0,0,0,0,0,0,0,0,0,0,NA,NA,1,0,0,0,0,0,0,0,0,0,0,3,3,3,3,1,4,1,1,1,1,10,1,1,1,1,1,1,1,1,1,1,1,500,100,2,5,5,1,6,6,6,2,NA,"MASKED BY ICPSR"
"196",2,1999,16,1,NA,"MASKED BY ICPSR",0,3,5,2,1,1,1,1,1,1,0,1,0,1,1,0,0,1,0,0,1,0,1,0,1,1,1,0,1,4,1,1,0,1,1,0,1,1,1,1,1,1,0,1,0,1,1,1,0,0,0,0,0,0,1,0,0,0,0,1,0,1,1,0,0,1,0,1,1,3,4,1,1,0,0,1,1,0,1,1,0,4,2,3,2,2,4,1,2,3,1,5,5,6,4,4,3,6,6,6,8,6,8,650,2,2,2,4,1,4,2,4,1,1,"MASKED BY ICPSR"
"197",2,1998,17,1,NA,"MASKED BY ICPSR",0,3,5,1,3,NA,5,0,1,0,0,0,0,0,0,0,0,1,0,0,0,0,0,0,1,1,0,0,1,2,1,1,0,1,1,0,1,0,1,0,1,1,0,1,0,0,0,0,0,0,0,0,0,0,1,0,0,1,0,0,0,0,0,0,0,0,0,0,1,3,3,0,0,0,0,0,0,0,0,0,0,2,3,3,3,4,3,1,3,3,1,5,6,7,5,5,4,4,4,4,5,4,4,0,3,2,4,4,2,3,1,2,2,NA,"               "
"198",1,1999,16,1,NA,"MASKED BY ICPSR",0,5,5,1,1,1,1,1,1,0,0,0,0,0,0,0,0,0,0,0,0,0,0,1,1,0,0,0,1,3,0,0,0,0,0,0,0,0,0,0,0,0,0,0,0,0,0,0,0,0,0,0,0,0,0,0,0,0,0,0,0,0,0,0,0,0,0,0,NA,NA,2,0,0,0,0,0,0,0,0,0,0,1,1,2,1,1,4,1,1,1,1,8,6,2,5,8,4,4,4,1,7,6,6,10,0,1,5,4,6,6,5,4,2,NA,"               "
"199",2,1998,17,1,NA,"MASKED BY ICPSR",0,5,5,1,1,1,1,1,1,0,0,0,0,1,0,0,0,0,0,0,0,0,0,0,1,0,0,0,1,3,1,1,0,1,1,0,0,0,0,0,1,0,0,1,0,1,0,0,0,0,0,0,0,0,0,0,0,0,0,0,0,0,0,0,0,0,0,0,1,3,3,0,0,0,0,0,0,0,0,0,0,3,2,3,2,2,3,1,4,4,1,6,8,7,5,6,6,6,6,6,7,4,4,200,3,3,4,5,3,3,3,3,2,NA,"MASKED BY ICPSR"
"200",2,1979,36,1,NA,"MASKED BY ICPSR",1,2,4,4,4,NA,1,0,1,0,0,0,0,1,0,0,0,0,0,0,0,0,0,0,0,0,1,0,1,3,1,1,0,1,0,0,1,0,0,0,0,1,0,0,0,0,0,0,0,0,0,0,0,0,0,0,1,1,0,0,0,0,0,0,0,0,0,0,3,1,4,0,0,0,0,0,0,0,0,0,0,3,3,3,1,3,3,1,3,3,1,6,5,6,5,6,2,1,1,1,5,1,1,0,2,1,5,4,3,1,5,1,2,NA,"MASKED BY ICPSR"
"201",1,1999,16,1,NA,"MASKED BY ICPSR",0,1,5,1,1,1,1,1,0,1,0,0,0,0,0,0,0,0,0,0,0,0,0,0,0,0,0,0,1,2,0,0,0,0,0,0,0,0,0,0,0,0,0,0,0,0,0,0,0,0,0,0,0,0,0,0,0,0,0,0,0,0,0,0,0,0,0,0,NA,NA,2,0,0,0,0,0,0,0,0,0,0,2,NA,3,1,1,3,1,3,2,1,8,10,5,9,8,5,7,6,8,8,8,8,300,2,2,5,4,3,3,5,4,2,NA,"               "
"202",2,1999,16,1,NA,"MASKED BY ICPSR",0,4,5,1,1,1,1,1,1,1,0,0,0,1,0,0,0,0,0,0,0,0,1,0,1,0,0,0,1,2,0,0,0,0,0,0,0,0,0,0,0,0,0,0,0,0,0,0,0,0,0,0,0,0,0,0,0,0,0,0,0,0,0,0,0,0,0,0,NA,NA,2,0,0,0,0,0,0,0,0,0,0,1,1,1,1,2,4,1,2,3,1,5,1,10,1,1,1,1,1,4,4,1,1,311,4,4,5,5,1,1,1,1,2,NA,"               "
"203",1,1998,17,1,NA,"MASKED BY ICPSR",0,4,4,4,2,NA,1,1,1,1,0,1,0,0,0,0,0,1,0,0,0,0,0,0,0,1,1,0,1,3,1,1,0,0,1,0,0,0,1,1,1,0,0,0,0,1,1,0,0,0,0,0,0,0,0,0,0,0,0,0,0,0,0,0,0,0,0,0,2,1,2,0,0,0,0,0,0,0,0,0,0,2,2,3,3,3,3,3,3,3,3,10,10,10,10,10,10,10,10,10,10,10,10,300,3,3,5,5,5,5,5,5,2,NA,"MASKED BY ICPSR"
"204",1,1998,17,1,NA,"MASKED BY ICPSR",0,4,5,1,1,1,2,1,1,0,0,0,0,1,0,0,0,0,0,0,0,0,0,0,1,0,0,0,1,2,0,1,0,0,0,0,0,1,0,0,1,0,0,0,0,1,0,0,0,0,0,0,0,0,0,0,0,0,0,0,0,0,0,0,0,0,0,0,2,3,2,0,0,0,0,0,0,0,0,0,0,2,1,2,1,1,4,1,2,3,1,9,5,5,7,7,5,7,1,7,7,2,4,700,2,2,5,5,3,3,5,5,2,NA,"MASKED BY ICPSR"
"205",2,1998,17,1,NA,"MASKED BY ICPSR",0,3,5,1,1,1,1,1,1,0,0,0,0,0,0,0,0,0,0,0,0,0,0,0,0,0,0,0,1,3,1,1,0,1,0,0,0,0,1,0,1,0,0,0,0,1,0,0,0,0,0,0,0,0,0,0,0,0,0,0,0,0,0,0,0,0,0,0,NA,3,3,0,0,0,0,0,0,0,0,0,0,3,3,3,4,4,1,1,4,4,1,6,4,7,2,3,1,4,4,3,6,3,4,200,5,2,5,4,2,1,3,2,2,NA,"MASKED BY ICPSR"
"206",2,1998,17,1,NA,"MASKED BY ICPSR",0,3,5,1,1,1,1,1,1,0,0,1,0,1,0,0,0,0,0,0,0,0,0,0,1,0,1,0,1,3,1,1,0,1,0,0,0,0,1,0,1,0,0,1,0,1,1,0,0,0,0,0,0,0,0,0,0,0,0,0,0,0,0,0,0,0,0,0,1,3,3,0,0,0,0,0,0,0,0,0,0,3,1,2,2,3,4,1,2,3,2,6,3,1,5,6,2,1,1,1,3,1,1,1000,5,1,5,4,1,6,6,6,2,NA,"MASKED BY ICPSR"
"207",1,1997,18,1,NA,"MASKED BY ICPSR",1,5,5,1,1,1,1,1,0,1,0,0,0,0,0,0,0,1,0,0,0,0,0,0,0,0,0,0,0,3,0,0,0,0,0,0,0,0,0,0,0,0,0,0,0,0,0,0,0,0,0,0,0,0,0,0,0,0,0,0,0,0,0,0,0,0,0,0,NA,NA,1,0,0,0,0,0,0,0,0,0,0,2,3,3,3,2,3,1,2,2,1,10,6,5,5,5,1,1,1,1,8,5,5,150,2,1,5,5,4,1,5,5,2,NA,"               "
"208",2,1999,16,1,NA,"MASKED BY ICPSR",0,2,5,4,1,1,1,1,1,0,0,0,0,0,0,0,0,0,0,0,0,0,0,0,0,0,0,0,1,2,1,1,0,0,0,1,0,0,1,0,0,0,0,0,0,0,0,0,0,0,0,0,0,0,0,0,0,1,0,0,0,0,0,0,0,0,0,0,1,4,3,0,0,0,0,0,0,0,0,0,0,2,3,3,3,2,2,3,3,2,2,5,8,5,4,5,3,7,7,6,6,7,6,15,3,3,3,4,4,5,2,3,2,NA,"MASKED BY ICPSR"
"209",1,1979,36,1,NA,"MASKED BY ICPSR",0,2,3,3,2,NA,1,1,1,0,0,0,0,0,1,0,0,0,0,0,0,0,0,0,0,0,0,0,1,4,0,0,0,0,0,0,0,0,0,0,0,0,0,0,0,0,0,0,0,0,0,0,0,0,0,0,0,0,0,0,0,0,0,0,0,0,0,0,NA,NA,1,0,0,0,0,0,0,0,0,0,0,1,1,1,1,1,4,1,NA,1,1,10,5,1,1,1,1,1,1,1,6,1,1,30,0,1,5,3,6,6,6,6,2,NA,"MASKED BY ICPSR"
"210",1,1999,16,1,NA,"MASKED BY ICPSR",1,1,5,1,1,1,3,1,1,1,0,0,0,1,0,0,0,1,0,0,1,1,1,1,1,1,0,0,0,3,1,1,0,1,0,1,0,1,1,0,0,0,1,1,0,1,1,1,0,0,0,0,0,0,0,0,0,1,0,0,1,0,1,0,0,0,0,0,2,3,3,1,1,0,0,0,0,0,0,1,0,3,3,3,3,4,2,1,3,3,3,9,7,8,6,6,4,8,7,9,9,5,7,120,5,2,5,5,3,4,1,4,2,NA,"MASKED BY ICPSR"
"211",1,1997,18,1,NA,"MASKED BY ICPSR",0,5,5,1,1,1,1,1,1,1,0,0,0,0,0,0,0,0,0,0,0,0,0,0,0,0,0,0,1,4,0,0,0,0,0,0,0,0,0,0,0,0,0,0,0,0,0,0,0,0,0,0,0,0,0,0,0,0,0,0,0,0,0,0,0,0,0,0,NA,NA,2,0,0,0,0,0,0,0,0,0,0,2,3,2,3,4,3,1,3,2,2,9,6,9,8,8,8,9,9,10,9,8,8,350,5,2,4,5,3,4,5,6,2,NA,"MASKED BY ICPSR"
"212",2,1997,18,1,NA,"MASKED BY ICPSR",0,1,5,3,3,NA,1,1,1,1,0,0,0,0,0,0,0,0,0,0,0,0,0,0,0,0,0,0,1,2,1,1,0,0,0,0,0,1,0,0,1,0,0,0,0,1,0,0,0,0,0,0,0,0,0,0,0,0,0,0,0,0,0,0,0,0,0,0,3,4,3,0,0,0,0,0,0,0,0,0,0,3,3,4,2,3,2,1,2,3,1,8,8,2,2,3,1,2,2,1,2,2,2,398,20,2,5,2,1,2,3,3,2,NA,"               "
"213",1,1979,36,1,NA,"MASKED BY ICPSR",1,1,4,NA,2,NA,1,1,1,0,0,0,0,0,0,0,0,0,0,0,0,0,0,0,0,0,0,0,0,2,0,1,0,1,0,0,0,0,0,1,0,0,0,0,0,1,1,0,0,0,0,0,0,0,0,0,0,0,0,0,0,0,0,0,0,0,0,0,1,4,3,1,1,0,0,0,0,0,0,0,0,3,1,2,2,2,2,2,2,2,2,9,8,8,9,8,8,7,8,7,8,7,8,300,50,2,5,4,4,4,5,4,1,1,"MASKED BY ICPSR"
"214",1,1999,16,1,NA,"MASKED BY ICPSR",1,2,5,1,1,1,2,1,1,0,0,1,0,1,1,0,0,0,0,0,0,0,1,0,1,0,0,0,1,4,1,0,0,0,0,0,0,0,0,0,0,0,0,0,0,0,0,0,0,0,0,0,0,0,0,0,0,0,0,0,0,0,0,0,0,0,0,0,NA,NA,3,0,0,0,0,0,0,0,0,0,0,4,2,4,3,3,2,2,1,1,1,7,10,5,9,9,9,6,6,7,7,6,6,100,5,3,5,5,2,5,5,5,2,NA,"               "
"215",1,1997,18,1,NA,"MASKED BY ICPSR",0,3,5,1,1,1,1,1,1,1,0,0,0,1,0,0,0,0,0,0,0,0,0,0,0,1,1,0,1,3,1,1,0,1,1,0,0,1,0,0,0,1,1,0,0,1,0,0,0,0,0,0,0,0,0,0,0,0,0,0,0,0,0,0,0,0,0,0,1,4,3,0,0,0,0,0,0,0,0,0,0,2,3,3,2,2,4,1,3,3,4,7,5,4,5,8,4,5,2,1,6,2,3,36,3,1,5,4,3,4,4,6,2,NA,"               "
"216",1,1999,16,1,NA,"MASKED BY ICPSR",0,1,5,1,1,1,1,0,1,1,0,0,0,0,0,0,0,0,0,0,0,0,0,0,1,0,0,0,0,1,0,0,0,0,0,0,0,0,0,0,0,0,0,0,0,0,0,0,0,0,0,0,0,0,0,0,0,0,0,0,0,0,0,0,0,0,0,0,NA,NA,2,0,0,0,0,0,0,0,0,0,0,2,1,2,1,2,4,1,3,4,1,8,7,2,7,7,4,6,6,8,8,7,6,30,4,1,5,5,4,3,1,3,2,NA,"               "
"217",2,1998,17,1,NA,".              ",0,3,5,1,1,1,1,1,1,0,0,0,0,0,0,0,0,0,0,0,0,0,0,0,0,0,0,0,0,3,0,0,0,0,0,0,0,0,0,0,0,0,0,0,0,0,0,0,0,0,0,0,0,0,0,0,0,0,0,0,0,0,0,0,0,0,0,0,NA,NA,3,0,0,0,0,0,0,0,0,0,0,3,3,3,4,3,2,1,4,4,1,6,1,3,6,5,1,5,5,4,9,5,5,200,3,1,5,4,2,3,6,6,2,NA,"               "
"218",2,1990,25,1,NA,"MASKED BY ICPSR",0,1,5,1,1,4,1,1,1,1,0,1,0,1,0,0,0,0,0,0,1,0,0,0,0,1,1,0,1,3,1,1,1,0,1,0,0,0,1,0,0,1,0,0,0,1,1,1,0,0,0,0,0,0,0,0,0,0,0,0,0,0,0,0,0,0,0,1,3,2,3,0,0,0,0,0,0,0,0,0,0,3,1,3,4,3,1,1,4,4,3,10,6,9,9,9,10,10,10,10,10,10,10,40,15,2,5,4,4,4,5,4,2,NA,"MASKED BY ICPSR"
"219",1,2000,15,1,NA,"MASKED BY ICPSR",0,4,5,1,1,1,1,1,0,0,0,0,0,1,0,0,0,0,0,0,0,0,1,0,1,0,0,0,1,3,0,0,0,0,0,0,0,0,0,0,0,0,0,0,0,0,0,0,0,0,0,0,0,0,0,0,0,0,0,0,0,0,0,0,0,0,0,0,NA,NA,1,0,0,0,0,0,0,0,0,0,0,2,1,2,3,3,3,1,4,3,1,9,8,4,6,9,4,6,6,6,9,7,6,125,20,2,5,5,4,3,3,3,2,NA,"               "
"220",1,1997,18,1,NA,"MASKED BY ICPSR",0,5,5,1,1,1,1,1,1,0,0,0,0,0,0,0,0,0,0,0,0,0,1,0,0,0,0,0,1,3,1,1,0,1,0,0,0,0,0,1,0,0,0,0,0,1,1,0,0,0,0,0,0,0,0,0,0,0,0,0,0,0,0,0,0,0,0,0,3,4,3,0,0,0,0,0,0,0,0,0,0,3,3,2,3,3,4,1,2,2,1,10,10,5,6,8,3,3,3,3,9,5,6,150,5,2,5,5,4,4,2,5,2,NA,"               "
"221",2,1998,17,1,NA,"MASKED BY ICPSR",0,4,5,1,1,1,1,1,1,1,0,0,0,0,0,0,0,0,0,0,0,0,0,0,0,0,0,0,1,2,1,1,0,1,0,1,0,0,1,0,1,1,0,0,0,0,1,0,0,0,0,0,0,0,0,0,0,0,0,0,0,0,0,0,0,0,0,1,2,2,3,0,0,0,0,0,0,0,0,0,0,3,1,3,2,2,4,1,3,3,2,9,9,9,8,8,6,6,6,7,7,6,5,85,5,3,5,5,3,3,4,3,2,NA,"MASKED BY ICPSR"
"222",1,1997,18,1,NA,"MASKED BY ICPSR",0,1,5,1,1,1,2,1,1,0,0,0,0,1,0,0,0,0,0,0,0,0,0,0,1,0,0,0,1,2,0,0,0,0,0,0,0,0,0,0,0,0,0,0,0,0,0,0,0,0,0,0,0,0,0,0,0,0,0,0,0,0,0,0,0,0,0,0,NA,NA,3,1,1,0,0,0,0,0,0,0,0,3,3,3,2,2,3,1,4,4,3,10,6,4,6,5,3,7,7,8,2,7,7,400,10,3,5,5,4,4,4,5,2,NA,"MASKED BY ICPSR"
"223",2,1998,17,1,NA,"MASKED BY ICPSR",1,4,5,1,1,1,4,1,1,0,0,0,0,1,0,0,0,0,0,0,0,0,0,0,0,0,0,0,0,3,1,1,1,0,0,0,0,0,1,0,0,0,0,0,0,1,0,0,0,0,0,0,0,0,0,0,0,0,0,0,0,0,0,0,0,0,0,0,3,2,3,0,0,0,0,0,0,0,0,0,0,2,1,3,2,2,3,2,2,2,2,9,10,9,7,8,3,7,7,8,10,6,6,700,25,2,5,5,4,4,3,4,2,NA,"               "
"224",2,1997,18,1,NA,"MASKED BY ICPSR",0,2,5,2,1,1,1,1,1,1,0,0,0,1,0,0,0,0,0,0,0,0,0,0,1,0,0,0,1,2,1,1,0,1,1,0,1,0,1,1,1,0,0,1,0,1,0,1,0,0,0,0,0,0,0,0,0,0,0,0,0,0,0,0,0,0,0,0,1,2,2,0,0,0,0,0,0,0,0,0,0,2,3,2,2,1,3,1,3,3,1,9,2,5,5,7,2,5,5,9,9,5,5,300,3,1,5,5,3,4,2,5,2,NA,"               "
"225",1,1997,18,1,NA,"MASKED BY ICPSR",0,1,5,1,1,1,1,1,1,0,0,1,0,1,0,0,0,0,0,0,0,0,0,0,1,0,0,0,1,2,0,1,0,1,0,0,0,0,1,0,0,0,0,0,0,1,0,0,0,0,0,0,0,0,0,0,0,0,0,0,0,0,0,0,0,0,0,0,2,3,3,0,0,0,0,0,0,0,0,0,0,3,3,3,2,2,4,2,2,2,2,8,7,3,7,7,4,8,8,8,8,8,8,25,3,1,5,5,2,2,4,4,2,NA,"MASKED BY ICPSR"
"226",1,1997,18,1,NA,"MASKED BY ICPSR",1,4,5,2,1,1,1,1,1,0,0,1,0,0,0,0,0,0,0,0,0,0,0,0,0,0,0,0,1,2,1,1,0,1,0,0,0,0,0,1,0,0,0,0,0,1,1,0,1,0,0,0,0,0,0,0,0,0,0,0,0,0,0,0,0,0,0,0,2,1,2,0,0,0,0,0,0,0,0,0,0,2,2,2,3,2,3,3,3,2,2,7,6,6,7,6,8,7,8,8,8,5,7,134,3,2,4,4,3,3,4,4,1,2,"               "
"227",1,1998,17,1,NA,"MASKED BY ICPSR",0,1,5,1,1,1,1,1,1,0,0,0,0,0,0,0,0,0,0,0,0,0,0,1,0,1,0,0,0,3,0,0,0,0,0,0,0,0,0,0,0,0,0,0,0,0,0,0,0,0,0,0,0,0,0,0,0,0,0,0,0,0,0,0,0,0,0,0,NA,NA,2,0,0,0,0,0,0,0,0,0,0,1,1,2,1,1,4,1,2,2,1,10,3,2,8,8,5,9,9,10,9,9,9,30,5,2,5,5,3,3,6,4,2,NA,"               "
"228",2,1998,17,1,NA,"MASKED BY ICPSR",0,2,5,1,1,1,2,1,1,1,0,0,0,1,0,0,0,1,0,0,0,0,0,0,0,0,0,0,1,3,1,1,0,0,0,1,0,0,0,0,1,0,0,0,0,1,0,1,0,0,0,0,0,0,0,0,0,0,0,0,0,0,0,0,0,0,0,0,2,3,4,1,1,0,0,0,0,0,0,0,0,3,3,4,2,3,4,1,3,3,3,6,5,8,5,6,7,5,4,5,7,5,5,40,20,2,4,4,2,3,2,2,2,NA,"MASKED BY ICPSR"
"229",2,1979,36,1,NA,"MASKED BY ICPSR",1,4,2,5,2,NA,1,1,1,1,0,0,0,1,0,0,0,0,0,0,0,0,0,0,0,0,1,0,0,1,0,1,0,1,0,0,0,0,0,1,0,0,0,0,0,1,0,0,0,0,0,0,0,0,0,0,0,0,0,0,0,0,0,0,0,0,0,0,1,3,2,1,0,0,0,0,0,0,0,0,0,3,2,3,2,2,2,2,3,3,3,8,9,9,6,7,9,10,10,9,9,8,8,280,4,3,5,5,4,4,4,4,NA,2,"               "
"230",2,1979,36,1,NA,"MASKED BY ICPSR",0,1,5,2,1,1,1,1,1,1,0,1,0,1,1,0,1,0,0,0,0,0,1,0,1,1,1,0,0,2,0,1,0,1,0,1,0,0,0,1,1,0,0,0,0,1,1,1,0,0,0,1,0,0,0,0,0,0,0,0,0,0,0,0,0,0,0,1,2,3,2,1,0,0,1,0,0,0,0,0,0,3,1,3,3,3,3,3,3,3,3,6,7,6,7,8,7,7,6,7,7,7,7,890,900,4,4,5,4,4,5,4,1,5,"MASKED BY ICPSR"
"231",1,1998,17,1,NA,"MASKED BY ICPSR",0,4,5,1,1,1,1,1,1,0,0,0,0,0,0,0,0,0,0,0,0,0,0,0,1,0,0,0,1,2,0,1,0,0,1,0,0,0,0,0,0,1,0,0,0,1,1,0,0,0,0,0,0,0,0,0,0,0,0,0,0,0,0,0,0,0,0,0,1,3,2,0,0,0,0,0,0,0,0,0,0,2,1,2,2,3,2,1,3,2,1,8,6,6,7,7,5,6,6,4,8,7,6,55,10,4,4,5,3,2,2,4,2,NA,"MASKED BY ICPSR"
"232",1,2000,15,1,NA,"MASKED BY ICPSR",1,1,4,1,1,1,2,1,1,0,0,0,0,0,0,0,0,0,0,0,0,0,0,0,0,0,0,0,1,2,1,1,0,1,0,0,0,1,1,0,1,0,0,1,0,1,0,0,0,0,0,0,0,0,0,0,0,0,0,0,0,0,0,0,0,0,0,0,1,3,2,0,0,0,0,0,0,0,0,0,0,3,3,3,3,1,3,1,2,3,1,10,5,1,5,5,1,5,5,5,5,5,5,NA,5,3,5,4,3,3,3,3,2,NA,"MASKED BY ICPSR"
"233",1,1979,36,1,NA,"MASKED BY ICPSR",0,4,4,3,3,NA,2,1,1,0,0,0,0,1,0,0,0,0,0,0,1,0,0,0,0,1,0,0,1,4,0,0,0,0,0,0,0,0,0,0,0,0,0,0,0,0,0,0,0,0,0,0,0,0,0,0,0,0,0,0,0,0,0,0,0,0,0,0,NA,NA,3,0,0,0,0,0,0,0,0,0,0,3,3,2,3,2,2,1,2,3,1,10,10,10,2,2,1,3,1,7,5,2,2,100,2,2,4,4,4,2,3,1,2,NA,"MASKED BY ICPSR"
"234",1,1998,17,1,NA,"MASKED BY ICPSR",0,1,5,1,1,1,1,1,1,1,0,0,0,0,0,0,0,0,0,0,0,0,1,0,1,0,0,0,1,2,1,1,0,1,0,1,1,0,0,1,0,1,0,0,0,1,0,0,0,0,0,0,0,0,0,0,0,0,0,0,0,0,0,0,0,0,0,0,1,5,3,0,0,0,0,0,0,0,0,0,0,3,3,2,2,1,4,1,2,2,2,10,7,10,6,8,4,6,2,3,5,4,3,4800,50,2,5,5,3,3,5,5,2,NA,"MASKED BY ICPSR"
"235",1,1997,18,1,NA,"MASKED BY ICPSR",0,3,5,1,1,1,1,1,1,0,0,0,0,1,0,0,0,0,0,0,1,0,0,1,0,0,0,0,0,3,0,0,0,0,0,0,0,0,0,0,0,0,0,0,0,0,0,0,0,0,0,0,0,0,0,0,0,0,0,0,0,0,0,0,0,0,0,0,NA,NA,2,0,0,0,0,0,0,0,0,0,0,2,3,2,2,3,4,1,3,3,2,7,7,6,6,6,2,7,7,7,6,6,6,125,3,1,5,4,3,3,4,4,2,NA,"MASKED BY ICPSR"
"236",2,1999,16,1,NA,"MASKED BY ICPSR",1,5,5,1,1,1,3,1,1,1,0,1,0,1,1,0,1,0,1,1,1,0,1,0,0,1,1,1,1,3,1,1,0,0,0,1,0,0,1,0,0,0,0,0,0,1,0,0,0,0,0,0,0,0,0,0,0,0,0,0,0,0,0,0,0,0,0,0,1,2,4,1,1,1,0,0,0,0,0,0,0,3,1,3,3,3,3,3,4,3,3,7,8,9,7,8,8,7,6,7,7,8,7,123,21,2,4,5,4,3,4,4,2,NA,"MASKED BY ICPSR"
"237",2,1998,17,1,NA,"MASKED BY ICPSR",0,4,5,3,1,1,1,1,1,1,0,0,0,0,0,0,0,0,0,0,0,0,0,0,0,0,0,0,0,3,1,1,0,0,1,0,0,0,0,0,1,1,1,1,0,1,1,1,0,0,0,0,0,0,0,0,0,0,0,0,0,0,0,0,0,0,0,0,NA,2,4,0,0,0,0,0,0,0,0,0,0,4,2,4,4,3,3,3,3,3,3,8,5,9,8,7,7,6,6,6,NA,6,6,250,3,3,4,4,3,3,4,4,2,NA,"MASKED BY ICPSR"
"238",1,1998,17,1,NA,"MASKED BY ICPSR",0,2,5,1,1,1,1,0,1,0,0,0,0,0,0,0,0,0,0,0,0,0,0,0,0,0,0,0,0,1,0,0,0,0,0,0,0,0,0,0,0,0,0,0,0,0,0,0,0,0,0,0,0,0,0,0,0,0,0,0,0,0,0,0,0,0,0,0,NA,NA,1,0,0,0,0,0,0,0,0,0,0,1,1,1,1,1,1,1,1,1,1,10,7,1,7,9,1,7,6,7,8,3,1,0,2,1,5,5,1,1,3,4,2,NA,"               "
"239",1,1998,17,1,NA,"MASKED BY ICPSR",1,2,5,1,1,1,1,1,0,0,0,0,0,0,0,0,0,0,0,0,0,0,0,0,0,0,0,0,0,1,1,1,0,0,1,0,0,0,1,1,0,0,0,0,0,0,0,0,0,0,0,0,0,0,0,0,0,0,0,0,0,0,0,1,0,0,0,0,NA,2,2,0,0,0,0,0,0,0,0,0,0,3,2,3,3,3,3,3,3,3,3,8,8,8,8,8,8,6,5,3,6,5,5,6,2,2,5,4,2,2,2,2,2,NA,"MASKED BY ICPSR"
"240",1,1979,36,1,NA,".              ",0,2,4,2,2,NA,1,0,1,0,0,0,0,0,0,0,0,0,0,0,0,0,0,0,0,0,0,0,0,3,1,1,0,1,0,0,0,0,1,0,0,0,0,0,0,0,1,0,0,0,0,0,0,0,0,0,0,0,0,0,0,0,0,0,0,0,0,0,1,4,2,1,1,0,0,0,0,0,0,0,0,2,2,2,2,2,3,3,3,2,3,7,8,8,7,6,6,8,8,9,8,6,6,300,20,3,4,5,5,4,4,3,2,NA,"MASKED BY ICPSR"
"241",1,1999,16,1,NA,"MASKED BY ICPSR",0,4,5,1,1,1,1,1,1,1,0,1,0,1,0,0,0,1,0,0,0,0,1,0,1,1,1,0,1,3,1,1,1,0,0,0,0,0,1,0,1,1,0,1,0,1,1,1,1,0,1,0,0,0,1,0,0,0,0,1,0,1,0,0,0,0,0,0,2,3,3,1,0,0,0,0,0,0,1,1,0,2,3,2,2,2,3,2,2,3,2,7,7,7,4,6,4,6,7,8,9,8,8,78,17,2,5,4,3,3,3,4,2,NA,"               "
"242",1,1999,16,1,NA,"MASKED BY ICPSR",0,5,5,1,1,2,2,0,0,0,0,0,0,0,0,0,0,0,0,0,0,0,0,0,0,0,1,0,1,1,0,0,0,0,0,0,0,0,0,0,0,0,0,0,0,0,0,0,0,0,0,0,0,0,0,0,0,0,0,0,0,0,0,0,0,0,0,0,NA,NA,2,0,0,0,0,0,0,0,0,0,0,2,3,2,2,2,4,1,2,2,2,10,1,1,1,5,1,1,1,1,1,1,1,444,0,1,5,4,3,1,5,3,2,NA,"               "
"243",2,1998,17,1,NA,"MASKED BY ICPSR",0,1,5,1,1,1,2,1,1,1,0,0,0,0,0,0,0,0,0,0,0,0,0,0,1,0,0,0,1,3,1,1,0,1,0,0,0,1,0,0,1,0,0,1,0,0,0,1,0,0,0,0,0,0,0,0,0,0,0,0,0,1,0,0,0,0,0,0,1,3,3,0,0,0,0,0,0,0,0,0,0,3,3,3,2,2,4,1,3,3,1,9,3,1,5,5,5,5,5,9,5,5,5,200,3,2,5,4,4,6,6,4,2,NA,"               "
"244",2,1999,16,1,NA,"MASKED BY ICPSR",0,5,5,1,1,1,1,1,1,0,0,0,0,0,0,0,0,0,0,0,0,0,0,0,0,0,1,0,0,3,0,0,0,0,0,0,0,0,0,0,0,0,0,0,0,0,0,0,0,0,0,0,0,0,0,0,0,0,0,0,0,0,0,0,0,0,0,0,NA,NA,2,0,0,0,0,0,0,0,0,0,0,2,1,3,3,3,1,1,1,1,1,9,5,5,4,5,5,1,1,1,8,5,6,130,11,2,5,4,2,3,5,3,2,NA,"               "
"245",2,1998,17,1,NA,"MASKED BY ICPSR",0,1,5,1,1,1,1,1,1,1,0,0,0,1,0,0,0,0,0,0,0,0,0,0,1,0,0,0,1,2,1,1,0,1,1,0,0,0,0,0,1,1,0,0,0,0,0,0,0,0,0,0,0,0,0,0,1,0,0,0,0,0,0,0,0,0,0,0,2,4,3,0,0,0,0,0,0,0,0,0,0,NA,NA,NA,NA,NA,NA,NA,NA,NA,NA,NA,NA,NA,NA,NA,NA,NA,NA,NA,NA,NA,NA,NA,NA,NA,NA,NA,NA,NA,NA,NA,NA,NA,"               "
"246",2,1998,17,1,NA,"MASKED BY ICPSR",1,2,5,1,1,1,2,1,1,1,0,0,0,0,0,0,0,0,0,0,0,0,0,0,0,0,0,0,1,3,1,1,1,1,1,0,1,1,1,1,1,0,1,0,0,1,0,0,0,0,0,0,0,0,0,0,0,0,0,0,0,0,0,0,0,0,0,0,3,1,4,0,0,0,0,0,0,0,0,0,0,NA,NA,NA,NA,NA,NA,NA,NA,NA,NA,NA,NA,NA,NA,NA,NA,NA,NA,NA,NA,NA,NA,NA,NA,NA,NA,NA,NA,NA,NA,NA,NA,NA,"               "
"247",1,1999,16,1,NA,"MASKED BY ICPSR",0,1,3,4,4,NA,1,1,0,0,0,0,0,0,0,0,0,0,0,0,0,0,0,0,0,0,0,0,0,3,0,0,0,0,0,0,0,0,0,0,0,0,0,0,0,0,0,0,0,0,0,0,0,0,0,0,0,0,0,0,0,0,0,0,0,0,0,0,NA,NA,1,0,0,0,0,0,0,0,0,0,0,NA,NA,NA,NA,NA,NA,NA,NA,NA,NA,NA,NA,NA,NA,NA,NA,NA,NA,NA,NA,NA,NA,NA,NA,NA,NA,NA,NA,NA,NA,NA,NA,NA,"               "
"248",1,1997,18,1,NA,"MASKED BY ICPSR",0,3,5,1,1,1,1,1,1,0,0,0,0,0,0,0,0,0,0,0,0,0,0,0,0,0,1,0,1,2,0,0,0,0,0,0,0,0,0,0,0,0,0,0,0,0,0,0,0,0,0,0,0,0,0,0,0,0,0,0,0,0,0,0,0,0,0,0,NA,NA,2,0,0,0,0,0,0,0,0,0,0,NA,NA,NA,NA,NA,NA,NA,NA,NA,NA,NA,NA,NA,NA,NA,NA,NA,NA,NA,NA,NA,NA,NA,NA,NA,NA,NA,NA,NA,NA,NA,NA,NA,"               "
"249",1,1999,16,1,NA,"MASKED BY ICPSR",0,4,5,1,1,1,1,0,0,0,0,0,0,1,0,0,0,0,0,0,0,0,0,0,0,0,0,0,1,1,0,0,0,0,0,0,0,0,0,0,0,0,0,0,0,0,0,0,0,0,0,0,0,0,0,0,0,0,0,0,0,0,0,0,0,0,0,0,NA,NA,1,0,0,0,0,0,0,0,0,0,0,NA,NA,NA,NA,NA,NA,NA,NA,NA,NA,NA,NA,NA,NA,NA,NA,NA,NA,NA,NA,NA,NA,NA,NA,NA,NA,NA,NA,NA,NA,NA,NA,NA,"               "
"250",1,1988,27,1,NA,"MASKED BY ICPSR",1,1,3,4,2,NA,1,1,1,0,0,0,0,0,0,0,0,0,0,0,0,0,0,0,0,0,0,0,0,NA,0,0,0,0,0,0,0,0,0,0,0,0,0,0,0,0,0,0,0,0,0,0,0,0,0,0,0,0,0,0,0,0,0,0,0,0,0,0,NA,NA,3,0,0,0,0,0,0,0,0,0,0,NA,NA,NA,NA,NA,NA,NA,NA,NA,NA,NA,NA,NA,NA,NA,NA,NA,NA,NA,NA,NA,NA,NA,NA,NA,NA,NA,NA,NA,NA,NA,NA,NA,"               "
"251",1,1998,17,1,NA,"MASKED BY ICPSR",0,3,5,1,1,1,3,0,1,0,0,0,0,0,0,0,0,0,0,0,0,0,0,0,0,0,0,0,0,3,0,0,0,0,0,0,0,0,0,0,0,0,0,0,0,0,0,0,0,0,0,0,0,0,0,0,0,0,0,0,0,0,0,0,0,0,0,0,NA,NA,1,0,0,0,0,0,0,0,0,0,0,NA,NA,NA,NA,NA,NA,NA,NA,NA,NA,NA,NA,NA,NA,NA,NA,NA,NA,NA,NA,NA,NA,NA,NA,NA,NA,NA,NA,NA,NA,NA,NA,NA,"               "
"252",1,1998,17,1,NA,"MASKED BY ICPSR",0,4,4,1,1,NA,NA,0,0,0,0,0,0,0,0,0,0,0,0,0,0,0,0,0,0,0,0,0,0,NA,NA,NA,0,0,0,0,0,0,0,0,0,0,0,0,0,0,0,0,0,0,0,0,0,0,0,0,0,0,0,0,0,0,0,0,0,0,0,0,NA,NA,NA,NA,0,0,0,0,0,0,0,0,0,NA,NA,NA,NA,NA,NA,NA,NA,NA,NA,NA,NA,NA,NA,NA,NA,NA,NA,NA,NA,NA,NA,NA,NA,NA,NA,NA,NA,NA,NA,NA,NA,NA,"               "
"253",1,1999,16,2,NA,".              ",1,4,5,1,1,1,1,1,1,1,0,0,0,1,0,0,0,0,0,0,0,0,1,0,0,0,0,0,1,2,0,0,0,0,0,0,0,0,0,0,0,0,0,0,0,0,0,0,0,0,0,0,0,0,0,0,0,0,0,0,0,0,0,0,0,0,0,0,NA,NA,1,0,0,0,0,0,0,0,0,0,0,3,1,2,2,3,3,1,3,3,1,5,3,3,4,5,1,5,5,3,9,6,6,100,2,2,5,5,3,2,3,5,2,NA,"MASKED BY ICPSR"
"254",1,1979,36,2,NA,"MASKED BY ICPSR",1,2,2,2,2,NA,3,1,1,1,0,0,0,1,0,0,0,0,0,0,0,0,0,0,1,0,0,0,1,3,1,1,0,0,0,0,1,0,1,1,0,0,0,0,0,1,0,0,0,0,0,0,0,0,0,0,0,0,0,0,0,0,0,0,0,0,0,0,1,1,3,0,0,0,0,0,0,0,0,0,0,3,2,3,2,2,3,1,4,1,2,6,1,1,7,8,2,6,6,8,8,5,5,330,3,2,5,4,1,4,6,6,2,NA,"               "
"255",2,2000,15,2,NA,"MASKED BY ICPSR",0,4,4,4,2,NA,1,1,1,1,0,0,0,0,0,0,0,0,0,0,0,0,0,0,0,0,1,0,0,3,0,0,0,0,0,0,0,0,0,0,0,0,0,0,0,0,0,0,0,0,0,0,0,0,0,0,0,0,0,0,0,0,0,0,0,0,0,0,NA,NA,2,0,0,0,0,0,0,0,0,0,0,4,3,2,4,4,3,1,4,4,1,10,6,8,9,9,4,5,5,5,8,5,5,300,1,1,5,5,3,1,3,1,2,NA,"               "
"256",1,1979,36,2,NA,"MASKED BY ICPSR",0,1,2,3,4,NA,4,1,1,1,0,1,0,0,1,0,0,1,1,0,0,0,0,0,0,1,0,0,0,4,0,0,0,0,0,0,0,0,0,0,0,0,0,0,0,0,0,0,0,0,0,0,0,0,0,0,0,0,0,0,0,0,0,0,0,0,0,0,NA,NA,2,0,0,0,0,0,0,0,0,0,0,2,1,2,1,2,2,2,2,2,2,10,10,10,5,4,3,4,4,5,3,5,3,50,2,3,5,3,2,2,2,2,2,NA,"MASKED BY ICPSR"
"257",2,1998,17,2,NA,"MASKED BY ICPSR",0,4,5,2,1,3,4,1,1,1,0,0,0,1,0,0,0,0,0,1,1,0,1,0,0,0,1,0,1,4,1,1,0,1,1,1,1,1,1,1,0,1,0,0,0,0,0,0,0,0,0,0,0,0,0,0,0,1,0,0,0,0,1,0,0,0,0,0,3,1,3,0,0,0,0,0,0,0,0,0,0,3,3,3,4,4,2,1,4,2,1,10,5,8,1,1,1,1,1,1,1,1,1,110,10,3,5,4,3,4,3,3,2,NA,"MASKED BY ICPSR"
"258",2,1998,17,2,NA,"MASKED BY ICPSR",1,2,5,1,1,1,4,0,1,0,0,0,0,0,0,0,0,1,0,0,0,0,0,0,0,0,0,0,1,3,1,1,0,1,0,0,0,0,0,0,0,0,1,0,0,0,1,0,0,0,0,0,0,0,0,0,0,0,0,0,0,0,0,0,0,0,0,0,3,3,1,0,0,0,0,0,0,0,0,0,0,2,3,3,2,2,2,2,3,2,2,4,2,4,3,3,3,3,3,5,7,5,5,0,6,1,5,5,2,2,2,2,2,NA,"               "
"259",2,1979,36,2,NA,"MASKED BY ICPSR",0,1,2,4,2,NA,1,1,1,0,0,0,0,0,0,0,0,0,0,0,0,0,0,0,0,0,1,0,0,4,1,1,1,1,0,0,0,0,0,0,0,0,1,0,0,1,1,0,0,0,0,0,0,0,0,0,0,0,0,0,0,0,0,0,0,0,0,0,1,3,3,1,1,0,0,0,0,0,0,0,0,1,1,1,1,1,1,1,1,1,1,9,8,9,9,8,7,8,9,8,7,8,9,40,8,1,5,4,4,5,5,4,1,6,"MASKED BY ICPSR"
"260",2,1999,16,2,NA,"MASKED BY ICPSR",0,3,5,1,1,1,1,1,1,0,0,0,0,0,0,0,0,1,0,0,0,0,1,0,0,0,0,1,1,2,1,1,1,1,1,0,0,0,0,0,0,1,0,0,0,1,0,0,0,0,0,0,0,0,0,0,0,0,0,0,0,0,0,0,0,0,0,0,3,4,4,1,0,0,0,1,0,0,0,0,0,2,1,2,2,2,3,1,2,3,1,9,3,1,3,3,1,8,10,1,10,6,7,30,2,2,5,4,3,2,4,1,2,NA,"               "
"261",2,2000,15,2,NA,"MASKED BY ICPSR",0,5,1,NA,5,NA,6,0,0,0,0,0,0,0,0,0,0,0,0,0,0,0,0,0,0,1,0,0,0,4,0,0,0,0,0,0,0,0,0,0,0,0,0,0,0,0,0,0,0,0,0,0,0,0,0,0,0,0,0,0,0,0,0,0,0,0,0,0,NA,NA,4,0,0,0,0,0,0,0,0,0,0,NA,NA,NA,NA,NA,NA,NA,NA,NA,NA,NA,NA,NA,NA,NA,NA,NA,NA,NA,NA,NA,NA,NA,NA,NA,NA,NA,NA,NA,NA,NA,NA,NA,"               "
"262",2,1984,31,NA,NA,"MASKED BY ICPSR",0,1,4,2,5,NA,5,1,1,0,0,1,0,1,0,0,0,0,0,0,0,0,0,0,0,0,0,0,1,4,0,0,0,0,0,0,0,0,0,0,0,0,0,0,0,0,0,0,0,0,0,0,0,0,0,0,0,0,0,0,0,0,0,0,0,0,0,0,NA,NA,2,0,0,0,0,0,0,0,0,0,0,3,3,4,3,3,2,1,3,3,3,10,5,5,5,5,5,5,5,5,5,5,5,85,3,3,5,3,3,6,3,3,2,NA,"MASKED BY ICPSR"
"263",1,1987,28,NA,NA,"MASKED BY ICPSR",0,2,5,2,3,NA,2,1,1,1,0,0,0,0,0,0,0,0,0,0,0,0,0,0,0,0,0,0,1,4,0,0,0,0,0,0,0,0,0,0,0,0,0,0,0,0,0,0,0,0,0,0,0,0,0,0,0,0,0,0,0,0,0,0,0,0,0,0,NA,NA,1,0,0,0,0,0,0,0,0,0,0,3,3,1,1,1,4,1,3,2,1,7,1,2,1,1,1,1,1,1,2,1,1,72,0,1,4,4,1,1,6,6,2,NA,"               "
"264",2,1981,34,NA,NA,"MASKED BY ICPSR",0,1,4,4,2,NA,2,1,1,0,0,0,0,0,0,0,0,0,0,0,0,0,0,0,0,0,0,0,0,3,1,1,0,1,1,1,0,1,1,1,0,1,0,0,0,1,1,0,0,0,0,0,0,0,0,0,0,0,0,0,0,0,0,0,0,0,0,0,1,4,4,0,0,0,0,0,0,0,0,0,0,3,1,2,3,3,3,1,4,4,1,10,10,1,7,7,6,7,7,7,8,6,6,36,4,4,5,5,3,3,6,3,2,NA,"MASKED BY ICPSR"
"265",2,1996,19,NA,NA,"MASKED BY ICPSR",1,2,5,1,1,1,3,1,1,0,0,1,0,0,0,0,0,0,0,0,0,0,0,0,0,0,0,0,1,3,1,1,0,1,0,0,0,0,0,0,1,0,0,1,0,0,1,0,0,0,0,0,0,0,0,0,0,0,0,0,0,0,0,0,0,0,0,0,1,4,4,0,0,0,0,0,0,0,0,0,0,4,3,3,1,1,4,1,2,2,2,10,7,1,1,1,1,1,1,1,1,1,1,209,1,1,4,2,1,1,1,1,1,4,"MASKED BY ICPSR"
"266",2,1993,22,NA,NA,"MASKED BY ICPSR",1,1,5,3,1,3,3,1,1,1,0,1,0,0,0,0,0,1,0,0,0,0,0,0,1,0,0,0,1,3,1,1,1,0,0,0,1,0,1,0,0,0,0,0,0,1,0,0,0,0,0,0,0,0,0,0,0,0,0,0,0,0,0,0,0,0,0,0,2,1,3,0,0,0,0,0,0,0,0,0,0,3,3,3,2,3,2,2,2,3,3,8,8,4,6,8,6,6,6,7,7,7,7,450,30,1,5,5,3,3,3,3,2,NA,"MASKED BY ICPSR"
"267",2,1985,30,1,NA,"MASKED BY ICPSR",0,1,4,5,2,NA,1,1,1,1,0,1,0,1,1,0,0,1,1,0,0,0,0,1,1,1,1,0,1,4,1,1,1,0,0,0,0,0,1,0,0,0,0,0,0,1,1,0,0,0,0,0,0,0,0,1,0,0,0,0,0,0,1,0,0,0,0,1,2,1,2,1,1,0,0,0,0,0,0,0,0,2,2,3,3,3,2,3,3,3,3,9,8,9,9,9,8,9,8,8,9,8,8,150,5,2,5,4,3,4,4,3,2,NA,"MASKED BY ICPSR"
"268",1,1985,30,1,NA,"MASKED BY ICPSR",1,1,4,3,3,NA,1,1,1,1,0,1,0,1,0,0,0,0,0,1,0,0,0,0,0,1,1,0,1,3,1,1,1,0,1,0,1,0,0,0,0,0,0,1,0,1,1,1,1,0,1,0,0,0,0,0,0,0,0,0,0,0,1,0,0,1,0,1,3,4,3,1,0,0,0,0,0,0,1,0,0,3,1,3,3,4,4,4,3,3,3,10,9,8,10,9,8,7,6,5,4,6,NA,150,45,3,5,4,3,4,4,3,1,5,"MASKED BY ICPSR"
"269",2,1990,25,1,NA,"MASKED BY ICPSR",0,2,2,4,1,4,1,1,1,1,0,1,0,1,0,0,0,1,0,0,0,0,0,0,1,1,0,0,1,3,1,1,0,1,1,0,0,0,1,0,0,0,1,0,0,1,0,0,0,0,0,0,0,0,0,0,0,0,0,0,0,0,1,0,0,0,0,0,1,4,2,0,0,0,0,0,0,0,0,0,0,3,3,2,2,2,4,1,3,3,1,7,7,3,5,5,1,4,3,1,9,5,5,935,20,1,5,4,2,3,6,3,2,NA,"MASKED BY ICPSR"
"270",2,1994,21,1,NA,"MASKED BY ICPSR",0,1,5,1,3,NA,3,1,1,0,0,0,0,0,0,0,0,1,0,0,0,0,0,0,1,0,0,0,1,3,1,1,0,0,0,0,1,0,1,1,1,1,1,1,0,1,0,1,0,0,0,0,0,0,0,0,0,0,0,0,0,0,0,0,0,0,0,0,3,3,3,1,0,0,0,0,0,0,0,1,0,3,3,3,1,1,4,1,4,4,1,NA,NA,NA,5,6,3,4,4,6,5,5,5,53,3,2,3,3,3,3,3,3,1,1,"MASKED BY ICPSR"
"271",2,1988,27,1,NA,"MASKED BY ICPSR",0,3,4,3,2,NA,1,1,1,0,0,0,0,0,0,0,0,0,0,0,0,0,0,0,0,0,0,0,0,4,1,1,0,1,0,1,1,1,1,1,1,1,0,0,0,1,1,0,0,0,0,0,0,0,0,0,0,0,0,0,0,0,0,0,0,0,0,0,1,3,3,0,0,0,0,0,0,0,0,0,0,3,2,3,4,2,3,2,4,3,2,10,10,8,1,7,2,5,1,1,3,1,1,250,5,2,5,5,3,3,5,3,2,NA,"MASKED BY ICPSR"
"272",1,1990,25,1,NA,"MASKED BY ICPSR",0,1,1,3,2,NA,1,1,1,0,0,1,0,0,0,0,0,0,0,0,0,0,0,0,0,0,0,0,1,3,1,1,1,1,0,1,0,0,1,0,1,0,0,0,0,1,1,0,1,0,0,0,0,0,0,0,0,0,0,0,0,0,1,0,0,0,0,0,3,1,2,1,1,0,1,0,0,0,0,0,0,4,2,2,3,4,2,3,2,3,3,6,6,6,7,7,6,6,5,5,6,6,5,200,50,3,3,4,3,5,4,4,1,6,"               "
"273",2,1984,31,1,NA,"MASKED BY ICPSR",0,1,4,4,2,NA,1,1,1,1,0,1,0,0,1,0,1,1,0,0,0,0,1,1,1,1,1,0,1,4,1,1,1,1,0,0,0,0,0,0,0,0,0,0,0,1,1,1,0,0,0,0,1,1,1,0,0,1,0,1,0,0,0,0,1,1,0,0,1,2,3,1,0,0,1,1,1,1,1,0,0,3,1,2,2,3,3,3,NA,3,2,10,6,9,10,9,10,10,9,8,9,10,9,300,200,1,5,5,4,4,4,4,2,NA,"MASKED BY ICPSR"
"274",2,1981,34,1,NA,"MASKED BY ICPSR",0,1,4,3,5,NA,4,1,1,0,0,0,0,0,0,0,0,0,0,0,0,0,0,0,1,0,0,0,1,3,1,1,0,1,1,0,0,0,1,1,0,0,0,0,0,1,0,0,0,0,0,0,0,0,0,0,1,0,0,0,0,0,0,0,0,0,0,0,3,2,4,0,0,0,0,0,0,0,0,0,0,4,3,4,1,1,4,1,3,3,1,9,9,1,1,1,1,3,3,3,3,4,5,125,10,2,4,4,2,2,6,6,2,NA,"MASKED BY ICPSR"
"275",NA,1986,29,1,NA,"MASKED BY ICPSR",1,1,2,5,2,NA,1,1,1,1,0,1,1,1,1,0,0,1,1,1,1,1,1,1,1,1,1,0,1,4,1,1,0,1,1,0,0,0,0,1,0,0,1,0,0,0,1,0,0,0,0,0,0,0,0,0,0,0,0,0,0,0,0,0,0,0,0,0,3,4,3,0,0,0,0,0,0,0,0,0,0,3,2,2,1,2,1,1,1,1,2,6,5,6,6,7,8,5,6,7,8,6,6,5,0,1,4,3,4,5,4,3,2,NA,"               "
"276",1,1986,29,1,NA,"MASKED BY ICPSR",1,1,2,3,2,NA,1,1,1,1,1,0,0,0,0,1,0,1,0,0,0,0,0,0,0,0,0,0,0,4,1,1,0,1,0,0,0,0,0,0,0,1,0,0,0,0,0,1,0,0,0,0,0,0,0,0,0,0,0,0,0,0,0,0,0,0,0,0,1,2,4,1,0,1,0,0,0,0,0,0,0,2,1,3,4,3,3,3,4,4,2,6,7,8,9,9,7,6,6,7,8,8,10,5,5,1,4,5,3,3,4,4,1,4,"MASKED BY ICPSR"
"277",2,1985,30,1,NA,"MASKED BY ICPSR",0,3,6,4,4,NA,1,1,0,0,0,0,0,0,0,0,0,0,0,0,0,0,0,0,0,0,0,0,0,4,0,0,0,0,0,0,0,0,0,0,0,0,0,0,0,0,0,0,0,0,0,0,0,0,0,0,0,0,0,0,0,0,0,0,0,0,0,0,NA,NA,1,0,0,0,0,0,0,0,0,0,0,1,1,2,2,4,1,1,3,3,1,10,10,1,8,8,1,8,9,9,10,8,10,50,2,2,5,5,3,6,5,6,2,NA,"               "
"278",1,1982,33,1,NA,"MASKED BY ICPSR",0,3,4,4,2,NA,1,1,1,1,0,1,0,1,0,0,0,1,0,0,1,1,0,1,1,1,1,1,1,4,1,1,0,1,0,0,1,1,0,0,1,0,0,0,0,0,1,0,0,0,0,0,0,0,0,0,0,0,0,0,1,0,0,0,0,0,0,0,1,2,4,0,0,0,0,0,0,0,0,0,0,1,1,2,2,2,4,1,2,2,1,3,2,2,8,8,7,9,5,7,6,2,1,63,10,2,2,5,1,1,1,1,1,3,"MASKED BY ICPSR"
"279",2,1991,24,1,NA,"MASKED BY ICPSR",0,1,5,3,1,3,1,1,1,0,0,1,0,1,0,0,0,0,0,0,0,0,0,0,1,1,1,0,1,3,1,0,0,0,0,0,0,0,0,0,0,0,0,0,0,0,0,0,0,0,0,0,0,0,0,0,0,0,0,0,0,0,0,0,0,0,0,0,NA,NA,3,0,0,0,0,0,0,0,0,0,0,3,1,3,2,3,1,1,4,4,1,8,6,10,4,5,1,3,4,2,9,4,7,350,10,3,5,5,3,2,5,3,2,NA,"               "
"280",2,1982,33,1,NA,"MASKED BY ICPSR",0,2,2,3,2,NA,1,1,1,1,0,1,0,1,0,0,1,0,0,1,1,0,1,0,1,0,0,0,1,4,1,1,0,1,1,1,1,0,1,1,1,1,1,1,0,1,1,1,0,0,0,0,0,0,0,0,1,1,0,0,0,1,1,1,0,0,0,0,2,1,4,1,0,0,0,0,1,0,0,0,0,4,2,4,3,3,3,1,2,2,1,4,6,1,1,8,1,1,1,1,4,1,1,150,10,2,5,5,3,2,2,2,2,NA,"MASKED BY ICPSR"
"281",2,1990,25,1,NA,"MASKED BY ICPSR",0,2,3,3,3,NA,2,1,1,1,0,1,0,0,0,0,0,1,0,0,0,0,1,0,0,0,1,0,1,4,1,1,0,0,0,0,1,0,1,0,0,0,0,0,0,1,0,0,0,0,0,0,0,0,0,0,0,0,0,0,0,0,0,0,0,0,0,0,1,1,4,0,0,0,0,0,0,0,0,0,0,4,2,4,2,2,4,1,2,2,1,8,6,4,1,1,1,1,1,2,1,1,1,100,4,2,4,3,1,1,2,1,1,5,"MASKED BY ICPSR"
"282",2,1980,35,1,NA,"MASKED BY ICPSR",0,3,4,2,5,NA,1,1,1,1,0,0,0,0,0,0,0,0,0,0,0,0,0,0,0,0,0,0,1,4,1,1,0,1,0,0,0,0,0,0,1,0,0,0,0,1,0,0,0,0,0,0,0,0,0,0,0,0,0,0,0,0,0,0,0,0,0,0,1,3,3,0,0,0,0,0,0,0,0,0,0,2,3,2,3,3,2,1,3,3,1,5,4,6,1,4,2,3,2,3,5,3,2,240,2,2,4,3,3,6,3,6,2,NA,"MASKED BY ICPSR"
"283",2,1983,32,1,NA,"MASKED BY ICPSR",1,2,4,2,3,NA,1,1,1,1,0,1,0,1,1,0,0,1,1,0,0,0,0,1,1,1,1,0,0,4,1,1,1,0,0,0,0,0,1,0,0,0,0,0,0,1,0,0,0,0,0,0,0,0,0,0,0,0,0,0,0,0,0,0,0,0,0,0,3,1,1,1,0,1,1,1,0,0,1,1,0,4,1,4,4,3,3,4,4,4,4,10,10,10,10,10,10,10,10,10,10,10,9,1000,200,2,5,5,5,5,5,5,1,3,"MASKED BY ICPSR"
"284",2,1995,20,1,NA,"MASKED BY ICPSR",0,1,4,5,2,NA,1,1,1,1,0,1,0,0,0,0,0,1,0,1,1,0,0,0,0,1,1,0,1,4,1,1,1,0,0,0,0,0,1,0,0,0,0,0,0,1,0,1,0,0,0,0,0,0,0,0,0,0,0,0,0,0,0,0,0,0,0,0,2,2,3,0,0,0,0,0,0,0,0,0,0,3,2,3,3,3,3,3,3,3,2,9,9,8,9,9,8,9,9,8,9,8,8,150,3,2,5,5,4,5,4,4,1,5,"MASKED BY ICPSR"
"285",2,1982,33,1,NA,"MASKED BY ICPSR",0,3,4,2,5,NA,1,1,0,0,0,1,0,0,0,0,0,0,0,0,0,0,1,0,1,0,0,0,1,3,0,0,0,0,0,0,0,0,0,0,0,0,0,0,0,0,0,0,0,0,0,0,0,0,0,0,0,0,0,0,0,0,0,0,0,0,0,0,NA,NA,2,0,0,0,0,0,0,0,0,0,0,2,1,2,2,2,2,1,4,3,1,6,1,1,6,8,1,4,4,4,10,4,10,400,4,4,5,5,1,1,1,1,2,NA,"MASKED BY ICPSR"
"286",1,1996,19,1,NA,"MASKED BY ICPSR",0,5,2,3,1,3,3,1,1,1,0,1,0,1,0,0,0,1,0,1,1,1,1,1,1,1,1,0,1,4,1,1,0,1,0,0,0,0,1,0,0,0,0,0,0,1,1,0,0,0,0,0,0,0,0,0,0,1,1,0,0,0,0,0,0,0,0,0,2,3,2,0,0,0,0,0,0,0,0,0,0,2,1,3,4,4,2,1,3,4,2,7,8,4,4,6,4,5,4,8,8,3,3,700,20,2,5,5,3,4,1,5,2,NA,"MASKED BY ICPSR"
"287",1,1983,32,1,NA,"MASKED BY ICPSR",0,1,2,2,3,NA,1,1,1,1,0,1,0,1,1,0,1,0,1,0,0,0,1,0,0,1,1,0,1,4,1,1,1,0,0,0,0,0,1,0,0,0,0,0,0,1,1,0,0,0,0,0,0,0,0,0,0,0,0,0,0,0,1,0,0,0,0,0,3,5,2,1,1,0,0,0,0,0,0,0,0,3,3,3,3,3,3,3,3,3,3,5,7,6,7,8,7,7,8,8,7,7,7,1200,5,2,4,3,3,4,3,3,2,NA,"MASKED BY ICPSR"
"288",2,1986,29,1,NA,"MASKED BY ICPSR",1,3,NA,3,4,NA,1,1,1,1,0,1,0,1,1,0,1,1,0,1,1,0,1,1,1,0,1,0,1,3,1,1,1,0,1,0,1,0,1,0,1,1,1,0,0,1,1,1,0,0,0,0,0,1,1,0,1,1,1,0,0,1,0,1,0,1,0,0,2,4,4,1,1,0,1,0,1,0,0,0,0,3,1,1,3,3,2,2,3,3,3,8,9,9,9,8,7,8,8,9,9,9,8,588,NA,3,5,4,5,5,4,5,2,NA,"MASKED BY ICPSR"
"289",1,1983,32,1,NA,"MASKED BY ICPSR",0,3,5,4,3,NA,1,1,1,0,0,0,0,0,0,0,0,0,0,0,0,0,0,0,0,0,0,0,0,2,0,0,0,0,0,0,0,0,0,0,0,0,0,0,0,0,0,0,0,0,0,0,0,0,0,0,0,0,0,0,0,0,0,0,0,0,0,0,NA,NA,3,0,0,0,0,0,0,0,0,0,0,3,1,3,2,2,2,1,2,3,1,6,5,5,4,7,4,6,5,5,4,4,5,100,10,2,4,2,2,4,3,3,2,NA,"MASKED BY ICPSR"
"290",1,1988,27,1,NA,"MASKED BY ICPSR",0,4,1,4,1,3,1,1,1,1,0,0,0,0,0,0,0,0,0,0,1,0,0,0,0,0,0,0,1,3,0,0,0,0,0,0,0,0,0,0,0,0,0,0,0,0,0,0,0,0,0,0,0,0,0,0,0,0,0,0,0,0,0,0,0,0,0,0,NA,NA,2,0,0,0,0,0,0,0,0,0,0,2,3,2,2,2,2,2,2,2,2,8,8,8,8,8,8,8,8,8,8,8,8,170,2,2,5,5,5,5,5,5,2,NA,"               "
"291",1,1985,30,1,NA,"MASKED BY ICPSR",0,1,1,3,2,NA,1,1,1,0,0,1,0,0,1,0,0,1,0,0,1,1,1,1,1,0,1,1,1,4,1,1,1,1,0,1,1,0,1,1,1,1,1,0,0,1,1,1,0,0,0,0,0,0,0,0,0,1,1,0,0,0,0,0,0,0,0,0,1,2,3,0,0,0,0,0,0,0,0,0,0,3,1,3,3,3,2,1,2,2,3,9,8,7,3,8,5,1,1,7,3,1,1,300,100,2,3,5,1,2,6,6,2,NA,"MASKED BY ICPSR"
"292",2,1982,33,1,NA,"MASKED BY ICPSR",0,2,4,4,5,NA,1,1,1,0,0,0,0,0,0,0,0,0,0,0,0,0,0,0,0,0,1,0,1,3,1,1,1,1,1,1,1,1,1,0,0,0,0,0,0,1,0,0,0,0,0,0,0,0,0,0,0,0,0,0,0,0,0,0,0,0,0,0,3,1,3,0,0,0,0,0,0,0,0,0,0,3,2,3,1,1,4,1,2,2,1,6,6,5,5,5,4,7,7,8,8,8,8,400,5,3,5,4,3,2,2,2,2,NA,"               "
"293",1,1987,28,1,NA,"MASKED BY ICPSR",1,1,6,4,2,NA,2,1,1,1,0,1,0,1,0,0,0,0,0,0,0,0,1,0,0,0,0,0,1,4,1,1,0,1,0,0,0,0,1,0,0,0,0,0,0,0,0,0,0,0,0,0,0,0,0,0,1,0,0,0,0,0,0,0,0,0,0,0,3,4,4,0,0,0,0,0,0,0,0,0,0,3,3,4,1,1,4,1,3,4,4,7,7,1,1,3,1,4,3,4,1,3,3,0,2,1,5,5,1,1,1,1,2,NA,"               "
"294",2,1985,30,1,NA,"MASKED BY ICPSR",1,1,2,4,2,NA,4,1,1,1,0,0,0,0,0,0,0,0,0,0,0,0,0,0,1,0,0,0,1,4,1,1,1,1,1,1,1,1,1,1,0,1,0,0,0,1,0,0,0,0,0,0,0,0,0,0,0,1,0,0,0,0,0,1,0,0,0,0,1,4,4,0,0,0,0,0,0,0,0,0,0,3,3,3,2,2,3,3,4,4,3,6,6,6,10,6,6,1,1,1,5,1,6,311,5,1,4,5,1,1,1,1,2,NA,"               "
"295",2,1989,26,1,NA,"MASKED BY ICPSR",1,2,6,3,3,NA,5,1,1,0,0,0,0,0,0,0,0,0,0,0,0,0,0,0,0,0,0,0,1,3,0,0,0,0,0,0,0,0,0,0,0,0,0,0,0,0,0,0,0,0,0,0,0,0,0,0,0,0,0,0,0,0,0,0,0,0,0,0,NA,NA,3,0,0,0,0,0,0,0,0,0,0,3,3,3,2,1,4,1,1,3,1,5,5,5,5,5,5,5,5,5,5,5,NA,500,25,2,3,3,3,3,3,3,2,NA,"MASKED BY ICPSR"
"296",1,1984,31,1,NA,"MASKED BY ICPSR",0,1,4,5,2,NA,1,1,1,0,1,1,1,0,0,1,0,0,1,0,0,1,0,1,0,0,1,0,0,4,1,1,1,0,1,1,0,1,1,0,1,0,0,0,0,1,1,0,1,0,1,1,0,0,0,0,0,0,0,0,0,0,1,0,0,1,0,0,1,4,2,1,1,0,1,1,0,1,0,1,0,2,NA,4,3,3,4,3,NA,4,2,NA,NA,NA,9,8,9,7,7,8,7,6,7,1000,500,3,5,4,4,5,4,3,1,4,"MASKED BY ICPSR"
"297",2,1986,29,1,NA,"MASKED BY ICPSR",1,1,4,3,5,NA,3,1,1,1,0,0,0,1,0,0,0,0,0,0,0,0,0,0,1,1,1,0,1,4,1,1,1,1,0,0,1,0,1,1,1,1,1,1,0,1,0,0,0,0,0,0,0,0,0,0,0,0,0,0,0,0,0,0,0,0,0,0,3,1,4,1,0,0,0,0,1,0,1,0,0,4,3,4,3,4,3,1,3,4,1,8,4,2,7,5,3,1,1,3,8,1,1,242,40,3,5,6,3,4,3,1,2,NA,"MASKED BY ICPSR"
"298",2,1980,35,1,NA,"MASKED BY ICPSR",0,4,3,3,3,NA,1,1,1,0,0,0,0,1,0,0,0,0,0,0,0,0,0,0,0,0,0,0,1,4,1,1,0,1,1,1,1,1,1,0,0,0,1,0,0,1,0,0,0,0,0,0,0,0,0,0,0,0,0,0,0,0,0,0,0,0,0,0,1,3,3,0,0,0,0,0,0,0,0,0,0,2,1,2,2,2,2,1,2,2,1,5,5,1,3,3,2,6,6,6,6,4,4,400,1,1,4,2,1,6,6,6,2,NA,"               "
"299",1,1988,27,1,NA,"MASKED BY ICPSR",1,2,4,3,3,NA,1,1,1,1,0,1,0,0,0,0,0,0,0,0,0,0,0,1,0,0,1,0,0,2,1,1,0,1,0,0,0,0,1,0,0,0,0,0,0,1,1,1,1,0,0,0,0,0,0,0,1,0,1,0,1,0,0,0,0,1,0,0,2,2,2,1,0,1,0,0,0,0,1,0,0,3,1,3,4,3,2,3,3,3,2,9,7,8,8,9,8,7,9,8,7,8,8,7,8,2,5,4,3,3,2,4,1,2,"MASKED BY ICPSR"
"300",1,1987,28,1,NA,"MASKED BY ICPSR",0,5,5,4,4,NA,1,1,1,1,0,1,0,1,0,0,0,0,0,0,0,0,0,0,0,1,0,0,1,4,1,1,0,1,1,1,1,1,0,0,0,1,0,0,0,1,0,0,0,0,0,0,0,0,0,0,0,0,0,0,0,0,0,0,0,0,0,1,1,3,2,0,0,0,0,0,0,0,0,0,0,2,3,2,2,3,3,1,4,4,1,7,4,7,7,7,5,6,6,6,6,6,6,400,25,2,3,4,2,4,6,4,2,NA,"MASKED BY ICPSR"
"301",2,1991,24,1,NA,"MASKED BY ICPSR",0,1,5,2,4,NA,1,1,1,1,0,1,1,1,1,0,0,1,0,1,1,1,1,1,1,1,1,1,1,4,1,1,1,1,1,0,0,0,1,1,0,1,1,1,0,1,1,0,0,0,1,0,0,0,0,0,0,0,0,0,0,0,0,0,0,0,0,0,NA,2,2,1,0,0,1,0,0,0,0,0,0,3,2,1,2,2,1,2,3,3,2,3,5,4,4,5,NA,7,6,4,6,6,8,200,0,2,2,3,2,2,2,2,2,NA,"               "
"302",1,1979,36,1,NA,"MASKED BY ICPSR",1,1,4,3,1,2,1,0,1,1,1,1,0,1,0,1,0,0,0,0,0,0,0,0,0,0,0,1,1,4,1,1,1,0,0,0,0,0,0,1,0,0,0,0,0,0,1,0,0,0,0,0,0,0,0,0,0,0,0,0,0,0,0,0,0,0,0,0,1,1,4,1,0,1,0,0,0,0,0,0,0,3,2,3,3,3,4,4,3,2,2,9,8,8,8,9,10,10,10,10,10,9,9,200,28,1,5,5,4,4,4,4,1,1,"MASKED BY ICPSR"
"303",1,1984,31,1,NA,"MASKED BY ICPSR",0,5,2,4,2,NA,1,1,1,0,0,0,0,0,0,0,0,0,0,0,0,0,0,0,0,0,0,0,0,3,0,0,0,0,0,0,0,0,0,0,0,0,0,0,0,0,0,0,0,0,0,0,0,0,0,0,0,0,0,0,0,0,0,0,0,0,0,0,NA,NA,2,0,0,0,0,0,0,0,0,0,0,2,1,2,1,2,4,1,1,2,3,5,4,2,4,6,2,7,5,4,7,4,5,200,2,2,4,3,1,2,3,2,2,NA,"MASKED BY ICPSR"
"304",1,1982,33,1,NA,"MASKED BY ICPSR",0,1,4,5,2,NA,1,1,1,1,0,1,0,0,0,0,0,0,0,0,0,0,0,0,0,1,1,0,1,4,1,1,1,1,1,0,0,1,1,1,1,1,1,1,0,1,1,1,1,0,0,0,0,0,0,0,1,0,0,0,0,0,1,0,0,0,0,0,2,1,4,0,0,0,0,0,0,0,0,0,0,3,2,2,3,3,1,1,4,3,1,9,10,7,8,9,8,9,9,9,9,9,8,500,20,2,5,5,5,5,5,5,1,4,"MASKED BY ICPSR"
"305",2,1983,32,1,NA,"MASKED BY ICPSR",0,3,4,3,5,NA,1,1,1,1,0,1,0,1,0,0,0,0,0,0,0,0,0,0,1,1,1,0,1,4,1,0,0,0,0,0,0,0,0,0,0,0,0,0,0,0,0,0,0,0,0,0,0,0,0,0,0,0,0,0,0,0,0,0,0,0,0,0,NA,NA,3,0,0,0,0,0,0,0,0,0,0,2,1,2,1,1,4,1,4,4,1,8,8,5,6,8,1,4,3,1,9,4,4,200,4,2,5,4,3,4,6,6,2,NA,"MASKED BY ICPSR"
"306",2,1995,20,1,NA,"MASKED BY ICPSR",1,3,1,2,1,1,3,0,1,0,1,0,0,0,0,0,0,0,0,0,0,0,0,0,0,0,0,0,0,3,1,1,1,0,1,0,0,0,0,1,0,0,0,1,1,0,1,0,0,0,0,0,0,0,0,0,0,0,0,0,0,0,0,0,0,0,0,1,2,3,4,1,0,0,0,0,0,0,0,0,0,4,1,NA,2,4,4,3,3,4,2,5,8,6,9,7,9,10,7,4,NA,5,7,315,215,3,4,5,4,3,4,5,1,6,"MASKED BY ICPSR"
"307",2,1986,29,1,NA,"MASKED BY ICPSR",0,4,4,4,5,NA,1,1,1,0,0,0,0,0,0,0,0,0,0,0,0,0,0,0,0,0,0,0,1,2,0,0,0,0,0,0,0,0,0,0,0,0,0,0,0,0,0,0,0,0,0,0,0,0,0,0,0,0,0,0,0,0,0,0,0,0,0,0,NA,NA,1,0,0,0,0,0,0,0,0,0,0,1,1,2,2,2,1,1,3,3,1,9,1,1,6,8,1,6,6,6,9,6,8,271,6,1,4,4,3,6,4,6,2,NA,"MASKED BY ICPSR"
"308",2,1991,24,1,NA,"MASKED BY ICPSR",1,1,2,4,2,NA,1,1,1,1,0,1,0,0,0,0,0,1,0,0,0,0,0,0,1,0,0,0,1,4,1,1,1,1,0,0,1,1,0,0,1,1,0,1,0,1,1,1,0,0,0,0,0,0,0,0,0,0,1,0,0,0,0,0,0,0,0,0,2,1,3,1,0,0,0,0,0,0,0,1,0,3,2,1,4,3,2,1,3,3,1,9,10,7,4,9,1,2,2,9,1,2,5,350,15,1,4,5,1,3,1,1,2,NA,"               "
"309",2,1988,27,1,NA,"MASKED BY ICPSR",0,3,4,3,5,NA,1,1,1,0,0,1,0,0,0,0,0,0,0,0,0,0,0,1,1,1,1,0,1,3,0,0,0,0,0,0,0,0,0,0,0,0,0,0,0,0,0,0,0,0,0,0,0,0,0,0,0,0,0,0,0,0,0,0,0,0,0,0,NA,NA,3,0,0,0,0,0,0,0,0,0,0,3,1,4,4,3,2,1,4,3,2,7,7,10,7,7,6,6,5,5,7,5,8,187,20,3,4,3,1,5,6,6,2,NA,"MASKED BY ICPSR"
"310",2,1987,28,1,NA,"MASKED BY ICPSR",0,4,6,2,4,NA,1,1,1,1,0,0,0,1,0,0,0,0,0,0,0,0,0,0,0,0,0,0,1,3,1,1,0,1,1,1,1,0,1,0,1,0,1,0,0,1,1,0,0,0,0,0,0,0,0,0,0,0,0,0,0,0,0,0,0,0,0,0,2,2,3,0,0,0,0,0,0,0,0,0,0,3,3,3,3,1,4,1,1,3,1,9,9,1,9,8,2,5,4,9,8,3,5,6,6,2,5,5,2,6,6,6,2,NA,"MASKED BY ICPSR"
"311",2,1993,22,1,NA,"MASKED BY ICPSR",1,4,5,3,1,3,4,1,1,1,0,0,0,0,0,0,0,0,0,0,0,0,0,0,0,0,1,0,1,4,NA,1,0,1,1,1,0,1,1,0,0,0,0,0,0,1,0,0,0,0,0,0,0,0,0,0,0,0,0,0,0,0,0,0,0,0,0,0,3,3,4,1,1,0,0,0,0,0,0,0,0,2,3,2,2,2,3,1,2,2,4,7,4,9,5,4,2,3,6,9,7,5,8,300,10,2,5,2,1,1,3,1,1,1,"               "
"312",2,1991,24,1,NA,"MASKED BY ICPSR",0,1,1,4,1,3,1,1,1,0,0,0,0,0,0,0,0,0,0,0,0,0,0,0,0,0,0,0,1,3,0,1,0,0,0,1,0,0,0,0,0,0,1,0,0,1,0,0,0,0,0,0,0,0,0,0,0,0,0,0,0,0,0,0,0,0,0,0,1,4,3,0,0,0,0,0,0,0,0,0,0,2,1,2,2,2,3,1,2,3,1,8,7,6,4,10,2,6,5,1,5,5,5,1200,2,2,5,5,3,2,4,2,2,NA,"               "
"313",2,1992,23,1,NA,"MASKED BY ICPSR",1,1,5,2,4,NA,3,1,1,1,0,1,0,0,0,0,0,1,0,0,0,0,0,0,1,0,0,0,1,4,1,1,0,1,0,0,0,0,1,0,0,0,0,0,0,1,0,0,0,0,0,0,0,0,0,0,0,0,0,0,0,0,0,0,0,0,0,0,1,3,3,0,0,0,0,0,0,0,0,0,0,2,3,2,3,3,3,3,2,1,2,5,6,4,6,5,4,5,6,7,4,5,6,112,1,2,3,2,4,3,4,3,2,NA,"               "
"314",2,1995,20,1,NA,"MASKED BY ICPSR",0,4,5,3,1,3,1,1,1,1,0,0,0,1,0,0,0,1,0,0,0,0,0,0,1,0,1,0,1,3,0,1,0,1,1,0,0,0,1,0,0,1,0,0,0,0,0,0,0,0,0,0,0,0,1,0,0,0,0,0,0,0,0,0,0,0,0,0,3,3,3,0,0,0,0,0,0,0,0,0,0,3,2,2,3,4,2,1,3,3,1,1,5,8,1,5,7,3,3,3,3,3,3,100,1,1,1,3,1,2,6,1,2,NA,"MASKED BY ICPSR"
"315",1,1996,19,1,NA,"MASKED BY ICPSR",0,3,6,2,2,NA,1,1,1,1,0,1,0,1,1,0,0,1,0,0,0,1,1,1,1,1,1,1,1,4,1,1,0,0,1,0,0,0,0,0,0,0,1,0,0,1,1,1,0,0,0,0,0,0,0,0,0,0,0,0,0,0,1,0,0,0,0,0,1,3,3,0,0,0,0,0,0,0,0,0,0,1,3,3,4,3,2,1,3,3,3,8,9,3,7,9,4,4,4,4,1,2,2,1300,50,1,5,5,2,3,6,4,2,NA,"MASKED BY ICPSR"
"316",1,1989,26,1,NA,"MASKED BY ICPSR",0,2,1,3,1,3,1,1,1,0,0,1,0,1,0,0,0,0,0,1,1,1,0,0,0,0,0,0,0,4,0,0,0,0,0,0,0,0,0,0,0,0,0,0,0,0,0,0,0,0,0,0,0,0,0,0,0,0,0,0,0,0,0,0,0,0,0,0,NA,NA,3,0,0,0,0,0,0,0,0,0,0,2,3,2,2,2,2,2,2,2,2,6,7,7,7,7,7,6,6,5,5,5,6,300,200,3,4,4,4,4,4,4,2,NA,"MASKED BY ICPSR"
"317",1,1993,22,1,NA,"MASKED BY ICPSR",1,1,5,3,1,3,4,1,1,1,0,0,0,1,0,0,0,1,0,0,0,0,1,0,1,0,1,0,1,3,0,0,0,0,0,0,0,0,0,0,0,0,0,0,0,0,0,0,0,0,0,0,0,0,0,0,0,0,0,0,0,0,0,0,0,0,0,0,NA,NA,2,0,0,0,0,0,0,0,0,0,0,2,1,3,2,2,4,1,3,3,1,7,7,8,7,8,3,5,5,5,7,6,7,725,5,1,4,4,3,2,3,3,2,NA,"               "
"318",2,1992,23,1,NA,"MASKED BY ICPSR",0,1,1,3,2,NA,1,1,1,0,0,0,0,0,0,0,0,0,0,0,0,0,0,0,0,0,0,0,1,3,0,0,0,0,0,0,0,0,0,0,0,0,0,0,0,0,0,0,0,0,0,0,0,0,0,0,0,0,0,0,0,0,0,0,0,0,0,0,NA,NA,1,0,0,0,0,0,0,0,0,0,0,2,1,3,3,4,2,1,4,4,1,9,10,10,9,10,4,10,8,10,10,6,8,560,0,1,5,5,2,1,1,1,2,NA,"MASKED BY ICPSR"
"319",2,1992,23,1,NA,"MASKED BY ICPSR",0,1,6,4,1,3,1,1,1,1,0,0,0,0,0,0,0,1,0,0,0,0,0,0,1,0,1,0,1,3,1,1,0,1,1,0,0,0,1,0,1,0,1,0,0,1,0,1,0,0,0,0,0,0,0,0,0,0,0,0,0,0,0,0,0,0,0,0,3,3,3,0,0,0,0,0,0,0,0,0,0,3,1,2,2,2,3,1,4,4,1,10,9,5,5,7,3,3,3,3,5,4,5,250,10,1,5,5,3,3,4,4,2,NA,"               "
"320",2,1988,27,1,NA,"MASKED BY ICPSR",0,3,3,3,2,NA,2,1,1,1,0,1,0,1,0,0,0,0,0,0,0,0,0,0,0,0,0,0,1,4,1,1,0,1,0,1,0,0,1,1,1,1,1,1,0,1,1,0,0,0,0,0,0,0,0,0,0,0,0,0,0,0,0,0,0,0,0,0,3,3,3,0,0,0,0,0,0,0,0,0,0,2,1,2,2,1,2,1,3,3,1,4,2,5,5,5,5,5,5,5,5,5,5,40,5,4,3,3,3,3,3,3,2,NA,"               "
"321",2,1990,25,1,NA,"MASKED BY ICPSR",0,3,4,2,5,NA,1,1,1,1,0,1,0,0,0,0,0,0,0,0,0,0,0,0,1,0,0,0,0,3,0,0,0,0,0,0,0,0,0,0,0,0,0,0,0,0,0,0,0,0,0,0,0,0,0,0,0,0,0,0,0,0,0,0,0,0,0,0,NA,NA,3,1,0,0,0,1,0,0,0,0,0,4,3,4,1,3,4,1,3,3,1,2,4,10,4,4,1,4,4,4,7,4,6,241,3,2,3,3,2,1,1,1,1,5,"               "
"322",2,1990,25,1,NA,"MASKED BY ICPSR",0,3,4,2,5,NA,1,1,1,1,0,1,0,1,0,0,0,0,0,0,0,0,0,0,1,0,0,0,1,3,1,0,0,0,0,0,0,0,0,0,0,0,0,0,0,0,0,0,0,0,0,0,0,0,0,0,0,0,0,0,0,0,0,0,0,0,0,0,NA,NA,3,0,0,0,0,0,0,0,0,0,0,4,3,2,1,1,4,1,4,4,1,3,4,2,2,2,1,1,1,1,2,2,2,150,3,1,5,2,2,2,1,1,2,NA,"MASKED BY ICPSR"
"323",1,1985,30,1,NA,"MASKED BY ICPSR",1,2,6,2,4,NA,1,1,1,0,0,1,0,1,0,0,0,0,0,0,0,0,0,1,0,0,0,0,1,3,0,1,0,1,0,0,0,0,1,0,0,0,0,0,0,0,1,0,0,0,0,0,0,0,0,0,0,0,0,0,0,0,0,0,0,0,0,0,1,3,3,0,0,0,0,0,0,0,0,0,0,2,1,2,2,2,3,1,3,3,2,6,7,4,4,6,4,2,2,4,5,2,2,11,3,1,5,5,2,2,6,1,2,NA,"MASKED BY ICPSR"
"324",2,1988,27,1,NA,"MASKED BY ICPSR",0,1,4,4,2,NA,1,1,1,1,0,0,0,0,0,0,0,0,0,0,0,0,0,0,0,0,0,0,0,4,0,0,0,0,0,0,0,0,0,0,0,0,0,0,0,0,0,0,0,0,0,0,0,0,0,0,0,0,0,0,0,0,0,0,0,0,0,0,NA,NA,3,0,0,0,0,0,0,0,0,0,0,4,2,4,4,3,3,3,3,3,4,9,9,9,NA,9,9,9,9,8,8,9,9,1450,5,3,5,5,5,5,5,5,2,NA,"MASKED BY ICPSR"
"325",2,1990,25,1,NA,"MASKED BY ICPSR",0,2,2,4,2,NA,1,1,1,0,0,0,0,0,0,0,0,0,0,0,0,0,0,0,1,0,0,0,1,4,1,1,0,0,0,1,0,1,0,0,0,0,1,0,0,1,0,0,0,0,0,0,0,0,0,0,0,0,0,0,0,0,0,0,0,0,0,0,1,4,3,0,0,0,0,0,0,0,0,0,0,2,1,2,1,2,4,1,3,3,2,8,7,2,4,8,1,6,6,8,7,5,6,771,5,1,5,5,1,6,6,6,2,NA,"               "
"326",2,1988,27,1,NA,"MASKED BY ICPSR",0,5,4,3,5,NA,1,1,1,1,0,0,0,1,0,0,0,0,0,0,0,0,0,0,0,0,1,0,1,3,1,0,0,0,0,0,0,0,0,0,0,0,0,0,0,0,0,0,0,0,0,0,0,0,0,0,0,0,0,0,0,0,0,0,0,0,0,0,NA,NA,4,0,0,0,0,0,0,0,0,0,0,4,3,4,4,4,2,1,2,2,1,8,3,1,4,5,3,5,5,5,9,4,9,370,1,2,4,5,2,3,6,6,2,NA,"MASKED BY ICPSR"
"327",1,1983,32,1,NA,"MASKED BY ICPSR",0,1,1,4,2,NA,1,1,1,0,1,0,1,0,1,0,0,0,0,0,0,0,0,0,0,0,0,0,0,4,1,1,1,0,1,1,0,0,0,0,0,0,0,0,0,1,1,0,0,1,1,1,0,0,0,0,0,0,0,0,0,0,0,0,0,0,0,0,1,1,1,1,1,0,0,0,0,0,0,0,0,NA,1,4,4,NA,4,3,3,3,4,9,9,9,9,8,9,8,9,8,9,8,9,1000,6,4,5,4,4,5,4,5,1,1,"               "
"328",2,1979,36,1,NA,"MASKED BY ICPSR",1,2,1,2,2,NA,1,1,1,1,0,0,0,0,0,0,0,0,0,0,0,0,0,0,0,0,0,0,0,2,1,1,1,1,0,0,0,0,1,0,0,1,1,0,0,1,0,1,0,0,0,0,0,0,0,0,0,0,0,0,0,0,0,0,0,0,0,0,2,3,3,0,0,0,0,0,0,0,0,0,0,3,1,2,2,2,2,1,1,1,1,10,8,6,1,1,1,1,1,1,1,1,1,30,10,2,5,5,5,5,1,1,2,NA,"MASKED BY ICPSR"
"329",1,1994,21,1,NA,"MASKED BY ICPSR",0,4,5,3,4,NA,2,1,1,0,0,0,0,0,0,0,0,0,0,0,0,0,0,1,0,0,1,0,1,4,1,1,1,1,1,0,1,1,1,0,1,1,0,0,0,1,1,0,0,0,0,0,0,0,0,0,0,0,0,0,1,0,0,0,0,0,0,0,1,1,3,1,1,0,0,1,0,0,0,1,0,4,2,3,4,4,3,3,3,3,2,NA,NA,NA,1,3,4,4,4,8,6,1,1,999,2,1,1,5,1,3,1,1,1,2,"MASKED BY ICPSR"
"330",2,1985,30,1,NA,"MASKED BY ICPSR",0,2,2,4,2,NA,1,1,0,0,0,0,0,1,0,0,0,0,0,0,0,0,0,0,0,1,0,0,1,4,1,1,0,1,0,1,0,0,1,0,0,0,1,0,0,0,0,0,0,0,0,0,0,0,0,0,0,1,0,0,0,0,0,0,0,0,0,0,1,2,4,0,0,0,0,0,0,0,0,0,0,2,1,2,1,3,4,1,4,3,1,8,8,4,7,8,6,5,4,5,4,4,4,100,5,2,3,4,2,2,1,1,2,NA,"MASKED BY ICPSR"
"331",2,1987,28,1,NA,"MASKED BY ICPSR",1,2,4,4,5,NA,4,1,1,1,0,1,0,0,0,0,0,0,0,0,0,0,0,0,0,0,0,0,1,4,0,0,0,0,0,0,0,0,0,0,0,0,0,0,0,0,0,0,0,0,0,0,0,0,0,0,0,0,0,0,0,0,0,0,0,0,0,0,NA,NA,1,0,0,0,0,0,0,0,0,0,0,2,3,3,3,3,3,3,3,3,2,7,8,8,8,3,6,6,5,8,8,6,6,450,10,3,5,5,3,4,2,2,2,NA,"MASKED BY ICPSR"
"332",2,1996,19,1,NA,"MASKED BY ICPSR",1,1,6,3,1,3,2,1,1,1,0,1,0,1,0,0,0,1,0,0,0,0,0,0,1,0,0,0,1,4,1,1,1,1,1,1,1,1,1,1,1,0,0,1,0,0,1,1,0,0,0,0,0,0,1,0,0,0,0,0,0,0,0,0,0,0,0,0,1,2,4,1,1,1,0,0,0,0,0,1,0,3,3,4,1,2,4,1,3,3,1,1,5,10,4,5,6,1,1,7,1,2,2,800,2,2,3,5,1,2,2,1,2,NA,"MASKED BY ICPSR"
"333",1,1990,25,1,NA,"MASKED BY ICPSR",1,1,2,4,1,3,1,1,1,0,0,0,0,1,0,0,0,0,0,0,0,0,0,0,0,0,0,0,0,3,1,1,0,1,1,0,0,0,1,1,0,1,0,0,0,0,1,0,0,0,0,0,0,0,0,0,0,1,1,0,0,0,0,0,0,0,0,0,2,3,2,0,0,0,0,0,0,0,0,0,0,2,3,2,3,3,3,3,3,3,3,7,6,7,5,7,2,4,6,6,6,4,6,111,8,2,5,4,4,3,2,2,2,NA,"               "
"334",2,1996,19,1,NA,"MASKED BY ICPSR",0,5,5,2,1,1,1,1,1,0,0,1,0,1,0,0,0,1,0,0,0,0,1,0,1,1,1,0,1,4,1,1,0,1,0,1,1,1,1,0,1,0,0,0,1,1,0,0,0,0,0,0,0,0,0,0,0,0,0,0,0,0,1,0,0,0,1,0,1,1,3,1,0,0,1,1,0,0,0,1,0,3,NA,4,4,4,1,1,2,3,1,1,4,1,4,10,5,1,1,1,5,NA,8,50,6,4,3,5,2,5,1,1,2,NA,"MASKED BY ICPSR"
"335",1,1994,21,1,NA,"MASKED BY ICPSR",0,2,1,2,2,NA,1,1,1,1,0,1,0,1,1,0,0,0,0,0,0,0,0,0,0,1,1,0,0,4,1,1,1,0,0,0,0,0,1,0,0,0,0,0,0,1,0,0,0,0,0,0,0,0,0,0,0,0,0,0,0,0,0,0,0,0,0,0,1,2,2,0,0,0,0,0,0,0,0,0,0,2,1,2,1,2,2,1,2,2,3,10,10,10,10,10,10,10,9,9,9,9,9,200,1,2,5,5,5,5,5,5,2,NA,"MASKED BY ICPSR"
"336",1,1991,24,1,NA,"MASKED BY ICPSR",0,1,1,3,2,NA,1,1,1,0,0,1,0,0,0,0,0,0,0,0,0,0,0,0,0,0,1,0,1,1,1,0,0,0,0,0,0,0,0,0,0,0,0,0,0,0,0,0,0,0,0,0,0,0,0,0,0,0,0,0,0,0,0,0,0,0,0,0,NA,NA,1,1,0,0,0,0,0,0,0,0,1,4,1,4,3,3,4,4,4,4,3,9,10,9,1,1,9,10,8,1,1,1,1,156,30,4,2,2,2,2,2,5,2,NA,"MASKED BY ICPSR"
"337",1,1986,29,1,NA,"MASKED BY ICPSR",0,5,5,3,4,NA,1,1,1,0,0,0,0,1,0,0,0,0,0,0,0,0,0,0,0,1,0,0,1,3,1,1,0,1,0,1,0,0,0,0,0,1,1,0,0,0,1,0,0,0,0,0,0,0,0,0,0,0,0,0,0,0,0,0,0,0,0,0,1,2,3,0,0,0,0,0,0,0,0,0,0,2,3,3,2,3,4,1,2,2,3,5,5,6,6,7,4,4,2,3,8,5,5,150,50,2,5,5,4,3,1,3,2,NA,"MASKED BY ICPSR"
"338",1,1984,31,1,NA,"MASKED BY ICPSR",0,1,1,3,2,NA,5,1,1,1,0,0,0,1,0,0,0,0,0,0,1,1,1,0,1,0,1,0,1,4,1,1,1,1,1,1,1,1,1,1,0,0,0,0,0,1,0,0,0,0,0,0,0,0,0,0,0,0,0,0,0,0,0,0,0,0,0,0,1,1,4,0,0,0,0,0,0,0,0,0,0,2,3,4,2,2,3,1,2,2,1,8,10,1,2,4,1,4,3,1,3,4,4,700,4,1,5,3,2,1,4,6,2,NA,"MASKED BY ICPSR"
"339",2,1989,26,1,NA,"MASKED BY ICPSR",0,2,4,4,5,NA,1,1,1,0,0,0,0,0,0,0,0,0,0,0,0,0,0,0,0,0,0,0,1,4,0,0,0,0,0,0,0,0,0,0,0,0,0,0,0,0,0,0,0,0,0,0,0,0,0,0,0,0,0,0,0,0,0,0,0,0,0,0,NA,NA,2,0,0,0,0,0,0,0,0,0,0,2,3,2,1,1,4,1,2,2,1,10,6,2,4,5,1,4,2,5,6,5,6,120,120,1,5,5,1,3,1,1,2,NA,"               "
"340",1,1988,27,1,NA,"MASKED BY ICPSR",1,3,3,3,3,NA,2,1,1,1,1,1,0,0,1,1,1,1,1,1,0,0,0,0,0,0,0,0,0,NA,1,1,1,1,0,0,0,0,0,0,1,0,0,1,0,1,1,1,0,0,0,0,0,0,0,0,0,0,0,0,0,0,0,0,0,0,0,0,1,1,1,NA,1,1,0,0,1,0,0,0,0,NA,NA,3,2,2,NA,2,NA,2,2,9,9,9,9,9,9,9,9,10,9,10,10,500,7,1,5,5,6,5,4,5,1,4,"MASKED BY ICPSR"
"341",1,1987,28,1,NA,"MASKED BY ICPSR",0,4,4,4,2,NA,2,1,1,0,0,0,0,0,0,0,0,0,0,0,0,0,0,0,0,0,0,0,0,1,0,0,0,0,0,0,0,0,0,0,0,0,0,0,0,0,0,0,0,0,0,0,0,0,0,0,0,0,0,0,0,0,0,0,0,0,0,0,NA,NA,1,0,0,0,0,0,0,0,0,0,0,2,2,2,2,2,4,1,2,2,1,8,6,2,7,7,3,5,5,5,6,5,4,500,3,1,5,3,3,3,3,3,2,NA,"               "
"342",1,1984,31,1,NA,"MASKED BY ICPSR",0,2,2,3,2,NA,1,0,0,0,0,0,0,0,0,0,0,0,0,0,0,0,0,0,0,0,0,0,1,2,0,0,0,0,0,0,0,0,0,0,0,0,0,0,0,0,0,0,0,0,0,0,0,0,0,0,0,0,0,0,0,0,0,0,0,0,0,0,NA,NA,2,0,0,0,0,0,0,0,0,0,0,2,1,2,2,2,2,2,2,2,2,7,6,3,4,3,2,4,4,3,7,5,5,0,1,1,5,4,1,1,1,3,2,NA,"MASKED BY ICPSR"
"343",1,1979,36,1,NA,"MASKED BY ICPSR",0,1,5,4,2,NA,2,1,1,0,0,0,0,1,0,0,0,0,0,0,0,0,0,0,0,0,0,0,1,3,0,0,0,0,0,0,0,0,0,0,0,0,0,0,0,0,0,0,0,0,0,0,0,0,0,0,0,0,0,0,0,0,0,0,0,0,0,0,NA,NA,3,0,0,0,0,0,0,0,0,0,0,2,1,3,1,2,4,1,2,2,1,8,5,7,6,6,2,7,8,9,7,6,6,350,10,2,4,4,2,2,4,3,1,4,"               "
"344",1,1988,27,1,NA,"MASKED BY ICPSR",0,2,2,4,2,NA,4,1,1,1,0,0,0,1,0,0,0,1,0,0,1,0,0,0,0,0,1,0,1,4,1,1,0,1,0,0,0,0,1,0,1,1,0,1,0,0,1,1,0,0,0,0,0,0,1,0,0,1,0,0,0,0,0,0,0,0,0,0,1,4,4,0,0,0,0,0,0,0,0,0,0,3,2,4,2,3,2,3,3,2,1,7,6,5,4,6,5,3,7,6,5,4,5,50,10,3,5,4,3,4,5,3,2,NA,"MASKED BY ICPSR"
"345",1,1988,27,1,NA,"MASKED BY ICPSR",0,2,3,2,2,NA,2,1,1,1,0,0,0,1,1,0,0,1,0,1,1,0,0,0,0,0,0,0,1,3,0,0,0,0,0,0,0,0,0,0,0,0,0,0,0,0,0,0,0,0,0,0,0,0,0,0,0,0,0,0,0,0,0,0,0,0,0,0,NA,NA,3,0,0,0,0,0,0,0,0,0,0,3,1,3,1,1,4,1,2,3,2,8,8,9,8,8,8,7,8,9,6,8,8,1000,10,2,3,3,3,3,3,3,2,NA,"MASKED BY ICPSR"
"346",1,1992,23,1,NA,"MASKED BY ICPSR",0,4,5,3,1,3,1,1,1,1,0,0,0,0,0,0,0,1,0,0,0,0,0,0,0,0,1,0,1,4,0,0,0,0,0,0,0,0,0,0,0,0,0,0,0,0,0,0,0,0,0,0,0,0,0,0,0,0,0,0,0,0,0,0,0,0,0,0,NA,NA,1,0,0,0,0,0,0,0,0,0,0,1,2,1,1,1,4,1,1,1,1,2,5,1,1,1,1,1,1,1,1,1,1,30,0,1,3,6,6,1,1,1,2,NA,"MASKED BY ICPSR"
"347",2,1984,31,1,NA,"MASKED BY ICPSR",1,4,4,5,2,NA,1,1,1,1,0,0,0,0,0,0,0,0,0,0,0,0,0,0,0,0,0,0,0,4,1,1,1,1,0,0,0,0,1,1,0,0,0,0,0,1,1,1,0,0,0,0,0,0,0,0,0,0,0,0,0,0,0,0,0,0,0,0,1,1,1,1,1,0,0,0,0,0,0,0,0,3,1,3,3,3,3,3,3,3,3,9,8,7,10,9,8,7,6,5,6,8,7,500,500,3,2,1,2,3,2,2,2,NA,"MASKED BY ICPSR"
"348",1,1985,30,1,NA,"MASKED BY ICPSR",1,1,2,5,2,NA,1,1,1,0,0,0,0,0,1,0,0,0,0,0,0,0,1,0,0,0,1,0,1,2,1,1,1,0,1,0,0,0,1,0,1,0,0,0,0,1,1,0,0,0,0,0,0,0,0,0,0,0,0,0,0,0,0,0,0,0,0,0,1,1,2,0,0,0,0,0,0,0,0,0,0,2,2,2,2,2,2,1,1,2,2,10,7,10,9,7,1,4,1,1,1,1,3,2500,30,3,2,2,3,2,4,2,2,NA,"MASKED BY ICPSR"
"349",1,1996,19,1,NA,"MASKED BY ICPSR",1,1,6,3,1,3,1,1,1,0,0,1,0,1,0,0,0,0,0,0,0,0,1,0,0,0,0,0,1,3,1,1,0,0,0,1,1,1,0,0,1,0,0,0,0,1,1,0,0,0,0,0,0,0,0,0,0,0,0,0,0,0,0,1,0,0,0,0,2,3,3,0,0,0,0,0,0,0,0,0,0,3,3,3,2,3,4,1,2,3,2,3,8,4,7,9,1,6,4,7,8,7,6,NA,NA,2,1,5,2,6,6,5,2,NA,"               "
"350",1,1979,36,1,NA,"MASKED BY ICPSR",0,4,4,2,2,NA,1,0,1,1,0,0,0,0,0,0,0,0,0,0,1,0,0,0,0,0,0,1,1,3,1,1,1,1,1,1,1,1,1,1,1,1,0,0,0,0,0,1,0,0,0,0,0,0,0,0,0,1,0,0,0,0,0,0,0,0,1,0,1,1,3,0,0,0,0,0,0,0,0,0,0,3,1,3,3,4,3,1,4,4,1,6,10,10,7,6,7,2,1,4,1,1,1,0,0,1,5,3,3,3,2,2,2,NA,"               "
"351",1,1983,32,1,NA,"MASKED BY ICPSR",0,1,2,4,2,NA,1,1,1,0,0,1,0,1,0,0,0,0,0,0,0,0,0,0,0,0,0,0,0,3,1,1,1,0,0,0,0,0,1,0,0,0,0,0,0,1,0,0,0,0,0,0,0,0,0,0,0,0,0,0,0,0,0,0,0,0,0,0,3,4,3,0,0,0,0,0,0,0,0,0,0,2,1,1,1,3,3,1,2,3,1,8,6,7,5,6,5,4,4,1,6,6,6,200,20,3,5,4,2,2,3,2,2,NA,"               "
"352",1,1984,31,1,NA,"MASKED BY ICPSR",0,1,4,4,2,NA,1,1,1,1,0,1,0,1,0,0,0,1,0,1,0,0,1,1,1,0,1,0,1,3,1,0,0,0,0,0,0,0,0,0,0,0,0,0,0,0,0,0,0,0,0,0,0,0,0,0,0,0,0,0,0,0,0,0,0,0,0,0,NA,NA,3,0,0,0,0,0,0,0,0,0,0,2,3,2,2,2,3,1,3,3,2,10,10,8,6,8,3,6,7,7,7,7,8,450,10,2,5,5,4,4,5,5,2,NA,"               "
"353",1,1981,34,1,NA,"MASKED BY ICPSR",0,2,4,3,2,NA,1,1,1,0,0,0,0,0,0,0,0,0,0,0,0,0,0,0,1,0,0,0,1,3,0,0,0,0,0,0,0,0,0,0,0,0,0,0,0,0,0,0,0,0,0,0,0,0,0,0,0,0,0,0,0,0,0,0,0,0,0,0,NA,NA,2,0,0,0,0,0,0,0,0,0,0,2,1,1,2,1,3,1,3,3,1,5,6,6,7,8,6,6,4,5,5,3,4,250,10,2,5,4,3,2,3,NA,2,NA,"MASKED BY ICPSR"
"354",2,1988,27,1,NA,"MASKED BY ICPSR",0,3,4,3,5,NA,1,1,1,1,0,0,0,0,0,0,0,1,0,0,1,0,0,0,1,1,0,0,1,4,1,0,0,0,0,0,0,0,0,0,0,0,0,0,0,0,0,0,0,0,0,0,0,0,0,0,0,0,0,0,0,0,0,0,0,0,0,0,NA,NA,3,1,0,0,0,0,0,0,0,1,0,4,3,4,3,2,3,1,4,3,1,2,9,10,2,2,3,3,2,5,6,2,5,600,2,2,5,2,1,5,6,6,2,NA,"MASKED BY ICPSR"
"355",1,1992,23,1,NA,"MASKED BY ICPSR",0,3,2,3,3,NA,5,1,1,0,0,1,0,1,0,0,0,0,0,0,0,0,0,1,0,0,1,0,0,4,1,0,0,0,0,0,0,0,0,0,0,0,0,0,0,0,0,0,0,0,0,0,0,0,0,0,0,0,0,0,0,0,0,0,0,0,0,0,NA,NA,3,0,0,0,0,0,0,0,0,0,0,2,3,4,3,3,2,1,2,2,2,10,6,6,8,8,4,3,3,6,7,7,6,50,12,1,3,3,2,2,2,2,2,NA,"MASKED BY ICPSR"
"356",2,1985,30,1,NA,"MASKED BY ICPSR",0,4,4,1,3,NA,1,1,1,1,0,1,0,1,0,0,0,0,0,0,0,0,0,1,1,0,1,0,1,4,1,1,0,1,0,1,1,0,1,1,1,0,1,0,0,1,0,0,0,0,0,0,0,0,0,0,0,0,0,0,0,0,0,0,0,0,0,0,3,3,4,0,0,0,0,0,0,0,0,0,0,4,3,3,4,4,2,1,3,3,3,4,6,2,5,5,3,2,2,2,5,3,3,40,4,4,5,4,2,4,6,6,2,NA,"MASKED BY ICPSR"
"357",2,1984,31,1,NA,"MASKED BY ICPSR",0,2,1,4,2,NA,1,1,1,1,0,1,0,1,0,0,0,1,0,0,0,0,0,0,1,0,0,0,1,4,1,1,0,0,0,0,1,1,0,0,1,0,0,0,1,1,0,0,0,0,0,0,0,0,0,0,0,0,0,0,0,0,0,0,0,0,0,0,2,2,3,0,0,0,0,0,0,0,0,0,0,2,3,2,1,2,3,2,3,3,3,6,7,8,4,9,5,2,1,4,7,1,2,316,3,2,5,4,1,2,1,3,2,NA,"               "
"358",2,1992,23,1,NA,"MASKED BY ICPSR",0,4,5,4,2,NA,1,1,1,1,0,1,0,1,0,0,0,1,0,0,0,0,0,0,1,0,0,0,1,4,1,1,1,0,0,0,0,0,1,1,0,1,1,0,0,1,1,1,0,0,0,0,0,0,0,0,0,0,0,0,0,0,0,0,0,0,0,0,3,1,3,0,0,0,0,0,0,0,0,0,0,2,1,2,2,2,3,1,2,2,2,7,8,5,4,6,1,4,4,3,8,7,7,1250,4,1,5,5,2,1,2,2,2,NA,"MASKED BY ICPSR"
"359",1,1979,36,1,NA,"MASKED BY ICPSR",0,2,2,4,2,NA,1,1,1,1,0,1,0,1,1,0,0,1,0,0,1,0,0,0,0,1,1,0,1,2,1,0,0,0,0,0,0,0,0,0,0,0,0,0,0,0,0,0,0,0,0,0,0,0,0,0,0,0,0,0,0,0,0,0,0,0,0,0,NA,NA,1,1,1,1,1,1,1,0,1,0,0,4,1,3,3,3,3,3,1,3,3,10,10,8,10,9,10,10,9,10,10,9,10,20,10,4,5,4,5,4,5,4,1,1,"               "
"360",1,1985,30,1,NA,"MASKED BY ICPSR",1,1,1,2,2,NA,1,1,1,0,0,1,0,0,0,0,0,0,0,0,0,0,1,0,0,0,1,0,0,3,1,1,0,0,1,0,0,1,1,1,1,0,1,0,0,1,0,0,1,0,0,0,0,0,0,0,0,0,0,0,0,0,1,0,0,1,0,0,2,1,3,0,0,0,0,0,0,0,0,0,0,2,2,3,3,3,3,2,4,2,2,9,8,2,8,6,8,8,7,8,8,9,8,1300,500,3,5,5,4,3,4,3,2,NA,"MASKED BY ICPSR"
"361",1,1987,28,1,NA,"MASKED BY ICPSR",0,4,5,3,1,3,1,1,1,0,0,1,0,0,0,0,0,0,0,0,0,0,0,0,0,0,0,0,1,4,0,0,0,0,0,0,0,0,0,0,0,0,0,0,0,0,0,0,0,0,0,0,0,0,0,0,0,0,0,0,0,0,0,0,0,0,0,0,NA,NA,1,0,0,0,0,0,0,0,0,0,0,2,1,2,4,4,3,1,3,3,1,10,10,1,5,5,5,5,5,5,5,5,5,250,5,4,5,5,1,3,6,3,2,NA,"MASKED BY ICPSR"
"362",1,1984,31,1,NA,"MASKED BY ICPSR",1,1,1,3,1,3,1,1,1,1,0,0,0,0,0,0,0,1,0,0,1,1,1,0,1,0,0,0,0,4,1,1,1,0,1,0,1,0,1,0,0,1,0,1,0,1,1,1,0,0,0,0,0,0,0,0,0,1,1,1,0,0,0,0,1,1,1,0,3,3,3,0,0,0,0,0,0,0,0,0,0,3,3,3,3,3,3,3,2,2,3,9,8,9,7,8,9,7,8,9,8,7,9,588,40,3,5,6,5,6,5,6,2,NA,"MASKED BY ICPSR"
"363",2,1982,33,1,NA,"MASKED BY ICPSR",0,3,4,2,4,NA,1,1,1,0,0,0,0,0,0,0,0,0,0,0,0,0,1,0,0,0,0,0,1,3,1,0,0,0,0,0,0,0,0,0,0,0,0,0,0,0,0,0,0,0,0,0,0,0,0,0,0,0,0,0,0,0,0,0,0,0,0,0,NA,NA,4,0,0,0,0,0,0,0,0,0,0,4,3,2,2,2,3,1,4,4,3,2,5,8,1,2,1,2,2,2,8,6,8,NA,15,1,5,5,4,3,3,3,2,NA,"MASKED BY ICPSR"
"364",2,1996,19,1,NA,"MASKED BY ICPSR",0,5,5,2,1,3,1,1,1,1,0,1,0,1,0,0,0,0,0,0,0,0,0,0,1,0,0,0,1,3,1,1,0,1,1,0,0,0,1,0,1,0,0,1,0,1,0,0,0,0,0,0,0,0,0,0,0,0,0,0,0,0,0,0,1,0,0,0,1,3,2,0,0,0,0,0,0,0,0,0,0,3,1,3,1,2,4,1,2,3,3,5,7,3,7,9,5,5,5,6,6,5,5,250,10,1,5,5,1,1,6,6,2,NA,"MASKED BY ICPSR"
"365",1,1995,20,1,NA,"MASKED BY ICPSR",0,3,5,3,2,NA,1,1,1,0,0,0,0,1,0,0,0,0,0,0,0,0,1,1,0,0,0,0,1,3,1,1,1,1,0,0,1,0,1,0,1,1,0,0,0,1,1,0,0,0,0,0,0,0,0,0,0,0,0,0,0,0,0,0,0,0,0,0,1,4,4,1,0,1,0,0,0,0,0,1,0,2,1,2,1,3,3,1,3,4,1,7,1,10,1,7,1,1,1,4,1,1,2,35,5,1,5,5,6,2,1,1,2,NA,"MASKED BY ICPSR"
"366",2,1992,23,1,NA,"MASKED BY ICPSR",0,2,2,2,2,NA,1,1,1,0,0,0,0,1,0,0,0,0,0,0,1,0,0,0,0,0,0,0,1,3,1,1,0,1,0,0,0,0,0,0,1,0,0,0,0,1,0,0,0,0,0,0,0,0,0,0,0,1,0,0,0,0,1,0,0,0,0,0,1,2,3,0,0,0,0,0,0,0,0,0,0,4,3,3,3,3,2,3,2,4,3,7,8,9,7,8,7,10,9,6,5,5,6,400,50,3,3,4,4,6,5,5,2,NA,"               "
"367",2,1990,25,1,NA,"MASKED BY ICPSR",0,1,1,5,2,NA,4,1,1,0,0,0,0,1,0,0,0,0,0,0,0,0,1,0,0,0,1,0,1,3,1,1,1,1,1,1,1,1,1,1,1,1,1,1,0,1,1,0,0,0,0,0,0,0,0,0,0,0,0,0,0,0,0,0,0,0,0,0,2,3,4,0,0,0,0,0,0,0,0,0,0,4,3,4,2,2,3,1,2,3,1,8,8,5,3,5,1,3,3,3,3,3,3,300,3,1,5,4,2,2,3,2,2,NA,"MASKED BY ICPSR"
"368",2,1993,22,1,NA,"MASKED BY ICPSR",0,5,4,2,2,NA,1,1,1,0,0,1,0,0,0,0,0,0,0,0,0,0,0,0,0,0,0,0,1,3,1,1,0,0,0,0,1,0,1,0,1,0,0,0,0,1,1,0,0,0,0,0,0,0,0,0,0,0,0,0,0,0,0,0,0,0,0,0,3,2,3,1,0,0,1,0,0,0,0,0,0,2,3,3,2,2,3,1,2,2,1,9,9,2,2,2,1,1,1,1,2,2,2,500,100,2,4,5,1,2,6,6,2,NA,"MASKED BY ICPSR"
"369",2,1988,27,1,NA,"MASKED BY ICPSR",0,5,4,4,3,NA,1,1,1,0,0,0,0,1,0,0,0,0,0,0,0,0,0,0,1,0,0,0,1,3,1,1,0,0,0,1,0,0,1,0,0,0,0,0,0,1,0,0,0,0,0,0,0,0,0,0,0,0,0,0,0,0,0,0,0,0,0,0,1,4,3,0,0,0,0,0,0,0,0,0,0,2,3,2,1,1,4,1,2,2,3,8,4,6,3,8,3,4,2,2,6,2,2,106,2,1,5,4,3,2,4,6,2,NA,"MASKED BY ICPSR"
"370",1,1992,23,1,NA,"MASKED BY ICPSR",1,1,1,4,2,NA,4,1,1,0,0,0,0,0,0,0,0,1,0,0,1,0,0,0,0,0,0,0,1,4,0,0,0,0,0,0,0,0,0,0,0,0,0,0,0,0,0,0,0,0,0,0,0,0,0,0,0,0,0,0,0,0,0,0,0,0,0,0,NA,NA,1,0,0,0,0,0,0,0,0,0,0,1,1,1,1,1,1,1,1,1,1,10,9,10,9,10,9,7,9,8,7,8,6,350,NA,3,5,5,4,4,5,4,2,NA,"MASKED BY ICPSR"
"371",1,1996,19,1,NA,"MASKED BY ICPSR",0,2,2,3,1,3,2,1,1,1,0,1,0,1,0,0,0,0,0,0,0,0,1,1,0,0,1,0,1,3,1,1,0,0,0,1,0,0,1,0,1,0,0,0,0,0,1,1,0,0,0,0,0,0,0,0,0,0,0,0,0,0,0,0,0,0,0,1,1,1,4,1,0,0,1,0,0,0,0,0,0,4,3,3,4,4,2,1,4,4,3,1,7,1,1,1,1,1,1,1,1,1,1,100,8,2,4,5,1,1,1,1,2,NA,"MASKED BY ICPSR"
"372",2,1992,23,1,NA,"MASKED BY ICPSR",0,1,5,4,3,NA,1,1,1,1,0,0,0,1,0,0,0,1,0,0,1,0,0,0,1,1,1,0,1,4,1,1,0,1,1,0,1,0,1,0,0,1,0,1,0,1,1,1,0,0,0,0,0,0,0,0,0,0,0,0,0,0,0,0,0,0,0,0,1,3,3,1,1,0,0,1,0,0,1,1,0,3,3,3,2,2,4,1,2,2,1,5,6,6,7,7,4,4,5,7,6,5,5,315,3,2,5,4,2,3,2,2,1,1,"               "
"373",2,1993,22,1,NA,"MASKED BY ICPSR",1,2,5,3,1,3,3,1,1,0,0,0,0,0,0,0,0,1,0,0,0,0,0,0,0,0,0,0,1,4,1,1,0,1,0,0,0,0,1,0,1,1,0,0,0,1,1,0,0,0,0,0,0,0,1,0,0,0,0,0,0,0,0,0,0,0,0,0,1,2,2,1,1,0,0,0,0,0,0,0,0,3,3,4,2,1,4,1,2,3,1,6,7,7,7,5,4,6,6,6,6,5,5,215,100,3,5,4,4,3,3,3,1,6,"               "
"374",2,1991,24,1,NA,"MASKED BY ICPSR",0,2,4,3,2,NA,1,1,0,0,0,0,0,0,0,0,0,0,0,0,0,0,1,0,0,0,0,0,1,4,1,1,0,0,0,0,0,1,0,1,0,0,0,0,0,1,0,0,0,0,0,0,0,0,0,0,0,0,0,0,0,0,0,0,0,0,0,0,3,3,3,0,0,0,0,0,0,0,0,0,0,3,1,2,3,3,3,3,2,2,NA,7,7,7,7,7,7,7,7,7,7,7,7,40,2,4,4,4,4,4,4,4,2,NA,"MASKED BY ICPSR"
"375",2,1993,22,1,NA,"MASKED BY ICPSR",1,4,5,3,1,3,1,1,1,1,0,0,0,1,0,0,0,1,0,0,0,0,0,0,0,1,0,0,1,3,1,1,1,0,0,1,1,0,1,0,0,1,1,0,0,0,0,0,0,0,0,0,0,0,0,0,0,0,0,0,0,0,0,1,0,0,0,0,3,2,2,0,0,0,0,0,0,0,0,0,0,4,3,3,2,3,4,1,3,3,1,3,7,1,1,4,1,2,2,3,4,3,6,110,3,2,5,3,2,3,6,6,2,NA,"MASKED BY ICPSR"
"376",2,1982,33,1,NA,"MASKED BY ICPSR",0,4,4,5,2,NA,1,1,1,1,1,1,1,0,0,0,0,0,0,0,0,0,0,1,1,1,1,1,1,4,1,1,1,1,0,0,0,0,0,0,1,0,1,0,0,1,1,1,1,0,0,0,0,0,0,0,0,0,0,1,0,0,1,1,0,1,1,1,2,5,4,1,1,1,0,0,0,0,0,0,0,4,3,4,4,4,4,4,4,4,4,10,10,10,10,10,10,10,10,10,10,NA,NA,599,599,4,5,5,5,5,5,5,1,1,"MASKED BY ICPSR"
"377",1,1980,35,1,NA,"MASKED BY ICPSR",0,1,4,5,2,NA,1,1,1,1,0,1,0,0,0,0,0,0,0,0,0,0,0,0,0,0,0,0,0,3,1,1,0,1,0,0,0,0,1,0,0,0,0,0,0,1,1,0,0,0,0,0,0,0,0,0,0,0,0,0,0,0,0,0,0,0,0,0,1,3,3,1,1,0,0,0,0,0,0,0,0,3,3,4,3,3,2,3,2,3,2,5,4,6,7,4,6,6,4,6,6,5,5,150,5,3,4,5,3,3,2,3,1,2,"               "
"378",1,1982,33,1,NA,"MASKED BY ICPSR",0,1,1,4,2,NA,1,0,1,1,0,1,0,1,0,0,0,1,0,0,0,0,0,0,1,0,1,0,1,2,1,1,0,1,1,1,0,0,1,0,1,1,0,0,0,0,1,1,0,0,0,0,0,0,0,0,0,0,0,0,0,1,1,0,0,0,0,0,1,2,3,0,0,0,0,0,0,0,0,0,0,2,3,2,1,2,4,1,4,4,1,9,8,5,5,8,1,2,2,7,3,1,1,56,6,2,5,4,3,2,2,3,2,NA,"MASKED BY ICPSR"
"379",1,1992,23,1,NA,"MASKED BY ICPSR",0,5,5,3,1,3,5,1,1,0,0,0,0,0,0,0,0,0,0,0,0,0,0,0,0,0,0,0,0,3,1,1,0,0,0,0,1,0,1,0,0,0,0,0,0,1,0,0,0,0,0,0,0,0,0,0,0,0,0,0,0,0,0,0,0,0,0,0,2,1,3,0,0,0,0,0,0,0,0,0,0,2,1,3,3,3,2,1,3,3,2,10,1,5,5,5,5,5,5,5,5,5,5,100,2,2,5,4,1,3,3,1,2,NA,"MASKED BY ICPSR"
"380",2,1994,21,1,NA,"MASKED BY ICPSR",0,3,5,3,4,NA,1,1,1,1,0,1,0,1,0,0,0,1,0,0,1,0,0,0,1,1,1,0,1,4,1,1,0,0,0,1,1,0,1,0,1,1,0,0,0,0,1,0,0,0,0,0,0,0,0,0,0,1,0,0,0,0,1,0,0,0,0,0,3,3,3,0,0,0,0,0,0,0,0,0,0,2,3,3,1,2,4,1,4,4,4,8,9,10,6,8,7,6,6,7,8,3,4,750,50,2,5,5,1,2,1,1,2,NA,"MASKED BY ICPSR"
"381",2,1979,36,1,NA,"MASKED BY ICPSR",0,4,4,3,3,NA,1,1,1,0,0,1,0,0,0,0,0,0,0,0,0,0,0,0,0,0,0,0,0,3,1,1,0,1,1,0,1,0,1,1,1,1,0,0,0,1,1,1,0,0,0,0,0,0,0,0,0,0,0,0,0,0,0,0,0,0,0,0,1,3,3,0,0,0,0,0,0,0,0,0,0,4,3,3,3,3,2,1,3,3,1,7,2,10,1,1,1,1,1,1,1,1,1,125,2,2,4,3,1,1,2,1,1,4,"               "
"382",2,1989,26,1,NA,"MASKED BY ICPSR",1,1,2,4,2,NA,1,1,1,1,0,1,0,0,1,1,1,1,1,1,0,1,1,1,0,0,1,1,1,3,0,1,1,0,0,0,0,0,0,1,0,0,0,0,0,0,1,1,0,0,0,1,1,0,0,0,0,0,0,0,0,0,0,0,0,0,0,0,2,1,3,1,0,1,0,0,0,0,0,1,0,3,3,2,2,3,2,1,1,1,2,7,8,6,7,6,8,6,4,4,6,8,8,109,4,2,3,5,4,4,5,4,2,NA,"               "
"383",2,1985,30,1,NA,"MASKED BY ICPSR",0,5,5,1,1,1,3,1,1,1,0,1,0,0,0,0,0,0,0,0,0,0,0,0,0,0,0,0,1,4,1,1,1,0,0,0,0,0,1,0,0,0,0,0,0,1,0,0,0,0,0,0,0,0,0,0,0,0,0,0,0,0,0,0,0,0,0,0,2,3,2,0,0,0,0,0,0,0,0,0,0,3,3,4,4,4,4,1,3,3,3,5,5,1,4,3,6,4,4,5,7,5,4,800,2,2,5,4,3,3,4,4,2,NA,"MASKED BY ICPSR"
"384",2,1991,24,1,NA,"MASKED BY ICPSR",1,1,5,2,2,NA,3,1,1,0,0,0,0,0,0,0,0,0,0,0,0,0,0,0,0,0,0,0,1,4,0,0,0,0,0,0,0,0,0,0,0,0,0,0,0,0,0,0,0,0,0,0,0,0,0,0,0,0,0,0,0,0,0,0,0,0,0,0,NA,NA,1,1,0,0,0,0,0,0,1,0,0,3,1,2,2,2,2,2,2,2,2,10,10,10,10,10,10,10,10,10,10,10,10,1000,20,2,6,6,6,6,6,6,1,1,"MASKED BY ICPSR"
"385",2,1986,29,1,NA,"MASKED BY ICPSR",0,3,2,4,3,NA,1,1,1,1,0,1,0,0,0,0,0,0,0,0,1,0,0,1,1,1,1,0,1,4,1,1,0,1,0,0,0,0,1,0,0,1,0,0,0,1,0,0,0,0,0,0,0,0,0,0,0,0,0,0,0,0,0,0,0,0,0,0,3,2,3,0,0,0,0,0,0,0,0,0,0,3,3,3,2,2,3,1,3,3,3,9,7,1,5,5,5,4,4,1,7,6,6,145,5,3,4,3,2,1,1,1,2,NA,"MASKED BY ICPSR"
"386",2,1989,26,1,NA,"MASKED BY ICPSR",0,3,4,3,2,NA,1,1,1,1,0,0,0,1,1,0,0,0,0,0,1,0,1,0,1,0,0,0,1,4,1,1,0,1,0,0,1,0,1,0,1,0,0,0,0,1,0,0,0,0,0,0,0,0,0,0,0,0,0,0,0,0,0,0,0,0,0,0,1,2,4,0,0,0,0,0,0,0,0,0,0,4,3,4,4,4,3,1,2,2,1,9,9,1,1,6,3,3,3,3,8,5,5,380,8,1,4,5,3,1,1,2,2,NA,"MASKED BY ICPSR"
"387",1,1984,31,1,NA,"MASKED BY ICPSR",0,1,4,3,3,NA,1,1,1,0,0,1,0,0,0,0,0,0,0,0,0,0,0,0,0,1,1,0,0,3,0,0,0,0,0,0,0,0,0,0,0,0,0,0,0,0,0,0,0,0,0,0,0,0,0,0,0,0,0,0,0,0,0,0,0,0,0,0,NA,NA,3,0,0,0,0,0,0,0,0,0,0,3,1,3,3,2,3,2,3,3,2,9,8,5,9,8,7,9,6,8,9,8,9,450,20,2,5,4,5,5,4,5,2,NA,"MASKED BY ICPSR"
"388",2,1980,35,1,NA,"MASKED BY ICPSR",0,1,4,4,2,NA,2,1,1,1,0,1,0,1,0,0,1,1,0,1,1,0,1,0,1,1,1,0,1,3,1,1,1,1,1,1,1,1,1,1,1,1,1,1,0,1,1,1,0,0,1,0,0,0,0,0,1,1,0,0,0,1,1,0,0,0,0,0,1,1,4,0,0,0,0,0,0,0,0,0,0,4,2,4,2,2,1,1,4,4,1,8,8,1,1,1,1,1,1,1,1,1,1,0,0,1,3,6,1,1,3,6,2,NA,"MASKED BY ICPSR"
"389",2,1983,32,1,NA,"MASKED BY ICPSR",1,2,2,5,3,NA,1,1,1,1,0,1,0,0,0,0,1,0,1,0,0,0,0,0,0,0,1,0,1,2,1,1,1,0,1,0,0,0,1,0,1,1,0,0,0,1,1,1,1,0,0,0,0,1,0,0,0,0,0,0,0,0,1,0,0,1,0,1,1,3,2,1,1,0,0,0,0,0,0,0,0,2,1,3,3,4,3,4,3,3,4,8,10,9,8,8,10,9,6,7,8,8,10,300,120,3,4,5,5,4,3,4,1,2,"MASKED BY ICPSR"
"390",1,1983,32,1,NA,"MASKED BY ICPSR",0,1,4,4,2,NA,1,1,1,1,0,1,0,1,0,0,0,0,0,0,0,0,1,0,1,0,1,0,1,3,1,1,0,1,0,0,0,0,1,0,0,0,0,0,0,1,1,1,0,0,0,0,0,0,0,0,0,0,0,0,0,0,0,0,0,0,0,0,3,2,3,0,0,0,0,0,0,0,0,0,0,3,1,2,3,4,3,1,3,3,1,9,6,1,6,7,3,5,5,7,8,6,5,50,10,2,5,4,2,2,2,3,2,NA,"MASKED BY ICPSR"
"391",2,1983,32,1,NA,"MASKED BY ICPSR",1,3,4,4,3,NA,1,1,1,1,0,0,0,0,0,0,0,0,0,0,0,0,0,0,0,0,0,0,0,4,0,0,0,0,0,0,0,0,0,0,0,0,0,0,0,0,0,0,0,0,0,0,0,0,0,0,0,0,0,0,0,0,0,0,0,0,0,0,NA,NA,3,0,0,0,0,0,0,0,0,0,0,2,3,2,2,3,3,3,2,2,2,10,10,10,10,10,10,10,10,10,10,10,10,1854,2,3,5,4,3,3,4,2,2,NA,"MASKED BY ICPSR"
"392",2,1992,23,1,NA,"MASKED BY ICPSR",0,2,5,3,3,NA,2,1,1,0,0,1,0,1,0,0,0,1,0,0,0,0,0,0,1,0,0,0,1,4,1,1,0,1,1,0,1,1,1,0,1,0,0,1,0,0,1,0,0,0,0,0,0,0,1,0,0,0,0,0,0,1,0,0,0,0,0,0,3,2,4,0,0,0,0,0,0,0,0,0,0,4,3,4,2,2,4,1,3,2,1,7,7,7,6,7,5,4,3,3,3,3,4,230,2,4,4,3,2,3,3,3,2,NA,"               "
"393",1,1992,23,1,NA,"MASKED BY ICPSR",0,4,5,4,3,NA,5,1,1,1,0,1,0,1,0,0,0,1,0,0,0,0,0,0,0,0,1,0,1,3,0,0,0,0,0,0,0,0,0,0,0,0,0,0,0,0,0,0,0,0,0,0,0,0,0,0,0,0,0,0,0,0,0,0,0,0,0,0,NA,NA,3,0,0,0,0,0,0,0,0,0,0,2,1,3,2,2,2,2,2,2,2,8,NA,8,7,7,6,6,6,3,NA,NA,NA,500,10,3,4,4,4,4,4,4,2,NA,"               "
"394",1,1989,26,1,NA,"MASKED BY ICPSR",0,3,4,4,2,NA,1,1,1,0,0,1,0,0,0,0,0,0,0,0,0,0,1,0,0,0,0,0,1,4,1,1,0,1,0,0,0,0,1,0,1,0,0,0,0,1,1,0,0,0,0,0,0,0,0,0,0,0,0,0,0,0,0,0,0,0,0,0,2,2,2,0,0,0,0,0,0,0,0,0,0,3,2,2,2,3,3,3,3,3,4,9,9,8,9,8,7,8,9,8,7,8,9,550,5,3,5,4,3,4,5,4,2,NA,"MASKED BY ICPSR"
"395",1,1991,24,1,NA,"MASKED BY ICPSR",0,4,5,3,1,3,3,1,1,0,0,0,0,0,0,0,0,1,0,0,0,0,1,0,0,0,0,0,1,4,0,0,0,0,0,0,0,0,0,0,0,0,0,0,0,0,0,0,0,0,0,0,0,0,0,0,0,0,0,0,0,0,0,0,0,0,0,0,NA,NA,2,0,0,0,0,0,0,0,0,0,0,2,1,1,2,3,3,1,2,4,1,7,3,1,7,6,7,5,4,5,5,5,5,140,20,1,5,5,3,3,1,5,2,NA,"MASKED BY ICPSR"
"396",2,1981,34,1,NA,"MASKED BY ICPSR",1,2,2,4,2,NA,2,1,0,0,0,1,0,0,0,0,0,0,0,0,0,0,0,0,0,0,1,0,0,2,0,0,0,0,0,0,0,0,0,0,0,0,0,0,0,0,0,0,0,0,0,0,0,0,0,0,0,0,0,0,0,0,0,0,0,0,0,0,NA,NA,1,1,1,1,0,1,0,0,1,0,0,3,2,2,2,2,3,2,3,3,4,9,8,9,9,7,8,9,8,9,9,9,10,15,5,3,4,5,5,5,4,4,1,2,"MASKED BY ICPSR"
"397",2,1985,30,1,NA,"MASKED BY ICPSR",1,2,1,2,2,NA,1,1,1,1,0,0,0,0,1,0,0,0,0,0,0,0,1,0,0,0,0,0,1,3,1,1,0,1,0,0,1,0,1,0,1,0,0,0,0,1,0,1,0,0,0,1,0,0,0,0,0,0,0,0,0,0,0,0,0,0,0,0,1,1,3,0,0,0,0,0,0,0,0,0,0,2,3,2,3,3,3,1,3,3,2,10,10,7,10,10,5,5,5,8,5,5,5,1000,15,2,5,5,4,4,6,6,2,NA,"MASKED BY ICPSR"
"398",2,1994,21,1,NA,"MASKED BY ICPSR",0,2,5,4,4,NA,1,1,1,1,0,0,0,0,0,0,0,1,0,0,0,0,1,0,1,1,1,0,0,4,1,1,0,1,1,1,1,0,1,0,1,1,0,1,0,1,0,1,0,0,0,0,0,0,1,0,0,0,0,0,0,0,1,0,0,0,0,0,3,3,4,1,0,0,1,1,1,0,0,1,0,4,3,4,3,4,3,1,4,3,4,1,5,9,2,6,4,2,1,4,4,3,3,NA,3,2,3,4,1,5,6,4,1,5,"               "
"399",2,1989,26,1,NA,"MASKED BY ICPSR",0,5,5,4,2,NA,1,1,1,1,0,0,0,0,0,0,0,1,0,0,0,0,0,0,0,0,0,0,0,2,1,1,0,1,1,0,1,0,1,0,0,0,0,0,0,0,0,0,0,0,0,0,0,0,1,0,0,0,0,0,0,0,0,0,0,0,0,0,1,4,3,0,0,0,0,0,0,0,0,0,0,3,3,3,1,1,4,1,3,3,3,5,3,7,5,5,5,5,5,5,5,5,5,400,1,1,5,2,1,3,3,1,2,NA,"MASKED BY ICPSR"
"400",1,1980,35,1,NA,"MASKED BY ICPSR",1,1,2,4,3,NA,1,1,0,0,0,0,1,1,1,0,0,0,0,0,0,0,0,0,0,0,0,0,0,1,1,1,1,0,0,0,0,0,1,0,0,0,0,0,0,1,1,1,1,0,0,0,0,0,0,0,0,0,0,0,0,0,0,0,0,0,0,0,1,4,1,1,1,0,0,0,0,0,0,0,0,1,1,2,2,2,2,2,2,2,2,9,9,9,9,8,9,9,9,8,9,9,8,5,5,1,5,5,4,5,5,5,1,1,"MASKED BY ICPSR"
"401",1,1984,31,1,NA,"MASKED BY ICPSR",0,1,4,4,2,NA,1,1,1,1,0,1,0,0,1,0,0,0,0,0,0,0,1,1,1,0,1,0,1,4,0,0,0,0,0,0,0,0,0,0,0,0,0,0,0,0,0,0,0,0,0,0,0,0,0,0,0,0,0,0,0,0,0,0,0,0,0,0,NA,NA,2,0,0,0,0,0,0,0,0,0,0,2,2,2,4,4,2,2,4,3,1,10,10,10,6,6,4,5,5,6,6,6,6,70,10,3,5,5,4,4,5,5,2,NA,"MASKED BY ICPSR"
"402",1,1992,23,1,NA,"MASKED BY ICPSR",0,2,5,3,1,3,2,1,1,1,0,0,0,0,0,0,0,0,0,0,0,0,0,0,1,0,1,0,1,4,1,1,0,0,1,1,1,0,1,0,1,0,0,1,0,1,1,1,1,0,1,1,0,0,0,0,0,0,0,1,1,1,0,0,0,0,0,1,2,5,4,0,0,0,0,0,0,0,0,0,0,4,3,4,1,3,3,1,1,4,1,10,10,10,1,1,1,1,1,1,1,1,1,1000,50,2,5,5,1,3,2,3,2,NA,"MASKED BY ICPSR"
"403",1,1983,32,1,NA,"MASKED BY ICPSR",0,3,4,4,2,NA,1,1,1,0,0,0,0,0,0,0,0,0,0,0,0,0,0,0,0,0,0,0,0,4,1,1,0,1,1,1,0,0,1,0,1,0,0,0,0,0,1,0,0,0,0,0,0,0,0,0,0,0,0,0,0,0,0,0,0,0,0,0,3,3,3,0,0,0,0,0,0,0,0,0,0,2,NA,NA,NA,2,2,2,2,2,2,8,7,7,7,6,7,6,7,6,7,6,7,500,25,2,4,4,4,2,2,3,2,NA,"MASKED BY ICPSR"
"404",1,1982,33,1,NA,"MASKED BY ICPSR",0,2,1,4,4,NA,1,0,1,0,0,0,0,1,0,0,0,0,0,0,0,1,0,0,0,0,0,0,1,3,0,0,0,0,0,0,0,0,0,0,0,0,0,0,0,0,0,0,0,0,0,0,0,0,0,0,0,0,0,0,0,0,0,0,0,0,0,0,NA,NA,4,0,0,0,0,0,0,0,0,0,0,1,2,1,1,1,1,1,1,1,1,1,1,1,1,1,1,1,1,1,1,1,1,0,0,1,1,6,1,1,1,6,2,NA,"MASKED BY ICPSR"
"405",1,1989,26,1,NA,"MASKED BY ICPSR",0,2,1,4,3,NA,2,1,1,1,0,1,0,1,0,0,0,1,0,0,0,0,0,0,1,1,1,0,1,4,0,0,0,0,0,0,0,0,0,0,0,0,0,0,0,0,0,0,0,0,0,0,0,0,0,0,0,0,0,0,0,0,0,0,0,0,0,0,NA,NA,3,0,0,0,0,0,0,0,0,0,0,4,1,3,3,3,3,3,3,3,3,10,10,10,9,9,10,9,8,9,9,9,10,23,2,2,5,6,5,4,5,6,2,NA,"MASKED BY ICPSR"
"406",1,1984,31,1,NA,"MASKED BY ICPSR",0,3,2,3,2,NA,1,1,1,0,0,1,0,0,0,0,0,0,0,0,0,0,0,0,0,0,0,0,1,4,1,1,1,1,1,1,1,1,1,1,1,1,0,0,0,1,1,0,0,0,0,0,0,0,0,0,0,0,0,0,0,0,0,0,0,0,0,0,1,3,3,0,0,0,0,0,0,0,0,0,0,3,2,2,2,2,2,2,2,2,2,10,10,10,1,8,2,7,1,1,5,1,1,250,25,3,5,4,3,1,5,3,2,NA,"MASKED BY ICPSR"
"407",2,1982,33,1,NA,"MASKED BY ICPSR",0,3,2,3,5,NA,1,1,1,0,0,0,0,1,0,0,0,0,0,0,0,0,0,0,0,1,0,0,1,1,1,1,0,1,0,0,0,0,0,0,0,1,0,0,0,1,0,0,0,0,0,0,0,0,0,0,0,0,0,0,0,0,0,0,0,0,0,0,2,3,2,0,0,0,0,0,0,0,0,0,0,2,1,3,1,1,4,1,2,2,2,8,3,6,5,5,1,2,2,1,8,2,2,400,10,2,4,4,2,2,5,4,2,NA,"MASKED BY ICPSR"
"408",2,1987,28,1,NA,"MASKED BY ICPSR",1,3,2,2,5,NA,5,1,1,0,0,0,0,0,0,0,0,0,0,0,0,0,0,0,0,0,1,0,1,3,1,1,0,1,1,0,0,0,1,0,1,1,0,0,0,1,1,0,0,0,0,0,0,0,0,0,0,0,0,0,0,0,0,0,0,0,0,0,1,3,3,0,0,0,0,0,0,0,0,0,0,2,3,3,1,2,4,1,3,3,2,5,5,7,3,5,3,2,3,4,NA,5,3,40,5,4,5,2,1,6,6,6,2,NA,"               "
"409",1,1997,18,1,NA,"MASKED BY ICPSR",1,2,6,2,1,3,2,1,1,1,0,1,0,1,0,0,0,0,0,0,0,0,0,1,0,0,1,0,1,4,1,0,0,0,0,0,0,0,0,0,0,0,0,0,0,0,0,0,0,0,0,0,0,0,0,0,0,0,0,0,0,0,0,0,0,0,0,0,NA,NA,3,0,0,0,0,0,0,0,0,0,0,3,3,3,3,2,3,1,4,4,2,10,5,5,6,4,4,4,4,4,4,4,4,509,10,3,5,5,3,4,4,6,2,NA,"               "
"410",2,1996,19,1,NA,"MASKED BY ICPSR",0,2,5,2,1,3,2,1,1,0,0,0,0,0,0,0,0,0,0,0,0,0,0,0,1,0,0,0,1,3,NA,1,0,0,0,1,0,0,1,0,0,0,0,0,0,1,0,0,0,0,0,0,0,0,0,0,0,0,0,0,0,0,1,0,0,0,0,0,1,3,3,0,0,0,0,0,0,0,0,0,0,3,1,4,1,1,2,1,2,2,2,9,8,1,8,8,7,8,8,7,7,NA,NA,600,3,1,5,5,1,2,4,2,2,NA,"               "
"411",1,1994,21,1,NA,"MASKED BY ICPSR",1,2,5,3,4,NA,4,0,1,0,0,0,0,1,0,0,0,0,0,0,0,0,0,0,0,0,0,0,1,3,1,1,1,1,1,1,1,1,1,0,0,1,0,0,0,0,1,0,0,0,0,0,0,0,0,0,0,0,0,0,0,0,0,0,0,0,0,0,1,1,2,1,0,0,0,1,0,0,0,1,0,2,3,4,1,3,4,1,2,2,3,4,1,5,1,1,1,8,1,1,6,2,2,40,5,1,4,5,6,3,3,1,1,1,"               "
"412",1,1979,36,1,NA,"MASKED BY ICPSR",0,2,4,4,2,NA,1,1,1,1,0,1,0,1,1,0,1,1,1,1,0,1,1,1,1,1,1,0,0,4,1,1,0,1,0,0,0,0,1,1,1,0,0,0,0,1,0,1,0,0,0,0,0,0,0,0,0,1,0,0,0,0,0,0,0,0,0,0,3,3,2,0,0,0,0,0,0,0,0,0,0,2,3,2,2,2,2,2,2,3,2,8,8,8,8,8,9,8,8,7,8,8,8,75,5,3,4,5,4,4,3,3,2,NA,"MASKED BY ICPSR"
"413",2,1981,34,1,NA,"MASKED BY ICPSR",1,2,1,4,2,NA,4,1,1,1,0,1,0,1,0,0,1,1,1,1,1,0,1,1,1,1,1,0,1,4,0,0,0,0,0,0,0,0,0,0,0,0,0,0,0,0,0,0,0,0,0,0,0,0,0,0,0,0,0,0,0,0,0,0,0,0,0,0,NA,NA,1,0,0,0,0,0,0,0,0,0,0,2,3,3,3,1,1,1,2,2,2,8,7,6,8,8,4,5,5,7,7,7,6,175,10,3,5,5,3,4,3,3,2,NA,"               "
"414",2,1991,24,1,NA,"MASKED BY ICPSR",0,3,5,4,1,3,1,1,1,1,0,0,0,1,0,0,0,0,0,0,0,0,0,0,0,0,0,0,1,3,0,1,0,1,0,0,0,0,0,0,0,1,0,0,0,0,0,0,0,0,0,0,0,0,0,0,1,0,0,0,0,0,0,0,0,0,0,0,1,3,2,0,0,0,0,0,0,0,0,0,0,3,3,2,3,2,2,2,3,3,2,2,5,7,1,1,1,1,1,1,1,1,1,542,0,1,1,1,1,1,1,1,1,1,"MASKED BY ICPSR"
"415",2,1990,25,1,NA,"MASKED BY ICPSR",0,5,1,4,2,NA,1,1,1,0,0,0,0,0,0,0,0,0,0,0,0,0,0,0,0,0,0,0,0,4,0,0,0,0,0,0,0,0,0,0,0,0,0,0,0,0,0,0,0,0,0,0,0,0,0,0,0,0,0,0,0,0,0,0,0,0,0,0,NA,NA,2,0,0,0,0,0,0,0,0,0,0,2,3,2,1,2,4,1,1,2,1,1,3,1,1,1,1,1,1,1,5,1,1,700,3,4,5,3,1,1,1,1,2,NA,"MASKED BY ICPSR"
"416",1,1983,32,1,NA,"MASKED BY ICPSR",0,3,2,2,3,NA,1,1,0,0,0,0,0,1,0,0,0,0,0,0,0,0,0,0,0,0,0,0,1,4,1,1,0,1,0,0,0,0,0,0,1,0,0,0,0,1,0,0,0,0,0,0,0,0,0,0,0,0,0,0,0,0,0,0,0,0,0,0,2,3,2,1,0,0,0,0,0,0,0,0,1,4,3,3,1,2,4,1,4,2,1,10,10,1,5,5,1,1,1,1,1,1,5,80,2,2,3,1,1,1,1,1,2,NA,"MASKED BY ICPSR"
"417",2,1992,23,1,NA,"MASKED BY ICPSR",0,3,6,2,1,2,3,1,1,0,0,1,0,0,0,0,0,0,0,0,0,0,0,0,1,0,1,0,1,4,0,1,0,1,1,1,1,1,1,1,1,0,0,1,0,1,0,0,0,0,0,0,0,0,0,0,0,0,0,0,0,1,0,0,0,0,0,0,1,4,4,1,1,0,0,1,0,0,0,1,0,4,3,3,3,4,2,1,3,3,1,8,8,3,4,4,1,1,1,1,1,1,1,200,0,2,5,1,1,1,5,4,1,1,"MASKED BY ICPSR"
"418",1,1994,21,1,NA,"MASKED BY ICPSR",NA,NA,NA,NA,NA,NA,2,1,1,0,0,0,0,1,0,0,0,0,0,0,0,0,0,0,0,0,0,0,1,3,0,0,0,0,0,0,0,0,0,0,0,0,0,0,0,0,0,0,0,0,0,0,0,0,0,0,0,0,0,0,0,0,0,0,0,0,0,0,NA,NA,3,0,0,0,0,0,0,0,0,0,0,1,1,4,1,3,4,1,4,4,1,10,4,8,3,5,1,4,4,6,5,6,8,84,15,2,5,3,2,4,1,1,2,NA,"MASKED BY ICPSR"
"419",2,1980,35,1,NA,"MASKED BY ICPSR",1,4,4,2,3,NA,1,1,1,1,0,1,0,1,0,0,0,0,0,0,0,0,1,0,0,0,1,0,1,4,0,1,0,0,1,0,0,0,1,0,0,0,1,0,0,1,0,0,0,0,0,0,0,0,0,0,0,0,0,0,0,1,0,0,0,0,1,0,3,2,3,0,0,0,0,0,0,0,0,0,0,2,3,4,3,3,3,3,4,3,3,10,10,8,3,7,5,3,8,1,6,7,8,433,5,3,5,4,3,4,3,3,2,NA,"MASKED BY ICPSR"
"420",1,1989,26,1,NA,"MASKED BY ICPSR",1,4,5,4,1,3,3,1,1,0,0,1,0,1,0,0,0,1,0,0,0,0,0,0,0,0,0,0,1,4,1,1,0,1,1,1,0,0,1,1,1,0,0,1,0,1,1,0,0,0,0,0,0,0,0,0,0,0,0,0,0,0,0,0,0,0,0,0,3,1,2,0,0,0,0,0,0,0,0,0,0,2,2,2,3,3,4,1,2,3,1,8,7,10,7,8,6,9,1,10,7,1,3,61,5,2,5,4,3,3,1,4,2,NA,"MASKED BY ICPSR"
"421",1,1981,34,1,NA,"MASKED BY ICPSR",0,1,2,5,2,NA,3,1,1,1,0,1,0,1,0,0,0,1,0,1,1,0,1,0,0,1,1,0,0,3,1,1,1,1,1,1,0,0,1,1,1,0,1,0,0,1,1,0,0,0,1,0,0,0,1,1,1,0,0,1,1,0,0,1,0,0,0,0,2,4,3,1,1,1,0,1,1,0,1,0,0,3,1,3,3,3,3,3,3,3,3,8,9,8,9,8,8,9,9,8,7,9,8,666,100,4,4,5,4,4,5,5,1,5,"MASKED BY ICPSR"
"422",1,1981,34,1,NA,"MASKED BY ICPSR",0,1,2,4,2,NA,1,1,1,1,0,1,0,0,0,0,0,0,0,0,0,0,0,0,0,0,0,0,0,3,1,1,0,1,0,0,0,0,1,0,0,0,0,0,0,0,1,0,0,0,0,0,0,0,0,0,0,0,0,0,0,0,0,0,0,0,0,0,2,3,2,0,0,0,0,0,0,0,0,0,0,2,1,2,1,1,3,1,2,2,1,8,8,6,6,6,6,5,4,5,5,5,5,250,5,1,5,4,3,3,2,3,2,NA,"MASKED BY ICPSR"
"423",2,1982,33,1,NA,"MASKED BY ICPSR",0,4,4,2,5,NA,1,1,1,1,0,1,0,1,0,0,0,0,0,0,0,0,1,0,1,0,0,0,1,3,0,0,0,0,0,0,0,0,0,0,0,0,0,0,0,0,0,0,0,0,0,0,0,0,0,0,0,0,0,0,0,0,0,0,0,0,0,0,NA,NA,2,0,0,0,0,0,0,0,0,0,0,3,1,3,3,3,3,1,4,4,1,6,6,3,6,6,2,2,2,2,8,2,4,170,2,1,5,5,2,2,2,2,2,NA,"               "
"424",2,1987,28,1,NA,"MASKED BY ICPSR",1,3,2,3,5,NA,3,1,1,0,0,0,0,0,0,0,0,0,0,0,0,0,0,0,1,0,1,0,0,3,0,1,0,1,1,1,1,0,0,0,0,0,1,0,0,1,0,0,0,0,0,0,0,0,0,0,0,0,0,0,0,0,0,0,0,0,0,0,2,1,4,0,0,0,0,0,0,0,0,0,0,4,3,4,4,4,2,1,3,4,1,10,5,1,1,1,1,1,1,5,5,1,1,60,5,2,5,5,1,6,6,6,2,NA,"               "
"425",1,1980,35,1,NA,"MASKED BY ICPSR",1,2,2,4,2,NA,1,1,1,0,0,1,0,1,0,0,0,1,0,1,0,1,1,1,1,1,1,1,1,4,1,1,0,1,0,0,0,0,1,0,0,1,1,1,0,1,1,0,0,0,0,0,0,0,1,0,0,0,1,0,0,1,0,0,0,0,1,0,1,2,4,1,0,0,0,1,1,0,0,0,0,3,3,4,3,1,2,2,3,3,1,10,9,8,10,10,9,8,6,9,8,5,4,300,10,3,5,3,4,4,2,4,2,NA,"MASKED BY ICPSR"
"426",2,1987,28,1,NA,"MASKED BY ICPSR",1,2,4,4,4,NA,4,1,1,0,0,0,0,1,0,0,0,0,0,0,0,0,1,1,1,0,1,0,1,3,1,1,0,0,0,1,0,0,1,0,1,0,1,1,0,1,0,0,1,0,0,0,0,0,0,0,0,0,0,0,0,0,0,0,0,0,0,0,2,2,3,0,0,0,0,0,0,0,0,0,0,3,3,4,2,3,2,1,4,3,3,8,4,4,3,4,1,6,6,9,9,9,9,250,150,3,5,5,4,4,5,4,2,NA,"MASKED BY ICPSR"
"427",2,1994,21,1,NA,"MASKED BY ICPSR",0,3,6,2,3,NA,1,1,1,1,0,0,0,1,0,0,0,0,0,0,0,0,0,1,0,0,0,0,1,3,1,1,0,1,1,1,1,0,1,0,0,1,1,0,0,1,0,0,0,0,0,0,0,0,0,0,0,0,0,0,0,0,0,0,0,0,0,0,1,3,3,0,0,0,0,0,0,0,0,0,0,3,3,3,4,4,2,1,4,4,1,7,5,5,5,7,2,4,4,4,8,3,8,128,3,1,4,4,1,3,1,2,2,NA,"MASKED BY ICPSR"
"428",1,1995,20,1,NA,"MASKED BY ICPSR",1,4,5,2,1,3,4,1,1,0,0,1,0,0,0,0,0,0,0,0,0,0,0,1,1,0,0,0,1,4,1,1,1,0,0,0,0,0,0,0,1,0,0,0,0,1,1,0,0,0,0,0,0,0,0,0,0,0,0,0,0,0,0,0,0,0,0,0,2,1,2,0,0,0,0,0,0,0,0,0,0,2,1,3,2,3,4,3,4,2,2,6,5,4,1,4,3,3,7,7,5,5,5,400,3,4,5,5,3,4,3,4,2,NA,"MASKED BY ICPSR"
"429",1,1990,25,1,NA,"MASKED BY ICPSR",0,3,5,3,3,NA,1,1,1,1,0,1,0,1,0,0,0,0,0,0,1,0,1,1,0,1,1,1,1,4,1,1,1,1,0,1,0,0,1,0,1,1,0,1,0,1,1,0,0,0,0,0,0,0,0,0,0,1,1,0,0,0,0,0,0,0,1,0,2,1,3,1,1,0,1,0,1,1,0,0,1,2,3,3,4,4,1,1,4,4,3,10,10,10,4,7,3,6,6,9,4,2,1,125,10,2,5,4,5,4,4,4,2,NA,"MASKED BY ICPSR"
"430",1,1987,28,1,NA,"MASKED BY ICPSR",1,1,6,5,2,NA,5,1,1,1,0,0,0,1,0,0,0,0,0,0,0,0,0,0,0,1,0,0,1,4,1,1,0,1,0,0,0,0,1,0,1,1,1,1,0,0,1,0,0,0,0,0,0,0,0,0,0,0,0,0,0,0,0,0,0,0,0,0,1,4,3,0,0,0,0,0,0,0,0,0,0,2,1,1,1,1,4,1,2,2,1,7,5,5,1,8,1,1,1,1,1,1,1,200,10,1,5,4,1,1,1,1,2,NA,"               "
"431",1,1994,21,1,NA,"MASKED BY ICPSR",0,3,1,3,1,3,1,1,1,1,0,0,0,0,0,0,0,0,0,0,0,0,0,0,0,0,0,0,0,2,0,0,0,0,0,0,0,0,0,0,0,0,0,0,0,0,0,0,0,0,0,0,0,0,0,0,0,0,0,0,0,0,0,0,0,0,0,0,NA,NA,1,0,0,0,0,0,0,0,0,0,0,2,3,2,2,1,2,2,2,2,2,7,6,6,8,7,6,5,5,5,7,5,5,400,10,2,4,3,3,3,2,3,2,NA,"               "
"432",2,1987,28,1,NA,"MASKED BY ICPSR",0,4,5,5,3,NA,5,1,1,1,0,1,0,1,0,0,0,1,0,0,0,0,0,0,0,1,1,0,1,3,0,0,0,0,0,0,0,0,0,0,0,0,0,0,0,0,0,0,0,0,0,0,0,0,0,0,0,0,0,0,0,0,0,0,0,0,0,0,NA,NA,2,0,0,0,0,0,0,0,0,0,0,2,1,2,2,2,2,1,2,2,1,8,8,8,8,8,7,7,5,2,8,8,NA,700,10,3,4,3,3,3,3,3,2,NA,"               "
"433",2,1992,23,1,NA,"MASKED BY ICPSR",1,2,2,4,1,3,1,1,1,1,0,1,0,1,0,0,0,1,0,0,0,0,0,0,1,0,1,0,1,4,0,0,0,0,0,0,0,0,0,0,0,0,0,0,0,0,0,0,0,0,0,0,0,0,0,0,0,0,0,0,0,0,0,0,0,0,0,0,NA,NA,2,0,0,0,0,0,0,0,0,0,0,2,1,2,1,2,4,1,2,4,3,7,8,5,7,8,4,5,5,5,7,5,5,868,5,2,5,5,4,3,3,3,2,NA,"MASKED BY ICPSR"
"434",1,1989,26,1,NA,"MASKED BY ICPSR",1,1,1,4,2,NA,3,1,1,1,0,0,0,0,0,0,0,0,0,0,0,0,0,0,0,0,1,0,0,3,0,0,0,0,0,0,0,0,0,0,0,0,0,0,0,0,0,0,0,0,0,0,0,0,0,0,0,0,0,0,0,0,0,0,0,0,0,0,NA,NA,2,0,0,0,0,0,0,0,0,0,0,3,1,4,1,2,2,1,3,3,2,8,7,1,6,7,4,3,3,10,7,8,7,420,20,3,5,4,2,2,4,2,2,NA,"MASKED BY ICPSR"
"435",1,1985,30,1,NA,"MASKED BY ICPSR",0,1,5,2,3,NA,1,1,1,1,0,0,0,1,0,0,0,0,0,0,0,0,0,0,0,0,0,0,1,3,0,0,0,0,0,0,0,0,0,0,0,0,0,0,0,0,0,0,0,0,0,0,0,0,0,0,0,0,0,0,0,0,0,0,0,0,0,0,NA,NA,1,0,0,0,0,0,0,0,0,0,0,1,1,1,2,3,3,1,4,4,1,10,10,10,10,10,10,10,10,10,10,10,10,50,50,3,5,5,5,5,5,5,2,NA,"MASKED BY ICPSR"
"436",2,1986,29,1,NA,"MASKED BY ICPSR",0,3,4,4,2,NA,1,1,1,1,0,1,0,1,0,0,0,0,1,1,1,0,1,0,0,0,1,0,1,3,1,1,0,1,0,0,0,0,0,1,0,1,0,0,1,1,0,0,0,0,0,0,0,0,0,0,0,0,0,0,0,0,0,0,0,0,0,0,2,2,3,0,0,0,0,0,0,0,0,0,0,3,2,2,3,2,2,1,2,4,1,8,9,3,4,4,2,3,3,7,9,3,3,200,50,1,4,4,3,2,2,1,2,NA,"               "
"437",2,1987,28,1,NA,"MASKED BY ICPSR",0,2,4,5,2,NA,4,1,1,1,1,1,1,1,0,1,1,1,1,0,0,1,1,1,0,0,1,0,1,3,0,1,1,0,1,1,1,0,1,0,1,1,1,1,0,1,1,1,1,0,0,0,0,0,0,0,0,0,0,0,0,0,0,0,0,1,0,0,3,1,4,1,1,1,0,0,0,0,0,1,0,4,3,4,4,3,4,1,3,3,1,10,10,10,10,10,10,10,10,10,10,10,10,700,50,3,5,5,5,5,5,5,2,NA,"MASKED BY ICPSR"
"438",2,1988,27,1,NA,"MASKED BY ICPSR",1,2,3,2,4,NA,2,1,0,0,0,0,0,0,0,0,0,0,0,0,0,0,0,0,0,0,0,0,0,2,1,1,1,0,0,0,0,0,0,1,0,0,0,0,0,0,0,0,1,0,0,0,0,0,0,0,0,0,0,0,1,0,0,0,0,0,0,0,3,5,2,1,0,0,0,0,0,0,0,0,1,4,2,3,3,2,2,3,3,3,3,6,8,9,6,8,8,9,10,7,7,5,5,NA,2,1,5,4,3,5,5,5,2,NA,"MASKED BY ICPSR"
"439",2,1987,28,1,NA,"MASKED BY ICPSR",0,3,6,4,4,NA,2,1,1,0,0,1,0,1,0,0,0,0,0,0,0,0,0,0,1,1,1,0,1,2,1,1,0,1,0,0,0,0,1,0,1,0,0,0,0,0,1,0,0,0,0,0,0,0,0,0,0,0,0,0,0,0,0,0,0,0,0,0,1,2,3,0,0,0,0,0,0,0,0,0,0,3,1,3,2,3,3,1,3,3,3,8,8,8,7,5,5,5,6,6,4,5,5,0,3,1,2,4,1,4,2,2,2,NA,"MASKED BY ICPSR"
"440",1,1984,31,1,NA,"MASKED BY ICPSR",0,5,2,3,3,NA,1,1,1,0,0,0,0,1,0,0,0,0,0,0,1,0,0,0,0,0,0,0,1,2,1,1,1,1,1,1,1,1,1,1,1,1,1,1,1,1,1,0,0,0,0,0,0,0,0,0,0,1,0,0,0,0,0,1,0,0,0,0,1,1,4,0,0,0,0,0,0,0,0,0,0,3,2,3,2,2,2,1,2,2,1,8,8,3,5,7,3,3,2,3,5,2,2,100,10,2,5,4,2,2,1,2,2,NA,"               "
"441",2,1980,35,1,NA,"MASKED BY ICPSR",0,2,2,5,2,NA,1,1,1,1,0,1,1,0,0,0,0,1,0,1,0,0,1,1,0,1,1,0,1,4,0,0,0,0,0,0,0,0,0,0,0,0,0,0,0,0,0,0,0,0,0,0,0,0,0,0,0,0,0,0,0,0,0,0,0,0,0,0,NA,NA,2,0,0,0,0,0,0,0,0,0,0,2,3,2,2,2,2,2,2,3,1,10,10,10,10,9,6,1,1,5,1,1,1,5000,0,2,5,2,1,1,1,1,2,NA,"MASKED BY ICPSR"
"442",1,1984,31,1,NA,"MASKED BY ICPSR",0,4,2,5,2,NA,3,1,1,1,0,0,0,1,0,0,0,0,0,0,0,0,0,0,0,0,1,0,0,3,1,1,0,1,1,1,0,0,1,0,1,0,1,0,0,1,0,0,0,0,0,0,0,0,0,0,0,0,0,0,0,0,0,0,0,0,0,0,1,2,3,1,1,1,0,0,0,0,0,0,0,3,3,3,3,3,2,1,2,2,3,7,6,1,2,6,1,4,4,4,4,4,4,105,20,2,5,5,3,1,3,4,2,NA,"MASKED BY ICPSR"
"443",2,1988,27,1,NA,"MASKED BY ICPSR",0,1,4,5,3,NA,1,1,1,1,0,0,0,1,0,0,0,0,0,0,0,0,0,0,1,0,0,0,1,4,1,1,0,1,0,0,0,0,1,0,0,0,0,0,0,1,0,0,0,0,0,0,0,0,0,0,0,0,0,0,0,0,0,0,0,0,0,0,3,1,4,0,0,0,0,0,0,0,0,0,0,4,3,4,1,2,4,1,4,3,3,10,8,1,5,9,1,6,5,6,8,6,6,200,20,2,5,5,2,2,4,2,2,NA,"               "
"444",2,1992,23,1,NA,"MASKED BY ICPSR",0,3,5,4,1,3,1,1,1,1,0,0,0,1,0,0,0,1,0,0,0,0,1,0,1,1,0,0,1,3,1,1,0,1,0,0,0,0,1,0,1,1,1,0,0,1,1,1,0,0,0,0,0,0,0,0,0,0,0,0,0,0,1,0,0,0,0,0,1,2,3,0,0,0,0,0,0,0,0,0,0,3,3,2,1,2,4,1,4,4,1,8,7,1,3,8,1,6,6,8,7,2,5,600,6,1,4,5,2,2,6,3,2,NA,"MASKED BY ICPSR"
"445",2,1990,25,1,NA,"MASKED BY ICPSR",0,5,3,2,4,NA,1,1,1,0,0,1,0,0,0,0,0,0,0,0,0,0,0,0,1,0,0,0,1,3,1,1,1,0,0,0,0,0,1,0,1,1,1,0,0,1,0,0,1,0,0,0,0,0,0,0,0,0,0,0,0,0,0,0,0,0,1,0,2,3,4,0,0,0,0,0,0,0,0,0,0,3,3,2,3,4,1,1,4,3,1,8,4,1,10,10,1,1,1,1,9,5,10,500,5,2,5,5,5,5,5,5,2,NA,"MASKED BY ICPSR"
"446",1,1986,29,1,NA,"MASKED BY ICPSR",1,2,1,3,2,NA,1,1,1,0,0,0,0,0,0,0,0,0,0,0,0,0,0,0,0,0,0,0,1,4,0,0,0,0,0,0,0,0,0,0,0,0,0,0,0,0,0,0,0,0,0,0,0,0,0,0,0,0,0,0,0,0,0,0,0,0,0,0,NA,NA,1,0,0,0,0,0,0,0,0,0,0,1,1,1,1,4,2,1,4,4,1,10,10,1,5,5,5,5,5,5,5,5,5,1256,1256,1,5,5,4,3,6,6,2,NA,"MASKED BY ICPSR"
"447",1,1983,32,1,NA,"MASKED BY ICPSR",0,2,2,5,2,NA,4,1,1,1,0,1,0,0,0,0,0,0,0,0,0,0,0,0,0,0,0,0,1,4,0,1,0,1,0,0,0,0,1,0,0,0,0,0,0,1,0,0,0,0,0,0,0,0,0,0,0,0,0,0,0,0,0,0,0,0,0,0,3,2,1,0,0,0,0,0,0,0,0,0,0,2,2,2,3,2,3,3,3,1,1,8,7,7,8,7,7,7,7,8,6,7,7,233,21,2,4,4,5,5,4,4,2,NA,"MASKED BY ICPSR"
"448",2,1980,35,1,NA,"MASKED BY ICPSR",1,1,4,4,3,NA,1,1,1,1,0,1,0,1,0,0,0,1,0,0,0,0,1,0,1,1,1,0,1,3,1,1,0,0,0,0,1,0,0,0,0,1,0,0,0,1,0,0,0,0,0,0,0,0,0,0,0,0,0,0,0,1,0,0,0,0,0,0,3,3,3,0,0,0,0,0,0,0,0,0,0,2,3,2,1,2,4,1,1,2,1,6,4,5,3,3,3,2,2,4,2,1,1,400,15,2,3,3,2,2,2,6,2,NA,"               "
"449",2,1991,24,1,NA,"MASKED BY ICPSR",0,3,2,4,3,NA,1,1,1,0,0,0,0,0,0,0,0,1,0,0,0,0,1,0,1,1,0,0,1,4,0,1,0,0,0,0,0,1,0,0,0,0,0,0,1,1,0,0,0,0,0,0,0,0,0,0,0,0,0,0,0,1,0,0,0,0,0,0,2,4,1,1,0,0,0,0,0,0,0,0,1,3,1,3,3,3,4,1,4,4,4,5,5,3,4,7,1,1,1,1,2,1,1,400,1,3,5,4,3,2,2,1,2,NA,"               "
"450",1,1988,27,1,NA,"MASKED BY ICPSR",0,1,1,4,3,NA,1,1,1,1,0,1,0,0,0,0,0,0,0,0,0,0,0,0,0,0,1,0,1,4,1,1,1,0,1,0,0,0,0,0,1,1,0,1,0,1,0,1,0,0,0,0,0,0,0,0,0,0,0,0,0,0,0,0,0,0,0,0,1,1,4,1,0,1,0,0,1,0,0,1,0,4,3,4,3,3,3,4,4,3,4,10,9,6,1,7,4,7,8,9,10,6,6,1500,500,4,5,4,4,3,4,5,2,NA,"MASKED BY ICPSR"
"451",2,1983,32,1,NA,"MASKED BY ICPSR",0,3,4,2,5,NA,1,1,1,1,0,1,0,0,0,0,0,0,0,0,1,0,1,1,1,0,0,0,1,4,1,1,0,1,0,0,0,0,1,0,1,1,1,0,0,1,0,0,0,0,0,0,0,0,0,0,0,0,0,0,0,0,0,0,0,0,0,0,3,2,3,0,0,0,0,0,0,0,0,0,0,4,3,4,2,3,4,1,4,4,1,8,9,8,4,4,4,4,4,4,6,4,4,200,5,4,4,4,2,2,2,2,2,NA,"               "
"452",1,1980,35,1,NA,"MASKED BY ICPSR",0,5,1,1,5,NA,1,0,0,0,0,0,0,0,0,0,0,0,0,0,0,0,0,0,0,0,0,0,1,2,0,0,0,0,0,0,0,0,0,0,0,0,0,0,0,0,0,0,0,0,0,0,0,0,0,0,0,0,0,0,0,0,0,0,0,0,0,0,NA,NA,1,0,0,0,0,0,0,0,0,0,0,1,3,3,1,1,1,1,1,1,1,5,5,5,5,5,5,5,5,5,5,5,5,0,0,1,3,3,3,3,3,3,2,NA,"MASKED BY ICPSR"
"453",2,1995,20,1,NA,"MASKED BY ICPSR",0,3,5,1,1,4,1,1,1,0,0,1,0,0,0,0,0,0,0,0,0,0,0,0,0,0,0,0,1,4,0,0,0,0,0,0,0,0,0,0,0,0,0,0,0,0,0,0,0,0,0,0,0,0,0,0,0,0,0,0,0,0,0,0,0,0,0,0,NA,NA,4,0,0,0,0,0,0,0,0,0,0,2,1,1,3,2,2,4,3,3,4,10,5,3,5,5,1,1,1,1,1,1,1,15,0,1,6,6,1,1,6,1,2,NA,"MASKED BY ICPSR"
"454",1,1983,32,1,NA,"MASKED BY ICPSR",0,1,4,5,2,NA,1,1,1,0,0,1,1,1,0,0,0,0,0,1,0,1,0,1,0,0,0,0,0,4,1,1,1,0,0,0,0,0,1,0,0,1,0,1,0,1,1,0,0,0,0,0,0,1,0,1,1,0,0,0,0,0,0,0,0,1,0,0,1,1,1,1,1,0,1,0,1,0,0,1,0,4,1,4,4,4,4,4,4,4,4,10,10,10,10,10,10,10,10,10,10,10,10,5000,1000,4,5,5,5,5,5,NA,1,1,"MASKED BY ICPSR"
"455",1,1981,34,1,NA,"MASKED BY ICPSR",0,5,5,4,3,NA,2,1,1,1,0,1,0,1,0,0,0,0,0,0,1,0,1,0,0,1,1,1,1,4,1,1,0,1,1,1,1,1,1,0,1,1,1,1,0,1,0,0,0,0,0,0,0,0,0,0,0,0,0,0,0,0,0,0,0,0,0,0,2,3,4,0,0,0,0,0,0,0,0,0,0,4,2,3,1,2,4,1,2,2,1,2,3,8,1,3,1,1,1,1,1,1,1,342,4,2,3,4,2,3,6,6,2,NA,"MASKED BY ICPSR"
"456",2,1992,23,1,NA,"MASKED BY ICPSR",0,3,5,3,1,3,5,1,1,1,0,0,0,1,0,0,0,1,0,0,0,0,0,0,0,0,0,0,1,3,1,1,1,1,1,1,1,1,1,1,1,1,1,1,0,1,1,0,0,0,0,0,0,0,1,0,0,0,0,0,0,0,0,0,0,0,0,0,1,2,4,0,0,0,0,0,0,0,0,0,0,4,2,3,4,4,3,1,4,4,4,8,8,9,2,5,3,3,2,7,2,2,2,200,3,1,5,3,6,3,6,6,1,5,"MASKED BY ICPSR"
"457",2,1988,27,1,NA,"MASKED BY ICPSR",0,4,4,3,2,NA,2,1,1,0,0,1,0,1,0,0,0,0,0,0,0,0,0,0,1,0,0,0,1,4,1,1,1,1,1,1,1,0,1,0,1,1,0,1,0,1,1,1,0,0,0,0,0,0,0,0,0,0,0,0,0,1,0,0,0,0,0,0,1,2,4,0,0,0,0,0,0,0,0,0,0,4,3,4,2,1,4,1,4,4,1,10,8,1,3,7,1,1,1,2,1,2,3,606,4,3,5,3,3,4,3,6,2,NA,"MASKED BY ICPSR"
"458",2,1989,26,1,NA,"MASKED BY ICPSR",1,5,4,3,2,NA,1,1,1,1,0,0,0,0,0,0,0,1,0,0,0,0,0,0,0,1,1,0,1,4,1,1,1,1,1,1,1,1,1,1,1,1,1,1,0,1,1,1,0,0,0,0,0,0,1,0,0,0,0,0,0,0,1,0,0,0,0,1,3,1,4,0,0,0,0,0,0,0,0,0,0,4,2,4,4,2,4,1,3,3,4,7,4,4,1,2,1,2,2,2,5,1,2,210,10,1,5,3,1,1,1,1,2,NA,"MASKED BY ICPSR"
"459",2,1981,34,1,NA,"MASKED BY ICPSR",0,2,6,4,2,NA,4,1,1,1,0,0,0,0,0,0,0,0,0,0,1,0,0,0,1,0,0,0,1,3,1,1,0,1,1,0,0,0,1,0,0,0,0,0,0,0,0,0,0,0,0,0,0,0,0,0,1,0,0,0,0,0,0,0,0,0,0,0,3,2,3,0,0,0,0,0,0,0,0,0,0,3,1,3,2,2,4,1,3,3,2,5,4,4,7,7,6,6,6,7,6,6,6,10,0,1,4,2,1,6,6,6,2,NA,"MASKED BY ICPSR"
"460",1,1985,30,1,NA,"MASKED BY ICPSR",1,1,4,4,2,NA,1,1,1,1,0,1,1,1,0,0,0,0,0,0,0,0,0,0,1,1,1,0,1,4,1,1,1,1,1,0,1,0,1,0,1,0,1,0,0,1,1,1,0,1,1,1,0,0,0,0,1,0,0,1,0,0,0,0,0,0,0,0,NA,3,2,1,0,1,1,0,1,0,1,0,0,3,2,3,3,4,4,3,3,3,3,9,9,9,9,9,9,9,9,9,8,9,9,2222,2222,3,4,4,4,4,4,4,1,4,"               "
"461",1,1989,26,1,NA,"MASKED BY ICPSR",1,1,2,4,2,NA,1,0,1,0,0,0,0,0,0,0,0,0,0,0,0,0,0,0,0,0,0,0,0,3,1,1,0,0,0,0,1,0,0,0,0,0,1,0,0,0,1,0,0,0,0,0,0,0,0,0,0,0,0,0,0,0,0,0,0,0,0,0,1,1,2,0,0,0,0,0,0,0,0,0,0,3,1,4,3,3,4,4,3,3,4,5,6,8,7,6,8,9,6,7,7,4,5,100,47,4,3,4,4,4,4,3,2,NA,"MASKED BY ICPSR"
"462",1,1984,31,1,NA,"MASKED BY ICPSR",1,1,1,3,1,3,3,1,1,1,0,1,0,1,1,0,0,1,0,1,0,1,1,0,1,1,1,0,1,4,1,1,0,0,1,0,0,0,1,0,0,0,0,0,0,1,1,1,0,0,0,0,0,0,0,0,0,0,0,0,0,0,0,0,0,0,0,0,3,2,1,0,0,0,0,0,0,0,0,0,0,3,2,3,3,3,3,3,3,3,3,9,8,9,6,6,4,5,6,6,6,6,6,2000,2,2,5,5,3,3,3,3,2,NA,"MASKED BY ICPSR"
"463",2,1994,21,1,NA,"MASKED BY ICPSR",0,1,6,3,1,3,1,1,1,0,0,0,0,0,0,0,0,1,0,0,0,0,0,0,1,1,0,0,1,3,1,1,0,1,1,1,1,1,1,1,1,1,0,1,0,0,1,0,0,0,0,0,0,0,0,0,0,0,0,0,0,0,1,0,0,0,0,0,1,1,3,0,0,0,0,0,0,0,0,0,0,3,3,3,2,2,3,1,3,3,2,6,5,9,7,7,2,4,4,5,6,5,5,183,4,1,4,3,1,4,3,6,2,NA,"MASKED BY ICPSR"
"464",1,1986,29,1,NA,"MASKED BY ICPSR",1,4,6,2,1,3,1,1,1,1,0,1,0,0,0,0,0,0,0,0,0,0,0,1,0,0,1,0,1,3,1,0,0,0,0,0,0,0,0,0,0,0,0,0,0,0,0,0,0,0,0,0,0,0,0,0,0,0,0,0,0,0,0,0,0,0,0,0,NA,NA,3,0,0,0,0,0,0,0,0,0,0,3,1,3,4,4,1,1,3,3,2,9,10,6,9,10,10,9,10,10,9,9,10,26,12,3,5,5,5,4,5,4,2,NA,"MASKED BY ICPSR"
"465",1,1988,27,1,NA,"MASKED BY ICPSR",0,2,2,4,2,NA,1,1,1,0,0,0,0,0,0,0,0,0,0,0,0,0,0,0,0,0,0,0,0,4,1,1,0,0,0,0,1,0,1,0,1,1,0,0,0,1,1,0,0,0,0,0,0,0,0,0,0,0,0,0,0,0,0,0,0,0,0,0,3,3,3,0,0,0,0,0,0,0,0,0,0,2,3,1,1,1,4,1,3,3,1,10,10,10,7,7,2,2,2,2,3,3,3,500,0,2,5,4,3,2,1,1,2,NA,"MASKED BY ICPSR"
"466",2,2000,15,1,NA,"MASKED BY ICPSR",0,1,1,2,2,NA,1,0,0,0,0,0,0,0,0,0,0,0,0,0,0,0,0,0,0,0,0,0,1,3,0,0,0,0,0,0,0,0,0,0,0,0,0,0,0,0,0,0,0,0,0,0,0,0,0,0,0,0,0,0,0,0,0,0,0,0,0,0,NA,NA,1,0,0,0,0,0,0,0,0,0,0,1,1,1,1,1,1,1,1,1,1,5,5,5,5,5,5,5,5,5,5,5,5,0,0,1,3,3,3,3,3,3,2,NA,"MASKED BY ICPSR"
"467",1,1982,33,1,NA,"MASKED BY ICPSR",0,3,1,4,2,NA,5,1,1,1,0,0,0,1,0,0,0,0,0,0,0,0,0,0,1,1,0,0,1,4,1,1,0,1,0,0,0,0,0,0,0,1,0,0,0,0,0,0,0,0,0,0,0,0,0,0,0,1,0,0,0,0,0,0,0,0,0,0,1,3,3,1,0,0,0,1,1,0,0,1,0,3,3,3,1,3,4,1,2,3,3,6,3,6,3,5,2,1,1,1,7,6,6,0,3,1,5,4,1,3,5,6,2,NA,"MASKED BY ICPSR"
"468",2,1992,23,1,NA,"MASKED BY ICPSR",1,2,2,3,1,3,1,1,1,0,0,0,0,1,0,0,0,0,0,0,0,0,0,0,1,0,1,0,1,4,1,0,0,0,0,0,0,0,0,0,0,0,0,0,0,0,0,0,0,0,0,0,0,0,0,0,0,0,0,0,0,0,0,0,0,0,0,0,NA,NA,3,0,0,0,0,0,0,0,0,0,0,3,3,2,1,2,4,1,1,2,1,6,6,5,5,7,1,5,5,5,8,7,7,300,5,2,5,4,3,3,2,2,2,NA,"               "
"469",2,1983,32,1,NA,"MASKED BY ICPSR",0,5,5,3,4,NA,1,0,1,0,0,0,0,1,0,0,0,0,0,0,0,0,0,0,0,0,0,0,1,1,0,0,0,0,0,0,0,0,0,0,0,0,0,0,0,0,0,0,0,0,0,0,0,0,0,0,0,0,0,0,0,0,0,0,0,0,0,0,NA,NA,1,0,0,0,0,0,0,0,0,0,0,4,2,1,1,1,4,1,2,2,1,10,6,1,5,1,7,1,1,1,5,4,4,0,0,1,1,1,1,6,1,6,2,NA,"MASKED BY ICPSR"
"470",1,1987,28,1,NA,"MASKED BY ICPSR",0,3,5,3,5,NA,3,1,1,1,0,1,0,1,0,0,0,0,0,0,0,0,0,0,1,0,0,0,1,3,1,0,0,0,0,0,0,0,0,0,0,0,0,0,0,0,0,0,0,0,0,0,0,0,0,0,0,0,0,0,0,0,0,0,0,0,0,0,NA,NA,4,0,0,0,0,0,0,0,0,0,0,4,1,4,1,1,4,1,2,2,1,10,10,10,3,8,7,3,3,3,3,3,3,0,5,2,5,4,2,4,2,2,2,NA,"MASKED BY ICPSR"
"471",1,1980,35,1,NA,"MASKED BY ICPSR",0,2,4,4,2,NA,1,1,1,1,0,0,0,1,0,0,0,0,0,0,0,0,0,0,0,0,0,0,1,4,0,1,0,1,1,1,1,0,1,0,1,0,0,0,0,0,0,0,0,0,0,0,0,0,0,0,0,0,0,0,0,0,0,1,0,0,0,0,1,3,3,0,0,0,0,0,0,0,0,0,0,2,1,2,3,3,3,3,3,3,1,7,5,1,7,7,5,7,2,9,8,7,7,300,25,1,4,4,3,1,1,1,2,NA,"               "
"472",1,1988,27,1,NA,"MASKED BY ICPSR",0,2,1,2,2,NA,1,1,1,1,0,1,0,1,0,0,0,1,0,0,1,0,1,0,1,1,1,0,1,3,1,1,0,1,0,1,1,0,1,1,0,1,1,0,0,0,0,0,0,0,0,0,0,0,0,0,0,1,0,1,1,1,1,0,0,0,0,0,1,4,2,0,0,0,0,0,0,0,0,0,0,2,3,2,2,2,2,1,2,2,2,8,7,7,6,8,7,7,7,7,7,4,7,340,300,3,5,5,5,5,3,3,2,NA,"MASKED BY ICPSR"
"473",1,1985,30,1,NA,"MASKED BY ICPSR",1,2,1,5,2,NA,1,1,1,1,0,1,1,1,1,0,0,0,0,1,1,1,0,0,1,1,1,1,0,4,1,1,1,0,0,1,1,1,0,1,1,0,1,1,1,1,1,1,1,1,0,0,0,1,1,1,1,1,0,0,0,0,0,0,0,1,1,0,2,1,4,1,1,1,1,1,1,0,0,0,0,3,1,4,3,4,2,3,4,4,3,9,9,10,8,8,7,7,8,8,9,9,9,50,25,3,5,5,4,4,5,5,1,1,"MASKED BY ICPSR"
"474",2,1981,34,1,NA,"MASKED BY ICPSR",0,3,4,5,2,NA,1,1,1,0,0,1,0,1,0,0,0,0,0,0,0,0,1,0,1,0,1,0,1,3,1,1,0,1,0,0,0,0,1,0,1,1,0,0,0,1,0,0,0,0,0,0,0,0,0,0,0,0,0,0,0,0,0,0,0,0,0,0,1,3,3,0,0,0,0,0,0,0,0,0,0,2,1,4,1,2,4,1,4,3,1,6,6,3,5,8,3,6,6,7,8,5,7,1200,10,2,6,5,2,3,5,3,2,NA,"MASKED BY ICPSR"
"475",1,1989,26,1,NA,"MASKED BY ICPSR",0,1,1,4,2,NA,3,1,1,0,0,1,0,1,0,0,0,0,0,0,0,0,0,0,0,0,0,0,1,3,1,1,0,1,0,1,0,1,1,0,1,1,1,0,0,1,1,0,0,0,0,0,0,0,0,0,0,1,0,0,0,0,0,0,0,0,0,0,2,2,4,0,0,0,0,0,0,0,0,0,0,2,1,3,3,3,4,1,4,3,1,10,10,5,8,9,5,1,1,1,3,1,1,230,4,1,5,5,2,1,1,1,2,NA,"MASKED BY ICPSR"
"476",1,1983,32,1,NA,"MASKED BY ICPSR",1,3,2,3,2,NA,1,1,1,0,0,0,0,1,0,0,0,0,0,0,1,0,1,0,1,1,0,0,1,3,1,1,0,1,0,1,0,0,1,0,0,1,0,0,0,1,0,0,0,0,0,0,0,0,0,0,0,0,0,0,0,0,0,0,0,0,0,0,1,4,4,0,0,0,0,0,0,0,0,0,0,4,1,4,1,2,4,2,1,2,2,7,5,5,6,8,5,7,7,9,9,9,9,75,10,4,5,5,2,3,6,6,2,NA,"               "
"477",1,1982,33,1,NA,"MASKED BY ICPSR",0,3,1,2,2,NA,1,1,1,1,0,0,0,0,0,0,0,0,0,0,0,0,1,1,0,0,1,0,1,2,0,0,0,0,0,0,0,0,0,0,0,0,0,0,0,0,0,0,0,0,0,0,0,0,0,0,0,0,0,0,0,0,0,0,0,0,0,0,NA,NA,1,0,0,0,0,0,0,0,0,0,0,2,1,1,2,2,4,1,2,2,1,8,8,8,7,7,6,6,6,6,6,6,7,20,1,3,5,5,3,3,3,3,2,NA,"               "
"478",1,1984,31,1,NA,".              ",1,1,2,4,2,NA,4,1,1,1,1,0,0,0,0,0,0,0,0,0,0,0,0,0,0,0,0,0,0,4,0,0,0,0,0,0,0,0,0,0,0,0,0,0,0,0,0,0,0,0,0,0,0,0,0,0,0,0,0,0,0,0,0,0,0,0,0,0,NA,NA,1,1,1,1,0,0,0,0,0,0,0,4,1,4,4,4,4,4,4,4,4,10,10,10,10,10,10,10,10,10,10,10,10,1000,100,4,5,5,5,5,5,5,1,3,"MASKED BY ICPSR"
"479",1,1979,36,1,NA,"MASKED BY ICPSR",0,4,4,5,2,NA,1,1,1,1,0,1,0,0,0,0,0,0,0,0,0,0,0,0,0,0,0,0,1,3,0,0,0,0,0,0,0,0,0,0,0,0,0,0,0,0,0,0,0,0,0,0,0,0,0,0,0,0,0,0,0,0,0,0,0,0,0,0,NA,NA,3,0,0,0,0,0,0,0,0,0,0,3,3,3,3,2,4,4,4,3,3,9,7,1,4,8,1,2,4,4,7,5,1,25,5,1,5,5,4,3,4,4,2,NA,"               "
"480",1,1982,33,1,NA,"MASKED BY ICPSR",0,2,2,2,2,NA,1,1,1,0,0,0,0,0,0,0,0,0,0,0,0,0,0,0,0,0,0,0,1,3,1,1,0,1,1,0,0,0,1,0,0,0,1,0,0,1,0,0,0,0,0,0,0,0,0,0,0,0,0,0,0,0,0,0,0,0,0,0,2,3,3,0,0,0,0,0,0,0,0,0,0,3,3,3,2,2,3,1,2,2,1,8,10,6,4,6,1,1,1,3,7,6,7,35,2,2,5,4,2,2,3,2,2,NA,"MASKED BY ICPSR"
"481",2,1995,20,1,NA,"MASKED BY ICPSR",1,2,5,2,1,3,2,1,1,0,0,0,0,0,0,0,0,0,0,0,0,0,0,0,1,0,1,0,0,3,1,1,0,1,1,1,0,0,1,1,1,0,0,0,0,1,1,0,0,0,0,0,0,0,0,0,0,0,0,0,0,0,0,0,0,0,0,0,1,2,3,0,0,0,0,0,0,0,0,0,0,3,3,3,1,1,4,1,3,3,1,6,5,4,3,6,3,2,2,6,5,4,4,310,0,2,5,3,3,3,4,3,2,NA,"               "
"482",2,1996,19,1,NA,"MASKED BY ICPSR",1,2,6,3,1,3,1,1,1,1,0,0,0,1,0,0,0,1,0,0,0,0,1,0,0,0,1,0,1,3,1,1,0,1,1,1,1,0,1,1,1,1,1,1,0,1,0,0,0,0,0,0,0,0,1,0,0,0,0,0,0,0,0,0,0,0,0,0,1,3,3,0,0,0,0,0,0,0,0,0,0,4,3,3,2,3,3,1,3,3,1,7,5,9,5,7,5,2,2,2,1,1,1,139,12,2,3,3,1,2,1,1,2,NA,"MASKED BY ICPSR"
"483",2,1988,27,1,NA,"MASKED BY ICPSR",0,4,5,4,4,NA,4,1,1,1,0,0,0,1,0,0,0,1,0,0,0,0,0,0,0,0,0,0,1,4,1,1,0,1,0,1,1,0,1,0,1,0,0,0,0,0,1,0,0,0,0,0,0,0,0,0,0,0,0,0,0,0,0,0,0,0,0,0,3,3,3,0,0,0,0,0,0,0,0,0,0,2,3,2,3,3,2,1,3,3,1,3,5,4,5,6,3,3,3,8,8,5,4,700,3,NA,5,5,1,6,6,6,2,NA,"               "
"484",1,1981,34,1,NA,"MASKED BY ICPSR",0,3,1,3,2,NA,1,1,1,1,0,1,0,1,0,0,0,0,0,0,0,0,0,0,0,0,0,0,1,3,0,0,0,0,0,0,0,0,0,0,0,0,0,0,0,0,0,0,0,0,0,0,0,0,0,0,0,0,0,0,0,0,0,0,0,0,0,0,NA,NA,2,0,0,0,0,0,0,0,0,0,0,2,2,2,2,2,2,2,2,2,2,8,7,7,7,7,6,7,7,8,8,8,7,500,10,2,4,3,4,4,2,3,2,NA,"MASKED BY ICPSR"
"485",2,1993,22,1,NA,"MASKED BY ICPSR",1,2,1,4,1,3,1,1,1,1,0,0,0,1,0,0,0,1,0,0,0,0,0,0,0,1,1,0,1,4,0,0,0,0,0,0,0,0,0,0,0,0,0,0,0,0,0,0,0,0,0,0,0,0,0,0,0,0,0,0,0,0,0,0,0,0,0,0,NA,NA,3,0,0,0,0,0,0,0,0,0,0,4,3,4,2,3,3,1,3,4,4,7,9,3,3,5,3,3,3,3,3,3,6,500,50,3,5,5,2,3,2,4,1,5,"               "
"486",2,1996,19,1,NA,"MASKED BY ICPSR",0,1,6,2,1,1,2,1,1,1,0,1,0,0,0,0,0,1,0,0,0,0,0,0,1,0,0,0,1,4,1,0,0,0,0,0,0,0,0,0,0,0,0,0,0,0,0,0,0,0,0,0,0,0,0,0,0,0,0,0,0,0,0,0,0,0,0,0,NA,NA,3,0,0,0,0,0,0,0,0,0,0,4,3,2,3,3,3,1,4,3,4,4,5,8,2,4,2,1,1,1,1,3,4,NA,10,1,5,4,3,4,2,1,2,NA,"MASKED BY ICPSR"
"487",2,1990,25,1,NA,"MASKED BY ICPSR",0,1,6,4,3,NA,1,1,0,0,0,1,0,0,0,0,0,1,0,0,0,0,1,0,1,0,0,0,1,3,0,0,0,0,0,0,0,0,0,0,0,0,0,0,0,0,0,0,0,0,0,0,0,0,0,0,0,0,0,0,0,0,0,0,0,0,0,0,NA,NA,1,0,0,0,0,0,0,0,0,0,0,1,1,1,1,1,4,1,1,1,1,6,5,3,6,8,3,4,4,5,5,4,5,500,10,1,5,5,2,2,2,2,2,NA,"               "
"488",2,1990,25,1,NA,"MASKED BY ICPSR",0,2,6,5,2,NA,1,1,1,1,0,0,0,1,0,0,0,0,0,0,0,0,1,0,1,1,0,0,1,3,1,0,0,0,0,0,0,0,0,0,0,0,0,0,0,0,0,0,0,0,0,0,0,0,0,0,0,0,0,0,0,0,0,0,0,0,0,0,NA,NA,3,0,0,0,0,0,0,0,0,0,0,3,1,2,1,1,4,1,3,3,1,7,5,2,7,8,4,7,7,7,4,7,7,1800,30,2,5,5,2,1,2,4,2,NA,"MASKED BY ICPSR"
"489",1,1981,34,1,NA,"MASKED BY ICPSR",0,1,2,5,2,NA,1,1,0,1,0,1,1,1,0,0,0,0,0,0,0,0,0,0,0,0,1,0,1,3,0,1,0,1,0,0,0,0,1,0,0,0,0,0,0,1,0,1,1,0,0,0,0,0,0,0,0,0,0,0,0,0,1,0,0,1,0,1,1,2,2,1,1,0,0,0,0,0,0,0,0,3,1,3,3,4,3,2,3,2,3,9,8,9,9,8,9,8,10,9,8,9,8,560,100,4,5,4,4,3,4,4,1,1,"MASKED BY ICPSR"
"490",1,1991,24,1,NA,"MASKED BY ICPSR",0,1,2,2,1,3,1,1,1,1,0,1,0,0,0,0,0,0,0,0,0,0,0,0,0,0,0,0,0,3,1,1,1,0,0,0,0,1,1,0,1,1,1,0,0,1,1,1,1,0,0,0,0,0,0,0,0,0,0,0,0,0,0,0,0,0,0,0,2,3,3,0,0,0,0,0,0,0,0,0,0,4,2,4,4,3,1,1,3,3,2,8,7,8,5,5,4,4,5,7,8,8,7,246,9,3,5,4,3,4,5,3,2,NA,"MASKED BY ICPSR"
"491",2,1987,28,1,NA,"MASKED BY ICPSR",0,2,4,3,3,NA,1,1,1,1,0,1,0,1,0,0,0,0,0,0,0,1,0,1,1,0,0,0,1,4,1,1,1,1,1,0,1,1,1,0,1,1,1,1,0,1,1,0,0,0,0,0,0,0,0,0,0,0,1,0,0,0,0,0,0,0,0,0,1,2,4,1,0,0,0,1,0,0,1,1,0,4,2,4,2,4,1,1,4,4,3,3,2,10,1,2,1,1,1,1,1,1,1,200,10,2,4,3,1,4,1,1,2,NA,"               "
"492",2,1984,31,1,NA,"MASKED BY ICPSR",0,5,4,3,5,NA,1,1,1,0,0,1,0,0,0,0,0,0,0,0,0,0,1,0,1,1,0,0,1,4,1,1,0,1,1,0,0,0,1,0,0,0,0,0,0,1,0,0,0,0,0,0,0,0,0,0,0,0,0,0,0,0,0,0,0,0,0,0,2,3,2,0,0,0,0,0,0,0,0,0,0,3,1,3,3,3,2,1,3,3,2,3,3,4,6,8,5,5,5,4,6,7,7,200,20,2,5,5,3,3,5,3,2,NA,"MASKED BY ICPSR"
"493",2,1992,23,1,NA,"MASKED BY ICPSR",1,1,5,3,1,3,2,1,1,0,0,1,0,0,0,0,0,0,0,0,0,0,0,0,0,0,0,0,1,4,0,0,0,0,0,0,0,0,0,0,0,0,0,0,0,0,0,0,0,0,0,0,0,0,0,0,0,0,0,0,0,0,0,0,0,0,0,0,NA,NA,1,0,0,0,0,0,0,0,0,0,0,1,3,1,1,1,4,1,1,4,1,5,5,5,5,5,5,5,5,5,5,5,5,20,1,1,2,2,2,2,2,2,2,NA,"MASKED BY ICPSR"
"494",2,1994,21,1,NA,"MASKED BY ICPSR",1,2,5,3,1,3,5,0,1,0,0,0,0,0,0,0,0,0,0,0,0,0,0,0,1,1,0,0,1,3,1,1,0,1,1,1,0,0,1,0,0,0,0,0,0,0,1,0,0,0,0,0,0,0,0,0,1,0,0,0,0,0,0,0,0,0,0,0,3,4,3,0,0,0,0,0,0,0,0,0,0,3,2,1,1,1,4,1,2,4,2,1,3,1,1,1,1,1,1,1,1,1,1,0,0,1,3,3,1,1,1,6,2,NA,"               "
"495",2,1992,23,1,NA,"MASKED BY ICPSR",0,4,5,2,4,NA,3,1,1,1,0,1,0,1,1,0,0,1,0,0,1,1,1,0,0,1,0,0,1,4,1,1,1,1,0,0,0,1,1,0,1,1,0,1,0,1,1,1,0,0,0,0,0,0,0,0,0,1,1,0,0,0,1,0,0,0,0,0,2,1,4,1,1,0,1,0,0,0,1,1,0,4,3,3,2,2,4,1,2,4,3,4,4,6,3,5,5,4,4,6,5,3,3,5,3,2,4,3,2,3,2,2,2,NA,"               "
"496",1,1980,35,1,NA,"MASKED BY ICPSR",1,1,2,4,3,NA,1,1,1,1,1,0,0,0,0,0,0,0,0,0,0,0,0,0,0,0,0,0,0,4,1,1,1,0,0,0,0,0,1,0,0,0,0,0,0,0,0,0,0,1,0,0,0,0,0,0,1,0,0,0,0,0,0,0,0,0,0,0,1,2,1,1,1,0,0,0,0,0,0,0,0,4,2,2,2,3,2,2,2,2,3,8,8,8,8,7,7,8,8,8,7,7,NA,5,5,1,5,5,5,5,4,5,1,1,"MASKED BY ICPSR"
"497",2,1991,24,1,NA,"MASKED BY ICPSR",0,4,5,4,2,NA,2,0,1,1,0,0,0,1,0,0,0,0,0,0,0,0,0,0,1,1,0,0,1,4,1,1,0,1,0,0,1,0,1,0,1,0,0,0,0,0,1,0,0,0,0,0,0,0,0,0,0,0,0,0,0,0,0,0,0,0,0,0,1,3,4,0,0,0,0,0,0,0,0,0,0,4,1,4,1,1,4,2,3,4,1,8,5,1,5,5,1,5,5,5,2,2,5,NA,5,1,3,3,1,1,3,6,2,NA,"               "
"498",2,1983,32,1,NA,"MASKED BY ICPSR",0,4,4,4,2,NA,1,1,0,1,0,1,0,1,0,0,0,0,0,0,0,0,1,0,1,0,0,0,1,3,0,0,0,0,0,0,0,0,0,0,0,0,0,0,0,0,0,0,0,0,0,0,0,0,0,0,0,0,0,0,0,0,0,0,0,0,0,0,NA,NA,3,0,0,0,0,0,0,0,0,0,0,2,1,2,2,2,3,1,4,4,1,9,7,5,4,9,4,6,6,7,9,7,7,250,10,1,5,5,3,4,4,3,2,NA,"               "
"499",2,1987,28,1,NA,"MASKED BY ICPSR",0,2,1,4,2,NA,1,1,1,1,0,0,0,1,0,0,0,0,0,0,0,0,0,0,1,1,1,0,1,4,1,0,0,0,0,0,0,0,0,0,0,0,0,0,0,0,0,0,0,0,0,0,0,0,0,0,0,0,0,0,0,0,0,0,0,0,0,0,NA,NA,3,0,0,0,0,0,0,0,0,0,0,3,3,3,3,3,3,1,3,3,3,5,5,2,3,3,1,1,1,1,5,4,4,300,5,2,4,4,4,4,2,2,2,NA,"MASKED BY ICPSR"
"500",2,1982,33,1,NA,"MASKED BY ICPSR",0,5,4,2,4,NA,1,1,1,0,0,0,0,0,0,0,0,0,0,1,0,0,0,0,0,0,0,0,1,1,0,0,0,0,0,0,0,0,0,0,0,0,0,0,0,0,0,0,0,0,0,0,0,0,0,0,0,0,0,0,0,0,0,0,0,0,0,0,NA,NA,1,0,0,0,0,0,0,0,0,0,0,3,1,1,4,3,2,1,4,4,1,10,7,9,9,4,4,4,4,1,5,3,6,300,20,4,5,5,5,5,3,5,2,NA,"               "
"501",2,1993,22,1,NA,"MASKED BY ICPSR",1,2,6,3,1,3,1,1,1,1,0,0,0,1,0,0,0,1,0,0,0,0,1,0,1,1,0,1,1,3,1,1,1,1,1,0,1,1,1,1,0,0,0,1,0,1,0,0,0,0,0,0,0,0,0,0,0,0,0,0,0,0,1,0,0,0,0,0,2,2,4,1,0,0,0,0,1,0,1,1,0,4,3,3,4,4,2,1,3,4,1,8,7,6,6,8,5,3,5,9,8,3,3,1003,5,2,5,4,3,3,2,5,1,5,"MASKED BY ICPSR"
"502",2,1982,33,1,NA,"MASKED BY ICPSR",0,4,4,3,5,NA,1,1,1,0,0,1,0,1,0,0,0,1,0,0,1,0,1,0,1,1,1,0,1,3,1,1,0,1,1,1,0,1,1,1,1,1,1,0,0,1,1,0,0,0,0,0,0,0,0,0,1,1,0,0,0,0,0,0,0,0,0,0,1,2,3,0,0,0,0,0,0,0,0,0,0,3,2,2,1,1,2,1,3,3,1,8,8,3,2,6,1,1,1,1,7,1,1,60,3,1,5,2,1,1,4,3,2,NA,"MASKED BY ICPSR"
"503",2,1980,35,1,NA,"MASKED BY ICPSR",0,4,2,3,3,NA,1,1,1,0,0,1,0,0,0,0,0,0,0,0,0,0,1,0,0,0,1,0,1,4,1,1,0,0,1,0,0,0,1,1,1,1,1,1,0,1,0,0,1,0,0,0,0,0,0,0,0,0,0,0,0,0,0,0,0,0,0,0,3,4,3,0,0,0,0,0,0,0,0,0,0,3,3,2,2,2,2,2,2,2,1,10,10,10,6,6,6,7,6,4,10,7,9,1000,200,4,5,5,5,4,5,5,2,NA,"MASKED BY ICPSR"
"504",1,1980,35,1,NA,"MASKED BY ICPSR",0,1,4,2,2,NA,1,1,1,1,0,1,0,0,1,0,0,0,0,0,0,0,0,0,0,1,1,0,0,4,0,1,0,1,0,0,0,0,0,0,1,0,0,0,0,0,1,1,0,0,0,0,0,0,0,0,0,0,0,0,0,0,0,0,0,0,0,0,1,4,2,0,0,0,0,0,0,0,0,0,0,2,1,2,1,3,3,2,3,1,2,9,8,10,9,8,10,9,8,9,10,7,9,89,40,2,5,4,5,6,6,4,1,3,"MASKED BY ICPSR"
"505",2,1988,27,1,NA,"MASKED BY ICPSR",1,2,5,4,2,NA,1,1,1,1,0,1,0,1,1,0,0,0,1,0,0,0,0,0,0,0,0,0,0,4,0,0,0,0,0,0,0,0,0,0,0,0,0,0,0,0,0,0,0,0,0,0,0,0,0,0,0,0,0,0,0,0,0,0,0,0,0,0,NA,NA,4,0,0,0,0,0,0,0,0,0,0,4,1,1,1,1,1,1,1,1,1,10,9,10,10,9,10,8,9,10,9,10,10,26,1,1,1,1,1,5,5,1,2,NA,"MASKED BY ICPSR"
"506",2,1982,33,1,NA,"MASKED BY ICPSR",0,3,1,4,2,NA,1,1,1,1,0,0,0,1,0,0,0,0,0,0,0,0,1,0,1,1,0,0,1,4,0,0,0,0,0,0,0,0,0,0,0,0,0,0,0,0,0,0,0,0,0,0,0,0,0,0,0,0,0,0,0,0,0,0,0,0,0,0,NA,NA,3,0,0,0,0,0,0,0,0,0,0,3,3,4,1,2,4,1,2,2,2,3,6,7,5,2,2,3,3,3,6,5,5,300,5,1,4,3,2,1,3,6,2,NA,"MASKED BY ICPSR"
"507",2,1989,26,1,NA,"MASKED BY ICPSR",1,1,1,4,2,NA,1,1,1,1,0,0,0,0,0,0,0,0,0,0,0,0,0,0,1,0,0,0,1,4,0,0,0,0,0,0,0,0,0,0,0,0,0,0,0,0,0,0,0,0,0,0,0,0,0,0,0,0,0,0,0,0,0,0,0,0,0,0,NA,NA,2,0,0,0,0,0,0,0,0,0,0,2,3,2,1,1,4,1,3,3,2,10,8,2,3,7,3,2,2,2,7,3,6,350,4,2,5,5,1,2,5,6,2,NA,"               "
"508",1,1985,30,1,NA,"MASKED BY ICPSR",0,1,2,4,2,NA,5,0,1,0,0,0,0,1,0,0,0,0,0,0,0,0,0,0,0,0,0,0,1,3,1,1,0,0,1,1,0,0,1,0,1,0,0,0,1,0,1,0,0,0,0,0,0,0,0,0,0,0,0,0,0,0,0,0,0,0,1,0,3,3,2,0,0,0,0,0,0,0,0,0,0,3,2,2,1,3,3,1,3,2,4,9,9,8,3,5,2,1,1,5,8,6,4,NA,50,1,4,4,3,1,2,3,2,NA,"MASKED BY ICPSR"
"509",1,1985,30,1,NA,"MASKED BY ICPSR",0,1,4,4,2,NA,1,1,1,1,0,1,0,1,0,0,0,0,0,0,0,0,1,1,1,0,1,0,1,2,0,1,1,0,1,1,0,0,1,0,0,1,0,0,0,1,1,0,0,0,0,0,0,0,0,0,0,0,0,0,0,0,0,0,0,1,0,0,2,5,2,0,0,0,0,0,0,0,0,0,0,2,3,2,2,2,1,1,1,1,1,9,9,8,9,10,8,8,8,10,10,9,9,200,10,3,5,5,4,4,4,4,2,NA,"MASKED BY ICPSR"
"510",1,1982,33,1,NA,"MASKED BY ICPSR",0,1,2,5,2,NA,1,1,0,0,0,1,0,0,0,0,0,0,0,0,0,0,0,0,0,0,0,0,0,4,0,0,0,0,0,0,0,0,0,0,0,0,0,0,0,0,0,0,0,0,0,0,0,0,0,0,0,0,0,0,0,0,0,0,0,0,0,0,NA,NA,1,1,0,1,0,0,0,0,0,0,0,3,3,2,3,2,4,3,2,3,4,10,10,10,6,7,7,6,9,9,5,6,9,656,50,3,5,5,5,5,5,5,1,1,"MASKED BY ICPSR"
"511",2,1981,34,1,NA,"MASKED BY ICPSR",0,2,4,5,3,NA,1,1,1,0,0,0,0,1,0,0,0,0,0,0,0,0,0,0,1,1,0,0,1,3,1,1,0,1,0,0,0,0,1,0,0,1,1,0,0,1,0,0,0,0,0,0,0,0,0,0,0,0,0,0,0,0,0,0,0,0,0,0,1,3,3,0,0,0,0,0,0,0,0,0,0,2,3,2,1,2,3,1,2,4,4,8,2,1,3,6,1,4,4,3,7,5,4,250,5,2,5,4,3,1,3,2,2,NA,"MASKED BY ICPSR"
"512",1,1989,26,1,NA,"MASKED BY ICPSR",0,1,2,4,2,NA,1,1,1,1,0,0,0,1,0,0,0,1,0,0,1,0,0,0,0,0,1,0,1,3,1,1,0,1,0,0,1,1,1,0,1,1,1,0,0,1,1,1,0,0,0,0,0,0,0,0,0,1,0,0,0,0,0,0,0,0,0,0,3,1,4,1,0,0,0,0,1,0,0,1,0,4,3,4,4,2,4,1,3,3,3,10,8,5,8,9,6,7,7,7,9,9,9,387,25,1,5,5,4,4,5,4,2,NA,"               "
"513",2,1990,25,1,NA,"MASKED BY ICPSR",0,3,3,2,4,NA,3,1,1,1,0,0,0,0,0,0,0,0,0,0,0,0,0,0,0,0,0,0,0,4,1,1,0,1,0,0,0,0,1,1,0,0,0,0,0,1,1,1,0,0,0,0,0,0,0,0,0,0,0,0,0,0,0,0,0,0,0,0,1,1,2,1,1,1,0,0,0,0,0,0,0,4,2,4,4,4,4,4,4,3,3,6,7,6,7,7,7,7,7,7,7,7,7,1000,1,2,4,4,4,4,4,4,1,1,"MASKED BY ICPSR"
"514",1,1994,21,1,NA,"MASKED BY ICPSR",1,1,6,2,1,3,3,1,1,0,0,0,0,0,0,0,0,0,0,0,0,0,0,0,0,0,1,0,0,4,1,1,0,1,0,0,0,0,1,0,0,0,0,0,0,1,0,0,0,0,0,0,0,0,0,0,0,0,0,0,0,0,0,0,0,0,0,0,1,3,3,0,0,0,0,0,0,0,0,0,0,3,3,3,2,3,4,1,2,4,4,7,8,8,6,6,5,1,1,1,2,1,1,800,15,1,5,4,2,2,1,1,1,5,"               "
"515",2,1989,26,1,NA,"MASKED BY ICPSR",0,1,4,3,5,NA,1,1,1,0,0,0,0,0,0,0,0,0,0,0,0,0,0,0,1,0,0,0,1,4,1,1,0,0,0,0,0,1,1,1,0,1,1,0,0,1,1,0,1,0,0,0,0,0,0,0,0,0,0,0,0,0,0,0,0,0,0,0,2,5,3,0,0,0,0,0,0,0,0,0,0,3,3,4,4,3,4,1,2,3,1,6,7,1,1,5,1,5,5,5,7,5,6,125,2,3,5,3,2,1,1,1,2,NA,"MASKED BY ICPSR"
"516",1,1993,22,1,NA,"MASKED BY ICPSR",1,3,5,3,3,NA,4,1,1,1,0,1,0,1,0,0,0,1,0,0,0,0,1,0,1,1,1,0,1,4,1,1,1,1,1,1,1,1,1,0,1,1,1,1,0,1,1,1,0,0,0,0,0,0,0,0,1,1,0,1,0,0,0,1,0,0,0,0,3,1,4,1,1,1,0,1,1,0,0,1,0,4,3,2,4,4,3,1,3,3,2,9,9,7,9,9,8,7,6,10,8,6,6,800,10,2,5,4,3,4,3,2,2,NA,"MASKED BY ICPSR"
"517",2,1981,34,1,NA,"MASKED BY ICPSR",1,2,4,4,2,NA,1,1,1,1,0,0,0,0,1,0,0,0,0,0,0,0,1,0,1,0,1,0,0,4,1,1,0,1,1,0,0,0,1,0,0,0,1,0,0,1,1,1,0,0,0,0,0,0,0,0,0,0,0,0,0,0,0,0,0,0,0,0,1,3,3,0,0,0,0,0,0,0,0,0,0,2,2,2,3,2,2,1,2,2,2,9,9,9,9,8,8,9,8,8,9,8,8,150,2,2,5,5,4,4,4,4,2,NA,"               "
"518",1,1990,25,1,NA,"MASKED BY ICPSR",0,2,5,4,4,NA,1,1,1,1,0,1,0,1,0,0,0,1,0,0,0,0,0,0,0,0,1,0,0,3,0,0,0,0,0,0,0,0,0,0,0,0,0,0,0,0,0,0,0,0,0,0,0,0,0,0,0,0,0,0,0,0,0,0,0,0,0,0,NA,NA,3,0,0,0,0,0,0,0,0,0,0,2,1,NA,2,1,4,1,3,3,1,10,8,1,6,8,4,8,8,8,8,7,8,168,4,2,5,3,1,3,4,4,2,NA,"MASKED BY ICPSR"
"519",2,1982,33,1,NA,"MASKED BY ICPSR",0,4,6,4,4,NA,6,0,1,0,0,0,0,1,0,0,0,0,0,0,0,0,0,0,0,0,0,0,1,3,1,0,0,0,0,0,0,0,0,0,0,0,0,0,0,0,0,0,0,0,0,0,0,0,0,0,0,0,0,0,0,0,0,0,0,0,0,0,NA,NA,3,0,0,0,0,0,0,0,0,0,0,1,3,4,1,1,4,1,3,3,1,3,9,1,1,5,1,5,5,5,5,5,5,0,1,2,5,4,3,3,5,1,2,NA,"MASKED BY ICPSR"
"520",1,1984,31,1,NA,"MASKED BY ICPSR",0,2,1,2,4,NA,1,1,0,0,0,0,0,0,0,0,0,0,0,0,0,0,0,0,0,0,0,0,1,4,1,1,1,0,0,0,0,0,1,0,0,0,0,0,0,1,0,0,0,0,0,0,0,0,0,0,0,0,0,0,0,0,0,0,0,0,0,0,3,3,2,0,0,0,0,0,0,0,0,0,0,1,2,3,1,3,2,2,1,3,3,4,5,6,4,6,5,5,4,5,6,4,4,100,0,1,6,6,6,6,6,6,2,NA,"               "
"521",2,1987,28,1,NA,"MASKED BY ICPSR",1,1,4,4,2,NA,1,1,0,0,0,0,0,0,0,0,0,0,0,0,0,0,0,0,0,0,0,0,0,NA,1,1,1,0,0,0,0,0,1,0,0,0,0,0,0,1,0,0,0,0,0,0,0,0,0,0,0,0,0,0,0,0,0,0,0,0,0,0,1,4,2,1,0,1,0,0,0,0,0,0,0,3,2,4,2,2,4,4,4,4,4,6,5,6,5,5,5,5,5,5,5,5,5,100,1,2,3,3,3,3,3,3,1,3,"               "
"522",1,1986,29,1,NA,"MASKED BY ICPSR",0,3,6,4,2,NA,1,1,1,0,0,0,0,1,0,0,0,1,0,0,0,0,0,0,0,1,0,0,1,3,1,1,1,1,0,0,1,0,1,0,1,1,0,1,0,1,1,0,0,0,0,0,0,0,0,0,0,0,0,0,0,0,1,0,0,0,0,0,3,3,4,1,0,0,0,1,1,0,0,0,0,3,3,2,2,2,2,3,2,2,3,6,5,7,4,5,3,5,4,4,4,2,2,1500,4,3,3,3,2,3,2,2,2,NA,"               "
"523",2,1986,29,1,NA,"MASKED BY ICPSR",1,1,2,4,1,3,4,1,0,0,0,0,0,0,0,0,0,0,0,0,0,0,0,0,0,0,0,0,0,3,0,1,0,0,1,0,0,0,0,0,0,1,0,0,0,1,0,0,0,0,0,0,0,0,0,0,0,0,0,0,0,0,0,0,0,0,0,0,2,3,1,0,0,0,0,0,0,0,0,0,0,3,3,3,4,3,3,1,3,3,1,10,8,6,5,7,4,5,5,6,6,5,5,500,50,1,5,4,4,6,6,6,2,NA,"MASKED BY ICPSR"
"524",2,1985,30,1,NA,"MASKED BY ICPSR",1,1,1,5,2,NA,4,1,1,0,0,0,0,1,0,0,0,1,0,0,0,0,1,0,1,1,1,0,1,4,1,1,0,1,1,1,0,0,0,0,0,0,1,0,0,1,0,0,0,0,0,0,0,0,0,0,0,0,0,0,0,0,0,0,0,0,0,0,2,4,3,0,0,0,0,0,0,0,0,0,0,3,3,3,1,1,2,1,3,2,4,8,4,1,6,7,2,3,3,3,4,1,2,200,5,2,4,5,1,1,1,1,2,NA,"               "
"525",2,1988,27,1,NA,"MASKED BY ICPSR",0,3,3,2,4,NA,NA,0,1,0,0,0,0,0,0,0,0,0,0,0,0,0,0,0,0,0,0,0,0,2,1,1,0,1,0,0,0,0,0,0,1,0,0,0,0,1,0,0,0,0,0,0,0,0,0,0,0,0,0,0,0,0,0,0,0,0,0,0,1,2,1,1,0,0,1,0,0,0,0,0,0,3,3,2,2,4,2,2,4,3,2,9,8,8,8,8,6,6,5,8,7,10,9,22,22,1,5,5,4,3,3,4,1,2,"MASKED BY ICPSR"
"526",2,1991,24,1,NA,"MASKED BY ICPSR",0,2,2,4,2,NA,3,0,1,1,0,0,0,0,0,0,0,0,0,0,0,0,1,0,1,1,0,0,1,4,1,1,0,1,1,1,1,1,1,0,1,1,0,1,0,0,1,1,0,0,0,0,0,0,0,0,0,0,0,0,0,0,0,0,0,0,0,0,1,3,3,0,0,0,0,0,0,0,0,0,0,3,3,2,2,2,3,2,3,3,4,6,8,5,4,3,4,2,2,2,4,5,5,0,3,2,3,4,2,3,3,2,2,NA,"MASKED BY ICPSR"
"527",2,1980,35,1,NA,"MASKED BY ICPSR",0,2,4,3,3,NA,1,1,1,0,0,0,0,0,0,0,0,0,0,0,0,0,0,0,0,0,0,0,1,3,0,0,0,0,0,0,0,0,0,0,0,0,0,0,0,0,0,0,0,0,0,0,0,0,0,0,0,0,0,0,0,0,0,0,0,0,0,0,NA,NA,3,0,0,0,0,0,0,0,0,0,0,2,1,1,1,2,3,1,2,4,1,8,7,2,3,3,2,3,3,6,6,3,3,150,1,1,5,4,3,2,1,2,2,NA,"MASKED BY ICPSR"
"528",1,1982,33,1,NA,"MASKED BY ICPSR",0,1,4,4,2,NA,3,1,1,1,0,0,0,1,0,0,0,0,0,0,0,0,0,1,0,0,1,0,1,3,1,1,1,0,0,0,0,0,1,1,1,0,0,1,0,1,1,1,0,0,0,0,0,0,0,0,1,0,0,0,0,0,0,0,0,0,0,0,3,2,3,0,0,0,0,0,0,0,0,0,0,3,1,3,2,2,3,1,3,3,1,8,9,5,7,8,6,3,4,7,6,7,7,300,15,2,5,4,3,2,3,3,2,NA,"MASKED BY ICPSR"
"529",2,1989,26,1,NA,"MASKED BY ICPSR",0,2,4,4,2,NA,1,1,1,0,0,0,0,0,0,0,0,0,0,0,0,0,0,0,1,0,0,0,1,4,1,1,1,1,1,1,1,1,1,1,1,1,1,1,0,1,1,0,0,0,0,0,0,0,0,0,0,0,0,0,0,1,0,0,0,0,0,0,3,1,4,1,0,1,1,1,1,0,1,1,0,4,3,4,1,4,1,1,4,4,2,8,4,10,6,8,NA,5,8,8,5,8,7,200,75,1,4,5,3,4,1,4,2,NA,"               "
"530",2,1987,28,1,NA,"MASKED BY ICPSR",1,1,3,2,5,NA,3,1,1,0,0,0,0,0,0,0,0,0,0,0,0,0,0,0,1,0,0,0,1,4,0,0,0,0,0,0,0,0,0,0,0,0,0,0,0,0,0,0,0,0,0,0,0,0,0,0,0,0,0,0,0,0,0,0,0,0,0,0,NA,NA,1,0,0,0,0,0,0,0,0,0,0,1,1,1,3,1,1,1,1,2,1,10,9,3,8,8,7,8,8,8,8,8,8,687,3,2,2,4,1,3,5,4,2,NA,"MASKED BY ICPSR"
"531",2,1986,29,1,NA,"MASKED BY ICPSR",0,3,1,3,1,3,1,1,1,1,0,0,0,1,0,0,0,0,0,0,0,0,0,0,1,0,1,0,1,4,1,1,0,0,1,0,0,0,1,0,1,0,0,1,0,1,0,1,0,0,0,0,0,0,0,0,0,0,0,0,0,0,0,0,0,0,0,0,3,3,3,0,0,0,0,0,0,0,0,0,0,4,2,3,3,4,1,1,3,2,2,10,6,2,10,9,8,7,6,5,6,5,6,299,2,2,6,5,4,3,2,1,1,1,"MASKED BY ICPSR"
"532",1,1986,29,1,NA,"MASKED BY ICPSR",0,3,4,4,2,NA,1,1,1,0,0,0,0,0,0,0,0,0,0,0,0,0,0,0,1,0,0,0,1,4,0,0,0,0,0,0,0,0,0,0,0,0,0,0,0,0,0,0,0,0,0,0,0,0,0,0,0,0,0,0,0,0,0,0,0,0,0,0,NA,NA,3,0,0,0,0,0,0,0,0,0,0,2,1,2,2,2,2,3,3,2,2,10,8,7,7,5,6,7,5,7,6,6,7,907,15,4,5,NA,4,4,4,3,2,NA,"MASKED BY ICPSR"
"533",2,1987,28,1,NA,"MASKED BY ICPSR",0,4,3,3,5,NA,2,1,1,0,0,0,0,0,0,0,0,0,0,0,0,0,0,0,0,0,0,0,0,4,0,0,0,0,0,0,0,0,0,0,0,0,0,0,0,0,0,0,0,0,0,0,0,0,0,0,0,0,0,0,0,0,0,0,0,0,0,0,NA,NA,2,0,0,0,0,0,0,0,0,0,0,3,1,3,1,2,3,1,2,3,1,3,4,7,2,4,1,2,2,2,4,5,6,150,2,3,4,3,2,6,4,6,2,NA,"MASKED BY ICPSR"
"534",2,1986,29,1,NA,"MASKED BY ICPSR",0,3,4,4,3,NA,1,1,1,0,0,0,0,1,0,0,0,0,0,0,0,0,0,0,0,0,0,0,1,3,1,1,0,0,0,1,0,0,1,0,0,0,0,0,0,1,0,0,0,0,0,0,0,0,0,0,0,0,0,0,0,0,0,0,0,0,0,0,3,2,1,0,0,0,0,0,0,0,0,0,0,2,3,2,1,3,4,1,1,1,1,5,5,5,5,5,5,5,5,5,5,5,5,300,5,4,5,5,1,1,3,6,2,NA,"               "
"535",2,1995,20,1,NA,"MASKED BY ICPSR",0,4,5,3,1,3,1,1,1,1,0,0,0,0,0,0,0,1,0,0,0,0,0,0,0,0,0,0,1,4,0,0,0,0,0,0,0,0,0,0,0,0,0,0,0,0,0,0,0,0,0,0,0,0,0,0,0,0,0,0,0,0,0,0,0,0,0,0,NA,NA,2,0,0,0,0,0,0,0,0,0,0,3,1,2,3,3,3,3,3,3,3,2,4,4,3,3,1,1,1,1,1,1,1,50,5,4,5,5,4,2,1,1,2,NA,"MASKED BY ICPSR"
"536",1,1986,29,1,NA,"MASKED BY ICPSR",0,1,6,3,NA,NA,3,1,1,0,0,1,0,1,1,0,0,0,0,0,0,0,1,1,1,0,1,0,1,3,0,0,0,0,0,0,0,0,0,0,0,0,0,0,0,0,0,0,0,0,0,0,0,0,0,0,0,0,0,0,0,0,0,0,0,0,0,0,NA,NA,3,0,0,0,0,0,0,0,0,0,0,2,1,1,4,4,4,1,3,4,1,10,8,3,3,9,1,5,5,8,7,7,8,125,10,3,5,4,3,3,6,6,2,NA,"MASKED BY ICPSR"
"537",2,1991,24,1,NA,"MASKED BY ICPSR",0,1,4,3,3,NA,1,1,1,1,0,0,0,1,0,0,0,1,0,0,0,0,0,0,1,0,1,0,1,3,0,0,0,0,0,0,0,0,0,0,0,0,0,0,0,0,0,0,0,0,0,0,0,0,0,0,0,0,0,0,0,0,0,0,0,0,0,0,NA,NA,1,0,0,0,0,0,0,0,0,0,0,3,3,3,2,3,4,1,3,3,2,10,8,6,7,6,3,5,4,5,8,2,5,291,2,1,5,4,3,6,6,6,2,NA,"MASKED BY ICPSR"
"538",2,1985,30,1,NA,"MASKED BY ICPSR",0,2,2,3,4,NA,1,1,1,1,0,1,0,1,0,0,0,1,0,0,1,0,1,1,1,0,1,0,1,3,1,1,0,1,0,0,0,0,0,1,0,1,1,0,0,1,1,1,1,0,0,0,0,0,0,0,0,0,0,0,0,0,0,0,0,0,0,0,1,3,3,0,0,0,0,0,0,0,0,0,0,2,3,2,2,2,3,1,2,3,2,7,6,5,1,2,1,1,1,1,1,2,2,100,5,2,3,3,1,6,6,6,2,NA,"               "
"539",2,1980,35,1,NA,"MASKED BY ICPSR",1,1,4,4,2,NA,1,1,1,1,0,1,0,1,0,0,0,1,0,1,1,0,1,0,1,1,1,0,1,4,0,0,0,0,0,0,0,0,0,0,0,0,0,0,0,0,0,0,0,0,0,0,0,0,0,0,0,0,0,0,0,0,0,0,0,0,0,0,NA,NA,3,1,1,0,0,0,0,0,0,0,0,3,1,3,3,3,3,3,3,3,3,10,9,10,10,9,10,9,10,9,10,9,10,100,50,3,5,4,5,4,5,4,2,NA,"MASKED BY ICPSR"
"540",1,1995,20,1,NA,"MASKED BY ICPSR",1,3,5,1,1,1,3,0,1,1,0,0,0,1,0,0,0,0,0,0,0,0,0,0,0,0,0,0,1,4,1,1,1,1,1,0,0,0,1,0,0,0,0,1,0,1,1,1,0,0,1,0,0,0,0,0,0,0,0,0,0,0,0,0,0,0,0,1,1,3,1,0,0,0,0,0,0,0,0,0,0,4,3,3,3,3,4,2,3,2,3,10,5,7,6,5,8,8,8,5,9,6,9,10,3,2,4,4,5,3,6,5,2,NA,"MASKED BY ICPSR"
"541",1,1985,30,1,NA,"MASKED BY ICPSR",0,2,5,4,3,NA,2,1,1,1,0,1,0,1,1,0,0,0,0,1,1,0,0,0,0,0,0,0,1,4,1,1,0,1,1,1,1,1,1,0,1,1,0,1,0,0,1,1,1,0,0,0,0,0,0,0,0,1,0,0,0,0,0,0,0,0,0,0,1,3,4,0,0,0,0,0,0,0,0,0,0,3,3,4,2,3,4,1,4,4,4,7,5,3,5,5,3,3,3,6,2,2,3,1,4,1,3,4,1,3,2,3,2,NA,"MASKED BY ICPSR"
"542",2,1983,32,1,NA,"MASKED BY ICPSR",0,3,6,2,3,NA,1,1,1,0,0,0,0,0,0,0,0,0,0,0,0,0,1,0,0,0,0,0,1,4,0,0,0,0,0,0,0,0,0,0,0,0,0,0,0,0,0,0,0,0,0,0,0,0,0,0,0,0,0,0,0,0,0,0,0,0,0,0,NA,NA,2,0,0,0,0,0,0,0,0,0,0,3,1,2,3,2,2,1,3,3,1,6,6,1,10,10,7,7,7,NA,NA,7,7,500,10,3,5,5,4,4,4,4,2,NA,"               "
"543",2,1983,32,1,NA,"MASKED BY ICPSR",0,4,4,3,2,NA,1,1,1,0,0,1,0,0,0,0,0,0,0,0,0,0,0,0,1,0,1,0,1,3,1,1,1,1,0,1,1,0,1,1,1,1,0,1,0,1,1,1,0,0,0,0,0,0,0,0,0,0,0,0,0,0,0,0,0,0,0,0,1,2,2,1,1,1,0,1,0,0,0,0,0,3,2,3,3,3,3,3,3,3,3,9,8,9,9,8,9,8,9,8,9,8,8,1000,30,3,5,5,4,4,5,4,2,NA,"MASKED BY ICPSR"
"544",1,1981,34,1,NA,"MASKED BY ICPSR",0,4,3,4,2,NA,1,1,1,1,0,0,0,1,0,0,0,1,0,0,0,0,0,0,1,0,0,0,0,3,0,0,0,0,0,0,0,0,0,0,0,0,0,0,0,0,0,0,0,0,0,0,0,0,0,0,0,0,0,0,0,0,0,0,0,0,0,0,NA,NA,1,0,0,0,0,0,0,0,0,0,0,2,1,2,2,2,2,1,2,2,1,8,8,5,7,8,3,4,1,7,3,1,1,120,5,2,5,4,1,1,1,1,2,NA,"MASKED BY ICPSR"
"545",2,1984,31,1,NA,"MASKED BY ICPSR",0,5,2,4,2,NA,3,1,0,0,0,0,0,0,0,0,0,0,0,0,0,0,0,0,0,0,0,0,0,3,1,1,1,0,0,0,0,0,1,0,0,0,0,0,0,1,0,0,0,0,0,0,0,0,0,0,0,0,0,0,0,0,0,0,0,0,0,0,3,3,2,1,1,0,0,0,0,0,0,0,0,2,3,3,2,2,2,1,2,2,1,7,6,1,7,6,1,4,4,3,5,3,3,311,12,1,5,5,3,6,6,6,2,NA,"               "
"546",2,1989,26,1,NA,"MASKED BY ICPSR",1,1,4,3,3,NA,2,1,1,1,0,1,0,1,0,0,0,0,0,0,0,0,0,0,0,0,0,0,1,3,1,0,0,0,0,0,0,0,0,0,0,0,0,0,0,0,0,0,0,0,0,0,0,0,0,0,0,0,0,0,0,0,0,0,0,0,0,0,NA,NA,3,0,0,0,0,0,0,0,0,0,0,2,3,3,3,2,4,1,4,4,1,9,9,9,4,4,1,6,5,10,7,8,8,400,1,2,2,4,3,3,4,4,2,NA,"MASKED BY ICPSR"
"547",1,1981,34,1,NA,"MASKED BY ICPSR",0,1,6,2,4,NA,2,1,1,1,0,0,0,0,0,0,0,0,0,0,0,0,0,0,0,0,1,0,1,3,1,1,0,1,0,0,0,0,1,0,1,1,0,0,0,0,1,0,0,0,0,0,0,0,0,0,0,0,0,0,0,0,0,0,0,0,0,0,1,3,3,0,0,0,0,0,0,0,0,0,0,3,3,2,1,1,4,1,3,2,1,7,6,7,6,5,3,3,3,3,4,3,3,130,5,2,5,4,4,3,6,6,2,NA,"MASKED BY ICPSR"
"548",2,1987,28,1,NA,"MASKED BY ICPSR",0,1,1,3,2,NA,2,1,1,1,0,0,0,1,0,0,0,0,0,0,0,0,0,0,0,0,0,0,0,4,0,0,0,0,0,0,0,0,0,0,0,0,0,0,0,0,0,0,0,0,0,0,0,0,0,0,0,0,0,0,0,0,0,0,0,0,0,0,NA,NA,1,0,0,0,0,0,0,0,0,0,0,2,2,2,2,2,2,2,2,2,2,8,8,8,8,8,8,8,8,8,8,8,8,355,2,2,4,4,4,4,4,4,2,NA,"               "
"549",2,1984,31,1,NA,"MASKED BY ICPSR",1,1,2,4,5,NA,1,1,1,1,0,1,0,0,0,0,0,0,0,0,0,0,0,0,1,1,1,0,1,4,1,1,1,1,0,0,1,0,0,0,0,1,1,0,0,1,0,1,0,0,0,0,0,0,0,0,0,0,0,0,0,0,0,0,0,0,0,0,1,2,3,0,0,0,0,0,0,0,0,0,0,4,1,4,3,3,3,1,2,3,3,9,7,1,1,6,1,1,5,1,8,5,5,600,10,2,5,5,3,4,3,4,2,NA,"MASKED BY ICPSR"
"550",2,1988,27,1,NA,"MASKED BY ICPSR",0,5,4,3,2,NA,1,1,1,1,0,1,0,1,1,0,1,1,0,1,1,1,1,1,1,1,1,0,1,4,1,1,1,1,1,1,1,1,1,1,1,1,1,1,0,1,1,1,0,0,0,0,0,0,0,0,0,1,0,0,1,0,0,0,0,0,0,0,3,2,4,1,1,1,1,1,1,0,1,1,0,4,3,4,3,3,3,1,3,3,1,10,10,1,5,5,5,2,2,1,2,1,1,278,2,2,3,3,2,2,1,1,2,NA,"MASKED BY ICPSR"
"551",2,1980,35,1,NA,"MASKED BY ICPSR",0,4,2,4,2,NA,1,1,1,0,0,0,0,1,0,0,0,0,0,0,0,0,0,0,0,1,1,0,1,4,0,0,0,0,0,0,0,0,0,0,0,0,0,0,0,0,0,0,0,0,0,0,0,0,0,0,0,0,0,0,0,0,0,0,0,0,0,0,NA,NA,4,0,0,0,0,0,0,0,0,0,0,4,2,4,3,3,2,2,2,3,2,10,5,1,1,1,1,1,1,1,7,1,1,43,40,3,5,4,2,2,6,6,2,NA,"MASKED BY ICPSR"
"552",2,1992,23,1,NA,"MASKED BY ICPSR",0,1,5,3,4,NA,2,1,1,0,0,1,0,1,0,0,0,1,0,0,0,0,1,0,1,0,1,0,1,3,NA,1,1,1,1,1,1,1,1,0,0,1,0,1,0,1,1,1,0,0,0,0,0,0,1,0,0,0,0,0,0,1,0,0,0,0,0,0,1,1,4,1,1,0,0,0,0,0,1,0,0,4,3,4,3,4,4,1,3,3,1,10,10,1,1,1,1,1,1,1,1,1,1,1500,4,1,5,5,1,1,1,1,2,NA,"MASKED BY ICPSR"
"553",1,1996,19,1,NA,"MASKED BY ICPSR",0,1,5,2,2,NA,3,0,1,0,0,0,0,0,0,0,0,0,0,0,0,0,0,0,0,0,0,0,0,3,1,1,1,0,0,1,0,0,1,0,1,0,0,1,0,0,0,0,0,0,0,0,0,0,0,1,1,0,0,0,0,0,0,0,0,0,0,0,1,1,3,0,0,0,0,0,0,0,0,0,0,3,3,3,4,4,1,1,3,4,1,10,5,10,5,10,1,5,5,5,9,5,5,100,20,1,5,5,3,3,3,3,2,NA,"               "
"554",1,1992,23,1,NA,"MASKED BY ICPSR",0,1,5,4,2,NA,1,1,0,0,0,0,0,0,0,0,0,0,0,0,0,0,0,0,0,0,0,0,0,3,0,0,0,0,0,0,0,0,0,0,0,0,0,0,0,0,0,0,0,0,0,0,0,0,0,0,0,0,0,0,0,0,0,0,0,0,0,0,NA,NA,1,0,0,0,0,0,0,0,0,0,0,1,1,1,1,1,1,1,1,1,1,6,5,4,4,5,4,5,5,6,5,5,6,606,80,1,3,4,3,2,3,4,2,NA,"MASKED BY ICPSR"
"555",2,1981,34,1,NA,"MASKED BY ICPSR",0,1,3,3,2,NA,1,1,1,1,0,1,0,0,0,0,0,1,0,0,0,0,1,0,1,1,1,0,1,4,0,0,0,0,0,0,0,0,0,0,0,0,0,0,0,0,0,0,0,0,0,0,0,0,0,0,0,0,0,0,0,0,0,0,0,0,0,0,NA,NA,2,0,0,0,0,0,0,0,0,0,0,2,1,2,2,2,4,1,4,4,2,9,8,4,6,4,1,2,2,3,4,2,6,300,2,1,5,4,3,2,1,2,2,NA,"MASKED BY ICPSR"
"556",2,1987,28,1,NA,"MASKED BY ICPSR",0,5,1,1,2,NA,1,1,1,1,0,1,0,1,1,0,0,0,0,0,0,0,1,1,0,0,0,0,1,4,1,1,0,1,0,0,0,0,1,0,0,0,0,0,0,1,0,0,0,0,0,0,0,0,0,0,0,0,0,0,0,0,0,0,0,0,0,0,1,2,4,0,0,0,0,0,0,0,0,0,0,4,2,3,3,3,2,1,4,4,1,9,9,8,6,8,4,2,2,4,7,6,6,200,150,2,5,5,4,5,4,4,2,NA,"MASKED BY ICPSR"
"557",2,1995,20,1,NA,"MASKED BY ICPSR",0,2,5,2,1,3,1,1,1,1,0,1,0,0,0,0,0,0,0,0,0,0,0,0,0,0,0,0,1,4,1,1,0,1,0,0,1,0,1,0,1,0,1,1,0,1,0,0,0,0,0,0,0,0,1,0,0,0,0,0,0,0,1,0,1,0,0,0,2,4,3,0,0,0,0,0,0,0,0,0,0,3,1,2,1,1,4,1,2,2,1,1,5,1,1,2,1,5,5,7,9,5,5,400,7,2,5,5,1,1,1,3,2,NA,"               "
"558",2,1991,24,1,NA,"MASKED BY ICPSR",0,1,5,3,1,3,1,1,1,1,0,0,0,1,0,0,0,0,0,0,0,0,1,0,1,0,1,0,0,4,1,0,0,0,0,0,0,0,0,0,0,0,0,0,0,0,0,0,0,0,0,0,0,0,0,0,0,0,0,0,0,0,0,0,0,0,0,0,NA,NA,4,0,0,0,0,0,0,0,0,0,0,4,3,2,1,2,4,1,2,2,1,5,4,6,5,7,3,5,5,5,5,4,5,120,5,2,5,3,3,3,6,6,2,NA,"MASKED BY ICPSR"
"559",2,1987,28,1,NA,"MASKED BY ICPSR",0,2,2,4,4,NA,1,1,1,1,0,1,0,1,0,0,0,1,0,0,1,0,0,0,1,1,0,0,1,3,1,1,0,1,1,1,1,1,0,0,0,0,1,0,0,1,0,1,0,0,0,0,0,0,0,0,0,1,0,0,0,1,0,0,0,0,0,0,3,2,3,0,0,0,0,0,0,0,0,0,0,4,2,4,2,2,4,1,2,3,4,6,3,4,4,8,2,5,3,5,6,NA,NA,350,5,1,5,4,1,1,2,1,2,NA,"MASKED BY ICPSR"
"560",2,1992,23,1,NA,"MASKED BY ICPSR",0,2,2,3,2,NA,1,1,0,1,0,0,0,0,0,0,0,0,0,0,0,0,1,0,0,0,0,0,0,3,0,0,0,0,0,0,0,0,0,0,0,0,0,0,0,0,0,0,0,0,0,0,0,0,0,0,0,0,0,0,0,0,0,0,0,0,0,0,NA,NA,3,1,0,0,1,1,0,0,0,0,0,3,3,3,3,2,2,2,2,2,2,8,8,8,8,8,8,8,8,7,7,9,9,800,800,2,4,4,5,5,5,5,1,4,"MASKED BY ICPSR"
"561",2,1990,25,1,NA,"MASKED BY ICPSR",0,1,4,4,5,NA,1,1,0,0,0,0,0,0,0,0,0,0,0,0,0,0,0,0,1,1,0,0,1,3,1,1,0,1,1,1,0,0,1,1,0,0,1,0,0,1,0,0,0,0,0,0,0,0,0,0,0,0,0,0,0,0,0,0,0,0,0,0,1,3,3,0,0,0,0,0,0,0,0,0,0,3,3,2,1,2,4,1,2,2,1,8,5,6,3,3,2,5,5,5,9,5,5,120,3,1,5,3,2,2,2,2,2,NA,"MASKED BY ICPSR"
"562",1,1993,22,1,NA,"MASKED BY ICPSR",1,3,1,3,1,3,4,1,1,1,0,1,0,1,0,0,0,1,0,0,0,0,0,0,0,0,1,0,1,4,1,1,1,1,1,1,1,1,1,1,1,1,1,1,0,1,0,0,0,0,0,0,0,0,0,0,0,0,0,0,0,0,1,0,0,0,0,0,3,2,3,0,0,0,0,0,0,0,0,0,0,3,3,3,2,2,4,1,2,2,3,9,10,9,6,10,1,4,4,9,2,1,1,300,20,2,5,5,3,3,3,3,2,NA,"               "
"563",2,1991,24,1,NA,"MASKED BY ICPSR",0,4,5,4,4,NA,1,1,1,1,0,0,0,1,0,0,0,0,0,0,0,0,0,0,0,0,0,0,1,4,1,1,0,1,0,0,0,0,0,0,1,1,0,0,0,0,1,0,0,0,0,0,0,0,0,0,0,0,0,0,0,0,0,0,0,0,0,0,3,3,4,0,0,0,0,0,0,0,0,0,0,4,3,2,1,3,4,1,4,4,1,8,7,5,7,8,3,6,6,6,8,5,6,850,5,1,5,5,1,3,4,6,2,NA,"               "
"564",2,1991,24,1,NA,"MASKED BY ICPSR",0,1,5,3,3,NA,1,1,1,0,0,1,0,0,0,0,0,0,0,0,1,0,0,1,0,0,0,0,1,4,1,1,0,1,1,1,0,0,1,0,1,0,0,0,0,0,1,0,0,0,0,0,0,0,0,0,0,0,0,0,0,0,0,0,0,0,0,0,1,2,4,0,0,0,0,0,0,0,0,0,0,3,2,3,1,1,4,1,2,2,2,4,2,3,1,5,1,1,1,1,3,3,2,30,3,1,5,2,1,1,6,6,2,NA,"MASKED BY ICPSR"
"565",2,1982,33,1,NA,"MASKED BY ICPSR",1,3,4,3,5,NA,1,1,1,1,0,0,0,0,0,0,0,0,0,0,0,0,0,0,1,1,0,0,1,2,1,1,0,0,0,1,0,0,1,0,0,0,0,0,0,1,0,0,0,0,0,0,0,0,0,0,0,0,0,0,0,0,0,0,0,0,0,0,NA,1,3,0,0,0,0,0,0,0,0,0,0,3,3,3,3,3,2,1,3,2,2,3,3,8,3,6,7,2,2,5,5,3,3,1166,100,3,5,5,3,4,1,3,2,NA,"MASKED BY ICPSR"
"566",1,1991,24,1,NA,"MASKED BY ICPSR",0,3,5,3,1,3,1,1,1,1,0,0,0,0,0,0,0,0,0,0,0,0,0,0,0,0,0,0,0,4,0,1,0,1,0,0,0,0,0,1,0,0,0,0,0,1,1,0,0,0,0,0,0,0,0,0,0,0,0,0,0,0,0,0,0,0,0,0,1,4,2,0,0,0,0,0,0,0,0,0,0,2,3,2,2,2,2,3,3,3,2,7,6,7,7,7,7,6,7,7,7,6,6,800,5,2,3,5,3,3,4,3,2,NA,"               "
"567",2,1988,27,1,NA,"MASKED BY ICPSR",0,4,4,4,5,NA,1,1,1,0,0,0,0,0,0,0,0,0,0,0,0,0,0,0,1,1,0,0,1,4,1,0,0,0,0,0,0,0,0,0,0,0,0,0,0,0,0,0,0,0,0,0,0,0,0,0,0,0,0,0,0,0,0,0,0,0,0,0,NA,NA,3,0,0,0,0,0,0,0,0,0,0,3,3,2,1,2,4,1,3,3,1,5,1,6,1,3,1,1,1,4,9,1,4,88,3,4,5,3,1,1,1,1,2,NA,"MASKED BY ICPSR"
"568",1,1995,20,1,NA,"MASKED BY ICPSR",0,3,1,2,4,NA,1,0,1,1,0,0,0,0,0,0,0,1,0,0,0,0,0,0,0,0,1,0,0,4,1,1,0,1,0,0,0,0,1,0,1,1,1,0,0,0,0,1,0,0,0,0,0,0,0,0,0,0,0,0,0,0,0,0,0,0,0,0,2,3,3,0,0,0,0,0,0,0,0,0,0,4,3,1,1,1,1,1,1,1,1,10,10,1,3,5,1,7,6,7,2,4,3,420,13,2,5,5,4,2,6,6,2,NA,"               "
"569",2,1987,28,1,NA,"MASKED BY ICPSR",0,3,5,3,4,NA,1,1,1,1,0,0,0,1,1,0,0,1,1,0,1,0,1,0,1,1,0,0,1,3,1,0,0,0,0,0,0,0,0,0,0,0,0,0,0,0,0,0,0,0,0,0,0,0,0,0,0,0,0,0,0,0,0,0,0,0,0,0,NA,NA,2,1,0,0,0,0,0,0,0,1,0,2,3,1,3,3,4,1,2,2,3,7,5,8,7,7,5,5,5,5,6,3,5,1535,3,2,4,4,2,3,6,6,1,2,"               "
"570",2,1995,20,1,NA,"MASKED BY ICPSR",1,4,6,3,1,3,5,1,1,1,0,0,0,0,0,0,0,0,0,0,0,0,0,0,1,1,0,0,1,4,1,1,1,1,0,1,1,1,1,0,1,1,1,0,0,1,0,1,0,0,0,0,0,0,0,0,0,0,0,0,0,1,0,0,0,0,0,0,3,3,3,1,0,0,0,0,0,0,0,1,0,4,3,4,2,2,3,1,4,4,1,6,6,5,3,4,2,2,2,3,5,4,5,200,4,1,5,5,2,2,4,3,1,1,"               "
"571",2,1985,30,1,NA,"MASKED BY ICPSR",0,4,4,2,5,NA,1,1,1,1,0,0,0,0,0,0,0,0,0,0,0,0,1,0,1,0,0,0,1,4,1,0,0,0,0,0,0,0,0,0,0,0,0,0,0,0,0,0,0,0,0,0,0,0,0,0,0,0,0,0,0,0,0,0,0,0,0,0,NA,NA,3,1,0,0,0,1,0,0,0,0,0,3,3,2,4,4,2,1,4,4,1,8,6,5,7,8,6,7,7,6,7,7,7,103,10,2,5,4,4,4,5,3,2,NA,"MASKED BY ICPSR"
"572",2,1981,34,1,NA,"MASKED BY ICPSR",1,1,3,3,4,NA,2,1,1,1,0,1,0,0,0,0,0,0,0,0,0,0,0,0,0,0,0,0,0,4,0,0,0,0,0,0,0,0,0,0,0,0,0,0,0,0,0,0,0,0,0,0,0,0,0,0,0,0,0,0,0,0,0,0,0,0,0,0,NA,NA,1,0,0,0,0,0,0,0,0,0,0,3,3,2,2,2,4,1,2,2,1,5,6,7,6,5,4,4,4,6,6,5,5,200,2,1,5,4,4,4,4,4,2,NA,"               "
"573",NA,1990,25,1,NA,"MASKED BY ICPSR",0,3,6,4,3,NA,1,1,1,1,0,0,0,1,0,0,0,0,0,0,0,0,0,0,1,0,0,0,1,3,1,0,0,0,0,0,0,0,0,0,0,0,0,0,0,0,0,0,0,0,0,0,0,0,0,0,0,0,0,0,0,0,0,0,0,0,0,0,NA,NA,3,0,0,0,0,0,0,0,0,0,0,3,1,2,1,1,3,1,4,3,1,8,10,6,8,9,6,5,6,7,9,7,6,600,20,2,5,5,4,3,2,2,1,4,"MASKED BY ICPSR"
"574",2,1995,20,1,NA,"MASKED BY ICPSR",1,2,5,1,1,1,5,1,1,0,0,0,0,1,0,0,0,1,0,0,0,0,0,0,0,0,0,0,1,3,1,1,0,1,1,1,1,0,1,1,1,1,0,1,0,1,0,0,0,0,0,0,0,0,0,0,0,0,0,0,0,0,0,0,0,0,0,0,3,2,2,0,0,0,0,0,0,0,0,0,0,2,1,2,3,3,3,1,4,4,1,3,6,10,6,4,7,2,1,7,5,2,1,15,0,4,5,2,2,6,1,6,2,NA,"               "
"575",2,1987,28,1,NA,"MASKED BY ICPSR",0,1,4,2,3,NA,1,1,1,1,0,0,0,0,0,0,0,0,0,0,0,0,0,0,0,0,1,0,0,3,0,0,0,0,0,0,0,0,0,0,0,0,0,0,0,0,0,0,0,0,0,0,0,0,0,0,0,0,0,0,0,0,0,0,0,0,0,0,NA,NA,2,0,0,0,0,0,0,0,0,0,0,3,3,3,2,2,3,1,2,3,1,9,9,9,7,7,1,6,3,5,7,7,7,361,6,3,4,4,2,3,1,2,2,NA,"               "
"576",2,1990,25,1,NA,"MASKED BY ICPSR",0,1,5,4,3,NA,2,1,1,1,0,0,0,1,0,0,0,0,0,0,0,0,0,0,0,1,0,0,1,4,0,0,0,0,0,0,0,0,0,0,0,0,0,0,0,0,0,0,0,0,0,0,0,0,0,0,0,0,0,0,0,0,0,0,0,0,0,0,NA,NA,4,0,0,0,0,0,0,0,0,0,0,3,NA,3,1,1,1,1,1,1,1,6,4,6,7,4,6,7,6,4,7,7,7,40,0,3,4,4,3,4,3,5,2,NA,"               "
"577",2,1981,34,1,NA,"MASKED BY ICPSR",0,1,4,4,4,NA,1,1,1,1,0,1,0,0,0,0,0,0,0,0,0,0,0,0,1,0,0,0,1,3,1,1,0,0,0,1,0,0,1,0,1,1,0,0,0,1,0,1,0,0,0,0,0,0,0,0,0,0,0,0,0,0,0,0,0,0,0,0,1,2,3,0,0,0,0,0,0,0,0,0,0,4,2,4,2,3,4,1,3,3,1,6,2,1,1,8,1,2,2,2,4,2,3,250,2,1,5,4,1,6,6,6,2,NA,"MASKED BY ICPSR"
"578",1,1980,35,1,NA,"MASKED BY ICPSR",0,1,4,5,3,NA,1,0,1,0,0,0,0,1,0,0,0,0,0,0,0,0,0,1,0,0,0,0,1,3,1,1,0,0,0,0,0,1,1,1,0,0,0,0,0,1,0,0,0,0,0,0,0,0,0,0,0,0,0,0,0,0,0,0,0,0,0,0,3,4,2,0,0,0,0,0,0,0,0,0,0,3,1,3,2,3,3,1,3,2,4,8,6,7,4,4,4,2,2,3,3,2,2,300,10,3,4,4,2,3,2,4,2,NA,"               "
"579",2,1980,35,1,NA,"MASKED BY ICPSR",0,2,3,4,2,NA,1,1,1,0,0,1,0,0,0,0,0,0,0,0,0,0,0,1,0,0,0,0,1,4,1,1,0,1,1,0,0,0,1,0,0,0,0,1,0,1,0,0,0,0,0,0,0,0,0,0,0,0,0,0,0,0,0,0,0,0,0,0,2,2,2,1,0,0,0,0,0,0,0,0,1,2,1,2,4,4,2,1,4,3,1,10,8,10,8,8,3,1,2,2,5,5,5,422,100,2,5,5,3,2,3,3,2,NA,"MASKED BY ICPSR"
"580",2,1986,29,1,NA,"MASKED BY ICPSR",0,4,4,4,5,NA,4,1,1,0,0,1,0,1,0,0,0,0,0,0,0,0,0,0,1,0,1,0,1,4,1,1,0,1,1,0,1,0,1,0,1,0,0,0,0,0,0,0,0,0,0,0,0,0,0,0,0,1,0,0,0,0,0,0,0,0,0,0,1,3,2,0,0,0,0,0,0,0,0,0,0,2,3,4,1,1,4,1,3,3,3,5,7,7,5,5,5,4,4,5,3,3,3,50,5,2,4,2,1,1,1,1,2,NA,"MASKED BY ICPSR"
"581",1,1980,35,1,NA,"MASKED BY ICPSR",0,1,2,5,2,NA,1,1,1,1,0,1,0,1,0,0,0,1,0,0,0,0,0,0,1,1,1,0,1,4,0,1,0,0,0,1,0,0,1,0,0,0,0,0,0,1,0,1,0,0,0,0,0,0,0,0,0,0,0,0,0,0,0,0,0,0,0,0,2,2,4,0,0,0,0,0,0,0,0,0,0,4,2,4,4,3,2,1,2,3,1,9,8,8,7,7,5,8,7,7,6,6,7,150,10,2,5,4,3,3,3,NA,2,NA,"MASKED BY ICPSR"
"582",1,1985,30,1,NA,"MASKED BY ICPSR",1,1,4,3,3,NA,1,1,0,0,0,1,0,0,0,0,0,0,0,0,0,0,0,0,0,1,1,0,0,3,0,0,0,0,0,0,0,0,0,0,0,0,0,0,0,0,0,0,0,0,0,0,0,0,0,0,0,0,0,0,0,0,0,0,0,0,0,0,NA,NA,3,0,0,0,0,0,0,0,0,0,0,2,1,2,3,2,2,3,3,2,2,9,8,6,9,8,9,8,10,9,8,9,8,500,15,2,5,4,5,5,4,5,2,NA,"MASKED BY ICPSR"
"583",2,1991,24,1,NA,"MASKED BY ICPSR",0,4,5,4,1,4,1,1,1,0,0,0,0,1,0,0,0,1,0,0,1,0,0,0,1,0,0,0,1,3,1,1,0,1,1,0,1,0,1,0,0,0,0,0,0,1,0,0,0,0,0,0,0,0,0,0,0,0,0,0,0,0,0,0,0,0,0,0,1,2,3,0,0,0,0,0,0,0,0,0,0,3,2,3,1,1,4,1,2,2,3,8,3,3,1,1,1,1,1,3,5,1,1,240,2,1,5,4,1,1,1,1,2,NA,"               "
"584",2,1990,25,1,NA,"MASKED BY ICPSR",0,3,5,3,5,NA,1,1,1,1,0,1,0,1,0,0,0,0,0,0,0,0,0,0,0,0,0,0,1,4,0,0,0,0,0,0,0,0,0,0,0,0,0,0,0,0,0,0,0,0,0,0,0,0,0,0,0,0,0,0,0,0,0,0,0,0,0,0,NA,NA,2,0,0,0,0,0,0,0,0,0,0,3,3,3,4,4,2,1,4,4,1,5,7,1,1,1,1,5,5,7,9,3,5,13,2,4,5,2,1,4,1,1,2,NA,"MASKED BY ICPSR"
"585",1,1988,27,1,NA,"MASKED BY ICPSR",0,3,5,4,3,NA,1,1,1,1,0,1,0,1,0,0,0,0,0,0,0,0,0,1,0,0,1,0,0,4,1,1,0,1,0,0,0,0,1,1,0,1,1,0,0,1,1,0,0,0,0,0,0,0,0,0,1,0,0,0,0,0,0,0,0,0,0,0,3,4,2,0,0,0,0,0,0,0,0,0,0,4,2,1,1,1,4,1,3,4,1,8,7,5,5,5,5,3,3,5,5,1,2,120,6,2,5,5,2,4,1,1,2,NA,"MASKED BY ICPSR"
"586",2,1990,25,1,NA,"MASKED BY ICPSR",0,1,1,4,3,NA,1,1,1,0,0,0,0,1,0,0,0,1,0,0,0,0,0,0,1,1,0,0,1,4,0,1,1,1,0,0,0,1,1,0,0,1,0,0,0,0,0,0,0,0,0,0,0,0,0,0,1,1,0,0,0,0,0,1,0,0,0,0,1,3,2,0,0,0,0,0,0,0,0,0,0,2,1,2,2,3,3,1,3,3,1,10,7,6,4,7,2,3,3,4,7,5,7,300,10,1,5,5,2,2,2,3,2,NA,"MASKED BY ICPSR"
"587",2,1991,24,1,NA,"MASKED BY ICPSR",1,4,5,4,2,NA,1,1,1,1,0,1,0,1,0,0,0,0,0,0,0,0,1,0,1,1,1,0,1,4,1,1,0,1,0,0,0,0,1,0,0,0,0,0,0,1,0,0,0,0,0,0,0,0,0,0,0,0,0,0,0,0,0,0,0,0,0,0,1,4,2,0,0,0,0,0,0,0,0,0,0,2,3,2,1,1,4,1,2,3,3,7,7,2,5,7,2,5,5,5,6,6,5,1800,6,1,5,5,4,6,6,6,2,NA,"MASKED BY ICPSR"
"588",2,1985,30,1,NA,"MASKED BY ICPSR",1,1,2,3,2,NA,1,1,1,0,0,1,0,1,0,0,0,0,0,1,0,0,0,0,1,0,1,0,1,3,1,1,0,0,0,1,0,0,0,0,1,1,0,0,0,1,1,0,1,0,1,0,0,0,0,0,1,0,0,0,0,0,0,0,0,1,0,1,2,1,2,1,1,0,1,1,1,0,0,0,0,4,2,4,4,4,4,4,4,4,4,9,9,5,9,9,8,9,9,9,9,9,9,486,20,3,5,5,5,5,5,5,2,NA,"MASKED BY ICPSR"
"589",2,1986,29,1,NA,"MASKED BY ICPSR",1,3,2,5,3,NA,5,1,1,1,0,0,0,1,0,0,0,1,0,0,1,0,0,0,1,1,1,0,1,4,1,1,1,1,1,1,0,0,1,1,1,0,0,1,0,0,1,1,0,0,0,0,0,0,0,0,0,1,0,0,0,0,1,0,0,0,0,0,1,4,3,0,0,0,0,0,0,0,0,0,0,3,3,3,1,1,3,1,1,3,1,2,3,5,4,5,2,6,6,6,5,5,6,300,5,2,2,4,1,2,6,6,2,NA,"MASKED BY ICPSR"
"590",2,1995,20,1,NA,"MASKED BY ICPSR",1,2,5,4,1,3,2,0,1,1,0,1,0,0,0,0,0,1,0,0,0,0,0,0,0,0,0,0,1,3,1,1,0,0,1,0,0,0,1,0,0,0,0,0,0,0,1,1,1,0,1,0,0,0,1,0,0,0,0,0,0,1,0,0,0,1,0,1,2,3,2,1,0,0,1,0,0,0,0,0,0,4,3,4,2,3,3,2,3,2,1,5,5,5,5,5,5,5,5,5,5,5,5,1000,100,4,3,3,3,3,3,3,1,5,"MASKED BY ICPSR"
"591",1,1995,20,1,NA,"MASKED BY ICPSR",0,2,5,2,1,3,1,1,1,1,0,1,0,1,1,0,0,0,0,0,0,0,1,0,0,1,0,1,0,4,1,1,0,1,1,0,1,1,0,0,0,1,0,0,0,1,1,1,0,0,0,0,0,0,0,0,0,0,0,0,0,0,1,0,0,0,0,0,1,1,4,1,0,0,0,1,1,0,0,0,0,4,3,4,2,3,4,1,2,2,2,7,6,9,7,6,4,4,1,1,9,3,2,665,2,1,5,4,3,2,5,3,2,NA,"MASKED BY ICPSR"
"592",2,1996,19,1,NA,"MASKED BY ICPSR",1,2,5,2,4,NA,3,1,1,1,0,1,0,0,0,0,0,1,0,0,0,0,0,0,1,0,0,0,1,4,1,1,0,0,0,0,1,0,1,1,1,0,0,0,0,0,0,0,0,0,0,0,0,0,1,0,0,0,0,0,0,0,0,0,0,0,0,0,2,1,3,0,0,0,0,0,0,0,0,0,0,3,3,2,2,1,2,1,4,4,2,7,7,8,4,4,4,3,3,7,4,3,3,400,3,2,5,4,2,3,3,3,2,NA,"               "
"593",2,1980,35,1,NA,"MASKED BY ICPSR",0,5,4,3,3,NA,1,1,1,1,0,1,0,1,1,0,0,1,0,1,1,0,1,1,1,1,1,0,1,4,0,0,0,0,0,0,0,0,0,0,0,0,0,0,0,0,0,0,0,0,0,0,0,0,0,0,0,0,0,0,0,0,0,0,0,0,0,0,NA,NA,3,0,0,0,0,0,0,0,0,0,0,3,3,3,4,4,2,1,2,2,1,7,9,9,4,5,3,4,3,5,5,2,3,300,10,3,5,5,3,3,2,2,2,NA,"               "
"594",2,1988,27,1,NA,"MASKED BY ICPSR",0,2,4,3,5,NA,1,1,1,1,0,0,0,1,0,0,0,0,0,0,0,0,0,1,1,0,0,0,1,3,1,0,0,0,0,0,0,0,0,0,0,0,0,0,0,0,0,0,0,0,0,0,0,0,0,0,0,0,0,0,0,0,0,0,0,0,0,0,NA,NA,4,0,0,0,0,0,0,0,0,0,0,4,3,3,3,4,3,1,4,3,1,8,6,7,1,1,1,2,2,2,2,2,2,150,5,2,5,5,2,6,6,6,2,NA,"MASKED BY ICPSR"
"595",1,1984,31,1,NA,"MASKED BY ICPSR",0,1,1,4,2,NA,1,1,1,1,0,0,0,1,0,0,0,1,0,0,1,0,1,0,1,1,0,0,1,4,1,0,0,0,0,0,0,0,0,0,0,0,0,0,0,0,0,0,0,0,0,0,0,0,0,0,0,0,0,0,0,0,0,0,0,0,0,0,NA,NA,3,0,0,0,0,0,0,0,0,0,0,3,3,3,2,2,4,1,2,3,2,7,5,9,7,6,3,4,4,6,7,6,5,220,8,1,5,5,2,3,1,4,1,4,"MASKED BY ICPSR"
"596",2,1982,33,1,NA,"MASKED BY ICPSR",0,3,4,4,1,3,1,1,1,1,0,1,0,1,1,0,0,0,0,0,0,0,0,1,1,0,1,0,1,4,1,1,0,1,0,0,1,1,1,1,1,0,0,1,0,1,0,0,0,0,0,1,0,0,0,0,0,0,0,0,1,0,0,0,0,0,0,0,1,3,3,0,0,0,0,0,0,0,0,0,0,3,2,3,2,3,3,1,2,2,2,4,8,8,5,5,4,3,1,3,8,6,2,40,10,3,5,3,2,4,5,5,2,NA,"MASKED BY ICPSR"
"597",2,1986,29,1,NA,"MASKED BY ICPSR",0,4,2,4,2,NA,1,1,1,0,0,0,0,0,0,0,0,0,0,0,0,0,0,0,1,0,0,0,1,3,0,1,0,0,1,1,0,0,1,1,0,0,0,0,0,1,0,0,0,0,0,0,0,0,0,0,0,0,0,0,0,0,0,0,0,0,0,0,1,4,4,0,0,0,0,0,0,0,0,0,0,2,1,2,1,2,2,2,2,2,2,9,8,3,5,6,5,6,6,6,6,5,6,900,10,1,5,5,4,5,5,4,2,NA,"MASKED BY ICPSR"
"598",2,1985,30,1,NA,"MASKED BY ICPSR",0,4,4,4,5,NA,1,1,1,0,0,0,0,0,0,0,0,0,0,0,0,0,0,0,1,0,1,0,0,2,0,0,0,0,0,0,0,0,0,0,0,0,0,0,0,0,0,0,0,0,0,0,0,0,0,0,0,0,0,0,0,0,0,0,0,0,0,0,NA,NA,2,0,0,0,0,0,0,0,0,0,0,2,1,2,2,2,4,1,3,3,1,8,6,5,4,5,4,4,5,5,6,5,5,150,5,1,4,4,3,2,6,6,2,NA,"MASKED BY ICPSR"
"599",2,1982,33,1,NA,"MASKED BY ICPSR",0,4,4,3,5,NA,1,1,1,1,0,0,0,1,0,0,0,0,0,0,1,0,0,0,1,1,0,0,1,2,0,0,0,0,0,0,0,0,0,0,0,0,0,0,0,0,0,0,0,0,0,0,0,0,0,0,0,0,0,0,0,0,0,0,0,0,0,0,NA,NA,3,1,0,0,0,0,0,0,0,1,0,2,1,3,3,3,2,1,3,3,1,6,4,5,3,4,2,2,2,1,9,9,4,200,5,1,5,3,1,3,4,2,2,NA,"MASKED BY ICPSR"
"600",2,1985,30,1,NA,"MASKED BY ICPSR",0,2,4,3,5,NA,1,1,1,1,0,1,0,0,1,0,0,0,0,0,0,0,0,0,0,0,0,0,1,3,0,0,0,0,0,0,0,0,0,0,0,0,0,0,0,0,0,0,0,0,0,0,0,0,0,0,0,0,0,0,0,0,0,0,0,0,0,0,NA,NA,2,0,0,0,0,0,0,0,0,0,0,2,3,3,2,2,3,1,2,2,2,7,5,5,5,5,3,5,5,5,7,5,5,200,10,1,5,3,2,2,3,2,2,NA,"MASKED BY ICPSR"
"601",2,1989,26,1,NA,"MASKED BY ICPSR",0,2,5,3,1,3,1,1,1,0,0,0,0,0,0,0,0,0,0,0,0,0,0,0,0,0,0,0,0,2,0,0,0,0,0,0,0,0,0,0,0,0,0,0,0,0,0,0,0,0,0,0,0,0,0,0,0,0,0,0,0,0,0,0,0,0,0,0,NA,NA,2,0,0,0,0,0,0,0,0,0,0,2,3,2,1,1,4,1,2,2,1,6,4,1,6,6,5,6,6,6,NA,6,6,120,3,2,5,4,2,2,1,1,2,NA,"               "
"602",1,1988,27,1,NA,"MASKED BY ICPSR",1,2,4,2,2,NA,1,1,0,0,0,0,0,0,0,0,0,0,0,0,0,0,0,0,0,0,0,0,0,2,1,1,1,0,0,0,0,0,1,0,0,0,0,0,0,1,0,0,0,0,0,0,0,0,0,0,0,0,0,0,0,0,0,0,0,0,0,0,1,5,1,1,1,0,0,0,0,0,0,0,0,1,1,1,1,1,1,2,4,4,3,9,9,10,9,8,8,10,8,10,9,9,8,300,100,1,4,5,4,4,5,5,1,2,"MASKED BY ICPSR"
"603",1,1981,34,1,NA,"MASKED BY ICPSR",0,1,4,3,2,NA,2,1,1,1,0,1,0,0,0,0,0,0,0,0,0,0,0,0,1,0,1,0,1,4,0,0,0,0,0,0,0,0,0,0,0,0,0,0,0,0,0,0,0,0,0,0,0,0,0,0,0,0,0,0,0,0,0,0,0,0,0,0,NA,NA,3,0,0,0,0,0,0,0,0,0,0,1,1,3,4,4,1,1,4,3,1,10,9,2,5,4,5,2,2,2,2,1,1,214,5,2,4,3,2,2,1,2,2,NA,"               "
"604",1,1990,25,1,NA,"MASKED BY ICPSR",0,2,5,2,4,NA,2,1,1,0,0,1,0,1,0,0,0,1,0,0,0,0,0,0,1,0,1,0,1,4,0,0,0,0,0,0,0,0,0,0,0,0,0,0,0,0,0,0,0,0,0,0,0,0,0,0,0,0,0,0,0,0,0,0,0,0,0,0,NA,NA,2,1,0,0,1,0,0,0,0,1,0,3,1,2,3,4,4,2,3,4,2,10,10,8,7,8,3,1,1,5,1,7,3,326,2,1,4,4,2,3,2,4,2,NA,"               "
"605",1,1987,28,1,NA,"MASKED BY ICPSR",1,1,5,3,4,NA,4,1,1,1,0,0,0,1,0,0,0,1,0,0,0,0,0,0,0,0,0,0,1,3,1,1,0,1,0,0,0,0,1,0,0,0,0,0,0,0,0,1,0,0,0,0,0,0,0,0,0,0,0,0,0,0,0,0,0,0,0,0,2,3,3,0,0,0,0,0,0,0,0,0,0,2,1,2,1,2,3,1,2,2,1,6,5,4,7,6,5,4,3,4,5,4,3,50,10,3,5,4,3,2,3,4,2,NA,"               "
"606",2,1988,27,1,NA,"MASKED BY ICPSR",0,1,6,4,2,NA,1,1,1,0,0,0,0,0,0,0,0,0,0,0,0,0,1,0,1,0,0,0,1,4,0,0,0,0,0,0,0,0,0,0,0,0,0,0,0,0,0,0,0,0,0,0,0,0,0,0,0,0,0,0,0,0,0,0,0,0,0,0,NA,NA,1,0,0,0,0,0,0,0,0,0,0,2,3,2,1,1,4,1,3,3,1,9,5,5,2,5,2,2,2,4,6,2,2,500,5,4,4,4,2,4,2,2,2,NA,"               "
"607",2,1988,27,1,NA,"MASKED BY ICPSR",1,1,2,3,1,3,4,1,1,1,0,0,0,0,0,0,0,0,0,0,0,0,0,0,0,0,0,0,0,2,1,1,1,0,0,0,0,0,0,0,0,1,0,0,0,0,0,0,0,0,0,1,0,0,0,0,0,0,0,0,0,0,0,0,0,0,0,0,1,1,1,1,0,1,0,0,0,0,0,0,0,4,2,3,1,1,3,4,4,3,2,10,9,10,10,8,9,10,9,9,10,9,10,200,200,3,1,NA,NA,NA,NA,NA,1,3,"MASKED BY ICPSR"
"608",1,1989,26,1,NA,"MASKED BY ICPSR",1,4,1,2,1,1,2,1,1,1,0,1,0,0,0,0,0,0,0,0,0,0,0,0,0,0,0,0,1,4,0,0,0,0,0,0,0,0,0,0,0,0,0,0,0,0,0,0,0,0,0,0,0,0,0,0,0,0,0,0,0,0,0,0,0,0,0,0,NA,NA,1,0,0,0,0,0,0,0,0,0,0,1,1,4,3,1,2,1,3,3,2,10,6,10,10,8,6,8,5,10,8,4,8,156,2,2,5,4,5,4,4,5,2,NA,"MASKED BY ICPSR"
"609",2,1983,32,1,NA,"MASKED BY ICPSR",0,3,2,4,2,NA,1,1,0,0,0,0,0,0,0,0,0,0,0,0,0,0,0,0,0,0,0,0,1,4,1,1,0,1,0,0,0,0,1,0,0,0,0,0,0,0,0,0,0,0,0,0,0,0,0,0,1,0,0,0,0,0,0,0,0,0,0,0,3,3,3,0,0,0,0,0,0,0,0,0,0,3,3,2,2,2,4,1,3,3,2,7,5,1,3,5,1,4,3,1,8,5,5,40,5,1,5,5,1,1,1,1,2,NA,"               "
"610",1,1981,34,1,NA,"MASKED BY ICPSR",0,1,4,2,2,NA,1,0,0,1,1,1,0,0,0,0,0,0,0,0,0,0,0,0,0,0,0,0,1,4,0,0,0,0,0,0,0,0,0,0,0,0,0,0,0,0,0,0,0,0,0,0,0,0,0,0,0,0,0,0,0,0,0,0,0,0,0,0,NA,NA,2,0,0,0,0,0,0,0,0,0,0,1,3,2,2,3,3,3,3,3,4,10,10,7,10,10,8,8,8,5,10,10,10,7000,300,2,5,4,4,4,4,4,2,NA,"MASKED BY ICPSR"
"611",1,1985,30,1,NA,"MASKED BY ICPSR",0,2,1,4,4,NA,4,1,1,1,0,0,0,0,0,0,0,0,0,0,0,0,0,0,0,0,0,0,0,4,0,0,0,0,0,0,0,0,0,0,0,0,0,0,0,0,0,0,0,0,0,0,0,0,0,0,0,0,0,0,0,0,0,0,0,0,0,0,NA,NA,3,0,0,0,0,0,0,0,0,0,0,4,1,3,1,1,1,1,1,1,1,10,9,9,9,9,10,10,10,10,10,10,9,100,10,2,1,1,1,1,1,1,2,NA,"               "
"612",2,1985,30,1,NA,"MASKED BY ICPSR",1,1,1,2,4,NA,4,1,1,1,0,1,0,1,1,0,0,1,0,0,0,0,0,0,0,0,0,0,0,4,0,0,0,0,0,0,0,0,0,0,0,0,0,0,0,0,0,0,0,0,0,0,0,0,0,0,0,0,0,0,0,0,0,0,0,0,0,0,NA,NA,1,0,0,0,0,0,0,0,0,0,0,1,3,1,1,1,1,1,1,1,1,5,5,5,5,5,5,5,5,5,5,5,5,200,0,2,3,3,3,3,3,3,2,NA,"               "
"613",2,1988,27,1,NA,"MASKED BY ICPSR",1,1,1,3,2,NA,6,1,1,0,0,1,0,1,0,0,0,0,0,0,0,0,0,0,0,1,0,0,1,3,0,0,0,0,0,0,0,0,0,0,0,0,0,0,0,0,0,0,0,0,0,0,0,0,0,0,0,0,0,0,0,0,0,0,0,0,0,0,NA,NA,2,0,0,0,0,0,0,0,0,0,0,2,1,2,1,1,4,1,4,4,1,10,8,4,5,5,5,4,3,5,5,5,5,350,1,1,4,4,2,2,2,2,2,NA,"               "
"614",1,1980,35,1,NA,"MASKED BY ICPSR",0,1,1,5,3,NA,1,1,1,0,0,0,0,0,0,0,0,0,0,0,0,0,0,0,0,0,0,0,1,1,1,1,1,1,1,1,1,1,0,0,0,1,1,1,0,1,1,0,0,0,0,0,0,0,0,0,0,0,0,0,0,0,0,0,0,0,0,0,1,1,4,0,0,0,0,0,0,0,0,0,0,4,3,4,1,3,3,3,3,3,2,5,3,7,1,1,1,1,1,1,1,1,1,345,3,2,1,1,1,1,1,1,2,NA,"               "
"615",2,1991,24,1,NA,"MASKED BY ICPSR",0,1,4,3,5,NA,2,1,1,0,0,1,0,0,0,0,0,0,0,0,0,0,0,0,1,0,0,0,1,4,1,1,0,1,0,1,0,0,1,0,0,0,0,0,0,1,0,0,0,0,0,0,0,0,0,0,0,0,0,0,0,0,0,0,0,0,0,0,1,1,4,0,0,0,0,0,0,0,0,0,0,4,2,4,2,2,1,1,4,3,1,1,1,5,1,1,1,1,1,1,1,1,1,600,10,4,4,4,1,1,3,NA,2,NA,"MASKED BY ICPSR"
"616",1,1990,25,1,NA,"MASKED BY ICPSR",0,3,1,3,2,NA,1,1,1,1,0,0,0,1,0,0,0,0,0,0,0,0,0,0,0,0,0,0,1,3,1,1,0,1,0,0,0,0,1,0,1,0,0,0,0,1,1,0,0,0,0,0,0,0,0,0,0,0,0,0,0,0,0,0,0,0,0,0,3,2,3,0,0,0,0,0,0,0,0,0,0,3,2,3,3,3,2,3,2,2,1,4,6,5,6,7,6,6,5,7,9,5,6,950,5,2,5,5,1,3,1,4,1,3,"               "
"617",2,1993,22,1,NA,"MASKED BY ICPSR",1,3,4,3,1,3,3,1,1,0,0,0,0,0,0,0,0,0,0,0,0,0,0,0,0,0,0,0,1,4,0,1,1,0,0,0,0,0,1,1,0,0,0,0,0,1,0,0,0,0,0,0,0,0,0,0,0,0,0,0,0,0,0,0,0,0,0,0,3,3,2,0,0,0,0,0,0,0,0,0,0,2,3,3,3,4,3,1,2,3,2,8,1,1,5,5,4,5,4,8,7,5,5,150,6,2,5,5,2,3,5,6,2,NA,"               "
"618",1,1983,32,1,NA,"MASKED BY ICPSR",1,4,4,2,4,NA,1,1,1,0,0,1,0,0,0,0,0,0,0,0,0,0,0,0,0,0,0,0,1,4,1,1,1,1,0,1,1,0,1,1,0,0,0,0,0,1,0,0,0,0,0,0,0,0,0,0,0,0,0,0,0,0,0,0,0,0,0,0,3,3,3,0,0,0,0,0,0,0,0,0,0,3,3,3,2,2,3,1,3,3,1,6,6,7,7,6,6,7,8,9,8,6,8,10,3,2,5,4,2,3,6,3,2,NA,"MASKED BY ICPSR"
"619",1,1995,20,1,NA,"MASKED BY ICPSR",0,2,1,3,1,3,1,1,1,0,0,0,0,0,0,0,0,0,0,0,0,0,0,0,0,0,0,0,0,3,1,1,0,1,1,0,0,0,0,0,0,1,0,0,0,0,1,1,0,0,0,0,0,0,0,0,0,0,0,0,0,0,0,0,0,0,0,0,1,4,3,0,0,0,0,0,0,0,0,0,0,2,3,2,1,3,4,1,2,2,2,4,3,4,3,6,1,2,1,4,2,1,1,200,5,3,4,4,3,3,3,2,2,NA,"               "
"620",2,1980,35,1,NA,"MASKED BY ICPSR",0,1,2,3,1,2,2,1,0,0,0,0,0,0,0,0,0,0,0,0,0,0,0,0,0,0,0,0,0,2,1,1,1,0,0,0,0,0,1,0,0,0,0,0,0,1,0,0,0,0,0,0,0,0,0,0,0,0,0,0,0,0,0,0,0,0,0,0,3,1,NA,0,0,0,0,0,0,0,0,0,0,3,3,2,2,2,2,2,2,2,2,10,7,6,7,5,7,7,7,6,6,7,6,50,1,3,5,4,3,2,2,2,2,NA,"MASKED BY ICPSR"
"621",2,1990,25,1,NA,"MASKED BY ICPSR",0,1,4,2,4,NA,2,1,1,1,0,0,0,0,0,0,0,0,0,0,0,0,0,0,0,0,0,0,0,4,0,0,0,0,0,0,0,0,0,0,0,0,0,0,0,0,0,0,0,0,0,0,0,0,0,0,0,0,0,0,0,0,0,0,0,0,0,0,NA,NA,2,0,0,0,0,0,0,0,0,0,0,2,1,2,1,1,1,1,1,1,1,5,5,5,5,6,6,6,5,7,6,6,6,50,2,3,3,3,2,3,3,3,2,NA,"MASKED BY ICPSR"
"622",1,1981,34,1,NA,"MASKED BY ICPSR",1,2,4,2,3,NA,1,1,0,0,0,0,0,0,0,0,0,0,0,0,0,0,0,0,0,0,0,0,0,2,1,1,0,1,0,0,0,0,0,0,1,0,0,0,0,0,1,0,0,0,0,0,0,0,0,0,0,0,0,0,0,0,0,0,0,0,0,0,2,2,2,1,0,1,0,0,0,0,0,0,0,3,2,3,2,2,3,3,2,3,3,9,10,10,8,10,9,10,10,9,10,9,10,5,3,3,5,6,5,4,5,6,1,3,"MASKED BY ICPSR"
"623",2,1987,28,1,NA,"MASKED BY ICPSR",1,2,2,4,4,NA,1,1,1,0,0,1,0,1,0,0,0,0,0,0,1,1,0,0,1,0,0,0,1,4,1,1,1,1,1,1,1,1,0,0,0,0,0,1,0,0,0,0,0,0,0,0,0,0,0,0,0,1,1,0,0,0,0,0,0,0,0,0,1,1,4,1,0,0,0,0,1,0,1,1,0,4,3,4,3,3,3,1,2,3,1,2,3,4,5,7,2,5,2,4,4,1,1,70,3,2,5,4,1,1,1,1,2,NA,"               "
"624",2,1988,27,1,NA,"MASKED BY ICPSR",0,4,4,4,5,NA,1,1,1,0,0,1,0,1,0,0,0,0,0,0,0,0,0,0,1,1,0,0,1,4,1,1,1,1,1,0,0,0,1,0,1,1,0,0,0,1,0,0,0,0,0,0,0,0,0,0,0,0,0,0,0,0,0,0,0,0,0,1,1,3,3,0,0,0,0,0,0,0,0,0,0,3,3,3,1,1,4,1,2,2,1,5,4,7,4,7,5,3,3,2,6,3,6,148,7,2,5,3,1,4,3,4,2,NA,"               "
"625",1,1994,21,1,NA,"MASKED BY ICPSR",0,1,5,2,4,NA,3,1,1,0,0,0,0,0,0,0,0,0,0,0,0,0,0,0,0,0,0,0,1,4,0,0,0,0,0,0,0,0,0,0,0,0,0,0,0,0,0,0,0,0,0,0,0,0,0,0,0,0,0,0,0,0,0,0,0,0,0,0,NA,NA,3,0,0,0,0,0,0,0,0,0,0,3,1,3,1,1,1,1,1,1,1,10,10,10,3,6,3,2,1,4,2,1,3,200,2,4,3,2,1,1,1,1,2,NA,"MASKED BY ICPSR"
"626",1,1992,23,1,NA,"MASKED BY ICPSR",1,1,5,4,1,3,4,0,1,1,1,1,1,1,0,0,0,0,0,0,0,0,0,0,0,0,1,0,1,3,0,0,0,0,0,0,0,0,0,0,0,0,0,0,0,0,0,0,0,0,0,0,0,0,0,0,0,0,0,0,0,0,0,0,0,0,0,0,NA,NA,3,0,0,0,0,0,0,0,0,0,0,3,3,2,1,3,2,2,2,1,1,5,5,5,4,4,4,7,NA,4,1,5,9,1e+05,12,2,3,3,3,3,3,3,1,1,"               "
"627",1,1994,21,1,NA,"MASKED BY ICPSR",0,4,5,3,1,3,3,1,1,1,0,1,0,1,1,0,0,1,0,1,1,1,1,1,1,1,1,1,1,4,1,1,1,1,1,0,1,1,1,0,0,1,0,1,0,0,0,1,0,0,0,1,0,0,1,0,0,1,1,0,0,0,0,0,0,0,1,0,2,2,2,1,1,0,0,0,0,1,0,1,0,2,1,3,3,3,2,1,4,4,2,8,8,4,7,9,7,5,4,6,6,6,7,250,10,3,5,4,2,3,2,4,2,NA,"MASKED BY ICPSR"
"628",1,1995,20,1,NA,"MASKED BY ICPSR",0,2,1,3,1,3,1,1,1,1,0,0,0,0,0,0,0,0,0,0,0,0,0,0,0,0,0,0,1,3,1,1,1,0,0,0,1,1,1,0,1,1,0,0,0,0,1,1,0,0,0,0,0,0,0,0,0,0,0,0,0,0,0,0,0,0,0,1,1,2,3,1,0,0,0,0,0,0,0,0,1,2,2,2,1,2,4,1,2,2,2,4,7,2,3,3,1,1,1,1,1,1,1,86,3,2,4,4,1,2,1,1,1,2,"MASKED BY ICPSR"
"629",2,1994,21,1,NA,"MASKED BY ICPSR",0,3,5,3,2,NA,3,1,1,1,0,1,0,1,0,0,0,1,0,0,0,0,1,0,1,1,1,0,1,3,1,1,0,1,0,1,1,0,1,0,1,0,1,1,0,0,1,1,0,0,0,0,0,0,0,0,0,0,0,0,0,0,0,0,0,0,0,0,3,3,3,0,0,0,0,0,0,0,0,0,0,3,3,3,2,2,3,1,4,4,4,7,9,8,7,8,4,7,7,9,8,7,9,400,10,2,5,5,3,3,4,4,2,NA,"MASKED BY ICPSR"
"630",1,1996,19,1,NA,"MASKED BY ICPSR",0,1,5,2,2,NA,3,0,1,0,0,0,0,0,0,0,0,0,0,0,0,0,0,0,0,0,0,0,0,3,1,1,1,0,0,1,0,0,1,0,1,0,0,1,0,1,1,0,0,0,0,0,0,0,0,0,0,0,0,0,0,0,0,0,0,0,0,0,1,1,3,0,0,0,0,0,0,0,0,0,0,3,3,3,2,4,1,1,4,3,1,10,10,10,10,10,10,10,10,10,10,10,10,100,20,2,5,5,5,5,5,5,2,NA,"               "
"631",1,1979,36,1,NA,"MASKED BY ICPSR",0,1,1,4,2,NA,1,1,0,0,0,0,0,0,0,0,0,0,0,0,0,0,0,0,0,0,0,0,1,2,0,0,0,0,0,0,0,0,0,0,0,0,0,0,0,0,0,0,0,0,0,0,0,0,0,0,0,0,0,0,0,0,0,0,0,0,0,0,NA,NA,1,0,0,0,0,0,0,0,0,0,0,1,1,1,1,1,3,1,1,1,2,9,9,8,7,8,5,4,2,6,5,2,4,200,NA,2,4,4,2,3,3,3,2,NA,"MASKED BY ICPSR"
"632",2,1990,25,1,NA,"MASKED BY ICPSR",0,3,2,2,5,NA,1,1,1,1,0,1,0,1,0,0,0,1,0,0,0,0,0,1,0,1,0,0,1,3,1,1,1,1,1,1,1,1,1,1,1,0,0,1,0,0,0,0,0,0,0,0,0,0,1,0,0,0,0,0,0,0,0,0,0,0,0,0,1,2,4,0,0,0,0,0,0,0,0,0,0,4,2,4,1,1,3,1,4,2,1,7,4,7,3,3,4,3,3,4,3,1,1,63,2,1,4,4,1,1,1,1,2,NA,"MASKED BY ICPSR"
"633",2,1984,31,1,NA,"MASKED BY ICPSR",0,1,1,4,2,NA,1,1,1,1,0,1,0,0,0,0,0,0,0,0,0,0,0,0,0,0,1,0,1,4,1,1,0,1,1,1,0,0,1,1,0,0,0,0,0,1,0,1,0,0,0,0,0,0,0,0,0,0,0,0,0,0,0,0,0,0,0,0,2,2,3,0,0,0,0,0,0,0,0,0,0,3,1,3,1,1,1,1,1,1,2,8,8,7,1,3,5,3,3,4,4,5,5,NA,619,2,5,4,3,3,1,1,2,NA,"               "
"634",1,1994,21,1,NA,"MASKED BY ICPSR",0,2,1,2,2,NA,2,0,1,0,0,0,0,0,0,0,0,0,0,0,0,0,0,0,0,0,0,0,0,2,1,1,0,1,0,0,0,0,0,1,0,0,0,0,0,0,1,0,0,0,0,0,0,0,0,0,0,0,0,0,0,0,0,0,0,0,0,0,2,4,2,1,0,1,1,0,0,0,1,0,0,2,1,2,2,3,3,3,4,4,3,9,8,9,9,10,10,10,9,8,9,9,NA,20,3,2,5,6,5,6,6,5,1,2,"               "
"635",1,1995,20,1,NA,"MASKED BY ICPSR",0,2,1,3,1,3,1,1,1,1,0,0,0,1,0,0,0,1,0,0,1,0,1,1,0,1,1,1,1,4,1,1,1,1,1,1,1,1,1,0,1,1,1,1,0,1,0,1,0,0,0,0,0,0,1,0,0,0,1,0,0,0,0,0,0,0,0,0,1,1,3,1,1,0,1,1,0,0,1,0,0,3,3,2,2,3,4,1,3,4,3,6,3,2,5,3,3,4,3,6,5,3,4,265,10,2,5,5,4,4,3,4,2,NA,"               "
"636",2,1983,32,1,NA,"MASKED BY ICPSR",0,3,4,2,5,NA,1,1,0,0,0,0,0,0,0,0,0,0,0,0,0,0,0,0,0,0,0,0,0,3,0,0,0,0,0,0,0,0,0,0,0,0,0,0,0,0,0,0,0,0,0,0,0,0,0,0,0,0,0,0,0,0,0,0,0,0,0,0,NA,NA,2,0,0,0,0,0,0,0,0,0,0,2,2,2,2,2,2,2,2,2,2,8,7,6,6,7,6,6,7,7,4,6,6,150,5,3,4,4,3,3,2,2,2,NA,"               "
"637",1,1983,32,1,NA,"MASKED BY ICPSR",1,1,2,4,4,NA,1,1,1,0,0,0,0,0,0,0,0,0,0,0,0,0,0,0,0,1,1,0,0,2,1,0,0,0,0,0,0,0,0,0,0,0,0,0,0,0,0,0,0,0,0,0,0,0,0,0,0,0,0,0,0,0,0,0,0,0,0,0,NA,NA,2,1,0,0,0,1,1,0,0,0,0,3,1,2,2,2,1,2,2,2,1,6,7,7,7,8,6,6,7,7,6,6,7,59,54,2,4,4,3,4,4,3,1,1,"               "
"638",1,1990,25,1,NA,"MASKED BY ICPSR",1,5,5,2,4,NA,1,1,1,1,0,1,0,1,0,0,0,0,0,0,0,0,0,1,0,0,0,0,1,4,1,0,0,0,0,0,0,0,0,0,0,0,0,0,0,0,0,0,0,0,0,0,0,0,0,0,0,0,0,0,0,0,0,0,0,0,0,0,NA,NA,3,0,0,0,0,0,0,0,0,0,0,3,3,3,1,1,4,1,3,3,1,7,5,8,3,7,1,1,1,1,2,1,3,25,0,1,5,2,6,6,6,6,2,NA,"               "
"639",2,1986,29,1,NA,"MASKED BY ICPSR",0,3,4,4,5,NA,1,1,1,1,0,1,0,0,0,0,0,0,0,0,0,0,0,0,1,0,1,0,1,4,1,1,0,1,0,0,0,0,1,0,1,0,0,0,0,1,0,0,0,0,0,0,0,0,0,0,0,0,0,0,0,0,0,0,0,0,0,0,1,3,3,0,0,0,0,0,0,0,0,0,0,3,2,2,3,3,2,1,3,3,1,10,10,7,5,5,2,2,2,2,NA,4,4,150,4,1,5,5,1,3,1,1,2,NA,"               "
"640",2,1979,36,1,NA,"MASKED BY ICPSR",0,2,3,3,2,NA,1,1,1,0,0,0,0,1,0,0,0,0,0,0,0,0,0,0,0,0,0,0,1,4,0,0,0,0,0,0,0,0,0,0,0,0,0,0,0,0,0,0,0,0,0,0,0,0,0,0,0,0,0,0,0,0,0,0,0,0,0,0,NA,NA,1,0,0,0,0,0,0,0,0,0,0,3,2,2,2,2,4,1,2,2,1,3,3,5,3,6,3,5,5,5,5,5,5,100,0,2,3,3,3,3,3,3,2,NA,"               "
"641",1,1980,35,1,NA,"MASKED BY ICPSR",0,1,4,4,3,NA,1,1,0,1,0,0,0,0,0,0,0,0,0,0,0,0,0,0,0,0,0,0,0,4,1,1,1,0,1,1,0,0,1,0,1,0,1,1,0,1,1,1,0,1,0,0,0,0,0,0,0,0,0,0,0,0,0,0,0,0,0,0,1,1,3,1,1,1,1,0,0,1,1,0,0,4,1,4,4,4,4,4,3,4,3,9,9,9,7,7,8,9,9,9,7,7,8,103,5,4,4,4,5,5,5,5,1,1,"MASKED BY ICPSR"
"642",2,1981,34,1,NA,"MASKED BY ICPSR",0,3,6,4,4,NA,1,1,1,0,0,0,0,0,0,0,0,0,0,0,0,0,0,0,0,0,0,0,1,3,0,1,0,0,1,0,0,0,0,0,0,1,0,0,0,1,0,0,0,0,0,0,0,0,0,0,0,0,0,0,0,0,0,0,0,0,0,0,3,4,1,0,0,0,0,0,0,0,0,0,0,2,2,2,3,3,2,3,2,2,1,6,4,3,8,4,5,4,3,3,6,6,5,100,20,2,5,4,3,2,1,1,2,NA,"MASKED BY ICPSR"
"643",2,1992,23,1,NA,"MASKED BY ICPSR",0,2,4,3,5,NA,1,1,1,0,0,1,0,0,0,0,0,0,0,0,0,0,1,0,0,0,1,0,1,4,1,1,0,0,0,0,0,1,0,0,1,0,0,1,0,1,0,0,0,0,0,0,0,0,0,0,0,0,0,0,0,0,0,0,0,0,0,0,3,4,2,0,0,0,0,0,0,0,0,0,0,3,3,1,2,2,4,1,4,4,1,6,3,3,1,1,1,1,1,1,7,1,5,50,4,2,3,4,1,1,1,1,2,NA,"MASKED BY ICPSR"
"644",2,1982,33,1,NA,"MASKED BY ICPSR",0,3,4,3,5,NA,1,1,1,0,0,0,0,0,0,0,0,0,0,0,0,0,0,0,0,0,0,0,1,4,0,0,0,0,0,0,0,0,0,0,0,0,0,0,0,0,0,0,0,0,0,0,0,0,0,0,0,0,0,0,0,0,0,0,0,0,0,0,NA,NA,3,0,0,0,0,0,0,0,0,0,0,4,3,2,1,2,4,3,3,3,3,4,4,5,5,5,5,5,5,5,5,5,5,100,5,2,5,4,3,3,1,1,2,NA,"               "
"645",1,1982,33,1,NA,"MASKED BY ICPSR",0,2,4,3,2,NA,2,1,1,1,0,0,0,1,0,0,0,1,0,0,0,0,0,1,0,0,1,1,0,4,1,1,0,1,0,0,0,0,1,0,1,1,1,1,0,1,1,0,0,0,0,0,0,0,1,0,0,1,1,0,1,0,1,0,0,0,0,0,1,4,3,1,1,0,1,0,0,0,1,1,0,2,3,4,3,2,3,1,2,1,3,10,10,10,7,9,1,1,1,2,3,1,1,200,2,2,3,4,2,3,3,4,2,NA,"               "
"646",2,1989,26,1,NA,"MASKED BY ICPSR",0,2,2,2,4,NA,1,1,1,0,0,1,0,1,0,0,0,0,0,0,0,0,0,0,1,0,0,0,1,4,1,1,0,1,1,1,1,0,1,0,1,0,0,0,0,0,1,0,0,0,0,0,0,0,0,0,0,1,0,0,0,0,0,0,0,0,0,0,2,2,3,0,0,0,0,0,0,0,0,0,0,2,1,2,2,2,4,1,3,4,1,6,8,1,3,4,2,2,2,2,8,3,2,40,10,2,2,3,2,2,6,6,2,NA,"               "
"647",1,1990,25,1,NA,"MASKED BY ICPSR",0,1,4,4,2,NA,2,1,1,0,0,1,0,0,0,0,0,0,0,0,0,0,1,0,0,0,0,0,1,3,0,1,0,1,1,0,0,0,1,0,1,0,0,0,0,0,1,0,0,0,0,0,0,0,0,0,0,0,0,0,0,0,0,0,0,0,0,0,2,1,2,0,0,0,0,0,0,0,0,0,0,3,3,3,3,2,4,1,3,3,1,10,9,3,6,6,5,7,7,8,6,8,7,50,0,2,5,3,1,2,1,1,2,NA,"MASKED BY ICPSR"
"648",2,1989,26,1,NA,"MASKED BY ICPSR",1,4,5,4,4,NA,2,0,1,1,0,0,0,0,0,0,0,1,0,0,0,0,0,0,0,0,0,0,0,3,0,0,0,0,0,0,0,0,0,0,0,0,0,0,0,0,0,0,0,0,0,0,0,0,0,0,0,0,0,0,0,0,0,0,0,0,0,0,NA,NA,3,0,0,0,0,0,0,0,0,0,0,3,3,3,1,1,4,1,3,3,1,5,4,6,4,7,2,2,4,4,4,4,4,250,4,2,5,5,3,2,2,2,2,NA,"               "
"649",1,1994,21,1,NA,"MASKED BY ICPSR",0,5,5,3,1,3,1,1,1,1,0,1,0,1,0,0,0,1,0,0,0,1,0,1,1,0,1,1,1,4,1,1,0,1,1,1,1,0,1,0,1,0,0,1,0,1,0,1,0,0,0,0,0,0,0,0,0,0,0,0,0,1,0,0,0,0,1,0,3,3,3,0,0,0,0,0,0,0,0,0,0,2,2,2,3,2,3,1,2,2,1,7,8,9,5,7,6,3,2,2,2,1,1,483,5,2,3,5,1,1,1,5,2,NA,"               "
"650",1,1992,23,1,NA,"MASKED BY ICPSR",1,2,5,3,1,3,1,1,1,0,0,0,0,0,0,0,0,0,0,0,0,0,0,0,0,0,0,0,1,2,1,1,0,1,0,0,0,0,1,0,1,1,1,1,0,1,1,1,1,1,1,1,1,1,1,1,1,1,1,1,1,1,1,1,1,1,1,1,1,5,4,1,1,0,0,0,0,0,0,0,0,3,3,3,4,4,3,1,3,3,1,10,10,1,5,5,5,1,1,1,1,5,5,0,5,1,5,5,1,1,1,5,1,3,"               "
"651",2,1990,25,1,NA,"MASKED BY ICPSR",0,5,5,4,2,NA,1,1,1,1,0,0,0,0,0,0,0,0,0,0,0,0,0,0,0,0,0,0,1,3,1,1,0,0,0,0,1,0,1,0,1,0,0,0,0,1,0,0,0,0,0,0,0,0,0,0,0,0,0,0,0,0,0,0,0,0,0,0,3,1,3,0,0,0,0,0,0,0,0,0,0,4,3,3,3,3,3,3,4,3,3,7,6,3,7,9,2,5,7,5,7,8,6,300,4,2,5,5,2,3,5,3,2,NA,"               "
"652",1,1986,29,1,NA,"MASKED BY ICPSR",0,1,4,3,2,NA,1,1,1,1,0,1,0,0,1,0,1,0,0,0,0,0,1,0,1,1,1,0,1,3,0,0,0,0,0,0,0,0,0,0,0,0,0,0,0,0,0,0,0,0,0,0,0,0,0,0,0,0,0,0,0,0,0,0,0,0,0,0,NA,NA,1,0,0,0,0,0,0,0,0,0,0,1,1,1,1,4,4,1,3,4,1,10,10,10,10,10,10,10,9,10,10,10,10,100,2,3,5,5,5,5,2,5,2,NA,"MASKED BY ICPSR"
"653",2,1987,28,1,NA,"MASKED BY ICPSR",0,5,4,3,2,NA,1,1,1,1,0,0,0,1,0,0,0,0,0,0,0,0,0,1,0,0,0,0,0,4,1,1,0,1,1,1,0,0,1,0,1,0,1,1,0,1,0,0,0,0,0,0,0,0,0,0,0,0,0,0,0,0,0,0,0,0,0,0,1,3,4,0,0,0,0,0,0,0,0,0,0,3,3,3,2,3,4,1,4,4,3,5,4,7,5,6,4,2,1,1,8,3,6,411,10,2,5,4,1,4,1,1,2,NA,"               "
"654",1,1985,30,1,NA,"MASKED BY ICPSR",1,1,4,5,4,NA,1,1,1,0,0,0,0,0,0,0,0,0,0,0,0,0,0,0,0,0,0,0,0,2,1,1,0,1,0,0,0,0,1,0,0,0,0,0,0,1,1,0,0,0,0,0,0,0,0,0,0,0,0,0,0,0,0,0,0,0,0,0,1,1,3,1,1,0,0,0,0,0,0,0,0,3,1,3,3,3,3,3,3,3,3,9,8,8,8,7,8,8,7,8,7,8,7,300,300,2,5,4,3,4,5,4,1,2,"MASKED BY ICPSR"
"655",2,1990,25,1,NA,"MASKED BY ICPSR",0,4,5,3,4,NA,2,1,1,1,0,0,0,1,0,0,0,0,0,0,0,0,0,0,1,0,0,0,1,3,1,0,0,0,0,0,0,0,0,0,0,0,0,0,0,0,0,0,0,0,0,0,0,0,0,0,0,0,0,0,0,0,0,0,0,0,0,0,NA,NA,3,0,0,0,0,0,0,0,0,0,0,2,3,3,2,2,3,1,2,2,1,8,7,4,5,2,2,1,2,2,3,2,3,123,10,1,5,5,2,2,5,2,1,4,"MASKED BY ICPSR"
"656",2,1987,28,1,NA,"MASKED BY ICPSR",0,3,2,2,3,NA,1,1,1,1,0,0,0,1,0,0,0,0,0,0,0,0,0,0,0,0,0,0,1,2,0,0,0,0,0,0,0,0,0,0,0,0,0,0,0,0,0,0,0,0,0,0,0,0,0,0,0,0,0,0,0,0,0,0,0,0,0,0,NA,NA,3,0,0,0,0,0,0,0,0,0,0,3,3,3,3,2,1,1,4,2,2,6,5,5,6,6,5,5,6,6,6,5,5,100,0,3,3,3,3,3,3,3,2,NA,"MASKED BY ICPSR"
"657",2,1986,29,1,NA,"MASKED BY ICPSR",0,2,2,4,2,NA,3,1,0,0,0,1,0,0,0,0,0,0,0,0,0,0,0,0,0,0,0,0,1,4,1,0,0,0,0,0,0,0,0,0,0,0,0,0,0,0,0,0,0,0,0,0,0,0,0,0,0,0,0,0,0,0,0,0,0,0,0,0,NA,NA,3,1,0,0,0,0,0,0,0,1,0,4,1,2,2,2,3,1,4,4,1,7,6,7,6,7,1,5,5,6,7,5,6,110,3,1,5,4,2,3,1,1,2,NA,"               "
"658",1,1985,30,1,NA,"MASKED BY ICPSR",0,4,4,4,2,NA,4,1,1,1,0,0,0,1,0,0,0,0,0,0,0,0,0,0,1,0,0,0,1,2,1,0,0,0,0,0,0,0,0,0,0,0,0,0,0,0,0,0,0,0,0,0,0,0,0,0,0,0,0,0,0,0,0,0,0,0,0,0,NA,NA,2,0,0,0,0,0,0,0,0,0,0,3,2,2,1,3,3,1,2,3,1,8,10,5,8,9,3,8,9,10,3,6,3,1200,10,2,5,5,3,3,6,6,2,NA,"MASKED BY ICPSR"
"659",2,1983,32,1,NA,"MASKED BY ICPSR",0,3,3,4,2,NA,1,1,1,0,0,1,0,1,0,0,0,0,0,0,0,0,0,0,0,0,0,0,1,3,1,1,1,1,1,1,1,0,1,1,1,1,1,1,0,1,1,0,1,0,0,0,0,0,0,0,0,0,0,0,0,0,0,0,1,0,0,1,1,3,4,0,0,0,0,0,0,0,0,0,0,3,3,2,2,2,2,1,3,4,1,3,3,5,1,5,1,1,1,1,5,5,5,380,25,2,4,2,1,1,3,1,1,4,"MASKED BY ICPSR"
"660",1,1990,25,1,NA,"MASKED BY ICPSR",1,1,1,3,1,3,2,1,0,1,1,1,0,0,1,0,0,1,0,0,0,0,0,0,0,0,1,0,0,4,1,1,1,0,1,1,1,0,0,0,0,1,1,1,0,1,1,0,1,0,0,1,0,1,1,1,0,0,0,0,0,0,0,0,1,0,1,0,2,3,4,1,0,1,0,1,1,0,0,1,0,3,1,4,3,4,4,3,3,3,3,9,9,8,10,8,10,9,8,10,10,9,9,5,10,4,4,3,5,4,5,5,1,2,"MASKED BY ICPSR"
"661",2,1990,25,1,NA,"MASKED BY ICPSR",0,1,5,3,1,3,1,1,1,0,0,0,0,1,0,0,0,1,0,0,0,0,1,0,1,1,1,0,1,4,1,1,1,1,0,1,1,1,1,1,0,1,0,0,0,0,0,0,0,0,0,0,0,0,1,0,0,0,0,0,0,0,0,0,0,0,0,0,3,3,3,0,0,0,0,0,0,0,0,0,0,2,3,2,2,3,4,1,2,4,2,10,4,7,5,5,3,1,1,5,1,1,1,329,5,4,3,3,1,3,1,1,2,NA,"               "
"662",1,1982,33,1,NA,"MASKED BY ICPSR",0,4,4,4,2,NA,1,1,0,0,0,0,0,0,0,0,0,0,0,0,0,0,0,0,0,0,0,0,0,3,0,0,0,0,0,0,0,0,0,0,0,0,0,0,0,0,0,0,0,0,0,0,0,0,0,0,0,0,0,0,0,0,0,0,0,0,0,0,NA,NA,3,0,0,0,0,0,0,0,0,0,0,2,1,2,2,2,2,1,1,1,1,8,6,5,4,5,4,5,3,2,4,4,4,250,5,1,5,4,2,3,6,6,2,NA,"               "
"663",2,1996,19,1,NA,"MASKED BY ICPSR",0,3,5,2,3,NA,5,1,1,1,0,1,0,1,0,0,0,1,0,0,0,0,0,0,1,1,0,0,1,3,1,1,0,1,0,0,0,0,1,0,0,0,0,0,0,1,0,1,0,0,0,0,0,0,0,0,0,0,0,0,0,0,0,0,0,0,0,0,1,2,3,1,1,0,0,0,0,0,0,0,0,3,3,3,3,4,3,1,4,4,1,1,5,6,7,6,3,1,1,8,1,2,6,600,2,4,4,5,2,3,1,3,2,NA,"MASKED BY ICPSR"
"664",NA,1993,22,1,NA,"MASKED BY ICPSR",1,4,5,3,1,3,4,1,1,0,0,0,0,0,0,0,0,0,0,0,1,0,0,1,0,0,1,0,1,4,0,0,0,0,0,0,0,0,0,0,0,0,0,0,0,0,0,0,0,0,0,0,0,0,0,0,0,0,0,0,0,0,0,0,0,0,0,0,NA,NA,2,0,0,0,0,0,0,0,0,0,0,3,3,2,1,2,4,1,4,3,2,4,5,7,1,5,1,6,6,8,10,4,4,60,3,3,5,5,4,3,4,4,2,NA,"               "
"665",1,1985,30,1,NA,"MASKED BY ICPSR",0,4,5,3,4,NA,1,1,1,1,0,1,0,1,0,0,0,0,0,0,0,0,0,0,0,0,0,0,1,4,0,0,0,0,0,0,0,0,0,0,0,0,0,0,0,0,0,0,0,0,0,0,0,0,0,0,0,0,0,0,0,0,0,0,0,0,0,0,NA,NA,2,0,0,0,0,0,0,0,0,0,0,3,3,2,2,2,2,2,2,2,2,6,6,6,6,7,6,5,5,6,6,6,5,120,15,2,4,5,5,4,3,3,2,NA,"               "
"666",2,1983,32,1,NA,"MASKED BY ICPSR",1,5,4,4,3,NA,1,1,0,0,0,0,0,0,0,0,0,0,0,0,0,0,0,0,0,0,0,0,1,3,1,1,0,0,1,0,0,0,1,0,0,1,1,0,0,1,0,0,0,0,0,0,0,0,0,0,0,0,0,0,0,0,0,0,0,0,0,0,3,3,3,0,0,0,0,0,0,0,0,0,0,3,3,3,3,2,3,1,2,3,3,6,5,3,4,6,4,6,6,3,4,5,5,75,15,3,5,4,3,3,3,3,2,NA,"MASKED BY ICPSR"
"667",1,1995,20,1,NA,"MASKED BY ICPSR",1,1,6,2,1,3,1,1,1,1,0,1,0,1,0,0,0,1,0,0,0,0,0,0,0,0,0,0,1,4,1,1,1,1,1,0,1,1,1,0,1,0,0,1,0,0,1,0,0,0,0,0,0,0,1,0,0,0,0,0,0,0,0,0,0,0,0,0,1,2,4,0,0,0,0,0,0,0,0,0,0,4,3,4,2,2,3,1,3,3,1,2,3,10,5,5,7,5,5,7,3,3,3,25,1,3,3,4,1,4,1,1,2,NA,"               "
"668",2,1986,29,1,NA,"MASKED BY ICPSR",0,3,4,4,5,NA,1,1,1,0,0,1,0,1,0,0,0,0,0,0,0,0,0,0,1,0,0,0,1,3,1,1,1,1,1,1,1,1,1,0,0,0,0,0,0,1,0,0,0,0,0,0,0,0,0,0,0,0,0,0,0,0,0,0,0,0,0,0,3,2,3,0,0,0,0,0,0,0,0,0,0,3,1,2,1,1,4,1,4,4,1,7,5,4,4,7,1,1,1,1,5,2,5,150,5,2,5,5,2,6,6,3,2,NA,"               "
"669",2,1981,34,1,NA,"MASKED BY ICPSR",0,2,6,4,2,NA,1,1,1,1,0,1,0,1,0,0,0,0,0,0,0,0,1,0,1,1,1,0,1,4,1,1,0,1,0,1,0,0,0,0,0,1,1,0,0,0,0,0,0,0,0,0,0,0,0,0,0,0,0,0,0,0,0,1,0,0,0,0,1,3,4,0,0,0,0,0,0,0,0,0,0,2,3,3,1,1,4,1,3,3,1,6,1,7,3,7,1,1,1,1,3,1,2,225,5,1,4,4,1,2,3,6,1,3,"               "
"670",2,1982,33,1,NA,"MASKED BY ICPSR",0,NA,2,4,2,NA,2,1,0,1,0,1,0,0,0,0,0,0,0,0,0,0,0,0,0,1,1,0,1,3,1,1,0,1,0,0,0,0,0,0,1,1,0,0,0,1,1,0,0,0,0,0,0,0,0,1,0,0,0,0,0,0,0,0,0,0,0,0,1,4,3,1,0,0,0,0,1,0,0,0,0,2,2,2,2,3,2,3,3,2,3,6,7,6,6,7,6,5,6,7,8,7,8,286,2,2,3,4,5,6,5,4,2,NA,"               "
"671",2,1984,31,1,NA,"MASKED BY ICPSR",0,1,4,5,1,3,1,1,1,1,0,1,0,1,0,0,1,1,1,1,1,1,1,1,1,1,1,1,1,4,1,1,1,0,0,0,0,0,1,1,1,1,1,1,0,1,1,1,1,0,0,0,0,0,0,0,0,0,0,0,0,1,1,0,0,0,0,1,1,1,4,0,0,0,0,0,0,0,0,0,0,3,3,2,2,3,3,3,3,2,2,7,7,7,7,7,7,7,7,2,3,3,3,200,3,1,1,3,1,5,6,5,2,NA,"               "
"672",1,1990,25,1,NA,"MASKED BY ICPSR",0,4,1,4,2,NA,1,1,1,1,0,1,0,1,0,0,0,0,1,0,0,0,0,1,0,0,1,0,1,4,1,1,0,0,1,0,1,0,1,0,0,1,0,0,0,1,0,1,0,0,0,0,0,0,0,0,0,1,0,0,0,0,0,0,0,0,0,0,2,2,3,0,0,0,0,0,0,0,0,0,0,3,1,3,2,2,2,1,3,2,1,7,8,8,6,8,6,7,3,5,4,2,2,300,10,2,4,4,2,3,6,2,2,NA,"MASKED BY ICPSR"
"673",2,1980,35,1,NA,"MASKED BY ICPSR",1,3,4,3,2,NA,3,1,1,1,0,1,0,1,0,0,0,0,0,0,0,0,1,0,1,0,1,0,1,4,1,1,0,1,0,0,0,0,1,0,0,0,0,0,0,1,0,0,0,0,0,0,0,0,0,0,0,0,0,0,0,0,0,0,0,0,0,0,3,3,1,0,0,0,0,0,0,0,0,0,0,3,2,3,3,3,3,3,3,3,3,8,9,8,9,8,9,9,8,9,9,8,9,56,12,2,5,5,4,5,5,4,2,NA,"MASKED BY ICPSR"
"674",2,1990,25,1,NA,"MASKED BY ICPSR",0,4,6,3,4,NA,1,1,1,1,0,1,0,1,0,0,0,1,0,0,0,0,0,1,0,0,1,0,1,3,1,1,0,0,1,0,0,0,0,0,0,0,0,1,0,0,0,1,0,0,0,0,0,0,1,0,0,0,0,0,0,0,0,0,0,0,0,0,1,3,2,1,0,0,0,0,0,0,0,1,0,2,1,3,2,3,3,1,4,3,2,3,6,8,4,6,5,3,2,5,3,2,3,225,12,1,5,3,1,4,6,4,2,NA,"MASKED BY ICPSR"
"675",2,1988,27,1,NA,"MASKED BY ICPSR",1,1,4,4,2,NA,4,1,1,1,0,1,0,1,0,0,0,0,0,0,0,0,0,0,0,0,0,0,0,3,1,1,1,0,0,0,0,0,0,0,1,0,0,0,0,0,1,0,0,0,0,0,0,0,0,0,0,0,0,0,0,0,0,0,0,0,0,0,2,2,3,0,0,0,0,0,0,0,0,0,0,2,2,1,3,2,1,1,1,1,1,8,9,9,10,9,9,8,9,9,10,10,10,345,20,2,5,6,6,5,5,6,2,NA,"MASKED BY ICPSR"
"676",2,1979,36,1,NA,"MASKED BY ICPSR",0,3,4,4,5,NA,6,1,1,0,0,0,0,1,0,0,0,0,0,0,0,0,0,0,0,0,0,0,1,2,0,0,0,0,0,0,0,0,0,0,0,0,0,0,0,0,0,0,0,0,0,0,0,0,0,0,0,0,0,0,0,0,0,0,0,0,0,0,NA,NA,2,0,0,0,0,0,0,0,0,0,0,2,1,2,1,1,4,1,1,1,1,8,6,9,1,5,5,9,9,10,10,9,9,46,6,2,4,3,1,3,1,6,2,NA,"MASKED BY ICPSR"
"677",1,1993,22,1,NA,"MASKED BY ICPSR",0,3,5,2,3,NA,1,1,1,0,0,0,0,0,0,0,0,1,0,0,0,0,0,0,0,0,0,0,0,4,1,1,0,1,0,0,0,0,1,1,0,0,0,1,0,1,0,1,0,0,0,0,0,0,0,0,0,0,0,0,0,0,0,0,0,0,0,0,2,4,3,1,0,0,0,0,0,1,0,0,0,3,1,3,3,4,2,1,4,3,2,9,9,5,7,8,7,6,4,4,6,6,4,50,30,3,5,5,2,4,1,3,1,2,"               "
"678",2,1982,33,1,NA,"MASKED BY ICPSR",0,2,1,4,2,NA,1,1,1,0,0,0,0,0,0,0,0,0,0,0,0,0,0,0,0,0,0,0,1,2,0,1,0,0,1,1,0,0,1,0,0,1,0,0,0,1,0,0,0,0,0,0,0,0,0,0,0,0,0,0,0,0,0,0,0,0,0,0,3,2,3,0,0,0,0,0,0,0,0,0,0,3,3,3,3,3,4,1,3,3,2,10,6,7,5,7,2,1,1,1,5,6,7,100,5,1,5,4,2,1,1,4,2,NA,"MASKED BY ICPSR"
"679",2,1996,19,1,NA,"MASKED BY ICPSR",0,2,6,2,1,3,3,1,1,1,0,0,0,1,0,0,0,1,0,0,0,0,0,0,1,0,1,0,1,4,1,1,0,1,0,0,1,1,1,0,1,0,0,1,0,1,0,1,0,0,0,0,0,0,0,0,0,0,0,0,0,0,0,0,0,0,0,0,1,2,3,0,0,0,0,0,0,0,0,0,0,2,1,2,1,1,4,1,3,3,2,3,3,5,4,8,1,6,6,8,8,3,8,652,7,2,5,5,4,3,1,4,2,NA,"               "
"680",1,1985,30,1,NA,"MASKED BY ICPSR",1,1,1,5,2,NA,3,1,1,1,1,1,0,0,0,0,1,0,0,1,0,1,0,0,0,0,1,0,0,4,1,1,1,1,1,1,0,0,1,1,1,0,0,0,0,1,1,0,1,1,1,0,0,1,0,0,1,0,0,0,0,0,0,1,1,0,0,1,3,1,4,1,1,1,1,0,1,0,1,0,0,3,2,4,4,4,4,4,4,3,4,8,9,10,7,7,7,8,8,9,9,9,10,44,4,1,5,5,5,4,4,4,2,NA,"MASKED BY ICPSR"
"681",1,1984,31,1,NA,"MASKED BY ICPSR",0,1,4,3,2,NA,1,1,1,1,0,0,0,1,0,0,0,0,0,1,1,0,1,0,0,1,1,0,1,3,0,0,0,0,0,0,0,0,0,0,0,0,0,0,0,0,0,0,0,0,0,0,0,0,0,0,0,0,0,0,0,0,0,0,0,0,0,0,NA,NA,2,0,0,0,0,0,0,0,0,0,0,3,3,2,3,3,2,2,3,3,2,7,6,6,6,6,6,7,7,7,7,6,6,80,4,2,4,3,3,3,3,3,2,NA,"               "
"682",2,1984,31,1,NA,"MASKED BY ICPSR",1,4,4,3,3,NA,1,1,1,1,0,0,0,0,0,0,0,0,0,0,0,0,0,0,0,0,0,0,0,4,NA,1,1,1,0,0,0,0,0,0,0,1,0,0,0,1,1,1,0,0,0,0,0,0,0,0,0,0,0,0,0,0,0,0,0,0,0,0,1,3,3,1,0,1,0,0,0,0,0,0,0,4,1,4,4,4,4,4,4,4,4,10,10,9,10,10,9,9,10,10,9,9,10,599,50,4,5,5,4,4,5,5,2,NA,"MASKED BY ICPSR"
"683",2,1992,23,1,NA,"MASKED BY ICPSR",0,3,5,3,1,3,2,1,1,1,0,0,0,0,0,0,0,0,0,0,0,0,0,0,0,0,0,0,1,3,0,0,0,0,0,0,0,0,0,0,0,0,0,0,0,0,0,0,0,0,0,0,0,0,0,0,0,0,0,0,0,0,0,0,0,0,0,0,NA,NA,2,0,0,0,0,0,0,0,0,0,0,3,3,4,3,3,3,3,3,3,2,6,7,7,5,5,5,5,5,5,5,5,5,400,15,3,5,3,2,2,2,2,2,NA,"               "
"684",2,1983,32,1,NA,"MASKED BY ICPSR",1,1,4,3,5,NA,3,1,1,1,0,0,0,0,0,0,0,0,0,0,0,0,0,0,1,1,0,0,1,4,1,1,0,1,0,1,0,0,1,1,0,0,0,0,0,1,0,0,0,0,0,0,0,0,0,0,0,0,0,0,0,0,0,0,0,0,0,0,1,2,3,0,0,0,0,0,0,0,0,0,0,3,3,3,1,1,4,1,3,3,3,5,5,4,5,5,3,3,1,1,3,3,6,60,2,4,5,4,2,NA,NA,NA,2,NA,"               "
"685",2,1989,26,1,NA,"MASKED BY ICPSR",0,2,4,2,5,NA,1,1,1,1,0,0,0,0,0,0,0,0,0,0,0,0,1,0,1,0,0,0,1,4,1,1,0,1,0,0,0,0,1,0,1,1,0,0,0,1,0,0,0,0,0,0,0,0,0,0,0,0,0,0,0,0,0,0,0,0,0,0,2,2,4,0,0,0,0,0,0,0,0,0,0,4,3,2,2,2,4,1,4,4,1,6,9,1,1,1,1,1,1,1,1,1,1,200,3,2,5,4,1,1,1,1,2,NA,"MASKED BY ICPSR"
"686",2,1986,29,1,NA,".              ",0,3,2,NA,2,NA,1,1,1,1,0,1,0,1,0,1,0,1,0,1,0,0,1,1,1,1,1,0,1,4,0,0,0,0,0,0,0,0,0,0,0,0,0,0,0,0,0,0,0,0,0,0,0,0,0,0,0,0,0,0,0,0,0,0,0,0,0,0,NA,NA,3,0,0,0,0,0,0,0,0,0,0,3,3,3,3,3,1,1,3,3,1,5,10,1,5,8,1,5,5,5,6,5,5,350,15,3,5,5,3,4,5,3,2,NA,"MASKED BY ICPSR"
"687",2,1984,31,1,NA,".              ",0,2,5,4,3,NA,1,1,1,0,0,0,0,0,0,0,0,0,0,0,0,0,0,0,0,0,0,0,0,NA,0,0,0,0,0,0,0,0,0,0,0,0,0,0,0,0,0,0,0,0,0,0,0,0,0,0,0,0,0,0,0,0,0,0,0,0,0,0,NA,NA,1,0,0,0,0,0,0,0,0,0,0,2,3,3,2,1,4,1,1,2,2,5,1,10,7,10,5,2,1,1,10,7,6,200,15,2,4,5,6,6,6,6,2,NA,"               "
"688",1,1984,31,1,NA,"MASKED BY ICPSR",1,1,2,5,2,NA,1,1,0,1,0,0,0,0,0,0,0,0,0,0,0,0,0,0,0,0,0,0,0,4,1,1,0,1,0,0,0,0,0,0,0,1,0,0,0,1,1,1,0,0,0,0,0,0,0,0,0,0,0,0,0,0,0,0,0,0,0,0,2,1,4,1,1,0,0,0,0,0,0,0,0,4,1,3,3,3,2,2,2,3,3,7,8,9,7,8,7,8,6,7,8,7,8,35,35,3,4,5,4,4,4,4,2,NA,"MASKED BY ICPSR"
"689",2,1983,32,1,NA,"MASKED BY ICPSR",0,4,4,4,5,NA,1,1,1,0,0,1,0,1,0,0,0,0,0,0,0,0,0,0,1,1,1,0,1,3,0,0,0,0,0,0,0,0,0,0,0,0,0,0,0,0,0,0,0,0,0,0,0,0,0,0,0,0,0,0,0,0,0,0,0,0,0,0,NA,NA,3,0,0,0,0,0,0,0,0,0,0,2,1,2,1,1,4,1,4,4,2,8,5,5,6,6,1,1,1,6,8,8,8,350,20,1,5,5,3,1,1,1,2,NA,"               "
"690",2,1986,29,1,NA,"MASKED BY ICPSR",1,1,6,4,2,NA,4,1,1,1,0,1,0,1,0,0,0,0,0,0,1,0,1,0,1,1,1,0,1,4,0,0,0,0,0,0,0,0,0,0,0,0,0,0,0,0,0,0,0,0,0,0,0,0,0,0,0,0,0,0,0,0,0,0,0,0,0,0,NA,NA,3,0,0,0,0,0,0,0,0,0,0,2,1,2,1,2,4,1,2,4,1,8,5,5,5,5,5,5,5,5,5,NA,5,286,20,2,3,4,2,3,6,6,2,NA,"               "
"691",2,1993,22,1,NA,"MASKED BY ICPSR",1,1,4,3,3,NA,1,1,1,0,0,0,0,1,0,0,0,0,0,0,0,0,0,0,0,0,0,0,0,4,0,0,0,0,0,0,0,0,0,0,0,0,0,0,0,0,0,0,0,0,0,0,0,0,0,0,0,0,0,0,0,0,0,0,0,0,0,0,NA,NA,2,0,0,0,0,0,0,0,0,0,0,4,1,3,3,4,4,2,2,4,3,10,9,10,10,10,9,9,10,10,10,10,10,200,5,2,5,5,4,4,4,4,2,NA,"MASKED BY ICPSR"
"692",2,1995,20,1,NA,"MASKED BY ICPSR",0,1,6,2,1,3,4,1,1,1,0,0,0,1,0,0,0,1,0,0,0,0,0,0,1,1,1,0,1,4,1,1,1,1,0,0,1,0,1,0,1,1,0,0,0,0,1,1,0,0,0,0,0,0,1,0,0,0,0,0,0,0,0,0,0,0,0,0,1,3,3,0,0,0,0,0,0,0,0,0,0,3,1,3,2,3,2,1,2,2,1,7,7,9,7,7,7,7,7,7,7,7,7,200,5,1,5,5,3,6,6,6,2,NA,"MASKED BY ICPSR"
"693",2,1988,27,1,NA,"MASKED BY ICPSR",0,2,6,4,2,NA,1,1,1,0,0,1,0,1,0,0,0,1,0,0,0,0,1,0,1,1,1,0,1,2,1,1,1,1,1,1,1,1,1,1,0,1,1,0,0,1,1,0,0,0,1,0,0,0,0,0,0,0,0,0,0,0,0,1,0,0,0,0,1,3,3,0,0,0,0,0,0,0,0,0,0,3,3,2,2,3,3,1,2,4,1,8,7,4,6,4,2,1,1,6,4,3,3,1000,20,2,4,5,3,3,6,6,2,NA,"               "
"694",1,1995,20,1,NA,"MASKED BY ICPSR",1,4,5,3,1,3,4,1,1,0,0,0,0,1,0,0,0,0,0,0,0,0,0,0,0,0,1,0,1,3,1,1,0,1,0,1,1,0,1,1,1,1,0,1,0,1,1,0,0,0,0,0,0,0,0,0,0,0,0,0,0,0,0,0,0,0,0,0,1,5,3,1,0,1,0,1,0,0,0,0,0,3,1,2,2,3,4,1,2,2,1,8,8,4,7,9,5,4,3,3,3,3,3,700,100,2,5,5,2,1,5,5,2,NA,"MASKED BY ICPSR"
"695",2,1995,20,1,NA,"MASKED BY ICPSR",0,1,5,3,1,3,1,1,1,1,0,0,0,1,0,0,0,0,0,0,0,0,0,0,0,0,0,0,1,3,1,1,0,1,0,0,1,0,1,0,1,0,0,0,0,1,0,1,0,0,0,0,0,0,0,0,0,0,0,0,0,0,0,0,0,0,0,0,1,3,3,0,0,0,0,0,0,0,0,0,0,4,3,3,2,2,3,1,4,4,1,5,8,9,5,4,1,1,1,1,3,1,2,300,5,1,5,5,2,2,4,3,2,NA,"               "
"696",1,1992,23,1,NA,"MASKED BY ICPSR",0,4,1,3,2,NA,2,1,1,0,0,0,0,0,0,0,0,0,0,0,0,0,0,0,0,0,0,0,0,1,0,0,0,0,0,0,0,0,0,0,0,0,0,0,0,0,0,0,0,0,0,0,0,0,0,0,0,0,0,0,0,0,0,0,0,0,0,0,NA,NA,1,0,0,0,0,0,0,0,0,0,0,4,1,1,1,2,1,1,1,4,4,10,10,10,10,10,10,10,10,1,1,1,1,10,1,1,6,6,6,6,1,1,1,3,"               "
"697",2,1983,32,1,NA,"MASKED BY ICPSR",0,4,4,4,5,NA,1,1,1,1,0,1,0,0,0,0,0,0,0,1,0,0,1,1,0,0,1,0,1,3,1,1,0,0,1,0,0,0,1,1,0,1,0,0,0,1,0,1,0,0,0,0,0,0,0,0,1,0,0,0,0,0,0,0,0,0,0,0,2,1,3,0,0,0,0,0,0,0,0,0,0,4,3,4,2,3,3,1,2,2,1,6,8,6,8,8,6,6,3,3,6,6,6,258,5,2,3,5,2,5,5,5,2,NA,"MASKED BY ICPSR"
"698",2,1994,21,1,NA,"MASKED BY ICPSR",1,3,5,3,3,NA,1,1,1,1,0,1,0,1,0,0,0,0,0,0,0,0,0,1,1,0,1,0,1,3,1,1,0,1,1,1,1,1,1,0,1,0,1,0,0,1,1,1,0,0,0,0,0,0,0,0,0,0,0,0,0,0,0,0,0,0,0,0,1,3,3,0,0,0,0,0,0,0,0,0,0,3,3,3,2,2,3,1,3,3,3,5,2,8,2,6,4,5,5,6,8,4,5,750,5,1,4,4,3,1,1,1,2,NA,"               "
"699",1,1985,30,1,NA,"MASKED BY ICPSR",0,3,2,5,2,NA,1,1,1,1,1,1,1,1,0,0,0,1,0,0,0,0,1,0,0,1,1,0,1,4,0,0,0,0,0,0,0,0,0,0,0,0,0,0,0,0,0,0,0,0,0,0,0,0,0,0,0,0,0,0,0,0,0,0,0,0,0,0,NA,NA,2,1,0,0,0,0,1,0,0,0,0,1,1,2,2,3,1,3,2,1,2,8,7,4,4,7,8,8,7,9,8,8,6,500,7,2,4,4,5,NA,4,4,2,NA,"MASKED BY ICPSR"
"700",1,1979,36,1,NA,"MASKED BY ICPSR",0,1,2,4,4,NA,2,1,1,1,0,1,0,0,0,0,0,0,0,0,0,0,0,0,0,1,0,0,1,3,1,1,1,1,1,1,1,1,1,1,0,1,1,0,0,1,1,1,0,0,0,0,0,0,0,0,0,0,0,0,0,0,0,0,0,0,0,0,1,1,4,0,0,0,0,0,0,0,0,0,0,4,3,4,3,3,2,1,3,3,1,10,10,1,5,10,1,1,1,1,1,1,1,484,2,2,5,5,5,3,1,1,2,NA,"MASKED BY ICPSR"
"701",2,1982,33,1,NA,"MASKED BY ICPSR",0,3,2,4,2,NA,1,0,0,0,0,0,0,0,0,0,0,0,0,0,0,0,0,0,0,0,0,0,1,4,1,1,0,1,0,1,1,0,1,1,1,0,1,0,0,0,0,0,0,0,0,0,0,0,0,0,1,0,0,0,0,0,0,0,0,0,0,0,1,1,4,0,0,0,0,0,0,0,0,0,0,3,2,3,1,1,4,1,3,3,3,1,2,7,1,1,1,1,1,1,1,1,1,0,3,1,3,2,1,1,1,3,2,NA,"MASKED BY ICPSR"
"702",1,1995,20,1,NA,".              ",0,2,5,3,1,3,2,1,1,1,0,1,0,0,0,0,0,1,0,0,0,0,0,0,1,1,0,0,1,4,1,1,0,1,0,0,1,0,1,0,1,0,0,1,0,1,1,1,0,0,0,0,0,0,0,0,0,0,0,0,0,0,0,0,0,0,0,0,3,1,2,0,0,0,0,0,0,0,0,0,0,4,2,4,4,4,4,4,4,4,4,10,5,10,1,5,3,5,5,9,5,5,5,NA,100,2,5,5,3,5,5,5,2,NA,"MASKED BY ICPSR"
"703",2,1984,31,1,NA,"MASKED BY ICPSR",1,2,4,4,5,NA,1,1,0,0,0,1,0,0,0,0,0,0,0,0,0,0,0,0,1,0,0,0,1,3,0,0,0,0,0,0,0,0,0,0,0,0,0,0,0,0,0,0,0,0,0,0,0,0,0,0,0,0,0,0,0,0,0,0,0,0,0,0,NA,NA,2,0,0,0,0,0,0,0,0,0,0,1,3,2,2,2,2,1,2,2,1,7,6,6,4,6,3,3,3,3,5,4,5,200,6,1,5,4,3,6,6,6,2,NA,"MASKED BY ICPSR"
"704",2,1987,28,1,NA,"MASKED BY ICPSR",0,1,4,4,2,NA,1,1,1,0,0,1,0,1,0,0,0,0,0,0,0,0,1,0,1,1,0,0,1,4,1,1,1,1,0,0,1,0,0,0,0,1,0,0,1,1,1,0,0,0,0,0,0,0,0,0,0,0,0,0,0,0,1,0,0,0,0,0,1,2,3,0,0,0,0,0,0,0,0,0,0,3,1,2,2,2,3,1,3,3,3,9,2,1,4,7,3,5,6,1,9,7,7,250,50,1,5,4,2,2,5,3,2,NA,"               "
"705",2,1996,19,1,NA,"MASKED BY ICPSR",0,1,6,3,1,3,2,1,1,0,0,0,0,0,0,0,0,0,0,0,0,0,0,0,1,0,0,0,1,3,1,1,0,0,0,0,1,0,1,0,0,0,0,1,0,1,1,0,0,0,0,0,0,0,0,0,0,0,0,0,0,0,0,0,0,0,0,0,3,4,3,0,0,0,0,0,0,0,0,0,0,2,3,2,3,3,4,1,3,4,3,10,9,1,5,5,1,1,1,1,1,1,4,600,50,2,5,4,1,4,5,5,1,4,"               "
"706",1,1996,19,1,NA,"MASKED BY ICPSR",1,3,5,2,4,NA,3,1,1,1,0,1,0,1,1,0,1,1,0,1,0,1,1,1,1,0,1,0,1,3,1,1,1,0,1,0,0,1,1,1,0,1,0,0,0,0,1,1,0,0,0,0,0,0,0,0,0,0,0,0,0,1,0,0,0,0,0,0,1,3,2,0,0,0,0,0,0,0,0,0,0,3,3,3,2,1,4,1,4,3,1,8,8,6,4,6,2,3,3,7,5,5,6,5,3,2,3,4,4,2,4,4,2,NA,"MASKED BY ICPSR"
"707",1,1991,24,1,NA,"MASKED BY ICPSR",0,1,5,2,4,NA,3,1,1,1,0,0,0,0,0,0,0,0,0,0,0,0,0,0,0,0,1,0,1,3,0,0,0,0,0,0,0,0,0,0,0,0,0,0,0,0,0,0,0,0,0,0,0,0,0,0,0,0,0,0,0,0,0,0,0,0,0,0,NA,NA,2,0,0,0,0,0,0,0,0,0,0,2,1,2,2,3,3,1,2,3,1,6,7,2,6,6,5,7,7,7,5,6,7,120,5,2,4,4,2,3,2,2,2,NA,"MASKED BY ICPSR"
"708",1,1979,36,1,NA,"MASKED BY ICPSR",0,3,2,4,2,NA,1,1,1,1,0,0,0,0,0,0,0,0,0,0,0,0,0,0,0,0,0,0,1,4,1,1,0,1,0,0,0,0,0,0,0,1,0,0,0,1,0,0,0,0,0,0,0,0,0,0,0,0,0,0,0,0,0,0,0,0,0,1,1,2,4,1,0,0,0,1,1,0,0,0,0,3,3,3,3,3,3,3,3,3,1,8,8,8,8,8,8,8,8,8,8,8,8,300,10,3,4,3,2,3,4,3,2,NA,"MASKED BY ICPSR"
"709",2,1990,25,1,NA,"MASKED BY ICPSR",0,2,4,4,2,NA,1,1,1,0,0,1,0,0,0,0,0,0,0,0,0,0,0,0,1,1,0,0,1,4,1,1,0,1,1,1,0,1,1,0,1,1,1,1,0,1,1,0,0,0,0,0,0,0,0,0,0,0,0,0,0,1,1,0,0,0,0,0,3,2,2,0,0,0,0,0,0,0,0,0,0,2,3,3,2,2,3,1,1,2,1,6,6,5,3,8,1,7,8,8,5,2,5,240,10,2,5,4,2,2,5,6,2,NA,"MASKED BY ICPSR"
"710",1,1983,32,1,NA,"MASKED BY ICPSR",0,1,2,3,4,NA,1,1,1,1,0,1,0,0,0,0,0,0,0,0,0,0,0,0,0,0,0,0,1,4,1,1,0,0,1,0,0,0,0,0,0,0,1,0,0,1,1,0,0,0,0,0,0,0,0,0,0,0,0,0,0,0,0,0,0,0,0,1,2,4,3,1,0,0,0,0,1,0,0,0,0,1,3,3,3,2,2,2,2,3,2,10,9,8,9,7,8,8,6,7,9,8,8,604,50,3,4,5,3,3,1,2,2,NA,"MASKED BY ICPSR"
"711",2,1984,31,1,NA,"MASKED BY ICPSR",0,2,4,4,5,NA,1,1,1,1,0,1,0,1,0,0,0,0,0,0,0,0,0,0,1,1,1,0,1,2,1,1,0,1,1,1,0,0,0,1,0,1,1,1,0,1,0,0,0,0,0,0,0,0,0,0,1,1,0,0,0,0,1,0,0,0,0,0,1,2,3,0,0,0,0,0,0,0,0,0,0,3,3,2,1,2,4,1,2,2,3,7,4,1,4,5,2,5,5,5,6,5,5,150,10,1,5,5,4,1,5,4,2,NA,"MASKED BY ICPSR"
"712",2,1979,36,1,NA,"MASKED BY ICPSR",0,4,2,4,2,NA,1,1,1,1,0,1,0,0,0,0,0,0,0,0,0,0,0,0,0,0,1,0,1,3,0,1,1,0,0,0,0,1,1,0,1,0,0,0,0,0,1,0,0,0,0,0,0,0,0,0,1,0,0,0,0,0,0,0,0,0,0,0,3,1,3,0,0,0,0,0,0,0,0,0,0,4,3,3,2,NA,3,NA,NA,2,4,10,10,10,10,10,10,10,10,10,10,10,10,400,0,2,6,6,6,6,6,6,2,NA,"MASKED BY ICPSR"
"713",2,1985,30,1,NA,"MASKED BY ICPSR",0,5,1,4,2,NA,1,1,0,1,0,0,0,0,0,0,0,0,0,0,0,0,0,0,0,0,0,0,0,4,0,0,0,0,0,0,0,0,0,0,0,0,0,0,0,0,0,0,0,0,0,0,0,0,0,0,0,0,0,0,0,0,0,0,0,0,0,0,NA,NA,3,0,0,0,0,0,0,0,0,0,0,3,1,2,1,2,4,1,2,2,1,6,4,10,3,1,3,1,1,1,4,1,1,20,3,3,5,4,1,5,6,6,2,NA,"MASKED BY ICPSR"
"714",1,1992,23,1,NA,"MASKED BY ICPSR",0,3,6,2,4,NA,1,1,1,1,0,1,0,1,0,0,0,0,0,0,0,0,0,1,0,0,1,0,1,4,1,1,0,1,1,0,1,0,0,0,1,1,0,1,0,1,1,0,0,0,0,0,0,0,0,0,0,0,0,0,0,0,0,0,0,0,0,0,1,3,4,1,0,0,0,0,0,0,0,0,1,2,3,4,2,3,4,1,4,3,1,7,6,10,4,3,1,5,4,6,5,5,6,25,3,2,4,5,1,5,1,1,2,NA,"MASKED BY ICPSR"
"715",2,1993,22,1,NA,"MASKED BY ICPSR",1,1,2,4,2,NA,3,1,0,1,0,1,1,1,1,0,0,0,0,0,0,0,0,1,1,0,1,0,0,4,1,1,0,1,1,0,1,1,1,1,1,1,1,1,0,1,0,0,0,0,0,0,0,0,0,0,0,0,0,0,0,0,0,0,0,0,0,0,2,2,4,0,0,0,0,0,0,0,0,0,0,3,3,3,2,3,3,4,2,3,2,7,6,8,9,8,8,8,7,8,6,6,8,566,34,3,4,4,3,4,4,5,2,NA,"MASKED BY ICPSR"
"716",2,1994,21,1,NA,"MASKED BY ICPSR",1,2,6,3,1,3,3,1,1,1,0,0,0,0,0,0,0,1,0,0,0,0,1,0,1,0,0,0,1,4,1,0,0,0,0,0,0,0,0,0,0,0,0,0,0,0,0,0,0,0,0,0,0,0,0,0,0,0,0,0,0,0,0,0,0,0,0,0,NA,NA,3,0,0,0,0,0,0,0,0,0,0,2,3,2,1,2,3,1,4,4,3,5,3,1,4,5,1,3,2,3,3,4,10,58,2,1,5,5,1,1,3,1,2,NA,"MASKED BY ICPSR"
"717",2,1985,30,1,NA,"MASKED BY ICPSR",1,3,2,2,5,NA,3,1,0,0,0,0,0,0,0,0,0,0,0,0,0,0,0,0,0,1,0,0,1,3,0,0,0,0,0,0,0,0,0,0,0,0,0,0,0,0,0,0,0,0,0,0,0,0,0,0,0,0,0,0,0,0,0,0,0,0,0,0,NA,NA,2,0,0,0,0,0,0,0,0,0,0,3,3,3,3,1,4,1,2,2,1,6,6,7,6,5,6,6,6,6,7,6,9,250,5,2,4,5,4,4,5,6,2,NA,"               "
"718",1,1980,35,1,NA,"MASKED BY ICPSR",1,1,4,5,2,NA,1,1,1,1,0,1,0,1,0,0,0,0,0,1,0,0,0,1,1,1,1,0,1,4,0,0,0,0,0,0,0,0,0,0,0,0,0,0,0,0,0,0,0,0,0,0,0,0,0,0,0,0,0,0,0,0,0,0,0,0,0,0,NA,NA,3,1,0,0,0,0,1,0,0,1,0,3,1,3,4,4,2,1,4,3,2,8,8,8,7,7,6,7,7,8,7,8,8,1500,10,2,5,5,3,5,1,4,2,NA,"               "
"719",2,1989,26,1,NA,"MASKED BY ICPSR",1,2,1,2,4,NA,2,1,1,0,0,1,0,0,0,0,0,0,0,0,0,0,0,0,1,0,1,0,1,3,1,0,0,0,0,0,0,0,0,0,0,0,0,0,0,0,0,0,0,0,0,0,0,0,0,0,0,0,0,0,0,0,0,0,0,0,0,0,NA,NA,1,0,0,0,0,0,0,0,0,0,0,2,3,2,4,4,1,1,4,4,1,5,9,10,5,5,4,4,4,4,4,4,4,720,3,4,5,3,2,2,4,4,2,NA,"               "
"720",1,1992,23,1,NA,"MASKED BY ICPSR",0,3,5,4,3,NA,1,1,1,1,0,0,0,1,0,0,0,0,0,0,1,0,0,0,0,0,1,0,1,3,1,1,0,0,1,0,0,0,0,0,0,0,0,1,0,0,1,1,0,0,0,0,0,0,0,0,0,0,0,0,0,0,0,0,0,0,0,0,1,3,3,0,0,0,0,0,0,0,0,0,0,4,2,2,1,1,3,1,3,3,4,1,1,3,1,4,1,3,2,1,8,7,6,229,0,1,3,2,1,1,2,6,2,NA,"MASKED BY ICPSR"
"721",1,1989,26,1,NA,"MASKED BY ICPSR",0,2,5,2,3,NA,1,0,1,0,0,0,0,1,0,0,0,0,0,0,0,0,1,0,0,0,1,0,1,4,0,0,0,0,0,0,0,0,0,0,0,0,0,0,0,0,0,0,0,0,0,0,0,0,0,0,0,0,0,0,0,0,0,0,0,0,0,0,NA,NA,1,0,0,0,0,0,0,0,0,0,0,2,1,1,1,2,1,1,3,1,1,9,9,9,4,5,5,1,1,1,1,1,4,26,1,3,4,4,3,3,3,3,2,NA,"               "
"722",2,1983,32,1,NA,"MASKED BY ICPSR",0,4,4,3,2,NA,1,1,1,0,0,1,0,1,0,0,0,0,0,0,0,0,0,0,1,0,0,0,1,3,1,1,0,1,1,1,1,0,0,1,0,0,1,1,0,1,0,0,0,0,0,0,0,0,0,0,0,0,0,0,0,0,0,0,0,0,0,0,2,1,3,0,0,0,0,0,0,0,0,0,0,3,3,3,2,3,2,1,4,2,1,9,6,4,5,5,3,2,2,7,5,5,5,200,15,3,5,4,3,3,2,2,2,NA,"MASKED BY ICPSR"
"723",2,1991,24,1,NA,"MASKED BY ICPSR",0,4,2,4,2,NA,1,1,1,1,1,1,0,1,0,0,0,1,0,0,0,0,0,0,0,0,1,0,1,4,1,1,1,1,0,1,1,0,1,1,0,1,0,1,0,1,1,1,0,0,0,0,0,0,0,0,0,0,0,0,0,0,1,0,0,0,0,0,2,3,4,0,0,0,0,0,0,0,0,0,0,4,2,3,2,2,3,2,3,3,2,6,6,1,3,3,2,2,3,5,5,5,6,200,7,2,3,4,1,1,5,4,2,NA,"MASKED BY ICPSR"
"724",2,1991,24,1,NA,"MASKED BY ICPSR",1,1,1,4,3,NA,4,1,1,1,0,1,0,1,0,0,0,0,0,0,0,0,0,0,0,0,0,0,1,4,0,0,0,0,0,0,0,0,0,0,0,0,0,0,0,0,0,0,0,0,0,0,0,0,0,0,0,0,0,0,0,0,0,0,0,0,0,0,NA,NA,3,0,0,0,0,0,0,0,0,0,0,2,2,2,3,3,3,3,3,3,3,5,5,5,5,5,5,5,5,5,5,5,5,300,0,3,3,3,3,3,3,3,2,NA,"MASKED BY ICPSR"
"725",2,1993,22,1,NA,"MASKED BY ICPSR",0,5,1,4,1,3,1,1,1,0,0,0,0,1,0,0,0,0,0,0,0,0,0,0,1,0,0,0,1,3,1,1,0,1,1,0,0,0,0,0,1,1,1,1,0,1,1,0,0,0,0,0,0,0,0,0,0,0,0,0,0,0,0,0,0,0,0,0,1,3,3,0,0,0,0,0,0,0,0,0,0,3,3,3,3,3,3,1,4,4,1,9,10,3,5,7,2,5,5,8,3,3,5,300,20,2,5,4,3,2,5,6,2,NA,"               "
"726",2,1995,20,1,NA,"MASKED BY ICPSR",0,1,6,3,1,3,6,1,1,1,0,0,1,1,0,0,0,1,0,0,0,0,0,0,1,0,1,0,1,3,1,1,0,1,1,1,1,0,1,1,0,1,1,0,0,0,1,0,0,0,0,0,0,0,0,0,0,0,0,0,0,1,0,0,0,0,0,0,1,1,4,0,0,0,0,0,0,0,0,0,0,3,3,3,2,1,3,1,4,4,1,6,3,2,1,4,3,3,3,5,1,2,3,NA,6,2,5,4,3,2,2,2,2,NA,"               "
"727",2,1992,23,1,NA,"MASKED BY ICPSR",0,2,6,3,1,3,1,1,1,1,0,1,0,1,0,0,0,0,0,0,1,0,0,0,1,1,1,0,1,3,1,1,1,0,1,1,1,1,0,0,0,1,1,0,0,1,1,0,0,0,0,0,0,0,0,0,0,0,0,0,0,0,0,0,0,0,0,0,2,3,3,0,0,0,0,0,0,0,0,0,0,3,3,3,4,3,3,1,3,3,1,7,7,4,7,7,4,6,6,1,7,6,6,333,15,2,5,5,4,2,2,3,2,NA,"MASKED BY ICPSR"
"728",2,1990,25,1,NA,"MASKED BY ICPSR",0,2,6,3,2,NA,5,1,1,1,0,0,0,0,0,0,0,1,0,0,0,0,0,0,0,0,0,0,0,2,1,1,0,1,1,0,1,0,0,0,1,0,0,1,0,1,0,0,0,0,0,0,0,0,1,0,0,0,0,0,0,0,0,0,0,0,0,0,1,3,3,0,0,0,0,0,0,0,0,0,0,3,1,2,1,2,3,1,4,4,1,5,5,6,5,5,5,5,5,5,5,5,5,100,5,2,5,5,2,2,2,2,2,NA,"               "
"729",2,1992,23,1,NA,"MASKED BY ICPSR",0,1,6,3,1,4,1,1,1,1,0,0,0,0,0,0,0,1,0,0,1,0,0,0,1,0,0,0,1,4,1,1,1,1,1,1,1,1,1,1,1,0,0,1,0,1,1,0,0,0,0,0,0,0,1,0,0,0,0,0,0,0,0,0,0,0,0,0,1,4,4,0,0,0,0,0,0,0,0,0,0,3,3,3,2,2,4,1,3,4,1,5,5,7,6,8,8,3,2,6,2,3,4,NA,10,3,3,3,1,2,1,1,2,NA,"MASKED BY ICPSR"
"730",1,1988,27,1,NA,"MASKED BY ICPSR",0,1,1,2,2,NA,1,0,1,0,0,0,0,0,0,0,0,0,0,0,0,0,0,0,0,0,0,0,0,4,1,1,1,0,0,0,0,0,1,0,0,0,0,0,0,1,0,0,0,0,0,0,0,0,0,0,0,0,0,0,0,0,0,0,0,0,0,0,1,5,1,0,0,0,0,0,0,0,0,0,0,1,1,1,1,1,1,1,1,1,1,10,10,10,10,10,10,10,10,10,10,10,10,0,1,1,5,5,5,5,5,5,2,NA,"MASKED BY ICPSR"
"731",1,1991,24,1,NA,"MASKED BY ICPSR",0,1,4,4,2,NA,1,1,1,1,0,1,0,1,0,0,0,1,0,0,0,0,1,0,1,1,1,0,0,3,0,1,1,1,1,1,0,0,1,1,1,1,0,1,0,1,0,1,0,0,0,0,0,0,1,0,0,0,0,1,0,0,1,0,0,1,0,0,1,1,2,0,0,0,0,0,0,0,0,0,0,3,2,3,4,4,2,1,4,4,3,9,10,9,10,9,1,8,8,10,10,9,9,240,1,4,5,5,4,3,1,3,2,NA,"               "
"732",2,1993,22,1,NA,"MASKED BY ICPSR",0,2,1,3,1,3,1,0,1,0,0,0,0,1,0,0,0,1,0,0,1,0,0,0,0,1,0,0,1,3,1,1,0,1,1,0,0,0,0,0,1,0,0,1,0,0,1,0,0,0,0,0,0,0,1,1,0,0,0,0,0,0,0,0,0,0,0,0,1,3,3,0,0,0,0,0,0,0,0,0,0,3,3,3,2,2,3,1,3,4,3,3,2,8,5,6,3,3,2,4,1,2,3,0,2,3,2,4,1,3,2,3,2,NA,"MASKED BY ICPSR"
"733",2,1986,29,1,NA,"MASKED BY ICPSR",0,5,5,3,4,NA,2,0,1,0,0,1,0,0,0,0,0,0,0,0,0,0,0,0,0,0,0,0,1,3,0,0,0,0,0,0,0,0,0,0,0,0,0,0,0,0,0,0,0,0,0,0,0,0,0,0,0,0,0,0,0,0,0,0,0,0,0,0,NA,NA,2,0,0,0,0,0,0,0,0,0,0,2,1,2,1,1,4,1,2,2,2,5,5,5,5,5,5,5,5,5,5,5,5,0,5,1,3,3,3,3,3,3,2,NA,"               "
"734",1,1989,26,1,NA,"MASKED BY ICPSR",0,2,2,4,2,NA,1,1,1,1,0,1,0,1,0,0,0,0,0,0,0,0,0,0,0,0,1,0,1,3,1,1,1,0,0,1,0,0,1,0,0,0,0,1,0,1,0,1,0,0,0,0,0,0,0,0,0,1,0,0,0,0,0,0,0,0,0,0,2,2,3,0,0,0,0,0,0,0,0,0,0,3,3,3,3,2,4,1,3,3,3,8,4,4,5,7,4,5,5,7,8,6,7,585,5,2,5,4,3,3,2,2,2,NA,"MASKED BY ICPSR"
"735",2,1991,24,1,NA,"MASKED BY ICPSR",0,2,5,3,2,NA,3,1,1,0,0,0,0,1,0,0,0,1,0,0,0,0,0,0,1,0,0,0,1,4,1,1,0,1,0,0,1,0,1,1,1,0,0,1,0,0,0,0,0,0,0,0,0,0,1,0,0,0,0,0,0,0,0,0,0,0,0,0,2,2,4,0,0,0,0,0,0,0,0,0,0,2,3,3,3,2,3,1,4,4,1,4,7,8,6,7,5,4,3,8,4,2,6,197,4,3,4,3,1,3,6,6,2,NA,"               "
"736",2,1983,32,1,NA,"MASKED BY ICPSR",0,4,4,4,5,NA,1,1,1,0,0,0,0,0,0,0,0,0,0,0,1,0,0,0,0,0,0,0,0,3,0,0,0,0,0,0,0,0,0,0,0,0,0,0,0,0,0,0,0,0,0,0,0,0,0,0,0,0,0,0,0,0,0,0,0,0,0,0,NA,NA,3,0,0,0,0,0,0,0,0,0,0,2,1,2,1,1,4,1,1,3,2,6,5,10,5,5,3,2,1,2,7,5,6,140,3,3,4,3,1,1,1,1,2,NA,"               "
"737",2,1979,36,1,NA,"MASKED BY ICPSR",1,1,4,5,2,NA,1,1,1,0,0,1,0,0,0,0,0,0,0,0,0,0,0,0,0,0,0,0,0,4,1,1,1,1,1,0,0,0,1,0,0,1,1,0,0,1,1,0,1,0,0,0,0,0,0,0,0,0,0,0,0,0,0,0,0,0,0,0,3,3,3,0,0,0,0,0,0,0,0,0,0,3,3,3,3,3,3,3,3,3,3,9,4,9,5,5,5,5,5,8,5,5,5,600,NA,2,5,4,3,NA,2,2,2,NA,"MASKED BY ICPSR"
"738",1,1982,33,1,NA,"MASKED BY ICPSR",0,2,3,5,3,NA,1,1,1,1,0,1,1,0,1,0,1,0,1,0,0,0,1,1,0,0,1,0,1,4,1,1,1,0,1,1,1,0,1,0,1,1,1,0,0,1,1,0,1,0,1,1,0,0,1,1,0,1,0,1,0,0,1,0,0,1,0,0,1,2,4,1,0,1,0,1,1,0,0,0,0,3,2,3,4,3,4,3,4,4,4,10,8,8,9,10,9,7,8,9,7,9,10,50,3,4,5,4,4,5,3,4,2,NA,"MASKED BY ICPSR"
"739",2,1994,21,1,NA,"MASKED BY ICPSR",0,5,5,3,1,3,1,1,1,0,0,0,0,0,0,0,0,0,0,0,0,0,0,1,0,0,1,0,1,3,1,0,0,0,0,0,0,0,0,0,0,0,0,0,0,0,0,0,0,0,0,0,0,0,0,0,0,0,0,0,0,0,0,0,0,0,0,0,NA,NA,3,0,0,0,0,0,0,0,0,0,0,2,1,2,3,3,3,1,4,4,2,4,3,6,4,5,3,1,1,1,5,4,3,244,15,2,4,5,2,3,2,3,2,NA,"               "
"740",1,1984,31,1,NA,"MASKED BY ICPSR",0,1,1,3,3,NA,1,1,1,0,0,1,0,1,0,0,0,0,0,0,1,0,1,0,1,0,1,1,1,3,1,1,0,1,0,0,1,1,1,1,1,1,0,0,0,0,1,0,0,0,0,0,0,0,0,0,0,0,0,0,0,0,0,0,0,0,0,1,2,3,2,0,0,0,0,0,0,0,0,0,0,2,2,2,1,1,4,1,4,4,1,8,7,2,7,8,5,6,5,8,2,5,1,203,3,4,5,4,3,3,6,4,1,1,"MASKED BY ICPSR"
"741",2,1991,24,1,NA,"MASKED BY ICPSR",1,4,5,3,1,3,2,1,1,1,0,1,0,1,0,0,0,1,0,0,0,0,0,0,1,0,0,0,1,4,1,1,1,1,1,1,0,1,1,0,1,1,0,1,0,1,1,1,0,0,0,0,0,0,0,0,0,0,0,0,0,0,0,0,0,0,0,0,3,3,3,0,0,0,0,0,0,0,0,0,0,4,3,4,1,1,3,1,4,3,3,5,6,4,3,5,2,3,3,6,3,4,4,400,5,2,2,3,1,2,2,2,2,NA,"               "
"742",2,1991,24,1,NA,"MASKED BY ICPSR",0,2,4,3,2,NA,1,1,1,1,0,1,0,1,0,0,0,0,0,0,0,0,1,1,0,0,1,0,1,4,0,0,0,0,0,0,0,0,0,0,0,0,0,0,0,0,0,0,0,0,0,0,0,0,0,0,0,0,0,0,0,0,0,0,0,0,0,0,NA,NA,4,0,0,0,0,0,0,0,0,0,0,3,2,3,3,4,3,1,3,2,1,9,7,7,9,10,5,8,10,10,7,8,6,300,30,2,5,4,4,3,2,4,2,NA,"               "
"743",1,1993,22,1,NA,"MASKED BY ICPSR",0,2,6,3,1,3,1,1,1,1,0,0,0,1,0,0,0,0,0,0,0,0,0,0,1,0,0,0,1,4,1,1,0,1,0,0,0,0,0,0,0,1,0,0,0,1,1,0,0,0,0,0,0,0,0,0,0,0,0,0,0,0,0,0,0,0,0,0,3,3,2,1,0,0,0,0,0,0,0,1,0,3,3,2,2,3,3,1,3,3,1,6,7,7,6,7,4,4,4,4,6,4,7,400,5,2,4,5,1,2,1,3,1,1,"               "
"744",1,1992,23,1,NA,"MASKED BY ICPSR",1,2,1,3,1,3,3,1,1,0,0,0,0,0,0,0,0,0,0,0,0,0,0,0,0,0,0,0,0,4,1,1,1,0,0,0,0,0,1,0,0,0,0,0,0,1,1,0,0,0,0,0,0,0,0,0,0,0,0,0,0,0,0,0,0,0,0,0,3,3,4,1,1,0,0,0,0,0,0,0,0,3,3,4,3,2,2,2,2,2,2,9,9,9,8,8,8,8,8,8,8,8,8,100,10,2,4,4,4,4,4,4,NA,1,"MASKED BY ICPSR"
"745",2,1985,30,1,NA,"MASKED BY ICPSR",0,3,5,3,5,NA,1,0,1,0,0,1,0,1,0,0,0,1,0,0,1,1,1,0,1,1,1,0,1,3,1,1,1,1,1,1,1,1,1,1,1,1,1,1,1,1,1,1,0,0,0,0,0,0,1,0,1,1,0,0,0,0,0,0,0,1,0,1,1,1,4,1,0,0,0,1,1,1,1,1,0,4,3,4,1,1,4,1,3,3,3,2,4,1,1,1,1,1,1,1,1,1,1,0,1,1,4,2,1,1,4,3,1,6,"MASKED BY ICPSR"
"746",2,1988,27,1,NA,"MASKED BY ICPSR",0,1,6,3,2,NA,1,1,1,0,0,1,0,1,0,0,0,1,0,0,0,0,1,1,1,1,0,0,1,3,1,1,0,0,0,0,0,1,0,0,1,1,0,1,0,0,1,0,0,0,1,0,0,0,0,0,0,0,0,0,0,0,0,0,0,0,0,0,3,1,2,1,0,0,1,1,0,0,0,0,0,3,3,3,3,4,2,1,3,3,3,8,8,7,4,5,5,2,2,2,4,3,3,123,7,1,3,5,3,4,4,5,2,NA,"MASKED BY ICPSR"
"747",1,1996,19,1,NA,"MASKED BY ICPSR",0,2,5,2,4,NA,1,1,1,1,0,0,0,1,0,0,0,1,0,0,0,0,0,0,1,0,0,0,1,4,1,1,0,1,1,0,1,1,1,1,1,1,0,0,0,1,0,1,0,0,0,0,0,0,0,0,0,0,0,0,0,0,0,0,0,0,0,0,2,1,3,0,0,0,0,0,0,0,0,0,0,3,3,3,2,3,4,1,2,3,3,3,7,5,5,6,4,5,2,3,2,2,2,NA,4,1,4,5,1,3,1,6,2,NA,"               "
"748",1,1982,33,1,NA,"MASKED BY ICPSR",0,2,2,5,2,NA,4,1,1,0,0,1,0,1,1,0,0,0,0,0,0,0,0,1,0,1,1,0,1,4,0,0,0,0,0,0,0,0,0,0,0,0,0,0,0,0,0,0,0,0,0,0,0,0,0,0,0,0,0,0,0,0,0,0,0,0,0,0,NA,NA,3,0,0,0,0,0,0,0,0,0,0,3,3,3,2,2,3,2,3,3,3,5,5,6,5,7,4,3,2,1,6,6,5,15,0,2,4,4,3,2,2,3,2,NA,"MASKED BY ICPSR"
"749",1,1989,26,1,NA,"MASKED BY ICPSR",1,3,3,4,2,NA,4,1,0,1,0,0,1,1,0,0,0,1,0,1,0,0,0,0,0,0,0,0,0,4,1,1,0,0,1,0,0,0,1,0,0,0,0,0,0,1,1,1,1,0,1,1,0,0,0,0,0,0,0,0,0,0,0,0,0,0,0,0,2,5,3,1,1,0,0,0,0,0,0,0,0,4,1,3,4,3,4,3,4,4,3,9,9,10,10,9,10,9,9,8,8,9,10,50,20,2,5,4,5,4,4,5,1,2,"MASKED BY ICPSR"
"750",1,1988,27,1,NA,"MASKED BY ICPSR",1,1,4,3,3,NA,3,1,1,1,0,1,0,1,0,0,0,0,0,0,0,0,0,0,0,1,0,0,1,3,1,1,0,0,1,0,1,1,1,1,1,0,1,1,0,1,1,0,0,0,0,0,0,0,0,0,0,0,0,0,0,0,1,0,0,0,0,0,1,2,4,0,0,0,0,0,0,0,0,0,0,4,2,4,3,2,4,1,1,2,1,8,8,1,6,8,5,7,6,7,5,7,7,300,1,4,5,4,3,4,3,3,2,NA,"               "
"751",2,1985,30,1,NA,"MASKED BY ICPSR",0,1,4,4,5,NA,1,1,0,0,0,0,0,0,0,0,0,0,0,0,0,0,0,0,0,0,0,0,1,3,0,0,0,0,0,0,0,0,0,0,0,0,0,0,0,0,0,0,0,0,0,0,0,0,0,0,0,0,0,0,0,0,0,0,0,0,0,0,NA,NA,2,0,0,0,0,0,0,0,0,0,0,2,3,2,3,4,4,1,2,2,3,6,9,9,9,10,10,10,6,6,6,8,8,30,2,1,4,5,5,4,4,4,2,NA,"MASKED BY ICPSR"
"752",2,1987,28,1,NA,"MASKED BY ICPSR",0,5,2,2,5,NA,1,1,0,0,0,0,0,0,0,0,0,0,0,0,0,0,0,0,0,0,0,0,1,3,0,0,0,0,0,0,0,0,0,0,0,0,0,0,0,0,0,0,0,0,0,0,0,0,0,0,0,0,0,0,0,0,0,0,0,0,0,0,NA,NA,2,0,0,0,0,0,0,0,0,0,0,3,1,2,2,1,3,1,2,2,1,4,4,6,6,5,1,5,3,3,8,3,5,115,5,2,4,3,1,2,2,2,2,NA,"MASKED BY ICPSR"
"753",2,1993,22,1,NA,"MASKED BY ICPSR",0,3,5,3,1,3,1,1,0,0,0,0,0,0,0,0,0,0,0,0,0,0,0,0,0,0,0,0,1,4,0,0,0,0,0,0,0,0,0,0,0,0,0,0,0,0,0,0,0,0,0,0,0,0,0,0,0,0,0,0,0,0,0,0,0,0,0,0,NA,NA,3,1,0,0,0,0,0,0,0,1,0,3,3,3,1,1,4,1,2,2,2,6,1,1,1,1,1,1,1,1,1,1,1,300,3,1,5,5,1,6,6,6,2,NA,"               "
"754",2,1991,24,1,NA,"MASKED BY ICPSR",0,2,4,3,5,NA,1,1,0,1,0,1,0,0,0,0,0,0,0,0,0,0,1,0,0,0,0,0,1,4,1,1,0,0,1,1,1,0,1,0,1,1,1,0,0,1,0,0,0,0,0,0,0,0,0,0,0,0,0,0,0,0,0,0,0,0,0,0,1,1,3,0,0,0,0,0,0,0,0,0,0,3,1,2,2,3,2,3,2,3,2,8,10,7,8,8,1,6,6,9,10,4,2,120,1,2,5,5,5,4,3,2,1,4,"               "
"755",1,1984,31,1,NA,"MASKED BY ICPSR",0,2,4,4,2,NA,1,0,0,0,0,1,0,0,0,0,0,0,0,0,0,0,0,0,0,0,1,0,0,3,1,1,0,0,1,0,0,0,0,0,0,1,0,1,0,0,0,0,0,0,0,0,0,0,0,0,0,0,0,0,0,0,0,0,0,1,0,1,2,4,2,1,0,0,0,1,0,0,0,0,0,3,1,2,4,3,4,2,3,3,4,10,9,8,8,10,7,10,10,10,9,7,10,100,50,3,5,5,4,3,4,5,2,NA,"MASKED BY ICPSR"
"756",1,1987,28,1,NA,"MASKED BY ICPSR",1,1,5,3,4,NA,1,1,1,1,0,0,0,1,0,0,0,1,0,0,1,0,0,0,0,0,0,0,1,4,0,1,1,1,1,1,1,1,1,1,1,0,1,1,0,1,1,1,0,0,0,0,0,0,0,0,1,1,0,0,0,0,0,0,0,0,0,0,1,2,4,0,0,0,0,0,0,0,0,0,0,4,2,4,3,3,3,1,4,4,4,9,5,3,4,4,1,3,3,3,5,3,2,15,4,2,5,4,1,1,1,3,2,NA,"               "
"757",2,1987,28,1,NA,"MASKED BY ICPSR",0,5,6,3,2,NA,1,1,1,0,0,0,0,1,0,0,0,1,0,0,0,0,0,0,0,1,0,0,1,3,1,1,1,1,1,1,1,1,1,1,1,0,0,1,0,1,0,0,0,0,0,0,0,0,1,0,0,0,0,0,0,0,1,0,0,0,0,0,1,1,3,1,0,0,1,0,0,0,1,0,0,3,3,3,3,4,2,1,3,3,1,6,6,7,5,4,4,3,3,6,2,4,4,100,5,4,3,2,1,2,1,1,2,NA,"               "
"758",2,1988,27,1,NA,"MASKED BY ICPSR",0,4,5,4,5,NA,1,1,1,1,0,1,0,0,0,0,0,0,0,0,0,0,0,0,0,1,1,0,1,3,1,1,0,0,1,0,0,0,0,0,1,0,0,0,0,1,1,0,0,0,0,0,0,0,0,0,0,0,0,0,0,0,0,0,0,0,0,0,3,3,3,0,0,0,0,0,0,0,0,0,0,4,3,3,3,4,3,4,3,3,3,6,4,5,7,6,6,5,6,7,5,6,6,312,150,2,5,4,3,3,5,3,2,NA,"MASKED BY ICPSR"
"759",2,1987,28,1,NA,"MASKED BY ICPSR",0,2,6,4,2,NA,1,1,1,1,0,1,0,1,0,0,0,1,0,0,0,0,1,0,1,1,0,0,1,4,1,1,0,1,0,0,1,0,1,0,0,1,1,0,0,1,0,1,0,0,0,0,0,0,0,0,0,0,0,0,0,0,0,0,0,0,0,0,2,3,3,0,0,0,0,0,0,0,0,0,0,3,3,3,2,3,3,2,4,4,1,7,6,1,5,6,3,2,1,1,8,2,3,572,25,1,5,5,4,2,5,4,2,NA,"               "
"760",1,1979,36,1,NA,"MASKED BY ICPSR",1,2,4,2,5,NA,1,1,1,0,0,0,0,0,0,0,0,0,0,0,0,0,0,0,0,0,0,0,1,2,0,0,0,0,0,0,0,0,0,0,0,0,0,0,0,0,0,0,0,0,0,0,0,0,0,0,0,0,0,0,0,0,0,0,0,0,0,0,NA,NA,4,0,0,0,0,0,0,0,0,0,0,4,1,1,1,1,4,1,1,2,1,1,1,1,1,1,1,1,1,1,1,1,1,30,0,2,4,1,1,1,1,1,2,NA,"               "
"761",2,1986,29,1,NA,"MASKED BY ICPSR",0,2,4,3,2,NA,1,1,1,1,0,0,0,0,0,0,0,0,0,0,0,0,0,0,1,0,0,0,1,4,1,1,0,1,1,1,0,0,1,1,0,0,1,0,0,1,0,0,0,0,0,0,0,0,0,0,0,0,0,0,0,0,0,0,0,0,0,0,3,4,3,0,0,0,0,0,0,0,0,0,0,2,3,2,1,3,3,1,1,2,1,8,6,5,5,6,5,5,5,7,7,5,5,500,2,1,5,4,1,2,3,2,2,NA,"               "
"762",1,1989,26,1,NA,"MASKED BY ICPSR",0,1,2,5,2,NA,1,1,1,1,0,1,0,1,0,0,0,0,0,0,0,0,0,0,0,0,0,0,1,4,1,0,0,0,0,0,0,0,0,0,0,0,0,0,0,0,0,0,0,0,0,0,0,0,0,0,0,0,0,0,0,0,0,0,0,0,0,0,NA,NA,3,0,0,0,0,0,0,0,0,0,0,3,1,3,3,3,3,3,3,3,3,8,8,8,8,9,9,8,8,8,9,8,8,600,2,2,3,3,3,3,3,3,2,NA,"MASKED BY ICPSR"
"763",NA,1990,25,1,NA,"MASKED BY ICPSR",0,5,4,4,2,NA,1,1,1,1,0,0,0,1,0,0,0,0,0,0,0,0,0,0,1,0,0,0,1,4,0,1,0,1,0,1,1,0,1,0,0,1,0,0,0,1,1,1,0,0,0,0,0,0,0,0,0,0,0,0,0,0,0,0,1,0,0,0,2,2,3,0,0,0,0,0,0,0,0,0,0,3,3,3,2,3,4,1,3,4,1,6,3,5,3,5,2,4,3,2,3,3,4,400,15,2,4,3,2,2,4,1,2,NA,"MASKED BY ICPSR"
"764",1,1992,23,1,NA,"MASKED BY ICPSR",1,3,3,3,1,3,4,1,0,0,0,0,0,0,0,0,0,0,0,0,0,0,0,0,0,0,0,0,0,3,1,1,0,0,1,0,0,0,0,0,1,0,0,0,0,0,0,0,0,1,0,1,0,0,0,1,0,0,0,0,0,0,0,0,0,0,0,0,2,3,3,1,1,0,0,0,0,0,0,0,0,3,2,3,NA,3,3,3,3,3,3,5,5,5,5,5,5,5,5,5,5,5,5,100,25,3,3,3,3,3,3,3,1,5,"MASKED BY ICPSR"
"765",1,1983,32,1,NA,"MASKED BY ICPSR",0,3,4,5,2,NA,1,1,1,0,0,1,0,1,0,0,0,0,0,0,1,0,0,0,0,0,1,0,0,3,1,1,0,1,1,0,0,0,0,0,0,1,0,0,0,1,0,0,0,0,0,0,0,0,0,0,0,0,0,0,0,0,0,0,0,0,0,0,3,2,3,0,0,0,0,0,0,0,0,0,0,3,2,2,2,2,2,2,2,3,2,9,10,7,9,8,6,5,3,6,7,4,3,500,7,2,5,4,2,4,4,4,2,NA,"MASKED BY ICPSR"
"766",2,1995,20,1,NA,"MASKED BY ICPSR",1,2,5,2,1,3,3,1,1,0,0,0,0,1,0,0,0,0,0,0,0,0,0,0,1,0,1,0,1,4,1,1,1,1,1,0,1,1,1,0,1,1,0,1,0,1,1,0,0,0,0,0,0,0,0,0,0,0,0,0,0,0,0,0,0,0,0,0,1,3,4,0,0,0,0,0,0,0,0,0,0,4,2,2,2,2,3,1,3,3,1,4,5,7,5,8,6,5,5,6,7,5,5,100,8,2,5,5,3,3,4,5,2,NA,"MASKED BY ICPSR"
"767",1,1987,28,1,NA,"MASKED BY ICPSR",0,1,4,5,3,NA,1,1,1,0,0,1,0,1,0,0,0,1,0,0,0,0,0,0,0,0,1,0,0,3,0,1,0,0,1,0,0,0,1,0,0,0,0,0,0,1,1,0,0,0,0,0,0,0,1,0,0,0,0,0,0,0,0,0,0,0,0,0,2,2,2,0,0,0,0,0,0,0,0,0,0,2,3,2,2,3,2,2,2,2,2,8,9,2,5,7,4,7,5,9,9,8,8,890,100,3,5,5,4,4,4,4,2,NA,"MASKED BY ICPSR"
"768",1,1980,35,1,NA,"MASKED BY ICPSR",0,2,3,3,2,NA,3,0,0,0,0,0,0,0,0,0,0,0,0,0,0,0,0,0,0,0,0,0,1,3,0,1,0,1,0,0,0,0,1,0,0,0,0,0,0,0,0,0,0,0,0,0,0,0,0,0,0,0,0,0,0,0,0,0,1,0,0,0,NA,3,2,0,0,0,0,0,0,0,0,0,0,1,1,2,3,3,3,3,3,3,3,8,8,6,4,5,5,6,6,6,6,5,5,20,5,2,4,4,3,3,2,3,2,NA,"               "
"769",1,1990,25,1,NA,"MASKED BY ICPSR",0,2,5,4,2,NA,1,1,1,0,0,0,0,1,0,0,0,0,0,0,0,0,0,0,0,0,1,0,1,3,1,1,0,0,1,0,0,0,1,0,0,0,0,0,0,0,1,0,0,0,0,0,0,0,0,0,0,0,0,0,0,0,0,0,0,1,0,1,1,4,3,0,0,0,0,0,0,0,0,0,0,2,1,2,3,3,2,2,2,2,2,7,5,4,7,7,3,8,5,8,8,5,2,256,4,2,5,5,2,2,2,5,1,6,"               "
"770",1,1995,20,1,NA,"MASKED BY ICPSR",0,1,1,3,1,3,1,1,1,1,0,0,0,1,0,0,0,0,0,0,0,0,0,0,0,0,0,0,1,3,1,0,0,0,0,0,0,0,0,0,0,0,0,0,0,0,0,0,0,0,0,0,0,0,0,0,0,0,0,0,0,0,0,0,0,0,0,0,NA,NA,2,0,0,0,0,0,0,0,0,0,0,2,3,2,1,1,4,1,1,1,1,7,8,3,6,9,3,5,5,5,7,6,6,200,20,2,5,5,4,3,2,6,2,NA,"MASKED BY ICPSR"
"771",1,1990,25,1,NA,"MASKED BY ICPSR",1,3,1,2,2,NA,1,1,1,0,0,0,0,1,0,0,0,0,0,0,0,0,0,1,0,0,1,0,1,4,1,1,1,1,1,1,1,1,1,0,1,1,1,1,0,0,1,0,0,0,0,0,0,0,0,0,0,0,0,0,1,0,0,0,0,0,0,0,1,5,4,1,1,0,1,0,0,0,0,1,0,3,3,2,2,1,4,1,4,4,3,9,7,1,6,5,2,6,4,7,8,3,4,15,15,4,5,5,6,4,3,6,2,NA,"MASKED BY ICPSR"
"772",1,1996,19,1,NA,"MASKED BY ICPSR",0,3,5,2,3,NA,1,1,1,0,0,0,0,1,0,0,0,0,0,0,0,0,0,0,0,0,0,0,1,2,1,1,0,1,0,0,1,0,0,0,0,1,1,0,0,1,0,0,0,0,0,0,0,0,0,0,0,0,0,0,0,0,0,0,0,0,0,0,1,4,3,1,0,0,0,1,0,0,0,0,0,3,3,2,1,3,3,1,2,3,1,7,6,9,1,1,1,1,1,1,4,1,7,150,0,2,4,2,2,2,4,3,2,NA,"               "
"773",2,1989,26,1,NA,"MASKED BY ICPSR",0,2,4,2,4,NA,1,1,0,1,0,0,0,0,0,0,0,0,0,0,0,0,0,0,0,0,0,0,1,4,0,0,0,0,0,0,0,0,0,0,0,0,0,0,0,0,0,0,0,0,0,0,0,0,0,0,0,0,0,0,0,0,0,0,0,0,0,0,NA,NA,1,0,0,0,0,0,0,0,0,0,0,2,3,2,2,2,2,1,1,1,1,6,8,8,NA,9,5,8,8,9,9,7,7,180,5,1,4,5,5,4,5,4,2,NA,"MASKED BY ICPSR"
"774",2,1997,18,1,NA,"MASKED BY ICPSR",0,3,5,1,1,1,1,1,1,1,0,0,0,0,0,0,0,0,0,0,0,0,0,0,0,0,0,0,1,3,0,0,0,0,0,0,0,0,0,0,0,0,0,0,0,0,0,0,0,0,0,0,0,0,0,0,0,0,0,0,0,0,0,0,0,0,0,0,NA,NA,2,0,0,0,0,0,0,0,0,0,0,2,3,3,1,3,3,1,3,3,2,6,8,5,1,7,1,1,1,1,4,1,1,300,10,1,3,5,6,3,1,1,2,NA,"MASKED BY ICPSR"
"775",2,1989,26,1,NA,"MASKED BY ICPSR",0,5,1,4,2,NA,1,0,1,0,0,1,0,1,0,0,0,0,0,0,0,0,0,0,0,0,0,0,1,3,0,0,0,0,0,0,0,0,0,0,0,0,0,0,0,0,0,0,0,0,0,0,0,0,0,0,0,0,0,0,0,0,0,0,0,0,0,0,NA,NA,1,0,0,0,0,0,0,0,0,0,0,1,1,1,1,1,4,1,1,1,1,5,7,1,1,1,1,1,1,1,2,1,1,0,3,1,5,5,1,6,2,1,2,NA,"               "
"776",1,1985,30,1,NA,"MASKED BY ICPSR",1,1,4,4,2,NA,2,0,1,1,0,0,0,1,0,0,0,0,0,1,1,0,0,0,1,1,0,0,1,4,1,1,0,1,0,1,1,0,1,0,0,1,1,0,0,0,1,0,0,0,0,0,0,0,0,0,1,1,0,0,0,0,0,0,0,0,0,0,1,2,3,0,0,0,0,0,0,0,0,0,0,3,3,3,1,3,3,1,1,1,1,10,10,10,1,1,1,1,1,1,1,1,1,0,3,2,1,3,1,3,2,1,2,NA,"               "
"777",2,1992,23,1,NA,"MASKED BY ICPSR",1,2,5,4,1,3,1,1,1,1,0,0,0,1,0,0,0,1,0,0,1,0,0,0,1,0,0,0,1,2,1,1,0,1,0,0,1,1,1,0,0,0,0,1,0,1,0,1,0,0,0,0,0,0,1,0,0,0,0,0,0,0,0,0,0,0,0,0,1,3,3,0,0,0,0,0,0,0,0,0,0,4,2,3,2,2,3,1,3,4,2,3,4,4,3,8,5,6,1,2,8,4,8,190,10,1,5,4,4,2,1,2,2,NA,"               "
"778",1,1979,36,1,NA,"MASKED BY ICPSR",0,2,4,4,2,NA,1,1,1,1,0,1,0,1,0,0,1,1,0,1,1,1,1,0,1,1,1,0,1,4,1,1,0,1,0,0,0,0,1,1,1,0,0,0,0,1,0,1,0,0,0,0,0,0,0,0,0,1,0,0,0,0,1,0,0,0,0,0,3,3,2,0,0,0,0,0,0,0,0,0,0,2,3,2,3,2,2,2,3,2,2,8,9,8,NA,7,7,8,7,7,7,8,6,105,7,2,4,5,4,4,2,2,2,NA,"MASKED BY ICPSR"
"779",2,1980,35,1,NA,"MASKED BY ICPSR",0,2,4,4,3,NA,1,1,1,1,0,0,0,0,0,0,0,0,0,0,0,0,0,0,0,1,0,0,1,3,0,1,0,1,0,0,0,0,0,1,1,0,1,0,0,1,0,0,0,0,0,0,0,0,0,0,0,0,0,0,0,0,0,0,0,0,0,0,3,4,3,0,0,0,0,0,0,0,0,0,0,2,3,3,2,3,2,1,4,4,1,8,4,4,1,5,1,5,5,5,5,5,5,213,10,3,4,3,2,2,3,1,2,NA,"MASKED BY ICPSR"
"780",2,1991,24,1,NA,"MASKED BY ICPSR",1,1,5,4,3,NA,3,0,1,0,0,0,0,0,0,0,0,0,0,0,0,0,0,0,0,0,0,0,1,3,1,1,0,0,1,0,0,0,0,0,1,0,1,0,0,0,0,0,0,0,0,0,0,0,0,0,0,0,0,0,1,0,0,0,0,0,0,0,1,4,3,0,0,0,0,0,0,0,0,0,0,2,2,3,2,3,1,3,4,3,1,5,5,5,5,5,6,6,7,7,7,7,7,NA,NA,2,4,4,4,5,5,5,2,NA,"               "
"781",2,1979,36,1,NA,"MASKED BY ICPSR",0,4,3,3,3,NA,1,1,1,1,0,1,0,0,0,0,0,0,0,0,0,0,0,0,0,0,0,0,1,4,1,1,0,1,0,0,0,0,1,0,0,0,0,0,0,1,0,0,0,0,0,0,0,0,0,0,0,0,0,0,0,0,0,0,0,0,0,0,2,2,3,0,0,0,0,0,0,0,0,0,0,3,3,3,3,4,2,1,3,4,1,10,10,1,6,6,6,6,6,6,6,6,6,500,100,2,5,4,4,4,3,3,2,NA,"MASKED BY ICPSR"
"782",2,1980,35,1,NA,"MASKED BY ICPSR",0,2,5,1,4,NA,1,0,1,0,0,0,0,0,0,0,0,0,0,0,0,0,0,0,0,0,0,0,1,4,0,0,0,0,0,0,0,0,0,0,0,0,0,0,0,0,0,0,0,0,0,0,0,0,0,0,0,0,0,0,0,0,0,0,0,0,0,0,NA,NA,1,0,0,0,0,0,0,0,0,0,0,3,3,3,1,1,4,1,3,3,1,10,1,1,1,1,1,1,1,1,1,1,1,0,1,1,5,6,6,6,6,6,2,NA,"               "
"783",2,1989,26,1,NA,"MASKED BY ICPSR",0,2,4,4,2,NA,3,0,1,0,0,1,0,1,0,0,0,0,0,0,0,0,0,0,0,0,1,0,1,3,1,1,0,1,0,0,0,0,1,0,1,0,0,0,0,1,0,0,0,0,0,0,0,0,0,0,0,0,0,0,0,0,0,0,0,0,0,0,1,3,3,0,0,0,0,0,0,0,0,0,0,2,1,2,4,2,2,2,2,3,2,9,8,9,9,8,9,9,9,10,9,9,9,150,7,2,5,5,4,5,5,5,2,NA,"MASKED BY ICPSR"
"784",1,1982,33,1,NA,"MASKED BY ICPSR",1,3,4,3,3,NA,1,1,1,0,0,0,0,0,0,0,0,0,0,0,0,0,0,0,0,0,0,0,0,3,1,1,1,0,0,0,0,0,0,0,0,0,1,0,0,1,0,0,0,0,0,0,0,0,0,0,0,0,0,0,0,0,0,0,0,0,0,0,NA,1,1,1,1,1,0,0,0,0,0,0,0,2,1,2,4,2,4,4,3,2,2,10,10,10,10,9,9,9,9,9,9,9,9,2,3,2,5,5,5,4,4,4,1,3,"MASKED BY ICPSR"
"785",1,1985,30,1,NA,"MASKED BY ICPSR",0,1,4,5,2,NA,1,1,1,1,0,1,0,1,1,0,0,1,0,0,0,1,0,1,1,1,1,0,1,4,1,1,0,1,0,1,1,1,1,0,1,1,1,1,0,1,1,0,0,0,0,0,0,0,0,0,0,0,1,0,1,1,0,0,0,0,0,0,3,3,4,0,0,0,0,0,0,0,0,0,0,4,1,4,3,3,2,1,4,4,1,8,8,8,1,10,3,5,5,8,8,3,5,700,10,1,5,5,3,3,1,3,2,NA,"               "
"786",2,1988,27,1,NA,"MASKED BY ICPSR",0,3,4,3,3,NA,1,1,0,0,0,0,0,0,0,0,0,0,0,0,0,0,0,0,0,0,0,0,0,3,0,0,0,0,0,0,0,0,0,0,0,0,0,0,0,0,0,0,0,0,0,0,0,0,0,0,0,0,0,0,0,0,0,0,0,0,0,0,NA,NA,2,0,0,0,0,0,0,0,0,0,0,2,1,2,4,4,2,1,3,3,1,5,5,5,5,5,5,5,5,5,5,5,5,54,10,2,3,3,3,3,3,3,2,NA,"               "
"787",1,1989,26,1,NA,"MASKED BY ICPSR",0,3,5,4,2,NA,1,1,1,0,0,1,0,1,0,0,0,0,0,0,0,1,1,0,1,1,0,0,1,4,1,1,0,0,0,0,1,0,0,0,1,0,0,0,0,1,0,0,0,0,0,0,0,0,0,0,0,0,0,0,0,0,0,0,0,0,0,0,1,2,4,0,0,0,0,0,0,0,0,0,0,4,3,3,3,2,4,1,3,2,1,3,1,1,4,7,2,3,3,3,8,5,5,166,5,2,5,4,1,3,6,6,2,NA,"MASKED BY ICPSR"
"788",2,1989,26,1,NA,"MASKED BY ICPSR",0,3,4,3,2,NA,1,1,1,1,0,1,0,1,1,0,0,1,0,1,0,0,0,0,0,0,0,0,0,1,1,1,1,0,0,0,0,0,0,1,0,0,0,0,0,1,0,0,0,0,0,0,0,0,0,0,0,0,0,0,0,0,0,1,0,0,0,0,NA,5,1,1,0,1,1,1,0,0,0,0,0,3,1,2,2,3,3,3,3,3,4,10,10,10,10,10,10,10,10,10,10,10,10,200,5,3,5,5,5,5,5,5,2,NA,"MASKED BY ICPSR"
"789",2,1992,23,1,NA,"MASKED BY ICPSR",0,4,2,2,5,NA,1,1,1,0,0,1,0,0,0,0,0,0,0,0,0,0,0,0,1,1,1,0,1,4,1,1,0,1,0,0,0,0,0,0,1,0,0,0,0,1,1,0,0,0,0,0,0,0,0,0,0,0,0,0,0,0,1,0,0,0,0,0,1,1,3,0,0,0,0,0,0,0,0,0,0,3,3,2,3,3,2,1,4,4,2,3,4,10,2,2,1,1,1,1,4,4,8,300,5,2,3,4,5,1,1,1,2,NA,"MASKED BY ICPSR"
"790",1,1983,32,1,NA,"MASKED BY ICPSR",0,1,2,4,2,NA,1,1,1,1,0,1,0,1,1,0,1,1,0,0,1,0,1,0,1,1,1,0,1,4,0,0,0,0,0,0,0,0,0,0,0,0,0,0,0,0,0,0,0,0,0,0,0,0,0,0,0,0,0,0,0,0,0,0,0,0,0,0,NA,NA,3,0,0,0,0,0,0,0,0,0,0,3,3,3,3,4,3,3,3,4,3,10,10,4,10,10,10,7,7,7,9,9,9,1500,25,3,5,5,4,4,4,4,2,NA,"MASKED BY ICPSR"
"791",2,1987,28,1,NA,"MASKED BY ICPSR",0,3,5,4,2,NA,1,1,1,1,0,0,0,1,0,0,0,0,0,0,0,0,0,0,1,1,1,0,1,4,1,1,1,0,0,0,0,0,1,0,0,0,0,0,0,1,0,1,0,0,0,0,0,0,0,0,0,0,0,0,0,0,0,0,0,0,0,0,3,1,4,0,0,0,0,0,0,0,0,0,0,4,3,4,2,2,1,1,3,3,1,1,10,10,1,1,1,1,1,1,1,1,1,100,5,1,1,5,1,1,1,1,2,NA,"MASKED BY ICPSR"
"792",1,1990,25,1,NA,"MASKED BY ICPSR",1,3,2,5,5,NA,1,1,1,0,0,0,1,0,1,0,0,0,0,0,0,1,0,0,0,0,0,0,0,1,0,1,1,0,0,0,0,0,1,0,0,0,0,0,0,1,0,0,0,0,0,1,0,0,0,0,0,0,0,0,0,0,0,0,0,0,0,0,2,5,4,1,1,0,0,1,0,0,0,0,0,3,1,3,2,2,2,3,3,2,3,10,9,9,10,10,9,9,8,9,9,8,9,500,400,1,5,5,4,4,4,4,1,1,"MASKED BY ICPSR"
"793",2,1990,25,1,NA,"MASKED BY ICPSR",0,3,5,4,5,NA,1,1,1,1,0,0,0,1,0,0,0,1,0,0,0,0,1,0,1,1,0,0,1,3,1,1,0,1,0,0,0,0,1,0,1,1,0,1,0,1,1,1,0,0,0,0,0,0,0,0,0,0,0,0,0,0,0,0,0,0,0,0,3,2,4,1,0,0,0,0,0,0,1,0,0,3,1,3,3,3,3,1,2,2,3,9,4,5,4,6,6,2,2,4,3,4,3,223,12,2,3,5,1,3,1,3,2,NA,"               "
"794",1,1987,28,1,NA,"MASKED BY ICPSR",0,1,1,3,2,NA,1,1,1,1,0,0,0,1,0,0,0,0,0,0,1,0,0,0,0,0,0,0,1,4,1,1,1,1,1,1,1,1,1,1,1,1,1,1,0,1,0,1,0,0,0,0,0,0,0,0,0,1,0,0,0,0,0,0,0,0,0,0,1,2,4,1,0,0,0,1,1,0,0,0,0,3,3,3,3,3,2,1,4,3,1,9,8,10,3,5,1,2,1,5,2,1,1,100,5,2,5,5,2,2,1,2,2,NA,"MASKED BY ICPSR"
"795",1,1985,30,1,NA,"MASKED BY ICPSR",0,1,2,5,2,NA,1,1,1,0,0,0,0,1,0,0,0,0,0,1,1,1,0,1,0,1,0,0,1,2,1,1,0,1,0,0,1,1,0,0,0,1,1,0,0,0,0,0,0,0,0,0,0,0,0,0,0,0,0,0,0,0,1,0,0,0,0,0,1,3,4,0,0,0,0,0,0,0,0,0,0,3,3,2,3,2,3,1,2,3,1,8,7,3,3,6,3,5,1,4,3,1,1,100,5,1,5,4,2,2,3,6,2,NA,"               "
"796",2,1992,23,1,NA,"MASKED BY ICPSR",1,3,2,4,2,NA,3,1,1,1,0,1,0,1,0,0,0,1,0,0,0,0,0,0,1,1,0,0,1,3,1,1,1,1,0,1,0,0,0,1,1,0,1,1,0,1,0,1,0,0,0,0,0,0,0,0,0,0,0,0,0,0,1,0,0,0,0,0,3,1,3,0,0,0,0,0,0,0,0,0,0,2,3,4,3,3,2,1,2,4,1,7,7,9,3,2,6,2,2,2,5,3,8,470,10,2,1,4,2,6,4,4,2,NA,"               "
"797",2,1986,29,1,NA,"MASKED BY ICPSR",1,2,4,3,2,NA,3,1,1,1,0,1,0,1,0,0,0,0,0,0,1,0,0,0,1,1,0,0,1,4,1,1,0,0,0,0,1,0,1,1,1,1,1,0,0,1,0,0,0,0,0,0,0,0,0,0,0,0,0,0,0,0,0,0,0,0,0,0,3,3,3,1,0,0,0,1,1,1,0,0,0,3,1,2,3,3,2,1,4,4,1,5,5,5,5,3,5,2,2,2,5,4,4,NA,10,4,2,3,1,4,3,3,2,NA,"               "
"798",2,1979,36,1,NA,"MASKED BY ICPSR",1,2,2,4,2,NA,3,1,1,1,0,0,0,0,0,0,0,0,0,0,0,0,0,0,0,0,0,0,0,3,1,0,0,0,0,0,0,0,0,0,0,0,0,0,0,0,0,0,0,0,0,0,0,0,0,0,0,0,0,0,0,0,0,0,0,0,0,0,NA,NA,3,1,0,0,0,1,0,0,0,0,0,2,2,2,3,3,3,2,2,2,3,8,8,7,9,8,7,8,8,7,8,7,8,150,10,3,5,4,4,4,5,4,1,3,"MASKED BY ICPSR"
"799",2,1992,23,1,NA,"MASKED BY ICPSR",0,3,6,3,3,NA,1,0,1,1,0,0,0,1,0,0,0,1,1,0,0,0,0,0,1,1,1,0,1,4,1,1,1,1,1,1,1,1,1,1,1,1,0,1,0,0,1,0,0,0,0,0,0,0,1,0,0,0,0,0,0,0,0,0,0,0,0,0,3,1,2,1,0,0,1,0,0,0,1,1,0,3,3,1,3,3,4,1,3,3,1,7,8,9,5,6,7,1,1,5,2,1,1,0,4,4,3,4,1,3,1,1,1,1,"               "
"800",1,1992,23,1,NA,"MASKED BY ICPSR",1,1,6,3,3,NA,3,0,1,0,0,0,0,0,0,0,0,0,0,0,1,1,0,0,0,0,1,0,1,4,1,1,0,1,0,0,0,0,1,0,0,0,0,0,0,0,1,0,0,0,0,0,0,0,0,0,0,0,0,0,0,0,0,0,0,0,0,0,1,3,4,0,0,0,0,0,0,0,0,0,0,2,3,2,4,2,3,3,2,2,1,5,8,3,3,6,5,4,7,5,8,3,6,35,2,2,2,3,1,1,1,1,2,NA,"MASKED BY ICPSR"
"801",2,1990,25,1,NA,"MASKED BY ICPSR",0,5,1,3,4,NA,6,1,1,1,0,1,0,1,0,0,0,1,0,0,0,1,1,0,1,1,1,0,1,3,1,1,1,1,1,1,1,1,1,1,1,1,1,1,0,1,0,1,0,0,0,0,0,0,0,0,0,0,0,0,0,0,0,0,0,0,0,0,3,1,3,0,0,0,0,0,0,0,0,0,0,2,3,2,2,2,4,1,3,3,3,10,10,10,6,6,6,1,1,1,1,1,1,131,20,1,3,5,1,3,6,5,2,NA,"MASKED BY ICPSR"
"802",1,1981,34,1,NA,"MASKED BY ICPSR",0,2,4,3,2,NA,1,1,1,1,0,0,0,1,0,0,0,1,0,0,0,0,0,0,0,0,0,0,1,3,1,1,1,0,1,0,0,0,1,0,1,0,1,0,0,1,0,0,0,0,0,0,0,0,0,0,0,0,0,0,0,0,0,0,0,0,0,0,3,3,3,0,0,0,0,0,0,0,0,0,0,3,3,2,3,3,3,1,3,3,3,8,8,3,5,4,4,2,2,5,6,5,5,150,15,2,5,5,4,3,1,3,2,NA,"               "
"803",1,1982,33,1,NA,"MASKED BY ICPSR",1,1,4,4,2,NA,1,1,1,1,0,1,0,1,0,0,0,1,0,1,1,1,0,1,1,1,1,0,1,3,1,1,1,1,0,1,0,0,1,1,1,1,0,1,0,1,0,1,0,0,0,1,0,0,0,0,0,0,0,0,0,0,1,0,0,0,0,0,3,2,3,0,0,0,0,0,0,0,0,0,0,3,1,4,2,3,4,1,3,2,1,10,10,7,4,7,2,5,5,9,10,10,10,80,3,2,5,5,4,3,6,4,2,NA,"MASKED BY ICPSR"
"804",2,1997,18,1,NA,"MASKED BY ICPSR",1,2,5,2,4,NA,4,1,1,0,0,1,0,1,0,0,0,0,0,0,0,0,1,0,1,0,0,0,1,2,1,1,0,0,1,0,0,0,0,0,1,0,0,0,0,1,0,0,0,0,0,0,0,0,0,0,0,0,0,0,0,0,0,0,0,0,0,0,3,3,4,0,0,0,0,0,0,0,0,0,0,4,3,3,1,2,2,2,3,3,1,8,5,2,4,7,7,2,9,4,7,4,5,35,10,3,5,5,1,4,3,2,2,NA,"MASKED BY ICPSR"
"805",2,1984,31,1,NA,"MASKED BY ICPSR",0,3,4,2,5,NA,1,1,1,1,0,1,0,1,0,0,0,0,0,0,0,0,0,0,0,1,0,0,0,4,0,0,0,0,0,0,0,0,0,0,0,0,0,0,0,0,0,0,0,0,0,0,0,0,0,0,0,0,0,0,0,0,0,0,0,0,0,0,NA,NA,2,0,0,0,0,0,0,0,0,0,0,2,1,2,3,3,2,1,3,4,1,5,6,8,8,7,5,7,5,8,7,8,8,25,2,1,3,2,4,4,3,6,2,NA,"               "
"806",1,1990,25,1,NA,"MASKED BY ICPSR",0,4,3,2,3,NA,2,1,1,1,0,1,0,1,1,0,0,0,0,0,0,0,1,0,1,1,1,0,1,4,1,1,0,1,0,1,1,0,1,0,1,0,0,0,0,1,0,1,0,0,0,0,0,0,0,0,0,0,0,0,0,0,0,0,0,0,0,0,1,3,3,0,0,0,0,0,0,0,0,0,0,4,3,4,3,2,4,2,3,3,2,7,10,8,6,6,6,6,6,7,4,6,6,785,8,2,3,4,2,3,1,2,1,1,"MASKED BY ICPSR"
"807",2,1985,30,1,NA,"MASKED BY ICPSR",0,3,1,5,2,NA,1,1,1,0,0,0,0,1,0,0,0,0,0,0,0,0,0,0,1,1,0,0,1,4,1,1,1,1,1,1,1,1,1,1,0,1,1,1,0,1,0,0,0,0,0,0,0,0,0,0,0,0,0,0,0,0,0,0,0,0,0,0,1,2,4,0,0,0,0,0,0,0,0,0,0,4,1,4,3,2,4,1,3,3,1,7,6,9,5,10,1,5,4,6,5,1,7,215,20,1,5,4,3,3,1,1,2,NA,"               "
"808",2,1995,20,1,NA,"MASKED BY ICPSR",1,3,5,2,1,1,1,1,1,1,0,1,0,1,0,0,0,1,0,1,0,0,1,0,1,1,1,0,1,3,1,1,0,1,1,1,0,0,1,1,0,0,0,0,0,0,0,1,0,0,0,0,0,0,1,0,0,0,0,0,0,0,0,0,0,0,0,0,3,4,3,0,0,0,0,0,0,0,0,0,0,3,3,4,3,4,2,1,2,2,1,NA,NA,NA,2,4,2,4,4,4,5,1,1,500,3,2,3,4,1,1,3,3,2,NA,"MASKED BY ICPSR"
"809",2,1994,21,1,NA,"MASKED BY ICPSR",0,3,2,3,1,3,1,1,1,1,0,1,0,1,0,0,0,1,0,0,0,0,0,0,1,1,0,1,1,3,1,1,1,1,0,0,1,0,1,0,1,1,0,0,0,1,0,0,0,0,0,0,0,0,0,0,0,0,0,0,0,0,0,1,0,0,0,0,1,3,3,1,0,0,0,1,0,0,1,1,0,4,3,4,3,3,3,1,3,3,3,2,5,10,1,6,5,4,3,4,7,1,5,700,2,2,3,1,1,3,1,1,1,6,"               "
"810",2,1990,25,1,NA,"MASKED BY ICPSR",1,2,2,4,4,NA,1,1,1,1,0,1,0,1,1,0,0,1,1,0,1,0,1,1,1,0,1,1,1,4,1,1,0,1,0,1,0,0,0,1,0,1,0,0,0,1,1,0,0,0,0,0,0,0,0,0,0,1,0,0,0,0,0,0,0,0,0,0,1,4,3,0,0,0,0,0,0,0,0,0,0,2,1,2,1,1,4,1,3,3,1,1,9,9,2,5,1,1,1,1,2,3,3,126,4,2,4,4,2,6,6,6,2,NA,"               "
"811",2,1982,33,1,NA,"MASKED BY ICPSR",0,3,4,5,2,NA,1,1,1,1,0,0,0,0,0,0,0,0,0,0,1,0,0,0,1,0,0,0,0,3,1,1,1,1,0,0,0,0,1,0,0,1,1,1,0,1,1,0,0,0,0,0,0,0,0,0,0,1,0,0,0,0,0,0,0,0,0,0,3,3,3,1,0,0,0,1,0,0,0,0,0,3,3,2,1,2,4,1,1,3,2,3,4,8,4,5,2,3,4,2,7,8,8,250,4,1,4,3,2,6,2,6,2,NA,"MASKED BY ICPSR"
"812",2,1985,30,1,NA,"MASKED BY ICPSR",0,4,2,3,2,NA,1,1,1,1,0,1,0,1,0,0,0,0,0,0,1,0,0,0,1,1,0,0,1,4,1,0,0,0,0,0,0,0,0,0,0,0,0,0,0,0,0,0,0,0,0,0,0,0,0,0,0,0,0,0,0,0,0,0,0,0,0,0,NA,NA,3,0,0,0,0,0,0,0,0,0,0,2,1,2,1,2,4,1,4,4,1,6,8,7,4,4,1,1,1,3,3,4,3,700,4,1,5,5,1,2,6,6,2,NA,"MASKED BY ICPSR"
"813",2,1984,31,1,NA,"MASKED BY ICPSR",0,2,4,2,5,NA,3,1,1,0,0,0,0,0,0,0,0,0,0,0,0,0,0,0,1,0,0,0,0,4,0,0,0,0,0,0,0,0,0,0,0,0,0,0,0,0,0,0,0,0,0,0,0,0,0,0,0,0,0,0,0,0,0,0,0,0,0,0,NA,NA,2,0,0,0,0,0,0,0,0,0,0,2,3,2,1,1,4,1,2,1,1,9,7,6,5,6,3,5,5,6,6,5,6,130,2,2,5,4,3,3,6,3,2,NA,"MASKED BY ICPSR"
"814",2,1993,22,1,NA,"MASKED BY ICPSR",1,1,6,3,1,3,3,1,1,0,0,1,0,0,0,0,0,1,0,0,0,0,1,0,0,0,1,0,1,4,0,1,0,1,1,0,1,0,1,0,1,0,0,1,0,1,1,0,0,0,0,0,0,0,0,0,0,0,0,0,0,0,0,0,0,0,0,0,1,5,2,1,1,0,1,0,0,0,1,1,0,3,3,2,2,3,2,3,1,3,2,5,6,5,5,4,5,6,5,6,6,7,6,600,2,2,3,5,3,2,1,1,2,NA,"MASKED BY ICPSR"
"815",2,1993,22,1,NA,"MASKED BY ICPSR",1,2,5,3,1,3,3,1,1,0,0,1,0,1,0,0,0,0,0,0,0,0,0,0,0,0,1,0,1,3,0,1,0,1,0,1,0,0,1,1,1,0,1,0,0,1,0,0,0,0,0,0,0,0,0,0,0,1,0,0,0,0,1,0,0,0,0,0,3,4,3,0,0,0,0,0,0,0,0,0,0,2,3,3,2,2,2,1,3,3,2,1,3,7,5,4,2,3,3,3,4,3,4,25,2,3,4,2,1,1,1,1,1,4,"               "
"816",2,1992,23,1,NA,"MASKED BY ICPSR",0,2,5,4,4,NA,3,1,1,0,0,1,0,1,0,0,0,1,0,0,0,0,0,0,0,0,1,0,1,4,1,1,0,1,0,0,1,1,1,0,1,1,0,1,0,1,1,0,0,0,0,0,0,0,0,0,0,0,0,0,0,0,0,0,0,0,0,0,1,3,3,1,0,0,0,0,0,0,1,1,0,4,3,4,2,3,4,1,2,3,1,5,4,6,4,4,4,2,2,3,3,3,2,NA,6,1,5,4,2,4,3,6,1,1,"MASKED BY ICPSR"
"817",2,1994,21,1,NA,"MASKED BY ICPSR",0,3,1,2,1,1,1,1,1,0,0,0,0,1,0,0,0,1,0,0,0,0,0,0,1,1,0,0,1,3,0,0,0,0,0,0,0,0,0,0,0,0,0,0,0,0,0,0,0,0,0,0,0,0,0,0,0,0,0,0,0,0,0,0,0,0,0,0,NA,NA,2,0,0,0,0,0,0,0,0,0,0,4,3,4,2,2,4,1,2,2,4,5,5,5,5,5,5,5,5,5,1,4,5,150,20,1,3,3,3,3,3,3,2,NA,"MASKED BY ICPSR"
"818",2,1990,25,1,NA,"MASKED BY ICPSR",1,2,6,3,3,NA,3,1,1,1,0,0,0,1,0,0,0,1,0,0,1,1,0,0,0,1,1,0,1,3,1,1,0,1,1,1,1,0,1,1,0,0,0,1,1,1,0,1,0,0,0,0,0,0,0,0,0,0,0,0,0,0,0,0,0,0,0,0,2,3,3,1,1,0,1,0,0,0,1,0,0,3,3,3,3,3,3,1,3,3,3,3,3,8,4,6,5,7,3,4,2,2,3,50,3,3,4,3,2,2,6,6,2,NA,"               "
"819",1,1987,28,1,NA,"MASKED BY ICPSR",0,2,4,3,2,NA,2,1,1,1,0,1,0,1,0,0,0,1,0,0,0,0,1,1,1,0,1,0,1,3,1,1,1,1,1,1,1,1,1,0,0,0,1,0,0,1,1,1,0,0,0,0,0,0,0,0,0,0,0,0,1,0,0,0,0,0,0,0,1,3,3,1,1,0,0,0,1,0,0,0,0,4,3,3,2,4,2,1,4,4,3,6,7,8,4,6,6,6,5,3,6,5,6,250,10,3,5,4,3,3,3,2,2,NA,"               "
"820",2,1994,21,1,NA,"MASKED BY ICPSR",1,3,5,3,3,NA,4,1,1,1,0,0,0,1,1,0,0,0,1,0,0,0,0,0,0,1,0,0,0,4,1,1,1,1,1,0,0,1,1,1,1,1,1,1,0,1,1,0,0,0,0,0,0,0,0,0,0,0,0,0,0,0,0,0,0,0,0,0,1,4,4,0,0,0,0,0,0,0,0,0,0,4,3,2,2,3,3,1,2,2,2,4,6,7,2,7,2,4,7,8,6,6,4,4,3,2,4,2,1,3,2,2,2,NA,"MASKED BY ICPSR"
"821",1,1995,20,1,NA,"MASKED BY ICPSR",0,3,5,3,4,NA,1,1,1,0,0,0,0,1,0,0,0,1,0,0,0,0,0,1,0,0,0,0,1,4,1,1,0,0,0,1,1,0,0,0,0,1,0,0,0,1,0,0,0,0,0,0,0,0,0,0,0,0,0,0,0,0,0,0,0,0,0,0,1,3,4,0,0,0,0,0,0,0,0,0,0,4,3,3,1,2,4,3,2,2,3,7,7,10,7,9,10,2,1,10,1,1,1,175,5,3,4,4,2,5,2,1,2,NA,"               "
"822",2,1991,24,1,NA,"MASKED BY ICPSR",1,1,5,4,1,3,3,1,1,1,0,0,0,1,0,0,0,1,0,0,0,0,0,0,0,0,0,0,1,3,1,1,0,1,0,0,0,0,0,0,1,0,1,1,0,0,0,1,0,0,0,0,0,0,0,0,0,0,0,0,0,0,0,0,0,0,0,0,2,2,3,1,0,0,1,0,0,0,1,1,0,3,2,3,3,3,3,3,3,3,3,10,9,9,10,10,8,8,8,8,8,8,8,50,10,3,5,5,3,3,3,3,1,5,"MASKED BY ICPSR"
"823",2,1991,24,1,NA,"MASKED BY ICPSR",0,2,4,4,3,NA,1,1,1,0,0,0,0,0,0,0,0,0,0,0,0,0,0,0,1,1,1,0,1,3,1,1,0,1,1,1,1,1,0,1,1,1,1,1,0,1,1,0,0,0,0,0,0,0,0,0,0,0,0,0,0,0,1,0,0,0,0,0,1,3,3,0,0,0,0,0,0,0,0,0,0,3,2,3,1,1,4,1,4,3,1,7,5,9,5,6,4,4,4,4,6,4,4,357,10,1,5,4,3,3,4,6,2,NA,"               "
"824",1,1993,22,1,NA,"MASKED BY ICPSR",0,4,5,4,1,3,1,1,1,0,0,0,0,0,0,0,0,0,0,0,0,0,0,0,0,0,0,0,1,3,1,1,0,1,0,0,0,0,1,0,0,0,0,0,0,1,0,0,0,0,0,0,0,0,0,0,0,0,0,0,0,0,0,0,0,0,0,0,3,NA,2,0,0,0,0,0,0,0,0,0,0,2,2,3,2,2,3,1,2,2,1,8,8,2,6,7,4,4,4,4,8,4,5,1400,20,1,5,5,3,1,2,3,2,NA,"               "
"825",2,1993,22,1,NA,"MASKED BY ICPSR",0,3,2,3,2,NA,1,1,1,0,0,1,0,1,0,0,0,0,0,0,0,0,0,0,0,0,0,0,1,2,0,0,0,0,0,0,0,0,0,0,0,0,0,0,0,0,0,0,0,0,0,0,0,0,0,0,0,0,0,0,0,0,0,0,0,0,0,0,NA,NA,2,0,0,0,0,0,0,0,0,0,0,2,3,3,1,2,4,1,3,3,1,7,3,1,1,4,1,3,3,3,6,3,6,NA,5,2,5,4,4,1,1,1,2,NA,"               "
"826",2,1991,24,1,NA,"MASKED BY ICPSR",1,2,3,3,2,NA,3,1,1,1,0,1,0,1,1,0,0,1,0,0,0,0,0,0,0,0,0,0,0,4,1,1,0,1,1,1,1,1,1,1,0,0,1,1,0,1,1,0,1,0,0,0,0,0,0,0,0,0,0,0,0,0,0,0,0,0,0,0,3,1,4,1,1,1,0,1,1,0,0,0,0,4,1,4,4,4,4,3,3,3,4,10,10,10,10,8,9,10,10,9,10,10,10,300,5,4,5,4,3,2,1,5,2,NA,"MASKED BY ICPSR"
"827",2,1996,19,1,NA,"MASKED BY ICPSR",0,4,2,2,4,NA,3,1,1,0,0,1,0,0,0,0,0,1,0,0,0,0,0,0,0,0,1,0,1,3,1,1,0,1,1,0,0,0,1,0,1,0,0,0,0,0,0,0,0,0,0,0,0,0,1,0,0,0,0,0,0,0,0,0,0,0,0,0,3,1,3,0,0,0,0,0,0,0,0,0,0,2,3,3,3,4,3,1,4,3,2,10,8,5,6,5,4,6,5,6,4,5,6,200,2,2,5,2,1,3,4,4,2,NA,"               "
"828",2,1990,25,1,NA,"MASKED BY ICPSR",0,5,6,4,2,NA,5,1,1,1,0,0,0,1,1,0,0,0,0,0,0,0,0,1,1,0,1,0,1,3,1,1,0,0,0,1,0,1,1,1,0,1,0,0,0,1,0,0,0,0,0,0,0,0,0,0,0,0,0,0,0,0,0,0,0,0,0,0,3,3,3,0,0,0,0,0,0,0,0,0,0,3,3,2,2,2,3,1,3,4,4,5,10,7,7,7,1,4,4,5,5,5,4,467,10,1,4,5,1,1,3,5,2,NA,"MASKED BY ICPSR"
"829",2,1992,23,1,NA,"MASKED BY ICPSR",0,3,4,4,1,3,2,1,1,1,0,1,0,0,0,0,0,0,0,0,0,0,1,0,1,0,1,0,1,3,1,1,0,1,0,0,0,0,1,0,1,0,0,1,0,1,0,0,0,0,0,0,0,0,0,0,0,0,0,0,0,0,0,0,0,0,0,0,2,2,3,0,0,0,0,0,0,0,0,0,0,4,3,4,3,3,2,1,4,4,1,6,5,1,1,1,1,5,5,5,5,5,5,2450,5,2,5,4,4,6,3,6,2,NA,"               "
"830",2,1990,25,1,NA,"MASKED BY ICPSR",1,2,5,4,3,NA,3,1,1,0,0,0,0,0,0,0,0,0,0,0,0,0,0,0,1,1,0,0,1,3,1,1,0,0,0,0,1,0,0,0,1,0,0,1,1,0,1,0,0,0,0,0,0,0,0,0,0,0,0,0,0,1,0,0,0,0,0,0,1,3,3,0,0,0,0,0,0,0,0,0,0,3,1,2,1,1,3,1,4,4,2,8,6,5,7,7,5,5,4,6,6,5,5,200,5,1,5,4,1,3,3,6,2,NA,"MASKED BY ICPSR"
"831",2,1992,23,1,NA,"MASKED BY ICPSR",1,1,5,4,4,NA,3,1,1,0,0,0,0,1,0,0,0,0,0,0,0,0,1,0,0,0,1,0,1,3,1,1,0,1,0,0,1,0,1,0,0,0,0,1,0,1,0,0,0,0,0,0,0,0,0,0,0,0,1,0,0,0,0,0,0,0,0,0,1,4,3,0,0,0,0,0,0,0,0,0,0,2,1,2,1,1,4,1,1,2,1,9,3,6,3,7,1,5,4,6,6,3,2,150,10,2,5,3,1,2,6,6,2,NA,"               "
"832",1,1991,24,1,NA,"MASKED BY ICPSR",0,3,5,4,4,NA,1,1,1,0,0,0,0,1,0,0,0,0,0,0,1,0,0,0,0,0,0,0,1,3,0,1,0,0,1,1,0,1,0,0,0,0,1,0,0,1,0,1,0,0,0,0,0,0,0,0,0,1,0,0,0,0,0,0,1,0,0,1,2,1,3,0,0,0,0,0,0,0,0,0,0,2,1,4,1,1,4,1,2,3,1,1,1,5,5,1,3,1,1,1,1,5,5,23,1,3,3,6,1,1,3,6,2,NA,"               "
"833",2,1992,23,1,NA,"MASKED BY ICPSR",0,1,1,5,1,3,1,1,1,1,0,1,0,1,0,0,0,1,0,0,0,1,0,0,0,1,1,0,1,2,1,1,0,1,1,1,0,1,1,0,1,1,0,1,0,0,0,1,0,0,0,0,0,0,1,0,0,0,0,0,0,0,0,0,0,0,0,0,2,4,3,0,0,0,0,0,0,0,0,0,0,2,3,3,2,2,3,1,4,3,1,7,6,6,6,6,2,2,2,2,5,2,4,500,2,2,5,3,1,2,1,2,2,NA,"MASKED BY ICPSR"
"834",2,1993,22,1,NA,"MASKED BY ICPSR",0,3,5,3,3,NA,1,1,1,1,0,0,0,1,0,0,0,0,0,0,0,0,0,0,1,0,0,0,0,4,1,1,1,1,1,0,0,1,1,0,1,0,0,1,0,1,0,1,0,0,0,0,0,0,0,0,0,0,0,0,0,0,0,0,0,0,0,0,1,1,3,1,1,0,0,0,0,0,0,1,0,3,1,4,4,4,2,1,3,4,3,1,8,6,6,9,8,2,2,1,9,6,9,2500,5,3,5,5,2,4,1,2,1,5,"MASKED BY ICPSR"
"835",1,1995,20,1,NA,"MASKED BY ICPSR",0,1,5,3,1,3,1,1,1,0,0,1,0,1,0,0,0,0,0,0,0,0,0,0,0,0,0,0,1,3,0,0,0,0,0,0,0,0,0,0,0,0,0,0,0,0,0,0,0,0,0,0,0,0,0,0,0,0,0,0,0,0,0,0,0,0,0,0,NA,NA,3,0,0,0,0,0,0,0,0,0,0,2,3,2,1,2,2,1,2,4,1,8,8,8,7,8,6,7,6,7,6,6,7,75,2,3,5,5,1,3,1,4,2,NA,"MASKED BY ICPSR"
"836",2,1993,22,1,NA,"MASKED BY ICPSR",0,5,2,2,3,NA,1,1,1,0,0,0,0,0,0,0,0,0,0,0,0,0,0,0,1,0,0,0,1,3,0,0,0,0,0,0,0,0,0,0,0,0,0,0,0,0,0,0,0,0,0,0,0,0,0,0,0,0,0,0,0,0,0,0,0,0,0,0,NA,NA,3,0,0,0,0,0,0,0,0,0,0,NA,NA,NA,NA,NA,NA,NA,NA,NA,NA,NA,NA,NA,NA,NA,NA,NA,NA,NA,NA,NA,NA,NA,NA,NA,5,5,1,2,4,6,2,NA,"MASKED BY ICPSR"
"837",2,1991,24,1,NA,"MASKED BY ICPSR",0,2,2,4,5,NA,1,1,0,1,0,0,0,0,0,0,0,0,0,0,0,0,0,0,0,0,1,0,1,2,1,1,0,1,0,0,0,0,1,0,0,0,0,0,0,1,0,0,0,0,0,0,0,0,0,0,0,0,0,0,0,0,0,0,0,0,0,0,1,2,4,1,0,0,0,0,0,0,0,1,0,3,1,2,2,2,3,2,3,2,2,2,6,6,5,3,6,8,7,7,6,3,4,160,20,2,3,3,4,4,2,2,1,5,"MASKED BY ICPSR"
"838",2,1995,20,1,NA,"MASKED BY ICPSR",0,4,5,3,3,NA,5,1,1,1,0,1,0,1,0,0,0,1,0,1,0,0,0,0,1,1,0,0,1,3,1,1,0,1,0,0,1,0,1,1,1,0,0,1,0,1,0,1,0,0,0,0,0,0,1,0,0,0,0,0,0,1,0,0,0,0,0,0,3,2,4,0,0,0,0,0,0,0,0,0,0,3,3,2,1,1,4,1,3,3,1,9,9,1,4,4,1,2,2,2,1,1,3,459,3,1,3,5,1,1,1,3,2,NA,"MASKED BY ICPSR"
"839",1,1991,24,1,NA,"MASKED BY ICPSR",1,2,5,3,3,NA,1,1,1,1,0,1,0,1,0,0,0,1,1,0,1,0,1,1,0,1,1,0,1,4,1,1,0,0,0,1,0,0,0,1,0,0,0,0,0,1,0,0,0,0,0,0,0,0,0,0,0,0,0,0,0,0,0,0,0,0,0,0,1,3,3,0,0,0,0,0,0,0,0,0,0,3,2,3,4,3,2,1,3,2,1,6,10,4,3,5,6,3,2,4,3,2,3,342,6,4,4,5,1,3,1,1,2,NA,"MASKED BY ICPSR"
"840",2,1990,25,1,NA,"MASKED BY ICPSR",0,3,2,3,2,NA,1,1,1,1,0,1,0,1,0,0,0,1,1,0,1,1,0,0,1,1,0,0,1,4,1,1,1,1,1,0,0,1,1,0,1,0,0,1,0,1,1,0,0,0,0,0,0,0,1,0,0,0,1,0,0,0,0,0,0,0,0,0,1,2,4,1,0,0,0,0,0,0,1,1,0,4,3,3,3,4,3,1,4,4,4,9,6,4,5,7,4,5,5,5,5,3,3,100,10,2,4,5,3,3,3,5,2,NA,"MASKED BY ICPSR"
"841",2,1992,23,1,NA,"MASKED BY ICPSR",0,1,2,3,5,NA,1,1,1,0,0,0,0,1,0,0,0,0,0,0,0,0,0,0,0,0,1,0,1,3,1,1,0,0,1,0,0,0,1,0,0,0,0,0,0,1,0,0,0,0,0,0,0,0,0,0,0,0,0,0,0,0,0,0,0,0,0,0,2,4,3,0,0,0,0,0,0,0,0,0,0,2,1,1,1,3,2,1,3,4,1,8,5,1,6,8,2,2,2,1,10,5,8,130,15,1,5,5,3,2,3,6,2,NA,"               "
"842",1,1992,23,1,NA,"MASKED BY ICPSR",0,1,1,3,4,NA,2,1,1,1,0,1,0,1,1,0,1,1,0,0,0,0,0,0,0,0,0,0,1,3,0,0,0,0,0,0,0,0,0,0,0,0,0,0,0,0,0,0,0,0,0,0,0,0,0,0,0,0,0,0,0,0,0,0,0,0,0,0,NA,NA,1,0,0,0,0,0,0,0,0,0,0,2,2,2,1,1,4,1,1,1,1,5,5,5,10,10,10,10,10,10,10,10,10,18,3,3,5,5,5,5,5,5,2,NA,"               "
"843",1,1991,24,1,NA,"MASKED BY ICPSR",0,1,1,2,4,NA,1,1,1,1,0,1,0,1,1,0,0,0,0,0,0,0,1,0,1,0,0,0,1,4,1,1,0,1,0,0,0,0,0,0,1,0,0,0,0,1,1,0,0,0,0,0,0,0,0,0,0,0,0,0,0,0,0,0,0,0,0,0,1,3,NA,0,0,0,0,0,0,0,0,0,0,3,NA,2,2,3,4,1,3,3,1,10,10,10,10,10,8,1,1,1,5,2,1,534,9,2,5,5,5,3,1,2,2,NA,"               "
"844",1,1995,20,1,NA,"MASKED BY ICPSR",1,2,5,2,1,1,1,1,1,1,0,1,0,0,0,0,0,0,0,0,0,0,0,1,0,0,1,0,1,4,0,0,0,0,0,0,0,0,0,0,0,0,0,0,0,0,0,0,0,0,0,0,0,0,0,0,0,0,0,0,0,0,0,0,0,0,0,0,NA,NA,1,0,0,0,0,0,0,0,0,0,0,1,1,2,3,4,2,1,4,4,1,6,3,1,3,5,2,1,1,2,5,6,4,67,6,2,5,4,1,2,1,2,2,NA,"MASKED BY ICPSR"
"845",1,1993,22,1,NA,"MASKED BY ICPSR",1,1,5,3,1,3,1,1,1,1,0,0,0,0,0,0,0,0,0,0,0,0,0,0,0,0,0,0,1,4,1,1,0,1,0,0,0,0,0,0,0,0,1,0,0,0,0,0,0,0,0,0,0,0,0,0,0,0,1,0,0,0,1,0,0,0,0,0,1,5,3,0,0,0,0,0,0,0,0,0,0,3,2,1,2,2,1,3,3,2,3,7,6,7,7,5,6,7,6,7,6,5,6,550,30,2,5,4,4,5,4,4,2,NA,"MASKED BY ICPSR"
"846",2,1990,25,1,NA,"MASKED BY ICPSR",0,3,4,4,2,NA,3,1,1,1,0,1,0,0,0,0,0,0,0,0,0,0,0,1,0,0,0,0,0,3,1,1,1,1,0,0,0,1,1,0,1,0,0,1,0,1,0,0,0,0,0,0,0,0,0,0,0,0,0,0,0,0,0,0,0,0,0,0,1,1,3,0,0,0,0,0,0,0,0,0,0,4,3,4,2,4,2,1,3,3,1,9,9,10,5,5,5,5,5,5,5,5,5,354,10,2,3,3,3,3,3,3,2,NA,"               "
"847",2,1991,24,1,NA,"MASKED BY ICPSR",0,4,5,3,3,NA,1,1,1,1,0,0,0,0,0,0,0,1,1,0,0,0,0,0,1,0,0,0,1,4,1,1,0,1,1,1,1,0,1,1,0,1,0,1,0,1,1,1,0,0,0,0,0,0,0,0,0,0,0,0,0,0,0,0,0,0,0,0,1,1,3,1,0,0,0,0,0,0,0,1,0,3,3,2,3,2,4,1,2,2,1,2,7,9,3,6,2,5,2,4,1,1,NA,300,5,2,2,4,1,4,6,6,1,6,"               "
"848",2,1992,23,1,NA,"MASKED BY ICPSR",1,2,5,3,1,3,3,1,1,1,0,0,0,1,0,0,0,1,0,0,0,0,0,0,1,1,0,0,1,4,1,1,0,1,0,0,0,0,0,0,1,0,0,0,0,0,0,1,0,0,0,0,0,0,0,0,0,0,0,0,0,0,0,0,0,0,0,0,1,2,3,0,0,0,0,0,0,0,0,0,0,3,3,3,3,4,2,1,2,2,1,6,7,10,7,7,5,5,3,3,3,1,1,200,4,4,5,5,3,4,3,3,2,NA,"MASKED BY ICPSR"
"849",2,1988,27,1,NA,"MASKED BY ICPSR",1,3,2,4,2,NA,1,1,0,0,0,0,0,0,0,0,0,0,0,0,0,0,0,0,0,0,0,0,0,2,1,1,1,0,0,0,0,0,1,0,0,0,0,0,0,1,0,0,0,0,0,0,0,0,0,0,0,0,0,0,0,0,0,0,0,0,0,0,1,1,3,1,0,0,0,0,1,0,0,0,0,3,1,3,3,3,3,3,3,3,3,8,8,8,8,8,8,8,8,8,8,8,8,1075,20,3,4,4,4,4,4,4,2,NA,"MASKED BY ICPSR"
"850",2,1994,21,1,NA,"MASKED BY ICPSR",1,1,3,3,5,NA,1,1,1,1,0,1,0,0,0,0,0,0,0,0,0,0,0,0,0,0,0,0,1,4,1,1,0,0,0,0,0,1,1,0,0,0,1,0,0,1,0,0,0,0,0,0,0,0,0,0,0,0,0,0,0,0,0,0,0,0,0,0,3,3,3,0,0,0,0,0,0,0,0,0,0,2,3,2,2,2,2,2,2,2,2,10,5,10,5,5,5,5,5,8,8,5,5,400,1,4,5,5,2,4,5,4,2,NA,"               "
"851",1,1996,19,1,NA,"MASKED BY ICPSR",0,1,5,2,1,1,1,1,1,1,0,0,0,1,0,0,0,1,0,0,0,0,1,0,1,1,1,0,1,4,1,1,1,1,1,1,1,1,1,1,1,1,1,0,0,0,1,1,0,0,0,0,0,0,1,0,0,0,0,0,0,1,1,0,0,0,0,0,1,3,4,1,0,0,1,0,0,0,0,1,0,4,3,2,2,4,3,1,4,4,1,6,9,5,4,3,1,2,2,2,9,2,9,180,4,2,5,5,2,3,3,3,2,NA,"               "
"852",1,1994,21,1,NA,"MASKED BY ICPSR",0,4,5,3,4,NA,1,1,1,0,0,0,0,0,0,0,0,0,0,0,0,1,0,1,0,0,1,0,1,4,1,1,0,1,0,1,1,0,1,1,1,1,1,1,0,1,1,0,0,0,0,0,0,0,0,0,0,0,1,0,1,0,0,0,0,0,0,0,1,4,3,0,0,0,0,0,0,0,0,0,0,3,3,2,1,1,4,1,4,4,3,7,7,3,5,5,7,3,1,4,6,2,2,28,3,4,5,5,1,1,1,1,2,NA,"MASKED BY ICPSR"
"853",1,1992,23,1,NA,"MASKED BY ICPSR",0,5,5,4,3,NA,1,1,1,0,0,0,0,1,0,0,0,0,0,0,0,0,0,0,0,0,0,0,1,3,0,1,0,1,0,0,0,0,1,1,1,0,0,0,0,1,1,0,0,0,0,0,0,0,0,0,0,0,1,0,0,0,0,0,0,0,0,0,1,4,3,0,0,0,0,0,0,0,0,0,0,4,3,2,1,1,3,1,2,2,2,4,4,7,5,5,5,3,2,2,5,2,2,329,5,2,4,3,2,2,1,1,2,NA,"               "
"854",2,1982,33,1,NA,"MASKED BY ICPSR",0,3,4,4,2,NA,1,1,1,0,0,1,0,1,0,0,0,0,0,0,1,0,0,0,0,0,0,0,1,4,1,1,0,1,0,1,0,0,0,1,1,0,0,0,0,1,0,0,0,0,0,0,0,0,0,0,0,1,0,0,0,0,0,0,0,0,0,0,1,2,4,0,0,0,0,0,0,0,0,0,0,3,3,2,2,3,4,2,3,4,2,9,6,10,5,5,3,5,5,5,6,4,8,150,5,2,5,5,3,5,6,6,2,NA,"MASKED BY ICPSR"
"855",1,1993,22,1,NA,"MASKED BY ICPSR",1,3,5,2,4,NA,1,0,0,0,0,0,0,0,0,0,0,1,0,0,0,0,0,0,0,0,1,0,1,3,0,1,0,1,0,0,0,0,0,0,0,1,0,0,0,1,1,1,0,0,0,0,0,0,0,0,0,0,0,0,0,0,0,0,0,0,0,0,3,4,3,0,0,0,0,0,0,0,0,0,0,4,3,4,2,4,4,1,4,4,1,2,2,1,2,10,4,2,2,2,1,1,1,20,2,2,5,5,2,2,2,3,2,NA,"               "
"856",1,1991,24,1,NA,"MASKED BY ICPSR",0,5,1,1,4,NA,1,1,1,0,0,0,0,1,0,0,0,1,0,0,0,0,0,1,0,0,1,0,1,4,1,0,0,0,0,0,0,0,0,0,0,0,0,0,0,0,0,0,0,0,0,0,0,0,0,0,0,0,0,0,0,0,0,0,0,0,0,0,NA,NA,3,1,0,0,1,0,0,0,0,0,0,2,1,2,3,2,4,1,3,3,1,5,4,8,5,6,5,2,2,3,10,1,4,30,5,4,5,5,3,4,2,2,2,NA,"MASKED BY ICPSR"
"857",1,1993,22,1,NA,"MASKED BY ICPSR",0,2,5,2,4,NA,3,1,1,0,0,0,0,1,0,0,0,0,0,0,0,0,0,0,1,0,0,0,0,3,1,1,0,1,1,0,0,0,1,0,1,0,1,1,0,1,0,1,0,0,0,0,0,0,0,0,0,0,0,0,0,1,0,0,0,0,0,0,3,3,3,1,1,0,0,0,0,0,0,0,0,3,1,2,2,2,3,2,2,2,3,9,7,8,8,7,9,8,10,8,8,NA,10,75,10,3,4,5,3,4,4,5,2,NA,"               "
"858",1,1996,19,1,NA,"MASKED BY ICPSR",0,2,5,2,1,3,1,1,1,1,0,1,0,0,0,0,0,0,0,0,0,0,0,0,0,0,0,0,1,4,0,0,0,0,0,0,0,0,0,0,0,0,0,0,0,0,0,0,0,0,0,0,0,0,0,0,0,0,0,0,0,0,0,0,0,0,0,0,NA,NA,2,0,0,0,0,0,0,0,0,0,0,2,1,2,2,3,4,1,1,3,1,3,1,6,5,6,3,5,5,5,8,6,7,47,3,3,5,2,2,1,5,3,2,NA,"MASKED BY ICPSR"
"859",2,1987,28,1,NA,"MASKED BY ICPSR",0,2,2,2,2,NA,1,1,1,0,0,1,0,0,0,0,0,1,0,0,0,0,1,0,1,0,0,0,1,4,1,1,0,0,0,0,1,0,0,0,0,1,0,1,0,1,0,0,0,0,0,0,0,0,0,0,0,0,0,0,0,0,0,0,0,0,0,0,1,1,4,0,0,0,0,0,0,0,0,0,0,4,3,3,3,4,2,1,4,4,1,4,7,4,2,5,3,1,1,1,6,3,3,200,5,4,5,5,2,3,1,1,2,NA,"MASKED BY ICPSR"
"860",1,1995,20,1,NA,"MASKED BY ICPSR",0,2,6,3,1,3,1,1,1,1,0,1,0,1,0,0,0,1,0,0,1,0,0,0,1,0,1,0,1,4,1,0,0,0,0,0,0,0,0,0,0,0,0,0,0,0,0,0,0,0,0,0,0,0,0,0,0,0,0,0,0,0,0,0,0,0,0,0,NA,NA,4,1,1,1,1,1,1,0,0,0,0,2,3,2,1,1,4,1,2,3,3,1,2,10,5,7,1,2,2,2,4,2,2,463,6,2,3,5,3,2,5,4,2,NA,"MASKED BY ICPSR"
"861",1,1996,19,1,NA,"MASKED BY ICPSR",0,3,5,1,1,1,1,1,1,0,0,0,0,1,0,0,0,1,0,0,1,0,1,1,0,0,1,1,1,4,1,1,0,1,1,0,1,1,1,1,1,1,1,0,0,1,1,0,0,0,0,0,0,0,1,0,0,0,0,0,0,0,0,0,0,0,1,0,1,4,4,0,0,0,0,0,0,0,0,0,0,2,3,2,2,2,3,1,3,3,1,8,5,5,4,4,4,4,4,4,5,4,5,91,5,2,4,5,2,3,1,1,1,2,"               "
"862",1,1991,24,1,NA,"MASKED BY ICPSR",1,3,1,2,1,4,2,1,1,0,0,0,0,0,0,0,0,0,0,0,0,0,0,0,0,0,0,0,0,4,0,0,0,0,0,0,0,0,0,0,0,0,0,0,0,0,0,0,0,0,0,0,0,0,0,0,0,0,0,0,0,0,0,0,0,0,0,0,NA,NA,2,0,0,0,0,0,0,0,0,0,0,4,3,3,3,3,2,3,2,2,3,5,6,5,5,5,5,5,5,5,5,5,5,200,4,4,4,5,2,2,2,2,2,NA,"MASKED BY ICPSR"
"863",1,1995,20,1,NA,"MASKED BY ICPSR",0,2,6,3,1,3,1,1,1,1,0,1,0,1,0,0,0,0,0,0,0,0,0,1,1,0,0,0,1,2,1,1,0,1,0,1,0,0,0,0,0,0,1,1,0,1,0,1,0,0,0,0,0,0,0,0,0,0,0,0,0,0,0,0,0,0,0,0,1,4,3,0,0,0,0,0,0,0,0,0,0,3,3,3,2,2,4,1,2,2,1,8,8,6,7,8,4,5,6,6,7,5,5,800,3,1,4,4,3,6,1,3,2,NA,"               "
"864",1,1992,23,1,NA,"MASKED BY ICPSR",1,2,5,2,4,NA,3,1,1,1,0,0,0,1,0,0,0,0,0,0,0,0,0,0,1,1,0,0,1,3,1,1,1,1,0,1,0,1,1,0,1,1,1,1,0,1,1,1,0,0,0,0,0,0,0,0,0,0,0,0,0,0,0,0,0,0,0,0,3,4,4,1,0,0,1,0,0,0,1,1,0,3,3,3,1,1,4,1,1,3,1,5,7,5,1,1,1,1,1,1,1,1,1,300,4,2,5,5,1,1,1,1,2,NA,"               "
"865",2,1990,25,1,NA,"MASKED BY ICPSR",0,1,5,3,1,3,2,1,1,1,0,0,0,1,0,0,0,1,0,0,0,0,0,0,1,1,0,0,1,4,1,1,0,1,0,0,0,0,1,0,1,0,0,0,0,0,1,0,0,0,0,0,0,0,0,0,0,0,0,0,0,0,0,0,0,0,0,0,1,2,4,0,0,0,0,0,0,0,0,0,0,4,3,3,2,2,4,1,3,3,1,9,5,8,4,5,3,4,3,5,3,2,3,NA,2,1,4,5,3,3,2,3,2,NA,"               "
"866",1,1996,19,1,NA,"MASKED BY ICPSR",1,2,5,3,1,3,1,1,1,1,0,0,0,1,0,0,0,1,0,0,0,0,0,0,1,0,1,0,1,4,1,1,0,1,0,0,0,0,0,0,0,0,1,0,0,1,0,0,0,0,0,0,0,0,0,0,0,0,0,0,0,1,0,0,0,0,0,0,1,5,3,1,0,0,0,0,0,0,0,1,0,2,1,2,2,3,3,1,2,4,2,9,2,1,3,4,8,5,5,5,9,5,5,15,1,3,3,5,1,4,6,6,2,NA,"               "
"867",1,1993,22,1,NA,"MASKED BY ICPSR",0,4,5,3,4,NA,1,1,1,0,0,0,0,1,0,0,0,0,0,0,0,0,0,0,0,1,0,0,1,3,1,1,0,1,1,1,1,0,1,1,1,1,1,0,0,1,0,0,0,0,0,0,0,0,0,0,0,0,0,0,0,0,0,0,0,0,0,0,1,3,4,0,0,0,0,0,0,0,0,0,0,3,1,1,4,3,2,1,3,3,2,8,8,8,8,8,6,6,3,8,6,2,2,200,10,3,3,4,2,5,1,1,2,NA,"MASKED BY ICPSR"
"868",1,1990,25,1,NA,"MASKED BY ICPSR",0,3,6,3,1,3,2,0,1,1,0,1,0,0,0,0,0,0,0,0,0,0,0,0,1,0,0,0,1,3,1,1,0,1,0,1,0,0,1,0,0,0,0,1,0,0,1,1,0,0,0,0,0,0,0,0,0,0,0,0,0,1,0,0,0,0,0,0,1,4,2,1,0,0,0,1,0,0,0,0,0,2,1,2,2,2,3,2,1,2,1,9,7,5,5,10,5,7,7,10,3,4,8,0,10,2,5,5,5,2,3,3,2,NA,"MASKED BY ICPSR"
"869",1,1990,25,1,NA,"MASKED BY ICPSR",1,2,1,3,3,NA,1,0,0,0,0,0,0,0,1,0,0,0,0,0,0,0,0,0,0,0,0,0,1,1,0,0,0,0,0,0,0,0,0,0,0,0,0,0,0,0,0,0,0,0,0,0,0,0,0,0,0,0,0,0,0,0,0,0,0,0,0,0,NA,NA,1,0,0,0,0,0,0,0,0,0,0,1,NA,NA,1,1,1,1,1,1,1,8,7,1,1,4,1,5,5,9,6,5,6,NA,NA,1,5,3,1,6,4,6,2,NA,"MASKED BY ICPSR"
"870",1,1995,20,1,NA,"MASKED BY ICPSR",1,1,5,3,1,3,1,0,1,1,0,0,0,0,0,0,0,1,0,0,0,0,0,0,1,0,1,1,1,4,0,0,0,0,0,0,0,0,0,0,0,0,0,0,0,0,0,0,0,0,0,0,0,0,0,0,0,0,0,0,0,0,0,0,0,0,0,0,NA,NA,2,0,0,0,0,0,0,0,0,0,0,2,1,1,3,3,1,1,4,4,2,8,10,7,7,8,4,5,5,8,5,5,5,90,2,2,3,4,1,5,1,1,2,NA,"MASKED BY ICPSR"
"871",1,1991,24,1,NA,"MASKED BY ICPSR",1,1,3,4,2,NA,1,1,0,1,0,0,0,0,0,0,0,1,0,0,0,0,0,0,0,1,0,0,1,3,1,1,1,0,0,1,0,0,0,0,0,0,0,0,0,0,0,0,1,0,0,0,0,0,0,0,0,0,0,0,0,0,1,0,0,0,0,0,1,4,2,0,0,0,0,0,0,0,0,0,0,2,3,1,2,1,2,2,2,1,1,9,8,9,9,9,8,10,8,8,NA,9,9,985,5,2,5,5,5,6,5,5,1,1,"               "
"872",1,1979,36,1,NA,"MASKED BY ICPSR",0,1,1,5,2,NA,1,0,1,0,0,0,0,0,0,0,0,0,0,0,0,0,0,0,0,0,0,0,1,3,0,1,1,0,0,0,0,0,0,0,1,0,0,0,0,0,0,1,0,0,0,0,0,0,0,0,0,0,0,0,0,0,0,0,0,0,0,0,3,3,1,1,0,0,1,0,0,0,1,0,0,2,3,3,2,2,3,3,4,2,3,9,5,6,9,9,6,9,9,9,9,9,9,400,10,2,5,5,5,4,5,NA,2,NA,"               "
"873",1,1994,21,1,NA,"MASKED BY ICPSR",0,3,5,2,4,NA,1,1,1,1,0,0,0,1,0,0,0,0,0,0,0,0,0,0,0,0,0,0,1,3,0,0,0,0,0,0,0,0,0,0,0,0,0,0,0,0,0,0,0,0,0,0,0,0,0,0,0,0,0,0,0,0,0,0,0,0,0,0,NA,NA,1,0,0,0,0,0,0,0,0,0,0,3,1,1,1,1,NA,1,1,1,1,9,7,4,6,8,1,5,5,8,7,3,3,260,2,1,5,4,1,1,1,1,1,6,"MASKED BY ICPSR"
"874",1,1991,24,1,NA,"MASKED BY ICPSR",0,1,4,2,2,NA,6,1,0,0,0,1,0,0,0,0,0,0,0,0,0,0,0,0,1,0,0,0,1,3,0,1,1,0,0,0,0,0,1,0,0,0,0,0,0,1,0,0,0,0,0,0,0,0,0,0,0,0,0,1,0,0,0,0,0,0,0,1,2,3,2,0,0,0,0,0,0,0,0,0,0,3,1,2,2,2,2,2,2,2,3,7,6,7,7,6,7,7,7,7,7,7,7,56,5,1,5,5,5,4,4,5,2,NA,"MASKED BY ICPSR"
"875",1,1990,25,1,NA,"MASKED BY ICPSR",0,4,5,4,5,NA,1,1,1,1,0,0,0,1,0,0,0,1,0,1,1,1,1,1,1,1,1,0,1,4,1,1,0,1,1,1,1,1,1,1,1,1,1,1,0,1,1,1,0,0,0,0,0,0,1,0,1,1,1,0,0,0,1,0,0,0,0,0,1,4,4,0,0,0,0,0,0,0,0,0,0,3,3,1,2,2,4,1,4,4,4,3,2,10,3,4,4,4,2,4,2,1,1,25,4,1,5,5,2,5,3,4,2,NA,"               "
"876",1,1985,30,1,NA,"MASKED BY ICPSR",0,1,1,4,2,NA,1,1,0,0,0,0,0,0,0,0,0,0,0,0,0,0,0,0,0,0,0,0,0,3,0,0,0,0,0,0,0,0,0,0,0,0,0,0,0,0,0,0,0,0,0,0,0,0,0,0,0,0,0,0,0,0,0,0,0,0,0,0,NA,NA,3,0,0,0,0,0,0,0,0,0,0,2,2,3,2,2,NA,2,2,2,1,7,8,7,7,7,8,7,7,6,7,8,8,6,6,2,4,4,4,3,3,5,2,NA,"MASKED BY ICPSR"
"877",1,1991,24,1,NA,"MASKED BY ICPSR",0,4,5,4,3,NA,1,0,1,0,0,1,0,1,0,0,0,0,0,0,0,0,0,0,1,0,1,1,1,3,1,1,0,0,0,0,0,1,0,0,1,0,0,0,0,0,0,0,0,0,0,0,0,0,0,0,0,1,0,0,0,0,0,0,0,0,0,0,3,4,4,0,0,0,0,0,0,0,0,0,0,3,3,4,3,2,4,1,3,2,3,8,9,7,5,8,5,1,1,1,7,1,4,0,9,1,4,5,2,1,1,1,2,NA,"MASKED BY ICPSR"
"878",1,1993,22,1,NA,"MASKED BY ICPSR",0,4,5,4,4,NA,1,1,1,1,0,0,0,1,0,0,0,1,0,0,0,1,0,1,0,0,1,0,1,4,1,1,0,1,0,0,0,0,1,0,1,0,0,0,0,1,1,0,0,0,0,0,0,0,0,0,0,0,0,0,0,0,0,0,0,0,0,0,3,3,3,0,0,0,0,0,0,0,0,0,0,3,2,2,3,3,3,1,4,3,3,8,7,10,7,5,6,6,7,5,7,2,5,200,4,2,5,5,2,5,1,2,2,NA,"               "
"879",1,1992,23,1,NA,"MASKED BY ICPSR",0,4,5,3,1,3,1,0,1,0,0,0,0,1,0,0,0,0,0,0,0,0,1,1,0,0,1,0,1,4,1,0,0,0,0,0,0,0,0,0,0,0,0,0,0,0,0,0,0,0,0,0,0,0,0,0,0,0,0,0,0,0,0,0,0,0,0,0,NA,NA,3,1,0,0,1,0,1,0,0,1,0,4,3,2,2,3,4,1,2,2,2,5,4,8,3,5,4,1,2,3,4,2,1,0,2,4,5,5,2,4,1,3,2,NA,"               "
"880",1,1991,24,1,NA,"MASKED BY ICPSR",1,4,5,3,1,3,4,1,1,1,0,0,0,0,0,0,0,0,0,0,0,0,0,0,1,0,0,0,1,4,1,1,0,1,0,1,1,1,1,1,1,1,0,0,0,1,0,0,0,0,0,0,0,0,0,0,0,0,0,0,0,0,0,0,0,0,0,0,2,3,3,0,0,0,0,0,0,0,0,0,0,3,3,2,1,3,4,1,2,2,1,9,7,7,2,2,2,2,2,2,3,1,2,555,3,3,3,4,1,2,1,3,2,NA,"               "
"881",1,1990,25,1,NA,"MASKED BY ICPSR",0,1,4,4,2,NA,1,1,0,0,0,0,0,1,0,0,0,0,0,0,0,0,0,0,0,0,1,0,1,3,0,0,0,0,0,0,0,0,0,0,0,0,0,0,0,0,0,0,0,0,0,0,0,0,0,0,0,0,0,0,0,0,0,0,0,0,0,0,NA,NA,1,0,0,0,0,0,0,0,0,0,0,2,1,3,3,2,1,2,2,2,2,10,9,10,10,9,9,10,9,9,10,9,9,3500,100,3,4,4,5,3,1,3,2,NA,"MASKED BY ICPSR"
"882",1,1996,19,1,NA,"MASKED BY ICPSR",0,2,1,3,1,2,1,1,1,1,1,1,1,1,1,1,1,1,1,1,1,1,1,1,1,1,1,1,1,3,0,0,0,0,0,0,0,0,0,0,0,0,0,0,0,0,0,0,0,0,0,0,0,0,0,0,0,0,0,0,0,0,0,0,0,0,0,0,NA,NA,2,1,0,1,0,0,0,0,0,0,0,3,1,1,3,3,3,2,3,3,4,3,6,3,3,4,5,6,7,8,9,10,9,1000,50,1,1,2,3,4,5,6,2,NA,"MASKED BY ICPSR"
"883",1,1990,25,1,NA,"MASKED BY ICPSR",0,3,1,1,2,NA,1,0,1,0,0,0,0,1,0,0,0,0,0,0,0,0,0,0,0,0,0,0,1,4,0,0,0,0,0,0,0,0,0,0,0,0,0,0,0,0,0,0,0,0,0,0,0,0,0,0,0,0,0,0,0,0,0,0,0,0,0,0,NA,NA,3,0,0,0,0,0,0,0,0,0,0,3,3,3,3,4,2,1,3,3,3,10,7,5,5,5,3,4,1,1,5,5,5,500,5,2,3,5,3,6,6,6,2,NA,"MASKED BY ICPSR"
"884",1,1995,20,1,NA,"MASKED BY ICPSR",0,3,5,3,1,3,1,1,1,0,0,0,0,0,0,0,0,0,0,0,0,0,0,0,0,0,1,0,1,4,1,1,0,1,0,0,1,0,1,1,1,0,0,1,0,1,1,0,0,0,0,0,0,0,0,0,0,0,0,0,0,0,0,0,1,0,0,0,1,5,2,1,1,1,0,0,0,0,0,1,0,2,3,4,1,3,4,1,3,2,1,10,10,5,1,3,1,4,5,5,5,5,10,600,10,1,5,5,5,6,5,6,1,4,"MASKED BY ICPSR"
"885",1,1992,23,1,NA,"MASKED BY ICPSR",0,4,5,3,4,NA,1,1,1,1,0,0,0,1,0,0,0,1,0,0,0,1,1,1,0,0,0,0,1,4,1,1,1,1,1,1,1,1,1,0,1,1,1,1,0,1,1,0,1,0,0,0,0,0,0,0,0,0,1,0,1,1,0,0,0,0,1,0,1,3,4,1,0,0,0,1,0,0,1,0,0,3,3,4,2,2,1,1,2,3,2,9,4,1,2,1,7,4,4,4,1,1,4,10,3,4,3,5,1,4,6,6,2,NA,"MASKED BY ICPSR"
"886",1,1990,25,1,NA,"MASKED BY ICPSR",0,3,5,4,4,NA,1,1,1,1,0,1,0,1,0,0,0,1,0,0,0,0,0,0,0,1,0,0,1,4,1,1,1,1,1,1,1,1,1,0,1,1,1,1,1,1,1,0,0,0,0,0,0,0,0,0,0,0,0,0,0,0,1,0,0,0,0,0,1,2,4,0,0,0,0,0,0,0,0,0,0,2,3,1,2,2,4,2,4,4,2,1,2,10,1,1,1,1,1,1,1,1,1,60,2,1,1,1,1,1,1,1,2,NA,"               "
"887",1,1994,21,1,NA,"MASKED BY ICPSR",0,2,6,4,1,3,1,1,1,0,0,1,0,1,0,0,0,1,0,1,1,1,0,1,0,0,1,1,1,4,1,1,1,1,1,1,1,1,1,1,1,1,1,1,1,0,1,0,0,0,0,0,0,0,1,0,0,0,1,0,1,0,0,0,0,1,1,0,1,4,4,1,0,0,0,1,1,0,0,0,0,2,3,3,1,1,4,3,3,2,3,7,8,10,4,7,6,3,2,4,4,4,1,365,8,2,2,4,1,5,1,2,2,NA,"MASKED BY ICPSR"
"888",1,1996,19,1,NA,"MASKED BY ICPSR",1,1,5,3,1,3,5,1,1,0,0,0,0,1,0,0,0,0,0,0,1,0,0,1,1,0,1,0,1,4,1,1,1,1,1,1,1,1,1,1,1,1,1,1,0,0,1,0,0,0,0,0,0,0,0,0,0,1,0,0,0,0,0,0,0,0,0,0,1,4,4,1,1,1,0,1,1,1,1,1,0,4,2,3,3,3,4,2,3,2,2,1,1,10,1,4,1,1,1,1,1,1,1,NA,2,4,1,4,1,3,1,1,1,2,"MASKED BY ICPSR"
"889",1,1991,24,1,NA,"MASKED BY ICPSR",1,2,2,2,1,3,1,1,1,1,1,1,1,1,0,0,0,0,0,0,0,0,0,0,0,0,0,0,1,4,1,1,1,0,0,0,0,0,1,0,0,0,0,0,0,1,0,0,0,0,0,0,0,0,0,0,0,0,0,0,0,0,0,0,0,0,0,0,1,5,4,1,1,0,0,0,0,0,0,0,0,4,1,4,4,4,4,4,4,4,4,10,10,10,10,10,10,10,10,10,10,10,10,500,5,2,5,5,5,5,5,5,1,1,"               "
"890",1,1997,18,1,NA,"MASKED BY ICPSR",0,1,3,3,5,NA,1,1,1,1,1,0,0,0,0,0,0,0,0,0,0,0,0,0,0,0,0,0,0,3,0,0,0,0,0,0,0,0,0,0,0,0,0,0,0,0,0,0,0,0,0,0,0,0,0,0,0,0,0,0,0,0,0,0,0,0,0,0,NA,NA,2,1,1,0,0,0,0,0,0,0,0,NA,1,3,1,3,2,3,2,4,2,10,10,10,2,6,6,2,10,9,2,4,2,1,0,1,6,5,4,3,3,3,1,2,"               "
"891",1,1992,23,1,NA,"MASKED BY ICPSR",0,3,1,3,4,NA,1,1,1,0,0,0,0,1,0,0,0,0,0,0,0,0,0,0,0,0,0,0,1,2,1,1,0,1,0,1,1,0,0,1,1,1,1,1,0,1,1,0,0,0,0,0,0,0,0,0,0,0,0,0,0,0,1,0,0,0,0,0,3,4,3,0,0,0,0,0,0,0,0,0,0,2,3,1,1,2,3,1,4,3,1,8,7,6,2,6,2,2,2,3,3,2,2,610,10,2,2,4,1,6,6,6,2,NA,"MASKED BY ICPSR"
"892",1,1993,22,1,NA,"MASKED BY ICPSR",1,1,5,3,3,NA,1,1,1,0,0,0,0,1,0,0,0,0,0,0,0,0,0,0,0,0,0,0,0,3,0,0,0,0,0,0,0,0,0,0,0,0,0,0,0,0,0,0,0,0,0,0,0,0,0,0,0,0,0,0,0,0,0,0,0,0,0,0,NA,NA,1,0,0,0,0,0,0,0,0,0,0,2,2,2,2,2,2,2,3,2,3,7,6,7,7,6,7,8,9,7,6,7,6,20,20,2,3,4,3,4,4,4,2,NA,"MASKED BY ICPSR"
"893",1,1990,25,1,NA,"MASKED BY ICPSR",0,4,6,5,2,NA,1,1,1,1,0,1,0,1,0,0,0,1,0,0,1,1,1,1,1,1,0,1,1,4,0,0,0,0,0,0,0,0,0,0,0,0,0,0,0,0,0,0,0,0,0,0,0,0,0,0,0,0,0,0,0,0,0,0,0,0,0,0,NA,NA,3,0,0,0,0,0,0,0,0,0,0,2,1,1,4,4,3,2,4,3,2,4,6,8,7,7,5,7,10,10,9,6,4,53,5,4,2,5,1,4,2,4,2,NA,"               "
"894",1,1991,24,1,NA,"MASKED BY ICPSR",0,3,3,2,2,NA,2,1,1,1,0,1,0,1,0,0,0,0,0,0,0,0,0,0,0,0,0,0,1,4,1,1,0,0,1,0,0,0,1,0,0,0,0,0,0,1,1,1,0,0,0,0,0,0,0,0,0,0,0,0,0,0,0,0,0,0,0,0,1,3,NA,0,0,0,0,0,0,0,0,0,0,3,1,2,2,3,3,1,3,3,1,9,6,4,8,7,10,8,7,8,9,8,8,300,2,4,5,3,1,2,2,2,2,NA,"MASKED BY ICPSR"
"895",1,1992,23,1,NA,"MASKED BY ICPSR",0,2,4,4,2,NA,1,0,1,0,0,0,0,0,0,0,0,0,0,0,0,0,0,0,0,0,0,0,0,2,0,0,0,0,0,0,0,0,0,0,0,0,0,0,0,0,0,0,0,0,0,0,0,0,0,0,0,0,0,0,0,0,0,0,0,0,0,0,NA,NA,2,0,0,0,0,0,0,0,0,0,0,2,2,2,3,3,2,2,1,1,1,7,7,7,7,7,7,6,5,6,7,7,6,80,40,2,5,4,4,4,4,4,2,NA,"               "
"896",1,1990,25,1,NA,"MASKED BY ICPSR",0,2,1,2,1,3,5,0,0,0,1,0,0,0,1,0,0,0,0,0,0,0,0,0,0,0,0,0,0,1,1,0,0,0,0,0,0,0,0,0,0,0,0,0,0,0,0,0,0,0,0,0,0,0,0,0,0,0,0,0,0,0,0,0,0,0,0,0,NA,NA,3,0,0,0,0,0,0,0,0,0,0,2,3,3,3,1,2,2,3,2,4,1,7,4,3,5,5,3,6,5,3,8,5,20,20,1,1,3,3,4,4,4,2,NA,"               "
"897",1,1994,21,1,NA,"MASKED BY ICPSR",1,4,5,3,3,NA,1,1,1,1,0,0,0,1,0,0,0,0,0,1,0,0,0,0,0,0,0,0,1,2,0,0,0,0,0,0,0,0,0,0,0,0,0,0,0,0,0,0,0,0,0,0,0,0,0,0,0,0,0,0,0,0,0,0,0,0,0,0,NA,NA,3,0,0,0,0,0,0,0,0,0,0,2,3,2,1,1,4,1,1,1,1,2,3,4,4,5,6,4,5,6,5,6,7,200,5,2,5,3,2,2,2,2,2,NA,"               "
"898",1,1990,25,1,NA,"MASKED BY ICPSR",0,4,1,2,2,NA,1,1,1,0,0,0,0,1,1,0,0,0,0,0,0,0,0,0,0,0,0,0,0,3,0,0,0,0,0,0,0,0,0,0,0,0,0,0,0,0,0,0,0,0,0,0,0,0,0,0,0,0,0,0,0,0,0,0,0,0,0,0,NA,NA,2,0,0,0,0,0,0,0,0,0,0,2,1,1,1,1,3,1,2,2,1,9,10,1,8,10,5,4,3,3,6,4,8,213,1,1,5,5,4,3,2,1,2,NA,"               "
"899",1,1996,19,1,NA,"MASKED BY ICPSR",1,1,5,3,1,3,3,1,1,1,0,0,0,1,0,0,0,0,0,0,0,0,0,0,0,0,0,0,1,4,0,1,0,0,0,0,1,0,0,0,0,1,0,0,0,0,0,1,0,0,0,0,0,0,0,0,0,0,0,0,0,0,0,0,0,0,0,0,1,5,2,0,0,0,0,0,0,0,0,0,0,1,1,1,1,2,4,1,2,2,1,8,9,5,2,4,1,1,1,3,1,2,1,200,7,1,5,4,1,1,5,3,2,NA,"               "
"900",1,1993,22,1,NA,"MASKED BY ICPSR",0,4,5,3,3,NA,1,1,1,0,0,1,0,1,0,0,0,0,0,0,0,0,0,0,0,0,1,0,1,3,1,1,0,1,1,1,0,0,1,0,1,1,1,0,0,1,1,0,0,0,0,0,0,0,0,0,0,0,0,0,0,0,0,0,0,0,0,0,3,3,3,0,0,0,0,0,0,0,0,0,0,2,1,2,2,4,1,1,3,3,2,6,7,5,6,7,4,4,4,4,7,4,4,400,7,3,5,5,3,3,4,3,2,NA,"MASKED BY ICPSR"
"901",1,1991,24,1,NA,"MASKED BY ICPSR",0,3,4,5,2,NA,1,1,1,1,1,0,0,1,0,0,0,0,0,0,0,0,0,0,0,0,0,0,0,3,1,0,0,0,0,0,0,0,0,0,0,0,0,0,0,0,0,0,0,0,0,0,0,0,0,0,0,0,0,0,0,0,0,0,0,0,0,0,NA,NA,1,1,0,0,0,0,1,0,0,0,0,2,1,1,2,2,2,2,3,4,3,10,10,5,10,10,10,10,9,8,7,6,4,300,5,1,6,5,4,3,3,4,2,NA,"MASKED BY ICPSR"
"902",1,1994,21,1,NA,"MASKED BY ICPSR",1,3,5,2,1,3,4,1,1,0,0,1,0,0,0,0,0,0,0,0,0,0,0,1,0,0,0,0,1,4,1,0,0,0,0,0,0,0,0,0,0,0,0,0,0,0,0,0,0,0,0,0,0,0,0,0,0,0,0,0,0,0,0,0,0,0,0,0,NA,NA,1,1,1,0,1,0,0,0,0,0,0,3,2,1,4,3,3,2,2,4,3,6,4,6,3,6,5,4,7,6,5,6,4,100,1,3,3,4,1,3,2,2,2,NA,"MASKED BY ICPSR"
"903",1,1994,21,1,NA,"MASKED BY ICPSR",1,3,5,2,5,NA,1,0,1,1,0,0,0,0,0,0,0,0,0,0,0,0,0,0,0,0,1,0,0,4,0,0,0,0,0,0,0,0,0,0,0,0,0,0,0,0,0,0,0,0,0,0,0,0,0,0,0,0,0,0,0,0,0,0,0,0,0,0,NA,NA,2,0,0,0,0,0,0,0,0,0,0,3,3,1,1,1,4,1,3,4,2,7,5,1,5,6,3,5,5,6,7,5,5,90,1,1,4,3,1,3,6,6,2,NA,"MASKED BY ICPSR"
"904",1,1993,22,1,NA,"MASKED BY ICPSR",0,4,1,2,3,NA,4,1,1,1,0,0,0,1,0,0,0,1,0,0,0,0,0,0,1,0,0,0,1,4,1,0,0,0,0,0,0,0,0,0,0,0,0,0,0,0,0,0,0,0,0,0,0,0,0,0,0,0,0,0,0,0,0,0,0,0,0,0,NA,NA,2,0,0,0,0,0,0,0,0,0,0,2,1,2,2,2,NA,1,4,4,1,10,9,7,7,7,6,5,4,5,5,5,5,70,2,4,2,3,1,2,6,6,2,NA,"MASKED BY ICPSR"
"905",1,1992,23,1,NA,"MASKED BY ICPSR",0,2,6,3,2,NA,1,1,1,1,0,1,0,1,0,0,0,0,0,0,0,0,0,0,0,0,1,0,1,3,1,1,0,1,0,0,0,1,1,0,1,0,0,0,0,1,0,0,0,0,0,0,0,0,0,0,0,0,0,0,0,0,0,0,0,0,0,0,3,3,3,0,0,0,0,0,0,0,0,0,0,3,3,2,2,2,3,1,NA,NA,NA,7,NA,NA,7,8,9,8,7,6,7,8,7,100,100,3,5,4,4,5,4,4,2,NA,"               "
"906",1,1996,19,1,NA,"MASKED BY ICPSR",0,3,5,2,1,3,1,1,1,1,0,1,0,1,0,0,0,0,0,0,0,0,0,0,1,0,0,0,1,2,1,1,0,0,0,0,1,0,1,0,0,0,0,0,0,1,1,0,0,0,0,0,0,0,0,0,0,0,0,0,0,0,0,0,0,0,0,0,3,3,1,0,0,0,0,0,0,0,0,0,0,4,2,4,4,4,4,4,4,3,3,4,4,4,3,5,1,3,3,3,3,3,3,2000,1,2,3,5,3,3,3,3,2,NA,"MASKED BY ICPSR"
"907",1,1990,25,1,NA,"MASKED BY ICPSR",1,2,2,5,2,NA,1,1,1,0,0,1,0,0,0,0,0,0,0,0,0,0,0,0,0,0,1,0,1,2,0,0,0,0,0,0,0,0,0,0,0,0,0,0,0,0,0,0,0,0,0,0,0,0,0,0,0,0,0,0,0,0,0,0,0,0,0,0,NA,NA,2,1,0,1,1,0,0,0,0,0,0,3,1,2,2,3,4,1,3,2,3,8,9,6,6,7,5,9,6,9,3,7,9,800,20,2,4,3,5,2,6,4,2,NA,"MASKED BY ICPSR"
"908",1,1992,23,1,NA,"MASKED BY ICPSR",0,1,5,4,2,NA,1,1,1,1,0,0,0,1,0,0,0,1,0,0,0,0,0,0,0,0,0,0,1,4,0,0,0,0,0,0,0,0,0,0,0,0,0,0,0,0,0,0,0,0,0,0,0,0,0,0,0,0,0,0,0,0,0,0,0,0,0,0,NA,NA,2,0,0,0,0,0,0,0,0,0,0,2,3,1,1,1,4,1,1,3,NA,7,6,6,2,5,4,4,3,5,5,3,3,250,4,2,4,4,3,2,3,2,2,NA,"MASKED BY ICPSR"
"909",1,1992,23,1,NA,"MASKED BY ICPSR",1,1,1,2,2,NA,1,1,1,0,0,0,0,1,0,0,0,0,0,0,0,0,0,0,0,0,0,0,1,3,1,1,0,1,0,0,0,0,1,0,1,0,1,1,0,0,1,0,0,0,0,0,0,0,0,0,0,0,0,0,0,0,1,0,0,0,0,0,1,2,2,0,0,0,0,0,0,0,0,0,0,2,3,2,2,2,4,1,4,2,1,10,10,1,3,4,1,3,3,3,3,3,3,1400,4,2,4,5,2,1,1,1,2,NA,"MASKED BY ICPSR"
"910",1,1995,20,1,NA,"MASKED BY ICPSR",0,3,5,2,3,NA,1,1,1,0,0,0,0,0,0,0,0,0,0,0,0,0,0,0,1,0,0,0,1,3,0,0,0,0,0,0,0,0,0,0,0,0,0,0,0,0,0,0,0,0,0,0,0,0,0,0,0,0,0,0,0,0,0,0,0,0,0,0,NA,NA,2,0,0,0,0,0,0,0,0,0,0,3,3,1,1,1,4,1,3,2,2,6,5,1,6,8,2,1,1,3,6,1,3,17,2,2,5,5,4,4,3,1,2,NA,"MASKED BY ICPSR"
"911",1,1995,20,1,NA,"MASKED BY ICPSR",0,5,5,2,1,3,1,0,1,0,1,0,0,1,0,0,0,0,0,0,1,0,1,0,0,0,1,1,1,4,1,1,0,1,0,0,0,0,0,0,0,1,1,0,0,1,1,0,0,0,0,0,0,0,0,0,0,1,0,0,0,0,0,0,0,0,0,0,1,5,4,0,0,0,0,0,0,0,0,0,0,3,3,2,2,3,4,1,4,4,2,7,4,8,1,7,6,4,2,1,7,4,3,63,6,1,5,5,3,4,5,4,2,NA,"MASKED BY ICPSR"
"912",1,1990,25,1,NA,"MASKED BY ICPSR",0,5,5,1,1,4,1,1,1,0,0,0,0,1,0,0,0,1,0,0,0,0,1,1,1,0,1,0,1,3,1,1,0,1,0,0,0,0,0,0,1,1,0,1,0,0,1,0,0,0,0,0,0,0,0,0,0,0,0,0,0,0,0,0,0,0,0,0,3,3,2,0,0,0,0,0,0,0,0,0,0,3,2,3,1,2,4,1,4,4,1,10,8,1,1,3,1,3,2,1,10,1,10,200,20,1,5,5,3,1,5,5,NA,2,"MASKED BY ICPSR"
"913",1,1993,22,1,NA,"MASKED BY ICPSR",1,1,1,3,2,NA,3,1,1,1,0,1,0,1,1,0,0,1,0,0,0,0,1,1,1,0,1,0,1,4,1,1,1,1,0,1,1,1,1,1,1,1,1,1,0,1,1,1,0,0,0,1,0,0,1,0,0,0,0,0,0,1,0,0,0,0,0,0,1,2,4,1,1,0,0,1,0,0,0,0,0,4,2,4,3,2,4,1,2,2,1,10,10,1,1,5,1,1,1,4,1,1,1,1125,10,1,5,2,1,1,5,6,2,NA,"MASKED BY ICPSR"
"914",1,1994,21,1,NA,"MASKED BY ICPSR",0,3,1,3,1,3,1,1,1,0,0,0,0,0,0,0,0,1,0,0,0,0,0,1,0,0,1,0,1,4,1,1,1,1,1,1,1,1,1,0,1,1,0,1,1,0,1,0,0,0,0,0,0,0,0,0,0,0,0,0,0,0,0,0,0,0,0,0,1,3,4,0,0,0,0,0,0,0,0,0,0,4,2,4,3,3,3,1,2,4,1,7,5,3,4,6,2,5,5,8,8,4,4,NA,NA,1,5,5,3,3,6,6,2,NA,"MASKED BY ICPSR"
"915",1,1992,23,1,NA,"MASKED BY ICPSR",1,1,5,3,1,3,2,1,1,0,0,0,0,0,0,0,0,0,0,0,0,0,0,0,0,0,0,0,1,3,0,1,0,1,0,0,1,0,1,0,1,1,1,1,0,0,1,0,0,0,0,0,0,0,0,0,0,0,0,0,0,0,0,0,0,0,0,0,1,2,3,0,0,0,0,0,0,0,0,0,0,3,3,2,1,3,4,1,2,3,1,5,6,6,2,3,1,1,1,1,1,1,1,500,6,1,5,4,1,3,6,6,2,NA,"               "
"916",1,1996,19,1,NA,"MASKED BY ICPSR",0,2,1,3,1,3,5,1,1,0,0,1,0,1,0,0,0,1,0,0,0,1,0,1,0,0,0,0,1,3,1,1,0,1,1,1,1,0,1,1,1,1,1,1,0,0,1,0,0,0,0,0,0,0,0,0,0,0,1,0,0,0,0,0,0,0,0,0,1,2,4,0,0,0,0,0,0,0,0,0,0,2,3,3,2,3,4,1,3,4,1,8,8,3,7,9,2,3,1,7,3,2,4,2000,8,1,3,4,4,1,1,2,2,NA,"MASKED BY ICPSR"
"917",1,1992,23,1,NA,"MASKED BY ICPSR",0,3,6,2,4,NA,1,1,1,0,0,0,0,1,0,0,0,0,0,1,0,1,1,1,1,0,1,0,1,4,0,1,0,1,0,0,0,0,1,0,1,0,0,0,0,0,0,0,0,0,0,0,0,0,0,0,0,0,1,0,0,0,0,0,0,0,0,0,1,3,2,0,0,0,0,0,0,0,0,0,0,2,1,2,2,2,2,1,2,2,1,3,3,6,3,3,3,3,3,4,4,4,6,45,3,2,3,3,2,2,5,2,2,NA,"MASKED BY ICPSR"
"918",1,1994,21,1,NA,"MASKED BY ICPSR",0,3,5,2,1,3,1,1,1,1,0,0,0,1,0,0,0,1,0,0,1,1,0,1,0,0,0,0,1,4,0,1,0,1,0,0,0,0,1,0,0,0,0,0,0,1,0,1,0,0,0,0,0,0,0,0,0,0,0,0,0,0,0,0,0,0,0,0,1,3,3,0,0,0,0,0,0,0,0,0,0,2,1,2,1,1,3,1,2,3,1,10,9,2,9,9,8,7,7,7,8,8,8,750,20,1,5,5,3,5,4,5,2,NA,"               "
"919",1,1994,21,1,NA,"MASKED BY ICPSR",1,5,5,3,1,3,4,1,1,0,0,1,0,1,0,0,0,0,0,1,1,0,1,1,0,1,0,0,1,4,0,0,0,0,0,0,0,0,0,0,0,0,0,0,0,0,0,0,0,0,0,0,0,0,0,0,0,0,0,0,0,0,0,0,0,0,0,0,NA,NA,3,0,0,0,0,0,0,0,0,0,0,3,3,2,1,2,3,1,1,2,1,8,9,7,4,8,3,6,7,5,4,3,8,200,10,2,5,4,2,2,4,3,2,NA,"MASKED BY ICPSR"
"920",1,1996,19,1,NA,"MASKED BY ICPSR",0,4,1,2,1,3,1,0,1,0,0,0,0,1,0,0,0,0,0,0,0,1,0,0,0,0,0,1,1,3,1,1,0,1,0,0,1,0,1,1,0,1,1,0,0,0,0,0,0,0,0,0,0,0,0,0,0,0,1,0,0,0,0,0,0,0,0,0,1,5,4,1,0,0,1,0,1,0,0,0,0,2,1,1,1,2,4,1,2,2,1,2,4,9,7,5,9,10,10,10,8,10,10,0,5,1,2,4,1,3,1,3,2,NA,"MASKED BY ICPSR"
"921",NA,1994,21,1,NA,"MASKED BY ICPSR",0,1,6,3,1,3,1,1,1,1,0,0,0,1,0,0,0,0,0,0,0,0,0,0,1,0,1,0,1,3,1,1,0,1,0,0,0,0,1,0,0,1,1,0,0,1,0,0,0,0,0,0,0,0,0,0,0,0,0,0,0,0,1,0,0,0,0,0,3,3,3,0,0,0,0,0,0,0,0,0,0,2,1,2,1,1,1,1,3,3,3,8,8,4,6,8,3,6,6,7,7,6,7,400,10,2,5,5,3,3,2,4,2,NA,"               "
"922",1,1981,34,1,NA,"MASKED BY ICPSR",0,4,2,5,2,NA,1,1,1,1,0,0,0,0,0,0,0,0,0,0,0,0,1,0,0,0,1,0,1,4,1,1,1,0,0,0,0,0,1,1,0,0,0,0,0,1,1,1,1,0,0,0,0,0,0,0,0,0,0,1,0,0,1,0,0,0,0,1,1,3,3,0,0,0,0,0,0,0,0,0,0,3,1,2,3,3,2,3,3,2,3,8,9,9,9,8,9,10,9,9,8,10,9,400,10,2,5,5,4,4,5,4,2,NA,"MASKED BY ICPSR"
"923",1,1992,23,1,NA,"MASKED BY ICPSR",1,1,5,2,1,3,3,0,1,1,0,0,0,1,0,0,0,1,0,0,0,0,0,0,0,0,1,0,1,4,1,1,1,1,1,1,1,1,1,1,1,1,1,1,0,0,0,0,0,0,0,0,0,0,1,0,0,0,0,0,0,0,0,0,0,0,0,0,1,3,1,0,0,0,0,0,0,0,0,0,0,3,3,3,2,4,4,2,2,2,2,6,3,5,5,5,8,1,1,8,1,1,1,0,3,3,3,5,2,5,6,6,2,NA,"               "
"924",1,1994,21,1,NA,"MASKED BY ICPSR",0,1,5,3,1,3,1,1,1,1,0,0,0,1,0,0,0,0,0,0,1,0,0,0,1,0,0,0,1,4,1,1,0,0,0,0,1,0,1,0,1,1,1,1,0,1,1,1,0,0,0,0,0,0,0,0,0,0,0,0,0,0,0,0,0,0,0,0,1,3,2,0,0,0,0,0,0,0,0,0,0,2,3,2,1,2,4,1,3,3,4,8,4,7,6,8,3,7,6,8,8,5,3,852,25,2,5,5,1,2,2,4,2,NA,"               "
"925",1,1993,22,1,NA,"MASKED BY ICPSR",1,2,5,3,1,3,4,1,1,0,0,1,0,1,0,0,0,0,0,0,0,0,0,0,0,0,0,0,1,3,0,1,0,1,1,1,0,0,1,1,1,1,1,1,0,1,1,0,0,0,0,0,0,0,0,0,0,1,1,0,1,1,0,0,0,0,0,0,3,3,3,0,0,0,0,0,0,0,0,0,0,3,3,3,3,3,2,1,4,4,4,8,7,3,7,7,5,8,8,8,8,8,8,100,12,2,5,5,3,3,2,3,2,NA,"MASKED BY ICPSR"
"926",1,1995,20,1,NA,"MASKED BY ICPSR",1,1,5,2,1,3,1,1,1,1,0,0,0,1,0,0,0,1,0,0,0,0,0,0,0,1,1,0,1,4,0,1,1,1,0,1,0,0,1,0,1,1,0,0,0,1,1,0,0,0,0,0,0,0,0,0,0,0,1,0,1,0,0,1,0,0,0,0,2,3,4,1,1,1,1,0,1,0,0,0,0,4,3,4,3,3,2,1,3,4,4,6,9,9,2,2,2,4,3,8,3,2,6,2067,5,1,1,2,1,4,1,3,2,NA,"MASKED BY ICPSR"
"927",1,1991,24,1,NA,"MASKED BY ICPSR",1,2,1,4,1,3,2,1,1,1,0,1,0,1,0,0,0,0,1,0,0,0,0,0,0,1,0,0,0,4,1,1,0,1,1,0,0,0,0,0,0,0,0,0,0,1,1,0,0,0,0,0,0,0,0,0,0,0,0,0,0,0,0,0,0,0,0,0,3,2,3,0,0,0,0,0,0,0,0,0,0,3,3,2,3,2,3,1,3,2,1,3,5,7,7,8,2,5,6,9,9,8,8,1000,5,2,5,4,4,4,5,3,2,NA,"MASKED BY ICPSR"
"928",1,1996,19,1,NA,"MASKED BY ICPSR",0,3,2,4,1,3,1,1,1,1,0,0,0,1,0,0,0,0,0,0,0,0,0,0,0,0,0,0,1,4,0,1,0,1,0,0,0,0,0,0,1,0,0,0,0,1,1,1,0,0,0,0,0,0,0,0,0,0,0,0,0,0,0,0,0,0,0,0,3,2,3,0,0,0,0,0,0,0,0,0,0,3,1,2,2,2,3,1,4,4,2,9,4,3,9,10,2,5,3,9,10,8,8,578,7,2,5,5,3,4,5,5,2,NA,"MASKED BY ICPSR"
"929",1,1990,25,1,NA,"MASKED BY ICPSR",0,2,1,2,3,NA,1,1,0,0,0,0,0,0,0,0,0,0,0,0,0,0,0,0,0,0,0,0,0,4,0,0,0,0,0,0,0,0,0,0,0,0,0,0,0,0,0,0,0,0,0,0,0,0,0,0,0,0,0,0,0,0,0,0,0,0,0,0,NA,NA,1,0,0,0,0,0,0,0,0,0,0,2,3,4,2,4,2,1,3,4,2,10,5,6,10,10,9,4,1,6,6,1,1,35,2,2,5,5,3,3,3,3,1,4,"               "
"930",1,1995,20,1,NA,"MASKED BY ICPSR",1,3,5,3,1,3,3,1,1,0,0,0,0,1,0,0,0,0,0,0,0,0,0,0,0,0,0,0,0,4,1,1,0,1,1,0,0,1,1,0,0,0,0,0,0,1,1,0,0,0,0,0,0,0,0,0,0,0,0,0,1,0,0,0,0,0,0,0,1,4,3,0,0,0,0,0,0,0,0,0,0,4,3,2,2,2,4,1,3,3,2,7,5,5,1,3,2,2,2,2,3,3,2,500,4,2,2,4,1,3,6,3,2,NA,"MASKED BY ICPSR"
"931",1,1992,23,1,NA,"MASKED BY ICPSR",1,3,5,3,1,3,5,1,1,0,0,0,0,1,0,0,0,0,0,0,0,0,0,0,0,0,0,0,1,3,0,0,0,0,0,0,0,0,0,0,0,0,0,0,0,0,0,0,0,0,0,0,0,0,0,0,0,0,0,0,0,0,0,0,0,0,0,0,NA,NA,3,0,0,0,0,0,0,0,0,0,0,2,3,2,1,1,4,1,1,1,1,10,8,6,8,8,4,7,3,7,6,6,5,190,0,2,5,5,4,3,6,6,2,NA,"MASKED BY ICPSR"
"932",1,1996,19,1,NA,"MASKED BY ICPSR",0,3,5,3,1,3,1,1,1,1,0,0,0,1,0,0,0,0,0,0,0,0,0,0,0,0,0,0,1,4,1,1,0,1,0,0,0,0,1,1,0,0,0,0,0,0,0,0,0,0,0,0,0,0,0,0,0,0,0,0,0,0,1,0,0,0,0,0,2,4,2,0,0,0,0,0,0,0,0,0,0,2,1,1,1,1,4,1,2,2,2,8,9,8,6,7,3,6,5,6,8,7,8,350,5,2,5,4,3,3,4,3,2,NA,"               "
"933",1,1994,21,1,NA,"MASKED BY ICPSR",0,2,2,2,1,3,1,0,1,0,0,1,0,1,0,0,0,0,0,1,0,0,0,1,0,0,0,0,0,4,0,0,0,0,0,0,0,0,0,0,0,0,0,0,0,0,0,0,0,0,0,0,0,0,0,0,0,0,0,0,0,0,0,0,0,0,0,0,NA,NA,2,0,0,0,0,0,0,0,0,0,0,3,3,1,1,1,4,1,2,3,1,6,5,7,7,8,9,6,6,6,8,8,8,8,3,4,4,4,1,5,1,3,2,NA,"               "
"934",1,1996,19,1,NA,"MASKED BY ICPSR",0,4,6,3,1,3,1,1,1,1,0,0,0,1,0,0,0,0,0,0,0,0,0,0,1,0,1,1,1,3,1,1,1,1,1,1,1,0,1,1,1,1,1,1,0,1,0,1,0,0,0,0,0,0,0,0,0,0,0,0,0,1,1,0,0,0,1,1,1,2,4,0,0,0,0,0,0,0,0,0,0,3,3,3,4,4,2,1,4,4,4,10,10,1,8,10,2,8,6,9,9,2,2,300,30,2,5,5,6,6,2,5,2,NA,"MASKED BY ICPSR"
"935",1,1994,21,1,NA,"MASKED BY ICPSR",1,1,6,3,1,3,2,1,1,1,0,0,0,1,0,0,0,1,0,0,0,0,0,1,0,0,1,0,1,3,1,1,1,1,1,1,1,1,1,1,1,1,1,0,0,1,1,1,0,0,0,0,0,0,1,0,0,0,0,0,0,0,0,0,0,0,0,0,1,2,3,0,0,0,0,0,0,0,0,0,0,3,1,2,1,3,4,1,4,3,2,8,9,1,1,8,1,2,3,7,1,3,3,360,5,2,3,4,1,2,2,4,2,NA,"MASKED BY ICPSR"
"936",1,1990,25,1,NA,"MASKED BY ICPSR",0,1,4,4,2,NA,2,1,1,0,0,1,0,1,0,0,0,0,0,0,0,0,0,0,0,0,1,0,1,3,1,1,1,0,0,0,1,1,0,0,0,0,1,0,0,1,0,0,0,0,0,0,0,0,0,0,0,0,0,0,0,0,0,0,0,0,0,0,1,4,2,0,0,0,0,0,0,0,0,0,0,3,3,3,2,3,4,NA,2,2,3,8,10,6,10,9,7,8,10,10,8,9,10,800,6,3,5,3,3,4,5,4,2,NA,"MASKED BY ICPSR"
"937",1,1990,25,1,NA,"MASKED BY ICPSR",1,1,1,2,2,NA,5,1,1,0,0,0,0,0,0,0,0,0,0,0,0,0,0,0,0,0,0,0,1,4,1,1,1,1,1,1,1,1,1,0,1,0,0,1,0,1,1,0,0,0,0,0,0,0,0,0,0,0,0,0,0,0,0,0,0,0,0,0,1,1,4,0,0,0,0,0,0,0,0,0,0,4,2,4,1,1,4,1,4,3,4,10,7,10,8,8,3,1,1,1,1,1,1,80,3,2,3,5,2,3,5,5,2,NA,"MASKED BY ICPSR"
"938",1,1993,22,1,NA,"MASKED BY ICPSR",0,2,1,3,1,3,1,1,1,1,0,0,0,1,0,0,0,0,0,0,0,0,0,1,0,0,1,0,1,2,0,0,0,0,0,0,0,0,0,0,0,0,0,0,0,0,0,0,0,0,0,0,0,0,0,0,0,0,0,0,0,0,0,0,0,0,0,0,NA,NA,2,0,0,0,0,0,0,0,0,0,0,3,3,2,4,2,4,1,2,2,2,5,3,4,5,4,2,7,3,2,3,3,2,500,150,2,6,5,4,2,5,5,2,NA,"               "
"939",1,1990,25,1,NA,"MASKED BY ICPSR",0,1,1,3,4,NA,1,1,1,1,0,1,0,1,1,0,0,0,0,0,0,0,0,0,0,0,0,0,0,2,0,0,0,0,0,0,0,0,0,0,0,0,0,0,0,0,0,0,0,0,0,0,0,0,0,0,0,0,0,0,0,0,0,0,0,0,0,0,NA,NA,1,0,0,0,0,0,0,0,0,0,0,1,3,1,1,1,1,1,1,1,1,9,3,7,9,4,4,10,10,10,10,10,10,100,5,2,5,5,5,3,6,3,2,NA,"               "
"940",1,1991,24,1,NA,"MASKED BY ICPSR",0,3,5,4,3,NA,1,1,1,1,0,0,0,0,0,0,0,0,0,0,0,0,0,0,0,0,0,0,0,3,1,NA,0,1,0,0,0,0,0,0,0,0,1,0,0,1,0,0,0,0,0,0,0,0,0,0,0,0,0,0,0,0,0,0,0,0,0,0,1,2,2,0,0,0,0,0,0,0,0,0,0,2,2,3,3,3,2,3,2,2,2,3,6,6,4,6,5,5,5,5,6,5,6,150,2,1,3,4,4,3,4,3,1,3,"               "
"941",1,1991,24,1,NA,"MASKED BY ICPSR",1,1,6,4,2,NA,3,1,1,1,0,0,0,1,0,0,0,1,0,0,0,0,0,0,1,0,0,0,1,2,1,1,0,1,0,0,0,0,1,1,1,0,0,0,0,1,0,1,0,0,0,0,0,0,1,0,0,0,0,0,0,0,0,0,0,0,0,0,3,4,3,0,0,0,0,0,0,0,0,0,0,2,1,2,1,1,4,1,4,4,4,9,8,1,5,5,1,2,2,7,8,2,2,NA,10,1,5,5,1,1,1,1,2,NA,"MASKED BY ICPSR"
"942",1,1990,25,1,NA,"MASKED BY ICPSR",0,2,1,3,1,3,1,0,1,0,0,1,0,1,0,0,0,1,1,0,1,1,1,1,1,0,1,0,1,4,1,1,1,1,1,1,1,1,1,0,1,1,1,0,0,0,1,1,0,0,0,0,0,0,1,0,0,0,1,0,1,0,0,0,0,1,0,0,2,2,4,1,0,0,0,1,0,0,0,0,0,4,3,4,4,3,2,2,4,1,4,1,10,10,6,1,10,1,1,1,10,10,10,3,1,4,5,1,1,5,1,1,2,NA,"               "
"943",1,1995,20,1,NA,"MASKED BY ICPSR",0,3,5,1,1,1,1,0,1,1,0,0,0,0,0,0,0,1,0,0,0,0,0,0,0,0,0,0,1,2,1,1,0,1,0,0,0,0,0,1,0,0,0,0,0,0,0,1,0,0,0,0,0,0,0,0,0,0,0,0,0,0,0,0,0,0,0,0,3,4,2,1,0,1,0,0,0,0,0,0,0,3,2,1,1,3,3,4,3,4,3,2,3,8,3,5,4,7,6,2,7,6,7,420,69,1,1,4,3,2,3,NA,2,NA,"MASKED BY ICPSR"
"944",1,1993,22,1,NA,"MASKED BY ICPSR",1,4,5,3,1,3,3,1,1,0,0,0,0,1,0,0,0,0,0,0,0,0,0,0,0,0,0,0,0,4,1,1,1,1,1,1,1,0,1,1,1,1,0,1,0,1,0,0,0,0,0,0,0,0,0,0,0,0,0,0,0,0,0,0,0,0,0,0,1,3,3,1,1,0,1,0,0,0,1,1,0,2,2,4,3,3,4,2,2,3,2,7,9,6,5,6,3,2,2,3,4,1,2,1234,10,1,4,5,2,3,4,3,1,1,"MASKED BY ICPSR"
"945",1,1997,18,1,NA,"MASKED BY ICPSR",0,1,5,2,1,3,3,1,1,1,0,0,0,0,0,0,0,1,0,0,0,0,0,1,0,0,1,0,0,4,0,1,1,1,0,1,1,0,1,1,0,1,0,0,0,0,0,0,0,0,0,0,0,0,1,0,0,0,0,0,0,0,0,0,0,0,0,0,1,3,3,0,0,0,0,0,0,0,0,0,0,2,3,2,1,2,3,1,4,4,1,6,4,2,5,7,5,6,4,7,3,4,6,NA,2,3,4,5,2,3,1,6,2,NA,"               "
"946",1,1995,20,1,NA,"MASKED BY ICPSR",1,2,5,1,1,1,4,1,1,1,0,1,0,1,0,0,0,1,0,0,0,0,0,1,0,0,1,0,1,4,1,1,1,1,1,0,0,0,1,0,1,1,1,0,0,0,1,0,0,0,0,0,0,0,0,0,0,0,0,0,0,0,0,0,0,0,0,0,1,3,4,1,1,1,0,1,1,0,0,0,0,4,2,2,3,3,1,1,4,4,3,3,2,2,5,8,2,7,7,9,4,5,5,39,NA,2,5,5,3,4,1,2,2,NA,"               "
"947",1,1983,32,1,NA,"MASKED BY ICPSR",0,4,4,5,2,NA,1,1,1,1,0,1,0,1,0,0,0,0,0,0,0,0,0,0,1,0,0,0,1,4,1,1,0,1,0,0,0,1,1,1,0,0,0,0,0,0,0,0,0,0,0,0,0,0,0,0,0,0,0,0,0,1,0,0,0,0,0,0,3,3,3,0,0,0,0,0,0,0,0,0,0,3,1,4,3,2,3,1,3,3,2,10,8,9,6,7,6,4,4,10,1,4,6,0,1,3,5,5,4,4,4,3,2,NA,"MASKED BY ICPSR"
"948",1,1992,23,1,NA,"MASKED BY ICPSR",0,3,5,3,1,3,1,1,1,1,0,0,0,1,0,0,0,0,0,0,1,0,1,1,0,0,1,0,1,3,1,1,1,1,1,1,1,0,1,1,1,0,0,0,0,1,1,1,0,0,0,0,0,0,0,0,1,1,0,0,0,0,0,0,0,0,0,0,1,1,3,0,0,0,0,0,0,0,0,0,0,2,3,2,1,2,4,1,2,3,1,3,3,5,1,4,2,6,1,5,5,2,2,47,5,2,5,4,3,4,6,6,2,NA,"MASKED BY ICPSR"
"949",1,1993,22,1,NA,"MASKED BY ICPSR",1,2,1,3,1,3,1,1,1,1,0,0,0,1,0,0,0,0,0,0,0,0,0,0,1,0,0,0,1,4,1,1,0,1,0,0,0,0,0,1,1,0,0,0,0,0,1,0,0,0,0,0,0,0,0,0,0,0,0,0,0,0,0,0,0,0,0,0,1,3,3,0,0,0,0,0,0,0,0,0,0,2,1,3,3,1,4,1,2,2,1,8,9,9,8,9,9,7,7,9,9,6,8,325,20,3,4,4,3,3,5,6,2,NA,"MASKED BY ICPSR"
"950",1,1990,25,1,NA,"MASKED BY ICPSR",0,2,4,4,2,NA,1,1,1,0,0,1,0,1,0,0,0,0,0,0,0,0,1,1,0,0,1,0,1,4,0,1,1,0,0,0,0,0,1,1,1,1,0,1,0,1,1,0,0,0,0,0,0,0,0,0,0,0,0,0,1,0,0,0,0,0,0,0,3,1,3,0,0,0,0,0,0,0,0,0,0,4,2,4,3,2,4,1,2,2,1,8,7,9,5,2,1,1,2,5,3,2,2,500,10,3,5,4,2,2,1,3,2,NA,"               "
"951",1,1994,21,1,NA,"MASKED BY ICPSR",0,3,2,5,2,NA,1,1,1,1,0,0,0,0,0,0,0,0,0,0,0,0,0,0,0,0,0,0,0,3,1,1,0,1,0,1,0,0,1,0,1,0,0,0,0,1,0,1,0,0,0,0,0,0,0,0,0,0,0,0,0,0,0,0,0,0,0,0,3,2,3,0,0,0,0,0,0,0,0,0,0,2,1,2,1,1,4,1,3,3,2,10,7,8,7,9,3,6,7,8,7,7,8,300,100,3,5,4,4,3,4,4,2,NA,"MASKED BY ICPSR"
"952",1,1991,24,1,NA,"MASKED BY ICPSR",0,1,4,4,2,NA,1,1,1,1,0,1,0,0,0,0,0,0,0,0,0,0,0,0,0,0,0,0,0,4,1,1,1,0,0,0,1,0,1,0,0,0,0,0,0,1,1,1,0,0,0,0,0,0,0,0,0,0,0,0,0,0,0,0,0,0,0,0,1,3,2,1,1,0,0,0,0,0,0,0,0,3,1,2,3,3,3,2,2,3,2,7,8,9,8,7,6,5,7,8,9,8,6,223,12,2,3,4,5,4,4,5,1,1,"MASKED BY ICPSR"
"953",1,1995,20,1,NA,"MASKED BY ICPSR",1,4,5,3,1,3,1,1,1,1,0,1,0,1,0,0,0,1,0,0,0,0,1,0,1,0,1,0,1,4,0,1,0,0,0,0,1,1,1,0,0,0,0,0,0,1,0,1,0,0,0,0,0,0,0,0,0,0,0,0,0,1,0,0,0,0,0,0,1,1,3,0,0,0,0,0,0,0,0,0,0,3,2,3,3,3,4,1,3,3,1,8,1,1,1,2,1,1,5,1,10,5,5,800,3,2,5,5,3,3,2,2,2,NA,"               "
"954",1,1994,21,1,NA,"MASKED BY ICPSR",0,3,5,2,4,NA,1,1,1,1,0,0,0,1,0,0,0,1,0,0,0,1,0,0,0,1,1,0,1,3,1,1,0,0,1,1,0,0,1,0,1,0,0,0,0,1,1,1,0,0,0,0,0,0,0,0,0,0,1,0,0,0,0,0,0,0,0,0,2,3,3,0,0,0,0,0,0,0,0,0,0,3,3,1,2,2,3,1,3,2,1,5,7,7,4,7,3,1,1,3,5,2,2,20,2,3,5,4,3,4,2,3,2,NA,"MASKED BY ICPSR"
"955",1,1990,25,1,NA,"MASKED BY ICPSR",0,1,5,2,2,NA,3,1,1,0,0,1,0,0,0,0,0,0,0,0,0,0,0,0,0,0,0,0,1,3,1,1,0,1,0,0,0,1,1,1,1,0,0,0,0,1,1,0,0,0,0,0,0,0,0,0,0,0,0,0,0,0,0,0,0,0,0,0,1,3,3,0,0,0,0,0,0,0,0,0,0,3,3,4,3,3,3,1,3,3,1,10,6,8,3,7,1,3,3,3,5,4,5,240,3,2,5,4,1,1,4,1,2,NA,"MASKED BY ICPSR"
"956",1,1990,25,1,NA,"MASKED BY ICPSR",1,2,4,2,3,NA,3,1,1,1,0,0,0,0,0,0,0,0,0,0,0,0,0,0,0,0,0,0,0,3,0,1,0,1,0,0,0,0,1,0,0,0,0,0,0,1,0,0,0,0,0,0,0,0,0,0,0,0,0,0,0,0,0,0,0,0,0,0,2,3,3,0,0,0,0,0,0,0,0,0,0,2,3,2,4,4,4,1,3,3,3,8,7,2,8,9,4,6,7,7,9,5,8,102,20,3,5,5,3,4,4,3,2,NA,"MASKED BY ICPSR"
"957",1,1985,30,1,NA,"MASKED BY ICPSR",1,1,4,4,2,NA,1,1,0,0,0,0,0,1,1,0,1,0,0,0,0,0,1,0,0,0,0,0,1,2,1,1,0,0,0,0,0,0,0,0,0,0,0,0,0,0,0,0,0,0,0,0,0,0,0,0,0,0,0,0,0,0,0,0,0,0,0,0,NA,NA,NA,NA,0,0,0,0,0,0,0,0,0,NA,NA,NA,NA,NA,NA,NA,NA,NA,NA,NA,NA,NA,NA,NA,NA,NA,NA,NA,NA,NA,NA,NA,NA,NA,NA,NA,NA,NA,NA,NA,NA,NA,"               "
"958",2,1983,32,1,NA,"MASKED BY ICPSR",0,4,4,3,3,NA,1,1,0,1,0,0,0,0,0,0,0,0,0,0,0,0,0,0,0,0,0,0,1,3,0,0,0,0,0,0,0,0,0,0,0,0,0,0,0,0,0,0,0,0,0,0,0,0,0,0,0,0,0,0,0,0,0,0,0,0,0,0,NA,NA,3,0,0,0,0,0,0,0,0,0,0,NA,NA,NA,NA,NA,NA,NA,NA,NA,NA,NA,NA,NA,NA,NA,NA,NA,NA,NA,NA,NA,NA,NA,NA,NA,NA,NA,NA,NA,NA,NA,NA,NA,"               "
"959",2,1980,35,1,NA,"MASKED BY ICPSR",0,2,4,2,2,NA,1,1,1,1,0,0,0,1,0,0,0,0,0,0,0,0,1,0,1,0,0,0,1,3,1,1,0,0,0,0,0,0,0,0,0,0,0,0,0,0,0,0,0,0,0,0,0,0,0,0,0,0,0,0,0,0,0,0,0,0,0,0,NA,NA,NA,NA,0,0,0,0,0,0,0,0,0,NA,NA,NA,NA,NA,NA,NA,NA,NA,NA,NA,NA,NA,NA,NA,NA,NA,NA,NA,NA,NA,NA,NA,NA,NA,NA,NA,NA,NA,NA,NA,NA,NA,"               "
"960",2,1993,22,1,NA,"MASKED BY ICPSR",1,2,5,4,2,NA,5,1,1,0,0,0,0,0,0,0,0,0,0,0,0,0,0,0,0,0,0,0,1,3,1,1,0,1,0,0,1,1,1,0,1,0,0,1,0,1,1,0,0,0,0,0,0,0,0,0,0,1,0,0,0,0,0,0,0,0,0,0,1,3,4,0,0,0,0,0,0,0,0,0,0,NA,NA,NA,NA,NA,NA,NA,NA,NA,NA,NA,NA,NA,NA,NA,NA,NA,NA,NA,NA,NA,NA,NA,NA,NA,NA,NA,NA,NA,NA,NA,NA,NA,"               "
"961",2,1992,23,1,NA,"MASKED BY ICPSR",0,2,2,3,1,3,3,1,1,1,0,1,0,0,0,0,0,1,0,0,0,0,0,0,0,0,0,0,0,3,1,0,0,0,0,0,0,0,0,0,0,0,0,0,0,0,0,0,0,0,0,0,0,0,0,0,0,0,0,0,0,0,0,0,0,0,0,0,NA,NA,2,0,0,0,0,0,0,0,0,0,0,NA,NA,NA,NA,NA,NA,NA,NA,NA,NA,NA,NA,NA,NA,NA,NA,NA,NA,NA,NA,NA,NA,NA,NA,NA,NA,NA,NA,NA,NA,NA,NA,NA,"               "
"962",2,1985,30,1,NA,"MASKED BY ICPSR",1,1,2,3,2,NA,1,1,1,0,0,1,0,1,0,0,0,0,0,0,0,0,0,0,1,0,1,0,1,3,1,1,0,0,0,1,0,0,0,0,1,1,1,0,0,1,1,0,0,0,0,0,0,0,0,0,1,0,0,1,0,0,1,0,0,0,0,1,2,3,4,0,0,0,0,0,0,0,0,0,0,NA,NA,NA,NA,NA,NA,NA,NA,NA,NA,NA,NA,NA,NA,NA,NA,NA,NA,NA,NA,NA,NA,NA,NA,NA,NA,NA,NA,NA,NA,NA,NA,NA,"               "
"963",2,1993,22,1,NA,"MASKED BY ICPSR",0,5,4,3,5,NA,1,1,1,0,0,1,0,0,0,0,0,0,0,0,0,0,1,0,1,0,1,0,1,3,0,0,0,0,0,0,0,0,0,0,0,0,0,0,0,0,0,0,0,0,0,0,0,0,0,0,0,0,0,0,0,0,0,0,0,0,0,0,NA,NA,3,0,0,0,0,0,0,0,0,0,0,NA,NA,NA,NA,NA,NA,NA,NA,NA,NA,NA,NA,NA,NA,NA,NA,NA,NA,NA,NA,NA,NA,NA,NA,NA,NA,NA,NA,NA,NA,NA,NA,NA,"               "
"964",2,1993,22,1,NA,"MASKED BY ICPSR",0,1,1,1,4,NA,2,1,1,1,0,1,0,1,0,0,0,1,0,0,0,0,0,0,1,0,0,0,1,4,1,1,0,0,0,0,0,0,0,0,0,0,0,0,0,0,0,0,0,0,0,0,0,0,0,0,0,0,0,0,0,0,0,0,0,0,0,0,NA,NA,NA,NA,0,0,0,0,0,0,0,0,0,NA,NA,NA,NA,NA,NA,NA,NA,NA,NA,NA,NA,NA,NA,NA,NA,NA,NA,NA,NA,NA,NA,NA,NA,NA,NA,NA,NA,NA,NA,NA,NA,NA,"               "
"965",1,1992,23,1,NA,"MASKED BY ICPSR",1,2,2,2,1,3,4,1,1,1,0,0,0,1,0,0,0,0,0,0,0,0,0,0,0,0,0,0,0,3,1,1,0,0,0,0,0,0,0,0,0,0,0,0,0,0,0,0,0,0,0,0,0,0,0,0,0,0,0,0,0,0,0,0,0,0,0,0,NA,NA,NA,NA,0,0,0,0,0,0,0,0,0,NA,NA,NA,NA,NA,NA,NA,NA,NA,NA,NA,NA,NA,NA,NA,NA,NA,NA,NA,NA,NA,NA,NA,NA,NA,NA,NA,NA,NA,NA,NA,NA,NA,"               "
"966",1,1994,21,1,NA,"MASKED BY ICPSR",0,2,1,3,1,3,1,1,1,1,0,0,0,1,0,0,0,0,0,0,1,0,0,0,1,1,0,0,0,3,1,1,0,0,0,0,0,0,0,0,0,0,0,0,0,0,0,0,0,0,0,0,0,0,0,0,0,0,0,0,0,0,0,0,0,0,0,0,NA,NA,NA,NA,0,0,0,0,0,0,0,0,0,NA,NA,NA,NA,NA,NA,NA,NA,NA,NA,NA,NA,NA,NA,NA,NA,NA,NA,NA,NA,NA,NA,NA,NA,NA,NA,NA,NA,NA,NA,NA,NA,NA,"               "
"967",1,1996,19,1,NA,"MASKED BY ICPSR",1,2,5,3,1,1,1,1,1,1,0,1,0,1,0,0,0,1,0,0,0,0,0,0,0,1,1,0,1,4,0,0,0,0,0,0,0,0,0,0,0,0,0,0,0,0,0,0,0,0,0,0,0,0,0,0,0,0,0,0,0,0,0,0,0,0,0,0,NA,NA,1,0,0,0,0,0,0,0,0,0,0,NA,NA,NA,NA,NA,NA,NA,NA,NA,NA,NA,NA,NA,NA,NA,NA,NA,NA,NA,NA,NA,NA,NA,NA,NA,NA,NA,NA,NA,NA,NA,NA,NA,"               "
"968",1,1990,25,1,NA,"MASKED BY ICPSR",0,4,5,3,4,NA,2,1,1,1,0,0,0,1,0,0,0,0,0,0,0,0,0,0,0,0,0,0,1,1,0,0,0,0,0,0,0,0,0,0,0,0,0,0,0,0,0,0,0,0,0,0,0,0,0,0,0,0,0,0,0,0,0,0,0,0,0,0,NA,NA,2,0,0,0,0,0,0,0,0,0,0,NA,NA,NA,NA,NA,NA,NA,NA,NA,NA,NA,NA,NA,NA,NA,NA,NA,NA,NA,NA,NA,NA,NA,NA,NA,NA,NA,NA,NA,NA,NA,NA,NA,"               "
"969",2,1983,32,1,NA,"MASKED BY ICPSR",0,2,4,4,3,NA,1,1,1,1,0,1,0,1,0,0,0,0,0,0,0,0,0,0,1,1,0,0,1,3,1,1,0,0,0,1,0,0,0,0,0,1,0,0,0,0,0,0,0,0,0,0,0,0,0,0,0,0,0,0,0,0,0,1,0,0,0,0,2,3,3,0,0,0,0,0,0,0,0,0,0,NA,NA,NA,NA,NA,NA,NA,NA,NA,NA,NA,NA,NA,NA,NA,NA,NA,NA,NA,NA,NA,NA,NA,NA,NA,NA,NA,NA,NA,NA,NA,NA,NA,"               "
"970",2,1991,24,2,NA,"MASKED BY ICPSR",1,1,5,2,1,3,3,1,1,0,0,1,0,0,0,0,0,1,0,0,0,0,0,0,0,0,0,0,1,3,1,1,0,1,1,1,1,1,1,0,0,0,1,1,0,0,1,0,0,0,0,0,0,0,0,0,0,0,0,0,0,0,0,0,0,0,0,0,1,3,4,0,0,0,0,0,0,0,0,0,0,2,1,2,1,4,1,1,4,NA,1,1,1,1,1,5,3,1,1,5,1,1,3,120,3,1,1,3,1,4,1,1,2,NA,"MASKED BY ICPSR"
"971",1,1993,22,2,NA,"MASKED BY ICPSR",1,3,1,3,1,2,4,1,1,1,0,0,0,1,0,0,0,0,0,0,0,0,1,1,0,0,1,0,1,3,0,0,0,0,0,0,0,0,0,0,0,0,0,0,0,0,0,0,0,0,0,0,0,0,0,0,0,0,0,0,0,0,0,0,0,0,0,0,NA,NA,2,0,0,0,0,0,0,0,0,0,0,2,3,2,2,2,2,2,2,2,2,5,5,6,8,8,5,6,6,7,7,6,6,350,20,2,5,4,3,3,3,3,2,NA,"MASKED BY ICPSR"
"972",2,1984,31,2,NA,"MASKED BY ICPSR",1,3,2,3,5,NA,4,1,0,0,0,0,0,0,0,0,0,0,0,0,0,0,0,0,0,0,0,0,1,NA,0,0,0,0,0,0,0,0,0,0,0,0,0,0,0,0,0,0,0,0,0,0,0,0,0,0,0,0,0,0,0,0,0,0,0,0,0,0,NA,NA,3,0,0,0,0,0,0,0,0,0,0,1,2,2,2,2,1,3,2,2,2,6,8,NA,8,7,6,8,7,8,8,7,6,50,5,2,3,4,4,5,5,4,2,NA,"MASKED BY ICPSR"
"973",2,1988,27,2,NA,"MASKED BY ICPSR",1,4,2,5,2,NA,4,1,1,1,0,1,0,1,0,0,0,0,0,0,0,0,0,0,0,0,1,0,1,4,0,0,0,0,0,0,0,0,0,0,0,0,0,0,0,0,0,0,0,0,0,0,0,0,0,0,0,0,0,0,0,0,0,0,0,0,0,0,NA,NA,1,0,0,0,0,0,0,0,0,0,0,1,3,1,1,1,1,1,1,1,1,9,9,1,9,8,8,8,9,8,9,9,8,500,10,2,5,5,4,4,4,4,2,NA,"MASKED BY ICPSR"
"974",2,1985,30,2,NA,"MASKED BY ICPSR",1,3,4,4,3,NA,4,1,1,0,0,1,0,0,0,0,0,0,0,0,0,0,0,0,0,0,1,0,1,2,1,0,0,0,0,0,0,0,0,0,0,0,0,0,0,0,0,0,0,0,0,0,0,0,0,0,0,0,0,0,0,0,0,0,0,0,0,0,NA,NA,1,1,0,0,0,0,0,0,0,0,1,2,3,1,2,4,3,4,3,2,1,9,8,8,10,9,8,7,8,9,8,8,9,125,3,2,5,4,3,4,4,4,2,NA,"MASKED BY ICPSR"
"975",2,1987,28,2,NA,"MASKED BY ICPSR",1,4,4,4,2,NA,4,1,1,1,0,1,0,1,0,0,0,0,0,0,0,0,0,0,0,0,1,0,1,3,1,1,0,0,0,0,0,1,0,0,1,0,0,0,0,1,0,0,0,0,0,0,0,0,0,0,0,0,0,0,0,0,0,0,0,0,0,0,3,1,2,0,0,0,0,0,0,0,0,0,0,2,2,3,2,3,2,1,1,3,2,10,9,7,10,9,8,7,6,5,4,3,2,450,7,3,1,2,3,4,5,6,1,5,"MASKED BY ICPSR"
"976",2,1980,35,2,NA,"MASKED BY ICPSR",0,2,2,3,2,NA,1,1,1,0,0,1,0,1,0,0,0,1,0,0,0,0,1,1,0,0,0,0,1,4,1,1,1,1,1,1,1,1,1,0,1,1,1,1,0,1,1,0,0,0,0,0,0,0,0,0,0,1,0,0,0,0,0,0,1,0,0,0,3,1,3,0,0,0,0,0,0,0,0,0,0,2,1,2,4,4,2,1,2,3,2,9,8,2,2,2,1,1,1,1,1,1,2,100,10,2,5,5,2,1,2,2,2,NA,"MASKED BY ICPSR"
"977",1,1989,26,2,NA,"MASKED BY ICPSR",1,2,2,5,2,NA,1,1,0,0,0,0,0,0,0,0,0,0,0,0,0,0,0,0,0,0,1,0,1,2,0,0,0,0,0,0,0,0,0,0,0,0,0,0,0,0,0,0,0,0,0,0,0,0,0,0,0,0,0,0,0,0,0,0,0,0,0,0,NA,NA,3,0,0,0,0,0,0,0,0,0,0,2,3,1,4,2,2,2,2,2,2,9,9,4,9,9,9,9,9,9,9,9,9,170,12,2,4,4,4,4,4,4,2,NA,"               "
"978",1,1990,25,2,NA,"MASKED BY ICPSR",0,1,4,4,2,NA,3,1,1,1,0,1,0,1,1,0,0,1,0,0,1,0,0,0,1,1,1,0,1,3,1,1,0,1,0,0,0,0,0,0,0,0,1,0,0,1,0,0,0,0,0,0,0,0,0,0,0,0,0,0,0,0,0,0,0,0,0,0,1,3,2,0,0,0,0,0,0,0,0,0,0,3,1,3,3,3,3,3,3,2,2,8,10,7,9,10,10,9,8,9,9,9,10,500,15,3,4,5,3,4,4,5,2,NA,"               "
"979",2,1984,31,2,NA,"MASKED BY ICPSR",0,5,2,4,5,NA,1,1,1,0,0,0,0,0,0,0,0,0,0,0,0,0,1,0,0,0,0,0,1,2,0,0,0,0,0,0,0,0,0,0,0,0,0,0,0,0,0,0,0,0,0,0,0,0,0,0,0,0,0,0,0,0,0,0,0,0,0,0,NA,NA,2,0,0,0,0,0,0,0,0,0,0,2,3,3,2,2,3,1,2,3,1,7,8,1,3,3,1,5,5,1,5,5,5,400,5,3,5,3,1,1,4,1,2,NA,"               "
"980",1,1980,35,2,NA,"MASKED BY ICPSR",1,2,2,4,2,NA,1,1,1,1,0,1,0,1,0,0,0,0,0,1,0,0,0,0,1,0,1,0,1,4,1,1,0,1,1,0,0,0,1,0,0,1,0,0,0,0,0,0,0,0,0,0,0,0,0,0,1,0,0,0,0,0,0,0,0,0,0,0,1,3,3,0,0,0,0,0,0,0,0,0,0,2,1,2,1,1,4,1,1,1,1,10,7,10,9,9,3,3,2,4,9,3,3,70,7,3,5,3,3,6,4,6,2,NA,"               "
"981",2,1995,20,2,NA,"MASKED BY ICPSR",1,1,6,4,1,3,4,1,1,0,0,1,0,0,0,0,0,1,0,0,0,0,1,0,1,0,1,0,1,4,0,1,0,0,1,0,0,0,1,1,1,1,0,1,0,1,0,0,0,0,0,0,0,0,0,0,1,0,0,0,0,1,0,0,0,0,0,0,1,3,2,0,0,0,0,0,0,0,0,0,0,4,3,3,3,2,3,1,3,2,1,6,5,8,6,6,6,3,3,3,3,3,3,3000,20,3,5,5,3,2,1,1,2,NA,"MASKED BY ICPSR"
"982",1,1983,32,2,NA,"MASKED BY ICPSR",1,1,3,2,4,NA,4,1,1,0,0,1,0,0,0,0,0,0,0,0,0,0,0,1,0,0,1,0,1,4,0,0,0,0,0,0,0,0,0,0,0,0,0,0,0,0,0,0,0,0,0,0,0,0,0,0,0,0,0,0,0,0,0,0,0,0,0,0,NA,NA,1,0,0,0,0,0,0,0,0,0,0,1,1,1,1,1,4,1,1,2,1,10,8,1,8,10,8,10,10,10,10,9,9,20,4,2,5,4,4,4,5,4,2,NA,"MASKED BY ICPSR"
"983",1,1983,32,2,NA,"MASKED BY ICPSR",NA,1,4,4,4,NA,3,1,1,1,0,1,0,1,0,0,0,0,0,0,0,0,0,1,1,0,1,0,0,4,0,0,0,0,0,0,0,0,0,0,0,0,0,0,0,0,0,0,0,0,0,0,0,0,0,0,0,0,0,0,0,0,0,0,0,0,0,0,NA,NA,2,0,0,0,0,0,0,0,0,0,0,2,2,3,1,1,2,1,4,3,1,9,10,3,7,9,2,10,10,10,7,8,10,40,2,1,5,3,1,5,1,6,2,NA,"               "
"984",2,1987,28,2,NA,"MASKED BY ICPSR",0,5,2,2,2,NA,4,1,1,1,0,1,0,0,0,0,0,0,0,0,0,0,0,0,0,0,0,0,0,1,1,1,1,0,0,0,0,0,1,0,0,0,0,0,0,1,1,0,1,1,0,0,0,0,0,0,0,0,0,0,0,0,0,0,0,0,0,0,1,5,4,1,0,0,0,0,0,0,1,0,0,3,3,2,3,3,3,4,2,4,4,10,8,8,10,9,8,9,9,9,9,10,9,50,50,1,6,5,5,6,5,5,1,4,"MASKED BY ICPSR"
"985",2,1992,23,2,NA,"MASKED BY ICPSR",1,2,5,4,1,3,1,1,1,0,0,0,0,1,0,0,0,0,0,0,0,0,0,0,0,0,0,0,1,4,0,1,0,1,0,1,0,0,1,1,0,1,1,0,0,1,0,0,0,0,0,0,0,0,0,0,1,0,0,0,0,0,0,0,0,0,0,0,2,3,3,0,0,0,0,0,0,0,0,0,0,3,3,2,2,2,3,1,2,2,1,10,8,1,6,10,5,6,6,6,6,6,6,400,24,3,5,5,4,3,5,4,2,NA,"               "
"986",2,1980,35,2,NA,"MASKED BY ICPSR",1,3,4,5,5,NA,4,1,1,0,0,1,0,1,0,0,0,0,0,0,0,0,0,0,0,0,1,0,1,4,0,0,0,0,0,0,0,0,0,0,0,0,0,0,0,0,0,0,0,0,0,0,0,0,0,0,0,0,0,0,0,0,0,0,0,0,0,0,NA,NA,2,0,0,0,0,0,0,0,0,0,0,2,1,2,2,2,4,1,4,4,1,8,3,3,5,5,5,5,5,5,6,5,5,350,20,1,5,5,4,4,5,4,2,NA,"MASKED BY ICPSR"
"987",1,1986,29,2,NA,"MASKED BY ICPSR",0,4,2,3,3,NA,2,1,1,1,0,0,0,0,0,0,0,0,0,0,0,0,0,0,0,0,0,0,0,3,0,0,0,0,0,0,0,0,0,0,0,0,0,0,0,0,0,0,0,0,0,0,0,0,0,0,0,0,0,0,0,0,0,0,0,0,0,0,NA,NA,1,0,0,0,0,0,0,0,0,0,0,2,3,2,3,3,3,3,3,2,3,10,10,10,4,1,1,2,2,9,1,1,1,52,1,2,5,1,1,1,4,1,2,NA,"MASKED BY ICPSR"
"988",2,1984,31,2,NA,"MASKED BY ICPSR",0,1,4,4,2,NA,4,1,1,1,0,1,0,1,0,0,1,1,0,0,0,0,1,1,0,1,1,0,1,4,0,0,0,0,0,0,0,0,0,0,0,0,0,0,0,0,0,0,0,0,0,0,0,0,0,0,0,0,0,0,0,0,0,0,0,0,0,0,NA,NA,2,0,0,0,0,0,0,0,0,0,0,2,1,2,2,2,2,2,3,2,3,10,10,10,10,10,9,9,9,10,10,10,10,10,5,3,4,4,4,4,5,5,2,NA,"MASKED BY ICPSR"
"989",2,1990,25,2,NA,"MASKED BY ICPSR",1,2,5,3,1,3,4,0,0,0,0,0,0,0,0,0,0,0,0,0,0,0,0,0,0,0,0,0,1,3,0,0,0,0,0,0,0,0,0,0,0,0,0,0,0,0,0,0,0,0,0,0,0,0,0,0,0,0,0,0,0,0,0,0,0,0,0,0,NA,NA,1,0,0,0,0,0,0,0,0,0,0,1,3,1,1,1,1,1,1,1,1,6,6,6,6,6,6,6,6,6,6,6,6,5,5,1,6,3,6,6,6,6,2,NA,"               "
"990",2,1985,30,2,NA,"MASKED BY ICPSR",1,2,2,4,4,NA,4,1,1,1,0,1,0,1,0,0,0,0,0,0,0,0,0,0,0,1,1,0,1,4,0,0,0,0,0,0,0,0,0,0,0,0,0,0,0,0,0,0,0,0,0,0,0,0,0,0,0,0,0,0,0,0,0,0,0,0,0,0,NA,NA,3,0,0,0,0,0,0,0,0,0,0,2,1,2,3,3,2,1,2,3,1,8,7,5,3,9,2,10,10,10,10,8,7,425,2,3,5,4,3,2,2,2,2,NA,"MASKED BY ICPSR"
"991",2,1979,36,2,NA,"MASKED BY ICPSR",1,2,4,4,5,NA,4,1,1,0,0,1,0,1,0,0,0,0,0,0,0,0,0,0,0,0,1,0,1,4,0,1,1,1,1,1,1,1,1,1,1,1,1,1,1,1,1,0,0,0,0,0,0,0,0,0,0,1,0,0,0,0,1,1,0,0,0,0,1,1,4,1,1,1,0,1,1,0,0,0,0,4,2,4,2,2,4,1,3,2,1,6,4,1,1,1,1,1,1,1,1,1,1,10,3,2,5,2,1,1,4,1,2,NA,"MASKED BY ICPSR"
"992",1,1992,23,2,NA,"MASKED BY ICPSR",1,3,5,3,5,NA,3,1,1,1,0,1,0,1,0,0,0,0,0,0,0,0,0,0,0,0,1,0,1,4,0,1,0,0,0,1,0,0,0,0,0,1,0,1,0,0,1,0,0,0,0,0,0,0,0,0,0,0,0,0,0,0,0,0,0,0,0,0,1,4,4,0,0,0,0,0,0,0,0,0,0,3,3,3,1,3,2,2,3,3,3,7,7,8,4,5,6,4,4,6,6,6,6,130,2,2,3,4,1,2,6,6,2,NA,"MASKED BY ICPSR"
"993",1,1986,29,2,NA,"MASKED BY ICPSR",1,3,2,5,2,NA,1,1,1,0,0,0,0,0,0,0,0,0,0,0,0,0,0,0,0,1,1,0,1,3,1,1,0,1,1,1,0,0,0,1,0,1,1,0,0,0,0,0,0,0,0,0,0,0,0,0,0,1,0,0,0,0,1,1,0,0,0,0,1,4,3,0,0,0,0,0,0,0,0,0,0,2,3,3,1,1,4,1,3,3,1,7,2,1,5,8,1,8,8,8,6,4,3,250,7,1,5,5,1,2,5,3,2,NA,"               "
"994",1,1980,35,2,NA,"MASKED BY ICPSR",0,1,4,2,2,NA,2,1,1,0,0,0,0,0,0,0,0,0,0,0,0,0,0,0,0,0,1,0,1,NA,0,0,0,0,0,0,0,0,0,0,0,0,0,0,0,0,0,0,0,0,0,0,0,0,0,0,0,0,0,0,0,0,0,0,0,0,0,0,NA,NA,3,1,1,0,0,0,1,0,0,0,0,3,3,3,1,1,4,1,1,3,1,10,5,5,6,6,6,6,6,6,6,6,6,1200,5,2,5,5,3,3,3,3,2,NA,"               "
"995",2,1987,28,2,NA,"MASKED BY ICPSR",1,2,6,3,1,3,2,1,1,0,0,1,0,0,0,0,0,0,0,0,0,0,0,0,0,0,0,0,1,4,0,0,0,0,0,0,0,0,0,0,0,0,0,0,0,0,0,0,0,0,0,0,0,0,0,0,0,0,0,0,0,0,0,0,0,0,0,0,NA,NA,3,0,0,0,0,0,0,0,0,0,0,3,1,2,2,4,3,1,3,3,1,10,9,1,9,5,1,NA,1,3,3,3,2,1020,5,2,5,5,1,6,4,6,2,NA,"MASKED BY ICPSR"
"996",2,1991,24,2,NA,"MASKED BY ICPSR",1,2,5,5,4,NA,2,1,1,1,0,0,0,1,0,0,0,0,0,0,0,0,0,0,0,0,1,0,1,4,0,1,0,1,0,0,0,0,0,1,0,0,0,0,0,1,0,0,0,0,0,0,0,0,0,0,0,0,0,0,0,0,0,0,0,0,0,0,1,2,3,0,0,0,0,0,0,0,0,0,0,3,1,3,3,3,3,3,3,3,3,6,6,6,6,6,6,6,6,6,6,6,6,300,2,2,3,3,3,3,3,3,2,NA,"MASKED BY ICPSR"
"997",1,1980,35,2,NA,"MASKED BY ICPSR",1,2,4,3,3,NA,3,1,1,1,0,1,0,1,0,0,0,0,0,0,0,0,0,0,1,0,0,0,1,3,1,1,0,1,1,1,0,0,0,1,1,0,0,1,0,1,0,1,0,0,0,0,0,0,0,0,0,0,0,0,0,0,0,0,0,0,0,0,1,3,3,1,1,0,0,0,1,0,0,0,0,2,3,2,2,2,3,1,2,2,2,9,7,5,7,7,4,4,3,4,6,5,4,253,5,1,5,4,1,2,6,6,1,4,"MASKED BY ICPSR"
"998",1,1989,26,2,NA,"MASKED BY ICPSR",1,3,5,3,4,NA,1,1,1,0,0,0,0,0,1,0,0,0,0,0,1,0,0,0,0,0,1,0,1,4,1,1,1,1,0,0,0,0,1,0,0,1,0,0,0,1,0,0,0,0,0,0,0,0,0,0,0,1,0,0,0,0,0,0,0,0,0,0,3,3,2,0,0,0,0,0,0,0,0,0,0,2,1,1,1,1,4,1,3,3,2,8,6,4,4,6,2,3,1,4,4,1,1,530,2,2,5,4,3,6,6,6,2,NA,"MASKED BY ICPSR"
"999",1,1982,33,2,NA,"MASKED BY ICPSR",0,4,2,2,2,NA,3,1,1,1,0,1,0,1,0,0,0,1,0,0,0,0,0,0,0,0,1,0,1,3,0,0,0,0,0,0,0,0,0,0,0,0,0,0,0,0,0,0,0,0,0,0,0,0,0,0,0,0,0,0,0,0,0,0,0,0,0,0,NA,NA,2,0,0,0,0,0,0,0,0,0,0,1,1,1,2,1,1,2,2,1,1,5,6,5,5,6,5,6,6,7,5,6,5,150,20,2,3,3,3,3,3,3,2,NA,"               "
"1000",2,1985,30,2,NA,"MASKED BY ICPSR",1,2,4,4,4,NA,3,1,1,1,0,1,0,1,0,0,0,0,0,0,0,0,1,0,1,0,0,0,1,3,1,1,0,1,0,0,1,0,1,1,0,0,0,0,0,1,0,0,0,0,0,0,0,0,0,0,0,0,0,0,0,0,0,0,0,0,0,0,3,2,4,0,0,0,0,0,0,0,0,0,0,4,3,3,2,3,3,1,4,4,3,7,9,8,7,8,7,8,8,7,9,8,7,120,1,3,3,4,4,3,4,6,2,NA,"MASKED BY ICPSR"
"1001",1,1990,25,2,NA,"MASKED BY ICPSR",0,1,1,4,2,NA,4,1,1,1,0,0,0,1,0,0,0,0,0,0,0,0,0,1,0,0,1,0,1,4,0,0,0,0,0,0,0,0,0,0,0,0,0,0,0,0,0,0,0,0,0,0,0,0,0,0,0,0,0,0,0,0,0,0,0,0,0,0,NA,NA,2,0,0,0,0,0,0,0,0,0,0,2,3,2,1,1,4,1,1,3,2,5,2,7,5,7,3,6,5,6,6,NA,6,250,5,2,3,3,1,2,6,6,2,NA,"               "
"1002",1,1982,33,2,NA,"MASKED BY ICPSR",1,2,2,4,2,NA,4,1,1,1,0,0,0,1,0,0,0,0,0,0,0,0,0,0,0,1,1,0,1,3,0,0,0,0,0,0,0,0,0,0,0,0,0,0,0,0,0,0,0,0,0,0,0,0,0,0,0,0,0,0,0,0,0,0,0,0,0,0,NA,NA,1,0,0,0,0,0,0,0,0,0,0,2,1,2,1,1,4,1,1,1,1,8,9,9,6,8,3,6,6,8,9,8,7,400,5,2,5,4,3,3,3,4,2,NA,"MASKED BY ICPSR"
"1003",2,1980,35,2,NA,"MASKED BY ICPSR",1,4,2,4,2,NA,3,0,0,1,0,0,0,0,0,0,0,0,0,0,0,0,0,0,0,0,0,0,0,3,1,0,0,0,0,0,0,0,0,0,0,0,0,0,0,0,0,0,0,0,0,0,0,0,0,0,0,0,0,0,0,0,0,0,0,0,0,0,NA,NA,2,0,0,0,0,0,0,0,0,0,0,3,2,3,1,4,1,2,2,2,2,10,10,10,5,7,4,1,1,1,10,6,6,195,20,4,5,5,3,3,5,3,2,NA,"MASKED BY ICPSR"
"1004",1,1995,20,2,NA,"MASKED BY ICPSR",1,1,1,3,3,NA,4,0,1,0,0,1,0,0,0,0,0,0,0,0,0,0,0,0,0,0,0,0,0,4,1,1,1,0,0,0,0,0,0,0,0,1,0,0,0,0,0,1,0,0,0,0,0,0,0,0,0,0,0,0,0,0,0,0,0,0,0,0,2,3,3,1,0,1,0,0,0,0,0,0,0,3,2,1,2,3,4,4,2,2,3,5,7,6,5,6,6,5,6,4,7,5,5,67,23,2,4,4,5,5,5,6,1,1,"MASKED BY ICPSR"
"1005",2,1982,33,2,NA,"MASKED BY ICPSR",1,2,1,5,2,NA,1,1,1,1,0,0,0,1,0,0,0,0,0,0,0,0,0,0,0,0,1,0,1,3,0,0,0,0,0,0,0,0,0,0,0,0,0,0,0,0,0,0,0,0,0,0,0,0,0,0,0,0,0,0,0,0,0,0,0,0,0,0,NA,NA,1,0,0,0,0,0,0,0,0,0,0,1,1,1,1,1,4,1,4,4,1,8,6,5,2,7,2,3,1,2,2,1,1,400,2,1,5,4,1,6,6,6,2,NA,"MASKED BY ICPSR"
"1006",1,1994,21,2,NA,"MASKED BY ICPSR",1,3,5,3,1,3,4,1,1,1,0,1,0,1,1,0,0,0,0,0,0,0,0,0,0,0,0,0,1,4,1,1,0,1,0,0,0,0,0,0,0,0,1,0,0,1,0,0,0,0,0,0,0,0,0,0,0,0,0,0,0,0,0,0,0,0,0,0,1,4,3,0,0,0,0,0,0,0,0,0,0,2,3,3,2,2,3,1,2,1,1,7,6,4,4,5,3,3,3,4,5,4,5,500,5,1,4,5,3,3,2,3,2,NA,"MASKED BY ICPSR"
"1007",1,1992,23,2,NA,"MASKED BY ICPSR",1,1,5,4,1,3,3,1,1,0,0,0,0,0,0,0,0,0,0,0,0,0,0,0,0,0,1,0,1,4,0,1,0,1,1,0,1,0,0,1,0,1,0,0,0,1,1,0,0,0,0,0,0,0,0,0,0,0,0,0,0,0,0,0,0,0,0,0,3,1,3,0,0,0,0,0,0,0,0,0,0,2,3,2,2,1,2,1,4,4,2,6,6,9,7,10,7,5,5,5,5,5,5,300,5,1,5,4,1,1,1,1,2,NA,"MASKED BY ICPSR"
"1008",2,1984,31,2,NA,"MASKED BY ICPSR",1,2,4,5,5,NA,1,1,1,0,0,0,0,1,0,0,0,0,0,1,0,0,0,0,1,0,1,0,1,3,1,1,0,1,1,1,0,0,0,1,0,0,1,0,0,0,0,0,0,0,0,0,0,0,0,0,0,1,0,0,0,0,0,0,0,0,0,0,3,3,2,0,0,0,0,0,0,0,0,0,0,2,3,2,1,3,3,1,4,4,2,4,6,4,3,3,2,2,2,5,7,4,2,280,6,3,5,4,1,1,6,6,2,NA,"               "
"1009",2,1993,22,2,NA,"MASKED BY ICPSR",1,2,5,4,2,NA,2,1,1,0,0,0,0,0,0,0,0,1,0,0,0,0,0,0,1,0,1,0,1,3,1,1,1,0,1,0,0,0,1,0,0,1,0,1,0,1,0,0,0,0,0,0,0,0,0,0,0,0,0,0,0,1,0,0,0,0,0,0,3,3,3,0,0,0,0,0,0,0,0,0,0,2,1,1,1,1,3,1,2,2,1,8,8,1,7,8,3,6,6,8,7,9,8,497,3,1,4,3,1,3,5,6,2,NA,"               "
"1010",2,1989,26,2,NA,"MASKED BY ICPSR",1,1,6,4,2,NA,3,1,1,0,0,0,0,0,0,0,0,1,0,0,0,0,0,0,1,0,0,0,0,4,1,1,0,0,0,0,1,0,1,1,0,0,0,0,0,0,0,0,0,0,0,0,0,0,0,0,0,0,0,0,0,1,0,0,0,0,0,0,1,5,4,0,0,0,0,0,0,0,0,0,0,3,1,3,2,1,4,1,4,4,2,10,7,4,8,10,1,4,4,9,9,1,8,250,10,1,5,5,4,1,1,1,2,NA,"               "
"1011",2,1988,27,2,NA,"MASKED BY ICPSR",1,5,2,2,4,NA,4,1,0,0,0,0,0,1,0,0,0,0,0,0,0,0,0,0,0,0,1,0,1,4,0,0,0,0,0,0,0,0,0,0,0,0,0,0,0,0,0,0,0,0,0,0,0,0,0,0,0,0,0,0,0,0,0,0,0,0,0,0,NA,NA,3,0,0,0,0,0,0,0,0,0,0,2,3,3,1,1,4,1,1,1,1,5,5,5,5,5,5,5,5,5,6,5,5,500,1,2,4,4,3,3,3,3,2,NA,"MASKED BY ICPSR"
"1012",2,1987,28,2,NA,"MASKED BY ICPSR",1,3,2,5,4,NA,4,1,0,0,0,0,0,0,0,0,0,0,0,0,0,0,0,0,0,0,0,0,0,2,0,0,0,0,0,0,0,0,0,0,0,0,0,0,0,0,0,0,0,0,0,0,0,0,0,0,0,0,0,0,0,0,0,0,0,0,0,0,NA,NA,1,0,0,0,0,0,0,0,0,0,0,2,3,3,1,1,3,2,1,2,3,9,7,7,9,9,4,7,5,8,8,7,NA,300,2,1,5,4,3,2,2,1,2,NA,"               "
"1013",2,1993,22,2,NA,"MASKED BY ICPSR",0,1,2,3,2,NA,1,1,1,1,0,0,0,1,0,0,0,0,0,1,0,0,1,0,0,0,0,0,1,4,0,0,0,0,0,0,0,0,0,0,0,0,0,0,0,0,0,0,0,0,0,0,0,0,0,0,0,0,0,0,0,0,0,0,0,0,0,0,NA,NA,3,0,0,0,0,0,0,0,0,0,0,4,3,4,3,3,3,1,3,3,3,3,7,3,1,2,1,1,2,2,5,5,5,108,2,1,5,3,3,2,2,2,2,NA,"MASKED BY ICPSR"
"1014",1,1987,28,2,NA,"MASKED BY ICPSR",1,1,1,4,3,NA,1,1,1,0,0,0,0,1,0,0,0,0,0,0,0,0,0,0,0,0,1,0,1,3,0,1,0,1,1,0,0,0,0,1,0,0,1,0,0,1,0,0,0,0,0,0,0,0,0,0,1,0,0,0,0,0,0,0,0,0,0,0,1,3,3,0,0,0,0,0,0,0,0,0,0,3,1,3,2,2,3,1,2,3,1,7,7,7,6,4,4,4,3,4,4,4,3,800,3,3,5,2,1,6,6,3,2,NA,"MASKED BY ICPSR"
"1015",2,1986,29,2,NA,"MASKED BY ICPSR",1,4,3,4,3,NA,2,1,1,0,0,0,0,1,0,0,0,0,0,0,0,0,0,0,0,0,0,0,1,4,1,1,0,1,0,0,0,0,1,0,1,0,0,0,0,1,0,0,0,0,0,0,0,0,0,0,0,0,0,0,0,0,0,0,0,0,0,0,NA,3,3,0,0,0,0,0,0,0,0,0,0,4,3,4,1,2,4,1,3,3,3,10,9,4,2,4,1,3,3,4,3,1,2,1671,15,2,5,5,5,3,2,3,2,NA,"MASKED BY ICPSR"
"1016",2,1980,35,2,NA,"MASKED BY ICPSR",1,3,2,5,2,NA,4,1,1,0,0,0,0,1,0,0,0,0,0,0,0,0,0,0,0,0,0,0,0,4,0,0,0,0,0,0,0,0,0,0,0,0,0,0,0,0,0,0,0,0,0,0,0,0,0,0,0,0,0,0,0,0,0,0,0,0,0,0,NA,NA,3,1,0,0,0,0,0,0,0,1,0,3,3,2,4,3,2,1,2,3,1,9,7,7,8,8,6,7,8,8,9,9,9,399,3,2,5,5,3,4,3,3,2,NA,"               "
"1017",2,1995,20,2,NA,"MASKED BY ICPSR",1,3,6,3,1,3,6,1,1,1,0,0,0,1,0,0,0,0,0,0,0,0,1,0,0,0,1,0,1,4,1,0,0,0,0,0,0,0,0,0,0,0,0,0,0,0,0,0,0,0,0,0,0,0,0,0,0,0,0,0,0,0,0,0,0,0,0,0,NA,NA,2,0,0,0,0,0,0,0,0,0,0,1,3,2,2,2,2,1,2,2,2,8,8,8,7,8,2,3,2,2,3,2,2,800,3,1,4,5,3,2,2,5,2,NA,"               "
"1018",1,1995,20,2,NA,"MASKED BY ICPSR",0,3,5,2,1,3,3,1,1,0,0,0,0,0,0,0,0,0,0,0,0,0,0,0,0,0,0,0,1,4,0,1,0,1,1,0,1,0,1,1,0,0,0,1,0,1,0,0,0,0,0,0,0,0,0,0,1,0,0,0,0,0,0,0,0,0,0,0,3,3,2,0,0,0,0,0,0,0,0,0,0,2,3,3,1,4,1,1,3,3,1,5,8,2,5,7,1,7,7,8,5,5,5,196,0,2,5,5,3,3,4,4,2,NA,"               "
"1019",1,1988,27,2,NA,"MASKED BY ICPSR",0,3,2,4,2,NA,4,1,1,0,0,1,0,1,0,0,0,1,0,0,0,0,1,0,1,1,1,0,1,4,0,1,0,0,1,0,0,0,0,0,0,1,0,0,0,1,0,0,0,0,0,0,0,0,0,0,0,0,0,0,0,0,0,0,0,0,1,0,3,3,1,0,0,0,0,0,0,0,0,0,0,2,3,2,1,1,4,1,3,3,3,8,6,10,7,7,5,7,5,9,10,7,7,250,4,2,4,4,1,2,1,1,2,NA,"               "
"1020",2,1996,19,2,NA,"MASKED BY ICPSR",1,3,5,1,1,1,6,1,1,0,0,1,0,1,0,0,0,1,0,0,0,0,0,0,0,0,1,0,1,4,1,1,0,0,0,1,0,0,1,1,0,1,0,0,0,1,1,1,1,0,0,1,0,0,1,0,0,0,0,0,0,1,1,1,0,1,0,1,1,2,3,0,0,0,0,0,0,0,0,0,0,3,3,4,3,4,3,1,3,3,3,10,9,1,6,8,5,9,9,10,9,8,6,213,12,2,5,5,2,4,5,5,2,NA,"               "
"1021",2,1981,34,2,NA,"MASKED BY ICPSR",0,4,3,4,1,3,1,0,1,0,0,0,0,1,0,0,0,0,0,0,0,0,0,0,1,0,1,0,1,4,0,1,0,1,1,1,0,0,1,1,0,0,0,0,0,0,1,0,0,0,0,0,0,0,0,0,0,0,0,0,0,0,0,0,0,0,0,0,1,5,2,0,0,0,0,0,0,0,0,0,0,2,3,2,1,1,4,1,2,3,1,10,2,2,2,4,2,5,5,5,10,5,4,0,1,1,4,4,1,1,1,1,2,NA,"MASKED BY ICPSR"
"1022",1,1982,33,2,NA,"MASKED BY ICPSR",1,1,5,4,1,3,4,0,1,0,0,0,0,1,0,0,0,0,0,0,0,0,0,0,0,0,0,0,0,4,0,0,0,0,0,0,0,0,0,0,0,0,0,0,0,0,0,0,0,0,0,0,0,0,0,0,0,0,0,0,0,0,0,0,0,0,0,0,NA,NA,2,0,0,0,0,0,0,0,0,0,0,1,3,1,1,1,4,1,3,2,1,4,1,7,1,4,4,4,4,6,5,1,4,0,0,1,2,6,6,6,6,6,2,NA,"MASKED BY ICPSR"
"1023",1,1991,24,2,NA,"MASKED BY ICPSR",0,3,6,5,1,3,1,1,1,1,0,1,0,1,0,0,0,0,0,0,0,0,0,0,1,0,1,0,1,4,1,1,1,1,0,0,1,0,1,0,1,1,0,1,0,0,1,0,0,0,0,0,0,0,0,0,0,0,0,0,0,0,0,0,0,0,0,0,1,3,3,1,0,0,1,0,0,0,0,1,0,3,1,2,2,3,2,1,4,4,2,7,9,10,8,8,5,5,3,8,8,4,4,1056,50,2,5,5,3,3,1,1,2,NA,"               "
"1024",1,1994,21,2,NA,"MASKED BY ICPSR",1,2,5,3,1,3,2,1,1,1,0,1,0,1,0,0,0,0,0,0,1,0,1,0,1,1,0,0,1,4,1,1,0,1,0,0,0,0,1,0,0,0,0,0,0,1,1,0,0,0,0,0,0,0,0,0,0,0,0,0,0,0,0,0,0,0,0,0,2,4,3,1,1,0,0,0,0,0,0,0,0,3,3,3,2,2,3,1,2,3,4,6,5,5,4,5,5,6,6,8,7,7,7,750,5,1,5,4,1,2,2,2,2,NA,"MASKED BY ICPSR"
"1025",2,1990,25,2,NA,"MASKED BY ICPSR",0,5,2,5,1,3,4,1,1,1,0,1,0,1,0,0,0,0,0,0,0,0,1,0,1,1,1,0,1,3,1,1,0,1,0,0,0,0,0,0,0,1,0,0,0,0,1,0,0,0,0,0,0,0,0,0,0,0,0,0,0,0,0,0,0,0,0,0,1,2,2,0,0,0,0,0,0,0,0,0,0,2,1,2,2,2,3,1,4,4,1,8,8,1,4,7,1,3,3,6,8,3,4,2200,7,1,5,5,3,6,4,4,2,NA,"MASKED BY ICPSR"
"1026",2,1996,19,2,NA,"MASKED BY ICPSR",1,3,1,3,5,NA,3,1,1,1,0,0,0,1,0,0,0,0,0,0,0,0,1,0,1,1,1,0,1,4,0,0,0,0,0,0,0,0,0,0,0,0,0,0,0,0,0,0,0,0,0,0,0,0,0,0,0,0,0,0,0,0,0,0,0,0,0,0,NA,NA,3,1,1,1,0,0,0,0,0,0,0,3,3,3,3,1,4,1,4,3,1,8,8,7,6,6,4,4,5,6,6,5,6,600,10,1,5,4,3,6,4,4,2,NA,"MASKED BY ICPSR"
"1027",1,1995,20,2,NA,"MASKED BY ICPSR",0,1,6,3,1,3,4,1,1,1,0,0,0,1,0,0,0,1,0,0,0,1,0,1,1,1,1,0,0,3,1,1,0,1,0,0,0,0,1,0,1,0,1,1,0,0,0,1,0,0,0,0,0,0,0,0,0,1,1,0,0,0,0,0,0,0,0,0,2,4,3,1,1,0,0,0,0,0,0,1,0,2,1,2,1,1,4,1,1,2,1,6,6,8,5,7,5,6,6,6,6,4,5,555,10,2,5,4,2,3,4,4,2,NA,"               "
"1028",1,1994,21,2,NA,"MASKED BY ICPSR",1,1,1,2,1,3,4,1,1,1,0,0,0,1,0,0,0,0,0,0,0,0,1,0,0,1,1,0,1,4,0,0,0,0,0,0,0,0,0,0,0,0,0,0,0,0,0,0,0,0,0,0,0,0,0,0,0,0,0,0,0,0,0,0,0,0,0,0,NA,NA,3,0,0,0,0,0,0,0,0,0,0,2,3,2,1,2,4,1,3,2,2,8,5,1,4,6,4,4,2,3,4,4,4,300,4,2,4,4,1,1,1,1,2,NA,"               "
"1029",1,1995,20,2,NA,"MASKED BY ICPSR",1,4,5,2,1,2,2,1,1,0,0,1,0,1,1,0,0,0,0,0,0,0,0,0,0,0,0,0,1,2,1,1,0,1,0,0,0,0,1,1,1,1,1,1,0,1,0,0,0,0,0,0,0,0,0,0,0,0,0,0,0,0,0,0,0,0,0,0,1,4,3,0,0,0,0,0,0,0,0,0,0,2,1,1,1,1,4,1,2,2,2,7,8,5,3,3,1,1,1,1,1,1,1,NA,NA,2,3,4,4,4,2,3,2,NA,"               "
"1030",1,1996,19,2,NA,"MASKED BY ICPSR",1,2,1,3,1,3,4,1,1,1,0,1,0,0,0,0,0,0,0,0,0,0,0,0,0,0,0,0,1,4,1,1,0,1,1,1,1,1,1,1,1,1,1,1,0,1,0,1,0,0,0,0,0,0,0,0,0,0,0,0,0,0,0,0,0,0,0,0,3,2,3,0,0,0,0,0,0,0,0,0,0,3,2,3,1,1,4,1,1,3,1,10,10,10,6,9,3,4,2,7,8,7,8,400,20,2,5,4,3,1,2,3,2,NA,"               "
"1031",1,1991,24,2,NA,"MASKED BY ICPSR",1,1,5,4,5,NA,4,1,1,1,0,1,0,1,0,0,0,0,0,0,0,0,0,0,0,0,1,0,1,4,0,0,0,0,0,0,0,0,0,0,0,0,0,0,0,0,0,0,0,0,0,0,0,0,0,0,0,0,0,0,0,0,0,0,0,0,0,0,NA,NA,2,0,0,0,0,0,0,0,0,0,0,2,1,2,1,1,4,1,2,2,2,10,6,5,5,5,5,5,5,5,5,5,5,130,5,1,5,4,2,3,6,6,2,NA,"MASKED BY ICPSR"
"1032",2,1987,28,2,NA,".              ",0,5,6,5,5,NA,5,0,0,0,0,0,0,0,0,1,0,0,0,0,0,0,0,0,0,0,0,0,0,3,0,1,0,0,0,0,1,0,1,0,0,0,0,0,0,0,0,0,1,0,0,0,0,0,0,0,0,0,0,0,0,0,0,0,0,0,0,0,3,3,1,1,0,0,0,0,0,0,0,0,1,1,3,2,1,3,1,2,3,1,2,8,5,2,3,4,9,1,7,9,4,4,10,53,63,3,1,6,6,4,4,4,2,NA,"               "
"1033",2,1988,27,2,NA,".              ",0,5,6,5,5,NA,3,0,0,0,0,0,0,0,0,0,0,1,0,0,0,0,0,0,0,0,0,0,0,4,0,1,0,0,0,0,1,0,0,1,0,0,0,0,0,0,0,0,0,1,0,0,0,0,0,0,0,0,0,0,0,0,0,0,0,0,0,0,1,3,1,0,0,0,0,0,0,0,0,0,0,3,3,3,3,4,2,2,4,2,1,3,1,9,2,5,9,6,4,5,2,4,6,71,45,3,1,1,2,5,3,2,1,NA,"               "
"1034",2,1989,26,2,NA,".              ",0,5,6,5,5,NA,3,0,0,0,0,0,0,0,0,0,0,0,0,0,0,0,1,0,0,0,0,0,0,2,0,1,0,0,0,0,1,0,0,0,0,1,0,0,0,0,0,0,0,0,0,0,0,0,0,0,0,1,0,0,0,0,0,0,0,0,0,0,3,4,4,0,0,0,0,0,0,0,0,0,0,3,3,3,1,3,2,1,2,4,2,8,2,9,7,5,1,7,10,7,1,5,5,22,27,2,6,2,5,3,2,3,2,NA,"               "
