song,artist,year,decade,primary_genre,date,weeks_at_number_one,non_consecutive,rating_1,rating_2,rating_3,overall_rating,divisiveness,label,parent_label,cdr_genre,discogs_genre,artist_structure,multiple_lead_vocalists,group_named_after_non_lead_singer,posthumous,artist_place_of_origin,front_person_age,artist_male,artist_white,artist_black,songwriters,songwriters_w_o_interpolation_sample_credits,songwriter_male,songwriter_white,artist_is_a_songwriter,artist_is_only_songwriter,producers,producer_male,producer_white,artist_is_a_producer,artist_is_only_producer,songwriter_is_a_producer,time_signature,keys,simplified_key,bpm,energy,danceability,happiness,loudness_d_b,acousticness,vocally_based,bass_based,guitar_based,piano_keyboard_based,orchestral_strings,horns_winds,accordion,banjo,bongos,clarinet,cowbell,falsetto_vocal,flute_piccolo,handclaps_snaps,harmonica,human_whistling,kazoo,mandolin,pedal_lap_steel,ocarina,saxophone,sitar,trumpet,ukulele,violin,song_structure,rap_verse_in_a_non_rap_song,length_sec,instrumental,instrumental_length_sec,intro_length_sec,vocal_introduction,free_time_vocal_introduction,fade_out,live,cover,sample,interpolation,inspired_by_a_different_song,lyrical_topic,lyrical_narrative,spoken_word,explicit,foreign_language,written_for_a_play,written_for_a_film,written_for_a_t_v_show,associated_with_dance,topped_the_charts_by_multiple_artist,eurovision_entry
Poor Little Fool,Ricky Nelson,1958,1950,Pop,1958-08-04 00:00:00+00:00,2,0,4,5,3,4.0,1.3333333333333333,Imperial,Imperial,Pop;Rock,Rock,1.0,0,0,0,United States,18.0,1,1,0.0,Sharon Sheeley,Sharon Sheeley,0.0,1.0,0,0,Jimmie Haskell;Ozzie Nelson;Ricky Nelson,1.0,1.0,1.0,0.0,0,4/4,C,C,155.0,33.0,54.0,80.0,-12.0,67.0,0,0,1,0,0,0,0,0,0,0,0,0,0,0,0,0,0,0,0,0,0,0,0,0,0,A2,0,154,0,12,12,0,0,0,0,0,0,0,0,Lost Love,0,0,0,0,0,0,0,0,0,0
Nel Blu Dipinto Di Blu,Domenico Modugno,1958,1950,Pop,1958-08-18 00:00:00+00:00,5,1,7,7,5,6.333333333333333,1.3333333333333333,Decca,Decca,Pop,"Pop;Folk, World, & Country",1.0,0,0,0,Italy,30.0,1,1,0.0,Franco Migliacci;Domenico Modugno;Mitchell Parish,Franco Migliacci;Domenico Modugno;Mitchell Parish,1.0,1.0,1,0,Unknown,,,,,0,Free;6/8;4/4,Bb,Bb,130.0,6.0,55.0,48.0,-17.0,98.0,0,0,0,1,1,0,0,0,0,0,0,0,0,0,0,0,0,0,0,0,0,0,0,0,0,E1,0,219,0,11,40,1,1,0,0,0,0,0,0,Flying;Dreaming,0,0,0,1,0,0,0,0,0,1
Little Star,The Elegants,1958,1950,Rock,1958-08-25 00:00:00+00:00,1,0,5,6,6,5.666666666666667,0.6666666666666666,Apt,ABC,Rock,Rock,0.0,0,0,0,United States,17.0,1,1,0.0,Vito Picone;Arthur Venosa,Vito Picone;Arthur Venosa,1.0,1.0,1,1,Unknown,,,,,0,Free;4/4,A,A,73.0,40.0,41.0,70.0,-13.0,87.0,1,0,1,0,0,1,0,0,0,0,0,0,0,0,0,0,0,0,0,0,0,0,0,0,0,D3,0,163,0,0,10,1,1,0,0,0,0,1,1,Longing for Love,0,0,0,0,0,0,0,0,0,0
It's All in the Game,Tommy Edwards,1958,1950,Pop,1958-09-29 00:00:00+00:00,6,0,3,3,7,4.333333333333333,2.6666666666666665,MGM,MGM,Pop,Rock;Pop,1.0,0,0,0,United States,35.0,1,0,1.0,Carl Sigman;Charles G. Dawes,Carl Sigman;Charles G. Dawes,1.0,1.0,0,0,Harry Myerson,1.0,1.0,0.0,0.0,0,3/4,Eb,Eb,71.0,15.0,33.0,61.0,-18.0,4.0,1,0,0,1,1,0,0,0,0,0,0,0,0,0,0,0,0,0,0,0,0,0,0,0,0,D1,0,156,0,0,3,0,0,0,0,0,0,1,1,Love,0,0,0,0,0,0,0,0,0,0
It's Only Make Believe,Conway Twitty,1958,1950,Pop,1958-11-10 00:00:00+00:00,2,1,7,8,9,8.0,1.3333333333333333,MGM,MGM,Pop,Rock,1.0,0,0,0,United States,25.0,1,1,0.0,Jack Nance;Conway Twitty,Jack Nance;Conway Twitty,1.0,1.0,1,0,Jim Vienneau,1.0,1.0,0.0,0.0,0,Free;6/8,B,B,127.0,43.0,44.0,36.0,-10.0,86.0,1,0,0,1,0,0,0,0,0,0,0,0,0,0,0,0,0,0,0,0,0,0,0,0,0,A3,0,134,0,0,24,1,1,0,0,0,0,0,0,Lost Love,0,0,0,0,0,0,0,0,0,0
Tom Dooley,The Kingston Trio,1958,1950,Folk/Country,1958-11-17 00:00:00+00:00,1,0,5,5,2,4.0,2.0,Capitol,EMI,Folk/Country,"Folk, World, & Country",0.0,0,0,0,United States,24.33333333333333,1,1,0.0,Alan Lomax;Frank Warner,Alan Lomax;Frank Warner,1.0,1.0,0,0,Voyle Gilmore,1.0,1.0,0.0,0.0,0,4/4,E,E,126.0,14.0,63.0,52.0,-15.0,83.0,0,0,1,0,0,0,0,1,0,0,0,0,0,0,0,0,0,0,0,0,0,0,0,0,0,C2,0,185,0,7,31,1,0,0,0,1,0,0,1,Murder;Death,1,1,0,0,0,0,0,0,0,0
To Know Him is to Love Him,The Teddy Bears,1958,1950,Pop,1958-12-01 00:00:00+00:00,3,0,8,8,8,8.0,0.0,Dore,Dore,Pop,Pop,0.0,0,0,0,United States,18.0,2,1,0.0,Phil Spector,Phil Spector,1.0,1.0,1,1,Phil Spector,1.0,1.0,1.0,1.0,1,12/8,D;F,Multiple Keys,175.0,20.0,32.0,35.0,-16.0,89.0,1,0,1,0,0,0,0,0,0,0,0,0,0,0,0,0,0,0,0,0,0,0,0,0,0,D1,0,142,0,8,8,0,0,1,0,0,0,0,0,Longing for Love,0,0,0,0,0,0,0,0,0,0
The Chipmunk Song,The Chipmunks,1958,1950,Pop,1958-12-22 00:00:00+00:00,4,0,1,5,2,2.6666666666666665,2.6666666666666665,Liberty,Liberty,Pop,Pop;Children's,0.0,0,0,0,United States,39.0,1,0,0.0,Ross Bagdasarian Sr.,Ross Bagdasarian Sr.,1.0,0.0,1,1,Ross Bagdasarian Sr.,1.0,0.0,1.0,1.0,1,3/4,Ab;Bb&%,Ab,153.0,37.0,61.0,78.0,-12.0,71.0,0,0,1,0,0,1,0,0,0,0,0,0,0,0,0,0,0,0,0,0,0,0,0,0,0,A2,0,141,0,28,19,0,0,1,0,0,0,0,0,Christmas,0,0,0,0,0,0,0,0,0,0
Smoke Gets in Your Eyes,The Platters,1959,1950,Pop,1959-01-19 00:00:00+00:00,3,0,9,9,8,8.666666666666666,0.6666666666666666,Mercury,Mercury,Pop,Funk/Soul,0.0,0,0,0,United States,30.0,2,0,1.0,Otto Harbach;Jerome Kern,Otto Harbach;Jerome Kern,1.0,1.0,0,0,Buck Ram,1.0,1.0,0.0,0.0,0,4/4,Eb;B,Multiple Keys,113.0,27.0,32.0,26.0,-11.0,93.0,1,0,0,0,1,0,0,0,0,0,0,0,0,0,0,0,0,0,0,0,0,0,0,0,0,D1,0,158,0,16,8,0,0,0,0,1,0,0,1,Lost Love,0,0,0,0,1,0,0,0,0,0
Stagger Lee,Lloyd Price,1959,1950,Rock,1959-02-02 00:00:00+00:00,4,0,6,6,9,7.0,2.0,ABC-Paramount,ABC,Rock,Rock,1.0,0,0,0,United States,25.0,1,0,1.0,Lloyd Price;Harold Logan,Lloyd Price;Harold Logan,1.0,0.0,1,0,Don Costa,1.0,1.0,0.0,0.0,0,Free;4/4,Eb,Eb,71.0,62.0,36.0,79.0,-8.0,74.0,0,0,1,0,0,1,0,0,0,0,0,0,0,0,0,0,0,0,0,0,0,0,0,0,0,A4,0,145,0,32,13,1,1,1,0,1,0,0,1,Murder;Death,1,0,0,0,0,0,0,0,0,0
Venus,Frankie Avalon,1959,1950,Pop,1959-03-09 00:00:00+00:00,5,0,3,2,2,2.333333333333333,0.6666666666666666,Chancellor,ABC,Pop,Pop,1.0,0,0,0,United States,18.0,1,1,0.0,Ed Marshall,Ed Marshall,1.0,1.0,0,0,Peter DeAngelis;Bob Marcucci,1.0,1.0,0.0,0.0,0,4/4,Bb,Bb,115.0,48.0,56.0,75.0,-10.0,73.0,1,0,1,1,0,0,0,0,0,0,0,0,0,0,0,0,0,0,0,0,0,0,0,0,0,D1,0,142,0,23,16,0,0,0,0,0,0,0,0,Longing for Love,0,0,0,0,0,0,0,0,0,0
Come Softly to Me,The Fleetwoods,1959,1950,Pop,1959-04-13 00:00:00+00:00,4,0,8,8,8,8.0,0.0,Dolphin,Dolton,Pop,Pop,0.0,0,0,0,United States,19.0,2,1,0.0,Gretchen Christopher;Gary Troxel;Barbara Ellis,Gretchen Christopher;Gary Troxel;Barbara Ellis,2.0,1.0,1,1,Bob Reisdorff,1.0,1.0,1.0,0.0,0,4/4,Db,Db,123.0,9.0,60.0,67.0,-18.0,93.0,1,0,1,0,0,0,0,0,0,0,0,0,0,0,0,0,0,0,0,0,0,0,0,0,0,A1,0,145,0,0,15,0,0,1,0,0,0,0,0,Longing for Love,0,0,0,0,0,0,0,0,0,0
The Happy Organ,"Dave ""Baby"" Cortez",1959,1950,Rock,1959-05-11 00:00:00+00:00,1,0,4,4,6,4.666666666666667,1.3333333333333333,Clock,Clock,Rock,Rock,1.0,0,1,0,United States,20.0,1,0,1.0,"Dave ""Baby"" Cortez;Ken Wood;James Kreigsmann","Dave ""Baby"" Cortez;Ken Wood;James Kreigsmann",1.0,2.0,1,0,"Dave ""Baby"" Cortez",1.0,0.0,1.0,1.0,1,4/4,Db,Db,91.0,87.0,65.0,97.0,-9.0,47.0,0,0,0,1,0,1,0,0,0,0,0,0,0,0,0,0,0,0,0,0,0,0,0,0,0,I,0,122,1,0,5,0,0,1,0,0,0,1,1,,0,0,0,0,0,0,0,0,0,0
Kansas City,Wilbert Harrison,1959,1950,Rock,1959-05-18 00:00:00+00:00,2,0,7,7,6,6.666666666666667,0.6666666666666666,Fury,Fury,Rock,Rock,1.0,0,0,0,United States,30.0,1,0,1.0,Jerry Leiber;Mike Stoller,Jerry Leiber;Mike Stoller,1.0,1.0,0,0,Bobby Robinson,1.0,0.0,0.0,0.0,0,4/4,Db,Db,115.0,67.0,73.0,91.0,-6.0,65.0,0,0,1,1,0,0,0,0,0,0,0,0,0,0,0,0,0,0,0,0,0,0,0,0,0,D1,0,145,0,33,7,0,0,1,0,1,0,0,1,Lust/Sex,0,0,0,0,0,0,0,0,0,0
The Battle of New Orleans,Johnny Horton,1959,1950,Folk/Country,1959-06-01 00:00:00+00:00,6,0,1,1,2,1.3333333333333333,0.6666666666666666,Columbia,CBS,Folk/Country;March,"Pop;Folk, World, & Country",1.0,0,0,0,United States,34.0,1,1,0.0,Jimmy Driftwood,Jimmy Driftwood,1.0,1.0,0,0,Don Law,1.0,1.0,0.0,0.0,0,4/4,A,A,89.0,75.0,70.0,92.0,-12.0,80.0,0,0,0,0,0,0,0,1,0,0,0,0,0,0,0,0,0,0,0,0,0,0,0,0,0,E1,0,151,0,26,8,0,0,1,0,0,0,1,1,War,1,0,0,0,0,0,0,0,0,0
Lonely Boy,Paul Anka,1959,1950,Pop,1959-07-13 00:00:00+00:00,4,0,4,4,4,4.0,0.0,ABC-Paramount,ABC,Pop,Rock,1.0,0,0,0,Canada,17.0,1,1,0.0,Paul Anka,Paul Anka,1.0,1.0,1,1,Don Costa,1.0,1.0,0.0,0.0,0,3/4,C,C,106.0,61.0,62.0,80.0,-10.0,35.0,0,0,1,0,1,1,0,0,0,0,0,0,0,0,0,0,0,0,0,0,0,0,0,0,0,D1,0,151,0,19,6,0,0,1,0,0,0,0,0,Longing for Love,0,0,0,0,0,0,0,0,0,0
Big Hunk o' Love,Elvis Presley,1959,1950,Rock,1959-08-10 00:00:00+00:00,2,0,5,6,7,6.0,1.3333333333333333,RCA,RCA,Rock,Rock,1.0,0,0,0,United States,24.0,1,1,0.0,Aaron Schroeder;Sid Jaxon,Aaron Schroeder;Sid Jaxon,1.0,2.0,0,0,Steve Sholes,1.0,1.0,0.0,0.0,0,4/4,C,C,87.0,93.0,55.0,96.0,-8.0,82.0,0,0,1,1,0,0,0,0,0,0,0,0,0,0,0,0,0,0,0,0,0,0,0,0,0,A2,0,141,0,40,4,0,0,1,0,0,0,0,0,Lust/Sex,0,0,0,0,0,0,0,0,0,0
The Three Bells (Les Trois Cloches),The Browns,1959,1950,Pop,1959-08-24 00:00:00+00:00,4,0,3,5,8,5.333333333333333,3.333333333333333,RCA,RCA,Pop;Folk/Country,"Pop;Folk, World, & Country",0.0,0,0,0,United States,25.0,2,1,0.0,Jean Villard;Bert Reisfel;Dick Manning,Jean Villard;Bert Reisfel;Dick Manning,1.0,1.0,0,0,Chet Atkins,1.0,1.0,0.0,0.0,0,Free;4/4,G;Ab&%,G,106.0,33.0,46.0,32.0,-10.0,83.0,1,0,1,1,0,0,0,0,0,0,0,0,0,0,0,0,0,0,0,0,0,0,0,0,0,A2,0,174,0,0,19,0,0,0,0,1,0,0,1,Life;Death,1,0,0,0,0,0,0,0,0,0
Sleep Walk,Santo & Johnny,1959,1950,Rock,1959-09-21 00:00:00+00:00,2,0,8,8,7,7.666666666666667,0.6666666666666666,Canadian-American,Canadian-American,Rock,Jazz;Rock;Pop,2.0,0,1,0,United States,19.5,1,1,0.0,Santo Farina;Johnny Farina;Ann Farina,Santo Farina;Johnny Farina;Ann Farina,2.0,1.0,1,0,Unknown,,,,,0,6/8,C,C,92.0,41.0,44.0,35.0,-12.0,89.0,0,1,0,1,0,0,0,0,0,0,0,0,0,0,0,0,0,0,1,0,0,0,0,0,0,I,0,151,1,151,16,0,0,0,0,0,0,0,0,,0,0,0,0,0,0,0,0,0,0
Mack the Knife,Bobby Darin,1959,1950,Jazz,1959-10-05 00:00:00+00:00,9,1,10,6,9,8.333333333333334,2.6666666666666665,Atco,Atlantic,Jazz,Rock;Pop,1.0,0,0,0,United States,23.0,1,1,0.0,Kurt Weill;Bertolt Brecht;Marc Blitzstein,Kurt Weill;Bertolt Brecht;Marc Blitzstein,1.0,1.0,0,0,Ahmet Ertegün;Herb Abramson,1.0,1.0,0.0,0.0,0,4/4,Bb;B;C;Db;D;Eb&%,Multiple Keys,83.0,53.0,55.0,46.0,-12.0,76.0,0,1,0,1,0,1,0,0,0,0,0,0,0,0,0,0,0,0,0,0,0,0,0,0,0,A1,0,184,0,12,6,0,0,0,0,1,0,0,1,Murder;Death,0,0,0,0,0,0,0,0,0,0
Mr. Blue,The Fleetwoods,1959,1950,Pop,1959-11-16 00:00:00+00:00,1,0,4,6,4,4.666666666666667,1.3333333333333333,Dolton,Dolton,Pop,Pop,0.0,0,0,0,United States,19.0,2,1,0.0,DeWayne Blackwell,DeWayne Blackwell,1.0,1.0,0,0,Bob Reisdorff;Bonnie Guitar,2.0,1.0,0.0,0.0,0,Free;4/4,E,E,97.0,9.0,37.0,21.0,-17.0,93.0,1,0,1,0,0,1,0,0,0,0,0,0,0,0,0,0,0,0,0,0,0,0,0,0,0,D3,0,145,0,0,34,1,1,1,0,0,0,0,0,Lost Love,0,0,0,0,0,0,0,0,0,0
Heartaches by the Number,Guy Mitchell,1959,1950,Pop,1959-12-14 00:00:00+00:00,2,0,3,3,5,3.6666666666666665,1.3333333333333333,Columbia,CBS,Pop,"Folk, World, & Country",1.0,0,0,0,United States,32.0,1,1,0.0,Harlan Howard,Harlan Howard,1.0,1.0,0,0,Mitch Miller,1.0,1.0,0.0,0.0,0,4/4,F,F,172.0,59.0,58.0,84.0,-11.0,46.0,0,1,1,0,1,0,0,0,0,0,0,0,0,0,0,1,0,0,0,0,0,0,0,0,0,C1,0,155,0,18,13,0,0,0,0,0,0,0,0,Lost Love,0,0,0,0,0,0,0,0,0,0
Why,Frankie Avalon,1959,1950,Pop,1959-12-28 00:00:00+00:00,1,0,2,5,2,3.0,2.0,Chancellor,ABC,Pop,Pop,1.0,1,0,0,United States,19.0,1,1,0.0,Peter De Angelis;Bob Marucci,Peter De Angelis;Bob Marucci,1.0,1.0,0,0,Peter De Angelis;Bob Marucci,1.0,1.0,0.0,0.0,1,4/4,C,C,94.0,35.0,51.0,59.0,-9.0,76.0,0,0,1,0,1,0,0,0,0,0,0,0,0,0,0,0,0,0,0,0,0,0,0,0,0,D1,0,158,0,26,9,0,0,0,0,0,0,0,0,Love,0,0,0,0,0,0,0,0,0,0
El Paso,Marty Robbins,1960,1960,Folk/Country,1960-01-04 00:00:00+00:00,2,0,6,6,9,7.0,2.0,Columbia,CBS,Folk/Country,"Pop;Folk, World, & Country",1.0,0,0,0,United States,34.0,1,1,0.0,Marty Robbins,Marty Robbins,1.0,1.0,1,1,Don Law,1.0,1.0,0.0,0.0,0,3/4,D,D,107.0,45.0,65.0,69.0,-10.0,83.0,0,0,1,0,0,0,0,0,0,0,0,0,0,0,0,0,0,0,0,0,0,0,0,0,0,A1,0,259,0,8,8,0,0,0,0,0,0,0,0,Love;Murder;Death,1,0,0,0,0,0,0,0,0,0
Running Bear,Johnny Preston,1960,1960,Rock,1960-01-18 00:00:00+00:00,3,0,6,6,4,5.333333333333333,1.3333333333333333,Mercury,Mercury,Rock,Rock;Pop,1.0,0,0,0,United States,20.0,1,1,0.0,J.P. Richardson,J.P. Richardson,1.0,1.0,0,0,J.P. Richardson,1.0,1.0,0.0,0.0,1,4/4,Bb,Bb,120.0,30.0,77.0,82.0,-15.0,85.0,1,1,0,0,0,1,0,0,0,0,0,0,0,0,0,0,0,0,0,0,1,0,0,0,0,C1,0,158,0,0,4,0,0,1,0,0,0,0,0,Love;Death,1,0,0,0,0,0,0,0,0,0
Teen Angel,Mark Dinning,1960,1960,Pop,1960-02-08 00:00:00+00:00,2,0,1,4,9,4.666666666666667,5.333333333333333,MGM,MGM,Pop,Pop,1.0,0,0,0,United States,26.0,1,1,0.0,Jean Surrey;Red Surrey,Jean Surrey;Red Surrey,2.0,1.0,0,0,Jim Vienneau,1.0,1.0,0.0,0.0,0,Free;4/4,C,C,102.0,6.0,57.0,28.0,-19.0,94.0,0,0,1,0,0,0,0,0,0,0,0,0,0,0,0,0,0,0,0,0,0,0,0,0,0,C2,0,157,0,0,10,1,1,0,0,0,0,0,0,Love;Death,1,0,0,0,0,0,0,0,0,0
Theme from A Summer Place,Percy Faith & His Orchestra,1960,1960,Pop,1960-02-22 00:00:00+00:00,9,0,6,7,3,5.333333333333333,2.6666666666666665,Columbia,CBS,Pop,Pop;Stage & Screen,0.0,0,1,0,Canada,51.0,1,1,0.0,Mark Steiner;Mack Discant,Mark Steiner;Mack Discant,1.0,1.0,0,0,Percy Faith,1.0,1.0,1.0,1.0,0,6/8,F;D%,Multiple Keys,93.0,39.0,47.0,75.0,-13.0,63.0,0,0,0,1,1,1,0,0,0,0,0,0,0,0,0,0,0,0,0,0,0,0,0,0,0,I,0,144,1,144,6,0,0,0,0,1,0,0,1,,0,0,0,0,0,1,0,0,0,0
Stuck on You,Elvis Presley,1960,1960,Rock,1960-04-25 00:00:00+00:00,4,0,5,5,6,5.333333333333333,0.6666666666666666,RCA,RCA,Rock,Rock;Pop,1.0,0,0,0,United States,25.0,1,1,0.0,J. Leslie McFarland;Aaron Schroeder,J. Leslie McFarland;Aaron Schroeder,1.0,2.0,0,0,Steve Sholes;Chet Atkins,1.0,1.0,0.0,0.0,0,4/4,G,G,132.0,51.0,65.0,95.0,-12.0,76.0,0,0,1,1,0,0,0,0,0,0,0,0,0,1,0,0,0,0,0,0,0,0,0,0,0,D1,0,140,0,0,7,0,0,1,0,0,0,0,0,Lust/Sex,0,0,0,0,0,0,0,0,0,0
Cathy's Clown,The Everly Brothers,1960,1960,Rock,1960-05-23 00:00:00+00:00,5,0,9,10,7,8.666666666666666,2.0,Warner Bros.,Warner Bros.,Rock,Rock,0.0,0,0,0,United States,22.0,1,1,0.0,Don Everly;Phil Everly,Don Everly;Phil Everly,1.0,1.0,1,1,Wesley Rose,1.0,1.0,0.0,0.0,0,4/4,G,G,120.0,58.0,50.0,87.0,-9.0,41.0,0,0,1,0,0,0,0,0,0,0,0,0,0,0,0,0,0,0,0,0,0,0,0,0,0,C1,0,144,0,7,7,0,0,1,0,0,0,0,0,Bad Relationships;Lost Love,0,0,0,0,0,0,0,0,0,0
Everybody's Somebody's Fool,Connie Francis,1960,1960,Pop,1960-06-27 00:00:00+00:00,2,0,4,4,5,4.333333333333333,0.6666666666666666,MGM,MGM,Pop,"Rock;Pop;Folk, World, & Country",1.0,0,0,0,United States,22.0,0,1,0.0,Jack Keller;Howard Greenfield,Jack Keller;Howard Greenfield,1.0,1.0,0,0,Arnold Maxin;Joe Sherman,1.0,1.0,0.0,0.0,0,4/4,Gb;G;Ab&%,Gb,84.0,59.0,58.0,85.0,-10.0,75.0,0,0,0,0,0,0,0,0,0,0,0,0,0,0,0,0,0,0,0,0,0,0,0,1,0,C1,0,160,0,11,11,0,0,0,0,0,0,0,0,Bad Relationships;Lost Love,0,0,0,0,0,0,0,0,0,0
Alley Oop,The Hollywood Argyles,1960,1960,Rock,1960-07-11 00:00:00+00:00,1,0,6,5,8,6.333333333333333,2.0,Lute,Lute,Rock,Rock,0.0,0,0,0,United States,20.5,1,1,0.0,Dallas Frazier,Dallas Frazier,1.0,1.0,0,0,Gary S. Paxton;Kim Fowley,1.0,1.0,1.0,1.0,0,4/4,G,G,65.0,56.0,66.0,89.0,-4.0,77.0,0,1,0,1,0,0,0,0,0,0,0,0,0,0,0,0,0,0,0,0,0,0,0,0,0,A2,0,165,0,0,7,0,0,1,0,0,0,0,0,Bad Behavior,0,0,0,0,0,0,0,0,0,0
I'm Sorry,Brenda Lee,1960,1960,Pop,1960-07-18 00:00:00+00:00,3,0,7,7,6,6.666666666666667,0.6666666666666666,Decca,Decca,Pop;Folk/Country,"Rock;Pop;Folk, World, & Country",1.0,0,0,0,United States,15.0,0,1,0.0,Dub Allbritten;Ronnie Self,Dub Allbritten;Ronnie Self,1.0,1.0,0,0,Owen Bradley,1.0,1.0,0.0,0.0,0,6/8,Bb,Bb,102.0,22.0,56.0,30.0,-12.0,87.0,1,0,1,1,1,0,0,0,0,0,0,0,0,0,0,0,0,0,0,0,0,0,0,0,0,D1,0,144,0,14,14,0,0,0,0,0,0,0,0,Lost Love,0,0,0,0,0,0,0,0,0,0
Itsy Bitsy Teenie Weenie Yellow Polka Dot Bikini,Brian Hyland,1960,1960,Pop,1960-08-08 00:00:00+00:00,1,0,1,1,1,1.0,0.0,Leader,Kapp,Pop,Rock,1.0,1,0,0,United States,17.0,1,1,0.0,Paul Vance;Lee Pockriss,Paul Vance;Lee Pockriss,1.0,1.0,0,0,Richard Wolfe,1.0,1.0,0.0,0.0,0,4/4,D;Eb&%,D,122.0,40.0,80.0,97.0,-13.0,68.0,0,1,1,0,0,0,0,0,0,0,0,0,0,0,0,0,0,0,0,0,0,0,0,0,0,C1,0,144,0,12,4,0,0,0,0,0,0,0,0,Shyness,1,1,0,0,0,0,0,0,0,0
It's Now or Never,Elvis Presley,1960,1960,Pop,1960-08-15 00:00:00+00:00,5,0,8,10,7,8.333333333333334,2.0,RCA,RCA,Pop,Rock,1.0,0,0,0,United States,25.0,1,1,0.0,Wally Gold;Aaron Schroeder;Eduardo di Capua;Giovanni Capurro;Emmanuele Mazzucchi,Wally Gold;Aaron Schroeder;Eduardo di Capua;Giovanni Capurro;Emmanuele Mazzucchi,1.0,1.0,0,0,Steve Sholes;Chet Atkins,1.0,1.0,0.0,0.0,0,Free;4/4,E,E,126.0,49.0,64.0,75.0,-9.0,64.0,1,0,0,1,0,0,0,0,0,0,0,0,0,0,0,0,0,1,0,0,0,0,0,0,0,C1,0,196,0,8,10,0,0,0,0,1,0,0,1,Love,0,0,0,0,0,0,0,0,0,0
The Twist,Chubby Checker,1960,1960,Rock,1960-09-19 00:00:00+00:00,3,1,5,7,8,6.666666666666667,2.0,Parkway,Cameo-Parkway,Rock,Rock,1.0,0,0,0,United States,18.0,1,0,1.0,Hank Ballard,Hank Ballard,1.0,0.0,0,0,Kal Mann,1.0,1.0,0.0,0.0,0,4/4,E,E,157.0,64.0,53.0,94.0,-7.0,20.0,0,0,1,1,0,1,0,0,0,0,0,0,0,0,0,0,0,0,0,0,1,0,0,0,0,C1,0,154,0,19,5,0,0,0,0,1,0,0,1,Dancing,0,0,0,0,0,0,0,1,0,0
My Heart Has A Mind Of Its Own,Connie Francis,1960,1960,Folk/Country,1960-09-26 00:00:00+00:00,2,0,4,5,7,5.333333333333333,2.0,MGM,MGM,Folk/Country,Rock,1.0,0,0,0,United States,22.0,0,1,0.0,Jack Keller;Howard Greenfield,Jack Keller;Howard Greenfield,1.0,1.0,0,0,Joe Sherman;Arnold Maxin;Jesse Kaye,1.0,1.0,0.0,0.0,0,4/4,Gb,Gb,109.0,48.0,32.0,66.0,-10.0,71.0,0,0,1,0,0,1,0,0,0,0,0,0,0,0,0,0,0,0,0,0,0,0,1,0,0,D1,0,152,0,8,8,0,0,0,0,0,0,0,0,Lost Love,0,0,0,0,0,0,0,0,0,0
Mr. Custer,Larry Verne,1960,1960,Folk/Country,1960-10-10 00:00:00+00:00,1,0,3,3,1,2.333333333333333,1.3333333333333333,Era,Era,Folk/Country,"Rock;Pop;Folk, World, & Country",1.0,0,0,0,United States,24.0,1,1,0.0,Al De Lory;Fred Darian;Joseph Van Winkle,Al De Lory;Fred Darian;Joseph Van Winkle,1.0,1.0,0,0,Al De Lory;Fred Darian;Joseph Van Winkle,1.0,1.0,0.0,0.0,1,4/4,Bm,Bm,108.0,23.0,83.0,6.0,-14.0,63.0,1,0,0,0,0,0,0,0,0,0,0,0,0,0,0,0,0,0,0,0,0,0,0,0,0,E1,0,185,0,8,26,0,0,1,0,0,0,0,0,War,0,1,1,0,0,0,0,0,0,0
Save the Last Dance for Me,The Drifters,1960,1960,Pop,1960-10-17 00:00:00+00:00,3,1,9,9,10,9.333333333333334,0.6666666666666666,Atlantic,Atlantic,Pop,Rock,0.0,0,0,0,United States,22.0,1,0,1.0,Doc Pomus;Mort Shuman,Doc Pomus;Mort Shuman,1.0,1.0,0,0,Jerry Leiber;Mike Stoller,1.0,1.0,0.0,0.0,0,4/4,E,E,143.0,53.0,54.0,90.0,-11.0,61.0,0,0,1,0,1,0,0,0,0,0,0,0,0,0,0,0,0,0,0,0,0,0,0,0,0,D1,0,155,0,17,3,0,0,1,0,0,0,0,0,Love,0,0,0,0,0,0,0,0,0,0
I Want to Be Wanted (Per Tutta La Vita),Brenda Lee,1960,1960,Pop,1960-10-24 00:00:00+00:00,1,0,9,6,4,6.333333333333333,3.333333333333333,Decca,Decca,Pop,"Rock;Pop;Folk, World, & Country",1.0,0,0,0,United States,15.0,0,1,0.0,Kim Gannon;Pino Spotti;Alberto Testa,Kim Gannon;Pino Spotti;Alberto Testa,1.0,1.0,0,0,Owen Bradley,1.0,1.0,0.0,0.0,0,3/4,Ab,Ab,108.0,21.0,49.0,46.0,-15.0,59.0,1,0,0,1,1,0,0,0,0,0,0,0,0,0,0,0,0,0,0,0,0,0,0,0,0,D1,0,185,0,0,12,0,0,0,0,1,0,0,1,Longing for Love,0,0,0,0,0,1,0,0,0,0
Georgia on My Mind,Ray Charles,1960,1960,Pop,1960-11-14 00:00:00+00:00,1,0,10,9,10,9.666666666666666,0.6666666666666666,ABC-Paramount,ABC,Pop,"Funk/Soul;Blues;Pop;Folk, World, & Country",1.0,0,0,0,United States,30.0,1,0,1.0,Hoagy Carmichael;Stuart Gorrell,Hoagy Carmichael;Stuart Gorrell,1.0,1.0,0,0,Sid Feller,1.0,1.0,0.0,0.0,0,4/4,G,G,90.0,40.0,14.0,30.0,-9.0,78.0,0,0,0,1,1,0,0,0,0,0,0,0,0,0,0,0,0,0,0,0,0,0,0,0,0,D1,0,215,0,22,16,0,0,0,0,1,0,0,1,Home;Love,0,0,0,0,0,0,0,0,0,0
Stay,Maurice Williams & the Zodiacs,1960,1960,Rock,1960-11-21 00:00:00+00:00,1,0,8,9,8,8.333333333333334,0.6666666666666666,Herald,Herald,Rock,Rock,0.0,1,0,0,United States,22.0,1,0,1.0,Maurice Williams,Maurice Williams,1.0,0.0,1,1,Al Silver,1.0,1.0,0.0,0.0,0,4/4,Bb,Bb,124.0,71.0,49.0,69.0,-10.0,83.0,1,1,1,0,0,0,0,0,0,0,0,0,0,0,0,0,0,0,0,0,0,0,0,0,0,E1,0,96,0,0,0,0,0,1,0,0,0,0,0,Love,0,0,0,0,0,0,0,0,0,0
Are You Lonesome Tonight?,Elvis Presley,1960,1960,Pop,1960-11-28 00:00:00+00:00,6,0,8,7,8,7.666666666666667,0.6666666666666666,RCA,RCA,Pop;Folk/Country,Pop,1.0,0,0,0,United States,25.0,1,1,0.0,Roy Turk;Lou Handman,Roy Turk;Lou Handman,1.0,1.0,0,0,Steve Sholes;Chet Atkins,1.0,1.0,0.0,0.0,0,3/4,C,C,66.0,9.0,35.0,19.0,-18.0,92.0,1,0,1,0,0,0,0,0,0,0,0,0,0,0,0,0,0,0,0,0,0,0,0,0,0,D1,0,187,0,8,8,0,0,0,0,1,0,0,1,Lost Love;Longing for Love,0,1,0,0,0,0,0,0,0,0
Wonderland by Night,Bert Kaempfert,1961,1960,Pop,1961-01-09 00:00:00+00:00,3,0,7,8,7,7.333333333333333,0.6666666666666666,Decca,Decca,Pop,Jazz;Blues;Stage & Screen,1.0,0,1,0,Germany,37.0,1,1,0.0,Klaus-Gunter Neumann;Lincoln Chase,Klaus-Gunter Neumann;Lincoln Chase,1.0,2.0,0,0,Bert Kaempfert,1.0,1.0,1.0,1.0,0,Free;4/4,Eb;E&%,Eb,74.0,31.0,16.0,20.0,-8.0,91.0,0,0,1,0,0,1,0,0,0,0,0,0,0,0,0,0,0,0,0,0,0,0,0,0,0,I,0,194,1,194,13,0,0,0,0,0,0,0,0,,0,0,0,0,0,1,0,0,0,0
Will You Love Me Tomorrow,The Shirelles,1961,1960,Pop,1961-01-30 00:00:00+00:00,2,0,9,9,9,9.0,0.0,Scepter,Scepter,Pop,Rock,0.0,0,0,0,United States,19.0,0,0,1.0,Gerry Goffin;Carole King,Gerry Goffin;Carole King,2.0,1.0,0,0,Luther Dixon,1.0,0.0,0.0,0.0,0,4/4,C,C,137.0,38.0,49.0,47.0,-11.0,44.0,1,0,1,0,1,0,0,0,0,0,0,0,0,0,0,0,0,0,0,0,0,0,0,0,0,D1,0,162,0,23,7,0,0,1,0,0,0,0,0,Love,0,0,0,0,0,0,0,0,0,0
Calcutta,Lawrence Welk,1961,1960,Pop,1961-02-13 00:00:00+00:00,2,0,3,5,2,3.333333333333333,2.0,Dot,Paramount Pictures,Pop,Pop,1.0,0,1,0,United States,57.0,1,1,0.0,Hermann Gaze;Paul Vance;Lee Pockriss;Hans Bradtke,Hermann Gaze;Paul Vance;Lee Pockriss;Hans Bradtke,1.0,1.0,0,0,Randy Wood;George Cates;Lawrence Welk,1.0,1.0,1.0,0.0,0,4/4,G,G,82.0,68.0,48.0,96.0,-9.0,59.0,0,0,1,0,0,0,0,0,0,0,0,0,0,1,0,0,0,0,0,0,0,0,0,0,0,I,0,136,1,136,5,0,0,0,0,1,0,0,1,,0,0,0,0,0,0,0,0,0,0
Pony Time,Chubby Checker,1961,1960,Rock,1961-02-27 00:00:00+00:00,3,0,5,5,6,5.333333333333333,0.6666666666666666,Parkway,Cameo-Parkway,Rock,Rock,1.0,0,0,0,United States,19.0,1,0,1.0,Don Covay;John Berry,Don Covay;John Berry,1.0,0.0,0,0,Kal Mann,1.0,1.0,0.0,0.0,0,4/4,Eb,Eb,77.0,61.0,45.0,96.0,-7.0,1.0,0,0,1,1,0,1,0,0,0,0,0,0,0,1,0,0,0,0,0,0,1,0,0,0,0,D1,0,147,0,18,4,0,0,1,0,1,0,0,1,Dancing,0,0,0,0,0,0,0,1,0,0
Surrender,Elvis Presley,1961,1960,Pop,1961-03-20 00:00:00+00:00,2,0,7,7,7,7.0,0.0,RCA,RCA,Pop,Rock;Pop,1.0,0,0,0,United States,26.0,1,1,0.0,Doc Pomus;Mort Shuman,Doc Pomus;Mort Shuman,1.0,1.0,0,0,Steve Sholes,1.0,1.0,0.0,0.0,0,4/4,Cm;C,Multiple Keys,83.0,67.0,45.0,89.0,-8.0,76.0,0,0,1,1,0,1,0,0,0,0,0,0,0,0,0,0,0,0,0,0,0,0,0,0,0,E1,0,112,0,19,9,0,0,1,0,1,0,0,1,Lust/Sex,0,0,0,0,0,0,0,0,0,0
Blue Moon,The Marcels,1961,1960,Rock,1961-04-03 00:00:00+00:00,3,0,8,6,8,7.333333333333333,1.3333333333333333,Colpix,Columbia Pictures-Screen Gems,Rock,Rock,0.0,0,0,0,United States,,1,2,2.0,Richard Rodgers;Lorenz Hart,Richard Rodgers;Lorenz Hart,1.0,1.0,0,0,Stu Phillips,1.0,1.0,0.0,0.0,0,4/4,G,G,128.0,43.0,62.0,94.0,-11.0,69.0,1,1,1,0,0,0,0,0,0,0,0,1,0,0,0,0,0,0,0,0,0,0,0,0,0,D1,0,135,0,0,19,0,0,0,0,1,0,0,1,Longing for Love;Love,0,0,0,0,0,0,0,0,0,0
Runaway,Del Shannon,1961,1960,Rock,1961-04-24 00:00:00+00:00,4,0,10,10,9,9.666666666666666,0.6666666666666666,BigTop,BigTop,Rock,Rock,1.0,0,0,0,United States,24.0,1,1,0.0,Del Shannon;Max Crook,Del Shannon;Max Crook,1.0,1.0,1,0,Harry Balk;Irving Micahnik,1.0,1.0,0.0,0.0,0,4/4,Bbm;Bb,Multiple Keys,79.0,53.0,59.0,73.0,-8.0,15.0,0,0,1,0,0,0,0,0,0,0,0,1,0,0,0,0,0,0,0,0,0,0,0,0,0,C3,0,137,0,31,6,0,0,1,0,0,0,0,0,Lost Love,0,0,0,0,0,0,0,0,0,0
Mother-in-Law,Ernie K-Doe,1961,1960,Rock,1961-05-22 00:00:00+00:00,1,0,6,6,6,6.0,0.0,Minit,Minit,Rock,Rock;Funk/Soul,1.0,0,0,0,United States,28.0,1,0,1.0,Allen Toussaint,Allen Toussaint,1.0,0.0,0,0,Allen Toussaint,1.0,0.0,0.0,0.0,1,4/4,Eb,Eb,127.0,63.0,75.0,75.0,-8.0,71.0,0,0,0,1,0,1,0,0,0,0,0,0,0,0,0,0,0,0,0,0,0,0,0,0,0,A1,0,154,0,30,8,0,0,1,0,0,0,0,0,Anger;Family,0,0,0,0,0,0,0,0,0,0
Travelin' Man,Ricky Nelson,1961,1960,Rock,1961-05-29 00:00:00+00:00,2,1,4,5,7,5.333333333333333,2.0,Imperial,Imperial,Rock,Rock,1.0,0,0,0,United States,21.0,1,1,0.0,Jerry Fuller,Jerry Fuller,1.0,1.0,0,0,Jimmie Haskell;Ozzie Nelson;Ricky Nelson,1.0,1.0,1.0,0.0,0,4/4,D,D,123.0,36.0,74.0,86.0,-12.0,67.0,1,0,1,1,0,0,0,0,0,0,0,0,0,0,0,0,0,0,0,0,0,0,0,0,0,D1,0,143,0,26,8,0,0,0,0,0,0,0,0,Lust/Sex,0,0,0,0,0,0,0,0,0,0
Running Scared,Roy Orbison,1961,1960,Pop,1961-06-05 00:00:00+00:00,1,0,10,7,10,9.0,2.0,Monument,Monument,Pop,Rock,1.0,0,0,0,United States,25.0,1,1,0.0,Roy Orbison;Joe Melson,Roy Orbison;Joe Melson,1.0,1.0,1,0,Fred Foster,1.0,1.0,0.0,0.0,0,6/8,A,A,128.0,39.0,57.0,38.0,-11.0,78.0,0,0,1,0,1,1,0,0,0,0,0,0,0,0,0,0,0,0,0,0,0,0,0,0,0,D1,0,132,0,3,3,0,0,0,0,0,0,1,1,Love,1,0,0,0,0,0,0,0,0,0
Moody River,Pat Boone,1961,1960,Pop,1961-06-19 00:00:00+00:00,1,0,1,3,1,1.6666666666666667,1.3333333333333333,Dot,Paramount Pictures,Pop,Pop,1.0,0,0,0,United States,27.0,1,1,0.0,Gary D. Bruce,Gary D. Bruce,1.0,1.0,0,0,Randy Wood,1.0,1.0,0.0,0.0,0,4/4,Fm,Fm,139.0,73.0,62.0,69.0,-7.0,58.0,0,1,1,1,0,0,0,0,0,0,0,0,0,0,0,0,0,0,0,0,0,0,0,0,0,C1,0,154,0,26,14,0,0,1,0,1,0,0,1,Death;Love,1,0,0,0,0,0,0,0,0,0
Quarter to Three,Gary U.S. Bonds,1961,1960,Funk/Soul,1961-06-26 00:00:00+00:00,2,0,8,9,7,8.0,1.3333333333333333,Legrand,Legrand,Funk/Soul;Rock,Rock,1.0,0,0,0,United States,22.0,1,0,1.0,Gene Barge;Frank J. Guida;Joseph F. Royster;Gary U.S. Bonds,Gene Barge;Frank J. Guida;Joseph F. Royster;Gary U.S. Bonds,1.0,2.0,1,0,Frank J. Guida,1.0,1.0,0.0,0.0,1,4/4,Eb,Eb,165.0,83.0,46.0,90.0,-9.0,93.0,0,0,1,0,0,1,0,0,0,0,0,0,0,1,0,0,0,0,0,0,1,0,0,0,0,D1,0,150,0,60,28,0,0,1,0,0,0,1,1,Partying,0,0,0,0,0,0,0,0,0,0
Tossin' and Turnin',Bobby Lewis,1961,1960,Rock,1961-07-10 00:00:00+00:00,7,0,6,8,7,7.0,1.3333333333333333,Beltone,Beltone,Rock,Rock;Blues,1.0,0,0,0,United States,36.0,1,0,1.0,Ritchie Adams;Joe Rene,Ritchie Adams;Joe Rene,1.0,1.0,0,0,Joe Rene,1.0,1.0,0.0,0.0,1,4/4,C,C,143.0,72.0,57.0,96.0,-9.0,22.0,0,1,1,0,0,1,0,0,0,0,0,0,0,0,0,0,0,0,0,0,1,0,0,0,0,D1,0,159,0,15,1,0,0,1,0,0,0,0,0,Insomnia;Lost Love,0,0,0,0,0,0,0,0,0,0
Wooden Heart,Joe Dowell,1961,1960,Polka,1961-08-28 00:00:00+00:00,1,0,1,1,2,1.3333333333333333,0.6666666666666666,Smash,Smash,Polka,Rock;Pop,1.0,0,0,0,United States,21.0,1,1,0.0,Fred Wise;Ben Weisman;Kay Twomey;Bert Kaempfert,Fred Wise;Ben Weisman;Kay Twomey;Bert Kaempfert,2.0,1.0,0,0,Shelby Singleton,1.0,1.0,0.0,0.0,0,4/4,Db,Db,85.0,46.0,84.0,95.0,-10.0,71.0,0,0,0,1,0,1,0,0,0,0,0,0,0,0,0,0,0,0,0,0,1,0,0,0,0,D1,0,118,0,33,5,0,0,0,0,1,0,0,1,Love,0,0,0,0,0,0,0,0,0,0
Michael,The Highwaymen,1961,1960,Folk/Country,1961-09-04 00:00:00+00:00,2,0,5,6,3,4.666666666666667,2.0,United Artists,United Artists,Folk/Country,"Pop;Folk, World, & Country",0.0,0,0,0,United States,21.0,1,1,0.0,Unknown,Unknown,,,0,0,Dave Fisher,1.0,1.0,1.0,1.0,0,4/4,C,C,108.0,10.0,52.0,65.0,-21.0,84.0,0,0,1,0,0,0,0,0,0,0,0,0,0,0,0,1,0,0,0,0,0,0,0,0,0,C1,0,165,0,0,20,0,0,0,0,1,0,0,1,God,0,0,0,0,0,0,0,0,0,0
Take Good Care of My Baby,Bobby Vee,1961,1960,Rock,1961-09-18 00:00:00+00:00,3,0,7,4,6,5.666666666666667,2.0,Liberty,Liberty,Rock,Pop,1.0,0,0,0,United States,18.0,1,1,0.0,Gerry Goffin;Carole King,Gerry Goffin;Carole King,2.0,1.0,0,0,Snuff Garrett,1.0,1.0,0.0,0.0,0,Free;4/4,F;Gb&%,F,82.0,43.0,49.0,66.0,-12.0,70.0,0,0,1,1,1,0,0,0,0,0,0,0,0,0,0,0,0,0,0,0,0,0,0,0,0,D3,0,150,0,5,16,1,1,1,0,0,0,0,0,Lost Love,0,0,0,0,0,0,0,0,0,0
Hit the Road Jack,Ray Charles,1961,1960,Funk/Soul,1961-10-09 00:00:00+00:00,2,0,9,6,7,7.333333333333333,2.0,ABC-Paramount,ABC,Funk/Soul,Funk/Soul,1.0,1,0,0,United States,31.0,1,0,1.0,Percy Mayfield,Percy Mayfield,1.0,0.0,0,0,Sid Feller,1.0,1.0,0.0,0.0,0,4/4,Abm,Abm,173.0,63.0,56.0,93.0,-11.0,63.0,0,1,0,1,0,1,0,0,0,0,0,0,0,0,0,0,0,0,0,0,0,0,0,0,0,C1,0,120,0,5,5,0,0,0,0,0,0,0,0,Lost Love,0,0,0,0,0,0,0,0,0,0
Runaround Sue,Dion,1961,1960,Funk/Soul,1961-10-23 00:00:00+00:00,2,0,8,8,8,8.0,0.0,Laurie,Laurie,Funk/Soul;Rock,Rock,1.0,0,0,0,United States,22.0,1,1,0.0,Dion DiMucci;Ernie Maresca,Dion DiMucci;Ernie Maresca,1.0,1.0,1,0,Gene Schwartz,1.0,1.0,0.0,0.0,0,Free;4/4,D,D,80.0,61.0,36.0,60.0,-10.0,45.0,1,0,1,0,0,1,0,0,0,0,0,0,0,1,0,0,0,0,0,0,1,0,0,0,0,D3,0,161,0,28,46,1,1,1,0,0,0,0,0,Lost Love,0,0,0,0,0,0,0,0,0,0
Big Bad John,Jimmy Dean,1961,1960,Folk/Country,1961-11-06 00:00:00+00:00,5,0,6,5,9,6.666666666666667,2.6666666666666665,Columbia,CBS,Folk/Country,Rock,1.0,0,0,0,United States,33.0,1,1,0.0,Jimmy Dean,Jimmy Dean,1.0,1.0,1,1,Don Law;Frank Jones,1.0,1.0,0.0,0.0,0,4/4;Free,Em;Fm&%,Em,174.0,46.0,52.0,46.0,-13.0,60.0,1,0,0,0,0,0,0,0,0,0,0,0,0,0,0,0,0,0,0,0,0,0,0,0,0,A2,0,182,0,0,6,0,0,1,0,0,0,0,0,Work;Death,1,1,1,0,0,0,0,0,0,0
Please Mr. Postman,The Marvelettes,1961,1960,Pop,1961-12-11 00:00:00+00:00,1,0,7,9,7,7.666666666666667,1.3333333333333333,Tamla,Motown,Pop,Funk/Soul;Pop,0.0,1,0,0,United States,16.0,0,0,1.0,Freddie Gorman;Brian Holland;Robert Bateman,Freddie Gorman;Brian Holland;Robert Bateman,1.0,0.0,0,0,Brian Holland;Robert Bateman,1.0,0.0,0.0,0.0,1,4/4,D,D,121.0,78.0,79.0,97.0,-5.0,72.0,0,0,1,1,0,0,0,0,0,0,0,0,0,1,0,0,0,0,0,0,0,0,0,0,0,C1,0,148,0,0,25,0,0,1,0,0,0,0,0,Lost Love;Love,0,0,0,0,0,0,0,0,1,0
The Lion Sleeps Tonight,The Tokens,1961,1960,Pop,1961-12-18 00:00:00+00:00,3,0,9,8,10,9.0,1.3333333333333333,RCA,RCA,Pop,Rock,0.0,0,0,0,United States,,1,1,0.0,Solomon Linda;Hugo Peretti;Luigi Creatore;George David Weiss,Solomon Linda;Hugo Peretti;Luigi Creatore;George David Weiss,1.0,2.0,0,0,Hugo Peretti;Luigi Creatore,1.0,1.0,0.0,0.0,1,4/4,F,F,121.0,47.0,32.0,80.0,-9.0,74.0,1,0,0,1,0,0,0,0,0,0,0,0,0,0,0,0,0,0,0,0,0,0,0,1,0,D1,0,162,0,16,32,0,0,1,0,1,0,0,1,Unclear,0,0,0,0,0,0,0,0,0,0
Peppermint Twist,Joey Dee & the Starliters,1962,1960,Rock,1962-01-27 00:00:00+00:00,3,0,3,6,5,4.666666666666667,2.0,Roulette,Roulette,Rock,Rock,0.0,0,0,0,United States,21.0,1,2,2.0,Joey Dee;Henry Glover,Joey Dee;Henry Glover,1.0,2.0,1,0,Henry Glover,1.0,0.0,0.0,0.0,1,4/4,C,C,99.0,77.0,42.0,69.0,-12.0,35.0,0,0,1,1,0,1,0,0,0,0,0,0,0,1,0,0,0,0,0,0,1,0,0,0,0,D1,0,119,0,37,8,0,0,1,0,0,0,1,1,Dancing,0,0,0,0,0,0,0,1,0,0
Duke of Earl,Gene Chandler,1962,1960,Funk/Soul,1962-02-17 00:00:00+00:00,3,0,5,5,8,6.0,2.0,Vee-Jay,Vee-Jay,Funk/Soul,Rock;Funk/Soul,1.0,0,0,0,United States,22.0,1,0,1.0,Gene Chandler;Earl Edwards;Bernice Williams,Gene Chandler;Earl Edwards;Bernice Williams,2.0,0.0,1,0,Carl Davis,1.0,0.0,0.0,0.0,0,4/4,F,F,105.0,28.0,58.0,47.0,-11.0,83.0,1,1,1,0,0,1,0,0,0,0,0,0,0,0,0,0,0,0,0,0,0,0,0,0,0,C1,0,148,0,0,17,0,0,1,0,0,0,0,0,Love,0,0,0,0,0,0,0,0,0,0
Hey! Baby,Bruce Channel,1962,1960,Rock,1962-03-10 00:00:00+00:00,3,0,5,7,5,5.666666666666667,1.3333333333333333,Smash,Smash,Rock,Rock;Funk/Soul;Pop,1.0,0,0,0,United States,21.0,1,1,0.0,Margaret Cobb;Bruce Channel,Margaret Cobb;Bruce Channel,2.0,1.0,1,0,Major Bill Smith,1.0,1.0,0.0,0.0,0,4/4,A,A,130.0,55.0,63.0,56.0,-9.0,20.0,0,0,1,1,0,0,0,0,0,0,0,0,0,0,1,0,0,0,0,0,0,0,0,0,0,E1,0,142,0,17,14,0,0,1,0,0,0,0,0,Longing for Love,0,0,0,0,0,0,0,0,0,0
Don't Break the Heart that Loves You,Connie Francis,1962,1960,Pop,1962-03-31 00:00:00+00:00,1,0,7,7,7,7.0,0.0,MGM,MGM,Pop,Pop,1.0,0,0,0,United States,24.0,0,1,0.0,Benny Davis;Murray Mencher,Benny Davis;Murray Mencher,1.0,1.0,0,0,Danny Davis;Arnold Maxin,1.0,1.0,0.0,0.0,0,6/8,Ab,Ab,76.0,40.0,24.0,17.0,-7.0,88.0,1,0,1,1,1,0,0,0,0,0,0,0,0,0,0,0,0,0,0,0,0,0,0,0,0,E1,0,185,0,0,12,0,0,0,0,0,0,0,0,Lost Love,0,1,0,0,0,0,0,0,0,0
Johnny Angel,Shelley Fabares,1962,1960,Pop,1962-04-07 00:00:00+00:00,2,0,6,6,4,5.333333333333333,1.3333333333333333,Colpix,Columbia Pictures-Screen Gems,Pop,Rock;Pop,1.0,0,0,0,United States,18.0,0,1,0.0,Lyn Duddy;Lee Pockriss,Lyn Duddy;Lee Pockriss,1.0,1.0,0,0,Stu Phillips,1.0,1.0,0.0,0.0,0,Free;4/4,C,C,108.0,38.0,37.0,74.0,-9.0,87.0,1,0,1,0,1,0,0,0,0,0,0,0,0,0,0,0,0,0,0,0,0,0,0,0,0,D3,0,139,0,8,12,1,1,1,0,0,0,0,0,Longing for Love,0,0,0,0,0,0,1,0,0,0
Good Luck Charm,Elvis Presley,1962,1960,Rock,1962-04-21 00:00:00+00:00,2,0,4,5,5,4.666666666666667,0.6666666666666666,RCA,RCA,Rock,Rock;Pop,1.0,0,0,0,United States,27.0,1,1,0.0,Aaron Schroeder;Wally Gold,Aaron Schroeder;Wally Gold,1.0,1.0,0,0,Steve Sholes;Bill Porter,1.0,1.0,0.0,0.0,0,4/4,G,G,121.0,35.0,63.0,87.0,-17.0,80.0,0,1,1,0,0,0,0,0,0,0,0,0,0,0,0,0,0,0,0,0,0,0,0,0,0,C1,0,144,0,6,8,0,0,1,0,0,0,0,0,Longing for Love,0,0,0,0,0,0,0,0,0,0
Soldier Boy,The Shirelles,1962,1960,Pop,1962-05-05 00:00:00+00:00,3,0,6,6,7,6.333333333333333,0.6666666666666666,Scepter,Scepter,Pop,Funk/Soul;Pop,0.0,0,0,0,United States,20.0,0,0,1.0,Luther Dixon;Florence Greenberg,Luther Dixon;Florence Greenberg,2.0,2.0,0,0,Luther Dixon,1.0,0.0,0.0,0.0,1,Free;4/4,Bb,Bb,98.0,20.0,57.0,62.0,-15.0,75.0,0,0,1,1,0,1,0,0,0,0,0,0,0,0,0,0,0,0,0,0,0,0,0,0,0,A3,0,162,0,40,17,1,1,0,0,0,0,0,0,Love,0,0,0,0,0,0,0,0,0,0
Stranger on the Shore,Mr. Acker Bilk,1962,1960,Pop,1962-05-26 00:00:00+00:00,1,0,3,5,5,4.333333333333333,1.3333333333333333,Atco,Atlantic,Pop,Jazz;Stage & Screen,1.0,0,1,0,United Kingdom,33.0,1,1,0.0,Acker Bilk;Robert Mellin,Acker Bilk;Robert Mellin,1.0,1.0,1,0,Dennis Preston,1.0,1.0,0.0,0.0,0,4/4,Eb,Eb,71.0,33.0,31.0,23.0,-12.0,82.0,0,1,0,1,1,1,0,0,0,1,0,0,0,0,0,0,0,0,0,0,0,0,0,0,0,I,0,172,1,172,0,0,0,0,0,0,0,0,0,,0,0,0,0,0,0,0,0,0,0
I Can't Stop Loving You,Ray Charles,1962,1960,Pop,1962-06-02 00:00:00+00:00,5,0,8,6,9,7.666666666666667,2.0,ABC-Paramount,ABC,Pop,Funk/Soul,1.0,0,0,0,United States,31.0,1,0,1.0,Don Gibson,Don Gibson,1.0,1.0,0,0,Sid Feller,1.0,1.0,0.0,0.0,0,4/4;Free,F,F,79.0,28.0,31.0,38.0,-14.0,81.0,0,0,1,1,1,0,0,0,0,0,0,0,0,0,0,0,0,0,0,0,0,0,0,0,0,C1,0,157,0,0,0,0,0,0,0,1,0,0,1,Lost Love,0,0,0,0,0,0,0,0,0,0
The Stripper,David Rose & His Orchestra,1962,1960,Jazz,1962-07-07 00:00:00+00:00,1,0,6,7,3,5.333333333333333,2.6666666666666665,MGM,MGM,Jazz,Pop,0.0,0,1,0,United States,52.0,1,1,0.0,David Rose,David Rose,1.0,1.0,1,1,Jesse Kaye,1.0,1.0,0.0,0.0,0,4/4,F,F,94.0,46.0,48.0,56.0,-10.0,66.0,0,0,0,0,0,1,0,0,0,0,0,0,0,0,0,0,0,0,0,0,0,0,0,0,0,I,0,116,1,116,0,0,0,0,0,0,0,0,0,,0,0,0,0,0,0,1,0,0,0
Roses are Red (My Love),Bobby Vinton,1962,1960,Pop,1962-07-14 00:00:00+00:00,4,0,2,6,3,3.6666666666666665,2.6666666666666665,Epic,CBS,Pop,Pop,1.0,0,0,0,United States,27.0,1,1,0.0,Paul Evans;Al Byron,Paul Evans;Al Byron,1.0,1.0,0,0,Bob Morgan,1.0,1.0,0.0,0.0,0,4/4;Free,F,F,103.0,22.0,51.0,53.0,-10.0,83.0,0,0,1,1,1,0,0,0,0,0,0,0,0,0,0,0,0,0,0,0,0,0,0,0,0,E1,0,158,0,0,9,0,0,0,0,0,0,1,1,Love,1,0,0,0,0,0,0,0,0,0
Breaking Up is Hard to Do,Neil Sedaka,1962,1960,Pop,1962-08-11 00:00:00+00:00,2,0,5,6,8,6.333333333333333,2.0,RCA,RCA,Pop,Rock;Pop,1.0,1,0,0,United States,23.0,1,1,0.0,Neil Sedaka;Howard Greenfield,Neil Sedaka;Howard Greenfield,1.0,1.0,1,0,Al Nevins;Don Kirshner,1.0,1.0,0.0,0.0,0,4/4,B,B,116.0,80.0,74.0,96.0,-5.0,70.0,1,0,1,1,1,0,0,0,0,0,0,0,0,1,0,0,0,0,0,0,0,0,0,0,0,D1,0,139,0,0,15,0,0,1,0,0,0,0,0,Lost Love,0,0,0,0,0,0,0,0,0,0
The Loco-motion,Little Eva,1962,1960,Pop,1962-08-25 00:00:00+00:00,1,0,8,9,7,8.0,1.3333333333333333,Dimension 1000,Aldon,Pop,Rock;Funk/Soul;Pop,1.0,1,0,0,United States,19.0,0,0,1.0,Gerry Goffin;Carole King,Gerry Goffin;Carole King,2.0,1.0,0,0,Gerry Goffin,1.0,1.0,0.0,0.0,1,4/4,Eb,Eb,129.0,78.0,63.0,74.0,-10.0,71.0,1,0,1,0,0,1,0,0,0,0,0,0,0,0,0,0,0,0,0,0,1,0,0,0,0,D1,0,139,0,20,8,0,0,1,0,0,0,0,0,Dancing,0,0,0,0,0,0,0,1,1,0
Sheila,Tommy Roe,1962,1960,Rock,1962-09-08 00:00:00+00:00,2,0,7,4,8,6.333333333333333,2.6666666666666665,ABC-Paramount,ABC,Rock,Rock,1.0,0,0,0,United States,20.0,1,1,0.0,Tommy Roe,Tommy Roe,1.0,1.0,1,1,Felton Jarvis,1.0,1.0,0.0,0.0,0,4/4,A,A,136.0,57.0,42.0,47.0,-9.0,28.0,0,0,1,0,0,0,0,0,0,0,0,0,0,0,0,0,0,0,0,0,0,0,0,0,0,D1,0,127,0,16,7,0,0,1,0,0,0,1,1,Love,0,0,0,0,0,0,0,0,0,0
Sherry,Frankie Valli & the Four Seasons,1962,1960,Rock,1962-09-15 00:00:00+00:00,5,0,6,6,4,5.333333333333333,1.3333333333333333,Vee-Jay,Vee-Jay,Rock,Rock,0.0,1,0,0,United States,28.0,1,1,0.0,Bob Gaudio,Bob Gaudio,1.0,1.0,1,1,Bob Crewe,1.0,1.0,0.0,0.0,0,4/4,C,C,118.0,47.0,70.0,69.0,-8.0,65.0,1,1,1,0,0,0,0,0,0,0,0,1,0,1,0,0,0,0,0,0,0,0,0,0,0,C1,0,152,0,8,8,0,0,1,0,0,0,0,0,Love,0,0,0,0,0,0,0,0,0,0
Monster Mash,"Bobby ""Boris"" Pickett & the Crypt-Kickers",1962,1960,Rock,1962-10-20 00:00:00+00:00,2,0,5,4,7,5.333333333333333,2.0,Garpax,Garpax,Rock,Rock;Pop,0.0,0,0,0,United States,24.0,1,1,0.0,Bobby Pickett;Leonard L. Capizzi,Bobby Pickett;Leonard L. Capizzi,1.0,1.0,1,0,Gary S. Paxton,1.0,1.0,0.0,0.0,0,4/4,G,G,70.0,49.0,69.0,71.0,-14.0,41.0,0,0,0,1,0,0,0,0,0,0,0,0,0,1,0,0,0,0,0,0,0,0,0,0,0,C1,0,192,0,6,15,0,0,1,0,0,0,0,0,Partying;Dancing,1,1,0,0,0,0,0,1,0,0
He's a Rebel,The Crystals,1962,1960,Pop,1962-11-03 00:00:00+00:00,2,0,10,10,9,9.666666666666666,0.6666666666666666,Philles,Philles,Pop,Funk/Soul;Pop,0.0,0,0,0,United States,21.0,0,0,1.0,Gene Pitney,Gene Pitney,1.0,1.0,0,0,Phil Spector,1.0,1.0,0.0,0.0,0,4/4,F;Gb&%,F,117.0,76.0,71.0,87.0,-6.0,63.0,0,0,0,1,0,1,0,0,0,0,0,0,0,1,0,0,0,0,0,0,1,0,0,0,0,C1,0,151,0,25,8,0,0,1,0,0,0,0,0,Love;Bad Behavior,0,0,0,0,0,0,0,0,0,0
Big Girls Don't Cry,Frankie Valli & the Four Seasons,1962,1960,Rock,1962-11-17 00:00:00+00:00,5,0,3,4,2,3.0,1.3333333333333333,Vee-Jay,Vee-Jay,Rock,Rock;Pop,0.0,1,0,0,United States,28.0,1,1,0.0,Bob Crewe;Bob Gaudio,Bob Crewe;Bob Gaudio,1.0,1.0,1,0,Bob Crewe,1.0,1.0,0.0,0.0,1,4/4,G,G,130.0,84.0,76.0,84.0,-5.0,39.0,1,1,1,1,0,1,0,0,0,0,0,1,0,1,0,0,0,0,0,0,0,0,0,0,0,C1,0,146,0,17,11,0,0,1,0,0,0,0,0,Lost Love,0,0,0,0,0,0,0,0,0,0
Telstar,The Tornados,1962,1960,Rock,1962-12-22 00:00:00+00:00,3,0,8,7,9,8.0,1.3333333333333333,London,London,Rock,Rock,0.0,0,0,0,United Kingdom,,1,1,0.0,Joe Meek,Joe Meek,1.0,1.0,0,0,Joe Meek,1.0,1.0,0.0,0.0,1,4/4,A;D,Multiple Keys,146.0,75.0,20.0,63.0,-7.0,0.0,0,1,1,0,0,0,0,0,0,0,0,0,0,0,0,0,0,0,0,0,0,0,0,0,0,I,0,195,1,195,21,0,0,0,0,0,0,0,0,,0,0,0,0,0,0,0,0,0,0
Go Away Little Girl,Steve Lawrence,1963,1960,Pop,1963-01-12 00:00:00+00:00,2,0,2,5,1,2.6666666666666665,2.6666666666666665,Columbia,CBS,Pop,Pop,1.0,1,0,0,United States,27.0,1,1,0.0,Gerry Goffin;Carole King,Gerry Goffin;Carole King,2.0,1.0,0,0,Al Kasha,1.0,1.0,0.0,0.0,0,4/4,F;Gb&%,F,109.0,29.0,42.0,56.0,-14.0,49.0,0,1,1,1,1,0,0,0,0,0,0,0,0,0,0,0,0,0,0,0,0,0,0,0,0,D1,0,132,0,28,8,0,0,0,0,1,0,0,1,Longing for Love;Forbidden Love,0,0,0,0,0,0,0,0,1,0
Walk Right In,The Rooftop Singers,1963,1960,Folk/Country,1963-01-26 00:00:00+00:00,2,0,9,5,4,6.0,3.333333333333333,Vanguard,Vanguard,Folk/Country,"Rock;Folk, World, & Country",0.0,0,0,0,United States,29.0,2,1,0.0,Gus Cannon;Hosea Woods;Erik Darling;Bill Svanoe,Gus Cannon;Hosea Woods;Erik Darling;Bill Svanoe,1.0,2.0,0,0,Erik Darling;Bill Svanoe,1.0,1.0,1.0,1.0,1,4/4,Ab,Ab,130.0,66.0,68.0,96.0,-10.0,79.0,0,0,1,0,0,0,0,0,0,0,0,0,0,0,0,0,0,0,0,0,0,0,0,0,0,A2,0,137,0,60,31,0,0,0,0,1,0,0,1,Lust/Sex,0,0,0,0,0,0,0,0,0,0
Hey Paula,Paul & Paula,1963,1960,Pop,1963-02-09 00:00:00+00:00,3,0,2,6,3,3.6666666666666665,2.6666666666666665,Philips,Polygram,Pop,Rock,2.0,1,0,0,United States,21.0,2,1,0.0,Ray Hildebrand,Ray Hildebrand,1.0,1.0,1,1,Major Bill Smith,1.0,1.0,0.0,0.0,0,6/8,G,G,110.0,26.0,51.0,54.0,-12.0,78.0,0,0,1,1,0,0,0,0,0,0,0,0,0,0,0,0,0,0,0,0,0,0,0,0,0,D1,0,132,0,0,0,0,0,0,0,0,0,0,0,Love,0,0,0,0,0,0,0,0,0,0
Walk Like a Man,Frankie Valli & the Four Seasons,1963,1960,Rock,1963-03-02 00:00:00+00:00,3,0,8,7,8,7.666666666666667,0.6666666666666666,Vee-Jay,Vee-Jay,Rock,Rock;Funk/Soul;Pop,0.0,1,0,0,United States,28.0,1,1,0.0,Bob Crewe;Bob Gaudio,Bob Crewe;Bob Gaudio,1.0,1.0,1,0,Bob Crewe,1.0,1.0,0.0,0.0,1,4/4,Bb,Bb,118.0,64.0,68.0,97.0,-10.0,61.0,0,1,1,0,0,0,0,0,0,0,0,1,0,1,0,0,0,0,0,0,0,0,0,0,0,C1,0,117,0,4,28,0,0,1,0,0,0,0,0,Bad Relationships;Lost Love,0,0,0,0,0,0,0,0,0,0
Our Day Will Come,Ruby & the Romantics,1963,1960,Pop,1963-03-23 00:00:00+00:00,1,0,5,5,5,5.0,0.0,Kapp,Kapp,Pop,Funk/Soul;Pop,0.0,0,0,0,United States,28.0,2,0,1.0,Bob Hilliard;Mort Garson,Bob Hilliard;Mort Garson,1.0,1.0,0,0,Allen Stanton,1.0,1.0,0.0,0.0,0,4/4,Eb,Eb,93.0,62.0,53.0,73.0,-8.0,68.0,0,0,1,1,0,0,0,0,0,0,0,0,0,0,0,0,0,0,0,0,0,0,0,0,0,D1,0,154,0,34,12,0,0,1,0,0,0,0,0,Love,0,0,0,0,0,0,0,0,0,0
He's So Fine,The Chiffons,1963,1960,Pop,1963-03-30 00:00:00+00:00,4,0,8,5,7,6.666666666666667,2.0,Laurie,Laurie,Pop,Rock;Funk/Soul,0.0,0,0,0,United States,16.0,0,0,1.0,Ronald Mack,Ronald Mack,1.0,0.0,0,0,Phil Margo;Mitch Margo;Jay Siegal;Hank Medress,1.0,1.0,0.0,0.0,0,4/4,G,G,72.0,63.0,56.0,87.0,-3.0,49.0,1,1,1,0,0,0,0,0,0,0,0,0,0,0,0,0,0,0,0,0,0,0,0,0,0,D1,0,113,0,0,5,0,0,1,0,0,0,0,0,Longing for Love,0,0,0,0,0,0,0,0,0,0
I Will Follow Him,Little Peggy March,1963,1960,Pop,1963-04-27 00:00:00+00:00,3,0,6,6,7,6.333333333333333,0.6666666666666666,RCA,RCA,Pop,Pop,1.0,0,0,0,United States,15.0,0,1,0.0,Jacques Plant;J.W. Stole;Paul Mauriat;Arthur Altman;Norman Gimbel,Jacques Plant;J.W. Stole;Paul Mauriat;Arthur Altman;Norman Gimbel,1.0,1.0,0,0,Hugo Peretti;Luigi Creatore,1.0,1.0,0.0,0.0,0,4/4,C,C,125.0,44.0,64.0,90.0,-11.0,72.0,1,0,1,0,1,0,0,0,0,0,0,0,0,0,0,0,0,0,0,0,0,0,0,0,0,C1,0,148,0,0,15,0,0,1,0,1,0,0,1,Love,0,0,0,0,0,0,0,0,0,0
If You Wanna Be Happy,Jimmy Soul,1963,1960,Rock,1963-05-18 00:00:00+00:00,2,0,4,5,4,4.333333333333333,0.6666666666666666,SPQR,Legrand,Rock,Funk/Soul,1.0,0,0,0,United States,20.0,1,0,1.0,Joseph Royster;Carmella Guida;Frank Guida,Joseph Royster;Carmella Guida;Frank Guida,2.0,1.0,0,0,Frank Guida,1.0,1.0,0.0,0.0,1,4/4,Bb,Bb,93.0,87.0,67.0,84.0,-8.0,69.0,0,1,0,1,0,1,0,0,0,0,0,0,0,1,0,0,0,0,0,0,1,0,0,0,0,C1,0,134,0,15,5,0,0,1,0,1,0,0,1,Marriage;Love,0,0,0,0,0,0,0,0,0,0
It's My Party,Lesley Gore,1963,1960,Pop,1963-06-01 00:00:00+00:00,2,0,7,7,6,6.666666666666667,0.6666666666666666,Mercury,Polygram,Pop,Rock;Pop,1.0,0,0,0,United States,17.0,0,1,0.0,Walter Gold;John Gluck Jr.;Herb Weiner;Seymour Gottlieb,Walter Gold;John Gluck Jr.;Herb Weiner;Seymour Gottlieb,1.0,1.0,0,0,Quincy Jones,1.0,0.0,0.0,0.0,0,4/4,A,A,128.0,49.0,69.0,96.0,-12.0,35.0,1,1,0,1,0,1,0,0,0,0,0,0,0,1,0,0,0,0,0,0,0,0,0,0,0,C1,0,140,0,23,1,0,0,1,0,0,0,0,0,Lost Love,1,0,0,0,0,0,0,0,0,0
Sukiyaki,Kyu Sakamoto,1963,1960,Pop,1963-06-15 00:00:00+00:00,3,0,7,8,7,7.333333333333333,0.6666666666666666,Capitol,EMI,Pop,"Pop;Folk, World, & Country",1.0,0,0,0,Japan,21.0,1,0,0.0,Hachidai Nakamura;Rokusuke Ei,Hachidai Nakamura;Rokusuke Ei,1.0,0.0,0,0,Kōji Kusano,1.0,0.0,0.0,0.0,0,4/4,G,G,146.0,36.0,41.0,40.0,-11.0,71.0,0,1,0,0,1,1,0,0,0,0,0,0,0,0,0,1,0,0,0,0,0,0,0,0,0,D1,0,182,0,33,7,0,0,1,0,1,0,0,1,Lost Love,0,0,0,1,0,0,0,0,0,0
Easier Said Than Done,The Essex,1963,1960,Rock,1963-07-06 00:00:00+00:00,2,0,3,6,7,5.333333333333333,2.6666666666666665,Roulette,Roulette,Rock,Rock;Pop,0.0,0,0,0,United States,23.0,2,0,1.0,William Linton;Larry Huff,William Linton;Larry Huff,1.0,0.0,0,0,Henry Glover,1.0,0.0,0.0,0.0,0,4/4,E,E,136.0,47.0,80.0,88.0,-11.0,49.0,0,0,1,0,0,0,0,0,0,0,0,0,0,0,0,0,0,0,0,0,0,0,0,0,0,D1,0,129,0,15,3,0,0,0,0,0,0,0,0,Longing for Love,0,0,0,0,0,0,0,0,0,0
Surf City,Jan & Dean,1963,1960,Rock,1963-07-20 00:00:00+00:00,2,0,5,6,8,6.333333333333333,2.0,Liberty,Avnet,Rock,Rock,2.0,1,0,0,United States,22.0,1,1,0.0,Brian Wilson;Jan Berry,Brian Wilson;Jan Berry,1.0,1.0,1,0,Jan Berry,1.0,1.0,1.0,1.0,1,4/4,Ab,Ab,148.0,81.0,53.0,96.0,-13.0,50.0,1,0,1,0,0,0,0,0,0,0,0,1,0,0,0,0,0,0,0,0,0,0,0,0,0,C1,0,147,0,18,5,0,0,1,0,0,0,0,0,Surfing/Sailing;Partying;Utopia/Perfect Places,0,0,0,0,0,0,0,0,0,0
So Much in Love,The Tymes,1963,1960,Funk/Soul,1963-08-03 00:00:00+00:00,1,0,8,6,6,6.666666666666667,1.3333333333333333,Parkway,Cameo-Parkway,Funk/Soul,Funk/Soul,0.0,0,0,0,United States,,1,0,1.0,George Williams;Bill Jackson;Roy Straigis,George Williams;Bill Jackson;Roy Straigis,1.0,0.0,0,0,Bill Jackson,1.0,0.0,0.0,0.0,1,Free;4/4,E,E,76.0,48.0,54.0,42.0,-10.0,82.0,1,1,0,0,0,0,0,0,0,0,0,0,0,1,0,0,0,0,0,0,0,0,0,0,0,D1,0,140,0,6,6,0,0,1,0,0,0,0,0,Love,0,0,0,0,0,0,0,0,0,0
Fingertips Pt. 2,Stevie Wonder,1963,1960,Funk/Soul,1963-08-10 00:00:00+00:00,3,0,8,7,10,8.333333333333334,2.0,Tamla,Motown,Funk/Soul;Jazz,Funk/Soul,1.0,0,0,0,United States,13.0,1,0,1.0,Clarence Paul;Henry Cosby,Clarence Paul;Henry Cosby,1.0,0.0,0,0,Berry Gordy Jr.,1.0,0.0,0.0,0.0,0,4/4,Cm,Cm,138.0,88.0,32.0,31.0,-7.0,53.0,0,1,0,0,0,1,0,0,0,0,0,0,0,0,1,0,0,0,0,0,0,0,0,0,0,C1,0,190,0,123,13,0,0,1,0,0,0,1,1,,0,0,0,0,0,0,0,0,0,0
My Boyfriend's Back,The Angels,1963,1960,Pop,1963-08-31 00:00:00+00:00,3,0,9,6,8,7.666666666666667,2.0,Smash,Smash,Pop,Rock;Pop,0.0,0,0,0,United States,19.0,0,1,0.0,Bob Feldman;Jerry Goldstein;Richard Gottehrer,Bob Feldman;Jerry Goldstein;Richard Gottehrer,1.0,1.0,0,0,Bob Feldman;Jerry Goldstein;Richard Gottehrer,1.0,1.0,0.0,0.0,1,4/4,Eb,Eb,135.0,87.0,68.0,96.0,-6.0,69.0,0,1,1,0,0,1,0,0,0,0,0,0,0,1,0,0,0,0,0,0,0,0,0,0,0,D3,0,134,0,0,12,1,0,1,0,0,0,0,0,Love;Violence;Lust/Sex,0,1,0,0,0,0,0,0,0,0
Blue Velvet,Bobby Vinton,1963,1960,Pop,1963-09-21 00:00:00+00:00,3,0,7,4,7,6.0,2.0,Epic,CBS,Pop,Pop;Stage & Screen,1.0,0,0,0,United States,28.0,1,1,0.0,Bernie Wayne;Lee Morris,Bernie Wayne;Lee Morris,1.0,1.0,0,0,Bob Morgan,1.0,1.0,0.0,0.0,0,4/4;Free,Bb;B&%,Bb,80.0,25.0,38.0,28.0,-10.0,86.0,1,1,1,0,0,0,0,0,0,0,0,0,0,0,0,0,0,0,0,0,0,0,0,0,0,D1,0,168,0,13,10,0,0,0,0,1,0,0,1,Lost Love,0,0,0,0,0,0,0,0,0,0
Sugar Shack,Jimmy Gilmer & the Fireballs,1963,1960,Rock,1963-10-12 00:00:00+00:00,5,0,3,2,4,3.0,1.3333333333333333,Dot,Paramount Pictures,Rock,Rock,0.0,0,0,0,United States,23.0,1,1,0.0,Keith McCormack;Fay Voss,Keith McCormack;Fay Voss,2.0,1.0,0,0,Norman Petty,1.0,1.0,0.0,0.0,0,4/4,G,G,133.0,80.0,79.0,88.0,-7.0,22.0,0,1,1,1,0,0,0,0,0,0,0,0,0,0,0,0,0,0,0,0,0,0,0,0,0,A2,0,123,0,27,8,0,0,1,0,0,0,0,0,Lust/Sex;Better Times;Utopia/Perfect Places,1,0,0,0,0,0,0,0,0,0
Deep Purple,Nino Tempo & April Stevens,1963,1960,Pop,1963-11-16 00:00:00+00:00,1,0,3,5,6,4.666666666666667,2.0,Atco,Atlantic,Pop,Pop,2.0,1,0,0,United States,31.0,2,1,0.0,Peter DeRose;Mitchell Parish,Peter DeRose;Mitchell Parish,1.0,1.0,0,0,Ahmet Ertegün,1.0,1.0,0.0,0.0,0,4/4,F,F,131.0,32.0,51.0,57.0,-12.0,88.0,1,0,1,0,0,0,0,0,0,0,0,0,0,0,1,0,0,0,0,0,0,0,0,0,0,A2,0,160,0,30,13,0,0,1,0,1,0,0,1,Lost Love;Dreaming,0,1,0,0,0,0,0,0,0,0
I'm Leaving it Up to You,Dale & Grace,1963,1960,Folk/Country,1963-11-23 00:00:00+00:00,2,0,6,6,7,6.333333333333333,0.6666666666666666,Montel-Michele,Montel-Michele,Folk/Country;Rock,Rock;Pop,2.0,1,0,0,United States,23.5,2,1,0.0,Don F. Harris;Dewey Terry,Don F. Harris;Dewey Terry,1.0,0.0,0,0,Sam Montel,1.0,1.0,0.0,0.0,0,Free;6/8,B,B,105.0,36.0,23.0,71.0,-12.0,81.0,0,1,1,1,1,0,0,0,0,0,0,0,0,0,0,0,0,0,0,0,0,0,0,0,1,D1,0,131,0,18,1,0,0,1,0,1,0,0,1,Lost Love,0,0,0,0,0,0,0,0,0,0
Dominique,The Singing Nun,1963,1960,Folk/Country,1963-12-07 00:00:00+00:00,4,0,5,4,5,4.666666666666667,0.6666666666666666,Philips,Polygram,Folk/Country,Rock;Pop,1.0,0,0,0,Belgium,30.0,0,1,0.0,Jeanine Deckers,Jeanine Deckers,0.0,1.0,1,1,Unknown,,,,,0,4/4,D,D,136.0,34.0,74.0,51.0,-8.0,73.0,0,0,1,0,0,0,0,0,0,0,0,0,0,0,0,0,0,0,0,0,0,0,0,0,0,C1,0,176,0,2,2,0,0,0,0,0,0,0,0,God,1,0,0,1,0,0,0,0,0,0
There! I've Said It Again,Bobby Vinton,1964,1960,Pop,1964-01-04 00:00:00+00:00,4,0,3,5,2,3.333333333333333,2.0,Epic,CBS,Pop,Pop,1.0,0,0,0,United States,28.0,1,1,0.0,Redd Evans;David Mann,Redd Evans;David Mann,1.0,1.0,0,0,Bob Morgan,1.0,1.0,0.0,0.0,0,Free;4/4,A;Bb&%,A,80.0,30.0,25.0,31.0,-10.0,78.0,1,0,1,0,1,1,0,0,0,0,0,0,0,0,0,0,0,0,0,0,0,0,0,0,0,D1,0,145,0,13,3,0,0,0,0,1,0,0,1,Love,0,0,0,0,0,0,0,0,0,0
I Want To Hold Your Hand,The Beatles,1964,1960,Rock,1964-02-01 00:00:00+00:00,7,0,10,10,9,9.666666666666666,0.6666666666666666,Capitol,EMI,Rock,Rock;Pop,0.0,0,0,0,United Kingdom,22.0,1,1,0.0,John Lennon;Paul McCartney,John Lennon;Paul McCartney,1.0,1.0,1,1,George Martin,1.0,1.0,0.0,0.0,0,4/4,G,G,131.0,71.0,49.0,87.0,-6.0,39.0,0,0,1,0,0,0,0,0,0,0,0,0,0,1,0,0,0,0,0,0,0,0,0,0,0,D1,0,145,0,7,7,0,0,0,0,0,0,0,0,Love,0,0,0,0,0,0,0,0,0,0
She Loves You,The Beatles,1964,1960,Rock,1964-03-21 00:00:00+00:00,2,0,10,10,8,9.333333333333334,1.3333333333333333,Swan,Swan,Rock,Rock,0.0,0,0,0,United Kingdom,22.0,1,1,0.0,John Lennon;Paul McCartney,John Lennon;Paul McCartney,1.0,1.0,1,1,George Martin,1.0,1.0,0.0,0.0,0,4/4,G,G,76.0,92.0,38.0,91.0,-3.0,26.0,0,0,1,0,0,0,0,0,0,0,0,0,0,0,0,0,0,0,0,0,0,0,0,0,0,D1,0,140,0,8,0,0,0,0,0,0,0,0,0,Love,1,0,0,0,0,0,0,0,0,0
Can't Buy Me Love,The Beatles,1964,1960,Rock,1964-04-04 00:00:00+00:00,4,0,9,9,9,9.0,0.0,Capitol,EMI,Rock,Rock;Pop,0.0,0,0,0,United Kingdom,22.0,1,1,0.0,John Lennon;Paul McCartney,John Lennon;Paul McCartney,1.0,1.0,1,1,George Martin,1.0,1.0,0.0,0.0,0,4/4,C,C,172.0,76.0,43.0,95.0,-4.0,12.0,0,0,1,0,0,0,0,0,0,0,0,0,0,0,0,0,0,0,0,0,0,0,0,0,0,D1,0,131,0,17,0,0,0,0,0,0,0,0,0,Love,0,0,0,0,0,0,0,0,0,0
"Hello, Dolly!",Louis Armstrong,1964,1960,Jazz,1964-05-09 00:00:00+00:00,1,0,8,7,6,7.0,1.3333333333333333,Kapp,Kapp,Jazz,Jazz;Stage & Screen,1.0,0,0,0,United States,62.0,1,0,1.0,Jerry Herman,Jerry Herman,1.0,1.0,0,0,Michael Kapp,1.0,1.0,0.0,0.0,0,4/4,C,C,155.0,41.0,58.0,62.0,-10.0,84.0,0,0,0,0,0,1,0,0,0,0,0,0,0,0,0,0,0,0,0,0,0,0,1,1,0,A1,0,147,0,76,12,0,0,0,0,1,0,0,1,Love,0,0,0,0,1,0,0,0,0,0
My Guy,Mary Wells,1964,1960,Funk/Soul,1964-05-16 00:00:00+00:00,2,0,7,9,7,7.666666666666667,1.3333333333333333,Motown,Motown,Funk/Soul,Funk/Soul,1.0,0,0,0,United States,21.0,0,0,1.0,Smokey Robinson,Smokey Robinson,1.0,0.0,0,0,Smokey Robinson,1.0,0.0,0.0,0.0,1,4/4,Bb,Bb,127.0,58.0,69.0,91.0,-8.0,56.0,0,0,0,1,0,1,0,0,0,0,0,0,0,1,0,0,0,0,0,0,0,0,0,0,0,D1,0,174,0,17,7,0,0,1,0,0,0,0,0,Love;Faithfulness,0,0,0,0,0,0,0,0,0,0
Love Me Do,The Beatles,1964,1960,Rock,1964-05-30 00:00:00+00:00,1,0,6,6,8,6.666666666666667,1.3333333333333333,Tollie,Vee-Jay,Rock,Rock;Pop,0.0,1,0,0,United Kingdom,22.0,1,1,0.0,John Lennon;Paul McCartney,John Lennon;Paul McCartney,1.0,1.0,1,1,George Martin,1.0,1.0,0.0,0.0,0,4/4,G,G,148.0,83.0,52.0,74.0,-6.0,39.0,0,1,1,0,0,0,0,0,0,0,0,0,0,0,1,0,0,0,0,0,0,0,0,0,0,D1,0,141,0,55,13,0,0,1,0,0,0,0,0,Longing for Love,0,0,0,0,0,0,0,0,0,0
Chapel of Love,The Dixie Cups,1964,1960,Pop,1964-06-06 00:00:00+00:00,3,0,8,8,9,8.333333333333334,0.6666666666666666,Red Bird,Red Bird,Pop,Funk/Soul;Pop,0.0,0,0,0,United States,19.666666666666668,0,0,1.0,Jeff Barry;Ellie Greenwich;Phil Spector,Jeff Barry;Ellie Greenwich;Phil Spector,2.0,1.0,0,0,Jerry Leiber;Mike Stoller;Ellie Greenwich;Jeff Barry,2.0,1.0,0.0,0.0,1,4/4,D,D,125.0,35.0,59.0,79.0,-10.0,73.0,0,1,0,0,0,1,0,0,0,0,0,0,0,1,0,0,0,0,0,0,0,0,0,0,0,C1,0,170,0,7,14,0,0,1,0,1,0,0,1,Love;Marriage,0,0,0,0,0,0,0,0,0,0
A World Without Love,Peter & Gordon,1964,1960,Rock,1964-06-27 00:00:00+00:00,1,0,5,5,6,5.333333333333333,0.6666666666666666,Capitol,EMI,Rock,Rock;Pop,2.0,0,0,0,United Kingdom,19.5,1,1,0.0,John Lennon;Paul McCartney,John Lennon;Paul McCartney,1.0,1.0,0,0,Norman Newell,1.0,1.0,0.0,0.0,0,4/4,E,E,130.0,66.0,51.0,75.0,-10.0,23.0,0,0,1,1,0,0,0,0,0,0,0,0,0,0,0,0,0,0,0,0,0,0,0,0,0,D1,0,160,0,47,4,0,0,0,0,0,0,0,0,Love;Lost Love,0,0,0,0,0,0,0,0,0,0
I Get Around,The Beach Boys,1964,1960,Rock,1964-07-04 00:00:00+00:00,2,0,8,8,8,8.0,0.0,Capitol,EMI,Rock,Rock,0.0,0,0,0,United States,22.5,1,1,0.0,Brian Wilson;Mike Love,Brian Wilson;Mike Love,1.0,1.0,1,1,Brian Wilson,1.0,1.0,1.0,1.0,1,4/4,G;A;Bb;Ab&%,Multiple Keys,144.0,62.0,39.0,51.0,-8.0,36.0,1,0,1,0,0,0,0,0,0,0,0,1,0,1,0,0,0,0,0,0,0,0,0,0,0,C1,0,134,0,19,1,0,0,1,0,0,0,0,0,Lust/Sex;Driving,0,0,0,0,0,0,0,0,0,0
Rag Doll,Frankie Valli & the Four Seasons,1964,1960,Pop,1964-07-18 00:00:00+00:00,2,0,8,9,9,8.666666666666666,0.6666666666666666,Philips,Polygram,Pop,Rock,0.0,0,0,0,United States,30.0,1,1,0.0,Bob Crewe;Bob Gaudio,Bob Crewe;Bob Gaudio,1.0,1.0,1,0,Bob Crewe,1.0,1.0,0.0,0.0,1,4/4,Bb,Bb,121.0,53.0,50.0,61.0,-8.0,75.0,1,0,1,0,0,0,0,0,0,0,0,1,0,1,0,0,0,0,0,0,0,0,0,0,0,A2,0,174,0,5,37,0,0,1,0,0,0,0,0,Love;Poverty;Forbidden Love,1,0,0,0,0,0,0,0,0,0
A Hard Day's Night,The Beatles,1964,1960,Rock,1964-08-01 00:00:00+00:00,2,0,10,10,10,10.0,0.0,Capitol,EMI,Rock,Rock;Pop,0.0,1,0,0,United Kingdom,22.5,1,1,0.0,John Lennon;Paul McCartney,John Lennon;Paul McCartney,1.0,1.0,1,1,George Martin,1.0,1.0,0.0,0.0,0,4/4,G,G,139.0,81.0,59.0,80.0,-6.0,14.0,0,0,1,0,0,0,0,0,0,0,0,0,0,0,0,0,0,0,0,0,0,0,0,0,0,D1,0,154,0,29,3,0,0,1,0,0,0,0,0,Lust/Sex;Work,0,0,0,0,0,1,0,0,0,0
Everybody Loves Somebody,Dean Martin,1964,1960,Pop,1964-08-15 00:00:00+00:00,1,0,5,6,3,4.666666666666667,2.0,Reprise,Warner Bros.,Pop,Pop,1.0,0,0,0,United States,47.0,1,1,0.0,Sam Coslow;Irving Taylor;Ken Lane,Sam Coslow;Irving Taylor;Ken Lane,1.0,1.0,0,0,Jimmy Bowen,1.0,1.0,0.0,0.0,0,6/8;Free,Eb,Eb,119.0,41.0,50.0,46.0,-12.0,86.0,0,0,1,1,1,1,0,0,0,0,0,0,0,0,0,0,0,0,0,0,0,0,0,0,0,D1,0,165,0,21,6,0,0,0,0,1,0,0,1,Love,0,0,0,0,0,0,0,0,0,0
Where Did Our Love Go,The Supremes,1964,1960,Pop,1964-08-22 00:00:00+00:00,2,0,8,9,8,8.333333333333334,0.6666666666666666,Motown,Motown,Pop,Funk/Soul,0.0,0,0,0,United States,20.0,0,0,1.0,Brian Holland;Lamont Dozier;Eddie Holland,Brian Holland;Lamont Dozier;Eddie Holland,1.0,0.0,0,0,Brian Holland;Lamont Dozier,1.0,0.0,0.0,0.0,1,4/4,C,C,135.0,48.0,55.0,83.0,-11.0,75.0,0,0,1,1,0,1,0,0,0,0,0,0,0,1,0,0,0,0,0,0,0,0,0,0,0,A1,0,153,0,4,4,0,0,1,0,0,0,0,0,Lost Love,0,0,0,0,0,0,0,0,0,0
House of the Rising Sun,The Animals,1964,1960,Rock,1964-09-05 00:00:00+00:00,3,0,8,8,10,8.666666666666666,1.3333333333333333,MGM,MGM,Rock,Rock,0.0,0,0,0,United Kingdom,23.0,1,1,0.0,Unknown,Unknown,,,0,0,Mickie Most,1.0,1.0,0.0,0.0,0,6/8,Am,Am,117.0,58.0,29.0,23.0,-7.0,0.0,0,0,1,1,0,0,0,0,0,0,0,0,0,0,0,0,0,0,0,0,0,0,0,0,0,A1,0,179,0,88,12,0,0,1,0,1,0,0,1,Sin;Regret,0,0,0,0,0,0,0,0,0,0
"Oh, Pretty Woman",Roy Orbison,1964,1960,Rock,1964-09-26 00:00:00+00:00,3,0,10,9,9,9.333333333333334,0.6666666666666666,Monument,Monument,Rock,Rock;Pop,1.0,0,0,0,United States,28.0,1,1,0.0,Roy Orbison;Billy Dees,Roy Orbison;Billy Dees,1.0,1.0,1,0,Fred Foster,1.0,1.0,0.0,0.0,0,4/4,A;C,Multiple Keys,127.0,58.0,61.0,96.0,-10.0,73.0,0,0,1,0,0,0,0,0,0,0,0,0,0,0,0,0,0,0,0,0,0,0,0,0,0,D1,0,178,0,41,14,0,0,0,0,0,0,0,0,Love;Lust/Sex,1,0,0,0,0,0,0,0,0,0
Do Wah Diddy Diddy,Manfred Mann,1964,1960,Rock,1964-10-17 00:00:00+00:00,2,0,7,7,8,7.333333333333333,0.6666666666666666,Ascot,United Artists,Rock,Rock,0.0,0,1,0,United Kingdom,23.0,1,1,0.0,Jeff Barry;Ellie Greenwich,Jeff Barry;Ellie Greenwich,2.0,1.0,0,0,John Burgess,1.0,1.0,0.0,0.0,0,4/4,E,E,125.0,56.0,66.0,96.0,-8.0,26.0,0,0,1,1,0,0,0,0,0,0,0,0,0,0,0,0,0,0,0,0,0,0,0,0,0,D1,0,143,0,12,4,0,0,0,0,1,0,0,1,Love;Lust/Sex,0,0,0,0,0,0,0,0,0,0
Baby Love,The Supremes,1964,1960,Pop,1964-10-31 00:00:00+00:00,4,0,7,9,8,8.0,1.3333333333333333,Motown,Motown,Pop,Funk/Soul,0.0,0,0,0,United States,20.0,0,0,1.0,Brian Holland;Lamont Dozier;Eddie Holland,Brian Holland;Lamont Dozier;Eddie Holland,1.0,0.0,0,0,Brian Holland;Lamont Dozier,1.0,0.0,0.0,0.0,1,4/4,C;Db&%,C,136.0,64.0,58.0,71.0,-9.0,78.0,0,0,1,1,0,1,0,0,0,0,0,0,0,1,0,0,0,0,0,0,1,0,0,0,0,A2,0,158,0,20,9,0,0,1,0,0,0,0,0,Lost Love,0,0,0,0,0,0,0,0,0,0
Leader of the Pack,The Shangri-Las,1964,1960,Pop,1964-11-28 00:00:00+00:00,1,0,9,9,10,9.333333333333334,0.6666666666666666,Red Bird,Red Bird,Pop,Rock,0.0,1,0,0,United States,15.0,0,1,0.0,"George ""Shadow"" Morton;Jeff Barry;Ellie Greenwich","George ""Shadow"" Morton;Jeff Barry;Ellie Greenwich",2.0,1.0,0,0,"George ""Shadow"" Morton",1.0,1.0,0.0,0.0,1,Free;4/4,C;Db&%,C,129.0,57.0,42.0,32.0,-9.0,71.0,0,0,1,1,0,0,0,0,0,0,0,0,0,0,0,0,0,0,0,0,0,0,0,0,0,D3,0,171,0,29,16,1,1,1,0,0,0,0,0,Death;Bad Behavior;Driving;Forbidden Love,1,1,0,0,0,0,0,0,0,0
Ringo,Lorne Greene,1964,1960,Folk/Country,1964-12-05 00:00:00+00:00,1,0,5,3,7,5.0,2.6666666666666665,RCA,RCA,Folk/Country,Pop;Stage & Screen,1.0,0,0,0,Canada,49.0,1,1,0.0,Don Robertson;Hal Blair,Don Robertson;Hal Blair,1.0,1.0,0,0,Joe Reisman,1.0,1.0,0.0,0.0,0,Free;4/4,Abm;Am;Bbm;Bm&%,Multiple Keys,111.0,52.0,56.0,65.0,-13.0,86.0,0,0,1,0,0,1,0,0,0,0,0,0,0,0,0,0,0,0,0,0,0,0,0,0,0,A4,0,214,0,8,22,1,1,0,0,0,0,0,0,Death;Good vs. Evil,1,1,0,0,0,0,0,0,0,0
Mr. Lonely,Bobby Vinton,1964,1960,Pop,1964-12-12 00:00:00+00:00,1,0,7,5,4,5.333333333333333,2.0,Epic,CBS,Pop,Pop,1.0,0,0,0,United States,29.0,1,1,0.0,Bobby Vinton;Gene Allan,Bobby Vinton;Gene Allan,1.0,1.0,1,0,Bob Morgan,1.0,1.0,0.0,0.0,0,6/8;Free,E;F&%,E,169.0,29.0,25.0,34.0,-10.0,82.0,0,0,1,1,1,1,0,0,0,0,0,1,0,0,0,0,0,0,0,0,0,0,0,0,0,C1,0,161,0,20,17,0,0,0,0,0,0,0,0,Lonesomeness;War,0,0,0,0,0,0,0,0,0,0
Come See About Me,The Supremes,1964,1960,Pop,1964-12-19 00:00:00+00:00,1,1,8,9,9,8.666666666666666,0.6666666666666666,Motown,Motown,Pop,Funk/Soul,0.0,0,0,0,United States,20.0,0,0,1.0,Brian Holland;Lamont Dozier;Eddie Holland,Brian Holland;Lamont Dozier;Eddie Holland,1.0,0.0,0,0,Brian Holland;Lamont Dozier,1.0,0.0,0.0,0.0,1,4/4,D,D,126.0,50.0,73.0,88.0,-12.0,73.0,0,0,1,1,0,1,0,0,0,0,0,0,0,1,0,0,0,0,0,0,0,0,0,0,0,C3,0,163,0,18,10,0,0,1,0,0,0,0,0,Lost Love,0,0,0,0,0,0,0,0,0,0
I Feel Fine,The Beatles,1964,1960,Rock,1964-12-26 00:00:00+00:00,3,0,9,10,9,9.333333333333334,0.6666666666666666,Capitol,EMI,Rock,Rock,0.0,0,0,0,United Kingdom,23.0,1,1,0.0,John Lennon;Paul McCartney,John Lennon;Paul McCartney,1.0,1.0,1,1,George Martin,1.0,1.0,0.0,0.0,0,Free;4/4,G,G,90.0,83.0,56.0,91.0,-7.0,9.0,0,0,1,0,0,0,0,0,0,0,0,0,0,0,0,0,0,0,0,0,0,0,0,0,0,D1,0,139,0,68,15,0,0,1,0,0,0,1,1,Love,0,0,0,0,0,0,0,0,0,0
Downtown,Petula Clark,1965,1960,Pop,1965-01-23 00:00:00+00:00,2,0,7,8,8,7.666666666666667,0.6666666666666666,Warner Bros.,Warner Bros.,Pop,Rock,1.0,0,0,0,United Kingdom,32.0,0,1,0.0,Tony Hatch,Tony Hatch,1.0,1.0,0,0,Tony Hatch,1.0,1.0,0.0,0.0,1,4/4,E;F&%,E,117.0,69.0,48.0,60.0,-8.0,78.0,0,0,1,1,1,1,0,0,0,0,0,0,0,0,0,0,0,0,0,0,0,0,0,0,0,C3,0,183,0,24,8,0,0,1,0,0,0,0,0,Utopia/Perfect Places,0,0,0,0,0,0,0,0,0,0
You've Lost That Lovin' Feelin',The Righteous Brothers,1965,1960,Funk/Soul,1965-02-06 00:00:00+00:00,2,0,7,9,9,8.333333333333334,1.3333333333333333,Philles,Philles,Funk/Soul,Rock;Funk/Soul;Pop,2.0,1,0,0,United States,24.0,1,1,0.0,Phil Spector;Barry Mann;Cynthia Weil,Phil Spector;Barry Mann;Cynthia Weil,2.0,1.0,0,0,Phil Spector,1.0,1.0,0.0,0.0,1,4/4,Db,Db,95.0,31.0,37.0,38.0,-14.0,52.0,0,0,1,1,1,1,0,0,0,0,0,0,0,0,0,0,0,0,0,0,0,0,0,0,0,E1,0,225,0,35,0,0,0,1,0,0,0,0,0,Lost Love,0,0,0,0,0,0,0,0,0,0
This Diamond Ring,Gary Lewis & the Playboys,1965,1960,Rock,1965-02-20 00:00:00+00:00,2,0,3,5,3,3.6666666666666665,1.3333333333333333,Liberty,Avnet,Rock,Rock;Pop,0.0,0,0,0,United States,19.0,1,1,0.0,Al Kooper;Bob Brass;Irwin Levine,Al Kooper;Bob Brass;Irwin Levine,1.0,1.0,0,0,Snuff Garrett,1.0,1.0,0.0,0.0,0,4/4,Cm;Gb,Multiple Keys,133.0,61.0,63.0,77.0,-11.0,33.0,0,0,1,1,0,0,0,0,0,0,0,0,0,0,0,0,0,0,0,0,0,0,0,0,0,C1,0,137,0,32,7,0,0,1,0,1,0,0,1,Lost Love,0,0,0,0,0,0,0,0,0,0
My Girl,The Temptations,1965,1960,Pop,1965-03-06 00:00:00+00:00,1,0,10,10,10,10.0,0.0,Gordy,Motown,Pop,Funk/Soul,0.0,0,0,0,United States,24.0,1,0,1.0,Smokey Robinson;Ronald White,Smokey Robinson;Ronald White,1.0,0.0,0,0,Smokey Robinson;Ronald White,1.0,0.0,0.0,0.0,1,4/4,C;D&%,C,105.0,42.0,58.0,67.0,-11.0,63.0,0,1,1,0,1,1,0,0,0,0,0,0,0,1,0,0,0,0,0,0,0,0,0,0,0,C3,0,165,0,51,9,0,0,1,0,0,0,0,0,Love,0,0,0,0,0,0,0,0,0,0
Eight Days a Week,The Beatles,1965,1960,Rock,1965-03-13 00:00:00+00:00,2,0,6,8,7,7.0,1.3333333333333333,Capitol,EMI,Rock,Rock,0.0,0,0,0,United Kingdom,23.0,1,1,0.0,John Lennon;Paul McCartney,John Lennon;Paul McCartney,1.0,1.0,1,1,George Martin,1.0,1.0,0.0,0.0,0,4/4,D,D,138.0,58.0,65.0,74.0,-8.0,41.0,0,0,1,0,0,0,0,0,0,0,0,0,0,1,0,0,0,0,0,0,0,0,0,0,0,D1,0,163,0,17,7,0,0,0,0,0,0,0,0,Love,0,0,0,0,0,0,0,0,0,0
Stop! In the Name of Love,The Supremes,1965,1960,Pop,1965-03-27 00:00:00+00:00,2,0,8,9,8,8.333333333333334,0.6666666666666666,Motown,Motown,Pop,Funk/Soul,0.0,0,0,0,United States,21.0,0,0,1.0,Brian Holland;Lamont Dozier;Eddie Holland,Brian Holland;Lamont Dozier;Eddie Holland,1.0,0.0,0,0,Brian Holland;Lamont Dozier,1.0,0.0,0.0,0.0,1,4/4,C,C,115.0,58.0,70.0,53.0,-6.0,62.0,0,0,1,1,0,1,0,0,0,0,0,0,0,0,0,0,0,0,0,0,0,0,0,0,0,C3,0,172,0,20,19,0,0,1,0,0,0,0,0,Lost Love,0,0,0,0,0,0,0,0,0,0
I'm Telling You Now,Freddie & the Dreamers,1965,1960,Rock,1965-04-10 00:00:00+00:00,2,0,3,5,4,4.0,1.3333333333333333,Tower,EMI,Rock,Rock,0.0,0,0,0,United Kingdom,28.0,1,1,0.0,Freddie Garrity;Mitch Murray,Freddie Garrity;Mitch Murray,1.0,1.0,1,0,John Burgess,1.0,1.0,0.0,0.0,0,4/4,Ab;A;Bb&%,Ab,71.0,70.0,61.0,89.0,-7.0,38.0,0,0,1,0,0,0,0,0,0,0,0,0,0,0,0,0,0,0,0,0,0,0,0,0,0,D1,0,128,0,22,6,0,0,0,0,0,0,0,0,Love,0,0,0,0,0,0,0,1,0,0
The Game of Love,Wayne Fontana & the Mindbenders,1965,1960,Rock,1965-04-24 00:00:00+00:00,1,0,8,4,9,7.0,3.333333333333333,Fontana,Polygram,Rock,Rock,0.0,0,0,0,United Kingdom,19.0,1,1,0.0,Clint Ballard Jr.,Clint Ballard Jr.,1.0,1.0,0,0,David Anderle,1.0,1.0,0.0,0.0,0,4/4,A,A,109.0,84.0,57.0,95.0,-4.0,9.0,0,1,1,0,0,0,0,0,0,0,0,0,0,0,0,0,0,0,0,0,0,0,0,0,0,D1,0,127,0,25,20,0,0,1,0,0,0,1,1,Love,0,0,0,0,0,0,0,0,0,0
"Mrs. Brown, You've Got a Lovely Daughter",Herman's Hermits,1965,1960,Pop,1965-05-01 00:00:00+00:00,3,0,2,4,3,3.0,1.3333333333333333,MGM,MGM,Pop,Rock,0.0,0,0,0,United Kingdom,17.0,1,1,0.0,Trevor Peacock,Trevor Peacock,1.0,1.0,0,0,Mickie Most,1.0,1.0,0.0,0.0,0,4/4,C;Eb,Multiple Keys,149.0,47.0,66.0,89.0,-10.0,75.0,0,0,1,0,0,0,0,0,0,0,0,0,0,0,0,0,0,0,0,0,0,0,0,0,0,D1,0,167,0,23,6,0,0,1,0,1,0,0,1,Love,0,0,0,0,0,0,1,0,0,0
Ticket to Ride,The Beatles,1965,1960,Rock,1965-05-22 00:00:00+00:00,1,0,10,10,10,10.0,0.0,Capitol,EMI,Rock,Rock,0.0,0,0,0,United Kingdom,23.0,1,1,0.0,John Lennon;Paul McCartney,John Lennon;Paul McCartney,1.0,1.0,1,1,George Martin,1.0,1.0,0.0,0.0,0,4/4,A,A,123.0,85.0,52.0,75.0,-7.0,5.0,0,0,1,0,0,0,0,0,0,0,0,1,0,0,0,0,0,0,0,0,0,0,0,0,0,D1,0,189,0,42,7,0,0,1,0,0,0,0,0,Lost Love,0,0,0,0,0,0,0,0,0,0
"Help Me, Rhonda",The Beach Boys,1965,1960,Rock,1965-05-29 00:00:00+00:00,2,0,7,8,6,7.0,1.3333333333333333,Capitol,EMI,Rock,Rock,0.0,0,0,0,United States,22.0,1,1,0.0,Brian Wilson;Mike Love,Brian Wilson;Mike Love,1.0,1.0,1,1,Brian Wilson,1.0,1.0,1.0,1.0,1,4/4,Db,Db,140.0,75.0,54.0,82.0,-6.0,31.0,1,0,1,1,0,1,0,0,0,0,0,1,0,0,0,0,0,0,0,0,0,0,0,1,0,D1,0,167,0,49,0,0,0,1,0,0,0,0,0,Lost Love;Lust/Sex,0,0,0,0,0,0,0,0,0,0
Back in My Arms Again,The Supremes,1965,1960,Pop,1965-06-12 00:00:00+00:00,1,0,7,8,7,7.333333333333333,0.6666666666666666,Motown,Motown,Pop,Funk/Soul,0.0,0,0,0,United States,21.0,0,0,1.0,Brian Holland;Lamont Dozier;Eddie Holland,Brian Holland;Lamont Dozier;Eddie Holland,1.0,0.0,0,0,Brian Holland;Lamont Dozier,1.0,0.0,0.0,0.0,1,4/4,C,C,123.0,53.0,71.0,48.0,-9.0,14.0,1,0,1,1,0,1,0,0,0,0,0,0,0,0,0,0,0,0,0,0,0,0,0,0,0,C3,0,174,0,15,15,0,0,1,0,0,0,0,0,Love,0,0,0,0,0,0,0,0,0,0
I Can't Help Myself (Sugar Pie Honey Bunch),Four Tops,1965,1960,Pop,1965-06-19 00:00:00+00:00,2,1,9,9,8,8.666666666666666,0.6666666666666666,Motown,Motown,Pop,Funk/Soul,0.0,0,0,0,United States,29.0,1,0,1.0,Brian Holland;Lamont Dozier;Eddie Holland,Brian Holland;Lamont Dozier;Eddie Holland,1.0,0.0,0,0,Brian Holland;Lamont Dozier,1.0,0.0,0.0,0.0,1,4/4,C,C,127.0,71.0,69.0,96.0,-5.0,20.0,0,1,1,1,1,1,0,0,0,0,0,0,0,0,0,0,0,0,0,0,1,0,0,0,0,A2,0,163,0,35,10,0,0,1,0,0,0,0,0,Love;Lost Love,0,0,0,0,0,0,0,0,0,0
Mr. Tambourine Man,The Byrds,1965,1960,Rock,1965-06-26 00:00:00+00:00,1,0,8,8,9,8.333333333333334,0.6666666666666666,Columbia,CBS,Rock,Rock,0.0,0,0,0,United States,22.0,1,1,0.0,Bob Dylan,Bob Dylan,1.0,1.0,0,0,Terry Melcher,1.0,1.0,0.0,0.0,0,4/4,D,D,120.0,47.0,46.0,64.0,-10.0,51.0,0,0,1,0,0,0,0,0,0,0,0,0,0,0,0,0,0,0,0,0,0,0,0,0,0,C1,0,149,0,48,8,0,0,1,0,1,0,0,1,God;Faithfulness,0,0,0,0,0,0,0,0,0,0
(I Can't Get No) Satisfaction,The Rolling Stones,1965,1960,Rock,1965-07-10 00:00:00+00:00,4,0,8,10,10,9.333333333333334,1.3333333333333333,London,London,Rock,Rock,0.0,0,0,0,United Kingdom,21.0,1,1,0.0,Mick Jagger;Keith Richards,Mick Jagger;Keith Richards,1.0,1.0,1,1,Andrew Loog Oldham,1.0,1.0,0.0,0.0,0,4/4,D,D,136.0,85.0,73.0,90.0,-8.0,3.0,0,1,1,0,0,0,0,0,0,0,0,0,0,0,0,0,0,0,0,0,0,0,0,0,0,C1,0,222,0,30,14,0,0,1,0,0,0,0,0,Lust/Sex;Anger;Restlessness,0,0,1,0,0,0,0,0,0,0
"I'm Henry VIII, I Am",Herman's Hermits,1965,1960,Rock,1965-08-07 00:00:00+00:00,1,0,4,4,6,4.666666666666667,1.3333333333333333,MGM,MGM,Rock,Rock,0.0,0,0,0,United Kingdom,17.0,1,1,0.0,Fred Murray;R.P. Weston,Fred Murray;R.P. Weston,1.0,1.0,0,0,Mickie Most,1.0,1.0,0.0,0.0,0,4/4,A,A,93.0,64.0,67.0,84.0,-10.0,8.0,0,1,1,0,0,0,0,0,0,0,0,0,0,0,0,0,0,0,0,0,0,0,0,0,0,A2,0,110,0,36,6,0,0,0,0,1,0,0,1,Marriage,0,1,0,0,0,0,0,0,0,0
I Got You Babe,Sonny & Cher,1965,1960,Rock,1965-08-14 00:00:00+00:00,3,0,7,9,8,8.0,1.3333333333333333,Atco,Atlantic,Rock,Rock,2.0,1,0,0,United States,24.5,2,1,0.0,Sonny Bono,Sonny Bono,1.0,1.0,1,1,Sonny Bono,1.0,1.0,1.0,1.0,1,3/4,F;Gb&%,F,111.0,71.0,62.0,62.0,-9.0,25.0,0,0,1,1,0,1,0,0,0,0,0,0,0,0,0,0,0,0,0,1,0,0,0,0,0,E1,0,193,0,70,7,0,0,1,0,0,0,0,0,Love,0,0,0,0,0,0,0,0,0,0
Help!,The Beatles,1965,1960,Pop,1965-09-04 00:00:00+00:00,3,0,10,9,8,9.0,1.3333333333333333,Capitol,EMI,Pop;Rock,Rock,0.0,0,0,0,United Kingdom,23.5,1,1,0.0,John Lennon;Paul McCartney,John Lennon;Paul McCartney,1.0,1.0,1,1,George Martin,1.0,1.0,0.0,0.0,0,4/4,A,A,95.0,73.0,53.0,76.0,-8.0,19.0,0,1,1,0,0,0,0,0,0,0,0,1,0,0,0,0,0,0,0,0,0,0,0,0,0,C2,0,140,0,28,11,1,0,0,0,0,0,0,0,Pain,0,0,0,0,0,1,0,0,0,0
Eve of Destruction,Barry McGuire,1965,1960,Folk/Country,1965-09-25 00:00:00+00:00,1,0,5,6,6,5.666666666666667,0.6666666666666666,Dunhill,Dunhill,Folk/Country,Rock,1.0,0,0,0,United States,30.0,1,1,0.0,P.F. Sloan;Steve Barri,P.F. Sloan;Steve Barri,1.0,1.0,0,0,Lou Adler,1.0,1.0,0.0,0.0,1,4/4,D,D,118.0,47.0,59.0,77.0,-12.0,35.0,0,0,1,0,0,1,0,0,0,0,0,0,0,0,1,0,0,0,0,0,0,0,0,0,0,A2,0,217,0,50,13,0,0,0,0,0,0,0,0,War;Violence;Dystopia,0,0,0,0,0,0,0,0,0,0
Hang On Sloopy,The McCoys,1965,1960,Rock,1965-10-02 00:00:00+00:00,1,0,6,6,8,6.666666666666667,1.3333333333333333,Bang,Atlantic,Rock,Rock,0.0,0,0,0,United States,18.0,1,1,0.0,Wes Farrell;Burt Russell,Wes Farrell;Burt Russell,1.0,1.0,0,0,Bob Feldman;Jerry Goldstein;Richard Gottehrer;Bob Irwin,1.0,1.0,0.0,0.0,0,4/4,G,G,115.0,52.0,76.0,94.0,-12.0,17.0,0,1,1,0,0,1,0,0,0,0,0,0,0,0,0,0,0,0,0,0,0,0,0,0,0,E1,0,182,0,67,8,0,0,0,0,1,0,0,1,Love,0,0,0,0,0,0,0,0,0,0
Yesterday,The Beatles,1965,1960,Pop,1965-10-09 00:00:00+00:00,4,0,10,9,7,8.666666666666666,2.0,Capitol,EMI,Pop,Rock;Pop,0.0,0,0,0,United Kingdom,24.0,1,1,0.0,John Lennon;Paul McCartney,John Lennon;Paul McCartney,1.0,1.0,1,1,George Martin,1.0,1.0,0.0,0.0,0,4/4,F,F,97.0,18.0,33.0,31.0,-12.0,88.0,0,0,1,0,1,0,0,0,0,0,0,0,0,0,0,0,0,0,0,0,0,0,0,0,0,D1,0,123,0,6,6,0,0,0,0,0,0,0,0,Lost Love,0,0,0,0,0,0,0,0,0,0
Get Off Of My Cloud,The Rolling Stones,1965,1960,Rock,1965-11-06 00:00:00+00:00,2,0,8,8,10,8.666666666666666,1.3333333333333333,London,London,Rock,Rock;Blues,0.0,0,0,0,United Kingdom,22.0,1,1,0.0,Mick Jagger;Keith Richards,Mick Jagger;Keith Richards,1.0,1.0,1,1,Andrew Loog Oldham,1.0,1.0,0.0,0.0,0,4/4,E,E,126.0,90.0,59.0,91.0,-7.0,2.0,0,0,1,1,0,0,0,0,0,0,0,0,0,1,0,0,0,0,0,0,0,0,0,0,0,C1,0,175,0,58,11,0,0,1,0,0,0,0,0,Anger;Restlessness,0,0,0,0,0,0,0,0,0,0
I Hear a Symphony,The Supremes,1965,1960,Pop,1965-11-20 00:00:00+00:00,2,0,7,8,9,8.0,1.3333333333333333,Motown,Motown,Pop,Funk/Soul,0.0,0,0,0,United States,21.0,0,0,1.0,Brian Holland;Lamont Dozier;Eddie Holland,Brian Holland;Lamont Dozier;Eddie Holland,1.0,0.0,0,0,Brian Holland;Lamont Dozier,1.0,0.0,0.0,0.0,1,4/4,C;E;Db;D;Eb&%,Multiple Keys,140.0,62.0,56.0,38.0,-8.0,45.0,0,0,1,1,0,1,0,0,0,0,0,0,0,0,0,0,0,0,0,0,1,0,0,0,0,C2,0,166,0,21,8,0,0,1,0,0,0,0,0,Love,0,0,0,0,0,0,0,0,0,0
Turn! Turn! Turn! (To Everything There is a Season),The Byrds,1965,1960,Rock,1965-12-04 00:00:00+00:00,3,0,8,6,7,7.0,1.3333333333333333,Columbia,CBS,Rock,Rock,0.0,1,0,0,United States,22.25,1,1,0.0,Pete Seeger,Pete Seeger,1.0,1.0,0,0,Terry Melcher,1.0,1.0,0.0,0.0,0,4/4,D,D,124.0,82.0,45.0,75.0,-8.0,14.0,0,0,1,0,0,0,0,0,0,0,0,0,0,0,0,0,0,0,0,0,0,0,0,0,0,C1,0,229,0,78,14,0,0,1,0,1,0,0,1,Time,0,0,0,0,0,0,0,0,0,0
Over and Over,The Dave Clark Five,1965,1960,Rock,1965-12-25 00:00:00+00:00,1,0,4,5,5,4.666666666666667,0.6666666666666666,Epic,CBS,Rock,Rock;Pop,0.0,0,1,0,United States,23.0,1,1,0.0,Robert James Byrd,Robert James Byrd,1.0,0.0,0,0,Dave Clark,1.0,1.0,1.0,1.0,0,4/4,Bb,Bb,150.0,86.0,54.0,90.0,-8.0,25.0,0,1,1,0,0,1,0,0,0,0,0,0,0,0,1,0,0,0,0,0,1,0,0,0,0,A2,0,121,0,44,7,0,0,0,0,1,0,0,1,Lost Love;Longing for Love,0,0,0,0,0,0,0,0,0,0
The Sound of Silence,Simon & Garfunkel,1966,1960,Folk/Country,1966-01-01 00:00:00+00:00,2,1,7,10,9,8.666666666666666,2.0,Columbia,CBS,Folk/Country,Rock;Pop,2.0,1,0,0,United States,24.0,1,1,0.0,Paul Simon,Paul Simon,1.0,1.0,1,1,Tom Wilson,1.0,1.0,0.0,0.0,0,4/4,Gb,Gb,108.0,47.0,44.0,54.0,-10.0,17.0,0,0,1,0,0,0,0,0,0,0,0,0,0,0,0,0,0,0,0,0,0,0,0,0,0,A2,0,185,0,10,3,0,0,0,0,0,0,0,0,Restlessness;Lonesomeness,0,0,0,0,0,0,0,0,0,0
We Can Work it Out,The Beatles,1966,1960,Pop,1966-01-08 00:00:00+00:00,3,1,9,10,8,9.0,1.3333333333333333,Capitol,EMI,Pop,Rock;Pop,0.0,0,0,0,United Kingdom,24.0,1,1,0.0,John Lennon;Paul McCartney,John Lennon;Paul McCartney,1.0,1.0,1,1,George Martin,1.0,1.0,0.0,0.0,0,4/4;3/4,D,D,106.0,68.0,38.0,65.0,-9.0,6.0,0,0,1,1,0,0,0,0,0,0,0,0,0,0,0,0,0,0,0,0,0,0,0,0,0,D1,0,136,0,19,0,0,0,0,0,0,0,0,0,Love;Bad Relationships,0,0,0,0,0,0,0,0,0,0
My Love,Petula Clark,1966,1960,Pop,1966-02-05 00:00:00+00:00,2,0,4,5,5,4.666666666666667,0.6666666666666666,Warner Bros.,Warner Bros.,Pop,Funk/Soul;Pop,1.0,0,0,0,United States,33.0,0,1,0.0,Tony Hatch,Tony Hatch,1.0,1.0,0,0,Tony Hatch,1.0,1.0,0.0,0.0,1,4/4,A;Bb&%,A,174.0,86.0,51.0,95.0,-6.0,68.0,1,1,0,0,1,1,0,0,0,0,0,0,0,0,0,0,0,0,0,0,0,0,0,0,0,C1,0,164,0,12,6,0,0,0,0,0,0,0,0,Love,0,0,0,0,0,0,0,0,0,0
Lightnin' Strikes,Lou Christie,1966,1960,Rock,1966-02-19 00:00:00+00:00,1,0,6,4,5,5.0,1.3333333333333333,MGM,MGM,Rock,Rock,1.0,0,0,0,United States,23.0,1,1,0.0,Lou Christie;Twyla Herbert,Lou Christie;Twyla Herbert,2.0,1.0,1,0,Charles Calello,1.0,1.0,0.0,0.0,0,4/4,Eb;C,Multiple Keys,134.0,65.0,62.0,69.0,-8.0,61.0,0,0,1,1,0,1,0,0,0,0,0,1,0,0,0,0,0,0,0,0,0,0,0,0,0,C3,0,181,0,22,8,0,0,1,0,0,0,0,0,Lust/Sex,0,0,0,0,0,0,0,0,0,0
These Boots are Made for Walkin',Nancy Sinatra,1966,1960,Rock,1966-02-26 00:00:00+00:00,1,0,9,8,10,9.0,1.3333333333333333,Reprise,Warner Bros.,Rock,Rock;Pop,1.0,0,0,0,United States,25.0,0,1,0.0,Lee Hazelwood,Lee Hazelwood,1.0,1.0,0,0,Lee Hazelwood,1.0,1.0,0.0,0.0,1,4/4,E,E,83.0,39.0,74.0,39.0,-12.0,48.0,0,1,1,0,0,1,0,0,0,0,0,0,0,0,0,0,0,0,0,0,0,0,0,0,0,C1,0,162,0,86,12,0,0,1,0,0,0,0,0,Respect;Bad Relationships;Empowerment;Infidelity,0,0,0,0,0,0,0,0,0,0
The Ballad of the Green Berets,SSgt. Barry Sadler,1966,1960,March,1966-03-05 00:00:00+00:00,5,0,1,3,1,1.6666666666666667,1.3333333333333333,RCA,RCA,March,"Folk, World, & Country",1.0,0,0,0,United States,25.0,1,1,0.0,Robin Moore;Staff Sgt. Barry Sadler,Robin Moore;Staff Sgt. Barry Sadler,1.0,1.0,1,0,Andy Wiswell,1.0,1.0,0.0,0.0,0,4/4,C,C,84.0,33.0,71.0,71.0,-12.0,78.0,0,1,1,0,0,1,0,0,0,0,0,0,0,0,0,0,0,0,0,0,0,0,0,0,0,A2,0,166,0,8,6,0,0,0,0,0,0,0,0,War;Death,1,0,0,0,0,0,0,0,0,0
(You're My) Soul and Inspiration,The Righteous Brothers,1966,1960,Funk/Soul,1966-04-09 00:00:00+00:00,3,0,7,5,8,6.666666666666667,2.0,Verve,MGM,Funk/Soul,Funk/Soul;Blues;Pop,2.0,1,0,0,United States,25.0,1,1,0.0,Barry Mann;Cynthia Weil,Barry Mann;Cynthia Weil,2.0,1.0,0,0,Bill Medley,1.0,1.0,1.0,1.0,0,4/4,B,B,94.0,43.0,17.0,28.0,-12.0,73.0,0,0,1,1,1,1,0,0,0,0,0,0,0,0,0,0,0,0,0,0,0,0,0,0,0,E1,0,180,0,24,0,0,0,1,0,0,0,0,0,Love;Lost Love,0,1,0,0,0,0,0,0,0,0
Good Lovin',The Young Rascals,1966,1960,Rock,1966-04-30 00:00:00+00:00,1,0,8,8,8,8.0,0.0,Atlantic,Atlantic,Rock,Rock;Funk/Soul,0.0,0,0,0,United States,21.5,1,1,0.0,Rudy Clark;Arthur Resnick,Rudy Clark;Arthur Resnick,1.0,2.0,0,0,Felix Cavaliere;Eddie Brigati;Gene Cornish;Dino Danelli,1.0,1.0,0.0,0.0,0,4/4,D,D,98.0,51.0,25.0,82.0,-13.0,0.0,0,0,1,1,0,0,0,0,0,0,0,0,0,0,0,0,0,0,0,0,0,0,0,0,0,C3,0,168,0,41,2,0,0,0,0,1,0,0,1,Lust/Sex,0,0,0,0,0,0,0,0,0,0
"Monday, Monday",The Mamas & the Papas,1966,1960,Pop,1966-05-07 00:00:00+00:00,3,0,6,7,8,7.0,1.3333333333333333,Dunhill,Dunhill,Pop,Rock,0.0,0,0,0,United States,30.0,2,1,0.0,John Phillips,John Phillips,1.0,1.0,1,1,Lou Adler,1.0,1.0,0.0,0.0,0,4/4,Gb;G;Ab;A&%,Multiple Keys,110.0,48.0,49.0,67.0,-9.0,71.0,1,0,1,0,1,0,0,0,0,0,0,0,0,0,0,0,0,0,0,0,0,0,0,0,0,D1,0,208,0,8,12,0,0,1,0,0,0,0,0,Love;Lost Love,0,0,0,0,0,0,0,0,0,0
When a Man Loves a Woman,Percy Sledge,1966,1960,Funk/Soul,1966-05-28 00:00:00+00:00,2,0,9,9,8,8.666666666666666,0.6666666666666666,Atlantic,Atlantic,Funk/Soul,Funk/Soul,1.0,1,0,0,United States,24.0,1,0,1.0,Calvin Lewis;Andrew Wright,Calvin Lewis;Andrew Wright,1.0,0.0,0,0,Marlin Greene;Quin Ivy,1.0,1.0,0.0,0.0,0,6/8,Db,Db,97.0,15.0,52.0,21.0,-20.0,13.0,1,0,1,1,0,1,0,0,0,0,0,0,0,0,0,0,0,0,0,0,0,0,0,0,0,D1,0,174,0,22,14,0,0,1,0,0,0,0,0,Love,0,0,0,0,0,0,0,0,1,0
"Paint it, Black",The Rolling Stones,1966,1960,Rock,1966-06-11 00:00:00+00:00,2,0,10,9,10,9.666666666666666,0.6666666666666666,London,London,Rock,Rock,0.0,0,0,0,United Kingdom,22.0,1,1,0.0,Mick Jagger;Keith Richards,Mick Jagger;Keith Richards,1.0,1.0,1,1,Andrew Loog Oldham,1.0,1.0,0.0,0.0,0,4/4,Em,Em,159.0,80.0,47.0,59.0,-9.0,6.0,0,0,1,0,0,0,0,0,0,0,0,0,0,0,0,0,0,0,0,0,0,1,0,0,0,D1,0,199,0,62,15,0,0,1,0,0,0,0,0,Sadness,0,0,0,0,0,0,0,0,0,0
Paperback Writer,The Beatles,1966,1960,Rock,1966-06-25 00:00:00+00:00,2,1,10,10,10,10.0,0.0,Capitol,EMI,Rock,Rock,0.0,0,0,0,United Kingdom,24.0,1,1,0.0,John Lennon;Paul McCartney,John Lennon;Paul McCartney,1.0,1.0,1,1,George Martin,1.0,1.0,0.0,0.0,0,4/4,G,G,157.0,86.0,47.0,84.0,-6.0,15.0,0,1,1,0,0,0,0,0,0,0,0,0,0,0,0,0,0,0,0,0,0,0,0,0,0,A3,0,146,0,18,12,1,0,1,0,0,0,0,0,Jobs;Failure,0,0,0,0,0,0,0,0,0,0
Strangers in the Night,Frank Sinatra,1966,1960,Pop,1966-07-02 00:00:00+00:00,1,0,5,7,4,5.333333333333333,2.0,Reprise,Warner Bros.,Pop,Jazz;Pop,1.0,0,0,0,United States,50.0,1,1,0.0,Bert Kaempfert;Charles Singleton;Eddie Snyder,Bert Kaempfert;Charles Singleton;Eddie Snyder,1.0,2.0,0,0,Jimmy Bowen,1.0,1.0,0.0,0.0,0,4/4,F;G&%,F,80.0,49.0,23.0,53.0,-8.0,64.0,0,0,0,0,1,1,0,0,0,0,0,0,0,0,0,0,0,0,0,0,0,0,0,0,0,A2,0,155,0,35,11,0,0,1,0,0,0,1,1,Love,0,0,0,0,0,1,0,0,0,0
Hanky Panky,Tommy James & the Shondells,1966,1960,Rock,1966-07-16 00:00:00+00:00,2,0,3,5,8,5.333333333333333,3.333333333333333,Roulette,Roulette,Rock,Rock,0.0,0,0,0,United States,19.0,1,1,0.0,Jeff Barry;Ellie Greenwich,Jeff Barry;Ellie Greenwich,2.0,1.0,0,0,Henry Glover,1.0,0.0,0.0,0.0,0,4/4,G,G,126.0,91.0,65.0,89.0,-6.0,41.0,0,0,1,0,0,0,0,0,0,0,0,0,0,0,0,0,0,0,0,0,0,0,0,0,0,C1,0,172,0,44,0,0,0,1,0,1,0,0,1,Lust/Sex,0,0,0,0,0,0,0,0,0,0
Wild Thing,The Troggs,1966,1960,Rock,1966-07-30 00:00:00+00:00,2,0,7,8,9,8.0,1.3333333333333333,Fontana,Polygram,Rock,Rock,0.0,0,0,0,United Kingdom,25.0,1,1,0.0,Chip Taylor,Chip Taylor,1.0,1.0,0,0,Larry Page,1.0,1.0,0.0,0.0,0,4/4,A,A,101.0,65.0,41.0,56.0,-11.0,67.0,0,0,1,0,0,1,0,0,0,0,0,0,0,0,0,0,0,0,0,1,0,0,0,0,0,C1,0,159,0,89,7,0,0,1,0,1,0,0,1,Lust/Sex,0,0,0,0,0,0,0,0,0,0
Summer in the City,The Lovin' Spoonful,1966,1960,Rock,1966-08-13 00:00:00+00:00,3,0,8,7,8,7.666666666666667,0.6666666666666666,Kama Sutra,Kama Sutra,Rock,Rock,0.0,0,0,0,United States,22.0,1,1,0.0,John Sebastian;Mark Sebastian;Steve Boone,John Sebastian;Mark Sebastian;Steve Boone,1.0,1.0,1,1,Erik Jacobsen,1.0,1.0,0.0,0.0,0,4/4,Cm;F,Multiple Keys,110.0,68.0,42.0,56.0,-10.0,6.0,0,0,1,1,0,0,0,0,0,0,0,0,0,0,0,0,0,0,0,0,0,0,0,0,0,C1,0,161,0,67,7,0,0,1,0,0,0,0,0,Summer;Lust/Sex,0,0,0,0,0,0,0,0,0,0
Sunshine Superman,Donovan,1966,1960,Rock,1966-09-03 00:00:00+00:00,1,0,4,5,8,5.666666666666667,2.6666666666666665,Epic,CBS,Rock,"Rock;Folk, World, & Country",1.0,0,0,0,United Kingdom,20.0,1,1,0.0,Donovan,Donovan,1.0,1.0,1,1,Mickie Most,1.0,1.0,0.0,0.0,0,4/4,Db,Db,133.0,68.0,63.0,63.0,-7.0,12.0,0,0,1,0,0,0,0,0,0,0,0,0,0,0,0,0,0,0,0,0,0,0,0,0,0,D1,0,195,0,66,14,0,0,1,0,0,0,0,0,Lust/Sex,0,0,0,0,0,0,0,0,0,0
You Can't Hurry Love,The Supremes,1966,1960,Pop,1966-09-10 00:00:00+00:00,2,0,10,10,8,9.333333333333334,1.3333333333333333,Motown,Motown,Pop,Funk/Soul,0.0,0,0,0,United States,22.0,0,0,1.0,Brian Holland;Lamont Dozier;Eddie Holland,Brian Holland;Lamont Dozier;Eddie Holland,1.0,0.0,0,0,Brian Holland;Lamont Dozier,1.0,0.0,0.0,0.0,1,4/4,Bb,Bb,97.0,73.0,49.0,69.0,-9.0,34.0,0,0,1,1,0,0,0,0,0,0,0,0,0,0,0,0,0,0,0,0,0,0,0,0,0,C1,0,167,0,9,7,0,0,1,0,0,0,0,0,Longing for Love,0,0,0,0,0,0,0,0,0,0
Cherish,The Association,1966,1960,Pop,1966-09-24 00:00:00+00:00,3,0,3,5,3,3.6666666666666665,1.3333333333333333,Valiant,Valiant,Pop,Rock;Pop,0.0,0,0,0,United States,26.0,1,2,0.0,Terry Kirkman,Terry Kirkman,1.0,1.0,1,1,Curt Boettcher,1.0,1.0,0.0,0.0,0,4/4;Free,F;G&%,F,110.0,41.0,49.0,56.0,-14.0,73.0,1,0,1,1,0,0,0,0,0,0,0,0,0,0,0,0,0,0,0,0,0,0,0,0,0,D1,0,193,0,18,9,0,0,0,0,0,0,0,0,Longing for Love,0,0,0,0,0,0,0,0,0,0
Reach Out I'll Be There,Four Tops,1966,1960,Funk/Soul,1966-10-15 00:00:00+00:00,2,0,8,8,10,8.666666666666666,1.3333333333333333,Motown,Motown,Funk/Soul,Funk/Soul,0.0,0,0,0,United States,30.0,1,0,1.0,Brian Holland;Lamont Dozier;Eddie Holland,Brian Holland;Lamont Dozier;Eddie Holland,1.0,0.0,0,0,Brian Holland;Lamont Dozier,1.0,0.0,0.0,0.0,1,4/4,Ebm,Ebm,120.0,63.0,62.0,70.0,-8.0,3.0,0,0,1,1,0,1,0,0,0,0,0,0,1,0,0,0,0,0,0,0,0,0,0,0,0,C3,0,180,0,26,16,0,0,1,0,0,0,0,0,Love,0,1,0,0,0,0,0,0,0,0
96 Tears,? & the Mysterians,1966,1960,Rock,1966-10-29 00:00:00+00:00,1,0,8,6,8,7.333333333333333,1.3333333333333333,Cameo,Cameo,Rock,Rock,0.0,0,0,0,United States,22.0,1,0,0.0,Rudy Martinez,Rudy Martinez,1.0,0.0,1,1,Rudy Martinez,1.0,0.0,1.0,1.0,1,4/4,G,G,124.0,56.0,65.0,88.0,-6.0,6.0,0,0,0,1,0,0,0,0,0,0,0,0,0,0,0,0,0,0,0,0,0,0,0,0,0,D1,0,186,0,65,9,0,0,1,0,0,0,0,0,Lost Love;Anger;Revenge,0,0,0,0,0,0,0,0,0,0
Last Train to Clarksville,The Monkees,1966,1960,Rock,1966-11-05 00:00:00+00:00,1,0,9,8,9,8.666666666666666,0.6666666666666666,Colgems,RCA-Screen Gems,Rock,Rock,0.0,0,0,0,United States,22.0,1,1,0.0,Tommy Boyce;Bobby Hart,Tommy Boyce;Bobby Hart,1.0,1.0,0,0,Tommy Boyce;Bobby Hart,1.0,1.0,0.0,0.0,1,4/4,G,G,98.0,68.0,48.0,72.0,-7.0,47.0,0,0,1,0,0,0,0,0,0,0,0,0,0,0,0,0,0,0,0,0,0,0,0,0,0,A2,0,166,0,37,9,0,0,1,0,0,0,1,1,Love;War,0,0,0,0,0,0,1,0,0,0
Poor Side of Town,Johnny Rivers,1966,1960,Rock,1966-11-12 00:00:00+00:00,1,0,2,6,4,4.0,2.6666666666666665,Imperial,Liberty,Rock,Rock;Pop,1.0,0,0,0,United States,24.0,1,1,0.0,Johnny Rivers;Lou Adler,Johnny Rivers;Lou Adler,1.0,1.0,1,0,Lou Adler,1.0,1.0,0.0,0.0,1,4/4,E;G,Multiple Keys,103.0,49.0,42.0,44.0,-12.0,75.0,0,0,1,0,1,1,0,0,0,0,0,0,1,0,0,0,0,0,0,0,0,0,0,0,0,D1,0,183,0,23,20,0,0,1,0,0,0,0,0,Love;Longing for Love,0,0,0,0,0,0,0,0,0,0
You Keep Me Hangin' On,The Supremes,1966,1960,Pop,1966-11-19 00:00:00+00:00,2,0,9,9,10,9.333333333333334,0.6666666666666666,Motown,Motown,Pop,Funk/Soul,0.0,1,0,0,United States,22.0,0,0,1.0,Brian Holland;Lamont Dozier;Eddie Holland,Brian Holland;Lamont Dozier;Eddie Holland,1.0,0.0,0,0,Brian Holland;Lamont Dozier,1.0,0.0,0.0,0.0,1,4/4,Ab;E,Multiple Keys,128.0,61.0,68.0,85.0,-7.0,28.0,0,1,1,1,0,1,0,0,0,0,0,0,0,0,0,0,0,0,0,0,0,0,0,0,0,C1,0,167,0,8,8,0,0,1,0,0,0,0,0,Bad Relationships,0,0,0,0,0,0,0,0,1,0
Winchester Cathedral,The New Vaudeville Band,1966,1960,Pop,1966-12-03 00:00:00+00:00,3,1,3,3,2,2.6666666666666665,0.6666666666666666,Fontana,Polygram,Pop,Pop,0.0,0,0,0,United Kingdom,24.0,1,1,0.0,Geoff Stephens,Geoff Stephens,1.0,1.0,1,1,Geoff Stephens,1.0,1.0,1.0,1.0,1,4/4,C,C,123.0,37.0,85.0,91.0,-14.0,61.0,0,0,1,1,0,1,0,0,0,0,0,0,0,0,0,1,0,0,0,0,0,0,0,0,0,A1,0,140,0,74,64,0,0,0,0,0,0,0,0,Lost Love,0,0,0,0,0,0,0,0,0,0
Good Vibrations,The Beach Boys,1966,1960,Rock,1966-12-10 00:00:00+00:00,1,0,10,10,10,10.0,0.0,Capitol,EMI,Rock,Rock,0.0,0,0,0,United States,22.666666666666668,1,1,0.0,Brian Wilson;Mike Love,Brian Wilson;Mike Love,1.0,1.0,1,1,Brian Wilson,1.0,1.0,1.0,1.0,1,4/4,Ebm;Gb;Ab;Bb;F,Multiple Keys,133.0,47.0,40.0,38.0,-8.0,33.0,0,1,0,1,1,0,0,0,0,0,0,1,0,0,1,0,0,0,0,0,0,0,0,0,0,F,0,219,0,54,0,0,0,1,0,0,0,0,0,Love,0,0,0,0,0,0,0,0,0,0
I'm a Believer,The Monkees,1966,1960,Rock,1966-12-31 00:00:00+00:00,7,0,9,7,8,8.0,1.3333333333333333,Colgems,RCA-Screen Gems,Rock,Rock;Pop,0.0,0,0,0,United States,22.25,1,1,0.0,Neil Diamond,Neil Diamond,1.0,1.0,0,0,Jeff Barry,1.0,1.0,0.0,0.0,0,4/4,G,G,79.0,77.0,50.0,94.0,-6.0,60.0,0,0,1,1,0,0,0,0,0,0,0,0,0,0,0,0,0,0,0,0,0,0,0,0,0,C3,0,167,0,40,5,0,0,1,0,0,0,0,0,Love,0,0,0,0,0,0,0,0,0,0
Kind of a Drag,The Buckinghams,1967,1960,Pop,1967-02-18 00:00:00+00:00,2,0,3,7,4,4.666666666666667,2.6666666666666665,USA,USA,Pop,Rock,0.0,0,0,0,United States,18.5,1,1,0.0,Jim Holvay,Jim Holvay,1.0,1.0,0,0,Bob Irwin;James William Geurcia,1.0,1.0,0.0,0.0,0,4/4,G,G,139.0,78.0,27.0,53.0,-8.0,86.0,1,0,0,1,0,1,0,0,0,0,0,0,0,0,0,0,0,0,0,0,0,0,0,0,0,D1,0,125,0,21,6,0,0,1,0,0,0,0,0,Lost Love,0,0,0,0,0,0,0,0,0,0
Ruby Tuesday,The Rolling Stones,1967,1960,Rock,1967-03-04 00:00:00+00:00,1,0,6,9,8,7.666666666666667,2.0,London,London,Rock,Rock,0.0,0,0,0,United Kingdom,23.0,1,1,0.0,Mick Jagger;Keith Richards,Mick Jagger;Keith Richards,1.0,1.0,1,1,Andrew Loog Oldham,1.0,1.0,0.0,0.0,0,4/4,C,C,105.0,54.0,52.0,58.0,-11.0,83.0,0,1,0,1,0,1,0,0,0,0,0,0,0,0,0,0,0,0,0,0,0,0,0,0,0,C1,0,192,0,54,0,0,0,0,0,0,0,0,0,Lost Love,0,0,0,0,0,0,0,0,0,0
Love is Here and Now You're Gone,The Supremes,1967,1960,Pop,1967-03-11 00:00:00+00:00,1,0,4,7,6,5.666666666666667,2.0,Motown,Motown,Pop,Funk/Soul;Pop,0.0,0,0,0,United States,22.0,0,0,1.0,Brian Holland;Lamont Dozier;Eddie Holland,Brian Holland;Lamont Dozier;Eddie Holland,1.0,0.0,0,0,Brian Holland;Lamont Dozier,1.0,0.0,0.0,0.0,1,4/4,Eb,Eb,114.0,64.0,57.0,85.0,-8.0,38.0,0,0,1,1,1,1,0,0,0,0,0,0,0,0,0,0,0,0,0,0,0,0,0,0,0,A2,0,167,0,0,6,0,0,1,0,0,0,0,0,Lost Love,0,1,0,0,0,0,0,0,0,0
Penny Lane,The Beatles,1967,1960,Pop,1967-03-18 00:00:00+00:00,1,0,8,10,6,8.0,2.6666666666666665,Capitol,EMI,Pop,Rock,0.0,0,0,0,United Kingdom,24.0,1,1,0.0,John Lennon;Paul McCartney,John Lennon;Paul McCartney,1.0,1.0,1,1,George Martin,1.0,1.0,0.0,0.0,0,4/4,B;A&%,Multiple Keys,113.0,49.0,65.0,49.0,-8.0,21.0,0,0,0,1,0,1,0,0,0,0,0,0,1,0,0,0,0,0,0,0,0,0,1,0,0,C1,0,183,0,42,0,0,0,0,0,0,0,0,0,Childhood;Better Times;Utopia/Perfect Places,0,0,0,0,0,0,0,0,0,0
Happy Together,The Turtles,1967,1960,Rock,1967-03-25 00:00:00+00:00,3,0,8,9,8,8.333333333333334,0.6666666666666666,White Whale,White Whale,Rock,Rock;Pop,0.0,0,0,0,United States,19.0,1,1,0.0,Alan Gordon;Garry Bonner,Alan Gordon;Garry Bonner,1.0,1.0,0,0,Joe Wissert,1.0,1.0,0.0,0.0,0,4/4,Gbm;Gb,Multiple Keys,120.0,37.0,58.0,59.0,-10.0,55.0,1,0,1,0,1,1,0,0,0,1,0,0,0,0,0,0,0,0,0,0,0,0,0,0,0,D1,0,170,0,26,8,0,0,0,0,0,0,0,0,Longing for Love,0,0,0,0,0,0,0,0,0,0
Somethin' Stupid,Frank Sinatra & Nancy Sinatra,1967,1960,Pop,1967-04-15 00:00:00+00:00,4,0,5,8,3,5.333333333333333,3.333333333333333,Reprise,Warner Bros.,Pop,Pop,2.0,1,0,0,United States,38.5,2,1,0.0,C. Carson Parks,C. Carson Parks,1.0,1.0,0,0,Charles Pignone,1.0,1.0,0.0,0.0,0,4/4,E,E,104.0,32.0,27.0,54.0,-13.0,76.0,0,0,1,0,1,1,0,0,0,0,0,0,0,0,0,0,0,0,0,0,0,0,0,0,0,A2,0,162,0,70,9,0,0,1,0,1,0,0,1,Love,0,0,0,0,0,0,0,0,0,0
The Happening,The Supremes,1967,1960,Pop,1967-05-13 00:00:00+00:00,1,0,3,6,4,4.333333333333333,2.0,Motown,Motown,Pop,Funk/Soul,0.0,0,0,0,United States,23.0,0,0,1.0,Brian Holland;Lamont Dozier;Eddie Holland;Frank De Vol,Brian Holland;Lamont Dozier;Eddie Holland;Frank De Vol,1.0,2.0,0,0,Brian Holland;Lamont Dozier,1.0,0.0,0.0,0.0,1,4/4,Gm;G;Ab&%,Multiple Keys,172.0,75.0,34.0,83.0,-7.0,20.0,0,0,1,0,0,1,0,0,0,0,0,0,1,0,0,0,0,0,0,0,0,0,0,0,0,D1,0,169,0,26,10,0,0,1,0,0,0,0,0,Lost Love,0,0,0,0,0,1,0,0,0,0
Groovin',The Young Rascals,1967,1960,Funk/Soul,1967-05-20 00:00:00+00:00,4,1,8,8,5,7.0,2.0,Atlantic,Atlantic,Funk/Soul,Rock,0.0,0,0,0,United States,22.5,1,1,0.0,Felix Cavaliere;Eddie Brigati,Felix Cavaliere;Eddie Brigati,1.0,1.0,1,1,Felix Cavaliere;Eddie Brigati;Gene Cornish;Dino Danelli,1.0,1.0,1.0,1.0,1,4/4,Eb,Eb,107.0,46.0,61.0,68.0,-9.0,60.0,1,0,0,1,0,0,0,0,1,0,0,0,0,0,1,0,0,0,0,0,0,0,0,0,0,D1,0,150,0,63,9,0,0,1,0,0,0,0,0,Love;Lust/Sex,0,0,0,0,0,0,0,0,0,0
Respect,Aretha Franklin,1967,1960,Funk/Soul,1967-06-03 00:00:00+00:00,2,0,10,9,10,9.666666666666666,0.6666666666666666,Atlantic,Atlantic,Funk/Soul,Funk/Soul,1.0,0,0,0,United States,25.0,0,0,1.0,Otis Redding,Otis Redding,1.0,0.0,0,0,Jerry Wexler;Arif Marden,1.0,1.0,0.0,0.0,0,4/4,C;Dbm,Multiple Keys,115.0,56.0,81.0,96.0,-5.0,16.0,0,0,1,1,0,1,0,0,0,0,0,0,0,0,0,0,0,0,0,0,1,0,0,0,0,C1,0,149,0,25,8,0,0,1,0,1,0,0,1,Lust/Sex;Respect;Bad Relationships;Empowerment,0,0,0,0,0,0,0,0,0,0
Windy,The Association,1967,1960,Pop,1967-07-01 00:00:00+00:00,4,0,6,5,5,5.333333333333333,0.6666666666666666,Warner Bros.,Warner Bros.,Pop,Rock,0.0,1,0,0,United States,26.0,1,2,0.0,Ruthann Friedman,Ruthann Friedman,0.0,1.0,0,0,Bones Howe,1.0,1.0,0.0,0.0,0,4/4,F,F,133.0,72.0,68.0,90.0,-8.0,36.0,1,0,1,1,0,1,0,0,0,0,0,0,1,0,0,0,0,0,0,0,0,0,0,0,0,D1,0,173,0,36,15,0,0,1,0,1,0,0,1,Appreciation;Love,0,0,0,0,0,0,0,0,0,0
Light My Fire,The Doors,1967,1960,Rock,1967-07-29 00:00:00+00:00,3,0,6,6,6,6.0,0.0,Elektra,Elektra,Rock,Rock,0.0,0,0,0,United States,23.0,1,1,0.0,Jim Morrison;Robby Krieger;John Densmore;Ray Manzarek,Jim Morrison;Robby Krieger;John Densmore;Ray Manzarek,1.0,1.0,1,1,Paul A. Rothchild,1.0,1.0,0.0,0.0,0,4/4,Am;D,Multiple Keys,130.0,63.0,48.0,73.0,-10.0,25.0,0,0,1,1,0,0,0,0,0,0,0,0,0,0,0,0,0,0,0,0,0,0,0,0,0,C1,0,174,0,53,10,0,0,0,0,0,0,0,0,Lust/Sex,0,0,1,0,0,0,0,0,0,0
All You Need is Love,The Beatles,1967,1960,Pop,1967-08-19 00:00:00+00:00,1,0,3,8,3,4.666666666666667,3.333333333333333,Capitol,EMI,Pop,Rock,0.0,0,0,0,United Kingdom,26.0,1,1,0.0,John Lennon;Paul McCartney,John Lennon;Paul McCartney,1.0,1.0,1,1,George Martin,1.0,1.0,0.0,0.0,0,7/4;8/4;6/4;4/4,G,G,105.0,62.0,40.0,68.0,-6.0,44.0,0,0,0,1,1,1,0,0,0,0,0,0,0,0,0,0,0,0,0,0,0,0,0,0,0,C1,0,237,0,60,26,0,0,1,0,0,0,1,1,Love;Coexistance,0,0,0,0,0,0,1,0,0,0
Ode to Billie Joe,Bobbie Gentry,1967,1960,Folk/Country,1967-08-26 00:00:00+00:00,4,0,10,7,10,9.0,2.0,Capitol,EMI,Folk/Country,"Funk/Soul;Blues;Folk, World, & Country",1.0,0,0,0,United States,25.0,0,1,0.0,Bobbie Gentry,Bobbie Gentry,0.0,1.0,1,1,Kelly Gordon,1.0,1.0,0.0,0.0,0,4/4,D,D,120.0,19.0,64.0,69.0,-11.0,72.0,0,0,1,0,1,0,0,0,0,0,0,0,0,0,0,0,0,0,0,0,0,0,0,0,0,A2,0,255,0,68,8,0,0,0,0,0,0,0,0,Death;Family;Life,1,0,0,0,0,0,0,0,0,0
The Letter,Box Tops,1967,1960,Rock,1967-09-23 00:00:00+00:00,4,0,6,7,9,7.333333333333333,2.0,Mala,Bell,Rock,Rock;Funk/Soul;Pop,0.0,0,0,0,United States,16.0,1,1,0.0,Wayne Carson,Wayne Carson,1.0,1.0,0,0,Dan Penn,1.0,1.0,0.0,0.0,0,4/4,C;Db&%,C,139.0,43.0,64.0,90.0,-12.0,25.0,0,0,1,1,1,1,0,0,0,0,0,0,0,0,0,0,0,0,0,0,0,0,0,0,0,D1,0,112,0,30,3,0,0,1,0,0,0,0,0,Lost Love,0,0,0,0,0,0,0,0,0,0
To Sir With Love,Lulu,1967,1960,Pop,1967-10-21 00:00:00+00:00,5,0,6,6,8,6.666666666666667,1.3333333333333333,Epic,CBS,Pop,Pop;Stage & Screen,1.0,0,0,0,United Kingdom,18.0,0,1,0.0,Don Black;Mark London,Don Black;Mark London,1.0,1.0,0,0,Mickie Most,1.0,1.0,0.0,0.0,0,4/4,E,E,97.0,40.0,55.0,30.0,-9.0,36.0,0,0,1,0,1,1,0,0,0,0,0,0,0,0,0,0,0,0,0,0,0,0,0,0,0,C3,0,166,0,29,10,0,0,0,0,0,0,0,0,Appreciation;Growing Up,0,0,0,0,0,1,0,0,0,0
Incense and Peppermints,Strawberry Alarm Clock,1967,1960,Rock,1967-11-25 00:00:00+00:00,1,0,3,1,8,4.0,4.666666666666667,Uni,MCA,Rock,Rock,0.0,0,0,0,United States,,1,1,0.0,John S. Carter;Tim Gilbert,John S. Carter;Tim Gilbert,1.0,1.0,0,0,Frank Slay;Bill Holmes,1.0,1.0,0.0,0.0,0,4/4,G,G,133.0,65.0,49.0,67.0,-11.0,4.0,1,0,1,1,0,0,0,0,0,0,0,0,0,0,0,0,0,0,0,0,0,0,0,0,0,A2,0,167,0,46,18,0,0,1,0,0,0,0,0,Utopia/Perfect Places;Love;Coexistence,0,0,0,0,0,0,0,0,0,0
Daydream Believer,The Monkees,1967,1960,Pop,1967-12-02 00:00:00+00:00,4,0,7,8,7,7.333333333333333,0.6666666666666666,Colgems,RCA-Screen Gems,Pop,Rock,0.0,0,0,0,United States,21.0,1,1,0.0,John Stewart,John Stewart,1.0,1.0,0,0,Chip Douglas,1.0,1.0,0.0,0.0,0,4/4,G,G,126.0,49.0,51.0,65.0,-10.0,26.0,0,0,1,1,1,1,0,0,0,0,0,0,0,1,0,0,0,0,0,0,0,0,0,0,0,C1,0,172,0,20,7,0,0,1,0,0,0,0,0,Love;Growing Up,0,0,0,0,0,0,1,0,0,0
"Hello, Goodbye",The Beatles,1967,1960,Pop,1967-12-30 00:00:00+00:00,3,0,8,9,4,7.0,3.333333333333333,Capitol,EMI,Pop,Rock;Pop,0.0,0,0,0,United Kingdom,25.0,1,1,0.0,John Lennon;Paul McCartney,John Lennon;Paul McCartney,1.0,1.0,1,1,George Martin,1.0,1.0,0.0,0.0,0,4/4,C,C,99.0,73.0,48.0,81.0,-9.0,31.0,0,0,0,1,1,0,0,0,0,0,0,0,0,0,0,0,0,0,0,0,0,0,0,0,0,D1,0,207,0,25,0,0,0,1,0,0,0,0,0,Unclear,0,0,0,0,0,0,0,0,0,0
Judy in Disguise (With Glasses),John Fred & His Playboy Band,1968,1960,Rock,1968-01-20 00:00:00+00:00,2,0,5,5,4,4.666666666666667,0.6666666666666666,Paula,Jewel,Rock,Rock,0.0,0,0,0,United States,25.0,1,1,0.0,John Fred Gourrier;Andrew Bernard,John Fred Gourrier;Andrew Bernard,1.0,1.0,1,1,John Fred Gourrier;Andrew Bernard,1.0,1.0,1.0,1.0,1,4/4,Eb,Eb,82.0,74.0,63.0,95.0,-8.0,6.0,0,0,1,1,1,1,0,0,0,0,0,0,0,0,0,0,0,0,0,0,0,1,0,0,0,D1,0,175,0,70,23,0,0,0,0,0,0,1,1,Lust/Sex,0,0,0,0,0,0,0,0,0,0
Green Tambourine,The Lemon Pipers,1968,1960,Rock,1968-02-03 00:00:00+00:00,2,0,3,4,6,4.333333333333333,2.0,Buddah,Buddah,Rock,Rock,0.0,0,0,0,United States,19.0,1,1,0.0,Paul Leka;Shelley Pinz,Paul Leka;Shelley Pinz,2.0,1.0,0,0,Paul Leka,1.0,1.0,0.0,0.0,1,4/4,G,G,111.0,61.0,50.0,31.0,-8.0,12.0,0,0,1,1,1,0,0,0,0,0,0,0,0,0,0,0,0,0,0,0,0,1,0,0,0,A2,0,147,0,81,20,0,0,1,0,0,0,0,0,Playing Music;Poverty,0,0,0,0,0,0,0,0,0,0
Love is Blue,Paul Mauriat,1968,1960,Pop,1968-02-10 00:00:00+00:00,5,0,6,5,7,6.0,1.3333333333333333,Philips,Polygram,Pop,Pop,1.0,0,1,0,France,42.0,1,1,0.0,André Popp;Pierre Cour,André Popp;Pierre Cour,1.0,1.0,0,0,Paul Mauriat;Valentin Coupeau,1.0,1.0,1.0,0.0,0,4/4,Em;E,Multiple Keys,104.0,50.0,48.0,28.0,-11.0,16.0,0,0,0,1,1,1,0,0,0,0,0,0,0,0,0,0,0,0,0,0,0,0,0,0,0,I,0,151,1,151,14,0,0,0,0,1,0,0,1,,0,0,0,0,0,0,0,0,0,1
(Sittin' On) The Dock of the Bay,Otis Redding,1968,1960,Funk/Soul,1968-03-16 00:00:00+00:00,4,0,10,10,10,10.0,0.0,Volt,Stax,Funk/Soul,Funk/Soul,1.0,0,0,1,United States,26.0,1,0,1.0,Steve Cropper;Otis Redding,Steve Cropper;Otis Redding,1.0,2.0,1,0,Steve Cropper,1.0,1.0,1.0,1.0,1,4/4,D,D,104.0,37.0,77.0,54.0,-11.0,68.0,0,0,1,1,0,1,0,0,0,0,0,0,0,0,0,1,0,0,0,0,0,0,0,0,0,E1,0,164,0,34,9,0,0,1,0,0,0,0,0,Lonesomeness;Failure,0,0,0,0,0,0,0,0,0,0
Honey,Bobby Goldsboro,1968,1960,Pop,1968-04-13 00:00:00+00:00,5,0,1,2,1,1.3333333333333333,0.6666666666666666,United Artists,Transamerica,Pop,Rock,1.0,0,0,0,United States,26.0,1,1,0.0,Bobby Russell,Bobby Russell,1.0,1.0,0,0,Bob Montgomery,1.0,1.0,0.0,0.0,0,4/4,C;D&%,C,93.0,28.0,40.0,60.0,-13.0,67.0,0,0,1,0,1,0,0,0,0,0,0,0,0,0,0,0,0,0,0,0,0,0,0,0,0,A2,0,239,0,68,10,0,0,1,0,1,0,0,1,Death;Life;Sadness,1,0,0,0,0,0,0,0,0,0
Tighten Up,Archie Bell & the Drells,1968,1960,Funk/Soul,1968-05-18 00:00:00+00:00,2,0,6,9,6,7.0,2.0,Atlantic,Warner Bros.,Funk/Soul,Funk/Soul,0.0,0,0,0,United States,23.0,1,0,1.0,Archie Bell;Billy Butler,Archie Bell;Billy Butler,1.0,0.0,1,1,Skipper Lee Frazier,1.0,0.0,0.0,0.0,0,4/4,Gb,Gb,125.0,44.0,71.0,72.0,-13.0,24.0,0,1,1,1,0,1,0,0,0,0,0,0,0,1,0,0,0,0,0,0,0,0,0,0,0,A1,0,195,0,103,37,0,0,1,0,0,0,0,0,Dancing;Playing Music,0,1,0,0,0,0,0,1,0,0
Mrs. Robinson,Simon & Garfunkel,1968,1960,Rock,1968-06-01 00:00:00+00:00,3,0,6,9,7,7.333333333333333,2.0,Columbia,CBS,Rock,Rock;Pop;Stage & Screen,2.0,1,0,0,United States,26.0,1,1,0.0,Paul Simon,Paul Simon,1.0,1.0,1,1,Paul Simon;Art Garfunkel;Roy Halee,1.0,1.0,1.0,0.0,1,4/4,A,A,92.0,46.0,61.0,81.0,-14.0,71.0,0,0,1,0,0,0,0,0,0,0,0,0,0,0,0,0,0,0,0,0,0,0,0,0,0,C1,0,244,0,63,33,0,0,1,0,0,0,1,1,Lust/Sex;Better Times;Lost Innocence,0,0,0,0,0,1,0,0,0,0
This Guy's in Love with You,Herb Alpert,1968,1960,Pop,1968-06-22 00:00:00+00:00,4,0,3,6,4,4.333333333333333,2.0,A&M,A&M,Pop,Jazz;Pop,1.0,0,0,0,United States,33.0,1,1,0.0,Burt Bacharach;Hal David,Burt Bacharach;Hal David,1.0,1.0,0,0,Herb Alpert;Jerry Moss,1.0,1.0,1.0,0.0,0,4/4,Db,Db,84.0,17.0,63.0,25.0,-13.0,86.0,0,0,1,1,1,1,0,0,0,0,0,0,0,0,1,0,0,0,0,0,0,0,1,0,0,C3,0,235,0,61,12,0,0,1,0,1,0,0,1,Love,0,0,0,0,0,0,0,0,0,0
Grazing in the Grass,Hugh Masekela,1968,1960,Jazz,1968-07-20 00:00:00+00:00,2,0,6,7,6,6.333333333333333,0.6666666666666666,Uni,MCA,Jazz,Funk/Soul,1.0,0,0,0,South Africa,29.0,1,0,1.0,Philemon Hou;Elston Harry,Philemon Hou;Elston Harry,1.0,0.0,0,0,Stewart Levine,1.0,1.0,0.0,0.0,0,4/4,F,F,107.0,57.0,67.0,92.0,-12.0,38.0,0,0,1,1,0,1,0,0,0,0,1,0,0,0,0,0,0,0,0,0,0,0,1,0,0,I,0,175,1,175,2,0,0,1,0,0,0,0,0,,0,0,0,0,0,0,0,0,0,0
"Hello, I Love You",The Doors,1968,1960,Rock,1968-08-03 00:00:00+00:00,2,0,5,5,7,5.666666666666667,1.3333333333333333,Elektra,Elektra,Rock,Rock,0.0,0,0,0,United States,24.0,1,1,0.0,Jim Morrison;Ray Mazarek;Robbie Krieger;John Densmore,Jim Morrison;Ray Mazarek;Robbie Krieger;John Densmore,1.0,1.0,1,1,Paul A. Rothchild,1.0,1.0,0.0,0.0,0,4/4,A;Bb&%,A,118.0,55.0,60.0,96.0,-14.0,3.0,0,0,0,1,0,0,0,0,0,0,0,0,0,0,0,0,0,0,0,0,0,0,0,0,0,C1,0,133,0,14,10,0,0,1,0,0,0,1,1,Lust/Sex,0,0,0,0,0,0,0,0,0,0
People Got to Be Free,The Rascals,1968,1960,Rock,1968-08-17 00:00:00+00:00,5,0,4,5,5,4.666666666666667,0.6666666666666666,Atlantic,Warner Bros.,Rock;Funk/Soul,Funk/Soul,0.0,0,0,0,United States,23.5,1,1,0.0,Felix Cavaliere;Eddie Brigati,Felix Cavaliere;Eddie Brigati,1.0,1.0,1,1,Felix Cavaliere;Eddie Brigati;Gene Cornish;Dino Danelli;Arif Mardin,1.0,1.0,1.0,0.0,1,4/4,C,C,126.0,70.0,69.0,96.0,-8.0,47.0,0,0,1,1,0,1,0,0,0,0,0,0,0,0,0,0,0,0,0,0,0,0,0,0,0,C1,0,182,0,50,0,0,0,1,0,0,0,0,0,Respect;Coexistance;Racism,0,0,0,0,0,0,0,0,0,0
Harper Valley PTA,Jeannie C. Riley,1968,1960,Folk/Country,1968-09-21 00:00:00+00:00,1,0,9,6,10,8.333333333333334,2.6666666666666665,Plantation,Plantation,Folk/Country,"Folk, World, & Country",1.0,0,0,0,United States,22.0,0,1,0.0,Tom T. Hall,Tom T. Hall,1.0,1.0,0,0,Shelby Singleton,1.0,1.0,0.0,0.0,0,4/4,A;Bb;B&%,A,123.0,67.0,76.0,87.0,-7.0,61.0,0,0,1,0,0,0,0,0,0,0,0,0,0,0,0,0,0,0,0,0,0,0,0,0,0,A2,0,195,0,69,9,0,0,0,0,1,0,0,1,Anger;Hypocrisy;Empowerment,1,0,0,0,0,0,0,0,0,0
Hey Jude,The Beatles,1968,1960,Pop,1968-09-28 00:00:00+00:00,9,0,8,10,7,8.333333333333334,2.0,Apple,Apple,Pop,Rock;Pop,0.0,0,0,0,United Kingdom,26.0,1,1,0.0,John Lennon;Paul McCartney,John Lennon;Paul McCartney,1.0,1.0,1,1,George Martin,1.0,1.0,0.0,0.0,0,4/4,F,F,147.0,61.0,39.0,53.0,-8.0,1.0,0,0,0,1,1,1,0,0,0,0,0,0,0,1,0,0,0,0,0,0,0,0,0,0,0,D1,0,426,0,32,0,0,0,1,0,0,0,0,0,Calming Down;Hope,0,0,0,0,0,0,0,0,0,0
Love Child,Diana Ross & The Supremes,1968,1960,Funk/Soul,1968-11-30 00:00:00+00:00,2,0,10,8,10,9.333333333333334,1.3333333333333333,Motown,Motown,Funk/Soul,Funk/Soul,0.0,0,0,0,United States,24.0,0,0,1.0,R. Dean Taylor;Frank Wilson;Pam Sawyer;Deke Richards,R. Dean Taylor;Frank Wilson;Pam Sawyer;Deke Richards,2.0,2.0,0,0,R. Dean Taylor;Frank Wilson;Deke Richards;Henry Crosby;Berry Gordy Jr.,1.0,2.0,0.0,0.0,1,4/4,Am,Am,105.0,96.0,57.0,65.0,-1.0,12.0,0,0,1,1,1,0,0,0,0,0,0,0,0,0,0,0,0,0,0,0,0,0,0,0,0,C3,0,183,0,19,19,0,0,1,0,0,0,0,0,Growing Up;Illegitimacy;Poverty,0,0,0,0,0,0,0,0,0,0
I Heard it Through the Grapevine,Marvin Gaye,1968,1960,Funk/Soul,1968-12-14 00:00:00+00:00,7,0,10,10,10,10.0,0.0,Tamla,Motown,Funk/Soul,Funk/Soul,1.0,0,0,0,United States,29.0,1,0,1.0,Norman Whitfield;Barrett Strong,Norman Whitfield;Barrett Strong,1.0,0.0,0,0,Norman Whitfield,1.0,0.0,0.0,0.0,1,4/4,Ebm,Ebm,117.0,35.0,72.0,64.0,-11.0,20.0,0,0,1,1,1,0,0,0,1,0,0,1,0,0,0,0,0,0,0,0,0,0,0,0,0,C1,0,196,0,38,21,0,0,1,0,1,0,0,1,Lost Love,0,0,0,0,0,0,0,0,0,0
Crimson and Clover,Tommy James & the Shondells,1969,1960,Rock,1969-02-01 00:00:00+00:00,2,0,9,8,10,9.0,1.3333333333333333,Roulette,Roulette,Rock,Rock;Pop,0.0,0,0,0,United States,21.0,1,1,0.0,Tommy James;Peter Lucia,Tommy James;Peter Lucia,1.0,1.0,1,1,Tommy James,1.0,1.0,1.0,1.0,1,4/4,B;C&%,B,86.0,59.0,41.0,65.0,-12.0,25.0,0,0,1,0,0,0,0,0,0,0,0,0,0,0,0,0,0,0,0,0,0,0,0,0,0,A2,0,203,0,111,0,0,0,1,0,0,0,0,0,Longing for Love,0,0,0,0,0,0,0,0,0,0
Everyday People,Sly & the Family Stone,1969,1960,Rock,1969-02-15 00:00:00+00:00,4,0,8,9,8,8.333333333333334,0.6666666666666666,Epic,CBS,Rock;Funk/Soul,Funk/Soul,0.0,1,0,0,United States,25.0,2,2,2.0,Sly Stone,Sly Stone,1.0,0.0,1,1,Sly Stone,1.0,0.0,1.0,1.0,1,4/4,G,G,115.0,62.0,81.0,77.0,-8.0,25.0,0,0,0,1,0,1,0,0,0,0,0,0,0,0,0,0,0,0,0,0,0,0,0,0,0,D1,0,142,0,14,8,0,0,0,0,0,0,0,0,Coexistence;Respect;Racism,0,0,0,0,0,0,0,0,0,0
Dizzy,Tommy Roe,1969,1960,Pop,1969-03-15 00:00:00+00:00,4,0,6,3,8,5.666666666666667,3.333333333333333,ABC,ABC,Pop,Rock,1.0,0,0,0,United States,26.0,1,1,0.0,Tommy Roe;Freddy Weller,Tommy Roe;Freddy Weller,1.0,1.0,1,0,Steve Barri,1.0,1.0,0.0,0.0,0,4/4,Ab;F;Gb,Multiple Keys,104.0,41.0,79.0,82.0,-11.0,1.0,0,1,1,0,1,0,0,0,0,0,0,0,0,0,0,0,0,0,0,0,0,0,0,0,0,C3,0,172,0,62,14,0,0,1,0,0,0,0,0,Love,0,0,0,0,0,0,0,0,0,0
Aquarius/Let the Sunshine In (The Flesh Failures),The 5th Dimension,1969,1960,Pop,1969-04-12 00:00:00+00:00,6,0,5,6,4,5.0,1.3333333333333333,Soul City,Soul City,Pop,Funk/Soul;Stage & Screen,0.0,1,0,0,United States,27.5,2,0,1.0,James Rado;Gerome Ragni;Galt McDermont,James Rado;Gerome Ragni;Galt McDermont,1.0,1.0,0,0,Bones Howe,1.0,1.0,0.0,0.0,0,Free;4/4,Eb;Bm%,Multiple Keys,118.0,74.0,29.0,52.0,-6.0,45.0,0,0,0,1,1,1,0,0,0,0,0,0,0,0,0,0,0,0,0,0,0,0,0,0,0,F,0,289,0,37,17,0,0,1,0,1,0,0,1,Coexistence;Respect;Love,0,0,0,0,1,0,0,0,0,0
Get Back,The Beatles,1969,1960,Rock,1969-05-24 00:00:00+00:00,5,0,7,7,7,7.0,0.0,Apple,Apple,Rock,Rock;Pop,0.0,0,0,0,United Kingdom,26.0,1,1,0.0,John Lennon;Paul McCartney,John Lennon;Paul McCartney,1.0,1.0,1,1,George Martin,1.0,1.0,0.0,0.0,0,4/4,A,A,123.0,59.0,76.0,33.0,-10.0,49.0,0,0,1,1,0,0,0,0,0,0,0,0,0,0,0,0,0,0,0,0,0,0,0,0,0,C1,0,194,0,72,8,0,0,1,0,0,0,0,0,Unclear,0,1,0,0,0,0,0,0,0,0
Love Theme from Romeo and Juliet,Henri Mancini & His Orchestra,1969,1960,Pop,1969-06-28 00:00:00+00:00,2,0,5,5,5,5.0,0.0,RCA,RCA,Pop,Pop;Stage & Screen,0.0,0,1,0,United States,45.0,1,1,0.0,Nino Rota,Nino Rota,1.0,1.0,0,0,Joe Reisman,1.0,1.0,0.0,0.0,0,3/4,Am,Am,75.0,19.0,35.0,16.0,-12.0,99.0,0,0,0,1,1,1,0,0,0,0,0,0,0,0,0,0,0,0,0,0,0,0,0,0,0,I,0,149,1,149,14,0,0,0,0,1,0,0,1,,0,0,0,0,0,1,0,0,0,0
In the Year 2525 (Exordium & Terminus),Zager & Evans,1969,1960,Rock,1969-07-12 00:00:00+00:00,6,0,1,2,4,2.333333333333333,2.0,RCA,RCA,Rock,Rock,2.0,1,0,0,United States,25.5,1,1,0.0,Rick Evans,Rick Evans,1.0,1.0,1,1,Denny Zager;Rick Evans,1.0,1.0,1.0,1.0,1,Free;4/4,Abm;Am;Bbm&%,Abm,123.0,62.0,45.0,50.0,-6.0,14.0,0,0,1,0,1,0,0,0,0,0,0,0,0,0,0,0,0,0,0,0,0,0,0,0,0,A4,0,190,0,18,24,1,1,1,0,0,0,0,0,Dystopia;Death;Pain,0,0,0,0,0,0,0,0,0,0
Honky Tonk Women,The Rolling Stones,1969,1960,Rock,1969-08-23 00:00:00+00:00,4,0,8,10,8,8.666666666666666,1.3333333333333333,London,London,Rock,Rock,0.0,0,0,0,United Kingdom,26.0,1,1,0.0,Mick Jagger;Keith Richards,Mick Jagger;Keith Richards,1.0,1.0,1,1,Jimmy Miller,1.0,1.0,0.0,0.0,0,4/4,G,G,114.0,97.0,37.0,40.0,-5.0,0.0,0,0,1,0,0,1,0,0,0,0,1,0,0,0,0,0,0,0,0,0,0,0,0,0,0,C1,0,183,0,86,16,0,0,0,0,0,0,0,0,Lust/Sex,0,0,1,0,0,0,0,0,0,0
"Sugar, Sugar",The Archies,1969,1960,Pop,1969-09-20 00:00:00+00:00,4,0,7,4,9,6.666666666666667,3.333333333333333,Calendar,Calendar,Pop,Rock;Pop,0.0,1,0,0,United States,,2,1,0.0,Andy Kim;Jeff Barry,Andy Kim;Jeff Barry,1.0,1.0,1,0,Jeff Barry,1.0,1.0,0.0,0.0,1,4/4,D,D,122.0,87.0,74.0,97.0,-3.0,47.0,0,0,1,1,0,0,0,0,0,0,0,0,0,1,0,0,0,0,0,0,0,0,0,0,0,E1,0,168,0,18,8,0,0,1,0,0,0,0,0,Love,0,0,0,0,0,0,1,0,0,0
I Can't Get Next to You,The Temptations,1969,1960,Funk/Soul,1969-10-18 00:00:00+00:00,2,0,9,6,9,8.0,2.0,Gordy,Motown,Funk/Soul,Funk/Soul,0.0,1,0,0,United States,26.0,1,0,1.0,Norman Whitfield;Barrett Strong,Norman Whitfield;Barrett Strong,1.0,0.0,0,0,Norman Whitfield,1.0,0.0,0.0,0.0,1,Free;4/4,Cm,Cm,109.0,69.0,68.0,71.0,-13.0,56.0,0,0,1,1,0,1,0,0,0,0,0,1,0,1,0,0,0,0,0,0,0,0,0,0,0,C3,0,175,0,35,23,0,0,1,0,0,0,0,0,Longing for Love,0,1,0,0,0,0,0,0,0,0
Suspicious Minds,Elvis Presley,1969,1960,Pop,1969-11-01 00:00:00+00:00,1,0,8,8,9,8.333333333333334,0.6666666666666666,RCA,RCA,Pop,Rock,1.0,0,0,0,United States,34.0,1,1,0.0,Mark James,Mark James,1.0,1.0,0,0,Chips Moman;Felton Jarvis,1.0,1.0,1.0,0.0,0,4/4;6/8,G,G,117.0,38.0,49.0,71.0,-11.0,4.0,0,0,1,1,1,1,0,0,0,0,0,0,0,0,0,0,0,0,0,0,0,0,0,0,0,E1,0,261,0,33,5,0,0,1,0,1,0,0,1,Lost Love;Bad Relationships,0,0,0,0,0,0,0,0,0,0
Wedding Bell Blues,The 5th Dimension,1969,1960,Pop,1969-11-08 00:00:00+00:00,3,0,5,7,3,5.0,2.6666666666666665,Soul City,Soul City,Pop,Funk/Soul,0.0,0,0,0,United States,28.5,2,0,1.0,Laura Nyro,Laura Nyro,0.0,1.0,0,0,Bones Howe,1.0,1.0,0.0,0.0,0,4/4,C,C,118.0,67.0,48.0,62.0,-5.0,55.0,0,0,0,1,1,1,0,0,0,0,0,0,0,0,0,0,0,0,0,0,0,0,0,0,0,A2,0,165,0,10,10,0,0,1,0,1,0,0,1,Love;Marriage,0,0,0,0,0,0,0,0,0,0
Come Together,The Beatles,1969,1960,Rock,1969-11-29 00:00:00+00:00,1,0,8,10,8,8.666666666666666,1.3333333333333333,Apple,Apple,Rock,Rock,0.0,0,0,0,United Kingdom,29.0,1,1,0.0,John Lennon;Paul McCartney,John Lennon;Paul McCartney,1.0,1.0,1,1,George Martin,1.0,1.0,0.0,0.0,0,4/4,Dm,Dm,165.0,38.0,53.0,19.0,-12.0,3.0,0,1,1,0,0,0,0,0,0,0,0,0,0,0,0,0,0,0,0,0,0,0,0,0,0,C1,0,259,0,114,19,0,0,1,0,0,0,1,1,Unclear,0,0,0,0,0,0,0,0,0,0
Na Na Hey Hey Kiss Him Goodbye,Steam,1969,1960,Pop,1969-12-06 00:00:00+00:00,2,0,4,5,4,4.333333333333333,0.6666666666666666,Fontana,Polygram,Pop,Rock;Pop,0.0,1,0,0,United States,26.0,1,1,0.0,Paul Leka;Gary DeCarlo;Dale Frashuer,Paul Leka;Gary DeCarlo;Dale Frashuer,1.0,1.0,1,1,Paul Leka,1.0,1.0,1.0,1.0,1,4/4,Cm;C,Multiple Keys,115.0,92.0,64.0,51.0,-7.0,1.0,0,0,0,1,0,0,0,0,0,0,0,0,0,0,0,0,0,0,0,0,0,0,0,0,0,C3,0,225,0,24,18,0,0,1,0,0,0,0,0,Lost Love,0,0,0,0,0,0,0,0,0,0
Leaving on a Jet Plane,"Peter, Paul & Mary",1969,1960,Folk/Country,1969-12-20 00:00:00+00:00,1,0,9,6,9,8.0,2.0,Warner Bros.,Warner Bros.,Folk/Country,"Rock;Pop;Folk, World, & Country",0.0,0,0,0,United States,32.0,2,1,0.0,John Denver,John Denver,1.0,1.0,0,0,Milt Okun;Albert B. Grossman,1.0,1.0,0.0,0.0,0,4/4,A,A,133.0,17.0,41.0,38.0,-17.0,80.0,0,0,1,0,0,0,0,0,0,0,0,0,0,0,0,0,0,0,0,0,0,0,0,0,0,C1,0,207,0,10,10,0,0,0,0,1,0,0,1,Love;Lost Love,0,0,0,0,0,0,0,0,0,0
Someday We'll Be Together,Diana Ross & The Supremes,1969,1960,Funk/Soul,1969-12-27 00:00:00+00:00,1,0,6,7,8,7.0,1.3333333333333333,Motown,Motown,Funk/Soul,Funk/Soul,0.0,0,0,0,United States,25.0,0,0,1.0,Johnny Bristol;Jackey Beavers;Harvey Fuqua,Johnny Bristol;Jackey Beavers;Harvey Fuqua,1.0,0.0,0,0,Johnny Bristol,1.0,0.0,0.0,0.0,1,4/4,Db,Db,107.0,54.0,68.0,83.0,-12.0,14.0,0,0,0,0,1,1,0,0,0,0,0,0,0,0,0,0,0,0,0,0,0,0,0,0,0,E1,0,194,0,28,26,0,0,1,0,1,0,0,1,Longing for Love,0,0,0,0,0,0,0,0,0,0
Raindrops Keep Falling on My Head,B.J. Thomas,1970,1970,Pop,1970-01-03 00:00:00+00:00,4,0,8,7,4,6.333333333333333,2.6666666666666665,Scepter,Scepter,Pop,Rock;Pop;Stage & Screen,1.0,0,0,0,United States,27.0,1,1,0.0,Burt Bacharach;Hal David,Burt Bacharach;Hal David,1.0,1.0,0,0,Burt Bacharach;Hal David,1.0,1.0,0.0,0.0,1,4/4,F,F,106.0,49.0,51.0,70.0,-8.0,87.0,0,0,0,0,1,1,0,0,0,0,0,0,0,0,0,0,0,0,0,0,0,0,0,1,0,D1,0,177,0,63,5,0,0,1,0,0,0,0,0,Sadness;Calming Down;Positivity,0,0,0,0,0,0,0,0,0,0
I Want You Back,The Jackson 5,1970,1970,Pop,1970-01-31 00:00:00+00:00,1,0,10,10,10,10.0,0.0,Motown,Motown,Pop,Funk/Soul,0.0,1,0,0,United States,11.0,1,0,1.0,Freddie Perren;Fonce Mizell;Deke Richards;Berry Gordy Jr.,Freddie Perren;Fonce Mizell;Deke Richards;Berry Gordy Jr.,1.0,2.0,0,0,Freddie Perren;Fonce Mizell;Deke Richards;Berry Gordy Jr.,1.0,2.0,0.0,0.0,1,4/4,Ab,Ab,98.0,54.0,64.0,94.0,-13.0,49.0,0,1,1,1,1,0,0,0,1,0,0,0,0,1,0,0,0,0,0,0,0,0,0,0,0,E1,0,180,0,20,30,0,0,1,0,0,0,0,0,Lost Love,0,0,0,0,0,0,0,0,0,0
Venus,Shocking Blue,1970,1970,Rock,1970-02-07 00:00:00+00:00,1,0,5,5,7,5.666666666666667,1.3333333333333333,Colossus,Colossus,Rock,Rock,0.0,1,0,0,Netherlands,24.0,2,1,0.0,Robbie van Leeuwen,Robbie van Leeuwen,1.0,1.0,1,1,Mariska Veres;Robbie van Leeuwen;Cor van der Beek;Klaasje van der Wal;Leo van de Ketterij,2.0,1.0,1.0,1.0,1,4/4,Bm,Bm,128.0,76.0,69.0,96.0,-6.0,46.0,0,0,1,1,0,0,0,0,0,0,0,0,0,0,0,0,0,0,0,0,0,0,0,0,0,C1,0,187,0,71,18,0,0,1,0,0,0,1,1,Lust/Sex,0,0,0,0,0,0,0,0,1,0
Thank You (Falettinme Be Mice Elf Agin),Sly & the Family Stone,1970,1970,Funk/Soul,1970-02-14 00:00:00+00:00,2,0,7,7,8,7.333333333333333,0.6666666666666666,Epic,CBS,Funk/Soul,Funk/Soul,0.0,0,0,0,United States,28.0,2,2,2.0,Sly Stone,Sly Stone,1.0,0.0,1,1,Sly Stone,1.0,0.0,1.0,1.0,1,4/4,E,E,106.0,71.0,90.0,90.0,-13.0,30.0,0,1,1,0,0,1,0,0,0,0,0,0,0,0,0,0,0,0,0,0,0,0,0,0,0,C1,0,288,0,136,18,0,0,0,0,0,0,0,0,Endings/Goodbyes,0,0,0,0,0,0,0,0,0,0
Bridge Over Troubled Water,Simon & Garfunkel,1970,1970,Pop,1970-02-28 00:00:00+00:00,6,0,10,10,10,10.0,0.0,Columbia,CBS,Pop,"Pop;Folk, World, & Country",2.0,0,0,0,United States,28.0,1,1,0.0,Paul Simon,Paul Simon,1.0,1.0,1,1,Paul Simon;Art Garfunkel;Roy Halee,1.0,1.0,1.0,0.0,1,4/4,Eb,Eb,80.0,21.0,15.0,26.0,-14.0,82.0,0,0,0,1,1,0,0,0,0,0,0,0,0,0,0,0,0,0,0,0,0,0,0,0,0,C1,0,293,0,86,23,0,0,0,0,0,0,0,0,God;Redemption;Faithfulness,0,0,0,0,0,0,0,0,0,0
Let it Be,The Beatles,1970,1970,Funk/Soul,1970-04-11 00:00:00+00:00,2,0,10,8,8,8.666666666666666,1.3333333333333333,Apple,Apple,Funk/Soul;Rock,Rock,0.0,0,0,0,United Kingdom,27.0,1,1,0.0,John Lennon;Paul McCartney,John Lennon;Paul McCartney,1.0,1.0,1,1,George Martin,1.0,1.0,0.0,0.0,0,4/4,C,C,143.0,40.0,44.0,41.0,-8.0,63.0,0,0,0,1,0,0,0,0,0,0,0,1,0,0,0,0,0,0,0,0,0,0,0,0,0,C1,0,230,0,83,13,0,0,0,0,0,0,0,0,Faithfulness;Restlessness,0,0,0,0,0,0,0,0,0,0
ABC,The Jackson 5,1970,1970,Pop,1970-04-25 00:00:00+00:00,2,0,8,9,10,9.0,1.3333333333333333,Motown,Motown,Pop,Funk/Soul,0.0,1,0,0,United States,11.0,1,0,1.0,Freddie Perren;Fonce Mizell;Deke Richards;Berry Gordy Jr.,Freddie Perren;Fonce Mizell;Deke Richards;Berry Gordy Jr.,1.0,2.0,0,0,Freddie Perren;Fonce Mizell;Deke Richards;Berry Gordy Jr.,1.0,2.0,0.0,0.0,1,4/4,Ab,Ab,94.0,81.0,71.0,95.0,-8.0,45.0,0,0,1,1,0,0,0,0,1,0,0,0,0,1,0,0,0,0,0,0,0,0,0,0,0,E1,0,175,0,8,1,0,0,1,0,0,0,0,0,Love,0,0,0,0,0,0,0,0,0,0
American Woman,The Guess Who,1970,1970,Rock,1970-05-09 00:00:00+00:00,3,0,6,5,9,6.666666666666667,2.6666666666666665,RCA,RCA,Rock,Rock,0.0,0,0,0,Canada,22.0,1,1,0.0,Burton Cummings;Garry Peterson;Jim Kale;Randy Bachman,Burton Cummings;Garry Peterson;Jim Kale;Randy Bachman,1.0,1.0,1,1,Jack Richardson,1.0,1.0,0.0,0.0,0,4/4,Em,Em,93.0,84.0,54.0,88.0,-8.0,4.0,0,0,1,0,0,0,0,0,0,0,0,0,0,0,0,0,0,0,0,0,0,0,0,0,0,A2,0,231,0,83,22,0,0,0,0,0,0,0,0,Bad Relationships,0,0,0,0,0,0,0,0,0,0
Everything is Beautiful,Ray Stevens,1970,1970,Funk/Soul,1970-05-30 00:00:00+00:00,2,0,3,3,2,2.6666666666666665,0.6666666666666666,Barnaby,Barnaby,Funk/Soul,Rock;Pop,1.0,0,0,0,United States,31.0,1,1,0.0,Ray Stevens,Ray Stevens,1.0,1.0,1,1,Ray Stevens,1.0,1.0,1.0,1.0,1,4/4,F;G;A&%,F,112.0,38.0,37.0,72.0,-15.0,51.0,0,0,0,1,1,1,0,0,0,0,0,0,0,1,0,0,0,0,0,0,0,0,0,0,0,C2,0,209,0,12,20,1,0,1,0,0,0,0,0,Coexistence;Respect;Appreciation,0,0,0,0,0,0,0,0,0,0
The Long and Winding Road,The Beatles,1970,1970,Pop,1970-06-13 00:00:00+00:00,2,0,6,7,5,6.0,1.3333333333333333,Apple,Apple,Pop,Rock,0.0,0,0,0,United Kingdom,28.0,1,1,0.0,John Lennon;Paul McCartney,John Lennon;Paul McCartney,1.0,1.0,1,1,Phil Spector,1.0,1.0,0.0,0.0,0,4/4,Eb,Eb,133.0,37.0,33.0,31.0,-9.0,67.0,0,0,0,1,1,1,0,0,0,0,0,0,0,0,0,0,0,0,0,0,0,0,0,0,0,D1,0,220,0,21,0,0,0,0,0,0,0,0,0,Sadness;Failure,0,0,0,0,0,0,0,0,0,0
The Love You Save,The Jackson 5,1970,1970,Pop,1970-06-27 00:00:00+00:00,2,0,5,6,9,6.666666666666667,2.6666666666666665,Motown,Motown,Pop,Funk/Soul;Pop,0.0,1,0,0,United States,11.0,1,0,1.0,Freddie Perren;Fonce Mizell;Deke Richards;Berry Gordy Jr.,Freddie Perren;Fonce Mizell;Deke Richards;Berry Gordy Jr.,1.0,2.0,0,0,Freddie Perren;Fonce Mizell;Deke Richards;Berry Gordy Jr.,1.0,2.0,0.0,0.0,1,4/4,G,G,114.0,70.0,75.0,95.0,-11.0,36.0,0,0,1,0,1,1,0,0,0,0,0,0,0,1,0,0,0,0,0,0,0,0,0,0,0,E1,0,180,0,15,18,0,0,1,0,0,0,0,0,Love;Bad Behavior,0,0,0,0,0,0,0,0,0,0
Mama Told Me (Not to Come),Three Dog Night,1970,1970,Rock,1970-07-11 00:00:00+00:00,2,0,6,6,9,7.0,2.0,Dunhill,ABC,Rock,Rock;Pop,0.0,0,0,0,United States,28.666666666666668,1,2,2.0,Randy Newman,Randy Newman,1.0,1.0,0,0,Richard Podolor;Gabriel Mekler,1.0,1.0,0.0,0.0,0,3/4;2/4,Ab,Ab,120.0,67.0,67.0,82.0,-14.0,38.0,0,0,1,1,0,0,0,0,0,0,0,0,0,0,0,0,0,0,0,0,0,0,0,0,0,C1,0,199,0,43,10,0,0,0,0,1,0,0,1,Partying;Regret,0,0,0,0,0,0,0,0,0,0
(They Long to Be) Close to You,The Carpenters,1970,1970,Pop,1970-07-25 00:00:00+00:00,4,0,7,7,3,5.666666666666667,2.6666666666666665,A&M,A&M,Pop,Rock;Pop,2.0,0,0,0,United States,21.0,2,1,0.0,Burt Bacharach;Hal David,Burt Bacharach;Hal David,1.0,1.0,0,0,Jack Daugherty,1.0,1.0,0.0,0.0,0,4/4,G;Gb&%,G,89.0,25.0,53.0,24.0,-15.0,71.0,0,0,0,1,1,1,0,0,0,0,0,0,0,0,0,0,0,0,0,0,0,0,0,0,0,D1,0,220,0,42,9,0,0,0,0,1,0,0,1,Love,0,0,0,0,0,0,0,0,0,0
Make it With You,Bread,1970,1970,Rock,1970-08-22 00:00:00+00:00,1,0,4,5,3,4.0,1.3333333333333333,Elektra,Warner Bros.,Rock,Rock;Pop,0.0,0,0,0,United States,28.0,1,1,0.0,David Gates,David Gates,1.0,1.0,1,1,David Gates;James Griffin;Robb Royer,1.0,1.0,1.0,1.0,1,4/4,E,E,84.0,36.0,63.0,47.0,-11.0,66.0,0,0,1,0,1,0,0,0,0,0,0,0,0,0,0,0,0,0,0,0,0,0,0,0,0,A2,0,192,0,55,13,0,0,1,0,0,0,0,0,Love;Lust/Sex,0,0,0,0,0,0,0,0,0,0
War,Edwin Starr,1970,1970,Funk/Soul,1970-08-29 00:00:00+00:00,3,0,10,8,9,9.0,1.3333333333333333,Gordy,Motown,Funk/Soul,Funk/Soul,1.0,0,0,0,United States,28.0,1,0,1.0,Norman Whitfield;Barrett Strong,Norman Whitfield;Barrett Strong,1.0,0.0,0,0,Norman Whitfield,1.0,0.0,0.0,0.0,1,4/4,Ebm,Ebm,109.0,67.0,59.0,74.0,-12.0,9.0,0,0,1,0,0,1,0,0,0,0,0,0,0,1,0,0,0,0,0,0,0,0,0,0,0,C1,0,200,0,4,4,0,0,1,0,1,0,0,1,War;Violence,0,0,0,0,0,0,0,0,0,0
Ain't No Mountain High Enough,Diana Ross,1970,1970,Funk/Soul,1970-09-19 00:00:00+00:00,3,0,4,6,8,6.0,2.6666666666666665,Motown,Motown,Funk/Soul,Funk/Soul,1.0,0,0,0,United States,26.0,0,0,1.0,Nickolas Ashford;Valerie Simpson,Nickolas Ashford;Valerie Simpson,2.0,0.0,0,0,Nickolas Ashford;Valerie Simpson,2.0,0.0,0.0,0.0,1,4/4,Ab;Eb;Gb%,Multiple Keys,99.0,79.0,39.0,38.0,-5.0,19.0,0,0,0,1,1,1,0,0,0,0,0,0,0,0,0,0,0,0,0,0,0,0,0,0,0,C2,0,205,0,25,36,1,0,1,0,1,0,0,1,Love,0,1,0,0,0,0,0,0,0,0
Cracklin' Rosie,Neil Diamond,1970,1970,Pop,1970-10-10 00:00:00+00:00,1,0,7,8,5,6.666666666666667,2.0,Uni,MCA,Pop,Rock,1.0,0,0,0,United States,29.0,1,1,0.0,Neil Diamond,Neil Diamond,1.0,1.0,1,1,Tom Catalano;Neil Diamond,1.0,1.0,0.0,0.0,0,4/4,Db;D&%,Db,128.0,49.0,56.0,86.0,-15.0,35.0,0,0,1,0,1,1,0,0,0,0,0,0,0,1,0,0,0,0,0,0,0,0,0,0,0,C3,0,180,0,12,8,0,0,1,0,0,0,0,0,Love,0,0,0,0,0,0,0,0,0,0
I'll Be There,The Jackson 5,1970,1970,Funk/Soul,1970-10-17 00:00:00+00:00,5,0,7,7,10,8.0,2.0,Motown,Motown,Funk/Soul,Funk/Soul,0.0,1,0,0,United States,12.0,1,0,1.0,Berry Gordy Jr.;Bob West;Willie Hutch;Hal Davis,Berry Gordy Jr.;Bob West;Willie Hutch;Hal Davis,1.0,0.0,0,0,Hal Davis,1.0,0.0,0.0,0.0,1,4/4,F,F,93.0,51.0,51.0,33.0,-7.0,59.0,1,0,0,1,0,0,0,0,0,0,0,0,0,0,0,0,0,0,0,0,0,0,0,0,0,D1,0,238,0,12,12,0,0,1,0,0,0,0,0,Love,0,0,0,0,0,0,0,0,1,0
I Think I Love You,The Partridge Family,1970,1970,Pop,1970-11-21 00:00:00+00:00,3,0,4,5,7,5.333333333333333,2.0,Bell,Columbia Pictures,Pop,Rock;Pop,0.0,0,0,0,United States,20.0,2,1,0.0,Tony Romeo,Tony Romeo,1.0,1.0,0,0,Wes Farrell,1.0,1.0,0.0,0.0,0,4/4,Dm;D,Multiple Keys,102.0,47.0,43.0,78.0,-12.0,42.0,0,0,0,1,0,0,0,0,0,0,0,0,0,0,0,0,0,0,0,0,0,0,0,0,0,E2,0,173,0,31,9,0,0,1,0,0,0,0,0,Love,0,0,0,0,0,0,1,0,0,0
The Tears of a Clown,Smokey Robinson & the Miracles,1970,1970,Pop,1970-12-12 00:00:00+00:00,2,0,6,7,9,7.333333333333333,2.0,Tamla,Motown,Pop,Rock;Funk/Soul,0.0,0,0,0,United States,30.0,2,0,1.0,Hank Cosby;Smokey Robinson;Stevie Wonder,Hank Cosby;Smokey Robinson;Stevie Wonder,1.0,0.0,1,0,Hank Cosby;Smokey Robinson;Marv Tarplin;Brain Holland;Lamont Dozier,1.0,0.0,1.0,0.0,1,4/4,Db,Db,128.0,61.0,59.0,95.0,-10.0,15.0,0,0,0,1,0,0,0,0,0,0,0,0,0,0,0,0,0,0,0,0,0,0,0,0,0,A2,0,182,0,23,13,0,0,1,0,0,0,0,0,Lost Love,0,0,0,0,0,0,0,0,0,0
My Sweet Lord,George Harrison,1970,1970,Rock,1970-12-26 00:00:00+00:00,4,0,9,9,7,8.333333333333334,1.3333333333333333,Apple,Apple,Rock,Rock,1.0,0,0,0,United Kingdom,27.0,1,1,0.0,George Harrison,George Harrison,1.0,1.0,1,1,George Harrison;Phil Spector,1.0,1.0,1.0,0.0,1,4/4,E;Gb&%,E,121.0,70.0,54.0,58.0,-9.0,8.0,0,0,1,1,1,0,0,0,0,0,0,0,0,0,0,0,0,0,0,0,0,0,0,0,0,A1,0,281,0,47,31,0,0,1,0,0,0,1,1,God;Faithfulness,0,0,0,0,0,0,0,0,0,0
Knock Three Times,Tony Orlando & Dawn,1971,1970,Pop,1971-01-23 00:00:00+00:00,3,0,5,5,1,3.6666666666666665,2.6666666666666665,Bell,Columbia Pictures,Pop,Rock,0.0,0,0,0,United States,26.0,2,2,2.0,Irwin Levine;L. Russell Brown,Irwin Levine;L. Russell Brown,1.0,1.0,0,0,Hank Medress;Dave Appel,1.0,1.0,0.0,0.0,0,4/4,Db;D&%,Db,123.0,58.0,78.0,93.0,-10.0,15.0,0,0,1,1,0,1,0,0,0,0,0,0,0,0,0,0,0,0,0,0,0,0,0,0,0,C1,0,180,0,32,8,0,0,1,0,0,0,0,0,Longing for Love,0,0,0,0,0,0,0,0,0,0
One Bad Apple,The Osmonds,1971,1970,Pop,1971-02-13 00:00:00+00:00,5,0,6,4,6,5.333333333333333,1.3333333333333333,MGM,MGM,Pop,Rock;Pop,0.0,1,0,0,United States,15.0,1,1,0.0,George Jackson,George Jackson,1.0,0.0,0,0,Rick Hall,1.0,1.0,0.0,0.0,0,4/4,C,C,101.0,57.0,60.0,92.0,-7.0,38.0,0,0,1,1,1,0,0,0,0,0,0,0,0,0,0,0,0,0,0,0,0,0,0,0,0,C1,0,165,0,29,10,0,0,1,0,0,0,0,0,Lost Love;Bad Relationships;Love,0,0,0,0,0,0,0,0,0,0
Me and Bobby McGee,Janis Joplin,1971,1970,Rock,1971-03-20 00:00:00+00:00,2,0,10,10,10,10.0,0.0,Columbia,CBS,Rock,Rock,1.0,0,0,1,United States,27.0,0,1,0.0,Kris Kirstofferson;Fred Foster,Kris Kirstofferson;Fred Foster,1.0,1.0,0,0,Paul A. Rothchild,1.0,1.0,0.0,0.0,0,4/4,G;A&%,G,93.0,46.0,45.0,66.0,-11.0,30.0,0,0,1,1,0,0,0,0,0,0,0,0,0,0,0,0,0,0,0,0,0,0,0,0,0,C1,0,271,0,74,5,0,0,0,0,1,0,0,1,Love;Lost Love,1,0,0,0,0,0,0,0,0,0
Just My Imagination (Running Away with Me),The Temptations,1971,1970,Funk/Soul,1971-04-03 00:00:00+00:00,2,0,10,10,10,10.0,0.0,Gordy,Motown,Funk/Soul,Funk/Soul;Pop,0.0,1,0,0,United States,31.0,1,0,1.0,Norman Whitfield;Barrett Strong,Norman Whitfield;Barrett Strong,1.0,0.0,0,0,Norman Whitfield,1.0,0.0,0.0,0.0,1,4/4,C,C,92.0,24.0,43.0,46.0,-15.0,90.0,0,0,1,0,1,1,0,0,0,0,0,0,0,0,0,0,0,0,0,0,0,0,0,0,0,E1,0,228,0,30,24,0,0,1,0,0,0,0,0,Lost Love,0,0,0,0,0,0,0,0,0,0
Joy to the World,Three Dog Night,1971,1970,Rock,1971-04-17 00:00:00+00:00,6,0,7,5,5,5.666666666666667,1.3333333333333333,Dunhill,ABC,Rock,Rock,0.0,0,0,0,United States,29.33333333333333,1,2,2.0,Hoyt Axton,Hoyt Axton,1.0,1.0,0,0,Richard Podolor,1.0,1.0,0.0,0.0,0,4/4,D;E&,D,127.0,67.0,65.0,97.0,-12.0,47.0,0,0,1,1,0,0,0,0,0,0,0,0,0,0,0,0,0,0,0,0,0,0,0,0,0,C1,0,197,0,21,5,0,0,1,0,0,0,0,0,Unclear,0,0,0,0,0,0,0,0,0,0
Brown Sugar,The Rolling Stones,1971,1970,Rock,1971-05-29 00:00:00+00:00,2,0,8,8,7,7.666666666666667,0.6666666666666666,Rolling Stones,Rolling Stones,Rock,Rock,0.0,0,0,0,United Kingdom,27.0,1,1,0.0,Mick Jagger;Keith Richards,Mick Jagger;Keith Richards,1.0,1.0,1,1,Jimmy Miller,1.0,1.0,0.0,0.0,0,4/4,C;Eb,C,129.0,93.0,64.0,97.0,-4.0,22.0,0,0,1,1,0,1,0,0,0,0,0,0,0,1,0,0,0,0,0,0,0,0,0,0,0,C1,0,230,0,102,30,0,0,1,0,0,0,0,0,Lust/Sex,0,0,1,0,0,0,0,0,0,0
Want Ads,Honey Cone,1971,1970,Funk/Soul,1971-06-12 00:00:00+00:00,1,0,7,8,5,6.666666666666667,2.0,Hot Wax,Hot Wax,Funk/Soul,Funk/Soul,0.0,0,0,0,United States,,0,0,1.0,Greg Perry;Barney Perkins;General Norman Johnson,Greg Perry;Barney Perkins;General Norman Johnson,1.0,0.0,0,0,Greg Perry,1.0,0.0,0.0,0.0,1,4/4,Ab,Ab,95.0,81.0,65.0,93.0,-7.0,33.0,0,0,1,0,1,0,0,0,1,0,0,0,0,0,0,0,0,0,0,0,0,0,0,0,0,E3,0,166,0,16,2,0,0,1,0,0,0,0,0,Longing for Love;Bad Relationships,0,0,0,0,0,0,0,0,0,0
It's Too Late,Carole King,1971,1970,Rock,1971-06-19 00:00:00+00:00,5,0,9,7,5,7.0,2.6666666666666665,Ode,Ode,Rock,Rock;Pop,1.0,0,0,0,United States,29.0,0,1,0.0,Carole King;Toni Stern,Carole King;Toni Stern,0.0,1.0,1,0,Lou Adler,1.0,1.0,0.0,0.0,0,4/4,Am;F;C,Multiple Keys,104.0,44.0,45.0,81.0,-13.0,50.0,0,0,0,1,0,1,0,0,0,0,0,0,0,0,0,0,0,0,0,0,1,0,0,0,0,C1,0,231,0,112,9,0,0,0,0,0,0,0,0,Lost Love,0,0,0,0,0,0,0,0,0,0
Indian Reservation (The Lament of the Cherokee Reservation Indian),The Raiders,1971,1970,Rock,1971-07-24 00:00:00+00:00,1,0,6,2,6,4.666666666666667,2.6666666666666665,Columbia,CBS,Rock,Rock;Funk/Soul,0.0,0,0,0,United States,29.0,1,1,0.0,John D. Loudermilk,John D. Loudermilk,1.0,1.0,0,0,Mark Lindsay,1.0,1.0,1.0,1.0,0,4/4,Dbm,Dbm,132.0,38.0,64.0,21.0,-13.0,28.0,0,0,1,1,1,1,0,0,0,0,0,0,0,0,0,0,0,0,0,0,0,0,0,0,0,C1,0,172,0,86,8,0,0,0,0,1,0,0,1,Murder;Death;Poverty,1,0,0,0,0,0,0,0,0,0
You've Got a Friend,James Taylor,1971,1970,Rock,1971-07-31 00:00:00+00:00,1,0,5,4,5,4.666666666666667,0.6666666666666666,Warner Bros.,Warner Bros.,Rock,Rock,1.0,0,0,0,United States,23.0,1,1,0.0,Carole King,Carole King,0.0,1.0,0,0,Peter Asher,1.0,1.0,0.0,0.0,0,4/4,A,A,92.0,28.0,69.0,44.0,-15.0,68.0,0,0,1,0,0,0,0,0,1,0,0,0,0,0,0,0,0,0,0,0,0,0,0,0,0,E1,0,268,0,48,8,0,0,0,0,1,0,0,1,Friendship;Love;Sadness,0,0,0,0,0,0,0,0,0,0
How Can You Mend a Broken Heart,Bee Gees,1971,1970,Rock,1971-08-07 00:00:00+00:00,4,0,4,5,3,4.0,1.3333333333333333,Atco,Warner Bros.,Rock,Pop,0.0,0,0,0,United Kingdom,22.0,1,1,0.0,Barry Gibb;Robin Gibb,Barry Gibb;Robin Gibb,1.0,1.0,1,1,Robert Stigwood;Barry Gibb;Robin Gibb;Maurice Gibb,1.0,1.0,1.0,0.0,1,4/4,E,E,69.0,26.0,44.0,25.0,-14.0,63.0,0,0,1,0,1,0,0,0,0,0,0,0,0,0,0,0,0,0,0,0,0,0,0,0,0,C3,0,239,0,23,14,0,0,0,0,0,0,0,0,Lost Love,0,0,0,0,0,0,0,0,0,0
Uncle Albert/Admiral Halsey,Paul McCartney & Linda McCartney,1971,1970,Rock,1971-09-04 00:00:00+00:00,1,0,7,7,7,7.0,0.0,Apple,Apple,Rock,Rock,2.0,1,0,0,United Kingdom,29.0,2,1,0.0,Paul McCartney;Linda McCartney,Paul McCartney;Linda McCartney,2.0,1.0,1,1,Paul McCartney;Linda McCartney,2.0,1.0,1.0,1.0,1,4/4,G;C%,Multiple Keys,92.0,51.0,37.0,54.0,-10.0,58.0,0,0,1,1,1,1,0,0,0,0,0,1,0,0,0,0,0,0,0,0,0,0,0,0,0,F,0,295,0,130,0,0,0,0,0,0,0,0,0,Unclear,0,0,0,0,0,0,0,0,0,0
Go Away Little Girl,Donny Osmond,1971,1970,Pop,1971-09-11 00:00:00+00:00,3,0,1,3,1,1.6666666666666667,1.3333333333333333,MGM,MGM,Pop,Pop,1.0,1,0,0,United States,13.0,1,1,0.0,Gerry Goffin;Carole King,Gerry Goffin;Carole King,2.0,1.0,0,0,Rick Hall,1.0,1.0,0.0,0.0,0,4/4,G;Ab&%,G,108.0,41.0,39.0,38.0,-11.0,78.0,0,0,1,0,1,1,0,0,0,0,0,0,0,0,0,0,0,0,0,0,0,0,0,0,0,D1,0,149,0,13,8,0,0,1,0,1,0,0,1,Longing for Love;Forbidden Love,0,0,0,0,0,0,0,0,1,0
Maggie May,Rod Stewart,1971,1970,Rock,1971-10-02 00:00:00+00:00,5,0,9,10,9,9.333333333333334,0.6666666666666666,Mercury,Polygram,Rock,Rock,1.0,0,0,0,United Kingdom,26.0,1,1,0.0,Rod Stewart;Martin Quittenton,Rod Stewart;Martin Quittenton,1.0,1.0,1,0,Rod Stewart,1.0,1.0,1.0,1.0,1,4/4,D,D,130.0,66.0,58.0,78.0,-9.0,68.0,0,0,1,0,0,0,0,0,0,0,0,0,0,0,0,0,0,1,0,0,0,0,0,0,0,A2,0,222,0,75,7,0,0,1,0,0,0,0,0,Lust/Sex;Lost Love,0,0,0,0,0,0,0,0,0,0
"Gypsys, Tramps and Thieves",Cher,1971,1970,Pop,1971-11-06 00:00:00+00:00,2,0,4,5,5,4.666666666666667,0.6666666666666666,Kapp,MCA,Pop,Pop,1.0,0,0,0,United States,25.0,0,1,0.0,Bob Stone,Bob Stone,1.0,1.0,0,0,Snuff Garrett,1.0,1.0,0.0,0.0,0,4/4,Am;C,Am,171.0,67.0,48.0,70.0,-11.0,20.0,0,0,0,1,0,0,0,0,0,0,0,0,0,0,0,0,0,0,0,0,0,0,0,0,0,E1,0,158,0,21,8,0,0,1,0,0,0,0,0,Life;Growing Up;Racism;Prostitution,1,0,0,0,0,0,0,0,0,0
Theme from Shaft,Isaac Hayes,1971,1970,Funk/Soul,1971-11-20 00:00:00+00:00,2,0,8,7,10,8.333333333333334,2.0,Enterprise,Stax,Funk/Soul,Funk/Soul;Stage & Screen,1.0,0,0,0,United States,29.0,1,0,1.0,Isaac Hayes,Isaac Hayes,1.0,0.0,1,1,Isaac Hayes,1.0,0.0,1.0,1.0,1,4/4,Am,Am,120.0,69.0,50.0,69.0,-12.0,4.0,0,0,1,1,1,1,0,0,0,0,0,0,1,0,0,0,0,0,0,0,0,0,0,0,0,A1,0,197,0,159,109,0,0,0,0,0,0,0,0,Lust/Sex;Badassery,0,0,1,0,0,1,0,0,0,0
Family Affair,Sly & the Family Stone,1971,1970,Funk/Soul,1971-12-04 00:00:00+00:00,3,0,8,9,9,8.666666666666666,0.6666666666666666,Epic,CBS,Funk/Soul,Funk/Soul,0.0,0,0,0,United States,28.0,2,2,2.0,Sly Stone,Sly Stone,1.0,0.0,1,1,Sly Stone,1.0,0.0,1.0,1.0,1,4/4,F,F,109.0,61.0,82.0,80.0,-14.0,67.0,0,0,1,1,0,0,0,0,0,0,0,1,0,0,0,0,0,0,0,0,0,0,0,0,0,C1,0,185,0,32,4,0,0,1,0,0,0,0,0,Family;Growing Up;Home,0,0,0,0,0,0,0,0,0,0
Brand New Key,Melanie,1971,1970,Folk/Country,1971-12-25 00:00:00+00:00,3,0,6,5,6,5.666666666666667,0.6666666666666666,Neighborhood,Neighborhood,Folk/Country,"Rock;Folk, World, & Country",1.0,0,0,0,United States,24.0,0,1,0.0,Melanie Safka,Melanie Safka,0.0,1.0,1,1,Peter Schekeryk,1.0,1.0,0.0,0.0,0,4/4,Db,Db,84.0,41.0,67.0,82.0,-8.0,82.0,0,1,1,1,0,0,0,0,0,0,0,1,0,0,0,0,0,0,0,0,0,0,0,0,0,C1,0,144,0,19,6,0,0,1,0,0,0,0,0,Longing for Love;Lust/Sex,1,0,0,0,0,0,0,0,0,0
American Pie,Don McLean,1972,1970,Rock,1972-01-15 00:00:00+00:00,4,0,8,8,6,7.333333333333333,1.3333333333333333,United Artists,Transamerica,Rock,Rock,1.0,0,0,0,United States,26.0,1,1,0.0,Don McLean,Don McLean,1.0,1.0,1,1,Ed Freeman,1.0,1.0,0.0,0.0,0,4/4,G,G,138.0,48.0,53.0,49.0,-12.0,70.0,0,0,1,1,0,0,0,0,0,0,0,0,0,0,0,0,0,0,0,0,0,0,0,0,0,C1,0,515,0,28,0,0,0,0,0,0,0,1,1,Lost Innocence,0,0,1,0,0,0,0,0,0,0
Let's Stay Together,Al Green,1972,1970,Funk/Soul,1972-02-12 00:00:00+00:00,1,0,9,9,10,9.333333333333334,0.6666666666666666,Hi,Hi,Funk/Soul,Funk/Soul,1.0,0,0,0,United States,25.0,1,0,1.0,Al Green;Willie Mitchell;Al Jackson Jr.,Al Green;Willie Mitchell;Al Jackson Jr.,1.0,0.0,1,0,Willie Mitchell,1.0,0.0,0.0,0.0,1,4/4,F,F,102.0,40.0,76.0,51.0,-11.0,57.0,0,0,1,1,1,1,0,0,0,0,0,1,0,0,0,0,0,0,0,0,0,0,0,0,0,C1,0,199,0,19,9,0,0,1,0,0,0,0,0,Love,0,0,0,0,0,0,0,0,0,0
Without You,Harry Nilsson,1972,1970,Pop,1972-02-19 00:00:00+00:00,4,0,8,7,6,7.0,1.3333333333333333,RCA,RCA,Pop,Rock;Pop,1.0,0,0,0,United States,30.0,1,1,0.0,Pete Ham;Tom Evans,Pete Ham;Tom Evans,1.0,1.0,0,0,Richard Perry,1.0,1.0,0.0,0.0,0,4/4,E,E,65.0,19.0,39.0,14.0,-15.0,61.0,0,0,0,1,1,1,0,0,0,0,0,0,0,0,0,0,0,0,0,0,0,0,0,0,0,C1,0,201,0,40,6,0,0,1,0,1,0,0,1,Lost Love,0,0,0,0,0,0,0,0,0,0
Heart of Gold,Neil Young,1972,1970,Rock,1972-03-18 00:00:00+00:00,1,0,9,8,9,8.666666666666666,0.6666666666666666,Reprise,Warner Bros.,Rock,Rock,1.0,0,0,0,Canada,26.0,1,1,0.0,Neil Young,Neil Young,1.0,1.0,1,1,Elliot Mazer;Neil Young,1.0,1.0,1.0,0.0,1,4/4,Em,Em,171.0,46.0,54.0,80.0,-10.0,19.0,0,0,1,0,0,0,0,0,0,0,0,0,0,0,1,0,0,0,0,0,0,0,0,0,0,C1,0,187,0,91,34,0,0,0,0,0,0,0,0,Time;Longing for Love;Lost Innocence,0,0,0,0,0,0,0,0,0,0
A Horse with No Name,America,1972,1970,Rock,1972-03-25 00:00:00+00:00,3,0,6,6,7,6.333333333333333,0.6666666666666666,Warner Bros.,Warner Bros.,Rock,Rock,0.0,0,0,0,United Kingdom,20.0,1,1,0.0,Dewey Bunnell,Dewey Bunnell,1.0,1.0,1,1,Ian Samwell,1.0,1.0,0.0,0.0,0,4/4,Em,Em,123.0,51.0,65.0,83.0,-17.0,69.0,0,0,1,0,0,0,0,0,1,0,0,0,0,0,0,0,0,0,0,0,0,0,0,0,0,C1,0,272,0,26,9,0,0,1,0,0,0,0,0,Enlightenment;Dreaming,0,0,0,0,0,0,0,0,0,0
The First Time Ever I Saw Your Face,Roberta Flack,1972,1970,Pop,1972-04-15 00:00:00+00:00,6,0,7,9,9,8.333333333333334,1.3333333333333333,Atlantic,Warner Bros.,Pop,Funk/Soul,1.0,0,0,0,United States,35.0,0,0,1.0,Ewan MacColl,Ewan MacColl,1.0,1.0,0,0,Joel Dorn,1.0,1.0,0.0,0.0,0,4/4,C,C,121.0,3.0,31.0,14.0,-22.0,73.0,0,0,1,1,1,0,0,0,0,0,0,0,0,0,0,0,0,0,0,0,0,0,0,0,0,A1,0,255,0,48,20,0,0,0,0,1,0,0,1,Love,0,0,0,0,0,0,0,0,0,0
Oh Girl,The Chi-Lites,1972,1970,Funk/Soul,1972-05-27 00:00:00+00:00,1,0,9,8,8,8.333333333333334,0.6666666666666666,Brunswick,Brunswick,Funk/Soul,Funk/Soul,0.0,0,0,0,United States,31.0,1,0,1.0,Eugene Record,Eugene Record,1.0,0.0,1,1,Eugene Record,1.0,0.0,1.0,1.0,1,4/4,Bb,Bb,134.0,40.0,42.0,60.0,-13.0,23.0,1,0,1,1,1,0,0,0,0,0,0,0,0,0,1,0,0,0,0,0,0,0,0,0,0,D1,0,216,0,86,13,0,0,1,0,0,0,0,0,Lost Love,0,0,0,0,0,0,0,0,0,0
I'll Take You There,The Staple Singers,1972,1970,Funk/Soul,1972-06-03 00:00:00+00:00,1,0,8,7,9,8.0,1.3333333333333333,Stax,Stax,Funk/Soul,Funk/Soul,0.0,0,0,0,United States,32.0,2,0,1.0,Al Bell,Al Bell,1.0,0.0,0,0,Al Bell,1.0,0.0,0.0,0.0,1,4/4,C,C,102.0,60.0,84.0,80.0,-9.0,10.0,0,1,1,1,1,1,0,0,0,0,0,0,0,0,1,0,0,0,0,0,0,0,0,0,0,A1,0,196,0,51,11,0,0,1,0,0,0,1,1,Utopia/Perfect Places,0,0,0,0,0,0,0,0,0,0
The Candy Man,Sammy Davis Jr.,1972,1970,Pop,1972-06-10 00:00:00+00:00,3,0,2,4,1,2.333333333333333,2.0,MGM,Polygram,Pop,Jazz;Rock,1.0,0,0,0,United States,46.0,1,0,1.0,Leslie Bricusse;Anthony Newley,Leslie Bricusse;Anthony Newley,1.0,1.0,0,0,Don Costa;Mike Curb,1.0,1.0,0.0,0.0,0,4/4,C;Db&%,C,131.0,55.0,64.0,84.0,-11.0,81.0,0,0,0,0,1,1,0,0,0,0,0,0,0,1,0,0,0,0,0,0,0,0,0,0,0,E6,0,192,0,5,24,1,0,1,0,1,0,0,1,Jobs;Candy,0,1,0,0,0,0,0,0,0,0
Song Sung Blue,Neil Diamond,1972,1970,Pop,1972-07-01 00:00:00+00:00,1,0,4,5,6,5.0,1.3333333333333333,Uni,MCA,Pop,Pop,1.0,0,0,0,United States,31.0,1,1,0.0,Neil Diamond,Neil Diamond,1.0,1.0,1,1,Tom Catalano;Neil Diamond,1.0,1.0,1.0,0.0,1,4/4,C,C,109.0,41.0,51.0,36.0,-13.0,36.0,0,0,1,1,1,1,0,0,0,0,0,0,0,0,0,0,0,0,0,0,0,0,0,0,0,D1,0,194,0,92,18,0,0,1,0,0,0,1,1,Sadness;Playing Music,0,0,0,0,0,0,0,0,0,0
Lean on Me,Bill Withers,1972,1970,Funk/Soul,1972-07-08 00:00:00+00:00,3,0,8,6,10,8.0,2.6666666666666665,Sussex,Sussex,Funk/Soul,Funk/Soul,1.0,1,0,0,United States,34.0,1,0,1.0,Bill Withers,Bill Withers,1.0,0.0,1,1,Bill Withers;Benorce Blackman;James Gadson;Melvin Dunlap;Ray Jackson,1.0,0.0,1.0,0.0,1,4/4,C,C,75.0,22.0,62.0,42.0,-14.0,78.0,0,0,1,1,1,0,0,0,0,0,0,0,0,1,0,0,0,0,0,0,0,0,0,0,0,E1,0,258,0,27,27,0,0,0,0,0,0,0,0,Pain;Sadness;Friendship,0,0,0,0,0,0,0,0,1,0
Alone Again (Naturally),Gilbert O'Sullivan,1972,1970,Rock,1972-07-29 00:00:00+00:00,6,1,3,3,3,3.0,0.0,MAM,MAM,Rock,Rock,1.0,0,0,0,Ireland,25.0,1,1,0.0,Gilbert O'Sullivan,Gilbert O'Sullivan,1.0,1.0,1,1,Gilbert O'Sullivan;Gordon Mills,1.0,1.0,1.0,0.0,1,4/4,Gb;Db,Multiple Keys,172.0,46.0,56.0,56.0,-8.0,58.0,0,0,1,0,1,1,0,0,0,0,0,0,0,0,0,0,0,0,0,0,0,0,0,0,0,D1,0,217,0,61,11,0,0,0,0,0,0,0,0,Sadness;Death,0,0,0,0,0,0,0,0,0,0
Brandy (You're a Fine Girl),Looking Glass,1972,1970,Rock,1972-08-26 00:00:00+00:00,1,0,7,7,7,7.0,0.0,Epic,CBS,Rock,Rock;Pop,0.0,0,0,0,United States,24.0,1,1,0.0,Elliot Lurie,Elliot Lurie,1.0,1.0,1,1,Mike Gershman;Bob Liftin;Elliot Lurie;Jeff Grob;Larry Gonsky;Pieter Sweval,1.0,1.0,1.0,0.0,1,4/4,E,E,125.0,77.0,72.0,77.0,-8.0,54.0,0,0,1,1,0,1,0,0,0,0,0,0,0,0,0,0,0,0,0,0,0,0,0,0,0,E1,0,186,0,15,15,0,0,1,0,0,0,0,0,Lost Love,1,0,0,0,0,0,0,0,0,0
Black and White,Three Dog Night,1972,1970,Rock,1972-09-16 00:00:00+00:00,1,0,2,2,6,3.333333333333333,2.6666666666666665,Dunhill,ABC,Rock,Rock;Pop,0.0,0,0,0,United States,30.33333333333333,1,1,0.0,David I. Arkin;Earl Robinson,David I. Arkin;Earl Robinson,1.0,1.0,0,0,Richard Podolor,1.0,1.0,0.0,0.0,0,4/4,B,B,109.0,58.0,69.0,94.0,-12.0,50.0,0,0,0,1,0,0,0,0,0,0,0,0,0,1,0,0,0,0,0,0,0,0,0,0,0,D1,0,206,0,57,12,0,0,1,0,1,0,0,1,Coexistence;Respect;Love;Racism,0,0,0,0,0,0,0,0,0,0
"Baby, Don't Get Hooked on Me",Mac Davis,1972,1970,Rock,1972-09-23 00:00:00+00:00,3,0,4,3,2,3.0,1.3333333333333333,Columbia,CBS,Rock,"Pop;Folk, World, & Country",1.0,0,0,0,United States,30.0,1,1,0.0,Mac Davis,Mac Davis,1.0,1.0,1,1,Rick Hall,1.0,1.0,0.0,0.0,1,4/4,A,A,81.0,31.0,50.0,80.0,-18.0,26.0,0,0,1,1,1,0,0,0,0,0,0,0,0,0,0,0,0,0,0,0,0,0,0,0,0,C1,0,183,0,45,13,0,0,1,0,0,0,0,0,Lust/Sex;Bad Behavior;Lost Love,0,0,0,0,0,0,0,0,0,0
Ben,Michael Jackson,1972,1970,Pop,1972-10-14 00:00:00+00:00,1,0,3,4,8,5.0,3.333333333333333,Motown,Motown,Pop,Funk/Soul,1.0,0,0,0,United States,14.0,1,0,1.0,Don Black;Walter Scharf,Don Black;Walter Scharf,1.0,1.0,0,0,Freddie Perren;Fonce Mizell;Deke Richards;Berry Gordy Jr.,1.0,2.0,0.0,0.0,0,4/4,F,F,136.0,17.0,44.0,30.0,-11.0,91.0,0,0,1,0,1,1,0,0,0,0,0,0,1,0,0,0,0,0,0,0,0,0,0,0,0,D1,0,167,0,36,13,0,0,0,0,0,0,0,0,Friendship,0,0,0,0,0,1,0,0,0,0
My Ding-a-Ling,Chuck Berry,1972,1970,Pop,1972-10-21 00:00:00+00:00,2,0,2,3,1,2.0,1.3333333333333333,Chess,General Recorded Tape,Pop,Rock,1.0,0,0,0,United States,46.0,1,0,1.0,Dave Bartholomew,Dave Bartholomew,1.0,0.0,0,0,Esmond Edwards,1.0,0.0,0.0,0.0,0,4/4,Eb,Eb,122.0,55.0,69.0,49.0,-8.0,77.0,0,0,1,0,0,0,0,0,0,0,0,0,0,0,0,0,0,0,0,0,0,0,0,0,0,C1,0,256,0,0,8,0,0,1,1,1,0,0,1,Masturbation,1,1,1,0,0,0,0,0,0,0
I Can See Clearly Now,Johnny Nash,1972,1970,Funk/Soul,1972-11-04 00:00:00+00:00,4,0,8,6,9,7.666666666666667,2.0,Epic,CBS,Funk/Soul,Reggae;Funk/Soul,1.0,0,0,0,United States,32.0,1,0,1.0,Johnny Nash,Johnny Nash,1.0,0.0,1,1,Johnny Nash,1.0,0.0,1.0,1.0,1,4/4,D;C,Multiple Keys,123.0,37.0,68.0,62.0,-13.0,63.0,0,0,1,1,0,0,1,0,1,0,0,0,0,0,0,0,0,0,0,0,0,0,0,0,0,D1,0,164,0,67,6,0,0,1,0,0,0,0,0,Better Times;Hope;Redemption,0,0,0,0,0,0,0,0,0,0
Papa Was a Rollin' Stone,The Temptations,1972,1970,Funk/Soul,1972-12-02 00:00:00+00:00,1,0,10,9,10,9.666666666666666,0.6666666666666666,Gordy,Motown,Funk/Soul,Funk/Soul,0.0,1,0,0,United States,27.75,1,0,1.0,Norman Whitfield;Barrett Strong,Norman Whitfield;Barrett Strong,1.0,0.0,0,0,Norman Whitfield,1.0,0.0,0.0,0.0,1,4/4,Bbm,Bbm,121.0,41.0,82.0,90.0,-14.0,45.0,0,1,1,0,1,1,0,0,0,0,0,1,0,1,0,0,0,0,0,0,0,0,1,0,0,C1,0,419,0,187,115,0,0,1,0,1,0,0,1,Death;Family;Bad Behavior;Bad Relationships,1,0,0,0,0,0,0,0,0,0
I Am Woman,Helen Reddy,1972,1970,Pop,1972-12-09 00:00:00+00:00,1,0,5,5,6,5.333333333333333,0.6666666666666666,Capitol,EMI,Pop,Pop,1.0,0,0,0,Australia,31.0,0,1,0.0,Ray Burton;Helen Reddy,Ray Burton;Helen Reddy,2.0,1.0,1,0,Jay Senter,1.0,1.0,0.0,0.0,0,4/4,G;F,Multiple Keys,171.0,68.0,39.0,71.0,-9.0,41.0,0,0,1,0,1,1,0,0,0,0,0,0,0,0,0,0,0,0,0,0,0,0,0,0,0,C3,0,205,0,21,10,0,0,1,0,0,0,0,0,Empowerment,0,0,0,0,0,0,0,0,0,0
Me and Mrs. Jones,Billy Paul,1972,1970,Funk/Soul,1972-12-16 00:00:00+00:00,3,0,7,9,6,7.333333333333333,2.0,Philadelphia International,Philadelphia International,Funk/Soul,Funk/Soul,1.0,0,0,0,United States,38.0,1,0,1.0,Kenny Gamble;Leon Huff;Cary Gilbert,Kenny Gamble;Leon Huff;Cary Gilbert,1.0,0.0,0,0,Kenny Gamble;Leon Huff,1.0,0.0,0.0,0.0,1,4/4;6/8,Ab,Ab,100.0,53.0,30.0,45.0,-10.0,23.0,0,0,0,0,1,1,0,0,0,0,0,0,0,0,0,0,0,0,0,0,1,0,0,0,0,C1,0,284,0,58,26,0,0,1,0,0,0,0,0,Forbidden Love;Infidelity,0,0,0,0,0,0,0,0,0,0
You're So Vain,Carly Simon,1973,1970,Rock,1973-01-06 00:00:00+00:00,3,0,8,9,9,8.666666666666666,0.6666666666666666,Elektra,Warner Bros.,Rock,Rock;Pop,1.0,0,0,0,United States,27.0,0,1,0.0,Carly Simon,Carly Simon,0.0,1.0,1,1,Richard Perry,1.0,1.0,0.0,0.0,0,4/4,C,C,106.0,68.0,66.0,65.0,-8.0,16.0,0,0,1,1,1,0,0,0,0,0,0,0,0,0,0,0,0,0,0,0,0,0,0,0,0,C3,0,258,0,54,17,0,0,1,0,0,0,0,0,Lost Love;Anger,0,0,0,0,0,0,0,0,0,0
Superstition,Stevie Wonder,1973,1970,Funk/Soul,1973-01-27 00:00:00+00:00,1,0,10,10,10,10.0,0.0,Tamla,Motown,Funk/Soul,Funk/Soul,1.0,0,0,0,United States,22.0,1,0,1.0,Stevie Wonder,Stevie Wonder,1.0,0.0,1,1,Stevie Wonder;Malcolm Cecil;Robert Margouleff,1.0,2.0,1.0,0.0,1,4/4,Ebm,Ebm,100.0,63.0,63.0,87.0,-12.0,4.0,0,0,0,1,0,1,0,0,0,0,0,0,0,0,0,0,0,0,0,0,0,0,0,0,0,A2,0,245,0,151,28,0,0,1,0,0,0,0,0,Superstition,0,0,0,0,0,0,0,0,0,0
Crocodile Rock,Elton John,1973,1970,Rock,1973-02-03 00:00:00+00:00,3,0,4,8,4,5.333333333333333,2.6666666666666665,MCA,MCA,Rock,Rock;Pop,1.0,0,0,0,United States,25.0,1,1,0.0,Elton John;Bernie Taupin,Elton John;Bernie Taupin,1.0,1.0,1,0,Gus Dudgeon,1.0,1.0,0.0,0.0,0,4/4,G,G,150.0,80.0,63.0,97.0,-7.0,3.0,0,0,1,1,0,0,0,0,0,0,0,0,0,1,0,0,0,0,0,0,0,0,0,0,0,C1,0,235,0,14,14,0,0,1,0,0,0,1,1,Dancing;Growing Up;Better Times;Lost Love;Listening to Music,0,0,0,0,0,0,0,0,0,0
Killing Me Softly with His Song,Roberta Flack,1973,1970,Pop,1973-02-24 00:00:00+00:00,5,1,8,9,7,8.0,1.3333333333333333,Atlantic,Warner Bros.,Pop,Funk/Soul,1.0,0,0,0,United States,36.0,0,0,1.0,Charles Fox;Norman Gimbel,Charles Fox;Norman Gimbel,1.0,1.0,0,0,Joel Dorn;Roberta Flack,2.0,1.0,1.0,0.0,0,4/4,Ab,Ab,122.0,38.0,48.0,33.0,-10.0,73.0,0,0,0,1,0,0,0,0,0,0,0,0,0,0,0,0,0,0,0,0,0,0,0,0,0,C1,0,286,0,18,0,0,0,0,0,1,0,0,1,Sadness;Listening to Music,1,0,0,0,0,0,0,0,0,0
Love Train,The O'Jays,1973,1970,Funk/Soul,1973-03-24 00:00:00+00:00,1,0,7,6,6,6.333333333333333,0.6666666666666666,Philadelphia International,Philadelphia International,Funk/Soul,Funk/Soul,0.0,0,0,0,United States,30.0,1,0,1.0,Kenny Gamble;Leon Huff,Kenny Gamble;Leon Huff,1.0,0.0,0,0,Kenny Gamble;Leon Huff,1.0,0.0,0.0,0.0,1,4/4,C,C,123.0,57.0,74.0,69.0,-10.0,19.0,0,0,1,0,1,1,0,0,0,0,0,0,0,0,0,0,0,0,0,0,0,0,0,0,0,C1,0,178,0,8,8,0,0,1,0,0,0,0,0,Coexistence;Respect,0,0,0,0,0,0,0,0,0,0
The Night the Lights Went Out in Georgia,Vicki Lawrence,1973,1970,Pop,1973-04-07 00:00:00+00:00,2,0,5,4,5,4.666666666666667,0.6666666666666666,Bell,Columbia Pictures,Pop,Funk/Soul;Pop,1.0,0,0,0,United States,24.0,0,1,0.0,Bobby Russell,Bobby Russell,1.0,1.0,0,0,Snuff Garrett,1.0,1.0,0.0,0.0,0,4/4,Bbm;F,Multiple Keys,173.0,41.0,46.0,61.0,-14.0,85.0,0,0,1,1,1,1,0,0,0,0,0,0,0,0,0,0,0,0,0,0,0,0,0,0,0,C3,0,220,0,40,12,0,0,1,0,0,0,0,0,Murder;Death;Infidelity,1,0,0,0,0,0,0,0,0,0
Tie a Yellow Ribbon 'Round the Ole Oak Tree,Tony Orlando & Dawn,1973,1970,Pop,1973-04-21 00:00:00+00:00,4,0,2,3,1,2.0,1.3333333333333333,Bell,Columbia Pictures,Pop,Pop,0.0,0,0,0,United States,29.0,2,2,2.0,Irwin Levine;L. Russell Brown,Irwin Levine;L. Russell Brown,1.0,1.0,0,0,Hank Medress;Dave Appell,1.0,1.0,0.0,0.0,0,4/4;Free,F,F,88.0,62.0,56.0,68.0,-12.0,28.0,0,0,1,1,1,0,0,0,0,0,0,0,0,1,1,0,0,0,0,0,0,0,0,0,0,E1,0,206,0,47,11,0,0,1,0,0,0,0,0,Love,1,0,1,0,0,0,0,0,0,0
You are the Sunshine of My Life,Stevie Wonder,1973,1970,Funk/Soul,1973-05-19 00:00:00+00:00,1,0,7,7,9,7.666666666666667,1.3333333333333333,Tamla,Motown,Funk/Soul,Funk/Soul,1.0,1,0,0,United States,23.0,1,0,1.0,Stevie Wonder,Stevie Wonder,1.0,0.0,1,1,Stevie Wonder;Malcolm Cecil;Robert Margouleff,1.0,2.0,1.0,0.0,1,4/4,B;C&%,B,132.0,46.0,52.0,68.0,-15.0,82.0,0,0,0,1,0,1,0,0,0,0,0,0,0,0,0,0,0,0,0,0,0,0,0,0,0,C1,0,172,0,15,15,0,0,1,0,0,0,0,0,Love,0,0,0,0,0,0,0,0,0,0
Frankenstein,The Edgar Winter Group,1973,1970,Rock,1973-05-26 00:00:00+00:00,1,0,6,4,7,5.666666666666667,2.0,Epic,CBS,Rock,Rock,0.0,0,1,0,United States,26.0,1,1,0.0,Edgar Winter,Edgar Winter,1.0,1.0,1,1,Rick Derringer,1.0,1.0,0.0,0.0,0,4/4;Free,Gm,Gm,96.0,89.0,51.0,29.0,-10.0,0.0,0,0,1,1,0,1,0,0,0,0,0,0,0,0,0,0,0,0,0,0,1,0,0,0,0,I,0,206,1,206,0,0,0,0,0,0,0,0,0,,0,0,0,0,0,0,0,0,0,0
My Love,Paul McCartney & Wings,1973,1970,Rock,1973-06-02 00:00:00+00:00,4,0,4,7,5,5.333333333333333,2.0,Apple,Apple,Rock,Rock,0.0,0,0,0,United Kingdom,30.0,2,1,0.0,Paul McCartney;Linda McCartney,Paul McCartney;Linda McCartney,2.0,1.0,1,1,Paul McCartney,1.0,1.0,1.0,1.0,1,4/4,F,F,120.0,36.0,41.0,13.0,-14.0,43.0,0,0,0,1,1,1,0,0,0,0,0,0,0,0,0,0,0,0,0,0,0,0,0,0,0,E1,0,247,0,49,7,0,0,0,0,0,0,0,0,Love,0,0,0,0,0,0,0,0,0,0
Give Me Love (Give Me Peace on Earth),George Harrison,1973,1970,Rock,1973-06-30 00:00:00+00:00,1,0,7,10,6,7.666666666666667,2.6666666666666665,Apple,Apple,Rock,Rock;Pop,1.0,0,0,0,United Kingdom,30.0,1,1,0.0,George Harrison,George Harrison,1.0,1.0,1,1,George Harrison,1.0,1.0,1.0,1.0,1,4/4,F,F,79.0,56.0,39.0,60.0,-12.0,49.0,0,0,1,1,0,0,0,0,0,0,0,0,0,0,0,0,0,0,0,0,0,0,0,0,0,A1,0,215,0,54,19,0,0,0,0,0,0,0,0,Hope;Love;Enlightement;God,0,0,0,0,0,0,0,0,0,0
Will it Go Round in Circles,Billy Preston,1973,1970,Funk/Soul,1973-07-07 00:00:00+00:00,2,0,6,6,7,6.333333333333333,0.6666666666666666,A&M,A&M,Funk/Soul,Funk/Soul,1.0,0,0,0,United States,26.0,1,0,1.0,Billy Preston;Bruce Fisher,Billy Preston;Bruce Fisher,1.0,0.0,1,0,Billy Preston,1.0,0.0,1.0,1.0,1,4/4,Abm,Abm,98.0,71.0,69.0,96.0,-13.0,37.0,0,0,0,1,0,1,0,0,0,0,0,0,0,0,1,0,0,0,0,0,0,0,0,0,0,C1,0,224,0,41,4,0,0,1,0,0,0,0,0,Playing Music,0,0,0,0,0,0,0,0,0,0
"Bad, Bad Leroy Brown",Jim Croce,1973,1970,Rock,1973-07-21 00:00:00+00:00,2,0,6,5,3,4.666666666666667,2.0,ABC,ABC,Rock,Rock,1.0,0,0,0,United States,30.0,1,1,0.0,Jim Croce,Jim Croce,1.0,1.0,1,1,Terry Cashman;Tommy West,1.0,1.0,0.0,0.0,0,4/4,G,G,148.0,80.0,67.0,88.0,-7.0,52.0,0,0,0,1,0,0,0,0,0,0,0,0,0,1,0,0,0,0,0,0,0,0,0,0,0,C1,0,181,0,12,12,0,0,0,0,0,0,0,0,Bad Behavior;Lust/Sex;Violence,1,0,1,0,0,0,0,0,0,0
The Morning After,Maureen McGovern,1973,1970,Pop,1973-08-04 00:00:00+00:00,2,0,2,2,4,2.6666666666666665,1.3333333333333333,20th Century,20th Century Fox,Pop,Pop;Stage & Screen,1.0,0,0,0,United States,24.0,0,1,0.0,Joel Hirschhorn;Al Kasha,Joel Hirschhorn;Al Kasha,1.0,1.0,0,0,Carl Maduri,1.0,1.0,0.0,0.0,0,4/4,Bb;Db;B%,Multiple Keys,80.0,51.0,41.0,35.0,-7.0,47.0,0,0,0,1,1,0,0,0,0,0,0,0,0,0,0,0,0,0,0,0,0,0,0,0,0,D1,0,141,0,6,6,0,0,1,0,1,0,0,1,Hope,0,0,0,0,0,1,0,0,0,0
Touch Me in the Morning,Diana Ross,1973,1970,Pop,1973-08-18 00:00:00+00:00,1,0,6,5,6,5.666666666666667,0.6666666666666666,Motown,Motown,Pop,Funk/Soul,1.0,0,0,0,United States,29.0,0,0,1.0,Ron Miller;Michael Masser,Ron Miller;Michael Masser,1.0,1.0,0,0,Michael Masser;Tom Baird;Berry Gordy Jr.,1.0,2.0,0.0,0.0,1,4/4,Db,Db,137.0,62.0,35.0,60.0,-7.0,45.0,0,1,1,1,1,1,0,0,0,0,0,0,0,0,0,0,0,0,0,0,0,0,0,0,0,C3,0,207,0,3,1,0,0,1,0,0,0,0,0,Lust/Sex,0,1,0,0,0,0,0,0,0,0
Brother Louie,Stories,1973,1970,Funk/Soul,1973-08-25 00:00:00+00:00,2,0,6,3,7,5.333333333333333,2.6666666666666665,Kama Sutra,Kama Sutra,Funk/Soul,Rock,0.0,0,0,0,United States,25.0,1,1,0.0,Errol Brown;Anthony Wilson,Errol Brown;Anthony Wilson,1.0,0.0,0,0,Kenny Kerner;Richie Wise,1.0,1.0,0.0,0.0,0,4/4,Am,Am,104.0,50.0,70.0,85.0,-9.0,10.0,0,0,1,1,1,0,0,0,0,0,0,0,0,0,0,0,0,0,0,0,0,0,0,0,0,C1,0,235,0,74,18,0,0,1,0,1,0,0,1,Forbidden Love,1,0,0,0,0,0,0,0,0,0
Let's Get it On,Marvin Gaye,1973,1970,Funk/Soul,1973-09-08 00:00:00+00:00,2,1,10,8,10,9.333333333333334,1.3333333333333333,Tamla,Motown,Funk/Soul,Funk/Soul,1.0,0,0,0,United States,34.0,1,0,1.0,Marvin Gaye;Ed Townsend,Marvin Gaye;Ed Townsend,1.0,0.0,1,0,Marvin Gaye;Ed Townsend,1.0,0.0,1.0,0.0,1,4/4,Eb,Eb,167.0,65.0,48.0,65.0,-10.0,30.0,0,1,1,0,1,1,0,0,0,0,0,1,0,1,0,0,0,0,0,0,0,0,0,0,0,E1,0,240,0,3,3,0,0,1,0,0,0,0,0,Lust/Sex,0,0,1,0,0,0,0,0,0,0
Delta Dawn,Helen Reddy,1973,1970,Pop,1973-09-15 00:00:00+00:00,1,0,5,4,8,5.666666666666667,2.6666666666666665,Capitol,EMI,Pop,Rock;Pop,1.0,0,0,0,Australia,31.0,0,1,0.0,Larry Collins;Alex Harvey,Larry Collins;Alex Harvey,1.0,1.0,0,0,Tom Catalano,1.0,1.0,0.0,0.0,0,4/4,C;D;Eb&%,C,157.0,82.0,48.0,79.0,-8.0,46.0,0,0,0,1,1,1,0,0,0,0,0,0,0,0,0,0,0,0,0,0,0,0,0,0,0,C1,0,190,0,0,24,0,0,1,0,1,0,0,1,Lost Love,1,0,0,0,0,0,0,0,0,0
We're an American Band,Grand Funk,1973,1970,Rock,1973-09-29 00:00:00+00:00,1,0,7,5,7,6.333333333333333,1.3333333333333333,Capitol,EMI,Rock,Rock,0.0,0,0,0,United States,24.0,1,1,0.0,Don Brewer,Don Brewer,1.0,1.0,1,1,Todd Rundgren,1.0,1.0,0.0,0.0,0,4/4,D,D,128.0,89.0,64.0,92.0,-5.0,12.0,0,0,1,0,0,0,0,0,0,0,1,0,0,0,0,0,0,0,0,0,0,0,0,0,0,C1,0,307,0,58,30,0,0,0,0,0,0,0,0,Partying;Playing Music;Lust/Sex;Bands,0,0,0,0,0,0,0,0,0,0
Half-Breed,Cher,1973,1970,Pop,1973-10-06 00:00:00+00:00,2,0,5,3,5,4.333333333333333,1.3333333333333333,MCA,MCA,Pop,Rock,1.0,0,0,0,United States,27.0,0,1,0.0,Al Capps;Mary Dean,Al Capps;Mary Dean,2.0,1.0,0,0,Snuff Garrett,1.0,1.0,0.0,0.0,0,4/4,Am,Am,103.0,46.0,65.0,90.0,-13.0,50.0,0,0,1,0,1,1,0,0,0,0,0,0,0,0,0,0,0,0,0,0,0,0,0,0,0,C1,0,167,0,22,14,0,0,1,0,0,0,0,0,Life;Growing Up;Racism,1,0,0,0,0,0,0,0,0,0
Angie,The Rolling Stones,1973,1970,Rock,1973-10-20 00:00:00+00:00,1,0,7,6,8,7.0,1.3333333333333333,Rolling Stones,Rolling Stones,Rock,Rock;Pop,0.0,0,0,0,United Kingdom,30.0,1,1,0.0,Mick Jagger;Keith Richards,Mick Jagger;Keith Richards,1.0,1.0,1,1,Jimmy Miller,1.0,1.0,0.0,0.0,0,4/4,C,C,136.0,54.0,44.0,40.0,-6.0,73.0,0,0,1,1,1,0,0,0,0,0,0,0,0,0,0,0,0,0,0,0,0,0,0,0,0,D1,0,272,0,78,18,0,0,0,0,0,0,0,0,Lost Love,0,0,0,0,0,0,0,0,0,0
Midnight Train to Georgia,Gladys Knight & the Pips,1973,1970,Funk/Soul,1973-10-27 00:00:00+00:00,2,0,9,9,10,9.333333333333334,0.6666666666666666,Buddah,Buddah,Funk/Soul,Funk/Soul,0.0,0,0,0,United States,29.0,2,0,1.0,Jim Weatherly,Jim Weatherly,1.0,1.0,0,0,Tony Camillo,1.0,1.0,0.0,0.0,0,4/4,Db,Db,91.0,44.0,59.0,43.0,-10.0,19.0,0,0,0,1,1,1,0,0,0,0,0,0,0,0,0,0,0,0,0,0,0,0,0,0,0,C1,0,237,0,14,14,0,0,1,0,1,0,0,1,Dreaming;Failure;Home;Love,0,0,0,0,0,0,0,0,0,0
Keep on Truckin',Eddie Kendricks,1973,1970,Funk/Soul,1973-11-10 00:00:00+00:00,2,0,7,6,8,7.0,1.3333333333333333,Tamla,Motown,Funk/Soul,Funk/Soul,1.0,0,0,0,United States,33.0,1,0,1.0,"Leonard Caston, Jr.;Anita Poree;Frank Wilson","Leonard Caston, Jr.;Anita Poree;Frank Wilson",2.0,0.0,0,0,"Frank Wilson;Leonard Caston, Jr.",1.0,0.0,0.0,0.0,1,4/4,Fm,Fm,101.0,68.0,47.0,72.0,-12.0,33.0,0,0,1,1,1,1,0,0,1,0,0,1,0,1,0,0,0,0,0,0,0,0,0,0,0,E1,0,212,0,93,4,0,0,1,0,0,0,0,0,Lust/Sex,0,0,0,0,0,0,0,0,0,0
Photograph,Ringo Starr,1973,1970,Pop,1973-11-24 00:00:00+00:00,1,0,7,6,6,6.333333333333333,0.6666666666666666,Apple,Apple,Pop,Rock,1.0,0,0,0,United Kingdom,33.0,1,1,0.0,Ringo Starr;George Harrison,Ringo Starr;George Harrison,1.0,1.0,1,0,Mark Hudson,1.0,1.0,0.0,0.0,0,4/4,E,E,111.0,70.0,62.0,90.0,-13.0,2.0,0,0,1,0,1,1,0,0,0,0,0,0,0,0,0,0,0,0,0,0,1,0,0,0,0,C1,0,239,0,95,14,0,0,0,0,0,0,0,0,Lost Love,0,0,0,0,0,0,0,0,0,0
Top of the World,The Carpenters,1973,1970,Pop,1973-12-01 00:00:00+00:00,2,0,3,5,6,4.666666666666667,2.0,A&M,A&M,Pop,Rock,2.0,0,0,0,United States,23.0,2,1,0.0,Richard Carpenter;John Bettis,Richard Carpenter;John Bettis,1.0,1.0,1,0,Jack Daugherty,1.0,1.0,0.0,0.0,0,4/4,Bb,Bb,92.0,34.0,38.0,69.0,-13.0,81.0,0,0,1,1,1,0,0,0,0,0,0,0,0,0,0,0,0,0,1,0,0,0,0,0,0,C1,0,179,0,31,16,0,0,0,0,0,0,0,0,Love,0,0,0,0,0,0,0,0,0,0
The Most Beautiful Girl,Charlie Rich,1973,1970,Folk/Country,1973-12-15 00:00:00+00:00,2,0,5,5,7,5.666666666666667,1.3333333333333333,Epic,CBS,Folk/Country,Rock;Pop,1.0,0,0,0,United States,41.0,1,1,0.0,Rory Bourke;Billy Sherrill;Norro Wilson,Rory Bourke;Billy Sherrill;Norro Wilson,1.0,1.0,0,0,Billy Sherrill,1.0,1.0,0.0,0.0,1,4/4,G,G,103.0,41.0,57.0,46.0,-10.0,70.0,0,0,1,1,1,0,0,0,0,0,0,0,0,0,0,0,0,0,1,0,0,0,0,0,0,C1,0,162,0,19,9,0,0,1,0,0,0,1,1,Lost Love,0,0,0,0,0,0,0,0,0,0
Time in a Bottle,Jim Croce,1973,1970,Pop,1973-12-29 00:00:00+00:00,2,0,10,10,9,9.666666666666666,0.6666666666666666,ABC,ABC,Pop,Rock;Pop,1.0,0,0,1,United States,30.0,1,1,0.0,Jim Croce,Jim Croce,1.0,1.0,1,1,Terry Cashman;Tommy West,1.0,1.0,0.0,0.0,0,3/4,Dm;D,Multiple Keys,134.0,26.0,54.0,63.0,-12.0,85.0,0,0,1,0,0,0,0,0,0,0,0,0,0,0,0,0,0,0,0,0,0,0,0,0,0,C1,0,147,0,65,10,0,0,0,0,0,0,0,0,Time;Love,0,0,0,0,0,0,0,0,0,0
The Joker,Steve Miller Band,1974,1970,Rock,1974-01-12 00:00:00+00:00,1,0,7,7,9,7.666666666666667,1.3333333333333333,Capitol,EMI,Rock,Rock,0.0,0,0,0,United States,30.0,1,1,0.0,Eddie Curtis;Ahmet Ertegün;Steve Miller,Eddie Curtis;Ahmet Ertegün;Steve Miller,1.0,2.0,1,0,Steve Miller,1.0,1.0,1.0,1.0,1,4/4,F,F,165.0,34.0,42.0,72.0,-13.0,45.0,0,0,1,0,0,0,0,0,0,0,0,0,0,0,0,0,0,0,0,0,0,0,0,0,0,C1,0,217,0,58,2,0,0,1,0,0,0,0,0,Lust/Sex,0,0,0,0,0,0,0,0,0,0
Show and Tell,Al Wilson,1974,1970,Funk/Soul,1974-01-19 00:00:00+00:00,1,0,6,6,4,5.333333333333333,1.3333333333333333,Rocky Road,Rocky Road,Funk/Soul,Funk/Soul,1.0,0,0,0,United States,34.0,1,0,1.0,Jerry Fuller,Jerry Fuller,1.0,1.0,0,0,Jerry Fuller,1.0,1.0,0.0,0.0,1,4/4,D,D,89.0,42.0,37.0,93.0,-11.0,30.0,0,1,1,1,1,1,0,0,0,0,0,1,0,0,0,0,0,0,0,0,0,0,0,0,0,C3,0,207,0,44,23,0,0,1,0,1,0,0,1,Love;Longing for Love,0,0,0,0,0,0,0,0,0,0
You're Sixteen,Ringo Starr,1974,1970,Rock,1974-01-26 00:00:00+00:00,1,0,3,5,2,3.333333333333333,2.0,Apple,Apple,Rock,Rock;Pop,1.0,0,0,0,United Kingdom,33.0,1,1,0.0,Robert B. Sherman;Richard M. Sherman,Robert B. Sherman;Richard M. Sherman,1.0,1.0,0,0,Richard Perry,1.0,1.0,0.0,0.0,0,4/4,Ab,Ab,124.0,63.0,67.0,86.0,-13.0,4.0,0,0,0,1,0,0,0,0,0,0,0,0,0,1,0,0,1,0,0,0,0,0,0,0,0,D1,0,169,0,47,7,0,0,1,0,1,0,0,1,Lust/Sex,0,0,0,0,0,0,0,0,0,0
The Way We Were,Barbra Streisand,1974,1970,Pop,1974-02-02 00:00:00+00:00,3,1,6,5,6,5.666666666666667,0.6666666666666666,Columbia,CBS,Pop,Pop,1.0,0,0,0,United States,31.0,0,1,0.0,Alan Bergman;Marilyn Bergman;Marvin Hamlisch,Alan Bergman;Marilyn Bergman;Marvin Hamlisch,2.0,1.0,0,0,Marty Patch,1.0,1.0,0.0,0.0,0,4/4,A,A,138.0,32.0,26.0,17.0,-12.0,88.0,0,0,0,1,1,1,0,0,0,0,0,0,0,0,0,0,0,0,0,0,0,0,0,0,0,D1,0,211,0,76,34,0,0,0,0,0,0,0,0,Lost Love,0,0,0,0,0,1,0,0,0,0
Love's Theme,Love Unlimited Orchestra,1974,1970,Funk/Soul,1974-02-09 00:00:00+00:00,1,0,6,7,5,6.0,1.3333333333333333,20th Century,20th Century Fox,Funk/Soul,Funk/Soul,0.0,0,0,0,United States,29.0,1,0,1.0,Barry White,Barry White,1.0,0.0,1,1,Barry White,1.0,0.0,1.0,1.0,1,4/4,D,D,97.0,71.0,52.0,84.0,-10.0,1.0,0,0,1,0,1,1,0,0,0,0,0,0,0,0,0,0,0,0,0,0,0,0,0,0,0,I,0,219,1,219,25,0,0,1,0,0,0,0,0,,0,0,0,0,0,0,0,0,0,0
Seasons in the Sun,Terry Jacks,1974,1970,Pop,1974-03-02 00:00:00+00:00,3,0,2,3,4,3.0,1.3333333333333333,Bell,Columbia Pictures,Pop,Rock;Pop,1.0,0,0,0,Canada,29.0,1,1,0.0,Jacques Brel;Rod McKuen,Jacques Brel;Rod McKuen,1.0,1.0,0,0,Terry Jacks,1.0,1.0,1.0,1.0,0,4/4,Gb;A;Bb&%,Multiple Keys,99.0,61.0,68.0,82.0,-8.0,78.0,0,0,1,1,1,0,0,0,0,0,0,0,0,0,0,0,0,0,0,0,0,0,0,0,0,C1,0,186,0,6,6,0,0,1,0,1,0,0,1,Death;Time,0,0,0,0,0,0,0,0,0,0
Dark Lady,Cher,1974,1970,Pop,1974-03-23 00:00:00+00:00,1,0,4,5,4,4.333333333333333,0.6666666666666666,MCA,MCA,Pop,Rock;Pop,1.0,0,0,0,United States,27.0,0,1,0.0,Johnny Durrill,Johnny Durrill,1.0,1.0,0,0,Snuff Garrett,1.0,1.0,0.0,0.0,0,4/4,Cm;Dbm&%,Cm,147.0,41.0,53.0,44.0,-15.0,49.0,0,0,1,0,1,0,0,0,0,0,0,0,0,1,0,0,0,0,0,0,0,0,0,0,0,C1,0,209,0,41,19,0,0,1,0,0,0,0,0,Murder;Death;Infidelity,1,0,0,0,0,0,0,0,0,0
Sunshine on My Shoulders,John Denver,1974,1970,Folk/Country,1974-03-30 00:00:00+00:00,1,0,6,6,7,6.333333333333333,0.6666666666666666,RCA,RCA,Folk/Country,"Folk, World, & Country",1.0,0,0,0,United States,30.0,1,1,0.0,John Denver;Dick Kniss;Mike Taylor,John Denver;Dick Kniss;Mike Taylor,1.0,1.0,1,0,Milt Okun,1.0,1.0,0.0,0.0,0,4/4,Bb,Bb,147.0,17.0,32.0,26.0,-14.0,92.0,0,0,1,0,1,1,0,0,0,0,0,0,0,0,0,0,0,0,0,0,0,0,0,0,0,A1,0,208,0,50,7,0,0,0,0,0,0,0,0,Hope;Friendship,0,0,0,0,0,0,0,0,0,0
Hooked on a Feeling,Blue Swede,1974,1970,Rock,1974-04-06 00:00:00+00:00,1,0,4,6,8,6.0,2.6666666666666665,EMI,EMI,Rock,Rock;Pop,0.0,0,0,0,Sweden,26.0,1,1,0.0,Mark James,Mark James,1.0,1.0,0,0,Bengt Palmers,1.0,1.0,0.0,0.0,0,4/4,Ab,Ab,118.0,67.0,55.0,90.0,-11.0,30.0,0,0,1,0,0,1,0,0,0,0,0,0,0,1,0,0,0,0,0,0,0,0,0,0,0,C3,0,173,0,21,9,0,0,1,0,1,0,0,1,Lust/Sex;Love,0,0,0,0,0,0,0,0,0,0
Bennie and the Jets,Elton John,1974,1970,Funk/Soul,1974-04-13 00:00:00+00:00,1,0,8,9,5,7.333333333333333,2.6666666666666665,MCA,MCA,Funk/Soul;Rock,Rock,1.0,0,0,0,United Kingdom,27.0,1,1,0.0,Elton John;Bernie Taupin,Elton John;Bernie Taupin,1.0,1.0,1,0,Gus Dudgeon,1.0,1.0,0.0,0.0,0,4/4,C,C,132.0,72.0,66.0,75.0,-7.0,30.0,0,0,0,1,0,0,0,0,0,0,0,1,0,1,0,0,0,0,0,0,0,0,0,0,0,C1,0,323,0,125,27,0,0,1,0,0,0,0,0,Bands,0,0,0,0,0,0,0,0,0,0
TSOP (The Sound of Philadelphia),MFSB,1974,1970,Funk/Soul,1974-04-20 00:00:00+00:00,2,0,8,5,8,7.0,2.0,Philadelphia International,Philadelphia International,Funk/Soul,Funk/Soul;Pop,0.0,0,0,0,United States,,1,2,2.0,Kenny Gamble;Leon Huff,Kenny Gamble;Leon Huff,1.0,0.0,0,0,Kenny Gamble;Leon Huff,1.0,0.0,0.0,0.0,1,4/4,C,C,114.0,85.0,72.0,96.0,-8.0,7.0,0,0,1,1,1,1,0,0,0,0,0,0,0,0,0,0,0,0,0,0,0,0,0,0,0,I,0,212,1,177,35,0,0,1,0,0,0,0,0,,0,0,0,0,0,0,1,0,0,0
The Loco-motion,Grand Funk,1974,1970,Rock,1974-05-04 00:00:00+00:00,2,0,6,4,6,5.333333333333333,1.3333333333333333,Capitol,EMI,Rock,Rock,0.0,1,0,0,United States,24.33333333333333,1,1,0.0,Gerry Goffin;Carole King,Gerry Goffin;Carole King,2.0,1.0,0,0,Todd Rundgren,1.0,1.0,0.0,0.0,0,4/4,D,D,125.0,95.0,48.0,28.0,-4.0,37.0,0,0,1,0,0,0,0,0,0,0,0,0,0,1,0,0,0,0,0,0,0,0,0,0,0,D1,0,167,0,33,3,0,0,1,0,1,0,0,1,Dancing,0,0,0,0,0,0,0,1,1,0
The Streak,Ray Stevens,1974,1970,Folk/Country,1974-05-18 00:00:00+00:00,3,0,1,1,1,1.0,0.0,Barnaby,Barnaby,Folk/Country,Rock;Pop,1.0,0,0,0,United States,35.0,1,1,0.0,Ray Stevens,Ray Stevens,1.0,1.0,1,1,Ray Stevens,1.0,1.0,1.0,1.0,1,Free;4/4,C,C,120.0,52.0,69.0,79.0,-14.0,65.0,0,0,0,0,0,0,0,1,0,0,0,0,0,0,0,0,0,0,0,0,0,0,0,0,0,C2,0,198,0,0,26,1,1,0,0,0,0,0,0,Nudity,1,1,0,0,0,0,0,0,0,0
Band on the Run,Paul McCartney & Wings,1974,1970,Rock,1974-06-08 00:00:00+00:00,1,0,9,9,7,8.333333333333334,1.3333333333333333,Apple,Apple,Rock,Rock,0.0,0,0,0,United Kingdom,31.0,2,1,0.0,Paul McCartney;Linda McCartney,Paul McCartney;Linda McCartney,2.0,1.0,1,1,Paul McCartney,1.0,1.0,1.0,1.0,1,4/4,G;C%,G,125.0,60.0,48.0,67.0,-9.0,8.0,0,0,1,0,1,1,0,0,0,0,0,0,0,1,0,0,0,0,0,0,0,0,0,0,0,F,0,309,0,114,37,0,0,0,0,0,0,0,0,Escape;Bands,1,0,0,0,0,0,0,0,0,0
Billy Don't Be a Hero,Bo Donaldson & the Heywoods,1974,1970,Rock,1974-06-15 00:00:00+00:00,2,0,2,3,2,2.333333333333333,0.6666666666666666,ABC,ABC,Rock,Rock,0.0,0,1,0,United States,,1,1,0.0,Peter Callander;Mitch Murray,Peter Callander;Mitch Murray,1.0,1.0,0,0,Steve Barri,1.0,1.0,0.0,0.0,0,4/4,Bb;B&%,Bb,122.0,69.0,70.0,96.0,-10.0,2.0,0,0,1,0,0,1,0,0,0,0,0,0,1,1,0,0,0,0,0,0,0,0,0,0,0,C1,0,207,0,63,17,0,0,1,0,1,0,0,1,Love;Death;War,1,0,0,0,0,0,0,0,0,0
Sundown,Gordon Lightfoot,1974,1970,Rock,1974-06-29 00:00:00+00:00,1,0,8,8,9,8.333333333333334,0.6666666666666666,Reprise,Warner Bros.,Rock,Rock,1.0,0,0,0,Canada,35.0,1,1,0.0,Gordon Lightfoot,Gordon Lightfoot,1.0,1.0,1,1,Lenny Waronker,1.0,1.0,0.0,0.0,0,4/4,Gb,Gb,106.0,43.0,79.0,75.0,-15.0,33.0,0,0,1,0,0,0,0,0,0,0,0,0,0,0,0,0,0,0,0,0,0,0,0,0,0,C1,0,213,0,81,18,0,0,1,0,0,0,0,0,Lost Love,0,0,0,0,0,0,0,0,0,0
Rock the Boat,Hues Corporation,1974,1970,Funk/Soul,1974-07-06 00:00:00+00:00,1,0,7,7,7,7.0,0.0,RCA,RCA,Funk/Soul,Funk/Soul,0.0,1,0,0,United States,30.0,2,0,1.0,Wally Holmes,Wally Holmes,1.0,1.0,0,0,John Florez,1.0,1.0,0.0,0.0,0,4/4;7/4,Eb,Eb,107.0,58.0,60.0,88.0,-10.0,26.0,0,0,1,1,1,1,0,0,0,0,0,0,0,0,0,0,0,0,0,0,0,0,0,0,0,C3,0,203,0,52,8,0,0,1,0,0,0,0,0,Love,0,0,0,0,0,0,0,0,0,0
Rock Your Baby,George McCrae,1974,1970,Funk/Soul,1974-07-13 00:00:00+00:00,2,0,9,8,7,8.0,1.3333333333333333,TK,TK,Funk/Soul,Funk/Soul;Pop,1.0,0,0,0,United States,29.0,1,0,1.0,Harry Wayne Casey;Richard Finch,Harry Wayne Casey;Richard Finch,1.0,1.0,0,0,Harry Wayne Casey;Richard Finch,1.0,1.0,0.0,0.0,1,4/4,Eb,Eb,104.0,66.0,61.0,94.0,-13.0,28.0,0,0,1,1,0,0,0,0,0,0,0,0,0,0,0,0,0,0,0,0,0,0,0,0,0,C1,0,199,0,78,40,0,0,1,0,0,0,0,0,Lust/Sex,0,0,0,0,0,0,0,0,0,0
Annie's Song,John Denver,1974,1970,Folk/Country,1974-07-27 00:00:00+00:00,2,0,7,5,8,6.666666666666667,2.0,RCA,RCA,Folk/Country,Rock,1.0,0,0,0,United States,30.0,1,1,0.0,John Denver,John Denver,1.0,1.0,1,1,Milt Okun,1.0,1.0,0.0,0.0,0,3/4,D,D,146.0,31.0,30.0,46.0,-11.0,87.0,0,0,1,0,1,1,0,0,0,0,0,0,1,0,0,0,0,1,0,0,0,0,0,0,0,A1,0,181,0,33,9,0,0,1,0,0,0,0,0,Love,0,0,0,0,0,0,0,0,0,0
Feel Like Makin' Love,Roberta Flack,1974,1970,Funk/Soul,1974-08-10 00:00:00+00:00,1,0,5,7,7,6.333333333333333,1.3333333333333333,Atlantic,Warner Bros.,Funk/Soul,Funk/Soul,1.0,0,0,0,United States,37.0,0,0,1.0,Eugene McDaniels,Eugene McDaniels,1.0,0.0,0,0,Roberta Flack,0.0,0.0,1.0,1.0,0,4/4,Eb,Eb,94.0,26.0,68.0,69.0,-22.0,83.0,0,1,1,1,0,0,0,0,0,0,0,0,0,0,0,0,0,0,0,0,0,0,0,0,0,C1,0,175,0,24,1,0,0,1,0,0,0,0,0,Lust/Sex,0,0,1,0,0,0,0,0,0,0
The Night Chicago Died,Paper Lace,1974,1970,Rock,1974-08-17 00:00:00+00:00,1,0,4,4,5,4.333333333333333,0.6666666666666666,Mercury,Polygram,Rock,Rock,0.0,0,0,0,United Kingdom,26.0,1,1,0.0,Peter Callander;Mitch Murray,Peter Callander;Mitch Murray,1.0,1.0,0,0,Peter Callander;Mitch Murray,1.0,1.0,0.0,0.0,1,4/4,C,C,107.0,45.0,77.0,81.0,-12.0,35.0,0,0,1,1,0,0,0,0,0,0,0,0,0,1,0,0,0,0,0,0,0,0,0,0,0,C2,0,203,0,24,28,1,0,1,0,0,0,0,0,Murder;Death,1,1,0,0,0,0,0,0,0,0
(You're) Having My Baby,Paul Anka & Odia Coates,1974,1970,Pop,1974-08-24 00:00:00+00:00,3,0,1,4,1,2.0,2.0,United Artists,Transamerica,Pop,Pop,2.0,1,0,0,Canada;United States,32.5,2,2,2.0,Paul Anka,Paul Anka,1.0,1.0,1,1,Rick Hall,1.0,1.0,0.0,0.0,0,4/4,C,C,75.0,59.0,60.0,69.0,-9.0,55.0,0,0,1,1,1,1,0,0,0,0,0,0,0,0,0,0,0,0,0,0,0,0,0,0,0,D1,0,156,0,12,12,0,0,1,0,0,0,0,0,Child Birth;Family;Love,0,0,0,0,0,0,0,0,0,0
I Shot the Sheriff,Eric Clapton,1974,1970,Reggae,1974-09-14 00:00:00+00:00,1,0,5,5,3,4.333333333333333,1.3333333333333333,RSO,RSO,Reggae,Rock,1.0,0,0,0,United Kingdom,29.0,1,1,0.0,Bob Marley,Bob Marley,1.0,0.0,0,0,Tom Dowd,1.0,1.0,0.0,0.0,0,4/4,Gm,Gm,94.0,57.0,73.0,69.0,-14.0,11.0,0,0,1,1,0,0,0,0,0,0,0,0,0,0,0,0,0,0,0,0,0,0,0,0,0,C1,0,210,0,59,0,0,0,1,0,1,0,0,1,Murder,1,0,0,0,0,0,0,0,0,0
"Can't Get Enough of Your Love, Babe",Barry White,1974,1970,Funk/Soul,1974-09-21 00:00:00+00:00,1,0,8,8,8,8.0,0.0,20th Century,20th Century Fox,Funk/Soul,Funk/Soul,1.0,0,0,0,United States,30.0,1,0,1.0,Barry White,Barry White,1.0,0.0,1,1,Barry White,1.0,0.0,1.0,1.0,1,4/4,F,F,111.0,83.0,80.0,75.0,-7.0,12.0,0,0,1,0,1,1,0,0,0,0,0,0,0,0,0,0,0,0,0,0,0,0,0,0,0,C2,0,229,0,43,37,1,0,1,0,0,0,0,0,Lust/Sex,0,0,1,0,0,0,0,0,0,0
Rock Me Gently,Andy Kim,1974,1970,Pop,1974-09-28 00:00:00+00:00,1,0,9,7,8,8.0,1.3333333333333333,Capitol,EMI,Pop,Rock,1.0,0,0,0,Canada,27.0,1,1,0.0,Andy Kim,Andy Kim,1.0,1.0,1,1,Andy Kim,1.0,1.0,1.0,1.0,1,4/4,C,C,123.0,70.0,72.0,78.0,-8.0,23.0,0,0,1,1,0,0,0,0,0,0,0,1,0,0,0,0,0,0,0,0,0,0,0,0,0,C3,0,208,0,43,17,0,0,1,0,0,0,0,0,Lust/Sex,0,0,0,0,0,0,0,0,0,0
I Honestly Love You,Olivia Newton-John,1974,1970,Pop,1974-10-05 00:00:00+00:00,2,0,4,4,6,4.666666666666667,1.3333333333333333,MCA,MCA,Pop,Pop,1.0,0,0,0,Australia,26.0,0,1,0.0,Jeff Barry;Peter Allen,Jeff Barry;Peter Allen,1.0,1.0,0,0,John Farrar,1.0,1.0,0.0,0.0,0,4/4,Bb;B&%,Bb,135.0,11.0,36.0,15.0,-15.0,96.0,0,0,0,1,1,0,0,0,0,0,0,0,0,0,0,0,0,0,0,0,0,0,0,0,0,D1,0,221,0,72,22,0,0,0,0,0,0,0,0,Love;Forbidden Love,0,0,0,0,0,0,0,0,0,0
Nothing from Nothing,Billy Preston,1974,1970,Funk/Soul,1974-10-19 00:00:00+00:00,1,0,5,7,6,6.0,1.3333333333333333,A&M,A&M,Funk/Soul,Funk/Soul,1.0,0,0,0,United States,28.0,1,0,1.0,Billy Preston;Bruce Fisher,Billy Preston;Bruce Fisher,1.0,0.0,1,0,Billy Preston,1.0,0.0,1.0,1.0,1,4/4,C,C,103.0,71.0,81.0,92.0,-8.0,58.0,0,0,0,1,0,1,0,1,0,0,0,0,0,0,0,0,0,0,0,0,0,0,0,0,0,C1,0,158,0,79,15,0,0,1,0,0,0,1,1,Lust/Sex,0,0,0,0,0,0,0,0,0,0
Then Came You,Dionne Warwick & The Spinners,1974,1970,Funk/Soul,1974-10-26 00:00:00+00:00,1,0,7,6,7,6.666666666666667,0.6666666666666666,Atlantic,Warner Bros.,Funk/Soul,Funk/Soul,0.0,1,0,0,United States,33.0,2,0,1.0,Sherman Marshall;Philip Pugh,Sherman Marshall;Philip Pugh,1.0,0.0,0,0,Thom Bell,1.0,0.0,0.0,0.0,0,4/4,F;G&%,F,116.0,59.0,84.0,80.0,-12.0,51.0,0,0,0,1,1,1,0,0,0,0,0,0,0,0,0,0,0,0,0,0,0,1,0,0,0,C1,0,239,0,60,18,0,0,1,0,0,0,0,0,Love,0,0,0,0,0,0,0,0,0,0
You Haven't Done Nothin',Stevie Wonder,1974,1970,Funk/Soul,1974-11-02 00:00:00+00:00,1,0,7,6,10,7.666666666666667,2.6666666666666665,Tamla,Motown,Funk/Soul,Funk/Soul,1.0,0,0,0,United States,24.0,1,0,1.0,Stevie Wonder,Stevie Wonder,1.0,0.0,1,1,Stevie Wonder;Malcolm Cecil;Robert Margouleff,1.0,2.0,1.0,0.0,1,4/4,Ebm,Ebm,101.0,63.0,75.0,82.0,-10.0,29.0,0,0,0,1,0,1,0,0,0,0,0,0,0,0,0,0,0,0,0,0,0,0,0,0,0,C1,0,203,0,67,28,0,0,1,0,0,0,0,0,Anger,0,0,0,0,0,0,0,0,0,0
You Ain't Seen Nothing Yet,Bachman-Turner Overdrive,1974,1970,Rock,1974-11-09 00:00:00+00:00,1,0,8,5,9,7.333333333333333,2.6666666666666665,Mercury,Polygram,Rock,Rock,0.0,0,0,0,Canada,31.0,1,1,0.0,Randy Bachman,Randy Bachman,1.0,1.0,1,1,Randy Bachman,1.0,1.0,1.0,1.0,1,4/4,A,A,120.0,53.0,51.0,79.0,-12.0,0.0,0,0,1,0,0,0,0,0,0,0,1,0,0,0,0,0,0,0,0,0,0,0,0,0,0,C3,0,218,0,77,17,0,0,1,0,0,0,0,0,Lust/Sex,1,0,0,0,0,0,0,0,0,0
Whatever Gets You Thru the Night,John Lennon,1974,1970,Rock,1974-11-16 00:00:00+00:00,1,0,8,6,6,6.666666666666667,1.3333333333333333,Apple,Apple,Rock,Rock,1.0,0,0,0,United Kingdom,34.0,1,1,0.0,John Lennon,John Lennon,1.0,1.0,1,1,John Lennon,1.0,1.0,1.0,1.0,1,4/4,D,D,126.0,79.0,57.0,77.0,-11.0,56.0,0,0,1,1,0,1,0,0,0,0,0,0,0,1,0,0,0,0,0,0,1,0,0,0,0,D1,0,206,0,101,14,0,0,1,0,0,0,0,0,Hope;Faithfulness,0,0,0,0,0,0,0,0,0,0
I Can Help,Billy Swam,1974,1970,Pop,1974-11-23 00:00:00+00:00,2,0,6,4,5,5.0,1.3333333333333333,Monument,Monument,Pop,Rock,1.0,0,0,0,United States,32.0,1,1,0.0,Billy Swam,Billy Swam,1.0,1.0,1,1,Nick Shaffran,1.0,1.0,0.0,0.0,0,4/4,C,C,125.0,68.0,47.0,53.0,-9.0,51.0,0,0,1,1,0,0,0,0,0,0,0,0,0,1,0,0,0,0,0,0,0,0,0,0,0,D1,0,178,0,83,19,0,0,0,0,0,0,0,0,Lust/Sex,0,0,0,0,0,0,0,0,0,0
Kung Fu Fighting,Carl Douglas,1974,1970,Funk/Soul,1974-12-07 00:00:00+00:00,2,0,4,3,5,4.0,1.3333333333333333,20th Century,20th Century Fox,Funk/Soul,"Funk/Soul;Folk, World, & Country",1.0,0,0,0,Jamaica,32.0,1,0,1.0,Carl Douglas,Carl Douglas,1.0,0.0,1,1,Biddu Appaiah,1.0,0.0,0.0,0.0,0,Free;4/4,D,D,102.0,67.0,60.0,59.0,-10.0,4.0,0,0,1,0,1,1,0,0,0,0,0,0,0,0,0,0,0,0,0,0,0,0,0,0,0,C2,0,195,0,0,26,1,1,1,0,0,0,1,1,Fighting,0,0,0,0,0,0,0,0,0,0
Cat's in the Cradle,Harry Chapin,1974,1970,Rock,1974-12-21 00:00:00+00:00,1,0,8,8,9,8.333333333333334,0.6666666666666666,Elektra,Warner Bros.,Rock,Rock,1.0,0,0,0,United States,32.0,1,1,0.0,Harry Chapin;Sandra Chapin,Harry Chapin;Sandra Chapin,2.0,1.0,1,0,Paul Leka,1.0,1.0,0.0,0.0,0,4/4;2/4,F,F,78.0,48.0,46.0,51.0,-13.0,46.0,0,0,1,0,1,0,0,0,0,0,0,0,0,0,0,0,0,0,0,0,0,0,0,0,0,C1,0,212,0,59,13,0,0,0,0,0,0,0,0,Growing Up;Childhood;Bad Relationships,1,0,0,0,0,0,0,0,0,0
Angie Baby,Helen Reddy,1974,1970,Pop,1974-12-28 00:00:00+00:00,1,0,7,5,7,6.333333333333333,1.3333333333333333,Capitol,EMI,Pop,Rock,1.0,0,0,0,Australia,33.0,0,1,0.0,Alan O'Day,Alan O'Day,1.0,1.0,0,0,Jay Senter;Larry Marks;Tom Catalano,1.0,1.0,0.0,0.0,0,4/4,Gm,Gm,80.0,34.0,56.0,60.0,-16.0,48.0,0,0,1,0,1,0,0,0,0,0,0,0,0,0,0,0,0,0,0,0,0,0,0,0,0,D1,0,211,0,64,7,0,0,1,0,0,0,0,0,Lust/Sex;Dancing;Escape,1,0,0,0,0,0,0,0,0,0
Lucy in the Sky with Diamonds,Elton John,1975,1970,Rock,1975-01-04 00:00:00+00:00,2,0,4,4,4,4.0,0.0,MCA,MCA,Rock,Rock,1.0,0,0,0,United Kingdom,27.0,1,1,0.0,John Lennon;Paul McCartney,John Lennon;Paul McCartney,1.0,1.0,0,0,Gus Dudgeon,1.0,1.0,0.0,0.0,0,3/4;4/4,G;Eb;F,Multiple Keys,164.0,57.0,39.0,54.0,-8.0,9.0,0,0,1,1,0,1,0,0,0,0,0,0,0,0,0,0,0,0,0,0,0,1,0,0,0,C3,0,354,0,81,26,0,0,1,0,1,0,0,1,Love;Appreciation,0,0,0,0,0,0,0,0,0,0
Mandy,Barry Manilow,1975,1970,Pop,1975-01-18 00:00:00+00:00,1,0,3,6,4,4.333333333333333,2.0,Bell,Columbia Pictures,Pop,Rock;Pop,1.0,0,0,0,United States,31.0,1,1,0.0,Scott English;Richard Kerr,Scott English;Richard Kerr,1.0,1.0,0,0,Barry Manilow;Ron Dante,1.0,1.0,1.0,0.0,0,4/4,Bb;C&%,Bb,104.0,46.0,31.0,32.0,-9.0,42.0,0,0,0,1,1,1,0,0,0,0,0,0,0,0,0,0,0,0,0,0,0,0,0,0,0,E1,0,195,0,66,18,0,0,1,0,1,0,0,1,Lost Love,0,0,0,0,0,0,0,0,0,0
Please Mr. Postman,The Carpenters,1975,1970,Pop,1975-01-25 00:00:00+00:00,1,0,1,2,2,1.6666666666666667,0.6666666666666666,A&M,A&M,Pop,Pop,2.0,1,0,0,United States,24.0,2,1,0.0,Freddie Gorman;Brian Holland;Robert Bateman,Freddie Gorman;Brian Holland;Robert Bateman,1.0,0.0,0,0,Richard Carpenter;Karen Carpenter,2.0,1.0,1.0,1.0,0,4/4,A,A,133.0,55.0,66.0,96.0,-12.0,14.0,0,0,1,0,1,1,0,0,0,0,0,0,0,1,0,0,0,0,0,0,1,0,0,0,0,C1,0,172,0,62,10,1,0,1,0,1,0,0,1,Lost Love;Love,0,0,0,0,0,0,0,0,1,0
Laughter in the Rain,Neil Sedaka,1975,1970,Pop,1975-02-01 00:00:00+00:00,1,0,4,2,2,2.6666666666666665,1.3333333333333333,Rocket,MCA,Pop,Rock;Pop,1.0,0,0,0,United States,35.0,1,1,0.0,Neil Sedaka;Phil Cody,Neil Sedaka;Phil Cody,1.0,1.0,1,0,Neil Sedaka;Robert Appere,1.0,1.0,1.0,0.0,1,4/4,F,F,101.0,63.0,51.0,95.0,-9.0,36.0,0,0,0,1,1,1,0,0,0,0,0,0,0,0,0,0,0,0,0,0,1,0,0,0,0,C1,0,170,0,35,11,0,0,1,0,0,0,0,0,Love,0,0,0,0,0,0,0,0,0,0
Fire,Ohio Players,1975,1970,Funk/Soul,1975-02-08 00:00:00+00:00,1,0,8,6,8,7.333333333333333,1.3333333333333333,Mercury,Polygram,Funk/Soul,Funk/Soul,0.0,0,0,0,United States,,1,0,1.0,William Beck;Leroy Bonner;Marshall Jones;Ralph Middlebrooks;Marvin Pierce;Clarence Satchell;James Williams,William Beck;Leroy Bonner;Marshall Jones;Ralph Middlebrooks;Marvin Pierce;Clarence Satchell;James Williams,1.0,0.0,1,1,William Beck;Leroy Bonner;Marshall Jones;Ralph Middlebrooks;Marvin Pierce;Clarence Satchell;James Williams,1.0,0.0,1.0,1.0,1,4/4,Cm;Dbm&%,Cm,107.0,68.0,62.0,84.0,-16.0,10.0,0,1,1,0,0,1,0,0,0,0,0,1,0,0,0,0,0,0,0,0,0,0,0,0,0,C1,0,192,0,81,24,0,0,1,0,0,0,0,0,Lust/Sex,0,0,0,0,0,0,0,0,0,0
You're No Good,Linda Ronstadt,1975,1970,Rock,1975-02-15 00:00:00+00:00,1,0,8,6,7,7.0,1.3333333333333333,Capitol,EMI,Rock,"Funk/Soul;Folk, World, & Country",1.0,0,0,0,United States,28.0,0,1,0.0,"Clint Ballard, Jr.","Clint Ballard, Jr.",1.0,1.0,0,0,Peter Asher,1.0,1.0,0.0,0.0,0,4/4,Bbm,Bbm,105.0,52.0,67.0,63.0,-10.0,25.0,0,0,1,1,1,0,0,0,0,0,0,0,0,1,0,0,0,0,0,0,0,0,0,0,0,C1,0,224,0,110,10,0,0,1,0,1,0,0,1,Bad Relationships;Lost Love;Longing for Love;Regret,0,0,0,0,0,0,0,0,0,0
Pick Up the Pieces,Average White Band,1975,1970,Funk/Soul,1975-02-22 00:00:00+00:00,1,0,5,6,9,6.666666666666667,2.6666666666666665,Atlantic,Warner Bros.,Funk/Soul,Funk/Soul,0.0,0,0,0,United Kingdom,27.2,1,1,0.0,Roger Ball;Malcolm Duncan;Alan Gorrie;Onnie McIntyre;Hamish Stuart;Robbie McIntosh,Roger Ball;Malcolm Duncan;Alan Gorrie;Onnie McIntyre;Hamish Stuart;Robbie McIntosh,1.0,1.0,1,1,Arif Mardin,1.0,1.0,0.0,0.0,0,4/4,Fm,Fm,107.0,80.0,76.0,93.0,-8.0,6.0,0,0,1,0,0,1,0,0,0,0,0,0,0,1,0,0,0,0,0,0,1,0,0,0,0,I,0,185,1,185,10,0,0,1,0,0,0,0,0,,0,0,0,0,0,0,0,0,0,0
Best of My Love,Eagles,1975,1970,Rock,1975-03-01 00:00:00+00:00,1,0,6,5,5,5.333333333333333,0.6666666666666666,Asylum,Warner Bros.,Rock,Rock,0.0,0,0,0,United States,27.0,1,1,0.0,Don Henley;Glenn Frey;JD Souther,Don Henley;Glenn Frey;JD Souther,1.0,1.0,1,0,Glyn Johns,1.0,1.0,0.0,0.0,0,4/4,C,C,90.0,38.0,40.0,74.0,-12.0,65.0,0,0,1,0,0,0,0,0,0,0,0,0,0,0,0,0,0,0,1,0,0,0,0,0,0,E1,0,330,0,30,22,0,0,1,0,0,0,0,0,Lost Love,0,0,0,0,0,0,0,0,0,0
Have You Never Been Mellow,Olivia Newton-John,1975,1970,Pop,1975-03-08 00:00:00+00:00,1,0,3,4,2,3.0,1.3333333333333333,MCA,MCA,Pop,Pop,1.0,0,0,0,Australia,26.0,0,1,0.0,John Farrar,John Farrar,1.0,1.0,0,0,John Farrar,1.0,1.0,0.0,0.0,1,4/4,C,C,122.0,32.0,54.0,42.0,-14.0,57.0,0,0,1,1,1,0,0,0,0,0,0,0,0,0,0,0,0,0,0,0,0,0,0,0,0,C3,0,210,0,50,18,0,0,0,0,0,0,0,0,Calming Down,0,0,0,0,0,0,0,0,0,0
Black Water,The Doobie Brothers,1975,1970,Rock,1975-03-15 00:00:00+00:00,1,0,8,9,6,7.666666666666667,2.0,Warner Bros.,Warner Bros.,Rock;Folk/Country,Rock;Pop,0.0,0,0,0,United States,26.0,1,2,2.0,Patrick Simmons,Patrick Simmons,1.0,1.0,1,1,Ted Templeman,1.0,1.0,0.0,0.0,0,4/4,D,D,168.0,31.0,54.0,65.0,-18.0,33.0,0,0,1,0,1,0,0,0,0,0,0,0,0,0,0,0,0,0,0,0,0,0,0,0,0,E1,0,255,0,70,18,0,0,1,0,0,0,0,0,Dancing;Partying,0,0,0,0,0,0,0,0,0,0
My Eyes Adored You,Frankie Valli,1975,1970,Pop,1975-03-22 00:00:00+00:00,1,0,6,6,5,5.666666666666667,0.6666666666666666,Private Stock,Private Stock,Pop,Funk/Soul,1.0,0,0,0,United States,41.0,1,1,0.0,Bob Crewe;Kenny Nolan,Bob Crewe;Kenny Nolan,1.0,1.0,0,0,Bob Crewe,1.0,1.0,0.0,0.0,1,4/4,D;Eb;E;F&%,D,138.0,50.0,46.0,39.0,-10.0,24.0,0,0,1,0,1,0,0,0,0,0,0,0,0,0,1,0,0,0,0,0,0,0,0,0,0,C1,0,212,0,18,14,0,0,1,0,0,0,0,0,Lost Love;Love;Growing Up,0,0,0,0,0,0,0,0,0,0
Lady Marmalade,LaBelle,1975,1970,Funk/Soul,1975-03-29 00:00:00+00:00,1,0,8,5,8,7.0,2.0,Epic,CBS,Funk/Soul,Funk/Soul,0.0,1,0,0,United States,30.0,0,0,1.0,Bob Crewe;Kenny Nolan,Bob Crewe;Kenny Nolan,1.0,1.0,0,0,Allen Toussaint;Vicki Wickham,2.0,2.0,0.0,0.0,0,4/4,Dm,Dm,118.0,65.0,57.0,95.0,-11.0,55.0,0,1,0,1,0,1,0,0,0,0,0,0,0,0,0,0,0,0,0,0,0,0,0,0,0,C1,0,236,0,30,8,0,0,1,0,1,0,0,1,Lust/Sex,0,0,0,1,0,0,0,0,1,0
Lovin' You,Minnie Riperton,1975,1970,Pop,1975-03-29 00:00:00+00:00,1,0,3,4,7,4.666666666666667,2.6666666666666665,Epic,CBS,Pop,Funk/Soul,1.0,0,0,0,United States,27.0,0,0,1.0,Minnie Riperton;Richard Rudolph,Minnie Riperton;Richard Rudolph,2.0,0.0,1,0,Stevie Wonder;Richard Rudolph,1.0,2.0,0.0,0.0,1,4/4,A,A,101.0,21.0,39.0,31.0,-12.0,90.0,0,0,1,1,1,0,0,0,0,0,0,1,0,0,0,0,0,0,0,0,0,0,0,0,0,C1,0,204,0,17,17,0,0,1,0,0,0,0,0,Love,0,0,0,0,0,0,0,0,0,0
Philadelphia Freedom,Elton John,1975,1970,Rock,1975-04-12 00:00:00+00:00,2,0,6,6,8,6.666666666666667,1.3333333333333333,MCA,MCA,Rock,Rock,1.0,0,0,0,United Kingdom,28.0,1,1,0.0,Elton John;Bernie Taupin,Elton John;Bernie Taupin,1.0,1.0,1,0,Gus Dudgeon,1.0,1.0,0.0,0.0,0,4/4,A,A,125.0,68.0,71.0,81.0,-6.0,4.0,0,1,1,0,1,1,0,0,0,0,0,0,1,0,0,0,0,0,0,0,0,0,1,0,0,C3,0,325,0,68,15,0,0,0,0,0,0,0,0,Appreciation;Love,0,0,0,0,0,0,0,0,0,0
(Hey Won't You Play) Another Somebody Done Somebody Wrong Song,B.J. Thomas,1975,1970,Folk/Country,1975-04-26 00:00:00+00:00,1,0,5,5,6,5.333333333333333,0.6666666666666666,ABC,ABC,Folk/Country,Rock,1.0,0,0,0,United States,32.0,1,1,0.0,Larry Butler;Chips Moman,Larry Butler;Chips Moman,1.0,1.0,0,0,Chips Moman,1.0,1.0,0.0,0.0,1,Free;4/4,E,E,125.0,53.0,64.0,70.0,-11.0,74.0,0,0,1,0,1,1,0,0,0,0,0,0,0,0,0,0,0,0,0,0,0,0,0,0,0,C2,0,206,0,27,21,1,1,1,0,0,0,0,0,Lost Love,0,0,0,0,0,0,0,0,0,0
He Don't Love You (Like I Love You),Tony Orlando & Dawn,1975,1970,Pop,1975-05-03 00:00:00+00:00,3,0,4,4,2,3.333333333333333,1.3333333333333333,Elektra,Warner Bros.,Pop,Rock,0.0,1,0,0,United States,31.0,2,2,2.0,Jerry Butler;Calvin Carter;Curtis Mayfield,Jerry Butler;Calvin Carter;Curtis Mayfield,1.0,0.0,0,0,Dave Appell;Hank Medress,1.0,1.0,0.0,0.0,0,4/4,A;Bb&%,A,119.0,55.0,64.0,81.0,-12.0,29.0,0,0,1,1,1,1,0,0,0,0,0,0,0,0,0,0,0,0,1,0,0,0,0,0,0,E1,0,219,0,35,14,0,0,1,0,1,0,0,1,Longing for Love,0,0,0,0,0,0,0,0,0,0
Shining Star,"Earth, Wind & Fire",1975,1970,Funk/Soul,1975-05-24 00:00:00+00:00,1,0,9,9,9,9.0,0.0,Columbia,CBS,Funk/Soul,Funk/Soul,0.0,1,0,0,United States,34.0,1,0,1.0,Maurice White;Larry Dunn;Philip Bailey,Maurice White;Larry Dunn;Philip Bailey,1.0,0.0,1,1,Maurice White;Charles Stepney,1.0,0.0,1.0,0.0,1,4/4,Em,Em,103.0,69.0,68.0,80.0,-13.0,67.0,0,0,1,1,0,1,0,0,0,0,0,1,0,0,0,0,0,0,0,0,0,0,0,0,0,C1,0,170,0,67,19,0,0,0,0,0,0,0,0,Dreaming;Empowerment,0,0,0,0,0,0,0,0,0,0
Before the Next Teardrop Falls,Freddy Fender,1975,1970,Folk/Country,1975-05-31 00:00:00+00:00,1,0,4,8,10,7.333333333333333,4.0,ABC;Dot,ABC,Folk/Country,"Folk, World, & Country",1.0,0,0,0,United States,37.0,1,0,0.0,Vivian Keith;Ben Peters,Vivian Keith;Ben Peters,2.0,1.0,0,0,Huey P. Meaux,1.0,1.0,0.0,0.0,0,4/4,Bb,Bb,92.0,29.0,77.0,69.0,-9.0,88.0,0,0,1,0,0,0,0,0,0,0,0,0,0,0,0,0,0,0,0,0,0,0,0,0,0,A2,0,153,0,26,10,0,0,0,0,1,0,0,1,Longing for Love,0,0,0,1,0,0,0,0,0,0
Thank God I'm a Country Boy,John Denver,1975,1970,Folk/Country,1975-06-07 00:00:00+00:00,1,0,7,5,3,5.0,2.6666666666666665,RCA,RCA,Folk/Country,"Folk, World, & Country",1.0,0,0,0,United States,31.0,1,1,0.0,John Martin Sommers,John Martin Sommers,1.0,1.0,0,0,Milt Okun,1.0,1.0,0.0,0.0,0,2/4;3/4,A,A,101.0,88.0,62.0,78.0,-9.0,61.0,0,0,1,0,1,0,0,0,0,0,0,0,0,1,0,0,0,0,0,0,0,0,0,0,1,D1,0,167,0,41,4,0,0,0,1,0,0,0,0,Appreciation;Growing Up;Family,0,0,0,0,0,0,0,0,0,0
Sister Golden Hair,America,1975,1970,Rock,1975-06-14 00:00:00+00:00,1,0,7,9,5,7.0,2.6666666666666665,Warner Bros.,Warner Bros.,Rock,Rock,0.0,0,0,0,United Kingdom,23.0,1,1,0.0,Gerry Beckley,Gerry Beckley,1.0,1.0,1,1,George Martin,1.0,1.0,0.0,0.0,0,4/4,E,E,135.0,55.0,44.0,72.0,-12.0,13.0,0,0,1,0,0,0,0,0,0,0,0,0,0,0,0,0,0,0,0,0,0,0,0,0,0,C1,0,200,0,84,18,0,0,0,0,0,0,0,0,Love;Restlessness,0,0,1,0,0,0,0,0,0,0
Love Will Keep Us Together,Captain & Tennille,1975,1970,Pop,1975-06-21 00:00:00+00:00,4,0,6,6,2,4.666666666666667,2.6666666666666665,A&M,A&M,Pop,Pop,2.0,0,0,0,United States,33.5,2,1,0.0,Neil Sedaka;Howard Greenfield,Neil Sedaka;Howard Greenfield,1.0,1.0,0,0,Daryl Dragon,1.0,1.0,1.0,1.0,0,4/4,B;C&%,B,130.0,78.0,63.0,93.0,-4.0,37.0,0,0,0,1,0,0,0,0,0,0,0,0,0,1,0,0,0,0,0,0,0,0,0,0,0,E1,0,205,0,60,8,0,0,1,0,1,0,0,1,Love,0,0,0,0,0,0,0,0,0,0
Listen to What the Man Said,Paul McCartney & Wings,1975,1970,Pop,1975-07-19 00:00:00+00:00,1,0,6,6,3,5.0,2.0,Capitol,EMI,Pop,Rock,0.0,0,0,0,United Kingdom,33.0,2,1,0.0,Paul McCartney;Linda McCartney,Paul McCartney;Linda McCartney,2.0,1.0,1,1,Paul McCartney,1.0,1.0,1.0,1.0,1,4/4,G,G,113.0,67.0,49.0,59.0,-7.0,11.0,0,0,1,0,0,1,0,0,0,0,0,1,0,0,0,0,0,0,0,0,1,0,0,0,0,C1,0,235,0,107,19,0,0,0,0,0,0,0,0,Love,0,0,0,0,0,0,0,0,0,0
The Hustle,Van McCoy & the Soul City Symphony,1975,1970,Funk/Soul,1975-07-26 00:00:00+00:00,1,0,3,5,5,4.333333333333333,1.3333333333333333,Avco,Avco,Funk/Soul,Funk/Soul,0.0,0,0,0,United States,35.0,1,0,1.0,Van McCoy,Van McCoy,1.0,0.0,1,1,Hugo Peretti;Luigi Creatore,1.0,1.0,0.0,0.0,0,4/4,F,F,110.0,62.0,64.0,75.0,-18.0,4.0,0,0,1,0,1,1,0,0,0,0,0,0,0,0,0,0,0,0,0,0,0,0,0,0,0,I,0,254,1,254,39,0,0,1,0,0,0,0,0,,0,0,0,0,0,0,0,1,0,0
One of these Nights,Eagles,1975,1970,Rock,1975-08-02 00:00:00+00:00,1,0,10,9,4,7.666666666666667,4.0,Asylum,Warner Bros.,Rock,Rock,0.0,1,0,0,United States,28.0,1,1,0.0,Don Henley;Glenn Frey,Don Henley;Glenn Frey,1.0,1.0,1,1,Bill Szymczyk,1.0,1.0,0.0,0.0,0,4/4,G,G,110.0,58.0,70.0,82.0,-12.0,6.0,0,0,1,0,0,0,0,0,0,0,0,1,0,0,0,0,0,0,0,0,0,0,0,0,0,D1,0,214,0,58,17,0,0,1,0,0,0,0,0,Hope;Love;Lust/Sex,0,0,0,0,0,0,0,0,0,0
Jive Talkin',Bee Gees,1975,1970,Funk/Soul,1975-08-09 00:00:00+00:00,2,0,8,7,8,7.666666666666667,0.6666666666666666,RSO,RSO,Funk/Soul,Pop,0.0,0,0,0,United Kingdom,27.33333333333333,1,1,0.0,Barry Gibb;Robin Gibb;Maurice Gibb,Barry Gibb;Robin Gibb;Maurice Gibb,1.0,1.0,1,1,Arif Mardin,1.0,1.0,0.0,0.0,0,4/4,C,C,106.0,57.0,81.0,70.0,-13.0,17.0,0,0,1,1,0,0,0,0,0,0,1,1,0,1,0,0,0,0,0,0,0,0,0,0,0,C1,0,213,0,68,24,0,0,1,0,0,0,0,0,Bad Relationships;Love,0,0,0,0,0,0,0,0,0,0
Fallin' in Love,"Hamilton, Joe Frank & Reynolds",1975,1970,Pop,1975-08-23 00:00:00+00:00,1,0,4,4,5,4.333333333333333,0.6666666666666666,Playboy,Playboy,Pop,Funk/Soul;Pop,0.0,0,0,0,United States,29.0,1,1,0.0,Dan Hamilton;Ann Hamilton,Dan Hamilton;Ann Hamilton,2.0,1.0,1,0,Jim Price,1.0,1.0,0.0,0.0,0,4/4,Gbm,Gbm,87.0,41.0,58.0,71.0,-15.0,29.0,0,0,1,0,1,0,0,0,0,0,0,0,0,0,0,0,0,0,0,0,0,0,0,0,0,C1,0,194,0,63,12,0,0,1,0,0,0,0,0,Lust/Sex;Love,0,0,0,0,0,0,0,0,0,0
Get Down Tonight,KC & the Sunshine Band,1975,1970,Funk/Soul,1975-08-30 00:00:00+00:00,1,0,8,8,8,8.0,0.0,TK,TK,Funk/Soul,Electronic;Funk/Soul,0.0,0,0,0,United States,24.0,1,2,2.0,Harry Wayne Casey;Richard Finch,Harry Wayne Casey;Richard Finch,1.0,1.0,1,1,Harry Wayne Casey;Richard Finch,1.0,1.0,1.0,1.0,1,4/4,Bb,Bb,113.0,86.0,67.0,90.0,-10.0,9.0,0,1,1,0,0,1,0,0,0,0,0,0,0,0,0,0,0,0,0,0,0,0,0,0,0,C1,0,192,0,51,17,0,0,1,0,0,0,0,0,Lust/Sex,0,0,0,0,0,0,0,0,0,0
Rhinestone Cowboy,Glen Campbell,1975,1970,Rock,1975-09-06 00:00:00+00:00,2,0,7,6,8,7.0,1.3333333333333333,Capitol,EMI,Rock,Pop,1.0,0,0,0,United States,39.0,1,1,0.0,Larry Weiss,Larry Weiss,1.0,1.0,0,0,Dennis Lambert;Brian Potter,1.0,1.0,0.0,0.0,0,4/4,C,C,115.0,63.0,64.0,65.0,-8.0,10.0,0,0,1,0,1,0,0,0,0,0,0,0,0,0,0,0,0,0,0,0,0,0,0,0,0,C3,0,194,0,22,8,0,0,1,0,1,0,0,1,Dreaming,0,0,0,0,0,0,0,0,0,0
Fame,David Bowie,1975,1970,Funk/Soul,1975-09-20 00:00:00+00:00,2,1,9,10,10,9.666666666666666,0.6666666666666666,RCA,RCA,Funk/Soul,Rock;Funk/Soul,1.0,0,0,0,United Kingdom,28.0,1,1,0.0,David Bowie;Carlos Alomar;John Lennon,David Bowie;Carlos Alomar;John Lennon,1.0,2.0,1,0,Harry Maslin;David Bowie,1.0,1.0,1.0,0.0,1,4/4,Bbm,Bbm,95.0,42.0,77.0,74.0,-15.0,54.0,0,0,1,0,0,0,0,0,0,0,0,1,0,0,0,0,0,0,0,0,0,0,0,0,0,A2,0,214,0,119,44,0,0,1,0,0,0,0,0,Fame,0,0,0,0,0,0,0,0,0,0
I'm Sorry,John Denver,1975,1970,Pop,1975-09-27 00:00:00+00:00,1,0,3,4,4,3.6666666666666665,0.6666666666666666,RCA,RCA,Pop,Rock,1.0,0,0,0,United States,31.0,1,1,0.0,John Denver,John Denver,1.0,1.0,1,1,Milt Okun,1.0,1.0,0.0,0.0,0,4/4,G,G,128.0,24.0,45.0,53.0,-15.0,89.0,0,0,1,0,1,0,0,0,0,0,0,0,0,0,0,0,0,0,0,0,0,0,0,0,0,C1,0,212,0,59,7,0,0,0,0,0,0,0,0,Lost Love,0,0,0,0,0,0,0,0,0,0
Bad Blood,Neil Sedaka,1975,1970,Rock,1975-10-11 00:00:00+00:00,3,0,5,6,6,5.666666666666667,0.6666666666666666,Rocket,MCA,Rock,Rock,1.0,0,0,0,United States,36.0,1,1,0.0,Neil Sedaka;Phil Cody,Neil Sedaka;Phil Cody,1.0,1.0,1,0,Neil Sedaka;Robert Appere,1.0,1.0,1.0,0.0,1,4/4,A,A,149.0,75.0,74.0,84.0,-8.0,20.0,0,0,1,0,0,1,0,0,0,0,0,0,1,0,0,0,0,0,0,0,0,0,0,0,0,C1,0,189,0,23,13,0,0,0,0,0,0,1,1,Lost Love;Bad Relationships,0,0,1,0,0,0,0,0,0,0
Island Girl,Elton John,1975,1970,Rock,1975-11-01 00:00:00+00:00,3,0,4,3,3,3.333333333333333,0.6666666666666666,MCA,MCA,Rock,Rock,1.0,0,0,0,United Kingdom,28.0,1,1,0.0,Elton John;Bernie Taupin,Elton John;Bernie Taupin,1.0,1.0,1,0,Gus Dudgeon,1.0,1.0,0.0,0.0,0,4/4,Bb,Bb,140.0,94.0,72.0,38.0,-6.0,14.0,0,0,1,1,0,0,0,0,0,0,0,1,0,0,0,0,0,0,0,0,0,0,0,0,0,C1,0,225,0,57,7,0,0,0,0,0,0,0,0,Prostitution,0,0,0,0,0,0,0,0,0,0
That's the Way (I Like It),KC & the Sunshine Band,1975,1970,Funk/Soul,1975-11-22 00:00:00+00:00,2,1,6,7,8,7.0,1.3333333333333333,TK,TK,Funk/Soul,Funk/Soul,0.0,0,0,0,United States,24.0,1,2,2.0,Harry Wayne Casey;Richard Finch,Harry Wayne Casey;Richard Finch,1.0,1.0,1,1,Harry Wayne Casey;Richard Finch,1.0,1.0,1.0,1.0,1,4/4,Fm,Fm,109.0,88.0,68.0,92.0,-10.0,19.0,0,1,1,0,0,1,0,0,0,0,0,0,0,0,0,0,0,0,0,0,0,0,0,0,0,E1,0,185,0,34,17,0,0,1,0,0,0,0,0,Lust/Sex,0,0,0,0,0,0,0,0,0,0
"Fly, Robin, Fly",Silver Connection,1975,1970,Funk/Soul,1975-11-09 00:00:00+00:00,3,0,5,5,6,5.333333333333333,0.6666666666666666,Midland International,Midland International,Funk/Soul,Funk/Soul,0.0,0,0,0,Germany,,0,2,2.0,Silvester Levay;Stephan Prager,Silvester Levay;Stephan Prager,1.0,1.0,0,0,Stephan Prager;Michael Kunze,1.0,0.0,0.0,0.0,1,4/4,Cm,Cm,100.0,48.0,86.0,93.0,-12.0,2.0,0,0,1,1,1,0,0,0,0,0,0,0,0,0,0,0,0,0,0,0,0,0,0,0,0,I,0,335,1,335,19,0,0,1,0,0,0,0,0,,0,0,0,0,0,0,0,0,0,1
Let's Do It Again,The Staple Singers,1975,1970,Funk/Soul,1975-12-27 00:00:00+00:00,1,0,7,7,9,7.666666666666667,1.3333333333333333,Curtom,Curtom,Funk/Soul,Funk/Soul,0.0,1,0,0,United States,36.0,2,0,1.0,Curtis Mayfield,Curtis Mayfield,1.0,0.0,0,0,Curtis Mayfield,1.0,0.0,0.0,0.0,1,4/4,E,E,80.0,52.0,64.0,82.0,-11.0,39.0,0,0,1,0,1,0,0,0,0,0,0,0,0,1,0,0,0,0,0,0,0,0,0,0,0,C1,0,294,0,83,27,0,0,1,0,0,0,0,0,Lust/Sex,0,0,1,0,0,1,0,0,0,0
Saturday Night,Bay City Rollers,1976,1970,Rock,1976-01-02 00:00:00+00:00,1,0,6,6,7,6.333333333333333,0.6666666666666666,Arista,Columbia Pictures,Rock,Rock;Pop,0.0,0,0,0,United Kingdom,20.0,1,1,0.0,Bill Martin;Phil Coulter,Bill Martin;Phil Coulter,1.0,1.0,0,0,Bill Martin;Phil Coulter,1.0,1.0,0.0,0.0,1,4/4,G,G,137.0,68.0,51.0,91.0,-10.0,20.0,0,0,1,0,0,0,0,0,0,0,0,0,0,1,0,0,0,0,0,0,0,0,0,0,0,E3,0,174,0,0,15,1,0,1,0,0,0,0,0,Dancing;Escape;Love,0,0,0,0,0,0,0,0,0,0
Convoy,C.W. McCall,1976,1970,Pop,1976-01-10 00:00:00+00:00,1,0,3,1,6,3.333333333333333,3.333333333333333,MGM,Polygram,Pop,"Rock;Folk, World, & Country",1.0,0,0,0,United States,47.0,1,1,0.0,Chip Davis;C.W. McCall,Chip Davis;C.W. McCall,1.0,1.0,1,0,Don Sears;Chip Davis,1.0,1.0,0.0,0.0,1,4/4,F,F,112.0,54.0,68.0,80.0,-15.0,86.0,0,0,1,1,1,0,0,1,0,0,0,0,0,0,0,0,0,0,0,0,0,0,0,0,0,C2,0,231,0,10,30,1,0,1,0,0,0,0,0,Anger;Driving,1,1,0,0,0,0,0,0,0,0
I Write the Songs,Barry Manilow,1976,1970,Pop,1976-01-17 00:00:00+00:00,1,0,4,4,4,4.0,0.0,Arista,Columbia Pictures,Pop,Pop,1.0,0,0,0,United States,32.0,1,1,0.0,Bruce Johnston,Bruce Johnston,1.0,1.0,0,0,Ron Dante;Barry Manilow,1.0,1.0,1.0,0.0,0,4/4,F;Gb&%,F,143.0,44.0,27.0,32.0,-7.0,81.0,0,0,0,1,1,1,0,0,0,0,0,0,0,0,0,0,0,0,0,0,0,0,1,0,0,E1,0,235,0,48,18,0,0,1,0,1,0,0,1,God,0,0,0,0,0,0,0,0,0,0
Theme from Mahogany (Do You Know Where You're Going To),Diana Ross,1976,1970,Pop,1976-01-24 00:00:00+00:00,1,0,5,7,6,6.0,1.3333333333333333,Motown,Motown,Pop,Funk/Soul,1.0,0,0,0,United States,31.0,0,0,1.0,Michael Masser;Gerry Goffin,Michael Masser;Gerry Goffin,1.0,1.0,0,0,Michael Masser,1.0,1.0,0.0,0.0,1,4/4,Gb;Cm;C,Multiple Keys,140.0,42.0,35.0,28.0,-11.0,59.0,0,0,1,1,1,1,0,0,0,0,0,0,0,0,0,0,0,0,0,0,0,0,0,0,0,D1,0,204,0,78,15,0,0,0,0,1,0,0,1,Life;Hope,0,0,0,0,0,1,0,0,0,0
Love Rollercoaster,Ohio Players,1976,1970,Funk/Soul,1976-01-31 00:00:00+00:00,1,0,4,5,7,5.333333333333333,2.0,Mercury,Polygram,Funk/Soul,Funk/Soul,0.0,1,0,0,United States,,1,0,1.0,William Beck;Leroy Bonner;Marshall Jones;Ralph Middlebrooks;Marvin Pierce;Clarence Satchell;James Williams,William Beck;Leroy Bonner;Marshall Jones;Ralph Middlebrooks;Marvin Pierce;Clarence Satchell;James Williams,1.0,0.0,1,1,William Beck;Leroy Bonner;Marshall Jones;Ralph Middlebrooks;Marvin Pierce;Clarence Satchell;James Williams,1.0,0.0,0.0,0.0,1,4/4,C,C,115.0,82.0,61.0,47.0,-10.0,18.0,0,0,1,1,0,1,0,0,0,0,0,1,0,0,0,0,0,0,0,0,0,0,0,0,0,C1,0,172,0,67,26,0,0,1,0,0,0,0,0,Lust/Sex,0,0,0,0,0,0,0,0,0,0
50 Ways to Leave Your Lover,Paul Simon,1976,1970,Pop,1976-02-07 00:00:00+00:00,3,0,8,8,9,8.333333333333334,0.6666666666666666,Columbia,CBS,Pop,Rock,1.0,0,0,0,United States,34.0,1,1,0.0,Paul Simon,Paul Simon,1.0,1.0,1,1,Paul Simon;Phil Ramone,1.0,1.0,1.0,0.0,1,4/4,G,G,102.0,37.0,81.0,29.0,-13.0,17.0,0,0,1,0,0,0,0,0,0,0,0,0,0,0,0,0,0,0,0,0,0,0,0,0,0,C1,0,217,0,56,33,0,0,1,0,0,0,0,0,Lost Love,1,0,0,0,0,0,0,0,0,0
Theme from S.W.A.T.,Rhythm Heritage,1976,1970,Funk/Soul,1976-02-28 00:00:00+00:00,1,0,7,4,8,6.333333333333333,2.6666666666666665,ABC,ABC,Funk/Soul,Funk/Soul,0.0,0,0,0,United States,33.0,1,2,2.0,Barry DeVorzon,Barry DeVorzon,1.0,1.0,0,0,Michael Omartian;Steve Barri,1.0,1.0,1.0,0.0,0,4/4,Am,Am,109.0,90.0,63.0,96.0,-6.0,0.0,0,0,1,1,1,1,0,0,0,0,0,0,0,0,0,0,0,0,0,0,0,0,0,0,0,I,0,201,1,201,20,0,0,0,0,1,0,0,1,,0,0,0,0,0,0,1,0,0,0
Love Machine (Part 1),The Miracles,1976,1970,Funk/Soul,1976-03-06 00:00:00+00:00,1,0,4,5,6,5.0,1.3333333333333333,Tamla,Motown,Funk/Soul,Funk/Soul,0.0,0,0,0,United States,25.0,1,0,1.0,William Griffin;Warren Moore,William Griffin;Warren Moore,1.0,0.0,1,1,Freddie Perren;Warren Moore,1.0,0.0,1.0,0.0,1,4/4,Am;D,Multiple Keys,144.0,83.0,74.0,82.0,-12.0,6.0,0,1,0,1,1,1,0,0,0,0,0,1,0,0,0,0,0,0,0,0,0,0,0,0,0,C3,0,181,0,9,9,0,0,1,0,0,0,0,0,Lust/Sex,0,0,0,0,0,0,0,0,0,0
"December, 1963 (Oh What a Night!)",Frankie Valli & the Four Seasons,1976,1970,Funk/Soul,1976-03-13 00:00:00+00:00,3,0,8,9,8,8.333333333333334,0.6666666666666666,Warner Bros.;Curb,Warner Bros.,Funk/Soul,Rock;Pop,0.0,1,0,0,United States,41.0,1,1,0.0,Bob Gaudio;Judy Parker,Bob Gaudio;Judy Parker,2.0,1.0,1,0,Bob Gaudio,1.0,1.0,1.0,1.0,1,4/4,Db,Db,104.0,50.0,74.0,97.0,-13.0,6.0,0,0,1,1,0,1,0,0,0,0,0,1,0,0,0,0,0,0,0,0,0,0,0,0,0,D1,0,197,0,58,15,0,0,1,0,0,0,0,0,Lust/Sex,0,0,0,0,0,0,0,0,0,0
Disco Lady,Johnnie Taylor,1976,1970,Funk/Soul,1976-04-03 00:00:00+00:00,4,0,6,6,7,6.333333333333333,0.6666666666666666,Columbia,CBS,Funk/Soul,Funk/Soul,1.0,0,0,0,United States,41.0,1,0,1.0,Harvey Scales;Albert Vance;Don Davis,Harvey Scales;Albert Vance;Don Davis,1.0,0.0,0,0,Don Davis,1.0,0.0,0.0,0.0,1,4/4,D,D,104.0,79.0,72.0,85.0,-8.0,6.0,0,0,1,1,0,1,0,0,0,0,0,0,0,1,0,0,0,0,0,0,0,0,0,0,0,C1,0,267,0,89,29,0,0,1,0,0,0,0,0,Dancing;Lust/Sex,0,0,0,0,0,0,0,0,0,0
Let Your Love Flow,The Bellamy Brothers,1976,1970,Rock,1976-05-01 00:00:00+00:00,1,0,6,7,8,7.0,1.3333333333333333,Warner Bros.;Curb,Warner Bros.,Rock,Rock,2.0,0,0,0,United States,27.5,1,1,0.0,Larry E. Williams,Larry E. Williams,1.0,1.0,0,0,Phil Gernhard;Tony Scotti,1.0,1.0,0.0,0.0,0,4/4,Eb,Eb,109.0,55.0,68.0,95.0,-15.0,6.0,0,0,1,0,0,0,0,0,0,0,0,0,0,0,0,0,0,0,0,0,0,0,0,0,0,C1,0,199,0,31,9,0,0,1,0,1,0,0,1,Love,0,0,0,0,0,0,0,0,0,0
Welcome Back,John Sebastian,1976,1970,Pop,1976-05-08 00:00:00+00:00,1,0,6,6,3,5.0,2.0,Reprise,Warner Bros.,Pop,Rock;Stage & Screen,1.0,0,0,0,United States,32.0,1,1,0.0,John Sebastian,John Sebastian,1.0,1.0,1,1,Steve Barri;John Sebastian,1.0,1.0,1.0,0.0,1,4/4,Em,D,111.0,37.0,75.0,90.0,-13.0,41.0,0,0,1,0,0,0,0,0,0,0,0,0,0,1,1,0,0,0,0,0,0,0,0,0,0,D1,0,171,0,23,9,0,0,0,0,0,0,0,0,Friendship;Home,0,0,0,0,0,0,1,0,0,0
Boogie Fever,The Sylvers,1976,1970,Funk/Soul,1976-05-15 00:00:00+00:00,1,0,7,5,8,6.666666666666667,2.0,Capitol,EMI,Funk/Soul,Funk/Soul,0.0,0,0,0,United States,19.11111111111111,2,0,1.0,Freddie Perren;Kenneth St. Lewis,Freddie Perren;Kenneth St. Lewis,1.0,0.0,0,0,Freddie Perren,1.0,0.0,0.0,0.0,1,4/4,F;G&,Multiple Keys,133.0,82.0,92.0,97.0,-8.0,17.0,0,0,1,0,0,1,0,0,0,0,0,0,0,0,0,0,0,0,0,0,0,0,0,0,0,E1,0,201,0,37,22,0,0,1,0,0,0,0,0,Dancing;Love,1,0,0,0,0,0,0,0,0,0
Silly Love Songs,Paul McCartney & Wings,1976,1970,Pop,1976-05-22 00:00:00+00:00,5,1,8,8,4,6.666666666666667,2.6666666666666665,Capitol,EMI,Pop,Rock,0.0,1,0,0,United Kingdom,33.0,2,1,0.0,Paul McCartney;Linda McCartney,Paul McCartney;Linda McCartney,2.0,1.0,1,1,Paul McCartney,1.0,1.0,1.0,1.0,1,4/4,C,C,125.0,34.0,74.0,82.0,-16.0,18.0,0,1,0,1,1,1,0,0,0,0,0,0,0,0,0,0,0,0,0,0,1,0,0,0,0,F,0,352,0,91,22,0,0,0,0,0,0,0,0,Love,0,0,0,0,0,0,0,0,0,0
Love Hangover,Diana Ross,1976,1970,Funk/Soul,1976-05-29 00:00:00+00:00,2,0,6,7,10,7.666666666666667,2.6666666666666665,Motown,Motown,Funk/Soul,Funk/Soul,1.0,0,0,0,United States,32.0,0,0,1.0,Marilyn McLeod;Pam Sawyer,Marilyn McLeod;Pam Sawyer,0.0,2.0,0,0,Hal Davis,1.0,0.0,0.0,0.0,0,4/4,Ebm,Ebm,112.0,76.0,50.0,86.0,-10.0,31.0,0,1,1,0,1,0,0,0,0,0,0,0,0,0,0,0,0,0,0,0,0,0,0,0,0,F,0,229,0,87,22,0,0,1,0,0,0,0,0,Love;Lust/Sex,0,0,0,0,0,0,0,0,0,0
Afternoon Delight,Starland Vocal Band,1976,1970,Rock,1976-07-10 00:00:00+00:00,2,0,5,5,6,5.333333333333333,0.6666666666666666,Windsong,RCA,Rock,Rock,0.0,1,0,0,United States,30.5,2,2,0.0,Bill Danoff,Bill Danoff,1.0,1.0,1,1,Milt Okun,1.0,1.0,0.0,0.0,0,4/4,F,F,147.0,44.0,49.0,79.0,-12.0,49.0,0,0,1,0,1,0,0,0,0,0,0,0,0,0,0,0,0,0,1,0,0,0,0,0,0,E1,0,191,0,41,13,0,0,0,0,0,0,0,0,Lust/Sex,0,0,1,0,0,0,0,0,0,0
Kiss and Say Goodbye,The Manhattans,1976,1970,Funk/Soul,1976-07-24 00:00:00+00:00,2,0,8,9,8,8.333333333333334,0.6666666666666666,Columbia,CBS,Funk/Soul,Funk/Soul,0.0,1,0,0,United States,24.0,1,0,1.0,"Winfred ""Blue"" Lovett","Winfred ""Blue"" Lovett",1.0,0.0,1,1,"Bobby Martin;Edward ""Sonny"" Bivins;Winfred ""Blue"" Lovett;Kenny ""Wally"" Kelly;Richard ""Ricky"" Taylor;Gerald Alston",1.0,0.0,1.0,1.0,1,4/4,Bb,Bb,129.0,42.0,64.0,58.0,-10.0,56.0,0,0,1,0,1,0,0,0,0,0,0,0,0,0,0,0,0,0,0,0,0,0,0,0,0,A3,0,209,0,10,64,1,0,0,0,0,0,0,0,Forbidden Love;Infidelity;Lust/Sex;Lost Love,0,1,0,0,0,0,0,0,0,0
Don't Go Breaking My Heart,Elton John & Kiki Dee,1976,1970,Pop,1976-08-07 00:00:00+00:00,4,0,6,8,6,6.666666666666667,1.3333333333333333,Rocket,MCA,Pop,Rock;Funk/Soul,2.0,1,0,0,United Kingdom,29.0,2,1,0.0,Elton John;Bernie Taupin,Elton John;Bernie Taupin,1.0,1.0,1,0,Gus Dudgeon,1.0,1.0,0.0,0.0,0,4/4,F,F,131.0,86.0,74.0,78.0,-8.0,18.0,0,0,1,1,1,0,0,0,0,0,0,1,0,0,0,0,0,0,0,0,0,0,0,0,0,D1,0,271,0,69,14,0,0,1,0,0,0,0,0,Love,0,0,0,0,0,0,0,0,0,0
You Should Be Dancing,Bee Gees,1976,1970,Funk/Soul,1976-09-04 00:00:00+00:00,1,0,8,8,9,8.333333333333334,0.6666666666666666,RSO,RSO,Funk/Soul,Electronic,0.0,0,0,0,United Kingdom,30.0,1,1,0.0,Barry Gibb;Robin Gibb;Maurice Gibb,Barry Gibb;Robin Gibb;Maurice Gibb,1.0,1.0,1,1,Barry Gibb;Robin Gibb;Maurice Gibb;Albhy Galuten;Karl Richardson,1.0,1.0,1.0,0.0,1,4/4,Gm,Gm,123.0,72.0,68.0,96.0,-11.0,2.0,0,1,1,0,0,1,0,0,0,0,0,1,0,0,0,0,0,0,0,0,0,0,0,0,0,C3,0,256,0,47,15,0,0,1,0,0,0,0,0,Dancing;Lust/Sex,0,0,0,0,0,0,0,0,0,0
"(Shake, Shake, Shake) Shake Your Booty",KC & the Sunshine Band,1976,1970,Funk/Soul,1976-09-11 00:00:00+00:00,1,0,4,6,6,5.333333333333333,1.3333333333333333,TK,TK,Funk/Soul,Electronic;Funk/Soul,0.0,0,0,0,United States,25.0,1,2,2.0,Harry Wayne Casey;Richard Finch,Harry Wayne Casey;Richard Finch,1.0,1.0,1,1,Harry Wayne Casey;Richard Finch,1.0,1.0,1.0,1.0,1,4/4,Cm,Cm,112.0,82.0,65.0,96.0,-12.0,1.0,0,0,1,1,0,1,0,0,0,0,0,0,0,0,0,0,0,0,0,0,0,0,0,0,0,C1,0,187,0,45,17,0,0,1,0,0,0,0,0,Dancing,0,0,0,0,0,0,0,0,0,0
Play That Funky Music,Wild Cherry,1976,1970,Funk/Soul,1976-09-18 00:00:00+00:00,3,0,9,7,8,8.0,1.3333333333333333,Epic,CBS,Funk/Soul,Funk/Soul,0.0,0,0,0,United States,25.0,1,1,0.0,Rob Parissi,Rob Parissi,1.0,1.0,1,1,Rob Parissi,1.0,1.0,1.0,1.0,1,4/4,Em,Em,109.0,73.0,79.0,90.0,-10.0,7.0,0,1,1,0,0,1,0,0,0,0,0,0,0,1,0,0,0,0,0,0,0,0,0,0,0,C3,0,191,0,44,17,0,0,1,0,0,0,0,0,Dancing;Playing Music;Partying,1,0,0,0,0,0,0,0,0,0
A Fifth of Beethoven,Walter Murphy & the Big Apple Band,1976,1970,Funk/Soul,1976-10-09 00:00:00+00:00,1,0,5,6,8,6.333333333333333,2.0,Private Stock,Private Stock,Funk/Soul,Funk/Soul;Pop,0.0,0,0,0,United States,23.0,1,1,0.0,Walter Murphy;Ludwig van Beethoven,Walter Murphy,1.0,1.0,1,0,Thomas J. Valentino,1.0,1.0,0.0,0.0,0,4/4,Cm,Cm,109.0,51.0,69.0,78.0,-13.0,32.0,0,0,0,1,1,1,0,0,0,0,0,0,0,0,0,0,0,0,0,0,0,0,0,0,0,I,0,182,1,182,12,0,0,0,0,0,0,1,1,,0,0,0,0,0,0,0,0,0,0
Disco Duck,Rick Dees & His Cast of Idiots,1976,1970,Funk/Soul,1976-10-16 00:00:00+00:00,1,0,1,1,3,1.6666666666666667,1.3333333333333333,RSO,RSO,Funk/Soul,Funk/Soul,0.0,0,0,0,United States,26.0,1,1,0.0,Rick Dees,Rick Dees,1.0,1.0,1,1,Bobby Manuel,1.0,1.0,0.0,0.0,0,4/4,A,A,117.0,45.0,81.0,97.0,-15.0,13.0,0,0,1,0,1,1,0,0,0,0,0,0,0,0,0,0,0,0,0,0,0,0,0,0,0,C1,0,199,0,30,18,0,0,1,0,0,0,0,0,Dancing,1,1,0,0,0,0,0,1,0,0
If You Leave Me Now,Chicago,1976,1970,Rock,1976-10-23 00:00:00+00:00,2,0,4,6,4,4.666666666666667,1.3333333333333333,Columbia,CBS,Rock,Rock;Pop,0.0,0,0,0,United States,32.0,1,1,0.0,Peter Cetera,Peter Cetera,1.0,1.0,1,1,James William Guercio,1.0,1.0,0.0,0.0,0,4/4,B,B,104.0,56.0,43.0,28.0,-7.0,2.0,0,0,1,0,1,1,0,0,0,0,0,1,0,0,0,0,0,0,0,0,0,0,0,0,0,D1,0,235,0,56,8,0,0,1,0,0,0,0,0,Love;Lost Love,0,0,0,0,0,0,0,0,0,0
Rock 'n Me,Steve Miller Band,1976,1970,Rock,1976-11-06 00:00:00+00:00,1,0,6,8,7,7.0,1.3333333333333333,Capitol,EMI,Rock,Rock,0.0,0,0,0,United States,33.0,1,1,0.0,Steve Miller,Steve Miller,1.0,1.0,1,1,Steve Miller,1.0,1.0,1.0,1.0,1,4/4,E,E,122.0,58.0,69.0,89.0,-11.0,30.0,0,0,1,0,0,0,0,0,0,0,0,0,0,0,0,0,0,0,0,0,0,0,0,0,0,C1,0,187,0,44,27,0,0,1,0,0,0,1,1,Lust/Sex,0,0,0,0,0,0,0,0,0,0
Tonight's the Night (Gonna Be Alright),Rod Stewart,1976,1970,Rock,1976-11-13 00:00:00+00:00,8,0,6,7,5,6.0,1.3333333333333333,Warner Bros.,Warner Bros.,Rock,Rock,1.0,0,0,0,United Kingdom,31.0,1,1,0.0,Rod Stewart,Rod Stewart,1.0,1.0,1,1,Tom Dowd,1.0,1.0,0.0,0.0,0,4/4,C;B;A%,Multiple Keys,135.0,61.0,57.0,64.0,-11.0,10.0,0,0,1,1,1,1,0,0,0,0,0,0,0,0,0,0,0,0,0,0,1,0,0,0,0,C1,0,213,0,75,17,0,0,1,0,0,0,0,0,Lust/Sex,0,0,0,0,0,0,0,0,0,0
You Don't Have to Be a Star (To Be in My Show),"Marilyn McCoo & Billy Davis, Jr.",1977,1970,Funk/Soul,1977-01-08 00:00:00+00:00,1,0,6,7,5,6.0,1.3333333333333333,ABC,ABC,Funk/Soul;Pop,Funk/Soul,2.0,1,0,0,United States,35.5,2,1,0.0,James Dean;John Glover,James Dean;John Glover,1.0,0.0,0,0,Don Davis,1.0,0.0,0.0,0.0,0,4/4,E,E,100.0,56.0,47.0,92.0,-8.0,31.0,0,0,1,1,1,1,0,0,0,0,0,0,1,0,0,0,0,0,0,0,0,0,0,0,0,C1,0,209,0,65,39,0,0,1,0,0,0,0,0,Love,0,0,0,0,0,0,0,0,0,0
You Make Me Feel Like Dancing,Leo Sayer,1977,1970,Funk/Soul,1977-01-15 00:00:00+00:00,1,0,6,4,2,4.0,2.6666666666666665,Warner Bros.,Warner Bros.,Funk/Soul,Rock,1.0,0,0,0,United Kingdom,28.0,1,1,0.0,Vini Poncia;Leo Sayer,Vini Poncia;Leo Sayer,1.0,1.0,1,0,Richard Perry,1.0,1.0,0.0,0.0,0,4/4,E;Gb&,Multiple Keys,96.0,55.0,76.0,83.0,-12.0,7.0,0,0,1,0,1,0,0,0,0,0,0,1,0,0,0,0,0,0,0,0,0,0,0,0,0,C3,0,173,0,31,16,0,0,1,0,0,0,0,0,Dancing;Love,0,0,0,0,0,0,0,0,0,0
I Wish,Stevie Wonder,1977,1970,Funk/Soul,1977-01-22 00:00:00+00:00,1,0,10,8,9,9.0,1.3333333333333333,Tamla,Motown,Funk/Soul,Funk/Soul,1.0,0,0,0,United States,26.0,1,0,1.0,Stevie Wonder,Stevie Wonder,1.0,0.0,1,1,Stevie Wonder,1.0,0.0,1.0,1.0,1,4/4,Ebm,Ebm,106.0,71.0,85.0,95.0,-9.0,14.0,0,0,1,1,0,1,0,0,0,0,0,0,0,1,0,0,0,0,0,0,0,0,0,0,0,C3,0,271,0,148,19,0,0,1,0,0,0,0,0,Childhood;Better Times,0,0,0,0,0,0,0,0,0,0
Car Wash,Rose Royce,1977,1970,Funk/Soul,1977-01-29 00:00:00+00:00,1,0,8,5,7,6.666666666666667,2.0,MCA,MCA,Funk/Soul,Funk/Soul,0.0,1,0,0,United States,23.0,2,0,1.0,Norman Whitfield,Norman Whitfield,1.0,0.0,0,0,Norman Whitfield,1.0,0.0,0.0,0.0,1,4/4,D,D,115.0,66.0,73.0,79.0,-7.0,33.0,0,0,1,0,1,0,0,0,0,0,0,1,0,0,0,0,0,0,0,0,0,0,0,0,0,E1,0,200,0,64,64,0,0,1,0,0,0,0,0,Jobs,0,0,0,0,0,1,1,0,0,0
Torn Between Two Lovers,Mary MacGregor,1977,1970,Rock,1977-02-05 00:00:00+00:00,2,0,2,2,2,2.0,0.0,Ariola America,BMG,Rock,Rock;Pop,1.0,0,0,0,United States,28.0,0,1,0.0,Peter Yarrow;Phillip Jarrell,Peter Yarrow;Phillip Jarrell,1.0,1.0,0,0,Peter Yarrow;Barry Beckett,1.0,1.0,0.0,0.0,1,4/4,Bb,Bb,132.0,38.0,55.0,50.0,-11.0,73.0,0,0,1,0,1,0,0,0,0,0,0,0,0,0,0,0,0,0,0,0,0,0,0,0,0,C1,0,229,0,18,9,0,0,1,0,0,0,0,0,Lost Love;Forbidden Love,0,0,0,0,0,0,0,0,0,0
Blinded by the Light,Manfred Mann's Earth Band,1977,1970,Rock,1977-02-19 00:00:00+00:00,1,0,7,7,7,7.0,0.0,Warner Bros.,Warner Bros.,Rock,Rock,0.0,0,1,0,United Kingdom,36.0,1,1,0.0,Bruce Springsteen,Bruce Springsteen,1.0,1.0,0,0,Manfred Mann;Chris Slade;Chris Thompson;Colin Pattenden;David Flett,1.0,1.0,1.0,1.0,0,4/4,F,F,141.0,56.0,59.0,58.0,-12.0,57.0,0,0,1,1,1,0,0,0,0,0,0,0,0,0,0,0,0,0,0,0,0,0,0,0,0,C1,0,229,0,46,12,0,0,0,0,1,0,1,1,Growing Up,0,0,0,0,0,0,0,0,0,0
New Kid in Town,Eagles,1977,1970,Rock,1977-02-26 00:00:00+00:00,1,0,6,8,7,7.0,1.3333333333333333,Asylum,Warner Bros.,Rock,Rock,0.0,0,0,0,United States,28.0,1,1,0.0,Don Henley;Glenn Frey;JD Souther,Don Henley;Glenn Frey;JD Souther,1.0,1.0,1,0,Bill Szymczyk,1.0,1.0,0.0,0.0,0,4/4,E,E,107.0,43.0,65.0,65.0,-10.0,38.0,0,0,1,0,0,0,0,0,0,0,0,0,0,0,0,0,0,0,0,0,0,0,0,0,0,E1,0,305,0,76,20,0,0,1,0,0,0,0,0,Lost Love,0,0,0,0,0,0,0,0,0,0
Evergreen (Love Theme From A Star is Born),Barbra Streisand,1977,1970,Pop,1977-03-05 00:00:00+00:00,3,0,7,5,3,5.0,2.6666666666666665,Columbia,CBS,Pop,Pop;Stage & Screen,1.0,0,0,0,United States,34.0,0,1,0.0,Barbra Streisand;Paul Williams,Barbra Streisand;Paul Williams,2.0,1.0,1,0,Barbra Streisand;Phil Ramone,2.0,1.0,1.0,0.0,1,4/4,A,A,114.0,30.0,34.0,19.0,-11.0,93.0,0,0,1,1,1,0,0,0,0,0,0,0,0,0,0,0,0,0,0,0,0,0,0,0,0,D1,0,185,0,18,18,0,0,0,0,0,0,0,0,Love,0,0,0,0,0,1,1,0,0,0
Rich Girl,Daryl Hall & John Oates,1977,1970,Pop,1977-03-26 00:00:00+00:00,2,0,7,8,6,7.0,1.3333333333333333,RCA,RCA,Pop,Rock;Pop,2.0,0,0,0,United States,29.0,1,1,0.0,Daryl Hall,Daryl Hall,1.0,1.0,1,1,Chris Bond,1.0,1.0,0.0,0.0,0,4/4,F,F,170.0,68.0,57.0,82.0,-7.0,46.0,0,0,1,1,0,0,0,0,0,0,0,0,0,0,0,0,0,0,0,0,0,0,0,0,0,C1,0,142,0,4,0,0,0,1,0,0,0,0,0,Bad Relationships;Lost Love,0,0,1,0,0,0,0,0,0,0
Dancing Queen,ABBA,1977,1970,Pop,1977-04-09 00:00:00+00:00,1,0,10,10,10,10.0,0.0,Atlantic,Warner Bros.,Pop,Pop,0.0,0,0,0,Sweden,29.75,2,1,0.0,Benny Andersson;Björn Ulvaeus;Stig Anderson,Benny Andersson;Björn Ulvaeus;Stig Anderson,2.0,1.0,1,0,Benny Andersson;Björn Ulvaeus,1.0,1.0,1.0,1.0,1,4/4,A,A,101.0,88.0,54.0,75.0,-7.0,38.0,0,0,0,1,1,0,0,0,0,0,0,0,0,0,0,0,0,0,0,0,0,0,0,0,0,C1,0,230,0,58,20,0,0,1,0,0,0,0,0,Dancing;Escape;Longing for Love,0,0,0,0,0,0,0,0,0,0
Don't Give Up on Us,David Soul,1977,1970,Pop,1977-04-16 00:00:00+00:00,1,0,4,4,4,4.0,0.0,Private Stock,Private Stock,Pop,Rock;Pop,1.0,0,0,0,United States,33.0,1,1,0.0,Tony Macaulay,Tony Macaulay,1.0,1.0,0,0,Tony Macaulay,1.0,1.0,0.0,0.0,1,4/4,A,A,99.0,34.0,26.0,41.0,-14.0,74.0,0,0,0,1,1,1,0,0,0,0,0,0,0,0,0,0,0,0,0,0,0,0,0,0,0,D1,0,219,0,52,14,0,0,0,0,0,0,0,0,Love;Faithfulness,0,0,0,0,0,0,0,0,0,0
Don't Leave Me This Way,Thelma Houston,1977,1970,Funk/Soul,1977-04-23 00:00:00+00:00,1,0,9,9,10,9.333333333333334,0.6666666666666666,Tamla,Motown,Funk/Soul,Electronic;Funk/Soul,1.0,0,0,0,United States,30.0,0,0,1.0,Kenny Gamble;Leon Huff;Cary Gilbert,Kenny Gamble;Leon Huff;Cary Gilbert,1.0,0.0,0,0,Hal Davis,1.0,0.0,0.0,0.0,0,4/4,Cm;F,Multiple Keys,122.0,84.0,55.0,67.0,-6.0,15.0,0,1,0,0,1,0,0,0,0,0,0,0,0,0,0,0,0,0,0,0,0,0,0,0,0,D1,0,218,0,51,38,0,0,1,0,1,0,0,1,Lust/Sex,0,0,0,0,0,0,0,0,0,0
Southern Nights,Glen Campbell,1977,1970,Pop,1977-04-30 00:00:00+00:00,1,0,5,6,5,5.333333333333333,0.6666666666666666,Capitol,EMI,Pop,Rock,1.0,0,0,0,United States,41.0,1,1,0.0,Allen Toussaint,Allen Toussaint,1.0,0.0,0,0,Gary Klein;Glen Campbell,1.0,1.0,1.0,0.0,0,4/4,E,E,95.0,81.0,70.0,85.0,-9.0,10.0,0,0,1,0,0,1,0,1,0,0,0,0,0,0,0,0,0,0,0,0,0,0,0,0,0,A2,0,180,0,38,11,0,0,1,0,1,0,0,1,Home;Better Times,0,0,0,0,0,0,0,0,0,0
Hotel California,Eagles,1977,1970,Rock,1977-05-07 00:00:00+00:00,1,0,10,10,4,8.0,4.0,Asylum,Warner Bros.,Rock,Rock;Pop,0.0,0,0,0,United States,29.0,1,1,0.0,Don Felder;Don Henley;Glenn Frey,Don Felder;Don Henley;Glenn Frey,1.0,1.0,1,1,Bill Szymczyk,1.0,1.0,0.0,0.0,0,4/4,Bm,Bm,147.0,51.0,58.0,61.0,-9.0,1.0,0,0,1,0,0,0,0,0,0,0,0,0,0,0,0,0,0,0,0,0,0,0,0,0,0,C1,0,391,0,178,52,0,0,1,0,0,0,0,0,Escape;God,1,0,1,0,0,0,0,0,0,0
When I Need You,Leo Sayer,1977,1970,Pop,1977-05-14 00:00:00+00:00,1,0,7,6,6,6.333333333333333,0.6666666666666666,Warner Bros.,Warner Bros.,Pop,Pop,1.0,0,0,0,United Kingdom,28.0,1,1,0.0,Albert Hammond;Carole Bayer Sager,Albert Hammond;Carole Bayer Sager,2.0,1.0,0,0,Richard Perry,1.0,1.0,0.0,0.0,0,6/8,Db,Db,110.0,34.0,60.0,11.0,-8.0,39.0,0,0,1,1,1,1,0,0,0,0,0,0,0,0,0,0,0,0,0,0,1,0,0,0,0,D1,0,253,0,48,25,0,0,1,0,1,0,0,1,Love,0,0,0,0,0,0,0,0,0,0
Sir Duke,Stevie Wonder,1977,1970,Pop,1977-05-21 00:00:00+00:00,3,0,10,10,9,9.666666666666666,0.6666666666666666,Tamla,Motown,Pop,Funk/Soul;Pop,1.0,0,0,0,United States,27.0,1,0,1.0,Stevie Wonder,Stevie Wonder,1.0,0.0,1,1,Stevie Wonder,1.0,0.0,1.0,1.0,1,4/4,Gb,Gb,107.0,57.0,59.0,95.0,-10.0,16.0,0,1,0,0,0,1,0,0,0,0,0,0,0,0,0,0,1,0,0,0,1,0,1,0,0,C3,0,232,0,71,19,0,0,0,0,0,0,0,0,Bands;Playing Music;Appreciation;Dancing,0,0,0,0,0,0,0,0,0,0
I'm Your Boogie Man,KC & the Sunshine Band,1977,1970,Funk/Soul,1977-06-11 00:00:00+00:00,1,0,6,7,9,7.333333333333333,2.0,TK,TK,Funk/Soul,Funk/Soul,0.0,0,0,0,United States,26.0,1,2,2.0,Harry Wayne Casey;Richard Finch,Harry Wayne Casey;Richard Finch,1.0,1.0,1,1,Harry Wayne Casey;Richard Finch,1.0,1.0,1.0,1.0,1,4/4,Fm,Fm,113.0,75.0,75.0,91.0,-13.0,1.0,0,0,1,1,0,1,0,0,0,0,0,0,0,0,0,0,0,0,0,0,0,0,0,0,0,C3,0,244,0,52,17,0,0,0,0,0,0,0,0,Lust/Sex,0,0,0,0,0,0,0,0,0,0
Dreams,Fleetwood Mac,1977,1970,Rock,1977-06-18 00:00:00+00:00,1,0,10,10,10,10.0,0.0,Warner Bros.,Warner Bros.,Rock,Rock,0.0,0,0,0,United States;United Kingdom,29.0,2,1,0.0,Stevie Nicks,Stevie Nicks,0.0,1.0,1,1,Stevie Nicks;Lindsey Buckingham;Christine McVie;John McVie;Mick Fleetwood;Ken Caillat;Richard Dashut,2.0,1.0,1.0,0.0,1,4/4,C,C,120.0,49.0,83.0,79.0,-10.0,6.0,0,0,1,1,0,0,0,0,0,0,0,0,0,0,0,0,0,0,0,0,0,0,0,0,0,C3,0,245,0,32,17,0,0,0,0,0,0,0,0,Lost Love,0,0,0,0,0,0,0,0,0,0
Got to Give it Up,Marvin Gaye,1977,1970,Funk/Soul,1977-06-25 00:00:00+00:00,1,0,9,9,10,9.333333333333334,0.6666666666666666,Tamla,Motown,Funk/Soul,Funk/Soul,1.0,0,0,0,United States,38.0,1,0,1.0,Marvin Gaye,Marvin Gaye,1.0,0.0,1,1,Art Stewart,1.0,1.0,0.0,0.0,0,4/4,D,D,123.0,85.0,86.0,89.0,-8.0,23.0,0,1,0,0,0,0,0,0,0,0,0,1,0,1,0,0,0,0,0,0,0,0,0,0,0,A1,0,255,0,31,20,0,0,1,0,0,0,0,0,Dancing;Lust/Sex,0,0,0,0,0,0,0,0,0,0
Gonna Fly Now (Theme from Rocky),Bill Conti,1977,1970,Rock,1977-07-02 00:00:00+00:00,1,0,8,5,8,7.0,2.0,United Artists,Transamerica,Rock,Rock;Pop;Stage & Screen,1.0,0,0,0,United States,35.0,1,1,0.0,Bill Conti;Carol Connors;Ayn Robbins,Bill Conti;Carol Connors;Ayn Robbins,2.0,1.0,0,0,Bill Conti,1.0,1.0,0.0,0.0,1,4/4,Am,Am,95.0,54.0,41.0,45.0,-13.0,40.0,0,0,1,1,1,1,0,0,0,0,0,0,0,0,0,0,0,0,0,0,0,0,0,0,0,E1,0,170,0,112,10,0,0,0,0,0,0,0,0,Positivity;Badassery,0,0,0,0,0,1,0,0,0,0
Undercover Angel,Alan O'Day,1977,1970,Pop,1977-07-09 00:00:00+00:00,1,0,3,3,5,3.6666666666666665,1.3333333333333333,Pacific,Warner Bros.,Pop,Funk/Soul,1.0,0,0,0,United States,36.0,1,1,0.0,Alan O'Day,Alan O'Day,1.0,1.0,1,1,Steve Barri;Michael Omartian,1.0,1.0,0.0,0.0,0,4/4,Bb;C&%,Bb,103.0,53.0,67.0,80.0,-10.0,32.0,0,0,1,1,1,0,0,0,0,0,0,1,0,0,0,0,0,0,0,0,0,0,0,0,0,C3,0,200,0,26,15,0,0,1,0,0,0,0,0,Longing for Love;Lust/Sex,1,0,0,0,0,0,0,0,0,0
Da Doo Ron Ron,Shaun Cassidy,1977,1970,Pop,1977-07-16 00:00:00+00:00,1,0,3,2,2,2.333333333333333,0.6666666666666666,Warner Bros.;Curb,Warner Bros.,Pop,Rock;Pop,1.0,0,0,0,United States,18.0,1,1,0.0,Phil Spector;Ellie Greenwich;Jeff Barry,Phil Spector;Ellie Greenwich;Jeff Barry,2.0,1.0,0,0,Michael Lloyd,1.0,1.0,0.0,0.0,0,4/4,C,C,144.0,58.0,57.0,88.0,-12.0,11.0,0,1,1,0,1,1,0,0,0,0,0,0,0,1,0,0,0,0,0,0,1,0,0,0,0,D1,0,170,0,35,13,0,0,1,0,1,0,0,1,Love,0,0,0,0,0,0,0,0,0,0
Looks Like We Made It,Barry Manilow,1977,1970,Pop,1977-07-23 00:00:00+00:00,1,0,7,6,4,5.666666666666667,2.0,Arista,Columbia Pictures,Pop,Rock;Pop,1.0,0,0,0,United States,34.0,1,1,0.0,Richard Kerr;Will Jennings,Richard Kerr;Will Jennings,1.0,1.0,0,0,Ron Dante;Barry Manilow,1.0,1.0,1.0,0.0,0,4/4,C;Db&%,C,140.0,48.0,30.0,46.0,-8.0,57.0,0,0,1,1,1,1,0,0,0,0,0,0,0,0,0,0,0,0,0,0,0,0,0,0,0,C1,0,213,0,40,15,0,0,0,0,0,0,0,0,Lost Love,0,0,0,0,0,0,0,0,0,0
I Just Want to Be Your Everything,Andy Gibb,1977,1970,Funk/Soul,1977-07-30 00:00:00+00:00,4,1,7,6,6,6.333333333333333,0.6666666666666666,RSO,RSO,Funk/Soul,Pop,1.0,0,0,0,United Kingdom,19.0,1,1,0.0,Barry Gibb,Barry Gibb,1.0,1.0,0,0,Barry Gibb;Albhy Galuten;Karl Richardson,1.0,1.0,0.0,0.0,1,4/4,A,A,97.0,65.0,65.0,87.0,-7.0,17.0,0,0,1,1,0,0,0,0,0,0,0,1,0,0,0,0,0,0,0,0,0,0,0,0,0,C3,0,212,0,49,14,0,0,1,0,0,0,0,0,Love,0,0,0,0,0,0,0,0,0,0
Best of My Love,The Emotions,1977,1970,Funk/Soul,1977-08-20 00:00:00+00:00,5,1,9,9,9,9.0,0.0,Columbia,CBS,Funk/Soul,Funk/Soul,0.0,0,0,0,United States,,0,0,1.0,Maurice White;Al McKay,Maurice White;Al McKay,1.0,0.0,0,0,Maurice White;Clarence McDonald,1.0,0.0,0.0,0.0,1,4/4,C,C,115.0,71.0,78.0,97.0,-7.0,45.0,0,1,1,0,1,1,0,0,0,0,0,0,0,0,0,0,0,0,0,0,0,0,0,0,0,C1,0,219,0,16,13,0,0,1,0,0,0,0,0,Lust/Sex,0,0,0,0,0,0,0,0,0,0
Star Wars Theme/Cantina Band,Meco,1977,1970,Funk/Soul,1977-10-01 00:00:00+00:00,1,0,5,4,5,4.666666666666667,0.6666666666666666,Millenium,Millenium,Funk/Soul,Funk/Soul;Stage & Screen,0.0,0,1,0,United States,37.0,1,1,0.0,John Williams,John Williams,1.0,1.0,0,0,Tony Bongiovi;Meco;Harold Wheeler,1.0,2.0,1.0,0.0,0,4/4,C;Dm,Multiple Keys,125.0,92.0,68.0,55.0,-4.0,0.0,0,0,1,0,1,1,0,0,0,0,0,0,0,0,0,0,0,0,0,0,0,0,0,0,0,I,0,212,1,212,16,0,0,1,0,1,0,0,1,,0,0,0,0,0,0,0,0,0,0
You Light Up My Life,Debby Boone,1977,1970,Pop,1977-10-15 00:00:00+00:00,10,0,4,5,4,4.333333333333333,0.6666666666666666,Warner Bros.;Curb,Warner Bros.,Pop,Pop;Stage & Screen,1.0,0,0,0,United States,21.0,0,1,0.0,Joe Brooks,Joe Brooks,1.0,1.0,0,0,Joe Brooks,1.0,1.0,0.0,0.0,1,3/4;Free,D,D,78.0,37.0,33.0,7.0,-10.0,83.0,0,0,0,1,1,1,0,0,0,0,0,0,1,0,0,0,0,0,0,0,0,0,0,0,0,C1,0,216,0,5,5,0,0,0,0,1,0,0,1,Love,0,0,0,0,0,1,0,0,0,0
How Deep is Your Love,Bee Gees,1977,1970,Pop,1977-12-24 00:00:00+00:00,3,0,9,8,7,8.0,1.3333333333333333,RSO,RSO,Pop,Electronic,0.0,0,0,0,United Kingdom,31.0,1,1,0.0,Barry Gibb;Robin Gibb;Maurice Gibb,Barry Gibb;Robin Gibb;Maurice Gibb,1.0,1.0,1,1,Barry Gibb;Robin Gibb;Maurice Gibb;Albhy Galuten;Karl Richardson,1.0,1.0,1.0,0.0,1,4/4,Eb,Eb,105.0,36.0,63.0,67.0,-9.0,10.0,0,0,0,1,1,0,0,0,0,0,0,1,0,0,0,0,0,0,0,0,0,0,0,0,0,C3,0,245,0,18,18,0,0,1,0,0,0,0,0,Love,0,0,0,0,0,1,0,0,0,0
Baby Come Back,Player,1978,1970,Rock,1978-01-14 00:00:00+00:00,3,0,6,3,6,5.0,2.0,RSO,RSO,Rock,Rock,0.0,0,0,0,United States,29.0,1,1,0.0,Peter Beckett;J.C. Crowley,Peter Beckett;J.C. Crowley,1.0,1.0,1,1,Dennis Lambert;Brian Potter,1.0,1.0,0.0,0.0,0,4/4,Eb;Db,Multiple Keys,156.0,60.0,64.0,55.0,-10.0,7.0,0,0,1,1,0,0,0,0,1,0,0,1,0,0,0,0,0,0,0,0,0,0,0,0,0,E1,0,214,0,40,25,0,0,1,0,0,0,0,0,Lost Love,0,0,0,0,0,0,0,0,0,0
Stayin' Alive,Bee Gees,1978,1970,Funk/Soul,1978-02-04 00:00:00+00:00,4,0,10,10,10,10.0,0.0,RSO,RSO,Funk/Soul,Funk/Soul,0.0,1,0,0,United Kingdom,31.0,1,1,0.0,Barry Gibb;Robin Gibb;Maurice Gibb,Barry Gibb;Robin Gibb;Maurice Gibb,1.0,1.0,1,1,Barry Gibb;Robin Gibb;Maurice Gibb;Albhy Galuten;Karl Richardson,1.0,1.0,1.0,0.0,1,4/4,Fm,Fm,104.0,83.0,70.0,94.0,-7.0,3.0,0,1,0,0,1,1,0,0,0,0,0,1,0,0,0,0,0,0,0,0,0,0,0,0,0,E3,0,283,0,46,13,0,0,1,0,0,0,0,0,Badassery;Survival,0,0,0,0,0,1,0,0,0,0
(Love Is) Thicker Than Water,Andy Gibb,1978,1970,Pop,1978-03-04 00:00:00+00:00,2,0,4,6,6,5.333333333333333,1.3333333333333333,RSO,RSO,Pop,Rock;Pop,1.0,0,0,0,United Kingdom,19.0,1,1,0.0,Barry Gibb;Andy Gibb,Barry Gibb;Andy Gibb,1.0,1.0,1,0,Albhy Galuten;Karl Richardson,1.0,1.0,0.0,0.0,0,4/4,Gbm,Gbm,97.0,53.0,58.0,58.0,-8.0,12.0,0,0,1,0,0,0,0,0,0,0,0,0,0,0,0,0,0,0,0,0,0,0,0,0,0,C1,0,198,0,47,1,0,0,1,0,0,0,0,0,Love,0,0,0,0,0,0,0,0,0,0
Night Fever,Bee Gees,1978,1970,Funk/Soul,1978-03-18 00:00:00+00:00,8,0,9,9,9,9.0,0.0,RSO,RSO,Funk/Soul,Electronic;Stage & Screen,0.0,1,0,0,United Kingdom,31.0,1,1,0.0,Barry Gibb;Robin Gibb;Maurice Gibb,Barry Gibb;Robin Gibb;Maurice Gibb,1.0,1.0,1,1,Barry Gibb;Robin Gibb;Maurice Gibb;Albhy Galuten;Karl Richardson,1.0,1.0,1.0,0.0,1,4/4,Dbm,Dbm,109.0,80.0,73.0,89.0,-7.0,3.0,0,0,1,1,0,0,0,0,0,0,0,1,0,0,0,0,0,0,0,0,0,0,0,0,0,E3,0,212,0,19,19,0,0,1,0,0,0,0,0,Lust/Sex;Dancing,0,0,0,0,0,1,0,0,0,0
If I Can't Have You,Yvonne Elliman,1978,1970,Funk/Soul,1978-05-13 00:00:00+00:00,1,0,5,6,6,5.666666666666667,0.6666666666666666,RSO,RSO,Funk/Soul,Funk/Soul,1.0,0,0,0,United States,26.0,0,0,0.0,Barry Gibb;Robin Gibb;Maurice Gibb,Barry Gibb;Robin Gibb;Maurice Gibb,1.0,1.0,0,0,Freddie Perren,1.0,0.0,0.0,0.0,0,4/4,B,B,109.0,68.0,62.0,81.0,-11.0,10.0,0,0,1,1,0,1,0,0,0,0,0,0,0,0,0,0,0,0,0,0,0,0,0,0,0,C3,0,180,0,33,16,0,0,1,0,0,0,0,0,Longing for Love,0,0,0,0,0,1,0,0,0,0
With a Little Luck,Paul McCartney & Wings,1978,1970,Pop,1978-05-20 00:00:00+00:00,2,0,3,7,4,4.666666666666667,2.6666666666666665,Capitol,EMI,Pop,Rock,0.0,0,0,0,United Kingdom,35.0,1,1,0.0,Paul McCartney,Paul McCartney,1.0,1.0,1,1,Paul McCartney,1.0,1.0,1.0,1.0,1,4/4,E,E,112.0,40.0,61.0,36.0,-14.0,20.0,0,0,0,1,0,0,0,0,0,0,0,0,0,0,0,0,0,0,0,0,0,0,0,0,0,D1,0,194,0,33,14,0,0,0,0,0,0,0,0,Love,0,0,1,0,0,0,0,0,0,0
"Too Much, Too Little, Too Late",Johnny Mathis & Deniece Williams,1978,1970,Funk/Soul,1978-06-03 00:00:00+00:00,1,0,5,4,4,4.333333333333333,0.6666666666666666,Columbia,CBS,Funk/Soul,Rock,2.0,1,0,0,United States,34.5,2,0,1.0,John Vallins;Nat Kipner,John Vallins;Nat Kipner,1.0,1.0,0,0,Jack Gold,1.0,1.0,0.0,0.0,0,4/4,Fm,Fm,78.0,52.0,50.0,71.0,-11.0,51.0,0,1,0,0,1,1,0,0,0,0,0,0,0,0,0,0,0,0,0,0,0,0,0,0,0,C1,0,180,0,13,13,0,0,1,0,0,0,0,0,Lost Love,0,0,0,0,0,0,0,0,0,0
You're the One That I Want,John Travolta & Olivia Newton-John,1978,1970,Rock,1978-06-10 00:00:00+00:00,1,0,8,8,5,7.0,2.0,RSO,RSO,Rock,Rock;Pop;Stage & Screen,2.0,1,0,0,United States;Australia,26.5,2,1,0.0,John Farrar,John Farrar,1.0,1.0,0,0,John Farrar,1.0,1.0,0.0,0.0,1,4/4,C,C,107.0,61.0,76.0,82.0,-11.0,28.0,0,1,0,1,0,1,0,0,0,0,0,0,0,0,0,0,0,0,0,0,0,0,0,0,0,C1,0,169,0,19,8,0,0,1,0,0,0,0,0,Love;Longing for Love,0,0,0,0,0,1,0,0,0,0
Shadow Dancing,Andy Gibb,1978,1970,Funk/Soul,1978-06-17 00:00:00+00:00,7,0,8,7,8,7.666666666666667,0.6666666666666666,RSO,RSO,Funk/Soul,Funk/Soul,1.0,0,0,0,United Kingdom,20.0,1,1,0.0,Barry Gibb;Robin Gibb;Maurice Gibb;Andy Gibb,Barry Gibb;Robin Gibb;Maurice Gibb;Andy Gibb,1.0,1.0,1,0,Barry Gibb;Albhy Galuten;Karl Richardson,1.0,1.0,0.0,0.0,1,4/4,Gm,Gm,102.0,60.0,74.0,95.0,-10.0,15.0,0,1,1,1,1,1,0,0,1,0,0,0,0,0,0,0,0,0,0,0,0,0,0,0,0,C3,0,276,0,49,23,0,0,1,0,0,0,0,0,Lust/Sex;Dancing,0,0,0,0,0,0,0,0,0,0
Miss You,The Rolling Stones,1978,1970,Funk/Soul,1978-08-05 00:00:00+00:00,1,0,9,10,10,9.666666666666666,0.6666666666666666,Rolling Stones,Rolling Stones,Funk/Soul,Rock,0.0,0,0,0,United Kingdom,35.0,1,1,0.0,Mick Jagger;Keith Richards,Mick Jagger;Keith Richards,1.0,1.0,1,1,Mick Jagger;Keith Richards,1.0,1.0,1.0,1.0,1,4/4,Am,Am,110.0,71.0,80.0,85.0,-5.0,44.0,0,0,1,0,0,0,0,0,0,0,0,0,0,0,1,0,0,0,0,0,0,0,0,0,0,E2,0,225,0,67,27,0,0,1,0,0,0,0,0,Lust/Sex,0,0,0,0,0,0,0,0,0,0
Three Times a Lady,Commodores,1978,1970,Pop,1978-08-12 00:00:00+00:00,2,0,6,5,7,6.0,1.3333333333333333,Motown,Motown,Pop,Funk/Soul,0.0,0,0,0,United States,29.0,1,0,1.0,Lionel Richie,Lionel Richie,1.0,0.0,1,1,James Anthony Carmichael;Walter Orange;Ronald LaPread;Milan Williams;Thomas McClary;Lionel Richie;William King,1.0,0.0,1.0,0.0,1,3/4;Free,Ab,Ab,151.0,8.0,39.0,18.0,-21.0,87.0,0,0,0,1,1,0,0,0,0,0,0,0,0,0,0,0,0,0,0,0,0,0,0,0,0,C1,0,217,0,69,6,0,0,0,0,0,0,0,0,Love,0,0,0,0,0,0,0,0,0,0
Grease,Frankie Valli,1978,1970,Funk/Soul,1978-08-26 00:00:00+00:00,2,0,7,8,4,6.333333333333333,2.6666666666666665,RSO,RSO,Funk/Soul,Electronic;Stage & Screen,1.0,0,0,0,United States,44.0,1,1,0.0,Barry Gibb,Barry Gibb,1.0,1.0,0,0,Barry Gibb;Albhy Galuten;Karl Richardson,1.0,1.0,0.0,0.0,1,4/4,Bb,Bb,110.0,37.0,82.0,85.0,-12.0,25.0,0,0,1,1,1,1,0,0,0,0,0,0,0,0,0,0,0,0,0,0,1,0,0,0,0,E2,0,206,0,43,15,0,0,1,0,0,0,0,0,Love,0,0,0,0,0,1,0,0,0,0
Boogie Oogie Oogie,A Taste of Honey,1978,1970,Funk/Soul,1978-09-09 00:00:00+00:00,3,0,6,7,7,6.666666666666667,0.6666666666666666,Capitol,EMI,Funk/Soul,Funk/Soul,0.0,0,0,0,United States,,2,0,1.0,Janice Johnson;Perry Kibble,Janice Johnson;Perry Kibble,2.0,0.0,1,1,Fonce Mizell;Larry Mizell,1.0,0.0,0.0,0.0,0,4/4,Dm,Dm,124.0,52.0,83.0,91.0,-11.0,10.0,0,0,1,1,0,0,0,0,0,0,0,0,0,1,0,0,0,0,0,0,0,0,0,0,0,C1,0,338,0,227,65,0,0,1,0,0,0,0,0,Dancing,0,0,0,0,0,0,0,0,0,0
Kiss You All Over,Exile,1978,1970,Rock,1978-09-30 00:00:00+00:00,4,0,5,6,6,5.666666666666667,0.6666666666666666,Warner Bros.;Curb,Warner Bros.,Rock,Rock;Pop,0.0,1,0,0,United States,34.0,1,1,0.0,Mike Chapman;Nicky Chinn,Mike Chapman;Nicky Chinn,1.0,1.0,0,0,Mike Chapman,1.0,1.0,0.0,0.0,1,4/4,C,C,103.0,30.0,67.0,57.0,-17.0,9.0,0,0,1,1,0,0,0,0,0,0,0,0,0,0,0,0,0,0,0,0,0,0,0,0,0,E3,0,296,0,110,37,0,0,1,0,0,0,0,0,Lust/Sex,0,0,0,0,0,0,0,0,0,0
Hot Child in the City,Nick Gilder,1978,1970,Rock,1978-10-28 00:00:00+00:00,1,0,6,5,8,6.333333333333333,2.0,Chrysalis,Chrysalis,Rock,Rock,1.0,0,0,0,Canada,26.0,1,1,0.0,Nick Gilder;James McCulloch,Nick Gilder;James McCulloch,1.0,1.0,1,0,Mike Chapman,1.0,1.0,0.0,0.0,0,4/4,E,E,111.0,66.0,73.0,82.0,-7.0,3.0,0,1,1,1,0,0,0,0,0,0,0,0,0,0,0,0,0,0,0,0,0,0,0,0,0,E1,0,215,0,84,9,0,0,0,0,0,0,0,0,Lust/Sex;Bad Behavior,0,0,0,0,0,0,0,0,0,0
You Needed Me,Anne Murray,1978,1970,Pop,1978-11-04 00:00:00+00:00,1,0,4,3,5,4.0,1.3333333333333333,Capitol,EMI,Pop,"Pop;Folk, World, & Country",1.0,0,0,0,Canada,33.0,0,1,0.0,Randy Goodrum,Randy Goodrum,1.0,1.0,0,0,Jim Ed Norman,1.0,1.0,0.0,0.0,0,4/4,A,A,62.0,30.0,50.0,17.0,-11.0,43.0,0,0,1,0,1,0,0,0,0,0,0,0,0,0,0,0,0,0,0,0,0,0,0,0,0,D1,0,220,0,29,14,0,0,0,0,0,0,0,0,Love,0,0,0,0,0,0,0,0,0,0
MacArthur Park,Donna Summer,1978,1970,Funk/Soul,1978-11-11 00:00:00+00:00,3,0,7,7,7,7.0,0.0,Casablanca,Casablanca,Funk/Soul,Funk/Soul,1.0,0,0,0,United States,29.0,0,0,1.0,Jimmy Webb,Jimmy Webb,1.0,1.0,0,0,Giorgio Moroder;Pete Bellotte,1.0,1.0,0.0,0.0,0,4/4,Bm;Em%,Multiple Keys,131.0,67.0,58.0,45.0,-12.0,8.0,1,0,0,1,1,1,0,0,0,0,0,0,0,0,0,0,0,0,0,0,0,0,0,0,0,C2,0,235,0,69,5,0,0,1,0,1,0,0,1,Lost Love,0,0,0,0,0,0,0,0,0,0
You Don't Bring Me Flowers,Barbra Streisand & Neil Diamond,1978,1970,Pop,1978-12-02 00:00:00+00:00,2,1,6,5,2,4.333333333333333,2.6666666666666665,Columbia,CBS,Pop,Rock,2.0,1,0,0,United States,36.5,2,1,0.0,Neil Diamond;Alan Bergman;Marilyn Bergman,Neil Diamond;Alan Bergman;Marilyn Bergman,2.0,1.0,1,0,Bob Gaudio,1.0,1.0,0.0,0.0,0,Free;4/4,C,C,67.0,12.0,16.0,24.0,-18.0,88.0,0,0,0,1,1,0,0,0,0,0,0,0,0,0,0,0,0,0,0,0,0,0,0,0,0,A2,0,195,0,33,10,0,0,0,0,0,0,0,0,Lost Love,0,0,0,0,0,0,1,0,0,0
Le Freak,Chic,1978,1970,Funk/Soul,1978-12-09 00:00:00+00:00,6,1,7,8,10,8.333333333333334,2.0,Atlantic,Warner Bros.,Funk/Soul,Funk/Soul,0.0,0,0,0,United States,26.0,2,0,1.0,Bernard Edwards;Nile Rodgers,Bernard Edwards;Nile Rodgers,1.0,0.0,1,1,Bernard Edwards;Nile Rodgers,1.0,0.0,1.0,1.0,1,4/4,C,C,120.0,55.0,83.0,89.0,-14.0,4.0,0,1,1,0,1,0,0,0,0,0,0,0,0,1,0,0,0,0,0,0,0,0,0,0,0,C1,0,216,0,85,3,0,0,1,0,0,0,0,0,Dancing,0,0,0,0,0,0,0,0,0,0
Too Much Heaven,Bee Gees,1979,1970,Funk/Soul,1979-01-06 00:00:00+00:00,3,0,6,7,5,6.0,1.3333333333333333,RSO,RSO,Funk/Soul,Funk/Soul;Pop,0.0,0,0,0,United Kingdom,32.0,1,1,0.0,Barry Gibb;Robin Gibb;Maurice Gibb,Barry Gibb;Robin Gibb;Maurice Gibb,1.0,1.0,1,1,Barry Gibb;Robin Gibb;Maurice Gibb;Albhy Galuten;Karl Richardson,1.0,1.0,1.0,0.0,1,4/4,Db;E&%,Db,166.0,44.0,50.0,35.0,-13.0,44.0,0,0,1,0,1,1,0,0,0,0,0,1,0,0,0,0,0,0,0,0,0,0,0,0,0,C3,0,296,0,23,18,0,0,1,0,0,0,0,0,Love,0,0,0,0,0,0,0,0,0,0
Do Ya Think I'm Sexy?,Rod Stewart,1979,1970,Funk/Soul,1979-02-10 00:00:00+00:00,4,0,8,8,7,7.666666666666667,0.6666666666666666,Warner Bros.,Warner Bros.,Funk/Soul,Rock,1.0,0,0,0,United Kingdom,34.0,1,1,0.0,Rod Stewart;Carmine Appice;Duane Hitchings,Rod Stewart;Carmine Appice;Duane Hitchings,1.0,1.0,1,0,Tom Dowd,1.0,1.0,0.0,0.0,0,4/4,Dm,Dm,112.0,47.0,72.0,88.0,-15.0,1.0,0,0,1,1,1,1,0,0,0,0,0,0,0,0,0,1,0,0,0,0,1,0,0,0,0,E1,0,326,0,130,35,0,0,1,0,0,0,1,1,Lust/Sex,1,0,1,0,0,0,0,0,0,0
I Will Survive,Gloria Gaynor,1979,1970,Funk/Soul,1979-03-10 00:00:00+00:00,3,1,10,10,10,10.0,0.0,Polydor,Polygram,Funk/Soul,Funk/Soul,1.0,0,0,0,United States,29.0,0,0,1.0,Freddie Perren;Dino Fekaris,Freddie Perren;Dino Fekaris,1.0,2.0,0,0,Freddie Perren;Dino Fekaris,1.0,2.0,0.0,0.0,1,Free;4/4,C,C,117.0,73.0,78.0,53.0,-9.0,1.0,0,1,1,0,1,1,0,0,0,0,0,0,0,0,0,0,0,0,0,0,0,0,0,0,0,C2,0,198,0,22,22,0,0,1,0,0,0,0,0,Lost Love;Bad Relationships;Empowerment,0,0,0,0,0,0,0,0,0,0
Tragedy,Bee Gees,1979,1970,Rock,1979-03-24 00:00:00+00:00,2,0,9,6,9,8.0,2.0,RSO,RSO,Rock,Funk/Soul;Pop,0.0,0,0,0,United Kingdom,32.0,1,1,0.0,Barry Gibb;Robin Gibb;Maurice Gibb,Barry Gibb;Robin Gibb;Maurice Gibb,1.0,1.0,1,1,Barry Gibb;Robin Gibb;Maurice Gibb;Albhy Galuten;Karl Richardson,1.0,1.0,1.0,0.0,1,4/4,Bm,Bm,118.0,53.0,67.0,81.0,-11.0,9.0,0,0,1,1,1,1,0,0,0,0,0,1,0,0,0,0,0,0,0,0,0,0,0,0,0,C3,0,303,0,102,28,0,0,1,0,0,0,0,0,Lost Love,0,0,0,0,0,0,0,0,0,0
What a Fool Believes,The Doobie Brothers,1979,1970,Pop,1979-04-14 00:00:00+00:00,1,0,3,5,4,4.0,1.3333333333333333,Warner Bros.,Warner Bros.,Pop,Electronic;Rock;Funk/Soul;Pop,0.0,0,0,0,United States,27.0,1,2,2.0,Michael McDonald;Kenny Loggins,Michael McDonald;Kenny Loggins,1.0,1.0,1,0,Ted Templeman,1.0,1.0,0.0,0.0,0,4/4,Db,Db,121.0,38.0,76.0,99.0,-15.0,28.0,0,0,0,1,1,0,0,0,0,0,0,1,0,1,0,0,0,0,0,0,0,0,0,0,0,C3,0,224,0,16,16,0,0,1,0,0,0,0,0,Lost Love,0,0,0,0,0,0,0,0,0,0
Knock On Wood,Amii Stewart,1979,1970,Electronic/Dance,1979-04-21 00:00:00+00:00,1,0,3,4,4,3.6666666666666665,0.6666666666666666,Ariola,BMG,Electronic/Dance,Electronic,1.0,0,0,0,United States,23.0,0,0,1.0,Eddie Floyd;Steve Cropper,Eddie Floyd;Steve Cropper,1.0,2.0,0,0,Barry Leng,1.0,1.0,0.0,0.0,0,4/4,Ab,Ab,139.0,87.0,69.0,67.0,-6.0,0.0,0,0,0,1,0,0,0,0,0,0,0,0,0,0,0,0,0,0,0,0,0,0,0,0,0,A2,0,227,0,55,35,0,0,1,0,1,0,0,1,Lust/Sex,0,0,0,0,0,0,0,0,0,0
Heart of Glass,Blondie,1979,1970,Funk/Soul,1979-04-28 00:00:00+00:00,1,0,9,9,10,9.333333333333334,0.6666666666666666,Chrysalis,Chrysalis,Funk/Soul,Rock;Funk/Soul,0.0,0,0,0,United States,33.0,2,1,0.0,Debbie Harry;Chris Stein,Debbie Harry;Chris Stein,2.0,1.0,1,1,Mike Chapman,1.0,1.0,0.0,0.0,0,4/4,E,E,115.0,65.0,77.0,69.0,-6.0,5.0,0,0,0,1,0,0,0,0,0,0,0,0,0,0,0,0,0,0,0,0,0,0,0,0,0,D1,0,229,0,98,16,0,0,1,0,0,0,0,0,Lost Love,0,0,1,0,0,0,0,0,0,0
Reunited,Peaches & Herb,1979,1970,Funk/Soul,1979-05-05 00:00:00+00:00,4,0,5,6,3,4.666666666666667,2.0,Polydor,Polygram,Funk/Soul,Funk/Soul,2.0,1,0,0,United States,36.0,2,0,1.0,Freddie Perren;Dino Fekaris,Freddie Perren;Dino Fekaris,1.0,2.0,0,0,Freddie Perren,1.0,0.0,0.0,0.0,1,4/4,Db;D;Eb&%,Db,76.0,50.0,56.0,34.0,-10.0,86.0,0,1,1,1,1,1,0,0,0,0,0,1,0,0,0,0,0,0,0,0,0,0,0,0,0,C1,0,345,0,57,13,0,0,1,0,0,0,0,0,Getting Back Together;Love;Lost Love,0,0,0,0,0,0,0,0,0,0
Hot Stuff,Donna Summer,1979,1970,Funk/Soul,1979-06-02 00:00:00+00:00,3,1,9,9,9,9.0,0.0,Casablanca,Casablanca,Funk/Soul,Electronic,1.0,0,0,0,United States,30.0,0,0,1.0,Pete Bellotte;Harold Faltermeyer;Keith Forsey,Pete Bellotte;Harold Faltermeyer;Keith Forsey,1.0,1.0,0,0,Giorgio Moroder;Pete Bellotte,1.0,1.0,0.0,0.0,1,4/4,Gm,Gm,121.0,70.0,82.0,97.0,-12.0,0.0,0,0,1,1,0,0,0,0,0,0,0,0,0,0,0,0,0,0,0,0,0,0,0,0,0,E1,0,226,0,77,31,0,0,1,0,0,0,0,0,Lust/Sex,0,0,0,0,0,0,0,0,0,0
Love You Inside Out,Bee Gees,1979,1970,Funk/Soul,1979-06-09 00:00:00+00:00,1,0,7,7,7,7.0,0.0,RSO,RSO,Funk/Soul,Funk/Soul,0.0,0,0,0,United Kingdom,32.0,1,1,0.0,Barry Gibb;Robin Gibb;Maurice Gibb,Barry Gibb;Robin Gibb;Maurice Gibb,1.0,1.0,1,1,Barry Gibb;Robin Gibb;Maurice Gibb;Albhy Galuten;Karl Richardson,1.0,1.0,1.0,0.0,1,4/4,Bm,Bm,95.0,52.0,71.0,83.0,-11.0,35.0,0,0,1,1,1,0,0,0,0,0,0,1,0,0,0,0,0,0,0,0,0,0,0,0,0,E1,0,228,0,21,21,0,0,1,0,0,0,0,0,Lost Love;Lust/Sex,0,0,0,0,0,0,0,0,0,0
Ring My Bell,Anita Ward,1979,1970,Funk/Soul,1979-06-30 00:00:00+00:00,2,0,7,6,8,7.0,1.3333333333333333,Juana,Juana,Funk/Soul,Funk/Soul,1.0,1,0,0,United States,22.0,0,0,1.0,Frederick Knight,Frederick Knight,1.0,0.0,0,0,Frederick Knight,1.0,0.0,0.0,0.0,1,4/4,Fm,Fm,126.0,54.0,78.0,97.0,-13.0,11.0,0,1,1,0,0,0,0,0,0,0,0,0,0,0,0,0,0,0,0,0,0,0,0,0,0,E1,0,212,0,35,14,0,0,1,0,0,0,0,0,Lust/Sex,0,0,0,0,0,0,0,0,0,0
Bad Girls,Donna Summer,1979,1970,Funk/Soul,1979-07-14 00:00:00+00:00,5,0,10,8,9,9.0,1.3333333333333333,Casablanca,Casablanca,Funk/Soul,Funk/Soul,1.0,0,0,0,United States,30.0,0,0,1.0,Donna Summer;Bruce Sudano;Edward Hokenson;Joe Esposito,Donna Summer;Bruce Sudano;Edward Hokenson;Joe Esposito,2.0,2.0,1,0,Giorgio Moroder;Pete Bellotte,1.0,1.0,0.0,0.0,0,4/4,Dm,Dm,121.0,70.0,86.0,97.0,-15.0,0.0,0,1,1,0,0,1,0,0,0,0,0,0,0,0,0,0,0,0,0,0,0,0,0,0,0,F,0,295,0,72,40,0,0,0,0,0,0,0,0,Lust/Sex,0,0,0,0,0,0,0,0,0,0
Good Times,Chic,1979,1970,Funk/Soul,1979-08-18 00:00:00+00:00,1,0,9,9,10,9.333333333333334,0.6666666666666666,Atlantic,Warner Bros.,Funk/Soul,Funk/Soul,0.0,0,0,0,United States,26.0,2,0,1.0,Bernard Edwards;Nile Rodgers,Bernard Edwards;Nile Rodgers,1.0,0.0,1,1,Bernard Edwards;Nile Rodgers,1.0,0.0,1.0,1.0,1,4/4,Bm,Bm,111.0,71.0,86.0,82.0,-11.0,12.0,0,0,1,0,1,0,0,0,0,0,0,0,0,0,0,0,0,0,0,0,0,0,0,0,0,C1,0,224,0,48,18,0,0,1,0,0,0,0,0,Dancing;Partying;Better Times,0,0,0,0,0,0,0,0,0,0
My Sharona,The Knack,1979,1970,Rock,1979-08-25 00:00:00+00:00,6,0,8,8,8,8.0,0.0,Capitol,EMI,Rock,Rock,0.0,0,0,0,United States,27.0,1,1,0.0,Doug Fieger;Berton Averre,Doug Fieger;Berton Averre,1.0,1.0,1,1,Mike Chapman,1.0,1.0,0.0,0.0,0,4/4,Gm;C,Multiple Keys,148.0,75.0,62.0,86.0,-7.0,8.0,0,0,1,0,0,0,0,0,0,0,0,0,0,0,0,0,0,0,0,0,0,0,0,0,0,A2,0,239,0,122,19,0,0,0,0,0,0,0,0,Lust/Sex,0,0,0,0,0,0,0,0,0,0
Sad Eyes,Robert John,1979,1970,Rock,1979-10-06 00:00:00+00:00,1,0,6,6,4,5.333333333333333,1.3333333333333333,EMI-America,EMI,Rock,Rock;Pop,1.0,0,0,0,United States,33.0,1,1,0.0,Robert John,Robert John,1.0,1.0,1,1,George Tobin;Mike Piccirillo;Don Grierson,1.0,1.0,0.0,0.0,0,6/8,C;D&%,C,72.0,38.0,55.0,71.0,-11.0,54.0,0,0,1,1,1,0,0,0,0,0,0,1,0,0,0,0,0,0,0,0,0,0,0,0,0,C1,0,213,0,44,14,0,0,1,0,0,0,0,0,Lost Love,0,0,0,0,0,0,0,0,0,0
Don't Stop 'Til You Get Enough,Michael Jackson,1979,1970,Funk/Soul,1979-10-13 00:00:00+00:00,1,0,10,10,10,10.0,0.0,Epic,CBS,Funk/Soul,Electronic;Funk/Soul,1.0,0,0,0,United States,21.0,1,0,1.0,Michael Jackson,Michael Jackson,1.0,0.0,1,1,Quincy Jones;Michael Jackson,1.0,0.0,1.0,0.0,1,4/4,B,B,119.0,82.0,88.0,95.0,-10.0,13.0,0,0,1,0,1,1,0,0,0,0,0,1,0,1,0,0,0,0,0,0,0,0,0,0,0,C1,0,365,0,65,33,0,0,0,0,0,0,0,0,Lust/Sex;Dancing,0,0,0,0,0,0,0,0,0,0
Rise,Herb Alpert,1979,1970,Jazz,1979-10-20 00:00:00+00:00,2,0,3,6,6,5.0,2.0,A&M,A&M,Jazz,Jazz;Funk/Soul,1.0,0,0,0,United States,44.0,1,1,0.0,Andy Armer;Randy Badazz,Andy Armer;Randy Badazz,1.0,1.0,0,0,Andy Armer;Randy Badazz,1.0,1.0,0.0,0.0,1,4/4,F;Fm%,Multiple Keys,99.0,45.0,81.0,90.0,-11.0,13.0,0,1,1,1,0,1,0,0,0,0,0,0,0,1,0,0,0,0,0,0,0,0,1,0,0,I,0,230,1,230,34,0,0,1,0,0,0,0,0,,0,0,0,0,0,0,0,0,0,0
Pop Muzik,M,1979,1970,Electronic/Dance,1979-11-03 00:00:00+00:00,1,0,7,5,9,7.0,2.6666666666666665,Sire,Warner Bros.,Electronic/Dance,Electronic,0.0,0,0,0,United Kingdom,32.0,1,1,0.0,Robin Scott,Robin Scott,1.0,1.0,1,1,Robin Scott,1.0,1.0,1.0,1.0,1,4/4,Db,Db,111.0,73.0,94.0,97.0,-10.0,12.0,0,0,0,1,0,1,0,0,0,0,0,0,0,0,0,0,0,0,0,0,0,0,0,0,0,E1,0,201,0,39,26,0,0,1,0,0,0,0,0,Dancing;Partying,0,0,0,0,0,0,0,0,0,0
Heartache Tonight,Eagles,1979,1970,Rock,1979-11-10 00:00:00+00:00,1,0,6,6,5,5.666666666666667,0.6666666666666666,Asylum,Warner Bros.,Rock,Rock,0.0,0,0,0,United States,31.0,1,1,0.0,Don Henley;Glenn Frey;Bob Seger;JD Souther,Don Henley;Glenn Frey;Bob Seger;JD Souther,1.0,1.0,1,0,Bill Szymczyk,1.0,1.0,0.0,0.0,0,4/4,G,G,113.0,51.0,81.0,86.0,-6.0,8.0,0,0,1,0,0,0,0,0,0,0,0,0,0,1,0,0,0,0,0,0,0,0,0,0,0,C1,0,265,0,78,11,0,0,0,0,0,0,0,0,Lost Love,0,0,0,0,0,0,0,0,0,0
Still,Commodores,1979,1970,Pop,1979-11-17 00:00:00+00:00,1,0,3,5,3,3.6666666666666665,1.3333333333333333,Motown,Motown,Pop,Funk/Soul,0.0,0,0,0,United States,29.0,1,0,1.0,Lionel Richie,Lionel Richie,1.0,0.0,1,1,James Anthony Carmichael;Walter Orange;Ronald LaPread;Milan Williams;Thomas McClary;Lionel Richie;William King,1.0,0.0,1.0,0.0,1,4/4,Db,Db,125.0,17.0,35.0,34.0,-14.0,91.0,0,0,1,1,1,0,0,0,0,0,0,0,0,0,0,0,0,0,0,0,0,0,0,0,0,A2,0,224,0,59,15,0,0,0,0,0,0,0,0,Love,0,0,0,0,0,0,0,0,0,0
No More Tears (Enough is Enough),Barbra Streisand & Donna Summer,1979,1970,Funk/Soul,1979-11-24 00:00:00+00:00,2,0,8,6,8,7.333333333333333,1.3333333333333333,Columbia,CBS,Funk/Soul,Electronic,2.0,1,0,0,United States,33.5,0,2,2.0,Paul Jabara;Bruce Roberts,Paul Jabara;Bruce Roberts,1.0,2.0,0,0,Gary Klein,1.0,1.0,0.0,0.0,0,4/4,Dm,Dm,135.0,67.0,57.0,19.0,-8.0,30.0,0,1,0,1,1,1,0,0,0,0,0,0,0,1,0,0,0,0,0,0,0,0,0,0,0,F,0,288,0,57,21,0,0,0,0,0,0,0,0,Lost Love,0,0,0,0,0,0,0,0,0,0
Babe,Styx,1979,1970,Rock,1979-12-08 00:00:00+00:00,2,0,4,5,4,4.333333333333333,0.6666666666666666,A&M,A&M,Rock,Rock,0.0,0,0,0,United States,32.0,1,1,0.0,Dennis DeYoung,Dennis DeYoung,1.0,1.0,1,1,Dennis DeYoung;John Panozzo;Chuck Panozzo;James Young;Tommy Shaw,1.0,1.0,1.0,1.0,1,4/4,D,D,169.0,20.0,27.0,9.0,-14.0,53.0,0,0,0,1,0,0,0,0,0,0,0,0,0,0,0,0,0,0,0,0,0,0,0,0,0,C1,0,242,0,68,15,0,0,0,0,0,0,0,0,Lost Love,0,0,0,0,0,0,0,0,0,0
Escape (The Piña Colada Song),Rupert Holmes,1979,1970,Rock,1979-12-22 00:00:00+00:00,3,1,7,6,3,5.333333333333333,2.6666666666666665,Infinity,MCA,Rock,Rock,1.0,0,0,0,United States,32.0,1,1,0.0,Rupert Holmes,Rupert Holmes,1.0,1.0,1,1,Rupert Holmes;Jim Boyer,1.0,1.0,1.0,0.0,1,4/4,C,C,141.0,66.0,78.0,88.0,-10.0,33.0,0,1,1,0,0,0,0,0,0,0,0,0,0,0,0,0,0,0,0,0,0,0,0,0,0,C1,0,231,0,51,14,0,0,1,0,0,0,0,0,Bad Relationships;Longing for Love,1,0,0,0,0,0,0,0,0,0
Please Don't Go,KC & the Sunshine Band,1980,1980,Funk/Soul,1980-01-05 00:00:00+00:00,1,0,6,7,6,6.333333333333333,0.6666666666666666,TK,TK,Funk/Soul,Funk/Soul,0.0,0,0,0,United States,28.0,1,2,2.0,Harry Wayne Casey;Richard Finch,Harry Wayne Casey;Richard Finch,1.0,1.0,1,1,Harry Wayne Casey;Richard Finch,1.0,1.0,1.0,1.0,1,4/4,Db,Db,96.0,62.0,48.0,44.0,-11.0,1.0,0,0,0,1,1,0,0,0,0,0,0,1,0,1,0,0,0,0,0,0,0,0,0,0,0,C1,0,230,0,81,21,0,0,1,0,0,0,0,0,Lost Love,0,0,0,0,0,0,0,0,0,0
Rock With You,Michael Jackson,1980,1980,Funk/Soul,1980-01-19 00:00:00+00:00,4,0,9,10,9,9.333333333333334,0.6666666666666666,Epic,CBS,Funk/Soul,Funk/Soul,1.0,0,0,0,United States,21.0,1,0,1.0,Rod Temperton,Rod Temperton,1.0,1.0,0,0,Quincy Jones,1.0,0.0,0.0,0.0,0,4/4,Db;D&%,Db,115.0,70.0,80.0,85.0,-7.0,6.0,0,1,1,0,1,1,0,0,0,0,0,1,0,1,0,0,0,0,0,0,0,0,0,0,0,E3,0,203,0,38,19,0,0,1,0,0,0,0,0,Dancing;Lust/Sex,0,0,0,0,0,0,0,0,0,0
Do That to Me One More Time,Captain & Tennille,1980,1980,Rock,1980-02-16 00:00:00+00:00,1,0,3,5,2,3.333333333333333,2.0,Casablanca,Polygram,Rock,Pop,2.0,0,0,0,United States,38.0,2,1,0.0,Toni Tennille,Toni Tennille,0.0,1.0,1,1,Daryl Dragon,1.0,1.0,1.0,1.0,0,4/4,C;D&%,C,90.0,45.0,69.0,46.0,-11.0,63.0,0,1,1,1,1,1,0,0,0,0,0,0,0,0,0,0,0,0,0,0,0,0,0,0,0,A2,0,251,0,79,21,0,0,1,0,0,0,0,0,Lust/Sex,0,0,0,0,0,0,0,0,0,0
Crazy Little Thing Called Love,Queen,1980,1980,Rock,1980-02-23 00:00:00+00:00,4,0,6,7,6,6.333333333333333,0.6666666666666666,Elektra,Warner Bros.,Rock,Rock,0.0,0,0,0,United Kingdom,33.0,1,2,0.0,Freddie Mercury,Freddie Mercury,1.0,0.0,1,1,Freddie Mercury;John Deacon;Brian May;Roger Taylor;Reinhold Mack,1.0,2.0,1.0,0.0,1,4/4,D,D,77.0,76.0,60.0,71.0,-7.0,71.0,0,0,1,0,0,0,0,0,0,0,0,0,0,1,0,0,0,0,0,0,0,0,0,0,0,D1,0,263,0,29,6,0,0,1,0,0,0,0,0,Love,0,0,0,0,0,0,0,0,0,0
"Another Brick in the Wall, Pt. 2",Pink Floyd,1980,1980,Rock,1980-03-22 00:00:00+00:00,4,0,5,7,6,6.0,1.3333333333333333,Columbia,CBS,Rock;Funk/Soul,Rock,0.0,0,0,0,United Kingdom,36.0,1,1,0.0,Roger Waters,Roger Waters,1.0,1.0,1,1,Bob Ezrin;David Gilmour;Roger Waters,1.0,1.0,1.0,0.0,1,4/4,Dm,Dm,104.0,39.0,69.0,72.0,-16.0,8.0,0,0,1,0,0,0,0,0,0,0,0,0,0,0,0,0,0,0,0,0,0,0,0,0,0,A2,0,198,0,130,9,0,0,1,0,0,0,0,0,Childhood;School,0,0,0,0,0,0,0,0,0,0
Call Me,Blondie,1980,1980,Rock,1980-04-19 00:00:00+00:00,6,0,9,5,10,8.0,3.333333333333333,Chrysalis,Chrysalis,Rock,Rock;Stage & Screen,0.0,0,0,0,United States,34.0,2,1,0.0,Debbie Harry;Giorgio Moroder;Clement Bozewski,Debbie Harry;Giorgio Moroder;Clement Bozewski,2.0,1.0,1,0,Giorgio Moroder,1.0,1.0,0.0,0.0,1,4/4,Dm;Em&,Dm,143.0,83.0,55.0,77.0,-7.0,0.0,0,0,1,1,0,0,0,0,0,0,0,0,0,0,0,0,0,0,0,0,0,0,0,0,0,E1,0,212,0,61,16,0,0,1,0,0,0,0,0,Lust/Sex,0,0,0,0,0,1,0,0,0,0
Funkytown,Lipps Inc.,1980,1980,Funk/Soul,1980-05-31 00:00:00+00:00,4,0,5,6,10,7.0,3.333333333333333,Casablanca,Polygram,Funk/Soul,Electronic,0.0,0,0,0,United States,24.0,2,2,2.0,Steven Greenberg,Steven Greenberg,1.0,1.0,1,1,Steven Greenberg,1.0,1.0,1.0,1.0,1,4/4,C,C,122.0,45.0,89.0,26.0,-14.0,0.0,0,0,1,1,1,1,0,0,0,0,1,0,0,0,0,0,0,0,0,0,1,0,0,0,0,C1,0,239,0,147,12,0,0,1,0,0,0,0,0,Better Times;Utopia/Perfect Places,0,0,0,0,0,0,0,0,0,0
Coming Up,Paul McCartney,1980,1980,Rock,1980-06-28 00:00:00+00:00,3,0,6,8,5,6.333333333333333,2.0,Columbia,CBS,Rock,Rock,1.0,0,0,0,United Kingdom,38.0,1,1,0.0,Paul McCartney,Paul McCartney,1.0,1.0,1,1,Paul McCartney,1.0,1.0,1.0,1.0,1,4/4,E,E,137.0,75.0,58.0,68.0,-8.0,15.0,0,1,1,0,0,1,0,0,0,0,0,0,0,1,0,0,0,0,0,0,0,0,1,0,0,C1,0,248,0,75,15,0,0,0,1,0,0,0,0,Love,0,0,0,0,0,0,0,0,0,0
It's Still Rock and Roll to Me,Billy Joel,1980,1980,Rock,1980-07-19 00:00:00+00:00,2,0,7,8,6,7.0,1.3333333333333333,Columbia,CBS,Rock,Rock,1.0,0,0,0,United States,31.0,1,1,0.0,Billy Joel,Billy Joel,1.0,1.0,1,1,Phil Ramone,1.0,1.0,0.0,0.0,0,4/4,C,C,141.0,68.0,75.0,54.0,-8.0,10.0,0,0,1,0,0,1,0,0,0,0,0,0,0,1,0,0,0,0,0,0,1,0,0,0,0,D1,0,176,0,51,7,0,0,0,0,0,0,0,0,Getting Older,0,0,0,0,0,0,0,0,0,0
Magic,Olivia Newton-John,1980,1980,Rock,1980-08-02 00:00:00+00:00,4,0,7,3,3,4.333333333333333,2.6666666666666665,MCA,MCA,Rock,Pop,1.0,0,0,0,Australia,31.0,0,1,0.0,John Farrar,John Farrar,1.0,1.0,0,0,John Farrar,1.0,1.0,0.0,0.0,1,4/4,D,D,104.0,50.0,70.0,59.0,-9.0,12.0,0,1,1,0,1,0,0,0,0,0,0,0,0,0,0,0,0,0,0,0,0,0,0,0,0,D1,0,269,0,72,10,0,0,0,0,0,0,0,0,Love,0,0,0,0,0,1,0,0,0,0
Sailing,Christopher Cross,1980,1980,Rock,1980-08-30 00:00:00+00:00,1,0,7,7,6,6.666666666666667,0.6666666666666666,Warner Bros.,Warner Bros.,Rock,Rock,1.0,0,0,0,United States,29.0,1,1,0.0,Christopher Cross,Christopher Cross,1.0,1.0,1,1,Michael Omartian,1.0,1.0,0.0,0.0,0,4/4,A,A,150.0,38.0,47.0,18.0,-13.0,36.0,0,0,1,1,1,0,0,0,0,0,0,0,0,0,0,0,0,0,0,0,0,0,0,0,0,C1,0,256,0,121,36,0,0,0,0,0,0,0,0,Surfing/Sailing,0,0,0,0,0,0,0,0,0,0
Upside Down,Diana Ross,1980,1980,Funk/Soul,1980-09-06 00:00:00+00:00,4,0,5,5,10,6.666666666666667,3.333333333333333,Motown,Motown,Funk/Soul,Electronic,1.0,0,0,0,United States,36.0,0,0,1.0,Bernard Edwards;Nile Rodgers,Bernard Edwards;Nile Rodgers,1.0,0.0,0,0,Bernard Edwards;Nile Rodgers,1.0,0.0,0.0,0.0,1,4/4,F;Bbm,Multiple Keys,108.0,86.0,87.0,88.0,-9.0,18.0,0,0,1,0,0,0,0,0,0,0,0,0,0,0,0,0,0,0,0,0,0,0,0,0,0,C1,0,245,0,56,10,0,0,1,0,0,0,0,0,Lust/Sex;Lost Love;Bad Behavior,0,0,0,0,0,0,0,0,0,0
Another One Bites the Dust,Queen,1980,1980,Funk/Soul,1980-10-04 00:00:00+00:00,3,0,9,8,9,8.666666666666666,0.6666666666666666,Elektra,Warner Bros.,Funk/Soul,Rock,0.0,0,0,0,United Kingdom,34.0,1,2,0.0,John Deacon,John Deacon,1.0,1.0,1,1,Freddie Mercury;John Deacon;Brian May;Roger Taylor;Reinhold Mack,1.0,2.0,1.0,0.0,1,4/4,Fm,Fm,110.0,53.0,93.0,76.0,-6.0,11.0,0,1,1,0,0,0,0,0,0,0,0,0,0,1,0,0,0,0,0,0,0,0,0,0,0,C1,0,215,0,96,22,0,0,0,0,0,0,0,0,Murder;Death,0,0,0,0,0,0,0,0,0,0
Woman in Love,Barbra Streisand,1980,1980,Pop,1980-10-25 00:00:00+00:00,3,0,4,4,7,5.0,2.0,Columbia,CBS,Pop,Pop,1.0,0,0,0,United States,38.0,0,1,0.0,Barry Gibb;Robin Gibb,Barry Gibb;Robin Gibb,1.0,1.0,0,0,Barry Gibb;Albhy Galuten;Karl Richardson,1.0,1.0,0.0,0.0,1,4/4,Ebm;Em&%,Ebm,170.0,28.0,47.0,33.0,-16.0,25.0,0,0,1,0,1,1,0,0,0,0,0,0,0,0,0,0,0,0,0,0,0,0,0,0,0,C1,0,231,0,39,23,0,0,1,0,0,0,0,0,Longing for Love,0,0,0,0,0,0,0,0,0,0
Lady,Kenny Rogers,1980,1980,Pop,1980-11-15 00:00:00+00:00,6,0,3,5,7,5.0,2.6666666666666665,Liberty,EMI,Pop,"Pop;Folk, World, & Country",1.0,0,0,0,United States,42.0,1,1,0.0,Lionel Richie,Lionel Richie,1.0,0.0,0,0,Lionel Richie,1.0,0.0,0.0,0.0,1,4/4,Ebm,Ebm,137.0,18.0,36.0,20.0,-16.0,86.0,0,0,0,1,1,0,0,0,0,0,0,0,0,0,0,0,0,0,0,0,0,0,0,0,0,D1,0,231,0,40,7,0,0,0,0,0,0,0,0,Love,0,0,0,0,0,0,0,0,0,0
(Just Like) Starting Over,John Lennon,1980,1980,Rock,1980-12-27 00:00:00+00:00,5,0,8,9,6,7.666666666666667,2.0,Geffen,Warner Bros.,Rock,Rock,1.0,0,0,1,United Kingdom,40.0,1,1,0.0,John Lennon,John Lennon,1.0,1.0,1,1,John Lennon;Yoko Ono;Jack Douglas,2.0,2.0,1.0,0.0,1,Free;6/8,A,A,99.0,79.0,70.0,42.0,-6.0,30.0,0,0,1,1,0,0,0,0,0,0,0,1,0,0,0,0,0,0,0,0,0,0,0,0,0,D3,0,234,0,33,42,0,0,1,0,0,0,0,0,Love,0,0,0,0,0,0,0,0,0,0
The Tide is High,Blondie,1981,1980,Reggae,1981-01-31 00:00:00+00:00,1,0,5,6,9,6.666666666666667,2.6666666666666665,Chrysalis,Chrysalis,Reggae,Rock;Reggae,0.0,0,0,0,United States,35.0,2,1,0.0,John Holt;Tyrone Evans;Howard Barrett,John Holt;Tyrone Evans;Howard Barrett,1.0,0.0,0,0,Mike Chapman,1.0,1.0,0.0,0.0,0,4/4,B,B,97.0,67.0,78.0,96.0,-7.0,5.0,0,1,1,0,1,1,0,0,0,0,0,0,0,0,0,0,0,0,0,0,0,0,1,0,0,C3,0,233,0,58,30,0,0,1,0,1,0,0,1,Longing for Love,0,0,0,0,0,0,0,0,0,0
Celebration,Kool & the Gang,1981,1980,Funk/Soul,1981-02-07 00:00:00+00:00,2,0,8,7,6,7.0,1.3333333333333333,De-Lite,Polygram,Funk/Soul,Funk/Soul,0.0,0,0,0,United States,30.0,1,0,1.0,Ronald Bell;Claydes Smith;George Melvin Brown;James Warren Taylor;Robert Spike Mickens;Earl Eugene Toon Jr.;Dennis Ronald Thomas;Robert Earl Bell;Eumir Deodato,Ronald Bell;Claydes Smith;George Melvin Brown;James Warren Taylor;Robert Spike Mickens;Earl Eugene Toon Jr.;Dennis Ronald Thomas;Robert Earl Bell;Eumir Deodato,1.0,0.0,1,0,Eumir Deodato;Ronald Bell;Claydes Smith;George Melvin Brown;James Warren Taylor;Robert Spike Mickens;Earl Eugene Toon Jr.;Dennis Ronald Thomas;Robert Earl Bell,1.0,0.0,1.0,0.0,1,4/4,Ab,Ab,122.0,84.0,83.0,96.0,-5.0,10.0,0,0,1,0,0,1,0,0,0,0,0,0,0,0,0,0,0,0,0,0,0,0,0,0,0,C3,0,221,0,61,33,0,0,1,0,0,0,0,0,Partying,0,0,0,0,0,0,0,0,0,0
9 to 5,Dolly Parton,1981,1980,Pop,1981-02-21 00:00:00+00:00,2,1,8,7,7,7.333333333333333,0.6666666666666666,RCA,RCA,Pop,"Rock;Pop;Folk, World, & Country;Stage & Screen",1.0,0,0,0,United States,35.0,0,1,0.0,Dolly Parton,Dolly Parton,0.0,1.0,1,1,Gregg Perry,1.0,1.0,0.0,0.0,0,4/4,Gb,Gb,105.0,78.0,55.0,81.0,-6.0,42.0,0,0,1,1,0,1,0,0,0,0,0,0,0,0,0,0,0,0,0,0,0,0,0,0,0,C1,0,162,0,15,10,0,0,1,0,0,0,0,0,Work;Job,0,0,0,0,0,1,0,0,0,0
I Love a Rainy Night,Eddie Rabbit,1981,1980,Pop,1981-02-28 00:00:00+00:00,2,0,5,6,8,6.333333333333333,2.0,Elektra,Warner Bros.,Pop,Pop,1.0,0,0,0,United States,39.0,1,1,0.0,David Malloy;Eddie Rabbitt;Even Stevens,David Malloy;Eddie Rabbitt;Even Stevens,1.0,1.0,1,0,David Malloy,1.0,1.0,0.0,0.0,1,4/4,C,C,131.0,72.0,69.0,96.0,-8.0,12.0,0,0,1,0,0,0,0,0,0,0,0,0,0,1,0,0,0,0,0,0,0,0,0,0,0,D1,0,191,0,34,8,0,0,1,0,0,0,0,0,Rain;Appreciation,0,0,0,0,0,0,0,0,0,0
Keep on Loving You,REO Speedwagon,1981,1980,Rock,1981-03-21 00:00:00+00:00,1,0,5,6,9,6.666666666666667,2.6666666666666665,Epic,CBS,Rock,Rock,0.0,0,0,0,United States,29.0,1,1,0.0,Kevin Cronin,Kevin Cronin,1.0,1.0,1,1,Kevin Beamish;Kevin Cronin;Alan Gratzer;Gary Richrath,1.0,1.0,1.0,0.0,1,4/4,C,C,175.0,72.0,31.0,41.0,-6.0,5.0,0,0,1,1,0,0,0,0,0,0,0,0,0,0,0,0,0,0,0,0,0,0,0,0,0,C3,0,200,0,42,20,0,0,0,0,0,0,0,0,Love,0,0,0,0,0,0,0,0,0,0
Rapture,Blondie,1981,1980,Funk/Soul,1981-03-28 00:00:00+00:00,2,0,6,6,6,6.0,0.0,Chrysalis,Chrysalis,Funk/Soul;Electronic/Dance,Electronic;Rock,0.0,0,0,0,United States,35.0,2,1,0.0,Debbie Harry;Chris Stein;Clement Bozewski,Debbie Harry;Chris Stein;Clement Bozewski,2.0,1.0,1,1,Mike Chapman,1.0,1.0,0.0,0.0,0,4/4,Em,Em,108.0,85.0,70.0,81.0,-6.0,40.0,0,0,1,0,0,1,0,0,0,0,0,0,0,1,0,0,0,0,0,0,1,0,0,0,0,D1V,1,391,0,220,32,0,0,1,0,0,0,0,0,Partying,1,0,0,0,0,0,0,0,0,0
Kiss On My List,Daryl Hall & John Oates,1981,1980,Pop,1981-04-11 00:00:00+00:00,3,0,7,4,5,5.333333333333333,2.0,RCA,RCA,Pop,Rock,2.0,0,0,0,United States,33.5,1,1,0.0,Daryl Hall;Janna Allen,Daryl Hall;Janna Allen,2.0,1.0,1,0,Daryl Hall;John Oates,1.0,1.0,1.0,1.0,1,4/4,C,C,121.0,74.0,81.0,96.0,-9.0,43.0,0,0,1,1,0,0,0,0,0,0,0,1,0,0,0,0,0,0,0,0,0,0,0,0,0,C3,0,232,0,57,19,0,0,1,0,0,0,0,0,Love;Longing for Love;Lust/Sex,0,0,0,0,0,0,0,0,0,0
Morning Train (Nine to Five),Sheena Easton,1981,1980,Pop,1981-05-02 00:00:00+00:00,2,0,5,6,8,6.333333333333333,2.0,EMI-America,EMI,Pop,Electronic,1.0,0,0,0,United Kingdom,22.0,0,1,0.0,Florrie Palmer,Florrie Palmer,0.0,1.0,0,0,Christopher Neil,1.0,1.0,0.0,0.0,0,4/4,Ab;Bb;C&,Ab,122.0,51.0,80.0,80.0,-11.0,69.0,0,0,0,1,0,0,0,0,0,0,0,1,0,1,0,0,0,0,0,0,0,0,0,0,0,E1,0,300,0,18,18,0,0,1,0,0,0,0,0,Love,0,0,0,0,0,0,0,0,0,0
Bette Davis Eyes,Kim Carnes,1981,1980,Rock,1981-05-16 00:00:00+00:00,9,1,9,7,6,7.333333333333333,2.0,EMI-America,EMI,Rock,Electronic,1.0,0,0,0,United States,35.0,0,1,0.0,Donna Weiss;Jackie DeShannon,Donna Weiss;Jackie DeShannon,0.0,1.0,0,0,Val Garay;Donald Lynch;Marc Andrews,1.0,2.0,0.0,0.0,0,4/4,F,F,117.0,65.0,68.0,60.0,-10.0,2.0,0,0,0,1,0,0,0,0,0,0,0,0,0,0,0,0,0,0,0,0,0,0,0,0,0,D1,0,328,0,52,15,0,0,1,0,1,0,0,1,Lust/Sex,0,0,0,0,0,0,0,0,0,0
Stars on 45,Stars on 45,1981,1980,Funk/Soul,1981-06-20 00:00:00+00:00,1,0,2,3,5,3.333333333333333,2.0,Radio,Warner Bros.,Funk/Soul,Electronic;Rock,0.0,0,0,0,Netherlands,34.0,2,1,0.0,Robbie van Leeuwen;Jeff Barry;Andy Kim;John Lennon;Paul McCartney,Robbie van Leeuwen;Jeff Barry;Andy Kim;John Lennon;Paul McCartney,1.0,1.0,0,0,Jaap Eggermont,1.0,1.0,1.0,1.0,0,4/4,G,G,123.0,65.0,78.0,97.0,-11.0,34.0,0,0,1,0,0,1,0,0,0,0,0,0,0,1,0,0,0,0,0,0,0,0,0,0,0,F,0,288,0,67,16,0,0,1,0,1,0,0,1,,0,0,0,0,0,0,0,0,0,0
The One That You Love,Air Supply,1981,1980,Pop,1981-07-25 00:00:00+00:00,1,0,3,4,5,4.0,1.3333333333333333,Arista,BMG,Pop,Rock;Pop,2.0,1,0,0,United Kingdom;Australia,32.0,1,1,0.0,Graham Russell,Graham Russell,1.0,1.0,1,1,Harry Maslin,1.0,1.0,0.0,0.0,0,4/4,F,F,110.0,48.0,40.0,18.0,-8.0,73.0,0,0,0,1,1,0,0,0,0,0,0,0,0,0,0,0,0,0,0,0,0,0,0,0,0,E3,0,259,0,13,8,0,0,1,0,0,0,0,0,Lost Love,0,0,0,0,0,0,0,0,0,0
Jessie's Girl,Rick Springfield,1981,1980,Rock,1981-08-01 00:00:00+00:00,2,0,8,9,7,8.0,1.3333333333333333,RCA,RCA,Rock,Rock,1.0,0,0,0,Australia,31.0,1,1,0.0,Rick Springfield,Rick Springfield,1.0,1.0,1,1,Keith Olsen,1.0,1.0,0.0,0.0,0,4/4,D,D,132.0,83.0,73.0,82.0,-6.0,16.0,0,0,1,0,0,0,0,0,0,0,0,0,0,0,0,0,0,0,0,0,0,0,0,0,0,E3,0,194,0,60,7,0,0,0,0,0,0,0,0,Longing for Love;Lust/Sex,0,0,0,0,0,0,0,0,0,0
Endless Love,Diana Ross & Lionel Richie,1981,1980,Pop,1981-08-15 00:00:00+00:00,9,0,6,6,6,6.0,0.0,Motown,Motown,Pop,Funk/Soul,2.0,1,0,0,United States,34.5,2,0,1.0,Lionel Richie,Lionel Richie,1.0,0.0,1,1,Lionel Richie,1.0,0.0,1.0,1.0,1,4/4,Bb,Bb,94.0,33.0,46.0,24.0,-10.0,67.0,0,0,0,1,1,1,0,0,0,0,0,0,0,0,0,0,0,0,0,0,0,0,0,0,0,A2,0,266,0,69,6,0,0,0,0,0,0,0,0,Love,0,0,0,0,0,1,0,0,0,0
Arthur's Theme (The Best That You Can Do),Christopher Cross,1981,1980,Pop,1981-10-17 00:00:00+00:00,3,0,9,8,9,8.666666666666666,0.6666666666666666,Warner Bros.,Warner Bros.,Pop,Rock;Pop;Stage & Screen,1.0,0,0,0,United States,30.0,1,1,0.0,Christopher Cross;Burt Bacharach;Carole Bayer Sager;Peter Allen,Christopher Cross;Burt Bacharach;Carole Bayer Sager;Peter Allen,2.0,1.0,1,0,Michael Omartian,1.0,1.0,0.0,0.0,0,4/4,A,A,137.0,51.0,53.0,52.0,-11.0,17.0,0,0,0,1,1,1,0,0,0,0,0,0,0,0,0,0,0,0,0,0,1,0,0,0,0,C1,0,236,0,60,15,0,0,1,0,0,0,0,0,Love,0,0,0,0,0,1,0,0,0,0
Private Eyes,Daryl Hall & John Oates,1981,1980,Rock,1981-11-07 00:00:00+00:00,2,0,5,5,5,5.0,0.0,RCA,RCA,Rock,Rock,2.0,0,0,0,United States,34.0,1,1,0.0,Warren Pash;Sara Allen;Janna Allen;Daryl Hall,Warren Pash;Sara Allen;Janna Allen;Daryl Hall,2.0,1.0,1,0,Daryl Hall;John Oates;Neil Kernon,1.0,1.0,1.0,0.0,1,4/4,Am,Am,121.0,94.0,85.0,84.0,-7.0,41.0,0,0,1,1,0,0,0,0,0,0,0,0,0,1,0,0,0,0,0,0,0,0,0,0,0,E1,0,217,0,37,17,0,0,1,0,0,0,0,0,Lost Love,0,0,0,0,0,0,0,0,0,0
Physical,Olivia Newton-John,1981,1980,Pop,1981-11-21 00:00:00+00:00,10,0,7,4,2,4.333333333333333,3.333333333333333,MCA,MCA,Pop,Rock;Pop,1.0,0,0,0,Australia,33.0,0,1,0.0,Steve Kipner;Terry Shaddick,Steve Kipner;Terry Shaddick,1.0,1.0,0,0,John Farrar,1.0,1.0,0.0,0.0,0,4/4,Em,Em,124.0,63.0,83.0,90.0,-11.0,6.0,0,0,1,0,0,1,0,0,0,0,0,0,0,0,0,0,0,0,0,0,0,0,0,0,0,C1,0,225,0,59,15,0,0,1,0,0,0,0,0,Lust/Sex,0,0,1,0,0,0,0,0,0,0
I Can't Go For That (No Can Do),Daryl Hall & John Oates,1982,1980,Pop,1982-01-30 00:00:00+00:00,1,0,6,6,3,5.0,2.0,RCA,RCA,Pop,Electronic,2.0,0,0,0,United States,34.0,1,1,0.0,Daryl Hall;John Oates;Sara Allen,Daryl Hall;John Oates;Sara Allen,2.0,1.0,1,0,Daryl Hall;John Oates,1.0,1.0,1.0,1.0,1,4/4,Cm;C,Multiple Keys,111.0,49.0,85.0,97.0,-8.0,7.0,0,0,0,1,0,1,0,0,0,0,0,0,0,0,0,0,0,0,0,0,1,0,0,0,0,C3,0,225,0,53,26,0,0,1,0,0,0,0,0,Bad Relationships,0,0,0,0,0,0,0,0,0,0
Centerfold,The J. Geils Band,1982,1980,Rock,1982-02-06 00:00:00+00:00,6,0,7,7,8,7.333333333333333,0.6666666666666666,EMI-America,EMI,Rock,Rock,0.0,0,1,0,United States,35.0,1,1,0.0,Seth Justman,Seth Justman,1.0,1.0,1,1,Seth Justman,1.0,1.0,1.0,1.0,1,4/4,C,C,114.0,68.0,65.0,89.0,-12.0,25.0,0,0,1,1,0,0,0,0,0,0,0,0,0,1,0,1,0,0,0,0,0,0,0,0,0,E3,0,216,0,25,17,0,0,0,0,0,0,0,0,Lust/Sex,1,0,0,0,0,0,0,0,0,0
I Love Rock 'n' Roll,Joan Jett & the Blackhearts,1982,1980,Rock,1982-03-20 00:00:00+00:00,7,0,5,4,6,5.0,1.3333333333333333,Boardwalk,Boardwalk,Rock,Rock,0.0,0,0,0,United States,23.0,2,1,0.0,Alan Merrill;Jake Hooker,Alan Merrill;Jake Hooker,1.0,1.0,0,0,Ritchie Cordell;Kenny Laguna,1.0,1.0,0.0,0.0,0,4/4,Em,Em,94.0,72.0,54.0,90.0,-5.0,33.0,0,0,1,0,0,0,0,0,0,0,0,0,0,1,0,0,0,0,0,0,0,0,0,0,0,C3,0,175,0,33,15,0,0,0,0,1,0,0,1,Playing Music;Lust/Sex,1,0,0,0,0,0,0,0,0,0
Chariots of Fire,Vangelis,1982,1980,Electronic/Dance,1982-05-08 00:00:00+00:00,1,0,5,4,5,4.666666666666667,0.6666666666666666,Polydor,Polygram,Electronic/Dance;Classical,Electronic;Classical;Stage & Screen,1.0,0,1,0,Greece,39.0,1,1,0.0,Vangelis,Vangelis,1.0,1.0,1,1,Vangelis,1.0,1.0,1.0,1.0,1,4/4,Db,Db,136.0,44.0,44.0,4.0,-10.0,5.0,0,0,0,1,0,0,0,0,0,0,0,0,0,0,0,0,0,0,0,0,0,0,0,0,0,I,0,202,1,202,23,0,0,0,0,0,0,0,0,,0,0,0,0,0,1,0,0,0,0
Ebony & Ivory,Paul McCartney & Stevie Wonder,1982,1980,Pop,1982-05-15 00:00:00+00:00,7,0,2,5,6,4.333333333333333,2.6666666666666665,Columbia,CBS,Pop,Rock,2.0,1,0,0,United States;United Kingdom,35.5,1,2,2.0,Paul McCartney,Paul McCartney,1.0,1.0,1,1,George Martin,1.0,1.0,0.0,0.0,0,4/4,E,E,81.0,46.0,64.0,81.0,-15.0,15.0,0,0,1,1,0,0,0,0,0,0,0,0,0,1,0,0,0,0,0,0,0,0,0,0,0,E1,0,220,0,50,6,0,0,1,0,0,0,0,0,Coexistence;Appreciation,0,0,0,0,0,0,0,0,0,0
Don't You Want Me,The Human League,1982,1980,Electronic/Dance,1982-07-03 00:00:00+00:00,3,0,8,5,6,6.333333333333333,2.0,A&M,A&M,Electronic/Dance,Electronic;Pop,0.0,1,0,0,United Kingdom,26.0,2,1,0.0,Jo Callis;Philip Oakey;Philip Adrian Wright,Jo Callis;Philip Oakey;Philip Adrian Wright,1.0,1.0,1,1,Martin Rushent;Jo Callis;Philip Adrian Wright;Ian Burden;Joanne Catherall;Susan Ann Sulley;Philip Oakey,2.0,1.0,1.0,0.0,1,4/4,C,C,118.0,74.0,73.0,96.0,-8.0,18.0,0,0,0,1,0,0,0,0,0,0,0,0,0,0,0,0,0,0,0,0,0,0,0,0,0,C3,0,236,0,36,20,0,0,1,0,0,0,0,0,Lost Love,1,0,0,0,0,0,0,0,0,0
Eye of the Tiger,Survivor,1982,1980,Rock,1982-07-24 00:00:00+00:00,6,0,5,6,7,6.0,1.3333333333333333,Scotti Brothers,Scotti Brothers,Rock,Rock;Stage & Screen,0.0,0,0,0,United States,29.0,1,1,0.0,Frankie Sullivan;Jim Peterik,Frankie Sullivan;Jim Peterik,1.0,1.0,1,1,Frankie Sullivan;Jim Peterik,1.0,1.0,1.0,1.0,1,4/4,Cm,Cm,109.0,48.0,82.0,56.0,-13.0,24.0,0,0,1,1,0,0,0,0,0,0,0,0,0,0,0,0,0,0,0,0,0,0,0,0,0,C1,0,227,0,102,49,0,0,1,0,0,0,0,0,Survival;Badassery,0,0,0,0,0,1,0,0,0,0
Abracadabra,Steve Miller Band,1982,1980,Rock,1982-09-04 00:00:00+00:00,2,1,4,2,4,3.333333333333333,1.3333333333333333,Capitol,EMI,Rock,Rock,0.0,0,0,0,United States,38.0,1,2,2.0,Steve Miller,Steve Miller,1.0,1.0,1,1,Steve Miller,1.0,1.0,1.0,1.0,1,4/4,Am,Am,127.0,54.0,79.0,96.0,-13.0,7.0,0,0,1,1,0,0,0,0,0,0,0,0,0,0,0,0,0,0,0,0,0,0,0,0,0,C1,0,219,0,65,17,0,0,1,0,0,0,0,0,Lust/Sex,0,0,0,0,0,0,0,0,0,0
Hard to Say I'm Sorry,Chicago,1982,1980,Pop,1982-09-11 00:00:00+00:00,2,0,3,5,5,4.333333333333333,1.3333333333333333,Full Moon;Warner Bros.,Warner Bros.,Pop,Rock;Pop,0.0,0,0,0,United States,37.0,1,1,0.0,Peter Cetera;David Foster,Peter Cetera;David Foster,1.0,1.0,1,0,David Foster,1.0,1.0,0.0,0.0,1,4/4,E;G,Multiple Keys,145.0,42.0,54.0,26.0,-7.0,69.0,0,0,1,1,1,0,0,0,0,0,0,0,0,0,0,0,0,0,0,0,0,0,0,0,0,C3,0,221,0,61,21,0,0,1,0,0,0,0,0,Lost Love,0,0,0,0,0,0,0,0,0,0
Jack and Diane,John Cougar,1982,1980,Rock,1982-10-02 00:00:00+00:00,4,0,10,9,10,9.666666666666666,0.6666666666666666,Riva,Riva,Rock,Rock;Pop,1.0,0,0,0,United States,30.0,1,1,0.0,John Mellencamp,John Mellencamp,1.0,1.0,1,1,John Mellencamp;Don Gehman,1.0,1.0,1.0,0.0,1,4/4,A,A,104.0,41.0,82.0,62.0,-8.0,4.0,0,0,1,0,0,0,0,0,0,0,0,0,0,1,0,0,0,0,0,0,0,0,0,0,0,E1,0,254,0,116,28,0,0,1,0,0,0,0,0,Love;Getting Older;Growing Up,0,0,0,0,0,0,0,0,0,0
Who Can It Be Now?,Men at Work,1982,1980,Rock,1982-10-30 00:00:00+00:00,1,0,5,4,6,5.0,1.3333333333333333,Columbia,CBS,Rock,Rock;Pop,0.0,0,0,0,Australia,29.0,1,1,0.0,Colin Hay,Colin Hay,1.0,1.0,1,1,Peter McIan,1.0,1.0,0.0,0.0,0,4/4,E,E,128.0,48.0,81.0,96.0,-15.0,6.0,0,0,1,0,0,1,0,0,0,0,0,0,0,0,0,0,0,0,0,0,1,0,0,0,0,E1,0,201,0,49,17,0,0,0,0,0,0,0,0,Paranoia,1,0,0,0,0,0,0,0,0,0
Up Where We Belong,Joe Cocker & Jennifer Warnes,1982,1980,Pop,1982-11-06 00:00:00+00:00,3,0,6,4,5,5.0,1.3333333333333333,Island,Island,Pop,Rock;Stage & Screen,2.0,1,0,0,United States;United Kingdom,36.5,2,1,0.0,Jack Nitzsche;Buffy Sainte-Marie;Will Jennings,Jack Nitzsche;Buffy Sainte-Marie;Will Jennings,2.0,2.0,0,0,Stewart Levine,1.0,1.0,0.0,0.0,0,4/4,D;F;Eb,Multiple Keys,139.0,43.0,57.0,36.0,-9.0,60.0,0,0,0,1,0,0,0,0,0,0,0,0,0,0,0,0,0,0,0,0,0,0,0,0,0,E3,0,233,0,22,15,0,0,1,0,0,0,0,0,Love,0,0,0,0,0,1,0,0,0,0
Truly,Lionel Richie,1982,1980,Pop,1982-11-27 00:00:00+00:00,2,0,4,3,7,4.666666666666667,2.6666666666666665,Motown,Motown,Pop,Funk/Soul;Pop,1.0,0,0,0,United States,33.0,1,0,1.0,Lionel Richie,Lionel Richie,1.0,0.0,1,1,Lionel Richie;James Anthony Carmichael,1.0,0.0,1.0,0.0,1,6/4;4/4,Db,Db,68.0,24.0,37.0,13.0,-14.0,65.0,0,0,0,1,1,1,0,0,0,0,0,1,0,0,0,0,0,0,0,0,0,0,0,0,0,E1,0,200,0,31,11,0,0,0,0,0,0,0,0,Love,0,0,0,0,0,0,0,0,0,0
Mickey,Toni Basil,1982,1980,Rock,1982-12-11 00:00:00+00:00,1,0,2,4,4,3.333333333333333,1.3333333333333333,Chrysalis,Chrysalis,Rock,Rock;Pop,1.0,0,0,0,United States,39.0,0,1,0.0,Nicky Chinn;Mike Chapman,Nicky Chinn;Mike Chapman,1.0,1.0,0,0,Greg Mathieson;Trevor Veitch,1.0,1.0,0.0,0.0,0,4/4,E,E,93.0,60.0,60.0,98.0,-4.0,6.0,0,0,1,1,0,0,0,0,0,0,0,0,0,1,0,0,0,0,0,0,0,0,0,0,0,D3,0,216,0,65,6,0,0,0,0,1,0,0,1,Lust/Sex;Lost Love,0,0,0,0,0,0,0,0,0,0
Maneater,Daryl Hall & John Oates,1982,1980,Pop,1982-12-18 00:00:00+00:00,4,0,6,4,5,5.0,1.3333333333333333,RCA,RCA,Pop,Electronic;Rock;Funk/Soul,2.0,0,0,0,United States,35.0,1,1,0.0,Daryl Hall;John Oates;Sara Allen,Daryl Hall;John Oates;Sara Allen,2.0,1.0,1,0,Daryl Hall;John Oates,1.0,1.0,1.0,1.0,1,4/4,D,D,89.0,50.0,72.0,83.0,-13.0,4.0,0,1,0,0,0,1,0,0,0,0,0,0,0,0,0,0,0,0,0,0,1,0,0,0,0,C1,0,273,0,117,45,0,0,1,0,0,0,0,0,Bad Relationships;Lost Love,0,0,0,0,0,0,0,0,0,0
Down Under,Men at Work,1983,1980,Rock,1983-01-15 00:00:00+00:00,4,1,5,6,6,5.666666666666667,0.6666666666666666,Columbia,CBS,Rock,Rock;Pop,0.0,0,0,0,Australia,29.0,1,1,0.0,Colin Hay;Ron Strykert,Colin Hay;Ron Strykert,1.0,1.0,1,1,Peter McIan,1.0,1.0,0.0,0.0,0,4/4,Bm,Bm,107.0,79.0,75.0,89.0,-5.0,5.0,0,0,1,0,0,1,0,0,0,0,0,0,1,0,0,0,0,0,0,0,0,0,0,0,0,C1,0,220,0,51,11,0,0,1,0,0,0,1,1,Home,1,0,0,0,0,0,0,0,0,0
Africa,Toto,1983,1980,Pop,1983-02-05 00:00:00+00:00,1,0,1,8,7,5.333333333333333,4.666666666666667,Columbia,CBS,Pop,Rock;Pop,0.0,0,0,0,United States,35.0,1,1,0.0,David Paich;Jeff Porcaro,David Paich;Jeff Porcaro,1.0,1.0,1,1,Steve Lukather;David Praich;Jeff Porcaro;Steve Porcaro;David Hungate;Bobby Kimball,1.0,1.0,1.0,1.0,1,4/4,E,E,92.0,57.0,63.0,70.0,-8.0,57.0,0,0,0,1,0,0,0,0,0,0,0,0,0,0,0,0,0,0,0,0,0,0,0,0,0,C1,0,261,0,95,31,0,0,1,0,0,0,0,0,Appreciation;Escape;Love,0,0,0,0,0,0,0,0,0,0
"Baby, Come to Me",Patti Austin & James Ingram,1983,1980,Funk/Soul,1983-02-19 00:00:00+00:00,2,0,5,5,5,5.0,0.0,Qwest,Warner Bros.,Funk/Soul,Electronic;Funk/Soul,2.0,1,0,0,United States,31.5,2,0,1.0,Rod Temperton,Rod Temperton,1.0,1.0,0,0,Quincy Jones,1.0,0.0,0.0,0.0,0,4/4,Am;Cm,Multiple Keys,90.0,50.0,63.0,70.0,-12.0,55.0,0,0,0,1,0,0,0,0,0,0,0,0,0,0,0,0,0,0,0,0,0,0,0,0,0,E1,0,215,0,49,10,0,0,1,0,0,0,0,0,Lust/Sex,0,0,0,0,0,0,0,0,0,0
Billie Jean,Michael Jackson,1983,1980,Rock,1983-03-05 00:00:00+00:00,7,0,9,9,7,8.333333333333334,1.3333333333333333,Epic,CBS,Rock;Funk/Soul,Electronic;Funk/Soul,1.0,0,0,0,United States,24.0,1,0,1.0,Michael Jackson,Michael Jackson,1.0,0.0,1,1,Michael Jackson;Quincy Jones,1.0,0.0,1.0,0.0,1,4/4,Gbm,Gbm,117.0,65.0,92.0,85.0,-3.0,2.0,0,1,1,0,1,0,0,0,0,0,0,0,0,0,0,0,0,0,0,0,0,0,0,0,0,C3,0,294,0,68,29,0,0,1,0,0,0,0,0,Bad Relationships;Paranoia;Child Birth,0,0,0,0,0,0,0,0,0,0
Come on Eileen,Dexys Midnight Runners,1983,1980,Rock,1983-04-23 00:00:00+00:00,1,0,4,8,3,5.0,3.333333333333333,Mercury,Polygram,Rock,Rock;Funk/Soul,0.0,0,0,0,United Kingdom,29.0,2,1,0.0,Kevin Rowland;Jimmy Patterson;Kevin Adams,Kevin Rowland;Jimmy Patterson;Kevin Adams,1.0,1.0,1,1,Clive Langer;Alan Winstanley;Kevin Rowland,1.0,1.0,1.0,0.0,1,4/4,C;D&,Multiple Keys,108.0,70.0,42.0,91.0,-7.0,20.0,0,0,0,1,1,1,1,1,0,0,0,0,0,0,0,0,0,0,0,0,0,0,0,0,1,E3,0,243,0,53,38,0,0,1,0,0,0,0,0,Lust/Sex,0,0,0,0,0,0,0,0,0,0
Beat It,Michael Jackson,1983,1980,Rock,1983-04-30 00:00:00+00:00,3,0,10,8,8,8.666666666666666,1.3333333333333333,Epic,CBS,Rock,Electronic;Rock;Funk/Soul;Pop,1.0,0,0,0,United States,24.0,1,0,1.0,Michael Jackson,Michael Jackson,1.0,0.0,1,1,Quincy Jones;Michael Jackson,1.0,0.0,1.0,0.0,1,4/4,Ebm,Ebm,139.0,87.0,78.0,92.0,-4.0,5.0,0,0,1,0,0,0,0,0,0,0,0,1,0,0,0,0,0,0,0,0,0,0,0,0,0,D1,0,258,0,91,38,0,0,1,0,0,0,0,0,Bad Behavior;Violence,0,0,0,0,0,0,0,0,0,0
Let's Dance,David Bowie,1983,1980,Rock,1983-05-21 00:00:00+00:00,1,0,8,8,9,8.333333333333334,0.6666666666666666,EMI-America,EMI,Rock;Funk/Soul,Rock;Pop,1.0,0,0,0,United Kingdom,36.0,1,1,0.0,David Bowie,David Bowie,1.0,1.0,1,1,Nile Rodgers;David Bowie,1.0,2.0,1.0,0.0,1,4/4,Bbm;Ab,Multiple Keys,114.0,63.0,64.0,73.0,-11.0,1.0,0,0,1,0,0,1,0,0,0,0,0,0,0,0,0,0,0,0,0,0,0,0,0,0,0,D1,0,248,0,114,26,0,0,1,0,0,0,1,1,Dancing;Longing for Love,0,0,0,0,0,0,0,0,0,0
Flashdance … What a Feeling,Irene Cara,1983,1980,Pop,1983-05-28 00:00:00+00:00,6,0,5,7,6,6.0,1.3333333333333333,Casablanca,Polygram,Pop,Electronic;Funk/Soul;Pop;Stage & Screen,1.0,0,0,0,United States,24.0,0,0,1.0,Irene Cara;Giorgio Moroder;Keith Forsey,Irene Cara;Giorgio Moroder;Keith Forsey,2.0,2.0,1,0,Giorgio Moroder,1.0,1.0,0.0,0.0,1,4/4,Gm,Gm,124.0,55.0,65.0,49.0,-10.0,11.0,0,0,0,1,0,0,0,0,0,0,0,0,0,0,0,0,0,0,0,0,0,0,0,0,0,C2,0,233,0,48,54,0,0,1,0,0,0,0,0,Dancing,0,0,0,0,0,1,0,0,0,0
Every Breath You Take,The Police,1983,1980,Pop,1983-07-09 00:00:00+00:00,8,0,8,4,10,7.333333333333333,4.0,A&M,A&M,Pop,Rock,0.0,0,0,0,United States;United Kingdom,31.0,1,1,0.0,Sting,Sting,1.0,1.0,1,1,Hugh Oadgham;Sting;Stuart Copland;Andy Summers,1.0,1.0,1.0,0.0,1,4/4,Ab;B,Multiple Keys,117.0,45.0,82.0,74.0,-10.0,54.0,0,0,1,0,0,0,0,0,0,0,0,0,0,0,0,0,0,0,0,0,0,0,0,0,0,E2,0,234,0,66,15,0,0,1,0,0,0,0,0,Bad Relationships;Lost Love,0,0,0,0,0,0,0,0,0,0
Sweet Dreams (Are Made of This),Eurythmics,1983,1980,Electronic/Dance,1983-09-03 00:00:00+00:00,1,0,6,8,5,6.333333333333333,2.0,RCA,RCA,Electronic/Dance,Electronic;Pop,2.0,0,0,0,United Kingdom,32.0,2,1,0.0,Annie Lennox;David A. Stewart,Annie Lennox;David A. Stewart,2.0,1.0,1,1,David A. Stewart,1.0,1.0,1.0,1.0,1,4/4,Cm,Cm,125.0,71.0,69.0,88.0,-7.0,23.0,0,0,0,1,0,0,0,0,0,0,0,0,0,0,0,0,0,0,0,0,0,0,0,0,0,D1,0,216,0,60,10,0,0,1,0,0,0,0,0,Dreaming;Failure,0,0,0,0,0,0,0,0,0,0
Maniac,Michael Sembello,1983,1980,Rock,1983-09-10 00:00:00+00:00,2,0,5,3,7,5.0,2.6666666666666665,Casablanca,Polygram,Rock;Electronic/Dance,Electronic,1.0,0,0,0,United States,29.0,1,1,0.0,Dennis Matkosky;Michael Sembello,Dennis Matkosky;Michael Sembello,1.0,1.0,1,0,Phil Ramone;Michael Sembello,1.0,1.0,1.0,0.0,1,4/4,Ebm,Ebm,159.0,53.0,62.0,83.0,-12.0,9.0,0,0,1,1,0,0,0,0,0,0,0,1,0,0,0,0,0,0,0,0,0,0,0,0,0,C3,0,244,0,78,24,0,0,1,0,0,0,0,0,Dancing,0,0,0,0,0,1,0,0,0,0
Tell Her About It,Billy Joel,1983,1980,Pop,1983-09-24 00:00:00+00:00,1,0,6,3,6,5.0,2.0,Columbia,CBS,Pop;Funk/Soul,Rock;Pop,1.0,0,0,0,United States,34.0,1,1,0.0,Billy Joel,Billy Joel,1.0,1.0,1,1,Phil Ramone,1.0,1.0,0.0,0.0,0,4/4,Bb,Bb,91.0,89.0,56.0,74.0,-5.0,1.0,0,0,1,0,0,1,0,0,0,0,0,1,0,0,0,0,0,0,0,0,0,0,0,0,0,E1,0,229,0,20,10,0,0,1,0,0,0,0,0,Love;Appreciation,0,0,0,0,0,0,0,0,0,0
Total Eclipse of the Heart,Bonnie Tyler,1983,1980,Rock,1983-10-01 00:00:00+00:00,4,0,8,8,7,7.666666666666667,0.6666666666666666,Columbia,CBS,Rock,Electronic,1.0,1,0,0,United Kingdom,32.0,0,1,0.0,Jim Steinman,Jim Steinman,1.0,1.0,0,0,Jim Steinman,1.0,1.0,0.0,0.0,1,4/4,Ab,Ab,131.0,72.0,43.0,19.0,-6.0,14.0,0,0,0,1,0,0,0,0,0,0,0,0,0,0,0,0,0,0,0,0,0,0,0,0,0,C1,0,267,0,52,7,0,0,1,0,0,0,0,0,Lost Love;Longing for Love,0,0,0,0,0,0,0,0,0,0
Islands in the Stream,Kenny Rogers & Dolly Parton,1983,1980,Pop,1983-10-29 00:00:00+00:00,2,0,6,6,7,6.333333333333333,0.6666666666666666,RCA,RCA,Pop,"Pop;Folk, World, & Country",2.0,1,0,0,United States,41.0,2,1,0.0,Barry Gibb;Robin Gibb;Maurice Gibb,Barry Gibb;Robin Gibb;Maurice Gibb,1.0,1.0,0,0,Barry Gibb;Albhy Galuten;Karl Richardson,1.0,1.0,0.0,0.0,1,4/4,C;Ab%,Multiple Keys,102.0,41.0,62.0,74.0,-12.0,68.0,0,0,0,1,1,1,0,0,0,0,0,0,0,0,0,0,0,0,0,0,0,0,0,0,0,C3,0,251,0,33,9,0,0,1,0,0,0,0,0,Love,0,0,0,0,0,0,0,0,0,0
All Night Long (All Night),Lionel Richie,1983,1980,Pop,1983-11-12 00:00:00+00:00,4,0,9,9,7,8.333333333333334,1.3333333333333333,Motown,Motown,Pop;Calypso,Funk/Soul,1.0,0,0,0,United States,34.0,1,0,1.0,Lionel Richie,Lionel Richie,1.0,0.0,1,1,Lionel Richie;James Anthony Carmichael,1.0,0.0,1.0,0.0,1,4/4,Ab,Ab,109.0,58.0,74.0,78.0,-12.0,12.0,0,1,0,0,1,1,0,0,0,0,0,0,0,0,0,0,0,0,0,0,0,0,0,0,0,E4,0,260,0,48,19,0,0,1,0,0,0,0,0,Dancing;Partying,0,0,0,0,0,0,0,0,0,0
Say Say Say,Paul McCartney & Michael Jackson,1983,1980,Pop,1983-12-10 00:00:00+00:00,6,0,7,4,4,5.0,2.0,Columbia,CBS,Pop;Funk/Soul,Electronic,2.0,1,0,0,United States;United Kingdom,33.0,1,2,2.0,Paul McCartney;Michael Jackson,Paul McCartney;Michael Jackson,1.0,2.0,1,1,George Martin,1.0,1.0,0.0,0.0,0,4/4,Bbm,Bbm,118.0,53.0,81.0,84.0,-16.0,5.0,0,1,1,0,0,1,0,0,0,0,0,0,0,0,1,0,0,0,0,0,0,0,0,0,0,E2,0,234,0,120,16,0,0,1,0,0,0,0,0,Longing for Love,0,0,0,0,0,0,0,0,0,0
Owner of a Lonely Heart,Yes,1984,1980,Rock,1984-01-21 00:00:00+00:00,2,0,6,5,4,5.0,1.3333333333333333,Atco,Warner Bros.,Rock,Rock;Pop,0.0,0,0,0,United Kingdom,39.0,1,1,0.0,Trevor Rabin;John Anderson;Chris Squire;Trevor Horn,Trevor Rabin;John Anderson;Chris Squire;Trevor Horn,1.0,1.0,1,1,Trevor Horn,1.0,1.0,1.0,1.0,1,4/4,Am,Am,125.0,80.0,74.0,89.0,-6.0,17.0,0,0,1,0,0,0,0,0,0,0,0,0,0,0,0,0,0,0,0,0,0,0,0,0,0,E1,0,230,0,96,25,0,0,1,0,0,1,0,1,Lost Love,0,0,0,0,0,0,0,0,0,0
Karma Chameleon,Culture Club,1984,1980,Pop,1984-02-04 00:00:00+00:00,3,0,4,5,8,5.666666666666667,2.6666666666666665,Virgin;Epic,Virgin,Pop,Pop,0.0,0,0,0,United Kingdom,22.0,1,2,2.0,Boy George;Jon Moss;Roy Hay;Mikey Craig;Phil Pickett,Boy George;Jon Moss;Roy Hay;Mikey Craig;Phil Pickett,1.0,2.0,1,1,Steve Levine,1.0,1.0,0.0,0.0,0,4/4,Bb,Bb,92.0,67.0,67.0,94.0,-9.0,20.0,0,0,1,0,0,0,0,0,0,0,0,0,0,0,1,0,0,0,0,0,0,0,0,0,0,E3,0,238,0,22,13,0,0,1,0,0,0,0,0,Lost Love,0,0,0,0,0,0,0,0,0,0
Jump,Van Halen,1984,1980,Rock,1984-02-25 00:00:00+00:00,5,0,8,5,7,6.666666666666667,2.0,Warner Bros.,Warner Bros.,Rock,Rock,0.0,0,0,0,United States,29.0,1,1,0.0,Edward Van Halen;Alex Van Halen;David Lee Roth,Edward Van Halen;Alex Van Halen;David Lee Roth,1.0,1.0,1,1,Ted Templeman,1.0,1.0,0.0,0.0,0,4/4,C;Gb,Multiple Keys,130.0,83.0,57.0,80.0,-6.0,17.0,0,0,1,1,0,0,0,0,0,0,0,0,0,0,0,0,0,0,0,0,0,0,0,0,0,C3,0,240,0,92,28,0,0,1,0,0,0,0,0,Unclear,0,0,0,0,0,0,0,0,0,0
Footloose,Kenny Loggins,1984,1980,Rock,1984-03-31 00:00:00+00:00,3,0,7,4,10,7.0,4.0,Columbia,CBS,Rock,Rock;Pop;Stage & Screen,1.0,0,0,0,United States,36.0,1,1,0.0,Kenny Loggins;Dean Pitchford,Kenny Loggins;Dean Pitchford,1.0,1.0,1,0,Kenny Loggins;Lee DeCarlo,1.0,1.0,1.0,0.0,1,4/4,Bb,Bb,174.0,90.0,58.0,65.0,-6.0,10.0,0,0,1,0,0,0,0,0,0,0,0,0,0,0,0,0,0,0,0,0,0,0,0,0,0,E3,0,226,0,60,31,0,0,0,0,0,0,0,0,Dancing,0,0,0,0,0,1,0,0,0,0
Against All Odds (Take a Look at Me Now),Phil Collins,1984,1980,Pop,1984-04-21 00:00:00+00:00,3,0,6,5,7,6.0,1.3333333333333333,Atlantic,Warner Bros.,Pop,Rock;Pop;Stage & Screen,1.0,0,0,0,United Kingdom,33.0,1,1,0.0,Phil Collins,Phil Collins,1.0,1.0,1,1,Arif Mardin,1.0,1.0,0.0,0.0,0,4/4,Db,Db,16.0,50.0,58.0,11.0,-7.0,20.0,0,0,0,1,1,0,0,0,0,0,0,0,0,0,0,0,0,0,0,0,0,0,0,0,0,C1,0,206,0,44,8,0,0,0,0,0,0,0,0,Lost Love;Longing for Love,0,0,0,0,0,1,0,0,0,0
Hello,Lionel Richie,1984,1980,Pop,1984-05-12 00:00:00+00:00,2,0,4,5,5,4.666666666666667,0.6666666666666666,Motown,Motown,Pop,Funk/Soul,1.0,0,0,0,United States,34.0,1,0,1.0,Lionel Richie,Lionel Richie,1.0,0.0,1,1,Lionel Richie;James Anthony Carmichael,1.0,0.0,1.0,0.0,1,4/4,Am,Am,61.0,25.0,49.0,6.0,-14.0,41.0,0,0,0,1,1,1,0,0,0,0,0,0,0,0,0,0,0,0,0,0,0,0,0,0,0,C1,0,254,0,88,16,0,0,0,0,0,0,0,0,Lost Love,0,0,0,0,0,0,0,0,0,0
Let's Hear it For the Boy,Deniece Williams,1984,1980,Pop,1984-05-26 00:00:00+00:00,2,0,5,6,7,6.0,1.3333333333333333,Columbia,CBS,Pop,Electronic,1.0,0,0,0,United States,32.0,0,0,1.0,Tom Snow;Dean Pitchford,Tom Snow;Dean Pitchford,1.0,1.0,0,0,George Duke,1.0,0.0,0.0,0.0,0,4/4,C;D&,C,123.0,49.0,81.0,71.0,-9.0,8.0,0,0,0,0,0,0,0,0,0,0,0,1,0,0,0,0,0,0,0,0,0,0,0,0,0,C3,0,262,0,93,23,0,0,1,0,0,0,0,0,Love;Appreciation,0,0,0,0,0,1,0,0,0,0
Time After Time,Cyndi Lauper,1984,1980,Pop,1984-06-09 00:00:00+00:00,2,0,7,8,6,7.0,1.3333333333333333,Portrait,CBS,Pop,Rock;Pop,1.0,0,0,0,United States,30.0,0,1,0.0,Cyndi Lauper;Rob Hyman,Cyndi Lauper;Rob Hyman,2.0,1.0,1,0,Rick Chertoff,1.0,1.0,0.0,0.0,0,4/4,C,C,130.0,45.0,73.0,29.0,-9.0,49.0,0,0,1,1,0,0,0,0,0,0,0,0,0,0,0,0,0,0,0,0,0,0,0,0,0,C3,0,241,0,45,14,0,0,1,0,0,0,0,0,Love;Faithfulness,0,0,0,0,0,0,0,0,0,0
The Reflex,Duran Duran,1984,1980,Rock,1984-06-23 00:00:00+00:00,2,0,4,1,6,3.6666666666666665,3.333333333333333,Capitol,EMI,Rock,Rock;Pop,0.0,0,0,0,United Kingdom,25.0,1,1,0.0,Simon Le Bon;John Taylor;Roger Taylor;Andy Taylor;Nick Rhodes,Simon Le Bon;John Taylor;Roger Taylor;Andy Taylor;Nick Rhodes,1.0,1.0,1,1,Simon Le Bon;John Taylor;Roger Taylor;Andy Taylor;Nick Rhodes;Alex Sadkin;Ian Little,1.0,1.0,1.0,0.0,1,4/4,C,C,127.0,89.0,55.0,82.0,-7.0,11.0,0,0,1,1,0,0,0,0,0,0,0,0,0,0,0,0,0,0,0,0,0,0,0,0,0,C3,0,266,0,40,16,0,0,1,0,0,0,0,0,Unclear,0,0,0,0,0,0,0,0,0,0
When Doves Cry,Prince,1984,1980,Funk/Soul,1984-07-07 00:00:00+00:00,5,0,8,7,8,7.666666666666667,0.6666666666666666,Warner Bros.,Warner Bros.,Funk/Soul,Funk/Soul;Stage & Screen,1.0,0,0,0,United States,26.0,1,0,1.0,Prince,Prince,1.0,0.0,1,1,Prince,1.0,0.0,1.0,1.0,1,4/4,Am,Am,127.0,89.0,88.0,89.0,-10.0,1.0,0,0,1,1,0,0,0,0,0,0,0,1,0,0,0,0,0,0,0,0,0,0,0,0,0,C1,0,228,0,80,33,0,0,1,0,0,0,0,0,Lost Love;Lust/Sex,0,0,0,0,0,1,0,0,0,0
Ghostbusters,"Ray Parker, Jr.",1984,1980,Rock,1984-08-11 00:00:00+00:00,3,0,2,4,2,2.6666666666666665,1.3333333333333333,Arista,BMG,Rock,Electronic,1.0,0,0,0,United States,30.0,1,0,1.0,Ray Parker Jr.,Ray Parker Jr.,1.0,0.0,1,1,Ray Parker Jr.,1.0,0.0,1.0,1.0,1,Free;4/4,B;Gbm,Multiple Keys,115.0,72.0,78.0,79.0,-10.0,1.0,0,0,1,1,0,0,0,0,0,0,0,1,0,0,0,0,0,0,0,0,0,0,0,0,0,D1,0,241,0,130,31,0,0,1,0,0,0,1,1,Ghosts;Jobs,0,1,0,0,0,1,0,0,0,0
What's Love Got to Do With It,Tina Turner,1984,1980,Rock,1984-09-01 00:00:00+00:00,3,0,5,7,6,6.0,1.3333333333333333,Capitol,EMI,Rock,Rock;Funk/Soul;Pop,1.0,0,0,0,United States,44.0,0,1,0.0,Terry Britten;Graham Lyle,Terry Britten;Graham Lyle,1.0,1.0,0,0,Terry Britten,1.0,1.0,0.0,0.0,1,4/4,B;Db&%,B,98.0,41.0,85.0,79.0,-12.0,22.0,0,1,1,0,1,0,0,0,0,0,0,0,0,0,0,0,0,0,0,0,0,0,0,0,0,E3,0,226,0,42,19,0,0,1,0,0,0,0,0,Lust/Sex,0,0,0,0,0,0,0,0,0,0
Missing You,John Waite,1984,1980,Pop,1984-09-22 00:00:00+00:00,1,0,8,6,8,7.333333333333333,1.3333333333333333,EMI-America,EMI,Pop,Rock,1.0,0,0,0,United Kingdom,32.0,1,1,0.0,John Waite;Mark Leonard;Charles Sanford,John Waite;Mark Leonard;Charles Sanford,1.0,1.0,1,0,John Waite;David Thoener;Gary Gersh,1.0,1.0,1.0,0.0,1,4/4,Gb,Gb,104.0,55.0,55.0,59.0,-10.0,5.0,0,0,1,0,0,0,0,0,0,0,0,0,0,0,0,0,0,0,0,0,0,0,0,0,0,C3,0,270,0,19,19,0,0,1,0,0,0,0,0,Lost Love;Longing for Love,0,0,0,0,0,0,0,0,0,0
Let's Go Crazy,Prince,1984,1980,Rock,1984-09-29 00:00:00+00:00,2,0,6,7,10,7.666666666666667,2.6666666666666665,Warner Bros.,Warner Bros.,Rock,Electronic;Rock;Funk/Soul,1.0,0,0,0,United States,26.0,1,0,1.0,Prince;Wendy Melvoin;Brown Mark;Lisa Coleman;Matt Fink;Bobby Z,Prince;Wendy Melvoin;Brown Mark;Lisa Coleman;Matt Fink;Bobby Z,2.0,2.0,1,0,Prince;Wendy Melvoin;Brown Mark;Lisa Coleman;Matt Fink;Bobby Z,2.0,2.0,1.0,0.0,1,4/4;Free,Gb,Gb,98.0,92.0,52.0,49.0,-8.0,1.0,0,0,1,1,0,0,0,0,0,0,0,0,0,0,0,0,0,0,0,0,0,0,0,0,0,C3,0,227,0,110,29,0,0,0,0,0,0,0,0,Partying,0,0,1,0,0,1,0,0,0,0
I Just Called to Say I Love You,Stevie Wonder,1984,1980,Pop,1984-10-13 00:00:00+00:00,3,0,6,7,7,6.666666666666667,0.6666666666666666,Motown,Motown,Pop,Electronic;Funk/Soul;Stage & Screen,1.0,0,0,0,United States,34.0,1,0,1.0,Stevie Wonder,Stevie Wonder,1.0,0.0,1,1,Stevie Wonder,1.0,0.0,1.0,1.0,1,4/4,Db;D;Eb&%,Db,114.0,56.0,75.0,67.0,-9.0,18.0,0,0,0,1,0,0,0,0,0,0,0,0,0,0,0,0,0,0,0,0,0,0,0,0,0,C3,0,260,0,7,7,0,0,0,0,0,0,0,0,Love,0,0,0,0,0,1,0,0,0,0
Caribbean Queen (No More Love on the Run),Billy Ocean,1984,1980,Rock,1984-11-03 00:00:00+00:00,2,0,5,3,7,5.0,2.6666666666666665,Jive,Zomba,Rock;Funk/Soul,Electronic;Funk/Soul;Pop,1.0,0,0,0,United Kingdom,34.0,1,0,1.0,Billy Ocean;Keith Diamond,Billy Ocean;Keith Diamond,1.0,0.0,1,0,Keith Diamond,1.0,0.0,0.0,0.0,1,4/4,Dm,Dm,114.0,59.0,81.0,96.0,-9.0,29.0,0,0,1,1,1,1,0,0,0,0,0,0,0,0,0,0,0,0,0,0,1,0,0,0,0,C3,0,221,0,91,13,0,0,1,0,0,0,0,0,Lust/Sex,0,0,0,0,0,0,0,0,0,0
Wake Me Up Before You Go-Go,Wham!,1984,1980,Pop,1984-11-17 00:00:00+00:00,3,0,8,6,8,7.333333333333333,1.3333333333333333,Columbia,CBS,Pop,Rock;Pop,2.0,0,0,0,United Kingdom,21.0,1,1,0.0,George Michael,George Michael,1.0,1.0,1,1,George Michael,1.0,1.0,1.0,1.0,1,4/4,C,C,82.0,57.0,62.0,90.0,-12.0,27.0,0,1,1,1,0,1,0,0,0,0,0,0,0,1,0,0,0,0,0,0,0,0,0,0,0,E3,0,231,0,31,12,0,0,1,0,0,0,0,0,Lost Love,0,0,0,0,0,0,0,0,0,0
Out of Touch,Daryl Hall & John Oates,1984,1980,Pop,1984-12-08 00:00:00+00:00,2,0,6,5,7,6.0,1.3333333333333333,RCA,RCA,Pop,Electronic;Rock,2.0,0,0,0,United States,37.0,1,1,0.0,Daryl Hall;John Oates,Daryl Hall;John Oates,1.0,1.0,1,1,Daryl Hall;John Oates;Bob Clearmountain,1.0,1.0,1.0,0.0,1,4/4,Am,Am,115.0,72.0,80.0,93.0,-6.0,8.0,0,1,0,1,0,0,0,0,0,0,0,0,0,0,0,0,0,0,0,0,0,0,0,0,0,C1,0,247,0,62,40,0,0,1,0,0,0,0,0,Lost Love,0,0,0,0,0,0,0,0,0,0
Like a Virgin,Madonna,1984,1980,Pop,1984-12-22 00:00:00+00:00,6,0,6,7,7,6.666666666666667,0.6666666666666666,Sire,Warner Bros.,Pop,Electronic;Pop,1.0,0,0,0,United States,26.0,0,1,0.0,Billy Steinberg;Tom Kelly,Billy Steinberg;Tom Kelly,1.0,1.0,0,0,Nile Rodgers,1.0,0.0,0.0,0.0,0,4/4,Gb,Gb,120.0,66.0,77.0,97.0,-11.0,20.0,0,0,0,1,0,0,0,0,0,0,0,0,0,0,0,0,0,0,0,0,0,0,0,0,0,E1,0,218,0,41,8,0,0,1,0,0,0,0,0,Love,0,0,1,0,0,0,0,0,0,0
I Want to Know What Love Is,Foreigner,1985,1980,Pop,1985-02-02 00:00:00+00:00,2,0,4,5,7,5.333333333333333,2.0,Atlantic,Warner Bros.,Pop,Rock,0.0,0,0,0,United States;United Kingdom,34.0,1,1,0.0,Mick Jones,Mick Jones,1.0,1.0,1,1,Mick Jones;Alex Sadkin,1.0,1.0,1.0,0.0,1,4/4,Gb,Gb,81.0,47.0,48.0,42.0,-10.0,19.0,0,0,0,1,0,0,0,0,0,0,0,0,0,0,0,0,0,0,0,0,0,0,0,0,0,C3,0,304,0,37,14,0,0,1,0,0,0,0,0,Longing for Love,0,0,0,0,0,0,0,0,0,0
Careless Whisper,Wham!,1985,1980,Funk/Soul,1985-02-16 00:00:00+00:00,3,0,3,3,6,4.0,2.0,Columbia,CBS,Funk/Soul,Pop,2.0,0,0,0,United Kingdom,21.0,1,1,0.0,George Michael;Andrew Ridgeley,George Michael;Andrew Ridgeley,1.0,1.0,1,1,George Michael,1.0,1.0,1.0,1.0,1,4/4,Dm,Dm,153.0,63.0,57.0,79.0,-9.0,13.0,0,0,0,1,0,1,0,0,0,0,0,0,0,0,0,0,0,0,0,0,0,0,0,0,0,E1,0,300,0,99,27,0,0,1,0,0,0,0,0,Lost Love,0,0,0,0,0,0,0,0,0,0
Can't Fight This Feeling,REO Speedwagon,1985,1980,Rock,1985-03-09 00:00:00+00:00,3,0,4,6,9,6.333333333333333,3.333333333333333,Epic,CBS,Rock,Rock,0.0,0,0,0,United States,33.0,1,1,0.0,Kevin Cronin,Kevin Cronin,1.0,1.0,1,1,Kevin Cronin;Gary Richrath;Alan Gratzer,1.0,1.0,1.0,1.0,1,4/4,A,A,156.0,48.0,41.0,19.0,-11.0,16.0,0,0,1,1,0,0,0,0,0,0,0,0,0,0,0,0,0,0,0,0,0,0,0,0,0,C3,0,295,0,72,19,0,0,0,0,0,0,0,0,Longing for Love,0,0,0,0,0,0,0,0,0,0
One More Night,Phil Collins,1985,1980,Pop,1985-03-30 00:00:00+00:00,2,0,2,3,5,3.333333333333333,2.0,Atlantic,Warner Bros.,Pop,Rock,1.0,0,0,0,United Kingdom,34.0,1,1,0.0,Phil Collins,Phil Collins,1.0,1.0,1,1,Phil Collins;Hugh Padgham,1.0,1.0,1.0,0.0,1,4/4,Ab;Bb&,Multiple Keys,136.0,44.0,53.0,34.0,-9.0,79.0,0,0,0,1,1,1,0,0,0,0,0,0,0,0,0,0,0,0,0,0,1,0,0,0,0,E1,0,262,0,99,15,0,0,1,0,0,0,0,0,Lost Love,0,0,0,0,0,0,0,0,0,0
We Are the World,USA for Africa,1985,1980,Pop,1985-04-13 00:00:00+00:00,4,0,7,7,9,7.666666666666667,1.3333333333333333,Columbia,CBS,Pop,Pop,0.0,1,0,0,United States,31.0,2,2,2.0,Michael Jackson;Lionel Richie,Michael Jackson;Lionel Richie,1.0,0.0,1,1,Quincy Jones;Michael Omartian,1.0,2.0,0.0,0.0,0,4/4,E;F&%,E,73.0,45.0,53.0,29.0,-15.0,19.0,0,0,0,1,1,0,0,0,0,0,0,0,0,0,0,0,0,0,0,0,0,0,0,0,0,E1,0,382,0,31,26,0,0,0,0,0,0,0,0,Redemption;Respect,0,0,0,0,0,0,0,0,0,0
Crazy for You,Madonna,1985,1980,Pop,1985-05-11 00:00:00+00:00,1,0,7,6,8,7.0,1.3333333333333333,Geffen,Warner Bros.,Pop,Pop,1.0,0,0,0,United States,26.0,0,1,0.0,John Bettis;Jon Lind,John Bettis;Jon Lind,1.0,1.0,0,0,"John ""Jellybean"" Benitez;Madonna",2.0,2.0,1.0,0.0,0,4/4,E,E,95.0,72.0,66.0,51.0,-7.0,11.0,0,0,0,1,0,1,0,0,0,1,0,0,0,0,0,0,0,0,0,0,0,0,0,0,0,C1,0,224,0,41,23,0,0,1,0,0,0,0,0,Lust/Sex,0,0,0,0,0,1,0,0,0,0
Don't You (Forget About Me),Simple Minds,1985,1980,Rock,1985-05-18 00:00:00+00:00,1,0,5,7,7,6.333333333333333,1.3333333333333333,A&M,A&M,Rock,Rock;Pop;Stage & Screen,0.0,0,0,0,United Kingdom,25.0,1,2,2.0,Keith Forsey;Steve Schiff,Keith Forsey;Steve Schiff,1.0,1.0,0,0,Keith Forsey;Steve Schiff,1.0,1.0,0.0,0.0,1,4/4,D,D,111.0,82.0,66.0,68.0,-7.0,17.0,0,0,0,1,0,0,0,0,0,0,0,0,0,0,0,0,0,0,0,0,0,0,0,0,0,A2,0,263,0,42,19,0,0,1,0,0,0,0,0,Lust/Sex,0,0,0,0,0,1,0,0,0,0
Everything She Wants,Wham!,1985,1980,Pop,1985-05-25 00:00:00+00:00,2,0,2,2,7,3.6666666666666665,3.333333333333333,Columbia,CBS,Pop,Electronic,2.0,0,0,0,United Kingdom,21.0,1,1,0.0,George Michael,George Michael,1.0,1.0,1,1,George Michael,1.0,1.0,1.0,1.0,1,4/4,Gbm,Gbm,115.0,46.0,90.0,96.0,-16.0,32.0,0,0,0,1,0,0,0,0,0,0,0,0,0,0,0,0,0,0,0,0,0,0,0,0,0,E3,0,302,0,78,34,0,0,1,0,0,0,0,0,Marriage;Bad Relationships,0,0,1,0,0,0,0,0,0,0
Everybody Wants to Rule the World,Tears for Fears,1985,1980,Electronic/Dance,1985-06-08 00:00:00+00:00,2,0,8,6,8,7.333333333333333,1.3333333333333333,Mercury,Polygram,Electronic/Dance,Rock;Pop,0.0,0,0,0,United Kingdom,23.0,1,1,0.0,Roland Orzabal;Ian Stanley;Chris Hughes,Roland Orzabal;Ian Stanley;Chris Hughes,1.0,1.0,1,0,Chris Hughes,1.0,1.0,0.0,0.0,1,12/8,D,D,112.0,80.0,64.0,54.0,-12.0,35.0,0,0,1,1,0,0,0,0,0,0,0,0,0,0,0,0,0,0,0,0,0,0,0,0,0,D1,0,251,0,128,28,0,0,1,0,0,0,0,0,Lost Innocence;Violence;War,0,0,0,0,0,0,0,0,0,0
Heaven,Bryan Adams,1985,1980,Rock,1985-06-22 00:00:00+00:00,2,0,7,6,7,6.666666666666667,0.6666666666666666,A&M,A&M,Rock,Rock;Pop,1.0,0,0,0,Canada,25.0,1,1,0.0,Bryan Adams;Jim Vallance,Bryan Adams;Jim Vallance,1.0,1.0,1,0,Bob Clearmountain;Bryan Adams;Jim Vallance,1.0,1.0,1.0,0.0,1,4/4,Am,Am,140.0,59.0,38.0,34.0,-7.0,5.0,0,0,1,0,0,0,0,0,0,0,0,0,0,0,0,0,0,0,0,0,0,0,0,0,0,E1,0,243,0,48,16,0,0,1,0,0,0,1,1,Love,0,0,0,0,0,0,0,0,0,0
Sussudio,Phil Collins,1985,1980,Electronic/Dance,1985-07-06 00:00:00+00:00,1,0,6,4,4,4.666666666666667,1.3333333333333333,Atlantic,Warner Bros.,Electronic/Dance,Rock;Pop,1.0,0,0,0,United Kingdom,34.0,1,1,0.0,Phil Collins,Phil Collins,1.0,1.0,1,1,Phil Collins;Hugh Padgham,1.0,1.0,1.0,0.0,1,4/4,F,F,121.0,94.0,71.0,73.0,-5.0,5.0,0,1,0,1,0,1,0,0,0,0,0,0,0,0,0,0,0,0,0,0,0,0,0,0,0,D1,0,263,0,63,19,0,0,1,0,0,0,1,1,Love,0,0,0,0,0,0,0,0,0,0
A View to a Kill,Duran Duran,1985,1980,Rock,1985-07-13 00:00:00+00:00,2,0,4,3,6,4.333333333333333,2.0,Capitol,EMI,Rock,Rock;Pop;Stage & Screen,0.0,0,0,0,United Kingdom,33.0,1,1,0.0,Simon Le Bon;John Taylor;Roger Taylor;Andy Taylor;Nick Rhodes;John Barry,Simon Le Bon;John Taylor;Roger Taylor;Andy Taylor;Nick Rhodes;John Barry,1.0,1.0,1,0,Simon Le Bon;Roger Taylor;Andy Taylor;Nick Rhodes;Bernard Edwards;Jason Corsaro,1.0,2.0,1.0,0.0,1,4/4,Cm;E,Multiple Keys,125.0,81.0,71.0,78.0,-5.0,2.0,0,1,0,0,1,1,0,0,0,0,0,0,0,0,0,0,0,0,0,0,0,0,0,0,0,C1,0,207,0,62,21,0,0,0,0,0,0,0,0,Murder;Death,0,0,0,0,0,1,0,0,0,0
Everytime You Go Away,Paul Young,1985,1980,Pop,1985-07-27 00:00:00+00:00,1,0,6,5,7,6.0,1.3333333333333333,Columbia,CBS,Pop,Rock;Pop,1.0,0,0,0,United Kingdom,29.0,1,1,0.0,Daryl Hall,Daryl Hall,1.0,1.0,0,0,Laurie Latham,1.0,1.0,0.0,0.0,0,4/4,F,F,164.0,64.0,61.0,71.0,-11.0,18.0,0,0,1,0,0,0,0,0,0,0,0,1,0,0,0,0,0,0,0,0,0,1,0,0,0,C3,0,260,0,66,27,0,0,1,0,1,0,0,1,Lost Love,0,0,0,0,0,0,0,0,0,0
Shout,Tears for Fears,1985,1980,Electronic/Dance,1985-08-03 00:00:00+00:00,3,0,7,6,7,6.666666666666667,0.6666666666666666,Mercury,Polygram,Electronic/Dance,Electronic;Rock;Pop,0.0,0,0,0,United Kingdom,23.0,1,1,0.0,Roland Orzabal;Ian Stanley,Roland Orzabal;Ian Stanley,1.0,1.0,1,1,Chris Hughes,1.0,1.0,0.0,0.0,0,4/4,Gm,Gm,97.0,93.0,54.0,43.0,-10.0,22.0,0,0,1,1,0,1,0,0,0,0,0,0,0,0,0,0,0,0,0,0,0,0,0,0,0,C1,0,246,0,69,4,0,0,1,0,0,0,0,0,Anger;Escape,0,0,1,0,0,0,0,0,0,0
The Power of Love,Huey Lewis & the News,1985,1980,Rock,1985-08-24 00:00:00+00:00,2,0,6,7,7,6.666666666666667,0.6666666666666666,Chrysalis,Chrysalis,Rock,Rock;Stage & Screen,0.0,0,0,0,United States,35.0,1,1,0.0,John Colla;Chris Hayes;Huey Lewis,John Colla;Chris Hayes;Huey Lewis,1.0,1.0,1,1,Huey Lewis;Chris Hayes;Johnny Colla;Sean Hopper;Mario Cipollina;Bill Gibson,1.0,1.0,1.0,1.0,1,4/4,F,F,119.0,83.0,77.0,96.0,-5.0,10.0,0,0,1,1,0,0,0,0,0,0,0,0,0,0,0,0,0,0,0,0,0,0,0,0,0,E1,0,234,0,91,21,0,0,1,0,0,0,0,0,Love,0,0,0,0,0,1,0,0,0,0
St. Elmo's Fire (Man in Motion),John Parr,1985,1980,Rock,1985-09-07 00:00:00+00:00,2,0,4,3,3,3.333333333333333,0.6666666666666666,Atlantic,Warner Bros.,Rock,Rock;Stage & Screen,1.0,0,0,0,United Kingdom,32.0,1,1,0.0,David Foster;John Parr,David Foster;John Parr,1.0,1.0,1,0,David Foster;Humberto Gatica,1.0,2.0,0.0,0.0,1,4/4,A;Gb,Multiple Keys,111.0,60.0,61.0,47.0,-11.0,15.0,0,0,0,1,1,1,0,0,0,0,0,0,0,0,0,0,0,0,0,0,0,0,0,0,0,E3,0,251,0,61,17,0,0,1,0,0,0,0,0,Dreaming;Empowerment,0,0,0,0,0,1,0,0,0,0
Money for Nothing,Dire Straits,1985,1980,Rock,1985-09-21 00:00:00+00:00,3,0,8,8,8,8.0,0.0,Warner Bros.,Warner Bros.,Rock,Rock,0.0,1,0,0,United Kingdom,36.0,1,1,0.0,Mark Knopfler;Sting,Mark Knopfler,1.0,1.0,1,0,Neil Dorfsman;Mark Knopfler,1.0,1.0,1.0,0.0,1,Free;4/4,Gm,Gm,134.0,68.0,68.0,83.0,-10.0,9.0,0,0,1,0,0,0,0,0,0,0,0,0,0,0,0,0,0,0,0,0,0,0,0,0,0,C2,0,249,0,83,64,1,1,1,0,0,0,1,1,Band;Racism;Materialism,0,0,1,0,0,0,0,0,0,0
Oh Sheila,Ready for the World,1985,1980,Electronic/Dance,1985-10-12 00:00:00+00:00,1,0,4,5,5,4.666666666666667,0.6666666666666666,MCA,MCA,Electronic/Dance,Electronic;Funk/Soul;Pop,0.0,0,0,0,United States,,1,0,1.0,Melvin Riley Jr.;Gordon Strozier;Gerald Valentine,Melvin Riley Jr.;Gordon Strozier;Gerald Valentine,1.0,0.0,1,1,Melvin Riley Jr.;Gordon Strozier;Gregory Potts;Willie Triplett;John Eaton;Gerard Valentine,1.0,0.0,1.0,0.0,1,4/4,G,G,130.0,94.0,76.0,74.0,-4.0,8.0,0,1,0,1,0,0,0,0,0,0,0,0,0,0,0,0,0,0,0,0,0,0,0,0,0,E1,0,216,0,24,24,0,0,0,0,0,0,0,0,Lust/Sex,0,0,0,0,0,0,0,0,0,0
Take on Me,a-ha,1985,1980,Electronic/Dance,1985-10-19 00:00:00+00:00,1,0,8,7,7,7.333333333333333,0.6666666666666666,Warner Bros.,Warner Bros.,Electronic/Dance,Electronic;Pop,0.0,0,0,0,Norway,26.0,1,1,0.0,Magne Furuholmen;Morten Harket;Pål Waaktaar,Magne Furuholmen;Morten Harket;Pål Waaktaar,1.0,1.0,1,1,Tony Masnfield;Alan Tarney,1.0,1.0,0.0,0.0,0,4/4,Gbm,Gbm,84.0,90.0,57.0,88.0,-8.0,2.0,0,0,0,1,0,0,0,0,0,0,0,1,0,0,0,0,0,0,0,0,0,0,0,0,0,C1,0,225,0,73,33,0,0,1,0,0,0,0,0,Longing for Love,0,0,0,0,0,0,0,0,0,0
Saving All My Love for You,Whitney Houston,1985,1980,Pop,1985-10-26 00:00:00+00:00,1,0,9,8,10,9.0,1.3333333333333333,Arista,BMG,Pop,Funk/Soul;Pop,1.0,0,0,0,United States,22.0,0,0,1.0,Michael Masser;Gerry Goffin,Michael Masser;Gerry Goffin,1.0,1.0,0,0,Michael Masser,1.0,1.0,0.0,0.0,1,12/8,Gbm,Gbm,99.0,26.0,64.0,26.0,-15.0,59.0,0,1,0,1,1,1,0,0,0,0,0,1,0,0,0,0,0,0,0,0,1,0,0,0,0,D1,0,218,0,42,15,0,0,1,0,1,0,0,1,Forbidden Love;Infidelity;Lust/Sex,0,0,0,0,0,0,0,0,0,0
Part-Time Lover,Stevie Wonder,1985,1980,Pop,1985-11-02 00:00:00+00:00,1,0,5,6,8,6.333333333333333,2.0,Tamla,Motown,Pop,Electronic;Funk/Soul;Pop,1.0,0,0,0,United States,35.0,1,0,1.0,Stevie Wonder,Stevie Wonder,1.0,0.0,1,1,Stevie Wonder;Gary Olazabal,1.0,2.0,1.0,0.0,1,4/4,Bbm,Bbm,174.0,82.0,69.0,95.0,-7.0,17.0,0,0,0,1,0,0,0,0,0,0,0,0,0,0,0,0,0,0,0,0,0,0,0,0,0,D1,0,222,0,15,23,0,0,1,0,0,0,0,0,Forbidden Love;Infidelity;Lust/Sex,0,0,0,0,0,0,0,0,0,0
Miami Vice Theme,Jan Hammer,1985,1980,Electronic/Dance,1985-11-09 00:00:00+00:00,1,0,3,5,2,3.333333333333333,2.0,MCA,MCA,Electronic/Dance,Electronic;Pop;Stage & Screen,1.0,0,0,0,Czech Republic,35.0,1,1,0.0,Jan Hammer,Jan Hammer,1.0,1.0,1,1,Jan Hammer,1.0,1.0,1.0,1.0,1,4/4,C,C,116.0,93.0,55.0,75.0,-6.0,28.0,0,0,1,1,0,0,0,0,0,0,0,0,0,0,0,0,0,0,0,0,0,0,0,0,0,I,0,147,1,147,34,0,0,0,0,0,0,0,0,,0,0,0,0,0,0,1,0,0,0
We Built This City,Starship,1985,1980,Rock,1985-11-16 00:00:00+00:00,2,0,3,4,1,2.6666666666666665,2.0,Grunt,RCA,Rock,Rock;Pop,0.0,1,0,0,United States,40.5,2,1,0.0,Bernie Taupin;Martin Page;Dennis Lambert;Peter Wolf,Bernie Taupin;Martin Page;Dennis Lambert;Peter Wolf,1.0,1.0,1,0,Peter Wolf;Jeremy Smith;Dennis Lambert,1.0,1.0,0.0,0.0,1,4/4,F,F,144.0,81.0,66.0,73.0,-9.0,3.0,0,0,1,1,0,1,0,0,0,0,0,0,0,0,0,0,0,0,0,0,1,0,0,0,0,E3,0,277,0,39,13,0,0,1,0,0,0,0,0,Playing Music,0,0,0,0,0,0,0,0,0,0
Separate Lives,Phil Collins & Marilyn Martin,1985,1980,Pop,1985-11-30 00:00:00+00:00,1,0,2,5,5,4.0,2.0,Atlantic,Warner Bros.,Pop,Pop;Stage & Screen,2.0,1,0,0,United States;United Kingdom,32.5,2,1,0.0,Stephen Bishop,Stephen Bishop,1.0,1.0,0,0,Arif Mardin;Hugh Padgham;Phil Collins,1.0,1.0,1.0,0.0,0,Free;4/4,E,E,93.0,31.0,32.0,19.0,-9.0,24.0,0,0,1,1,0,0,0,0,0,0,0,0,0,0,0,0,0,0,0,0,0,0,0,0,0,A2,0,269,0,48,0,0,0,0,0,0,0,0,0,Lost Love,0,0,0,0,0,0,0,0,0,0
Broken Wings,Mr. Mister,1985,1980,Rock,1985-12-07 00:00:00+00:00,2,0,4,5,7,5.333333333333333,2.0,RCA,RCA,Rock,Rock;Pop,0.0,0,0,0,United States,32.0,1,1,0.0,Richard Page;Steve George;John Lang,Richard Page;Steve George;John Lang,1.0,1.0,1,0,Paul De Villiers;Richard Page;Steve George;Pat Mastelotto;Steve Farris,1.0,1.0,1.0,0.0,1,4/4,Dbm,Dbm,99.0,54.0,54.0,49.0,-12.0,12.0,0,0,1,1,0,0,0,0,0,0,0,0,0,0,0,0,0,0,0,0,0,0,0,0,0,C1,0,275,0,77,20,0,0,1,0,0,0,0,0,Getting Back Together;Love;Lost Love,0,0,0,0,0,0,0,0,0,0
"Say You, Say Me",Lionel Richie,1985,1980,Pop,1985-12-21 00:00:00+00:00,4,0,5,6,9,6.666666666666667,2.6666666666666665,Motown,Motown,Pop,Electronic;Funk/Soul;Stage & Screen,1.0,0,0,0,United States,36.0,1,0,1.0,Lionel Richie,Lionel Richie,1.0,0.0,1,1,Lionel Richie;James Anthony Carmichael,1.0,0.0,1.0,0.0,1,4/4,Ab,Ab,128.0,41.0,64.0,26.0,-11.0,35.0,0,0,1,1,1,0,0,0,0,0,0,0,0,0,0,0,0,0,0,0,0,0,0,0,0,E1,0,241,0,30,16,0,0,0,0,0,0,0,0,Love,0,0,0,0,0,1,0,0,0,0
That's What Friends are For,Dionne & Friends,1986,1980,Pop,1986-01-18 00:00:00+00:00,4,0,5,7,5,5.666666666666667,1.3333333333333333,Arista,BMG,Pop,Funk/Soul,0.0,1,0,0,United States;United Kingdom,45.0,2,2,2.0,Burt Bacharach;Carole Bayer Sager,Burt Bacharach;Carole Bayer Sager,2.0,1.0,0,0,Burt Bacharach;Carole Bayer Sager,2.0,1.0,0.0,0.0,1,4/4,Eb,Eb,120.0,29.0,67.0,20.0,-15.0,29.0,0,0,0,1,1,0,0,0,0,0,0,0,0,0,1,0,0,0,0,0,0,0,0,0,0,C1,0,256,0,34,15,0,0,1,0,1,0,0,1,Appreciation;Friendship,0,0,0,0,0,1,0,0,0,0
How Will I Know,Whitney Houston,1986,1980,Electronic/Dance,1986-02-15 00:00:00+00:00,2,0,8,7,8,7.666666666666667,0.6666666666666666,Arista,BMG,Electronic/Dance,Electronic;Funk/Soul,1.0,0,0,0,United States,22.0,0,0,1.0,George Merrill;Shannon Rubican;Narada Michael Walden,George Merrill;Shannon Rubican;Narada Michael Walden,2.0,2.0,0,0,Narada Michael Walden,1.0,0.0,0.0,0.0,1,4/4,Gb;Eb,Multiple Keys,119.0,54.0,83.0,93.0,-13.0,20.0,0,0,0,1,0,1,0,0,0,0,0,0,0,0,0,0,0,0,0,0,0,0,0,0,0,E3,0,275,0,69,40,0,0,1,0,0,0,0,0,Longing for Love,0,0,0,0,0,0,0,0,0,0
Kyrie,Mr. Mister,1986,1980,Rock,1986-03-01 00:00:00+00:00,2,0,4,4,4,4.0,0.0,RCA,RCA,Rock,Rock;Pop,0.0,0,0,0,United States,32.0,1,1,0.0,Richard Page;Steve George;John Lang,Richard Page;Steve George;John Lang,1.0,1.0,1,0,Paul De Villiers;Richard Page;Steve George;Pat Mastelotto;Steve Farris,1.0,1.0,1.0,0.0,1,Free;4/4,C;D&%,C,90.0,68.0,49.0,62.0,-9.0,29.0,0,0,0,1,0,0,0,0,0,0,0,0,0,0,0,0,0,0,0,0,0,0,0,0,0,E6,0,257,0,42,45,1,1,0,0,0,0,0,0,God;Faithfulness,0,0,0,0,0,0,0,0,0,0
Sara,Starship,1986,1980,Rock,1986-03-15 00:00:00+00:00,1,0,4,5,2,3.6666666666666665,2.0,Grunt,RCA,Rock,Rock;Pop,0.0,0,0,0,United States,41.0,2,1,0.0,Peter Wolf;Ina Wolf,Peter Wolf;Ina Wolf,2.0,1.0,0,0,Peter Wolf;Jeremy Smith,1.0,1.0,0.0,0.0,1,4/4,Bb,Bb,100.0,81.0,64.0,37.0,-6.0,35.0,0,0,1,1,0,0,0,0,0,0,0,0,0,0,1,0,0,0,0,0,0,0,0,0,0,E3,0,292,0,50,19,0,0,1,0,0,0,0,0,Lost Love,0,0,0,0,0,0,0,0,0,0
These Dreams,Heart,1986,1980,Rock,1986-03-22 00:00:00+00:00,1,0,4,6,7,5.666666666666667,2.0,Capitol,EMI,Rock,Rock,0.0,0,0,0,United States,33.5,2,1,0.0,Bernie Taupin;Martin Page,Bernie Taupin;Martin Page,1.0,1.0,0,0,Ron Nevison,1.0,1.0,0.0,0.0,0,4/4,B,B,79.0,53.0,54.0,30.0,-10.0,51.0,0,0,0,1,0,0,0,0,0,0,0,0,0,0,0,0,0,0,0,0,0,0,0,0,0,E1,0,228,0,32,28,0,0,1,0,0,0,0,0,Dreaming,0,0,0,0,0,0,0,0,0,0
Rock Me Amadeus,Falco,1986,1980,Electronic/Dance,1986-03-29 00:00:00+00:00,3,0,3,3,4,3.333333333333333,0.6666666666666666,A&M,A&M,Electronic/Dance,Electronic;Hip Hop,1.0,0,0,0,Austria,29.0,1,1,0.0,Falco;Rob Bolland;Ferdi Bolland,Falco;Rob Bolland;Ferdi Bolland,1.0,1.0,1,0,Rob Bolland;Ferdi Bolland,1.0,1.0,0.0,0.0,1,4/4,Am;Bm&%,Am,88.0,82.0,61.0,89.0,-9.0,30.0,0,0,0,1,0,0,0,0,0,0,0,0,0,0,0,0,0,0,0,0,0,0,0,0,0,C1,0,202,0,70,28,0,0,0,0,0,0,0,0,Playing Music,0,0,0,1,0,0,0,0,0,0
Kiss,Prince,1986,1980,Funk/Soul,1986-04-19 00:00:00+00:00,2,0,9,9,2,6.666666666666667,4.666666666666667,Paisley Park,Warner Bros.,Funk/Soul,Funk/Soul;Pop,1.0,0,0,0,United States,27.0,1,0,1.0,Prince,Prince,1.0,0.0,1,1,Prince;Wendy Melvoin;Brown Mark;Lisa Coleman;Matt Fink;Bobby Z,2.0,2.0,1.0,0.0,1,4/4,A,A,111.0,27.0,90.0,74.0,-12.0,1.0,0,0,1,0,0,0,0,0,0,0,0,1,0,0,0,0,0,0,0,0,0,0,0,0,0,C1,0,226,0,66,9,0,0,1,0,0,0,0,0,Lust/Sex,0,0,0,0,0,1,0,0,0,0
Addicted to Love,Robert Palmer,1986,1980,Rock,1986-05-03 00:00:00+00:00,1,0,4,5,9,6.0,3.333333333333333,Island,Island,Rock,Rock,1.0,0,0,0,United Kingdom,37.0,1,1,0.0,Robert Palmer,Robert Palmer,1.0,1.0,1,1,Bernard Edwards,1.0,0.0,0.0,0.0,0,4/4,A,A,111.0,81.0,62.0,97.0,-6.0,37.0,0,0,1,0,0,0,0,0,0,0,0,0,0,0,0,0,0,0,0,0,0,0,0,0,0,C1,0,235,0,43,25,0,0,1,0,0,0,0,0,Lust/Sex,0,0,0,0,0,0,0,0,0,0
West End Girls,Pet Shop Boys,1986,1980,Electronic/Dance,1986-05-10 00:00:00+00:00,1,0,8,7,8,7.666666666666667,0.6666666666666666,EMI-America,EMI,Electronic/Dance,Electronic;Pop,2.0,1,0,0,United Kingdom,28.5,1,1,0.0,Neil Tennant;Chris Lowe,Neil Tennant;Chris Lowe,1.0,1.0,1,1,Stephen Hague,1.0,1.0,0.0,0.0,0,4/4,Em,Em,113.0,95.0,62.0,60.0,-7.0,4.0,0,1,0,1,0,1,0,0,0,0,0,0,0,0,0,0,0,0,0,0,0,0,0,0,0,C1,0,240,0,119,44,0,0,1,0,0,0,0,0,Materialism;Poverty;Lust/Sex,0,0,0,0,0,0,0,0,0,0
Greatest Love of All,Whitney Houston,1986,1980,Pop,1986-05-17 00:00:00+00:00,3,0,7,7,10,8.0,2.0,Arista,BMG,Pop,Rock;Pop,1.0,0,0,0,United States,22.0,0,0,1.0,Michael Masser;Linda Creed,Michael Masser;Linda Creed,2.0,1.0,0,0,Michael Masser,1.0,1.0,0.0,0.0,1,4/4,A,A,131.0,31.0,50.0,25.0,-16.0,48.0,0,0,0,1,1,0,0,0,0,0,0,0,0,0,0,0,0,0,0,0,0,0,0,0,0,C3,0,291,0,21,17,0,0,0,0,1,0,0,1,Love;Appreciation;Respect,0,0,0,0,0,1,0,0,0,0
Live to Tell,Madonna,1986,1980,Pop,1986-06-07 00:00:00+00:00,1,0,4,5,5,4.666666666666667,0.6666666666666666,Sire,Warner Bros.,Pop,Electronic;Pop,1.0,0,0,0,United States,27.0,0,1,0.0,Madonna;Patrick Leonard,Madonna;Patrick Leonard,2.0,1.0,1,0,Madonna;Patrick Leonard,2.0,1.0,1.0,0.0,1,Free;4/4,Dm,Dm,110.0,31.0,67.0,27.0,-14.0,41.0,0,0,0,1,0,0,0,0,0,0,0,0,0,0,0,0,0,0,0,0,0,0,0,0,0,C1,0,353,0,115,53,0,0,1,0,0,0,0,0,Survival;Secrets,0,0,0,0,0,1,0,0,0,0
On My Own,Patti LaBelle & Michael McDonald,1986,1980,Funk/Soul,1986-06-14 00:00:00+00:00,3,0,6,5,8,6.333333333333333,2.0,MCA,MCA,Funk/Soul,Funk/Soul;Pop,2.0,1,0,0,United States,38.0,2,2,2.0,Burt Bacharach;Carole Bayer Sager,Burt Bacharach;Carole Bayer Sager,2.0,1.0,0,0,Burt Bacharach;Carole Bayer Sager,2.0,1.0,0.0,0.0,1,4/4,F,F,92.0,40.0,62.0,48.0,-13.0,34.0,0,0,1,1,0,0,0,0,0,0,0,1,0,0,0,0,0,0,0,0,0,0,0,0,0,E1,0,290,0,21,21,0,0,1,0,0,0,0,0,Lost Love,0,0,0,0,0,0,0,0,0,0
There'll Be Sad Songs (To Make You Cry),Billy Ocean,1986,1980,Funk/Soul,1986-07-05 00:00:00+00:00,1,0,4,6,1,3.6666666666666665,3.333333333333333,Jive,Zomba,Funk/Soul,Electronic,1.0,0,0,0,United Kingdom,36.0,1,0,1.0,Wayne Brathwaite;Barry J. Eastmond;Billy Ocean,Wayne Brathwaite;Barry J. Eastmond;Billy Ocean,1.0,0.0,1,0,Wayne Brathwaite;Barry J. Eastmond,1.0,0.0,0.0,0.0,1,4/4,A;C,Multiple Keys,80.0,46.0,56.0,26.0,-8.0,75.0,0,0,0,1,1,0,0,0,0,0,0,0,0,0,0,0,0,0,0,0,0,0,0,0,0,C3,0,292,0,72,24,0,0,0,0,0,0,0,0,Love,0,0,0,0,0,0,0,0,0,0
Holding Back the Years,Simply Red,1986,1980,Funk/Soul,1986-07-12 00:00:00+00:00,1,0,6,7,6,6.333333333333333,0.6666666666666666,Elektra,Warner Bros.,Funk/Soul,Rock;Funk/Soul;Pop,0.0,0,0,0,United Kingdom,26.0,2,1,0.0,Mick Hucknall;Neil Moss,Mick Hucknall;Neil Moss,1.0,1.0,1,0,Stewart Levine,1.0,1.0,0.0,0.0,0,4/4,Am,Am,86.0,51.0,67.0,57.0,-10.0,47.0,0,1,1,1,1,1,0,0,0,0,0,0,0,0,0,0,0,0,0,0,0,0,1,0,0,C1,0,266,0,103,23,0,0,1,0,0,0,0,0,Lost Love,0,0,0,0,0,0,0,0,0,0
Invisible Touch,Genesis,1986,1980,Pop,1986-07-19 00:00:00+00:00,1,0,7,6,8,7.0,1.3333333333333333,Atlantic,Warner Bros.,Pop,Rock;Pop,0.0,0,0,0,United Kingdom,35.0,1,1,0.0,Phil Collins;Mike Rutherford;Tony Banks,Phil Collins;Mike Rutherford;Tony Banks,1.0,1.0,1,1,Phil Collins;Mike Rutherford;Tony Banks;Hugh Padgham,1.0,1.0,1.0,1.0,1,4/4,F;Eb;G,Multiple Keys,131.0,88.0,66.0,84.0,-6.0,34.0,0,1,1,1,0,0,0,0,0,0,0,0,0,0,0,0,0,0,0,0,0,0,0,0,0,C1,0,209,0,34,17,0,0,1,0,0,0,0,0,Love;Bad Relationships,0,0,0,0,0,0,0,0,0,0
Sledgehammer,Peter Gabriel,1986,1980,Rock,1986-07-26 00:00:00+00:00,1,0,8,7,8,7.666666666666667,0.6666666666666666,Geffen,Warner Bros.,Rock,Rock,1.0,0,0,0,United Kingdom,36.0,1,1,0.0,Peter Gabriel,Peter Gabriel,1.0,1.0,1,1,Daniel Lanois;Peter Gabriel,1.0,1.0,1.0,0.0,1,4/4,Eb,Eb,96.0,61.0,65.0,64.0,-8.0,4.0,0,1,1,0,0,1,0,0,0,0,0,0,0,0,0,0,0,0,0,0,0,0,0,0,0,C1,0,291,0,54,21,0,0,1,0,0,0,0,0,Lust/Sex,0,0,0,0,0,0,0,0,0,0
Glory of Love,Peter Cetera,1986,1980,Pop,1986-08-02 00:00:00+00:00,2,0,3,4,6,4.333333333333333,2.0,Warner Bros.,Warner Bros.,Pop,Pop,1.0,0,0,0,United States,41.0,1,1,0.0,Peter Cetera;David Foster,Peter Cetera;David Foster,1.0,1.0,1,0,Michael Omartian,1.0,1.0,0.0,0.0,0,4/4,F;Gb&%,F,145.0,58.0,52.0,31.0,-8.0,8.0,0,0,1,1,1,0,0,0,0,0,0,0,0,0,0,0,0,0,0,0,0,0,0,0,0,E1,0,288,0,71,13,0,0,1,0,0,0,0,0,Love,0,0,0,0,0,1,0,0,0,0
Papa Don't Preach,Madonna,1986,1980,Electronic/Dance,1986-08-16 00:00:00+00:00,2,0,7,5,7,6.333333333333333,1.3333333333333333,Sire,Warner Bros.,Electronic/Dance,Electronic,1.0,0,0,0,United States,28.0,0,1,0.0,Brian Elliot;Madonna,Brian Elliot;Madonna,2.0,1.0,1,0,Madonna;Stephen Bray,2.0,2.0,1.0,0.0,1,4/4,Fm,Fm,122.0,91.0,81.0,97.0,-9.0,31.0,0,1,1,0,1,0,0,0,0,0,0,0,0,0,0,0,0,0,0,0,0,0,0,0,0,C3,0,269,0,82,32,0,0,1,0,0,0,0,0,Illigitimacy;Child Birth;Growing Up,1,0,0,0,0,0,0,0,0,0
Higher Love,Steve Winwood,1986,1980,Funk/Soul,1986-08-30 00:00:00+00:00,1,0,8,7,8,7.666666666666667,0.6666666666666666,Island,Island,Funk/Soul;Pop,Rock;Funk/Soul,1.0,0,0,0,United Kingdom,38.0,1,1,0.0,Steve Winwood;Will Jennings,Steve Winwood;Will Jennings,1.0,1.0,1,0,Russ Titelman;Steve Winwood,1.0,1.0,1.0,0.0,1,4/4,F,F,99.0,89.0,70.0,91.0,-7.0,5.0,0,1,1,0,0,1,0,0,0,0,0,0,0,0,0,0,0,0,0,0,0,0,0,0,0,E3,0,252,0,33,10,0,0,1,0,0,0,0,0,Longing for Love,0,0,0,0,0,0,0,0,0,0
Venus,Bananarama,1986,1980,Electronic/Dance,1986-09-06 00:00:00+00:00,1,0,5,3,8,5.333333333333333,3.333333333333333,London,Polygram,Electronic/Dance,Electronic;Pop,0.0,1,0,0,United Kingdom,25.666666666666668,0,1,0.0,Robbie van Leeuwen,Robbie van Leeuwen,1.0,1.0,0,0,Mike Stock;Matt Aitken;Pete Waterman,1.0,1.0,0.0,0.0,0,4/4,G,G,126.0,96.0,72.0,91.0,-5.0,9.0,0,0,0,1,0,0,0,0,0,0,0,0,0,0,0,0,0,0,0,0,0,0,0,0,0,C1,0,229,0,51,19,0,0,1,0,1,0,1,1,Lust/Sex,0,0,0,0,0,0,0,0,1,0
Take My Breath Away,Berlin,1986,1980,Pop,1986-09-13 00:00:00+00:00,1,0,3,6,3,4.0,2.0,Columbia,CBS,Pop,Electronic;Pop;Stage & Screen,0.0,0,0,0,United States,25.0,2,1,0.0,Giorgio Moroder;Tom Whitlock,Giorgio Moroder;Tom Whitlock,1.0,1.0,0,0,Giorgio Moroder,1.0,1.0,0.0,0.0,1,4/4,Ab;Bb;B&,Ab,96.0,61.0,48.0,58.0,-13.0,19.0,0,1,0,1,0,0,0,0,0,0,0,1,0,0,0,0,0,0,0,0,0,0,0,0,0,D1,0,242,0,89,12,0,0,1,0,0,0,0,0,Love,0,0,0,0,0,1,0,0,0,0
Stuck with You,Huey Lewis & the News,1986,1980,Rock,1986-09-20 00:00:00+00:00,3,0,6,6,7,6.333333333333333,0.6666666666666666,Chrysalis,Chrysalis,Rock,Rock,0.0,0,0,0,United States,36.0,1,1,0.0,Chris Hayes;Huey Lewis,Chris Hayes;Huey Lewis,1.0,1.0,1,1,Huey Lewis;Chris Hayes;Johnny Colla;Sean Hopper;Mario Cipollina;Bill Gibson,1.0,1.0,1.0,1.0,1,4/4,C;D&,C,121.0,54.0,70.0,63.0,-11.0,9.0,1,0,1,0,0,0,0,0,0,0,0,0,0,0,0,0,0,0,0,0,0,0,0,0,0,C3,0,269,0,68,18,0,0,1,0,0,0,0,0,Love,0,0,0,0,0,0,0,0,0,0
When I Think of You,Janet Jackson,1986,1980,Pop,1986-10-11 00:00:00+00:00,2,0,6,6,7,6.333333333333333,0.6666666666666666,A&M,A&M,Pop,Hip Hop;Pop,1.0,0,0,0,United States,20.0,0,0,1.0,Jimmy Jam;Terry Lewis,Jimmy Jam;Terry Lewis,1.0,0.0,0,0,Jimmy Jam;Terry Lewis;Janet Jackson,2.0,0.0,1.0,0.0,1,4/4,A,A,116.0,64.0,76.0,71.0,-11.0,8.0,0,1,0,1,0,1,0,0,0,0,0,0,0,0,0,0,0,0,0,0,0,0,0,0,0,C1,0,235,0,99,50,0,0,1,0,0,0,0,0,Love,0,0,0,0,0,0,0,0,0,0
True Colors,Cyndi Lauper,1986,1980,Pop,1986-10-25 00:00:00+00:00,2,0,5,7,8,6.666666666666667,2.0,Portrait,CBS,Pop,Electronic;Pop,1.0,0,0,0,United States,33.0,0,1,0.0,Billy Steinberg;Tom Kelly,Billy Steinberg;Tom Kelly,1.0,1.0,0,0,Cyndi Lauper;Lennie Petze,2.0,1.0,1.0,0.0,0,4/4,C,C,172.0,14.0,39.0,26.0,-17.0,79.0,0,0,1,0,0,0,0,0,0,0,0,0,0,0,0,0,0,0,0,0,0,0,0,0,0,C1,0,226,0,63,15,0,0,0,0,0,0,0,0,Appreciation,0,0,0,0,0,0,0,0,0,0
Amanda,Boston,1986,1980,Rock,1986-11-08 00:00:00+00:00,2,0,6,5,4,5.0,1.3333333333333333,MCA,MCA,Rock,Rock,0.0,0,0,0,United States,39.0,1,1,0.0,Tom Scholz,Tom Scholz,1.0,1.0,1,1,Tom Scholz,1.0,1.0,1.0,1.0,1,4/4,G,G,125.0,42.0,45.0,26.0,-14.0,32.0,0,0,1,0,0,0,0,0,0,0,0,0,0,0,0,0,0,0,0,0,0,0,0,0,0,E1,0,256,0,73,8,0,0,0,0,0,0,0,0,Longing for Love,0,0,0,0,0,0,0,0,0,0
Human,The Human League,1986,1980,Pop,1986-11-22 00:00:00+00:00,1,0,5,5,7,5.666666666666667,1.3333333333333333,A&M,A&M,Pop,Electronic,0.0,1,0,0,United Kingdom,31.0,2,1,0.0,Jimmy Jam;Terry Lewis,Jimmy Jam;Terry Lewis,1.0,0.0,0,0,Jimmy Jam;Terry Lewis,1.0,0.0,0.0,0.0,1,4/4,Ab,Ab,101.0,53.0,64.0,52.0,-11.0,7.0,0,0,0,1,0,0,0,0,0,0,0,1,0,0,0,0,0,0,0,0,0,0,0,0,0,E3,0,229,0,68,38,0,0,1,0,0,0,0,0,Infidelity,0,1,0,0,0,0,0,0,0,0
You Give Love a Bad Name,Bon Jovi,1986,1980,Rock,1986-11-29 00:00:00+00:00,1,0,6,6,5,5.666666666666667,0.6666666666666666,Mercury,Polygram,Rock,Rock,0.0,0,0,0,United States,24.0,1,1,0.0,Jon Bon Jovi;Richie Sambora;Desmond Child,Jon Bon Jovi;Richie Sambora;Desmond Child,1.0,2.0,1,0,Bruce Fairbairn,1.0,1.0,0.0,0.0,0,4/4,Cm,Cm,123.0,96.0,54.0,81.0,-3.0,7.0,0,0,1,0,0,0,0,0,0,0,0,0,0,0,0,0,0,0,0,0,0,0,0,0,0,C3,0,222,0,51,31,0,0,1,0,0,0,1,1,Lost Love;Bad Relationships,0,0,1,0,0,0,0,0,0,0
The Next Time I Fall,Peter Cetera & Amy Grant,1986,1980,Pop,1986-12-06 00:00:00+00:00,1,0,3,5,7,5.0,2.6666666666666665,Full Moon,Warner Bros.,Pop,Rock;Pop,2.0,1,0,0,United States,34.0,2,1,0.0,Bobby Caldwell;Paul Gordon,Bobby Caldwell;Paul Gordon,1.0,1.0,0,0,Michael Omartian,1.0,1.0,0.0,0.0,0,4/4,Ab;A&%,Ab,118.0,35.0,66.0,37.0,-13.0,49.0,0,0,1,1,0,0,0,0,0,0,0,0,0,0,0,0,0,0,0,0,0,0,0,0,0,E1,0,225,0,32,29,0,0,1,0,0,0,0,0,Longing for Love,0,0,0,0,0,0,0,0,0,0
The Way It Is,Bruce Hornsby & the Range,1986,1980,Pop,1986-12-13 00:00:00+00:00,1,0,8,9,6,7.666666666666667,2.0,RCA,BMG,Pop,Rock,0.0,0,0,0,United States,32.0,1,1,0.0,Bruce Hornsby,Bruce Hornsby,1.0,1.0,1,1,Bruce Hornsby;Elliot Scheiner,1.0,1.0,1.0,0.0,1,4/4,G,G,111.0,69.0,58.0,53.0,-12.0,61.0,0,0,0,1,0,0,0,0,0,0,0,0,0,0,0,0,0,0,0,0,0,0,0,0,0,C1,0,298,0,189,50,0,0,1,0,0,0,0,0,Racism;Jobs,1,0,0,0,0,0,0,0,0,0
Walk Like an Egyptian,The Bangles,1986,1980,Rock,1986-12-20 00:00:00+00:00,4,0,7,8,7,7.333333333333333,0.6666666666666666,Columbia,CBS,Rock,Rock;Pop,0.0,1,0,0,United States,27.75,0,1,0.0,Liam Sternberg,Liam Sternberg,1.0,1.0,0,0,David Kahne,1.0,1.0,0.0,0.0,0,4/4,B,B,103.0,89.0,72.0,82.0,-8.0,0.0,0,1,1,0,0,0,0,0,0,0,0,0,0,0,0,1,0,0,0,0,0,0,0,0,0,A2,0,204,0,87,15,0,0,1,0,0,0,0,0,Dancing,0,0,0,0,0,0,0,1,0,0
Shake You Down,Gregory Abbott,1987,1980,Funk/Soul,1987-01-17 00:00:00+00:00,1,0,2,5,4,3.6666666666666665,2.0,Columbia,CBS,Funk/Soul,Electronic;Funk/Soul,1.0,0,0,0,United States,32.0,1,0,1.0,Gregory Abbott,Gregory Abbott,1.0,0.0,1,1,Gregory Abbott,1.0,0.0,1.0,1.0,1,4/4,D,D,95.0,47.0,79.0,83.0,-10.0,52.0,0,0,0,1,0,0,0,0,0,0,0,1,0,0,0,0,0,0,0,0,0,0,0,0,0,E1,0,245,0,28,20,0,0,1,0,0,0,1,1,Lust/Sex,0,1,0,0,0,0,0,0,0,0
At This Moment,Billy Vera & the Beaters,1987,1980,Funk/Soul,1987-01-24 00:00:00+00:00,2,0,6,8,4,6.0,2.6666666666666665,Rhino,Rhino,Funk/Soul,Rock;Pop,0.0,0,0,0,United States,42.0,1,1,0.0,Billy Vera,Billy Vera,1.0,1.0,1,1,Jeff Baxter,1.0,1.0,0.0,0.0,0,3/4;Free,Gb,Gb,85.0,26.0,32.0,15.0,-11.0,64.0,0,0,0,1,0,1,0,0,0,0,0,1,0,0,0,0,0,0,1,0,1,0,0,0,0,D1,0,261,0,48,13,0,0,0,1,0,0,0,0,Lost Love;Longing for Love,0,0,0,0,0,0,0,0,0,0
Open Your Heart,Madonna,1987,1980,Electronic/Dance,1987-02-07 00:00:00+00:00,1,0,5,5,7,5.666666666666667,1.3333333333333333,Sire,Warner Bros.,Electronic/Dance,Electronic,1.0,0,0,0,United States,28.0,0,1,0.0,Madonna;Gardner Cole;Peter Rafelson,Madonna;Gardner Cole;Peter Rafelson,2.0,1.0,1,0,Madonna;Patrick Leonard,2.0,1.0,1.0,0.0,1,4/4,F,F,114.0,88.0,62.0,89.0,-9.0,4.0,0,0,1,1,0,1,0,0,0,0,0,0,0,0,0,0,0,0,0,0,0,0,0,0,0,E3,0,253,0,57,19,0,0,1,0,0,0,0,0,Lust/Sex,0,0,0,0,0,0,0,0,0,0
Livin' on a Prayer,Bon Jovi,1987,1980,Rock,1987-02-24 00:00:00+00:00,4,0,5,6,5,5.333333333333333,0.6666666666666666,Mercury,Polygram,Rock,Rock,0.0,0,0,0,United States,24.0,1,1,0.0,Jon Bon Jovi;Richie Sambora;Desmond Child,Jon Bon Jovi;Richie Sambora;Desmond Child,1.0,2.0,1,0,Bruce Fairbairn,1.0,1.0,0.0,0.0,0,4/4,Em;Gm&%,Multiple Keys,123.0,89.0,53.0,80.0,-4.0,8.0,0,1,1,1,0,0,0,0,0,0,0,0,0,0,0,0,0,0,0,0,0,0,0,0,0,C3,0,249,0,67,46,0,0,1,0,0,0,0,0,Survival;Love,1,1,0,0,0,0,0,0,0,0
Jacob's Ladder,Huey Lewis & the News,1987,1980,Rock,1987-03-14 00:00:00+00:00,1,0,5,7,6,6.0,1.3333333333333333,Chrysalis,Chrysalis,Rock,Rock,0.0,0,0,0,United States,36.0,1,1,0.0,Bruce Hornsby;John Hornsby,Bruce Hornsby;John Hornsby,1.0,1.0,0,0,Huey Lewis;Chris Hayes;Johnny Colla;Sean Hopper;Mario Cipollina;Bill Gibson,1.0,1.0,1.0,1.0,0,4/4,F,F,118.0,58.0,67.0,66.0,-13.0,1.0,0,1,1,0,0,0,0,0,0,0,0,0,0,0,0,0,0,0,0,0,0,0,0,0,0,C3,0,213,0,72,13,0,0,1,0,0,0,0,0,Empowerment;Better Days,1,0,0,0,0,0,0,0,0,0
Lean on Me,Club Nouveau,1987,1980,Electronic/Dance,1987-03-21 00:00:00+00:00,2,0,3,3,7,4.333333333333333,2.6666666666666665,Warner Bros.,Warner Bros.,Electronic/Dance,Hip Hop,0.0,1,0,0,United States,,2,0,1.0,Bill Withers,Bill Withers,1.0,0.0,0,0,Jay King;Thomas McElroy;Denzil Foster,1.0,0.0,1.0,1.0,0,4/4,C,C,89.0,67.0,74.0,69.0,-9.0,19.0,1,0,0,1,0,1,0,0,0,0,0,0,0,0,0,0,0,0,0,0,0,0,0,0,0,E1,0,250,0,73,63,0,0,1,0,1,0,0,1,Pain;Sadness;Friendship,0,0,0,0,0,0,0,0,1,0
Nothing's Gonna Stop Us Now,Starship,1987,1980,Pop,1987-04-04 00:00:00+00:00,2,0,6,6,6,6.0,0.0,Grunt,BMG,Pop,Rock,0.0,1,0,0,United States,42.0,2,1,0.0,Diane Warren;Albert Hammond,Diane Warren;Albert Hammond,2.0,1.0,0,0,Narada Michael Walden,1.0,0.0,0.0,0.0,0,4/4,Gb;G&%,Gb,96.0,80.0,64.0,53.0,-5.0,3.0,0,0,1,0,0,0,0,0,0,0,0,1,0,0,0,0,0,0,0,0,0,0,0,0,0,E3,0,270,0,42,22,0,0,1,0,0,0,0,0,Love,0,0,0,0,0,1,0,0,0,0
I Knew You Were Waiting (For Me),Aretha Franklin & George Michael,1987,1980,Rock,1987-04-18 00:00:00+00:00,2,0,6,6,4,5.333333333333333,1.3333333333333333,Arista,BMG,Rock,Electronic;Funk/Soul;Pop,2.0,1,0,0,United States;United Kingdom,34.0,2,2,2.0,Simon Climie;Dennis Morgan,Simon Climie;Dennis Morgan,1.0,1.0,0,0,Narada Michael Walden,1.0,0.0,0.0,0.0,0,4/4,E,E,108.0,84.0,72.0,68.0,-5.0,26.0,0,0,1,0,0,0,0,0,0,0,0,0,0,0,0,0,0,0,0,0,0,0,0,0,0,E3,0,238,0,32,26,0,0,1,0,0,0,0,0,Love,0,0,0,0,0,0,0,0,0,0
(I Just) Died in Your Arms,Cutting Crew,1987,1980,Rock,1987-05-02 00:00:00+00:00,2,0,5,4,3,4.0,1.3333333333333333,Virgin,Virgin,Rock,Rock;Pop,0.0,0,0,0,United Kingdom,28.0,1,1,0.0,Nick Van Eede,Nick Van Eede,1.0,1.0,1,1,Terry Brown;John Jansen;Nick Van Eede;Kevin MacMichael;Colin Farley;Martin Beedle,1.0,1.0,1.0,0.0,1,4/4,Bm,Bm,125.0,73.0,62.0,51.0,-11.0,2.0,0,0,1,0,1,0,0,0,0,0,0,0,0,0,0,0,0,0,0,0,0,0,0,0,0,E1,0,280,0,86,15,0,0,1,0,0,0,0,0,Lust/Sex;Bad Relationships,1,0,0,0,0,0,0,0,0,0
With or Without You,U2,1987,1980,Rock,1987-05-16 00:00:00+00:00,3,0,9,10,9,9.333333333333334,0.6666666666666666,Island,Island,Rock,Rock,0.0,0,0,0,Ireland,27.0,1,1,0.0,Bono;The Edge;Adam Clayton;Larry Mullen Jr.,Bono;The Edge;Adam Clayton;Larry Mullen Jr.,1.0,1.0,1,1,Daniel Lanois;Brian Eno,1.0,1.0,0.0,0.0,0,4/4,D,D,110.0,54.0,55.0,12.0,-7.0,0.0,0,0,1,0,0,0,0,0,0,0,0,1,0,0,0,0,0,0,0,0,0,0,0,0,0,E1,0,354,0,124,28,0,0,1,0,0,0,0,0,Lost Love;Bad Relationships,0,0,0,0,0,0,0,0,0,0
You Keep Me Hangin' On,Kim Wilde,1987,1980,Electronic/Dance,1987-06-06 00:00:00+00:00,1,0,5,6,4,5.0,1.3333333333333333,MCA,MCA,Electronic/Dance,Pop,1.0,1,0,0,United Kingdom,26.0,0,1,0.0,Brian Holland;Lamont Dozier;Eddie Holland,Brian Holland;Lamont Dozier;Eddie Holland,1.0,0.0,0,0,Ricky Wilde,1.0,1.0,0.0,0.0,0,4/4,Gm;Ab,Multiple Keys,123.0,68.0,69.0,71.0,-12.0,8.0,0,1,0,1,0,1,0,0,0,0,0,1,0,0,0,0,0,0,0,0,0,0,0,0,0,C1,0,255,0,70,20,0,0,1,0,1,0,0,1,Bad Relationships,0,1,0,0,0,0,0,0,1,0
Always,Atlantic Starr,1987,1980,Pop,1987-06-13 00:00:00+00:00,1,0,3,5,3,3.6666666666666665,1.3333333333333333,Warner Bros.,Warner Bros.,Pop,Funk/Soul;Pop,0.0,1,0,0,United States,23.0,2,0,1.0,Jonathan Lewis;David Lewis;Wayne Lewis,Jonathan Lewis;David Lewis;Wayne Lewis,1.0,0.0,1,1,Jonathan Lewis;David Lewis;Wayne Lewis,1.0,0.0,1.0,1.0,1,4/4,G,G,132.0,47.0,59.0,36.0,-10.0,50.0,0,0,0,1,1,1,0,0,0,0,0,0,0,0,0,0,0,0,0,0,0,0,1,0,0,C3,0,239,0,15,15,0,0,1,0,0,0,0,0,Love,0,0,0,0,0,0,0,0,0,0
Head to Toe,Lisa Lisa & Cult Jam,1987,1980,Pop,1987-06-20 00:00:00+00:00,1,0,4,4,2,3.333333333333333,1.3333333333333333,Columbia,CBS,Pop,Electronic,0.0,0,0,0,United States,20.0,2,0,2.0,Curt Bedeau;Gerry Charles;Hugh L. Clarke;Brian George;Lucien George;Paul George,Curt Bedeau;Gerry Charles;Hugh L. Clarke;Brian George;Lucien George;Paul George,1.0,0.0,1,0,Curt Bedeau;Gerry Charles;Hugh L. Clarke;Brian George;Lucien George;Paul George,1.0,0.0,1.0,0.0,1,4/4,Bm,Bm,114.0,51.0,88.0,84.0,-11.0,4.0,0,1,1,0,0,0,0,0,0,0,0,0,0,0,0,0,0,0,0,0,0,0,0,0,0,C3,0,241,0,69,20,0,0,0,0,0,0,1,1,Love;Lust/Sex,0,0,0,0,0,0,0,0,0,0
I Wanna Dance with Somebody (Who Loves Me),Whitney Houston,1987,1980,Electronic/Dance,1987-07-27 00:00:00+00:00,2,0,9,9,8,8.666666666666666,0.6666666666666666,Arista,BMG,Electronic/Dance,Electronic;Funk/Soul;Pop,1.0,0,0,0,United States,23.0,0,0,1.0,George Merrill;Shannon Rubicam,George Merrill;Shannon Rubicam,2.0,1.0,0,0,Narada Michael Walden,1.0,0.0,0.0,0.0,0,4/4,Gb;Ab&%,Gb,119.0,82.0,71.0,87.0,-9.0,21.0,0,0,0,1,0,1,0,0,0,0,0,1,0,0,0,0,0,0,0,0,0,0,0,0,0,C3,0,291,0,33,33,0,0,1,0,0,0,0,0,Dancing;Longing for Love,0,1,0,0,0,0,0,0,0,0
Alone,Heart,1987,1980,Rock,1987-07-11 00:00:00+00:00,3,0,5,5,7,5.666666666666667,1.3333333333333333,Capitol,EMI,Rock,Rock,0.0,0,0,0,United States,34.5,2,1,0.0,Billy Steinberg;Tom Kelly,Billy Steinberg;Tom Kelly,1.0,1.0,0,0,Ron Nevison,1.0,1.0,0.0,0.0,0,4/4,Db,Db,175.0,45.0,42.0,17.0,-13.0,64.0,0,0,1,1,0,0,0,0,0,0,0,0,0,0,0,0,0,0,0,0,0,0,0,0,0,C1,0,219,0,87,11,0,0,0,0,1,0,0,1,Lust/Sex,0,0,0,0,0,0,0,0,0,0
Shakedown,Bob Seger,1987,1980,Rock,1987-08-01 00:00:00+00:00,1,0,4,3,5,4.0,1.3333333333333333,MCA,MCA,Rock,Rock;Stage & Screen,1.0,0,0,0,United States,42.0,1,1,0.0,Harold Faltermeyer;Keith Forsey;Bob Seger,Harold Faltermeyer;Keith Forsey;Bob Seger,1.0,1.0,1,0,Keith Forsey;Harold Faltermeyer,1.0,1.0,0.0,0.0,1,4/4,D,E,171.0,94.0,57.0,50.0,-5.0,3.0,0,0,1,1,0,1,0,0,0,0,0,0,0,0,0,0,0,0,0,0,0,0,0,0,0,C1,0,241,0,63,16,0,0,0,0,0,0,0,0,Fighting,0,0,0,0,0,1,0,0,0,0
I Still Haven't Found What I'm Looking For,U2,1987,1980,Rock,1987-08-08 00:00:00+00:00,2,0,10,10,10,10.0,0.0,Island,Island,Rock,Rock,0.0,0,0,0,Ireland,27.0,1,1,0.0,Bono;The Edge;Adam Clayton;Larry Mullen Jr.,Bono;The Edge;Adam Clayton;Larry Mullen Jr.,1.0,1.0,1,1,Daniel Lanois;Brian Eno,1.0,1.0,0.0,0.0,0,4/4,Db,Db,101.0,77.0,56.0,66.0,-9.0,1.0,0,0,1,0,0,0,0,0,0,0,0,0,0,0,0,0,0,0,0,0,0,0,0,0,0,A2,0,277,0,89,28,0,0,1,0,0,0,0,0,God;Faithfulness;Doubt,0,0,0,0,0,0,0,0,0,0
Who's That Girl,Madonna,1987,1980,Electronic/Dance,1987-08-22 00:00:00+00:00,1,0,2,3,3,2.6666666666666665,0.6666666666666666,Sire,Warner Bros.,Electronic/Dance,Electronic;Stage & Screen,1.0,0,0,0,United States,29.0,0,1,0.0,Madonna;Patrick Leonard,Madonna;Patrick Leonard,2.0,1.0,1,0,Madonna;Patrick Leonard,2.0,1.0,1.0,0.0,1,4/4,Am,Am,104.0,65.0,62.0,83.0,-14.0,21.0,0,0,0,1,0,1,0,0,0,0,0,0,0,0,0,0,0,0,0,0,0,0,0,0,0,E1,0,239,0,41,21,0,0,1,0,0,0,0,0,Bad Relationships,0,0,0,1,0,1,0,0,0,0
La Bamba,Los Lobos,1987,1980,Rock,1987-08-29 00:00:00+00:00,3,0,7,8,4,6.333333333333333,2.6666666666666665,Slash,Polygram,Rock,Rock;Latin;Stage & Screen,0.0,0,0,0,United States,32.0,1,0,0.0,Ritchie Valens,Richie Valens,1.0,0.0,0,0,Mitchell Froom,1.0,1.0,0.0,0.0,0,4/4,C,C,156.0,76.0,51.0,87.0,-12.0,14.0,0,0,1,0,0,0,1,0,0,0,0,0,0,0,0,0,0,0,0,0,0,0,0,0,0,D1,0,174,0,88,6,0,0,1,0,1,0,0,1,Dancing,0,0,0,1,0,0,0,0,0,0
I Just Can't Stop Loving You,Michael Jackson & Siedah Garrett,1987,1980,Pop,1987-09-19 00:00:00+00:00,1,0,3,6,5,4.666666666666667,2.0,Epic,CBS,Pop,Pop,2.0,1,0,0,United States,28.0,2,0,1.0,Michael Jackson,Michael Jackson,1.0,0.0,1,1,Quincy Jones;Michael Jackson,1.0,0.0,1.0,0.0,1,4/4,C;Db,C,100.0,47.0,66.0,28.0,-9.0,67.0,0,0,0,1,0,0,0,0,0,0,0,0,0,1,0,0,0,0,0,0,0,0,0,0,0,E1,0,251,0,37,34,0,0,1,0,0,0,0,0,Love,0,0,0,0,0,0,0,0,0,0
Didn't We Almost Have It All,Whitney Houston,1987,1980,Pop,1987-09-26 00:00:00+00:00,2,0,3,6,6,5.0,2.0,Arista,BMG,Pop,Electronic,1.0,0,0,0,United States,24.0,0,0,1.0,Michael Masser;Will Jennings,Michael Masser;Will Jennings,1.0,1.0,0,0,Michael Masser,1.0,1.0,0.0,0.0,1,4/4,Bb;G,Multiple Keys,131.0,62.0,55.0,27.0,-5.0,37.0,0,0,0,1,1,0,0,0,0,0,0,0,0,0,0,0,0,0,0,0,0,0,0,0,0,E1,0,278,0,29,19,0,0,0,0,0,0,0,0,Lost Love,0,0,0,0,0,0,0,0,0,0
Here I Go Again,Whitesnake,1987,1980,Rock,1987-10-10 00:00:00+00:00,1,0,6,7,6,6.333333333333333,0.6666666666666666,Geffen,Warner Bros.,Rock,Rock,0.0,0,0,0,United Kingdom,36.0,1,1,0.0,David Coverdale;Bernie Marsden,David Coverdale;Bernie Marsden,1.0,1.0,1,1,Keith Olsen;Mike Stone,1.0,1.0,0.0,0.0,0,4/4,G,G,90.0,85.0,38.0,27.0,-6.0,15.0,0,0,1,1,0,0,0,0,0,0,0,1,0,0,0,0,0,0,0,0,0,0,0,0,0,E3,0,275,0,64,12,0,0,1,0,0,0,0,0,Empowerment;Redemption,0,0,0,0,0,0,0,0,0,0
Lost in Emotion,Lisa Lisa & Cult Jam,1987,1980,Pop,1987-10-17 00:00:00+00:00,1,0,2,6,3,3.6666666666666665,2.6666666666666665,Columbia,CBS,Pop,Electronic;Funk/Soul;Pop,0.0,0,0,0,United States,20.0,2,0,2.0,Curt Bedeau;Gerry Charles;Hugh L. Clarke;Brian George;Lucien George;Paul George,Curt Bedeau;Gerry Charles;Hugh L. Clarke;Brian George;Lucien George;Paul George,1.0,0.0,1,0,Curt Bedeau;Gerry Charles;Hugh L. Clarke;Brian George;Lucien George;Paul George,1.0,0.0,1.0,0.0,1,4/4,C,C,120.0,78.0,81.0,96.0,-10.0,2.0,0,1,0,0,0,1,0,0,0,0,0,0,0,0,0,0,0,0,0,0,1,0,0,0,0,C4,0,289,0,123,31,0,0,0,0,0,0,0,0,Longing for Love,0,0,0,0,0,0,0,0,0,0
Bad,Michael Jackson,1987,1980,Electronic/Dance,1987-10-24 00:00:00+00:00,2,0,7,6,6,6.333333333333333,0.6666666666666666,Epic,CBS,Electronic/Dance,Electronic,1.0,0,0,0,United States,29.0,1,0,1.0,Michael Jackson,Michael Jackson,1.0,0.0,1,1,Quincy Jones;Michael Jackson,1.0,0.0,1.0,0.0,1,4/4,Am;Bm&,Multiple Keys,114.0,89.0,79.0,39.0,-4.0,0.0,0,1,0,0,0,1,0,0,0,0,0,1,0,0,0,0,0,0,0,0,0,0,0,0,0,C1,0,247,0,56,18,0,0,0,0,0,0,0,0,Anger;Fighting;Badassery,0,0,0,0,0,0,0,0,0,0
I Think We're Alone Now,Tiffany,1987,1980,Pop,1987-11-07 00:00:00+00:00,2,0,4,5,7,5.333333333333333,2.0,MCA,MCA,Pop;Electronic/Dance,Electronic;Rock;Pop,1.0,0,0,0,United States,16.0,0,1,0.0,Ritchie Cordell,Ritchie Cordell,1.0,1.0,0,0,George Tobin,1.0,1.0,0.0,0.0,0,4/4,D,D,131.0,72.0,75.0,94.0,-12.0,3.0,0,0,0,1,0,0,0,0,0,0,0,0,0,0,0,0,0,0,0,0,0,0,0,0,0,C3,0,228,0,46,19,0,0,1,0,1,0,0,1,Lust/Sex;Growing Up,0,0,0,0,0,0,0,0,0,0
Mony Mony,Billy Idol,1987,1980,Rock,1987-11-21 00:00:00+00:00,1,0,7,6,6,6.333333333333333,0.6666666666666666,Chrysalis,Chrysalis,Rock,Rock,1.0,0,0,0,United Kingdom,31.0,1,1,0.0,Tommy James;Bo Gentry;Ritchie Cordell;Bobby Bloom,Tommy James;Bo Gentry;Ritchie Cordell;Bobby Bloom,1.0,1.0,0,0,Keith Forsey,1.0,1.0,0.0,0.0,0,4/4,F,F,142.0,82.0,54.0,51.0,-12.0,1.0,0,0,1,1,0,0,0,0,0,0,0,0,0,0,0,0,0,0,0,0,0,0,0,0,0,C1,0,246,0,97,25,0,0,0,1,1,0,0,1,Lust/Sex,0,1,0,0,0,0,0,0,0,0
(I've Had) The Time of My Life,Bill Medley & Jennifer Warnes,1987,1980,Pop,1987-11-28 00:00:00+00:00,1,0,6,6,7,6.333333333333333,0.6666666666666666,RCA,BMG,Pop,Rock;Funk/Soul;Pop,2.0,1,0,0,United States,43.5,2,1,0.0,John DeNicola;Donald Markowitz;Franke Previte,John DeNicola;Donald Markowitz;Franke Previte,1.0,1.0,0,0,Michael Lloyd,1.0,1.0,0.0,0.0,0,4/4,E,E,109.0,67.0,70.0,49.0,-13.0,4.0,0,1,1,1,0,1,0,0,0,0,0,0,0,0,0,0,0,0,0,0,1,0,0,0,0,C3,0,290,0,57,6,0,0,1,0,0,0,0,0,Love;Longing for Love,0,0,0,0,0,1,0,0,0,0
Heaven Is a Place on Earth,Belinda Carlisle,1987,1980,Rock,1987-12-05 00:00:00+00:00,1,0,6,6,6,6.0,0.0,MCA,MCA,Rock,Electronic;Rock,1.0,0,0,0,United States,29.0,0,1,0.0,Rick Nowels;Ellen Shipley,Rick Nowels;Ellen Shipley,2.0,1.0,0,0,Rick Nowels,1.0,1.0,0.0,0.0,1,4/4,E;Gb&%,E,123.0,81.0,64.0,80.0,-10.0,3.0,0,0,1,0,0,0,0,0,0,0,0,0,0,0,0,0,0,0,0,0,0,0,0,0,0,C3,0,247,0,68,0,0,0,1,0,0,0,0,0,Love,0,0,0,0,0,0,0,0,0,0
Faith,George Michael,1987,1980,Pop,1987-12-12 00:00:00+00:00,4,0,8,8,8,8.0,0.0,Columbia,Sony,Pop,Electronic;Rock;Pop,1.0,0,0,0,United Kingdom,24.0,1,1,0.0,George Michael,George Michael,1.0,1.0,1,1,George Michael,1.0,1.0,1.0,1.0,1,Free;4/4,B,B,96.0,48.0,89.0,61.0,-12.0,1.0,0,0,1,0,0,0,0,0,0,0,0,0,0,1,0,0,0,0,0,0,0,0,0,0,0,C3,0,194,0,61,40,0,0,0,0,0,0,1,1,Lust/Sex;Love,0,0,0,0,0,0,0,0,0,0
So Emotional,Whitney Houston,1988,1980,Electronic/Dance,1988-01-09 00:00:00+00:00,1,0,5,4,7,5.333333333333333,2.0,Arista,BMG,Electronic/Dance,Electronic;Pop,1.0,0,0,0,United States,24.0,0,0,1.0,Billy Steinberg;Tom Kelly,Billy Steinberg;Tom Kelly,1.0,1.0,0,0,Narada Michael Walden,1.0,0.0,0.0,0.0,0,4/4,Bm,Bm,119.0,79.0,70.0,80.0,-10.0,27.0,0,1,1,0,0,0,0,0,0,0,0,0,0,1,0,0,0,0,0,0,0,0,0,0,0,C3,0,276,0,60,24,0,0,1,0,0,0,0,0,Lust/Sex,0,1,0,0,0,0,0,0,0,0
Got My Mind Set On You,George Harrison,1988,1980,Rock,1988-01-16 00:00:00+00:00,1,0,5,6,6,5.666666666666667,0.6666666666666666,Dark Horse,Dark Horse,Rock,Rock,1.0,0,0,0,United Kingdom,47.0,1,1,0.0,Rudy Clark,Rudy Clark,1.0,0.0,0,0,Jeff Lynne;George Harrison,1.0,1.0,1.0,0.0,0,4/4,E,E,149.0,85.0,77.0,96.0,-7.0,47.0,0,0,1,0,0,1,0,0,0,0,0,0,0,0,0,0,0,0,0,0,1,0,0,0,0,D1,0,234,0,46,5,0,0,1,0,1,0,0,1,Longing for Love,0,0,0,0,0,0,0,0,0,0
The Way You Make Me Feel,Michael Jackson,1988,1980,Electronic/Dance,1988-01-23 00:00:00+00:00,1,0,7,6,7,6.666666666666667,0.6666666666666666,Epic,CBS,Electronic/Dance;Funk/Soul,Electronic;Rock;Funk/Soul,1.0,0,0,0,United States,29.0,1,0,1.0,Michael Jackson,Michael Jackson,1.0,0.0,1,1,Quincy Jones;Michael Jackson,1.0,0.0,1.0,0.0,1,4/4,E,E,172.0,81.0,74.0,50.0,-6.0,5.0,0,0,0,0,0,1,0,0,0,0,0,0,0,0,0,0,0,0,0,0,0,0,0,0,0,C1,0,266,0,63,27,0,0,1,0,0,0,0,0,Love;Lust/Sex,0,0,0,0,0,0,0,0,0,0
Need You Tonight,INXS,1988,1980,Rock,1988-01-30 00:00:00+00:00,1,0,7,6,3,5.333333333333333,2.6666666666666665,Atlantic,Warner Bros.,Rock,Electronic;Rock;Pop,0.0,0,0,0,Australia,28.0,1,1,0.0,Andrew Farriss;Michael Hutchence,Andrew Farriss;Michael Hutchence,1.0,1.0,1,1,Chris Thomas,1.0,1.0,0.0,0.0,0,4/4,Cm,Cm,109.0,72.0,80.0,88.0,-5.0,7.0,0,0,1,0,0,0,0,0,0,0,0,0,0,0,0,0,0,0,0,0,0,0,0,0,0,E1,0,181,0,32,20,0,0,0,0,0,0,0,0,Lust/Sex,0,1,0,0,0,0,0,0,0,0
Could've Been,Tiffany,1988,1980,Rock,1988-02-06 00:00:00+00:00,2,0,6,6,6,6.0,0.0,MCA,MCA,Rock,Electronic;Rock,1.0,0,0,0,United States,16.0,0,1,0.0,Lois Blaisch,Lois Blaisch,0.0,1.0,0,0,George Tobin,1.0,1.0,0.0,0.0,0,6/8,Db,Db,99.0,24.0,47.0,14.0,-16.0,55.0,0,0,1,0,0,0,0,0,0,0,0,0,0,0,0,0,0,0,0,0,0,0,0,0,0,C1,0,213,0,47,7,0,0,0,0,1,0,0,1,Lost Love,0,0,0,0,0,0,0,0,0,0
Seasons Change,Exposé,1988,1980,Pop,1988-02-20 00:00:00+00:00,1,0,3,4,2,3.0,1.3333333333333333,Arista,BMG,Pop,Electronic;Funk/Soul,0.0,0,0,0,United States,23.33333333333333,0,1,0.0,Lewis Martineé,Lewis Martineé,1.0,0.0,0,0,Lewis Martineé,1.0,1.0,0.0,0.0,1,4/4,Am;Bm&%,Am,174.0,62.0,60.0,74.0,-11.0,22.0,0,1,0,1,0,1,0,0,0,0,0,0,0,0,0,0,0,0,0,0,1,0,0,0,0,C3,0,256,0,47,12,0,0,1,0,0,0,0,0,Lost Love,0,0,0,0,0,0,0,0,0,0
Father Figure,George Michael,1988,1980,Funk/Soul,1988-02-27 00:00:00+00:00,2,0,4,5,6,5.0,1.3333333333333333,Columbia,Sony,Funk/Soul,Funk/Soul;Pop,1.0,0,0,0,United Kingdom,24.0,1,1,0.0,George Michael,George Michael,1.0,1.0,1,1,George Michael,1.0,1.0,1.0,1.0,1,4/4,Abm,Abm,102.0,33.0,69.0,28.0,-13.0,16.0,0,0,0,1,0,0,0,0,0,0,0,0,0,1,0,0,0,0,0,0,0,0,0,0,0,E1,0,340,0,96,38,0,0,0,0,0,0,0,0,Lust/Sex,0,0,0,0,0,0,0,0,0,0
Never Gonna Give You Up,Rick Astley,1988,1980,Electronic/Dance,1988-03-12 00:00:00+00:00,2,0,5,3,5,4.333333333333333,1.3333333333333333,RCA,BMG,Electronic/Dance,Electronic;Pop,1.0,0,0,0,United Kingdom,22.0,1,1,0.0,Mike Stock;Matt Aitken;Pete Waterman,Mike Stock;Matt Aitken;Pete Waterman,1.0,1.0,0,0,Mike Stock;Matt Aitken;Pete Waterman,1.0,1.0,0.0,0.0,1,4/4,Db,Db,113.0,94.0,73.0,92.0,-12.0,14.0,0,1,0,1,0,0,0,0,0,0,0,0,0,0,0,0,0,0,0,0,0,0,0,0,0,C1,0,213,0,36,19,0,0,1,0,0,0,0,0,Love;Faithfulness,0,0,0,0,0,0,0,0,0,0
Man in the Mirror,Michael Jackson,1988,1980,Funk/Soul,1988-03-26 00:00:00+00:00,2,0,8,8,6,7.333333333333333,1.3333333333333333,Epic,CBS,Funk/Soul,Electronic;Pop,1.0,0,0,0,United States,29.0,1,0,1.0,Glen Ballard;Siedah Garrett,Glen Ballard;Siedah Garrett,2.0,2.0,0,0,Quincy Jones;Michael Jackson,1.0,0.0,1.0,0.0,0,4/4,G;Ab&%,G,100.0,81.0,81.0,27.0,-5.0,52.0,0,0,0,1,0,0,0,0,0,0,0,0,0,1,0,0,0,0,0,0,0,0,0,0,0,C3,0,318,0,10,10,0,0,0,0,0,0,0,0,Growing Up;Enlightenment,0,0,0,0,0,0,0,0,0,0
"Get Outta My Dreams, Get Into My Car",Billy Ocean,1988,1980,Pop,1988-04-09 00:00:00+00:00,2,0,3,3,6,4.0,2.0,Jive,Zomba,Pop,Funk/Soul;Pop,1.0,0,0,0,United Kingdom,38.0,1,0,1.0,"Billy Ocean;Robert ""Mutt"" Lange","Billy Ocean;Robert ""Mutt"" Lange",1.0,2.0,1,0,"Robert ""Mutt"" Lange",1.0,1.0,0.0,0.0,1,4/4,E;G;F,Multiple Keys,117.0,91.0,67.0,92.0,-6.0,9.0,0,0,0,0,0,1,0,0,0,0,0,0,0,0,0,0,0,0,0,0,0,0,0,0,0,E1,0,284,0,55,42,0,0,1,0,0,0,1,1,Longing for Love;Lust/Sex,0,1,0,0,0,0,0,0,0,0
Where Do Broken Hearts Go,Whitney Houston,1988,1980,Pop,1988-04-23 00:00:00+00:00,2,0,4,6,7,5.666666666666667,2.0,Arista,BMG,Pop,Funk/Soul,1.0,0,0,0,United States,24.0,0,0,1.0,Frank Wildhorn;Chuck Jackson,Frank Wildhorn;Chuck Jackson,1.0,2.0,0,0,Narada Michael Walden,1.0,0.0,0.0,0.0,0,4/4,D;Eb&%,D,62.0,39.0,46.0,25.0,-12.0,63.0,0,0,0,1,1,0,0,0,0,0,0,0,0,0,0,0,0,0,0,0,0,0,0,0,0,E1,0,277,0,32,12,0,0,0,0,0,0,0,0,Lost Love,0,0,0,0,0,0,0,0,0,0
Wishing Well,Terence Trent D'Arby,1988,1980,Rock,1988-05-07 00:00:00+00:00,1,0,6,5,5,5.333333333333333,0.6666666666666666,CBS,CBS,Rock;Funk/Soul,Rock;Funk/Soul;Pop,1.0,0,0,0,United States,26.0,1,0,1.0,Terence Trent D'Arby;Sean Oliver,Terence Trent D'Arby;Sean Oliver,1.0,2.0,1,0,Terence Trent D'Arby;Martyn Ware,1.0,2.0,1.0,0.0,1,4/4,Bb,Bb,105.0,46.0,86.0,83.0,-13.0,10.0,0,0,1,0,0,0,0,0,0,0,0,1,0,0,0,0,0,0,0,0,0,0,0,0,0,C1,0,210,0,48,8,0,0,1,0,0,0,0,0,Lust/Sex,0,0,0,0,0,0,0,0,0,0
Anything for You,Gloria Estefan & Miami Sound Machine,1988,1980,Pop,1988-05-14 00:00:00+00:00,2,0,7,7,7,7.0,0.0,Epic,CBS,Pop,Latin;Pop,0.0,0,0,0,United States,30.0,2,0,0.0,Gloria Estefan,Gloria Estefan,0.0,0.0,1,1,"Emilio Estefan, Jr.;Lawrence Dermer;Joe Galdo;Rafael Vigil",1.0,2.0,1.0,0.0,0,4/4,Gb,Gb,144.0,43.0,57.0,21.0,-14.0,52.0,0,0,1,1,0,1,0,0,0,0,0,0,0,0,0,0,0,0,0,0,0,0,0,0,0,A2,0,243,0,103,27,0,0,1,0,0,0,0,0,Lost Love,0,0,0,0,0,0,0,0,0,0
One More Try,George Michael,1988,1980,Funk/Soul,1988-05-28 00:00:00+00:00,3,0,7,7,6,6.666666666666667,0.6666666666666666,Columbia,Sony,Funk/Soul,Electronic;Pop,1.0,0,0,0,United Kingdom,24.0,1,1,0.0,George Michael,George Michael,1.0,1.0,1,1,George Michael,1.0,1.0,1.0,1.0,1,6/8,F,F,71.0,31.0,23.0,12.0,-11.0,61.0,0,0,0,1,1,0,0,0,0,0,0,1,0,0,0,0,0,0,0,0,0,0,0,0,0,C1,0,353,0,67,26,0,0,0,0,0,0,0,0,Lost Love,0,0,0,0,0,0,0,0,0,0
Together Forever,Rick Astley,1988,1980,Electronic/Dance,1988-06-18 00:00:00+00:00,1,0,2,3,4,3.0,1.3333333333333333,RCA,BMG,Electronic/Dance,Pop,1.0,0,0,0,United Kingdom,22.0,1,1,0.0,Mike Stock;Matt Aitken;Pete Waterman,Mike Stock;Matt Aitken;Pete Waterman,1.0,1.0,0,0,Mike Stock;Matt Aitken;Pete Waterman,1.0,1.0,0.0,0.0,1,4/4,D,D,115.0,95.0,67.0,89.0,-5.0,19.0,0,1,0,1,0,1,0,0,0,0,0,0,0,0,0,0,0,0,0,0,0,0,0,0,0,C3,0,201,0,36,19,0,0,1,0,0,0,0,0,Longing for Love,0,0,0,0,0,0,0,0,0,0
Foolish Beat,Debbie Gibson,1988,1980,Rock,1988-06-25 00:00:00+00:00,1,0,3,5,3,3.6666666666666665,1.3333333333333333,Atlantic,Warner Bros.,Rock,Electronic;Pop,1.0,0,0,0,United States,17.0,0,1,0.0,Deborah Gibson,Deborah Gibson,0.0,1.0,1,1,Deborah Gibson,0.0,1.0,1.0,1.0,1,4/4,Bbm,Bbm,78.0,44.0,54.0,34.0,-11.0,27.0,0,1,0,0,1,1,0,0,0,0,0,1,0,0,0,0,0,0,0,0,1,0,0,0,0,C1,0,202,0,68,32,0,0,0,0,0,0,0,0,Lost Love,0,0,0,0,0,0,0,0,0,0
Dirty Diana,Michael Jackson,1988,1980,Rock,1988-07-02 00:00:00+00:00,1,0,5,7,6,6.0,1.3333333333333333,Epic,CBS,Rock,Rock;Pop,1.0,0,0,0,United States,29.0,1,0,1.0,Michael Jackson,Michael Jackson,1.0,0.0,1,1,Quincy Jones;Michael Jackson,1.0,0.0,1.0,0.0,1,Free;4/4,Gm,Gm,131.0,80.0,75.0,37.0,-5.0,24.0,0,0,1,0,0,0,0,0,0,0,0,0,0,0,0,0,0,0,0,0,0,0,0,0,0,C1,0,280,0,120,28,0,0,1,0,0,0,0,0,Lust/Sex;Bad Relationships,0,0,0,0,0,0,0,0,0,0
The Flame,Cheap Trick,1988,1980,Rock,1988-07-09 00:00:00+00:00,2,0,6,6,8,6.666666666666667,1.3333333333333333,Epic,CBS,Rock,Rock;Pop,0.0,0,0,0,United Kingdom,35.0,1,1,0.0,Bob Mitchell;Nick Graham,Bob Mitchell;Nick Graham,1.0,1.0,0,0,Richard Zito,1.0,1.0,0.0,0.0,0,4/4,E,E,97.0,62.0,63.0,30.0,-9.0,57.0,0,0,1,0,0,0,0,0,0,0,0,0,0,0,0,0,0,0,0,0,0,0,0,0,0,C3,0,281,0,85,20,0,0,1,0,0,0,0,0,Lost Love;Longing for Love,0,0,0,0,0,0,0,0,0,0
Hold On to the Nights,Richard Marx,1988,1980,Pop,1988-07-23 00:00:00+00:00,1,0,4,4,6,4.666666666666667,1.3333333333333333,EMI-Manhattan,EMI,Pop,Rock,1.0,0,0,0,United States,24.0,1,1,0.0,Richard Marx,Richard Marx,1.0,1.0,1,1,Richard Marx;David Cole,1.0,1.0,1.0,0.0,1,Free;4/4,Eb;F&%,Eb,145.0,21.0,35.0,18.0,-15.0,66.0,0,0,1,1,0,0,0,0,0,0,0,0,0,0,0,0,0,0,0,0,0,0,0,0,0,E1,0,316,0,131,44,0,0,1,0,0,0,0,0,Lost Love,0,0,0,0,0,0,0,0,0,0
Roll With It,Steve Winwood,1988,1980,Funk/Soul,1988-07-30 00:00:00+00:00,4,0,7,6,8,7.0,1.3333333333333333,Virgin,Virgin,Funk/Soul;Rock,Rock,1.0,0,0,0,United Kingdom,40.0,1,1,0.0,Steve Winwood;Will Jennings;Brian Holland;Lamont Dozier;Eddie Holland,Steve Winwood;Will Jennings,1.0,2.0,1,0,Steve Winwood;Tom Lord-Alge;John Clarke,1.0,1.0,1.0,0.0,1,4/4,G,G,117.0,87.0,75.0,96.0,-7.0,7.0,0,0,0,1,0,1,0,0,0,0,0,0,0,0,0,0,0,0,0,0,0,0,0,0,0,C1,0,279,0,98,18,0,0,1,0,0,0,1,1,Better Times;Positivity,0,0,0,0,0,0,0,0,0,0
Monkey,George Michael,1988,1980,Electronic/Dance,1988-08-27 00:00:00+00:00,2,0,6,3,4,4.333333333333333,2.0,Columbia,Sony,Electronic/Dance,Electronic;Pop,1.0,0,0,0,United Kingdom,25.0,1,1,0.0,George Michael,George Michael,1.0,1.0,1,1,Jimmy Jam;Terry Lewis;George Michael,1.0,2.0,1.0,0.0,1,4/4,Gbm;Abm&,Gbm,98.0,96.0,54.0,82.0,-7.0,5.0,0,1,0,0,0,0,0,0,0,0,0,0,0,0,0,0,0,0,0,0,0,0,0,0,0,E3,0,289,0,80,25,0,0,1,0,0,0,0,0,Lust/Sex;Forbidden Love,0,0,0,0,0,0,0,0,0,0
Sweet Child O' Mine,Guns N' Roses,1988,1980,Rock,1988-09-10 00:00:00+00:00,2,0,10,9,9,9.333333333333334,0.6666666666666666,Geffen,Warner Bros.,Rock,Rock,0.0,0,0,0,United States,26.0,1,2,2.0,Axl Rose;Duff McKagan;Slash;Izzy Stradlin;Steven Adler,Axl Rose;Duff McKagan;Slash;Izzy Stradlin;Steven Adler,1.0,2.0,1,1,Mike Clink,1.0,1.0,0.0,0.0,0,4/4,Gb,Gb,125.0,95.0,45.0,62.0,-5.0,9.0,0,0,1,0,0,0,0,0,0,0,0,0,0,0,0,0,0,0,0,0,0,0,0,0,0,E1,0,356,0,175,46,0,0,0,0,0,0,0,0,Love,0,0,0,0,0,0,0,0,0,0
"Don't Worry, Be Happy",Bobby McFerrin,1988,1980,Reggae,1988-09-24 00:00:00+00:00,2,0,6,7,5,6.0,1.3333333333333333,EMI-Manhattan,EMI,Reggae,Jazz;Pop,1.0,0,0,0,United States,38.0,1,0,1.0,Bobby McFerrin,Bobby McFerrin,1.0,0.0,1,1,Linda Goldstein,0.0,1.0,0.0,0.0,0,4/4,B,B,69.0,17.0,68.0,75.0,-23.0,88.0,1,0,0,0,0,0,0,0,0,0,0,1,0,1,0,0,0,0,0,0,0,0,0,0,0,D1,0,294,0,45,30,0,0,1,0,0,0,0,0,Positivity,0,1,0,0,0,0,0,0,0,0
Love Bites,Def Leppard,1988,1980,Rock,1988-10-08 00:00:00+00:00,1,0,6,4,4,4.666666666666667,1.3333333333333333,Mercury,Polygram,Rock,Rock,0.0,0,0,0,United Kingdom,39.0,1,1,0.0,"Robert ""Mutt"" Lange;Phil Collen;Steve Clark;Joe Elliott;Rick Savage;Rick Allen","Robert ""Mutt"" Lange;Phil Collen;Steve Clark;Joe Elliott;Rick Savage;Rick Allen",1.0,1.0,1,0,"Robert ""Mutt"" Lange",1.0,1.0,0.0,0.0,1,4/4,Dm,Dm,130.0,74.0,59.0,41.0,-7.0,7.0,0,0,1,0,0,0,0,0,0,0,0,0,0,0,0,0,0,0,0,0,0,0,0,0,0,C3,0,346,0,104,24,0,0,1,0,0,0,0,0,Lost Love,0,1,1,0,0,0,0,0,0,0
Red Red Wine,UB40,1988,1980,Reggae,1988-10-15 00:00:00+00:00,1,0,4,5,5,4.666666666666667,0.6666666666666666,A&M,A&M,Reggae,Electronic;Reggae,0.0,0,0,0,United Kingdom,31.0,1,2,2.0,Neil Diamond,Neil Diamond,1.0,1.0,0,0,"Ali Campbell;Astro;Robin Campbell;Brian Travers;Mickey Virtue;Earl Falconer;Jimmy Brown;Norman Hassan;Ray ""Pablo"" Falconer",1.0,2.0,1.0,0.0,0,4/4,Db,Db,89.0,47.0,86.0,84.0,-9.0,0.0,0,0,1,0,0,0,0,0,0,0,0,0,0,0,0,0,0,0,0,0,0,0,0,0,0,D1,0,183,0,24,0,0,0,1,0,1,0,0,1,Lost Love,0,0,0,0,0,0,0,0,0,0
A Groovy Kind of Love,Phil Collins,1988,1980,Pop,1988-10-22 00:00:00+00:00,2,0,5,6,5,5.333333333333333,0.6666666666666666,Atlantic,Warner Bros.,Pop,Rock;Pop;Stage & Screen,1.0,0,0,0,United Kingdom,37.0,1,1,0.0,Toni Wine;Carole Bayer Sager,Toni Wine;Carole Bayer Sager,0.0,1.0,0,0,Phil Collins;Anne Dudley,2.0,1.0,1.0,0.0,0,4/4,G;A&%,G,144.0,31.0,45.0,18.0,-10.0,23.0,0,0,0,1,1,0,0,0,0,0,0,0,0,0,0,0,0,0,0,0,0,0,0,0,0,A2,0,210,0,87,12,0,0,0,0,1,0,1,1,Love,0,0,0,0,0,0,0,0,0,0
Kokomo,The Beach Boys,1988,1980,Pop,1988-11-05 00:00:00+00:00,1,0,6,7,7,6.666666666666667,0.6666666666666666,Elektra,Warner Bros.,Pop,Rock;Pop;Stage & Screen,0.0,0,0,0,United States,47.0,1,1,0.0,John Phillips;Mike Love;Terry Melcher;Scott McKenzie,John Phillips;Mike Love;Terry Melcher;Scott McKenzie,1.0,1.0,1,0,Terry Melcher,1.0,1.0,0.0,0.0,1,4/4,C,C,116.0,57.0,68.0,94.0,-12.0,1.0,0,0,1,0,0,1,1,0,0,0,0,0,0,0,0,0,0,0,0,0,1,0,0,0,0,C1,0,217,0,23,4,0,0,1,0,0,0,0,0,Escape,0,0,0,0,0,1,0,0,0,0
Wild Wild West,The Escape Club,1988,1980,Rock,1988-11-12 00:00:00+00:00,1,0,5,4,5,4.666666666666667,0.6666666666666666,Atlantic,Warner Bros.,Rock,Electronic,0.0,0,0,0,United Kingdom,30.0,1,1,0.0,Trevor Steel;John Holliday;Johnnie Christo;Milan Zekavica;Amos Pizzey,Trevor Steel;John Holliday;Johnnie Christo;Milan Zekavica;Amos Pizzey,1.0,1.0,1,0,Chris Kimsey,1.0,1.0,0.0,0.0,0,4/4,E,E,139.0,91.0,72.0,96.0,-6.0,2.0,0,1,1,0,0,1,0,0,0,0,0,0,0,0,0,0,0,0,0,0,0,0,0,0,0,E1,0,244,0,69,14,0,0,0,0,0,0,1,1,Dystopia,0,0,0,0,0,0,0,0,0,0
Bad Medicine,Bon Jovi,1988,1980,Rock,1988-11-19 00:00:00+00:00,2,0,4,5,3,4.0,1.3333333333333333,Mercury,Polygram,Rock,Rock,0.0,0,0,0,United States,26.0,1,1,0.0,Jon Bon Jovi;Richie Sambora;Desmond Child,Jon Bon Jovi;Richie Sambora;Desmond Child,1.0,2.0,1,0,Bruce Fairbairn,1.0,1.0,0.0,0.0,0,4/4,Em,Em,119.0,97.0,56.0,81.0,-4.0,5.0,0,0,1,0,0,0,0,0,0,0,0,0,0,0,0,0,0,0,0,0,0,0,0,0,0,C3,0,238,0,40,16,0,0,1,0,0,0,0,0,Lust/Sex,0,0,0,0,0,0,0,0,0,0
"Baby, I Love Your Way / Freebird Medley",Will to Power,1988,1980,Pop,1988-12-03 00:00:00+00:00,1,0,2,4,2,2.6666666666666665,1.3333333333333333,Epic,Sony,Pop,Electronic,0.0,1,0,0,United States,28.0,2,2,2.0,Peter Frampton;Allen Collins;Ronnie Van Zant,Peter Frampton;Allen Collins;Ronnie Van Zant,1.0,1.0,0,0,Bob Rosenberg,1.0,1.0,1.0,1.0,0,4/4,G,G,151.0,44.0,62.0,48.0,-12.0,2.0,0,1,0,1,0,0,0,0,0,0,0,0,0,0,0,0,0,0,0,0,0,0,0,0,0,F,0,247,0,13,13,0,0,1,0,1,0,0,1,Love;Lost Love,0,0,0,0,0,0,0,0,0,0
Look Away,Chicago,1988,1980,Rock,1988-12-10 00:00:00+00:00,2,0,6,4,5,5.0,1.3333333333333333,Reprise,Warner Bros.,Rock,Rock;Pop,0.0,0,0,0,United States,41.0,1,1,0.0,Diane Warren,Diane Warren,0.0,1.0,0,0,Ron Nevison,1.0,1.0,0.0,0.0,0,4/4,A;B&%,A,173.0,56.0,39.0,19.0,-7.0,46.0,0,0,1,1,0,0,0,0,0,0,0,0,0,0,0,0,0,0,0,0,0,0,0,0,0,C3,0,240,0,36,10,0,0,0,0,0,0,0,0,Lost Love,0,0,0,0,0,0,0,0,0,0
Every Rose Has Its Thorn,Poison,1988,1980,Rock,1988-12-24 00:00:00+00:00,3,0,6,7,7,6.666666666666667,0.6666666666666666,Capitol,EMI,Rock,Rock,0.0,0,0,0,United States,25.0,1,1,0.0,Bret Michaels;C.C. DeVille;Bobby Dall;Rikki Rockett,Bret Michaels;C.C. DeVille;Bobby Dall;Rikki Rockett,1.0,1.0,1,1,Tom Werman,1.0,1.0,0.0,0.0,0,4/4,Gb,Gb,140.0,64.0,53.0,29.0,-6.0,16.0,0,0,1,0,0,0,0,0,0,0,0,0,0,0,0,0,0,0,0,0,0,0,0,0,0,E1,0,260,0,83,17,0,0,0,0,0,0,0,0,Lost Love,0,0,0,0,0,0,0,0,0,0
My Prerogative,Bobby Brown,1989,1980,Electronic/Dance,1989-01-14 00:00:00+00:00,1,0,7,5,9,7.0,2.6666666666666665,MCA,MCA,Electronic/Dance,Hip Hop,1.0,0,0,0,United States,19.0,1,0,1.0,Bobby Brown;Aaron Hall;Teddy Riley,Bobby Brown;Aaron Hall;Teddy Riley,1.0,0.0,1,0,Gene Griffin;Bobby Brown,1.0,0.0,1.0,0.0,1,4/4,Am,Am,110.0,75.0,72.0,63.0,-6.0,9.0,0,0,0,0,0,0,0,0,0,0,0,0,0,0,0,0,0,0,0,0,0,0,0,0,0,C5,0,271,0,22,22,0,0,1,0,0,0,0,0,Badassery;Lust/Sex,0,1,1,0,0,0,0,0,0,0
Two Hearts,Phil Collins,1989,1980,Pop,1989-01-21 00:00:00+00:00,2,0,7,5,7,6.333333333333333,1.3333333333333333,Atlantic,Warner Bros.,Pop,Rock;Stage & Screen,1.0,0,0,0,United Kingdom,37.0,1,1,0.0,Phil Collins;Lamont Dozier,Phil Collins;Lamont Dozier,1.0,2.0,1,0,Phil Collins;Lamont Dozier,1.0,2.0,1.0,0.0,1,4/4,G;Gb,Multiple Keys,156.0,91.0,58.0,71.0,-2.0,31.0,0,1,1,1,1,0,0,0,0,0,0,0,0,0,0,0,0,0,0,0,0,0,0,0,0,E1,0,204,0,41,25,0,0,1,0,0,0,0,0,Love,0,0,0,0,0,0,0,0,0,0
When I'm With You,Sheriff,1989,1980,Rock,1989-02-04 00:00:00+00:00,1,0,7,6,7,6.666666666666667,0.6666666666666666,Capitol,EMI,Rock,Rock,0.0,0,0,0,Canada,26.0,1,1,0.0,Arnold Lanni,Arnold Lanni,1.0,1.0,1,1,Stacy Heydon,1.0,1.0,0.0,0.0,0,4/4,A;B&%,A,136.0,32.0,25.0,12.0,-11.0,27.0,0,0,1,1,0,0,0,0,0,0,0,1,0,0,0,0,0,0,0,0,0,0,0,0,0,C3,0,233,0,18,18,0,0,0,0,0,0,0,0,Love,0,0,0,0,0,0,0,0,0,0
Straight Up,Paula Abdul,1989,1980,Electronic/Dance,1989-02-11 00:00:00+00:00,3,0,4,3,5,4.0,1.3333333333333333,Virgin,Virgin,Electronic/Dance,Electronic;Pop,1.0,0,0,0,United States,26.0,0,1,0.0,Elliot Wolf,Elliot Wolf,1.0,1.0,0,0,Elliot Wolf;Keith Cohen,1.0,1.0,0.0,0.0,1,4/4,Dm,Dm,96.0,97.0,75.0,72.0,-3.0,49.0,0,1,0,0,0,0,0,0,0,0,0,1,0,0,0,0,0,0,0,0,0,0,0,0,0,E3,0,231,0,11,11,0,0,1,0,0,0,0,0,Longing for Love;Bad Relationships;Lost Love,0,0,0,0,0,0,0,0,0,0
Lost in Your Eyes,Debbie Gibson,1989,1980,Pop,1989-03-04 00:00:00+00:00,3,0,6,5,4,5.0,1.3333333333333333,Atlantic,Warner Bros.,Pop,Electronic,1.0,0,0,0,United States,18.0,0,1,0.0,Deborah Gibson,Deborah Gibson,0.0,1.0,1,1,Deborah Gibson,0.0,1.0,1.0,1.0,1,4/4,C;D&%,C,144.0,61.0,48.0,24.0,-7.0,46.0,0,0,0,1,1,0,0,0,0,0,0,0,0,0,0,0,0,0,0,0,0,0,0,0,0,D1,0,213,0,22,12,0,0,0,0,0,0,0,0,Love,0,0,0,0,0,0,0,0,0,0
The Living Years,Mike & the Mechanics,1989,1980,Rock,1989-03-25 00:00:00+00:00,1,0,9,6,8,7.666666666666667,2.0,Atlantic,Warner Bros.,Rock,Rock,0.0,0,1,0,United Kingdom,38.0,1,1,0.0,Mike Rutherford;B.A. Robertson,Mike Rutherford;B.A. Robertson,1.0,1.0,1,0,Christopher Neil;Mike Rutherford,1.0,1.0,1.0,0.0,1,4/4,Ab,Ab,98.0,42.0,52.0,31.0,-13.0,58.0,0,0,1,0,0,0,0,0,0,0,0,0,0,0,0,0,0,0,0,0,0,0,0,0,0,D1,0,330,0,34,30,0,0,1,0,0,0,0,0,Death;Family;Regret;Time,1,0,0,0,0,0,0,0,0,0
Eternal Flame,The Bangles,1989,1980,Pop,1989-04-01 00:00:00+00:00,1,0,7,5,8,6.666666666666667,2.0,CBS,Sony,Pop,Rock,0.0,0,0,0,United States,30.0,0,1,0.0,Susanna Hoffs;Tom Kelly;Billy Steinberg,Susanna Hoffs;Tom Kelly;Billy Steinberg,2.0,1.0,1,0,Davitt Sigerson,1.0,1.0,0.0,0.0,0,4/4,G,G,79.0,36.0,53.0,40.0,-7.0,52.0,0,0,1,1,1,0,0,0,0,0,0,1,0,0,0,0,0,0,0,0,0,0,0,0,0,D1,0,238,0,22,7,0,0,1,0,0,0,0,0,Love;Longing for Love,0,0,0,0,0,0,0,0,0,0
The Look,Roxette,1989,1980,Rock,1989-04-08 00:00:00+00:00,1,0,6,4,6,5.333333333333333,1.3333333333333333,EMI,EMI,Rock,Electronic;Rock,2.0,1,0,0,Sweden,30.0,2,1,0.0,Per Gessle,Per Gessle,1.0,1.0,1,1,Clarence Öfwerman,1.0,1.0,0.0,0.0,0,4/4,A,A,95.0,84.0,63.0,54.0,-5.0,5.0,0,0,1,0,0,0,0,0,0,0,0,0,0,0,0,0,0,0,0,0,0,0,0,0,0,C1,0,237,0,74,19,0,0,1,0,0,0,0,0,Lust/Sex,0,0,0,0,0,0,0,0,0,0
She Drives Me Crazy,Fine Young Cannibals,1989,1980,Rock,1989-04-15 00:00:00+00:00,1,0,7,6,8,7.0,1.3333333333333333,IRS,IRS,Rock,Electronic;Pop,0.0,0,0,0,United Kingdom,27.0,1,2,2.0,Roland Gift;David Steele,Roland Gift;David Steele,1.0,2.0,1,1,David Z;Andy Cox;Roland Gift;David Steele,1.0,2.0,1.0,0.0,1,4/4,D,D,109.0,69.0,80.0,96.0,-6.0,19.0,0,0,1,1,0,0,0,0,0,0,0,1,0,0,0,0,0,0,0,0,0,0,0,0,0,C3,0,215,0,69,23,0,0,1,0,0,0,0,0,Lust/Sex,0,0,0,0,0,0,0,0,0,0
Like a Prayer,Madonna,1989,1980,Funk/Soul,1989-04-22 00:00:00+00:00,3,0,10,9,10,9.666666666666666,0.6666666666666666,Sire,Warner Bros.,Funk/Soul;Pop,Electronic;Pop,1.0,0,0,0,United States,30.0,0,1,0.0,Madonna;Patrick Leonard,Madonna;Patrick Leonard,2.0,1.0,1,0,Madonna;Patrick Leonard,2.0,1.0,1.0,0.0,1,4/4,F,F,111.0,84.0,62.0,26.0,-5.0,26.0,1,0,1,1,0,0,0,0,0,0,0,0,0,0,0,0,0,0,0,0,0,0,0,0,0,E1,0,340,0,58,10,0,0,1,0,0,0,0,0,Lust/Sex,0,0,0,0,0,0,0,0,0,0
I'll Be There for You,Bon Jovi,1989,1980,Rock,1989-05-13 00:00:00+00:00,1,0,6,4,5,5.0,1.3333333333333333,Mercury,Polygram,Rock,Rock,0.0,1,0,0,United States,29.0,1,1,0.0,Jon Bon Jovi;Richie Sambora,Jon Bon Jovi;Richie Sambora,1.0,1.0,1,1,Bruce Fairbairn,1.0,1.0,0.0,0.0,0,4/4,D;E&%,D,73.0,73.0,44.0,23.0,-5.0,5.0,0,0,1,0,0,0,0,0,0,0,0,0,0,0,0,0,0,0,0,0,0,1,0,0,0,C1,0,346,0,91,18,0,0,0,0,0,0,0,0,Love,0,0,0,0,0,0,0,0,0,0
Forever Your Girl,Paula Abdul,1989,1980,Electronic/Dance,1989-05-20 00:00:00+00:00,2,0,4,4,6,4.666666666666667,1.3333333333333333,Virgin,Virgin,Electronic/Dance,Electronic;Funk/Soul;Pop,1.0,1,0,0,United States,26.0,0,1,0.0,Oliver Leiber,Oliver Leiber,1.0,1.0,0,0,Oliver Leiber,1.0,1.0,0.0,0.0,1,4/4,D,D,120.0,89.0,70.0,75.0,-8.0,19.0,0,1,0,0,0,1,0,0,0,0,0,0,0,0,0,0,0,0,0,0,1,0,0,0,0,E3,0,300,0,50,32,1,0,0,0,0,0,0,0,Love,0,0,0,0,0,0,0,0,0,0
Rock On,Michael Damian,1989,1980,Rock,1989-06-03 00:00:00+00:00,1,0,2,2,3,2.333333333333333,0.6666666666666666,Cypress,Polygram,Rock,Rock,1.0,0,0,0,United States,27.0,1,1,0.0,David Essex,David Essex,1.0,1.0,0,0,Larry Weir,1.0,1.0,0.0,0.0,0,4/4,Dbm,Dbm,,,,,,,0,0,1,0,0,0,0,0,0,0,0,0,0,0,0,0,0,0,0,0,0,0,0,0,0,D1,0,202,0,75,25,0,0,1,0,1,0,1,1,Playing Music;Dancing;Bands,0,0,0,0,0,0,0,0,0,0
Wind Beneath My Wings,Bette Midler,1989,1980,Pop,1989-06-10 00:00:00+00:00,1,0,7,6,8,7.0,1.3333333333333333,Atlantic,Warner Bros.,Pop,Pop;Stage & Screen,1.0,0,0,0,United States,43.0,0,1,0.0,Larry Henley;Jeff Silbar,Larry Henley;Jeff Silbar,1.0,1.0,0,0,Arif Mardin,1.0,1.0,0.0,0.0,0,4/4,Bb,Bb,124.0,46.0,51.0,18.0,-8.0,55.0,0,0,0,1,1,0,0,0,0,0,0,0,0,0,0,0,0,0,0,0,0,0,0,0,0,E1,0,293,0,27,18,0,0,0,0,1,0,0,1,Appreciation;Friendship,0,0,0,0,0,0,0,0,0,0
I'll Be Loving You (Forever),New Kids on the Block,1989,1980,Pop,1989-06-17 00:00:00+00:00,1,0,3,5,6,4.666666666666667,2.0,Columbia,Sony,Pop,Electronic,0.0,0,0,0,United States,19.0,1,1,0.0,Maurice Starr,Maurice Starr,1.0,0.0,0,0,Maurice Starr,1.0,0.0,0.0,0.0,1,4/4,B;D;C,Multiple Keys,135.0,28.0,60.0,30.0,-17.0,28.0,0,0,0,1,0,0,0,0,0,0,0,1,0,0,0,0,0,0,0,0,0,0,0,0,0,E5,0,263,0,51,34,0,0,1,0,0,0,0,0,Love,0,0,0,0,0,0,0,0,0,0
Satisfied,Richard Marx,1989,1980,Rock,1989-06-24 00:00:00+00:00,1,0,6,4,8,6.0,2.6666666666666665,EMI,EMI,Rock,Rock,1.0,0,0,0,United States,25.0,1,1,0.0,Richard Marx,Richard Marx,1.0,1.0,1,1,Richard Marx;David Cole,1.0,1.0,1.0,0.0,1,4/4,Eb;F&%,Eb,109.0,91.0,57.0,84.0,-8.0,7.0,0,0,1,0,0,0,0,0,0,0,0,0,0,0,0,0,0,0,0,0,0,0,0,0,0,C3,0,254,0,110,30,0,0,1,0,0,0,0,0,Lust/Sex,0,0,0,0,0,0,0,0,0,0
Baby Don't Forget My Number,Milli Vanilli,1989,1980,Electronic/Dance,1989-07-01 00:00:00+00:00,1,0,4,5,4,4.333333333333333,0.6666666666666666,Arista,BMG,Electronic/Dance,Electronic;Pop,2.0,0,0,0,France;Germany,23.5,1,0,1.0,Frank Farian;Brad Howell;Bernd Berwanger,Frank Farian;Brad Howell;Bernd Berwanger,1.0,2.0,0,0,Frank Farian,1.0,1.0,0.0,0.0,1,4/4,E,E,100.0,65.0,85.0,85.0,-13.0,1.0,0,1,0,1,0,0,0,0,0,0,0,0,0,0,0,0,0,0,0,0,0,0,0,0,0,C4,0,249,0,27,27,1,1,0,0,0,1,0,1,Love;Lust/Sex,0,1,0,0,0,0,0,0,0,0
Good Thing,Fine Young Cannibals,1989,1980,Pop,1989-07-08 00:00:00+00:00,1,0,4,5,6,5.0,1.3333333333333333,IRS,IRS,Pop,Electronic;Rock;Pop,0.0,0,0,0,United Kingdom,28.0,1,2,2.0,Roland Gift;David Steele,Roland Gift;David Steele,1.0,2.0,1,1,Andy Cox;Roland Gift;David Steele,1.0,2.0,1.0,1.0,1,4/4,D,D,165.0,59.0,75.0,89.0,-10.0,7.0,0,0,1,1,0,0,0,0,0,0,0,0,0,0,0,0,0,0,0,0,0,0,0,0,0,C3,0,202,0,38,14,0,0,1,0,0,0,1,1,Lost Love,0,0,0,0,0,1,0,0,0,0
If You Don't Know Me By Now,Simply Red,1989,1980,Funk/Soul,1989-07-15 00:00:00+00:00,1,0,6,7,8,7.0,1.3333333333333333,Elektra,Warner Bros.,Funk/Soul,Funk/Soul;Pop,0.0,0,0,0,United Kingdom,29.0,1,1,0.0,Kenny Gamble;Leon Huff,Kenny Gamble;Leon Huff,1.0,0.0,0,0,Stewart Levine,1.0,1.0,0.0,0.0,0,6/8,Bb;Db,Multiple Keys,94.0,35.0,64.0,20.0,-9.0,49.0,0,0,0,1,0,0,0,0,0,0,0,0,0,0,0,0,0,0,0,0,0,0,0,0,0,C3,0,204,0,16,16,0,0,0,0,1,0,0,1,Lost Love;Infidelity,0,0,0,0,0,0,0,0,0,0
Toy Soldiers,Martika,1989,1980,Rock,1989-07-22 00:00:00+00:00,2,0,5,6,6,5.666666666666667,0.6666666666666666,Columbia,Sony,Rock,Rock,1.0,0,0,0,United States,20.0,0,1,0.0,Martika;Michael Jay,Martika;Michael Jay,2.0,1.0,1,0,Michael Jay,1.0,0.0,0.0,0.0,1,4/4,Dbm,Dbm,130.0,44.0,54.0,19.0,-14.0,2.0,0,0,1,1,0,0,0,0,0,0,0,0,0,0,0,0,0,0,0,0,0,0,0,0,0,C3,0,260,0,39,20,0,0,1,0,0,0,0,0,Addiction,0,0,0,0,0,0,0,0,0,0
Batdance,Prince,1989,1980,Funk/Soul,1989-08-05 00:00:00+00:00,1,0,5,4,7,5.333333333333333,2.0,Warner Bros.,Warner Bros.,Funk/Soul;Rock,Electronic;Funk/Soul,1.0,0,0,0,United States,31.0,1,0,1.0,Prince,Prince,1.0,0.0,1,1,Prince,1.0,0.0,1.0,1.0,1,4/4,Eb;Db,Multiple Keys,110.0,68.0,68.0,47.0,-9.0,28.0,0,0,1,0,0,0,0,0,0,0,0,0,0,0,0,0,0,0,0,0,0,0,0,0,0,F,0,247,0,85,28,0,0,0,0,0,1,1,1,Lust/Sex;Batman,0,1,1,0,0,1,0,0,0,0
Right Here Waiting,Richard Marx,1989,1980,Pop,1989-08-12 00:00:00+00:00,3,0,7,5,6,6.0,1.3333333333333333,EMI,EMI,Pop,Rock,1.0,0,0,0,United States,25.0,1,1,0.0,Richard Marx,Richard Marx,1.0,1.0,1,1,Richard Marx;David Cole,1.0,1.0,1.0,0.0,1,4/4,C,C,89.0,25.0,40.0,13.0,-14.0,80.0,0,0,1,1,0,0,0,0,0,0,0,0,0,0,0,0,0,0,0,0,0,0,0,0,0,E3,0,264,0,105,46,0,0,0,0,0,0,0,0,Love,0,0,0,0,0,0,0,0,0,0
Cold Hearted,Paula Abdul,1989,1980,Electronic/Dance,1989-09-02 00:00:00+00:00,1,0,3,4,5,4.0,1.3333333333333333,Virgin,Virgin,Electronic/Dance,Electronic;Pop,1.0,0,0,0,United States,27.0,0,1,0.0,Elliot Wolf,Elliot Wolf,1.0,1.0,0,0,Elliot Wolf;Keith Cohen,1.0,1.0,0.0,0.0,1,4/4,Gm,Gm,122.0,68.0,88.0,72.0,-9.0,15.0,0,1,0,1,0,0,0,0,0,0,0,0,0,0,0,0,0,0,0,0,0,0,0,0,0,E1,0,231,0,63,16,0,0,1,0,0,0,0,0,Bad Relationships,0,0,0,0,0,0,0,0,0,0
Hangin' Tough,New Kids on the Block,1989,1980,Rock,1989-09-09 00:00:00+00:00,1,0,2,1,7,3.333333333333333,4.0,Columbia,Sony,Rock,Electronic;Hip Hop,0.0,0,0,0,United States,20.0,1,1,0.0,Maurice Starr,Maurice Starr,1.0,0.0,0,0,Maurice Starr,1.0,0.0,0.0,0.0,1,4/4,Dbm,Dbm,92.0,70.0,75.0,62.0,-6.0,4.0,0,0,1,1,0,0,0,0,0,0,0,0,0,0,0,0,0,0,0,0,0,0,0,0,0,C1,0,231,0,124,33,0,0,1,0,0,0,1,1,Badassery;Dancing,0,0,0,0,0,0,0,0,0,0
Don't Wanna Lose You,Gloria Estefan,1989,1980,Pop,1989-09-16 00:00:00+00:00,1,0,7,7,5,6.333333333333333,1.3333333333333333,Epic,Sony,Pop,Pop,1.0,0,0,0,United States,32.0,0,0,0.0,Gloria Estefan,Gloria Estefan,0.0,0.0,1,1,"Emilio Estefan, Jr;Jorge Casas;Clay Ostwald",1.0,2.0,0.0,0.0,0,4/4,F,F,82.0,36.0,55.0,47.0,-14.0,41.0,0,1,0,1,0,0,0,0,0,0,0,0,0,0,0,0,0,0,0,0,0,0,0,0,0,C1,0,250,0,0,0,0,0,1,0,0,0,0,0,Love;Lost Love,0,0,0,0,0,0,0,0,0,0
Girl I'm Gonna Miss You,Milli Vanilli,1989,1980,Funk/Soul,1989-09-23 00:00:00+00:00,2,0,1,6,7,4.666666666666667,4.0,Arista,BMG,Funk/Soul,Funk/Soul;Pop,2.0,0,0,0,France;Germany,23.5,1,0,1.0,Frank Farian;Peter Bischof-Fallenstein;Dietmar Kawohl,Frank Farian;Peter Bischof-Fallenstein;Dietmar Kawohl,1.0,1.0,0,0,Frank Farian,1.0,1.0,0.0,0.0,1,4/4,A,A,76.0,27.0,71.0,76.0,-19.0,13.0,0,0,0,1,0,1,0,0,0,1,0,0,0,0,0,0,0,0,0,0,0,0,0,0,0,C3,0,238,0,93,20,0,0,1,0,0,0,0,0,Lost Love,0,0,0,0,0,0,0,0,0,0
Miss You Much,Janet Jackson,1989,1980,Funk/Soul,1989-10-07 00:00:00+00:00,4,0,6,4,8,6.0,2.6666666666666665,A&M,Polygram,Funk/Soul,Funk/Soul;Pop,1.0,0,0,0,United States,23.0,0,0,1.0,Jimmy Jam;Terry Lewis;Janet Jackson,Jimmy Jam;Terry Lewis;Janet Jackson,2.0,0.0,1,0,Jimmy Jam;Terry Lewis;Janet Jackson,2.0,1.0,1.0,0.0,1,4/4,Abm,Abm,115.0,98.0,70.0,65.0,-8.0,3.0,0,0,0,1,0,0,0,0,0,0,0,0,0,0,0,0,0,0,0,0,0,0,0,0,0,E1,0,252,0,46,46,0,0,0,0,0,0,0,0,Lust/Sex,0,1,0,0,0,0,0,0,0,0
Listen to Your Heart,Roxette,1989,1980,Rock,1989-11-04 00:00:00+00:00,1,0,6,5,7,6.0,1.3333333333333333,EMI,EMI,Rock,Rock;Pop,2.0,0,0,0,Sweden,30.5,2,1,0.0,Per Gessle;Mats Persson,Per Gessle;Mats Persson,1.0,1.0,1,0,Clarence Öfwerman,1.0,1.0,0.0,0.0,0,4/4,Bm;E;Ebm,Multiple Keys,172.0,60.0,40.0,33.0,-6.0,22.0,0,0,1,0,0,0,0,0,0,0,0,0,0,0,0,0,0,0,0,0,0,0,0,0,0,E1,0,315,0,87,23,0,0,1,0,0,0,0,0,Lost Love,0,0,0,0,0,0,0,0,0,0
When I See You Smile,Bad English,1989,1980,Rock,1989-11-11 00:00:00+00:00,2,0,6,5,5,5.333333333333333,0.6666666666666666,Epic,Sony,Rock,Rock,0.0,0,0,0,United States;United Kingdom,37.0,1,1,0.0,Diane Warren,Diane Warren,0.0,1.0,0,0,Richard Zito,1.0,1.0,0.0,0.0,0,4/4,G;A&%,G,136.0,61.0,50.0,33.0,-10.0,42.0,0,0,1,1,0,0,0,0,0,0,0,0,0,0,0,0,0,0,0,0,0,0,0,0,0,E3,0,257,0,38,7,0,0,0,0,0,0,0,0,Love,0,0,0,0,0,0,0,0,0,0
Blame it On the Rain,Milli Vanilli,1989,1980,Electronic/Dance,1989-11-25 00:00:00+00:00,2,0,5,4,4,4.333333333333333,0.6666666666666666,Arista,BMG,Electronic/Dance,Electronic;Pop,2.0,0,0,0,France;Germany,23.5,1,0,0.0,Diane Warren,Diane Warren,0.0,1.0,0,0,Frank Farian,1.0,1.0,0.0,0.0,0,4/4,Bb;B;C&%,Bb,98.0,83.0,76.0,51.0,-6.0,0.0,0,0,0,1,0,1,0,0,0,0,0,0,0,0,0,0,0,0,0,0,0,0,0,0,0,E3,0,248,0,48,22,0,0,0,0,0,1,0,1,Lost Love,0,0,0,0,0,0,0,0,0,0
We Didn't Start the Fire,Billy Joel,1989,1980,Rock,1989-12-09 00:00:00+00:00,2,0,6,6,5,5.666666666666667,0.6666666666666666,Columbia,Sony,Rock,Rock,1.0,0,0,0,United States,40.0,1,1,0.0,Billy Joel,Billy Joel,1.0,1.0,1,1,Billy Joel;Mick Jones,1.0,1.0,1.0,0.0,1,4/4,G,G,145.0,97.0,71.0,89.0,-5.0,8.0,0,0,1,0,0,0,0,0,0,0,0,0,0,0,0,0,0,0,0,0,0,0,0,0,0,E1,0,245,0,24,14,0,0,1,0,0,0,1,1,Growing Up;War;Restlessness,0,0,0,0,0,0,0,0,0,0
Another Day in Paradise,Phil Collins,1989,1980,Rock,1989-12-23 00:00:00+00:00,4,0,5,6,6,5.666666666666667,0.6666666666666666,Atlantic,Warner Bros.,Rock,Electronic;Rock,1.0,0,0,0,United Kingdom,39.0,1,1,0.0,Phil Collins,Phil Collins,1.0,1.0,1,1,Phil Collins;Hugh Padgham,1.0,1.0,1.0,0.0,1,4/4,Gbm,Gbm,102.0,56.0,78.0,37.0,-7.0,74.0,0,0,0,1,0,0,0,0,0,0,0,0,0,0,0,0,0,0,0,0,0,0,0,0,0,E1,0,289,0,87,31,0,0,1,0,0,0,0,0,Homelessness,0,0,0,0,0,0,0,0,0,0
How Am I Supposed to Live Without You,Michael Bolton,1990,1990,Pop,1990-01-20 00:00:00+00:00,3,0,6,5,3,4.666666666666667,2.0,Columbia,Sony,Pop,Rock;Pop,1.0,0,0,0,United States,36.0,1,1,0.0,Michael Bolton;Doug James,Michael Bolton;Doug James,1.0,1.0,1,0,Michael Omartian,1.0,1.0,0.0,0.0,0,4/4,Bb;B&%,Bb,140.0,60.0,53.0,21.0,-6.0,16.0,0,0,1,1,0,0,0,0,0,0,0,0,0,0,0,0,0,0,0,0,0,0,0,0,0,C3,0,245,0,72,16,0,0,0,0,0,0,0,0,Lost Love,0,0,0,0,0,0,0,0,0,0
Opposites Attract,Paula Abdul & Wild Pair,1990,1990,Funk/Soul,1990-02-10 00:00:00+00:00,3,0,4,4,2,3.333333333333333,1.3333333333333333,Virgin,Virgin,Funk/Soul,Electronic,0.0,1,0,0,Unites States,27.0,2,2,2.0,Oliver Leiber,Oliver Leiber,1.0,1.0,0,0,Oliver Leiber,1.0,1.0,0.0,0.0,1,4/4,Bb,Bb,117.0,88.0,95.0,87.0,-9.0,46.0,0,1,0,1,0,0,0,0,0,0,0,0,0,0,0,0,0,0,0,0,0,0,0,0,0,C1V,1,230,0,8,17,0,0,1,0,0,0,0,0,Love,0,0,0,0,0,0,0,0,0,0
Escapade,Janet Jackson,1990,1990,Funk/Soul,1990-03-03 00:00:00+00:00,3,0,4,5,4,4.333333333333333,0.6666666666666666,A&M,Polygram,Funk/Soul,Electronic;Hip Hop;Pop,1.0,0,0,0,United States,23.0,0,0,1.0,Jimmy Jam;Terry Lewis;Janet Jackson,Jimmy Jam;Terry Lewis;Janet Jackson,2.0,0.0,1,0,Jimmy Jam;Terry Lewis;Janet Jackson,2.0,0.0,1.0,0.0,1,4/4,Ab,Ab,115.0,95.0,81.0,70.0,-7.0,3.0,0,1,0,0,0,0,0,0,0,0,0,0,0,0,0,0,0,0,0,0,0,0,0,0,0,C4,0,283,0,86,50,0,0,0,0,0,0,0,0,Lust/Sex,0,0,0,0,0,0,0,0,0,0
Black Velvet,Alannah Myles,1990,1990,Blues,1990-03-24 00:00:00+00:00,2,0,6,6,3,5.0,2.0,Atlantic,TimeWarner,Blues,Rock,1.0,0,0,0,Canada,31.0,0,1,0.0,David Tyson;Christopher Ward,David Tyson;Christopher Ward,1.0,1.0,0,0,David Tyson,1.0,1.0,0.0,0.0,1,4/4,Ebm,Ebm,91.0,37.0,75.0,47.0,-10.0,27.0,0,1,1,0,0,0,0,0,0,0,0,0,0,0,0,0,0,0,0,0,0,0,0,0,0,E1,0,287,0,118,24,0,0,1,0,0,0,0,0,Death;Music,0,0,0,0,0,0,0,0,0,0
Love Will Lead You Back,Taylor Dayne,1990,1990,Pop,1990-04-07 00:00:00+00:00,1,0,5,6,2,4.333333333333333,2.6666666666666665,Arista,BMG,Pop,Electronic,1.0,0,0,0,United States,28.0,0,1,0.0,Diane Warren,Diane Warren,0.0,1.0,0,0,Ric Wake,1.0,1.0,0.0,0.0,0,4/4,Ab,Ab,73.0,51.0,55.0,20.0,-7.0,20.0,0,0,0,1,1,1,0,0,0,0,0,0,0,0,0,0,0,0,0,0,1,1,0,0,0,C3,0,277,0,50,23,0,0,0,0,0,0,0,0,Lost Love,0,0,0,0,0,0,0,0,0,0
I'll Be Your Everything,Tommy Page,1990,1990,Pop,1990-04-14 00:00:00+00:00,1,0,3,3,2,2.6666666666666665,0.6666666666666666,Sire,TimeWarner,Pop,Pop,1.0,0,0,0,United States,20.0,1,1,0.0,Jordan Knight;Danny Wood;Tommy Page,Jordan Knight;Danny Wood;Tommy Page,1.0,1.0,1,0,Jordan Knight;Donnie Wahlberg;Michael Jonzun,1.0,2.0,0.0,0.0,1,4/4,F;Gb&%,F,144.0,52.0,50.0,28.0,-9.0,34.0,0,0,0,1,1,1,0,0,0,0,0,0,0,1,0,0,0,0,0,0,1,0,0,0,0,E3,0,244,0,36,16,0,0,0,0,0,0,0,0,Longing For Love;Love,0,0,0,0,0,0,0,0,0,0
Nothing Compares 2 U,Sinead O'Connor,1990,1990,Pop,1990-04-21 00:00:00+00:00,4,0,8,7,3,6.0,3.333333333333333,Ensign,Chrysalis,Pop,Electronic;Rock;Funk/Soul,1.0,0,0,0,Ireland,23.0,0,1,0.0,Prince,Prince,1.0,0.0,0,0,Sinead O'Connor,0.0,1.0,1.0,1.0,0,4/4,F,F,120.0,57.0,51.0,16.0,-7.0,4.0,0,0,0,1,1,0,0,0,0,0,0,0,0,0,0,0,0,0,0,0,0,0,0,0,0,A2,0,280,0,108,10,0,0,1,0,1,0,0,1,Lost Love,0,0,0,0,0,0,0,0,0,0
Vogue,Madonna,1990,1990,Electronic/Dance,1990-05-19 00:00:00+00:00,3,0,9,8,5,7.333333333333333,2.6666666666666665,Sire,TimeWarner,Electronic/Dance,Electronic;Pop,1.0,0,0,0,United States,31.0,0,1,0.0,Madonna;Shep Pettibone,Madonna;Shep Pettibone,2.0,1.0,1,0,Madonna;Shep Pettibone,2.0,1.0,1.0,0.0,1,4/4,Ab,Ab,116.0,82.0,69.0,28.0,-10.0,1.0,0,0,0,1,1,1,0,0,0,0,0,0,0,1,0,0,0,0,0,0,0,0,0,0,0,E1,0,289,0,88,67,0,0,0,0,0,1,0,1,Dancing,0,1,0,0,0,1,0,1,0,0
Hold On,Wilson Phillips,1990,1990,Pop,1990-06-09 00:00:00+00:00,1,0,7,6,3,5.333333333333333,2.6666666666666665,SBK,EMI,Pop,Electronic;Rock;Pop,0.0,1,0,0,United States,21.33333333333333,0,1,0.0,Carnie Wilson;Chynna Phillips;Glen Ballard,Carnie Wilson;Chynna Phillips;Glen Ballard,2.0,1.0,1,0,Glen Ballard,1.0,1.0,0.0,0.0,1,4/4,F,F,98.0,67.0,69.0,57.0,-9.0,60.0,0,0,1,1,0,0,0,0,0,0,0,0,0,0,0,0,0,0,0,0,0,0,0,0,0,E1,0,221,0,25,15,0,0,1,0,0,0,0,0,Positivity;Empowerment,0,0,0,0,0,0,0,0,0,0
It Must Have Been Love,Roxette,1990,1990,Pop,1990-06-16 00:00:00+00:00,2,0,7,6,5,6.0,1.3333333333333333,EMI,EMI,Pop,Rock;Pop;Stage & Screen,2.0,0,0,0,Sweden,31.5,2,1,0.0,Per Gessle,Per Gessle,1.0,1.0,1,1,Clarence Öfwerman,1.0,1.0,0.0,0.0,0,4/4,F,F,81.0,65.0,52.0,72.0,-7.0,34.0,0,0,0,1,0,0,0,0,0,0,0,0,0,0,0,0,0,0,0,0,0,0,0,0,0,C3,0,258,0,44,29,0,0,1,0,0,0,0,0,Lost Love,0,0,0,0,0,1,0,0,0,0
Step by Step,New Kids on the Block,1990,1990,Funk/Soul,1990-06-30 00:00:00+00:00,3,0,2,1,3,2.0,1.3333333333333333,Columbia,Sony,Funk/Soul,Electronic;Pop,0.0,1,0,0,United States,20.0,1,1,0.0,Maurice Starr,Maurice Starr,1.0,0.0,0,0,Maurice Starr,1.0,0.0,0.0,0.0,1,4/4,Em,Em,125.0,63.0,79.0,88.0,-12.0,3.0,0,0,0,1,1,0,0,0,0,0,0,0,0,0,0,0,0,0,0,0,0,0,0,0,0,E6,0,267,0,52,31,1,0,1,0,1,0,0,1,Longing for Love,0,0,0,0,0,0,0,0,0,0
She Ain't Worth It,Glenn Medeiros ft. Bobby Brown,1990,1990,Funk/Soul,1990-07-21 00:00:00+00:00,2,0,5,2,2,3.0,2.0,MCA,MCA,Funk/Soul,Electronic;Hip Hop;Funk/Soul,1.5,1,0,0,United States,20.0,1,2,2.0,Antonina Armato;Bobby Brown;Ian Prince,Antonina Armato;Bobby Brown;Ian Prince,2.0,2.0,1,0,Denny Diante;Ian Prince,1.0,2.0,0.0,0.0,1,4/4,Gm,Gm,102.0,88.0,78.0,91.0,-8.0,4.0,0,1,0,0,0,0,0,0,0,0,0,0,0,0,0,0,0,0,0,0,0,0,0,0,0,C3V,1,218,0,15,19,0,0,1,0,0,0,0,0,Bad Relationships,0,0,0,0,0,0,0,0,0,0
Vision of Love,Mariah Carey,1990,1990,Funk/Soul,1990-08-04 00:00:00+00:00,4,0,6,6,5,5.666666666666667,0.6666666666666666,Columbia,Sony,Funk/Soul,Electronic;Pop,1.0,0,0,0,United States,21.0,0,0,1.0,Mariah Carey;Ben Margulies,Mariah Carey;Ben Margulies,2.0,2.0,1,0,Rhett Lawrence;Narada Michael Walden,1.0,2.0,0.0,0.0,0,Free;6/8,F,F,103.0,46.0,26.0,35.0,-11.0,43.0,0,0,0,1,0,0,0,0,0,0,0,1,0,0,0,0,0,0,0,0,0,0,0,0,0,E1,0,209,0,31,23,0,0,0,0,0,0,0,0,Longing for Love,0,0,0,0,0,0,0,0,0,0
If Wishes Came True,Sweet Sensation,1990,1990,Rock,1990-09-01 00:00:00+00:00,1,0,3,5,1,3.0,2.6666666666666665,Atco,TimeWarner,Rock,Electronic,0.0,0,0,0,United States,,0,0,0.0,Deena Charles;Robert Steele;Russ DeSalvo,Deena Charles;Robert Steele;Russ DeSalvo,2.0,1.0,0,0,Steve Peck,1.0,1.0,0.0,0.0,0,4/4,Bb;B&%,Bb,144.0,45.0,49.0,19.0,-11.0,9.0,0,0,1,0,0,0,0,0,0,0,0,0,0,0,0,0,0,0,0,0,0,0,0,0,0,E3,0,315,0,89,41,0,0,0,0,0,0,0,0,Lost Love;Longing for Love,0,0,0,0,0,0,0,0,0,0
Blaze of Glory,Jon Bon Jovi,1990,1990,Rock,1990-09-08 00:00:00+00:00,1,0,3,4,5,4.0,1.3333333333333333,Mercury,Polygram,Rock;Folk/Country,Rock;Stage & Screen,1.0,0,0,0,United States,28.0,1,1,0.0,Jon Bon Jovi,Jon Bon Jovi,1.0,1.0,1,1,Danny Kortchmar;Jon Bon Jovi,1.0,1.0,1.0,0.0,1,4/4,Dm,Dm,79.0,62.0,55.0,43.0,-10.0,6.0,0,0,1,0,0,0,0,0,0,0,0,0,0,0,0,0,0,0,0,0,0,0,0,0,0,C1,0,340,0,135,45,0,0,0,0,0,0,0,0,Badassery;Survival;Violence,0,0,0,0,0,1,0,0,0,0
Release Me,Wilson Phillips,1990,1990,Pop,1990-09-15 00:00:00+00:00,2,0,7,7,4,6.0,2.0,SBK,EMI,Pop,Pop,0.0,0,0,0,United States,21.33333333333333,0,1,0.0,Carnie Wilson;Wendy Wilson;Chynna Phillips,Carnie Wilson;Wendy Wilson;Chynna Phillips,0.0,1.0,1,1,Glen Ballard,1.0,1.0,0.0,0.0,0,4/4,C;D&%,C,97.0,48.0,73.0,46.0,-11.0,54.0,0,0,0,1,1,0,0,0,0,0,0,0,0,0,0,0,0,0,0,0,0,0,0,0,0,E2,0,231,0,27,14,0,0,0,0,0,0,0,0,Lost Love,0,0,0,0,0,0,0,0,0,0
(Can't Live Without Your) Love and Affection,Nelson,1990,1990,Rock,1990-09-29 00:00:00+00:00,1,0,6,6,6,6.0,0.0,DGC,TimeWarner,Rock,Rock,0.0,0,0,0,United States,33.0,1,1,0.0,Matthew Nelson;Gunnar Nelson;Marc Tanner,Matthew Nelson;Gunnar Nelson;Marc Tanner,1.0,1.0,1,0,Marc Tanner;David Thoener,1.0,1.0,0.0,0.0,1,4/4,Db,Db,121.0,90.0,54.0,83.0,-6.0,4.0,0,0,1,0,0,0,0,0,0,0,0,0,0,0,0,0,0,0,0,0,0,0,0,0,0,E3,0,244,0,42,7,0,0,1,0,0,0,0,0,Longing For Love,0,0,0,0,0,0,0,0,0,0
Close to You,Maxi Priest,1990,1990,Funk/Soul,1990-10-06 00:00:00+00:00,1,0,6,5,3,4.666666666666667,2.0,Charisma,Virgin,Funk/Soul,Reggae;Pop,1.0,0,0,0,United Kingdom,29.0,1,0,1.0,Gary Benson;Winston Sela;Maxi Priest,Gary Benson;Winston Sela;Maxi Priest,1.0,2.0,1,0,Geoffrey Chung;Sly Dunbar;Handel Tucker,1.0,0.0,0.0,0.0,0,4/4,Ebm,Ebm,96.0,44.0,76.0,84.0,-15.0,2.0,0,1,0,1,1,0,0,0,0,0,0,0,0,0,0,0,0,0,0,0,0,0,0,0,0,C1,0,243,0,25,11,0,0,1,0,0,0,1,1,Longing for Love;Bad Relationships,0,0,0,0,0,0,0,0,0,0
Praying For Time,George Michael,1990,1990,Pop,1990-10-13 00:00:00+00:00,1,0,4,5,3,4.0,1.3333333333333333,Epic,Sony,Pop,Funk/Soul;Pop,1.0,0,0,0,United Kingdom,27.0,1,1,0.0,George Michael,George Michael,1.0,1.0,1,1,George Michael,1.0,1.0,1.0,1.0,1,4/4,Bb,Bb,128.0,80.0,57.0,21.0,-8.0,2.0,0,0,1,0,0,1,0,0,0,0,0,0,0,0,0,0,0,0,0,0,0,0,0,0,0,C3,0,281,0,86,31,0,0,0,0,0,0,0,0,Materialism;Poverty;God,0,0,0,0,0,0,0,0,0,0
I Don't Have the Heart,James Ingram,1990,1990,Pop,1990-10-20 00:00:00+00:00,1,0,6,5,2,4.333333333333333,2.6666666666666665,Warner Bros.,TimeWarner,Pop,Electronic;Pop,1.0,0,0,0,United States,38.0,1,0,1.0,Alan Rich;Jud Friedman,Alan Rich;Jud Friedman,1.0,1.0,0,0,Thom Bell;James Ingram,1.0,0.0,0.0,0.0,0,4/4,D;E&%,D,89.0,42.0,49.0,33.0,-8.0,66.0,0,0,0,1,1,0,0,0,0,0,0,1,0,0,0,0,0,0,0,0,0,0,0,0,0,E1,0,253,0,53,13,0,0,1,0,0,0,0,0,Lost Love,0,0,0,0,0,0,0,0,0,0
Black Cat,Janet Jackson,1990,1990,Rock,1990-10-27 00:00:00+00:00,1,0,7,3,6,5.333333333333333,2.6666666666666665,A&M,Polygram,Rock,Electronic,1.0,0,0,0,United States,24.0,0,0,1.0,Janet Jackson,Janet Jackson,0.0,0.0,1,1,Jellybean Johnson;Janet Jackson;John McClain,2.0,0.0,1.0,0.0,1,4/4,Em,Em,115.0,91.0,70.0,67.0,-7.0,10.0,0,0,1,0,0,0,0,0,0,0,0,0,0,0,0,0,0,0,0,0,0,0,0,0,0,C3,0,290,0,94,43,0,0,1,0,0,0,0,0,Bad Behavior;Violence,0,1,1,0,0,0,0,0,0,0
Ice Ice Baby,Vanilla Ice,1990,1990,Hip Hop,1990-11-03 00:00:00+00:00,1,0,1,6,3,3.333333333333333,3.333333333333333,SBK,EMI,Hip Hop,Hip Hop,1.0,0,0,0,United States,23.0,1,1,0.0,Vanilla Ice;DJ Earthquake;David Bowie;Brian May;Freddie Mercury;Roger Taylor;John Deacon;Mario Johnson,Vanilla Ice;DJ Earthquake;Mario Johnson,1.0,2.0,1,0,Vanilla Ice,1.0,1.0,1.0,1.0,1,4/4,Dm,Dm,116.0,76.0,98.0,70.0,-9.0,6.0,0,1,0,0,0,0,0,0,0,0,0,0,0,1,0,0,0,0,0,0,0,0,0,0,0,C3,0,270,0,61,25,0,0,0,0,0,1,0,1,Bragging;Playing Music;Partying,0,0,1,0,0,0,0,0,0,0
Love Takes Time,Mariah Carey,1990,1990,Pop,1990-11-10 00:00:00+00:00,3,0,7,6,3,5.333333333333333,2.6666666666666665,Columbia,Sony,Pop,Pop,1.0,0,0,0,United States,20.0,0,0,1.0,Mariah Carey;Ben Margulies,Mariah Carey;Ben Margulies,2.0,2.0,1,0,Walter Afanasieff;Howie Weinberg,1.0,1.0,0.0,0.0,0,4/4,B;Db&%,B,126.0,34.0,40.0,23.0,-12.0,73.0,0,0,0,1,0,0,0,0,0,0,0,1,0,1,0,0,0,0,0,0,0,0,0,0,0,E1,0,229,0,43,15,0,0,0,0,0,0,0,0,Lost Love,0,0,0,0,0,0,0,0,0,0
I'm Your Baby Tonight,Whitney Houston,1990,1990,Funk/Soul,1990-12-01 00:00:00+00:00,1,0,7,5,4,5.333333333333333,2.0,Arista,BMG,Funk/Soul,Electronic;Hip Hop,1.0,0,0,0,United States,27.0,0,0,1.0,L.A. Reid;Babyface,L.A. Reid;Babyface,1.0,0.0,0,0,L.A. Reid;Babyface,1.0,0.0,0.0,0.0,1,12/8,Abm,Abm,165.0,90.0,67.0,87.0,-8.0,30.0,0,1,0,0,0,0,0,0,0,0,0,0,0,0,0,0,0,0,0,0,0,0,0,0,0,E5,0,299,0,40,19,0,0,1,0,0,0,0,0,Lust/Sex,0,0,0,0,0,0,0,0,0,0
Because I Love You (The Postman Song),Stevie B,1990,1990,Pop,1990-12-08 00:00:00+00:00,4,0,2,4,1,2.333333333333333,2.0,LMR,LMR,Pop,Electronic,1.0,0,0,0,United States,32.0,1,0,1.0,Warren Allen Brooks,Warren Allen Brooks,1.0,0.0,0,0,Stevie B,1.0,0.0,1.0,1.0,0,4/4,Db,Db,115.0,42.0,33.0,7.0,-8.0,71.0,0,0,0,1,0,0,0,0,0,0,0,0,0,0,0,0,0,0,0,0,0,0,0,0,0,C1,0,246,0,61,31,0,0,1,0,0,0,0,0,Lost Love,0,0,0,0,0,0,0,0,0,0
Justify My Love,Madonna,1991,1990,Electronic/Dance,1991-01-05 00:00:00+00:00,2,0,3,7,1,3.6666666666666665,4.0,Sire,TimeWarner,Electronic/Dance,Electronic;Pop,1.0,0,0,0,United States,32.0,0,1,0.0,Lenny Kravitz;Ingrid Chavez;Madonna,Lenny Kravitz;Ingrid Chavez;Madonna,2.0,2.0,1,0,Lenny Kravitz,1.0,0.0,0.0,0.0,1,4/4,Gbm,Gbm,100.0,82.0,70.0,46.0,-7.0,0.0,0,1,0,1,0,0,0,0,0,0,0,0,0,0,0,0,0,0,0,0,0,0,0,0,0,C1,0,296,0,75,33,0,0,1,0,0,1,0,1,Lust/Sex,0,1,1,0,0,0,0,0,0,0
Love Will Never Do (Without You),Janet Jackson,1991,1990,Funk/Soul,1991-01-19 00:00:00+00:00,1,0,7,6,4,5.666666666666667,2.0,A&M,Polygram,Funk/Soul,Electronic,1.0,0,0,0,United States,24.0,0,0,1.0,Jimmy Jam;Terry Lewis,Jimmy Jam;Terry Lewis,1.0,0.0,0,0,Jimmy Jam;Terry Lewis;Janet Jackson,2.0,0.0,1.0,0.0,1,4/4,Ab,Ab,103.0,92.0,74.0,63.0,-10.0,10.0,0,1,0,0,0,1,0,0,0,0,0,0,0,0,0,0,0,0,0,0,0,0,0,0,0,C3,0,273,0,98,35,0,0,0,0,0,0,0,0,Love,0,0,0,0,0,0,0,0,0,0
The First Time,Surface,1991,1990,Pop,1991-01-26 00:00:00+00:00,2,0,3,3,4,3.333333333333333,0.6666666666666666,Columbia,Sony,Pop,Funk/Soul;Pop,0.0,0,0,0,United States,27.0,1,0,1.0,Bernard Jackson;Brian Simpson,Bernard Jackson;Brian Simpson,1.0,2.0,1,0,Bernard Jackson;David Townsend;David Conley,1.0,0.0,1.0,1.0,1,4/4,Ab;Bb;F;Db,Multiple Keys,126.0,38.0,64.0,12.0,-11.0,26.0,0,0,0,1,1,0,0,0,0,0,0,0,0,0,0,0,0,0,0,0,0,0,0,0,0,C3,0,255,0,40,20,0,0,0,0,0,0,0,0,Love,0,0,0,0,0,0,0,0,0,0
Gonna Make You Sweat (Everybody Dance Now),C+C Music Factory ft. Freedom Williams,1991,1990,Electronic/Dance,1991-02-09 00:00:00+00:00,2,0,6,4,4,4.666666666666667,1.3333333333333333,Columbia,Sony,Electronic/Dance,Electronic,0.5,1,0,0,United States,37.0,2,0,1.0,Robert Clivillés;Freedom Williams,Robert Clivillés;Freedom Williams,1.0,0.0,1,1,Robert Clivillés;David Cole,1.0,0.0,1.0,1.0,1,4/4,Bb,Bb,112.0,80.0,56.0,79.0,-7.0,0.0,0,0,1,0,0,1,0,0,0,0,0,0,0,0,0,0,0,0,0,0,0,0,0,0,0,C5V,1,244,0,84,53,0,0,0,0,0,0,0,0,Dancing,0,0,0,0,0,0,0,0,0,0
All the Man that I Need,Whitney Houston,1991,1990,Funk/Soul,1991-02-23 00:00:00+00:00,2,0,6,5,5,5.333333333333333,0.6666666666666666,Arista,BMG,Funk/Soul,Hip Hop;Funk/Soul,1.0,0,0,0,United States,27.0,0,0,1.0,Michael Gore;Dean Pitchford,Michael Gore;Dean Pitchford,1.0,1.0,0,0,Narada Michael Walden,1.0,0.0,0.0,0.0,0,4/4,Fm;Gbm&%,Fm,151.0,57.0,50.0,25.0,-10.0,43.0,0,0,0,1,1,1,0,0,0,0,0,0,0,0,0,0,0,0,0,0,1,0,0,0,0,C3,0,251,0,80,25,0,0,1,0,1,0,0,1,Love,0,0,0,0,0,0,0,0,0,0
Someday,Mariah Carey,1991,1990,Funk/Soul,1991-03-09 00:00:00+00:00,2,0,6,6,6,6.0,0.0,Columbia,Sony,Funk/Soul,Electronic;Hip Hop;Funk/Soul;Pop,1.0,0,0,0,United States,20.0,0,0,1.0,Mariah Carey;Ben Margulies,Mariah Carey;Ben Margulies,2.0,2.0,1,0,Ric Wake,1.0,1.0,0.0,0.0,0,4/4,Dbm,Dbm,110.0,82.0,68.0,94.0,-9.0,21.0,0,1,0,1,0,0,0,0,0,0,0,1,0,0,0,0,0,0,0,0,0,0,0,0,0,E1,0,246,0,41,27,0,0,1,0,0,0,0,0,Lost Love;Empowerment,0,0,0,0,0,0,0,0,0,0
One More Try,Timmy T,1991,1990,Funk/Soul,1991-03-23 00:00:00+00:00,1,0,1,3,3,2.333333333333333,1.3333333333333333,Quality,Quality,Funk/Soul,Electronic,1.0,0,0,0,United States,23.0,1,0,0.0,Timothy Torres;Russell Hildreth,Timothy Torres;Russell Hildreth,1.0,0.0,1,0,Timothy Torres,1.0,0.0,1.0,1.0,1,4/4,A,A,150.0,57.0,64.0,50.0,-9.0,19.0,0,1,0,1,0,0,0,0,0,0,0,0,0,0,0,0,0,0,0,0,0,0,0,0,0,C3,0,209,0,14,14,0,0,0,0,0,0,0,0,Lost Love,0,1,0,0,0,0,0,0,0,0
Coming Out of the Dark,Gloria Estefan,1991,1990,Pop,1991-03-30 00:00:00+00:00,2,0,5,8,6,6.333333333333333,2.0,Epic,Sony,Pop;Funk/Soul,Pop,1.0,0,0,0,United States,33.0,0,0,0.0,"Gloria Estefan;Emilio Estefan, Jr.;Jon Secada","Gloria Estefan;Emilio Estefan, Jr.;Jon Secada",2.0,0.0,1,0,"Emilio Estefan, Jr.;Jorge Casas;Clay Ostwald",1.0,2.0,0.0,0.0,1,4/4,E,E,132.0,43.0,64.0,47.0,-12.0,65.0,0,1,0,1,0,0,0,0,0,0,0,0,0,1,0,0,0,0,0,0,0,0,0,0,0,C1,0,242,0,36,16,0,0,1,0,0,0,0,0,Empowerment;Redemption,0,0,0,0,0,0,0,0,0,0
I've Been Thinking About You,Londonbeat,1991,1990,Electronic/Dance,1991-04-13 00:00:00+00:00,1,0,5,4,4,4.333333333333333,0.6666666666666666,Radioactive,MCA,Electronic/Dance,Electronic,0.0,0,0,0,United States;United Kingdom,49.0,1,2,2.0,Jimmy Chambers;George Chandler;Jimmy Helms;William Henshall,Jimmy Chambers;George Chandler;Jimmy Helms;William Henshall,1.0,2.0,1,1,Martyn Phillips,1.0,1.0,0.0,0.0,0,4/4,Bm,Bm,114.0,91.0,62.0,92.0,-5.0,2.0,0,1,1,0,0,0,0,0,0,0,0,0,0,0,0,0,0,0,0,0,0,0,0,0,0,C3,0,230,0,59,16,0,0,1,0,0,0,0,0,Lost Love,0,0,0,0,0,0,0,0,0,0
You're in Love,Wilson Phillips,1991,1990,Pop,1991-04-20 00:00:00+00:00,1,0,5,6,5,5.333333333333333,0.6666666666666666,SBK,EMI,Pop,Rock;Pop,0.0,0,0,0,United States,22.0,0,1,0.0,Carnie Wilson;Wendy Wilson;Chynna Phillips;Glen Ballard,Carnie Wilson;Wendy Wilson;Chynna Phillips;Glen Ballard,2.0,1.0,1,0,Glen Ballard,1.0,1.0,0.0,0.0,1,4/4,D;B,Multiple Keys,102.0,58.0,72.0,48.0,-11.0,14.0,0,0,1,1,0,0,0,0,0,0,0,0,0,0,0,0,0,0,0,0,0,0,0,0,0,E3,0,247,0,42,19,0,0,1,0,0,0,0,0,Lost Love,0,0,0,0,0,0,0,0,0,0
Baby Baby,Amy Grant,1991,1990,Pop,1991-04-27 00:00:00+00:00,2,0,6,5,6,5.666666666666667,0.6666666666666666,A&M,Polygram,Pop,Electronic;Rock,1.0,0,0,0,United States,30.0,0,1,0.0,Keith Thomas;Amy Grant,Keith Thomas;Amy Grant,2.0,1.0,1,0,Keith Thomas,1.0,1.0,0.0,0.0,1,4/4,Gb;Ab&,Gb,98.0,90.0,70.0,92.0,-4.0,43.0,0,0,0,1,0,0,0,0,0,0,0,0,0,0,0,0,0,0,0,0,0,0,0,0,0,A2,0,244,0,69,20,0,0,1,0,0,0,0,0,Love,0,0,0,0,0,0,0,0,0,0
Joyride,Roxette,1991,1990,Rock,1991-05-11 00:00:00+00:00,1,0,7,4,7,6.0,2.0,EMI,EMI,Rock,Rock;Pop,2.0,1,0,0,Sweden,32.0,2,1,0.0,Per Gessle,Per Gessle,1.0,1.0,1,1,Clarence Öfwerman,1.0,1.0,0.0,0.0,0,4/4,A,A,102.0,74.0,65.0,62.0,-6.0,9.0,0,0,1,0,0,0,0,0,0,0,0,0,0,0,0,1,0,0,0,0,0,0,0,0,0,E3,0,241,0,84,17,0,0,0,0,0,0,0,0,Love,0,0,0,0,0,0,0,0,0,0
I Like The Way (Kissing Game),Hi-Five,1991,1990,Funk/Soul,1991-05-18 00:00:00+00:00,1,0,6,6,5,5.666666666666667,0.6666666666666666,Jive,Zomba,Funk/Soul,Hip Hop,0.0,0,0,0,United States,15.0,1,0,1.0,Teddy Riley;Bernard Belle;Dave Way,Teddy Riley;Bernard Belle;Dave Way,1.0,2.0,0,0,Teddy Riley,1.0,0.0,0.0,0.0,1,4/4,Db,Db,104.0,69.0,72.0,73.0,-5.0,6.0,0,1,0,1,0,0,0,0,0,0,0,0,0,0,0,0,0,0,0,0,0,0,0,0,0,E1,0,270,0,42,42,0,0,1,0,0,0,0,0,Love;Lust/Sex,0,0,0,0,0,0,0,0,0,0
I Don't Wanna Cry,Mariah Carey,1991,1990,Funk/Soul,1991-05-25 00:00:00+00:00,2,0,5,6,6,5.666666666666667,0.6666666666666666,Columbia,Sony,Funk/Soul,Funk/Soul;Pop,1.0,0,0,0,United States,21.0,0,0,1.0,Mariah Carey;Narada Michael Walden,Mariah Carey;Narada Michael Walden,2.0,1.0,1,0,Narada Michael Walden,1.0,0.0,0.0,0.0,1,4/4,A;Bb&%,A,131.0,50.0,64.0,28.0,-12.0,20.0,0,0,1,1,0,0,0,0,0,0,0,0,0,0,0,0,0,0,0,0,0,0,0,0,0,C3,0,288,0,73,24,0,0,0,0,0,0,0,0,Lost Love,0,0,0,0,0,0,0,0,0,0
More Than Words,Extreme,1991,1990,Pop,1991-06-08 00:00:00+00:00,1,0,9,8,8,8.333333333333334,0.6666666666666666,A&M,Polygram,Pop;Rock,Rock,0.0,0,0,0,United States,29.0,1,1,0.0,Gary Cherone;Nuno Bettencourt,Gary Cherone;Nuno Bettencourt,1.0,1.0,1,1,Michael Wagener,1.0,1.0,0.0,0.0,0,4/4,Gb,Gb,92.0,22.0,63.0,39.0,-11.0,68.0,0,0,1,0,0,0,0,0,0,0,0,1,0,0,0,0,0,0,0,0,0,0,0,0,0,E1,0,238,0,11,11,0,0,0,0,0,0,0,0,Love;Lost Love,0,0,0,0,0,0,0,0,0,0
Rush Rush,Paula Abdul,1991,1990,Funk/Soul,1991-06-15 00:00:00+00:00,5,0,6,5,3,4.666666666666667,2.0,Captive,Virgin,Funk/Soul,Electronic,1.0,0,0,0,United States,28.0,0,1,0.0,Peter Lord,Peter Lord,1.0,0.0,0,0,V. Jeffrey  Smith;Peter Lord,1.0,0.0,0.0,0.0,1,4/4,E,E,90.0,64.0,52.0,26.0,-5.0,71.0,0,0,0,1,1,0,0,0,0,0,0,1,0,0,0,0,0,0,0,0,0,0,0,0,1,E3,0,298,0,38,18,0,0,1,0,0,0,0,0,Longing for Love;Love,0,0,0,0,0,0,0,0,0,0
Unbelievable,EMF,1991,1990,Rock,1991-07-20 00:00:00+00:00,1,0,7,6,7,6.666666666666667,0.6666666666666666,EMI,EMI,Rock,Electronic,0.0,0,0,0,United Kingdom,,1,1,0.0,James Atkin;Ian Dench;Zac Foley;Marc Decloedt;Derry Brownson,James Atkin;Ian Dench;Zac Foley;Marc Decloedt;Derry Brownson,1.0,1.0,1,1,Ralph Jezzard,1.0,1.0,0.0,0.0,0,4/4,Ab,Ab,104.0,85.0,64.0,94.0,-7.0,0.0,0,0,1,0,0,0,0,0,0,0,1,0,0,0,0,0,0,0,0,0,0,0,0,0,0,C1,0,209,0,89,13,0,0,0,0,0,1,0,1,Lust/Sex,0,1,1,0,0,0,0,0,0,0
(Everything I Do) I Do It For You,Bryan Adams,1991,1990,Rock,1991-07-27 00:00:00+00:00,7,0,6,5,2,4.333333333333333,2.6666666666666665,A&M,Polygram,Rock,Rock;Pop,1.0,0,0,0,Canada,31.0,1,1,0.0,"Bryan Adams;Michael Kamen;Robert ""Mutt"" Lange","Bryan Adams;Michael Kamen;Robert ""Mutt"" Lange",1.0,1.0,1,0,"Robert ""Mutt"" Lange;Bryan Adams",1.0,1.0,1.0,0.0,1,4/4,Db,Db,131.0,44.0,53.0,29.0,-7.0,20.0,0,0,1,1,1,0,0,0,0,0,0,0,0,0,0,0,0,0,0,0,0,0,0,0,0,E1,0,250,0,62,15,0,0,0,0,0,0,0,0,Love,0,0,0,0,0,1,0,0,0,0
The Promise of a New Day,Paula Abdul,1991,1990,Pop,1991-09-14 00:00:00+00:00,1,0,6,4,5,5.0,1.3333333333333333,Captive,Virgin,Pop,Pop,1.0,0,0,0,United States,29.0,0,1,0.0,Paula Abdul;Peter Lord;Sandra St. Victor;V. Jeffrey Smith,Paula Abdul;Peter Lord;Sandra St. Victor;V. Jeffrey Smith,2.0,2.0,1,0,Peter Lord;V. Jeffrey Smith,1.0,2.0,0.0,0.0,1,4/4,Db,Db,120.0,82.0,75.0,90.0,-9.0,9.0,0,0,0,1,0,0,0,0,0,0,0,1,0,0,0,0,0,0,0,0,0,0,0,0,0,D1,0,272,0,34,18,0,0,0,0,0,0,0,0,Empowerment;Redemption;Better Days,0,0,0,0,0,0,0,0,0,0
I Adore Mi Amor,Color Me Badd,1991,1990,Funk/Soul,1991-09-21 00:00:00+00:00,2,0,2,4,8,4.666666666666667,4.0,Giant,TimeWarner,Funk/Soul,Hip Hop;Funk/Soul,0.0,1,0,0,United States,21.0,1,2,2.0,"Mark Calderon;Sam Watters;Kevin ""K.T."" Thornton;Bryan Abrams;Hamza Lee","Mark Calderon;Sam Watters;Kevin ""K.T."" Thornton;Bryan Abrams;Hamza Lee",1.0,2.0,1,0,Hamza Lee;Royal Bayyan,1.0,0.0,0.0,0.0,1,4/4,Ebm,Ebm,92.0,48.0,68.0,73.0,-10.0,24.0,0,0,0,1,0,0,0,0,0,0,0,0,0,0,0,0,0,0,0,0,0,0,0,0,0,E6,0,289,0,13,39,1,0,0,0,0,0,0,0,Love,0,1,0,1,0,0,0,0,0,0
Good Vibrations,Marky Mark & the Funky Bunch ft. Loleatta Holloway,1991,1990,Electronic/Dance,1991-10-05 00:00:00+00:00,1,0,8,6,8,7.333333333333333,1.3333333333333333,Interscope,TimeWarner,Electronic/Dance;Hip Hop,Electronic;Hip Hop,0.5,1,0,0,United States,20.0,1,2,2.0,Donnie Wahlberg;Mark Wahlberg;MC Spice the Legend;Dan Hartman,Donnie Wahlberg;Mark Wahlberg;MC Spice the Legend,1.0,2.0,1,0,Donnie Wahlberg,1.0,1.0,0.0,0.0,1,4/4,Db,Db,122.0,95.0,71.0,90.0,-8.0,0.0,0,1,0,1,0,0,0,0,0,0,0,0,0,0,0,0,0,0,0,0,0,0,0,0,0,C1,0,269,0,90,32,0,0,0,0,0,1,0,1,Dancing;Partying,0,0,1,0,0,0,0,0,0,0
Emotions,Mariah Carey,1991,1990,Funk/Soul,1991-10-12 00:00:00+00:00,3,0,9,6,6,7.0,2.0,Columbia,Sony,Funk/Soul,Electronic;Funk/Soul;Pop,1.0,0,0,0,United States,22.0,0,0,1.0,Mariah Carey;Robert Clivillés;David Cole,Mariah Carey;Robert Clivillés;David Cole,2.0,0.0,1,0,Mariah Carey;Robert Clivillés;David Cole,2.0,0.0,1.0,0.0,1,4/4,Am,Am,115.0,75.0,74.0,94.0,-7.0,4.0,0,0,0,1,0,1,0,0,0,0,0,1,0,0,0,0,0,0,0,0,0,0,0,0,0,E3,0,248,0,39,17,0,0,0,0,0,0,1,1,Love,0,0,0,0,0,0,0,0,0,0
Romantic,Karyn White,1991,1990,Funk/Soul,1991-11-02 00:00:00+00:00,1,0,4,4,5,4.333333333333333,0.6666666666666666,Warner Bros.,TimeWarner,Funk/Soul,Electronic;Funk/Soul,1.0,0,0,0,United States,26.0,0,0,1.0,Jimmy Jam;Terry Lewis;Karyn White,Jimmy Jam;Terry Lewis;Karyn White,2.0,0.0,1,0,Jimmy Jam;Terry Lewis,1.0,0.0,0.0,0.0,1,4/4,Dbm,Dbm,110.0,94.0,68.0,82.0,-8.0,48.0,0,1,0,0,1,0,0,0,0,0,0,0,0,0,0,0,0,0,0,0,0,0,0,0,0,E1,0,247,0,40,23,0,0,1,0,0,1,0,1,Lust/Sex,0,1,0,0,0,0,0,0,0,0
Cream,Prince & the New Power Generation,1991,1990,Rock,1991-11-09 00:00:00+00:00,2,0,7,7,8,7.333333333333333,0.6666666666666666,Paisley Park,TimeWarner,Rock,Rock;Funk/Soul,0.0,0,0,0,United States,33.0,1,0,1.0,Prince,Prince,1.0,0.0,1,1,Damon Dickson;Kirk Johnson;Levi Spencer;Lloyd Thompson;Michael Bland;Prince;Rosie Gaines;Tommy Barbarella;Tony Mosley,2.0,2.0,1.0,0.0,1,4/4,Bbm,Bbm,116.0,60.0,86.0,85.0,-8.0,10.0,0,0,1,0,0,0,0,0,0,0,0,1,0,0,0,0,0,0,0,0,0,0,0,0,0,C1,0,253,0,82,32,0,0,1,0,0,0,0,0,Lust/Sex,0,0,0,0,0,0,0,0,0,0
When a Man Loves a Woman,Michael Bolton,1991,1990,Funk/Soul,1991-11-23 00:00:00+00:00,1,0,5,4,6,5.0,1.3333333333333333,Columbia,Sony,Funk/Soul,Rock,1.0,1,0,0,United States,38.0,1,1,0.0,Calvin Lewis;Andrew Wright,Calvin Lewis;Andrew Wright,1.0,0.0,0,0,Walter Afanasieff;Michael Bolton,1.0,1.0,1.0,0.0,0,6/8,Db;D&%,Db,165.0,36.0,48.0,24.0,-11.0,20.0,0,0,1,1,0,0,0,0,0,0,0,1,0,0,0,0,0,0,0,0,0,0,0,0,0,D1,0,231,0,16,16,0,0,1,0,1,0,0,1,Love,0,0,0,0,0,0,0,0,1,0
Set Adrift on Memory Bliss,P.M. Dawn,1991,1990,Hip Hop,1991-11-30 00:00:00+00:00,1,0,9,6,4,6.333333333333333,3.333333333333333,Gee Street,Polygram,Hip Hop,Electronic;Hip Hop,2.0,0,0,0,United States,21.0,1,0,1.0,Gary Kemp;Attrell Cordes,Attrell Cordes,1.0,2.0,1,0,Attrell Cordes;DJ Minutemix,1.0,0.0,1.0,1.0,1,4/4,G,G,100.0,70.0,80.0,48.0,-9.0,0.0,0,0,1,0,0,0,0,0,0,0,0,0,0,0,0,0,0,0,0,0,0,0,0,0,0,C1,0,235,0,43,43,1,0,1,0,0,1,1,1,Lost Love,1,0,1,0,0,0,0,0,0,0
Black or White,Michael Jackson,1991,1990,Rock,1991-12-07 00:00:00+00:00,7,0,8,7,9,8.0,1.3333333333333333,Epic,Sony,Rock,Funk/Soul;Pop,1.0,0,0,0,United States,33.0,1,0,1.0,Michael Jackson;Bill Bottrell,Michael Jackson;Bill Bottrell,1.0,2.0,1,0,Michael Jackson;Bill Bottrell,1.0,2.0,1.0,0.0,1,4/4,E,E,115.0,89.0,74.0,96.0,-4.0,8.0,0,0,1,0,0,0,0,0,0,0,0,1,0,1,0,0,0,0,0,0,0,0,0,0,0,D1V,1,202,0,78,22,0,0,0,0,0,0,0,0,Racism,0,0,0,0,0,0,0,0,0,0
All 4 Love,Color Me Badd,1992,1990,Pop,1992-01-25 00:00:00+00:00,1,0,7,5,8,6.666666666666667,2.0,Giant,TimeWarner,Pop,Hip Hop,0.0,0,0,0,United States,21.0,1,2,2.0,"Mark Calderon;Sam Watters;Kevin ""K.T."" Thornton;Bryan Abrams;Steve Cropper;Isaac Hayes;Howard Thompson","Mark Calderon;Sam Watters;Kevin ""K.T."" Thornton;Bryan Abrams;Howard Thompson",1.0,2.0,1,0,Howie Tee,1.0,0.0,0.0,0.0,0,4/4,D,D,106.0,75.0,81.0,80.0,-8.0,3.0,0,0,0,1,0,1,0,0,0,0,0,1,0,0,0,0,0,0,0,0,0,0,0,0,0,C1,0,211,0,8,8,0,0,1,0,0,1,0,1,Love,0,1,0,0,0,0,0,0,0,0
Don't Let the Sun Go Down on Me,George Michael & Elton John,1992,1990,Rock,1992-02-01 00:00:00+00:00,1,0,10,8,6,8.0,2.6666666666666665,Columbia,Sony,Rock,Electronic;Pop,2.0,1,0,0,United Kingdom,36.0,1,1,0.0,Elton John;Bernie Taupin,Elton John;Bernie Taupin,1.0,1.0,1,0,George Michael,1.0,1.0,1.0,1.0,0,4/4,C,C,136.0,55.0,43.0,25.0,-8.0,50.0,0,0,0,1,0,0,0,0,0,0,0,0,0,0,0,0,0,0,0,0,0,0,0,0,0,C1,0,346,0,113,20,0,0,0,1,1,0,0,1,Lost Love,0,0,0,0,0,0,0,0,0,0
I'm Too Sexy,Right Said Fred,1992,1990,Electronic/Dance,1992-02-08 00:00:00+00:00,3,0,1,2,8,3.6666666666666665,4.666666666666667,Charisma,Virgin,Electronic/Dance,Electronic;Pop,0.0,0,0,0,United Kingdom,33.0,1,1,0.0,Fred Fairbrass;Richard Fairbrass;Rob Manzoli,Fred Fairbrass;Richard Fairbrass;Rob Manzoli,1.0,1.0,1,1,TommyD,1.0,1.0,0.0,0.0,0,4/4,E,E,122.0,74.0,68.0,84.0,-13.0,0.0,0,1,0,1,0,1,0,0,0,0,0,0,0,0,0,0,0,0,0,0,0,0,0,0,0,D3,0,170,0,53,24,1,0,0,0,0,1,1,1,Lust/Sex,0,0,0,0,0,0,0,0,0,0
To Be With You,Mr. Big,1992,1990,Rock,1992-02-29 00:00:00+00:00,3,0,7,4,8,6.333333333333333,2.6666666666666665,Atlantic,TimeWarner,Rock,Rock,0.0,0,0,0,United States,31.0,1,1,0.0,Eric Martin;David Grahame,Eric Martin;David Grahame,1.0,1.0,1,0,Kevin Elson,1.0,1.0,0.0,0.0,0,4/4,E;G,Multiple Keys,84.0,38.0,69.0,45.0,-10.0,29.0,0,0,1,0,0,0,0,0,0,0,0,1,0,1,0,0,0,0,0,0,0,0,0,0,0,E1,0,207,0,22,7,0,0,0,0,0,0,0,0,Love;Longing for Love,0,0,0,0,0,0,0,0,0,0
Save the Best for Last,Vanessa Williams,1992,1990,Pop,1992-03-21 00:00:00+00:00,5,0,5,4,4,4.333333333333333,0.6666666666666666,Wing,Polygram,Pop,Electronic;Hip Hop;Pop,1.0,0,0,0,United States,29.0,0,0,1.0,Phil Galdston;Wendy Waldman;Jon Lind,Phil Galdston;Wendy Waldman;Jon Lind,2.0,1.0,0,0,Keith Thomas,1.0,1.0,0.0,0.0,0,4/4,Eb,Eb,96.0,23.0,53.0,19.0,-16.0,64.0,0,1,0,1,1,0,0,0,0,0,0,0,0,0,0,0,0,0,0,0,0,0,0,0,0,E3,0,218,0,53,15,0,0,0,0,0,0,0,0,Bad Relationships;Longing for Love;Love,0,0,0,0,0,0,0,0,0,0
Jump,Kris Kross,1992,1990,Hip Hop,1992-04-25 00:00:00+00:00,8,0,7,6,8,7.0,1.3333333333333333,Ruffhouse,Sony,Hip Hop,Hip Hop,2.0,1,0,0,United States,12.5,1,0,1.0,Jermaine Dupri;Berry Gordy Jr.;Freddie Perren;Fonce Mizell;Deke Richards;Leroy Bonner;Marshall Jones;Ralph Middlebrooks;Walter Morrison;Norman Napier;Andrew Noland;Marvin Pierce;Gregory Webster,Jermaine Dupri,1.0,2.0,0,0,Jermaine Dupri,1.0,0.0,0.0,0.0,1,4/4,Bm,Bm,102.0,86.0,73.0,47.0,-7.0,0.0,0,1,0,1,0,1,0,0,0,0,0,0,0,0,0,0,0,0,0,0,0,0,0,0,0,C1,0,193,0,13,0,0,0,1,0,0,1,1,1,Bragging;Dancing;Partying;Playing Music,0,0,0,0,0,0,0,0,0,0
I'll Be There,Mariah Carey,1992,1990,Funk/Soul,1992-06-20 00:00:00+00:00,2,0,6,5,7,6.0,1.3333333333333333,Columbia,Sony,Funk/Soul,Funk/Soul;Pop,1.0,1,0,0,United States,23.0,0,0,1.0,Berry Gordy Jr.;Bob West;Willie Hutch;Hal Davis,Berry Gordy Jr.;Bob West;Willie Hutch;Hal Davis,1.0,0.0,0,0,Mariah Carey;Walter Afanasieff,2.0,2.0,1.0,0.0,0,4/4,F,F,82.0,51.0,40.0,28.0,-9.0,72.0,0,0,0,1,0,0,0,0,0,0,0,1,0,0,0,0,0,0,0,0,0,0,0,0,0,D1,0,264,0,38,14,0,0,0,1,1,0,0,1,Love,0,0,0,0,0,0,0,0,1,0
Baby Got Back,Sir Mix-a-Lot,1992,1990,Hip Hop,1992-07-04 00:00:00+00:00,5,0,4,5,3,4.0,1.3333333333333333,Def Jam,Def Jam,Hip Hop,Electronic;Hip Hop,1.0,0,0,0,United States,28.0,1,0,1.0,Sir Mix-a-Lot,Sir Mix-a-Lot,1.0,0.0,1,1,Sir Mix-a-Lot,1.0,0.0,1.0,1.0,1,Free;4/4,Cm,Cm,128.0,67.0,93.0,64.0,-11.0,1.0,0,1,0,0,0,1,0,0,0,0,0,0,0,0,0,0,0,0,0,0,0,0,0,0,0,A2,0,262,0,44,31,0,0,0,0,0,1,0,1,Lust/Sex,0,1,1,0,0,0,0,0,0,0
This Used to Be My Playground,Madonna,1992,1990,Pop,1992-08-08 00:00:00+00:00,1,0,2,4,3,3.0,1.3333333333333333,Sire,TimeWarner,Pop,Electronic;Pop;Stage & Screen,1.0,0,0,0,United States,33.0,0,1,0.0,Madonna;Shep Pettibone,Madonna;Shep Pettibone,2.0,1.0,1,0,Madonna;Shep Pettibone,2.0,1.0,1.0,0.0,1,4/4,Gm,Gm,76.0,31.0,50.0,7.0,-12.0,75.0,0,0,0,1,1,0,0,0,0,0,0,0,0,0,0,0,0,0,0,0,0,0,0,0,0,A2,0,310,0,59,28,0,0,0,0,0,0,0,0,Better Times;Lost Love,0,0,0,0,0,1,0,0,0,0
End of the Road,Boyz II Men,1992,1990,Funk/Soul,1992-08-15 00:00:00+00:00,13,0,8,7,10,8.333333333333334,2.0,Motown,MCA,Funk/Soul,Hip Hop,0.0,1,0,0,United States,19.5,1,0,1.0,L.A. Reid;Babyface;Daryl Simmons,L.A. Reid;Babyface;Daryl Simmons,1.0,0.0,0,0,L.A. Reid;Babyface;Daryl Simmons,1.0,0.0,1.0,0.0,1,3/4,Eb,Eb,150.0,43.0,64.0,53.0,-9.0,7.0,0,0,1,1,0,0,0,0,0,0,0,0,0,1,0,0,0,0,0,0,0,0,0,0,0,C3,0,254,0,4,4,0,0,0,0,0,0,0,0,Lost Love,0,1,0,0,0,1,0,0,0,0
How Do You Talk to an Angel,The Heights,1992,1990,Rock,1992-11-14 00:00:00+00:00,2,0,4,5,5,4.666666666666667,0.6666666666666666,Capitol,EMI,Rock,Rock;Pop,0.0,0,0,0,United States,23.0,2,2,2.0,Barry Coffing;Steve Tyrell;Stephanie Tyrell,Barry Coffing;Steve Tyrell;Stephanie Tyrell,2.0,1.0,0,0,Steve Tyrell,1.0,1.0,0.0,0.0,1,4/4,A,A,81.0,51.0,40.0,53.0,-11.0,28.0,0,0,1,0,0,1,0,0,0,0,0,0,0,0,0,0,0,0,0,0,1,0,0,0,0,C3,0,227,0,79,13,0,0,0,0,0,0,0,0,Longing for Love,0,0,0,0,0,0,1,0,0,0
I Will Always Love You,Whitney Houston,1992,1990,Pop,1992-11-28 00:00:00+00:00,14,0,10,10,10,10.0,0.0,Arista,BMG,Pop,Funk/Soul;Pop,1.0,0,0,0,United States,29.0,0,0,1.0,Dolly Parton,Dolly Parton,0.0,1.0,0,0,David Foster,1.0,1.0,0.0,0.0,0,Free;4/4,A;B&%,A,67.0,21.0,31.0,11.0,-13.0,84.0,0,0,1,0,1,1,0,0,0,0,0,1,0,0,0,0,0,0,0,0,1,0,0,0,0,C1,0,271,0,29,43,1,1,0,0,1,0,0,1,Lost Love,0,0,0,0,0,0,0,0,0,0
A Whole New World,Peabo Bryson & Regina Belle,1993,1990,Pop,1993-03-06 00:00:00+00:00,1,0,6,6,9,7.0,2.0,Columbia,Sony,Pop,Funk/Soul;Pop,2.0,1,0,0,United States,35.0,2,0,1.0,Alan Menken;Tim Rice,Alan Menken;Tim Rice,1.0,1.0,0,0,Walter Afanasieff,1.0,1.0,0.0,0.0,0,4/4,Bb;Db;A;D%,Multiple Keys,108.0,40.0,52.0,13.0,-7.0,58.0,0,0,1,1,1,0,0,0,0,0,0,1,0,0,0,0,0,0,0,0,0,0,0,0,0,C2,0,243,0,39,9,0,0,0,0,1,0,0,1,Dreaming;Love;Positivity;Flying,0,0,0,0,0,1,0,0,0,0
Informer,Snow,1993,1990,Hip Hop,1993-03-13 00:00:00+00:00,7,0,1,2,1,1.3333333333333333,0.6666666666666666,EastWest,TimeWarner,Hip Hop,Hip Hop,1.0,1,0,0,Canada,23.0,1,1,0.0,Snow;Shawn Moltke;Edmond Leary,Snow;Shawn Moltke;Edmond Leary,1.0,2.0,1,0,MC Shan,1.0,0.0,0.0,0.0,0,4/4,Gbm,Gbm,98.0,74.0,76.0,48.0,-11.0,10.0,0,1,0,0,0,1,0,0,0,0,0,0,0,0,0,0,0,0,0,0,0,0,0,0,0,C2V,1,268,0,18,23,1,0,1,0,0,1,0,1,Violence;Police,0,0,0,0,0,0,0,0,0,0
Freak Me,Silk,1993,1990,Funk/Soul,1993-05-01 00:00:00+00:00,2,0,4,4,8,5.333333333333333,2.6666666666666665,Keia;Elektra,TimeWarner,Funk/Soul,Hip Hop,0.0,1,0,0,United States,,1,0,1.0,Keith Sweat;Roy Murray;Anthony Johnson,Keith Sweat;Roy Murray;Anthony Johnson,1.0,0.0,0,0,T.H.,1.0,0.0,0.0,0.0,0,4/4,Em,Em,134.0,61.0,70.0,73.0,-11.0,3.0,0,0,0,1,0,0,0,0,0,0,0,0,0,0,0,0,0,0,0,0,0,0,0,0,0,C1,0,274,0,0,13,0,0,1,0,0,0,0,0,Lust/Sex,0,1,1,0,0,0,0,0,0,0
That's the Way Love Goes,Janet Jackson,1993,1990,Funk/Soul,1993-05-15 00:00:00+00:00,8,0,9,5,9,7.666666666666667,2.6666666666666665,Virgin,EMI,Funk/Soul,Electronic;Hip Hop,1.0,0,0,0,United States,26.0,0,0,1.0,Jimmy Jam;Terry Lewis;Janet Jackson;Charles Bobbit;James Brown;John Starks;Fred Wesley Jr.,Jimmy Jam;Terry Lewis;Janet Jackson,2.0,0.0,1,0,Jimmy Jam;Terry Lewis;Janet Jackson,2.0,1.0,1.0,0.0,1,4/4,Bb,Bb,98.0,70.0,70.0,58.0,-7.0,30.0,0,1,1,0,0,0,0,0,0,0,0,0,0,0,0,0,0,0,0,0,0,0,0,0,0,C2,0,265,0,23,75,1,1,0,0,0,1,0,1,Lust/Sex,0,1,1,0,0,0,0,0,0,0
Weak,SWV,1993,1990,Funk/Soul,1993-07-10 00:00:00+00:00,2,0,4,5,10,6.333333333333333,4.0,RCA,BMG,Funk/Soul,Hip Hop,0.0,0,0,0,United States,,0,0,1.0,Brian Alexander Morgan;Shirley Murdock;Larry Troutman;Roger Troutman,Brian Alexander Morgan;Shirley Murdock;Larry Troutman;Roger Troutman,2.0,0.0,0,0,Brian Alexander Morgan,1.0,0.0,0.0,0.0,1,4/4,Dm;Em&%,Dm,128.0,53.0,69.0,57.0,-11.0,11.0,0,0,0,1,0,0,0,0,0,0,0,0,0,0,0,0,0,0,0,0,0,0,0,0,0,E3,0,291,0,13,8,0,0,1,0,0,0,0,0,Longing for Love,0,0,0,0,0,0,0,0,0,0
(I Can't Help) Falling in Love With You,UB40,1993,1990,Pop,1993-07-24 00:00:00+00:00,7,0,5,3,5,4.333333333333333,1.3333333333333333,Virgin,EMI,Pop;Reggae,Electronic;Reggae,0.0,0,0,0,United Kingdom,34.0,1,2,2.0,Hugo Peretti;Luigi Creatore;George David Weiss,Hugo Peretti;Luigi Creatore;George David Weiss,1.0,1.0,0,0,Ali Campbell;Astro;Robin Campbell;Brian Travers;Mickey Virtue;Earl Falconer;Jimmy Brown;Norman Hassan;Gary Parchment,1.0,2.0,1.0,0.0,0,4/4,D,D,172.0,72.0,64.0,84.0,-13.0,4.0,0,1,0,1,0,1,0,0,0,0,0,0,0,0,0,0,0,0,0,0,0,0,0,0,0,D1,0,207,0,37,36,0,0,1,0,1,0,1,1,Love,0,0,0,0,0,1,0,0,0,0
Dreamlover,Mariah Carey,1993,1990,Funk/Soul,1993-09-11 00:00:00+00:00,8,0,7,6,6,6.333333333333333,0.6666666666666666,Columbia,Sony,Funk/Soul,Electronic;Pop,1.0,0,0,0,United States,24.0,0,0,1.0,Mariah Carey;David Hall;David Porter,Mariah Carey;David Hall;David Porter,2.0,0.0,1,0,Mariah Carey;Walter Afanasieff;Dave Hall,2.0,2.0,1.0,0.0,1,4/4,F,F,101.0,70.0,70.0,71.0,-6.0,18.0,0,0,0,1,0,0,0,0,0,0,0,1,0,0,0,0,0,0,0,0,0,0,0,0,0,C1,0,232,0,64,38,0,0,0,0,0,1,0,1,Love;Longing for Love,0,0,0,0,0,0,0,0,0,0
I'd Do Anything For Love (But I Won't Do That),Meat Loaf,1993,1990,Rock,1993-11-06 00:00:00+00:00,5,0,8,6,9,7.666666666666667,2.0,MCA,Pansonic,Rock,Rock,1.0,1,0,0,United States,46.0,1,1,0.0,Jim Steinman,Jim Steinman,1.0,1.0,0,0,Jim Steinman,1.0,1.0,0.0,0.0,1,4/4,D,D,105.0,67.0,42.0,30.0,-6.0,62.0,0,0,0,1,0,0,0,0,0,0,0,0,0,0,0,0,0,0,0,0,0,0,0,0,0,F,0,316,0,33,11,0,0,0,0,0,0,0,0,Love;Doubt;Escape,0,0,1,0,0,0,0,0,0,0
Again,Janet Jackson,1993,1990,Pop,1993-12-11 00:00:00+00:00,2,0,5,6,5,5.333333333333333,0.6666666666666666,Virgin,EMI,Pop,Hip Hop,1.0,0,0,0,United States,27.0,0,0,1.0,Jimmy Jam;Terry Lewis;Janet Jackson,Jimmy Jam;Terry Lewis;Janet Jackson,2.0,0.0,1,0,Jimmy Jam;Terry Lewis;Janet Jackson,2.0,1.0,1.0,0.0,1,4/4,C,C,130.0,29.0,36.0,19.0,-10.0,88.0,0,0,0,1,1,1,0,0,0,0,0,0,0,0,0,0,0,0,0,0,0,0,0,0,0,D1,0,227,0,75,15,0,0,0,0,0,0,0,0,Bad Relationships;Longing for Love;Lost Love,0,0,0,0,0,1,0,0,0,0
Hero,Mariah Carey,1993,1990,Pop,1993-12-25 00:00:00+00:00,4,0,7,5,8,6.666666666666667,2.0,Columbia,Sony,Pop,Electronic;Pop,1.0,0,0,0,United States,24.0,0,0,1.0,Mariah Carey;Walter Afanasieff,Mariah Carey;Walter Afanasieff,2.0,2.0,1,0,Mariah Carey;Walter Afanasieff,2.0,2.0,1.0,0.0,1,4/4,E;G,Multiple Keys,120.0,38.0,50.0,18.0,-9.0,74.0,0,0,0,1,1,0,0,0,0,0,0,0,0,0,0,0,0,0,0,0,0,0,0,0,0,E1,0,257,0,31,15,0,0,0,0,0,0,0,0,Empowerment;Appreciation,0,0,0,0,0,1,0,0,0,0
All For Love,"Bryan Adams, Rod Stewart, & Sting",1994,1990,Rock,1994-01-22 00:00:00+00:00,3,0,4,3,7,4.666666666666667,2.6666666666666665,A&M,Polygram,Rock,Rock,0.0,1,0,0,Canada;United Kingdom,41.66666666666666,1,1,0.0,"Bryan Adams;Michael Kamen;Robert ""Mutt"" Lange","Bryan Adams;Michael Kamen;Robert ""Mutt"" Lange",1.0,1.0,1,0,Chris Thomas;David Nicholas;Bryan Adams,1.0,1.0,1.0,0.0,1,4/4,D,D,75.0,44.0,51.0,14.0,-11.0,12.0,0,0,1,0,0,0,0,0,0,0,0,0,0,0,0,0,0,0,0,0,0,0,0,0,0,E1,0,283,0,62,4,0,0,0,0,0,0,0,0,Longing for Love;Love,0,0,0,0,0,1,0,0,0,0
The Power of Love,Céline Dion,1994,1990,Pop,1994-02-12 00:00:00+00:00,4,0,7,4,8,6.333333333333333,2.6666666666666665,550 Music,Sony,Pop,Pop,1.0,0,0,0,Canada,25.0,0,1,0.0,Gunther Mende;Candy DeRouge;Jennifer Rush;Mary Susan Applegate,Gunther Mende;Candy DeRouge;Jennifer Rush;Mary Susan Applegate,2.0,1.0,0,0,David Foster,1.0,1.0,0.0,0.0,0,4/4,Ab,Ab,140.0,52.0,54.0,24.0,-9.0,37.0,0,0,1,1,0,0,0,0,0,0,0,1,0,0,0,0,0,0,0,0,0,0,0,0,0,E1,0,286,0,18,0,0,0,1,0,1,0,0,1,Love,0,0,0,0,0,0,0,0,0,0
The Sign,Ace of Base,1994,1990,Pop,1994-03-12 00:00:00+00:00,6,1,5,6,6,5.666666666666667,0.6666666666666666,Arista,BMG,Pop;Reggae,Electronic,0.0,0,0,0,Sweden,23.0,2,1,0.0,Jonas Berggren;Jenny Berggren;Malin Berggren;Ulf Ekberg,Jonas Berggren;Jenny Berggren;Malin Berggren;Ulf Ekberg,2.0,1.0,1,1,Jonas Berggren;Denniz Pop;Douglas Carr,1.0,1.0,1.0,0.0,1,4/4,Gm;G,Multiple Keys,97.0,79.0,81.0,90.0,-7.0,1.0,0,0,0,1,0,0,0,0,0,0,0,0,0,0,0,0,0,0,0,0,0,0,0,0,0,C1,0,191,0,62,32,0,0,0,0,0,0,0,0,Bad Relationships,0,0,0,0,0,0,0,0,0,0
Bump n' Grind,R. Kelly,1994,1990,Funk/Soul,1994-04-09 00:00:00+00:00,4,0,5,7,8,6.666666666666667,2.0,Jive,Zomba,Funk/Soul,Hip Hop,1.0,0,0,0,United States,27.0,1,0,1.0,R. Kelly,R. Kelly,1.0,0.0,1,1,R. Kelly,1.0,0.0,1.0,1.0,1,Free;4/4,E,E,65.0,48.0,62.0,68.0,-8.0,10.0,0,1,0,0,0,0,0,0,0,0,0,0,0,0,0,0,0,0,0,0,0,0,0,0,0,C6,0,256,0,0,32,1,1,1,0,0,0,0,0,Lust/Sex,0,0,1,0,0,0,0,0,0,0
I Swear,All-4-One,1994,1990,Pop,1994-05-21 00:00:00+00:00,11,0,3,5,5,4.333333333333333,1.3333333333333333,Blitzz;Atlantic,TimeWarner,Pop,Hip Hop;Funk/Soul;Pop,0.0,1,0,0,United States,21.0,1,2,2.0,Gary Baker;Frank J. Myers,Gary Baker;Frank J. Myers,1.0,1.0,0,0,David Foster,1.0,1.0,0.0,0.0,0,4/4,D;E&%,D,83.0,41.0,53.0,23.0,-10.0,23.0,0,0,1,1,1,1,0,0,0,0,0,0,0,1,0,0,0,0,0,0,1,0,0,0,0,C2,0,259,0,30,21,1,0,0,0,1,0,0,1,Love,0,0,0,0,0,0,0,0,0,0
Stay (I Missed You),Lisa Loeb & Nine Stories,1994,1990,Rock,1994-08-06 00:00:00+00:00,3,0,7,7,8,7.333333333333333,0.6666666666666666,,,Rock,Rock,0.0,0,0,0,United States,26.0,0,1,0.0,Lisa Loeb,Lisa Loeb,0.0,1.0,1,1,Juan Patiño,1.0,0.0,0.0,0.0,0,4/4,Db,Db,80.0,61.0,67.0,38.0,-7.0,47.0,0,0,1,0,0,0,0,0,0,0,0,0,0,0,0,0,0,0,0,0,0,0,0,0,0,D1,0,184,0,57,12,0,0,0,0,0,0,0,0,Lost Love,0,0,0,0,0,0,0,0,0,0
I'll Make Love to You,Boyz II Men,1994,1990,Funk/Soul,1994-08-27 00:00:00+00:00,14,0,6,6,6,6.0,0.0,Motown,Polygram,Funk/Soul,Hip Hop,0.0,1,0,0,United States,21.75,1,0,1.0,Babyface,Babyface,1.0,0.0,0,0,Babyface,1.0,0.0,0.0,0.0,1,6/8,D,D,143.0,50.0,57.0,20.0,-8.0,10.0,0,1,1,0,0,1,0,0,0,0,0,0,0,0,0,0,0,0,0,0,0,0,0,0,0,E1,0,236,0,24,24,0,0,1,0,0,0,0,0,Lust/Sex,0,0,1,0,0,0,0,0,0,0
On Bended Knee,Boyz II Men,1994,1990,Funk/Soul,1994-12-03 00:00:00+00:00,6,0,8,7,9,8.0,1.3333333333333333,Motown,Polygram,Funk/Soul,Hip Hop;Funk/Soul,0.0,1,0,0,United States,22.0,1,0,1.0,Jimmy Jam;Terry Lewis,Jimmy Jam;Terry Lewis,1.0,0.0,0,0,Jimmy Jam;Terry Lewis,1.0,0.0,0.0,0.0,1,4/4,Eb;E;F&%,Eb,117.0,52.0,63.0,18.0,-8.0,41.0,0,0,0,1,0,0,0,0,0,0,0,1,0,0,0,0,0,0,0,0,0,0,0,0,0,E1,0,329,0,32,21,0,0,0,0,0,0,0,0,Lost Love;Redemption,0,0,0,0,0,0,0,0,0,0
Here Comes the Hotstepper,Ini Kamoze,1994,1990,Hip Hop,1994-12-17 00:00:00+00:00,2,0,6,4,6,5.333333333333333,1.3333333333333333,Columbia,Sony,Hip Hop,Hip Hop,1.0,0,0,0,Jamaica,37.0,1,0,1.0,Ini Kamoze;Chris Kenner;Salaam Remi,Ini Kamoze;Chris Kenner;Salaam Remi,1.0,0.0,1,0,Ini Kamoze;Chris Kenner;Salaam Remi,1.0,0.0,1.0,0.0,1,4/4,Bm,Bm,100.0,46.0,88.0,45.0,-9.0,2.0,0,1,0,0,0,0,0,0,0,0,0,0,0,0,0,0,0,0,0,0,0,0,0,0,0,C5,0,253,0,50,25,0,0,0,0,0,1,1,1,Bragging;Badassery,0,0,1,0,0,0,0,0,0,0
Creep,TLC,1995,1990,Hip Hop,1995-01-28 00:00:00+00:00,4,0,8,6,9,7.666666666666667,2.0,LaFace,BMG,Hip Hop,Hip Hop;Funk/Soul,0.0,0,0,0,United States,24.0,0,0,1.0,Dallas Austin,Dallas Austin,1.0,0.0,0,0,Dallas Austin,1.0,0.0,0.0,0.0,1,4/4,Cm,Cm,93.0,50.0,81.0,78.0,-8.0,3.0,0,0,1,0,0,1,0,0,0,0,0,0,0,0,0,0,0,0,0,0,0,0,0,0,0,C1,0,266,0,69,31,0,0,1,0,0,1,0,1,Lust/Sex;Bad Relationships;Infidelity,0,0,0,0,0,0,0,0,0,0
Take a Bow,Madonna,1995,1990,Pop,1995-02-25 00:00:00+00:00,7,0,5,6,4,5.0,1.3333333333333333,Maverick,TimeWarner,Pop,Electronic,1.0,0,0,0,United States,36.0,0,1,0.0,Madonna;Babyface,Madonna;Babyface,2.0,2.0,1,0,Madonna;Babyface,2.0,2.0,1.0,0.0,1,4/4,Ab,Ab,80.0,41.0,55.0,32.0,-8.0,34.0,0,0,0,1,1,0,0,0,0,0,0,1,0,0,0,0,0,0,0,0,0,0,0,0,0,E1,0,320,0,49,32,0,0,0,0,0,0,0,0,Lost Love,0,0,0,0,0,0,0,0,0,0
This Is How We Do It,Montell Jordan,1995,1990,Hip Hop,1995-04-15 00:00:00+00:00,7,0,7,5,7,6.333333333333333,1.3333333333333333,PMP;Ral,Polygram,Hip Hop,Hip Hop,1.0,0,0,0,United States,26.0,1,0,1.0,Montell Jordan;Oji Pierce;Ricky Walters,Montell Jordan;Oji Pierce;Ricky Walters,1.0,0.0,1,0,Montell Jordan;Oji Pierce,1.0,0.0,1.0,0.0,1,4/4,Fm,Fm,104.0,70.0,79.0,79.0,-7.0,2.0,0,1,0,0,0,1,0,0,0,0,0,0,0,0,0,0,0,0,0,0,0,0,0,0,0,C1,0,237,0,14,32,0,0,1,0,0,1,0,1,Partying;Bragging,0,0,0,0,0,0,0,0,0,0
Have You Ever Really Loved a Woman?,Bryan Adams,1995,1990,Rock,1995-06-03 00:00:00+00:00,5,0,4,5,3,4.0,1.3333333333333333,A&M,Polygram,Rock,Rock;Pop,1.0,0,0,0,Canada,35.0,1,1,0.0,"Bryan Adams;Michael Kamen;Robert ""Mutt"" Lange","Bryan Adams;Michael Kamen;Robert ""Mutt"" Lange",1.0,1.0,1,0,"Bryan Adams;Robert ""Mutt"" Lange",1.0,1.0,1.0,0.0,1,Free;6/8,G,G,146.0,48.0,57.0,36.0,-10.0,54.0,0,0,1,0,0,0,0,0,0,0,0,0,0,0,0,0,0,0,0,0,0,0,0,0,0,E2,0,291,0,68,9,0,0,0,0,0,0,0,0,Love,0,0,0,0,0,1,0,0,0,0
Waterfalls,TLC,1995,1990,Hip Hop,1995-07-08 00:00:00+00:00,7,0,9,8,9,8.666666666666666,0.6666666666666666,LaFace,BMG,Hip Hop,Funk/Soul;Pop,0.0,0,0,0,United States,25.0,0,0,1.0,Sleepy Brown;Marquez Etheridge;Lisa Lopes;Ray Murray;Rico Wade,Sleepy Brown;Marquez Etheridge;Lisa Lopes;Ray Murray;Rico Wade,2.0,0.0,1,0,Rico Wade;Ray Murray;Sleepy Brown,1.0,0.0,0.0,0.0,1,4/4,Eb,Eb,172.0,50.0,77.0,76.0,-7.0,31.0,0,1,1,0,0,1,0,0,0,0,0,0,0,0,0,0,0,0,0,0,0,0,0,0,0,C1V,1,279,0,53,34,0,0,1,0,0,0,0,0,Addiction;Death;Poverty;Violence,0,0,0,0,0,0,0,0,0,0
Kiss From a Rose,Seal,1995,1990,Pop,1995-08-26 00:00:00+00:00,1,0,5,7,5,5.666666666666667,1.3333333333333333,ZTT;Sire,TimeWarner,Pop,Electronic,1.0,0,0,0,United Kingdom,32.0,1,0,1.0,Seal,Seal,1.0,0.0,1,1,Trevor Horn,1.0,1.0,0.0,0.0,0,6/8,G;Gm,Multiple Keys,132.0,53.0,58.0,22.0,-7.0,68.0,1,0,1,1,1,1,0,0,0,0,0,1,0,0,0,0,0,0,0,0,0,0,0,0,0,E3,0,214,0,35,12,0,0,1,0,0,0,0,0,Love,0,0,0,0,0,0,0,0,0,0
You Are Not Alone,Michael Jackson,1995,1990,Funk/Soul,1995-09-02 00:00:00+00:00,1,0,3,6,3,4.0,2.0,Epic,Sony,Funk/Soul,Electronic;Hip Hop,1.0,0,0,0,United States,37.0,1,0,1.0,R. Kelly,R. Kelly,1.0,0.0,0,0,R. Kelly;Michael Jackson,1.0,0.0,1.0,0.0,1,4/4,B;G;Db;Eb,Multiple Keys,120.0,40.0,65.0,26.0,-9.0,64.0,0,0,0,1,1,1,0,0,0,0,0,0,0,1,0,0,0,0,0,0,0,0,0,0,0,E1,0,346,0,17,17,0,0,1,0,0,0,0,0,Lost Love;God;Faithfulness,0,0,0,0,0,0,0,0,0,0
Gangsta's Paradise,Coolio ft. LV,1995,1990,Hip Hop,1995-09-09 00:00:00+00:00,3,0,8,7,5,6.666666666666667,2.0,MCA Soundtracks,Seagram,Hip Hop,Hip Hop,1.5,1,0,0,United States,32.0,1,0,1.0,Coolio;L.V.;Stevie Wonder;Doug Rasheed,Coolio;L.V.;Doug Rasheed,1.0,0.0,1,0,Doug Rasheed,1.0,0.0,0.0,0.0,1,4/4,Cm,Cm,80.0,51.0,65.0,39.0,-10.0,7.0,1,1,0,0,1,0,0,0,0,0,0,0,0,0,0,0,0,0,0,0,0,0,0,0,0,E1,0,240,0,35,12,0,0,0,0,0,1,0,1,Poverty;Death;Violence,0,0,0,0,0,1,0,0,0,0
Fantasy,Mariah Carey,1995,1990,Funk/Soul,1995-09-30 00:00:00+00:00,8,0,7,8,10,8.333333333333334,2.0,Columbia,Sony,Funk/Soul,Hip Hop;Pop,1.0,0,0,0,United States,26.0,0,0,1.0,Mariah Carey;Chris Frantz;Tina Weymouth;Dave Hall;Adrian Belew;Steven Stanley,Mariah Carey;Dave Hall,2.0,2.0,1,0,Mariah Carey;Dave Hall,2.0,2.0,1.0,0.0,1,Free;4/4,G,G,102.0,73.0,67.0,81.0,-8.0,14.0,0,0,1,0,1,0,0,0,0,0,0,1,0,0,0,0,0,0,0,0,0,0,0,0,0,E5,0,243,0,18,39,0,0,1,0,0,1,0,1,Lust/Sex,0,0,0,0,0,0,0,0,0,0
Exhale (Shoop Shoop),Whitney Houston,1995,1990,Funk/Soul,1995-11-25 00:00:00+00:00,1,0,3,6,3,4.0,2.0,Arista,BMG,Funk/Soul,Hip Hop;Funk/Soul,1.0,0,0,0,United States,32.0,0,0,1.0,Babyface,Babyface,1.0,0.0,0,0,Babyface,1.0,0.0,0.0,0.0,1,4/4,Db,Db,138.0,39.0,66.0,11.0,-9.0,40.0,0,1,0,0,1,0,0,0,0,0,0,1,0,0,0,0,0,0,0,0,0,0,0,0,0,E1,0,204,0,10,0,0,0,0,0,0,0,0,0,Calming Down,0,0,0,0,0,1,0,0,0,0
One Sweet Day,Mariah Carey & Boyz II Men,1995,1990,Pop,1995-12-02 00:00:00+00:00,16,0,5,6,10,7.0,3.333333333333333,Columbia,Sony,Pop,Electronic;Hip Hop,0.0,1,0,0,United States,31.6,2,0,1.0,Walter Afanasieff;Mariah Carey;Michael McCary;Nathan Morris;Wanya Morris;Shawn Stockman,Walter Afanasieff;Mariah Carey;Michael McCary;Nathan Morris;Wanya Morris;Shawn Stockman,2.0,2.0,1,0,Mariah Carey;Walter Afanasieff,2.0,2.0,1.0,0.0,1,4/4,Ab;B,Multiple Keys,128.0,50.0,57.0,30.0,-9.0,35.0,0,1,0,0,0,0,0,0,0,0,0,0,0,0,0,0,0,0,0,0,0,0,0,0,0,E1,0,281,0,25,20,0,0,0,0,0,0,0,0,Death;Faithfulness,0,0,0,0,0,0,0,0,0,0
Because You Loved Me,Céline Dion,1996,1990,Pop,1996-03-23 00:00:00+00:00,6,0,6,5,7,6.0,1.3333333333333333,550 Music,Sony,Pop,Pop,1.0,0,0,0,Canada,27.0,1,1,0.0,Diane Warren,Diane Warren,0.0,1.0,0,0,David Foster,1.0,1.0,0.0,0.0,0,4/4,Db;Eb&%,Db,120.0,47.0,62.0,18.0,-10.0,31.0,0,1,1,1,0,0,0,0,0,0,0,1,0,0,0,0,0,0,0,0,0,0,0,0,0,E1,0,274,0,13,0,0,0,0,0,0,0,0,0,Love,0,0,0,0,0,1,0,0,0,0
Always Be My Baby,Mariah Carey,1996,1990,Funk/Soul,1996-05-04 00:00:00+00:00,2,0,9,7,10,8.666666666666666,2.0,Columbia,Sony,Funk/Soul,Electronic;Funk/Soul,1.0,0,0,0,United States,27.0,0,0,1.0,Mariah Carey;Jermaine Dupri;Manuel Seal,Mariah Carey;Jermaine Dupri;Manuel Seal,2.0,0.0,1,0,Mariah Carey;Jermaine Dupri,2.0,0.0,1.0,0.0,1,4/4,E;F&%,E,79.0,53.0,65.0,49.0,-8.0,46.0,0,0,1,1,0,0,0,0,0,0,0,1,0,0,0,0,0,0,0,0,0,0,0,0,0,E1,0,258,0,60,49,0,0,1,0,0,0,0,0,Getting Back Together;Love;Lost Love,0,0,0,0,0,0,0,0,0,0
Tha Crossroads,Bone Thugs-N-Harmony,1996,1990,Hip Hop,1996-05-18 00:00:00+00:00,8,0,5,8,3,5.333333333333333,3.333333333333333,Ruthless,Ruthless,Hip Hop,Hip Hop,0.0,1,0,0,United States,21.0,1,0,1.0,Tony-C;Krayzie Bone;Layzie Bone;Bizzy Bone;DJ U-Neek;Charles Scruggs,Tony-C;Krayzie Bone;Layzie Bone;Bizzy Bone;DJ U-Neek;Charles Scruggs,1.0,0.0,1,0,DJ U-Neek,1.0,0.0,0.0,0.0,1,4/4,E,E,144.0,51.0,68.0,53.0,-7.0,9.0,0,0,0,1,0,0,0,0,0,0,0,0,0,0,0,0,0,0,0,0,0,0,0,0,0,C2,0,223,0,6,19,0,0,1,0,0,0,0,0,Death,0,0,1,0,0,0,0,0,0,0
How Do U Want It,2Pac ft. K-Ci & Jojo,1996,1990,Hip Hop,1996-07-13 00:00:00+00:00,2,0,7,8,2,5.666666666666667,4.0,Death Row,Death Row,Hip Hop,Hip Hop,1.5,1,0,0,United States,24.0,1,0,1.0,Bruce Fisher;Johnny Jackson;Quincy Jones;Stanley Richardson;Tupac Shakur;Leon Ware,Johnny Jackson;Tupac Shakur,1.0,0.0,1,0,Johnny Jackson,1.0,0.0,0.0,0.0,1,4/4,Bbm,Bbm,92.0,79.0,87.0,56.0,-4.0,2.0,0,1,1,0,0,0,0,0,0,0,0,0,0,0,0,0,0,0,0,0,0,0,0,0,0,C1,0,239,0,3,22,0,0,1,0,0,1,0,1,Lust/Sex;Bragging;Badassery,0,0,1,0,0,0,0,0,0,0
You're Makin' Me High,Toni Braxton,1996,1990,Funk/Soul,1996-07-27 00:00:00+00:00,1,0,5,6,5,5.333333333333333,0.6666666666666666,LaFace,BMG,Funk/Soul,Hip Hop;Funk/Soul,1.0,0,0,0,United States,28.0,0,0,1.0,Toni Braxton;Babyface;Bryce Wilson,Toni Braxton;Babyface;Bryce Wilson,2.0,0.0,1,0,Babyface;Bryce Wilson,1.0,0.0,0.0,0.0,1,4/4,Bbm,Bbm,92.0,63.0,85.0,86.0,-7.0,1.0,0,1,1,0,0,0,0,0,0,0,0,1,0,0,0,0,0,0,0,0,0,0,0,0,0,E3,0,246,0,42,31,0,0,1,0,0,0,0,0,Lust/Sex;Masturbation,0,0,1,0,0,0,0,0,0,0
Macarena (Bayside Boys Mix),Los del Río,1996,1990,Electronic/Dance,1996-08-03 00:00:00+00:00,14,0,5,5,5,5.0,0.0,RCA,BMG,Electronic/Dance;Latin,Electronic;Latin,0.0,1,0,0,Spain,48.0,1,0,0.0,Antonio Romero Monge;Rafael Ruiz,Antonio Romero Monge;Rafael Ruiz,1.0,0.0,1,1,Carlos De Yarza;Mike Triay;Antonio Romero Monge;Rafael Ruiz,1.0,0.0,1.0,0.0,1,4/4,Ab,Ab,103.0,93.0,74.0,96.0,-6.0,24.0,0,1,0,0,0,0,0,0,0,0,0,0,0,1,0,0,0,0,0,0,0,0,0,0,0,C1,0,251,0,100,37,0,0,0,0,1,1,0,1,Lust/Sex;Bad Relationships;Infidelity,0,1,0,1,0,0,0,1,0,0
No Diggity,BLACKstreet ft. Dr. Dre,1996,1990,Hip Hop,1996-11-09 00:00:00+00:00,4,0,7,8,7,7.333333333333333,0.6666666666666666,Interscope,Seagram,Hip Hop,Hip Hop,0.5,1,0,0,United States,29.0,2,0,1.0,Chauncey Hannibal;Teddy Riley;William Stewart;Dr. Dre;Richard Vick;Queen Penn;Bill Withers,Chauncey Hannibal;Teddy Riley;William Stewart;Dr. Dre;Richard Vick;Queen Penn,2.0,0.0,1,0,Teddy Riley;William Stewart,1.0,0.0,1.0,0.0,1,4/4,Gbm,Gbm,89.0,64.0,85.0,69.0,-5.0,42.0,0,0,0,1,0,0,0,0,0,0,0,0,0,0,1,0,0,0,0,0,0,0,0,0,0,E6V,1,306,0,0,22,1,0,0,0,0,1,0,1,Lust/Sex;Partying,0,0,1,0,0,0,0,0,0,0
Un-Break My Heart,Toni Braxton,1996,1990,Funk/Soul,1996-12-07 00:00:00+00:00,11,0,4,7,8,6.333333333333333,2.6666666666666665,LaFace,BMG,Funk/Soul,Funk/Soul;Pop,1.0,0,0,0,United States,29.0,0,0,1.0,Diane Warren,Diane Warren,0.0,1.0,0,0,David Foster,1.0,1.0,0.0,0.0,0,4/4,Bm;Dm,Multiple Keys,110.0,43.0,62.0,11.0,-8.0,41.0,0,0,1,0,1,0,0,0,0,0,0,0,0,0,0,0,0,0,0,0,0,0,0,0,0,C1,0,270,0,43,21,0,0,1,0,0,0,0,0,Lost Love;Longing for Love,0,0,0,0,0,0,0,0,0,0
Wannabe,Spice Girls,1997,1990,Pop,1997-02-22 00:00:00+00:00,4,0,9,6,8,7.666666666666667,2.0,Virgin,EMI,Pop,Electronic;Pop;Rock,0.0,1,0,0,United Kingdom,22.2,0,2,2.0,Matt Rowe;Richard Stannard;Melanie Brown;Melanie Chisholm;Emma Bunton;Geri Halliwell;Victoria Beckham,Matt Rowe;Richard Stannard;Melanie Brown;Melanie Chisholm;Emma Bunton;Geri Halliwell;Victoria Beckham,2.0,2.0,1,0,Richard Sannard;Matt Rowe,1.0,1.0,0.0,0.0,1,4/4,B,B,110.0,86.0,77.0,89.0,-6.0,10.0,0,0,0,1,1,0,0,0,0,0,0,0,0,0,0,0,0,0,0,0,0,0,0,0,0,C5V,1,173,0,13,4,0,0,0,0,0,1,0,1,Empowerment;Friendship;Love,0,0,0,0,0,0,0,0,0,0
Can't Nobody Hold Me Down,Puff Daddy ft. Mase,1997,1990,Hip Hop,1997-03-22 00:00:00+00:00,6,0,5,5,7,5.666666666666667,1.3333333333333333,Bad Boy,BMG,Hip Hop,Hip Hop,1.5,1,0,0,United States,27.0,1,0,1.0,Mase;Clifton Chase;Sean Puffy Combs;Edward Fletcher;Melle Mel;Stevie J.;Nashiem Myrick;Gregory Prestopino;Sylvia Robinson;Matthew Wilder,Mase;Sean Puffy Combs;Stevie J.;Nashiem Myrick,2.0,2.0,1,0,Carlos Broady;Nashiem Myrick;Sean Puffy Combs;Stevie J.,1.0,0.0,1.0,0.0,1,4/4,Gm,Gm,94.0,77.0,93.0,68.0,-6.0,10.0,0,0,0,0,0,0,0,0,0,0,0,0,0,0,0,0,0,0,0,0,0,0,0,0,0,C1,0,231,0,11,11,0,0,1,0,0,1,1,1,Bragging;Materialism;Badassery,0,0,1,0,0,0,0,0,0,0
Hypnotize,The Notorious B.I.G.,1997,1990,Hip Hop,1997-05-03 00:00:00+00:00,3,0,8,10,9,9.0,1.3333333333333333,Bad Boy,BMG,Hip Hop,Hip Hop,1.0,1,0,1,United States,24.0,1,0,1.0,Randy Badazz;Deric Angelettie;Andy Armer;Sean Puffy Combs;Ronald Lawrence;The Notorious B.I.G.,Deric Angelettie;Sean Puffy Combs;Ronald Lawrence;The Notorious B.I.G.,1.0,2.0,1,0,Deric Angelettie;Ronald Lawrence;Sean Puffy Combs,1.0,0.0,0.0,0.0,1,4/4,Em,Em,94.0,69.0,89.0,63.0,-4.0,18.0,0,1,0,0,0,0,0,0,0,0,0,0,0,0,0,0,0,0,0,0,0,0,0,0,0,C1,0,230,0,6,6,0,0,1,0,0,1,1,1,Bragging;Materialism;Badassery;Lust/Sex,0,0,1,0,0,0,0,0,0,0
MMMBop,Hanson,1997,1990,Pop,1997-05-24 00:00:00+00:00,3,0,7,5,5,5.666666666666667,1.3333333333333333,Mercury,Polygram,Pop,Rock,0.0,0,0,0,United States,14.0,1,1,0.0,Isaac Hanson;Taylor Hanson;Zac Hanson,Isaac Hanson;Taylor Hanson;Zac Hanson,1.0,1.0,1,1,E.Z. Mike;King Gizmo;Stephen Lironi,1.0,1.0,0.0,0.0,0,4/4,A,A,105.0,94.0,69.0,67.0,-7.0,0.0,0,0,1,0,0,0,0,0,0,0,0,0,0,0,0,0,0,0,0,0,0,0,0,0,0,C5,0,238,0,29,18,0,0,1,0,0,1,0,1,Lost Love;Time,0,0,0,0,0,0,0,0,0,0
I'll Be Missing You,"Puff Daddy, Faith Evans, & 112",1997,1990,Hip Hop,1997-06-14 00:00:00+00:00,11,0,7,6,7,6.666666666666667,0.6666666666666666,Bad Boy,BMG,Hip Hop,Hip Hop;Pop,0.0,1,0,0,United States,25.5,2,0,1.0,Sting;Todd Gaither;Faith Evans,Todd Gaither;Faith Evans,2.0,2.0,1,0,Sean Puffy Combs;Stevie J.,1.0,0.0,1.0,0.0,0,4/4,G,G,110.0,48.0,86.0,93.0,-9.0,5.0,0,0,1,0,0,0,0,0,0,0,0,0,0,0,0,0,0,0,0,0,0,0,0,0,0,C1,0,300,0,23,18,0,0,1,0,0,1,1,1,Death;Regret;Time,0,0,1,0,0,0,0,0,0,0
Mo Money Mo Problems,The Notorious B.I.G. ft. Puff Daddy & Mase,1997,1990,Hip Hop,1997-08-30 00:00:00+00:00,2,0,8,10,10,9.333333333333334,1.3333333333333333,Bad Boy,BMG,Hip Hop,Electronic;Hip Hop,1.5,1,0,1,United States,25.0,1,0,1.0,Mase;Sean Puffy Combs;Bernard Edwards;Stevie J.;Nile Rodgers;The Notorious B.I.G.,Mase;Sean Puffy Combs;Stevie J.;The Notorious B.I.G.,1.0,0.0,1,0,Sean Puffy Combs;Stevie J.,1.0,0.0,0.0,0.0,1,4/4,Dbm,Dbm,105.0,88.0,85.0,90.0,-5.0,1.0,1,0,1,0,0,0,0,0,0,0,0,0,0,0,0,0,0,0,0,0,0,0,0,0,0,C1,0,257,0,0,19,0,0,1,0,0,1,0,1,Bragging;Materialism;Badassery;Lust/Sex,0,0,1,0,0,0,0,0,0,0
Honey,Mariah Carey,1997,1990,Hip Hop,1997-09-13 00:00:00+00:00,3,0,4,7,10,7.0,4.0,Columbia,Sony,Hip Hop,Electronic;Hip Hop,1.0,1,0,0,United States,28.0,0,0,1.0,Mariah Carey;Sean Puffy Combs;Kool Moe Dee;Q-Tip;Stephen Hague;Stevie J.;Ronald Larkins;Malcolm McLaren;Larry Price;Bobby Robinson,Mariah Carey;Sean Puffy Combs;Q-Tip;Stevie J.,2.0,2.0,1,0,Sean Puffy Combs;Q-Tip;Stevie J.;Mariah Carey;Ali Shaheed Muhammad,2.0,0.0,1.0,0.0,1,4/4,Cm,Cm,96.0,82.0,69.0,68.0,-7.0,12.0,0,1,0,1,0,0,0,0,0,0,0,1,0,1,0,0,0,0,0,0,0,0,0,0,0,E4V,1,299,0,53,53,0,0,1,0,0,1,0,1,Lust/Sex,0,0,0,0,0,0,0,0,0,0
4 Seasons of Loneliness,Boyz II Men,1997,1990,Funk/Soul,1997-10-04 00:00:00+00:00,1,0,5,5,6,5.333333333333333,0.6666666666666666,Motown,Polygram,Funk/Soul,Hip Hop,0.0,1,0,0,United States,25.0,1,0,1.0,Jimmy Jam;Terry Lewis,Jimmy Jam;Terry Lewis,1.0,0.0,0,0,Jimmy Jam;Terry Lewis,1.0,0.0,0.0,0.0,1,4/4,Db,Db,98.0,49.0,58.0,19.0,-10.0,82.0,0,0,0,0,0,0,0,0,0,0,0,1,0,0,0,0,0,0,0,0,0,0,0,0,0,E3,0,292,0,36,36,0,0,0,0,0,0,0,0,Lost Love,0,0,0,0,0,0,0,0,0,0
Candle in the Wind 1997,Elton John,1997,1990,Pop,1997-10-11 00:00:00+00:00,14,0,5,8,6,6.333333333333333,2.0,Rocket,Polygram,Pop,Rock,1.0,0,0,0,United Kingdom,50.0,1,1,0.0,Elton John;Bernie Taupin,Elton John;Bernie Taupin,1.0,1.0,1,0,George Martin,1.0,1.0,0.0,0.0,0,4/4,E,E,126.0,31.0,45.0,37.0,-8.0,98.0,0,0,0,1,1,0,0,0,0,0,0,0,0,0,0,0,0,0,0,0,0,0,0,0,0,C1,0,250,0,35,8,0,0,0,0,0,0,0,0,Death,0,0,0,0,0,0,0,0,0,0
Truly Madly Deeply,Savage Garden,1998,1990,Funk/Soul,1998-01-17 00:00:00+00:00,2,0,4,2,7,4.333333333333333,3.333333333333333,Columbia,Sony,Funk/Soul,Electronic;Pop,2.0,0,0,0,Australia,25.0,1,1,0.0,Darren Hayes;Daniel Jones,Darren Hayes;Daniel Jones,1.0,1.0,1,1,Charles Fisher,1.0,1.0,0.0,0.0,0,4/4,C,C,168.0,70.0,56.0,82.0,-9.0,40.0,0,0,1,1,0,0,0,0,0,0,0,1,0,0,0,0,0,0,0,0,0,0,0,0,0,E1,0,277,0,60,16,0,0,1,0,0,0,0,0,Love,0,0,0,0,0,0,0,0,0,0
Together Again,Janet Jackson,1998,1990,Electronic/Dance,1998-01-31 00:00:00+00:00,2,0,7,7,8,7.333333333333333,0.6666666666666666,Virgin,EMI,Electronic/Dance,Electronic;Hip Hop,1.0,0,0,0,United States,31.0,0,0,1.0,Jimmy Jam;Terry Lewis;Janet Jackson,Jimmy Jam;Terry Lewis;Janet Jackson,2.0,0.0,1,0,"Jimmy Jam;Terry Lewis;Janet Jackson;Rene Elizondo, Jr.",2.0,1.0,1.0,0.0,1,Free;4/4,C,C,123.0,59.0,87.0,50.0,-9.0,8.0,0,1,0,0,0,0,0,0,0,0,0,0,0,0,0,0,0,0,0,0,0,0,0,0,0,C7,0,301,0,72,59,1,1,1,0,0,0,0,0,Hope;Faithfulness;Friendship,0,1,0,0,0,0,0,0,0,0
Nice & Slow,Usher,1998,1990,Funk/Soul,1998-02-14 00:00:00+00:00,2,0,5,5,8,6.0,2.0,LaFace,BMG,Funk/Soul,Hip Hop,1.0,0,0,0,United States,19.0,1,0,1.0,Brian Casey;Jermain Dupri;Usher;Manuel Seal,Brian Casey;Jermain Dupri;Usher;Manuel Seal,1.0,1.0,1,0,Jermaine Dupri,1.0,0.0,0.0,0.0,0,4/4,Fm,Fm,122.0,30.0,82.0,51.0,-12.0,15.0,0,0,1,1,0,0,0,0,0,0,0,0,0,0,0,0,0,0,0,0,0,0,0,0,0,C1,0,227,0,59,32,1,0,1,0,0,0,0,0,Lust/Sex,0,1,1,0,0,0,0,0,0,0
My Heart Will Go On,Céline Dion,1998,1990,Pop,1998-02-28 00:00:00+00:00,2,0,5,6,7,6.0,1.3333333333333333,550 Music,Sony,Pop,Pop,1.0,0,0,0,Canada,29.0,0,1,0.0,James Horner;Will Jennings,James Horner;Will Jennings,1.0,1.0,0,0,Walter Afanasieff;James Horner,1.0,1.0,0.0,0.0,1,4/4,E;Ab%,Multiple Keys,99.0,28.0,43.0,4.0,-12.0,73.0,0,0,0,0,1,1,0,0,0,0,0,0,0,0,0,0,0,0,0,0,0,0,0,0,0,C1,0,280,0,61,21,0,0,0,0,0,0,0,0,Love;Faithfulness;Death,0,0,0,0,0,1,0,0,0,0
Gettin' Jiggy wit It,Will Smith,1998,1990,Hip Hop,1998-03-14 00:00:00+00:00,3,0,5,4,7,5.333333333333333,2.0,Columbia,Sony,Hip Hop,Hip Hop,1.0,0,0,0,United States,29.0,1,0,1.0,James Alexander;Tone;Ben Cauley;Larry Dodson;Bernard Edwards;Willie Hall;Harvey Henderson;Dave Porter;Joe Robinson;Nile Rodgers;Will Smith;Winston Stewart,Tone;Joe Robinson;Will Smith,1.0,0.0,1,0,Poke;Tone,1.0,0.0,0.0,0.0,1,4/4,Gb,Gb,108.0,87.0,88.0,86.0,-5.0,2.0,0,1,1,0,0,0,0,0,0,0,0,0,0,0,0,0,0,0,0,0,0,0,0,0,0,C1,0,227,0,66,19,0,0,1,0,0,1,1,1,Bragging;Badassery;Dancing;Partying;Lust/Sex,0,0,0,0,0,0,0,0,0,0
All My Life,K-Ci & JoJo,1998,1990,Funk/Soul,1998-04-04 00:00:00+00:00,3,0,6,4,9,6.333333333333333,3.333333333333333,MCA,Seagram,Funk/Soul,Hip Hop,2.0,1,0,0,United States,27.0,1,0,1.0,JoJo Hailey;Rory Bennett,JoJo Hailey;Rory Bennett,1.0,0.0,1,0,JoJo Hailey;Rory Bennett,1.0,0.0,1.0,0.0,1,4/4,Db,Db,128.0,63.0,64.0,40.0,-6.0,6.0,0,0,1,0,1,0,0,0,0,0,0,1,0,0,0,0,0,0,0,0,0,0,0,0,0,E1,0,221,0,31,15,0,0,1,0,0,0,0,0,Longing for Love,0,0,0,0,0,0,0,0,0,0
Too Close,Next,1998,1990,Funk/Soul,1998-04-25 00:00:00+00:00,5,1,6,6,9,7.0,2.0,Arista,BMG,Funk/Soul,Hip Hop,1.0,1,0,0,United States,21.0,1,0,1.0,"Kay Gee;Darren Lightly;Robert Huggar;Raphael Brown;Robert Ford;Den Z-il ""D1"" Miller;James Moore;Kurtis Blow","Kay Gee;Darren Lightly;Robert Huggar;Raphael Brown;Robert Ford;Den Z-il ""D1"" Miller;James Moore",1.0,0.0,1,0,Kay Gee;Darren Lightly,1.0,0.0,0.0,0.0,1,4/4,D,D,100.0,40.0,85.0,75.0,-10.0,1.0,0,0,0,1,0,0,0,0,0,0,0,0,0,0,0,0,0,0,0,0,0,0,0,0,0,E3,0,259,0,0,24,1,0,1,0,0,0,1,1,Lust/Sex,0,1,1,0,0,0,0,0,0,0
My All,Mariah Carey,1998,1990,Pop,1998-05-23 00:00:00+00:00,1,0,4,6,8,6.0,2.6666666666666665,Columbia,Sony,Pop,Electronic;Hip Hop;Pop,1.0,0,0,0,United States,28.0,0,0,1.0,Mariah Carey;Walter Afanasieff,Mariah Carey;Walter Afanasieff,2.0,2.0,1,0,Mariah Carey;Walter Afanasieff,2.0,2.0,1.0,0.0,1,4/4,Gm,Gm,108.0,32.0,61.0,11.0,-10.0,73.0,0,0,1,0,0,0,0,0,0,0,0,1,0,0,0,0,0,0,0,0,0,0,0,0,0,C1,0,230,0,57,20,0,0,0,0,0,0,0,0,Lost Love,0,0,0,0,0,0,0,0,0,0
The Boy is Mine,Brandy & Monica,1998,1990,Funk/Soul,1998-06-06 00:00:00+00:00,13,0,7,5,10,7.333333333333333,3.333333333333333,Atlantic,TimeWarner,Funk/Soul,Hip Hop,2.0,1,0,0,United States,18.0,0,0,1.0,Rodney Jerkins;Brandy;LaShawn Daniels;Freddie Jerkins III;Japhe Tejeda,Rodney Jerkins;Brandy;LaShawn Daniels;Freddie Jerkins III;Japhe Tejeda,2.0,0.0,1,0,Rodney Jerkins;Dallas Austin;Brandy,2.0,0.0,1.0,0.0,1,4/4,Dbm,Dbm,93.0,67.0,69.0,69.0,-7.0,25.0,0,0,1,0,1,0,0,0,0,0,0,1,0,0,0,0,0,0,0,0,0,0,0,0,0,C1,0,240,0,13,32,1,0,0,0,0,0,0,0,Lust/Sex;Fighting,0,1,0,0,0,0,0,0,0,0
I Don't Want to Miss a Thing,Aerosmith,1998,1990,Rock,1998-09-05 00:00:00+00:00,4,1,7,3,6,5.333333333333333,2.6666666666666665,Columbia,Sony,Rock,Electronic;Rock,0.0,0,0,0,United States,50.0,1,1,0.0,Diane Warren,Diane Warren,0.0,1.0,0,0,Matt Serletic,1.0,1.0,0.0,0.0,0,4/4,D,D,121.0,66.0,38.0,14.0,-5.0,17.0,0,0,1,1,1,1,0,0,0,0,0,0,0,0,0,0,0,0,0,0,0,0,0,0,0,E1,0,298,0,70,30,0,0,1,0,0,0,0,0,Love,0,0,0,0,0,1,0,0,0,0
The First Night,Monica,1998,1990,Funk/Soul,1998-10-03 00:00:00+00:00,5,0,5,5,9,6.333333333333333,2.6666666666666665,Arista,BMG,Funk/Soul,Hip Hop;Funk/Soul,1.0,1,0,0,United States,17.0,0,0,1.0,Jermaine Dupri;Tamara Savage;Marilyn McLeod;Pam Sawyer,Jermaine Dupri;Tamara Savage,2.0,2.0,0,0,Jermaine Dupri,1.0,0.0,0.0,0.0,1,4/4,Ebm,Ebm,152.0,77.0,67.0,91.0,-9.0,14.0,0,1,0,0,1,0,0,0,0,0,0,0,0,0,0,0,0,0,0,0,0,0,0,0,0,E1,0,235,0,6,32,0,0,0,0,0,1,0,1,Lust/Sex;Restraint,0,0,0,0,0,0,0,0,0,0
One Week,Barenaked Ladies,1998,1990,Rock,1998-10-17 00:00:00+00:00,1,0,5,5,4,4.666666666666667,0.6666666666666666,Reprise,TimeWarner,Rock,Rock,0.0,0,0,0,Canada,27.0,1,1,0.0,Ed Robertson,Ed Robertson,1.0,1.0,1,1,Ed Robertson;Steven Page;Jim Creeggan;Kevin Hearn;Tyler Stewart;David Leonard;Susan Rogers,2.0,1.0,1.0,0.0,1,4/4,A,A,113.0,90.0,70.0,73.0,-6.0,1.0,0,0,1,0,0,0,0,0,0,0,0,0,0,0,0,0,0,0,0,0,0,0,0,0,0,C3,0,229,0,32,0,0,0,0,0,0,1,0,1,Fighting;Getting Back Together,0,0,0,0,0,0,0,0,0,0
Doo Wop (That Thing),Lauryn Hill,1998,1990,Funk/Soul,1998-11-14 00:00:00+00:00,2,0,9,10,8,9.0,1.3333333333333333,Ruffhouse,Sony,Funk/Soul,Hip Hop,1.0,0,0,0,United States,23.0,0,0,1.0,Lauryn Hill,Lauryn Hill,0.0,0.0,1,1,Lauryn Hill,0.0,0.0,1.0,1.0,1,4/4,Am,Am,100.0,56.0,80.0,63.0,-9.0,1.0,0,1,0,1,0,1,0,0,0,0,0,0,0,0,0,0,0,0,0,0,0,0,0,0,0,C1,0,240,0,0,29,0,0,1,0,0,1,0,1,Lust/Sex;Bad Relationships;Materialism,0,0,0,0,0,0,0,0,0,0
Lately,Divine,1998,1990,Funk/Soul,1998-11-28 00:00:00+00:00,1,0,6,6,4,5.333333333333333,1.3333333333333333,Pendulum,EMI,Funk/Soul,Funk/Soul,0.0,0,0,0,United States,,0,0,1.0,Will Baker;Christopher Kelly;Pete Woodruff,Will Baker;Christopher Kelly;Pete Woodruff,1.0,0.0,0,0,John Howcott;Donald Parks,1.0,0.0,0.0,0.0,0,4/4,A,A,,,,,,,0,0,1,0,0,0,0,0,0,0,0,0,0,1,0,0,0,0,0,0,0,0,0,0,0,C1,0,268,0,20,20,0,0,1,0,0,0,0,0,Lost Love,0,0,0,0,0,0,0,0,0,0
I'm Your Angel,R. Kelly & Céline Dion,1998,1990,Pop,1998-12-05 00:00:00+00:00,6,0,4,6,1,3.6666666666666665,3.333333333333333,Jive,Zomba,Pop,Pop,2.0,1,0,0,United States;Canada,30.5,2,2,2.0,R. Kelly,R. Kelly,1.0,1.0,1,1,R. Kelly,1.0,1.0,1.0,1.0,1,4/4,C;D&%,C,113.0,50.0,62.0,27.0,-7.0,67.0,0,0,1,0,1,0,0,0,0,0,0,0,0,0,0,0,0,0,0,0,0,0,0,0,0,E3,0,332,0,13,10,0,0,0,0,0,0,0,0,Love;Faithfulness,0,0,0,0,0,0,0,0,0,0
Have You Ever?,Brandy,1999,1990,Pop,1999-01-16 00:00:00+00:00,2,0,4,5,8,5.666666666666667,2.6666666666666665,Atlantic,TimeWarner,Pop,Funk/Soul,1.0,0,0,0,United States,19.0,0,0,1.0,Diane Warren,Diane Warren,0.0,1.0,0,0,David Foster,1.0,1.0,0.0,0.0,0,4/4,A,A,134.0,53.0,70.0,28.0,-6.0,54.0,0,0,0,1,0,0,0,0,0,0,0,0,0,0,0,0,0,0,0,0,0,0,0,0,0,E3,0,273,0,8,32,1,0,1,0,0,0,0,0,Love,0,0,0,0,0,0,0,0,0,0
…Baby One More Time,Britney Spears,1999,1990,Pop,1999-01-30 00:00:00+00:00,2,0,10,9,10,9.666666666666666,0.6666666666666666,Jive,Zomba,Pop,Pop,1.0,0,0,0,United States,17.0,0,1,0.0,Max Martin,Max Martin,1.0,1.0,0,0,Max Martin;Rami,1.0,1.0,0.0,0.0,1,4/4,Cm,Cm,93.0,70.0,76.0,91.0,-6.0,20.0,0,0,0,1,0,0,0,0,0,0,0,1,0,0,0,0,0,0,0,0,0,0,0,0,0,C3,0,211,0,21,12,0,0,0,0,0,0,0,0,Lost Love,0,0,1,0,0,0,0,0,0,0
Angel of Mine,Monica,1999,1990,Funk/Soul,1999-02-13 00:00:00+00:00,4,0,5,7,10,7.333333333333333,3.333333333333333,Arista,BMG,Funk/Soul,Funk/Soul,1.0,0,0,0,United States,18.0,0,0,1.0,Rhett Lawrence;Travon Potts,Rhett Lawrence;Travon Potts,1.0,2.0,0,0,Rodney Jerkins,1.0,0.0,0.0,0.0,0,4/4,Bbm,Bbm,90.0,56.0,51.0,21.0,-7.0,0.0,0,0,1,0,0,0,0,0,0,0,0,1,0,0,0,0,0,0,0,0,0,0,0,0,0,E7,0,250,0,22,22,0,0,0,0,1,0,0,1,Love,0,0,0,0,0,0,0,0,0,0
Believe,Cher,1999,1990,Electronic/Dance,1999-03-13 00:00:00+00:00,4,0,9,3,10,7.333333333333333,4.666666666666667,Warner Bros.,TimeWarner,Electronic/Dance,Electronic;Pop,1.0,0,0,0,United States,52.0,0,1,0.0,Brian Higgins;Stuart McLennen;Paul Barry;Steven Torch;Matthew Gray;Timothy Powell,Brian Higgins;Stuart McLennen;Paul Barry;Steven Torch;Matthew Gray;Timothy Powell,1.0,1.0,0,0,Mark Taylor;Brian Rawling,1.0,1.0,0.0,0.0,0,4/4,Gb,Gb,133.0,92.0,65.0,46.0,-7.0,1.0,0,0,0,1,0,0,0,0,0,0,0,0,0,0,0,0,0,0,0,0,0,0,0,0,0,E1,0,239,0,36,29,0,0,1,0,0,0,0,0,Lost Love;Empowerment,0,0,0,0,0,0,0,0,0,0
No Scrubs,TLC,1999,1990,Funk/Soul,1999-04-10 00:00:00+00:00,4,0,9,9,10,9.333333333333334,0.6666666666666666,LaFace,BMG,Funk/Soul,Hip Hop,0.0,0,0,0,United States,27.0,0,0,1.0,She'kspere;Kandi Burruss;Tameka Cottle;Lisa Lopes,She'kspere;Kandi Burruss;Tameka Cottle;Lisa Lopes,2.0,0.0,1,0,She'kspere,1.0,0.0,0.0,0.0,1,4/4,Abm,Abm,93.0,68.0,74.0,59.0,-4.0,3.0,0,0,1,0,0,0,0,0,0,0,0,0,0,0,0,0,0,0,0,0,0,0,0,0,0,E3,0,214,0,10,10,0,0,1,0,0,0,0,0,Bad Relationships;Empowerment,0,0,0,0,0,0,0,0,0,0
Livin' la Vida Loca,Ricky Martin,1999,1990,Pop,1999-05-08 00:00:00+00:00,5,0,8,4,10,7.333333333333333,4.0,Columbia,Sony,Pop,Electronic;Hip Hop;Pop,1.0,0,0,0,Puerto Rico,27.0,1,0,0.0,Desmond Child;Robi Rosa,Desmond Child;Robi Rosa,1.0,0.0,0,0,Desmond Child;Robi Rosa,1.0,0.0,0.0,0.0,1,4/4,Dbm,Dbm,89.0,95.0,43.0,93.0,-4.0,0.0,0,0,1,0,0,1,0,0,0,0,0,0,0,0,0,0,0,0,0,0,0,0,0,0,0,C3,0,243,0,65,11,0,0,0,0,0,0,0,0,Bad Relationships,0,0,0,1,0,0,0,0,0,0
If You Had My Love,Jennifer Lopez,1999,1990,Pop,1999-06-12 00:00:00+00:00,5,0,3,5,9,5.666666666666667,4.0,Work,Sony,Pop,Electronic;Hip Hop;Latin,1.0,0,0,0,United States,29.0,0,0,0.0,LaShawn Daniels;Freddie Jerkins III;Rodney Jerkins;Jennifer Lopez;Cory Rooney,LaShawn Daniels;Freddie Jerkins III;Rodney Jerkins;Jennifer Lopez;Cory Rooney,2.0,0.0,1,0,Rodney Jerkins,1.0,0.0,0.0,0.0,1,4/4,Bm,Bm,94.0,62.0,68.0,81.0,-7.0,6.0,0,0,1,0,1,0,0,0,0,0,0,1,0,0,0,0,0,0,0,0,0,0,0,0,0,C1,0,266,0,42,20,0,0,1,0,0,0,0,0,Love;Bad Relationships,0,0,0,0,0,0,0,0,0,0
"Bills, Bills, Bills",Destiny's Child,1999,1990,Funk/Soul,1999-07-17 00:00:00+00:00,1,0,8,6,10,8.0,2.6666666666666665,Columbia,Sony,Funk/Soul,Hip Hop;Funk/Soul,0.0,1,0,0,United States,17.0,0,0,1.0,She'kspere;Kandi Burruss;Beyonce;LeToya Luckett;Kelly Rowland,She'kspere;Kandi Burruss;Beyonce;LeToya Luckett;Kelly Rowland,2.0,0.0,1,0,She'kspere,1.0,0.0,0.0,0.0,1,4/4,Bm,Bm,128.0,58.0,85.0,46.0,-5.0,14.0,0,1,0,0,0,0,0,0,0,0,0,0,0,0,0,0,0,0,0,0,0,0,0,0,0,C3,0,256,0,15,15,0,0,0,0,0,0,0,0,Lost Love;Empowerment;Poverty,0,0,0,0,0,0,0,0,0,0
Wild Wild West,Will Smith ft. Dru Hill & Kool Moe Dee,1999,1990,Hip Hop,1999-07-24 00:00:00+00:00,1,0,4,4,7,5.0,2.0,Columbia,Sony,Hip Hop,Hip Hop,1.5,1,0,0,United States,30.0,1,0,1.0,George Clinton;Bootsy Collins;Kool Moe Dee;Robert Fusari;Gregory Jacobs;Walter Morrison;Will Smith;Stevie Wonder,Kool Moe Dee;Robert Fusari;Gregory Jacobs;Walter Morrison;Will Smith,1.0,2.0,1,0,Robert Fusari;Mark Wilson,1.0,1.0,0.0,0.0,1,4/4,Ebm,Ebm,107.0,67.0,85.0,62.0,-7.0,6.0,0,0,1,1,0,1,0,0,0,0,0,0,0,0,0,0,0,0,0,0,0,0,0,0,0,C1,0,245,0,10,10,0,0,0,0,0,1,1,1,Bragging;Lust/Sex;Murder,1,0,1,0,0,1,0,0,0,0
Genie in a Bottle,Christina Aguilera,1999,1990,Pop,1999-07-31 00:00:00+00:00,5,0,6,6,10,7.333333333333333,2.6666666666666665,RCA,BMG,Pop,Electronic;Pop,1.0,0,0,0,United States,18.0,0,1,0.0,David Frank;Steve Kipner;Pamela Sheyne,David Frank;Steve Kipner;Pamela Sheyne,2.0,1.0,0,0,David Frank;Steve Kipner,1.0,1.0,0.0,0.0,1,4/4,Fm,Fm,176.0,80.0,63.0,91.0,-7.0,21.0,0,0,0,1,0,0,0,0,0,0,0,0,0,0,0,0,0,0,0,0,0,0,0,0,0,C3,0,217,0,14,14,0,0,0,0,0,0,0,0,Lust/Sex,0,1,1,0,0,0,0,0,0,0
Bailamos,Enrique Iglesias,1999,1990,Pop,1999-09-04 00:00:00+00:00,2,0,4,3,8,5.0,3.333333333333333,Overlook,Overlook,Pop,Latin;Pop,1.0,0,0,0,Spain,24.0,1,1,0.0,Paul Barry;Mark Taylor,Paul Barry;Mark Taylor,1.0,1.0,0,0,Mark Taylor;Brian Rawling,1.0,1.0,0.0,0.0,1,4/4,Am,Am,100.0,89.0,63.0,59.0,-5.0,5.0,0,0,1,0,0,0,0,0,0,0,0,0,0,0,0,0,0,0,0,0,0,0,0,0,0,E1,0,214,0,54,23,0,0,0,0,0,0,0,0,Dancing,0,0,0,1,0,0,0,0,0,0
Unpretty,TLC,1999,1990,Pop,1999-09-18 00:00:00+00:00,3,0,6,8,6,6.666666666666667,1.3333333333333333,LaFace,BMG,Pop,Electronic;Hip Hop,0.0,1,0,0,United States,29.0,0,0,1.0,Dallas Austin;T-Boz,Dallas Austin;T-Boz,2.0,0.0,1,0,Dallas Austin,1.0,0.0,0.0,0.0,1,4/4,C,C,89.0,62.0,66.0,57.0,-6.0,0.0,0,0,1,0,0,0,0,0,0,0,0,0,0,0,0,0,0,0,0,0,0,0,0,0,0,C3,0,240,0,64,24,0,0,1,0,0,0,0,0,Pain;Bad Relationships,0,0,1,0,0,0,0,0,0,0
Heartbreaker,Mariah Carey ft. Jay-Z,1999,1990,Funk/Soul,1999-10-09 00:00:00+00:00,2,0,7,7,7,7.0,0.0,Columbia,Sony,Funk/Soul,Hip Hop,1.5,1,0,0,United States,30.0,0,0,1.0,Mariah Carey;Jay-Z;Shirley Elliston;Lincoln Chase;Narada Michael Walden;Jeffrey Cohen,Mariah Carey;Jay-Z,2.0,2.0,1,0,Mariah Carey;DJ Clue;Ken Ifill,2.0,0.0,1.0,0.0,1,4/4,C,C,100.0,82.0,52.0,79.0,-6.0,38.0,0,1,1,0,0,0,0,0,0,0,0,1,0,0,0,0,0,0,0,0,0,0,0,0,0,C3V,1,285,0,0,29,0,0,0,0,0,1,0,1,Lost Love,0,1,1,0,0,0,0,0,0,0
Smooth,Santana ft. Rob Thomas,1999,1990,Rock,1999-10-23 00:00:00+00:00,12,0,7,8,8,7.666666666666667,0.6666666666666666,Arista,BMG,Rock,Electronic,0.5,0,1,0,Mexico;United States,52.0,1,2,0.0,Itaal Shur;Rob Thomas,Itaal Shur;Rob Thomas,1.0,1.0,0,1,Matt Serletic,1.0,1.0,0.0,0.0,0,4/4,Am,Am,116.0,78.0,64.0,96.0,-9.0,18.0,0,0,1,0,0,1,0,0,0,0,0,0,0,0,0,0,0,0,0,0,0,0,0,0,0,C3,0,241,0,58,9,0,0,1,0,0,0,0,0,Lust/Sex,0,0,0,0,0,0,0,0,0,0
What a Girl Wants,Christina Aguilera,2000,2000,Pop,2000-01-15 00:00:00+00:00,2,0,7,7,9,7.666666666666667,1.3333333333333333,RCA,BMG,Pop,Pop,1.0,0,0,0,United States,19.0,0,1,0.0,Shelly Peiken;Guy Roche,Shelly Peiken;Guy Roche,2.0,1.0,0,0,Guy Roche,1.0,1.0,0.0,0.0,1,4/4,C,C,142.0,82.0,75.0,82.0,-7.0,7.0,0,1,0,0,1,0,0,0,0,0,0,1,0,0,0,0,0,0,0,0,0,0,0,0,0,E1,0,215,0,5,14,1,0,1,0,1,0,0,1,Love,0,0,0,0,0,0,0,0,0,0
I Knew I Loved You,Savage Garden,2000,2000,Pop,2000-01-29 00:00:00+00:00,4,1,6,2,7,5.0,3.333333333333333,Columbia,Sony,Pop,Pop,2.0,0,0,0,Australia,27.0,1,1,0.0,Daniel Jones;Darren Hayes,Daniel Jones;Darren Hayes,1.0,1.0,1,1,Daniel Jones;Darren Hayes;Walter Afanasieff,1.0,1.0,1.0,0.0,1,4/4,A;Bb&%,A,85.0,50.0,61.0,74.0,-10.0,32.0,0,0,1,0,0,0,0,0,0,0,0,1,0,0,0,0,0,0,0,0,0,0,0,0,0,E1,0,250,0,19,16,0,0,1,0,0,0,0,0,Love,0,0,0,0,0,0,0,0,0,0
Thank God I Found You,Mariah Carey ft. Joe & 98 Degrees,2000,2000,Pop,2000-02-19 00:00:00+00:00,1,0,4,5,6,5.0,1.3333333333333333,Columbia,Sony,Pop,Hip Hop;Pop,1.5,1,0,0,United States,28.0,2,2,2.0,Mariah Carey;Jimmy Jam;Terry Lewis,Mariah Carey;Jimmy Jam;Terry Lewis,2.0,0.0,1,0,Jimmy Jam;Terry Lewis;Mariah Carey,2.0,0.0,1.0,0.0,1,4/4,Bb;Db,Multiple Keys,129.0,53.0,35.0,15.0,-6.0,59.0,0,0,0,1,0,0,0,0,0,0,0,0,0,0,0,0,0,0,0,0,0,0,0,0,0,E1,0,257,0,38,15,0,0,0,0,0,0,0,0,Love,0,0,0,0,0,0,0,0,0,0
Amazed,Lonestar,2000,2000,Folk/Country,2000-03-04 00:00:00+00:00,2,0,4,4,6,4.666666666666667,1.3333333333333333,BNA,Sony,Folk/Country,Rock,0.0,0,0,0,United States,38.0,1,1,0.0,Marv Green;Chris Lindsey;Aimee Mayo,Marv Green;Chris Lindsey;Aimee Mayo,2.0,1.0,0,0,Dann Huff,1.0,1.0,0.0,0.0,0,4/4,Ab;B;Db,Multiple Keys,140.0,55.0,56.0,25.0,-8.0,25.0,0,0,1,0,1,0,0,0,0,0,0,0,0,0,0,0,0,0,0,0,0,0,0,0,0,C3,0,239,0,65,10,0,0,0,0,0,0,0,0,Love,0,0,0,0,0,0,0,0,0,0
Say My Name,Destiny's Child,2000,2000,Funk/Soul,2000-03-18 00:00:00+00:00,3,0,8,8,10,8.666666666666666,1.3333333333333333,Columbia,Sony,Funk/Soul,Hip Hop;Funk/Soul;Pop,0.0,1,0,0,United States,18.0,0,0,1.0,LaShawn Daniels;Freddie Jerkins III;Rodney Jerkins;Beyonce;LeToya Luckett;Latavia Roberson;Kelly Rowland,LaShawn Daniels;Freddie Jerkins III;Rodney Jerkins;Beyonce;LeToya Luckett;Latavia Roberson;Kelly Rowland,2.0,0.0,1,0,Rodney Jerkins,1.0,0.0,0.0,0.0,1,4/4,Fm,Fm,69.0,68.0,59.0,74.0,-3.0,29.0,0,0,1,0,1,0,0,0,0,0,0,1,0,0,0,0,0,0,0,0,0,0,0,0,0,C3,0,240,0,3,32,0,0,0,0,0,0,0,0,Infidelity;Bad Relationships,0,0,0,0,0,0,0,0,0,0
Maria Maria,Santana ft. The Product G&B,2000,2000,Funk/Soul,2000-04-08 00:00:00+00:00,10,0,7,7,10,8.0,2.0,Arista,BMG,Funk/Soul,Electronic;Rock,0.5,1,1,0,Mexico;United States,52.0,1,0,2.0,Jerry Duplessis;Wyclef Jean;David McRae;Marvin Moore-Hough;Karl Perazzo;Raul Rekow;Carlos Santana,Jerry Duplessis;Wyclef Jean;David McRae;Marvin Moore-Hough;Karl Perazzo;Raul Rekow;Carlos Santana,1.0,0.0,1,0,Wyclef Jean;Jerry Duplessis,1.0,0.0,0.0,0.0,1,4/4,Am,Am,98.0,60.0,78.0,68.0,-6.0,4.0,0,0,1,0,0,0,0,0,0,0,0,0,0,0,0,0,0,0,0,0,0,0,0,0,0,C5,0,261,0,67,19,1,0,1,0,0,0,1,1,Love;Playing Music,0,1,0,1,0,0,0,0,0,0
Try Again,Aaliyah,2000,2000,Hip Hop,2000-06-17 00:00:00+00:00,1,0,6,9,10,8.333333333333334,2.6666666666666665,Blackground,Blackground,Hip Hop,Electronic;Hip Hop;Stage & Screen,1.0,1,0,0,United States,21.0,0,0,1.0,Static Major;Timbaland,Static Major;Timbaland,1.0,0.0,0,0,Timbaland,1.0,0.0,0.0,0.0,1,4/4,Abm,Abm,93.0,65.0,79.0,74.0,-6.0,9.0,0,1,0,0,0,0,0,0,0,0,0,0,0,0,0,0,0,0,0,0,0,0,0,0,0,C1,0,287,0,20,20,0,0,1,0,0,0,1,1,Lust/Sex,0,0,0,0,0,1,0,0,0,0
Be with You,Enrique Iglesias,2000,2000,Electronic/Dance,2000-06-24 00:00:00+00:00,3,0,7,4,3,4.666666666666667,2.6666666666666665,Interscope,Vivendi,Electronic/Dance,Electronic,1.0,0,0,0,Spain,25.0,1,1,0.0,Enrique Iglesias;Paul Barry;Mark Taylor,Enrique Iglesias;Paul Barry;Mark Taylor,1.0,2.0,1,0,Mark Taylor;Brian Rawling,1.0,1.0,0.0,0.0,1,4/4,Dbm,Dbm,122.0,87.0,69.0,56.0,-5.0,4.0,0,0,1,1,0,0,0,0,0,0,0,1,0,0,0,0,0,0,0,0,0,0,0,0,0,C3,0,220,0,55,28,0,0,1,0,0,0,0,0,Longing for Love;Lost Love,0,0,0,0,0,0,0,0,0,0
Everything You Want,Vertical Horizon,2000,2000,Rock,2000-07-15 00:00:00+00:00,1,0,4,4,3,3.6666666666666665,0.6666666666666666,RCA,BMG,Rock,Rock,0.0,0,0,0,United States,30.0,1,1,0.0,Matthew Scannell,Matthew Scannell,1.0,1.0,1,1,Mark Endert;Ben Grosse,1.0,1.0,0.0,0.0,0,4/4,Ebm,Ebm,94.0,76.0,64.0,74.0,-6.0,5.0,0,0,1,0,0,0,0,0,0,0,0,0,0,0,0,0,0,0,0,0,0,0,0,0,0,E1,0,257,0,71,20,0,0,1,0,0,0,0,0,Lost Love;Bad Relationships;Restlessness,0,0,0,0,0,0,0,0,0,0
Bent,Matchbox Twenty,2000,2000,Rock,2000-07-22 00:00:00+00:00,1,0,5,5,3,4.333333333333333,1.3333333333333333,Lava,TimeWarner,Rock,Rock,0.0,0,0,0,United States,28.0,1,1,0.0,Rob Thomas,Rob Thomas,1.0,1.0,1,1,Matt Serletic,1.0,1.0,0.0,0.0,0,4/4,Gbm,Gbm,95.0,83.0,52.0,53.0,-7.0,4.0,0,0,1,0,0,0,0,0,0,0,0,0,0,0,0,0,0,0,0,0,0,0,0,0,0,C3,0,256,0,86,21,0,0,1,0,0,0,0,0,Pain;Bad Behavior;Restlessness,0,0,0,0,0,0,0,0,0,0
It's Gonna Be Me,NSYNC,2000,2000,Pop,2000-07-29 00:00:00+00:00,2,0,7,4,5,5.333333333333333,2.0,Jive,Zomba,Pop,Electronic;Pop,0.0,1,0,0,United States,19.0,1,1,0.0,Max Martin;Andreas Carlsson;Rami,Max Martin;Andreas Carlsson;Rami,1.0,2.0,0,0,Rami,1.0,1.0,0.0,0.0,1,4/4,Cm,Cm,165.0,87.0,64.0,91.0,-5.0,4.0,0,0,0,1,0,0,0,0,0,0,0,0,0,0,0,0,0,0,0,0,0,0,0,0,0,E1,0,192,0,29,13,0,0,0,0,0,0,0,0,Bad Relationships;Lost Love;Longing for Love,0,0,0,0,0,0,0,0,0,0
Incomplete,Sisqó,2000,2000,Funk/Soul,2000-08-12 00:00:00+00:00,2,0,3,5,5,4.333333333333333,1.3333333333333333,Dragon;Def Soul,Vivendi,Funk/Soul,Electronic,1.0,0,0,0,United States,21.0,1,0,1.0,"Montell Jordan;Anthony ""Shep"" Crawford;Kristin Hudson","Montell Jordan;Anthony ""Shep"" Crawford;Kristin Hudson",1.0,0.0,0,0,"Anthony ""Shep"" Crawford",1.0,0.0,0.0,0.0,1,4/4,B;C&%,B,119.0,44.0,75.0,27.0,-8.0,28.0,0,0,0,1,1,0,0,0,0,0,0,0,0,0,0,0,0,0,0,0,0,0,0,0,0,E1,0,274,0,17,17,0,0,0,0,0,0,0,0,Longing for Love,0,0,0,0,0,0,0,0,0,0
Doesn't Really Matter,Janet Jackson,2000,2000,Funk/Soul,2000-08-26 00:00:00+00:00,3,0,5,8,6,6.333333333333333,2.0,Def Jam;Def Soul,Vivendi,Funk/Soul,Electronic;Hip Hop,1.0,0,0,0,United States,34.0,0,0,1.0,Jimmy Jam;Terry Lewis;Janet Jackson,Jimmy Jam;Terry Lewis;Janet Jackson,2.0,0.0,1,0,Jimmy Jam;Terry Lewis;Janet Jackson,2.0,1.0,1.0,0.0,1,4/4,Fm;Gbm;Gm&%,Fm,99.0,80.0,77.0,80.0,-3.0,10.0,0,1,0,0,0,0,0,0,0,0,0,0,0,1,0,0,0,0,0,0,0,0,0,0,0,E3,0,297,0,22,22,0,0,0,0,0,0,0,0,Love;Appreciation;Respect,0,0,0,0,0,1,0,0,0,0
Music,Madonna,2000,2000,Electronic/Dance,2000-09-16 00:00:00+00:00,4,0,4,4,7,5.0,2.0,Maverick,TimeWarner,Electronic/Dance,Electronic;Pop,1.0,0,0,0,United States,42.0,0,1,0.0,Madonna;Mirwais Ahmadzaï,Madonna;Mirwais Ahmadzaï,2.0,2.0,1,0,Madonna;Mirwais Ahmadzaï,2.0,2.0,1.0,0.0,1,4/4,Gm,Gm,120.0,80.0,74.0,87.0,-9.0,0.0,0,0,0,0,0,0,0,0,0,0,0,0,0,0,0,0,0,0,0,0,0,0,0,0,0,C1,0,225,0,61,40,0,0,0,0,0,0,0,0,Dancing,0,1,0,0,0,0,0,0,0,0
Come On Over Baby (All I Want Is You),Christina Aguilera,2000,2000,Pop,2000-10-14 00:00:00+00:00,4,0,8,6,6,6.666666666666667,1.3333333333333333,RCA,BMG,Pop,Pop,1.0,0,0,0,United States,19.0,0,1,0.0,Johan Aberg;Christina Aguiliera;Chaka Blackmon;Raymond Cham;Eric Dawkins;Ron Fair;Shelly Peiken;Paul Rein;Guy Roche,Johan Aberg;Christina Aguiliera;Chaka Blackmon;Raymond Cham;Eric Dawkins;Ron Fair;Shelly Peiken;Paul Rein;Guy Roche,2.0,2.0,1,0,Aaron Zigman;Johan Aberg;Paul Rein,1.0,1.0,0.0,0.0,1,4/4,Eb,Eb,119.0,92.0,83.0,78.0,-3.0,23.0,0,1,0,1,1,1,0,0,0,0,0,1,0,1,0,0,0,0,0,0,0,0,0,0,0,E4,0,203,0,0,16,1,0,0,0,0,0,0,0,Lust/Sex,0,1,1,0,0,0,0,0,0,0
With Arms Wide Open,Christina Aguilera,2000,2000,Rock,2000-11-11 00:00:00+00:00,1,0,6,4,7,5.666666666666667,2.0,Wind-Up,Wind-Up,Rock,Rock,0.0,0,0,0,United States,27.0,1,1,0.0,Scott Stapp;Mark Tremonti,Scott Stapp;Mark Tremonti,1.0,1.0,1,1,John Kurzweg,1.0,1.0,0.0,0.0,0,4/4,C,C,139.0,54.0,51.0,14.0,-8.0,0.0,0,0,1,0,0,0,0,0,0,0,0,0,0,0,0,0,0,0,0,0,0,0,0,0,0,E1,0,273,0,60,17,0,0,0,0,0,0,0,0,Child Birth;Family;Redemption,0,0,0,0,0,0,0,0,0,0
"Independent Women, Part 1",Destiny's Child,2000,2000,Funk/Soul,2000-11-18 00:00:00+00:00,11,0,7,8,8,7.666666666666667,0.6666666666666666,Columbia,Sony,Funk/Soul,Electronic;Funk / Soul;Stage & Screen,0.0,1,0,0,United States,19.0,0,0,1.0,Tone;Beyonce;Poke;Cory Rooney,Tone;Beyonce;Poke;Cory Rooney,2.0,0.0,1,0,Tone;Beyonce;Poke;Cory Rooney,2.0,0.0,1.0,0.0,1,4/4,Gbm,Gbm,98.0,59.0,67.0,93.0,-4.0,35.0,0,0,0,0,1,0,0,0,0,0,0,0,0,0,0,0,0,0,0,0,0,0,0,0,0,E4,0,216,0,12,19,1,0,0,0,0,0,0,0,Empowerment;Bragging;Badassery,0,1,0,0,0,1,0,0,0,0
It Wasn't Me,"Shaggy ft. Ricardo ""RikRok"" Ducent",2001,2000,Hip Hop,2001-02-03 00:00:00+00:00,2,0,5,6,8,6.333333333333333,2.0,MCA,Vivendi,Hip Hop,Hip Hop;Reggae;Pop,1.5,1,0,0,Jamaica,33.0,1,0,1.0,Thomas Allen;Harold Brown;Shaggy;Morris Dickerson;Rickardo Ducent;LeRoy Jordan;Charles Miller;Lee Oskar;Shaun Pizzonia;Howard Scott;Brian Thompson,Shaggy;Rickardo Ducent;Shaun Pizzonia;Brian Thompson,1.0,2.0,1,0,Shaun Pizzonia,1.0,0.0,0.0,0.0,1,4/4,C,C,95.0,61.0,85.0,65.0,-5.0,6.0,0,0,1,0,1,0,0,0,0,0,0,0,0,0,0,0,0,0,0,0,0,0,0,0,0,C1,0,227,0,23,20,0,0,1,0,0,1,0,1,Infidelity,0,0,1,0,0,0,0,0,0,0
Ms. Jackson,Outkast,2001,2000,Hip Hop,2001-02-17 00:00:00+00:00,1,0,9,10,7,8.666666666666666,2.0,LaFace,BMG,Hip Hop,Hip Hop,2.0,1,0,0,United States,25.5,1,0,1.0,André 3000;Big Boi;Mr. DJ,André 3000;Big Boi;Mr. DJ,1.0,0.0,1,0,André 3000;Big Boi;Mr. DJ,1.0,0.0,1.0,0.0,1,4/4,Am,Am,95.0,83.0,83.0,68.0,-4.0,19.0,0,1,0,1,0,0,0,0,0,0,0,1,0,0,0,0,0,0,0,0,0,0,0,0,0,C1,0,238,0,10,23,0,0,1,0,0,0,0,0,Lost Love;Bad Relationships,0,1,1,0,0,0,0,0,0,0
Stutter,Joe ft. Mystikal,2001,2000,Hip Hop,2001-02-24 00:00:00+00:00,4,0,4,3,6,4.333333333333333,2.0,Jive,Zomba,Hip Hop,Hip Hop;Funk/Soul,1.5,1,0,0,United States,27.0,1,0,1.0,John Boone;Ernest Dixon;Roy Hamilton III;Tre Vandt Hardson;John Martinez;Romye Robinson;John Sebastian;Mark Sebastian;Derrick Stewart;Emandu Wilcox,Ernest Dixon;Roy Hamilton III,1.0,2.0,0,0,Teddy Riley;Allen Gordon;Roy Hamilton III,1.0,0.0,0.0,0.0,1,4/4,Bbm,Bbm,90.0,76.0,77.0,68.0,-7.0,5.0,0,1,0,0,1,0,0,0,0,0,0,0,0,0,0,0,0,0,0,0,0,0,0,0,0,C1V,1,213,0,0,16,0,0,0,0,0,1,0,1,Infidelity;Bad Relationships,0,0,1,0,0,0,0,0,0,0
Butterfly,Crazy Town,2001,2000,Hip Hop,2001-03-24 00:00:00+00:00,2,1,5,6,7,6.0,1.3333333333333333,Columbia,Sony,Hip Hop,Rock,0.0,1,0,0,United States,28.0,1,1,0.0,Shifty Shellshock;Flea;John Frusciante;Anthony Kiedis;Epic Mazur;Chad Smith,Shifty Shellshock;Epic Mazur,1.0,1.0,1,0,Josh Abraham;Bret Mazur,1.0,1.0,1.0,0.0,0,4/4,Am,Am,104.0,73.0,73.0,68.0,-8.0,1.0,0,0,1,0,0,0,0,0,0,0,0,0,0,0,0,0,0,0,0,0,0,0,0,0,0,C1,0,215,0,21,10,0,0,1,0,0,1,0,1,Lust/Sex,0,0,1,0,0,0,0,0,0,0
Angel,Shaggy ft. Rayvon,2001,2000,Reggae,2001-03-31 00:00:00+00:00,1,0,6,7,7,6.666666666666667,0.6666666666666666,MCA Album Cut,Vivendi,Reggae,Hip Hop,1.5,1,0,0,Jamaica;Barbados,33.0,1,0,1.0,Eddie Curtis;Ahmet Ertegün;Steve Miller;Chip Taylor,,1.0,2.0,0,0,Shaun Pizzonia,1.0,0.0,0.0,0.0,0,4/4,Gb,Gb,85.0,68.0,80.0,82.0,-6.0,13.0,0,0,1,0,0,0,0,0,0,0,0,0,0,0,0,0,0,0,0,0,0,0,0,0,0,C1,0,235,0,8,24,0,0,0,0,0,1,1,1,Love;Longing for Love;Appreciation,0,0,1,0,0,0,0,0,0,0
All for You,Janet Jackson,2001,2000,Funk/Soul,2001-04-14 00:00:00+00:00,7,0,7,6,8,7.0,1.3333333333333333,Virgin,EMI,Funk/Soul,Electronic;Hip Hop,1.0,0,0,0,United States,34.0,0,0,1.0,Wayne Garfield;Jimmy Jam;Janet Jackson;Terry Lewis;Mauro Malavasi;David Romani,Jimmy Jam;Janet Jackson;Terry Lewis,2.0,2.0,1,0,Jimmy Jam;Terry Lewis;Janet Jackson,1.0,2.0,1.0,0.0,1,4/4,G,G,114.0,88.0,77.0,78.0,-5.0,1.0,0,1,1,0,0,0,0,0,0,0,0,1,0,0,0,0,0,0,0,0,0,0,0,0,0,E3,0,272,0,27,44,1,0,0,0,0,1,0,1,Lust/Sex,0,0,1,0,0,0,0,0,0,0
Lady Marmalade,"Christina Aguilera, Lil' Kim, Mýa, & Pink",2001,2000,Funk/Soul,2001-06-02 00:00:00+00:00,5,0,5,7,7,6.333333333333333,1.3333333333333333,Interscope,Vivendi,Funk/Soul,Electronic;Hip Hop;Pop;Stage & Screen,0.0,1,0,0,United States,21.75,0,2,2.0,Bob Crewe;Kenny Nolan,Bob Crewe;Kenny Nolan,1.0,1.0,0,0,Missy Elliot;Rockwilder,2.0,0.0,0.0,0.0,0,4/4,Dm,Dm,110.0,80.0,76.0,65.0,-4.0,1.0,0,1,0,0,0,0,0,0,0,0,0,0,0,0,0,0,0,0,0,0,0,0,0,0,0,E1V,1,264,0,3,13,0,0,0,0,1,0,0,1,Lust/Sex,0,0,1,1,0,0,0,0,1,0
U Remind Me,Usher,2001,2000,Funk/Soul,2001-07-07 00:00:00+00:00,4,0,4,4,9,5.666666666666667,3.333333333333333,Arista,BMG,Funk/Soul,Hip Hop,1.0,0,0,0,United States,22.0,1,0,1.0,Edmund Clement;Anita Clement,Edmund Clement;Anita Clement,2.0,0.0,0,0,Edmund Clement;Jimmy Jam;Terry Lewis,1.0,0.0,0.0,0.0,1,4/4,Gb,Gb,94.0,63.0,66.0,73.0,-5.0,19.0,0,0,0,1,0,0,0,0,0,0,0,0,0,0,0,0,0,0,0,0,0,0,0,0,0,E1,0,266,0,0,11,0,0,0,0,0,1,0,1,Bad Relationships;Longing for Love;Lost Love;Infidelity,0,1,1,0,0,0,0,0,0,0
Bootylicious,Destiny's Child,2001,2000,Funk/Soul,2001-08-04 00:00:00+00:00,2,0,5,5,7,5.666666666666667,1.3333333333333333,Columbia,Sony,Funk/Soul,Electronic;Hip Hop,0.0,1,0,0,United States,19.0,0,0,1.0,Robert Fusari;Beyonce;Falonte Moore;Stevie Nicks,Robert Fusari;Beyonce;Falonte Moore,2.0,2.0,1,0,Beyonce;Robert Fusari;Falonte Moore,2.0,2.0,1.0,0.0,1,4/4,Ebm,Ebm,103.0,84.0,84.0,64.0,-4.0,0.0,0,0,1,0,0,0,0,0,0,0,0,0,0,0,0,0,0,0,0,0,0,0,0,0,0,E1,0,207,0,10,19,1,0,0,0,0,1,0,1,Lust/Sex;Empowerment,0,0,1,0,0,0,0,0,0,0
Fallin',Alicia Keys,2001,2000,Funk/Soul,2001-08-18 00:00:00+00:00,6,1,8,7,8,7.666666666666667,0.6666666666666666,J,J,Funk/Soul,Hip Hop;Latin;Pop,1.0,0,0,0,United States,20.0,0,0,1.0,Alicia Keys,Alicia Keys,0.0,0.0,1,1,Alicia Keys,0.0,0.0,1.0,1.0,1,12/8,Em,Em,96.0,61.0,65.0,48.0,-8.0,26.0,0,0,0,1,1,0,0,0,0,0,0,0,0,0,0,0,0,0,0,0,0,0,0,0,0,E1,0,195,0,24,17,1,1,0,0,0,0,0,0,Love;Bad Relationships,0,0,0,0,0,0,0,0,0,0
I'm Real (Murder Remix),Jennifer Lopez ft. Ja Rule,2001,2000,Funk/Soul,2001-09-08 00:00:00+00:00,5,1,3,4,9,5.333333333333333,4.0,Epic,Sony,Funk/Soul,Electronic;Hip Hop;Funk/Soul,1.5,1,0,0,United States,28.5,2,0,2.0,Ja Rule;Seven Aurelius;James Johnson;Irving Gotti;Cory Rooney,Ja Rule;Seven Aurelius;James Johnson;Irving Gotti;Cory Rooney,1.0,0.0,1,0,Seven Aurelius;Irving Gotti;Cory Rooney;Troy Oliver,1.0,0.0,0.0,0.0,1,4/4,Bm,Bm,83.0,59.0,71.0,55.0,-8.0,27.0,0,1,0,0,1,1,0,0,0,0,0,0,0,0,0,0,0,0,0,0,0,0,0,0,0,C3,0,266,0,43,25,1,0,1,0,0,1,0,1,Lust/Sex,0,0,1,0,0,0,0,0,0,0
Family Affair,Mary J. Blige,2001,2000,Hip Hop,2001-11-03 00:00:00+00:00,6,0,8,8,7,7.666666666666667,0.6666666666666666,MCA,Vivendi,Hip Hop,Hip Hop,1.0,0,0,0,United States,30.0,0,0,1.0,Mary J. Blige;Mel-Man;Michael Elizondo;Camara Kambon;Luchana Lodge;Bruce Miller;Paula Miller;Dr. Dre,Mary J. Blige;Mel-Man;Michael Elizondo;Camara Kambon;Luchana Lodge;Bruce Miller;Paula Miller;Dr. Dre,2.0,0.0,1,0,Dr. Dre,1.0,0.0,0.0,0.0,1,4/4,Abm,Abm,93.0,56.0,93.0,98.0,-2.0,15.0,0,1,0,0,1,0,0,0,0,0,0,0,0,0,0,0,0,0,0,0,0,0,0,0,0,E1,0,244,0,21,21,0,0,1,0,0,0,0,0,Partying;Dancing,0,0,1,0,0,0,0,0,0,0
U Got It Bad,Usher,2001,2000,Funk/Soul,2001-12-15 00:00:00+00:00,6,0,6,5,8,6.333333333333333,2.0,Arista,BMG,Funk/Soul,Hip Hop;Pop,1.0,0,0,0,United States,23.0,1,0,1.0,Usher;Jermaine Dupri;Bryan-Michael Cox,Usher;Jermaine Dupri;Bryan-Michael Cox,1.0,0.0,1,0,Jermaine Dupri,1.0,0.0,0.0,0.0,1,4/4,Db,Db,124.0,50.0,82.0,65.0,-5.0,2.0,0,1,1,0,0,0,0,0,0,0,0,1,0,0,0,0,0,0,0,0,0,0,0,0,0,C3,0,247,0,61,31,0,0,1,0,0,0,0,0,Lost Love,0,0,1,0,0,0,0,0,0,0
How You Remind Me,Nickelback,2001,2000,Rock,2001-12-22 00:00:00+00:00,4,0,6,5,8,6.333333333333333,2.0,Roadrunner,Vivendi,Rock,Rock,0.0,0,0,0,Canada,27.0,1,1,0.0,Chad Kroeger;Michael Kroeger;Ryan Peake;Ryan Vikedal,Chad Kroeger;Michael Kroeger;Ryan Peake;Ryan Vikedal,1.0,1.0,1,1,Rick Parashar;Chad Kroeger;Michael Kroeger;Ryan Vikedal;Ryan Peake,1.0,0.0,1.0,0.0,1,4/4,Gm,Gm,172.0,76.0,45.0,54.0,-5.0,0.0,0,0,1,0,0,0,0,0,0,0,0,0,0,0,0,0,0,0,0,0,0,0,0,0,0,C4,0,223,0,23,0,0,0,1,0,0,0,0,0,Lost Love,0,0,1,0,0,0,0,0,0,0
Always on Time,Ja Rule ft. Ashanti,2002,2000,Hip Hop,2002-02-23 00:00:00+00:00,2,0,6,5,8,6.333333333333333,2.0,Murder Inc;Def Jam,Vivendi,Hip Hop,Hip Hop,1.5,1,0,0,United States,23.0,2,0,1.0,Ja Rule;Seven Aurelius;Irving Gotti,Ja Rule;Seven Aurelius;Irving Gotti,1.0,0.0,1,0,Irving Gotti,1.0,0.0,0.0,0.0,1,4/4,Cm,Cm,97.0,71.0,84.0,84.0,-6.0,21.0,0,0,1,0,1,0,0,0,0,0,0,0,0,0,0,0,0,0,0,0,0,0,0,0,0,C1,0,245,0,2,22,1,0,0,0,0,0,0,0,Lust/Sex,0,0,1,0,0,0,0,0,0,0
Ain't it Funny (Murder Remix),Jennifer Lopez ft. Ja Rule & Caddillac Tah,2002,2000,Hip Hop,2002-03-09 00:00:00+00:00,6,0,4,4,6,4.666666666666667,1.3333333333333333,Epic,Sony,Hip Hop,Electronic;Latin;Pop,1.5,1,0,0,United States,29.0,2,0,2.0,Jennifer Lopez;Cory Rooney;Irving Gotti;Seven Aurelius;Ja Rule;Caddillac Tah;Easy Mo Bee;Craig Mack,Jennifer Lopez;Cory Rooney;Irving Gotti;Seven Aurelius;Ja Rule;Caddillac Tah,2.0,0.0,1,0,Seven Aurelius;Irving Gotti;Cory Rooney;Dan Shea,1.0,0.0,0.0,0.0,1,4/4,Gm,Gm,89.0,74.0,78.0,79.0,-3.0,38.0,0,0,0,0,1,0,0,0,0,0,0,0,0,0,0,0,0,0,0,0,0,0,0,0,0,E1V,1,231,0,34,29,1,0,1,0,0,1,0,1,Lost Love;Empowerment,0,0,1,0,0,0,0,0,0,0
Foolish,Ashanti,2002,2000,Funk/Soul,2002-04-20 00:00:00+00:00,10,0,6,7,6,6.333333333333333,0.6666666666666666,Murder Inc;Def Jam,Vivendi,Funk/Soul,Funk/Soul,1.0,0,0,0,United States,21.0,0,0,1.0,Seven Aurelius;Mark DeBarge;Ashanti;Bunny DeBarge;Irving Gotti,Seven Aurelius;Ashanti;Irving Gotti,2.0,0.0,1,0,Seven Aurelius;Irving Gotti,1.0,0.0,0.0,0.0,1,4/4,C,C,90.0,70.0,67.0,71.0,-6.0,35.0,0,1,0,1,0,0,0,0,0,0,0,1,0,0,0,0,0,0,0,0,0,0,0,0,0,C1,0,227,0,34,12,1,0,1,0,0,1,0,1,Bad Relationships,0,0,1,0,0,0,0,0,0,0
Hot in Herre,Nelly,2002,2000,Hip Hop,2002-06-29 00:00:00+00:00,7,0,9,8,8,8.333333333333334,0.6666666666666666,Fo' Reel,Vivendi,Hip Hop,Hip Hop,1.0,1,0,0,United States,27.0,1,0,1.0,Charles Brown;Nelly;Pharrell Williams,Nelly;Pharrell Williams,1.0,0.0,1,0,Pharrell Williams;Chad Hugo,1.0,0.0,0.0,0.0,1,4/4,Em,Em,107.0,75.0,96.0,91.0,-5.0,21.0,0,1,1,1,0,0,0,0,0,0,0,0,0,0,0,0,0,0,0,0,0,0,0,0,0,E1,0,228,0,14,29,1,0,0,0,0,0,1,1,Lust/Sex,0,0,1,0,0,0,0,0,0,0
Dilemma,Nelly ft. Kelly Rowland,2002,2000,Funk/Soul,2002-08-17 00:00:00+00:00,10,1,6,6,8,6.666666666666667,1.3333333333333333,Fo' Reel,Vivendi,Funk/Soul,Electronic;Hip Hop;Funk/Soul,1.5,1,0,0,United States,24.0,2,0,1.0,Kenny Gamble;Nelly;Antoine Macon;Bunny Sigler,Nelly;Antoine Macon,1.0,0.0,1,0,BAM;Ryan Bowser,1.0,0.0,0.0,0.0,0,4/4,F,F,168.0,55.0,73.0,61.0,-8.0,23.0,0,1,0,1,1,0,0,0,0,0,0,0,0,0,0,0,0,0,0,0,0,0,0,0,0,E1,0,289,0,18,45,1,0,1,0,0,1,0,1,Infidelity;Lust/Sex,0,0,1,0,0,0,0,0,0,0
A Moment Like This,Kelly Clarkson,2002,2000,Pop,2002-10-05 00:00:00+00:00,2,0,7,6,5,6.0,1.3333333333333333,RCA,BMG,Pop,Pop,1.0,0,0,0,United States,20.0,0,1,0.0,Jörgen Elofsson;John Reid,Jörgen Elofsson;John Reid,1.0,1.0,0,0,Stephen Ferrera;Steve Mac,1.0,1.0,0.0,0.0,0,4/4,Gb;Ab;Bb&,Multiple Keys,145.0,57.0,41.0,16.0,-4.0,16.0,0,0,1,0,1,0,0,0,0,0,0,0,0,0,0,0,0,0,0,0,0,0,0,0,0,E1,0,228,0,13,8,0,0,0,0,0,0,0,0,Love;Dreaming,0,0,0,0,0,0,0,0,0,0
Lose Yourself,Eminem,2002,2000,Hip Hop,2002-11-09 00:00:00+00:00,12,0,10,10,10,10.0,0.0,Shady,Vivendi,Hip Hop,Hip Hop,1.0,0,0,0,United States,30.0,1,1,0.0,Jeff Bass;Eminem;Luis Resto,Jeff Bass;Eminem;Luis Resto,1.0,2.0,1,0,Eminem;Jeff Bass,1.0,1.0,1.0,0.0,1,4/4,Dm,Dm,171.0,74.0,69.0,6.0,-5.0,1.0,0,0,1,1,1,0,0,0,0,0,0,0,0,0,0,0,0,0,0,0,0,0,0,0,0,C3,0,321,0,68,53,1,0,1,0,0,0,0,0,Dreaming;Doubt;Redemption;Survival,0,1,1,0,0,1,0,0,0,0
"Bump, Bump, Bump",B2K ft. P. Diddy,2003,2000,Hip Hop,2003-02-01 00:00:00+00:00,1,0,4,3,5,4.0,1.3333333333333333,T.U.G.,Vivendi,Hip Hop,Hip Hop,0.5,1,0,0,United States,25.5,1,0,1.0,R. Kelly;Varick Smith,R. Kelly;Varick Smith,1.0,0.0,0,0,R. Kelly;Sean Puffy Combs,1.0,0.0,1.0,0.0,1,4/4,Dbm,Dbm,95.0,68.0,83.0,89.0,-6.0,10.0,0,0,1,0,1,0,0,0,0,0,0,0,0,0,0,0,0,0,0,0,0,0,0,0,0,C1V,1,282,0,0,20,0,0,1,0,0,0,1,1,Lust/Sex,0,1,1,0,0,0,0,0,0,0
All I Have,Jennifer Lopez ft. LL Cool J,2003,2000,Funk/Soul,2003-02-08 00:00:00+00:00,4,0,4,6,5,5.0,1.3333333333333333,Epic,Sony,Funk/Soul,Electronic;Hip Hop,1.5,1,0,0,United States,33.5,2,0,,Ron G;William Jeffery;Jennifer Lopez;David McPherson;Lisa Peters;Curtis Richardson;Makeba Riddick;LL Cool J,Ron G;Jennifer Lopez;David McPherson;Curtis Richardson;Makeba Riddick;LL Cool J,2.0,2.0,1,0,Ron G;Cory Rooney;David McPherson,1.0,2.0,0.0,0.0,1,4/4,Db,C,83.0,67.0,70.0,47.0,-5.0,27.0,0,1,0,0,0,0,0,0,0,0,0,1,0,0,0,0,0,0,0,0,0,0,0,0,0,C3,0,254,0,18,32,1,0,0,0,0,1,0,1,Lost Love,0,1,1,0,0,0,0,0,0,0
In da Club,50 Cent,2003,2000,Hip Hop,2003-03-08 00:00:00+00:00,9,0,9,9,10,9.333333333333334,0.6666666666666666,Shady;Aftermath,Vivendi,Hip Hop,Hip Hop,1.0,0,0,0,United States,27.0,1,0,1.0,Chris Braide;Gary Burr;Aldo Nova,50 Cent;Dr. Dre;Michael Elizondo,1.0,0.0,1,0,Dr. Dre;Michael Elizondo,1.0,0.0,0.0,0.0,1,4/4,Gbm,Gbm,90.0,72.0,90.0,81.0,-3.0,26.0,0,1,0,0,1,1,0,0,0,0,0,0,0,1,0,0,0,0,0,0,0,0,0,0,0,E1,0,193,0,17,15,1,0,1,0,0,0,0,0,Partying;Bragging;Lust/Sex,0,1,1,0,0,0,0,0,0,0
Get Busy,Sean Paul,2003,2000,Reggae,2003-05-10 00:00:00+00:00,3,0,6,6,8,6.666666666666667,1.3333333333333333,VP;Atlantic,TimeWarner,Reggae,Reggae,1.0,0,0,0,Jamaica,30.0,1,0,,Sean Paul;Steven Mardsen,Sean Paul;Steven Mardsen,1.0,0.0,1,0,Steven Mardsen,1.0,0.0,0.0,0.0,1,4/4,Fm,Fm,100.0,82.0,74.0,73.0,-4.0,62.0,0,1,0,0,0,0,0,0,0,0,0,0,0,1,0,0,0,0,0,0,0,0,0,0,0,E1,0,211,0,0,10,0,0,1,0,0,1,0,1,Lust/Sex;Dancing,0,0,1,0,0,0,0,0,0,0
21 Questions,50 Cent ft. Nate Dogg,2003,2000,Hip Hop,2003-05-31 00:00:00+00:00,4,0,6,9,9,8.0,2.0,Shady;Aftermath,Vivendi,Hip Hop,Hip Hop,1.5,1,0,0,United States,30.0,1,0,1.0,Jimmie Cameron;Vella Cameron;50 Cent,50 Cent,2.0,0.0,1,0,Bruce Waynne;Dirty Swift,1.0,2.0,0.0,0.0,0,4/4,Gbm,Gbm,90.0,81.0,58.0,91.0,-4.0,35.0,0,0,1,0,0,0,0,0,0,0,0,0,0,0,0,0,0,0,0,0,0,0,0,0,0,E1,0,224,0,30,17,1,0,1,0,0,1,0,1,Love;Faithfulness,0,1,1,0,0,0,0,0,0,0
This is the Night,Clay Aiken,2003,2000,Pop,2003-06-28 00:00:00+00:00,2,0,3,4,1,2.6666666666666665,2.0,RCA,BMG,Pop,Pop,1.0,0,0,0,United States,24.0,1,1,0.0,Chris Braide;Gary Burr;Aldo Nova,Chris Braide;Gary Burr;Aldo Nova,1.0,1.0,0,0,Steve Mac,1.0,1.0,0.0,0.0,0,4/4,E;Gb&%,E,99.0,56.0,53.0,37.0,-8.0,15.0,0,0,0,1,1,0,0,0,0,0,0,1,0,0,0,0,0,0,0,0,0,0,0,0,0,E1,0,212,0,13,9,0,0,0,0,0,0,0,0,Love,0,0,0,0,0,0,0,0,0,0
Crazy in Love,Beyoncé ft. Jay-Z,2003,2000,Funk/Soul,2003-07-12 00:00:00+00:00,8,0,9,10,7,8.666666666666666,2.0,Columbia,Sony,Funk/Soul,Hip Hop,1.5,1,0,0,United States,27.0,2,0,,Jay-Z;Richard Harrison;Beyonce;Eugene Record,Jay-Z;Richard Harrison;Beyonce,2.0,0.0,1,0,Beyonce;Richard Harrison,2.0,0.0,1.0,0.0,1,4/4,Dm,Dm,99.0,77.0,65.0,68.0,-7.0,0.0,0,1,0,0,0,1,0,0,0,0,0,0,0,0,0,0,0,0,0,0,0,0,0,0,0,E1V,1,236,0,2,30,1,0,0,0,0,1,0,1,Bad Relationships,0,1,0,0,0,0,0,0,0,0
Shake Ya Tailfeather,"Nelly, P. Diddy, & Murphy Lee",2003,2000,Hip Hop,2003-09-06 00:00:00+00:00,4,0,5,2,8,5.0,4.0,Bad Boy,BMG,Hip Hop,Hip Hop,0.0,1,0,0,United States,30.5,1,0,,"Jayson ""Koko"" Bridges;Murphy Lee;Nelly;Varick Smith","Jayson ""Koko"" Bridges;Murphy Lee;Nelly;Varick Smith",1.0,0.0,1,0,"Nelly;Jason ""Koko"" Bridges",1.0,0.0,1.0,0.0,1,Free;4/4,Fm,Fm,88.0,71.0,78.0,90.0,-7.0,13.0,1,1,1,0,0,1,0,0,0,0,0,0,0,0,0,0,0,0,0,0,0,0,0,0,0,E1,0,295,0,5,36,0,0,1,0,0,0,1,1,Lust/Sex;Dancing,0,0,1,0,0,1,0,0,0,0
Baby Boy,Beyoncé ft. Sean Paul,2003,2000,Hip Hop,2003-10-04 00:00:00+00:00,9,0,6,5,6,5.666666666666667,0.6666666666666666,Columbia,Sony,Hip Hop;Reggae,Hip Hop;Pop,1.5,1,0,0,United States;Jamaica,26.0,2,0,,Jay-Z;Sean Paul;Ini Kamoze;Beyonce;Scott Storch;Robert Waller,Jay-Z;Sean Paul;Ini Kamoze;Beyonce;Scott Storch;Robert Waller,2.0,2.0,1,0,Scott Storch;Beyonce,2.0,1.0,1.0,0.0,1,4/4,Cm,Cm,91.0,49.0,66.0,79.0,-9.0,8.0,0,1,0,0,1,1,0,0,0,0,0,0,0,1,0,0,0,0,0,0,0,1,0,0,0,E1V,1,244,0,13,21,0,0,0,0,0,0,0,0,Lust/Sex,0,0,0,0,0,0,0,0,0,0
Stand Up,Ludacris ft. Shawnna,2003,2000,Hip Hop,2003-12-06 00:00:00+00:00,1,0,4,5,8,5.666666666666667,2.6666666666666665,Def Jam South;DTP,Vivendi,Hip Hop,Hip Hop,1.5,1,0,0,United States,25.5,2,0,1.0,Ludacris;Kanye West,Ludacris;Kanye West,1.0,0.0,1,0,Ludacris;Kanye West,1.0,0.0,1.0,0.0,1,4/4,Ebm,Ebm,99.0,84.0,75.0,80.0,-5.0,37.0,0,1,0,0,1,0,0,0,0,0,0,0,0,0,0,0,0,0,0,0,0,0,0,0,0,C1,0,213,0,0,11,1,0,0,0,0,0,0,0,Lust/Sex;Bragging;Dancing,0,0,1,0,0,0,0,0,0,0
Hey Ya!,Outkast,2003,2000,Funk/Soul,2003-12-13 00:00:00+00:00,9,0,10,10,8,9.333333333333334,1.3333333333333333,Arista,BMG,Funk/Soul,Electronic;Hip Hop,2.0,0,0,0,United States,28.0,1,0,1.0,André 3000,André 3000,1.0,0.0,1,1,André 3000;Cutmaster Swiff,1.0,0.0,1.0,0.0,1,4/4;2/4,Em,Em,80.0,97.0,73.0,97.0,-2.0,10.0,0,1,1,0,0,0,0,0,0,0,0,1,0,1,0,0,0,0,0,0,0,0,0,0,0,E1,0,235,0,8,1,0,0,1,0,0,0,0,0,Longing for Love;Restlessness,0,1,1,0,0,0,0,0,0,0
The Way You Move,Outkast ft. Sleepy Brown,2004,2000,Funk/Soul,2004-02-14 00:00:00+00:00,1,0,7,8,9,8.0,1.3333333333333333,Arista,BMG,Funk/Soul,Hip Hop,2.5,1,0,0,United States,28.5,1,0,1.0,Big Boi;Carl-Mo;Sleep Brown,Big Boi;Carl-Mo;Sleep Brown,1.0,0.0,1,0,Big Boi;Carl-Mo,1.0,0.0,1.0,0.0,1,4/4,Fm,Fm,126.0,60.0,87.0,64.0,-5.0,13.0,0,1,0,0,0,1,0,0,0,0,0,1,0,0,0,0,0,0,0,0,0,0,0,0,0,E1,0,234,0,17,17,0,0,1,0,0,0,0,0,Lust/Sex;Dancing,0,0,1,0,0,0,0,0,0,0
Slow Jamz,Twista ft. Kanye West & Jamie Foxx,2004,2000,Funk/Soul,2004-02-21 00:00:00+00:00,1,0,7,8,7,7.333333333333333,0.6666666666666666,Atlantic,Warner Bros.,Funk/Soul,Hip Hop,1.5,1,0,0,United States,30.666666666666668,1,0,1.0,Twista;Kanye West;Burt Bacharach;Hal David,Twista;Kanye West,1.0,2.0,1,0,Kanye West,1.0,0.0,1.0,1.0,1,4/4,Dm,Dm,145.0,76.0,56.0,60.0,-7.0,37.0,1,1,0,1,0,0,0,0,0,0,0,0,0,0,0,0,0,0,0,0,0,0,0,0,0,C1,0,212,0,0,6,0,0,1,0,0,1,0,1,Lust/Sex,0,1,1,0,0,0,0,0,0,0
Yeah!,Usher ft. Lil Jon & Ludacris,2004,2000,Hip Hop,2004-02-28 00:00:00+00:00,12,0,9,9,10,9.333333333333334,0.6666666666666666,Arista,BMG,Hip Hop,Hip Hop;Funk/Soul,1.5,1,0,0,United States,45.5,1,0,1.0,Ludacris;LRoc;Lil Jon;LaMarquis Jefferson;J.Que;Sean Garrett,Ludacris;LRoc;Lil Jon;LaMarquis Jefferson;J.Que;Sean Garrett,1.0,0.0,1,0,Lil Jon,1.0,0.0,1.0,1.0,1,4/4,Gm,Gm,105.0,79.0,89.0,58.0,-5.0,2.0,0,1,0,0,0,0,0,0,0,0,0,1,0,0,0,1,0,0,0,0,0,0,0,0,0,C1V,0,250,0,20,19,0,0,0,0,0,0,1,1,Lust/Sex;Dancing,1,0,1,0,0,0,0,0,0,0
Burn,Usher,2004,2000,Funk/Soul,2004-05-22 00:00:00+00:00,8,1,7,7,8,7.333333333333333,0.6666666666666666,Arista,BMG,Funk/Soul,Electronic;Hip Hop,1.0,0,0,0,United States,25.0,1,0,1.0,Usher;Jermaine Dupri;Bryan-Michael Cox,Usher;Jermaine Dupri;Bryan-Michael Cox,1.0,0.0,1,0,Jermaine Dupri;Bryan-Michael Cox,1.0,0.0,0.0,0.0,1,4/4,Db,Db,120.0,48.0,80.0,69.0,-7.0,31.0,0,0,0,1,0,0,0,0,0,0,0,1,0,0,0,0,0,0,0,0,0,0,0,0,0,C1,0,256,0,41,36,1,0,1,0,0,0,0,0,Lost Love;Longing for Love,0,1,0,0,0,0,0,0,0,0
I Believe,Fantasia,2004,2000,Pop,2004-07-10 00:00:00+00:00,1,0,4,4,8,5.333333333333333,2.6666666666666665,J;19;Syco,BMG,Pop,Funk/Soul,1.0,0,0,0,United States,20.0,0,0,1.0,Louis Biancaniello;Tamyra Gray;Sam Watters,Louis Biancaniello;Tamyra Gray;Sam Watters,2.0,2.0,0,0,Louis Biancaniello;Sam Watters,1.0,1.0,0.0,0.0,1,4/4,Ab,Ab,134.0,45.0,53.0,13.0,-9.0,0.0,0,0,0,1,1,0,0,0,0,0,0,0,0,0,0,0,0,0,0,0,0,0,0,0,0,E3,0,300,0,21,15,0,0,1,0,0,0,0,0,Love;Dreaming,0,0,0,0,0,0,0,0,0,0
Confession Part II,Usher,2004,2000,Funk/Soul,2004-07-24 00:00:00+00:00,2,0,5,8,8,7.0,2.0,Arista,BMG,Funk/Soul,Funk/Soul,1.0,0,0,0,United States,25.0,1,0,1.0,Usher;Jermaine Dupri;Bryan-Michael Cox,Usher;Jermaine Dupri;Bryan-Michael Cox,1.0,0.0,1,0,Jermaine Dupri;Bryan-Michael Cox,1.0,0.0,0.0,0.0,1,4/4,Ab,Ab,138.0,47.0,85.0,70.0,-8.0,6.0,0,0,1,1,0,0,0,0,0,0,0,1,0,0,0,0,0,0,0,0,0,0,0,0,0,E1,0,211,0,16,13,0,0,1,0,0,0,0,0,Infidelity,1,1,0,0,0,0,0,0,0,0
Slow Motion,Juvenile ft. Soulja Slim,2004,2000,Hip Hop,2004-08-07 00:00:00+00:00,2,0,3,6,7,5.333333333333333,2.6666666666666665,Cash Money,Vivendi,Hip Hop,Hip Hop,1.5,1,0,1,United States,27.5,1,0,1.0,Juvenile,Juvenile,1.0,0.0,1,1,Dani Kartel,1.0,0.0,0.0,0.0,0,4/4,Cm,Cm,173.0,73.0,71.0,89.0,-5.0,55.0,0,0,1,0,0,1,0,0,0,0,0,0,0,0,0,0,0,0,0,0,0,0,0,0,0,C1,0,248,0,0,32,0,0,0,0,0,0,0,0,Lust/Sex,0,0,1,0,0,0,0,0,0,0
Lean Back,Terror Squad,2004,2000,Hip Hop,2004-08-21 00:00:00+00:00,3,0,6,5,8,6.333333333333333,2.0,SRC;Universal;Island,Vivendi,Hip Hop,Hip Hop,0.0,1,0,0,United States,34.0,2,0,,Fat Joe;Remy Ma;Scott Storch,Fat Joe;Remy Ma;Scott Storch,2.0,2.0,1,0,Scott Storch,1.0,1.0,0.0,0.0,1,4/4,Dbm,Dbm,95.0,92.0,78.0,70.0,-3.0,11.0,0,1,0,0,0,0,0,0,0,0,0,0,0,0,0,0,0,0,0,0,0,0,0,0,0,C1,0,247,0,20,30,1,0,0,0,0,0,1,1,Dancing;Violence;Bragging,0,1,1,0,0,0,0,1,0,0
Goodies,Ciara ft. Petey Pablo,2004,2000,Hip Hop,2004-09-11 00:00:00+00:00,7,0,3,6,8,5.666666666666667,3.333333333333333,LaFace;Sho'nuff,Sony,Hip Hop,Hip Hop;Funk/Soul,1.5,1,0,0,United States,24.5,2,0,1.0,Petey Pablo;Sean Garrett;Ciara;LaMarquis Jefferson;Craig Love;Lil Jon;Zachary Wallace,Petey Pablo;Sean Garrett;Ciara;LaMarquis Jefferson;Craig Love;Lil Jon;Zachary Wallace,2.0,0.0,1,0,Lil Jon,1.0,0.0,0.0,0.0,1,4/4,Fm,Fm,102.0,65.0,83.0,87.0,-6.0,3.0,0,1,0,0,0,0,0,0,0,0,0,1,0,0,0,0,0,0,0,0,0,0,0,0,0,C1,0,223,0,20,6,1,0,0,0,0,0,0,0,Lust/Sex,0,0,1,0,0,0,0,0,0,0
My Boo,Usher & Alicia Keys,2004,2000,Funk/Soul,2004-10-30 00:00:00+00:00,6,0,6,5,8,6.333333333333333,2.0,LaFace,Sony,Funk/Soul,Hip Hop,2.0,1,0,0,United States,24.5,2,0,1.0,Usher;Alicia Keys;Jermaine Dupri;Adonis Shropshire;Manuel Seal,Usher;Alicia Keys;Jermaine Dupri;Adonis Shropshire;Manuel Seal,2.0,0.0,1,0,Jermain Dupri;Manuel Seal,1.0,0.0,0.0,0.0,1,4/4,F,F,86.0,51.0,66.0,68.0,-8.0,26.0,0,1,0,1,0,0,0,0,0,0,0,1,0,0,0,0,0,0,0,0,0,0,0,0,0,E1V,1,223,0,0,35,0,0,1,0,0,1,0,1,Love;Longing for Love,0,0,0,0,0,0,0,0,0,0
Drop It Like It's Hot,Snoop Dogg ft. Pharrell Williams,2004,2000,Hip Hop,2004-12-11 00:00:00+00:00,3,0,8,8,10,8.666666666666666,1.3333333333333333,Geffen,Vivendi,Hip Hop,Hip Hop,1.5,1,0,0,United States,32.0,1,0,1.0,Snoop Dogg;Pharrell Williams;Chad Hugo,Snoop Dogg;Pharrell Williams;Chad Hugo,1.0,0.0,1,0,Pharrell Williams;Chad Hugo,1.0,0.0,1.0,0.0,1,4/4,Dbm,Dbm,92.0,55.0,91.0,63.0,-5.0,17.0,0,1,0,0,0,0,0,0,0,0,0,0,0,0,0,0,0,0,0,0,0,0,0,0,0,C1,0,269,0,40,23,0,0,1,0,0,0,0,0,Partying;Dancing;Bragging;Badssery,0,0,1,0,0,0,0,0,0,0
Let Me Love You,Mario,2005,2000,Funk/Soul,2005-01-01 00:00:00+00:00,9,0,5,5,8,6.0,2.0,J,Sony,Funk/Soul,Electronic;Hip Hop,1.0,0,0,0,United States,18.0,1,0,,Ne-Yo;Kameron Houff;Scott Storch,Ne-Yo;Kameron Houff;Scott Storch,1.0,2.0,0,0,Scott Storch,1.0,1.0,0.0,0.0,1,4/4,Gm,Gm,95.0,58.0,66.0,56.0,-9.0,24.0,0,0,0,1,0,0,0,0,0,0,0,1,0,0,0,0,0,0,0,0,0,0,0,0,0,E3,0,256,0,10,22,0,0,1,0,0,0,0,0,Infidelity;Bad Relationships;Longing for Love,0,0,0,0,0,0,0,0,0,0
Candy Shop,50 Cent ft. Olivia,2005,2000,Hip Hop,2005-03-05 00:00:00+00:00,9,0,7,8,9,8.0,1.3333333333333333,Shady;Aftermath,Vivendi,Hip Hop,Hip Hop,1.5,1,0,0,United States,27.5,2,0,,50 Cent;Olivia Longott;Scott Storch,50 Cent;Olivia Longott;Scott Storch,2.0,2.0,1,0,Scott Storch,1.0,1.0,0.0,0.0,1,4/4,Bm,Bm,125.0,57.0,61.0,76.0,-8.0,3.0,0,1,0,0,0,1,0,0,0,0,0,0,0,0,0,0,0,0,0,0,0,0,0,0,0,E1,0,219,0,36,14,0,0,1,0,0,1,1,1,Lust/Sex,0,0,1,0,0,0,0,0,0,0
Hollaback Girl,Gwen Stefani,2005,2000,Hip Hop,2005-05-07 00:00:00+00:00,4,0,6,9,9,8.0,2.0,Interscope,Vivendi,Hip Hop,Hip Hop;Funk/Soul;Pop,1.0,0,0,0,United States,35.0,0,1,0.0,Gwen Stefani;Pharrell Williams,Gwen Stefani;Pharrell Williams,2.0,2.0,1,0,Pharrell Williams;Chad Hugo,1.0,0.0,0.0,0.0,1,4/4,B,B,110.0,92.0,93.0,90.0,-2.0,35.0,0,1,0,0,0,1,0,0,0,0,0,0,0,0,0,0,0,0,0,0,0,0,0,0,0,E5,0,199,0,0,6,0,0,0,0,0,0,1,1,Bragging;Badassery,0,0,1,0,0,0,0,0,0,0
We Belong Together,Mariah Carey,2005,2000,Funk/Soul,2005-06-04 00:00:00+00:00,14,1,7,7,8,7.333333333333333,0.6666666666666666,Island Def Jam,Vivendi,Funk/Soul,Electronic;Hip Hop,1.0,0,0,0,United States,36.0,0,0,1.0,Johntá Austin;Stanley Bristol;Mariah Carey;Babyface;Sidney Johnson;Jermaine Dupri;Patrick Moten;Manuel Seal;Sandra Sully;Bobby Womack,Johntá Austin;Stanley Bristol;Mariah Carey;Jermaine Dupri;Manuel Seal,2.0,0.0,1,0,Mariah Carey;Jermaine Dupri;Manuel Seal,2.0,0.0,1.0,0.0,1,4/4,C,C,140.0,46.0,84.0,76.0,-8.0,3.0,0,0,0,1,0,0,0,0,0,0,0,0,0,0,0,0,0,0,0,0,0,0,0,0,0,C4,0,201,0,10,21,0,0,1,0,0,0,1,1,Lost Love;Longing for Love,1,0,1,0,0,0,0,0,0,0
Inside Your Heaven,Carrie Underwood,2005,2000,Pop,2005-07-02 00:00:00+00:00,1,0,4,5,6,5.0,1.3333333333333333,Arista;19;Syco,Sony,Pop,"Rock;Pop;Folk, World, & Country",1.0,0,0,0,United States,22.0,0,1,0.0,Andreas Carlsson;Pelle Nylén;Savan Kotecha,Andreas Carlsson;Pelle Nylén;Savan Kotecha,1.0,2.0,0,0,Desmond Child,1.0,0.0,0.0,0.0,0,4/4,G,G,135.0,56.0,38.0,14.0,-5.0,11.0,0,0,1,1,0,0,0,0,0,0,0,0,0,0,0,0,0,0,0,0,0,0,0,0,0,E1,0,225,0,19,14,0,0,1,0,0,0,0,0,Longing for Love,0,0,0,0,0,0,0,0,0,0
Gold Digger,Kanye West ft. Jamie Foxx,2005,2000,Hip Hop,2005-09-17 00:00:00+00:00,10,0,9,10,10,9.666666666666666,0.6666666666666666,Roc-A-Fella,Vivendi,Hip Hop,Hip Hop,1.5,1,0,0,United States,32.5,1,0,1.0,Kanye West;Ray Charles;Richard Renald,Kanye West,1.0,0.0,1,0,Kanye West;Jon Brion,1.0,2.0,1.0,0.0,1,Free;4/4,Abm,Abm,93.0,70.0,63.0,62.0,-6.0,2.0,0,0,0,1,0,0,0,0,0,0,0,0,0,0,0,0,0,0,0,0,0,0,0,0,0,C1,0,197,0,4,17,1,1,0,0,0,1,1,1,Materialism;Bad Relationships,0,0,1,0,0,0,0,0,0,0
Run It!,Chris Brown ft. Juelz Santana,2005,2000,Hip Hop,2005-11-26 00:00:00+00:00,5,0,6,4,9,6.333333333333333,3.333333333333333,Jive,Sony,Hip Hop,Hip Hop,1.5,1,0,0,United States,19.5,1,0,,Scott Storch;Sean Garrett,Scott Storch;Sean Garrett,1.0,2.0,0,0,Scott Storch,1.0,1.0,0.0,0.0,1,4/4,Dbm,Dbm,101.0,48.0,85.0,21.0,-7.0,2.0,0,0,0,1,0,0,0,0,0,0,0,0,0,0,0,0,0,0,0,0,0,0,0,0,0,E3V,1,229,0,11,19,1,0,0,0,0,0,1,1,Dancing;Lust/Sex,0,0,1,0,0,0,0,0,0,0
Don't Forget About Us,Mariah Carey,2005,2000,Funk/Soul,2005-12-31 00:00:00+00:00,2,0,7,5,5,5.666666666666667,1.3333333333333333,Island Def Jam,Vivendi,Funk/Soul,Electronic;Hip Hop,1.0,0,0,0,United States,36.0,0,0,1.0,Mariah Carey;Jermaine Dupri;Johntá Austin;Bryan-Michael Cox,Mariah Carey;Jermaine Dupri;Johntá Austin;Bryan-Michael Cox,2.0,0.0,1,0,Mariah Carey;Jermaine Dupri;Bryan-Michael Cox,2.0,0.0,1.0,0.0,1,4/4,Gm,Gm,144.0,54.0,70.0,43.0,-7.0,5.0,0,0,0,1,0,0,0,0,0,0,0,1,0,0,0,0,0,0,0,0,0,0,0,0,0,E1,0,233,0,0,17,0,0,0,0,0,0,0,0,Lost Love,0,0,0,0,0,0,0,0,0,0
Laffy Taffy,D4L,2006,2000,Hip Hop,2006-01-14 00:00:00+00:00,1,0,1,7,7,5.0,4.0,Atlantic,Warner Bros.,Hip Hop,Hip Hop,0.0,1,0,0,United States,29.0,1,0,,Dennis Butler;Larry Johnson;Michael Johnson;Adrian Parks;Richard Sims;Broderick Thompson-Smith;Cory Way;Lefabian Williams,Dennis Butler;Larry Johnson;Michael Johnson;Adrian Parks;Richard Sims;Broderick Thompson-Smith;Cory Way;Lefabian Williams,1.0,0.0,1,0,K-Rab,1.0,0.0,0.0,0.0,0,4/4,Gm,Gm,77.0,44.0,89.0,62.0,-8.0,4.0,0,0,0,0,0,0,0,0,0,0,0,0,0,1,0,0,0,0,0,0,0,0,0,0,0,C1,0,224,0,6,24,0,0,0,0,0,0,1,1,Lust/Sex;Dancing,0,0,1,0,0,0,0,0,0,0
Grillz,"Nelly ft. Paul Wall, Ali & Gipp",2006,2000,Hip Hop,2006-01-21 00:00:00+00:00,2,0,6,3,8,5.666666666666667,3.333333333333333,Derrty Entertainment,Vivendi,Hip Hop,Hip Hop,1.5,1,0,0,United States,29.75,1,2,2.0,Lil Wayne;Jermain Dupri;Big Gipp;Sean Garrett;T.I.;Richard Harrison;Nelly;Ali;Beyonce;LRoc;Kelly Rowland;Paul Wall;Michelle Williams,Jermain Dupri;Big Gipp;Nelly;Ali;LRoc;Paul Wall,2.0,2.0,1,0,Jermain Dupri;LRoc,1.0,0.0,0.0,0.0,1,Free;4/4,Gbm,Gbm,83.0,50.0,87.0,84.0,-8.0,4.0,0,0,0,0,1,0,0,0,0,0,0,0,0,0,0,0,0,0,0,0,0,0,0,0,0,E1,0,271,0,19,26,1,0,0,0,0,0,1,1,Bragging;Badassery;Jewelry,0,1,1,0,0,0,0,0,0,0
Check on It,Beyoncé ft. Bun B & Slim Thug,2006,2000,Hip Hop,2006-02-04 00:00:00+00:00,5,0,4,9,9,7.333333333333333,3.333333333333333,Columbia,Sony,Hip Hop,Hip Hop,1.5,1,0,0,United States,27.0,2,0,,Angela Beyince;Swizz Beatz;Sean Garrett;Beyonce;Slim Thug,Angela Beyince;Swizz Beatz;Sean Garrett;Beyonce;Slim Thug,2.0,0.0,1,0,Swizz Beatz;Beyonce,2.0,0.0,1.0,0.0,1,4/4,D,D,166.0,80.0,71.0,86.0,-7.0,7.0,0,1,0,0,0,0,0,0,0,0,0,0,0,0,0,0,0,0,0,0,0,0,0,0,0,C1V,1,210,0,18,17,1,0,0,0,0,0,0,0,Dancing;Lust/Sex,0,0,0,0,0,1,0,0,0,0
You're Beautiful,James Blunt,2006,2000,Rock,2006-03-11 00:00:00+00:00,1,0,6,4,6,5.333333333333333,1.3333333333333333,Custard,Warner Bros.,Rock,Rock;Pop,1.0,0,0,0,United Kingdom,32.0,1,1,0.0,James Blunt;Amanda Ghost;Sacha Skarbek,James Blunt;Amanda Ghost;Sacha Skarbek,2.0,2.0,1,0,Tom Rothrock,1.0,1.0,0.0,0.0,0,4/4,Eb,Eb,82.0,48.0,68.0,45.0,-10.0,63.0,0,0,1,0,1,0,0,0,0,0,0,1,0,0,0,0,0,0,0,0,0,0,0,0,0,C1,0,209,0,68,35,0,0,0,0,0,0,0,0,Longing for Love,1,0,1,0,0,0,0,0,0,0
So Sick,Ne-Yo,2006,2000,Funk/Soul,2006-03-18 00:00:00+00:00,2,0,8,5,7,6.666666666666667,2.0,Def Jam,Vivendi,Funk/Soul,Hip Hop;Pop,1.0,0,0,0,United States,26.0,1,0,1.0,Mikkel Eriksen;Tor Hermansen;Ne-Yo,Mikkel Eriksen;Tor Hermansen;Ne-Yo,1.0,2.0,1,0,Mikkel Eriksen;Tor Hermansen,1.0,1.0,0.0,0.0,1,4/4,Gb,Gb,93.0,57.0,45.0,58.0,-8.0,25.0,0,0,0,1,0,0,0,0,0,0,0,0,0,0,0,0,0,0,0,0,0,0,0,0,0,E1,0,197,0,19,19,0,0,0,0,0,0,0,0,Lost Love,0,0,0,0,0,0,0,0,0,0
Temperature,Sean Paul,2006,2000,Reggae,2006-04-01 00:00:00+00:00,1,0,6,6,8,6.666666666666667,1.3333333333333333,VP;Atlantic,Warner Bros.,Reggae,Reggae,1.0,0,0,0,Jamaica,33.0,1,0,,Rohan Fuller;Sean Paul;Chris Marsh,Rohan Fuller;Sean Paul;Chris Marsh,1.0,0.0,1,0,Rohan Fuller,1.0,0.0,0.0,0.0,1,4/4,Bbm,Bbm,125.0,60.0,95.0,82.0,-5.0,11.0,0,0,0,0,0,0,0,0,0,0,0,0,0,0,0,0,0,0,0,0,0,0,0,0,0,C1,0,218,0,33,15,1,0,0,0,0,1,0,1,Lust/Sex,0,0,0,0,0,0,0,0,0,0
Bad Day,Daniel Powter,2006,2000,Pop,2006-04-08 00:00:00+00:00,5,0,4,3,6,4.333333333333333,2.0,Warner Bros.,Warner Bros.,Pop,Rock;Pop,1.0,0,0,0,Canada,35.0,1,1,0.0,Daniel Powter,Daniel Powter,1.0,1.0,1,1,Jeff Dawson;Mitchell Froom,1.0,1.0,0.0,0.0,0,4/4,Eb,Eb,140.0,79.0,60.0,52.0,-4.0,45.0,0,0,0,1,0,0,0,0,0,0,0,1,0,0,0,0,0,0,0,0,0,0,0,0,0,E1,0,233,0,44,8,0,0,0,0,0,0,0,0,Failure,0,0,0,0,0,0,0,0,0,0
SOS,Rihanna,2006,2000,Electronic/Dance,2006-05-13 00:00:00+00:00,3,0,7,5,9,7.0,2.6666666666666665,Def Jam;SRP,Vivendi,Electronic/Dance,Electronic;Hip Hop,1.0,0,0,0,Barbados,18.0,0,0,,J. R. Rotem;E. Kidd Bogart;Ed Cobb,J. R. Rotem;E. Kidd Bogart,1.0,1.0,0,0,J.R. Rotem;Evan Rogers;Carl Sturken,1.0,1.0,0.0,0.0,0,4/4,Gb,Gb,137.0,67.0,68.0,53.0,-5.0,0.0,0,0,0,1,0,0,0,0,0,0,0,0,0,0,0,0,0,0,0,0,0,0,0,0,0,E5,0,238,0,23,14,0,0,0,0,0,1,1,1,Longing for Love;Lust/Sex,0,0,0,0,0,0,0,0,0,0
Ridin',Chamillionaire ft. Krayzie Bone,2006,2000,Hip Hop,2006-06-03 00:00:00+00:00,2,0,5,8,7,6.666666666666667,2.0,Universal;Chamillitary,Vivendi,Hip Hop,Hip Hop,1.5,1,0,0,United States,29.0,1,0,,Chamillionaire;Juan Salinas;Oscar Salinas;Krayzie Bone,Chamillionaire;Juan Salinas;Oscar Salinas;Krayzie Bone,1.0,0.0,1,0,Juan Salinas;Oscar Salinas,1.0,0.0,0.0,0.0,1,4/4,Abm,Abm,143.0,80.0,79.0,84.0,-5.0,19.0,0,1,0,0,0,0,0,0,0,0,0,0,0,0,0,0,0,0,0,0,0,0,0,0,0,C1,0,303,0,11,11,0,0,1,0,0,0,0,0,Badassery;Survival;Violence;Police,0,0,1,0,0,0,0,0,0,0
Hips Don't Lie,Shakira ft. Wyclef Jean,2006,2000,Latin,2006-06-17 00:00:00+00:00,2,0,8,8,7,7.666666666666667,0.6666666666666666,Epic,Sony,Latin,Hip Hop;Rock;Pop,1.5,1,0,0,Colombia;Haiti,32.5,2,0,,Omar Alfanno;Luis Diaz;Jerry Duplessis;Wyclef Jean;LaTavia Parker;Shakira,Omar Alfanno;Luis Diaz;Jerry Duplessis;Wyclef Jean;LaTavia Parker;Shakira,2.0,0.0,1,0,Shakira;Wyclef Jean;Jerry Duplessis,2.0,0.0,1.0,0.0,1,4/4,Bbm,Bbm,100.0,82.0,78.0,76.0,-6.0,28.0,0,0,1,0,0,1,0,0,0,1,0,0,0,0,0,0,0,0,0,0,0,0,1,0,0,FV,1,218,0,21,9,0,0,0,0,0,1,1,1,Lust/Sex;Dancing,0,0,0,1,0,0,0,0,0,0
Do I Make You Proud,Taylor Hicks,2006,2000,Pop,2006-07-01 00:00:00+00:00,1,0,2,1,5,2.6666666666666665,2.6666666666666665,J;19;Syco,Sony,Pop,Rock;Funk/Soul;Pop,1.0,0,0,0,United States,29.0,1,1,0.0,Andy Watkins;Paul Wilson;Tracy Ackerman,Andy Watkins;Paul Wilson;Tracy Ackerman,2.0,1.0,0,0,Andy Watkins;Paul Wilson;Dave Way,1.0,1.0,0.0,0.0,1,4/4,Db;Eb&%,Db,144.0,52.0,46.0,31.0,-8.0,3.0,0,0,0,1,1,0,0,0,0,0,0,0,0,0,0,0,0,0,0,0,0,0,0,0,0,E1,0,248,0,14,14,0,0,0,0,0,0,0,0,Love;Dreaming;Appreciation,0,0,0,0,0,0,0,0,0,0
Promiscuous,Nelly Furtado ft. Timbaland,2006,2000,Hip Hop,2006-07-08 00:00:00+00:00,6,0,9,9,8,8.666666666666666,0.6666666666666666,Mosley,Vivendi,Hip Hop,Hip Hop,1.5,1,0,0,United States;Canada,30.5,2,2,2.0,"Tim ""Attitude"" Clayton;Nelly Furtado;Danja;Timbaland","Tim ""Attitude"" Clayton;Nelly Furtado;Danja;Timbaland",2.0,2.0,1,0,Timbaland;Danja,1.0,0.0,1.0,0.0,1,Free;4/4,Bbm,Bbm,114.0,97.0,81.0,87.0,-6.0,6.0,0,0,0,0,0,0,0,0,0,0,0,1,0,0,0,0,0,0,0,0,0,0,0,0,0,E1,0,242,0,37,4,0,0,0,0,0,0,1,1,Lust/Sex,1,0,0,0,0,0,0,0,0,0
London Bridge,Fergie,2006,2000,Hip Hop,2006-08-19 00:00:00+00:00,3,0,5,7,4,5.333333333333333,2.0,will.i.am;A&M,Vivendi,Hip Hop,Hip Hop;Pop,1.0,0,0,0,United States,31.0,0,0,,Emilio Castillo;Fergie;John Garibaldi;Sean Garrett;Michael Hartnett;Polow da Don;Stephen Kupka,Fergie;Sean Garrett;Michael Hartnett;Polow da Don,2.0,2.0,1,0,Polow da Don;DJ Mormile;Venus Brown;will.i.am,1.0,2.0,0.0,0.0,1,4/4,Bbm,Bbm,91.0,61.0,77.0,63.0,-6.0,22.0,0,0,0,0,0,1,0,0,0,0,0,0,0,0,0,0,0,0,0,0,0,0,0,0,0,E1,0,202,0,40,20,1,0,1,0,0,1,0,1,Lust/Sex;Partying;Dancing;Bragging,0,0,1,0,0,0,0,0,0,0
SexyBack,Justin Timberlake,2006,2000,Electronic/Dance,2006-09-09 00:00:00+00:00,7,0,7,9,6,7.333333333333333,2.0,Jive,Sony,Electronic/Dance,Electronic;Pop,1.0,1,0,0,United States,25.0,1,1,0.0,Danja;Timbaland;Justin Timberlake,Danja;Timbaland;Justin Timberlake,1.0,2.0,1,0,Danja;Timbaland;Justin Timberlake,1.0,2.0,1.0,0.0,1,4/4,Gm,Gm,117.0,58.0,97.0,96.0,-6.0,6.0,0,0,0,0,0,0,0,0,0,0,0,0,0,0,0,0,0,0,0,0,0,0,0,0,0,E2,0,242,0,61,15,0,0,1,0,0,0,0,0,Lust/Sex;Bragging,0,0,1,0,0,0,0,0,0,0
Money Maker,Ludacris ft. Pharrell Williams,2006,2000,Hip Hop,2006-10-28 00:00:00+00:00,2,0,5,6,5,5.333333333333333,0.6666666666666666,DTP;Def Jam South,Vivendi,Hip Hop,Hip Hop,1.5,1,0,0,United States,31.0,1,0,,Ludacris;Pharrell Williams,Ludacris;Pharrell Williams,1.0,0.0,1,1,Pharrell Williams;Chad Hugo,1.0,0.0,0.0,0.0,1,4/4,Cm,Cm,79.0,60.0,55.0,61.0,-7.0,15.0,0,1,0,1,0,1,0,0,0,0,0,0,0,0,0,0,0,0,0,0,0,0,0,0,0,C1,0,230,0,22,11,0,0,0,0,0,0,1,1,Dancing;Lust/Sex,0,0,1,0,0,0,0,0,0,0
My Love,Justin Timberlake ft. T.I.,2006,2000,Electronic/Dance,2006-11-11 00:00:00+00:00,3,0,9,7,5,7.0,2.6666666666666665,Jive,Sony,Electronic/Dance,Electronic;Pop,1.5,1,0,0,United States,25.5,1,2,2.0,T.I.;Danja;Timbaland;Justin Timberlake,T.I.;Danja;Timbaland;Justin Timberlake,1.0,2.0,1,0,Danja;Timbaland;Justin Timberlake,1.0,2.0,1.0,0.0,1,4/4,Em,Em,120.0,67.0,77.0,80.0,-6.0,27.0,0,0,0,0,0,0,0,0,0,0,0,1,0,0,0,0,0,0,0,0,0,0,0,0,0,C7V,1,281,0,13,19,1,0,0,0,0,0,0,0,Love,0,0,0,0,0,0,0,0,0,0
I Wanna Love You,Akon ft. Snoop Dogg,2006,2000,Hip Hop,2006-12-02 00:00:00+00:00,2,0,6,6,5,5.666666666666667,0.6666666666666666,SRC;Universal;Konvict;UpFront;Geffen;Doggystyle,Vivendi;Sony,Hip Hop,Hip Hop,1.5,1,0,0,Senegal;United States,34.0,1,0,,Snoop Dogg;Akon,Snoop Dogg;Akon,1.0,0.0,1,1,Akon,1.0,0.0,1.0,1.0,1,4/4,Am,Am,100.0,45.0,87.0,37.0,-9.0,4.0,0,0,0,1,0,0,0,0,0,0,0,0,0,1,0,0,0,0,0,0,0,0,0,0,0,C1,0,247,0,40,11,1,0,1,0,0,0,0,0,Lust/Sex,0,0,1,0,0,0,0,0,0,0
Irreplaceable,Beyoncé,2006,2000,Funk/Soul,2006-12-16 00:00:00+00:00,10,0,9,7,8,8.0,1.3333333333333333,Columbia,Sony,Funk/Soul,Funk/Soul;Pop,1.0,0,0,0,United States,25.0,0,0,1.0,Amund Bjorklund;Mikkel Eriksen;Tor Hermansen;Beyonce;Espen Lind;Ne-Yo,Amund Bjorklund;Mikkel Eriksen;Tor Hermansen;Beyonce;Espen Lind;Ne-Yo,2.0,2.0,1,0,Mikkel Eriksen;Tor Hermansen;Beyonce,2.0,2.0,1.0,0.0,1,4/4,Gm,Gm,176.0,69.0,45.0,51.0,-5.0,3.0,0,0,1,0,1,0,0,0,0,0,0,1,0,0,0,0,0,0,0,0,0,0,0,0,0,E1,0,227,0,0,12,1,0,0,0,0,0,0,0,Lost Love,0,0,0,0,0,0,0,0,0,0
Say It Right,Nelly Furtado,2007,2000,Pop,2007-02-24 00:00:00+00:00,1,0,6,6,6,6.0,0.0,Mosley,Vivendi,Pop,Hip Hop;Pop,1.0,0,0,0,Canada,28.0,0,1,0.0,Nelly Furtado;Danja;Timbaland,Nelly Furtado;Danja;Timbaland,2.0,2.0,1,0,Timbaland;Danja,1.0,0.0,0.0,0.0,1,4/4,Ab,Ab,117.0,87.0,87.0,81.0,-6.0,5.0,1,0,0,0,0,0,0,0,0,0,0,0,0,0,0,0,0,0,0,0,0,0,0,0,0,C1,0,223,0,58,24,0,0,1,0,0,0,0,0,Lost Love,0,0,0,0,0,0,0,0,0,0
What Goes Around … Comes Around,Justin Timberlake,2007,2000,Funk/Soul,2007-03-03 00:00:00+00:00,1,0,6,5,3,4.666666666666667,2.0,Jive,Sony,Funk/Soul,Electronic;Pop,1.0,0,0,0,United States,26.0,1,1,0.0,Justin Timberlake;Timbaland;Danja,Justin Timberlake;Timbaland;Danja,1.0,2.0,1,0,Justin Timberlake;Timbaland;Danja,1.0,2.0,1.0,0.0,1,4/4,G,G,76.0,70.0,72.0,50.0,-5.0,15.0,0,0,1,0,1,0,0,0,0,0,0,1,0,0,0,0,0,0,0,0,0,0,0,0,0,F,0,313,0,37,19,0,0,1,0,0,0,0,0,Bad Relationships;Infidelity;Lost Love,0,0,0,0,0,0,0,0,0,0
This Is Why I'm Hot,MiMS,2007,2000,Hip Hop,2007-03-10 00:00:00+00:00,2,0,3,6,4,4.333333333333333,2.0,Capitol,EMI,Hip Hop,Hip Hop,1.0,0,0,0,United States,25.0,1,0,,Leon Haywood;Prodigy;Curtis Lundy;DMC;MiMS;Havoc;DannyBoyStyles;Reverend Run;Russell Simmons;Thomas Simons;Lil Jon;E-40;Blackout;Charles Williams,MiMS;DannyBoyStyles;Thomas Simons;Blackout,1.0,0.0,1,0,Blackout,1.0,0.0,0.0,0.0,1,4/4,Cm,Cm,80.0,60.0,62.0,49.0,-6.0,28.0,0,0,0,0,0,0,0,0,0,0,0,0,0,0,0,0,0,0,0,0,0,0,0,0,0,C1,0,259,0,11,11,0,0,0,0,0,1,0,1,Badassery;Bragging;Partying,0,0,1,0,0,0,0,0,0,0
Glamorous,Fergie ft. Ludacris,2007,2000,Pop,2007-03-24 00:00:00+00:00,2,0,6,6,6,6.0,0.0,will.i.am;A&M,Vivendi,Pop,Hip Hop,1.5,1,0,0,United States,30.0,2,0,,will.i.am;Ludacris;Fergie;Polow da Don;Raheem The Dream;Blac Elvis,will.i.am;Ludacris;Fergie;Polow da Don;Blac Elvis,2.0,0.0,1,0,Polow da Don;Ron Fair,1.0,0.0,0.0,0.0,1,4/4,C,C,131.0,76.0,81.0,62.0,-6.0,29.0,0,0,0,0,0,0,0,0,0,0,0,0,0,1,0,0,0,0,0,0,0,0,0,0,0,E1V,1,246,0,18,16,0,0,0,0,0,0,1,1,Fame;Materialism,0,0,1,0,0,0,0,0,0,0
Don't Matter,Akon,2007,2000,Funk/Soul,2007-04-07 00:00:00+00:00,2,0,6,6,5,5.666666666666667,0.6666666666666666,SRC;Universal;Konvict;UpFront,Vivendi,Funk/Soul,Hip Hop;Pop,1.0,0,0,0,Senegal,33.0,1,0,,Anthony Lawson;Bob Marley;Akon,Anthony Lawson;Akon,1.0,0.0,1,0,Akon,1.0,0.0,1.0,1.0,1,4/4,A,A,125.0,43.0,81.0,37.0,-6.0,26.0,0,0,1,0,1,0,0,0,0,0,0,0,0,0,0,0,0,0,0,0,0,0,0,0,0,C1,0,249,0,37,32,0,0,0,0,0,0,1,1,Love;Forbidden Love;Infidelity,0,0,1,0,0,0,0,0,0,0
Give It To Me,Timbaland ft. Nelly Furtado & Justin Timberlake,2007,2000,Hip Hop,2007-04-21 00:00:00+00:00,2,0,3,6,3,4.0,2.0,Mosley,Vivendi,Hip Hop,Hip Hop;Funk/Soul,1.5,1,0,0,United States;Canada,29.666666666666668,2,2,2.0,"Tim ""Attitude"" Clayton;Nelly Furtado;Danja;Timbaland;Justin Timberlake","Tim ""Attitude"" Clayton;Nelly Furtado;Danja;Timbaland;Justin Timberlake",2.0,2.0,1,0,Timbaland;Danja,1.0,0.0,1.0,0.0,1,Free;4/4,Abm,Abm,111.0,71.0,98.0,82.0,-4.0,17.0,0,0,0,0,0,0,0,0,0,0,0,0,0,0,0,0,0,0,0,0,0,0,0,0,0,C1,0,236,0,60,25,0,0,0,0,0,0,0,0,Bragging,0,0,1,0,0,0,0,0,0,0
Girlfriend,Avril Lavigne,2007,2000,Rock,2007-05-05 00:00:00+00:00,1,0,7,4,7,6.0,2.0,RCA,Sony,Rock,Rock;Pop,1.0,0,0,0,Canada,22.0,0,1,0.0,Dr. Luke;Avril Lavigne,Dr. Luke;Avril Lavigne,2.0,1.0,1,0,Dr. Luke,1.0,1.0,0.0,0.0,1,4/4,D,D,164.0,96.0,58.0,52.0,-2.0,0.0,0,0,1,0,0,0,0,0,0,0,0,0,0,0,0,0,0,0,0,0,0,0,0,0,0,E3,0,216,0,15,0,0,0,0,0,0,0,1,1,Love,0,0,1,0,0,0,0,0,0,0
Makes Me Wonder,Maroon 5,2007,2000,Rock,2007-05-12 00:00:00+00:00,3,1,5,5,4,4.666666666666667,0.6666666666666666,A&M Octone,Vivendi,Rock,Rock;Pop,0.0,0,0,0,United States,28.0,1,1,0.0,Jesse Carmichael;Adam Levine;Mickey Madden,Jesse Carmichael;Adam Levine;Mickey Madden,1.0,1.0,1,1,Mark Endert;Adam Levine;Jesse Carmichael;James Valentine;Matt Flynn;Mickey Madden,1.0,1.0,1.0,0.0,1,4/4,D,D,114.0,85.0,80.0,88.0,-2.0,0.0,0,0,1,0,0,0,0,0,0,0,0,1,0,0,0,0,0,0,0,0,0,0,0,0,0,E3,0,211,0,26,17,0,0,0,0,0,0,0,0,Lost Love;Bad Relationships,0,0,1,0,0,0,0,0,0,0
Buy U a Drank (Shawty Snappin'),T-Pain ft. Yung Joc,2007,2000,Hip Hop,2007-05-26 00:00:00+00:00,1,0,6,7,5,6.0,1.3333333333333333,Nappy Boy;Konvict;Jive,Sony,Hip Hop,Hip Hop,1.5,1,0,0,United States,24.0,1,0,,Al Kapone;Jarvis Griffin;Isaac Hayes;Reginald Jones;Sean P;Lil Scrappy;Yung Joc;Richard Sims;Lil Jon;E-40;T-Pain;Miguel Willis,Jarvis Griffin;Reginald Jones;Yung Joc;Richard Sims;T-Pain;Miguel Willis,1.0,0.0,1,0,"T-Pain;Dee Jay Dana;Thomas ""Tom Cat"" Bennett",1.0,0.0,1.0,0.0,1,4/4,Db,Db,80.0,55.0,69.0,61.0,-8.0,1.0,1,0,0,0,0,0,0,0,0,0,0,0,0,1,0,0,0,0,0,0,0,0,0,0,0,C1V,1,227,0,4,23,1,0,0,0,0,0,1,1,Lust/Sex,0,0,1,0,0,0,0,0,0,0
Umbrella,Rihanna ft. Jay-Z,2007,2000,Funk/Soul,2007-06-09 00:00:00+00:00,7,0,8,7,7,7.333333333333333,0.6666666666666666,Def Jam;SRP,Vivendi,Funk/Soul,Electronic;Hip Hop,1.5,1,0,0,Barbados;United States,28.0,2,0,,Tricky Stewart;The-Dream;Kuk Harrell;Jay-Z,Tricky Stewart;The-Dream;Kuk Harrell;Jay-Z,1.0,0.0,1,0,Tricky Stewart;Kuk Harrell,1.0,0.0,0.0,0.0,1,4/4,Db,Db,174.0,83.0,58.0,57.0,-5.0,1.0,0,0,0,0,0,0,0,0,0,0,0,0,0,0,0,0,0,0,0,0,0,0,0,0,0,E5V,1,275,0,0,3,1,0,0,0,0,0,0,0,Love,0,0,0,0,0,0,0,0,0,0
Hey There Delilah,Plain White-T's,2007,2000,Pop,2007-07-28 00:00:00+00:00,2,0,9,6,6,7.0,2.0,Fearless;Hollywood,Fearless;Disney,Pop,Rock;Pop,0.0,0,0,0,United States,28.0,1,2,,Tom Higgenson,Tom Higgenson,1.0,1.0,1,1,Ariel Rechtshaid;Sean O'Keefe,1.0,0.0,0.0,0.0,0,4/4,D,D,104.0,37.0,51.0,32.0,-11.0,89.0,0,0,1,0,1,0,0,0,0,0,0,0,0,0,0,0,0,0,0,0,0,0,0,0,0,E2,0,232,0,15,9,0,0,0,0,0,0,0,0,Longing for Love,0,0,0,0,0,0,0,0,0,0
Beautiful Girls,Sean Kingston,2007,2000,Pop,2007-08-11 00:00:00+00:00,4,0,7,6,9,7.333333333333333,2.0,Epic,Sony,Pop,Hip Hop;Pop,1.0,0,0,0,United States,17.0,1,0,,Sean Kingston;Sly Jordan;Ben E. King;Jerry Leiber;Mike Stoller;J.R. Rotem,Sean Kingston;Sly Jordan;J.R. Rotem,1.0,2.0,1,0,J.R. Rotem,1.0,1.0,0.0,0.0,1,4/4,A,A,130.0,65.0,76.0,77.0,-6.0,17.0,0,1,0,1,0,0,0,0,0,0,0,0,0,1,0,0,0,0,0,0,0,0,0,0,0,C3,0,225,0,0,33,0,0,0,0,0,1,0,1,Longing for Love;Bad Relationships,0,0,1,0,0,0,0,0,0,0
Big Girls Don't Cry,Fergie,2007,2000,Pop,2007-09-08 00:00:00+00:00,1,0,8,5,7,6.666666666666667,2.0,will.i.am;A&M,Vivendi,Pop,Pop,1.0,0,0,0,United States,32.0,0,0,,Toby Gad;Fergie,Toby Gad;Fergie,2.0,2.0,1,0,will.i.am;Ron Fair,1.0,2.0,0.0,0.0,0,4/4,G,G,113.0,64.0,71.0,25.0,-4.0,21.0,0,0,1,0,1,0,0,0,0,0,0,0,0,0,0,0,0,0,0,0,0,0,0,0,0,E1,0,268,0,28,10,0,0,0,0,0,0,0,0,Lost Love,0,0,0,0,0,0,0,0,0,0
Crank That (Soulja Boy),Soulja Boy Tell 'Em,2007,2000,Hip Hop,2007-09-15 00:00:00+00:00,7,1,3,3,6,4.0,2.0,ColliPark;Interscope,Vivendi,Hip Hop,Hip Hop,1.0,0,0,0,United States,17.0,1,0,,Soulja Boy,Soulja Boy,1.0,0.0,1,1,Soulja Boy,1.0,0.0,1.0,1.0,1,4/4,Cm,Cm,140.0,74.0,74.0,80.0,-2.0,52.0,0,0,0,0,0,0,0,0,0,0,0,0,0,0,0,0,0,0,0,0,0,0,0,0,0,C1,0,221,0,16,14,0,0,0,0,0,0,0,0,Dancing;Lust/Sex,0,0,1,0,0,0,0,1,0,0
Stronger,Kanye West,2007,2000,Hip Hop,2007-09-29 00:00:00+00:00,1,0,9,8,5,7.333333333333333,2.6666666666666665,Roc-A-Fella,Vivendi,Hip Hop,Electronic;Hip Hop,1.0,0,0,0,United States,30.0,1,0,1.0,Thomas Bangalter;Edwin Birdsong;Mike Dean;Christo Homem;Kanye West,Mike Dean;Kanye West,1.0,2.0,1,0,Kanye West,1.0,0.0,1.0,1.0,1,4/4,Ebm,Ebm,104.0,72.0,62.0,49.0,-8.0,1.0,1,1,0,0,0,0,0,0,0,0,0,0,0,0,0,0,0,0,0,0,0,0,0,0,0,C5,0,311,0,86,5,0,0,0,0,0,1,0,1,Bragging;Lust/Sex,0,0,1,0,0,0,0,0,0,0
Kiss Kiss,Chris Brown ft. T-Pain,2007,2000,Hip Hop,2007-11-10 00:00:00+00:00,3,0,6,2,5,4.333333333333333,2.6666666666666665,Jive,Sony,Hip Hop,Hip Hop,1.5,1,0,0,United States,20.5,1,0,1.0,T-Pain;Chris Brown,T-Pain;Chris Brown,1.0,0.0,1,1,T-Pain,1.0,0.0,0.0,0.0,1,4/4,Ebm,Ebm,140.0,66.0,73.0,55.0,-3.0,5.0,0,1,0,0,0,0,0,0,0,0,0,0,0,0,0,0,0,0,0,0,0,0,0,0,0,C1V,1,250,0,0,27,1,1,0,0,0,0,0,0,Lust/Sex,0,1,1,0,0,0,0,0,0,0
No One,Alicia Keys,2007,2000,Funk/Soul,2007-12-01 00:00:00+00:00,5,0,5,5,3,4.333333333333333,1.3333333333333333,J,Sony,Funk/Soul,Funk/Soul,1.0,0,0,0,United States,26.0,0,0,1.0,Alicia Keys;Krucial;DJ Dirty Harry,Alicia Keys;Krucial;DJ Dirty Harry,2.0,0.0,1,0,Alicia Keys;Krucial,2.0,0.0,1.0,0.0,1,4/4,E,E,90.0,55.0,64.0,17.0,-5.0,2.0,0,0,0,1,1,0,0,0,0,0,0,0,0,0,0,0,0,0,0,0,0,0,0,0,0,E1,0,253,0,36,12,0,0,0,0,0,0,0,0,Longing for Love;Love,0,0,0,0,0,0,0,0,0,0
Low,Flo Rida ft. T-Pain,2008,2000,Pop,2008-01-05 00:00:00+00:00,10,0,6,6,8,6.666666666666667,1.3333333333333333,Atlantic,Warner Bros.,Pop,Hip Hop,1.5,1,0,0,United States,25.5,1,0,1.0,Flo Rida;DJ Montay;Korey Roberson;Howard Simmons;T-Pain,Flo Rida;DJ Montay;Korey Roberson;Howard Simmons;T-Pain,1.0,0.0,1,0,DJ Montay,1.0,0.0,0.0,0.0,1,4/4,Ebm,Ebm,128.0,61.0,92.0,30.0,-6.0,9.0,0,0,0,0,0,0,0,0,0,0,0,0,0,0,0,0,0,0,0,0,0,0,0,0,0,C1,0,231,0,9,16,0,0,0,0,0,0,0,0,Lust/Sex,0,0,0,0,0,0,0,0,0,0
Love in This Club,Usher ft. Young Jeezy,2008,2000,Electronic/Dance,2008-03-15 00:00:00+00:00,3,0,6,5,6,5.666666666666667,0.6666666666666666,LaFace,Sony,Electronic/Dance,Hip Hop,1.5,1,0,0,United States,29.5,1,0,1.0,Darnell Dalton;Young Jeezy;Polow da Don;Usher;Lamar Taylor;Keith Thomas,Darnell Dalton;Young Jeezy;Polow da Don;Usher;Lamar Taylor;Keith Thomas,1.0,0.0,1,0,Polow da Don,1.0,0.0,0.0,0.0,1,4/4,C,C,140.0,71.0,57.0,35.0,-6.0,6.0,0,1,0,0,0,0,0,0,0,0,0,1,0,0,0,0,0,0,0,0,0,0,0,0,0,E3V,1,259,0,41,20,1,0,1,0,0,0,0,0,Lust/Sex,0,0,1,0,0,0,0,0,0,0
Bleeding Love,Leona Lewis,2008,2000,Pop,2008-04-05 00:00:00+00:00,4,1,6,7,6,6.333333333333333,0.6666666666666666,Syco;J,Sony,Pop,Electronic;Funk/Soul;Pop,1.0,0,0,0,United Kingdom,23.0,0,0,1.0,Jesse McCartney;Ryan Tedder,Jesse McCartney;Ryan Tedder,1.0,1.0,0,0,Ryan Tedder,1.0,1.0,0.0,0.0,1,4/4,F,F,104.0,66.0,64.0,23.0,-6.0,19.0,0,0,0,0,1,0,0,0,0,0,0,1,0,0,0,0,0,0,0,0,0,0,0,0,0,E3,0,261,0,44,18,0,0,0,0,0,0,0,0,Lost Love,0,0,0,0,0,0,0,0,0,0
Touch My Body,Mariah Carey,2008,2000,Pop,2008-04-12 00:00:00+00:00,2,0,4,4,5,4.333333333333333,0.6666666666666666,Island,Vivendi,Pop,Electronic;Hip Hop;Pop,1.0,0,0,0,United States,39.0,0,0,1.0,Mariah Carey;Crystile;The-Dream;Tricky Stewart,Mariah Carey;Crystile;The-Dream;Tricky Stewart,2.0,0.0,1,0,Mariah Carey;The-Dream;Tricky Stewart,2.0,0.0,1.0,0.0,1,4/4,D,D,79.0,67.0,71.0,84.0,-8.0,10.0,0,0,0,1,0,0,0,0,0,0,0,0,0,0,0,0,0,0,0,0,0,0,0,0,0,C3,0,204,0,12,12,0,0,1,0,0,0,0,0,Lust/Sex,0,0,1,0,0,0,0,0,0,0
Lollipop,Lil Wayne ft. Static Major,2008,2000,Hip Hop,2008-05-03 00:00:00+00:00,5,1,2,6,6,4.666666666666667,2.6666666666666665,Cash Money,Vivendi,Hip Hop,Hip Hop,1.5,1,0,1,United States,29.0,1,1,0.0,Lil Wayne;Static Major;Deezle;Jim Jonsin;Rex Zamor,Lil Wayne;Static Major;Deezle;Jim Jonsin;Rex Zamor,1.0,2.0,1,0,Jim Jonsin,1.0,0.0,0.0,0.0,0,4/4,Dm,Dm,148.0,43.0,83.0,45.0,-9.0,6.0,0,0,0,0,0,0,0,0,0,0,0,0,0,0,0,0,0,0,0,0,0,0,0,0,0,C1,0,299,0,7,51,0,0,0,0,0,0,0,0,Lust/Sex,0,0,1,0,0,0,0,0,0,0
Take a Bow,Rihanna,2008,2000,Funk/Soul,2008-05-24 00:00:00+00:00,1,0,5,4,6,5.0,1.3333333333333333,Def Jam;SRP,Vivendi,Funk/Soul,Electronic;Pop,1.0,0,0,0,Barbados,20.0,0,0,,Mikkel Eriksen;Tor Hermansen;Ne-Yo,Mikkel Eriksen;Tor Hermansen;Ne-Yo,1.0,2.0,0,0,Mikkel Eriksen;Tor Hermansen;Ne-Yo,1.0,2.0,0.0,0.0,1,4/4,E,E,82.0,47.0,70.0,57.0,-8.0,25.0,0,0,0,1,0,0,0,0,0,0,0,0,0,1,0,0,0,0,0,0,0,0,0,0,0,E3,0,229,0,6,23,0,0,0,0,0,0,0,0,Infidelity,0,0,0,0,0,0,0,0,0,0
Viva La Vida,Coldplay,2008,2000,Pop,2008-06-28 00:00:00+00:00,1,0,9,5,6,6.666666666666667,2.6666666666666665,Capitol,EMI,Pop,Rock,0.0,0,0,0,United Kingdom,31.0,1,1,0.0,Guy Berryman;Jonny Buckland;Will Champion;Chris Martin,Guy Berryman;Jonny Buckland;Will Champion;Chris Martin,1.0,1.0,1,1,Brian Eno;Markus Dravs;Rik Simpson,1.0,1.0,0.0,0.0,0,4/4,Ab,Ab,138.0,62.0,49.0,42.0,-7.0,10.0,0,0,0,0,1,0,0,0,0,0,0,1,0,0,0,0,0,0,0,0,0,0,0,0,0,C1,0,242,0,87,16,0,0,0,0,0,0,0,0,Better Times;Sin;Endings/Goodbyes,1,0,0,0,0,0,0,0,0,0
I Kissed a Girl,Katy Perry,2008,2000,Rock,2008-07-05 00:00:00+00:00,7,0,5,6,7,6.0,1.3333333333333333,Capitol,EMI,Rock,Rock;Pop,1.0,0,0,0,United States,23.0,0,1,0.0,Cathy Dennis;Dr. Luke;Max Martin;Katy Perry,Cathy Dennis;Dr. Luke;Max Martin;Katy Perry,2.0,1.0,1,0,Dr. Luke;Benny Blanco,1.0,1.0,0.0,0.0,1,4/4,Am,Am,130.0,76.0,70.0,70.0,-3.0,0.0,0,0,1,0,0,0,0,0,0,0,0,1,0,0,0,0,0,0,0,0,0,0,0,0,0,E1,0,179,0,11,3,0,0,0,0,0,0,0,0,Forbidden Love;Lust/Sex,0,0,1,0,0,0,0,0,0,0
Disturbia,Rihanna,2008,2000,Electronic/Dance,2008-08-23 00:00:00+00:00,2,0,5,4,7,5.333333333333333,2.0,Def Jam;SRP,Vivendi,Electronic/Dance,Hip Hop;Funk/Soul;Pop,1.0,0,0,0,Barbados,20.0,0,0,,Rob. A!;Chris Brown;Andre Merritt;Brian Seals,Rob. A!;Chris Brown;Andre Merritt;Brian Seals,1.0,0.0,0,0,Brian Seals;Makeba Reddick,1.0,0.0,0.0,0.0,1,4/4,Bm,Bm,125.0,81.0,71.0,72.0,-5.0,9.0,0,0,0,0,0,0,0,0,0,0,0,1,0,0,0,0,0,0,0,0,0,0,0,0,0,E3,0,238,0,57,17,1,0,0,0,0,0,0,0,Paranoia;Reslessness;Superstition,0,1,1,0,0,0,0,0,0,0
Whatever You Like,T.I.,2008,2000,Hip Hop,2008-09-06 00:00:00+00:00,7,1,4,3,8,5.0,3.333333333333333,Grand Hustle;Atlantic,Warner Bros.,Hip Hop,Hip Hop,1.0,0,0,0,United States,27.0,1,0,1.0,T.I.;Jim Jonsin;David Siegel,T.I.;Jim Jonsin;David Siegel,1.0,2.0,1,0,Jim Jonsin,1.0,1.0,0.0,0.0,1,4/4,F,F,150.0,69.0,68.0,47.0,-6.0,2.0,0,0,0,1,0,0,0,0,0,0,0,0,0,0,0,0,0,0,0,0,0,0,0,0,0,C3,0,249,0,21,12,1,0,1,0,0,1,0,1,Lust/Sex;Materialism,0,1,1,0,0,0,0,0,0,0
So What,P!nk,2008,2000,Rock,2008-09-27 00:00:00+00:00,1,0,5,5,5,5.0,0.0,LaFace,Sony,Rock,Rock;Pop,1.0,0,0,0,United States,29.0,0,1,0.0,Max Martin;Pink;Shellback,Max Martin;Pink;Shellback,2.0,1.0,1,0,Max Martin,1.0,1.0,0.0,0.0,1,4/4,Gbm,Gbm,126.0,87.0,53.0,46.0,-3.0,0.0,0,0,1,0,0,0,0,0,0,0,0,0,0,0,0,0,0,0,0,0,0,0,0,0,0,E5,0,215,0,22,12,0,0,0,0,0,0,0,0,Lost Love;Empowerment,0,1,1,0,0,0,0,0,0,0
Live Your Life,T.I. ft. Rihanna,2008,2000,Pop,2008-10-18 00:00:00+00:00,6,1,6,5,4,5.0,1.3333333333333333,Grand Hustle;Atlantic,Warner Bros.,Pop,Hip Hop;Pop,1.5,1,0,0,United States;Barbados,24.0,2,0,,Lionel Acker;Dan Bălan;T.I.;Makeba Riddick;Just Blaze,Lionel Acker;T.I.;Makeba Riddick;Just Blaze,2.0,2.0,1,0,Just Blaze,1.0,0.0,0.0,0.0,1,4/4,Bm,Bm,160.0,86.0,38.0,48.0,-3.0,7.0,0,0,0,0,0,0,0,0,0,0,0,0,0,0,0,0,0,0,0,0,0,0,0,0,0,E1,0,338,0,0,24,0,0,0,0,0,1,0,1,Empowerment,0,1,1,0,0,0,0,0,0,0
Womanizer,Britney Spears,2008,2000,Electronic/Dance,2008-10-25 00:00:00+00:00,1,0,6,7,3,5.333333333333333,2.6666666666666665,Jive,Sony,Electronic/Dance,Electronic;Pop,1.0,0,0,0,United States,26.0,0,1,0.0,Raphael Akinyemi;Nikeshia Briscoe,Raphael Akinyemi;Nikeshia Briscoe,2.0,0.0,0,0,Nikeshia Briscoe;Dean Beresford;Kamran Main;Ervin Ward;Rapheal Akinyemi,2.0,0.0,0.0,0.0,1,12/8,Dbm,Dbm,139.0,70.0,72.0,24.0,-5.0,7.0,0,1,0,0,0,0,0,0,0,0,0,0,0,0,0,0,0,0,0,0,0,0,0,0,0,E1,0,224,0,0,14,0,0,0,0,0,0,0,0,Bad Relationships;Infidelity;Empowerment,0,0,0,0,0,0,0,0,0,0
Single Ladies (Put a Ring on It),Beyoncé,2008,2000,Funk/Soul,2008-12-13 00:00:00+00:00,4,1,7,9,4,6.666666666666667,3.333333333333333,Columbia,Sony,Funk/Soul,Pop,1.0,0,0,0,United States,27.0,0,0,,Kuk Harrell;Beyonce;The-Dream;Tricky Stewart,Kuk Harrell;Beyonce;The-Dream;Tricky Stewart,2.0,0.0,1,0,Beyonce;The-Dream;Tricky Stewart,2.0,0.0,1.0,0.0,1,4/4,E,E,97.0,58.0,43.0,27.0,-5.0,4.0,0,0,0,0,0,0,0,0,0,0,0,0,0,1,0,0,0,0,0,0,0,0,0,0,0,E1,0,193,0,2,3,1,0,0,0,0,0,0,0,Lost Love;Bad Relationships;Empowerment,0,0,0,0,0,0,0,0,0,0
Just Dance,Lady Gaga ft. Colby O'Donis,2009,2000,Electronic/Dance,2009-01-17 00:00:00+00:00,3,0,6,6,6,6.0,0.0,Interscope,Vivendi,Electronic/Dance,Electronic;Pop,1.5,1,0,0,United States,19.5,2,2,,RedOne;Lady Gaga;Akon,RedOne;Lady Gaga;Akon,2.0,2.0,1,0,RedOne,1.0,0.0,0.0,0.0,1,4/4,Dbm,Dbm,119.0,74.0,82.0,75.0,-5.0,3.0,0,0,0,0,0,0,0,0,0,0,0,1,0,0,0,0,0,0,0,0,0,0,0,0,0,E1,0,241,0,15,16,0,0,0,0,0,0,0,0,Dancing;Partying,0,0,0,0,0,0,0,0,0,0
My Life Would Suck Without You,Kelly Clarkson,2009,2000,Rock,2009-02-17 00:00:00+00:00,2,0,7,7,4,6.0,2.0,RCA,Sony,Rock,Rock;Pop,1.0,0,0,0,United States,26.0,0,1,0.0,Dr. Luke;Max Martin;Claude Kelly,Dr. Luke;Max Martin;Claude Kelly,1.0,2.0,0,0,Dr. Luke;Max Martin;Claude Kelly,1.0,2.0,0.0,0.0,1,4/4,A,A,145.0,88.0,53.0,42.0,-4.0,0.0,0,0,1,0,0,0,0,0,0,0,0,0,0,0,0,0,0,0,0,0,0,0,0,0,0,C1,0,211,0,32,15,0,0,0,0,0,0,0,0,Getting Back Together,0,0,0,0,0,0,0,0,0,0
Crack a Bottle,"Eminem, Dr. Dre, & 50 Cent",2009,2000,Hip Hop,2009-02-21 00:00:00+00:00,1,0,2,1,4,2.333333333333333,2.0,Shady,Vivendi,Hip Hop,Hip Hop,0.0,1,0,0,United States,36.333333333333336,1,2,,Mark Batson;50 Cent;Trevor Lawrence Jr.;Eminem;Dawaun Parker;Jean Renard;Dr. Dre,Mark Batson;50 Cent;Trevor Lawrence Jr.;Eminem;Dawaun Parker;Dr. Dre,1.0,1.0,1,0,Dr. Dre,1.0,0.0,1.0,1.0,1,Free;4/4,Dbm,Dbm,170.0,87.0,52.0,39.0,-3.0,9.0,0,0,0,1,0,0,0,0,0,0,0,0,0,0,0,0,0,0,0,0,0,0,0,0,0,C1,0,297,0,31,30,0,0,1,0,0,1,0,1,Lust/Sex;Partying,0,1,1,0,0,0,0,0,0,0
Right Round,Flo Rida,2009,2000,Pop,2009-02-28 00:00:00+00:00,6,0,3,3,6,4.0,2.0,Atlantic,Warner Bros.,Pop,Electronic;Hip Hop,1.0,1,0,0,United States,29.0,1,0,1.0,Aaron Bay-Shuck;Bruno Mars;DJ Frank E;Dr. Luke;Flo Rida;Kool Kojack;Michael Percy;Peter Burns;Philip Lawrence;Stephen Coy;Timothy Lever,Aaron Bay-Shuck;Bruno Mars;DJ Frank E;Dr. Luke;Flo Rida;Kool Kojack;Philip Lawrence,1.0,2.0,1,0,Dr. Luke;Kool Kojack,1.0,1.0,0.0,0.0,1,4/4,Am,Am,125.0,67.0,72.0,71.0,-7.0,1.0,0,0,0,0,0,0,0,0,0,0,0,0,0,0,0,0,0,0,0,0,0,0,0,0,0,E5,0,204,0,10,8,0,0,0,0,0,0,1,1,Lust/Sex,0,0,1,0,0,0,0,0,0,0
Poker Face,Lady Gaga,2009,2000,Electronic/Dance,2009-04-11 00:00:00+00:00,1,0,8,8,5,7.0,2.0,Interscope,Vivendi,Electronic/Dance,Electronic;Pop,1.0,0,0,0,United States,23.0,0,1,0.0,Lady Gaga;RedOne,Lady Gaga;RedOne,2.0,2.0,1,0,RedOne,1.0,0.0,0.0,0.0,1,4/4,Abm,Abm,119.0,81.0,85.0,79.0,-5.0,12.0,0,0,0,0,0,0,0,0,0,0,0,0,0,0,0,0,0,0,0,0,0,0,0,0,0,C1,0,237,0,31,24,0,0,0,0,0,0,0,0,Lust/Sex,0,0,1,0,0,0,0,0,0,0
Boom Boom Pow,The Black Eyed Peas,2009,2000,Electronic/Dance,2009-04-18 00:00:00+00:00,12,0,3,5,5,4.333333333333333,1.3333333333333333,Interscope,Vivendi,Electronic/Dance,Pop,0.0,1,0,0,United States,34.0,2,0,1.0,will.i.am;Fergie;Taboo;apl.de.ap,will.i.am;Fergie;Taboo;apl.de.ap;,2.0,0.0,1,1,will.i.am;John Baptiste;Poet Name Life,1.0,0.0,1.0,0.0,1,Free;4/4,Am,Am,130.0,84.0,62.0,38.0,-6.0,12.0,0,1,0,0,0,0,0,0,0,0,0,0,0,0,0,0,0,0,0,0,0,0,0,0,0,F,0,252,0,72,14,0,0,1,0,0,1,0,1,Dancing;Partying;Bragging,0,0,1,0,0,0,0,0,0,0
I Gotta Feeling,The Black Eyed Peas,2009,2000,Electronic/Dance,2009-07-11 00:00:00+00:00,14,0,7,4,3,4.666666666666667,2.6666666666666665,Interscope,Vivendi,Electronic/Dance,Electronic;Hip Hop;Pop,0.0,1,0,0,United States,34.0,2,0,1.0,will.i.am;Fergie;Taboo;apl.de.ap;David Guetta;Frédéric Riesterer,will.i.am;Fergie;Taboo;apl.de.ap;David Guetta;Frédéric Riesterer,2.0,2.0,1,0,David Guetta;Frédéric Riesterer,1.0,1.0,0.0,0.0,1,4/4,G,G,128.0,77.0,74.0,61.0,-6.0,9.0,0,0,0,1,1,0,0,0,0,0,0,1,0,0,0,0,0,0,0,0,0,0,0,0,0,F,0,289,0,28,28,0,0,0,0,0,0,0,0,Partying,0,0,0,0,0,0,0,0,0,0
Down,Jay Sean ft. Lil Wayne,2009,2000,Electronic/Dance,2009-10-17 00:00:00+00:00,2,1,5,4,4,4.333333333333333,0.6666666666666666,Cash Money,Vivendi,Electronic/Dance,Electronic;Hip Hop;Pop,1.5,1,0,0,United Kingdom,27.5,1,0,,Lil Wayne;Jared Cotter;Jay Sean;Bobby Bass;J-Remy,Lil Wayne;Jared Cotter;Jay Sean;Bobby Bass;J-Remy,1.0,0.0,1,0,Bobby Bass;J-Remy,1.0,0.0,0.0,0.0,1,4/4,D,D,132.0,68.0,73.0,73.0,-4.0,1.0,0,0,0,1,0,0,0,0,0,0,0,1,0,0,0,0,0,0,0,0,0,0,0,0,0,C3V,1,212,0,9,4,0,0,0,0,0,0,0,0,Lust/Sex,0,0,0,0,0,0,0,0,0,0
3,Britney Spears,2009,2000,Electronic/Dance,2009-10-24 00:00:00+00:00,1,0,2,3,4,3.0,1.3333333333333333,Jive,Sony,Electronic/Dance,Electronic;Pop,1.0,0,0,0,United States,27.0,0,1,0.0,Max Martin;Shellback;Tiffany Amber,Max Martin;Shellback;Tiffany Amber,2.0,1.0,0,0,Max Martin;Shellback;John Hanes,1.0,1.0,0.0,0.0,1,4/4,Fm,Fm,135.0,71.0,70.0,79.0,-2.0,5.0,0,0,0,0,0,0,0,0,0,0,0,0,0,0,0,0,0,0,0,0,0,0,0,0,0,E3,0,205,0,25,0,0,0,0,0,0,0,1,1,Lust/Sex,0,0,1,0,0,0,0,0,0,0
Fireflies,Owl City,2009,2000,Electronic/Dance,2009-11-07 00:00:00+00:00,2,1,3,1,2,2.0,1.3333333333333333,Universal,Vivendi,Electronic/Dance,Electronic;Pop,1.0,0,0,0,United States,23.0,1,1,0.0,Adam Young,Adam Young,1.0,1.0,1,1,Adam Young,1.0,1.0,1.0,1.0,1,4/4,Eb,Eb,90.0,66.0,51.0,47.0,-7.0,3.0,0,0,0,1,1,0,0,0,0,0,0,0,0,0,0,0,0,0,0,0,0,0,0,0,0,E1,0,228,0,40,21,0,0,0,0,0,0,0,0,Insomnia,0,0,0,0,0,0,0,0,0,0
Whatcha Say,Jason Derulo,2009,2000,Electronic/Dance,2009-11-14 00:00:00+00:00,1,0,5,3,5,4.333333333333333,1.3333333333333333,Beluga Heights,Warner Bros.,Electronic/Dance,Hip Hop,1.0,1,0,0,United States,20.0,1,0,1.0,Sean Kingston;Jason Derulo;Imogen Heap;J.R. Rotem,Sean Kingston;Jason Derulo;J.R. Rotem,2.0,2.0,1,0,J.R. Rotem,1.0,1.0,0.0,0.0,1,4/4,B,B,144.0,71.0,62.0,71.0,-6.0,4.0,0,0,0,1,0,0,0,0,0,0,0,0,0,0,0,0,0,0,0,0,0,0,0,0,0,E3,0,221,0,0,0,0,0,0,0,0,1,0,1,Infidelity,0,0,0,0,0,0,0,0,0,0
Empire State of Mind,Jay-Z & Alicia Keys,2009,2000,Hip Hop,2009-11-28 00:00:00+00:00,5,0,9,7,7,7.666666666666667,1.3333333333333333,Roc Nation,Live Nation,Hip Hop,Hip Hop,2.0,1,0,0,United States,33.5,2,0,,Jay-Z;Angela Hunte;Bert Keyes;Alicia Keys;Sylvia Robinson;Jane't Sewell-Ulepic;Al Shux,Jay-Z;Angela Hunt;Alicia Keys;Jane't Sewell-Ulepic;Al Shux,2.0,2.0,1,0,Al Shux;Jane't Sewell-Ulepic;Angela Hunt,2.0,2.0,0.0,0.0,1,4/4,Gb,Gb,174.0,96.0,49.0,81.0,-2.0,3.0,0,0,0,1,1,0,0,0,0,0,0,0,0,0,0,0,0,0,0,0,0,0,0,0,0,E1,0,276,0,9,9,0,0,0,0,0,1,1,1,New York;Fame;Bragging,0,0,1,0,0,0,0,0,0,0
Tik Tok,Kesha,2010,2010,Electronic/Dance,2010-01-02 00:00:00+00:00,9,0,6,6,4,5.333333333333333,1.3333333333333333,RCA,Sony,Electronic/Dance,Electronic;Pop,1.0,0,0,0,United States,22.0,0,1,0.0,Benny Blanco;Kesha;Dr. Luke,Benny Blanco;Kesha;Dr. Luke,2.0,1.0,1,0,Dr. Luke;Benny Blanco,1.0,1.0,0.0,0.0,1,4/4,F,F,120.0,84.0,76.0,71.0,-3.0,10.0,0,0,0,0,0,0,0,0,0,0,0,0,0,0,0,0,0,0,0,0,0,0,0,0,0,E1,0,299,0,0,0,0,0,0,0,0,0,0,0,Partying,0,1,0,0,0,0,0,0,0,0
Imma Be,The Black Eyed Peas,2010,2010,Electronic/Dance,2010-03-06 00:00:00+00:00,2,0,4,4,3,3.6666666666666665,0.6666666666666666,Interscope,Vivendi,Electronic/Dance,Electronic,0.0,1,0,0,United States,34.0,2,0,1.0,"will.i.am;Thomas Brenneck;Michale Deller;Fergie;Daniel Fodor, Jr.;Taboo;Keith Harris;apl.de.ap;Jared Tankel","will.i.am;Thomas Brenneck;Michale Deller;Fergie;Daniel Fodor, Jr.;Taboo;Keith Harris;apl.de.ap;Jared Tankel",2.0,2.0,1,0,Keith Harris;will.i.am,1.0,0.0,1.0,0.0,1,4/4,Fm,Fm,92.0,52.0,60.0,41.0,-7.0,18.0,0,0,0,0,1,0,0,0,0,0,0,0,0,1,0,0,0,0,0,0,0,0,0,0,0,F,0,257,0,12,5,0,0,0,0,0,0,0,0,Bragging,0,0,1,0,0,0,0,0,0,0
Break Your Heart,Taio Cruz ft. Ludacris,2010,2010,Electronic/Dance,2010-03-20 00:00:00+00:00,1,0,4,3,4,3.6666666666666665,0.6666666666666666,Island,Vivendi,Electronic/Dance,Electronic;Hip Hop;Pop,1.5,1,0,0,United States;United Kingdom,30.0,1,0,1.0,Ludacris;Taio Cruz;Fraser Smith,Ludacris;Taio Cruz;Fraser Smith,1.0,2.0,1,0,Fraser Smith;Taio Cruz,1.0,2.0,1.0,0.0,1,4/4,Eb,Eb,122.0,90.0,67.0,63.0,-5.0,0.0,0,0,0,0,0,0,0,0,0,0,0,0,0,0,0,0,0,0,0,0,0,0,0,0,0,E4V,0,186,0,0,17,1,0,0,0,0,0,0,0,Bad Relationships,0,0,0,0,0,0,0,0,0,0
Rude Boy,Rihanna,2010,2010,Electronic/Dance,2010-03-27 00:00:00+00:00,5,0,8,7,5,6.666666666666667,2.0,Def Jam;SRP,Vivendi,Electronic/Dance,Electronic;Funk/Soul,1.0,0,0,0,Barbados,22.0,0,0,,Mikkel Eriksen;Tor Hermansen;Ester Dean;Rihanna;Makeba Riddick;Rob Swire,Mikkel Eriksen;Tor Hermansen;Ester Dean;Rihanna;Makeba Riddick;Rob Swire,2.0,2.0,1,0,Mikkel Eriksen;Tor Hermansen;Makeba Riddick;Rob Swire,2.0,2.0,0.0,0.0,1,4/4,Ebm,Ebm,174.0,75.0,56.0,77.0,-4.0,12.0,0,0,0,0,0,0,0,0,0,0,0,0,0,0,0,0,0,0,0,0,0,0,0,0,0,E3,0,222,0,11,11,0,0,0,0,0,0,0,0,Lust/Sex,0,0,1,0,0,0,0,0,0,0
Nothin' On You,B.o.B. ft. Bruno Mars,2010,2010,Funk/Soul,2010-05-01 00:00:00+00:00,2,0,9,5,5,6.333333333333333,2.6666666666666665,Atlantic,Warner Bros.,Funk/Soul,Hip Hop;Funk/Soul,1.5,1,0,0,United States,22.5,1,0,1.0,Bruno Mars;Philip Lawrence;Ari Levine;B.o.B.,Bruno Mars;Philip Lawrence;Ari Levine;B.o.B.,1.0,2.0,1,0,Bruno Mars;Philip Lawrence;Ari Levine,1.0,2.0,1.0,0.0,1,4/4,Bb,Bb,104.0,85.0,69.0,74.0,-6.0,39.0,0,0,0,1,0,0,0,0,0,0,0,0,0,0,0,0,0,0,0,0,0,0,0,0,0,E3,0,268,0,7,4,0,0,1,0,0,1,0,1,Faithfulness;Love,0,0,0,0,0,0,0,0,0,0
OMG,Usher ft. will.i.am,2010,2010,Electronic/Dance,2010-05-15 00:00:00+00:00,4,1,3,6,4,4.333333333333333,2.0,LaFace,Sony,Electronic/Dance,Electronic;Pop,1.5,1,0,0,United States,33.0,1,0,1.0,will.i.am,will.i.am,1.0,0.0,1,1,will.i.am,1.0,0.0,1.0,1.0,1,Free;4/4,Em,Em,130.0,75.0,78.0,33.0,-6.0,20.0,0,1,0,0,0,0,0,0,0,0,0,0,0,0,0,0,0,0,0,0,0,0,0,0,0,C1,0,269,0,33,13,1,1,0,0,0,1,0,1,Lust/Sex,0,0,0,0,0,0,0,0,0,0
Not Afraid,Eminem,2010,2010,Hip Hop,2010-05-22 00:00:00+00:00,1,0,6,2,6,4.666666666666667,2.6666666666666665,Shady,Vivendi,Hip Hop,Hip Hop,1.0,0,0,0,United States,37.0,1,1,0.0,Matthew Burnett;Jordan Evans;Eminem;Luis Resto;Matthew Samuels,Matthew Burnett;Jordan Evans;Eminem;Luis Resto;Matthew Samuels,1.0,2.0,1,0,Boi 1da;Eminem;Jordan Evans;Matthew Burnett,1.0,2.0,1.0,0.0,1,4/4,Cm,Cm,115.0,95.0,86.0,67.0,-1.0,53.0,0,0,0,1,1,0,0,0,0,0,0,0,0,0,0,0,0,0,0,0,0,0,0,0,0,E1,0,248,0,0,22,1,0,0,0,0,0,0,0,Redemption,0,1,1,0,0,0,0,0,0,0
California Gurls,Katy Perry ft. Snoop Dogg,2010,2010,Funk/Soul,2010-06-19 00:00:00+00:00,6,0,7,7,9,7.666666666666667,1.3333333333333333,Capitol,EMI,Funk/Soul,Electronic;Hip Hop;Pop,1.5,1,0,0,United States,31.5,2,2,2.0,Snoop Dogg;Dr. Luke;Benny Blanco;Max Martin;Bonnie McKee;Katy Perry;Brian Wilson,Snoop Dogg;Dr. Luke;Benny Blanco;Max Martin;Bonnie McKee;Katy Perry,2.0,2.0,1,0,Benny Blanco;Dr. Luke;Max Martin,1.0,1.0,0.0,0.0,1,4/4,F,F,125.0,75.0,79.0,43.0,-4.0,0.0,0,0,1,1,0,0,0,0,0,0,0,0,0,0,0,0,0,0,0,0,0,0,0,0,0,C3V,1,236,0,3,7,0,0,0,0,0,0,1,1,Lust/Sex;Partying,0,0,1,0,0,0,0,0,0,0
Love the Way You Lie,Eminem ft. Rihanna,2010,2010,Hip Hop,2010-07-31 00:00:00+00:00,7,0,8,5,8,7.0,2.0,Shady,Vivendi,Hip Hop,Hip Hop;Funk/Soul,1.5,1,0,0,United States;Barbados,29.5,2,2,,Eminem;Alex da Kid;Skylar Grey,Eminem;Alex da Kid;Skylar Grey,2.0,2.0,1,0,Alex da Kid,1.0,0.0,0.0,0.0,1,4/4,Bb,Bb,87.0,93.0,75.0,64.0,-5.0,24.0,0,0,1,1,0,0,0,0,0,0,0,0,0,0,0,0,0,0,0,0,0,0,0,0,0,C1,0,263,0,21,0,0,0,0,0,0,0,0,0,Bad Relationships,0,0,1,0,0,0,0,0,0,0
Teenage Dream,Katy Perry,2010,2010,Pop,2010-09-18 00:00:00+00:00,2,0,10,8,9,9.0,1.3333333333333333,Capitol,EMI,Pop,Electronic;Pop,1.0,0,0,0,United States,25.0,0,1,0.0,Dr. Luke;Benny Blanco;Max Martin;Bonnie McKee;Katy Perry,Dr. Luke;Benny Blanco;Max Martin;Bonnie McKee;Katy Perry,2.0,1.0,1,0,Benny Blanco;Dr. Luke,1.0,1.0,0.0,0.0,1,4/4,Bb,Bb,120.0,80.0,72.0,59.0,-5.0,2.0,0,0,1,0,0,0,0,0,0,0,0,1,0,0,0,0,0,0,0,0,0,0,0,0,0,C4,0,227,0,18,4,0,0,0,0,0,0,0,0,Love,0,0,0,0,0,0,0,0,0,0
Just the Way You Are,Bruno Mars,2010,2010,Pop,2010-10-02 00:00:00+00:00,4,0,9,5,9,7.666666666666667,2.6666666666666665,Elektra,Warner Bros.,Pop,Electronic;Pop,1.0,0,0,0,United States,24.0,1,0,1.0,Ari Levine;Bruno Mars;Saint Cassius;Needlz;Philip Lawrence,Ari Levine;Bruno Mars;Saint Cassius;Needlz;Philip Lawrence,1.0,2.0,1,0,Bruno Mars;Philip Lawrence;Ari Levine;Needlz,1.0,2.0,1.0,0.0,1,4/4,F,F,109.0,84.0,64.0,43.0,-5.0,2.0,0,0,0,1,0,0,0,0,0,0,0,1,0,0,0,0,0,0,0,0,0,0,0,0,0,C5,0,220,0,33,18,0,0,0,0,0,1,0,1,Love;Appreciation,0,0,0,0,0,0,0,0,0,0
Like a G6,Far East Movement ft. The Cataracs & Dev,2010,2010,Electronic/Dance,2010-10-30 00:00:00+00:00,3,1,3,7,3,4.333333333333333,2.6666666666666665,Interscope,Vivendi,Electronic/Dance,Electronic;Pop,0.5,1,0,0,United States,,2,2,,Jae Choung;Virman Coquia;Niles Dhar-Hollowell;Kevin Nishimura;James Roh;David Vine,Jae Choung;Virman Coquia;Niles Dhar-Hollowell;Kevin Nishimura;James Roh;David Vine,1.0,2.0,1,0,Niles Dhar-Hollowell;David Vine,1.0,2.0,1.0,1.0,1,4/4,Eb,Eb,125.0,84.0,44.0,78.0,-8.0,1.0,0,0,0,0,0,0,0,0,0,0,0,0,0,0,0,0,0,0,0,0,0,0,0,0,0,E3,0,206,0,0,0,0,0,0,0,0,1,1,1,Partying,0,0,0,0,0,0,0,0,0,0
We R Who We R,Kesha,2010,2010,Electronic/Dance,2010-11-13 00:00:00+00:00,1,0,5,4,5,4.666666666666667,0.6666666666666666,RCA,Sony,Electronic/Dance,Electronic;Pop,1.0,0,0,0,United States,23.0,0,1,0.0,Ammo;Dr. Luke;Jacob Hindlin;Benny Blanco;Kesha,Ammo;Dr. Luke;Jacob Hindlin;Benny Blanco;Kesha,2.0,2.0,1,0,Ammo;Dr. Luke;Benny Blanco,1.0,2.0,0.0,0.0,1,4/4,Ab,Ab,120.0,82.0,74.0,65.0,-5.0,1.0,0,0,0,0,0,0,0,0,0,0,0,0,0,0,0,0,0,0,0,0,0,0,0,0,0,C3,0,204,0,23,6,0,0,0,0,0,0,0,0,Partying;Self-Acceptance,0,0,1,0,0,0,0,0,0,0
What's My Name?,Rihanna ft. Drake,2010,2010,Electronic/Dance,2010-11-20 00:00:00+00:00,1,0,6,6,6,6.0,0.0,Def Jam;SRP,Vivendi,Electronic/Dance,Electronic;Hip Hop;Pop,1.5,1,0,0,Barbados;Canada,23.0,2,0,,Ester Dean;Mikkel Eriksen;Drake;Traci Hale;Tor Hermansen,Ester Dean;Mikkel Eriksen;Drake;Traci Hale;Tor Hermansen,2.0,2.0,1,0,Mikkel Eriksen;Tor Hermansen;Kuk Harrel,1.0,2.0,0.0,0.0,1,4/4,A,A,100.0,78.0,69.0,56.0,-3.0,18.0,0,0,0,0,0,0,0,0,0,0,0,0,0,0,0,0,0,0,0,0,0,0,0,0,0,E3V,1,263,0,16,0,0,0,0,0,0,0,0,0,Lust/Sex,0,0,1,0,0,0,0,0,0,0
Only Girl (In the World),Rihanna,2010,2010,Electronic/Dance,2010-12-04 00:00:00+00:00,1,0,7,7,6,6.666666666666667,0.6666666666666666,Def Jam;SRP,Vivendi,Electronic/Dance,Electronic;Pop,1.0,0,0,0,Barbados,22.0,0,0,,Mikkel Eriksen;Tor Hermansen;Crystile;Sandy Vee,Mikkel Eriksen;Tor Hermansen;Crystal Johnson;Sandy Vee,2.0,2.0,0,0,Mikkel Eriksen;Tor Hermansen;Kuk Harrel;Sandy Vee,1.0,2.0,0.0,0.0,1,4/4,Gbm,Gbm,126.0,71.0,79.0,64.0,-4.0,11.0,0,0,0,0,0,0,0,0,0,0,0,0,0,0,0,0,0,0,0,0,0,0,0,0,0,E1,0,235,0,16,14,0,0,0,0,0,0,0,0,Lust/Sex,0,0,0,0,0,0,0,0,0,0
Raise Your Glass,P!nk,2010,2010,Pop,2010-12-11 00:00:00+00:00,1,0,7,4,8,6.333333333333333,2.6666666666666665,Jive,Sony,Pop,Rock;Pop,1.0,0,0,0,United States,31.0,0,1,0.0,Max Martin;Pink;Shellback,Max Martin;Pink;Shellback,2.0,1.0,1,0,Max Martin;Shellback,1.0,1.0,0.0,0.0,1,4/4,G,G,122.0,71.0,70.0,62.0,-5.0,0.0,0,0,1,0,0,0,0,0,0,0,0,0,0,0,0,0,0,0,0,0,0,0,0,0,0,E3,0,202,0,9,9,0,0,0,0,0,0,0,0,Partying;Self-Acceptance,0,1,1,0,0,0,0,0,0,0
Firework,Katy Perry,2010,2010,Electronic/Dance,2010-12-18 00:00:00+00:00,4,1,5,7,8,6.666666666666667,2.0,Capitol,EMI,Electronic/Dance,Electronic,1.0,0,0,0,United States,26.0,0,1,0.0,Ester Dean;Mikkel Eriksen;Katy Perry;Sandy Vee;Tor Hermansen,Ester Dean;Mikkel Eriksen;Katy Perry;Sandy Vee;Tor Hermansen,2.0,2.0,1,0,Mikkel Eriksen;Sandy Vee;Tor Hermansen,1.0,1.0,0.0,0.0,1,4/4,Ab,Ab,124.0,83.0,64.0,65.0,-5.0,14.0,0,0,0,0,1,0,0,0,0,0,0,0,0,0,0,0,0,0,0,0,0,0,0,0,0,E3,0,227,0,8,8,0,0,0,0,0,0,0,0,Self-Acceptance,0,0,0,0,0,0,0,0,0,0
Grenade,Bruno Mars,2011,2010,Pop,2011-01-08 00:00:00+00:00,4,1,8,5,9,7.333333333333333,2.6666666666666665,Elektra,Warner Bros.,Pop,Rock;Funk/Soul;Pop,1.0,0,0,0,United States,25.0,1,0,1.0,Christopher Brown;Bruno Mars;Claude Kelly;Philip Lawrence;Ari Levine;Andrew Wyatt,Christopher Brown;Bruno Mars;Claude Kelly;Philip Lawrence;Ari Levine;Andrew Wyatt,1.0,2.0,1,0,Bruno Mars;Philip Lawrence;Ari Levine,1.0,2.0,1.0,0.0,1,4/4,Dm,Dm,110.0,56.0,71.0,23.0,-7.0,15.0,0,0,0,1,1,0,0,0,0,0,0,1,0,0,0,0,0,0,0,0,0,0,0,0,0,E1,0,223,0,23,4,0,0,0,0,0,0,0,0,Love;Lost Love;Infidelity,0,0,0,0,0,0,0,0,0,0
Hold It Against Me,Britney Spears,2011,2010,Electronic/Dance,2011-01-29 00:00:00+00:00,1,0,3,6,6,5.0,2.0,Jive,Sony,Electronic/Dance,Electronic;Pop,1.0,0,0,0,United States,29.0,0,1,0.0,Dr. Luke;Max Martin;Bonnie McKee;Billboard,Dr. Luke;Max Martin;Bonnie McKee;Billboard,2.0,1.0,0,0,Dr. Luke;Max Martin;Billboard,1.0,1.0,0.0,0.0,1,4/4,Cm,Cm,133.0,72.0,65.0,39.0,-5.0,1.0,0,1,0,0,0,0,0,0,0,0,0,0,0,0,0,0,0,0,0,0,0,0,0,0,0,E1,0,228,0,47,8,0,0,0,0,0,0,0,0,Lust/Sex,0,1,0,0,0,0,0,0,0,0
Black and Yellow,Wiz Khalifa,2011,2010,Hip Hop,2011-02-19 00:00:00+00:00,1,0,5,4,7,5.333333333333333,2.0,Atlantic,Warner Bros.,Hip Hop,Hip Hop,1.0,0,0,0,United States,23.0,1,0,1.0,Wiz Khalifa;Mikkel Eriksen;Tor Hermansen,Wiz Khalifa;Mikkel Eriksen;Tor Hermansen,1.0,2.0,1,0,Mikkel Eriksen;Tor Hermansen,1.0,1.0,0.0,0.0,1,4/4,Dm,Dm,164.0,83.0,68.0,54.0,-5.0,6.0,0,0,0,0,0,0,0,0,0,0,0,0,0,0,0,0,0,0,0,0,0,0,0,0,0,C1,0,207,0,0,0,0,0,0,0,0,0,0,0,Bragging,0,0,1,0,0,0,0,0,0,0
Born This Way,Lady Gaga,2011,2010,Electronic/Dance,2011-02-26 00:00:00+00:00,6,0,6,7,10,7.666666666666667,2.6666666666666665,Interscope,Vivendi,Electronic/Dance,Electronic;Pop,1.0,0,0,0,United States,24.0,0,1,0.0,DJ White Shadow;Fernando Garibay;Lady Gaga;Jeppe Laursen,DJ White Shadow;Fernando Garibay;Lady Gaga;Jeppe Laursen,2.0,1.0,1,0,DJ White Shadow;Fernando Garibay;Lady Gaga;Jeppe Laursen,2.0,1.0,1.0,0.0,1,Free;4/4,B,B,124.0,83.0,59.0,49.0,-5.0,0.0,0,0,0,0,0,0,0,0,0,0,0,0,0,0,0,0,0,0,0,0,0,0,0,0,0,E5,0,260,0,19,28,0,0,1,0,0,0,0,0,Self-Acceptance,0,0,0,0,0,0,0,0,0,0
E.T.,Katy Perry ft. Kanye West,2011,2010,Electronic/Dance,2011-04-09 00:00:00+00:00,5,1,6,6,9,7.0,2.0,Capitol,EMI,Electronic/Dance,Electronic;Pop,1.5,1,0,0,United States,29.5,2,2,2.0,Ammo;Dr. Luke;Max Martin;Katy Perry;Kanye West,Ammo;Dr. Luke;Max Martin;Katy Perry;Kanye West,2.0,2.0,1,0,Ammo;Dr. Luke;Max Martin,1.0,2.0,0.0,0.0,1,4/4,Fm,Fm,152.0,87.0,62.0,76.0,-5.0,2.0,0,0,0,0,0,0,0,0,0,0,0,0,0,0,0,0,0,0,0,0,0,0,0,0,0,C3V,1,229,0,17,31,1,0,0,0,0,0,0,0,Lust/Sex,0,0,1,0,0,0,0,0,0,0
S&M,Rihanna ft. Britney Spears,2011,2010,Electronic/Dance,2011-04-30 00:00:00+00:00,1,0,6,6,8,6.666666666666667,1.3333333333333333,Def Jam;SRP,Vivendi,Electronic/Dance,Electronic;Hip Hop;Pop,1.5,1,0,0,Barbados;United States,26.0,0,2,,Ester Dean;Mikkel Eriksen;Tor Hermansen;Sandy Vee,Ester Dean;Mikkel Eriksen;Tor Hermansen;Sandy Vee,2.0,2.0,0,0,Emily Wright;Kuk Harrell;Sandy Vee;Mikkel Eriksen;Tor Hermansen;Veronika Bozeman,2.0,2.0,0.0,0.0,1,4/4,Ebm,Ebm,128.0,81.0,82.0,89.0,-3.0,5.0,0,0,0,0,0,0,0,0,0,0,0,0,0,0,0,0,0,0,0,0,0,0,0,0,0,E5,0,257,0,0,30,1,0,0,0,0,0,1,1,Lust/Sex;Violence,0,0,1,0,0,0,0,0,0,0
Rolling in the Deep,Adele,2011,2010,Funk/Soul,2011-05-21 00:00:00+00:00,7,0,10,8,10,9.333333333333334,1.3333333333333333,Columbia;XL,Sony,Funk/Soul,Funk/Soul;Pop,1.0,0,0,0,United Kingdom,23.0,0,1,0.0,Adele Adkins;Paul Epworth,Adele;Paul Epworth,2.0,1.0,1,0,Paul Epworth,1.0,1.0,0.0,0.0,1,4/4,Cm,Cm,105.0,77.0,73.0,51.0,-5.0,14.0,0,0,1,1,0,0,0,0,0,0,0,1,0,1,0,0,0,0,0,0,0,0,0,0,0,C3,0,228,0,5,5,0,0,0,0,0,0,0,0,Lost Love,0,0,1,0,0,0,0,0,0,0
Give Me Everything,"Pitbull ft. Ne-Yo, Afrojack, & Nayer",2011,2010,Electronic/Dance,2011-07-08 00:00:00+00:00,1,0,4,5,10,6.333333333333333,4.0,Mr. 305;Polo Grounds;J,Sony,Electronic/Dance,Electronic;Hip Hop,1.5,1,0,0,United States;Netherlands,30.0,2,2,,Pitbull;Afrojack;Ne-Yo,Pitbull;Afrojack;Ne-Yo,1.0,2.0,1,1,Afrojack,1.0,1.0,1.0,1.0,1,4/4,Eb,Eb,129.0,94.0,67.0,53.0,-3.0,19.0,0,0,0,1,0,0,0,0,0,0,0,0,0,0,0,0,0,0,0,0,0,0,0,0,0,C3,0,252,0,12,15,0,0,0,0,0,0,1,1,Partying;Bragging;Lust/Sex,0,0,0,0,0,0,0,0,0,0
Party Rock Anthem,LMFAO ft. Lauren Bennett & GoonRock,2011,2010,Electronic/Dance,2011-07-16 00:00:00+00:00,6,0,5,3,10,6.0,4.666666666666667,will.i.am;Interscope,Vivendi,Electronic/Dance,Electronic,2.5,1,0,0,United States;United Kingdom,29.5,2,2,,GoonRock;Peter Schoeder;Sky Blu;RedFoo,GoonRock;Peter Schoeder;Sky Blu;RedFoo,1.0,0.0,1,0,GoonRock;RedFoo,1.0,0.0,1.0,1.0,1,4/4,Fm,Fm,130.0,73.0,75.0,36.0,-4.0,2.0,0,0,0,0,0,0,0,0,0,0,0,0,0,0,0,0,0,0,0,0,0,0,0,0,0,E1,0,266,0,93,29,0,0,0,0,0,0,1,1,Partying,0,0,0,0,0,0,0,0,0,0
Last Friday Night (T.G.I.F.),Katy Perry,2011,2010,Pop,2011-08-27 00:00:00+00:00,2,0,5,7,9,7.0,2.6666666666666665,Capitol,EMI,Pop,Electronic;Pop,1.0,0,0,0,United States,26.0,0,1,0.0,Dr. Luke;Max Martin;Bonnie McKee;Katy Perry,Dr. Luke;Max Martin;Bonnie McKee;Katy Perry,2.0,1.0,1,0,Dr. Luke;Max Martin,1.0,1.0,0.0,0.0,1,4/4,Gb,Gb,126.0,81.0,65.0,72.0,-4.0,0.0,0,0,1,0,0,1,0,0,0,0,0,0,0,0,0,0,0,0,0,0,1,0,0,0,0,E4,0,230,0,28,7,0,0,0,0,0,0,0,0,Partying,0,0,1,0,0,0,0,0,0,0
Moves Like Jagger,Maroon 5 ft. Christina Aguilera,2011,2010,Funk/Soul,2011-09-10 00:00:00+00:00,4,1,5,5,7,5.666666666666667,1.3333333333333333,A&M Octone,Vivendi,Funk/Soul,Electronic;Pop,0.5,1,0,0,United States,31.0,2,1,0.0,Benny Blanco;Adam Levine;Shellback;Ammar Malik,Benny Blanco;Adam Levine;Shellback;Ammar Malik,1.0,2.0,1,0,Benny Blanco;Shellback,1.0,1.0,0.0,0.0,1,4/4,Bm,Bm,128.0,76.0,72.0,62.0,-4.0,1.0,0,0,1,0,0,0,0,0,0,0,0,0,0,0,0,1,0,0,0,0,0,0,0,0,0,C1,0,201,0,28,14,0,0,0,0,0,0,0,0,Lust/Sex,0,0,1,0,0,0,0,0,0,0
Someone Like You,Adele,2011,2010,Pop,2011-09-17 00:00:00+00:00,5,1,10,10,10,10.0,0.0,Columbia;XL,Sony,Pop,Funk/Soul;Pop,1.0,0,0,0,United Kingdom,23.0,0,1,0.0,Adele Adkins;Dan Wilson,Adele;Dan Wilson,2.0,1.0,1,0,Dan Wilson,1.0,1.0,0.0,0.0,1,4/4,A,A,135.0,32.0,56.0,29.0,-8.0,89.0,0,0,0,1,0,0,0,0,0,0,0,1,0,0,0,0,0,0,0,0,0,0,0,0,0,E3,0,285,0,35,14,0,0,0,0,0,0,0,0,Lost Love,0,0,0,0,0,0,0,0,0,0
We Found Love,Rihanna ft. Calvin Harris,2011,2010,Electronic/Dance,2011-11-12 00:00:00+00:00,10,1,8,8,10,8.666666666666666,1.3333333333333333,Def Jam;SRP,Vivendi,Electronic/Dance,Electronic,1.5,0,0,0,Barbados;United Kingdom,25.0,2,2,,Calvin Harris,Calvin Harris,1.0,1.0,1,1,Calvin Harris,1.0,1.0,1.0,1.0,1,4/4,Dbm,Dbm,128.0,77.0,73.0,60.0,-4.0,3.0,0,0,0,1,0,0,0,0,0,0,0,1,0,0,0,0,0,0,0,0,0,0,0,0,0,C1,0,215,0,81,8,0,0,0,0,0,0,0,0,Longing for Love,0,0,0,0,0,0,0,0,0,0
Sexy and I Know It,LMFAO,2012,2010,Electronic/Dance,2012-01-07 00:00:00+00:00,2,0,5,4,8,5.666666666666667,2.6666666666666665,will.i.am;Interscope,Vivendi,Electronic/Dance,Electronic;Hip Hop,2.0,0,0,0,United States,30.5,1,0,,Erin Beck;George Robertson;GoonRock;Kenneth Oliver;Sky Blu;RedFoo,Erin Beck;George Robertson;GoonRock;Kenneth Oliver;Sky Blu;RedFoo,2.0,2.0,1,0,GoonRock;RedFoo,1.0,0.0,1.0,0.0,1,4/4,Gm,Gm,130.0,86.0,71.0,80.0,-4.0,10.0,0,0,0,0,0,0,0,0,0,0,0,0,0,1,0,0,0,0,0,0,0,0,0,0,0,E3,0,199,0,68,15,0,0,0,0,0,0,0,0,Bragging;Badassery,0,0,0,0,0,0,0,0,0,0
Set Fire to the Rain,Adele,2012,2010,Pop,2012-02-04 00:00:00+00:00,2,0,6,6,10,7.333333333333333,2.6666666666666665,Columbia;XL,Sony,Pop,Funk/Soul;Pop,1.0,0,0,0,United Kingdom,23.0,0,1,0.0,Adele Adkins;Fraser Smith,Adele Adkins;Fraser Smith,2.0,1.0,1,0,Fraser Smith,1.0,1.0,0.0,0.0,1,4/4,Dm,Dm,108.0,67.0,60.0,45.0,-4.0,0.0,0,0,0,1,1,0,0,0,0,0,0,0,0,0,0,0,0,0,0,0,0,0,0,0,0,E3,0,242,0,15,8,0,0,0,0,0,0,0,0,Lost Love,0,0,0,0,0,0,0,0,0,0
Stronger (What Doesn't Kill You),Kelly Clarkson,2012,2010,Electronic/Dance,2012-02-18 00:00:00+00:00,3,1,6,5,8,6.333333333333333,2.0,RCA,Sony,Electronic/Dance,Electronic;Rock;Pop,1.0,0,0,0,United States,29.0,0,1,0.0,Jörgen Elofsson;Ali Tamposi;David Gamson;Greg Kurstin,Jörgen Elofsson;Ali Tamposi;David Gamson;Greg Kurstin,2.0,1.0,0,0,Greg Kurstin,1.0,1.0,0.0,0.0,1,4/4,Am,Am,116.0,94.0,56.0,68.0,-4.0,5.0,0,0,1,0,0,0,0,0,0,0,0,0,0,0,0,0,0,0,0,0,0,0,0,0,0,E3,0,221,0,18,8,0,0,0,0,0,0,0,0,Empowerment;Lost Love,0,0,0,0,0,0,0,0,0,0
Part of Me,Katy Perry,2012,2010,Pop,2012-03-03 00:00:00+00:00,1,0,6,7,8,7.0,1.3333333333333333,Capitol,Vivendi,Pop,Electronic;Pop,1.0,0,0,0,United States,27.0,0,1,0.0,Dr. Luke;Max Martin;Bonnie McKee;Katy Perry,Dr. Luke;Max Martin;Bonnie McKee;Katy Perry,2.0,1.0,1,0,Cirkut;Dr. Luke;Max Martin,1.0,1.0,0.0,0.0,1,4/4,F,F,130.0,92.0,68.0,77.0,-5.0,0.0,0,0,1,0,0,0,0,0,0,0,0,1,0,0,0,0,0,0,0,0,0,0,0,0,0,E1,0,216,0,18,2,0,0,0,0,0,0,0,0,Empowerment;Lost Love,0,0,0,0,0,0,0,0,0,0
We Are Young,fun. ft. Janelle Monáe,2012,2010,Pop,2012-03-17 00:00:00+00:00,6,0,7,5,7,6.333333333333333,1.3333333333333333,Fueled By Ramen,Warner Bros.,Pop,Rock,0.5,1,0,0,United States,30.0,3,1,0.0,Jack Antonoff;Jeff Bhasker;Andrew Dost;Nate Ruess,Jack Antonoff;Jeff Bhasker;Andrew Dost;Nate Ruess,1.0,2.0,1,0,Jeff Bhasker,1.0,2.0,0.0,0.0,1,4/4,F,F,92.0,64.0,38.0,74.0,-6.0,2.0,0,0,0,1,0,0,0,0,0,0,0,0,0,0,0,0,0,0,0,0,0,0,0,0,0,E1,0,250,0,8,8,0,0,0,0,0,0,0,0,Friendship;Love;Sadness,0,0,0,0,0,0,0,0,0,0
Somebody That I Used to Know,Gotye ft. Kimbra,2012,2010,Pop,2012-04-28 00:00:00+00:00,8,0,9,7,8,8.0,1.3333333333333333,Republic,Vivendi,Pop,Electronic;Pop,1.5,1,0,0,Belgium;New Zealand,31.0,2,1,0.0,Luiz Bonfa;Gotye,Gotye,1.0,2.0,1,0,Gotye,1.0,1.0,1.0,1.0,1,4/4,Dm,Dm,129.0,50.0,86.0,72.0,-7.0,59.0,0,0,1,0,0,0,0,0,0,0,0,0,0,0,0,0,0,0,0,0,0,0,0,0,0,C1,0,244,0,72,19,0,0,0,0,0,1,1,1,Lost Love,0,0,0,0,0,0,0,0,0,0
Call Me Maybe,Carly Rae Jepsen,2012,2010,Pop,2012-06-23 00:00:00+00:00,9,0,7,7,8,7.333333333333333,0.6666666666666666,Interscope,Vivendi,Pop,Pop,1.0,0,0,0,Canada,31.0,0,1,0.0,Tavish Crowe;Carly Rae Jepsen;Josh Ramsey,Tavish Crowe;Carly Rae Jepsen;Josh Ramsey,2.0,1.0,1,0,Josh Ramsey,1.0,1.0,0.0,0.0,1,4/4,G,G,120.0,58.0,78.0,66.0,-7.0,1.0,0,0,0,0,1,0,0,0,0,0,0,0,0,0,0,0,0,0,0,0,0,0,0,0,0,C4,0,193,0,24,4,0,0,0,0,0,0,0,0,Longing for Love,0,0,0,0,0,0,0,0,0,0
Whistle,Flo Rida,2012,2010,Pop,2012-08-25 00:00:00+00:00,2,1,3,3,2,2.6666666666666665,0.6666666666666666,Atlantic,Warner Bros.,Pop,Hip Hop;Pop,1.0,0,0,0,United States,32.0,1,0,1.0,Flo Rida;DJ Frank E;David Glass;Breyan Isaac;Jovii Hendrix;Arthur Pingrey;Joshua Ralph;Marcus Killian,Flo Rida;DJ Frank E;David Glass;Breyan Isaac;Jovii Hendrix;Arthur Pingrey;Joshua Ralph;Marcus Killian,1.0,2.0,1,0,DJ Frank E;David Glass,1.0,1.0,0.0,0.0,1,4/4,C,C,104.0,94.0,75.0,74.0,-6.0,2.0,0,0,1,0,0,0,0,0,0,0,0,0,0,0,0,1,0,0,0,0,0,0,0,0,0,C5,0,224,0,73,8,0,0,0,0,0,0,0,0,Lust/Sex,0,0,1,0,0,0,0,0,0,0
We Are Never Ever Getting Back Together,Taylor Swift,2012,2010,Pop,2012-09-01 00:00:00+00:00,3,1,6,6,9,7.0,2.0,Big Machine,Big Machine,Pop,Rock;Pop,1.0,0,0,0,United States,22.0,0,1,0.0,Max Martin;Shellback;Taylor Swift,Max Martin;Shellback;Taylor Swift,2.0,1.0,1,0,Max Martin;Shellback,1.0,1.0,0.0,0.0,1,4/4,G,G,86.0,68.0,63.0,75.0,-6.0,1.0,0,0,1,0,0,0,0,0,0,0,0,0,0,0,0,0,0,0,0,0,0,0,0,0,0,E3,0,191,0,10,5,0,0,0,0,0,0,0,0,Bad Relationships;Lost Love,0,1,0,0,0,0,0,0,0,0
One More Night,Maroon 5,2012,2010,Pop,2012-09-29 00:00:00+00:00,9,0,3,2,1,2.0,1.3333333333333333,A&M Octone,Vivendi,Pop,Rock;Funk/Soul;Pop,0.0,0,0,0,United States,33.0,1,2,2.0,Savan Kotecha;Max Martin;Shellback;Adam Levine,Savan Kotecha;Max Martin;Shellback;Adam Levine,1.0,1.0,1,0,Max Martin;Shellback,1.0,1.0,0.0,0.0,1,4/4,Fm,Fm,93.0,82.0,72.0,61.0,-3.0,4.0,0,0,1,0,0,0,0,0,0,0,0,0,0,0,0,0,0,0,0,0,0,0,0,0,0,C3,0,209,0,10,10,0,0,0,0,0,0,0,0,Lust/Sex;Bad Relationships,0,0,1,0,0,0,0,0,0,0
Diamonds,Rihanna,2012,2010,Electronic/Dance,2012-12-01 00:00:00+00:00,3,0,6,7,6,6.333333333333333,0.6666666666666666,Def Jam;SRP,Vivendi,Electronic/Dance,Electronic;Pop,1.0,0,0,0,Barbados,24.0,0,0,,Mikkel Eriksen;Tor Hermansen;Sia;Benny Blanco,Mikkel Eriksen;Tor Hermansen;Sia;Benny Blanco,2.0,2.0,0,0,Benny Blanco;Kuk Harrell;Mikkel Eriksen;Tor Hermansen,1.0,2.0,0.0,0.0,1,4/4,Bm,Bm,92.0,71.0,56.0,39.0,-5.0,0.0,0,0,0,1,1,0,0,0,0,0,0,0,0,0,0,0,0,0,0,0,0,0,0,0,0,C1,0,225,0,0,13,0,0,0,0,0,0,0,0,Love,0,0,0,0,0,0,0,0,0,0
Locked Out of Heaven,Bruno Mars,2012,2010,Rock,2012-12-22 00:00:00+00:00,6,0,7,6,8,7.0,1.3333333333333333,Atlantic,Warner Bros.,Rock,Electronic;Funk/Soul;Pop,1.0,0,0,0,United States,27.0,1,0,1.0,Bruno Mars;Philip Lawrence;Ari Levine,Bruno Mars;Philip Lawrence;Ari Levine,1.0,2.0,1,0,Bruno Mars;Philip Lawrence;Ari Levine;Mark Ronson;Jeff Bhasker;Emile Haynie,1.0,2.0,1.0,0.0,1,4/4,F,F,144.0,70.0,73.0,87.0,-4.0,5.0,0,1,1,0,0,0,0,0,0,0,0,0,0,0,0,0,0,0,0,0,0,0,0,0,0,E3,0,233,0,43,17,0,0,0,0,0,0,0,0,Bad Relationships,0,0,1,0,0,0,0,0,0,0
Thrift Shop,Macklemore & Ryan Lewis ft. Wanz,2013,2010,Hip Hop,2013-02-02 00:00:00+00:00,6,1,5,1,7,4.333333333333333,4.0,Macklemore LLC,Macklemore LLC,Hip Hop,Hip Hop,2.5,1,0,0,United States,29.0,1,2,2.0,Mackemore;Ryan Lewis,Mackemore;Ryan Lewis,1.0,1.0,1,1,Ryan Lewis,1.0,1.0,1.0,1.0,1,4/4,Abm,Abm,95.0,53.0,78.0,67.0,-7.0,6.0,0,0,0,0,0,1,0,0,0,0,0,0,0,0,0,0,0,0,0,0,1,0,0,0,0,E1,0,235,0,43,33,1,0,0,0,0,0,0,0,Thrift Shopping;Bragging,0,0,1,0,0,0,0,0,0,0
Harlem Shake,Baauer,2013,2010,Electronic/Dance,2013-03-02 00:00:00+00:00,5,0,2,6,1,3.0,3.333333333333333,Jeffree's,Mad Decent,Electronic/Dance,Hip Hop,1.0,0,0,0,United States,23.0,1,1,0.0,Hector Delgado;Kurt Hunte;Jayson Musson;Baauer,Baauer,1.0,2.0,1,0,Baauer,1.0,1.0,1.0,1.0,1,4/4,Bbm,Bbm,138.0,79.0,45.0,28.0,-5.0,1.0,0,1,0,0,0,0,0,0,0,0,0,0,0,1,0,0,0,0,0,0,0,0,0,0,0,I,0,196,1,196,16,0,0,0,0,0,1,0,1,,0,0,0,0,0,0,0,1,0,0
When I Was Your Man,Bruno Mars,2013,2010,Pop,2013-04-20 00:00:00+00:00,1,0,8,8,9,8.333333333333334,0.6666666666666666,Atlantic,Warner Bros.,Pop,Pop,1.0,0,0,0,United States,27.0,1,0,1.0,Bruno Mars;Philip Lawrence;Ari Levine;Andrew Wyatt,Bruno Mars;Philip Lawrence;Ari Levine;Andrew Wyatt,1.0,2.0,1,0,Bruno Mars;Philip Lawrence;Ari Levine,1.0,2.0,1.0,0.0,1,4/4,C,C,73.0,28.0,61.0,39.0,-9.0,93.0,0,0,0,1,0,0,0,0,0,0,0,0,0,0,0,0,0,0,0,0,0,0,0,0,0,E3,0,213,0,21,13,0,0,0,0,0,0,0,0,Lost Love,0,0,0,0,0,0,0,0,0,0
Just Give Me a Reason,P!nk ft. Nate Ruess,2013,2010,Pop,2013-04-27 00:00:00+00:00,3,0,3,5,9,5.666666666666667,4.0,RCA,Sony,Pop,Rock;Pop,1.5,1,0,0,United States,32.0,2,1,0.0,Pink;Jeff Bhasker;Nate Ruess,Pink;Jeff Bhasker;Nate Ruess,2.0,2.0,1,0,Jeff Bhasker,1.0,0.0,0.0,0.0,1,4/4,G,G,95.0,55.0,78.0,44.0,-7.0,35.0,0,0,0,1,0,0,0,0,0,0,0,0,0,0,0,0,0,0,0,0,0,0,0,0,0,E3,0,242,0,33,10,0,0,0,0,0,0,0,0,Lost Love,0,0,0,0,0,0,0,0,0,0
Can't Hold Us,Macklemore & Ryan Lewis ft. Ray Dalton,2013,2010,Hip Hop,2013-05-18 00:00:00+00:00,5,0,7,6,6,6.333333333333333,0.6666666666666666,Macklemore LLC,Macklemore LLC,Hip Hop,Hip Hop,2.5,1,0,0,United States,29.0,1,2,2.0,Mackemore;Ryan Lewis;Ray Dalton,Mackemore;Ryan Lewis;Ray Dalton,1.0,2.0,1,1,Ryan Lewis,1.0,1.0,1.0,1.0,1,4/4,G,G,146.0,92.0,64.0,85.0,-4.0,3.0,0,0,0,1,0,1,0,0,0,0,0,0,0,1,0,0,0,0,0,0,0,0,0,0,0,E1,0,258,0,45,20,0,0,0,0,0,0,0,0,Bragging;Partying,0,0,1,0,0,0,0,0,0,0
Blurred Lines,Robin Thicke ft. T.I. & Pharrell Williiams,2013,2010,Funk/Soul,2013-06-22 00:00:00+00:00,12,0,7,7,9,7.666666666666667,1.3333333333333333,Star Trak,Vivendi,Funk/Soul,Hip Hop;Funk/Soul,1.5,1,0,0,United States,36.0,1,2,2.0,T.I.;Robin Thicke;Pharrell Williams,T.I.;Robin Thicke;Pharrell Williams,1.0,2.0,1,1,Pharrell Williams,1.0,0.0,1.0,1.0,1,4/4,G,G,120.0,50.0,86.0,88.0,-8.0,0.0,0,1,0,1,0,0,0,0,0,0,0,0,0,0,0,0,0,0,0,0,0,0,0,0,0,C1V,1,263,0,35,19,0,0,1,0,0,0,1,1,Lust/Sex,0,0,1,0,0,0,0,0,0,0
Roar,Katy Perry,2013,2010,Pop,2013-09-14 00:00:00+00:00,2,0,9,6,5,6.666666666666667,2.6666666666666665,Capitol,Vivendi,Pop,Pop,1.0,0,0,0,United States,28.0,0,1,0.0,Dr. Luke;Max Martin;Bonnie McKee;Katy Perry;Cirkut,Dr. Luke;Max Martin;Bonnie McKee;Katy Perry;Cirkut,2.0,1.0,1,0,Dr. Luke;Max Martin;Cirkut,1.0,1.0,0.0,0.0,1,4/4,Bb,Bb,90.0,77.0,55.0,46.0,-5.0,0.0,0,0,0,1,0,0,0,0,0,0,0,0,0,0,0,0,0,0,0,0,0,0,0,0,0,C4,0,223,0,16,5,0,0,0,0,0,0,0,0,Empowerment;Hope,0,0,0,0,0,0,0,0,0,0
Wrecking Ball,Miley Cyrus,2013,2010,Pop,2013-09-28 00:00:00+00:00,3,1,8,7,8,7.666666666666667,0.6666666666666666,RCA,Sony,Pop,Pop,1.0,0,0,0,United States,20.0,3,1,0.0,Dr. Luke;Kiyanu Kim;Mozella;Stephan Moccio;Sacha Skarbek;Cirkut,Dr. Luke;Kiyanu Kim;Mozella;Stephan Moccio;Sacha Skarbek;Cirkut,2.0,2.0,0,0,Dr. Luke;Cirkut,1.0,1.0,0.0,0.0,1,4/4,Dm,Dm,120.0,42.0,53.0,35.0,-6.0,41.0,0,0,0,1,1,0,0,0,0,0,0,0,0,0,0,0,0,0,0,0,0,0,0,0,0,E3,0,221,0,15,7,0,0,0,0,0,0,0,0,Lost Love,0,0,0,0,0,0,0,0,0,0
Royals,Lorde,2013,2010,Pop,2013-10-12 00:00:00+00:00,9,0,9,9,10,9.333333333333334,0.6666666666666666,Lava;Republic,Vivendi,Pop,Rock;Pop,1.0,0,0,0,New Zealand,16.0,0,1,0.0,Lorde;Joel Little,Lorde;Joel Little,2.0,1.0,1,0,Joel Little,1.0,1.0,0.0,0.0,1,4/4,D,D,85.0,43.0,67.0,34.0,-10.0,12.0,0,1,0,0,0,0,0,0,0,0,0,0,0,1,0,0,0,0,0,0,0,0,0,0,0,E1,0,190,0,16,0,0,0,0,0,0,0,0,0,Materialism;Escape,0,0,0,0,0,0,0,0,0,0
The Monster,Eminem ft. Rihanna,2013,2010,Hip Hop,2013-12-21 00:00:00+00:00,4,0,4,4,4,4.0,0.0,Shady;Aftermath,Vivendi,Hip Hop,Hip Hop;Pop,1.5,1,0,0,United States;Barbados,33.0,2,2,2.0,Maki Athanasiou;Jon Bellion;Rihanna;Frequency;Aalias;Eminem;Bebe Rexha,Maki Athanasiou;Jon Bellion;Rihanna;Frequency;Aalias;Eminem;Bebe Rexha,2.0,2.0,1,0,Aalias;Frequency,1.0,1.0,0.0,0.0,1,4/4,Dbm,Dbm,110.0,85.0,78.0,62.0,-4.0,5.0,0,0,1,0,0,0,0,0,0,0,0,0,0,0,0,0,0,0,0,0,0,0,0,0,0,C5,0,250,0,0,0,0,0,0,0,0,0,0,0,Empowerment;Doubt;Paranoia,0,0,1,0,0,0,0,0,0,0
Timber,Pitbull ft. Kesha,2014,2010,Pop,2014-01-18 00:00:00+00:00,3,0,3,6,6,5.0,2.0,Polo Grounds;RCA;Mr. 305,Sony,Pop,Electronic;Hip Hop,1.5,1,0,0,United States,29.0,2,2,0.0,Steven Arrington;Charles Carter;Greg Errico;Dr. Luke;Muni Long;Waung Hankerson;Breyan Isaac;Keri Oskar;Lee Oskar;Roger Parker;Pitbull;Sermstyle;Kesha;Cirkut,Dr. Luke;Muni Long;Waung Hankerson;Breyan Isaac;Pitbull;Sermstyle;Kesha;Cirkut,2.0,2.0,1,0,Cirkut;Dr. Luke;Sermstyle,1.0,1.0,0.0,0.0,1,4/4,B,B,130.0,96.0,58.0,79.0,-4.0,3.0,0,0,1,0,0,0,0,0,0,0,0,0,0,1,1,0,0,0,0,0,0,0,0,0,0,C4,0,204,0,7,7,0,0,0,0,0,0,1,1,Partying,0,0,1,0,0,0,0,0,0,0
Dark Horse,Katy Perry ft. Juicy J,2014,2010,Electronic/Dance,2014-02-08 00:00:00+00:00,4,0,4,2,3,3.0,1.3333333333333333,Capitol,Vivendi,Electronic/Dance,Electronic;Pop,1.5,1,0,0,United States,33.5,2,2,2.0,Dr. Luke;Juicy J;Sarah Hudson;Max Martin;Katy Perry;Cirkut,Dr. Luke;Juicy J;Sarah Hudson;Max Martin;Katy Perry;Cirkut,2.0,2.0,1,0,Dr. Luke;Max Martin;Cirkut,1.0,1.0,0.0,0.0,1,4/4,Bbm,Bbm,132.0,59.0,65.0,35.0,-6.0,0.0,0,0,0,1,0,0,0,0,0,0,0,0,0,0,0,0,0,0,0,0,0,0,0,0,0,C3V,1,215,0,16,15,0,0,0,0,0,0,0,0,Lust/Sex;Longing for Love,0,0,1,0,0,0,0,0,0,0
Happy,Pharrell Williams,2014,2010,Funk/Soul,2014-03-08 00:00:00+00:00,10,0,6,6,8,6.666666666666667,1.3333333333333333,Columbia,Sony,Funk/Soul,Funk/Soul,1.0,0,0,0,United States,40.0,1,0,1.0,Pharrell Williams,Pharrell Williams,1.0,0.0,1,1,Pharrell Williams,1.0,0.0,1.0,1.0,1,4/4,Fm,Fm,160.0,82.0,65.0,96.0,-5.0,22.0,0,0,0,1,0,0,0,0,0,0,0,0,0,1,0,0,0,0,0,0,0,0,0,0,0,E1,0,232,0,25,2,0,0,0,0,0,0,0,0,Happiness,0,0,0,0,0,1,0,0,0,0
All of Me,John Legend,2014,2010,Pop,2014-05-17 00:00:00+00:00,3,0,6,4,7,5.666666666666667,2.0,Columbia,Sony,Pop,Funk/Soul;Pop,1.0,0,0,0,United States,35.0,1,0,1.0,Toby Gad;John Legend,Toby Gad;John Legend,1.0,2.0,1,0,Dave Tozer;John Legend,1.0,0.0,1.0,0.0,1,4/4,Ab,Ab,120.0,26.0,42.0,33.0,-7.0,92.0,0,0,0,1,0,0,0,0,0,0,0,1,0,0,0,0,0,0,0,0,0,0,0,0,0,E4,0,269,0,8,8,0,0,0,0,0,0,0,0,Love,0,0,0,0,0,0,0,0,0,0
Fancy,Iggy Azalea ft. Charli XCX,2014,2010,Hip Hop,2014-06-07 00:00:00+00:00,7,0,5,3,8,5.333333333333333,3.333333333333333,Def Jam,Vivendi,Hip Hop,Electronic;Hip Hop;Pop,1.5,1,0,0,Australia;United Kingdom,22.5,0,1,0.0,Charli XCX;George Astasio;Iggy Azalea;The Arcade;Jason Pebworth;Jonathan Shave;John Turner,Charli XCX;George Astasio;Iggy Azalea;The Arcade;Jason Pebworth;Jonathan Shave;John Turner,2.0,1.0,1,0,George Astasio;The Arcade;Jason Pebworth;Jonathan Shave;John Turner,1.0,1.0,0.0,0.0,1,4/4,Ebm,Ebm,95.0,72.0,91.0,38.0,-4.0,9.0,0,1,0,0,0,0,0,0,0,0,0,0,0,1,0,0,0,0,0,0,0,0,0,0,0,E1,0,199,0,13,8,0,0,0,0,0,0,0,0,Partying;Materialism,0,0,1,0,0,0,0,0,0,0
Rude,MAGIC!,2014,2010,Reggae,2014-07-26 00:00:00+00:00,6,0,4,4,7,5.0,2.0,RCA,Sony,Reggae,Reggae;Pop,0.0,0,0,0,Canada,33.0,1,2,,Nasri Atweh;Adam Messinger;Mark Pellizzer;Ben Spivak;Alexander Tanasijczuk,Nasri Atweh;Adam Messinger;Mark Pellizzer;Ben Spivak;Alexander Tanasijczuk,1.0,2.0,1,0,Adam Messinger,1.0,1.0,0.0,0.0,1,4/4,Db,Db,144.0,76.0,77.0,93.0,-5.0,4.0,0,0,1,0,0,0,0,0,0,0,0,0,0,0,0,0,0,0,0,0,0,0,0,0,0,C4,0,224,0,37,1,0,0,0,0,0,0,1,1,Marriage,1,0,0,0,0,0,0,0,0,0
Shake It Off,Taylor Swift,2014,2010,Pop,2014-09-06 00:00:00+00:00,4,1,7,8,7,7.333333333333333,0.6666666666666666,Big Machine,Big Machine,Pop,Pop,1.0,0,0,0,United States,24.0,0,1,0.0,Max Martin;Shellback;Taylor Swift,Max Martin;Shellback;Taylor Swift,2.0,1.0,1,0,Max Martin;Shellback,1.0,1.0,0.0,0.0,1,4/4,G,G,160.0,79.0,65.0,94.0,-5.0,6.0,0,0,0,0,0,1,0,0,0,0,0,0,0,1,0,0,0,0,0,0,1,0,1,0,0,E3,0,209,0,5,5,0,0,0,0,0,0,0,0,Lost Love;Resilience,0,1,0,0,0,0,0,0,0,0
All About that Bass,Meghan Trainor,2014,2010,Pop,2014-09-20 00:00:00+00:00,8,0,3,4,4,3.6666666666666665,0.6666666666666666,Epic,Sony,Pop,Reggae;Funk/Soul;Pop,1.0,0,0,0,United States,20.0,0,1,0.0,Meghan Trainor;Kevin Kadish,Meghan Trainor;Kevin Kadish,2.0,1.0,1,0,Kevin Kadish,1.0,1.0,0.0,0.0,1,4/4,A,A,134.0,89.0,81.0,96.0,-4.0,6.0,0,0,0,1,0,0,0,0,0,0,0,1,0,1,0,0,0,0,0,0,0,0,0,0,0,C3,0,187,0,14,0,0,0,0,0,0,0,1,1,Empowerment,0,0,0,0,0,0,0,0,0,0
Blank Space,Taylor Swift,2014,2010,Pop,2014-11-29 00:00:00+00:00,7,0,8,10,10,9.333333333333334,1.3333333333333333,Big Machine,Big Machine,Pop,Electronic;Pop,1.0,0,0,0,United States,24.0,0,1,0.0,Max Martin;Shellback;Taylor Swift,Max Martin;Shellback;Taylor Swift,2.0,1.0,1,0,Max Martin;Shellback,1.0,1.0,0.0,0.0,1,4/4,F,F,96.0,68.0,75.0,58.0,-5.0,9.0,0,0,0,0,0,0,0,0,0,0,0,0,0,0,0,0,0,0,0,0,0,0,0,0,0,E1,0,231,0,10,5,0,0,0,0,0,0,0,0,Lost Love;Bad Relationships,0,0,0,0,0,0,0,0,0,0
Uptown Funk,Mark Ronson ft. Bruno Mars,2015,2010,Funk/Soul,2015-01-17 00:00:00+00:00,14,0,9,8,10,9.0,1.3333333333333333,Columbia,Sony,Funk/Soul,Hip Hop;Funk/Soul,1.5,0,0,0,United States;United Kingdom,34.0,1,2,2.0,Jeff Bhaskher;Devon Gallapsy;Bruno Mars;Philip Lawrence;Mark Ronson;Lonnie Simmons;Rudolph Taylor;Trinidad James;Charles Wilson;Robert Wilson;Ronnie Wilson,Jeff Bhaskher;Bruno Mars;Philip Lawrence;Mark Ronson,1.0,2.0,1,0,Bruno Mars;Jeff Bhasker;Mark Ronson,1.0,2.0,1.0,0.0,1,4/4,F,F,115.0,61.0,86.0,93.0,-7.0,1.0,0,1,1,0,0,1,0,0,0,0,0,0,0,1,0,0,0,0,0,0,1,0,0,0,0,E3,0,269,0,62,8,1,0,0,0,0,0,1,1,Bragging;Badassery;Dancing;Partying,0,0,1,0,0,0,0,0,0,0
See You Again,Wiz Khalifa ft. Charlie Puth,2015,2010,Hip Hop,2015-04-25 00:00:00+00:00,12,1,2,2,5,3.0,2.0,Atlantic,Warner Bros.,Hip Hop,Hip Hop,1.5,1,0,0,United States,25.0,1,2,2.0,Andrew Cedar;Phoebe Cockburn;DJ Frank E;Joshua Hardy;Dann Hume;Charlie Puth;Wiz Khalifa,Andrew Cedar;Phoebe Cockburn;DJ Frank E;Joshua Hardy;Dann Hume;Charlie Puth;Wiz Khalifa,2.0,2.0,1,0,Andrew Cedar;Charlie Puth;DJ Frank E;Kevin Weaver;Mike Caren,1.0,2.0,1.0,0.0,1,4/4,Bb,Bb,80.0,48.0,69.0,28.0,-8.0,37.0,0,0,0,1,0,0,0,0,0,0,0,0,0,0,0,0,0,0,0,0,0,0,0,0,0,E4,0,229,0,16,11,0,0,0,0,0,0,0,0,Death,0,0,0,0,0,1,0,0,0,0
Bad Blood,Taylor Swift ft. Kendrick Lamar,2015,2010,Hip Hop,2015-06-06 00:00:00+00:00,1,0,3,6,5,4.666666666666667,2.0,Big Machine,Big Machine,Hip Hop,Hip Hop;Pop,1.5,1,0,0,United States,26.0,2,2,2.0,Max Martin;Shellback;Taylor Swift;Kendrick Lamar,Max Martin;Shellback;Taylor Swift;Kendrick Lamar,2.0,2.0,1,0,Ilya;Max Martin;Shellback,1.0,1.0,0.0,0.0,1,4/4,Em,Em,170.0,66.0,65.0,22.0,-7.0,3.0,0,0,0,0,0,0,0,0,0,0,0,0,0,0,0,0,0,0,0,0,0,0,0,0,0,E3,0,200,0,0,0,0,0,0,0,0,0,1,1,Bad Relationships;Lost Love,0,0,0,0,0,0,0,0,0,0
Cheerleader,OMI,2015,2010,Electronic/Dance,2015-07-25 00:00:00+00:00,6,1,4,7,2,4.333333333333333,3.333333333333333,Columbia;Ultra,Sony,Electronic/Dance,Electronic;Reggae,1.0,0,0,0,Jamaica,28.0,1,0,,Mark Bradford;Clifton Dillon;Ryan Dillon;Sly Dunbar;Omi,Mark Bradford;Clifton Dillon;Ryan Dillon;Sly Dunbar;Omi,1.0,1.0,1,0,Clifton Dillon;Omi;Felix Jaehn,1.0,2.0,1.0,0.0,1,4/4,E,E,118.0,68.0,78.0,59.0,-6.0,14.0,0,0,0,1,0,1,0,0,0,0,0,0,0,0,0,0,0,0,0,0,0,0,1,0,0,E3,0,180,0,65,15,0,0,0,0,0,0,0,0,Love;Lust/Sex,0,0,0,0,0,0,0,0,0,0
Can't Feel My Face,The Weeknd,2015,2010,Electronic/Dance,2015-08-22 00:00:00+00:00,3,1,9,9,8,8.666666666666666,0.6666666666666666,XO;Republic,Vivendi,Electronic/Dance,Hip Hop,1.0,0,0,0,Canada,25.0,1,0,1.0,The Weeknd;Ali Payami;Max Martin;Peter Svennson;Savan Kotecha,The Weeknd;Ali Payami;Max Martin;Peter Svennson;Savan Kotecha,1.0,2.0,1,0,Max Martin;Ali Payami,1.0,1.0,0.0,0.0,1,4/4,Am,Am,108.0,77.0,71.0,58.0,-6.0,11.0,0,1,0,1,0,0,0,0,0,0,0,0,0,1,0,0,0,0,0,0,0,0,0,0,0,C3,0,213,0,30,8,0,0,0,0,0,0,0,0,Partying;Bad Behavior,0,0,0,0,0,0,0,0,0,0
What Do You Mean?,Justin Bieber,2015,2010,Electronic/Dance,2015-09-19 00:00:00+00:00,1,0,7,5,6,6.0,1.3333333333333333,Def Jam,Vivendi,Electronic/Dance,Electronic;Pop,1.0,0,0,0,Canada,21.0,1,1,0.0,Poo Bear;Justin Bieber;MdL,Poo Bear;Justin Bieber;MdL,1.0,1.0,1,0,Justin Biever;MdL,1.0,1.0,1.0,0.0,1,4/4,Ab,Ab,125.0,57.0,85.0,79.0,-8.0,59.0,0,0,0,1,0,0,0,0,0,0,0,0,0,0,0,0,0,0,0,0,0,0,0,0,0,C3,0,205,0,22,14,0,0,0,0,0,0,0,0,Bad Relationships,0,0,0,0,0,0,0,0,0,0
The Hills,The Weeknd,2015,2010,Electronic/Dance,2015-10-03 00:00:00+00:00,6,0,7,7,7,7.0,0.0,XO;Republic,Vivendi,Electronic/Dance,Hip Hop,1.0,0,0,0,Canada,25.0,1,0,1.0,Belly;Illangelo;Emmanuel Nickerson;Thomas Raybould;The Weeknd,Belly;Illangelo;Emmanuel Nickerson;The Weeknd,1.0,2.0,1,0,Illangelo;Mano,1.0,2.0,0.0,0.0,1,4/4,Cm,Cm,113.0,56.0,59.0,14.0,-7.0,7.0,0,0,0,0,0,0,0,0,0,0,0,0,0,0,0,0,0,0,0,0,0,0,0,0,0,E1,0,242,0,29,8,0,0,0,0,0,1,0,1,Infidelity;Lust/Sex;Addiction,0,0,1,0,0,0,0,0,0,0
Hello,Adele,2015,2010,Pop,2015-11-14 00:00:00+00:00,10,0,8,6,10,8.0,2.6666666666666665,XL;Columbia,Sony,Pop,Pop,1.0,0,0,0,United Kingdom,27.0,0,1,0.0,Adele;Greg Kurstin,Adele;Greg Kurstin,2.0,1.0,1,0,Greg Kurstin,1.0,1.0,0.0,0.0,1,4/4,Fm,Fm,79.0,43.0,58.0,29.0,-6.0,33.0,0,0,0,1,0,0,0,0,0,0,0,1,0,0,0,0,0,0,0,0,0,0,0,0,0,C5,0,295,0,42,6,0,0,0,0,0,0,0,0,Lost Love,0,0,0,0,0,0,0,0,0,0
Sorry,Justin Bieber,2016,2010,Electronic/Dance,2016-01-23 00:00:00+00:00,3,0,5,4,8,5.666666666666667,2.6666666666666665,Def Jam,Vivendi,Electronic/Dance,Electronic;Pop,1.0,0,0,0,Canada,21.0,1,1,0.0,Justin Bieber;Ray Jacobs;Julia Michaels;Skrillex;Justin Tranter;BloodPop,Justin Bieber;Ray Jacobs;Julia Michaels;Skrillex;Justin Tranter;BloodPop,3.0,1.0,1,0,BloodPop;Skrillex,1.0,1.0,0.0,0.0,1,4/4,Cm,Cm,100.0,76.0,65.0,41.0,-4.0,8.0,0,0,0,0,0,0,0,0,0,0,0,0,0,0,0,0,0,0,0,0,0,0,0,0,0,C5,0,200,0,63,9,0,0,0,0,0,0,0,0,Getting Back Together;Longing for Love,0,0,0,0,0,0,0,0,0,0
Love Yourself,Justin Bieber,2016,2010,Pop,2016-02-13 00:00:00+00:00,2,1,9,5,6,6.666666666666667,2.6666666666666665,Def Jam,Vivendi,Pop,Pop,1.0,0,0,0,Canada,21.0,1,1,0.0,Justin Bieber;Benny Blanco;Ed Sheeran,Justin Bieber;Benny Blanco;Ed Sheeran,1.0,1.0,1,0,Benny Blanco,1.0,1.0,0.0,0.0,1,4/4,E,E,100.0,38.0,61.0,52.0,-10.0,84.0,0,0,1,0,0,1,0,0,0,0,0,0,0,0,0,0,0,0,0,0,0,0,1,0,0,C3,0,233,0,19,0,0,0,0,0,0,0,0,0,Bad Relationships,0,0,0,0,0,0,0,0,0,0
PILLOWTALK,Zayn,2016,2010,Electronic/Dance,2016-02-20 00:00:00+00:00,1,0,6,4,5,5.0,1.3333333333333333,RCA,Sony,Electronic/Dance,Pop,1.0,0,0,0,United Kingdom,23.0,1,0,,Joe Garrett;Anthony Hannides;Michael Hannides;Zayn Malik;Levi Lenox,Joe Garrett;Anthony Hannides;Michael Hannides;Zayn Malik;Levi Lenox,1.0,0.0,1,0,Levi Lennox,1.0,0.0,0.0,0.0,1,4/4,B,B,125.0,70.0,58.0,44.0,-4.0,12.0,0,1,0,0,0,0,0,0,0,0,0,0,0,0,0,0,0,0,0,0,0,0,0,0,0,C4,0,202,0,22,15,0,0,0,0,0,0,0,0,Bad Relationships;Lust/Sex,0,0,1,0,0,0,0,0,0,0
Work,Rihanna ft. Drake,2016,2010,Reggae,2016-03-05 00:00:00+00:00,9,0,8,5,7,6.666666666666667,2.0,Roc Nation,Live Nation,Reggae,Pop,1.5,1,0,0,Barbados;Canada,28.5,2,0,1.0,PartyNextDoor;Rihanna;Drake;Monte Moir;Allen Ritter;Boi1da;Richard Stephenson;Sevn,PartyNextDoor;Rihanna;Drake;Allen Ritter;Boi-1da;Sevn,2.0,2.0,1,0,Boi1da;Kuk Harrell,1.0,0.0,0.0,0.0,1,4/4,B,B,92.0,53.0,73.0,56.0,-6.0,8.0,0,1,0,0,0,0,0,0,0,0,0,0,0,0,0,0,0,0,0,0,0,0,0,0,0,C1V,1,219,0,28,10,0,0,1,0,0,0,1,1,Lost Love,0,0,1,0,0,0,0,0,0,0
Panda,Desiigner,2016,2010,Hip Hop,2016-05-07 00:00:00+00:00,2,0,6,6,2,4.666666666666667,2.6666666666666665,GOOD Music,Vivendi,Hip Hop,Hip Hop,1.0,0,0,0,United States,19.0,1,0,1.0,Menace;Desiigner,Menace;Desiigner,1.0,0.0,1,0,Menace,1.0,0.0,0.0,0.0,1,4/4,Bbm,Bbm,145.0,73.0,69.0,27.0,-6.0,3.0,0,1,0,1,0,0,0,0,0,0,0,0,0,0,0,0,0,0,0,0,0,0,0,0,0,A3,0,247,0,79,40,1,0,0,0,0,0,0,0,Bragging;Badassery;Driving,0,1,1,0,0,0,0,0,0,0
One Dance,Drake ft. Wizkid & Kyla,2016,2010,Reggae,2016-05-21 00:00:00+00:00,10,1,7,8,7,7.333333333333333,0.6666666666666666,Young Money;Cash Money;Republic,Vivendi,Reggae,Hip Hop,1.5,1,0,0,Canada;Nigeria;United Kingdom,43.0,2,0,,Wizkid;Drake;Nineteen85;Corey Johnson;Errol Reid;Luke Reid;Noah Shebib;Kyla Smith,Wizkid;Drake;Nineteen85;Corey Johnson;Noah Shebib,2.0,2.0,1,0,Nineteen85;Noah Shebib;Wizkid,1.0,2.0,1.0,0.0,1,4/4,Bbm,Bbm,104.0,63.0,79.0,37.0,-6.0,1.0,0,0,0,1,0,0,0,0,0,0,0,0,0,0,0,0,0,0,0,0,0,0,0,0,0,E1,0,173,0,25,11,0,0,0,0,0,1,0,1,Dancing;Lust/Sex,0,0,0,0,0,0,0,0,0,0
CAN'T STOP THE FEELING!,Justin Timberlake,2016,2010,Funk/Soul,2016-05-28 00:00:00+00:00,1,0,9,4,4,5.666666666666667,3.333333333333333,RCA,Sony,Funk/Soul,Pop,1.0,0,0,0,United States,35.0,1,1,0.0,Justin Timberlake;Max Martin;Shellback,Justin Timberlake;Max Martin;Shellback,1.0,1.0,1,0,Justin Timberlake;Max Martin;Shellback,1.0,1.0,1.0,0.0,1,4/4,C,C,113.0,83.0,67.0,70.0,-6.0,1.0,0,1,0,1,0,1,0,0,0,0,0,1,0,1,0,0,0,0,0,0,0,0,0,0,0,E4,0,237,0,24,7,0,0,0,0,0,0,0,0,Dancing,0,0,0,0,0,1,0,0,0,0
Cheap Thrills,Sia ft. Sean Paul,2016,2010,Electronic/Dance,2016-08-06 00:00:00+00:00,4,0,5,5,5,5.0,0.0,RCA,Sony,Electronic/Dance,Reggae;Pop,1.5,1,0,0,Australia;Jamaica,41.5,2,2,2.0,Sia;Greg Kurstin;Sean Paul,Sia;Greg Kurstin;Sean Paul,2.0,2.0,1,0,Greg Kurstin,1.0,1.0,0.0,0.0,1,4/4,Gbm,Gbm,90.0,80.0,59.0,73.0,-5.0,6.0,0,0,0,0,0,0,0,0,0,0,0,0,0,0,0,0,0,0,0,0,0,0,0,0,0,C3V,1,224,0,0,11,0,0,0,0,0,0,0,0,Partying,0,0,0,0,0,0,0,0,0,0
Closer,The Chainsmokers ft. Halsey,2016,2010,Electronic/Dance,2016-09-03 00:00:00+00:00,12,0,8,6,6,6.666666666666667,1.3333333333333333,Disruptor,Sony,Electronic/Dance,Electronic;Pop,2.5,1,0,0,United States,23.5,3,1,0.0,Halsey;Shaun Frank;Frederic Kennett;Joseph King;Isaac Slade;Andrew Taggert,Halsey;Shaun Frank;Frederic Kennett;Andrew Taggert,3.0,1.0,1,0,DJ Swivel;Andrew Taggert;Alex Pall,1.0,1.0,1.0,0.0,1,4/4,Ab,Ab,95.0,52.0,75.0,66.0,-6.0,41.0,0,0,0,1,0,0,0,0,0,0,0,0,0,1,0,0,0,0,0,0,0,0,0,0,0,C3,0,244,0,82,10,0,0,0,0,0,0,1,1,Love;Growing Up,0,0,0,0,0,0,0,0,0,0
Black Beatles,Rae Sremmurd ft. Gucci Mane,2016,2010,Hip Hop,2016-11-26 00:00:00+00:00,7,1,6,8,6,6.666666666666667,1.3333333333333333,Ear Drummer,Vivendi,Hip Hop,Hip Hop,2.5,1,0,0,United States,28.0,1,0,1.0,Slim Jxmmi;Swae Lee;Gucci Mane;The Sauce;Mike WiLL Made It,Slim Jxmmi;Swae Lee;Gucci Mane;The Sauce;Mike WiLL Made It,1.0,2.0,1,0,Mike WiLL Made It;Mustard,1.0,0.0,0.0,0.0,1,4/4,Em,Em,146.0,63.0,80.0,30.0,-6.0,12.0,0,0,0,0,0,0,0,0,0,0,0,1,0,0,0,0,0,0,0,0,0,0,0,0,0,C1,0,291,0,66,27,1,0,0,0,0,0,0,0,Partying;Lust/Sex;Bragging,0,0,1,0,0,0,0,0,0,0
Starboy,The Weeknd ft. Daft Punk,2017,2010,Electronic/Dance,2017-01-07 00:00:00+00:00,1,0,5,7,7,6.333333333333333,1.3333333333333333,XO;Republic,Vivendi,Electronic/Dance,Funk/Soul,1.5,0,0,0,Canada;France,26.0,1,2,2.0,Thomas Bangalter;Christo Homem;Martin McKinney;Jason Quenneville;The Weeknd;Henry Walter,Thomas Bangalter;Christo Homem;Martin McKinney;Jason Quenneville;The Weeknd;Henry Walter,1.0,2.0,1,0,The Weeknd;Cirkut;Thomas Bangalter;Christo Homem;Martin McKinney,1.0,2.0,1.0,0.0,1,4/4,Em,Em,93.0,59.0,68.0,49.0,-7.0,14.0,0,0,0,0,0,0,0,0,0,0,0,0,0,0,0,0,0,0,0,0,0,0,0,0,0,C3,0,230,0,74,16,0,0,0,0,0,0,0,0,Partying;Materialism,0,0,1,0,0,0,0,0,0,0
Bad and Boujee,Migos ft. Lil Uzi Vert,2017,2010,Hip Hop,2017-01-21 00:00:00+00:00,3,1,7,6,5,6.0,1.3333333333333333,Quality Control Music;300 Entertainment;Atlantic,Warner Bros.,Hip Hop,Hip Hop,0.5,1,0,0,United States,22.666666666666668,1,0,1.0,Takeoff;Offset;G Koop;Quavo;Metro Boomin;Lil Uzi Vert,Takeoff;Offset;G Koop;Quavo;Metro Boomin;Lil Uzi Vert,1.0,2.0,1,0,G Koop;Metro Boomin,1.0,2.0,0.0,0.0,1,4/4,Bbm,Bbm,127.0,67.0,93.0,17.0,-5.0,6.0,0,1,0,0,0,0,0,0,0,0,0,0,0,0,0,0,0,0,0,0,0,0,0,0,0,C1,0,343,0,34,8,0,0,1,0,0,0,0,0,Bragging;Badassery;Partying,0,0,1,0,0,0,0,0,0,0
Shape of You,Ed Sheeran,2017,2010,Electronic/Dance,2017-01-28 00:00:00+00:00,12,1,6,6,5,5.666666666666667,0.6666666666666666,Asylum;Atlantic,Warner Bros.,Electronic/Dance,Electronic;Latin;Pop,1.0,0,0,0,United Kingdom,25.0,1,1,0.0,She'kspere;Kandi Burruss;Tameka Cottle;Steve Mac;John McDaid;Ed Sheeran,Steve Mac;John McDaid;Ed Sheeran,2.0,2.0,1,0,Steve Mac,1.0,1.0,0.0,0.0,1,4/4,Dbm,Dbm,96.0,65.0,83.0,93.0,-3.0,58.0,0,0,1,1,0,0,0,0,0,0,0,1,0,0,0,0,0,0,0,0,0,0,0,0,0,E3,0,233,0,10,10,0,0,0,0,0,0,1,1,Lust/Sex,0,0,0,0,0,0,0,0,0,0
HUMBLE.,Kendrick Lamar,2017,2010,Hip Hop,2017-05-06 00:00:00+00:00,1,0,9,8,8,8.333333333333334,0.6666666666666666,Top Dawg;Aftermath;Interscope,Vivendi,Hip Hop,Hip Hop,1.0,0,0,0,United States,29.0,1,1,0.0,Kendrick Lamar;Asheton Hogan;Anthony Tiffith;Mike WiLL Made It,Kendrick Lamar;Asheton Hogan;Anthony Tiffith;Mike WiLL Made It,1.0,0.0,1,0,Mike WiLL Made It,1.0,0.0,0.0,0.0,1,4/4,Abm,Abm,150.0,62.0,91.0,42.0,-7.0,0.0,0,0,0,1,0,0,0,0,0,0,0,0,0,0,0,0,0,0,0,0,0,0,0,0,0,C1,0,177,0,20,7,1,0,0,0,0,0,0,0,Redemption;Respect;Restraint;Bragging,0,0,1,0,0,0,0,0,0,0
That's What I Like,Bruno Mars,2017,2010,Funk/Soul,2017-05-13 00:00:00+00:00,1,0,8,5,9,7.333333333333333,2.6666666666666665,Atlantic,Warner Bros.,Funk/Soul,Funk/Soul;Pop,1.0,0,0,0,United States,31.0,1,0,1.0,Christopher Brown;Bruno Mars;Philip Lawrence;James Fauntleroy;Ray McCullough;Jeremy Reeves;Ray Romulus;Jonathan Yip,Christopher Brown;Bruno Mars;Philip Lawrence;James Fauntleroy;Ray McCullough;Jeremy Reeves;Ray Romulus;Jonathan Yip,1.0,2.0,1,0,Jonathan Yip;Ray Romulus;Jeremy Reeves;Ray McCullough;Bruno Mars;Philip Lawrence;Christopher Brown,1.0,2.0,1.0,0.0,1,4/4,Db,Db,134.0,56.0,85.0,86.0,-5.0,1.0,0,1,0,1,0,0,0,0,0,0,0,1,0,0,0,0,0,0,0,0,0,0,0,0,0,E3,0,206,0,0,3,0,0,0,0,0,0,0,0,Lust/Sex;Materialism,0,0,1,0,0,0,0,0,0,0
I'm the One,"DJ Khaled ft. Justin Bieber, Quavo, Chance the Rapper, & Lil Wayne",2017,2010,Pop,2017-05-20 00:00:00+00:00,1,0,3,6,6,5.0,2.0,Epic,Sony,Pop,Hip Hop,1.5,1,0,0,United States;Canada,32.0,1,2,,Nic Nac;Chance the Rapper;Justin Bieber;Poo Bear;Bobby Brackins;Lil Wayne;Ray Jacobs;DJ Khaled;Quavo;David Park,Nic Nac;Chance the Rapper;Justin Bieber;Poo Bear;Bobby Brackins;Lil Wayne;Ray Jacobs;DJ Khaled;Quavo;David Park,1.0,2.0,1,0,DJ Khaled;Nic Nac,1.0,2.0,1.0,0.0,1,4/4,G,G,81.0,67.0,60.0,82.0,-4.0,5.0,0,1,0,0,0,0,0,0,0,0,0,0,0,1,0,0,0,0,0,0,0,0,0,0,0,C5,0,288,0,4,11,0,0,0,0,0,0,0,0,Lust/Sex,0,1,1,0,0,0,0,0,0,0
Despacito,Luis Fonsi & Daddy Yankee ft. Justin Bieber,2017,2010,Latin,2017-05-27 00:00:00+00:00,16,0,10,7,8,8.333333333333334,2.0,Universal,Vivendi,Latin,Electronic;Latin;Pop,2.5,1,0,0,Puerto Rico;Canada,34.0,1,2,,Justin Bieber;Poo Bear;Daddy Yankee;Erika Ender;Marty James;Luis Fonsi,Justin Bieber;Poo Bear;Daddy Yankee;Erika Ender;Marty James;Luis Fonsi,2.0,2.0,1,0,Andrés Torres;Josh Gudwin;Mauricio Rengifo,1.0,2.0,0.0,0.0,0,Free;4/4,D,D,89.0,82.0,65.0,82.0,-4.0,23.0,0,0,1,0,0,0,0,0,0,0,0,0,0,0,0,0,0,0,0,0,0,0,0,0,0,C1,0,228,0,9,9,0,0,0,0,0,1,0,1,Lust/Sex,0,0,0,1,0,0,0,0,0,0
Look What You Made Me Do,Taylor Swift,2017,2010,Electronic/Dance,2017-09-16 00:00:00+00:00,3,0,2,3,4,3.0,1.3333333333333333,Big Machine,Big Machine,Electronic/Dance,Electronic;Pop,1.0,0,0,0,United States,27.0,0,1,0.0,Fred Fairbrass;Richard Fairbrass;Rob Manzoli;Jack Antonoff;Taylor Swift,Jack Antonoff;Taylor Swift,2.0,1.0,1,0,Jack Antonoff;Taylor Swift,2.0,1.0,1.0,0.0,1,4/4,Am,Am,128.0,71.0,77.0,51.0,-6.0,20.0,0,1,0,1,1,0,0,0,0,0,0,0,0,1,0,0,0,0,0,0,0,0,0,0,0,E3,0,211,0,20,15,0,0,0,0,0,0,1,1,Resilience;Empowerment,0,1,0,0,0,0,0,0,0,0
Bodak Yellow,Cardi B,2017,2010,Hip Hop,2017-10-07 00:00:00+00:00,3,0,6,7,9,7.333333333333333,2.0,Atlantic,Warner Bros.,Hip Hop,Hip Hop,1.0,0,0,0,United States,24.0,0,0,,Cardi B;Laquan Green;Maurice Jordan;Kodak Black;Klenord Raphael;Pardison Fontaine;J. White Did It,Cardi B;Laquan Green;Maurice Jordan;Klenord Raphael;Pardison Fontaine;J. White Did It,2.0,0.0,1,0,Laquan Green;J. White Did It,1.0,0.0,0.0,0.0,1,4/4,Bm,Bm,125.0,70.0,93.0,49.0,-6.0,7.0,0,0,0,0,0,0,0,0,0,0,0,0,0,0,0,0,0,0,0,0,0,0,0,0,0,C1,0,223,0,13,13,0,0,0,0,0,0,1,1,Bragging;Materialism;Badassery,0,0,1,0,0,0,0,0,0,0
rockstar,Post Malone ft. 21 Savage,2017,2010,Hip Hop,2017-10-28 00:00:00+00:00,8,0,2,6,5,4.333333333333333,2.6666666666666665,Republic,Vivendi,Hip Hop,Hip Hop,1.5,1,0,0,United States,23.5,1,2,2.0,Olufunmibi Awoshiley;Post Malone;Louis Bell;21 Savage;Carl Rosen;Joey Badass,Olufunmibi Awoshiley;Post Malone;Louis Bell;21 Savage;Carl Rosen;Joey Badass,1.0,2.0,1,0,Louis Bell;Tank God,1.0,2.0,0.0,0.0,1,4/4,Gm,Gm,160.0,52.0,59.0,13.0,-6.0,12.0,0,0,0,0,0,0,0,0,0,0,0,0,0,0,0,0,0,0,0,0,0,0,0,0,0,C1,0,218,0,54,14,0,0,0,0,0,0,0,0,Partying;Bad Behavior;Bragging;Materialism;Lust/Sex,0,0,1,0,0,0,0,0,0,0
Perfect,Ed Sheeran & Beyoncé,2017,2010,Pop,2017-12-23 00:00:00+00:00,6,0,8,6,10,8.0,2.6666666666666665,Asylum;Atlantic,Warner Bros.,Pop,Pop,2.0,1,0,0,United Kingdom;United States,31.0,2,2,,Ed Sheeran;Beyonce,Ed Sheeran;Beyonce,2.0,2.0,1,1,Ed Sheeran;Will Hicks,1.0,1.0,1.0,0.0,1,12/8,Ab,Ab,95.0,30.0,59.0,36.0,-7.0,78.0,0,0,1,0,0,0,0,0,0,0,0,0,0,0,0,0,0,0,0,0,0,0,0,0,0,C3,0,269,0,40,2,0,0,0,0,0,0,0,0,Love,0,0,0,0,0,0,0,0,0,0
Havana,Camila Cabello ft. Young Thug,2018,2010,Latin,2018-01-27 00:00:00+00:00,1,0,5,6,8,6.333333333333333,2.0,Syco;Epic,Sony,Latin,Electronic;Hip Hop;Latin;Funk/Soul;Pop,1.5,1,0,0,Cuba;United States,23.0,2,0,,Louis Bell;Camila Cabello;Frank Dukes;Kaan Gunesberk;Starrah;Brian Lee;Ali Tamposi;Young Thug;Pharrell Williams;Andrew Watt,Louis Bell;Camila Cabello;Frank Dukes;Kaan Gunesberk;Starrah;Brian Lee;Ali Tamposi;Young Thug;Pharrell Williams;Andrew Watt,2.0,2.0,1,0,Frank Dukes,1.0,0.0,0.0,0.0,1,4/4,Gm,Gm,105.0,52.0,77.0,39.0,-4.0,18.0,0,0,0,1,0,1,0,0,0,0,0,0,0,0,0,0,0,0,0,0,0,0,0,0,0,C3V,1,217,0,45,8,0,0,0,0,0,0,0,0,Lust/Sex,0,0,0,0,0,0,0,0,0,0
God's Plan,Drake,2018,2010,Hip Hop,2018-02-03 00:00:00+00:00,11,0,6,8,8,7.333333333333333,1.3333333333333333,Young Money;Cash Money;Republic,Vivendi,Hip Hop,Hip Hop,1.0,0,0,0,Canada,31.0,1,0,1.0,Drake;Daveon Jackson;Cardo;Boi1da;Noah Shebib,Drake;Daveon Jackson;Cardo;Boi1da;Noah Shebib,1.0,2.0,1,0,Boi1da;Cardo;Noah Shebib;Yung Exclusive,1.0,2.0,0.0,0.0,1,4/4,G,G,77.0,45.0,75.0,36.0,-9.0,3.0,0,0,0,0,0,0,0,0,0,0,0,0,0,0,0,0,0,0,0,0,0,0,0,0,0,E1,0,198,0,58,12,0,0,1,0,0,0,0,0,Faithfulness;Empowerment;Fame,0,0,1,0,0,0,0,0,0,0
Nice For What,Drake,2018,2010,Hip Hop,2018-04-21 00:00:00+00:00,8,1,9,9,9,9.0,0.0,Young Money;Cash Money;Republic,Vivendi,Hip Hop,Hip Hop,1.0,0,0,0,Canada,31.0,1,0,1.0,Alan Bergman;Marilyn Bergman;Ghostface Killah;5th Ward Weebie;RZA;Drake;GZA;Orville Hall;Marvin Hamlisch;U-God;Lauryn Hill;Inspectah Deck;Ol' Dirty Bastard;Murda Beatz;BlaqNmilD;Phillip Price;Glenishe Rowe;Noah Shebib;Method Man;Byron Thomas;Bryan Williams;Raekwon,5th Ward Weebie;Drake;Murda Beatz;BlaqNmilD;Glenishe Rowe;Noah Shebib,2.0,2.0,1,0,BlaqNmilD;Corey Litwin;Murda Beatz;Noah Shebib,1.0,2.0,0.0,0.0,1,Free;4/4,Ab,Ab,93.0,91.0,59.0,76.0,-6.0,9.0,0,0,0,0,0,0,0,0,0,0,0,0,0,0,0,0,0,0,0,0,0,0,0,0,0,E1,0,210,0,40,34,1,1,0,0,0,1,1,1,Partying;Lost Love;Lust/Sex,0,1,1,0,0,0,0,0,0,0
This is America,Childish Gambino,2018,2010,Hip Hop,2018-05-19 00:00:00+00:00,2,0,9,10,5,8.0,3.333333333333333,RCA,Sony,Hip Hop,Hip Hop;Funk/Soul;Pop,1.0,1,0,0,United States,34.0,1,0,1.0,Donald Glover;Ludwig Gorannson;Young Thug,Donald Glover;Ludwig Gorannson;Young Thug,1.0,2.0,1,0,Donald Glover;Ludwig Gorannson,1.0,2.0,1.0,0.0,1,4/4,F,F,120.0,46.0,85.0,55.0,-6.0,12.0,0,1,1,0,0,0,0,0,0,0,0,0,0,0,0,0,0,0,0,0,0,0,0,0,0,F,0,225,0,12,49,0,0,1,0,0,0,1,1,Violence,0,0,0,0,0,0,0,0,0,0
Psycho,Post Malone ft. Ty Dolla $ign,2018,2010,Hip Hop,2018-06-16 00:00:00+00:00,1,0,5,6,8,6.333333333333333,2.0,Republic,Vivendi,Hip Hop,Hip Hop,1.5,1,0,0,United States,29.0,1,2,2.0,Louis Bell;Ty Dolla $ign;Post Malone;Carl Rosen,Louis Bell;Ty Dolla $ign;Post Malone;Carl Rosen,1.0,2.0,1,0,Louis Bell;Post Malone,1.0,1.0,1.0,0.0,1,4/4,Eb,Eb,140.0,56.0,75.0,46.0,-8.0,55.0,0,0,0,1,0,0,0,0,0,0,0,0,0,0,0,0,0,0,0,0,0,0,0,0,0,C1,0,221,0,25,12,0,0,0,0,0,0,1,1,Bragging;Partying,0,0,1,0,0,0,0,0,0,0
SAD!,XXXTENTACION,2018,2010,Hip Hop,2018-06-30 00:00:00+00:00,1,0,4,4,7,5.0,2.0,Bad Vibes Forever,Bad Vibes Forever,Hip Hop,Hip Hop;Rock,1.0,0,0,1,United States,20.0,1,0,,XXXTENTACION;John Cunningham,XXXTENTACION;John Cunningham,1.0,2.0,1,0,John Cunningham,1.0,1.0,0.0,0.0,1,4/4,Eb,Eb,75.0,61.0,74.0,47.0,-5.0,26.0,0,0,0,1,0,0,0,0,0,0,0,0,0,0,0,0,0,0,0,0,0,0,0,0,0,C1,0,166,0,61,25,0,0,1,0,0,0,0,0,Lost Love,0,0,1,0,0,0,0,0,0,0
I Like It,"Cardi B, Bad Bunny, & J Balvin",2018,2010,Hip Hop,2018-07-07 00:00:00+00:00,1,0,8,5,7,6.666666666666667,2.0,Atlantic,Warner Bros.,Hip Hop,Hip Hop;Latin,0.0,1,0,0,United States;Colombia;Puerto Rico,27.33333333333333,2,0,2.0,Hiraldo Benitez;Benny Bonilla;Cardi B;Edgar Machuca;DJ Luian;Tainy;J Balvin;Tony Pabón;Klenord Raphael;Manny Rodriguez;Edgar Semper Vargas;Xavier Semper Vargas;Pardison Fontaine;Vincent Watson;J. White Did It,Hiraldo Benitez;Cardi B;Edgar Machuca;DJ Luian;Tainy;J Balvin;Klenord Raphael;Edgar Semper Vargas;Xavier Semper Vargas;Pardison Fontaine;Vincent Watson;J. White Did It,2.0,0.0,1,0,Craig Kallman;J. White Did It;Tainy,1.0,2.0,0.0,0.0,1,4/4,Fm,Fm,136.0,73.0,82.0,65.0,-4.0,10.0,0,0,0,1,0,1,0,0,0,0,0,0,0,1,0,0,0,0,0,0,0,0,1,0,0,E1,0,253,0,24,13,0,0,1,0,0,0,1,1,Materialism;Bragging,0,0,1,1,0,0,0,0,0,0
In My Feelings,Drake,2018,2010,Hip Hop,2018-07-21 00:00:00+00:00,10,0,8,4,9,7.0,3.333333333333333,Young Money;Cash Money;Republic,Vivendi,Hip Hop,Hip Hop,1.0,1,0,0,Canada,31.0,1,0,1.0,Yung Miami;Lil Wayne;Static Major;Drake;Orville Hall;Deezle;JT;Magnolia Shorty;Adam Pigott;Phillip Price;Jim Jonsin;Noah Shebib;Benjamin Workman;Rex Zamor,Yung Miami;Drake;JT;Adam Pigott;Noah Shebib;Benjamin Workman,2.0,2.0,1,0,BlaqNmilD;Noah Shebib;TrapMoneyBenny,1.0,2.0,0.0,0.0,1,4/4,Fm,Fm,91.0,63.0,84.0,35.0,-6.0,6.0,0,0,0,1,0,0,0,0,0,0,0,0,0,0,0,0,0,0,0,0,0,0,0,0,0,C1,0,217,0,37,11,0,0,1,0,0,0,1,1,Longing for Love,0,0,1,0,0,0,0,0,0,0
Girls Like You,Maroon 5 ft. Cardi B,2018,2010,Pop,2018-09-29 00:00:00+00:00,7,0,5,2,10,5.666666666666667,5.333333333333333,Interscope,Vivendi,Pop,Pop,0.5,1,0,0,United States,39.0,2,2,2.0,Jason Evigan;Starrah;Adam Levine;Gian Stone;Cirkut;Cardi B,Jason Evigan;Starrah;Adam Levine;Gian Stone;Cirkut;Cardi B,2.0,2.0,1,0,Cirkut;Jason Evigan,1.0,1.0,0.0,0.0,1,4/4,C,C,125.0,54.0,85.0,45.0,-7.0,57.0,0,0,1,1,0,0,0,0,0,0,0,0,0,1,0,0,0,0,0,0,0,0,0,0,0,E1V,1,235,0,52,6,0,0,0,0,0,0,0,0,Longing for Love;Getting Back Together,0,0,1,0,0,0,0,0,0,0
"thank u, next",Ariana Grande,2018,2010,Pop,2018-11-17 00:00:00+00:00,7,1,9,5,10,8.0,3.333333333333333,Republic,Vivendi,Pop,Hip Hop;Pop,1.0,0,0,0,United States,25.0,0,1,0.0,Charles Anderson;TBHits;Michael Foster;Kimberly Krysiuk;Victoria Monet;Tayla Parx;Njomza Vitia,Charles Anderson;TBHits;Michael Foster;Kimberly Krysiuk;Victoria Monet;Tayla Parx;Njomza Vitia,3.0,2.0,1,0,Charles Anderson;Michael Foster;TBHits,1.0,0.0,0.0,0.0,1,4/4,Db,Db,107.0,65.0,72.0,41.0,-6.0,23.0,0,0,0,0,0,0,0,0,0,0,0,0,0,0,0,0,0,0,0,0,0,0,0,0,0,C3,0,207,0,15,8,0,0,1,0,0,0,0,0,Lost Love,0,0,1,0,0,0,0,0,0,0
SICKO MODE,Travis Scott,2018,2010,Hip Hop,2018-12-08 00:00:00+00:00,1,0,9,7,10,8.666666666666666,2.0,Epic;Cactus Jack,Sony,Hip Hop,Hip Hop,1.0,1,0,0,United States,27.0,1,0,1.0,Swae Lee;Uncle Luke;Harry Wayne Casey;Roget Chahayed;Tay Keith;Mike Dean;Mirsad Dervic;Guru;Q-Tip;Richard Finch;Kevin Gomringer;Tim Gomringer;Drake;Easy Mo Bee;Big Hawk;Charlie Brown;Hit-Boy;Dinco D;Sticky Fingaz;Ali Shaheed Muhammad;DJ Premier;Chyskillz;Fredro Starr;Busta Rhymes;Phife Dawg;Sonny Seeza;The Notorious B.I.G.;Travis Scott;Oz;CyHi da Prince,Swae Lee;Roget Chahayed;Tay Keith;Mike Dean;Mirsad Dervic;Kevin Gomringer;Tim Gomringer;Drake;Hit-Boy;Travis Scott;Oz;CyHi da Prince,1.0,2.0,1,0,Kevin Gomringer;Tim Gomringer;Hit-Boy;Oz;Roget Chahayed;Tay Keith,1.0,2.0,0.0,0.0,1,4/4,Gm;Gbm;Ebm,Multiple Keys,155.0,73.0,83.0,45.0,-4.0,1.0,0,0,0,1,0,0,0,0,0,0,0,0,0,0,0,0,0,0,0,0,0,0,0,0,0,F,0,312,0,66,28,0,0,0,0,0,1,1,1,Lust/Sex;Partying;Materialism,0,1,1,0,0,0,0,0,0,0
Without Me,Halsey,2019,2010,Pop,2019-01-12 00:00:00+00:00,2,1,5,4,8,5.666666666666667,2.6666666666666665,Capitol,Vivendi,Pop,Pop,1.0,0,0,0,United States,24.0,3,0,,Amy Allen;Louis Bell;Delacey;Halsey;Timbaland;Carl Rosen;Scott Storch;Justin Timberlake,Amy Allen;Louis Bell;Delacey;Halsey;Carl Rosen,3.0,2.0,1,0,Louis Bell,1.0,1.0,0.0,0.0,1,4/4,Gb,Gb,136.0,49.0,75.0,53.0,-7.0,30.0,0,0,1,0,0,0,0,0,0,0,0,0,0,1,0,0,0,0,0,0,0,0,0,0,0,E3,0,201,0,14,14,0,0,0,0,0,0,1,1,Lost Love;Bad Relationships,0,0,1,0,0,0,0,0,0,0
Sunflower,Post Malone & Swae Lee,2019,2010,Pop,2019-01-19 00:00:00+00:00,1,0,8,6,8,7.333333333333333,1.3333333333333333,Republic,Vivendi,Pop,Hip Hop;Stage & Screen,2.0,1,0,0,United States,24.0,1,2,2.0,Louis Bell;Swae Lee;Carter Lang;Post Malone;Carl Rosen;Billy Walsh,Louis Bell;Swae Lee;Carter Lang;Post Malone;Carl Rosen;Billy Walsh,1.0,2.0,1,0,Carter Lang;Louis Bell,1.0,1.0,0.0,0.0,1,4/4,D,D,90.0,48.0,76.0,91.0,-6.0,91.0,0,1,0,0,0,0,0,0,0,0,0,1,0,0,0,0,0,0,0,0,0,0,0,0,0,C1,0,158,0,39,27,0,0,0,0,0,0,0,0,Lost Love,0,0,1,0,0,1,0,0,0,0
7 rings,Ariana Grande,2019,2010,Hip Hop,2019-02-02 00:00:00+00:00,8,1,1,2,4,2.333333333333333,2.0,Republic,Vivendi,Hip Hop,Funk/Soul,1.0,0,0,0,United States,25.0,0,1,0.0,Charles Anderson;TBHits;Michael Foster;Ariana Grande;Oscar Hammerstein II;Kimberly Krysiuk;Victoria Monet;Tayla Parx;Richard Rodgers;Njomza Vitia,Charles Anderson;TBHits;Michael Foster;Ariana Grande;Kimberly Krysiuk;Victoria Monet;Tayla Parx;Njomza Vitia,3.0,2.0,1,0,Charles Anderson;Michael Foster;TBHits,1.0,0.0,0.0,0.0,1,4/4,Dbm,Dbm,140.0,32.0,78.0,33.0,-11.0,59.0,0,0,0,0,0,0,0,0,0,0,0,0,0,0,0,0,0,0,0,0,0,0,0,0,0,E3,0,178,0,25,14,0,0,1,0,0,0,1,1,Lost Love;Empowerment;Materialism,0,0,1,0,0,0,0,0,0,0
Shallow,Lady Gaga & Bradley Cooper,2019,2010,Rock,2019-03-09 00:00:00+00:00,1,0,5,7,9,7.0,2.6666666666666665,Interscope,Vivendi,Rock,"Folk, World, & Country;Pop",2.0,1,0,0,United States,38.0,2,1,0.0,Andrew Wyatt;Lady Gaga;Mark Ronson;Anthony Rossomando,Andrew Wyatt;Lady Gaga;Mark Ronson;Anthony Rossomando,2.0,1.0,1,0,Benjamin Rice;Lady Gaga,2.0,1.0,1.0,0.0,1,4/4,G,G,96.0,33.0,57.0,28.0,-7.0,42.0,0,0,1,0,1,0,0,0,0,0,0,0,0,0,0,0,0,0,1,0,0,0,0,0,0,C5,0,217,0,40,15,0,0,0,0,0,0,0,0,Doubt;Escape;Restlessness,0,0,0,0,0,1,0,0,0,0
Sucker,Jonas Brothers,2019,2010,Pop,2019-03-16 00:00:00+00:00,1,0,5,3,6,4.666666666666667,2.0,Republic,Vivendi,Pop,Rock;Pop,0.0,1,0,0,United States,28.666666666666668,1,1,0.0,Mustafa the Poet;Louis Bell;Adam Feeney;Joe Jonas;Nick Jonas;Kevin Jonas;Carl Rosen;Homer Steinweiss;Ryan Tedder,Mustafa the Poet;Louis Bell;Frank Dukes;Joe Jonas;Nick Jonas;Kevin Jonas;Carl Rosen;Homer Steinweiss;Ryan Tedder,1.0,2.0,1,0,Frank Dukes;Ryan Tedder,1.0,2.0,0.0,0.0,1,4/4,Dbm,Dbm,138.0,73.0,84.0,95.0,-5.0,4.0,0,0,1,0,0,0,0,0,0,0,0,0,0,1,0,1,0,0,0,0,0,0,0,0,0,C3,0,181,0,24,0,0,0,0,0,0,0,0,0,Lust/Sex,0,0,0,0,0,0,0,0,0,0
Old Town Road,Lil Nas X ft. Billy Ray Cyrus,2019,2010,Hip Hop,2019-04-13 00:00:00+00:00,19,0,6,6,8,6.666666666666667,1.3333333333333333,Columbia,Sony,Hip Hop,"Hip Hop;Folk, World, & Country",1.5,1,0,0,United States,38.0,1,2,,Bill Ray Cyrus;Jocelyn Donald;Lil Nas X;Trent Reznor;Atticus Ross;YoungKio,Bill Ray Cyrus;Jocelyn Donald;Lil Nas X;YoungKio,1.0,2.0,1,0,Atticus Ross;Trent Reznor;YoungKio,1.0,2.0,0.0,0.0,1,4/4,Abm,Abm,136.0,62.0,88.0,64.0,-6.0,5.0,0,0,0,0,0,0,0,1,0,0,0,0,0,0,0,1,0,0,0,0,0,0,0,0,0,C3,0,157,0,30,13,0,0,1,0,0,1,0,1,Lust/Sex;Bragging;Materialism,0,0,0,0,0,0,0,0,0,0
bad guy,Billie Eilish,2019,2010,Pop,2019-08-24 00:00:00+00:00,1,0,8,6,9,7.666666666666667,2.0,Darkroom;Interscope,Vivendi,Pop,Pop,1.0,0,0,0,United States,17.0,0,1,0.0,Billie Eilish;Finneas,Billie Eilish;Finneas,2.0,1.0,1,0,Finneas,1.0,1.0,1.0,0.0,1,4/4,Gm,Gm,135.0,43.0,70.0,56.0,-11.0,33.0,0,1,0,0,0,0,0,0,0,0,0,0,0,1,0,0,0,0,0,0,0,0,0,0,0,E1,0,194,0,75,13,0,0,0,0,0,0,0,0,Badassery;Lust/Sex;Forbidden Love,0,0,1,0,0,0,0,0,0,0
Señorita,Shawn Mendes & Camila Cabello,2019,2010,Pop,2019-08-31 00:00:00+00:00,1,0,2,5,4,3.6666666666666665,2.0,Island,Vivendi,Pop,Pop,2.0,1,0,0,Cuba;Canada,21.5,2,2,,Charli XCX;Camila Cabello;Cashmere Cat;Benny Blanco;Shawn Mendes;Jack Patterson;Ali Tamposi;Andrew Watt,Charli XCX;Camila Cabello;Cashmere Cat;Benny Blanco;Shawn Mendes;Jack Patterson;Ali Tamposi;Andrew Watt,2.0,2.0,1,0,Benny Blanco;Cashmere Cat;Andrew Watt,1.0,1.0,0.0,0.0,1,4/4,Am,Am,117.0,54.0,76.0,75.0,-6.0,4.0,0,0,1,0,0,0,0,0,0,0,0,0,0,1,0,0,0,0,0,0,0,0,0,0,0,D1,0,190,0,26,15,0,0,0,0,0,0,0,0,Lust/Sex,0,0,0,1,0,0,0,0,0,0
Truth Hurts,Lizzo,2019,2010,Funk/Soul,2019-09-07 00:00:00+00:00,7,1,7,8,6,7.0,1.3333333333333333,Atlantic;Nice Life,Warner Bros.,Funk/Soul,Funk/Soul;Pop,1.0,0,0,0,United States,31.0,0,0,1.0,Amina Patrice Bogle-Barriteau;Tele;Ricky Reed;jesse saint john;Lizzo,Amina Patrice Bogle-Barriteau;Tele;Ricky Reed;jesse saint john;Lizzo,2.0,2.0,1,0,Ricky Reed,1.0,1.0,0.0,0.0,1,4/4,Am,Am,158.0,62.0,72.0,41.0,-3.0,11.0,0,0,0,1,0,0,0,0,0,0,0,0,0,0,0,0,0,0,0,0,0,0,0,0,0,C1,0,173,0,25,11,1,0,0,0,0,0,1,1,Lost Love;Empowerment;Bad Relationship,0,1,1,0,0,0,0,0,0,0
HIGHEST IN THE ROOM,Travis Scott,2019,2010,,2019-10-19 00:00:00+00:00,1,0,4,5,8,5.666666666666667,2.6666666666666665,Epic;Cactus Jack,Sony,,Hip Hop,1.0,0,0,0,United States,28.0,1,0,1.0,Mike Dean;Nik D;Travis Scott;Oz,Mike Dean;Nik D;Travis Scott;Oz,1.0,2.0,1,0,Nik D;Oz,1.0,1.0,0.0,0.0,1,4/4,Dm,Dm,76.0,43.0,60.0,6.0,-9.0,5.0,0,0,0,0,0,0,0,0,0,0,0,0,0,0,0,0,0,0,0,0,0,0,0,0,0,C1,0,175,0,26,12,0,0,0,0,0,0,0,0,Partying;Lust/Sex,0,0,1,0,0,0,0,0,0,0
Someone You Loved,Lewis Capaldi,2019,2010,,2019-11-02 00:00:00+00:00,3,1,8,4,5,5.666666666666667,2.6666666666666665,Universal,Vivendi,,Rock;Pop,1.0,0,0,0,United Kingdom,23.0,1,1,0.0,Thomas Barnes;Lewis Capaldi;Peter Kelleher;Benjamin Kohn;Romans,Thomas Barnes;Lewis Capaldi;Peter Kelleher;Benjamin Kohn;Romans,1.0,1.0,1,0,Thomas Barnes;Peter Kelleher;Benjamin Kohn,1.0,1.0,0.0,0.0,1,4/4,Db,Db,110.0,41.0,50.0,45.0,-6.0,75.0,0,0,0,1,1,0,0,0,0,0,0,1,0,0,0,0,0,0,0,0,0,0,0,0,0,E3,0,182,0,8,8,0,0,0,0,0,0,0,0,Lost Love,0,0,0,0,0,0,0,0,0,0
Lose You to Love Me,Selena Gomez,2019,2010,,2019-11-09 00:00:00+00:00,1,0,4,7,7,6.0,2.0,Interscope,Vivendi,,Pop,1.0,0,0,0,United States,27.0,0,0,,Robin Fredriksson;Selena Gomez;Mattias Larsson;Julia Michaels;Justin Tranter,Robin Fredriksson;Selena Gomez;Mattias Larsson;Julia Michaels;Justin Tranter,3.0,1.0,1,0,Finneas;Mattias Larsson;Robin Fredriksson,1.0,1.0,0.0,0.0,1,4/4,E,E,103.0,34.0,49.0,10.0,-9.0,56.0,0,0,0,1,1,0,0,0,0,0,0,0,0,0,0,0,0,0,0,0,0,0,0,0,0,C1,0,206,0,19,10,0,0,0,0,0,0,0,0,Lost Love,0,0,0,0,0,0,0,0,0,0
Circles,Post Malone,2019,2010,,2019-11-30 00:00:00+00:00,3,1,6,5,7,6.0,1.3333333333333333,Republic,Vivendi,,Rock,1.0,0,0,0,United States,24.0,1,1,0.0,Louis Bell;Frank Dukes;Kaan Gunesberk;Post Malone;Billy Walsh,Louis Bell;Frank Dukes;Kaan Gunesberk;Post Malone;Billy Walsh,1.0,1.0,1,0,Frank Dukes;Louis Bell;Post Malone,1.0,1.0,1.0,0.0,1,4/4,C,C,120.0,76.0,70.0,55.0,-3.0,19.0,0,1,1,0,0,0,0,0,0,0,0,0,0,0,0,0,0,0,0,0,0,0,0,0,0,E1,0,215,0,34,34,0,0,0,0,0,0,0,0,Lost Love;Bad Relationships,0,0,1,0,0,0,0,0,0,0
Heartless,The Weeknd,2019,2010,,2019-12-14 00:00:00+00:00,1,0,5,3,8,5.333333333333333,3.333333333333333,XO;Republic,Vivendi,,Pop,1.0,0,0,0,Canada,29.0,1,0,1.0,Illangelo;Dre Moon;The Weeknd;Metro Boomin,Illangelo;Dre Moon;The Weeknd;Metro Boomin,1.0,2.0,1,0,Illangelo;Dre Moon;The Weeknd;Metro Boomin,1.0,2.0,1.0,0.0,1,4/4,Bbm,Bbm,170.0,75.0,54.0,25.0,-6.0,2.0,0,1,0,0,0,0,0,0,0,0,0,1,0,0,0,0,0,0,0,0,0,0,0,0,0,C1,0,198,0,29,23,0,0,0,0,0,0,1,1,Lust/Sex;Addicition,0,0,1,0,0,0,0,0,0,0
All I Want for Christmas is You,Mariah Carey,2019,2010,,2019-12-21 00:00:00+00:00,8,1,8,10,5,7.666666666666667,3.333333333333333,Columbia,Sony,,Funk/Soul;Pop,1.0,0,0,0,United States,50.0,0,0,1.0,Mariah Carey;Walter Afanasieff,Mariah Carey;Walter Afanasieff,2.0,2.0,1,0,Mariah Carey;Walter Afanasieff,2.0,2.0,1.0,0.0,1,Free;4/4,G,G,150.0,63.0,34.0,35.0,-7.0,16.0,0,0,0,1,1,0,0,0,0,0,0,0,0,0,0,0,0,0,0,0,0,0,0,0,0,D3,0,241,0,7,57,1,1,1,0,0,0,0,0,Longing for Love;Christmas,0,0,0,0,0,0,0,0,0,0
The Box,Roddy Ricch,2020,2020,,2020-01-18 00:00:00+00:00,11,0,6,7,10,7.666666666666667,2.6666666666666665,Atlantic,Warner Bros.,,,1.0,0,0,0,United States,21.0,1,0,1.0,Larrance Dopson;30 Roc;Roddy Ricch;Datboisqueeze;Zentachi;Khirye Tyler,Larrance Dopson;30 Roc;Roddy Ricch;Datboisqueeze;Zentachi;Khirye Tyler,1.0,0.0,1,0,30 Roc;Datboisqueeze,1.0,0.0,0.0,0.0,1,4/4,Bbm,Bbm,117.0,59.0,90.0,64.0,-7.0,10.0,0,1,0,0,1,0,0,0,0,0,0,0,0,0,0,0,0,0,0,0,0,0,0,0,0,C1,0,196,0,32,15,0,0,0,0,0,0,0,0,Bragging;Violence;Lust/Sex,0,0,1,0,0,0,0,0,0,0
Blinding Lights,The Weeknd,2020,2020,,2020-04-04 00:00:00+00:00,4,1,6,7,9,7.333333333333333,2.0,XO;Republic,Vivendi,,Electronic;Rock;Pop,1.0,0,0,0,Canada,30.0,1,0,1.0,Belly;Oscar Holter;Max Martin;DaHeala;The Weeknd,Belly;Oscar Holter;Max Martin;DaHeala;The Weeknd,1.0,2.0,1,0,Max Martin;Oscar Holter;The Weeknd,1.0,2.0,1.0,0.0,1,4/4,Cm,Cm,171.0,73.0,51.0,33.0,-6.0,0.0,0,0,0,1,0,0,0,0,0,0,0,0,0,0,0,0,0,0,0,0,0,0,0,0,0,E3,0,200,0,62,27,0,0,0,0,0,0,0,0,Longing for Love,0,0,0,0,0,0,0,1,0,0
Toosie Slide,Drake,2020,2020,,2020-04-18 00:00:00+00:00,1,0,2,5,6,4.333333333333333,2.6666666666666665,Ovo;Republic,Vivendi,,Hip Hop,1.0,0,0,0,Canada,33.0,1,0,1.0,Drake;Oz,Drake;Oz,1.0,0.0,1,0,Oz,1.0,1.0,0.0,0.0,1,4/4,Abm,Abm,82.0,45.0,83.0,84.0,-10.0,32.0,0,0,0,0,0,0,0,0,0,0,0,0,0,0,0,0,0,0,0,0,0,0,0,0,0,C4,0,247,0,40,10,0,0,1,0,0,0,0,0,Dancing,0,0,1,0,0,0,0,1,0,0
THE SCOTTS,Travis Scott & Kid Cudi,2020,2020,,2020-05-09 00:00:00+00:00,1,0,2,4,7,4.333333333333333,3.333333333333333,Epic;Wicked Awesome;Cactus Jack,Sony;Vivendi,,Hip Hop,2.0,1,0,0,United States,32.5,1,0,1.0,Denzel Baptiste;David Biral;Mike Dean;Kid Cudi;Dot da Genius;Plain Pat;Travis Scott,Denzel Baptiste;David Biral;Mike Dean;Kid Cudi;Dot da Genius;Plain Pat;Travis Scott,1.0,2.0,1,0,Denzel Baptiste;David Biral;Dot da Genius;Plain Pat,1.0,0.0,0.0,0.0,1,4/4,Cm,Cm,130.0,54.0,72.0,23.0,-8.0,23.0,0,0,0,0,0,0,0,0,0,0,0,0,0,0,0,0,0,0,0,0,0,0,0,0,0,A1,0,165,0,74,23,0,0,0,0,0,0,0,0,Bragging;Badassery,0,0,1,0,0,0,0,0,0,0
Say So,Doja Cat ft. Nicki Minaj,2020,2020,,2020-05-16 00:00:00+00:00,1,0,7,8,9,8.0,1.3333333333333333,Kemosabe;RCA,Sony,,Hip Hop,1.5,1,0,0,Trinidad and Tobago;United States,27.5,0,0,1.0,Lydia Asrat;Doja Cat;Dr. Luke;David Sprecher;Nicki Minaj,Lydia Asrat;Doja Cat;Dr. Luke;David Sprecher;Nicki Minaj,2.0,2.0,1,0,Dr. Luke,1.0,1.0,0.0,0.0,1,4/4,D,D,111.0,64.0,86.0,75.0,-5.0,12.0,0,0,1,0,0,0,0,0,0,0,0,0,0,0,0,0,0,0,0,0,0,0,0,0,0,E5,0,206,0,40,10,0,0,0,0,0,0,0,0,Lust/Sex,0,0,1,0,0,0,0,1,0,0
Stuck With U,Ariana Grande & Justin Bieber,2020,2020,,2020-05-23 00:00:00+00:00,1,0,6,5,4,5.0,1.3333333333333333,Def Jam;Republic,Vivendi,,Pop,2.0,1,0,0,Canada;United States,26.0,2,1,0.0,Justin Bieber;Scooter Braun;Ariana Grande;Whitney Phillips;Gian Stone;Skyler Stonestreet;Freddy Wexler,Justin Bieber;Scooter Braun;Ariana Grande;Whitney Phillips;Gian Stone;Skyler Stonestreet;Freddy Wexler,2.0,1.0,1,0,Freddy Wexler;Gian Stone,1.0,1.0,0.0,0.0,1,6/8,Ab,Ab,89.0,45.0,60.0,54.0,-7.0,22.0,0,0,1,1,0,0,0,0,0,0,0,1,0,1,0,0,0,0,0,0,0,0,0,0,0,E3,0,228,0,34,20,0,0,1,0,0,0,0,0,Love,0,0,0,0,0,0,0,0,0,0
Savage,Megan Thee Stallion ft. Beyoncé,2020,2020,,2020-05-30 00:00:00+00:00,1,0,6,6,5,5.666666666666667,0.6666666666666666,300 Entertainment,300 Entertainment,,Hip Hop,1.5,1,0,0,United States,31.5,0,0,1.0,Jay-Z;Derrick Gray;Starrah;Beyonce;The-Dream;Pardison Fontaine;Megan Thee Stallion;Bobby Session;J. White Did It,Jay-Z;Derrick Gray;Starrah;Beyonce;The-Dream;Pardison Fontaine;Megan Thee Stallion;Bobby Session;J. White Did It,2.0,0.0,1,0,J. White Did It,1.0,0.0,0.0,0.0,1,4/4,Bbm,Bbm,84.0,74.0,82.0,64.0,-5.0,2.0,0,0,0,1,0,0,0,0,0,0,0,0,0,0,0,0,0,0,0,0,0,0,0,0,0,C1,0,242,0,5,12,1,0,0,0,0,0,1,1,Bragging;Badassery,0,0,1,0,0,0,0,1,0,0
Rain on Me,Lady Gaga & Ariana Grande,2020,2020,,2020-06-06 00:00:00+00:00,1,0,7,6,7,6.666666666666667,0.6666666666666666,Interscope,Vivendi,,Electronic;Pop,2.0,1,0,0,United States,30.0,0,1,0.0,Tchami;Jeremiah Burden;Matthew Burns;Nija Charles;Lady Gaga;Ariana Grande;Betty Wright;Boys Noize;BloodPop;Vernetta Williams;Rami,Tchami;Matthew Burns;Nija Charles;Lady Gaga;Ariana Grande;Boys Noize;BloodPop;Rami,2.0,2.0,1,0,BloodPop;Matthew Burns;Tchami,1.0,1.0,0.0,0.0,1,4/4,E,E,123.0,86.0,67.0,65.0,-4.0,2.0,0,1,0,1,0,1,0,0,0,0,0,0,0,0,0,0,0,0,0,0,0,0,0,0,0,E4,0,182,0,54,1,0,0,0,0,0,0,1,1,Empowerment;Hope,0,1,0,0,0,0,0,0,0,0
ROCKSTAR,DaBaby ft. Roddy Ricch,2020,2020,,2020-06-13 00:00:00+00:00,7,1,8,4,9,7.0,3.333333333333333,Interscope,Vivendi,,,1.5,1,0,0,United States,24.5,1,0,1.0,DaBaby;Roddy Ricch;SethInTheKitchen,DaBaby;Roddy Ricch;SethInTheKitchen,1.0,2.0,1,0,SethInTheKitchen,1.0,1.0,0.0,0.0,1,4/4,Abm,Abm,90.0,69.0,75.0,50.0,-8.0,25.0,0,1,1,0,0,0,0,0,0,0,0,0,0,0,0,0,0,0,0,0,0,0,0,0,0,C1,0,181,0,17,21,1,0,1,0,0,0,0,0,Death;Violence;Bragging;Murder,0,0,1,0,0,0,0,0,0,0
TROLLZ,6ix9ine & Nicki Minaj,2020,2020,,2020-06-27 00:00:00+00:00,1,0,1,1,4,2.0,2.0,Create,Create,,Hip Hop,2.0,1,0,0,Trinidad and Tobago;United States,30.5,2,0,,Aaron Clarke;Jahnei Clarke;Andrew Green;6ix9ine;Nicki Minaj;SadPony,Aaron Clarke;Jahnei Clarke;Andrew Green;6ix9ine;Nicki Minaj;SadPony,2.0,2.0,1,0,Jahnei Clarke;SadPony,1.0,2.0,0.0,0.0,1,4/4,Dbm,Dbm,90.0,42.0,74.0,49.0,-9.0,3.0,0,0,0,1,0,0,0,0,0,0,0,0,0,0,0,0,0,0,0,0,0,0,0,0,0,C1,0,202,0,9,3,0,0,1,0,0,0,0,0,Violence;Bragging,0,0,1,0,0,0,0,0,0,0
cardigan,Taylor Swift,2020,2020,,2020-08-08 00:00:00+00:00,1,0,8,5,6,6.333333333333333,2.0,Republic,Vivendi,,"Pop;Folk, World, & Country",1.0,0,0,0,United States,30.0,0,1,0.0,Aaron Dressner;Taylor Swift,Aaron Dressner;Taylor Swift,2.0,1.0,1,0,Aaron Dressner,1.0,1.0,0.0,0.0,1,4/4,Eb,Eb,130.0,58.0,61.0,55.0,-9.0,54.0,0,0,0,1,1,1,0,0,0,0,0,0,0,0,0,0,0,0,0,0,0,0,0,0,0,E2,0,239,0,48,7,0,0,1,0,0,0,0,0,Lost Love,0,0,0,0,0,0,0,0,0,0
Watermelon Sugar,Harry Styles,2020,2020,,2020-08-15 00:00:00+00:00,1,0,6,3,9,6.0,4.0,Columbia,Sony,,Rock;Pop,1.0,0,0,0,United Kingdom,26.0,1,1,0.0,Kid Harpoon;Tyler Johnson;Mitchell Rowland;Harry Styles,Kid Harpoon;Tyler Johnson;Mitchell Rowland;Harry Styles,1.0,1.0,1,0,Kid Harpoon;Tyler Johnson,1.0,1.0,0.0,0.0,1,4/4,C,C,95.0,82.0,55.0,56.0,-4.0,12.0,0,0,1,0,0,1,0,0,0,0,0,0,0,0,0,0,0,0,0,0,0,0,0,0,0,C4,0,176,0,0,0,0,0,0,0,0,0,0,0,Lust/Sex,0,0,0,0,0,0,0,0,0,0
WAP,Cardi B ft. Megan Thee Stallion,2020,2020,,2020-08-22 00:00:00+00:00,4,0,6,6,3,5.0,2.0,Atlantic,Warner Bros.,,Hip Hop,1.5,1,0,0,United States,26.0,0,0,1.0,Cardi B;KEYZBABY;Ayo the Producer;Megan Thee Stallion;Frank Ski;Pardison Fontaine,Cardi B;KEYZBABY;Ayo the Producer;Megan Thee Stallion;Pardison Fontaine,2.0,0.0,1,0,Ayo the Producer;KEYZBABY,1.0,0.0,0.0,0.0,1,4/4,Bm,Bm,133.0,45.0,94.0,36.0,-8.0,2.0,0,1,0,0,0,0,0,0,0,0,0,0,0,0,0,0,0,0,0,0,0,0,0,0,0,C1,0,187,0,0,6,0,0,1,0,0,1,0,1,Lust/Sex,0,0,1,0,0,0,0,1,0,0
Dynamite,BTS,2020,2020,,2020-09-05 00:00:00+00:00,3,1,4,2,8,4.666666666666667,4.0,Big Hit,Hybe,,Pop,0.0,1,0,0,South Korea,25.142857142857142,1,0,0.0,Jessica Agombar;David Stewart,Jessica Agombar;David Stewart,2.0,1.0,0,0,David Stewart,1.0,1.0,0.0,0.0,1,4/4,E;Gb&%,E,114.0,77.0,75.0,74.0,-4.0,1.0,0,0,1,1,0,0,0,0,0,0,0,0,0,1,0,0,0,0,0,0,0,0,0,0,0,C4,0,199,0,4,0,0,0,0,0,0,0,0,0,Partying;Dancing,0,0,0,0,0,0,0,0,0,0
FRANCHISE,Travis Scott ft. Young Thug & M.I.A.,2020,2020,,2020-10-10 00:00:00+00:00,1,0,2,5,1,2.6666666666666665,2.6666666666666665,Epic;Cactus Jack,Sony;Vivendi,,Hip Hop,1.5,1,0,0,United States;United Kingdom,34.333333333333336,2,0,2.0,M.I.A.;Chase Benjamin;Maurice Gealton;Bernard Leverette;Gerald Tiller;Travis Walton;Travis Scott;Young Thug;Jamal Willingham,M.I.A.;Chase Benjamin;Travis Walton;Travis Scott;Young Thug,2.0,0.0,1,0,Chase Benjamin;Travis Walton;Travis Scott,1.0,0.0,1.0,0.0,1,4/4,Bbm,Bbm,155.0,70.0,84.0,55.0,-5.0,1.0,0,1,0,0,0,0,0,0,0,0,0,0,0,0,0,0,0,0,0,0,0,0,0,0,0,C1,0,202,0,28,22,0,0,0,0,0,0,1,1,Bragging;Badassery;Partying,0,0,1,0,0,0,0,0,0,0
Savage Love (Laxed - Siren Beat),"Jawsh 685, Jason Derulo, & BTS",2020,2020,,2020-10-17 00:00:00+00:00,1,0,3,2,8,4.333333333333333,4.0,Columbia,Sony,,Reggae,0.0,1,0,0,New Zealand;United States; South Korea,26.75,1,0,2.0,Jason Derulo;Philippe Greiss;JKash;Jawsh 685,Jason Derulo;Philippe Greiss;Jacob Hindlin;Jawsh 685,1.0,2.0,1,0,Jawsh 685,1.0,0.0,1.0,1.0,1,4/4,Eb,Eb,150.0,60.0,76.0,66.0,-6.0,16.0,0,0,1,1,0,0,0,0,0,0,0,1,0,1,0,0,0,0,0,0,0,0,0,0,0,E4,0,185,0,16,2,0,0,0,0,0,0,0,0,Lost Love,0,0,1,1,0,0,0,1,0,0
Mood,24kGoldn ft. iann dior,2020,2020,,2020-10-24 00:00:00+00:00,8,1,8,3,8,6.333333333333333,3.333333333333333,Columbia,Sony,,Hip Hop,1.5,1,0,0,United States;Puerto Rico,20.0,1,0,,KBeaZy;Omer Fedi;24kGoldn;Iann Dior;Blake Slatkin,KBeaZy;Omer Fedi;24kGoldn;Iann Dior;Blake Slatkin,1.0,2.0,1,0,Blake Slatkin;KBeaZy;Omer Fedi,1.0,2.0,0.0,0.0,1,4/4,Gm,Gm,91.0,72.0,70.0,73.0,-4.0,17.0,0,0,1,0,0,0,0,0,0,0,0,0,0,0,0,0,0,0,0,0,0,0,0,0,0,C1,0,140,0,9,9,0,0,0,0,0,0,0,0,Bad Relationships,0,0,1,0,0,0,0,0,0,0
positions,Ariana Grande,2020,2020,,2020-11-07 00:00:00+00:00,1,0,7,5,8,6.666666666666667,2.0,Republic,Vivendi,,Pop,1.0,0,0,0,United States,27.0,0,1,0.0,Angelina Barrett;Brian Bates;TBHits;Nija Charles;Mr. Franks;Ariana Grande;London on da Track,Angelina Barrett;Brian Bates;TBHits;Nija Charles;Mr. Franks;Ariana Grande;London on da Track,2.0,2.0,1,0,London on da Track;TBHits;Mr. Franks,1.0,0.0,0.0,0.0,1,4/4,Dm,Dm,144.0,80.0,74.0,68.0,-5.0,47.0,0,0,1,0,1,0,0,0,0,0,0,1,0,0,0,0,0,0,0,0,0,0,0,0,0,E3,0,172,0,21,7,0,0,1,0,0,0,0,0,Lust/Sex;Love,0,0,1,0,0,0,0,0,0,0
Life Goes On,BTS,2020,2020,,2020-12-05 00:00:00+00:00,1,0,5,4,6,5.0,1.3333333333333333,Big Hit,Hybe,,Pop,0.0,0,0,0,South Korea,25.571428571428573,1,0,0.0,Antonina Armato;Christopher Brenner;J-Hope;Pdogg;Suga;RM;Ruuth,Antonina Armato;Christopher Brenner;J-Hope;Pdogg;Suga;RM;Ruuth,2.0,2.0,1,0,Pdogg,1.0,0.0,0.0,0.0,1,4/4,Ab,Ab,81.0,72.0,57.0,45.0,-6.0,1.0,0,1,0,0,0,0,0,0,0,0,0,0,0,0,0,0,0,0,0,0,0,0,0,0,0,C3V,1,207,0,36,11,0,0,0,0,0,0,0,0,Hope,0,0,0,1,0,0,0,0,0,0
willow,Taylor Swift,2020,2020,,2020-12-26 00:00:00+00:00,1,0,6,6,7,6.333333333333333,0.6666666666666666,Republic,Vivendi,,Pop,1.0,0,0,0,United States,31.0,0,1,0.0,Taylor Swift;Aaron Dressner,Taylor Swift;Aaron Dressner,2.0,1.0,1,0,Aaron Dressner,1.0,1.0,0.0,0.0,1,4/4,G,G,81.0,57.0,39.0,53.0,-9.0,83.0,0,0,1,0,1,0,0,0,0,0,0,1,0,0,0,0,0,0,0,0,0,0,0,0,0,E1,0,214,0,32,12,0,0,0,0,0,0,0,0,Longing for Love;Bad Relationships,0,0,0,0,0,0,0,0,0,0
drivers license,Olivia Rodrigo,2021,2020,,2021-01-23 00:00:00+00:00,8,0,10,8,8,8.666666666666666,1.3333333333333333,Geffen,Vivendi,,Pop,1.0,0,0,0,United States,17.0,0,0,0.0,Olivia Rodrigo;Dan Nigro,Olivia Rodrigo;Dan Nigro,2.0,2.0,1,0,Dan Nigro,1.0,1.0,0.0,0.0,1,Free;4/4,Bb,Bb,144.0,43.0,56.0,14.0,-9.0,77.0,0,0,0,1,0,0,0,0,0,0,0,0,0,1,0,0,0,0,0,0,0,0,0,0,0,E1,0,242,0,33,8,0,0,0,0,0,0,0,0,Lost Love,0,0,1,0,0,0,0,0,0,0
What's Next,Drake,2021,2020,,2021-03-20 00:00:00+00:00,1,0,6,7,7,6.666666666666667,0.6666666666666666,Republic;OVO,Vivendi,,Hip Hop,1.0,0,0,0,Canada,34.0,1,0,1.0,Maneesh;Drake;Supah Mario,Maneesh;Drake;Supah Mario,1.0,0.0,1,0,Maneesha;Supah Mario,1.0,0.0,0.0,0.0,1,4/4,Em,Em,130.0,58.0,78.0,6.0,-7.0,1.0,0,1,0,0,0,0,0,0,0,0,0,0,0,0,0,0,0,0,0,0,0,0,0,0,0,C1,0,178,0,29,15,0,0,0,0,0,0,0,0,Bragging,0,0,1,0,0,0,0,0,0,0
Up,Cardi B,2021,2020,,2021-03-27 00:00:00+00:00,1,0,5,6,5,5.333333333333333,0.6666666666666666,Atlantic,Warner Bros.,,Hip Hop,1.0,0,0,0,United States,28.0,0,0,1.0,Cardi B;Joshua Baker;Fourtee Crawford;Yung Dza;DJ SwanQo;Pardison Fontaine,Cardi B;Joshua Baker;Fourtee Crawford;Edis Selmani;DJ SwanQo;Pardison Fontaine,2.0,2.0,1,0,DJ SwanQo;Pardison Fontaine;Sean Island;Yung Dza,1.0,2.0,0.0,0.0,1,4/4,Em,Em,166.0,80.0,87.0,82.0,-6.0,0.0,0,1,0,1,0,0,0,0,0,0,0,0,0,0,0,0,0,0,0,0,0,0,0,0,0,C1,0,156,0,2,6,0,0,0,0,0,0,0,0,Lust/Sex;Bragging,0,0,1,0,0,0,0,1,0,0
Peaches,Justin Bieber ft. Daniel Caeser & Giveon,2021,2020,,2021-04-03 00:00:00+00:00,1,0,4,5,9,6.0,3.333333333333333,Def Jam,Vivendi,,,1.5,1,0,0,United States;Canada,27.0,1,2,2.0,Louis Bell;Justin Bieber;Giveon;Harv;Felisha King-Harvey;Matthew Leon;shndō;Aaron Simmonds;Daniel Caeser;Andrew Watt,Louis Bell;Justin Bieber;Giveon;Harv;Felisha King-Harvey;Matthew Leon;shndō;Aaron Simmonds;Daniel Caeser;Andrew Watt,2.0,2.0,1,0,Harv;Shndo,1.0,0.0,0.0,0.0,1,4/4,C,C,90.0,70.0,68.0,46.0,-6.0,32.0,0,0,1,0,0,0,0,0,0,0,0,0,0,0,0,0,0,0,0,0,0,0,0,0,0,C1,0,198,0,31,9,0,0,0,0,0,0,0,0,Longing for Love;Love,0,0,1,0,0,0,0,0,0,0
MONTERO (Call Me By Your Name),Lil Nas X,2021,2020,,2021-04-10 00:00:00+00:00,1,0,5,4,8,5.666666666666667,2.6666666666666665,Columbia,Sony,,Hip Hop;Pop,1.0,0,0,0,United States,22.0,1,0,1.0,Denzel Baptiste;David Biral;Omer Fedi;Lil Nas X;Rosario Lenzo,Denzel Baptiste;David Biral;Omer Fedi;Lil Nas X;Rosario Lenzo,1.0,2.0,1,0,Denzel Baptiste;David Biral;Omar Fedi;Rosario Lenzo,1.0,2.0,0.0,0.0,1,4/4,Abm,Abm,89.0,51.0,61.0,76.0,-7.0,30.0,0,0,1,0,0,0,0,1,0,0,0,1,0,0,0,0,0,0,0,0,0,0,0,0,0,C3,0,137,0,29,7,0,0,0,0,0,0,0,0,Lust/Sex,0,0,1,0,0,0,0,0,0,0
Leave the Door Open,Silk Sonic,2021,2020,,2021-04-17 00:00:00+00:00,2,1,9,9,10,9.333333333333334,0.6666666666666666,Atlantic;Aftermath,Vivendi;Warner,,Funk/Soul,2.0,1,0,0,United States,35.0,1,0,1.0,Anderson Paak;Brody Brown;D'Mile;Bruno Mars,Anderson Paak;Brody Brown;D'Mile;Bruno Mars,1.0,0.0,1,0,Bruno Mars;D'Mile,1.0,0.0,1.0,0.0,1,4/4,C;Eb,Multiple Keys,148.0,62.0,59.0,72.0,-8.0,18.0,0,1,0,1,1,0,0,0,0,0,0,1,0,1,0,0,0,0,0,0,0,0,0,0,0,E3,0,242,0,43,13,0,0,1,0,0,0,0,0,Lust/Sex,0,0,0,0,0,0,0,0,0,0
RAPSTAR,Polo G,2021,2020,,2021-04-24 00:00:00+00:00,2,0,6,6,5,5.666666666666667,0.6666666666666666,Columbia,Sony,,Hip Hop,1.0,0,0,0,United States,21.0,1,0,1.0,Polo G;Einer Bankz;Murda Beatz;Ryan Vojtesak;Alexander Wu,Polo G;Bankz Einer;Murda Beatz;Ryan Vojtesak;Alexander Wu,1.0,2.0,1,0,Einer Bankz;Synco,1.0,0.0,0.0,0.0,1,4/4,Bbm,Bbm,81.0,54.0,79.0,44.0,-7.0,41.0,0,0,0,1,0,0,0,0,0,0,0,0,0,0,0,0,0,0,0,0,0,0,0,1,0,C1,0,165,0,20,10,0,0,0,0,0,0,0,0,Bragging;Fame;Life,0,0,1,0,0,0,0,0,0,0
Save Your Tears,The Weeknd & Ariana Grande,2021,2020,,2021-05-08 00:00:00+00:00,2,0,7,7,7,7.0,0.0,XO;Republic,Vivendi,,Pop,2.0,1,0,0,United States;Canada,29.0,2,2,2.0,Belly;Oscar Holter;Daniel Lopatin;Max Martin;DaHeala;The Weeknd,Belly;Oscar Holter;Daniel Lopatin;Max Martin;DaHeala;The Weeknd,1.0,2.0,1,0,Max Martin;Oscar Holter;The Weeknd,1.0,2.0,1.0,0.0,1,4/4,C,C,118.0,83.0,65.0,59.0,-5.0,2.0,0,0,0,0,0,0,0,0,0,0,0,1,0,0,0,0,0,0,0,0,0,0,0,0,0,C3,0,191,0,52,8,0,0,0,0,0,0,0,0,Getting Back Together;Longing for Love,0,0,0,0,0,0,0,0,0,0
good 4 u,Olivia Rodrigo,2021,2020,,2021-05-29 00:00:00+00:00,1,0,6,7,9,7.333333333333333,2.0,Geffen,Vivendi,,Rock,1.0,0,0,0,United States,18.0,0,0,0.0,Olivia Rodrigo;Dan Nigro;Hayley Williams;Josh Farro,Olivia Rodrigo;Dan Nigro,2.0,2.0,1,0,Dan Nigro,1.0,1.0,0.0,0.0,1,4/4,A,A,167.0,66.0,56.0,69.0,-5.0,34.0,0,1,1,0,0,0,0,0,0,0,0,0,0,0,0,0,0,0,0,0,0,0,0,0,0,E1,0,178,0,33,6,0,0,0,0,0,0,1,1,Lost Love;Bad Relationships,0,0,1,0,0,0,0,0,0,0
Butter,BTS,2021,2020,,2021-06-05 00:00:00+00:00,10,1,3,2,4,3.0,1.3333333333333333,Big Hit,Hybe,,Pop,0.0,1,0,0,South Korea,26.0,1,0,0.0,Jenna Andrews;Alex Bilowitz;Sebastian Garcia;Robert Grimaldi;RM;Stephen Kirk;Ron Perry,Jenna Andrews;Alex Bilowitz;Sebastian Garcia;Robert Grimaldi;RM;Stephen Kirk;Ron Perry,2.0,2.0,1,0,Robert Grimaldi;Stephen Kirk;Ron Perry,1.0,1.0,0.0,0.0,1,4/4,Ab,Ab,110.0,46.0,76.0,70.0,-5.0,0.0,0,0,0,1,0,0,0,0,0,0,0,0,0,0,0,0,0,0,0,0,0,0,0,0,0,E3V,1,164,0,26,4,0,0,0,0,0,0,0,0,Lust/Sex;Partying;Bragging,0,0,0,0,0,0,0,0,0,0
Permission to Dance,BTS,2021,2020,,2021-07-24 00:00:00+00:00,1,0,4,3,5,4.0,1.3333333333333333,Big Hit,Hybe,,Electronic;Pop,0.0,1,0,0,South Korea,26.0,1,0,0.0,Ed Sheeran;Jenna Andrews;Johnny McDaid;Steve Mac,Ed Sheeran;Jenna Andrews;Johnny McDaid;Steve Mac,2.0,1.0,0,0,Jenna Andrews;Stephen Kirk;Steve Mac,2.0,1.0,0.0,0.0,1,4/4,E,E,125.0,74.0,70.0,65.0,-5.0,1.0,0,0,0,1,1,0,0,0,0,0,0,0,0,1,0,0,0,0,0,0,0,0,0,0,0,C4,0,187,0,4,0,0,0,0,0,0,0,0,0,Dancing,0,0,0,0,0,0,0,0,0,0
STAY,The Kid Laroi & Justin Bieber,2021,2020,,2021-08-14 00:00:00+00:00,7,1,6,4,8,6.0,2.6666666666666665,Columbia,Sony,,Hip Hop;Pop,2.0,1,0,0,Australia;Canada,22.0,1,2,,Blake Slatkin;Charlie Puth;The Kid Laroi;Isaac DeBoni;Justin Bieber;Cashmere Cat;Michael Mule;Omar Fedi;Subhaan Rahmaan,Blake Slatkin;Charlie Puth;The Kid Laroi;Isaac DeBoni;Justin Bieber;Cashmere Cat;Michael Mule;Omar Fedi;Subhaan Rahmaan,1.0,2.0,1,0,Blake Slatkin;Cashmere Cat;Charlie Puth;Omar Fedi,1.0,2.0,0.0,0.0,1,4/4,Bbm,Bbm,170.0,76.0,59.0,48.0,-5.0,4.0,0,0,0,1,0,0,0,0,0,0,0,1,0,1,0,0,0,0,0,0,0,0,0,0,0,C3,0,141,0,22,11,0,0,0,0,0,0,0,0,Lost Love,0,0,1,0,0,0,0,0,0,0
Way 2 Sexy,Drake ft. Future & Young Thug,2021,2020,,2021-09-18 00:00:00+00:00,1,0,5,3,7,5.0,2.6666666666666665,Republic;OVO,Universal,,,1.5,1,0,0,United States;Canada,34.0,1,0,1.0,Fred Fairbrass;Richard Fairbrass;Drake;Rob Manzoli;TooDope;TM88;Future;Young Thug,Drake;TooDope;TM88;Future;Young Thug,1.0,2.0,1,0,TM88;TooDope,1.0,0.0,0.0,0.0,1,4/4,Em,Em,136.0,60.0,80.0,33.0,-6.0,0.0,0,1,0,0,0,0,0,0,0,0,0,0,0,0,0,0,0,0,0,0,0,0,0,0,0,C1,0,257,0,32,14,1,0,0,0,0,1,0,1,Lust/Sex;Bragging,0,1,1,0,0,0,0,0,0,0
My Universe,Coldplay & BTS,2021,2020,,2021-10-09 00:00:00+00:00,1,0,3,5,3,3.6666666666666665,1.3333333333333333,Parlophone,Warner Bros.,,Electronic;Pop,0.0,1,0,0,South Korea;United Kingdom,28.5,1,2,0.0,Bill Rahko;Chris Martin;Guy Berryman;J-Hope;Jonny Buckland;Max Martin;Oscar Holter;RM;Suga;Will Champion,Bill Rahko;Chris Martin;Guy Berryman;J-Hope;Jonny Buckland;Max Martin;Oscar Holter;RM;Suga;Will Champion,1.0,2.0,1,0,Bill Rahko;Max Martin;Oscar Holter,1.0,1.0,0.0,0.0,1,4/4,E,E,105.0,70.0,59.0,44.0,-6.0,1.0,0,0,0,1,0,0,0,0,0,0,0,0,0,0,0,0,0,0,0,0,0,0,0,0,0,C1V,1,228,0,66,4,0,0,1,0,0,0,0,0,Love,0,0,0,1,0,0,0,0,0,0
INDUSTRY BABY,Lil Nas X & Jack Harlow,2021,2020,,2021-10-23 00:00:00+00:00,1,0,2,4,5,3.6666666666666665,2.0,Columbia,Sony,,Hip Hop,2.0,1,0,0,United States,25.5,1,2,2.0,Denzel Baptiste;David Biral;Raul Cubina;Jack Harlow;Lil Nas X;Nicholas Lee;Rosario Lenzo;Kanye West;Mark Williams,Denzel Baptiste;David Biral;Raul Cubina;Jack Harlow;Lil Nas X;Nicholas Lee;Rosario Lenzo;Kanye West;Mark Williams,1.0,2.0,1,0,Denzel Baptiste;David Biral;Kanye West,1.0,0.0,0.0,0.0,1,4/4,Ebm,Ebm,150.0,70.0,74.0,89.0,-7.0,2.0,0,1,0,0,0,1,0,0,0,0,0,0,0,1,0,0,0,0,0,0,0,0,0,0,0,C3,0,212,0,21,6,0,0,0,0,0,0,1,1,Bragging,0,0,1,0,0,0,0,0,0,0
Easy on Me,Adele,2021,2020,,2021-10-30 00:00:00+00:00,10,1,8,8,10,8.666666666666666,1.3333333333333333,Columbia,Sony,,Pop,1.0,0,0,0,United Kingdom,33.0,0,1,0.0,Adele;Greg Kurstin,Adele;Greg Kurstin,2.0,1.0,1,0,Greg Kurstin,1.0,1.0,0.0,0.0,1,4/4,F,F,142.0,37.0,60.0,13.0,-8.0,58.0,0,0,0,1,0,0,0,0,0,0,0,0,0,0,0,0,0,0,0,0,0,0,0,0,0,E1,0,224,0,37,13,0,0,0,0,0,0,0,0,Lost Love;Lost Innocence;Endings/Goodbyes,0,0,0,0,0,0,0,0,0,0
All Too Well (10 Minute Version),Taylor Swift,2021,2020,,2021-11-27 00:00:00+00:00,1,0,10,10,10,10.0,0.0,Republic,Universal,,"Folk, World, & Country",1.0,0,0,0,United States,31.0,0,1,0.0,Taylor Swift;Liz Rose,Taylor Swift;Liz Rose,2.0,1.0,1,0,Taylor Swift;Jack Antonoff,2.0,1.0,1.0,0.0,1,4/4,C,C,93.0,52.0,63.0,21.0,-9.0,27.0,0,0,1,0,1,1,0,0,0,0,0,0,0,0,0,0,0,0,0,0,0,0,0,0,0,E3,0,613,0,62,23,0,0,1,0,0,0,0,0,Lost Love;Endings/Goodbyes,1,0,1,0,0,0,0,0,0,0
We Don't Talk About Bruno,"Carolina Gaitán, Mauro Castillo, Adassa, Rhenzy Feliz, Diane Guerrero, Stephanie Beatriz, and the Encanto cast",2022,2020,,2022-02-05 00:00:00+00:00,5,0,6,7,6,6.333333333333333,0.6666666666666666,Walt Disney,Walt Disney,,Stage & Screen,0.0,1,0,0,Columbia;United States,39.0,2,0,0.0,Lin-Manuel Miranda,Lin-Manuel Miranda,1.0,0.0,0,0,Lin-Manuel Miranda;Mike Elizondo,1.0,0.0,0.0,0.0,1,4/4,Cm,Cm,206.0,45.0,58.0,83.0,-9.0,36.0,0,0,0,1,1,0,0,0,0,0,0,0,0,1,0,0,0,0,0,0,0,0,0,0,0,D1V,1,216,0,1,1,0,0,0,0,0,0,0,0,Magic;Rain,1,0,0,0,0,1,0,0,0,0
Heat Waves,Glass Animals,2022,2020,,2022-03-12 00:00:00+00:00,5,0,4,4,9,5.666666666666667,3.333333333333333,Wolf Tone,Universal,,Electronic;Pop,0.0,0,0,0,United Kingdom,32.0,1,1,0.0,Dave Bayley,Dave Bayley,1.0,1.0,1,1,Dave Bayley,1.0,1.0,1.0,1.0,1,4/4,B,B,81.0,53.0,76.0,53.0,-7.0,44.0,0,1,0,0,0,0,0,0,0,0,0,0,0,0,0,0,0,0,0,0,0,0,0,0,0,E1,0,238,0,60,41,1,0,0,0,0,0,0,0,Lost Love,0,0,0,0,0,0,0,0,0,0
As It Was,Harry Styles,2022,2020,,2022-04-16 00:00:00+00:00,15,1,7,8,8,7.666666666666667,0.6666666666666666,Columbia,Sony,,Rock;Pop,1.0,0,0,0,United Kingdom,28.0,1,1,0.0,Harry Styles;Kid Harpoon;Tyler Johnson,Harry Styles;Kid Harpoon;Tyler Johnson,1.0,1.0,1,0,Kid Harpoon;Tyler Johnson,1.0,1.0,0.0,0.0,1,4/4,Gbm,Gbm,174.0,73.0,52.0,66.0,-5.0,34.0,0,0,0,1,0,0,0,0,0,0,0,1,0,0,0,0,0,0,0,0,0,0,0,0,0,E1,0,167,0,24,14,0,0,0,0,0,0,0,0,Forbidden Love,0,1,0,0,0,0,0,0,0,0
First Class,Jack Harlow,2022,2020,,2022-04-23 00:00:00+00:00,3,1,4,5,3,4.0,1.3333333333333333,Atlantic,Warner Bros.,,,1.0,0,0,0,United States,24.0,1,1,0.0,will.i.am;Ludacris;Roget Chahayed;Fergie;Douglas Ford;Charlie Handsome;Jack Harlow;Jasper Harris;Polow da Don;Angel Lopez;Nickie Pabon;Raheem the Dream;Blac Elvis,Roget Chahayed;Douglas Ford;Charlie Handsome;Jack Harlow;Jasper Harris;Angel Lopez;Nickie Pabon,2.0,2.0,1,0,Jack Harlow;Charlie Handsom;Roget Chahayed;Jasper Harris,1.0,2.0,1.0,0.0,1,4/4,Gm,Gm,107.0,56.0,91.0,32.0,-6.0,3.0,0,0,0,1,0,0,0,0,0,0,0,0,0,0,0,0,0,0,0,0,0,0,0,0,0,C1,0,173,0,11,4,0,0,0,0,0,1,0,1,Bragging;Lust/Sex;Dreaming;Fame;Resilience;Materialism,0,0,1,0,0,0,0,0,0,0
WAIT 4 U,Future ft. Drake & Tems,2022,2020,,2022-05-14 00:00:00+00:00,1,0,7,7,2,5.333333333333333,3.333333333333333,Epic;Freebanz,Sony,,,1.5,1,0,0,United States;Canada;Nigeria,33.333333333333336,2,0,1.0,Tejiri;A1;ATL Jacob;Isaac DeBoni;Israel Ayomide Fowobaje;Drake;Michael Mule;Tems;Sonic Major;Future,Tejiri;Isaac DeBoni;Israel Ayomide Fowobaje;Drake;Michael Mule;Sonic Major;Future,2.0,2.0,1,0,ATL Jacob;Isaac DeBoni;1SRAEL;Sonic Major;Tejiri,1.0,2.0,0.0,0.0,1,4/4,Db,Db,83.0,64.0,46.0,34.0,-4.0,31.0,0,0,1,0,0,0,0,0,0,0,0,0,0,0,0,0,0,0,0,0,0,0,0,0,0,C1,0,189,0,11,22,1,0,1,0,0,1,0,1,Longing for Love;Lost Love,0,0,1,0,0,0,0,0,0,0
Jimmy Cooks,Drake ft. 21 Savage,2022,2020,,2022-07-02 00:00:00+00:00,1,0,2,7,3,4.0,3.333333333333333,Republic;OVO,Universal,,,1.5,1,0,0,Canada;United Kingdom,32.0,1,0,1.0,21 Savage;Tay Keith;Kevin Gomringer;Tim Gomringer;Al Goodman;Drake;Vinylz;Walter Morris;Harry Ray;Tizzle;Playa Fly,21 Savage;Tay Keith;Kevin Gomringer;Tim Gomringer;Al Goodman;Drake;Vinylz;Tizzle,1.0,2.0,1,0,Vinylz;Tay Keith;Cubeatz;Tizzle,1.0,2.0,0.0,0.0,1,4/4,Bbm;Dm%,Multiple Keys,166.0,67.0,53.0,37.0,-5.0,0.0,0,1,0,0,0,1,0,0,0,0,0,0,0,0,0,0,0,0,0,0,0,0,0,0,0,F,0,218,0,9,26,1,0,0,0,0,1,0,1,Lust/Sex;Bragging,0,1,1,0,0,0,0,0,0,0
About Damn Time,Lizzo,2022,2020,,2022-07-30 00:00:00+00:00,2,0,8,7,6,7.0,1.3333333333333333,Atlantic;Nice Life,Warner Bros.,,Pop,1.0,0,0,0,United States,34.0,0,0,1.0,Ricky Reed;Stephen Hague;Lizzo;Ronald Larkins;Larry Price;Blake Slatkin;Malcolm McLaren;Theron Thomas,Ricky Reed;Lizzo;Blake Slatkin;Theron Thomas,2.0,2.0,1,0,Blake Slatkin;Ricky Reed,1.0,1.0,0.0,0.0,1,4/4,Bbm,Bbm,109.0,75.0,84.0,71.0,-6.0,10.0,0,1,1,0,1,1,0,0,0,0,0,0,1,1,0,0,0,0,0,0,0,0,0,0,0,E3V,1,191,0,28,10,0,0,0,0,0,1,0,1,Dancing;Empowerment,0,0,1,0,0,0,0,0,0,0
BREAK MY SOUL,Beyoncé,2022,2020,,2022-08-13 00:00:00+00:00,2,0,8,8,4,6.666666666666667,2.6666666666666665,Parkwood;Columbia,Sony,,Electronic;Funk/Soul;Pop,1.0,0,0,0,United States,40.0,0,0,1.0,Jay-Z;Allen George;The-Dream;Beyonce;Fred McFarlane;Adam Pigott;Big Freedia;Tricky Stewart,Jay-Z;The-Dream;Beyonce;Tricky Stewart,2.0,0.0,1,0,Beyonce;Tricky Stewart;Jens Christian Isaksen;The-Dream,2.0,2.0,1.0,0.0,1,4/4,Abm,Abm,115.0,89.0,69.0,85.0,-5.0,6.0,0,0,0,0,0,0,0,0,0,0,0,0,0,0,0,0,0,0,0,0,0,0,0,0,0,E3V,1,278,0,9,21,0,0,0,0,0,1,0,1,Empowerment;Jobs;Resilience,0,0,0,0,0,0,0,0,0,0
Super Freaky Girl,Nicki Minaj,2022,2020,,2022-08-27 00:00:00+00:00,1,0,1,5,8,4.666666666666667,4.666666666666667,Young Money;Republic,Universal,,Hip Hop,1.0,0,0,0,Trinidad and Tobago,39.0,0,0,1.0,Aaron Joseph;Dr.Luke;Rick James;LunchMoney Lewis;Malibu Babie;Nicki Minaj;Alonzo Miller;Vaughn Oliver,Aaron Joseph;Dr.Luke;LunchMoney Lewis;Malibu Babie;Nicki Minaj;Vaughn Oliver,2.0,2.0,1,0,Aaron Joseph;Dr.Luke;Malibu Babie;Vaughn Oliver,2.0,1.0,0.0,0.0,1,4/4,Am,Am,133.0,89.0,95.0,91.0,-3.0,6.0,0,1,0,1,0,0,0,0,0,0,0,0,0,0,0,0,0,0,0,0,0,0,0,0,0,C1,0,170,0,0,10,1,0,0,0,0,1,0,1,Lust/Sex,0,0,1,0,0,0,0,0,0,0
Bad Habit,Steve Lacy,2022,2020,,2022-10-08 00:00:00+00:00,3,0,9,6,5,6.666666666666667,2.6666666666666665,RCA,Sony,,Funk/Soul,1.0,0,0,0,United States,24.0,1,0,1.0,Matthew Castellanos;Fousheé;Wynter Gordon;John Kirby;Steve Lacy,Matthew Castellanos;Fousheé;Wynter Gordon;John Kirby;Steve Lacy,2.0,2.0,1,0,Steve Lacy,1.0,0.0,1.0,1.0,1,4/4,Fm,Fm,169.0,51.0,69.0,69.0,-7.0,63.0,0,0,1,0,0,0,0,0,0,0,0,1,0,0,0,0,0,0,0,0,0,0,0,0,0,F,0,232,0,26,2,0,0,0,0,0,0,0,0,Lost Love,0,0,1,0,0,0,0,0,0,0
Unholy,Sam Smith & Kim Petras,2022,2020,,2022-10-29 00:00:00+00:00,1,0,3,2,6,3.6666666666666665,2.6666666666666665,Capitol;EMI,Universal,,Electronic;Pop,2.0,1,0,0,Germany;United Kingdom,30.0,3,1,0.0,Omer Fedi;Jimmy Napes;Kim Petras;Ilya;Blake Slatkin;Cirkut,Omer Fedi;Jimmy Napes;Kim Petras;Ilya;Blake Slatkin;Cirkut,3.0,1.0,1,0,Omer Fedi;Jimmy Napes;Ilya;Blake Slatkin;Cirkut,3.0,1.0,1.0,0.0,1,4/4,Dbm,Dbm,131.0,45.0,72.0,22.0,-7.0,1.0,0,1,0,0,0,0,0,0,0,0,0,0,0,0,0,0,0,0,0,0,0,0,0,0,0,C1,0,156,0,29,21,1,0,0,0,0,0,0,0,Lust/Sex;Forbidden Love,0,0,0,0,0,0,0,0,0,0
Anti-Hero,Taylor Swift,2022,2020,,2022-11-05 00:00:00+00:00,8,1,5,7,7,6.333333333333333,1.3333333333333333,Republic,Universal,,Electronic;Pop;Rock,1.0,0,0,0,United States,32.0,0,1,0.0,Taylor Swift;Jack Antonoff,Taylor Swift;Jack Antonoff,2.0,1.0,1,0,Taylor Swift;Jack Antonoff,2.0,1.0,1.0,0.0,1,4/4,E,E,97.0,65.0,63.0,49.0,-7.0,12.0,0,0,0,1,0,0,0,0,0,0,0,0,0,0,0,0,0,0,0,0,0,0,0,0,0,C3,0,200,0,25,5,0,0,0,0,0,0,0,0,Escape;Failure;Lonesomeness,0,0,0,0,0,0,0,0,0,0
Flowers,Miley Cyrus,2023,2020,,2023-01-28 00:00:00+00:00,8,1,5,8,8,7.0,2.0,Columbia,Sony,,Pop,1.0,0,0,0,United States,30.0,0,1,0.0,Miley Cyrus;Aldae;Michael Pollack,Miley Cyrus;Aldae;Michael Pollack,2.0,1.0,1,0,Kid Harpoon;Tyler Johnson,1.0,1.0,0.0,0.0,0,4/4,Am,Am,118.0,69.0,71.0,63.0,-5.0,6.0,0,1,0,1,0,0,0,0,0,0,0,0,0,0,0,0,0,0,0,0,0,0,0,0,0,C4,0,200,0,8,8,0,0,0,0,0,0,1,1,Lost Love,0,0,0,0,0,0,0,0,0,0
Die for You,The Weeknd & Ariana Grande,2023,2020,,2023-03-11 00:00:00+00:00,1,0,5,5,5,5.0,0.0,XO;Republic,Universal,,Funk/Soul;Pop,2.0,1,0,0,Canada;United States,31.0,2,2,2.0,Ariana Grande;Cashmere Cat;Doc McKinney;Mejdi Rhars;The Weeknd;Billy Walsh;Cirkut;Dylan Wiggins,Ariana Grande;Cashmere Cat;Doc McKinney;Mejdi Rhars;The Weeknd;Billy Walsh;Cirkut;Dylan Wiggins,2.0,2.0,1,0,The Weeknd;Cashmere Cat;Cirkut;Doc McKinney;Prince85,1.0,2.0,1.0,0.0,1,4/4,Dbm,Dbm,67.0,52.0,56.0,49.0,-7.0,27.0,0,1,0,0,1,0,0,0,0,0,0,1,0,0,0,0,0,0,0,0,0,0,0,0,0,E3,0,232,0,15,15,0,0,0,0,0,0,0,0,Regret;Love;Longing for Love,0,0,0,0,0,0,0,0,0,0
Last Night,Morgan Wallen,2023,2020,,2023-03-18 00:00:00+00:00,16,1,3,4,7,4.666666666666667,2.6666666666666665,Big Loud;Republic;Mercury,Universal,,,1.0,0,0,0,United States,29.0,1,1,0.0,John Byron;Ashley Gorley;JKash;Charlie Handsome,John Byron;Ashley Gorley;Jkash;Charlie Handsome,1.0,1.0,0,0,Charlie Handsome;Joey Moi,1.0,1.0,0.0,0.0,1,4/4,Gb,Gb,204.0,67.0,49.0,49.0,-5.0,41.0,0,0,1,0,0,0,0,0,0,0,0,0,0,1,0,0,0,0,1,0,0,0,0,0,0,C5,0,163,0,23,9,0,0,0,0,0,0,0,0,Lost Love;Bad Relationships,0,0,1,0,0,0,0,0,0,0
Like Crazy,Jimin,2023,2020,,2023-04-08 00:00:00+00:00,1,0,5,3,3,3.6666666666666665,1.3333333333333333,Big Hit,Hybe,,,1.0,0,0,0,South Korea,27.0,1,2,0.0,BLVSH;Chris James;Pdogg;RM;Jimin;Ghstloop;Evan,BLVSH;Chris James;Pdogg;RM;Jimin;Ghstloop;Evan,1.0,2.0,1,0,Pdogg;Ghstloop,1.0,0.0,0.0,0.0,1,4/4,Dm,Dm,120.0,73.0,63.0,36.0,-5.0,0.0,0,0,0,1,1,0,0,0,0,0,0,0,0,0,0,0,0,0,0,0,0,0,0,0,0,E4,0,212,0,60,15,1,0,0,0,0,0,0,0,Fame;Paranoia,0,1,0,1,0,0,0,0,0,0
Kill Bill,SZA,2023,2020,,2023-04-29 00:00:00+00:00,1,1,9,8,6,7.666666666666667,2.0,Top Dawg;RCA,Sony,,Funk/Soul;Pop,1.0,0,0,0,United States,33.0,0,0,1.0,Rob Bisel;Carter Lang;SZA,Rob Bisel;Carter Lang;SZA,2.0,2.0,1,0,Rob Bisel;Carter Lang,1.0,2.0,0.0,0.0,1,4/4,Ab,Ab,89.0,73.0,64.0,43.0,-6.0,5.0,0,1,0,0,0,0,0,0,0,0,0,0,0,0,0,0,0,0,0,0,0,0,0,0,0,E3,0,153,0,14,14,0,0,0,0,0,0,0,0,Lost Love;Murder,1,0,1,0,0,0,0,0,0,0
vampire,Olivia Rodrigo,2023,2020,,2023-07-15 00:00:00+00:00,2,0,7,9,9,8.333333333333334,1.3333333333333333,Geffen,Universal,,Rock;Pop,1.0,0,0,0,United States,20.0,0,0,0.0,Olivia Rodrigo;Dan Nigro,Olivia Rodrigo;Dan Nigro,2.0,2.0,1,0,Dan Nigro,1.0,1.0,0.0,0.0,1,4/4,F,F,137.0,53.0,48.0,32.0,-6.0,15.0,0,0,0,1,0,1,0,0,0,0,0,0,0,0,0,0,0,0,0,0,0,0,0,0,0,E1,0,291,0,36,14,0,0,0,0,0,0,0,0,Lost Love;Bad Relationships,0,0,1,0,0,0,0,0,0,0
Seven,Jungkook ft. Latto,2023,2020,,2023-07-29 00:00:00+00:00,1,0,2,5,5,4.0,2.0,Big Hit,Hybe,,Pop,1.5,1,0,0,South Korea;United Kingdom,25.0,2,2,2.0,Jon Bellion;Latto;Theron Thomas;Cirkut;Andrew Watt,Jon Bellion;Latto;Theron Thomas;Cirkut;Andrew Watt,2.0,2.0,1,0,Andrew Watt;Cirkut,1.0,1.0,0.0,0.0,1,4/4,B,B,125.0,84.0,79.0,90.0,-4.0,30.0,0,0,1,0,0,0,0,0,0,0,0,1,0,0,0,0,0,0,0,0,0,0,0,0,0,C3V,1,184,0,11,9,0,0,0,0,0,0,0,0,Lust/Sex,0,0,1,0,0,0,0,0,0,0
Try That in a Small Town,Jason Aldean,2023,2020,,2023-08-05 00:00:00+00:00,1,0,3,1,4,2.6666666666666665,2.0,Broken Bow Records,BMG,,"Folk, World, & Country",1.0,0,0,0,United States,46.0,1,1,0.0,Kurt Allison;Tully Kennedy;Kelley Lovelace;Neil Thrasher,Kurt Allison;Tully Kennedy;Kelley Lovelace;Neil Thrasher,1.0,1.0,0,0,Michael Knox,1.0,1.0,0.0,0.0,0,4/4,Cm,Cm,146.0,86.0,47.0,33.0,-4.0,5.0,0,0,1,0,0,0,0,0,0,0,0,0,0,0,0,0,0,0,0,0,0,0,0,0,0,E1,0,180,0,53,16,0,0,0,0,0,0,0,0,Home;Respect;Violence,0,0,1,0,0,0,0,0,0,0
Rich Men North of Richmond,Oliver Anthony Music,2023,2020,,2023-08-26 00:00:00+00:00,2,0,5,7,8,6.666666666666667,2.0,,,,"Folk, World, & Country",1.0,0,0,0,United States,31.0,1,1,0.0,Oliver Anthony,Oliver Anthony,1.0,1.0,1,1,radiowv,1.0,1.0,0.0,0.0,0,4/4,Bb,Bb,122.0,26.0,68.0,53.0,-12.0,75.0,0,0,1,0,0,0,0,0,0,0,0,0,0,0,0,0,0,0,0,0,0,0,0,0,0,C3,0,187,0,33,0,0,0,0,0,0,0,0,0,Anger;Hypocrisy;Poverty;Survival,0,0,1,0,0,0,0,0,0,0
I Remember Everything,Zach Bryan ft. Kacey Musgraves,2023,2020,,2023-09-09 00:00:00+00:00,1,0,8,6,3,5.666666666666667,3.333333333333333,Belting Bronco;Warner Bros.,Warner Bros.,,,1.5,1,0,0,United States,31.0,2,2,0.0,Zach Bryan;Kacey Musgraves,Zach Bryan;Kacey Musgraves,2.0,1.0,1,0,Zach Bryan,1.0,1.0,1.0,1.0,1,7/4;4/4,C,C,78.0,45.0,43.0,16.0,-8.0,55.0,0,0,1,0,1,0,0,0,0,0,0,0,0,0,0,0,0,0,0,0,0,0,0,0,0,E1,0,227,0,38,22,0,0,0,0,0,0,0,0,Lost Love;Escape;Better Times;Regret,0,0,0,0,0,0,0,0,0,0
Paint the Town Red,Doja Cat,2023,2020,,2023-09-16 00:00:00+00:00,3,1,6,3,5,4.666666666666667,2.0,Kemosabe;RCA,Sony,,Hip Hop,1.0,0,0,0,United States,27.0,0,0,1.0,Burt Bacharach;Karl Rubin;Earl on the Beat;Hal David;Doja Cat;Jean-Baptiste,Karl Rubin;Earl on the Beat;Doja Cat;Jean-Baptiste,2.0,2.0,1,0,DJ Replay;Karl Rubin;Earl on the Beat;Jean-Baptiste,1.0,0.0,0.0,0.0,1,4/4,Gm,Gm,100.0,54.0,87.0,73.0,-9.0,27.0,0,1,0,0,0,1,0,0,0,0,0,0,0,1,0,0,0,0,0,0,0,0,0,0,0,C5,0,231,0,38,19,0,0,0,0,0,1,0,1,Badassery;Bragging;Materialism;Revenge,0,0,1,0,0,0,0,0,0,0
Slime You Out,Drake ft. SZA,2023,2020,,2023-09-30 00:00:00+00:00,1,0,2,3,3,2.6666666666666665,0.6666666666666666,Republic;OVO,Universal,,Hip Hop,1.5,1,0,0,United States;Canada,34.5,2,0,1.0,Noel Cadastre;Drake;Grant Lapointe;Chris Powell;SZA;Bnyx;Noah Shebib;D10,Noel Cadastre;Drake;SZA;Bnyx;Noah Shebib;D10,2.0,2.0,1,0,Noel Cadastre;Drake;Bnyx;Noah Shebib;D10,1.0,2.0,1.0,0.0,1,4/4,Fm,Fm,89.0,41.0,48.0,11.0,-9.0,51.0,0,0,0,1,0,0,0,0,0,0,0,0,0,0,0,0,0,0,0,0,0,0,0,0,0,D3,0,310,0,35,24,1,0,0,0,0,1,0,1,Lust/Sex,0,1,1,0,0,0,0,0,0,0
First Person Shooter,Drake ft. J Cole,2023,2020,,2023-10-21 00:00:00+00:00,1,0,7,4,4,5.0,2.0,Republic;OVO,Universal,,,1.5,1,0,0,United States;Canada,37.0,1,0,1.0,"Tay Keith;J Cole;Scotty Coleman;Isaac DeBoni;Drake;Vinylz;Snorre Tidemand;Michael Mule;Boi-1da;Joseph Washington, Jr.;OZ",Tay Keith;J Cole;Scotty Coleman;Isaac DeBoni;Drake;Vinylz;Michael Mule;Boi-1da;OZ,1.0,2.0,1,0,Boi-1da;Scotty Coleman;Michael Mule;Isaac DeBoni;OZ;Tay Keith;Vinylz,1.0,2.0,0.0,0.0,1,4/4,Bm,Bm,164.0,66.0,48.0,25.0,-7.0,3.0,0,1,0,0,0,0,0,0,0,0,0,0,0,0,0,0,0,0,0,0,0,0,0,0,0,F,0,247,0,21,23,1,0,0,0,0,1,0,1,Bragging;Fame,0,0,1,0,0,0,0,0,0,0
Cruel Summer,Taylor Swift,2023,2020,,2023-10-28 00:00:00+00:00,4,1,9,6,6,7.0,2.0,Republic,Universal,,,1.0,0,0,0,United States,33.0,0,1,0.0,Jack Antonoff;St. Vincent;Taylor Swift,Jack Antonoff;St. Vincent;Taylor Swift,2.0,1.0,1,0,Jack Antonoff;Taylor Swift,2.0,1.0,1.0,0.0,1,4/4,A,A,170.0,70.0,55.0,56.0,-6.0,12.0,0,0,0,1,0,0,0,0,0,0,0,0,0,0,0,0,0,0,0,0,0,0,0,0,0,E3,0,178,0,12,5,0,0,0,0,0,0,0,0,Bad Relationships,1,0,0,0,0,0,0,0,0,0
Is It Over Now?,Taylor Swift,2023,2020,,2023-11-11 00:00:00+00:00,1,0,4,7,6,5.666666666666667,2.0,Republic,Universal,,,1.0,0,0,0,United States,33.0,0,1,0.0,Taylor Swift;Jack Antonoff,Taylor Swift;Jack Antonoff,2.0,1.0,1,0,Taylor Swift;Jack Antonoff,2.0,1.0,1.0,0.0,1,4/4,C,C,100.0,65.0,60.0,15.0,-7.0,5.0,0,0,0,1,0,0,0,0,0,0,0,0,0,0,0,0,0,0,0,0,0,0,0,0,0,E3,0,229,0,75,24,0,0,1,0,0,0,0,0,Bad Relationships;Infidelity;Lost Love,1,0,0,0,0,0,0,0,0,0
Lovin On Me,Jack Harlow,2023,2020,,2023-12-02 00:00:00+00:00,6,1,6,4,5,5.0,1.3333333333333333,Atlantic,Warner Bros.,,Hip Hop,1.0,0,0,0,United States,25.0,1,1,0.0,Nik D;Delbert Greer;Jack Harlow;Sean Momberger;Reginald Nelton;Nickie Jon Pabón;OZ,Nik D;Jack Harlow;Sean Momberger;Reginald Nelton;Nickie Jon Pabón;OZ,1.0,2.0,1,0,Nik D;OZ;Sean Momberger,1.0,1.0,0.0,0.0,1,4/4,Bbm,Bbm,105.0,56.0,94.0,61.0,-5.0,0.0,0,1,0,0,0,0,0,0,0,0,0,0,0,0,0,0,0,0,0,0,0,0,0,0,0,C1,0,138,0,0,9,0,0,0,0,0,1,0,1,Lust/Sex,0,0,1,0,0,0,0,0,0,0
Rockin' Around the Christmas Tree,Brenda Lee,2023,2020,,2023-12-09 00:00:00+00:00,3,1,8,10,7,8.333333333333334,2.0,Decca,Universal,,Rock;Pop,1.0,0,0,0,United States,78.0,1,1,0.0,Johnny Marks,Johnny Marks,1.0,1.0,0,0,Owen Bradley,1.0,1.0,0.0,0.0,0,4/4,Ab,Ab,67.0,47.0,60.0,88.0,-9.0,62.0,0,0,1,0,0,1,0,0,0,0,0,0,0,0,0,0,0,0,0,0,1,0,0,0,0,D1,0,126,0,37,7,0,0,0,0,0,0,0,0,Partying;Christmas,0,0,0,0,0,0,0,0,0,0
"yes, and?",Ariana Grande,2024,2020,,2024-01-27 00:00:00+00:00,1,0,6,5,7,6.0,1.3333333333333333,Republic,Universal,,Electronic;Pop,1.0,0,0,0,United States,30.0,0,1,0.0,Ariana Grande;Ilya;Max Martin,Ariana Grande;Ilya;Max Martin,2.0,1.0,1,0,Ariana Grande;Ilya;Max Martin,2.0,1.0,1.0,0.0,1,4/4,Db,Db,119.0,78.0,79.0,79.0,-7.0,19.0,0,0,0,0,0,0,0,0,0,0,0,1,0,0,0,0,0,0,0,0,0,0,0,0,0,E3,0,214,0,54,48,0,0,0,0,0,0,0,0,Infidelity;Lust/Sex;Empowerment,0,0,1,0,0,0,0,0,0,0
HISS,Megan Thee Stallion,2024,2020,,2024-02-10 00:00:00+00:00,1,0,6,6,6,6.0,0.0,Hot Girl,Hot Girl,,Hip Hop,1.0,0,0,0,United States,29.0,0,0,1.0,"Joel Banks;Taylor Banks;Shawn ""Source"" Jarrett;LilJuMadeDaBeat;Megan Thee Stallion","Joel Banks;Taylor Banks;Shawn ""Source"" Jarrett;LilJuMadeDaBeat;Megan Thee Stallion",2.0,2.0,1,0,Joel Banks;Taylor Banks;LilJuMadeDaBeat;,1.0,2.0,0.0,0.0,1,4/4,Dbm,Dbm,167.0,66.0,75.0,69.0,-5.0,8.0,0,0,0,1,0,0,0,0,0,0,0,0,0,0,0,0,0,0,0,0,0,0,0,0,0,A1,0,192,0,3,17,1,1,0,0,0,0,0,0,Anger;Bragging,0,1,1,0,0,0,0,0,0,0
TEXAS HOLD 'EM,Beyoncé,2024,2020,,2024-03-02 00:00:00+00:00,2,0,6,8,7,7.0,1.3333333333333333,Parkwood;Columbia,Sony,,"Pop;Folk, World, & Country",1.0,0,0,0,United States,42.0,0,0,1.0,INK;Beyonce;Brian Bates;Lowell;Bülow;Nathan Ferraro;Raphael Saadiq,INK;Beyonce;Brian Bates;Lowell;Bülow;Nathan Ferraro;Raphael Saadiq,2.0,2.0,1,0,Beyonce;Hit-Boy;Killah B;Mariel Gomerez;Nathan Ferraro;Raphael Saadiq;Stuart White,2.0,2.0,1.0,0.0,1,4/4,D,D,110.0,72.0,73.0,39.0,-7.0,57.0,0,0,1,0,0,0,0,1,0,0,0,0,0,1,0,1,0,0,0,0,0,0,0,0,0,C3,0,233,0,38,13,0,0,0,0,0,0,0,0,Dancing;Partying,0,0,1,0,0,0,0,0,0,0
CARNIVAL,Kanye West & Ty Dolla $ign ft. Rich the Kid & Playboi Cardi,2024,2020,,2024-03-16 00:00:00+00:00,1,0,3,3,4,3.333333333333333,0.6666666666666666,YZY,YZY,,Hip Hop,2.5,0,0,0,United States,37.25,1,0,1.0,Playboi Carti;Raul Cubina;Grant Dickinson;The Legendary Traxster;Digital Nas;Rich the Kid;Kanye West;Mark Williams;Ty Dolla Sign,Playboi Carti;Raul Cubina;Grant Dickinson;The Legendary Traxster;Digital Nas;Rich the Kid;Kanye West;Mark Williams;Ty Dolla Sign,1.0,2.0,1,0,TheLabCook;Raul Cubina;Mark Williams;Ty Dolla Sign;Kanye West; The Legendary Traxster,1.0,2.0,1.0,0.0,0,4/4,Fm,Fm,148.0,81.0,59.0,31.0,-6.0,91.0,1,1,0,0,0,0,0,0,0,0,0,0,0,0,0,0,0,0,0,0,0,0,0,0,0,C1,0,264,0,45,38,1,0,0,0,0,1,1,1,Lust/Sex,0,0,1,0,0,0,0,0,0,0
we can't be friends (wait for your love),Ariana Grande,2024,2020,,2024-03-23 00:00:00+00:00,1,0,7,4,5,5.333333333333333,2.0,Republic,Universal,,Pop,1.0,0,0,0,United States,30.0,0,1,0.0,Ariana Grande;Ilya;Max Martin,Ariana Grande;Ilya;Max Martin,2.0,1.0,1,0,Ariana Grande;Ilya;Max Martin,2.0,1.0,1.0,0.0,1,4/4,F,F,116.0,65.0,65.0,30.0,-8.0,6.0,0,0,0,0,1,0,0,0,0,0,0,0,0,0,0,0,0,0,0,0,0,0,0,0,0,E5,0,228,0,69,7,0,0,0,0,0,0,0,0,Getting Back Together;Friendship,0,0,0,0,0,0,0,0,0,0
Lose Control,Teddy Swims,2024,2020,,2024-03-30 00:00:00+00:00,1,0,7,5,7,6.333333333333333,1.3333333333333333,Warner Bros.,Warner Bros.,,Rock;Pop,1.0,0,0,0,United States,31.0,1,1,0.0,Julian Bunetta;Ammo;Teddy Swims;Mikky Ekko;Infamous,Julian Bunetta;Ammo;Teddy Swims;Mikky Ekko;Infamous,1.0,2.0,1,0,Ammo;Julian Bunetta,1.0,2.0,0.0,0.0,1,6/8,Gbm,Gbm,160.0,60.0,56.0,24.0,-4.0,20.0,0,0,0,1,0,0,0,0,0,0,0,0,0,0,0,0,0,0,0,0,0,0,0,0,0,C1,0,210,0,25,5,0,0,0,0,0,0,0,0,Bad Relationships;Lust/Sex,0,0,0,0,0,0,0,0,0,0
Like That,"Future, Metro Boomin, & Kendrick Lamar",2024,2020,,2024-04-06 00:00:00+00:00,3,0,6,6,6,6.0,0.0,Freebandz;Epic;Republic,Sony;Universal,,,0.0,1,0,0,United States,35.333333333333336,1,0,1.0,Joe Cooley;Kendrick Lamar;Kobe Hood;Rodney-O;Jeffrey Page;MC Ren;Metro Boomin;Future,Kendrick Lamar;Kobe Hood;Jeffrey Page;Metro Boomin;Future,1.0,0.0,1,0,Metro Boomin,1.0,0.0,1.0,1.0,1,4/4,Dbm,Dbm,162.0,68.0,81.0,31.0,-5.0,1.0,0,1,0,1,0,0,0,0,0,0,0,0,0,0,0,1,0,0,0,0,0,0,0,0,0,C1,0,267,0,31,18,1,0,1,0,0,1,1,1,Lust/Sex;Partying;Bragging;Respect,0,0,1,0,0,0,0,0,0,0
Too Sweet,Hozier,2024,2020,,2024-04-27 00:00:00+00:00,1,0,7,6,7,6.666666666666667,0.6666666666666666,Columbia,Sony,,"Folk, World, & Country",0.0,0,0,0,Ireland,34.0,1,1,0.0,Sergiu Gherman;Peter Gonzales;Hozier;Stuart Johnson;Chakra;Bekon;Tyler Mehlenbacher,Sergiu Gherman;Peter Gonzales;Hozier;Stuart Johnson;Chakra;Bekon;Tyler Mehlenbacher,1.0,2.0,1,0,Hozier;Chakra;Peter Gonzales,1.0,2.0,1.0,0.0,1,4/4,Bb,Bb,117.0,62.0,74.0,93.0,-6.0,3.0,0,0,1,0,0,0,0,0,0,0,0,0,0,0,1,0,0,0,0,0,0,0,0,0,0,C3,0,251,0,73,20,0,0,0,0,0,0,0,0,Lust/Sex,0,0,0,0,0,0,0,0,0,0
Fortnight,Taylor Swift ft. Post Malone,2024,2020,,2024-05-04 00:00:00+00:00,2,0,4,8,6,6.0,2.6666666666666665,Republic,Universal,,Electronic;Pop,1.5,1,0,0,United States,31.0,2,1,0.0,Jack Antonoff;Taylor Swift;Post Malone,Jack Antonoff;Taylor Swift;Post Malone,2.0,1.0,1,0,Jack Antonoff;Taylor Swift,2.0,1.0,1.0,0.0,1,4/4,B,B,192.0,39.0,50.0,28.0,-11.0,50.0,0,0,0,0,0,0,0,0,0,0,0,0,0,0,0,0,0,0,0,0,0,0,0,0,0,E1,0,228,0,11,3,0,0,0,0,0,0,0,0,Lost Love,0,0,0,0,0,0,0,0,0,0
Not Like Us,Kendrick Lamar,2024,2020,,2024-05-18 00:00:00+00:00,2,1,9,9,10,9.333333333333334,0.6666666666666666,Interscope,Universal,,Hip Hop,1.0,0,0,0,United States,36.0,1,0,1.0,Ray Charles;Kendrick Lamar;Mustard;Sean Momberger;Sounwave,Kendrick Lamar;Mustard;Sean Momberger;Sounwave,1.0,2.0,1,0,Mustard;Sean Momberger;Sounwave,1.0,2.0,0.0,0.0,1,4/4,Bm,Bm,101.0,47.0,90.0,21.0,-7.0,1.0,0,1,0,0,1,0,0,0,0,0,0,0,0,0,0,0,0,0,0,0,0,0,0,0,0,A2,0,234,0,29,7,0,0,0,0,0,1,1,1,Anger;Bragging;Fighting,0,0,1,0,0,0,0,0,0,0
I Had Some Help,Post Malone ft. Morgan Wallen,2024,2020,,2024-05-25 00:00:00+00:00,6,1,5,3,6,4.666666666666667,2.0,Republic;Mercury,Universal,,"Pop;Folk, World, & Country",1.5,1,0,0,United States,29.5,1,1,0.0,Louis Bell;Ashley Gorley;Jonathan Hoskins;Post Malone;Ernest;Charlie Handsome;Morgan Wallen;Chandler Walters,Louis Bell;Ashley Gorley;Jonathan Hoskins;Post Malone;Ernest;Charlie Handsome;Morgan Wallen;Chandler Walters,1.0,1.0,1,0,Jonathan Hoskins;Charlie Handsome;Louis Bell,1.0,1.0,0.0,0.0,1,4/4,C,C,128.0,86.0,64.0,73.0,-5.0,1.0,0,0,1,0,0,0,0,0,0,0,0,0,0,0,0,0,0,0,1,0,0,0,0,0,0,E3,0,178,0,49,15,0,0,0,0,0,0,0,0,Lost Love;Bad Relationships,0,0,1,0,0,0,0,0,0,0
Please Please Please,Sabrina Carpenter,2024,2020,,2024-06-29 00:00:00+00:00,1,0,8,7,8,7.666666666666667,0.6666666666666666,Island,Universal,,Pop,1.0,0,0,0,United States,25.0,0,1,0.0,Amy Allen;Jack Antonoff;Sabrina Carpenter,Amy Allen;Jack Antonoff;Sabrina Carpenter,2.0,1.0,1,0,Jack Antonoff,1.0,1.0,0.0,0.0,1,4/4,A;C,Multiple Keys,107.0,59.0,67.0,58.0,-6.0,27.0,0,0,1,0,1,0,0,0,0,0,0,1,0,1,0,0,0,0,0,0,0,0,0,0,0,E1,0,186,0,40,18,0,0,0,0,0,0,0,0,Love;Restlessness,0,0,1,0,0,0,0,0,0,0
A Bar Song (Tipsy),Shaboozey,2024,2020,,2024-07-13 00:00:00+00:00,19,1,6,4,9,6.333333333333333,3.333333333333333,American Dogwood;Empire,Empire,,"Hip Hop;Folk, World, & Country",1.0,0,0,0,United States,29.0,1,0,1.0,Shaboozey;Sean Cook;J-Kwon;Nevin Sastry;Mark Williams,Shaboozey;Sean Cook;Nevin Sastry;Mark Williams,1.0,2.0,1,0,Sean Cook;Nevin Sastry,1.0,2.0,0.0,0.0,1,4/4,A,A,81.0,71.0,72.0,60.0,-5.0,6.0,0,0,1,0,1,0,0,1,0,0,0,0,0,1,0,1,0,0,0,0,0,0,0,0,1,C1,0,171,0,31,12,0,0,0,0,0,0,1,1,Partying;Dancing,0,0,1,0,0,0,0,0,0,0
Love Somebody,Morgan Wallen,2024,2020,,2024-11-02 00:00:00+00:00,1,0,3,5,5,4.333333333333333,1.3333333333333333,Big Loud;Republic;Mercury,Universal,,,1.0,0,0,0,United States,31.0,1,1,0.0,John Byron;Shaun Frank;Nicholas Gale;Ashley Gorley;Yaakov Gruzman;JKash;Elof Loelv;Steve Francis Richard Mastroianni;Martina Sorbara;Charlie Handsome;Morgan Wallen,John Byron;Ashley Gorley;JKash;Elof Loelv;Charlie Handsome;Morgan Wallen,2.0,1.0,1,0,Charlie Handsome;Joey Moi,1.0,1.0,0.0,0.0,1,4/4,Fm,Fm,122.0,84.0,62.0,75.0,-5.0,1.0,0,0,1,0,0,0,0,0,0,0,0,0,0,0,0,0,0,0,0,0,0,0,0,0,0,C3,0,204,0,48,15,0,0,0,0,0,0,1,1,Lost Love;Longing for Love,0,0,0,0,0,0,0,0,0,0
squabble up,Kendrick Lamar,2024,2020,,2024-12-07 00:00:00+00:00,1,0,9,10,9,9.333333333333334,0.6666666666666666,pgLand;Interscope,Universal,,,1.0,0,0,0,United States,37.0,1,0,1.0,Bridgeway;Jack Antonoff;Kendrick Lamar;Sounwave,Bridgeway;Jack Antonoff;Kendrick Lamar;Sounwave,1.0,2.0,1,0,Bridgeway;Jack Antonoff;Kendrick Lamar;M-Tech;Sounwave,1.0,2.0,1.0,0.0,1,4/4,Fm,Fm,104.0,67.0,87.0,71.0,-6.0,2.0,0,1,0,0,0,0,0,0,0,0,0,0,0,0,0,0,0,0,0,0,0,0,0,0,0,C2,0,157,0,0,9,1,0,0,0,0,1,0,1,Bragging,0,0,1,0,0,0,0,0,0,0
Die with a Smile,Bruno Mars & Lady Gaga,2025,2020,,2025-01-11 00:00:00+00:00,2,0,8,7,4,6.333333333333333,2.6666666666666665,Interscope,Universal,,Pop,2.0,1,0,0,United States,38.5,2,2,2.0,D'Mile;James Fauntleroy;Lady Gaga;Bruno Mars;Andrew Watt,D'Mile;James Fauntleroy;Lady Gaga;Bruno Mars;Andrew Watt,2.0,2.0,1,0,D'Mile;Lady Gaga;Bruno Mars;Andrew Watt,2.0,2.0,1.0,0.0,1,6/8,A,A,158.0,59.0,52.0,54.0,-8.0,31.0,0,0,1,0,0,0,0,0,0,0,0,0,0,0,0,0,0,0,0,0,0,0,0,0,0,E3,0,251,0,43,9,0,0,0,0,0,0,0,0,Love;Death;Longing for Love,0,0,0,0,0,0,0,0,0,0
