Recipient,Supplier,Year of order,Number ordered,Weapon designation,Weapon description,Deliveries in the Year Range,Year(s) of delivery,status,Comments,SIPRI TIV per unit,SIPRI TIV for total order,SIPRI TIV of delivered weapons
Afghanistan,United States,2015,55.0,M-1117 Guardian,armoured personnel carrier,55.0,2015,New,,0.4,22.0,22.0
Afghanistan,United States,2004,188.0,M-113,armoured personnel carrier,188.0,2005,Second hand,Second-hand; aid; M-113A2 version; incl 15 M-577A2 command post version,0.1,18.8,18.8
Afghanistan,United States,2017,1673.0,HMMWV-UA,armoured personnel carrier,1673.0,2018; 2019; 2020; 2021,Second hand,Second-hand; aid,0.05,87.0,87.0
Afghanistan,United States,2006,800.0,HMMWV-UA,armoured personnel carrier,800.0,2007; 2008,Second hand,Second-hand; aid,0.05,41.6,41.6
Afghanistan,United States,2011,41.0,M-1117 Guardian,armoured personnel carrier,41.0,2011; 2012,New,,0.4,16.4,16.4
Afghanistan,United States,2010,4002.0,HMMWV-UA,armoured personnel carrier,4002.0,2011; 2012; 2013,New,Part of $1 b deal; M-1152A1B2 version; incl for police,0.13,520.26,520.26
Afghanistan,United States,2011,744.0,HMMWV-UA,armoured personnel carrier,744.0,2012,New,,0.13,96.72,96.72
Afghanistan,United States,2011,26.0,Cessna-208 Caravan,light transport aircraft,26.0,2011; 2012,New,Part of $88 m deal; probably aid; Cessna-208B version,1.0,26.0,26.0
Afghanistan,United States,2011,6.0,Cessna-180 Skywagon,light aircraft,6.0,2011,New,Part of $88 m deal; Cessna-182T version; for training,0.18,1.08,1.08
Afghanistan,United States,2008,4735.0,HMMWV-UA,armoured personnel carrier,4735.0,2008; 2009; 2010; 2011,New,$760 m deal; aid; M-1151 and M-1152 versions,0.13,615.55,615.55
Afghanistan,United States,2010,2566.0,HMMWV-UA,armoured personnel carrier,2566.0,2011; 2012,Second hand,Second-hand; M-1114 version,0.05,133.43,133.43
Afghanistan,United States,2010,237.0,HMMWV-UA,armoured personnel carrier,237.0,2012,New,$45 m deal; incl 137 M-1152 and 100 M-1151 version,0.13,30.81,30.81
Afghanistan,United States,2011,6.0,MD-500E,light helicopter,6.0,2011,New,$17-20 m aid; MD-530F version; incl for training (but armed 2015),0.7,4.2,4.2
Afghanistan,United States,2018,10.0,Cessna-208 Caravan,light transport aircraft,10.0,2018; 2019; 2020,New,$86 m deal; aid; armed Cessna-208B version,1.0,10.0,10.0
Afghanistan,United States,2017,30.0,MD-500E,light helicopter,30.0,2018; 2019,New,Armed MD-530F version; Afghan designation Jengi,0.7,21.0,21.0
Afghanistan,United States,2015,12.0,MD-500E,light helicopter,12.0,2016,New,Armed MD-530F version,0.7,8.4,8.4
Afghanistan,United States,2012,4.0,C-130H Hercules,transport aircraft,4.0,2013; 2014; 2015,Second hand,Second-hand; aid,11.2,44.8,44.8
Afghanistan,United States,2016,1673.0,HMMWV-UA,armoured personnel carrier,1673.0,2016; 2017,New,$356 m deal; incl 1259 M-1151A1B1 and 414 M-1151A1B2 version,0.13,217.49,217.49
Afghanistan,United States,2014,222.0,MaxxPro,armoured personnel carrier,222.0,2015,Second hand,Second-hand; incl 20 recovery version; aid,0.13,28.42,28.42
Afghanistan,United States,2016,433.0,HMMWV-UA,armoured personnel carrier,433.0,2017,New,$109 m deal; incl 360 M-1152A1B2 and 73 M-1151A1B1 version,0.13,56.29,56.29
Afghanistan,United States,2012,136.0,M-1117 Guardian,armoured personnel carrier,136.0,2013; 2014,New,MSFV version,0.4,54.4,54.4
Afghanistan,United States,2017,4300.0,HMMWV-UA,armoured personnel carrier,4300.0,2018; 2019; 2020; 2021,New,Aid; more ordered but cancelled after Taliban took power in Afghanistan mid-2021,0.13,559.0,559.0
Afghanistan,United States,2017,250.0,Paveway,guided bomb,250.0,2017; 2018; 2019,New,Paveway-2 version; for Super Tucano (A-29B) trainer/combat aircraft,0.02,5.0,5.0
Afghanistan,United States,2012,71.0,M-1117 Guardian,armoured personnel carrier,71.0,2014,New,$79 m deal; MSFV version,0.4,28.4,28.4
Afghanistan,United States,2011,240.0,M-1117 Guardian,armoured personnel carrier,240.0,2012; 2013,New,$257 m deal; MSFV version; incl command post; recovery; engineer; ambulance and mortar carrier versions,0.4,96.0,96.0
Afghanistan,United States,2013,135.0,M-1117 Guardian,armoured personnel carrier,135.0,2014; 2015,New,$113 m deal; MSFV version,0.4,54.0,54.0
Afghanistan,United States,2019,12.0,MD-500E,light helicopter,12.0,2020; 2021,New,Armed MD-530F version; Afghan designation Jengi,0.7,8.4,8.4
Afghanistan,United States,2019,55.0,M-1117 Guardian,armoured personnel carrier,55.0,2020,New,Aid; MSFV version,0.4,22.0,22.0
Afghanistan,United States,2017,55.0,M-1117 Guardian,armoured personnel carrier,55.0,2018; 2019,New,,0.4,22.0,22.0
Afghanistan,United States,2014,12.0,MD-500E,light helicopter,12.0,2015,New,Armed MD-530F version,0.7,8.4,8.4
Afghanistan,United States,2016,53.0,S-70 Black Hawk,transport helicopter,53.0,2017; 2018; 2019; 2020,Second hand but modernized,Second-hand UH-60A modernized to UH-60A+ before delivery; aid,4.29,227.37,227.37
African Union**,United States,2015,20.0,M-ATV,armoured personnel carrier,20.0,2015,Second hand,Second-hand; aid,0.1,2.0,2.0
Albania,United States,2018,1.0,TPS-77,air-search radar,1.0,2020,New,$22 m deal (incl $3 m aid from USA),11.0,11.0,11.0
Albania,United States,2022,50.0,FGM-148 Javelin,anti-tank missile,25.0,2025,New,Delivery planned 2025-2026,0.03,1.5,0.75
Albania,United States,2017,77.0,HMMWV-UA,armoured personnel carrier,77.0,2018; 2020; 2021; 2023,Second hand,Second-hand; aid,0.05,4.0,4.0
Albania,United States,2018,37.0,MaxxPro,armoured personnel carrier,37.0,2019,Second hand,Second-hand; aid,0.13,4.74,4.74
Albania,United States,2016,3.0,MaxxPro,armoured personnel carrier,3.0,2017,Second hand,Second-hand,0.13,0.38,0.38
Albania,United States,2020,2.0,S-70 Black Hawk,transport helicopter,2.0,2024,Second hand,Second-hand; aid,2.6,5.2,5.2
Algeria,United States,2017,30.0,MaxxPro,armoured personnel carrier,30.0,2018; 2019; 2020,New,,0.32,9.6,9.6
Algeria,United States,2018,2.0,C-130J Hercules,transport aircraft,2.0,2022,Second hand,Second-hand; LM-100J version,16.0,32.0,32.0
Algeria,United States,2001,3.0,Bell-412,helicopter,3.0,2002,New,Bell-412EP version; from Canadian production line,5.0,15.0,15.0
Algeria,United States,2012,12.0,aircraft engine,aircraft engine,12.0,2015; 2016,New,LHTEC CTS-800-4N (1270hp) turboshaft for 6 Super Lynx anti-submarine helicopters from United Kingdom,0.5,6.0,6.0
Algeria,United States,2012,2.0,LM-2500,gas turbine,2.0,2016,New,For 2 MEKO-A200 frigates from Germany,7.0,14.0,14.0
Algeria,United States,2023,6.0,aircraft engine,aircraft engine,,,New,For 3 AW-159 Wildcat anti-submarine helicopters from the UK,0.5,3.0,0.0
Algeria,United States,2000,6.0,Beech-1900D MMSA,ground surveillance aircraft,6.0,2001; 2002,New,$196-206 m deal; incl for SIGINT and use against GIA rebels,10.9,65.4,65.4
Algeria,United States,1998,4.0,TPS-70,air-search radar,4.0,2000; 2001,New,,11.0,44.0,44.0
Algeria,United States,2018,2.0,C-130J Hercules,transport aircraft,2.0,2023; 2024,New,C-130J-30 version,40.0,80.0,80.0
Algeria,United States,2000,6.0,Beech-1900,light transport aircraft,6.0,2001,New,,3.8,22.8,22.8
Algeria,United States,2009,8.0,King Air,light transport aircraft,8.0,2010; 2011,New,Incl 2 King Air C-90 and 6 King Air-300 or King Air-350 versions,2.85,22.8,22.8
Angola,United States,2015,1.0,Citation-1,light transport aircraft,1.0,2017,Second hand,Second-hand; modified to MP aircraft in Israel before delivery,1.6,1.6,1.6
Angola,United States,2012,6.0,Cessna-172,light/trainer aircraft,6.0,2013,New,Cessna-172R version,0.1,0.6,0.6
Angola,United States,2023,4.0,FJ44-4,turbofan,,,New,Williams International FJ-44-4M (1650kg) turbofan engine for modernization of 4 L-39C trainer aircraft,0.6,2.4,0.0
Argentina,United States,2025,2.0,King Air Maritime,maritime patrol aircraft,,,New,King Air-360ER version; delivery planned 2026,7.5,15.0,0.0
Argentina,United States,2023,3.0,ERJ,transport aircraft,3.0,2024; 2025,Second hand,Second-hand; ERJ-140LR version,5.2,15.6,15.6
Argentina,United States,2022,6.0,Bell-407,light helicopter,5.0,2023; 2024; 2025,New,$32-38 m deal; for search and rescue; Bell-407GXi version; from production in Canada,1.3,7.8,6.5
Argentina,United States,2009,11.0,TFE-731,turbofan,11.0,2012; 2013; 2015; 2016,New,For modernization of 11 AI-63 Pampa trainer/combat aircraft to AT-63 Pampa-2 trainer/combat; TFE-731-40R version,0.6,6.6,6.6
Argentina,United States,2004,9.0,UH-1H Huey-2,helicopter,9.0,2005; 2006; 2007; 2008,New,Argentinian UH-1H rebuilt to Huey-2; incl 8 rebuilt in Argentina with kits from USA,3.1,27.9,27.9
Argentina,United States,1992,25.0,Bell-205A-1,helicopter,9.0,2000; 2001,Second hand,Second-hand; aid,1.05,26.2,9.43
Argentina,United States,1996,16.0,Bell-205A-1,helicopter,6.0,2000,Second hand,Second-hand; aid,1.05,16.77,6.29
Argentina,United States,1999,57.0,M-113,armoured personnel carrier,57.0,2000,Second hand,Second-hand; aid,0.1,5.7,5.7
Argentina,United States,1999,20.0,M-113,armoured personnel carrier,20.0,2000,Second hand,Second-hand; aid; M-577 command post version,0.1,2.0,2.0
Argentina,United States,1999,25.0,M-106,self-propelled mortar,25.0,2000,Second hand,Second-hand; 'EDA' aid,0.2,5.0,5.0
Argentina,United States,2006,5.0,Bell-205A-1,helicopter,5.0,2007,Second hand,Second-hand; 1 more for spares only,1.05,5.24,5.24
Argentina,United States,2011,1.0,Bell-412,helicopter,1.0,2013,New,Bell-412EP version; from Canadian production line,5.0,5.0,5.0
Argentina,United States,2009,5.0,Bell-206,light helicopter,5.0,2011; 2012,New,Bell-206B3 version; for training,0.7,3.5,3.5
Argentina,United States,2013,18.0,TFE-731,turbofan,9.0,2019; 2020; 2022; 2023,New,For 18 AT-63 Pampa-3 trainer/combat aircraft produced in Argentina,0.6,10.8,5.4
Argentina,United States,2014,1.0,Bell-412,helicopter,1.0,2015,New,Part of $17 m deal; Bell-412EP version from Canadian production line,5.0,5.0,5.0
Argentina,United States,2015,2.0,Cessna-208 Caravan,light transport aircraft,2.0,2015,New,Cessna-208B version,1.0,2.0,2.0
Argentina,United States,2014,1.0,PA-28 Cherokee,light aircraft,1.0,2015,Second hand,,0.06,0.06,0.06
Argentina,United States,2014,1.0,Bell-412,helicopter,1.0,2015,Second hand,Second-hand; part of $17 m deal; Bell-412EP version,2.0,2.0,2.0
Argentina,United States,2004,3.0,TPS-43,air-search radar,3.0,2004,Second hand,Second-hand; $2 m deal,3.6,10.8,10.8
Argentina,United States,2003,2.0,TPS-43,air-search radar,2.0,2004,Second hand,Second-hand; aid,3.6,7.2,7.2
Argentina,United States,2017,12.0,T-6 Texan-2,(armed) trainer aircraft,12.0,2017; 2018; 2019,New,T-6C+ armed version,2.0,24.0,24.0
Argentina,United States,2001,6.0,TFE-731,turbofan,6.0,2009,New,For 6 AT-63 (Phase-2) trainer/combat aircraft produced in Argentina,0.6,3.6,3.6
Argentina,United States,2016,2.0,Cessna-208 Caravan,light transport aircraft,2.0,2016,New,Cessna-208B version,1.0,2.0,2.0
Argentina,United States,2024,27.0,LAV-3,armoured personnel carrier,4.0,2025,Second hand,Second-hand; Stryker version,0.14,3.78,0.56
Argentina,United States,2020,8.0,King Air,light transport aircraft,6.0,2021; 2022; 2023; 2024,Second hand,Second-hand; $17 m deal; incl 7 TC-12B and 1 UC-12B versions,1.14,9.12,6.84
Argentina,United States,2022,1.0,C-130H Hercules,transport aircraft,1.0,2023,Second hand,Second-hand; lease until bought in 2024,11.2,11.2,11.2
Argentina,United States,1994,36.0,A-4AR Skyhawk,fighter/ground-attack aircraft,4.0,2000,Second hand but modernized,Second-hand A-4M/OA-4M and TA-4F versions modernized to 32 A-4AR and 4 TA-4AR versions (incl 8 modernized in USA and 28 in Argentina with US components); $208-282 m deal,9.24,332.64,36.96
Argentina,United States,2006,10.0,UH-1H Huey-2,helicopter,10.0,2010; 2014; 2015; 2016; 2017; 2019; 2020; 2021; 2022,New,Argentinian UH-1H rebuilt to Huey-2 in Argentina with kits from USA (possibly incl production of components in Argentina),3.1,31.0,31.0
Argentina,United States,2017,4.0,Bell-412,helicopter,4.0,2017,New,Bell-412EP version; from Canadian production line,5.0,20.0,20.0
Argentina,United States,2019,1.0,Learjet-60,light transport aircraft,1.0,2020,Second hand,Second-hand; possibly for government VIP transport,3.3,3.3,3.3
Argentina,United States,1989,10.0,aircraft engine,aircraft engine,4.0,2000; 2002,New,Garrett TPE-331-15AW turboprop for modernization ( in Israel) of 5 S-2E anti-submarine aircraft to S-2ET version,0.5,5.0,2.0
Argentina,United States,2000,42.0,BGM-71 TOW,anti-tank missile,42.0,2002; 2003,New,BGM-71E TOW-2A version,0.01,0.42,0.42
Argentina,United States,2021,2.0,King Air,light transport aircraft,2.0,2023; 2025,Second hand,Second-hand; TC-12B version,1.14,2.28,2.28
Argentina,United States,2001,200.0,AIM-9L Sidewinder,short-range air-to-air missile,200.0,2002; 2003,New,AIM-9L version; for A-4AR combat aircraft,0.11,22.0,22.0
Argentina,United States,2007,4.0,S-61/H-3A Sea King,transport helicopter,4.0,2008; 2009,Second hand but modernized,Second-hand; $18-22 m deal (incl 2 more for spare parts only); modernized before delivery; UH-3H version,3.96,15.84,15.84
Argentina,United States,2001,1.0,SA-315B Lama,light helicopter,1.0,2001,Second hand,Second-hand; incl for SAR,0.3,0.3,0.3
Argentina,United States,2024,36.0,AIM-120D AMRAAM,long-range air-to-air missile,,,New,AIM-120C-8 version; for F-16 combat aircraft,0.8,28.8,0.0
Argentina,United States,2025,50.0,Paveway,guided bomb,,,New,GBU-12 Paveway-2 version; for F-16 combat aircraft,0.02,1.0,0.0
Argentina,United States,2015,2.0,C-212,transport aircraft,2.0,2015,Second hand,Second-hand; C-212-200 version,1.52,3.04,3.04
Argentina,United States,2015,1.0,Citation-2,light transport aircraft,1.0,2015,Second hand,Second-hand,1.2,1.2,1.2
Argentina,United States,2021,2.0,S-61/H-3A Sea King,transport helicopter,2.0,2022,Second hand but modernized,Second-hand SH-3H anti-submarin version modified to S-61T transport version before delivery; $12.8 m deal,3.96,7.92,7.92
Australia,United States,2025,400.0,AIM-120D AMRAAM,long-range air-to-air missile,,,New,Incl AIM-120C-8 version for NASAMS-2 SAM systems and AIM-120D-3 version for F/A-18E and F-35A combat aircraft,0.8,320.0,0.0
Australia,United States,2024,350.0,FGM-148 Javelin,anti-tank missile,,,New,FGM-148F version,0.03,10.5,0.0
Australia,United States,1989,8.0,LM-2500,gas turbine,6.0,2001; 2002; 2003; 2004; 2005; 2006,New,For 8 MEKO-200 (Anzac) frigates from Germany,7.0,56.0,42.0
Australia,United States,2005,100.0,JDAM,guided bomb,100.0,2007; 2008,New,'AIR-5409' programme,0.02,2.0,2.0
Australia,United States,2009,5.0,King Air,light transport aircraft,5.0,2010,New,King Air-300 version; bought by and leased from Australian company,2.85,14.25,14.25
Australia,United States,1999,299.0,vehicle engine,vehicle engine,299.0,2005; 2006; 2007,New,Caterpillar-3126 ATTAC (300hp) diesel engine for 299 Bushmaster armoured personnel carriers produced in Australia,0.03,8.97,8.97
Australia,United States,2019,108.0,AIM-120C AMRAAM,long-range air-to-air missile,108.0,2023; 2024,New,For NASAMS-2 SAM systems; AIM-120C-7 version,0.6,64.8,64.8
Australia,United States,2022,16.0,APG-78 Longbow,combat helicopter radar,,,New,For AH-64E combat helicopters,3.0,48.0,0.0
Australia,United States,2025,,Mk-48 Mod-5 ADCAP,anti-ship/anti-submarine torpedo,,,New,,1.6,0.0,0.0
Australia,United States,2004,10.0,CF-6,turbofan,10.0,2011; 2012,New,For 5 A-330 MRTT tanker/transport aircraft from France,6.0,60.0,60.0
Australia,United States,2018,450.0,AIM-120D AMRAAM,long-range air-to-air missile,325.0,2019; 2020; 2021; 2022; 2023; 2024; 2025,New,For F-35A combat aircraft,0.8,360.0,260.0
Australia,United States,2022,15.0,AGM-88E AARGM,anti-radar missile,15.0,2025,New,Probably econd-hand AGM-88 rebuilt in USA to AGM-88E2 AARGM version; for EA-18G combat aircraft,0.6,9.0,9.0
Australia,United States,2024,,SM-6 Block-1,anti-ballistic missile missile,,,New,For Hobart destroyers and Hunter frigates; selected but not yet ordered by end-2025,0.0,0.0,0.0
Australia,United States,2023,255.0,FGM-148 Javelin,anti-tank missile,,,New,FGM-148F version,0.03,7.65,0.0
Australia,United States,2023,220.0,BGM-109 Tomahawk,surface-to-surface missile,,,New,AUD1.3 b deal; incl 20 Tomahawk Block-4 and 200 Tomahawk Block-5 versions; for Hobart destroyers; Virginia submarines and probably for Hunter frigates,1.0,220.0,0.0
Australia,United States,2015,2.0,G-550 SIGINT,signals intelligence aircraft,,,New,Part of $1.6 b 'Project Air-555'; designated MC-55A Peregrine in Australia,0.0,0.0,0.0
Australia,United States,2023,2.0,Virginia,nuclear submarine,,,Second hand,Second-hand; part of 'AUKUS' agreement; Virginia Block-4 version; delivery planned 2032-2035; selected 2023 but not ordered by end-2025,0.0,0.0,0.0
Australia,United States,2013,600.0,AGM-114 Hellfire-2,anti-tank/air-to-surface missile,600.0,2014; 2015; 2016,New,For MH-60R helicopters; for anti-ship role,0.05,30.0,30.0
Australia,United States,2009,72.0,F-35A Lightning-2,fighter/ground-attack aircraft,72.0,2014; 2018; 2019; 2020; 2021; 2022; 2023; 2024,New,AUD16.5 b ($13.5 b) 'Project Air-6000' (incl production of components in Australia),55.0,3960.0,3960.0
Australia,United States,2014,12.0,P-8A Poseidon,anti-submarine aircraft,12.0,2016; 2017; 2018; 2019; 2020,New,Incl production of components in Australia,125.0,1500.0,1500.0
Australia,United States,2015,1.0,Bell-429 GlobalRanger,light helicopter,1.0,2016,New,For training,2.8,2.8,2.8
Australia,United States,2007,50.0,AGM-154 JSOW,guided glide bomb,50.0,2009; 2010; 2011; 2012; 2014; 2015; 2016,New,AGM-154C and AGM-154C-1 versions,0.1,5.0,5.0
Australia,United States,2016,1000.0,WGU-59 APKWS,air-to-surface missile,1000.0,2018; 2019; 2021; 2022,New,For Tiger combat helicopter and MH-60R ASW helicopters,0.01,10.0,10.0
Australia,United States,2008,3.0,SPY-1F,air-search radar,3.0,2017; 2018; 2020,New,For 3 Hobart destroyers from Spain,20.0,60.0,60.0
Australia,United States,2007,3.0,Type-2150,anti-submarine sonar,3.0,2017; 2018; 2020,New,For 3 Hobart destroyers from Spain,30.0,90.0,90.0
Australia,United States,2009,3.0,SPQ-9,fire-control radar,3.0,2017; 2018; 2020,New,For 3 Hobart destroyers from Spain,3.5,10.5,10.5
Australia,United States,2015,100.0,Mk-54 LWT,anti-submarine torpedo,100.0,2016; 2017; 2018; 2019,New,For P-8 anti-submarine aircraft,0.5,50.0,50.0
Australia,United States,2013,110.0,AIM-120C AMRAAM,long-range air-to-air missile,110.0,2015; 2016,New,$202 m deal; AIM-120C-7 version,0.6,66.0,66.0
Australia,United States,2006,3.0,Mk-41 VLS,naval surface-to-air missile system,3.0,2017; 2018; 2020,New,For 3 Hobart destroyers from Spain,20.0,60.0,60.0
Australia,United States,2020,4.0,MQ-4C Triton,reconnaissance drone,3.0,2024; 2025,New,Part of AUD3-4 b 'Project JP-2062' or 'Air-7000 Phase-1B'; MQ-4CN version; delivery planned 2024-2028,35.0,140.0,105.0
Australia,United States,2023,10.0,ATACMS Block-1A,surface-to-surface missile,,,New,For use with HIMARS multiple rocket launchers,2.0,20.0,0.0
Australia,United States,2007,100.0,ESSM Block-1,surface-to-air missile,100.0,2017; 2018,New,For Hobart destroyers; incl production of components in Australia (as part of NATO Sea Sparrow Consortium),0.4,40.0,40.0
Australia,United States,2011,24.0,MH-60R Seahawk,anti-submarine helicopter,24.0,2013; 2014; 2015; 2016,New,AUD2.6 b ($2.5 b) 'Project Air-9000 Phase-8' ($1.5 b offsets),16.5,396.0,396.0
Australia,United States,2022,29.0,AH-64E Apache,combat helicopter,4.0,2025,New,'Land-4503 ARC' programme; delivery planned 2025-2029,15.0,435.0,60.0
Australia,United States,1995,12.0,C-130J Hercules,transport aircraft,5.0,2000,New,$466-670 m'Project Air-5216'; C-130J-30 version; option on 12 more not used,40.0,480.0,200.0
Australia,United States,2023,20.0,C-130J Hercules,transport aircraft,,,New,AUD9.8b ($6.6 b) 'Project Air-7404 Phase-1' deal; C-130J-30 version; delivery planned from 2027,40.0,800.0,0.0
Australia,United States,2022,1.0,EA-18G Growler,fighter/ground-attack/electronic warfare aircraft,1.0,2023,Second hand,Probably second-hand,24.0,24.0,24.0
Australia,United States,2022,40.0,S-70 Black Hawk,transport helicopter,17.0,2023; 2024; 2025,New,AUD2.8 b ($2 b) deal; UH-60M version,7.25,290.0,123.25
Australia,United States,2022,42.0,HIMARS,multiple rocket launcher,8.0,2025,New,Delivery planned by 2027,2.2,92.4,17.6
Australia,United States,1998,81.0,vehicle engine,vehicle engine,81.0,2003; 2004; 2005,New,Detroit Diesel 6V53T (275hp) diesel engine for 81 Piranha-2 (LAV-25 or ASLAV) infantry fighting vehicles from Canada,0.03,2.43,2.43
Australia,United States,2012,214.0,vehicle engine,vehicle engine,214.0,2012; 2013; 2014,New,Caterpillar-3126 ATTAC (300hp) diesel engine for 214 Bushmaster armoured personnel carriers from Ireland,0.03,6.42,6.42
Australia,United States,2022,13.0,MH-60R Seahawk,anti-submarine helicopter,,,New,,16.5,214.5,0.0
Australia,United States,1998,81.0,LAV-25 turret,infantry fighting vehicle turret,81.0,2003; 2004; 2005,New,For 81 Piranha-2 (LAV-25 or ASLAV) infantry fighting vehicles from Canada; produced under licence in Australia,0.6,48.6,48.6
Australia,United States,2010,3.0,Mk-45-4 127mm,naval gun,3.0,2017; 2018; 2020,New,For 3 Hobart destroyers from Spain,7.5,22.5,22.5
Australia,United States,1998,4.0,TPS-77,air-search radar,4.0,2004; 2005,New,AUD125-150 m ($68-90 m) 'Project Air-5375',11.0,44.0,44.0
Australia,United States,2002,400.0,ESSM Block-1,surface-to-air missile,400.0,2003; 2004; 2005; 2006; 2007; 2008; 2009; 2010; 2011; 2012; 2013; 2014; 2015; 2016; 2017,New,For MEKO-200 (Anzac) and modernized Perry (Adelaide) frigates; incl production of components in Australia (as part of NATO Sea Sparrow Consortium),0.4,160.0,160.0
Australia,United States,2000,4.0,Boeing-737 AEW&C,airborne early-warning aircraft,4.0,2009; 2010,New,Part of AUD3.8 b ($2.5-3.5 b) 'Wedgetail' programme or 'Project Air-5077 Phase-3' (incl production of components and assembly of 2 in Australia); Australian designation A-30,250.0,1000.0,1000.0
Australia,United States,2005,175.0,SM-2MR,surface-to-air missile,175.0,2008; 2009; 2010; 2011; 2012; 2013,New,'Project Sea 1390-4B'; SM-2 Block-3A version; for modernized Perry (Adelaide) frigates,0.3,52.5,52.5
Australia,United States,2004,2.0,Boeing-737 AEW&C,airborne early-warning aircraft,2.0,2011; 2012,New,AUD326 m ($224 m) deal (part of AUD3.8 b ($2.5-3.5 b) 'Wedgetail' programme or 'Project Air-5077 Phase-3'; incl production of components and assembly in Australia); Australian designation A-30,250.0,500.0,500.0
Australia,United States,2008,250.0,M-982 Excalibur,guided shell,250.0,2009,New,$40 m deal,0.04,10.0,10.0
Australia,United States,2008,47.0,AIM-9X Sidewinder,long-range air-to-air missile,47.0,2009; 2010,New,,0.18,8.46,8.46
Australia,United States,2023,1.0,Virginia,nuclear submarine,,,New,Part of 'AUKUS' agreement; Virginia Block-7 version; option on 2 more; delivery planned 2038; selected 2023 but not ordered by end-2025,0.0,0.0,0.0
Australia,United States,2008,8.0,F414,turbofan,8.0,2010; 2011,New,F-414-GE-400 version; spare engines for F/A-18E combat aircraft,2.5,20.0,20.0
Australia,United States,2011,1.0,C-17A Globemaster-3,heavy transport aircraft,1.0,2011,New,$300 m deal,140.0,140.0,140.0
Australia,United States,2012,1.0,C-17A Globemaster-3,heavy transport aircraft,1.0,2012,New,,140.0,140.0,140.0
Australia,United States,2011,2.0,CH-47D Chinook,transport helicopter,2.0,2012,Second hand,Second-hand,7.2,14.4,14.4
Australia,United States,2007,24.0,F/A-18E Super Hornet,fighter/ground-attack aircraft,24.0,2010; 2011,New,AUD6 b ($4.8 b) deal; interim solution to cover gap between F-111 retirement and delivery of F-35; F/A-18F version,50.0,1200.0,1200.0
Australia,United States,2012,20.0,aircraft engine,aircraft engine,20.0,2015; 2016; 2017; 2018,New,Allison AE-2100D3 (5000hp) turboprop for 10 C-27J transport aircraft from Italy,1.5,30.0,30.0
Australia,United States,2007,24.0,ASQ-228 ATFLIR,aircraft electro-optical system,24.0,2010; 2011,New,For F/A-18E combat aircraft,1.1,26.4,26.4
Australia,United States,2023,24.0,aircraft engine,aircraft engine,,,New,Rolls-Royce AE-2100D (4590hp) turboprop engine; spare engines for C-130J transport aircraft,1.5,36.0,0.0
Australia,United States,2022,2040.0,GMLRS,guided rocket,360.0,2025,New,For use with HIMARS multiple rocket launchers; incl production under licence in Australia,0.08,163.2,28.8
Australia,United States,2002,64.0,Harpoon Block-2,anti-ship/land-attack missile,64.0,2006; 2008; 2010; 2014,New,AUD170 m ($96 m) 'Project Sea-1348'; RGM-84L Harpoon Block-2 version; for MEKO-200 (Anzac) frigates,1.0,64.0,64.0
Australia,United States,2005,3.0,King Air,light transport aircraft,3.0,2005; 2006,New,10-year lease (bought and owned by Australian company); King Air-350 version; incl for surveillance,2.85,8.55,8.55
Australia,United States,2011,3.0,Bell-429 GlobalRanger,light helicopter,3.0,2012,New,AUD26 m ($24 m) 4-year lease; for training,2.8,8.4,8.4
Australia,United States,2006,500.0,AGM-114 Hellfire-2,anti-tank/air-to-surface missile,500.0,2006; 2007; 2008; 2009,New,AUD31 m ($25 m) deal; for AS-665 helicopters,0.05,25.0,25.0
Australia,United States,2006,4.0,C-17A Globemaster-3,heavy transport aircraft,4.0,2006; 2007; 2008,New,AUD1.9 b ($1.5 b) deal (offsets AUD345 m),140.0,560.0,560.0
Australia,United States,2015,6.0,M-88A2 HERCULES,armoured recovery vehicle,6.0,2016,New,,2.0,12.0,12.0
Australia,United States,2004,59.0,M-1A1 Abrams,tank,59.0,2006; 2007,Second hand but modernized,Second-hand but modernized to M-1A1AIM(D) before delivery; AUD530-550 m ($420-475 m) 'Project Land-907',2.64,155.76,155.76
Australia,United States,2002,7.0,King Air,light transport aircraft,7.0,2003; 2004,New,$170 m 10-year lease (bought and owned by Australian company); King Air-350 version; for training,2.85,19.95,19.95
Australia,United States,2003,150.0,Mk-48 Mod-5 ADCAP,anti-ship/anti-submarine torpedo,150.0,2007; 2008; 2009; 2010; 2011,New,AUD465 m ($280 m) 'Project Sea-1429 Phase-2'; Mk-48 Mod-7 CBASS version; for Collins submarines,1.6,240.0,240.0
Australia,United States,2020,200.0,FGM-148 Javelin,anti-tank missile,200.0,2022,New,FGM-148E version,0.03,6.0,6.0
Australia,United States,2008,41.0,vehicle engine,vehicle engine,41.0,2010,New,Caterpillar-3126 ATTAC (300hp) diesel engine for 41 Bushmaster armoured personnel carriers produced in Australia,0.03,1.23,1.23
Australia,United States,2023,63.0,AGM-88G AARGM-ER,anti-radar missile,,,New,AUD431 m deal; for EA-18G combat aircraft,0.0,0.0,0.0
Australia,United States,2007,6.0,LM-2500,gas turbine,6.0,2017; 2018; 2020,New,For 3 Hobart destroyers from Spain,7.0,42.0,42.0
Australia,United States,2007,6.0,ship engine,ship engine,6.0,2017; 2018; 2020,New,Caterpillar (6120hp) diesel engine for 3 Hobart destroyers from Spain; from production line in Spain,2.5,15.0,15.0
Australia,United States,2021,800.0,AGM-114 Hellfire-2,anti-tank/air-to-surface missile,550.0,2022; 2023; 2024; 2025,New,For helicopters,0.05,40.0,27.5
Australia,United States,2024,,SM-2 Block-3C,surface-to-air missile,,,New,For Hobart destroyers and Hunter frigates; selected but not yet ordered by end-2025,0.0,0.0,0.0
Australia,United States,2020,6.0,Mk-41 VLS,naval surface-to-air missile system,,,New,For 6 Hunter frigates from United Kingdom,20.0,120.0,0.0
Australia,United States,2023,137.0,vehicle engine,vehicle engine,100.0,2024; 2025,New,Caterpillar-3126 (300hp) diesel engine for 78 Bushmaster armoured personnel carriers from Ireland,0.03,4.11,3.0
Australia,United States,2022,40.0,AGM-158B JASSM-ER,air-to-surface missile,,,New,AGM-158B-2 version: for F/A-18F and probably F-35A combat aircraft,1.3,52.0,0.0
Australia,United States,2001,10.0,FGM-148 Javelin,anti-tank missile,10.0,2001,New,For use by Australian forces in Afghanistan,0.03,0.3,0.3
Australia,United States,2003,5.0,PSTAR-ER,air-search radar,5.0,2004; 2005; 2006,New,Part of AUD110 m ($73 m) 'Project Land-19 Phase-6'; for use with RBS-70 MANPADS,0.75,3.75,3.75
Australia,United States,2004,7.0,M-88A2 HERCULES,armoured recovery vehicle,7.0,2006; 2007,New,Part of AUD530-550 m ($420-475 m) 'Project Land-907',2.0,14.0,14.0
Australia,United States,2013,12.0,EA-18G Growler,fighter/ground-attack/electronic warfare aircraft,12.0,2015; 2016; 2017,New,$1.5 b 'Project-5349 Phase-3' programme,60.0,720.0,720.0
Australia,United States,2010,10.0,RQ-7 Shadow-200,reconnaissance drone,10.0,2011; 2012,New,AUD175 m ($157 m) deal (incl 4 control systems); for use in Afghanistan,0.1,1.0,1.0
Australia,United States,2006,260.0,AGM-158A JASSM,air-to-surface missile,260.0,2009; 2010; 2011; 2012; 2013,New,AUD350-450 m ($270-350 m) 'Project Air-5418'; for F/A-18 combat aircraft,0.64,166.4,166.4
Australia,United States,2015,2.0,C-17A Globemaster-3,heavy transport aircraft,2.0,2015,New,AUD700 m ($544 m) deal,140.0,280.0,280.0
Australia,United States,2014,3.0,F414,turbofan,3.0,2016,New,F-414-GE-400 version; spare engines for F/A-18E combat aircraft,2.5,7.5,7.5
Australia,United States,2012,7.0,CH-47F Chinook,transport helicopter,7.0,2015,New,AUD514 m ($470 m) 'Project Air-9000 Phase-5C',20.0,140.0,140.0
Australia,United States,2016,3.0,CH-47F Chinook,transport helicopter,3.0,2016,New,$180 m deal,20.0,60.0,60.0
Australia,United States,2005,12.0,aircraft engine,aircraft engine,12.0,2006; 2007; 2008,New,'Air-9000 Phase-5A' programme; Lycoming T-55-L-712 (3750hp) turboshaft for modernization of 6 CH-47 helicopters,1.1,13.2,13.2
Australia,United States,2018,10.0,AGM-88E AARGM,anti-radar missile,10.0,2020; 2022,New,,0.6,6.0,6.0
Australia,United States,2014,169.0,AIM-9X Sidewinder,long-range air-to-air missile,169.0,2019; 2020; 2021; 2022,New,For F-35A combat aircraft,0.18,30.42,30.42
Australia,United States,2018,3900.0,GBU-53/B StormBreaker,guided glide bomb,,,New,For F-35A combat aircraft,0.0,0.0,0.0
Australia,United States,2019,2.0,G-550 SIGINT,signals intelligence aircraft,,,New,Part of $1.6 b 'Project Air-555'; designated MC-55A Peregrine in Australia,0.0,0.0,0.0
Australia,United States,2021,200.0,AGM-158C LRASM,anti-ship missile,50.0,2025,New,AUD896 m deal; for F/A-18F combat aircraft,1.3,260.0,65.0
Australia,United States,2016,2950.0,GBU-39 SDB,guided glide bomb,2850.0,2019; 2020; 2021; 2022; 2023; 2024; 2025,New,For F-35A combat aircraft,0.02,59.0,57.0
Australia,United States,2023,,PrSM Inc-1,surface-to-surface missile,5.0,2025,New,For HIMARS multiple rocket launchers; incl production of components in Australia,1.2,0.0,6.0
Australia,United States,1998,2.0,CH-47D Chinook,transport helicopter,2.0,2001,New,$45 m deal,18.0,36.0,36.0
Australia,United States,2000,250.0,AIM-120A AMRAAM,long-range air-to-air missile,250.0,2001; 2002; 2003; 2004; 2005; 2006,New,'Project Air-5400'; for F/A-18A combat aircraft,0.4,100.0,100.0
Australia,United States,2001,70.0,Popeye,air-to-surface missile,70.0,2005; 2006; 2007; 2008,New,,0.9,63.0,63.0
Australia,United States,2000,71.0,APG-73,combat aircraft radar,71.0,2002; 2003,New,AUD250 m deal; for modernization of 71 F/A-18 FGA aircraft,2.0,142.0,142.0
Australia,United States,2003,676.0,FGM-148 Javelin,anti-tank missile,676.0,2005; 2006; 2007,New,AUD180 m ($100-110 m) 'Project Land-40-1',0.03,20.28,20.28
Australia,United States,2022,40.0,AGM-158B JASSM-ER,air-to-surface missile,20.0,2025,Second hand,Second-hand; for F/A-18F combat aircraft,0.52,20.8,10.4
Australia,United States,2017,25.0,Harpoon Block-2,anti-ship/land-attack missile,25.0,2018; 2019; 2020; 2021; 2022,New,,1.0,25.0,25.0
Australia,United States,2021,2.0,P-8A Poseidon,anti-submarine aircraft,1.0,2025,New,Incl production of components in Australia; delivery planned 2025-2026,125.0,250.0,125.0
Australia,United States,2018,,ESSM Block-2,surface-to-air missile,70.0,2022; 2023; 2024; 2025,New,Incl production of components in Australia (as part of NATO Sea Sparrow Consortium),0.6,0.0,42.0
Australia,United States,2012,200.0,Mk-54 LWT,anti-submarine torpedo,200.0,2013; 2014; 2015; 2016,New,For MH-60R anti-submarine helicopters,0.5,100.0,100.0
Australia,United States,2016,80.0,SM-2MR,surface-to-air missile,80.0,2020; 2021; 2022; 2023,New,SM-2 Block-3B version; probably for Hobart destroyers,0.3,24.0,24.0
Australia,United States,2021,6.0,M-88A2 HERCULES,armoured recovery vehicle,4.0,2024; 2025,New,Part of AUD3.5 b ($2.5 b) deal; delivery planned 2024-2026,2.0,12.0,8.0
Australia,United States,2021,29.0,M-1150 ABV,armoured engineer vehicle,20.0,2024; 2025,New,Part of AUD3.5 b ($2.5 b) deal; delivery planned 2024-2026,2.5,72.5,50.0
Australia,United States,2021,17.0,M-1074 JABS,armoured bridgelayer,12.0,2024; 2025,New,Part of AUD3.5 b ($2.5 b) deal; delivery planned 2024-2026,1.25,21.25,15.0
Australia,United States,2021,75.0,M-1A2 SEPv-3 Abrams,tank,61.0,2024; 2025,New,Part of AUD3.5 b ($2.5 b) deal (incl 52 armoured support vehicles); delivery planned 2024-2026,5.2,390.0,317.2
Australia,United States,2024,100.0,AGM-88E AARGM,anti-radar missile,,,New,,0.6,60.0,0.0
Australia,United States,2014,9.0,Mk-15 Phalanx,naval gun,9.0,2015; 2016; 2018; 2019; 2020; 2021,New,Australian Phalanx Block-1A rebuilt to Block-1B,7.0,63.0,63.0
Australia,United States,2021,4.0,CH-47F Chinook,transport helicopter,4.0,2021; 2022,New,AUD595 m ($410 m) deal,20.0,80.0,80.0
Australia,United States,2023,6.0,Mk-45-4 127mm,naval gun,,,New,For 6 Hunter frigates from United Kingdom,7.5,45.0,0.0
Australia,United States,1993,8.0,SPS-49,air-search radar,6.0,2001; 2002; 2003; 2004; 2005; 2006,New,For 8 MEKO-200 (Anzac) frigates from FRG; AN/SPS-49V(8) version,5.0,40.0,30.0
Australia,United States,1995,12.0,Harpoon Block-1,anti-ship missile,12.0,2000; 2001,New,$38 m deal,0.9,10.8,10.8
Australia,United States,1989,8.0,Mk-45 127mm,naval gun,6.0,2001; 2002; 2003; 2004; 2005; 2006,New,For 8 MEKO-200 (Anzac) frigates from Germany; Mk-45 Mod-2 version,5.25,42.0,31.5
Australia,United States,1998,51.0,Popeye,air-to-surface missile,51.0,2001; 2002; 2003; 2004,New,AUD90 m 'Project Air-5398'; AGM-142E version; for F-111C/G combat aircraft,0.9,45.9,45.9
Australia,United States,2002,4.0,Mk-41 VLS,naval surface-to-air missile system,4.0,2006; 2007; 2008,New,For modernisation of 4 Perry (Adelaide) frigated,20.0,80.0,80.0
Australia,United States,2008,2.0,LM-2500,gas turbine,2.0,2014; 2015,New,For 2 BPE (Canberra) amphibious assault ships from Spain,7.0,14.0,14.0
Australia,United States,2015,16.0,AGM-88E AARGM,anti-radar missile,16.0,2016; 2017,New,,0.6,9.6,9.6
Australia,United States,2021,2000.0,WGU-59 APKWS,air-to-surface missile,200.0,2025,New,For AH-64E combat helicopters,0.01,20.0,2.0
Australia,United States,2013,4002.0,M-1156 PGK,guided shell,4002.0,2016; 2017; 2018,New,,0.03,120.06,120.06
Austria,United States,2016,325.0,vehicle engine,vehicle engine,109.0,2019; 2020; 2022; 2023; 2024; 2025,New,Cummins ISL-450 (455hp) diesel engine for Pandur-EVO infantry fighting vehicles and armoured personnel carriers produced in Austria,0.08,26.0,8.72
Austria,United States,2000,9.0,S-70 Black Hawk,transport helicopter,9.0,2002,New,$183 m deal (incl $47 import duties; offsets $394 m); incl for SAR; S-70A-42 version; option on 3 more not used,7.25,65.25,65.25
Austria,United States,2024,8.0,V-2500,turbofan,,,New,For 4 C-390 transport aircraft from Brazil,3.0,24.0,0.0
Austria,United States,2024,12.0,S-70 Black Hawk,transport helicopter,,,New, EUR715 m deal; UH-60M version; delivery planned from 2028,7.25,87.0,0.0
Austria,United States,2025,24.0,F-124,turbofan,,,New,For 12 M-346FA combat aircraft from Italy,1.0,24.0,0.0
Azerbaijan,United States,2023,4.0,aircraft engine,aircraft engine,4.0,2025,New,AE-2100D3 (5000hp) turboprop engine for 2 C-27J transport aircraft from Italy,1.5,6.0,6.0
Bahamas,United States,2007,1.0,Cessna-208 Caravan,light transport aircraft,1.0,2009,New,,1.0,1.0,1.0
Bahamas,United States,2005,1.0,King Air,light transport aircraft,1.0,2005,New,King Air-350 version,2.85,2.85,2.85
Bahamas,United States,1997,2.0,Europatrol-250,patrol boat,2.0,2000,New,Bahamas designation Bahamas,16.5,33.0,33.0
Bahrain,United States,2009,100.0,M-113,armoured personnel carrier,100.0,2010,Second hand,Second-hand; M-113A2 version,0.1,10.0,10.0
Bahrain,United States,2011,121.0,M-113,armoured personnel carrier,121.0,2017; 2018,Second hand,Second-hand; M-113A2 version (incl M-577A2 command post version),0.1,12.1,12.1
Bahrain,United States,2021,16.0,K-6 120mm,mortar,16.0,2022; 2023,New,Designation uncertain (reported as '120mm mortar'),0.25,4.0,4.0
Bahrain,United States,2021,5.0,Cyclone,patrol boat,5.0,2022,Second hand,Second-hand,8.6,43.0,43.0
Bahrain,United States,2019,1.0,Perry,frigate,1.0,2024,Second hand,Second-hand,120.0,120.0,120.0
Bahrain,United States,2019,110.0,ATACMS Block-1A,surface-to-surface missile,110.0,2021; 2022,New,,2.0,220.0,220.0
Bahrain,United States,2018,14.0,AGM-114 Hellfire-2,anti-tank/air-to-surface missile,14.0,2022; 2023,New,For AH-1Z combat helicopters,0.05,0.7,0.7
Bahrain,United States,2019,32.0,AIM-120D AMRAAM,long-range air-to-air missile,32.0,2024; 2025,New,AIM-120C-8 version; for F-16 combat aircraft,0.8,25.6,25.6
Bahrain,United States,2018,12.0,AH-1Z Viper,combat helicopter,12.0,2022; 2023,New,,14.5,174.0,174.0
Bahrain,United States,2005,1.0,King Air,light transport aircraft,1.0,2006,New,King Air-350; incl for MP,2.85,2.85,2.85
Bahrain,United States,2017,221.0,BGM-71F TOW-2B,anti-tank missile,221.0,2018,New,Incl 107 BGM-71-4B-RF TOW-2A; 22 BGM-71F Tow-2B Aero and 37 BGM-71FI-RF TOW-BB version,0.02,4.42,4.42
Bahrain,United States,1999,38.0,M-901 ITV,tank destroyer,38.0,2000,Second hand,Second-hand; aid,0.36,13.68,13.68
Bahrain,United States,2000,19.0,M-113,armoured personnel carrier,19.0,2001,Second hand,Second-hand; aid; M-113A2 version,0.1,1.9,1.9
Bahrain,United States,2002,11.0,SM-1MR,surface-to-air missile,11.0,2002; 2003,Second hand,Second-hand; aid,0.1,1.1,1.1
Bahrain,United States,2011,30.0,ATACMS Block-1A,surface-to-surface missile,30.0,2013,New,$70 m deal; ATACMS Block-1A version,2.0,60.0,60.0
Bahrain,United States,2018,2.0,Swiftships-35m,patrol boat,2.0,2021,New,Bahraini designation Mashoor,6.0,12.0,12.0
Bahrain,United States,2010,25.0,AIM-120C AMRAAM,long-range air-to-air missile,25.0,2015,New,AIM-120C-7 version,0.6,15.0,15.0
Bahrain,United States,2019,6.0,DB-110,aircraft reconnaissance system,6.0,2023; 2024; 2025,New,For F-16V combat aircraft,4.0,24.0,24.0
Bahrain,United States,2017,16.0,F-16V Viper,fighter/ground-attack aircraft,16.0,2023; 2024,New,$2.3 b deal; incl 6 F-16D trainer/combat version,40.0,640.0,640.0
Bahrain,United States,2018,56.0,WGU-59 APKWS,air-to-surface missile,56.0,2022; 2023,New,APKWS-2 version; for AH-1Z combat helicopters,0.01,0.56,0.56
Bahrain,United States,2019,32.0,AIM-9X Sidewinder,long-range air-to-air missile,32.0,2023; 2024,New,,0.18,5.76,5.76
Bahrain,United States,2004,20.0,M-109A5 155mm,self-propelled gun,20.0,2005,New,Possibly second-hand,1.25,25.0,25.0
Bahrain,United States,2006,180.0,FGM-148 Javelin,anti-tank missile,180.0,2007; 2008,New,$42 m deal (incl 60 launchers),0.03,5.4,5.4
Bahrain,United States,2012,12.0,M-198 155mm,towed gun,12.0,2017,Second hand,Second-hand,0.34,4.08,4.08
Bahrain,United States,2011,1.0,M-106,self-propelled mortar,1.0,2017,Second hand,Second-hand; M-106A2 version; probably for spares only,0.2,0.2,0.2
Bahrain,United States,2016,264.0,BGM-71 TOW,anti-tank missile,264.0,2017; 2018,New,BGM-71E TOW-2A and BGM-71H TOW-2A version,0.01,2.64,2.64
Bahrain,United States,2004,1.0,TPS-59,air-search radar,1.0,2007,New,$44 m deal; AN/TPS-59(V)3 version,15.0,15.0,15.0
Bahrain,United States,2007,8.0,S-70 Black Hawk,transport helicopter,8.0,2010,New,UH-60M version; incl for CSAR,7.25,58.0,58.0
Bahrain,United States,2017,9.0,Cougar,armoured personnel carrier,9.0,2017,Second hand,Second-hand; aid,0.14,1.26,1.26
Bahrain,United States,1998,10.0,F-16C,fighter/ground-attack aircraft,10.0,2000,New,$303 m 'Peace Crown-2' deal; F-16 Block-40 version; option on more not used,28.5,285.0,285.0
Bahrain,United States,2019,50.0,AGM-88F HCSM,anti-radar missile,25.0,2024; 2025,New,Second-hand AGM-88B missiles rebuilt to AGM-88F HCSM; delivery probably planned by 2027,0.4,20.0,10.0
Bahrain,United States,2019,36.0,MIM-104 PAC-2,surface-to-air missile,36.0,2023; 2024,New,Patriot GEM-T version; for Patriot air-defence systems,1.0,36.0,36.0
Bahrain,United States,2022,3.0,Bell-505 Jet Ranger X,light helicopter,3.0,2023,New,From Canadian production line,0.9,2.7,2.7
Bahrain,United States,2019,190.0,JDAM,guided bomb,190.0,2024; 2025,New,,0.02,3.8,3.8
Bahrain,United States,2003,105.0,M-113,armoured personnel carrier,105.0,2005,Second hand,Second-hand; aid; M-113A2 version,0.1,10.5,10.5
Bahrain,United States,2019,47.0,AGM-154 JSOW,guided glide bomb,,,New,For F-16V combat aircraft,0.1,4.7,0.0
Bahrain,United States,2017,16.0,AAQ-33 Sniper ATP,aircraft electro-optical system,16.0,2023; 2024,New,For F-16V combat aircraft,1.0,16.0,16.0
Bahrain,United States,2018,6.0,M-198 155mm,towed gun,6.0,2019,Second hand,Second-hand,0.34,2.04,2.04
Bahrain,United States,2018,2.0,aircraft engine,aircraft engine,2.0,2022; 2023,New,General Electric T-700-701C (1880hp) turboshaft; spares for AH-1Z combat helicopters,0.5,1.0,1.0
Bahrain,United States,2001,12.0,AH-1F Cobra,combat helicopter,12.0,2005; 2007,Second hand,Second-hand,3.0,36.0,36.0
Bahrain,United States,2018,720.0,GMLRS,guided rocket,720.0,2021,New,,0.08,57.6,57.6
Bahrain,United States,1999,26.0,AIM-120A AMRAAM,long-range air-to-air missile,26.0,2002,New,$110 m deal: AIM-120B version,0.4,10.4,10.4
Bahrain,United States,2000,270.0,BGM-71 TOW,anti-tank missile,270.0,2001; 2002,New,BGM-71E TOW-2A and/or BGM-71F TOW-2B version (possibly incl or only practice TOW-2A missiles),0.01,2.7,2.7
Bahrain,United States,2000,30.0,ATACMS Block-1,surface-to-surface missile,30.0,2002,New,$20 m deal,1.35,40.5,40.5
Bahrain,United States,2019,60.0,MIM-104 PAC-3 MSE,anti-ballistic missile missile,60.0,2024,New,For Patriot air-defence systems,1.5,90.0,90.0
Bahrain,United States,2019,2.0,Patriot Configuration-3,surface-to-air missile system,2.0,2023; 2024,New,,55.0,110.0,110.0
Bahrain,United States,2015,24.0,GMLRS,guided rocket,24.0,2017,New,,0.08,1.92,1.92
Bangladesh,United States,2025,12.0,aircraft engine,aircraft engine,,,New,LHTEC CTS-800 (1375hp) turboshaft for 6 T-129B combat helicopters from Turkiye,0.5,6.0,0.0
Bangladesh,United States,2013,1.0,Hamilton,patrol ship,1.0,2013,Second hand,Second-hand; aid (Bangladesh pays $8.8 m for overhaul and training); Bangladeshi designation Somudra Joy,54.0,54.0,54.0
Bangladesh,United States,2014,1.0,Hamilton,patrol ship,1.0,2015,Second hand,Second-hand; aid,54.0,54.0,54.0
Bangladesh,United States,2020,2.0,Bell-407,light helicopter,2.0,2021,New,Bell-407GXi version; from Canadian production line,1.3,2.6,2.6
Bangladesh,United States,2024,5.0,Bell-407,light helicopter,,,New,From production line in Canada,1.3,6.5,0.0
Bangladesh,United States,2018,141.0,MaxxPro,armoured personnel carrier,141.0,2021; 2022; 2023; 2024,Second hand,Second-hand (but possibly modernized before delivery); incl aid for Bangladesh UN peacekeeping forces in Mali,0.13,18.05,18.05
Bangladesh,United States,1999,4.0,C-130B Hercules,transport aircraft,4.0,2000,Second hand but modernized,Second-hand but modernized before delivery; $15 m deal,15.18,60.72,60.72
Bangladesh,United States,2001,5.0,Bell-206L LongRanger,light helicopter,5.0,2002,New,Bell-206L-4 version,0.95,4.75,4.75
Belgium,United States,2019,50.0,GBU-39 SDB,guided glide bomb,50.0,2020,New,,0.02,1.0,1.0
Belgium,United States,2025,11.0,F-35A Lightning-2,fighter/ground-attack aircraft,,,New,EUR1.6 b deal; from production line in Italy; delivery planned from 2034; selected but not yet ordered by end-2025,55.0,605.0,0.0
Belgium,United States,2004,300.0,JDAM,guided bomb,300.0,2005; 2006,New,,0.02,6.0,6.0
Belgium,United States,2025,123.0,vehicle engine,vehicle engine,,,New,Cummins ISL9 (375 hp) diesel engine for 123 Serval armoured personnel carriers from France,0.05,6.15,0.0
Belgium,United States,2006,72.0,vehicle engine,vehicle engine,72.0,2009; 2010; 2011; 2012; 2013; 2014,New,Caterpillar C-9 (395hp) diesel engine for 72 Piranha infantry fighting vehicles from Switzerland,0.05,3.6,3.6
Belgium,United States,2000,8.0,AAQ-13 LANTIRN,combat aircraft radar,8.0,2002,New,For F-16AM (modernized F-16A) combat aircraft,1.0,8.0,8.0
Belgium,United States,2018,34.0,F-35A Lightning-2,fighter/ground-attack aircraft,12.0,2024; 2025,New,EUR3.8 b deal; delivery planned 2024-2030,55.0,1870.0,660.0
Belgium,United States,2023,2.0,Mk-41 VLS,naval surface-to-air missile system,,,New,For 2 ASWF frigates produced in Netherlands,20.0,40.0,0.0
Belgium,United States,2007,1.0,C-130E Hercules,transport aircraft,1.0,2009,Second hand,Second-hand (but modernized after delivery to C-130H version in Belgium),9.6,9.6,9.6
Belgium,United States,2006,8.0,AAQ-33 Sniper ATP,aircraft electro-optical system,8.0,2007; 2008,New,For F-16AM combat aircraft; PANTERA version,1.0,8.0,8.0
Belgium,United States,2014,33.0,AIM-9X Sidewinder,long-range air-to-air missile,33.0,2016; 2017; 2018,New,,0.18,5.94,5.94
Belgium,United States,2015,60.0,JDAM,guided bomb,60.0,2016,New,,0.02,1.2,1.2
Belgium,United States,2011,180.0,JDAM,guided bomb,180.0,2012,New,,0.02,3.6,3.6
Belgium,United States,2016,263.0,JDAM,guided bomb,263.0,2017; 2018,New,,0.02,5.26,5.26
Belgium,United States,2020,,ESSM Block-2,surface-to-air missile,,,New,,0.6,0.0,0.0
Belgium,United States,2000,8.0,AAQ-14 LANTIRN,aircraft electro-optical system,8.0,2002,New,For F-16AM (modernized F-16A) combat aircraft,1.0,8.0,8.0
Belgium,United States,2022,120.0,AIM-120D AMRAAM,long-range air-to-air missile,,,New,AIM-120C-8 version; selected 2022 but not yet ordered by end-2025,0.8,96.0,0.0
Belgium,United States,2018,4.0,F135-100,turbofan,,,New,Spares for F-35A combat aircraft,4.0,16.0,0.0
Belgium,United States,2020,322.0,L-ATV,armoured personnel carrier,322.0,2023; 2024; 2025,New,EUR91 m deal; JLTV version; incl production of components in Belgium,0.18,57.96,57.96
Belgium,United States,1993,92.0,APG-66,combat aircraft radar,54.0,2000; 2001; 2002; 2003; 2004,New,For 'Mid-Life Update' (MLU) modernization of 92 F-16A combat aircraft to F-16AM (F-16C) version,1.5,138.0,81.0
Belgium,United States,2001,562.0,BGM-71 TOW,anti-tank missile,562.0,2002; 2003,New,BGM-71E TOW-2A version,0.01,5.62,5.62
Belgium,United States,2013,5.0,AAQ-33 Sniper ATP,aircraft electro-optical system,5.0,2015,New,$12 m deal,1.0,5.0,5.0
Belgium,United States,2020,4.0,MQ-9 Reaper,reconnaissance drone,1.0,2025,New,$189 m deal; MQ-9B SkyGuardian version; delivery planned by 2026,6.5,26.0,6.5
Belgium,United States,2020,29.0,Mk-54 LWT,anti-submarine torpedo,29.0,2024,New,For NH-90 anti-submarine helicopters and frigates,0.5,14.5,14.5
Belgium,United States,2018,396.0,JDAM,guided bomb,396.0,2019; 2020,New,,0.02,7.92,7.92
Belize,United States,2022,1.0,Cessna-208 Caravan,light transport aircraft,1.0,2023,New,Cessna-208B Grand Caravan-EX version; aid,1.0,1.0,1.0
Benin,United States,2024,1.0,King Air,light transport aircraft,1.0,2025,Second hand,Second-hand; modified in France to ISR version before delivery; financed by European Union European Peace Facility,1.14,1.14,1.14
Benin,United States,2024,12.0,vehicle engine,vehicle engine,12.0,2024,New,Cummins 6C-8.3 (275hp) diesel engine for 12 Puma M-36 armoured personnel carriers from South Africa,0.03,0.36,0.36
Bolivia,United States,2013,2.0,King Air,light transport aircraft,2.0,2014,New,King Air-250 and King Air-350 versions,2.85,5.7,5.7
Bolivia,United States,1999,3.0,C-130B Hercules,transport aircraft,2.0,2000,Second hand,Second-hand; aid; possibly for spare parts only,9.2,27.6,18.4
Bolivia,United States,2012,1.0,Tango-2,light aircraft,1.0,2013,New,Assembled from kit in Bolivia,0.1,0.1,0.1
Bolivia,United States,2012,2.0,Foxtrot-4,light aircraft,2.0,2013,New,For training; assembled from kits in Bolivia,0.22,0.44,0.44
Bolivia,United States,2010,6.0,R-44,light helicopter,6.0,2011; 2012,New,For training,0.25,1.5,1.5
Bolivia,United States,2023,1.0,R-44,light helicopter,1.0,2024,Second hand,R-44 Raven-2 version; for training,0.1,0.1,0.1
Bosnia-Herzegovina,United States,2019,4.0,UH-1H Huey-2,helicopter,4.0,2021,New,$39 m deal (incl $34 m 'FMF' aid); second-hand UH-1H rebuilt to UH-1 Huey-2 before delivery,3.1,12.4,12.4
Bosnia-Herzegovina,United States,2017,24.0,HMMWV-UA,armoured personnel carrier,24.0,2017; 2019; 2020,Second hand,Probably second-hand; part of $9 m aid,0.05,1.25,1.25
Botswana,United States,2024,1.0,C-130H Hercules,transport aircraft,1.0,2024,Second hand,Second-hand; aid,11.2,11.2,11.2
Botswana,United States,2018,1.0,C-212,transport aircraft,1.0,2018,Second hand,Second-hand,1.52,1.52,1.52
Botswana,United States,2018,1.0,C-212,transport aircraft,1.0,2019,Second hand,Second-hand,1.52,1.52,1.52
Botswana,United States,2008,4.0,aircraft engine,aircraft engine,4.0,2009; 2010,New,General Electric CT-7-9C3 (1750hp) turboprop for 2 CN-235 transport aircraft from Spain,0.5,2.0,2.0
Botswana,United States,1999,1.0,C-130B Hercules,transport aircraft,1.0,2001,Second hand but modernized,Second-hand but modernized before delivery,15.18,15.18,15.18
Brazil,United States,2002,9.0,P-3A Orion,anti-submarine aircraft,9.0,2011; 2012; 2013; 2014,Second hand,Second-hand; $10 m deal (part of $425 m 'P-X' programme incl modernization of 9 in Spain to P-3AM; 3 more for spare parts only),11.2,100.84,100.84
Brazil,United States,2015,46.0,M-113,armoured personnel carrier,46.0,2016,Second hand,Second-hand; aid; M-113A2 version (incl 34 M-577A2 command post version),0.1,4.6,4.6
Brazil,United States,1994,1.0,LM-2500,gas turbine,1.0,2008,New,For 1 Barroso frigate produced in Brazil,7.0,7.0,7.0
Brazil,United States,1997,16.0,AE-3007,turbofan,16.0,2002; 2003,New,For 5 EMB-145 (R-99A) AEW and 3 EMB-145RS (R-99B) AGS aircraft produced in Brazil,1.3,20.8,20.8
Brazil,United States,1995,2.0,EDO-700,anti-submarine sonar,2.0,2002; 2004,New,EDO-700E or EDO-701 version for modernization of 2 Niteroi frigates,5.0,10.0,10.0
Brazil,United States,2024,12.0,S-70 Black Hawk,transport helicopter,1.0,2025,New,UH-60M version; designated HM-2A by Brazil; delivery planned 2025-2029,7.25,87.0,7.25
Brazil,United States,2020,60.0,M-113,armoured personnel carrier,60.0,2020; 2023,Second hand,Second-hand; aid; M-577A2 command post version,0.1,6.0,6.0
Brazil,United States,2020,12.0,L-ATV,armoured personnel carrier,12.0,2023; 2024,New,JLTV version,0.18,2.16,2.16
Brazil,United States,2014,16.0,aircraft engine,aircraft engine,16.0,2019; 2020; 2021; 2023; 2025,New,LHTEC CTS-800-4N (1270hp) turboshaft engine for modernization of 8 Super Lynx Mk-21 anti-submarine helicopters to Mk-21B version,0.5,8.0,8.0
Brazil,United States,2014,38.0,V-2500,turbofan,16.0,2019; 2020; 2021; 2022; 2023; 2024; 2025,New,For 19 C-390 transport aircraft produced in Brazil,3.0,114.0,48.0
Brazil,United States,2025,222.0,FGM-148 Javelin,anti-tank missile,,,New,,0.03,6.66,0.0
Brazil,United States,2013,4.0,M-109A5 155mm,self-propelled gun,4.0,2015,Second hand,Second-hand; aid; for training,0.5,2.0,2.0
Brazil,United States,2010,9.0,Cessna-208 Caravan,light transport aircraft,9.0,2011,New,Brazilian designation C-98A,1.0,9.0,9.0
Brazil,United States,2009,4.0,S-70 Black Hawk,transport helicopter,4.0,2011,New,$60 m deal,7.25,29.0,29.0
Brazil,United States,2009,4.0,SH-60B Seahawk,anti-submarine helicopter,4.0,2012; 2013,New,$164 m deal; Brazilian designation MH-16,17.0,68.0,68.0
Brazil,United States,2013,32.0,M-109A5 155mm,self-propelled gun,32.0,2019,Second hand but modernized,Second-hand M-109A5 version as aid but modernized to M-109A+BR before delivery in $54 m deal,0.83,26.4,26.4
Brazil,United States,2015,36.0,F414,turbofan,11.0,2020; 2021; 2023; 2024; 2025,New,For 36 Gripen-E (Gripen-NG) combat aircraft from Sweden,2.5,90.0,27.5
Brazil,United States,2021,22.0,Mk-54 LWT,anti-submarine torpedo,,,New,Mk-46 Mod-5 torpedoes rebuilt to Mk-54 Mod-0; incl for MEKO A-100MB (Tamandare) frigates,0.5,11.0,0.0
Brazil,United States,2005,15.0,Cessna-208 Caravan,light transport aircraft,15.0,2005; 2006; 2007; 2008,New,Brazilian designation C-98A,1.0,15.0,15.0
Brazil,United States,2009,6.0,S-70 Black Hawk,transport helicopter,6.0,2012,New,$73 m deal,7.25,43.5,43.5
Brazil,United States,2013,2.0,SH-60B Seahawk,anti-submarine helicopter,2.0,2015,New,$87 m deal; S-70B version; Brazilian designation SH-16,17.0,34.0,34.0
Brazil,United States,2016,1.0,Boeing-767,transport aircraft,1.0,2016,Second hand,Second-hand; lease; Boeing-767-300ER version; Brazilian designation C-767,24.0,24.0,24.0
Brazil,United States,2017,30.0,M-113,armoured personnel carrier,30.0,2020,Second hand,Second-hand; aid; M-577A2 command post version,0.1,3.0,3.0
Brazil,United States,2015,4.0,M-88,armoured recovery vehicle,4.0,2016,Second hand,Second-hand,0.6,2.4,2.4
Brazil,United States,2013,4.0,APS-143(V),maritime patrol aircraft radar,4.0,2021; 2022; 2025,New,For 4 EC-725 (H-225M or AH-15B) helicopters from France; APS-143C(V)3 version,2.5,10.0,10.0
Brazil,United States,2018,40.0,M-992 FAASV,armoured supply vehicle,40.0,2018,Second hand,Second-hand; aid; M-992A2 version,0.18,7.2,7.2
Brazil,United States,1995,7.0,EDO-997,anti-submarine sonar,7.0,2001; 2002; 2004; 2005; 2008,New,For 1 Barroso frigate produced in Brazil and for modernization of 6 Niteroi frigates; EDO-997F version,7.5,52.5,52.5
Brazil,United States,2017,36.0,M-109A5 155mm,self-propelled gun,36.0,2018,Second hand,Second-hand; aid (24 more delivered for spare parts),0.5,18.0,18.0
Brazil,United States,2020,4.0,Harpoon Block-2,anti-ship/land-attack missile,4.0,2023,New,AGM-84L version; for P-3 ASW aircraft,1.0,4.0,4.0
Brazil,United States,2018,20.0,MaxxPro,armoured personnel carrier,20.0,2023,Second hand,Second-hand; recovery version,0.13,2.56,2.56
Brazil,United States,2025,11.0,S-70 Black Hawk,transport helicopter,,,Second hand but modernized,Second-hand but modernized before delivery; part of $230m deal; UH-60L version,4.79,52.64,0.0
Brazil,United States,2015,23.0,AAV-7RAM/RS,armoured personnel carrier,23.0,2017; 2018,New,$118 m deal; second-hand AAV-7A1 rebuilt to AAV-7RAM/RS version; incl 2 command post and 1 recovery versions; Brazilian designation CLAnf,1.2,27.6,27.6
Brazil,United States,1997,6.0,TPS-77,air-search radar,5.0,2000; 2001,New,For 'SIVAM' air-surveilance network,11.0,66.0,55.0
Brazil,United States,1999,2.0,Metro-3/C-26,transport aircraft,2.0,2001,Second hand but modernized,Second-hand but modernized before delivery; C-26 version,1.85,3.7,3.7
Brazil,United States,2001,10.0,C-130H Hercules,transport aircraft,10.0,2001; 2002,Second hand,Second-hand aircraft bought back to US producer and sold to Brazil; $66-70 m 'C-X' programme,11.2,112.0,112.0
Brazil,United States,2018,4.0,M-88,armoured recovery vehicle,4.0,2019,Second hand,Second-hand,0.6,2.4,2.4
Brazil,United States,2017,10.0,J-52,turbojet,10.0,2017,Second hand,Second-hand; spares for A-4 combat aircraft,0.44,4.4,4.4
Brazil,United States,2006,6.0,S-70 Black Hawk,transport helicopter,6.0,2006; 2007; 2008,New,$180 m deal; for CSAR,7.25,43.5,43.5
Brazil,United States,2007,30.0,Mk-48 Mod-5 ADCAP,anti-ship/anti-submarine torpedo,30.0,2010; 2011; 2012,New,Part of $58 m deal; Mk-48 Mod-6 version; for modernized Type-209-1400 (Tupi) submarines,1.6,48.0,48.0
Brunei,United States,2002,19.0,vehicle engine,vehicle engine,19.0,2003; 2004,New,6BTA-5.9 (250hp) diesel engine for modernization of 16 Scorpion tanks and 3 Spartan armoured personnel carriers; ordered via United Kingdom,0.03,0.57,0.57
Brunei,United States,2011,12.0,S-70 Black Hawk,transport helicopter,12.0,2013; 2014; 2015,New,S-70i version; from Polish production line,7.25,87.0,87.0
Bulgaria,United States,2025,218.0,Javelin,portable surface-to-air missile,,,New,$83 m deal,0.08,17.44,0.0
Bulgaria,United States,2008,7.0,M-1117 Guardian,armoured personnel carrier,7.0,2008,New,$10.2 m deal,0.4,2.8,2.8
Bulgaria,United States,2014,10.0,M-1117 Guardian,armoured personnel carrier,10.0,2015,New,$15 m deal,0.4,4.0,4.0
Bulgaria,United States,2022,8.0,F-16V Viper,fighter/ground-attack aircraft,,,New,$1.3 b deal; incl 4 F-16D Block-70 combat/trainer version; delivery planned 2027,40.0,320.0,0.0
Bulgaria,United States,2006,6.0,aircraft engine,aircraft engine,6.0,2007; 2008; 2011,New,Allison AE-2100D3 (5000hp) turboprop for 3 C-27J transport aircraft from Italy,1.5,9.0,9.0
Bulgaria,United States,2019,8.0,F-16V Viper,fighter/ground-attack aircraft,8.0,2025,New,$1.2-1.3 b deal; incl 2 F-16D Block-70 trainer/combat version,40.0,320.0,320.0
Bulgaria,United States,2019,15.0,Paveway,guided bomb,15.0,2025,New,For F-16V combat aircraft; Paveway-2 version,0.02,0.3,0.3
Bulgaria,United States,2019,4.0,AAQ-33 Sniper ATP,aircraft electro-optical system,4.0,2025,New,,1.0,4.0,4.0
Bulgaria,United States,2019,15.0,JDAM,guided bomb,15.0,2025,New,LJADM version; for F-16V combat aircraft,0.02,0.3,0.3
Bulgaria,United States,2019,28.0,GBU-39 SDB,guided glide bomb,28.0,2025,New,For F-16V combat aircraft,0.02,0.56,0.56
Bulgaria,United States,2024,,F-110,turbofan,,,New,Spare F110-129 engines,3.25,0.0,0.0
Bulgaria,United States,2019,18.0,AIM-9X Sidewinder,long-range air-to-air missile,18.0,2025,New,For F-16V combat aircraft,0.18,3.24,3.24
Bulgaria,United States,2019,16.0,AIM-120C AMRAAM,long-range air-to-air missile,16.0,2025,New,For F-16V combat aircraft,0.6,9.6,9.6
Burkina Faso,United States,2022,15.0,vehicle engine,vehicle engine,15.0,2022,New,Cummins ISC-350 (402-450hp) diesel engine for Ejder armoured personnel carriers from T�rkiye,0.08,1.2,1.2
Burkina Faso,United States,2006,1.0,King Air,light transport aircraft,1.0,2006,New,King Air B-200 version,2.85,2.85,2.85
Burundi,United States,2016,21.0,Cougar,armoured personnel carrier,21.0,2016,Second hand,Second-hand; aid,0.14,2.94,2.94
Burundi,United States,2014,10.0,Cougar,armoured personnel carrier,10.0,2015,Second hand,Second-hand; aid; RG-33L version; for use by peacekeepers in Somalia,0.14,1.4,1.4
Cameroon,United States,2022,10.0,vehicle engine,vehicle engine,10.0,2023,New,Cummins (362hp) diesel engine for Ratel infantry fighting vehicles from in South Africa,0.05,0.5,0.5
Cameroon,United States,2009,2.0,Bell-412,helicopter,2.0,2010,New,Bell-214EP version,5.0,10.0,10.0
Cameroon,United States,2012,2.0,aircraft engine,aircraft engine,2.0,2013,New,General Electric CT-7-9C3 (1750hp) turboprop for 1 CN-235 transport aircraft from Spain,0.5,1.0,1.0
Cameroon,United States,2015,6.0,PKSV,armoured personnel carrier,6.0,2015,New,Aid,0.3,1.8,1.8
Cameroon,United States,2016,2.0,Cessna-208 Caravan,light transport aircraft,2.0,2018,New,$4.3 m aid; for surveillance,1.0,2.0,2.0
Cameroon,United States,2018,2.0,Bell-412,helicopter,2.0,2019,Second hand,Second-hand; Bell-412EP version,2.0,4.0,4.0
Cameroon,United States,2015,1.0,Bell-412,helicopter,1.0,2015,Second hand,Probably second-hand; Bell-412EP version,2.0,2.0,2.0
Canada,United States,2019,3.0,King Air-350 ISR,ground surveillance aircraft,3.0,2024,New,CAD188 m ($142 m) 'Manned Airborne Intelligence; Surveillance and Reconnaissance' programme (CAD247 m incl support); Canadian designation CE-145C Vigilance,11.0,33.0,33.0
Canada,United States,2007,2400.0,BGM-71F TOW-2B,anti-tank missile,2400.0,2008; 2009; 2010,New,,0.02,48.0,48.0
Canada,United States,1997,579.0,vehicle engine,vehicle engine,419.0,2000; 2001; 2002; 2003; 2004,New,Caterpillar-3126B (350hp) diesel engine for 508 LAV-3 (Kodiak) infantry fighting vehicles and 71 LAV-3 tank destroyers produced in Canada,0.05,28.95,20.95
Canada,United States,1997,494.0,LAV-25 turret,infantry fighting vehicle turret,314.0,2000; 2001; 2002,New,For 494 LAV-3 (Kodiak) infantry fighting vehicles produced in Canada,0.6,296.4,188.4
Canada,United States,2017,141.0,vehicle engine,vehicle engine,141.0,2018; 2019,New,Caterpillar C-9 (450hp) diesel engine for modernization of 141 LAV-3 (Kodiak) infantry fighting vehicles and armoured personnel carriers to LAV-UP/LAV-6.0 version,0.08,11.28,11.28
Canada,United States,2020,90.0,AIM-9X Sidewinder,long-range air-to-air missile,90.0,2023; 2024; 2025,New,$40 m deal ,0.18,16.2,16.2
Canada,United States,2023,11.0,MQ-9 Reaper,armed drone,,,New,CAD2.5 b deal (incl 6 control stations; armament and support); MQ-9B SkyGuardian version; delivery planned from 2028,7.5,82.5,0.0
Canada,United States,2021,16.0,SPY-7,air-search radar,,,New,For 15 Global Combat Ship (CSC) frigates from United Kingdom and 1 for training,0.0,0.0,0.0
Canada,United States,2020,100.0,SM-2MR,surface-to-air missile,,,New,For 15 Global Combat Ship (CSC) frigates from United Kingdom,0.3,30.0,0.0
Canada,United States,2022,88.0,F-35A Lightning-2,fighter/ground-attack aircraft,,,New,CAD19 b ($15 b) 'Future Fighter Capability Project'; delivery planned 2026-2032,55.0,4840.0,0.0
Canada,United States,2023,219.0,AGM-114 Hellfire-2,anti-tank/air-to-surface missile,,,New,AGM-114R2 version; for MQ-9 UAV,0.05,10.95,0.0
Canada,United States,2023,12.0,JDAM,guided bomb,,,New,GBU-38 and GBU-54 versions; for MQ-9 UAV,0.02,0.24,0.0
Canada,United States,2004,28.0,H-92 Superhawk,anti-submarine helicopter,28.0,2015; 2016; 2017; 2018; 2019; 2020; 2021; 2022; 2024; 2025,New,CAD3.2 b 'MHP' programme (incl infrastructure; additional CAD5.8 b for support until 2028; offsets incl production of components and assembly in Canada); Canadian designation CH-148 Cyclone,18.0,504.0,504.0
Canada,United States,2023,14.0,P-8A Poseidon,anti-submarine aircraft,,,New,'Canadian Multi-Mission Aircraft' project; incl production of components in Canada; option on 2 more; delivery planned 2026-2027,125.0,1750.0,0.0
Canada,United States,2007,4.0,C-17A Globemaster-3,heavy transport aircraft,4.0,2007; 2008,New,$1.3 b deal (part of CAD3.4 b deal); Canadian designation CC-177,140.0,560.0,560.0
Canada,United States,2021,36.0,APG-79,combat aircraft radar,24.0,2024; 2025,New,$140 m deal; APG-79(V)4 version; for modernisation of CF-18A (F/A-18A) combat aircraft,2.5,90.0,60.0
Canada,United States,2021,20.0,AGM-154 JSOW,guided glide bomb,20.0,2023; 2024,New,,0.1,2.0,2.0
Canada,United States,2021,15.0,Mk-41 VLS,naval surface-to-air missile system,,,New,For 15 Global Combat Ship (CSC) frigates from United Kingdom,20.0,300.0,0.0
Canada,United States,2007,36.0,AAQ-33 Sniper ATP,aircraft electro-optical system,36.0,2007; 2008,New,CAD126 m ($109 m) deal,1.0,36.0,36.0
Canada,United States,2008,17.0,C-130J Hercules,transport aircraft,17.0,2010; 2011; 2012,New,$1.4 b 'FSAP' programme (offsets 100% incl production of components in Canada); C-130J-30 version; Canadian designation CC-130J,40.0,680.0,680.0
Canada,United States,2007,10.0,Cougar,armoured personnel carrier,10.0,2007,New,$8.8 m deal; incl 5 Buffalo version; for use in Afghanistan,0.35,3.5,3.5
Canada,United States,2007,100.0,M-982 Excalibur,guided shell,100.0,2007; 2008,New,For use in Afghanistan,0.04,4.0,4.0
Canada,United States,2008,6.0,CH-47D Chinook,transport helicopter,6.0,2008; 2009,Second hand,Second-hand; $249 m deal,7.2,43.2,43.2
Canada,United States,2002,1050.0,Paveway,guided bomb,1050.0,2003; 2004; 2005,New,$17 m deal; GBU-12 Paveway-2 version,0.02,21.0,21.0
Canada,United States,2008,48.0,Cougar,armoured personnel carrier,48.0,2009,New,$49 m deal; incl 14 Buffalo version,0.35,16.8,16.8
Canada,United States,2005,10.0,Mk-48 Mod-5 ADCAP,anti-ship/anti-submarine torpedo,10.0,2007,New,Mk-48 Mod-7 version; probably Canadian Mk-48 rebuilt to Mk-48 Mod-7,1.6,16.0,16.0
Canada,United States,2011,36.0,Mk-48 Mod-5 ADCAP,anti-ship/anti-submarine torpedo,36.0,2014; 2015; 2016,New,Canadian Mk-48 rebuilt to Mk-48-7 version,1.6,57.6,57.6
Canada,United States,2011,100.0,M-982 Excalibur,guided shell,100.0,2013,New,$8.3 m deal,0.04,4.0,4.0
Canada,United States,2011,1350.0,Paveway,guided bomb,1350.0,2012; 2013; 2014,New,,0.02,27.0,27.0
Canada,United States,2023,2.0,A-4NZ Skyhawk-2,fighter/ground-attack aircraft,2.0,2024,Second hand,Second-hand; owned and operated by civilian company for 'CATS' training programme for Canadian forces,5.6,11.2,11.2
Canada,United States,2009,15.0,CH-47F Chinook,transport helicopter,15.0,2013; 2014,New,CAD1.4 b ($1.4 b) deal (offsets 100%),20.0,300.0,300.0
Canada,United States,2019,32.0,AIM-120C AMRAAM,long-range air-to-air missile,24.0,2024; 2025,New,AIM-120C-7 version,0.6,19.2,14.4
Canada,United States,2015,350.0,JDAM,guided bomb,350.0,2016,New,,0.02,7.0,7.0
Canada,United States,2011,533.0,JDAM,guided bomb,533.0,2012,New,,0.02,10.66,10.66
Canada,United States,2001,200.0,ESSM Block-1,surface-to-air missile,200.0,2004; 2005; 2006; 2007; 2008; 2009; 2010; 2011; 2012,New,CAD507 m ($510 m) deal; for modernized Halifax (City) frigates; incl production of components in Canada (as part of NATO Sea Sparrow Consortium),0.4,80.0,80.0
Canada,United States,2017,174.0,ESSM Block-2,surface-to-air missile,64.0,2021; 2022; 2023; 2024; 2025,New,Incl production of components in Canada (as part of NATO Sea Sparrow Consortium),0.6,104.4,38.4
Canada,United States,2011,550.0,vehicle engine,vehicle engine,550.0,2013; 2014; 2015; 2016; 2017; 2018; 2019,New,Caterpillar C-9 (450hp) diesel engine for modernization of 550 LAV-3 (Kodiak) infantry fighting vehicles and armoured personnel carriers to LAV-UP/LAV-6.0 version,0.08,44.0,44.0
Canada,United States,2000,147.0,MTVL,armoured personnel carrier,147.0,2003; 2004; 2005; 2006; 2007; 2008; 2009,New,Part of $215 m 'Life Extended M-113A3/MTVL' programme; Canadian M-113 APC rebuilt to MTVL (incl ALV; ARV and AEV versions),0.35,51.45,51.45
Canada,United States,2004,97.0,AIM-120C AMRAAM,long-range air-to-air missile,97.0,2007,New,CAD146 m deal; AIM-120C5 version,0.6,58.2,58.2
Canada,United States,2002,12.0,SM-2MR,surface-to-air missile,12.0,2006,New,$19 m deal; SM-2 Block-3A version,0.3,3.6,3.6
Canada,United States,2012,500.0,TAPV,armoured personnel carrier,500.0,2016; 2017; 2018; 2019,New,CAD603 m ($585 m) deal (and additional CAD105 m for 5-year support); option on 100 more,0.5,250.0,250.0
Canada,United States,2015,225.0,Paveway,guided bomb,225.0,2016,New,Enhanced Paveway-II version,0.02,4.5,4.5
Canada,United States,1999,58.0,AGM-65 Maverick,air-to-surface missile,58.0,2002; 2003,New,Probably AGM-65G version,0.15,8.7,8.7
Canada,United States,2002,10.0,APS-143(V),maritime patrol aircraft radar,10.0,2011; 2012; 2013; 2014; 2015,New,AN/APS-508 version; for 'AIMP' modernization programme of 10 P-3 (CP-140A) ASW aircraft to CP-140M,2.5,25.0,25.0
Canada,United States,2019,425.0,Mk-54 LWT,anti-submarine torpedo,,,New,Delivery planned 2026-2031,0.5,212.5,0.0
Canada,United States,2025,60.0,L-ATV,armoured personnel carrier,,,New,,0.18,10.8,0.0
Canada,United States,1997,24.0,T-6 Texan-2,(armed) trainer aircraft,24.0,2000,New,$82 m deal; for civilian company for training of pilots from Canadian and other air forces under 'NATO Flying Training in Canada' (NFTC) programme; T-6A-1 (CT-156 Harvard-2) version,2.0,48.0,48.0
Canada,United States,1998,18.0,SM-2MR,surface-to-air missile,18.0,2000; 2001,New,,0.3,5.4,5.4
Canada,United States,1998,12.0,Harpoon Block-1,anti-ship missile,12.0,2000; 2001; 2002,New,$20 m deal,0.9,10.8,10.8
Canada,United States,2001,80.0,APG-73,combat aircraft radar,80.0,2003; 2004; 2005; 2006,New,For modernization of 80 CF-18 (F/A-18) combat aircraft to CF-18IMP,2.0,160.0,160.0
Canada,United States,2002,2.0,PC-9,(armed) trainer aircraft,2.0,2002,New,$12 m deal; for civilian company for training of pilots from Canadian and other air forces under 'NATO Flying Training in Canada' (NFTC) programme; T-6A-1 Texan-2 (CT-156 Harvard-2) version,1.9,3.8,3.8
Canada,United States,2001,47.0,MSTAR,ground surveillance radar,47.0,2002; 2003,New,$13 m deal; AN/PPS-5C version; for Piranha-3 APC (artillery fire control version),0.5,23.5,23.5
Canada,United States,2025,,BGM-109 Tomahawk,surface-to-surface missile,,,New,For CSC frigates; selected but contract not yet signed by end 2025,1.0,0.0,0.0
Canada,United States,2019,360.0,vehicle engine,vehicle engine,168.0,2022; 2023; 2024,New,Caterpillar C-9 (450hp) diesel engine for 360 LAV-6 armoured personnel carriers produced in Canada; delivery planned 2022-2025,0.08,28.8,13.44
Canada,United States,2025,7.0,King Air,light transport aircraft,,,New,Owned and operated by civilian company for 'Future Aircrew Training' programme for training of Canadian armed forces; King Air-260 version; designated CT-145E Expeditor-2 in Canada; delivery planned from 2028,2.85,19.95,0.0
Canada,United States,2013,1000.0,M-1156 PGK,guided shell,1000.0,2016; 2017; 2018,New,,0.03,30.0,30.0
Canada,United States,2014,1.0,C-17A Globemaster-3,heavy transport aircraft,1.0,2015,New,CAD415 m ($357 m) deal; Canadian designation CC-177,140.0,140.0,140.0
Canada,United States,2000,152.0,M-113A3,armoured personnel carrier,152.0,2002; 2003; 2004; 2005; 2006; 2007; 2008; 2009,New,Part of $215 m 'Life Extended M-113A3/MTVL' programme; Canadian M-113 APC rebuilt to M-113A3; incl ARV and command post versions,0.3,45.6,45.6
Central African Republic,United States,2006,1.0,C-130B Hercules,transport aircraft,1.0,2006,Second hand,Second-hand; C-130A version,9.2,9.2,9.2
Chad,United States,2020,28.0,David,armoured personnel carrier,28.0,2020,New,Aid,0.11,3.08,3.08
Chad,United States,2006,1.0,PC-7 Turbo Trainer,(armed) trainer aircraft,1.0,2006,Second hand,Second-hand,0.64,0.64,0.64
Chad,United States,2012,4.0,aircraft engine,aircraft engine,4.0,2014,New,Allison AE-2100D3 (5000hp) turboprop for 2 C-27J transport aircraft from Italy,1.5,6.0,6.0
Chad,United States,2016,2.0,Cessna-208 Caravan,light transport aircraft,2.0,2017,New,For surveillance; aid,1.0,2.0,2.0
Chad,United States,2016,60.0,David,armoured personnel carrier,60.0,2016; 2017,New,Aid,0.11,6.6,6.6
Chile,United States,2020,1.0,SR-22,light aircraft,1.0,2021,New,,0.2,0.2,0.2
Chile,United States,2000,3.0,APS-115,maritime patrol aircraft radar,3.0,2003,New,For modernization of 3 P-3 ASW aircraft,2.5,7.5,7.5
Chile,United States,2009,8.0,Bell-412,helicopter,8.0,2009; 2010; 2011,New,From Canadian production line; Bell-412EP version,5.0,40.0,40.0
Chile,United States,2019,2.0,C-130H Hercules,transport aircraft,2.0,2021,Second hand,Second-hand,11.2,22.4,22.4
Chile,United States,2011,6.0,T-35 Pillan,trainer aircraft,6.0,2013,New,Assembled/produced under licence in Chile; T-35B(E) version,0.28,1.68,1.68
Chile,United States,2018,44.0,JDAM,guided bomb,44.0,2019,New,,0.02,0.88,0.88
Chile,United States,2001,1.0,Mk-15 Phalanx,naval gun,1.0,2001,Second hand,Second-hand; for modernization of 1 Leander (Lynch) frigate; aid,2.8,2.8,2.8
Chile,United States,1999,44.0,M-163 VADS,self-propelled anti-aircraft gun,28.0,2000,Second hand,Second-hand; aid,0.4,17.6,11.2
Chile,United States,1997,66.0,M-167 Vulcan,anti-aircraft gun,32.0,2000,Second hand,Second-hand; aid,0.16,10.56,5.12
Chile,United States,2006,14.0,AGM-65 Maverick,air-to-surface missile,14.0,2007,New,AGM-65F/G,0.15,2.1,2.1
Chile,United States,2007,3.0,APS-143(V),maritime patrol aircraft radar,3.0,2010; 2011,New,For 3 C-295 MP and ASW aircraft from Spain; APS-143C(V)3 version,2.5,7.5,7.5
Chile,United States,2011,6.0,MPQ-64 Sentinel,air-search radar,6.0,2013; 2014; 2015,New,,5.0,30.0,30.0
Chile,United States,2012,4.0,SR-22,light aircraft,4.0,2013; 2015,New,,0.2,0.8,0.8
Chile,United States,2009,1.0,Kaiser,replenishment ship,1.0,2010,Second hand but modernized,Second-hand but modernized before delivery; ship transferred as aid and modernized in $30-50 m deal; designated Almirante Montt by Chile,85.8,85.8,85.8
Chile,United States,2003,10.0,F-16C Block-50,fighter/ground-attack aircraft,10.0,2006; 2007,New,$660 m 'Peace Puma'; 'Caza-2000' or 'F-2000' progamme (price does not include engines; offsets 100%); F-16C Block-50 version; incl 4 F-16D version,31.0,310.0,310.0
Chile,United States,2011,210.0,JDAM,guided bomb,210.0,2012,New,,0.02,4.2,4.2
Chile,United States,2012,5.0,HELRAS,anti-submarine sonar,5.0,2013; 2014,New,For modernization of 5 AS-332 ASW helicopters,2.0,10.0,10.0
Chile,United States,2010,100.0,AIM-120C AMRAAM,long-range air-to-air missile,100.0,2013; 2014; 2015,New,AIM-120C-7 version,0.6,60.0,60.0
Chile,United States,2014,2.0,Cessna-172,light/trainer aircraft,2.0,2015,New,,0.1,0.2,0.2
Chile,United States,2013,12.0,M-109A5 155mm,self-propelled gun,12.0,2015,Second hand but modernized,Second-hand but modernized before delivery,0.83,9.9,9.9
Chile,United States,2010,12.0,M-109A5 155mm,self-propelled gun,12.0,2012,Second hand but modernized,Second-hand but modernized in $16 m deal before delivery,0.83,9.9,9.9
Chile,United States,2013,2.0,KC-130H Hercules,tanker/transport aircraft,2.0,2015; 2016,Second hand,Second-hand; aid; KC-130R version,15.2,30.4,30.4
Chile,United States,2016,4.0,SR-22,light aircraft,4.0,2016; 2017,New,,0.2,0.8,0.8
Chile,United States,2014,2.0,F-110,turbofan,2.0,2016,Second hand,Probably second-hand; aid,1.3,2.6,2.6
Chile,United States,2016,6.0,S-70 Black Hawk,transport helicopter,6.0,2018,New,$180 m deal; S-70i or MH-60M version; from Polish production line,7.25,43.5,43.5
Chile,United States,1996,15.0,Cessna-337/O-2,light aircraft,4.0,2000,Second hand,Second-hand; 4 more delivered for spares only and 5 for storage for possible future use,0.14,2.1,0.56
Chile,United States,2007,4.0,Bell-412,helicopter,4.0,2009,New,$45 m deal; from Canadian production line; Bell-412EP version,5.0,20.0,20.0
Chile,United States,2005,20.0,Harpoon Block-2,anti-ship/land-attack missile,20.0,2006; 2007,New,$50 m deal,1.0,20.0,20.0
Chile,United States,2009,3.0,KC-135 Stratotanker,tanker/transport aircraft,3.0,2010; 2011; 2012,Second hand,Second-hand; $40 m deal; KC-135E version,24.0,72.0,72.0
Chile,United States,2000,1.0,Bell-412,helicopter,1.0,2000,Second hand,Second-hand,2.0,2.0,2.0
Chile,United States,2000,1.0,Bell-412,helicopter,1.0,2001,Second hand,Second-hand,2.0,2.0,2.0
Chile,United States,2011,75.0,AIM-120C AMRAAM,long-range air-to-air missile,75.0,2014; 2015,New,Part of $100m deal; for NASAMS SAM systems from Norway,0.6,45.0,45.0
Chile,United States,2000,3.0,CitationJet,light transport aircraft,3.0,2001,New,For training,3.1,9.3,9.3
Chile,United States,2001,158.0,M-113,armoured personnel carrier,158.0,2004,Second hand,Second-hand,0.1,15.8,15.8
Colombia,United States,2011,28.0,M-1117 Guardian,armoured personnel carrier,28.0,2013; 2014,New,$32 m deal,0.4,11.2,11.2
Colombia,United States,2025,3.0,Island,patrol boat,3.0,2025,Second hand,Second-hand; aid,3.68,11.04,11.04
Colombia,United States,2003,5.0,MSTAR,ground surveillance radar,5.0,2003,New,AN/PPS-5C version,0.5,2.5,2.5
Colombia,United States,2003,1.0,Reliance,patrol ship,1.0,2003,Second hand,Second-hand; designated Valle del Cauca in Colombia,6.0,6.0,6.0
Colombia,United States,2020,1.0,King Air,light transport aircraft,1.0,2021,New,King Air-350i version,2.85,2.85,2.85
Colombia,United States,2021,1.0,Bell-412,helicopter,1.0,2022,New,Bell-412EPX version,5.0,5.0,5.0
Colombia,United States,2020,200.0,M-1117 Guardian,armoured personnel carrier,178.0,2021; 2022; 2024; 2025,Second hand,Second-hand; aid,0.16,32.0,28.48
Colombia,United States,2010,1.0,King Air,light transport aircraft,1.0,2011,New,$7.7 m deal; King Air-350i version,2.85,2.85,2.85
Colombia,United States,2018,1.0,S-70 Black Hawk,transport helicopter,1.0,2019,New,,7.25,7.25,7.25
Colombia,United States,2012,4.0,Bell-412,helicopter,4.0,2013; 2014,New,From Canadian production line,5.0,20.0,20.0
Colombia,United States,2023,4.0,HMMWV-UA,armoured personnel carrier,4.0,2023,New,M-1151A1B1 version,0.13,0.52,0.52
Colombia,United States,2018,3.0,C-130H Hercules,transport aircraft,3.0,2020; 2021,Second hand,Second-hand; aid,11.2,33.6,33.6
Colombia,United States,2021,2.0,Boeing-737NG,transport aircraft,2.0,2022,Second hand,Second-hand; Boeing-737-732 version,13.2,26.4,26.4
Colombia,United States,2001,2.0,Cessna-337/O-2,light aircraft,2.0,2001,Second hand,Second-hand,0.14,0.28,0.28
Colombia,United States,2015,60.0,Bell-206,light helicopter,60.0,2016; 2019,Second hand,Second-hand; TH-67 version; for training,0.28,16.8,16.8
Colombia,United States,1998,25.0,UH-1H Huey-2,helicopter,23.0,2000; 2001; 2002,New,Second-hand UH-1H rebuilt to UH-1H-2; aid for police anti-narcotics operations,3.1,77.5,71.3
Colombia,United States,2000,42.0,UH-1H Huey-2,helicopter,42.0,2002; 2003,New,$323 m deal (part of $1.3 b 'Plan Colombia'); Second-hand UH-1H rebuilt to UH-1H-2; aid for anti-narcotics operations; incl 12 for police,3.1,130.2,130.2
Colombia,United States,2000,15.0,Bell-212,helicopter,15.0,2000,Second hand,Second-hand Canadian aircraft bought by USA and delivered to Colombia as 'Plan Colombia' aid; for anti-narcotics operations,1.48,22.2,22.2
Colombia,United States,2000,2.0,OV-10 Bronco,ground-attack aircraft,2.0,2002,Second hand,Second-hand; aid,1.8,3.6,3.6
Colombia,United States,2000,5.0,SA-2-37,reconnaissance aircraft,5.0,2002; 2003,New,Part of $1.3 b 'Plan Colombia' anti-narcotics aid; SA-2-37B version,0.26,1.3,1.3
Colombia,United States,1998,5.0,TPS-70,air-search radar,5.0,2001; 2006; 2007,New,Aid,11.0,55.0,55.0
Colombia,United States,2002,1.0,C-130B Hercules,transport aircraft,1.0,2002,Second hand,Second-hand; aid; for anti-narcotics operations,9.2,9.2,9.2
Colombia,United States,2006,6.0,UH-1H Huey-2,helicopter,6.0,2007,New,Second-hand UH-1H rebuilt to UH-1H-2; aid,3.1,18.6,18.6
Colombia,United States,2004,3.0,BT-67,transport aircraft,3.0,2005; 2006; 2007,New,$17 m aid; second-hand C-47 transport aircraft rebuilt to BT-67/AC-47T transport/combat aircraft in USA; for police anti-narcotics operations;,4.25,12.75,12.75
Colombia,United States,2012,4.0,RDR-1700,maritime patrol aircraft radar,4.0,2013; 2014,New,For 4 Bell-412 helicopters from Canada; RDR-1700B version,2.5,10.0,10.0
Colombia,United States,2021,1.0,RDR-1700,maritime patrol aircraft radar,1.0,2022,New,For 1 Bell-412 helicopter from USA,2.5,2.5,2.5
Colombia,United States,2007,1.0,Balsam,cargo ship,1.0,2007,Second hand,Second-hand; Colombian designation San Andres,4.0,4.0,4.0
Colombia,United States,2007,1.0,Boeing-767,transport aircraft,1.0,2010,Second hand,Second-hand; $60 m deal; modified to MMTT tanker aircraft in Israel before delivery,24.0,24.0,24.0
Colombia,United States,2006,2.0,King Air,light transport aircraft,2.0,2007,New,King Air-350 version; for SIGINT (ELINT) with ELINT system from Israel,2.85,5.7,5.7
Colombia,United States,2006,3.0,TPS-79 MMSR,air-search radar,3.0,2008; 2009,New,,6.0,18.0,18.0
Colombia,United States,2008,2.0,King Air,light transport aircraft,2.0,2009; 2010,New,King Air-350 version; incl for medevac,2.85,5.7,5.7
Colombia,United States,2008,14.0,T-37B,(armed) trainer aircraft,14.0,2008; 2009; 2010,Second hand,Second-hand,0.72,10.08,10.08
Colombia,United States,2008,7.0,S-70 Black Hawk,transport helicopter,7.0,2011; 2012,New,Colombian UH-60A rebuilt to UH-60L,7.25,50.75,50.75
Colombia,United States,2008,2.0,King Air,light transport aircraft,2.0,2009,New,King Air-350 version,2.85,5.7,5.7
Colombia,United States,2010,2.0,King Air,light transport aircraft,2.0,2010,New,King Air-350 version,2.85,5.7,5.7
Colombia,United States,2010,1.0,King Air,light transport aircraft,1.0,2011,New,King Air-350 SIGINT (COMINT) version with COMINT system from Israel,2.85,2.85,2.85
Colombia,United States,2012,2.0,APS-143(V),maritime patrol aircraft radar,2.0,2014; 2015,New,For modernization of 2 CN-235MP MP aircraft,2.5,5.0,5.0
Colombia,United States,2012,2.0,Boeing-737 Classic,transport aircraft,2.0,2013,Second hand,Second-hand; Boeing-737-300F version,13.2,26.4,26.4
Colombia,United States,2011,1.0,King Air,light transport aircraft,1.0,2012,New,King Air C-90GTx version,2.85,2.85,2.85
Colombia,United States,2005,8.0,S-70 Black Hawk,transport helicopter,8.0,2007,New,$100 m deal; incl for use anti-narcotics operations,7.25,58.0,58.0
Colombia,United States,2008,12.0,UH-1H Huey-2,helicopter,12.0,2011,New,Second-hand UH-1H rebuilt to UH-1H-2,3.1,37.2,37.2
Colombia,United States,2006,12.0,Bell-206,light helicopter,12.0,2007,New,Bell-206B-3 version; for training,0.7,8.4,8.4
Colombia,United States,2006,100.0,Paveway,guided bomb,100.0,2007; 2008,New,,0.02,2.0,2.0
Colombia,United States,2008,10.0,Cessna-208 Caravan,light transport aircraft,10.0,2009; 2010,New,Incl for at least 5 for reconnaissance and 2 for medevac,1.0,10.0,10.0
Colombia,United States,2010,3.0,A-37B Dragonfly,ground-attack aircraft,3.0,2011,Second hand,Second-hand; incl some second-hand Chilean aircraft returned to USA and transferred to Colombia,2.0,6.0,6.0
Colombia,United States,2011,80.0,Paveway,guided bomb,80.0,2013,New,Paveway-2 version,0.02,1.6,1.6
Colombia,United States,2008,1.0,Cessna-180 Skywagon,light aircraft,1.0,2008,Second hand,Second-hand; aid; Cessna-182R version,0.07,0.07,0.07
Colombia,United States,2012,5.0,S-70 Black Hawk,transport helicopter,5.0,2013,New,$87 m deal; S-70i version; from Polish production line,7.25,36.25,36.25
Colombia,United States,2012,1.0,Cessna-208 Caravan,light transport aircraft,1.0,2013,New,Grand Caravan-EX version,1.0,1.0,1.0
Colombia,United States,2016,1.0,Cessna-208 Caravan,light transport aircraft,1.0,2017,New,Cessna-208B-EX version,1.0,1.0,1.0
Colombia,United States,2013,2.0,S-70 Black Hawk,transport helicopter,2.0,2013,New,S-70i version; from Polish production line,7.25,14.5,14.5
Colombia,United States,2012,2.0,Cessna-208 Caravan,light transport aircraft,2.0,2013,New,Possibly second-hand; Cessna-208B version,1.0,2.0,2.0
Colombia,United States,2008,12.0,Bell-212,helicopter,12.0,2009,Second hand,Second-hand Canadian aircraft bought by USA and delivered to Colombia as 'Plan Colombia' aid; for anti-narcotics operations,1.48,17.76,17.76
Colombia,United States,2012,4.0,Bell-206,light helicopter,4.0,2013,Second hand,Second-hand; aid; OH-58A version; for training,0.28,1.12,1.12
Colombia,United States,2011,7.0,S-70 Black Hawk,transport helicopter,7.0,2012,New,Incl 3 for police,7.25,50.75,50.75
Colombia,United States,2000,16.0,S-70 Black Hawk,transport helicopter,16.0,2001,New,$116 m deal (part of $1.3 b 'Plan Colombia' anti-narcotics aid); incl 2 for police,7.25,116.0,116.0
Colombia,United States,2002,5.0,K-MAX,helicopter,5.0,2002,New,Originally for Peru; for Police anti-narcotics operations,3.1,15.5,15.5
Colombia,United States,1999,2.0,AC-47T,ground-attack aircraft,2.0,2000,New,Second-hand C-47 transport aircraft rebuilt to AC-47T Fantasma ground-attack aircraft,3.8,7.6,7.6
Colombia,United States,1998,6.0,S-70 Black Hawk,transport helicopter,1.0,2000,New,$96 m deal (aid); for police anti-narcotics operations,7.25,43.5,7.25
Colombia,United States,2007,15.0,S-70 Black Hawk,transport helicopter,15.0,2009,New,$225 m deal,7.25,108.75,108.75
Colombia,United States,2020,16.0,Cessna-172,light/trainer aircraft,16.0,2021; 2022; 2024; 2025,New,Cessna-172SP version,0.1,1.6,1.6
Colombia,United States,2009,25.0,Legacy,light aircraft,25.0,2010; 2011; 2012; 2013; 2014,New,$6.5-10 m deal; Synergy-FG or Legacy-FG version; assembled from kits in Colombia; for training; Colombian designation T-90 Calima,0.15,3.75,3.75
Colombia,United States,2016,10.0,S-70 Black Hawk,transport helicopter,10.0,2017,Second hand,Second-hand; for police; UH-60A version,2.6,26.0,26.0
Colombia,United States,2002,1.0,OT-47B Tracker,airborne early-warning/ground surveillance aircraft,1.0,2002,New,Possibly on loan; for anti-narcotics operations,8.5,8.5,8.5
Colombia,United States,2000,7.0,RDR-1400C,maritime patrol aircraft radar,7.0,2000; 2001,New,For modernization of 2 PA-31 aircraft and 4 Bell-412 and 1 Bell-212 helicopters,2.0,14.0,14.0
Colombia,United States,2015,60.0,Stinger,portable surface-to-air missile,60.0,2015,New,,0.08,4.8,4.8
Colombia,United States,2015,100.0,BGM-71 TOW,anti-tank missile,100.0,2015,New,BGM-71E TOW-2A version,0.01,1.0,1.0
Colombia,United States,2013,4.0,TPS-70,air-search radar,4.0,2015,New,Part of $118-126 m deal for 'SISDAN' air defence system; AN/TPS-78 version,11.0,44.0,44.0
Colombia,United States,2016,2.0,M-1117 Guardian,armoured personnel carrier,2.0,2016,New,Commando Select version,0.4,0.8,0.8
Colombia,United States,2009,2.0,aircraft engine,aircraft engine,2.0,2010,New,General Electric CT-7-9C3 (1750hp) turboprop engine for 1 CN-235 maritime patrol aircraft from Spain,0.5,1.0,1.0
Colombia,United States,2002,4.0,aircraft engine,aircraft engine,4.0,2003,New,General Electric CT-7-9C3 (1750hp) turboprop engine for 2 CN-235 maritime patrol aircraft from Spain,0.5,2.0,2.0
Colombia,United States,2006,2.0,AC-47T,ground-attack aircraft,2.0,2007,New,Second-hand C-47 transport aircraft rebuilt to AC-47T Fantasma ground-attack aircraft,3.8,7.6,7.6
Colombia,United States,2025,17.0,F414,turbofan,,,New,,2.5,42.5,0.0
Colombia,United States,2000,14.0,S-70 Black Hawk,transport helicopter,14.0,2001,New,$106 m deal,7.25,101.5,101.5
Colombia,United States,2001,10.0,OV-10 Bronco,ground-attack aircraft,10.0,2003,Second hand,Aid; Second-hand,1.8,18.0,18.0
Colombia,United States,2000,2.0,APG-66,combat aircraft radar,2.0,2001,New,Part of $1.3 b 'Plan Colombia' anti-narcotics aid; for modification of 2 Metro-3 transport aircraft to AEW aircraft,1.5,3.0,3.0
Colombia,United States,2020,10.0,T-6 Texan-2,(armed) trainer aircraft,10.0,2021; 2022; 2023; 2024; 2025,New,T-6C+ armed version,2.0,20.0,20.0
Colombia,United States,2009,20.0,Bell-206,light helicopter,20.0,2010; 2011; 2012; 2013,Second hand,Second-hand; 'Plan Colombia' aid; OH-58A version,0.28,5.6,5.6
Colombia,United States,2009,39.0,M-1117 Guardian,armoured personnel carrier,39.0,2010,New,$46 m deal,0.4,15.6,15.6
Colombia,United States,2011,10.0,UH-1H Huey-2,helicopter,10.0,2013; 2014; 2015; 2016; 2017; 2018; 2019; 2020,New,Second-hand UH-1H rebuilt to UH-1H-2,3.1,31.0,31.0
Colombia,United States,2020,5.0,UH-1H Huey-2,helicopter,5.0,2021,Second hand,Second-hand; aid,1.24,6.2,6.2
Costa Rica,United States,2018,1.0,King Air Maritime,maritime patrol aircraft,1.0,2019,New,Aid; for police,7.5,7.5,7.5
Costa Rica,United States,2017,1.0,Nemesis,armoured personnel carrier,1.0,2018,New,Aid; for special forces,0.18,0.18,0.18
Cote d'Ivoire,United States,2021,9.0,BATT,armoured personnel carrier,9.0,2022,New,BATT-UMG version,0.16,1.44,1.44
Cote d'Ivoire,United States,2021,2.0,Terrier LT-79,armoured personnel carrier,2.0,2022,New,,0.14,0.28,0.28
Cote d'Ivoire,United States,2024,12.0,vehicle engine,vehicle engine,12.0,2025,New,Cummins (275hp) diesel engine for 12 Puma M-36 armoured personnel carriers from South Africa,0.03,0.36,0.36
Croatia,United States,2021,67.0,M-2 Bradley,infantry fighting vehicle,12.0,2025,Second hand but modernized,M-2A2 version; second-hand but modernized before delivery; $196 m deal (incl $51 m 'ERIP' aid); several more delivered for spare parts; delivery planned 2025-2026,1.06,70.75,12.67
Croatia,United States,2021,2.0,S-70 Black Hawk,transport helicopter,2.0,2022,New,UH-60M version,7.25,14.5,14.5
Croatia,United States,2018,2.0,S-70 Black Hawk,transport helicopter,2.0,2022,New,$53 m aid; UH-60M version,7.25,14.5,14.5
Croatia,United States,2021,1703.0,BGM-71F TOW-2B,anti-tank missile,,,New,Incl 1103 TOW-2A-RF; 100 TOW-2B-RF; 500 TOW-BB-RF versions; for M2A2 ODS IFV,0.02,34.06,0.0
Croatia,United States,2016,16.0,OH-58D,combat helicopter,16.0,2016,Second hand,Second-hand; HRK286 m ($41 m) deal (incl HRK100 m aid),1.2,19.2,19.2
Croatia,United States,2015,6.0,MaxxPro,armoured personnel carrier,6.0,2016,Second hand,Second-hand; recovery vehicle version; aid,0.13,0.77,0.77
Croatia,United States,2016,100.0,AGM-114 Hellfire-2,anti-tank/air-to-surface missile,100.0,2017; 2018,New,For OH-58D combat helicopters,0.05,5.0,5.0
Croatia,United States,2024,8.0,S-70 Black Hawk,transport helicopter,,,New,$274 m; incl 4 as aid; UH-60M version; delivery planned 2028,7.25,58.0,0.0
Croatia,United States,1999,5.0,TPS-77,air-search radar,5.0,2001,New,Part of $94 m deal; FPS-117(E)1T version,11.0,55.0,55.0
Croatia,United States,2024,8.0,HIMARS,multiple rocket launcher,,,New,$290 m deal; delivery planned by 2028,2.2,17.6,0.0
Croatia,United States,2024,288.0,GMLRS,guided rocket,,,New,For 8 HIMARS MRL,0.08,23.04,0.0
Croatia,United States,2013,20.0,RG-33,armoured personnel carrier,20.0,2014,Second hand,Second-hand; aid; ambulance version,0.08,1.6,1.6
Croatia,United States,2013,120.0,M-ATV,armoured personnel carrier,120.0,2014,Second hand,Second-hand; aid,0.1,12.0,12.0
Croatia,United States,2014,42.0,M-ATV,armoured personnel carrier,42.0,2014,Second hand,Second-hand; aid,0.1,4.2,4.2
Croatia,United States,2013,30.0,MaxxPro,armoured personnel carrier,30.0,2014,Second hand,Second-hand; MaxxPro Plus version,0.13,3.84,3.84
Czechia,United States,2025,24.0,vehicle engine,vehicle engine,,,New,Cummins ISM (500hp) diesel engine for TITUS armoured personnel carriers from France,0.08,1.92,0.0
Czechia,United States,2005,12.0,FGM-148 Javelin,anti-tank missile,12.0,2006,New,$1.7 m deal (incl 2 launchers); for use in Afganistan,0.03,0.36,0.36
Czechia,United States,1994,72.0,F-124,turbofan,72.0,2000; 2001; 2002; 2003,New,For 72 L-159A/B combat/trainer aircraft produced in Czech Republic; F-124-GA-100 version,1.0,72.0,72.0
Czechia,United States,2004,14.0,F-404,turbofan,14.0,2005,New,For 14 JAS-39C combat aircraft from Sweden; RM-12 version (from Swedish production line),2.2,30.8,30.8
Czechia,United States,2022,2.0,UH-1Y Venom,helicopter,,,Second hand but modernized,Second-hand but modernized before delivery; aid; delivery planned 2027-2028,4.29,8.58,0.0
Czechia,United States,2022,6.0,AH-1Z Viper,combat helicopter,,,Second hand but modernized,Second-hand but modernized before delivery; aid; delivery planned 2027-2028,9.57,57.42,0.0
Czechia,United States,2024,200.0,AGM-114 Hellfire-2,anti-tank/air-to-surface missile,,,New,For AH-1Z combat helicopters,0.05,10.0,0.0
Czechia,United States,2019,8.0,UH-1Y Venom,helicopter,8.0,2023; 2024,New,,6.5,52.0,52.0
Czechia,United States,2024,4.0,V-2500,turbofan,,,New,For 2 C-390 transport aircraft from Brazil,3.0,12.0,0.0
Czechia,United States,2017,4.0,Enstrom-480,light helicopter,4.0,2018,New,TH-480B-G version; owned and operated by civilian company for training of Czech military pilots,0.4,1.6,1.6
Czechia,United States,2019,62.0,vehicle engine,vehicle engine,62.0,2023; 2024,New,Cummins ISM (500hp) diesel engine for TITUS armoured personnel carriers from France,0.08,4.96,4.96
Czechia,United States,2024,24.0,F-35A Lightning-2,fighter/ground-attack aircraft,,,New,$5 b deal; delivery planned 2030-2034,55.0,1320.0,0.0
Czechia,United States,2009,107.0,vehicle engine,vehicle engine,107.0,2009; 2010; 2011; 2012; 2013,New,Cummins ISC-350 (355hp) diesel engine for 99 Pandur-2 infantry fighting vehicles and 8 Pandur-2 armoured personnel carriers from Austria,0.05,5.35,5.35
Czechia,United States,2019,4.0,AH-1Z Viper,combat helicopter,4.0,2023,New,,14.5,58.0,58.0
Czechia,United States,2016,50.0,FGM-148 Javelin,anti-tank missile,50.0,2018,New,$10 m deal,0.03,1.5,1.5
Czechia,United States,2017,20.0,vehicle engine,vehicle engine,20.0,2019; 2020,New,Cummins ISC-350 (355hp) diesel engine for 20 Pandur-2 armoured personnel carriers from Austria,0.05,1.0,1.0
Czechia,United States,2005,24.0,AIM-120C AMRAAM,long-range air-to-air missile,24.0,2008,New,CZK700 m deal; AIM-120C-5 version; for JAS-39 combat aircraft,0.6,14.4,14.4
Czechia,United States,2002,100.0,AIM-9M Sidewinder,short-range air-to-air missile,100.0,2002; 2005,New,$15-20 m deal (incl $2 m 'FMF' aid for first 20);  for L-159 trainer/combat and JAS-39 combat aircraft,0.12,12.0,12.0
Czechia,United States,2022,6.0,FJ44-4,turbofan,4.0,2024,New,For 6 L-39NG produced in Czechia; FJ44-4M version,0.6,3.6,2.4
Czechia,United States,2021,14.0,AGM-114 Hellfire-2,anti-tank/air-to-surface missile,14.0,2023,New,For AH-1Z combat helicopters,0.05,0.7,0.7
Denmark,United States,2024,5832.0,M-1156 PGK,guided shell,,,New,,0.03,174.96,0.0
Denmark,United States,2014,9.0,Cougar,armoured personnel carrier,9.0,2018,New,DKK320 m deal; Mastiff-3 version; delivered via UK,0.35,3.15,3.15
Denmark,United States,2010,40.0,Cougar,armoured personnel carrier,40.0,2011,Second hand,Second-hand; Cougar 6x6 and probably 4x4 versions; loan for use by Danish forces in Afghanistan,0.14,5.6,5.6
Denmark,United States,2004,40.0,AIM-9X Sidewinder,long-range air-to-air missile,40.0,2007,New,$7 m deal; for F-16 combat aircraft,0.18,7.2,7.2
Denmark,United States,2005,2.0,TPS-77,air-search radar,2.0,2007,New,$40 m deal,11.0,22.0,22.0
Denmark,United States,2000,4.0,CF-34,turbofan,4.0,2001,New,For 2 Challenger-604SM MP aircraft from Canada,1.6,6.4,6.4
Denmark,United States,2019,28.0,AIM-120C AMRAAM,long-range air-to-air missile,28.0,2022,New,AIM-120C-7 version; for F-16 combat aircraft,0.6,16.8,16.8
Denmark,United States,2004,1.0,C-130J Hercules,transport aircraft,1.0,2007,New,DKR525 m ($88 m) deal; C-130J-30 version,40.0,40.0,40.0
Denmark,United States,2000,3.0,C-130J Hercules,transport aircraft,3.0,2004,New,$328 m deal (incl buy-back of 3 Danish C-130H aircraft by producer); C-130J-30 version,40.0,120.0,120.0
Denmark,United States,2018,50.0,SM-2MR,surface-to-air missile,50.0,2022; 2023; 2024,New,SM-2 Block-3A version; for Huitfeldt (PS) frigates,0.3,15.0,15.0
Denmark,United States,2025,300.0,AIM-120D AMRAAM,long-range air-to-air missile,,,New,For NASAMS air-defence systems,0.8,240.0,0.0
Denmark,United States,2025,300.0,AIM-9X Sidewinder,long-range air-to-air missile,,,New,For NASAMS air-defence systems,0.18,54.0,0.0
Denmark,United States,2017,6.0,Cougar,armoured personnel carrier,6.0,2017,Second hand,Second-hand; Cougar JERRV version,0.14,0.84,0.84
Denmark,United States,2012,9.0,MH-60R Seahawk,anti-submarine helicopter,9.0,2016; 2017; 2018,New,$686 m deal; MH-60R version,16.5,148.5,148.5
Denmark,United States,1994,200.0,AIM-7M Sparrow,long-range air-to-air missile,134.0,2000; 2001; 2002; 2003,New,RIM-7M Sea Sparrow surface-to-air version; for Flyvefisken missile boats/minehunters and modernized Niels Juel corvetets; incl production of components in Denmark as part of 'NSSMS' progamme,0.18,36.0,24.12
Denmark,United States,2003,245.0,JDAM,guided bomb,245.0,2005; 2006,New,For F-16 combat aircraft,0.02,4.9,4.9
Denmark,United States,2004,200.0,Paveway,guided bomb,200.0,2005; 2006,New,EGBU-12 (GBU-49) Enhanced Paveway-2 version; for F-16 combat aircraft,0.02,4.0,4.0
Denmark,United States,2002,274.0,JDAM,guided bomb,274.0,2004; 2005,New,For F-16 combat aircraft,0.02,5.48,5.48
Denmark,United States,2018,16.0,AIM-9X Sidewinder,long-range air-to-air missile,16.0,2020,New,For F-16 combat aircraft,0.18,2.88,2.88
Denmark,United States,2015,100.0,GBU-39 SDB,guided glide bomb,100.0,2016,New,For F-16 combat aircraft,0.02,2.0,2.0
Denmark,United States,2018,27.0,F-35A Lightning-2,fighter/ground-attack aircraft,21.0,2021; 2022; 2023; 2024; 2025,New,DKK16.4 b ($2.6 b) deal; incl production of components in Denmark; delivery planned 2021-2026,55.0,1485.0,1155.0
Denmark,United States,2002,175.0,ESSM Block-1,surface-to-air missile,175.0,2004; 2005; 2006; 2007; 2012; 2013; 2014; 2015; 2016,New,For Absalon (FSS) frigate/support ships and Huitfeldt (PS) frigates and possibly for Rasmussen patrol ships,0.4,70.0,70.0
Denmark,United States,2018,3.0,F135-100,turbofan,2.0,2022; 2024,New,Spare engines for F-35A combat aircraft,4.0,12.0,8.0
Denmark,United States,2006,3.0,AAQ-14 LANTIRN,aircraft electro-optical system,3.0,2008,New,Part of $20 m deal; LANTIRN-ER version,1.0,3.0,3.0
Denmark,United States,2015,50.0,JDAM,guided bomb,50.0,2016,New,For F-16 combat aircraft,0.02,1.0,1.0
Denmark,United States,2011,210.0,JDAM,guided bomb,210.0,2012,New,For F-16 combat aircraft,0.02,4.2,4.2
Denmark,United States,2013,50.0,F-100,turbofan,50.0,2015; 2016,Second hand,Probably second-hand; spare engines for F-16 combat aircraft,1.3,65.0,65.0
Denmark,United States,2016,150.0,JDAM,guided bomb,150.0,2017,New,For F-16 combat aircraft,0.02,3.0,3.0
Denmark,United States,2018,,ESSM Block-2,surface-to-air missile,6.0,2019,New,For frigates; incl production of components in Denmark,0.6,0.0,3.6
Denmark,United States,2025,4.0,MQ-9 Reaper,reconnaissance drone,,,New,MQ-9B SkyGuardian version; delivery planned 2028-2029,6.5,26.0,0.0
Denmark,United States,2025,16.0,F-35A Lightning-2,fighter/ground-attack aircraft,,,New,Selected but not yet ordered by end-2025,55.0,880.0,0.0
Denmark,United States,2025,3.0,MPQ-64 Sentinel,air-search radar,,,New,For 3 NASAMS-2 air-defence systems from Norway,5.0,15.0,0.0
Denmark,United States,2002,2.0,Mk-45 127mm,naval gun,2.0,2004; 2005,Second hand but modernized,Second-hand but modernized to Mk-45 Mod-4 before delivery; for 2 Absalon (FSS) frigates/support ships produced in Denmark; $30 m deal,3.47,6.93,6.93
Denmark,United States,2020,50.0,Mk-54 LWT,anti-submarine torpedo,38.0,2023; 2024; 2025,New,For MH-60R anti-submarine helicopters; delivery planned 2023-2026,0.5,25.0,19.0
Denmark,United States,2004,60.0,AIM-9X Sidewinder,long-range air-to-air missile,60.0,2006; 2007,New,For F-16 combat aircraft,0.18,10.8,10.8
Denmark,United States,1993,61.0,APG-66,combat aircraft radar,20.0,2000; 2001,New,For 'Mid-Life Update' (MLU) modernization of 61 F-16A combat aircraft to F-16AM (F-16C) version,1.5,91.5,30.0
Denmark,United States,2023,20.0,AIM-9X Sidewinder,long-range air-to-air missile,20.0,2025,New,For F-35A combat aircraft,0.18,3.6,3.6
Denmark,United States,2025,,ESSM Block-2,surface-to-air missile,,,New,DKK880 m ($133 m) deal; for frigates; incl production of components in Denmark,0.6,0.0,0.0
Denmark,United States,1999,13.0,AAQ-14 LANTIRN,aircraft electro-optical system,13.0,2001; 2002,New,For modernized F-16 combat aircraft,1.0,13.0,13.0
Denmark,United States,2002,3.0,APS-143(V),maritime patrol aircraft radar,3.0,2003; 2004,New,For 3 Challenger-604 MP aircraft from Canada,2.5,7.5,7.5
Denmark,United States,1996,12.0,M-270 MLRS,multiple rocket launcher,4.0,2001,New,$146 m deal,2.2,26.4,8.8
Denmark,United States,2006,3.0,Mk-41 VLS,naval surface-to-air missile system,3.0,2012; 2013; 2014,New,For 3 Huitfeldt frigates produced in Denmark,20.0,60.0,60.0
Denmark,United States,2025,3.0,TPY-4,air-search radar,,,New,Option on 1 more; selected 2025 but not yet ordered by end-2025,15.0,45.0,0.0
Djibouti,United States,2014,15.0,PKSV,armoured personnel carrier,15.0,2014,New,Aid,0.3,4.5,4.5
Djibouti,United States,2015,7.0,Cougar,armoured personnel carrier,7.0,2016,Second hand,Probably second-hand,0.14,0.98,0.98
Djibouti,United States,2024,2.0,Cessna-208 Caravan,light transport aircraft,,,New,Cessan-208B Grand Caravan EX version; probably aid; incl for surveillance,1.0,2.0,0.0
Djibouti,United States,2018,54.0,HMMWV-UA,armoured personnel carrier,54.0,2019,New,Aid,0.13,7.02,7.02
Djibouti,United States,2013,10.0,RG-33,armoured personnel carrier,10.0,2014,Second hand,Second-hand; aid; RG-33L version,0.08,0.8,0.8
Dominican Republic,United States,2025,1.0,Stan Patrol-2606,patrol boat,1.0,2025,New,Aid; Defiant (NCPV) version; designated Arcturus in Dominican Republic,4.25,4.25,4.25
Dominican Republic,United States,2022,2.0,Cessna-208 Caravan,light transport aircraft,2.0,2022; 2024,New,Aid; Cessna-208B Caravan-EX version,1.0,2.0,2.0
Dominican Republic,United States,2021,1.0,Citation-5,light transport aircraft,1.0,2022,Second hand,Second-hand; Citation-501 version,1.74,1.74,1.74
Dominican Republic,United States,2000,1.0,Balsam,cargo ship,1.0,2001,Second hand,Second-hand; aid,4.0,4.0,4.0
Dominican Republic,United States,2002,12.0,Bell-206,light helicopter,12.0,2003; 2004,Second hand,Second-hand; aid; OH-58C version,0.28,3.36,3.36
Dominican Republic,United States,2004,1.0,LCU-1610,landing craft,1.0,2004,Second hand,Second-hand; aid,3.0,3.0,3.0
Dominican Republic,United States,2002,2.0,Swiftships-35m,patrol boat,2.0,2003; 2004,New,Dominican designation Altair,6.0,12.0,12.0
Dominican Republic,United States,2017,1.0,Stan Patrol-2606,patrol boat,1.0,2020,New,Aid; Defiant (NCPV) version; Dominican designation Betelgeuse,4.25,4.25,4.25
Dominican Republic,United States,2000,4.0,R-22,light helicopter,4.0,2001; 2002,New,Mainly for border patrol against smuggling and illegal immigration from Haiti,0.13,0.52,0.52
Dominican Republic,United States,2000,2.0,R-44,light helicopter,2.0,2001; 2002,New,Mainly for border patrol against smuggling and illegal immigration from Haiti,0.25,0.5,0.5
Dominican Republic,United States,2003,4.0,Schweizer-330,light helicopter,4.0,2003; 2004,New,Schweizer-333 version; for training,0.45,1.8,1.8
Dominican Republic,United States,2015,1.0,P-2006T,light aircraft,1.0,2016,New,For anti-narcotics operations,0.25,0.25,0.25
Dominican Republic,United States,2014,5.0,Cessna-172,light/trainer aircraft,5.0,2015,New,Cessna-172S version,0.1,0.5,0.5
Dominican Republic,United States,2002,8.0,UH-1H Huey-2,helicopter,8.0,2004,New,Second-hand UH-1H rebuilt to Huey-2; aid,3.1,24.8,24.8
Dominican Republic,United States,2022,2.0,Bell-206,light helicopter,2.0,2023,Second hand,Second-hand; TH-67A (Bell-206B) version,0.28,0.56,0.56
Dominican Republic,United States,2022,6.0,UH-1H Huey-2,helicopter,6.0,2022; 2023,Second hand,Second-hand,1.24,7.44,7.44
DR Congo,United States,2018,2.0,Bell-206,light helicopter,2.0,2018,Second hand,Second-hand,0.28,0.56,0.56
DR Congo,United States,2009,2.0,Boeing-727,transport aircraft,2.0,2009,Second hand,Second-hand; $0.8 m deal,14.0,28.0,28.0
Ecuador,United States,2023,1.0,TPS-43,air-search radar,1.0,2025,Second hand but modernized,Second-hand but modernized to TIGAR version before delivery,5.94,5.94,5.94
Ecuador,United States,2003,4.0,aircraft engine,aircraft engine,4.0,2005,New,General Electric CT-7-9C3 (1750hp) turboprop engine for 1 CN-235MP maritime patrol and 1 CN-235 transport aircraft from Spain,0.5,2.0,2.0
Ecuador,United States,2022,1.0,Bell-430,light helicopter,1.0,2023,Second hand,Second-hand,1.28,1.28,1.28
Ecuador,United States,2001,3.0,MX-7,light aircraft,3.0,2002,New,,0.1,0.3,0.3
Ecuador,United States,2009,2.0,Bell-430,light helicopter,2.0,2010,Second hand,Second-hand,1.28,2.56,2.56
Ecuador,United States,2008,3.0,Cessna-U206,light aircraft,3.0,2009; 2010,New,,0.25,0.75,0.75
Ecuador,United States,2009,1.0,Mk-15 Phalanx,naval gun,1.0,2010,New,Possibly second-hand; for modernization of Alfaro (Leander) frigate,7.0,7.0,7.0
Ecuador,United States,2012,2.0,Bell-430,light helicopter,2.0,2014,Second hand,Second-hand,1.28,2.56,2.56
Ecuador,United States,2022,13.0,vehicle engine,vehicle engine,8.0,2024; 2025,New,Cummins ISB-4 (450hp) diesel engine for Mbombe-6 armoured personnel carriers from South Africa,0.08,1.04,0.64
Ecuador,United States,2021,1.0,Bell-407,light helicopter,1.0,2021,New,,1.3,1.3,1.3
Ecuador,United States,2024,2.0,Island,patrol boat,1.0,2025,Second hand,Second-hand; aid,3.68,7.36,3.68
Ecuador,United States,2023,1.0,C-130H Hercules,transport aircraft,1.0,2024,Second hand,Second-hand (Afghan aircraft escaped after fall of Afghan government 2021; returned to US ownership and transferred to Ecuador); aid,11.2,11.2,11.2
Ecuador,United States,2023,1.0,King Air,light transport aircraft,,,New,Aid; King Air-360ER version,2.85,2.85,0.0
Egypt,United States,1999,80.0,TFE-731,turbofan,80.0,2001; 2002; 2003; 2004; 2005,New,For 80 K-8E trainer aircraft from China,0.6,48.0,48.0
Egypt,United States,2004,50.0,Paveway,guided bomb,50.0,2005,New,Paveway-2 version,0.02,1.0,1.0
Egypt,United States,2000,15.0,AAQ-13 LANTIRN,combat aircraft radar,15.0,2001,New,Part $71 m deal; for F-16 combat aircraft,1.0,15.0,15.0
Egypt,United States,2000,15.0,AAQ-14 LANTIRN,aircraft electro-optical system,15.0,2001,New,Part of $71 m deal; AAQ-19 Sharpshooter version; for F-16 combat aircraft,1.0,15.0,15.0
Egypt,United States,2020,25.0,AH-64E Apache,combat helicopter,,,New,Egyptian AH-64D rebuilt to AH-64E,15.0,375.0,0.0
Egypt,United States,2019,22.0,Mamba-7,armoured personnel carrier,22.0,2020; 2021; 2022,New,,0.2,4.4,4.4
Egypt,United States,2001,6.0,SPS-48E LBR,air-search radar,6.0,2005; 2006,New,$143 m deal; SPS-48E version,15.0,90.0,90.0
Egypt,United States,2024,2.0,C-130J Hercules,transport aircraft,,,New,C-130J-30 version,40.0,80.0,0.0
Egypt,United States,2022,10.0,Swiftships-28m,patrol boat,3.0,2025,New,Assembled in Egypt,4.5,45.0,13.5
Egypt,United States,2023,3.0,Cyclone,patrol boat,3.0,2023,Second hand,Second-hand; aid,8.6,25.8,25.8
Egypt,United States,2017,31.0,M-88,armoured recovery vehicle,31.0,2018; 2019,Second hand,Second-hand; aid; M-88A1 version,0.6,18.6,18.6
Egypt,United States,1999,40.0,M-48 Chaparral,mobile surface-to-air missile system,40.0,2000,Second hand,Second-hand,0.4,16.0,16.0
Egypt,United States,2023,7.0,Swiftships-28m,patrol boat,,,New,Assembled in Egypt,4.5,31.5,0.0
Egypt,United States,2001,100.0,M-1A1 Abrams,tank,100.0,2004; 2005,New,$590 m 'FMF' aid; produced under licence in Egypt,4.0,400.0,400.0
Egypt,United States,2010,10.0,AH-64D Apache Longbow,combat helicopter,10.0,2014,New,,15.5,155.0,155.0
Egypt,United States,2001,22.0,SM-1MR,surface-to-air missile,22.0,2001,Second hand,Second-hand; aid,0.1,2.2,2.2
Egypt,United States,1996,21.0,F-16C,fighter/ground-attack aircraft,17.0,2000,New,'Peace Vector-5' deal; aid,28.5,598.5,484.5
Egypt,United States,1999,24.0,F-16C,fighter/ground-attack aircraft,24.0,2001; 2002,New,$1.2 b 'Peace Vector-6' (incl $100 m for engines); F-16C Block-40 version (incl 12 F-16D trainer/combat version),28.5,684.0,684.0
Egypt,United States,2001,26.0,M-270 MLRS,multiple rocket launcher,26.0,2003; 2004; 2005,New,Part of $354 m deal; 'FMF' aid,2.2,57.2,57.2
Egypt,United States,2001,1.0,E-2C Hawkeye,airborne early-warning aircraft,1.0,2003,Second hand but modernized,Second-hand; $25 m aid; modernized to Hawkeye-2000 before delivery,48.61,48.61,48.61
Egypt,United States,2001,30.0,M-113,armoured personnel carrier,30.0,2001; 2002,New,Part of $354 m deal; M-577A2 CP version; 'FMF' aid,0.25,7.5,7.5
Egypt,United States,2008,2028.0,BGM-71 TOW,anti-tank missile,2028.0,2008,New,TOW-2A version,0.01,20.28,20.28
Egypt,United States,2009,164.0,Stinger,portable surface-to-air missile,164.0,2012,New,,0.08,13.12,13.12
Egypt,United States,2008,1.0,E-2C Hawkeye,airborne early-warning aircraft,1.0,2010,New,Second-hand; $38 m deal; modernized to Hawkeye-2000 before delivery,73.65,73.65,73.65
Egypt,United States,2004,40.0,TFE-731,turbofan,40.0,2007; 2008; 2009; 2010,New,,0.6,24.0,24.0
Egypt,United States,2010,2.0,LFATS,anti-submarine sonar,2.0,2013,New,$25 m deal; for modernization of frigates,7.5,15.0,15.0
Egypt,United States,2009,6928.0,BGM-71 TOW,anti-tank missile,6928.0,2009; 2010; 2011; 2012,New,$319 m deal; TOW-2A version,0.01,69.28,69.28
Egypt,United States,2010,1.0,DB-110,aircraft reconnaissance system,1.0,2013,New,$11 m deal; for use on F-16C Block-52 combat aircraft,4.0,4.0,4.0
Egypt,United States,2011,12.0,AAQ-33 Sniper ATP,aircraft electro-optical system,12.0,2013; 2015,New,For F-16C Block-50 combat aircraft,1.0,12.0,12.0
Egypt,United States,2011,2.0,Beech-1900 SIGINT,signals intelligence aircraft,2.0,2012,New,$24 m deal; second-hand transport aircraft rebuilt to SIGINT aircraft,12.5,25.0,25.0
Egypt,United States,2001,3.0,M-88A2 HERCULES,armoured recovery vehicle,3.0,2002,New,Part of $354 m 'FMF' aid; assembled from kits in Egypt,2.0,6.0,6.0
Egypt,United States,1998,50.0,M-88A2 HERCULES,armoured recovery vehicle,50.0,2000; 2001; 2002,New,$198 m deal; assembled from kits in Egypt,2.0,100.0,100.0
Egypt,United States,2001,13.0,M-88A2 HERCULES,armoured recovery vehicle,13.0,2003; 2004,New,$73 m deal; assembled from kits in Egypt,2.0,26.0,26.0
Egypt,United States,2004,3.0,C-130H Hercules,transport aircraft,3.0,2004,Second hand,Second-hand and/or Italian aircraft sold back to US producer and sold to Egypt; $31 m deal,11.2,33.6,33.6
Egypt,United States,2015,12.0,MaxxPro,armoured personnel carrier,12.0,2016,Second hand,Second-hand; aid; ARV version,0.13,1.54,1.54
Egypt,United States,2011,125.0,M-1A1 Abrams,tank,125.0,2015; 2016; 2017; 2018; 2019; 2020,New,Produced under licence in Egypt,4.0,500.0,500.0
Egypt,United States,2010,20.0,F-16C Block-50,fighter/ground-attack aircraft,20.0,2013; 2015,New,Part of 'Peace Vector-7' deal; F-16C Block-52 version (incl 4 F-16D version),31.0,620.0,620.0
Egypt,United States,2016,20.0,Harpoon Block-2,anti-ship/land-attack missile,20.0,2021; 2022,New,UGM-84L version,1.0,20.0,20.0
Egypt,United States,2005,2.0,Osprey,minehunter,2.0,2007,Second hand,Second-hand; lease,21.7,43.41,43.41
Egypt,United States,2004,12.0,M-270 MLRS,multiple rocket launcher,12.0,2005,New,,2.2,26.4,26.4
Egypt,United States,2004,21.0,M-88A2 HERCULES,armoured recovery vehicle,21.0,2007,New,Produced under licence in Egypt,2.0,42.0,42.0
Egypt,United States,2000,35.0,AH-64D Apache,combat helicopter,35.0,2003; 2004; 2005; 2006,New,Egyptian AH-64A rebuilt to AH-64D,14.0,490.0,490.0
Egypt,United States,1999,5.0,TPS-59,air-search radar,5.0,2002; 2003,New,$59 m deal; Egyptian AN/TPS-59M/34 rebuilt to AN/TPS-59(V)3,15.0,75.0,75.0
Egypt,United States,1999,100.0,M-1A1 Abrams,tank,100.0,2002; 2003,New,$564 m 'FMF' aid; produced under licence in Egypt,4.0,400.0,400.0
Egypt,United States,2003,125.0,M-1A1 Abrams,tank,125.0,2005; 2006; 2007; 2008,New,'FMF' aid; produced under licence in Egypt,4.0,500.0,500.0
Egypt,United States,2019,4.0,LM-2500,gas turbine,3.0,2022; 2023,New,For 4 MEKO-A200 frigates from Germany,7.0,28.0,21.0
Egypt,United States,2017,8.0,MPQ-64 Sentinel,air-search radar,8.0,2019; 2020; 2021,New,$44 m deal,5.0,40.0,40.0
Egypt,United States,1999,24.0,SP-122 122mm,self-propelled gun,24.0,2000,New,$27 m deal; designed for production under licence in Egypt (with Egyptian gun),1.0,24.0,24.0
Egypt,United States,2006,600.0,Stinger,portable surface-to-air missile,600.0,2007; 2008,New,For Avenger SAM systems; FIM-92C version,0.08,48.0,48.0
Egypt,United States,2015,356.0,AGM-114 Hellfire-2,anti-tank/air-to-surface missile,356.0,2016; 2017,New,,0.05,17.8,17.8
Egypt,United States,2015,1.0,LM-2500,gas turbine,1.0,2015,New,For FREMM frigate from France; from Italian production line,7.0,7.0,7.0
Egypt,United States,2005,139.0,RIM-116A RAM,surface-to-air missile,139.0,2013; 2015,New,Part of $25 m deal; for Ambassador-4 corvettes; RIM-116B Block-1A version,0.14,19.46,19.46
Egypt,United States,2016,31.0,AAQ-14 LANTIRN,aircraft electro-optical system,31.0,2018,Second hand,Second-hand; aid,0.4,12.4,12.4
Egypt,United States,2005,200.0,M-109A5 155mm,self-propelled gun,200.0,2005; 2006; 2007; 2008,Second hand,Second-hand (possibly modernized before delivery); $181 m deal,0.5,100.0,100.0
Egypt,United States,2010,1.0,Ambassador-4,corvette,1.0,2015,New,$165 m deal,76.5,76.5,76.5
Egypt,United States,2006,25.0,Avenger,mobile surface-to-air missile system,25.0,2008,New,$50 m deal,0.63,15.75,15.75
Egypt,United States,2008,125.0,M-1A1 Abrams,tank,125.0,2010; 2011; 2012; 2013,New,Produced under licence in Egypt,4.0,500.0,500.0
Egypt,United States,2016,690.0,RG-33,armoured personnel carrier,690.0,2019; 2020; 2021; 2022; 2023,Second hand,Second-hand; aid,0.08,55.2,55.2
Egypt,United States,2017,68.0,Caiman,armoured personnel carrier,68.0,2018,Second hand,Second-hand; aid,0.1,6.8,6.8
Egypt,United States,2015,349.0,RG-33,armoured personnel carrier,349.0,2016,Second hand,Second-hand; aid; incl 89 RG-33L ambulance version,0.08,27.92,27.92
Egypt,United States,2019,46.0,Caiman,armoured personnel carrier,46.0,2019,Second hand,Second-hand; aid,0.1,4.6,4.6
Egypt,United States,2015,703.0,Caiman,armoured personnel carrier,703.0,2016; 2017; 2018; 2019; 2020,Second hand,Second-hand; aid,0.1,70.3,70.3
Egypt,United States,2021,168.0,RIM-116C RAM Block-2B,surface-to-air missile,168.0,2023; 2024; 2025,New,,0.25,42.0,42.0
Egypt,United States,2022,6.0,Swiftships-28m,patrol boat,6.0,2023; 2024,New,$22 m deal; assembled in Egypt,4.5,27.0,27.0
Egypt,United States,2001,254.0,M-113,armoured personnel carrier,254.0,2003; 2005; 2006,Second hand,Second-hand; aid; M-113A2 version; incl 15 M-577A2 command post version and 7 M-981 artillery command post version,0.1,25.4,25.4
Egypt,United States,2000,25.0,Avenger,mobile surface-to-air missile system,25.0,2001,New,$25 m deal,0.63,15.75,15.75
Egypt,United States,2003,414.0,AIM-9M Sidewinder,short-range air-to-air missile,414.0,2005; 2006,New,$38 m deal; AIM-9M-2 version,0.12,49.68,49.68
Egypt,United States,2003,100.0,HMMWV-UA,armoured personnel carrier,100.0,2004,New,Part of $109 m deal; M-1114 version,0.13,13.0,13.0
Egypt,United States,1984,5000.0,AIM-9J Sidewinder,short-range air-to-air missile,300.0,2000,New,AIM-9P3 and AIM-9P4 versions; assembled from kits in Egypt,0.09,450.0,27.0
Egypt,United States,2020,2.0,LM-2500,gas turbine,2.0,2020; 2021,New,For 2 FREMM frigates from Italy; from Italian production line,7.0,14.0,14.0
Egypt,United States,2013,23.0,M-88,armoured recovery vehicle,23.0,2015; 2018,Second hand,Second-hand; aid; M-88A1 version,0.6,13.8,13.8
Egypt,United States,2000,60.0,M-48 Chaparral,mobile surface-to-air missile system,60.0,2000,Second hand,Second-hand; $7 m deal,0.4,24.0,24.0
Egypt,United States,2014,200.0,MIM-72C Chaparral,surface-to-air missile,200.0,2014,Second hand,Second-hand; aid; MIM-72E version,0.04,8.8,8.8
Egypt,United States,1999,1072.0,MIM-72C Chaparral,surface-to-air missile,1072.0,2000,New,Second-hand; MIM-72E version; aid,0.11,117.92,117.92
Egypt,United States,2004,500.0,MIM-23B I-Hawk,surface-to-air missile,500.0,2005; 2006,Second hand,Second-hand,0.07,34.0,34.0
Egypt,United States,2022,12.0,CH-47F Chinook,transport helicopter,,,New,Delivery planned from 2026,20.0,240.0,0.0
Egypt,United States,2022,,MBSS-1300,ground surveillance radar,,,New,$94 m deal; delivery planned by 2027,0.0,0.0,0.0
Egypt,United States,1998,42.0,Harpoon Block-1,anti-ship missile,42.0,2000; 2001; 2002,New,,0.9,37.8,37.8
Egypt,United States,1997,32.0,Harpoon Block-1,anti-ship missile,32.0,2000; 2001,New,$51 m deal; AGM-84 version for F-16 combat aircraft,0.9,28.8,28.8
Egypt,United States,1999,5.0,APS-145,airborne early-warning radar,5.0,2005; 2006; 2007; 2008,New,Part of $138 m deal (not incl $36 m for installation); for modernization of 5 E-2C AEW&C aircraft to Hawkeye-2000,16.0,80.0,80.0
Egypt,United States,2000,6.0,TPQ-36 Firefinder,artillery locating radar,6.0,2002; 2003,New,$27 m deal (part of $50 m deal); AN/TPQ-36(V)9 version,3.0,18.0,18.0
Egypt,United States,2000,34.0,M-60A3,tank,34.0,2001; 2002,Second hand,Second-hand; aid,0.84,28.56,28.56
Egypt,United States,2000,600.0,Stinger,portable surface-to-air missile,600.0,2001,New,For Avenger SAM systems; FIM-92C version,0.08,48.0,48.0
Egypt,United States,2006,3.0,Ambassador-4,corvette,3.0,2013; 2015,New,$1 b 'FMF' aid,76.5,229.5,229.5
Egypt,United States,2001,4.0,Mk-15 Phalanx,naval gun,4.0,2004; 2005; 2006,Second hand but modernized,Second-hand but modernized to Phalanx Block-1B before delivery; $32 m deal,4.62,18.48,18.48
Egypt,United States,2016,4.0,Swiftships-28m,patrol boat,4.0,2017; 2018,New,Assembled in Egypt,4.5,18.0,18.0
Egypt,United States,2014,6.0,Swiftships-28m,patrol boat,6.0,2016; 2017,New,Produced under licence in Egypt,4.5,27.0,27.0
Egypt,United States,2008,6.0,Swiftships-28m,patrol boat,6.0,2010; 2014,New,Incl 4 assembled in Egypt,4.5,27.0,27.0
Egypt,United States,2016,11.0,Swiftships-28m,patrol boat,11.0,2018; 2019; 2020; 2021; 2022,New,Assembled in Egypt,4.5,49.5,49.5
Egypt,United States,1996,2372.0,BGM-71 TOW,anti-tank missile,872.0,2000; 2001,New,$59 m deal; BGM-71E TOW-2A version,0.01,23.72,8.72
Egypt,United States,1996,180.0,MIM-23B I-Hawk,surface-to-air missile,90.0,2000; 2001,Second hand,Second-hand,0.07,12.24,6.12
Egypt,United States,1996,8.0,I-HAWK,surface-to-air missile system,5.0,2000; 2001,Second hand but modernized,Second-hand; $206 m deal; modernized before delivery,23.1,184.8,115.5
Egypt,United States,2003,25.0,Harpoon Block-2,anti-ship/land-attack missile,25.0,2013; 2015,New,RGM-84L-4 version; land-attack capability removed before delivery after Israeli pressure; for Ambassador-4 FAC,1.0,25.0,25.0
Egypt,United States,2003,201.0,M-109A1 155mm,self-propelled gun,201.0,2004; 2005,Second hand,Second-hand; $44 m deal; M-109A2 and M-109A3 versions,0.44,88.44,88.44
El Salvador,United States,2017,1.0,Baron,light aircraft,1.0,2017,New,Aid; Beech G-58 version,0.7,0.7,0.7
El Salvador,United States,2019,12.0,M-198 155mm,towed gun,12.0,2020,Second hand,Second-hand; aid,0.34,4.08,4.08
El Salvador,United States,2001,5.0,Bell-412,helicopter,5.0,2002; 2003,New,From Canadian production line; Bell-412EP version,5.0,25.0,25.0
El Salvador,United States,2021,1.0,Model-300,light helicopter,1.0,2022,New,Schweizer-300C version; for training,0.2,0.2,0.2
El Salvador,United States,2018,1.0,UH-1H Huey-2,helicopter,1.0,2022,New,Salvadoran UH-1H rebuilt to Huey-2,3.1,3.1,3.1
El Salvador,United States,2009,75.0,HMMWV-UA,armoured personnel carrier,75.0,2009; 2010; 2011; 2012; 2013; 2014,New,Possibly second-hand; aid,0.13,9.75,9.75
El Salvador,United States,2011,3.0,MD-500E,light helicopter,3.0,2012,New,$7.3 m deal (part of $9.7 m aid),0.7,2.1,2.1
El Salvador,United States,2017,1.0,Stan Patrol-2606,patrol boat,1.0,2021,New,Aid; Defiant (NCPV) version,4.25,4.25,4.25
El Salvador,United States,2022,2.0,SR-22,light aircraft,2.0,2022,New,For training,0.2,0.4,0.4
El Salvador,United States,2017,4.0,MD-500E,light helicopter,4.0,2022,New,Aid; MD-530F version,0.7,2.8,2.8
El Salvador,United States,2024,1.0,Model-300,light helicopter,1.0,2024,New,Schweizer-300C version; for training and SAR,0.2,0.2,0.2
El Salvador,United States,2021,1.0,Cessna-208 Caravan,light transport aircraft,1.0,2023,New,Cessna-208B version,1.0,1.0,1.0
El Salvador,United States,2025,4.0,Bell-212,helicopter,2.0,2025,Second hand,Aid; second-hand; for use in UN security mission in Haiti,1.48,5.92,2.96
El Salvador,United States,2002,1.0,Balsam,cargo ship,1.0,2002,Second hand,Second-hand; Salvadorian designation Arce; for use as depot ship for patrol craft,4.0,4.0,4.0
Equatorial Guinea,United States,2007,2.0,Enstrom-480,light helicopter,2.0,2007,New,TH-480B Guardian version,0.4,0.8,0.8
Equatorial Guinea,United States,2008,2.0,ship engine,ship engine,2.0,2009,New,Caterpillar-3516B (2290hp) diesel engine; for 1 Salamandra (Osa) landing ship from China,0.25,0.5,0.5
Equatorial Guinea,United States,2012,4.0,ship engine,ship engine,4.0,2014,New,C-280 (6250hp) diesel engine for Wele Nzas frigate from Ukraine,2.5,10.0,10.0
Estonia,United States,2022,18.0,ATACMS Block-1A,surface-to-surface missile,18.0,2025,New,For HIMARS multiple rocket launchers,2.0,36.0,36.0
Estonia,United States,2014,240.0,FGM-148 Javelin,anti-tank missile,240.0,2015; 2016; 2017,New,Aid,0.03,7.2,7.2
Estonia,United States,2001,4.0,R-44,light helicopter,4.0,2002,New,$2 m aid; incl 2 Clipper-1 and 2 Raven-1 version,0.25,1.0,1.0
Estonia,United States,2019,128.0,FGM-148 Javelin,anti-tank missile,128.0,2020,New,Aid,0.03,3.84,3.84
Estonia,United States,2019,9.0,M-ATV,armoured personnel carrier,9.0,2021,New,For Spike-NLOS SSM/anti-ship system,0.25,2.25,2.25
Estonia,United States,2017,2.0,M-28 Skytruck,light transport aircraft,2.0,2019,Second hand,Second-hand; aid,1.1,2.2,2.2
Estonia,United States,2022,6.0,HIMARS,multiple rocket launcher,6.0,2025,New,$200 m 'FMF' aid,2.2,13.2,13.2
Estonia,United States,2022,864.0,GMLRS,guided rocket,864.0,2025,New,For HIMARS MRL,0.08,69.12,69.12
Estonia,United States,2025,6.0,HIMARS,multiple rocket launcher,,,New,Selected but not yet ordered by end-2025,2.2,13.2,0.0
Estonia,United States,2001,1.0,TPS-77,air-search radar,1.0,2003,New,$12 m deal (part of $30 m deal); for 'BALTNET' air surveillance network,11.0,11.0,11.0
Estonia,United States,2024,800.0,FGM-148 Javelin,anti-tank missile,,,New,,0.03,24.0,0.0
Ethiopia,United States,2017,1.0,C-130E Hercules,transport aircraft,1.0,2018,Second hand,Second-hand; aid,9.6,9.6,9.6
Ethiopia,United States,2013,1.0,C-130E Hercules,transport aircraft,1.0,2014,Second hand,Second-hand; aid,9.6,9.6,9.6
Finland,United States,2024,5500.0,M-1156 PGK,guided shell,,,New,,0.03,165.0,0.0
Finland,United States,2021,64.0,F-35A Lightning-2,fighter/ground-attack aircraft,,,New,EUR8.4 b 'HX-RFP' programme (incl EUR4.7 b for aircraft; EUR2.9 b for spare parts and support until 2030 and EUR755 m for missiles; incl production of components in Finland); F-35A Block-4 version; delivery planned from 2026,55.0,3520.0,0.0
Finland,United States,2024,200.0,AGM-158B JASSM-ER,air-to-surface missile,,,New,AGM-158B-2 version; for F-35A combat aircraft,1.3,260.0,0.0
Finland,United States,2023,41.0,M-270 MLRS,multiple rocket launcher,,,New,EUR450 m deal; Finnish M-270B1 rebuilt to M-270A2 version,2.2,90.2,0.0
Finland,United States,2022,210.0,GMLRS,guided rocket,,,New,EUR70 m deal; ER-GMLRS version; for MLRS MRL; delivery planned from 2025,0.08,16.8,0.0
Finland,United States,2023,2400.0,GMLRS,guided rocket,,,New,For MRLS multiple rocket launchers,0.08,192.0,0.0
Finland,United States,2012,50.0,AGM-158A JASSM,air-to-surface missile,50.0,2018; 2019; 2020,New,EUR179 m deal; for F/A-18 combat aircraft,0.64,32.0,32.0
Finland,United States,2016,228.0,GMLRS,guided rocket,228.0,2017; 2019,New,,0.08,18.24,18.24
Finland,United States,2022,,ESSM Block-2,surface-to-air missile,,,New,For 4 Pohjanmaa frigates,0.6,0.0,0.0
Finland,United States,2014,200.0,Stinger,portable surface-to-air missile,200.0,2014; 2015; 2016; 2017,New,EUR90 m deal; second-hand but rebuilt to Stinger RMP Block-1 version before delivery,0.08,16.0,16.0
Finland,United States,1992,64.0,F/A-18C Hornet,fighter/ground-attack aircraft,10.0,2000,New,$3 b deal (offsets 100% incl assembly/production of 57 in Finland); incl 7 F/A-18D; Finnish designation F-18C/D,37.5,2400.0,375.0
Finland,United States,2009,12.0,MPQ-64 Sentinel,air-search radar,12.0,2013; 2014; 2015,New,MPQ-64F2 version for12  NASAMS-2 air-defence systems from Norway,5.0,60.0,60.0
Finland,United States,2009,96.0,JDAM,guided bomb,96.0,2011,New,,0.02,1.92,1.92
Finland,United States,2017,48.0,GMLRS,guided rocket,48.0,2020,New,,0.08,3.84,3.84
Finland,United States,2010,1.0,Dragon Shield,signals intelligence system,1.0,2018,New,$100 m deal (incl production of components in Finland); for modification of 1 C295 transport aircraft to SIGINT aircraft,25.0,25.0,25.0
Finland,United States,2020,4.0,LM-2500,gas turbine,,,New,For 4 Pohjanmaa frigates produced in Finland,7.0,28.0,0.0
Finland,United States,2019,4.0,Mk-41 VLS,naval surface-to-air missile system,,,New,For 4 Pohjanmaa frigates produced in Finland,20.0,80.0,0.0
Finland,United States,2015,26.0,JDAM,guided bomb,26.0,2016; 2017,New,,0.02,0.52,0.52
Finland,United States,2009,111.0,AGM-154 JSOW,guided glide bomb,111.0,2010; 2016,New,AGM-154C version,0.1,11.1,11.1
Finland,United States,2005,150.0,AIM-9X Sidewinder,long-range air-to-air missile,150.0,2008; 2009; 2010,New,,0.18,27.0,27.0
Finland,United States,1992,480.0,AIM-9M Sidewinder,short-range air-to-air missile,30.0,2000,New,For F/A-18 combat aircraft,0.12,57.6,3.6
Finland,United States,2025,405.0,AIM-120D AMRAAM,long-range air-to-air missile,,,New,For F-35A combat aircraft,0.8,324.0,0.0
Finland,United States,2024,150.0,AGM-88G AARGM-ER,anti-radar missile,,,New,For F-35A combat aircraft,0.0,0.0,0.0
Finland,United States,2023,500.0,GBU-53/B StormBreaker,guided glide bomb,,,New,For F-35A combat aircraft,0.0,0.0,0.0
Finland,United States,2021,190.0,AIM-9X Sidewinder,long-range air-to-air missile,,,New,Part of EUR755 m deal; for F-35A combat aircraft,0.18,34.2,0.0
Finland,United States,1992,8.0,F-404,turbofan,2.0,2000,New,Spares for F/A-18 combat aircraft,2.2,17.6,4.4
Finland,United States,1992,445.0,AIM-120A AMRAAM,long-range air-to-air missile,221.0,2000; 2002,New,For F/A-18C combat aircraft,0.4,178.0,88.4
Finland,United States,2008,300.0,AIM-120C AMRAAM,long-range air-to-air missile,300.0,2012; 2013; 2014; 2015; 2016; 2019; 2020,New,$435 m deal; AIM-120C-7 version,0.6,180.0,180.0
France,United States,1999,5000.0,Paveway,guided bomb,5000.0,2000; 2001,New,$100 m deal; Paveway-2 and Paveway-3 version,0.02,100.0,100.0
France,United States,1996,14.0,aircraft engine,aircraft engine,4.0,2000,New,General Electric CT-7-9C3 (1750hp) turboprop for 7 CN-235 transport aircraft from Spain,0.5,7.0,2.0
France,United States,2002,6.0,aircraft engine,aircraft engine,6.0,2003,New,General Electric CT-7-9C3 (1750hp) turboprop for 3 CN-235 transport aircraft from Spain,0.5,3.0,3.0
France,United States,2001,4.0,aircraft engine,aircraft engine,4.0,2002,New,General Electric CT-7-9C3 (1750hp) turboprop for 2 CN-235 transport aircraft from Spain,0.5,2.0,2.0
France,United States,2020,3.0,E-2D Advanced Hawkeye,airborne early-warning aircraft,,,New,For use on aircraft carrier; delivery planned 2027-2030,105.0,315.0,0.0
France,United States,2023,1515.0,AGM-114 Hellfire-2,anti-tank/air-to-surface missile,750.0,2025,New,AGM-114R2 version,0.05,75.75,37.5
France,United States,2021,2.0,MQ-9 Reaper,armed drone,2.0,2025,New,MQ-9 Block-5 version,7.5,15.0,15.0
France,United States,1996,500.0,vehicle engine,vehicle engine,350.0,2000; 2001; 2002; 2003,New,Mack E-9 (750hp) diesel engine for modernization of 500 AMX-30B2 tanks; AMX-30CET engineer vehicles and GCT self-propelled guns,0.11,55.0,38.5
France,United States,2016,2.0,C-130J Hercules,transport aircraft,2.0,2017; 2018,New,$133 m deal; C-130J-30 version,40.0,80.0,80.0
France,United States,2016,2.0,KC-130J Hercules,tanker/transport aircraft,2.0,2019; 2020,New,,45.0,90.0,90.0
France,United States,2007,1020.0,GMLRS,guided rocket,1020.0,2010; 2011; 2012; 2013; 2014,New,Incl production of components in France; 12.5% of development financed by France; for use with MLRS MRL,0.08,81.6,81.6
France,United States,2008,5.0,Cougar,armoured personnel carrier,5.0,2008,New,$3.5 m deal; Buffalo version,0.35,1.75,1.75
France,United States,2010,260.0,FGM-148 Javelin,anti-tank missile,260.0,2010,New,$70 m deal (incl 76 launchers); for use in Afghanistan,0.03,7.8,7.8
France,United States,2010,16.0,aircraft engine,aircraft engine,16.0,2011; 2012; 2013,New,General Electric CT-7-9C3 (1750hp) turboprop for 8 CN-235 transport aircraft from Spain,0.5,8.0,8.0
France,United States,2004,200.0,Paveway,guided bomb,200.0,2005; 2006,New,GBU-49 Enhanced Paveway-2 version,0.02,4.0,4.0
France,United States,2012,21.0,SR-20,light aircraft,21.0,2012,New,Owned and operated by civilian company for French armed forces,0.12,2.52,2.52
France,United States,2005,8.0,LM-2500,gas turbine,8.0,2012; 2015; 2016; 2017; 2018; 2019; 2021; 2022,New,For 8 Aquitaine (FREMM) frigates produced in France; from Italian production line,7.0,56.0,56.0
France,United States,2012,13.0,SR-22,light aircraft,13.0,2012; 2013; 2015; 2016; 2017,New,Owned and operated by civilian company for training of French armed forces,0.2,2.6,2.6
France,United States,2003,2.0,A-4M Skyhawk-2,fighter/ground-attack aircraft,2.0,2003; 2004,Second hand,Second-hand; leased by civilian company target towing for French navy; A-4N version,4.0,8.0,8.0
France,United States,2013,6.0,MQ-9 Reaper,reconnaissance drone,6.0,2013; 2015; 2016; 2017,New,$600 m deal; MQ-9 Block-1 version (to be modified to armed version 2019-2020),6.5,39.0,39.0
France,United States,1999,1.0,E-2C Hawkeye,airborne early-warning aircraft,1.0,2004,New,Part of $894 m deal ($440 m offsets incl French production of components),73.65,73.65,73.65
France,United States,2016,276.0,GMLRS,guided rocket,276.0,2017; 2018,New,,0.08,22.08,22.08
France,United States,2008,1000.0,Paveway,guided bomb,1000.0,2010; 2011; 2012; 2013; 2014; 2015,New,$22 m deal; Paveway-2 and Enhanced Paveway-2 versions,0.02,20.0,20.0
France,United States,2023,1.0,Saab-340,transport aircraft,1.0,2024,Second hand,Second-hand; lease; for modification to signals intelligence aircraft,2.8,2.8,2.8
France,United States,2019,50.0,AGM-114 Hellfire-2,anti-tank/air-to-surface missile,50.0,2022,New,For MQ-9 armed UAV,0.05,2.5,2.5
France,United States,2007,214.0,AGM-114 Hellfire-2,anti-tank/air-to-surface missile,214.0,2011; 2012; 2013,New,AGM-114K1A and AGM-114N1A versions; for Tiger combat helicopter,0.05,10.7,10.7
France,United States,2020,1.0,MQ-9 Reaper,reconnaissance drone,1.0,2020,Second hand,Probably second-hand; lease; MQ-9 Block-1 version,2.6,2.6,2.6
France,United States,2015,200.0,AGM-114 Hellfire-2,anti-tank/air-to-surface missile,200.0,2016,New,AGM-114K1 version; for Tiger combat helicopter,0.05,10.0,10.0
France,United States,2016,3.0,King Air,light transport aircraft,2.0,2020,New,King Air-350 version; modified in France to King Air-350ASLR VADOR SIGINT/reconnaissance aircraft; delivery planned by 2026,2.85,8.55,5.7
France,United States,2015,6.0,MQ-9 Reaper,armed drone,6.0,2020,New,$151 m deal; MQ-9 Block-5 version,7.5,45.0,45.0
France,United States,2016,4.0,aircraft engine,aircraft engine,4.0,2017; 2018; 2019; 2020,New,Allison AE-2100D3 (5000hp) turboprop; spares for C-130J transport aircraft and KC-130J tanker/transport aircraft,1.5,6.0,6.0
France,United States,2000,4.0,LM-2500,gas turbine,4.0,2010,New,For 2 Horizon (Forbin) destroyers produced in France; from Italian production line,7.0,28.0,28.0
Georgia,United States,2017,410.0,FGM-148 Javelin,anti-tank missile,410.0,2018; 2019,New,,0.03,12.3,12.3
Georgia,United States,1999,6.0,Bell-205A-1,helicopter,6.0,2001,Second hand,Second-hand; aid; 4 more for spares only; in exchange for help in 'War on Terrorism',1.05,6.29,6.29
Georgia,United States,2008,70.0,vehicle engine,vehicle engine,70.0,2008; 2009,New,Cummins ISC-350 (402-450hp) diesel engine for 70 Ejder armoured personnel carriers from Turkiye,0.08,5.6,5.6
Georgia,United States,2014,10.0,Cougar,armoured personnel carrier,10.0,2014,Second hand,Second-hand; aid,0.14,1.4,1.4
Georgia,United States,2015,2.0,Island,patrol boat,2.0,2017,Second hand,Second-hand but possibly modernized before delivery; aid,3.68,7.36,7.36
Georgia,United States,2022,82.0,FGM-148 Javelin,anti-tank missile,82.0,2022,New,USD26 m deal,0.03,2.46,2.46
Germany,United States,2025,2.0,Patriot Configuration-3,surface-to-air missile system,,,New,,55.0,110.0,0.0
Germany,United States,2025,8.0,SPY-6 AMDR,air-search radar,,,New,SPY-6(V)1 version; for 8 F-127 frigates produced in Germany; selected 2025 but not yet ordered by end-2025,0.0,0.0,0.0
Germany,United States,2002,175.0,ESSM Block-1,surface-to-air missile,175.0,2004; 2005; 2006; 2007; 2008; 2009; 2010; 2011; 2012; 2013,New,For Sachsen (F-124/Type-124) frigates; incl production of components in Germany,0.4,70.0,70.0
Germany,United States,2020,2290.0,JDAM,guided bomb,2290.0,2021; 2022; 2023; 2024; 2025,New,EUR213 m deal; GBU-54 LJDAM version; incl production of components in Germany; delivery planned 2021-2025,0.02,45.8,45.8
Germany,United States,2021,5.0,P-8A Poseidon,anti-submarine aircraft,2.0,2025,New,EUR1.4 b deal,125.0,625.0,250.0
Germany,United States,2023,750.0,ESSM Block-2,surface-to-air missile,,,New,For Sachsen (F-124/Type-124) and Type-126 frigates; incl production of components in Germany,0.6,450.0,0.0
Germany,United States,2024,36.0,Mk-54 LWT,anti-submarine torpedo,10.0,2025,New,Mk-54 Mod-0 version; for P-8 anti-submarine aircraft,0.5,18.0,5.0
Germany,United States,2022,105.0,AIM-120D AMRAAM,long-range air-to-air missile,,,New,For F-35A combat aircraft; AIM-120C-8 version,0.8,84.0,0.0
Germany,United States,2003,18.0,HELRAS,anti-submarine sonar,18.0,2020; 2021; 2022; 2023,New,For 18 NH-90 ASW helicopters produced in FRG,2.0,36.0,36.0
Germany,United States,2022,105.0,AIM-9X Sidewinder,long-range air-to-air missile,,,New,For F-35A combat aircraft,0.18,18.9,0.0
Germany,United States,2022,35.0,F-35A Lightning-2,fighter/ground-attack aircraft,,,New,EUR10 b deal; F-35A Block-4 version; incl for use with US nuclear bombs (under US control); incl production of components in Germany; delivery planned 2026-2029,55.0,1925.0,0.0
Germany,United States,2019,3.0,C-130J Hercules,transport aircraft,3.0,2021; 2022,New,C-130J-30 version,40.0,120.0,120.0
Germany,United States,2023,500.0,MIM-104 PAC-2,surface-to-air missile,,,New,EUR3 b deal; Patriot GEM-T version; for Patriot air-defence systems; produced under licence in Germany,1.0,500.0,0.0
Germany,United States,2024,8.0,Patriot Configuration-3,surface-to-air missile system,,,New,EUR2.8 b deal; Patriot-3+ version; delivery planned by 2029,55.0,440.0,0.0
Germany,United States,2019,3.0,KC-130J Hercules,tanker/transport aircraft,3.0,2024,New,,45.0,135.0,135.0
Germany,United States,2019,4.0,aircraft engine,aircraft engine,4.0,2022; 2024,New,Allison AE-2100D3 (5000hp) turboprop engine; spare engines for C-130J transport aircraft and KC-130J tanker/transport aircraft,1.5,6.0,6.0
Germany,United States,1997,3.0,LM-2500,gas turbine,3.0,2004; 2005,New,For 3 Sachsen (F-124/Type-124) frigates produced in Germany,7.0,21.0,21.0
Germany,United States,2023,60.0,CH-47F Chinook,transport helicopter,,,New,EUR7 b 'STH' programme; incl production of components in Germany; delivery planned 2027-2033,20.0,1200.0,0.0
Germany,United States,2006,72.0,MIM-104 PAC-3,anti-ballistic missile missile,72.0,2008; 2009,New,For Patriot air-defence systems,0.8,57.6,57.6
Germany,United States,1986,4500.0,Stinger,portable surface-to-air missile,1000.0,2000; 2001; 2002; 2003; 2004,New,Part of 'European Stinger Production Programme'; FIM-92A and FIM-92C version; FRG designation Fliegerfaust-2,0.08,360.0,80.0
Germany,United States,2019,91.0,AGM-88E AARGM,anti-radar missile,91.0,2023; 2024; 2025,New,EUR127 m deal; German AGM-88B rebuilt in USA to AGM-88E AARGM version; for Tornado combat aircraft,0.6,54.6,54.6
Germany,United States,2020,6.0,Mk-41 VLS,naval surface-to-air missile system,,,New,For 6 Type-126 frigates produced in Germany,20.0,120.0,0.0
Germany,United States,2023,20.0,aircraft engine,aircraft engine,,,New,Honeywell T-55-GA-714A (4775hp) turboshaft engines; spare engines for CH-47F helicopters,1.5,30.0,0.0
Germany,United States,2024,75.0,AGM-158B JASSM-ER,air-to-surface missile,,,New,For F-35A combat aircraft; possibly includes AGM-158B-2 version,1.3,97.5,0.0
Germany,United States,2022,2.0,F135-100,turbofan,,,New,F-135-PW-100 version; spare engines for F-35A combat aircraft,4.0,8.0,0.0
Germany,United States,2022,344.0,GBU-53/B StormBreaker,guided glide bomb,,,New,For F-35A combat aircraft,0.0,0.0,0.0
Germany,United States,2000,500.0,Paveway,guided bomb,500.0,2001; 2002; 2003; 2004,New,GBU-24 Paveway III version,0.02,10.0,10.0
Germany,United States,2008,1000.0,JDAM,guided bomb,1000.0,2012; 2013; 2014; 2015; 2016; 2017; 2018,New,LJDAM (GBU-54) and JDAM (GBU-38) versions,0.02,20.0,20.0
Germany,United States,2009,200.0,Paveway,guided bomb,200.0,2015; 2016,New,GBU-48 version,0.02,4.0,4.0
Germany,United States,1996,7.0,AQS-13F,anti-submarine sonar,3.0,2000,New,AQS-18 version for 7 Super Lynx anti-submarine helicopters from United Kingdom,1.5,10.5,4.5
Germany,United States,2024,506.0,Stinger,portable surface-to-air missile,,,New,EUR395 m deal; FIM-92K Stinger Block-1 version; delivery planned 2028-2029,0.08,40.48,0.0
Germany,United States,2000,250.0,AGM-88B HARM,anti-radar missile,250.0,2001; 2002,New,$50 m deal; AGM-88C version,0.25,62.5,62.5
Germany,United States,2001,108.0,SM-2MR,surface-to-air missile,108.0,2003; 2004; 2005,New,For Sachsen (F-124/Type-124) frigates; SM-2 Block-3A version,0.3,32.4,32.4
Germany,United States,2025,8.0,MQ-9 Reaper,reconnaissance drone,,,New,EUR1.5 b deal; MQ-9B SkyGuardian maritime patrol version; incl for support of anti-submarine warfare; delivery planned 2028-2030,6.5,52.0,0.0
Germany,United States,2019,3330.0,GMLRS,guided rocket,3330.0,2020; 2021; 2022; 2023,New,,0.08,266.4,266.4
Germany,United States,2019,50.0,MIM-104 PAC-3 MSE,anti-ballistic missile missile,50.0,2023; 2024,New,For MEADS air-defence systems,1.5,75.0,75.0
Germany,United States,2024,969.0,AIM-120D AMRAAM,long-range air-to-air missile,,,New,AIM-120C8 version; delivery planned from 2029,0.8,775.2,0.0
Germany,United States,2022,426.0,JDAM,guided bomb,,,New,For F-35A combat aircraft,0.02,8.52,0.0
Germany,United States,1995,320.0,AIM-120A AMRAAM,long-range air-to-air missile,215.0,2000; 2001,New,$170 m deal; AIM-120B version; for F-4F combat aircraft,0.4,128.0,86.0
Germany,United States,1996,3.0,Mk-41 VLS,naval surface-to-air missile system,3.0,2004; 2005,New,For 3 Sachsen (Type-124) frigates produced in FRG,20.0,60.0,60.0
Germany,United States,2007,4.0,LM-2500,gas turbine,4.0,2019; 2020; 2021; 2022,New,For 4 F-125 frigates produced in Germany,7.0,28.0,28.0
Germany,United States,2024,248.0,MIM-104 PAC-3 MSE,anti-ballistic missile missile,,,New,For Patriot air-defence systems,1.5,372.0,0.0
Germany,United States,2023,3.0,P-8A Poseidon,anti-submarine aircraft,,,New,,125.0,375.0,0.0
Germany,United States,2007,1890.0,GMLRS,guided rocket,1890.0,2010; 2011; 2012; 2013; 2014; 2015,New,Incl production of components in Germany; 12.5% of development financed by Germany; for use with MLRS multiple rocket launchers,0.08,151.2,151.2
Germany,United States,2000,13.0,Patriot Configuration-3,surface-to-air missile system,13.0,2008; 2009; 2010,New,FRG Patriot SAM systems rebuilt to Patriot-3 version,55.0,715.0,715.0
Ghana,United States,2024,14.0,vehicle engine,vehicle engine,14.0,2025,New,Cummins 6C-8.3 (275hp) diesel engine for 14 Puma M-36 armoured personnel carriers from South Africa,0.03,0.42,0.42
Ghana,United States,2006,4.0,TFE-731,turbofan,4.0,2007,New,For 4 K-8 trainer aircraft from China,0.6,2.4,2.4
Ghana,United States,2000,2.0,Balsam,cargo ship,2.0,2001,Second hand,Second-hand; aid; incl for use as OPV; Ghanese designation Anzone,4.0,8.0,8.0
Ghana,United States,2023,2.0,SP-2600,patrol boat,2.0,2023,Second hand,Second-hand; aid; Marine Protector version,1.68,3.36,3.36
Greece,United States,2022,15.0,J-79,turbojet,15.0,2023,Second hand,Second-hand; aid; J-79-17 spare engines for F-4E combat aircraft,0.68,10.2,10.2
Greece,United States,2000,6.0,TPQ-37 Firefinder,artillery locating radar,6.0,2003; 2004,New,,8.0,48.0,48.0
Greece,United States,2002,203.0,AGM-65 Maverick,air-to-surface missile,203.0,2003,New,,0.15,30.45,30.45
Greece,United States,2000,450.0,Paveway,guided bomb,450.0,2002; 2003,New,GBU-24 and GBU-27 Paveway-3 version,0.02,9.0,9.0
Greece,United States,1999,8.0,AE-3007,turbofan,8.0,2004; 2005,New,For 4 EMB-145 early-warning aircraft from Brazil,1.3,10.4,10.4
Greece,United States,2021,1200.0,M-1117 Guardian,armoured personnel carrier,1200.0,2021; 2022; 2024,Second hand,Second-hand; aid,0.16,192.0,192.0
Greece,United States,2021,20.0,F-124,turbofan,20.0,2023; 2024; 2025,New,For 10 M-346 trainer/combat aircraft from Italy,1.0,20.0,20.0
Greece,United States,2024,35.0,S-70 Black Hawk,transport helicopter,,,New,EUR 1.2 b deal; UH-60M version,7.25,253.75,0.0
Greece,United States,2003,4.0,APG-78 Longbow,combat helicopter radar,4.0,2007,New,Part of $675-703 m deal (offsets $845 m); for AH-64D combat helicopters; option on 4 more not used,3.0,12.0,12.0
Greece,United States,2005,30.0,F-16C Block-50,fighter/ground-attack aircraft,30.0,2009; 2010,New,$2 b 'Peace Xenia-4' deal (offsets 132%); F-16 Block-52+ version (incl 12 F-16D trainer/combat version),31.0,930.0,930.0
Greece,United States,1998,38.0,M-113,armoured personnel carrier,32.0,2000,Second hand,Second-hand;  M-577A2 CP version,0.1,3.8,3.2
Greece,United States,1999,208.0,SM-1MR,surface-to-air missile,208.0,2002,Second hand,Second-hand; aid; status uncertain,0.1,20.8,20.8
Greece,United States,1998,10.0,T-2D Buckeye,(armed) trainer aircraft,10.0,2001; 2002,Second hand,Second-hand; aid; T-2C version,1.0,10.0,10.0
Greece,United States,2000,100.0,AIM-7M Sparrow,long-range air-to-air missile,100.0,2002,New,Second-hand; aid; designation uncertain; status uncertain,0.18,18.0,18.0
Greece,United States,2005,2.0,Osprey,minehunter,2.0,2007,Second hand,Second-hand; incl 1 as aid,21.7,43.41,43.41
Greece,United States,2003,140.0,M-113,armoured personnel carrier,140.0,2004; 2005,Second hand,Second-hand; aid; M-113A2 version; incl 12 M-577A2 command post version,0.1,14.0,14.0
Greece,United States,2007,2.0,DB-110,aircraft reconnaissance system,2.0,2009,New,For F-16 combat aircraft,4.0,8.0,8.0
Greece,United States,2008,130.0,AIM-120C AMRAAM,long-range air-to-air missile,130.0,2009,New,AIM-120-C7 version,0.6,78.0,78.0
Greece,United States,2010,11.0,MaxxPro,armoured personnel carrier,11.0,2010,New,MaxxPro Dash version; for use in Afghanistan,0.32,3.52,3.52
Greece,United States,2003,16.0,aircraft engine,aircraft engine,16.0,2004; 2005; 2006; 2007,New,Allison AE-2100D3 (5000hp) turboprop engine for 8 C-27J transport aircraft from Italy,1.5,24.0,24.0
Greece,United States,2011,100.0,JDAM,guided bomb,100.0,2012,New,GBU-31 version,0.02,2.0,2.0
Greece,United States,2005,75.0,ESSM Block-1,surface-to-air missile,75.0,2008; 2009; 2010; 2011; 2018,New,For modernized MEKO-200 (Hydra) frigates,0.4,30.0,30.0
Greece,United States,2007,657.0,AGM-114 Hellfire-2,anti-tank/air-to-surface missile,657.0,2009; 2010; 2011,New,$66 m deal; 633 AGM-114K1 and 24 AGM-114M1 versions,0.05,32.85,32.85
Greece,United States,1998,8.0,HELRAS,anti-submarine sonar,8.0,2009; 2010; 2011; 2012,New,For modernization of 8 S-70B (SH-60B) ASW helicopters,2.0,16.0,16.0
Greece,United States,2000,3.0,SH-60B Seahawk,anti-submarine helicopter,3.0,2003; 2004,New,S-70B-6 Aegean Hawk version,17.0,51.0,51.0
Greece,United States,2016,15.0,J-85,turbojet,15.0,2017,Second hand,Second-hand; J85-GE-4A version; spares for F-5A combat aircraft,0.24,3.6,3.6
Greece,United States,2007,40.0,AGM-154 JSOW,guided glide bomb,40.0,2009,New,AGM-154C version,0.1,4.0,4.0
Greece,United States,2010,130.0,AIM-120C AMRAAM,long-range air-to-air missile,130.0,2014; 2015,New,AIM-120C-7 version,0.6,78.0,78.0
Greece,United States,2024,20.0,F-35A Lightning-2,fighter/ground-attack aircraft,,,New,Option on 20 more; delivery planned from 2028,55.0,1100.0,0.0
Greece,United States,2017,60.0,OH-58D,combat helicopter,60.0,2019,Second hand,Second-hand (10 more delivered for spare parts only); incl 24 for training; part of $150 m deal,1.2,72.0,72.0
Greece,United States,2016,20.0,AAQ-13 LANTIRN,combat aircraft radar,20.0,2019,Second hand,Second-hand; aid,0.4,8.0,8.0
Greece,United States,1998,200.0,MIM-104 PAC-2,surface-to-air missile,125.0,2000,New,Second-hand; incl 125 as aid; for Patriot air-defence systems,1.0,200.0,125.0
Greece,United States,2016,50.0,JDAM,guided bomb,50.0,2020,New,,0.02,1.0,1.0
Greece,United States,2020,7.0,MH-60R Seahawk,anti-submarine helicopter,3.0,2022,New,,16.5,115.5,49.5
Greece,United States,2013,370.0,M-113,armoured personnel carrier,370.0,2014; 2015,Second hand,Second-hand; aid; M-113A2 version (incl 145 M-577A2 command post version),0.1,37.0,37.0
Greece,United States,2000,113.0,M-106,self-propelled mortar,113.0,2000; 2001; 2002,Second hand,Second-hand; aid; M-106A2 version,0.2,22.6,22.6
Greece,United States,2002,2.0,Mk-15 Phalanx,naval gun,2.0,2004,Second hand,Second-hand; Phalanx Block-1A version,2.8,5.6,5.6
Greece,United States,2001,335.0,Stinger,portable surface-to-air missile,335.0,2003; 2004,New,Part of $89 m deal (for 1007 for Greece; Italy and UK),0.08,26.8,26.8
Greece,United States,2004,53.0,AIM-120C AMRAAM,long-range air-to-air missile,53.0,2005,New,Part of $53 m deal; AIM-120C-5 version,0.6,31.8,31.8
Greece,United States,2013,106.0,M-901 ITV,tank destroyer,106.0,2014; 2015,Second hand,Second-hand; aid; M-901A2 version,0.36,38.16,38.16
Greece,United States,1999,7.0,CH-47D Chinook,transport helicopter,7.0,2001,New,$286 m deal,18.0,126.0,126.0
Greece,United States,1986,1100.0,Stinger,portable surface-to-air missile,250.0,2000; 2001; 2002; 2003; 2004,New,Part of 'European Stinger Production Programme'; from FRG production line; incl production of components in Greece; FIM-92A and FIM-92C version,0.08,88.0,20.0
Greece,United States,2010,50.0,Paveway,guided bomb,50.0,2011; 2012,New,,0.02,1.0,1.0
Greece,United States,2000,432.0,Stinger,portable surface-to-air missile,432.0,2005; 2006,New,$48 m deal; for ASRAD SAM systems from FRG,0.08,34.56,34.56
Greece,United States,1998,18.0,M-270 MLRS,multiple rocket launcher,18.0,2000,New,$55 m deal (part of $245 m deal),2.2,39.6,39.6
Greece,United States,1998,6.0,A-7E Corsair-2,fighter/ground-attack aircraft,6.0,2000; 2001,Second hand,Second-hand; aid; possibly for spare parts only,5.6,33.6,33.6
Greece,United States,2015,3.0,aircraft engine,aircraft engine,3.0,2018,New,Possibly second-hand; Honeywell T-55-L-714A (5000hp) turboshaft engine; spares for CH-47D helicopters,1.5,4.5,4.5
Greece,United States,2018,,ESSM Block-2,surface-to-air missile,,,New,,0.6,0.0,0.0
Greece,United States,2018,84.0,APG-83 SABR,combat aircraft radar,44.0,2022; 2023; 2024; 2025,New,For modernization of 84 Greek F-16C to F-16V version; delivery planned 2022-2027,2.5,210.0,110.0
Greece,United States,1998,248.0,AGM-114 Hellfire-2,anti-tank/air-to-surface missile,248.0,2000; 2001,New,$24 m deal; AGM-114KBF and AGM-114K versions; for AH-64A helicopters,0.05,12.4,12.4
Greece,United States,1998,30.0,ATACMS Block-1,surface-to-surface missile,30.0,2000; 2001,New,Part of $245 m deal,1.35,40.5,40.5
Greece,United States,2000,2.0,King Air,light transport aircraft,2.0,2002,New,$11.4 m deal; C-12R/AP version; for VIP transport; photographic reconnaissance and survey,2.85,5.7,5.7
Greece,United States,2003,12.0,AH-64D Apache Longbow,combat helicopter,12.0,2007,New,Part of $675-703 m deal (offsets $845 m); option on 4 more not used,15.5,186.0,186.0
Greece,United States,1999,45.0,T-6 Texan-2,(armed) trainer aircraft,45.0,2000; 2001; 2002; 2003,New,$223-240 m deal (offsets 120% incl production of parts for 300 T-6A); incl 25 T-6A version and 20 T-6B (T-6A NTA) armed version; option on 5 more not used,2.0,90.0,90.0
Greece,United States,1998,400.0,VT-1,surface-to-air missile,270.0,2000; 2001,New,Part of $266 m deal (incl offsets); for Crotale NG SAM systems from France; ordered and delivered via France,0.15,60.0,40.5
Greece,United States,2000,50.0,F-16C Block-50,fighter/ground-attack aircraft,50.0,2003; 2004,New,$2.1 b 'Peace Xenia-3' deal; F-16CG Block-52+ version; incl 16 F-16DG,31.0,1550.0,1550.0
Greece,United States,1999,51.0,ATACMS Block-1,surface-to-surface missile,51.0,2001; 2002,New,,1.35,68.85,68.85
Greece,United States,1997,35.0,APG-65,combat aircraft radar,35.0,2003; 2004; 2005,New,Part of $315-336 m 'Peace Icarus-2000' modernization programme of 35 F-4E combat aircraft by FRG company; from FRG production line,1.75,61.25,61.25
Greece,United States,2002,2.0,C-130H Hercules,transport aircraft,2.0,2003,Second hand,Second-hand aircraft sold back to US producer and sold to Greece,11.2,22.4,22.4
Greece,United States,2001,10.0,F-16C Block-50,fighter/ground-attack aircraft,10.0,2004,New,$183 m 'Peace Xenia-3' deal; F-16CG Block-52+ version; incl 4 F-16DG,31.0,310.0,310.0
Greece,United States,2015,10.0,CH-47D Chinook,transport helicopter,10.0,2016; 2017; 2018; 2019,Second hand,Second-hand; $126 m deal; CH-47SD version,7.2,72.0,72.0
Greece,United States,2022,4.0,Island,patrol boat,4.0,2023,Second hand,Second-hand,3.68,14.72,14.72
Greece,United States,1996,50.0,AIM-120A AMRAAM,long-range air-to-air missile,50.0,2000,New,Part of $90 m deal; AIM-120B version; forF-16C combat aircraft,0.4,20.0,20.0
Greece,United States,2013,1.0,M-106,self-propelled mortar,1.0,2014,Second hand,Second-hand; aid; M-106A2 version,0.2,0.2,0.2
Greece,United States,1999,6.0,Patriot,surface-to-air missile system,6.0,2002; 2003; 2004,New,$1.1 b deal (offsets 120%),47.0,282.0,282.0
Guatemala,United States,2022,2.0,Bell-412,helicopter,2.0,2022,New,Bell-412EPX version,5.0,10.0,10.0
Guatemala,United States,2017,1.0,Stan Patrol-2606,patrol boat,1.0,2023,New,Aid; Defiant-85 (NCPV) version,4.25,4.25,4.25
Guatemala,United States,2023,4.0,Pitbull VX,armoured personnel carrier,4.0,2023,New,,0.14,0.56,0.56
Guatemala,United States,2018,4.0,Cessna-208 Caravan,light transport aircraft,4.0,2018; 2019,New,$8.2 m deal; Cessna-208B-EX version,1.0,4.0,4.0
Guatemala,United States,2018,1.0,Cessna-208 Caravan,light transport aircraft,1.0,2018,New,Cessna-208B-EX version; aid,1.0,1.0,1.0
Guatemala,United States,2017,2.0,PA-28 Cherokee,light aircraft,2.0,2018,New,Archer version,0.14,0.28,0.28
Guatemala,United States,2023,1.0,PC-12,light transport aircraft,1.0,2023,Second hand,PC-12/47E variant; Ex- Afghan Air Force aircraft,0.74,0.74,0.74
Guatemala,United States,2024,1.0,Bell-407,light helicopter,,,New,$7.7 m deal (incl $5.2 m for aircraft); Bell-407GXI version; delivery planned 2026,1.3,1.3,0.0
Guyana,United States,2020,2.0,Bell-412,helicopter,2.0,2021; 2023,New,Bell-412EPI version,5.0,10.0,10.0
Guyana,United States,2024,1.0,Bell-429 GlobalRanger,light helicopter,1.0,2025,New,Part of $16 m deal,2.8,2.8,2.8
Guyana,United States,2021,1.0,Defiant-115,patrol boat,1.0,2024,New,$12 m deal; Guyanan designation Shahoud,4.6,4.6,4.6
Guyana,United States,2024,1.0,Bell-407,light helicopter,1.0,2025,New,Part of $16 m deal; Bell-407GXi version,1.3,1.3,1.3
Guyana,United States,2004,2.0,Exec-162F,light helicopter,2.0,2004,New,,0.1,0.2,0.2
Honduras,United States,2011,4.0,MX-7,light aircraft,4.0,2011; 2012,New,Aid; MXT-7-180 version,0.1,0.4,0.4
Honduras,United States,2017,1.0,Stan Patrol-2606,patrol boat,1.0,2021,New,Aid; Defiant-85 (NCPV) version,4.25,4.25,4.25
Honduras,United States,2007,4.0,MX-7,light aircraft,4.0,2008,New,Aid,0.1,0.4,0.4
Honduras,United States,2019,1.0,Bo-105,light helicopter,1.0,2020,Second hand,Second-hand,0.48,0.48,0.48
Honduras,United States,2015,3.0,Cessna-208 Caravan,light transport aircraft,3.0,2015; 2018,New,Aid; Cessna-20B version,1.0,3.0,3.0
Hungary,United States,2004,40.0,AIM-120C AMRAAM,long-range air-to-air missile,40.0,2006; 2007,New,$25-38 m deal; AIM-120C-5 version; for JAS-39 combat aircraft,0.6,24.0,24.0
Hungary,United States,2022,60.0,AIM-120D AMRAAM,long-range air-to-air missile,60.0,2024; 2025,New,For NASAMS-2 SAM systems; AIM-120C-8 version,0.8,48.0,48.0
Hungary,United States,2022,12.0,FJ44-4,turbofan,8.0,2025,New,For 12 L-39NG trainer/combat aircraft from Czechia,0.6,7.2,4.8
Hungary,United States,2020,4.0,V-2500,turbofan,4.0,2024; 2025,New,For 2 C-390 transport aircraft from Brazil,3.0,12.0,12.0
Hungary,United States,2013,12.0,MaxxPro,armoured personnel carrier,12.0,2013,Second hand,Second-hand,0.13,1.54,1.54
Hungary,United States,2009,3.0,Cougar,armoured personnel carrier,3.0,2009,New,$1.3 m deal; for use in Afghanistan,0.35,1.05,1.05
Hungary,United States,2008,100.0,AGM-65 Maverick,air-to-surface missile,100.0,2009; 2010,New,For JAS-39 combat aircraft,0.15,15.0,15.0
Hungary,United States,2010,12.0,MaxxPro,armoured personnel carrier,12.0,2010; 2011,New,MaxxPro Dash version; loan for use in Afghanistan,0.32,3.84,3.84
Hungary,United States,2010,46.0,HMMWV-UA,armoured personnel carrier,46.0,2010; 2011,New,Loan for use in Afghanistan; possibly incl non-armoured versions,0.13,5.98,5.98
Hungary,United States,2001,14.0,F-404,turbofan,14.0,2006; 2007,New,For 14 JAS-39C combat aircraft from Sweden; from production line in Sweden,2.2,30.8,30.8
Hungary,United States,2024,4.0,F-404,turbofan,,,New,For 4 JAS-39C combat aircraft from Sweden; from production line in Sweden,2.2,8.8,0.0
Hungary,United States,2020,7.0,MPQ-64 Sentinel,air-search radar,7.0,2023; 2024,New,For use with NASAMS SAM systems from Norway,5.0,35.0,35.0
Hungary,United States,2020,180.0,AIM-120C AMRAAM,long-range air-to-air missile,180.0,2023; 2024,New,,0.6,108.0,108.0
India,United States,2025,1.0,KC-135 Stratotanker,tanker/transport aircraft,1.0,2025,Second hand,Second-hand; lease; for training; KC-135R version,24.0,24.0,24.0
India,United States,2020,24.0,MH-60R Seahawk,anti-submarine helicopter,20.0,2021; 2022; 2023; 2024; 2025,New,$2.6 b 'N-MRH' programme; delivery planned 2021-2026,16.5,396.0,330.0
India,United States,2016,4.0,P-8A Poseidon,anti-submarine aircraft,4.0,2020; 2021; 2022,New,$1-1.1 b deal (incl production of components in India),125.0,500.0,500.0
India,United States,2021,100.0,M-982 Excalibur,guided shell,100.0,2023,New,$9.2 m deal,0.04,4.0,4.0
India,United States,2019,1200.0,M-982 Excalibur,guided shell,1200.0,2019; 2020,New,For use with M-777 155mm guns,0.04,48.0,48.0
India,United States,2015,22.0,AH-64E Apache,combat helicopter,22.0,2019; 2020,New,$1.2-1.4 b deal (incl production of components in India; part of $2.4 b deal),15.0,330.0,330.0
India,United States,2020,10.0,Harpoon Block-2,anti-ship/land-attack missile,10.0,2022,New,AGM-84L version for P-8I ASW aircraft,1.0,10.0,10.0
India,United States,2006,1.0,Austin,amphibious assault ship,1.0,2007,Second hand,Second-hand; INR2.2 b ($48 m) deal; Indian designation Jalashwa,53.3,53.3,53.3
India,United States,2015,812.0,AGM-114L Hellfire Longbow,anti-tank missile,812.0,2019; 2020,New,AGM-114L3 version; for AH-64 combat helicopters,0.07,56.84,56.84
India,United States,2022,250.0,JDAM-ER,guided glide bomb,125.0,2024; 2025,New,For Tejas combat aircraft,0.04,10.0,5.0
India,United States,2008,6.0,C-130J Hercules,transport aircraft,6.0,2010; 2011,New,$962 m deal (incl $596 m for aircraft and rest for special equipment; 30% offsets incl production in India of components for all future C-130J); C-130J-30 version; for special forces,40.0,240.0,240.0
India,United States,2018,1.0,C-130J Hercules,transport aircraft,1.0,2019,New,C-130J-30 version,40.0,40.0,40.0
India,United States,2016,12.0,Harpoon Block-2,anti-ship/land-attack missile,12.0,2018,New,Part of $82 m deal; UGM-84L version for Type-209 submarines,1.0,12.0,12.0
India,United States,2019,30.0,Mk-54 LWT,anti-submarine torpedo,30.0,2022; 2023; 2024,New,For MH-60R anti-submarine helicopters,0.5,15.0,15.0
India,United States,2022,88.0,aircraft engine,aircraft engine,,,New,$100 m deal; TPE-331-12B (1100hp) turboprop engine for 70 HTT-40 trainer aircraft produced in India (incl spare engines); incl assembly in India,0.5,44.0,0.0
India,United States,2008,6.0,AE-3007,turbofan,6.0,2017; 2019,New,For 3 ERJ-145 transport aircraft from Brazil modified in India to AEW&C aircraft,1.3,7.8,7.8
India,United States,2010,512.0,CBU-97 SFW,guided bomb,512.0,2013; 2014; 2015; 2016; 2017,New,$258-311 m deal; CBU-105 version,0.15,76.8,76.8
India,United States,2021,196.0,F-404,turbofan,,,New,For 170 Tejas-1A (LCA) combat aircraft produced in India; most assembled in India,2.2,431.2,0.0
India,United States,2024,6.0,LM-2500,gas turbine,,,New,INR11.7b ($140 m) deal; for 6 NGMV corvettes produced in India; assembled in India,7.0,42.0,0.0
India,United States,2015,542.0,AGM-114 Hellfire-2,anti-tank/air-to-surface missile,542.0,2019; 2020,New,AGM-114R3 version; for AH-64 combat helicopters,0.05,27.1,27.1
India,United States,2016,12.0,APG-78 Longbow,combat helicopter radar,12.0,2019; 2020,New,For AH-64E combat helicopters,3.0,36.0,36.0
India,United States,2015,6.0,aircraft engine,aircraft engine,6.0,2019; 2020,New,General Electric T-700-701D (2215hp) turboshaft; spares for AH-64 combat helicopters,0.75,4.5,4.5
India,United States,2024,31.0,MQ-9 Reaper,armed drone,,,New,INR320 b ($3.8 b) deal; incl 15 SeaGuardian and 16 SkyGuardian versions; incl assembly or production under licence of 21 in India,7.5,232.5,0.0
India,United States,2021,16.0,Mk-54 LWT,anti-submarine torpedo,,,New,INR4.2 b ($56 m) deal; for P-8I anti-submarine aircraft,0.5,8.0,0.0
India,United States,2006,6.0,S-61/H-3A Sea King,transport helicopter,6.0,2007,Second hand,Second-hand; $39 m deal; UH-3H version,2.4,14.4,14.4
India,United States,2003,4.0,TPQ-37 Firefinder,artillery locating radar,4.0,2006; 2007,New,Part of $142-200 m deal; AN/TPQ-37(V)3 version,8.0,32.0,32.0
India,United States,2011,32.0,Mk-54 LWT,anti-submarine torpedo,32.0,2013; 2014; 2015; 2016,New,$86 m deal; for P-8I anti-submarine aircraft,0.5,16.0,16.0
India,United States,2007,24.0,F-404,turbofan,24.0,2016; 2017; 2018; 2019; 2020,New,$100 m deal; F404-IN20 version for 20 Tejas-1 (LCA) combat aircraft produced in India (incl 4 spare engines),2.2,52.8,52.8
India,United States,2013,245.0,Stinger,portable surface-to-air missile,245.0,2019; 2020,New,FIM-92 Block-1 version; for AH-64 combat helicopters,0.08,19.6,19.6
India,United States,2017,1.0,C-17A Globemaster-3,heavy transport aircraft,1.0,2019,New,$262 m deal,140.0,140.0,140.0
India,United States,2020,10.0,AGM-114 Hellfire-2,anti-tank/air-to-surface missile,10.0,2022,New,AGM-114R version; for MH-60R anti-submarine helicopters,0.05,0.5,0.5
India,United States,2004,4.0,LM-2500,gas turbine,4.0,2022,New,For 1 Vikrant (IAC or Project-71) aircraft carrier produced in India; assembled in India,7.0,28.0,28.0
India,United States,2012,21.0,Harpoon Block-2,anti-ship/land-attack missile,21.0,2014,New,$200 m deal; AGM-84L version for P-8I ASW aircraft,1.0,21.0,21.0
India,United States,2016,23.0,F-404,turbofan,23.0,2021; 2022; 2023; 2024; 2025,New,F-404-IN20 version for 20 Tejas-1 (LCA) combat aircraft produced in India (incl spare engines),2.2,50.6,50.6
India,United States,2015,15.0,CH-47F Chinook,transport helicopter,15.0,2019; 2020,New,$1 b deal (part of $2.4 b deal); CH-47F(I) version,20.0,300.0,300.0
India,United States,2013,6.0,C-130J Hercules,transport aircraft,6.0,2017,New,Probably $1.1 b deal (30% offsets including production in India of components for all future C-130J); C-130J-30 version; for special forces,40.0,240.0,240.0
India,United States,2002,8.0,TPQ-37 Firefinder,artillery locating radar,8.0,2006,New,Part of $142-200 m deal; originally planned for 1998 but embargoed by USA after Indian nuclear tests in 1998; AN/TPQ-37(V)3 version,8.0,64.0,64.0
India,United States,2020,2.0,MQ-9 Reaper,reconnaissance drone,2.0,2020,New,Lease,6.5,13.0,13.0
India,United States,2020,6.0,APS-153,maritime patrol aircraft radar,5.0,2021; 2022; 2023; 2024; 2025,New,Spares for MH-60R anti-submarine helicopters,2.0,12.0,10.0
India,United States,2020,12.0,aircraft engine,aircraft engine,10.0,2021; 2022; 2023; 2024; 2025,New,General Electric T-700-GR-401 (1890hp) turboshaft engine; spares for MH-60R anti-submarine helicopters,0.5,6.0,5.0
India,United States,2023,99.0,F414,turbofan,,,New,General Electric F-414INS-6 turbofan for Tejas Mk-2 (LCA) combat aircraft produced in India; most assembled or produced under licence in India; selected 2023 but not yet ordered by end-2025,2.5,247.5,0.0
India,United States,2020,6.0,AH-64E Apache,combat helicopter,6.0,2025,New,$800 m deal; incl production of components in India,15.0,90.0,90.0
India,United States,2024,170.0,AGM-114 Hellfire-2,anti-tank/air-to-surface missile,,,New,For MQ-9 armed drones; AGM-114R version,0.05,8.5,0.0
India,United States,2024,390.0,GBU-39 SDB,guided glide bomb,,,New,For MQ-9 armed drones,0.02,7.8,0.0
India,United States,2020,38.0,WGU-59 APKWS,air-to-surface missile,38.0,2022; 2023; 2024; 2025,New,For MH-60R anti-submarine helicopters,0.01,0.38,0.38
India,United States,2017,14.0,LM-2500,gas turbine,8.0,2025,New,General Electric LM-2500+ (40470hp) gas turbines for 7 Nilgiri class (Project-17A) frigates produced in India; assembled in India,7.0,98.0,56.0
India,United States,2011,10.0,C-17A Globemaster-3,heavy transport aircraft,10.0,2013; 2014,New,$4.1 b deal (offsets $1.1 b),140.0,1400.0,1400.0
India,United States,2009,8.0,P-8A Poseidon,anti-submarine aircraft,8.0,2012; 2013; 2014; 2015,New,$2 b deal (offsets 30% incl production of components in India); P-8I version,125.0,1000.0,1000.0
India,United States,1999,6.0,LM-2500,gas turbine,6.0,2010; 2011; 2012,New,For 3 Shivalik (Project-17) frigates produced in India; assembled in India,7.0,42.0,42.0
India,United States,2010,20.0,Harpoon Block-2,anti-ship/land-attack missile,20.0,2013,New,$170 m deal; AGM-84L version for Jaguar combat aircraft,1.0,20.0,20.0
Indonesia,United States,2013,4.0,Bonanza,light aircraft,4.0,2013,New,Bonanza G-36 version,0.24,0.96,0.96
Indonesia,United States,2006,8.0,ship engine,ship engine,8.0,2007; 2008,New,Caterpillar-3616 (7310hp) diesel engine; for modernization of 4 Yani (Van Speijk) frigates,2.5,20.0,20.0
Indonesia,United States,2002,2.0,ship engine,ship engine,2.0,2003,New,Caterpillar-3612 (6250hp) diesel engine; for modernization of 1 Yani (Van Speijk) frigate,2.5,5.0,5.0
Indonesia,United States,2000,8.0,ship engine,ship engine,8.0,2002; 2003; 2004; 2005,New,Caterpillar-3516B (1300hp) diesel engine; for modernization of 4 Parchim (Patimura) corvettes,0.25,2.0,2.0
Indonesia,United States,2017,2.0,MPQ-64 Sentinel,air-search radar,2.0,2020; 2021,New,For NASAMS-2 SAM systems from Norway,5.0,10.0,10.0
Indonesia,United States,2017,200.0,AIM-120C AMRAAM,long-range air-to-air missile,200.0,2020; 2021,New,For NASAMS-2 SAM systems,0.6,120.0,120.0
Indonesia,United States,1990,38.0,aircraft engine,aircraft engine,18.0,2000; 2006; 2013; 2014; 2015; 2019,New,General Electric CT-7-9C3 (1750hp) turboprop engine for 19 CN-235 transport and CN-235MPA maritime patrol aircraft produced in Indonesia,0.5,19.0,9.0
Indonesia,United States,2018,9.0,Bell-412,helicopter,9.0,2020; 2021; 2022,New,$183 m deal; armed Bell-412EPI version; assembled in Indonesia,5.0,45.0,45.0
Indonesia,United States,2019,23.0,vehicle engine,vehicle engine,23.0,2024,New,Cummins ISC-350 (355hp) diesel engine for 23 Pandur-2 infantry fighting vehicles from Austria,0.05,1.15,1.15
Indonesia,United States,1997,20.0,vehicle engine,vehicle engine,5.0,2000,New,6V-71T (300hp) diesel engine; for modernization of PT-76 light tanks to PT-2000 or PT-71,0.03,0.6,0.15
Indonesia,United States,2019,18.0,vehicle engine,vehicle engine,18.0,2024,New,Caterpillar C-13 (711hp) diesel engine for 18 MMWT (Kaplan or Harimau) tanks from Turkiye,0.11,1.98,1.98
Indonesia,United States,2020,3.0,Bell-505 Jet Ranger X,light helicopter,3.0,2021; 2023,New,For training,0.9,2.7,2.7
Indonesia,United States,2019,5.0,PA-28 Cherokee,light aircraft,5.0,2019,New,PA-28-181 version,0.14,0.7,0.7
Indonesia,United States,2017,18.0,AGM-65 Maverick,air-to-surface missile,18.0,2020,New,AGM-65K version; for  F-16C Block-50 combat aircarft,0.15,2.7,2.7
Indonesia,United States,2025,24.0,F-124,turbofan,,,New,For 12 M-346FT trainer/combat aircraft from Italy,1.0,24.0,0.0
Indonesia,United States,2012,2.0,Model-300,light helicopter,2.0,2012,New,S-300C version; for training; option on 4 more,0.2,0.4,0.4
Indonesia,United States,2010,2.0,Cessna-180 Skywagon,light aircraft,2.0,2011,New,Cessna-182T version,0.18,0.36,0.36
Indonesia,United States,2011,4.0,F-100,turbofan,4.0,2014; 2015,Second hand,Second-hand; spares for F-16 combat aircraft,1.3,5.2,5.2
Indonesia,United States,2014,8.0,AH-64E Apache,combat helicopter,8.0,2017; 2018,New,$500 m deal,15.0,120.0,120.0
Indonesia,United States,2016,1.0,Cessna-180 Skywagon,light aircraft,1.0,2016,New,Cessna-182T version,0.18,0.18,0.18
Indonesia,United States,2012,25.0,Bell-412,helicopter,25.0,2012; 2013; 2014,New,Bell-412EP version,5.0,125.0,125.0
Indonesia,United States,2023,24.0,S-70 Black Hawk,transport helicopter,,,New,S-70i version; Polish production line in Poland,7.25,174.0,0.0
Indonesia,United States,2014,4.0,Bonanza,light aircraft,4.0,2015,New,,0.24,0.96,0.96
Indonesia,United States,2013,180.0,FGM-148 Javelin,anti-tank missile,180.0,2014; 2015,New,Javelin Block-1 version,0.03,5.4,5.4
Indonesia,United States,2025,2.0,LM-2500,gas turbine,,,New,For 2 Istif class frigates from Turkiye,7.0,14.0,0.0
Indonesia,United States,2017,102.0,JDAM,guided bomb,102.0,2019,New,For F-16 combat aircraft,0.02,2.04,2.04
Indonesia,United States,2017,14.0,AIM-9X Sidewinder,long-range air-to-air missile,14.0,2018,New,For F-16 combat aircraft,0.18,2.52,2.52
Indonesia,United States,2019,5.0,C-130J Hercules,transport aircraft,5.0,2023; 2024,New,C-130J-30 version,40.0,200.0,200.0
Indonesia,United States,2014,10.0,APG-68,combat aircraft radar,10.0,2020; 2021,New,For modernisation of 10 F-16A Block-15OCU combat aircraft to F-16C Block-50 version; APG-68(V)9 version,2.0,20.0,20.0
Indonesia,United States,2017,16.0,AAQ-33 Sniper ATP,aircraft electro-optical system,16.0,2019; 2020; 2021,New,For F-16 combat aircraft,1.0,16.0,16.0
Indonesia,United States,2025,,LM-2500,gas turbine,,,New,,7.0,0.0,0.0
Indonesia,United States,2013,2.0,APS-143(V),maritime patrol aircraft radar,2.0,2014,New,For 2 CN-235MPA MP aircraft produced in Indonesia,2.5,5.0,5.0
Indonesia,United States,2016,4.0,vehicle engine,vehicle engine,4.0,2017,New,Cummins ISC-350 (355hp) diesel engine for 4 Pandur-2 fire-support vehicles and armoured personnel carriers from Austria,0.03,0.12,0.12
Indonesia,United States,2016,1.0,King Air,light transport aircraft,1.0,2017,New,King Air-350i version; for VIP transport,2.85,2.85,2.85
Indonesia,United States,2017,20.0,vehicle engine,vehicle engine,20.0,2020,New,Detroit Diesel diesel engine for modernization of Indonesian PT-76 light tanks to PT-2000,0.03,0.6,0.6
Indonesia,United States,2014,2.0,Baron,light aircraft,2.0,2015,New,G58 Baron version; for training,0.7,1.4,1.4
Indonesia,United States,2013,3.0,vehicle engine,vehicle engine,3.0,2014,New,Caterpillar-3126 (300hp) diesel engine for 3 Bushmaster armoured personnel carriers from Australia,0.03,0.09,0.09
Indonesia,United States,2021,6.0,F-404,turbofan,,,New,For 6 T-50i trainer/combat aircraft from South Korea,2.2,13.2,0.0
Indonesia,United States,2014,140.0,AGM-114 Hellfire-2,anti-tank/air-to-surface missile,140.0,2017; 2018,New,AGM-114R3 version for AH-64E combat helicopters,0.05,7.0,7.0
Indonesia,United States,2012,4.0,APG-78 Longbow,combat helicopter radar,4.0,2017; 2018,New,For 4 AH-64E combat helicopters,3.0,12.0,12.0
Indonesia,United States,2012,3.0,aircraft engine,aircraft engine,3.0,2018,New,General Electric T-700-701D (2215hp) turboshaft; spares for AH-64E combat helicopters,0.75,2.25,2.25
Indonesia,United States,2025,32.0,F414,turbofan,,,New,For 16 KF-21 (KFX) combat aircraft from South Korea,2.5,80.0,0.0
Indonesia,United States,2014,2.0,HELRAS,anti-submarine sonar,2.0,2019; 2020,New,For 2 AS-565S (AS-565MBe) ASW helicopters from France; first 10 AS-565 delivered without HELRAS (to be fitted later),2.0,4.0,4.0
Indonesia,United States,1996,16.0,APG-66,combat aircraft radar,6.0,2006; 2007,New,For 16 Hawk-200 combat aircraft from UK; status of last 6 uncertain after US arms embargo during 1999-2006 against Indonesia,1.5,24.0,9.0
Indonesia,United States,2024,2.0,LM-2500,gas turbine,2.0,2025,New,For 2 PPA (Brawijaya class) frigates from Italy; from production line in Italy,7.0,14.0,14.0
Indonesia,United States,2017,36.0,AIM-120C AMRAAM,long-range air-to-air missile,36.0,2019; 2021; 2022,New,For F-16 combat aircraft,0.6,21.6,21.6
Indonesia,United States,2012,24.0,F-16C,fighter/ground-attack aircraft,24.0,2014; 2015; 2016; 2017,Second hand but modernized,Second-hand F-16C Block-25 delivered as aid but modernized before delivery to similar to F-16 Block-52 version; $670-750 m 'Peace Bima-Sena-2' deal; incl 5 F-16D trainer/combat version (6 more F-16C delivered for spare parts only),18.81,451.44,451.44
Indonesia,United States,1996,1.0,F-5E Tiger-2,fighter/ground-attack aircraft,1.0,2006,Second hand,Second-hand but modernized in USA; delivery embargoed by USA 1999-2006,4.2,4.2,4.2
Indonesia,United States,2011,16.0,F-404,turbofan,16.0,2013; 2014,New,For 16 T-50 trainer/combat aircraft from South Korea,2.2,35.2,35.2
Iraq,United States,2010,21.0,M-88,armoured recovery vehicle,21.0,2011,Second hand but modernized,Second-hand but modernized before delivery; aid; M-88A1 version,0.99,20.79,20.79
Iraq,United States,2007,12.0,Cessna-172,light/trainer aircraft,12.0,2007; 2008; 2009,New,Cessna-172S version; option on 6 more not used,0.1,1.2,1.2
Iraq,United States,2023,15.0,Bell-505 Jet Ranger X,light helicopter,15.0,2024; 2025,New,For traiining,0.9,13.5,13.5
Iraq,United States,2006,50.0,M-113,armoured personnel carrier,50.0,2006; 2007,Second hand,Second-hand; aid; M-113A2 version,0.1,5.0,5.0
Iraq,United States,2017,134.0,HMMWV-UA,armoured personnel carrier,134.0,2017,New,Part of $42 m deal; M-1151A1B1 version; for Kurdish Regional Government forces,0.13,17.42,17.42
Iraq,United States,2018,120.0,M-1117 Guardian,armoured personnel carrier,120.0,2019; 2020,Second hand,Probably second-hand,0.16,19.2,19.2
Iraq,United States,2014,5000.0,AGM-114 Hellfire-2,anti-tank/air-to-surface missile,5000.0,2015; 2016; 2017,New,AGM-114K; AGM-114N and AGM-114R versions,0.05,250.0,250.0
Iraq,United States,2014,296.0,Caiman,armoured personnel carrier,296.0,2014; 2015; 2017,Second hand,Second-hand; aid,0.1,29.6,29.6
Iraq,United States,2007,20.0,Bell-206,light helicopter,20.0,2008; 2009,Second hand,Second-hand; incl 10 OH-58C and 10 Bell-206B version; aid,0.28,5.6,5.6
Iraq,United States,2005,11.0,Cessna-208 Caravan,light transport aircraft,11.0,2007; 2008; 2009,New,Including 3 AC-208B armed version,1.0,11.0,11.0
Iraq,United States,2004,3.0,C-130E Hercules,transport aircraft,3.0,2005,Second hand,Second-hand; aid,9.6,28.8,28.8
Iraq,United States,2004,7.0,Comp Air-7SL,light aircraft,7.0,2004,New,Financed by UAE; assembled from kits in UAE,0.24,1.68,1.68
Iraq,United States,2007,27.0,Cougar,armoured personnel carrier,27.0,2008,New, ILAV (Iraqi Light Armored Vehicle or Badger) 4x4 version,0.35,9.45,9.45
Iraq,United States,2009,109.0,Cougar,armoured personnel carrier,109.0,2010,New,$59 m deal; ILAV (Iraqi Light Armored Vehicle or Badger) 4x4 version,0.35,38.15,38.15
Iraq,United States,2008,140.0,M-1A1 Abrams,tank,140.0,2010; 2011; 2012,New,Second-hand M-1A1 rebuilt to M-1A1AIM version; option on 140 more,4.0,560.0,560.0
Iraq,United States,2008,20.0,AGM-114L Hellfire Longbow,anti-tank missile,20.0,2009,New,For AC-208B (Cessna-208) aircraft,0.07,1.4,1.4
Iraq,United States,2009,24.0,Bell-407,light helicopter,24.0,2012; 2013,New,$60 m deal; armed version; option on 26 more,1.3,31.2,31.2
Iraq,United States,2008,64.0,HMMWV-UA,armoured personnel carrier,64.0,2010,New,M-1151 and M-1152 version,0.13,8.32,8.32
Iraq,United States,2008,20.0,M-113,armoured personnel carrier,20.0,2010,Second hand,Probably Second-hand; incl 12 M-577A2 Command Post version,0.1,2.0,2.0
Iraq,United States,2008,8.0,M-88A2 HERCULES,armoured recovery vehicle,8.0,2010,New,,2.0,16.0,16.0
Iraq,United States,2008,122.0,M-1117 Guardian,armoured personnel carrier,122.0,2008; 2009,New,,0.4,48.8,48.8
Iraq,United States,2009,9.0,Swiftships-35m,patrol boat,9.0,2010; 2011; 2012,New,$181 m deal,6.0,54.0,54.0
Iraq,United States,2009,3.0,Bell-407,light helicopter,3.0,2010,New,$6.9 m deal; T-407 trainer version,1.3,3.9,3.9
Iraq,United States,2010,2.0,AMP-137,patrol ship,2.0,2012,New,$70 m deal,21.0,42.0,42.0
Iraq,United States,2010,80.0,M-1117 Guardian,armoured personnel carrier,80.0,2011; 2012; 2013,New,$85 m deal; incl 8 command post version,0.4,32.0,32.0
Iraq,United States,2011,1.0,TPS-77,air-search radar,1.0,2013,New,$26 m deal; designation uncertain,11.0,11.0,11.0
Iraq,United States,2011,9.0,Cougar,armoured personnel carrier,9.0,2012,New,Part of $9.2 m deal; ILAV (Iraqi Light Armored Vehicle or Badger) 4x4 version,0.35,3.15,3.15
Iraq,United States,2012,4.0,APG-68,combat aircraft radar,4.0,2015,New,AN/APG-68(V)9 version; spares for F-16 combat aircraft,2.0,8.0,8.0
Iraq,United States,2010,3.0,Bell-407,light helicopter,3.0,2011,New,,1.3,3.9,3.9
Iraq,United States,2012,4.0,DB-110,aircraft reconnaissance system,4.0,2015; 2016,New,$71 m deal; for use on F-16 combat aircraft,4.0,16.0,16.0
Iraq,United States,2012,200.0,Stinger,portable surface-to-air missile,200.0,2013; 2014,New,For Avenger SAM systems; probably aid,0.08,16.0,16.0
Iraq,United States,2012,8.0,M-88A2 HERCULES,armoured recovery vehicle,8.0,2014,New,$32 m deal,2.0,16.0,16.0
Iraq,United States,2012,20.0,AAQ-33 Sniper ATP,aircraft electro-optical system,20.0,2015,New,$32 m deal,1.0,20.0,20.0
Iraq,United States,2011,18.0,F-16C Block-50,fighter/ground-attack aircraft,18.0,2014; 2015,New,Part of $3 b deal; F-16C Block-52 or F-16IQ version (incl 6 F-16D),31.0,558.0,558.0
Iraq,United States,2010,120.0,M-198 155mm,towed gun,120.0,2011; 2012; 2013,Second hand,Second-hand; aid,0.34,40.8,40.8
Iraq,United States,2013,24.0,F-404,turbofan,24.0,2016,New,For 24 T-50 trainer/combat aircraft from South Korea,2.2,52.8,52.8
Iraq,United States,2009,6.0,C-130J Hercules,transport aircraft,6.0,2012; 2013,New,$293 m deal; C-130J-30 version,40.0,240.0,240.0
Iraq,United States,2011,3.0,Swiftships-35m,patrol boat,3.0,2013,New,$42 m deal; option on 3 more,6.0,18.0,18.0
Iraq,United States,2013,13.0,MPQ-64 Sentinel,air-search radar,13.0,2013; 2014,New,,5.0,65.0,65.0
Iraq,United States,2014,16.0,Bell-407,light helicopter,16.0,2015,New,Armed version,1.3,20.8,20.8
Iraq,United States,2007,5.0,King Air-350 ISR,ground surveillance aircraft,5.0,2008,New,Part of $132 m 'Peace Dragon' deal,11.0,55.0,55.0
Iraq,United States,2010,834.0,M-113,armoured personnel carrier,834.0,2011; 2012; 2013,Second hand but modernized,Second-hand but modernized before delivery; aid; M-113A2 version; incl command post; mortar-carrier; ambulance and other versions,0.17,137.61,137.61
Iraq,United States,2013,24.0,F-404,turbofan,24.0,2016; 2017,New,For 24 T-50 trainer/combat aircraft from South Korea,2.2,52.8,52.8
Iraq,United States,2007,1.0,King Air,light transport aircraft,1.0,2007,New,Part of $160 m deal; King Air-350ER version,2.85,2.85,2.85
Iraq,United States,2006,378.0,Cougar,armoured personnel carrier,378.0,2006; 2007,New,$180 m deal; ILAV (Iraqi Light Armored Vehicle or Badger) 4x4 version,0.35,132.3,132.3
Iraq,United States,2006,20.0,Cougar,armoured personnel carrier,20.0,2007,New,$7.8m deal; ILAV (Iraqi Light Armored Vehicle or Badger) 4x4 version,0.35,7.0,7.0
Iraq,United States,2005,16.0,UH-1H Huey-2,helicopter,16.0,2007,New,Iraqi UH-1H rebuilt to Huey-2,3.1,49.6,49.6
Iraq,United States,2008,565.0,K-6 120mm,mortar,565.0,2009; 2010; 2011; 2012,New,M-120 version,0.25,141.25,141.25
Iraq,United States,2005,8500.0,HMMWV-UA,armoured personnel carrier,8500.0,2006; 2007; 2008; 2009,Second hand,Second-hand; aid; M-1114 version,0.05,442.0,442.0
Iraq,United States,2011,300.0,Paveway,guided bomb,300.0,2015,New,Incl 50 GBU-10; 50 GBU-24 and 200 GBU-12 Paveway-2 versions,0.02,6.0,6.0
Iraq,United States,2014,1.0,King Air-350 ISR,ground surveillance aircraft,1.0,2016,New,Part of $27-35 m deal; King Air-350ER version,11.0,11.0,11.0
Iraq,United States,2016,10.0,MaxxPro,armoured personnel carrier,10.0,2016,New,Aid; for Kurdish Peshmerga forces,0.32,3.2,3.2
Iraq,United States,2016,60.0,M-1117 Guardian,armoured personnel carrier,60.0,2016,New,$66 m deal; Commando Select version; incl 4 command post version,0.4,24.0,24.0
Iraq,United States,2013,18.0,F-16C Block-50,fighter/ground-attack aircraft,18.0,2016; 2017,New,$830 m deal; F-16C Block-52 or F-16IQ version,31.0,558.0,558.0
Iraq,United States,2015,100.0,K-6 120mm,mortar,100.0,2015; 2016,New,Possibly second-hand; designation uncertain (reported as '120mm mortar'),0.25,25.0,25.0
Iraq,United States,2016,36.0,M-198 155mm,towed gun,36.0,2017; 2018,Second hand,Second-hand; aid,0.34,12.24,12.24
Iraq,United States,2014,1000.0,HMMWV-UA,armoured personnel carrier,1000.0,2015; 2016; 2017,New,,0.13,130.0,130.0
Iraq,United States,2014,2620.0,HMMWV-UA,armoured personnel carrier,2620.0,2015; 2016; 2017,New,Possibly second-hand; aid,0.13,340.6,340.6
Iraq,United States,2017,24.0,L-118 105mm,towed gun,24.0,2024,Second hand,Second-hand; aid; M-119A2 version; for Peshmerga Regional Brigades,0.24,5.76,5.76
Iraq,United States,2012,8.0,Avenger,mobile surface-to-air missile system,8.0,2013; 2014,Second hand,Probably second-hand; aid,0.25,2.02,2.02
Iraq,United States,2008,200.0,AGM-114 Hellfire-2,anti-tank/air-to-surface missile,200.0,2012; 2013,New,AGM-114M version; for Bell-407 helicopters,0.05,10.0,10.0
Iraq,United States,2010,44.0,M-109A5 155mm,self-propelled gun,44.0,2011,Second hand,Second-hand,0.5,22.0,22.0
Iraq,United States,2013,175.0,AGM-114 Hellfire-2,anti-tank/air-to-surface missile,175.0,2013; 2014,New,,0.05,8.75,8.75
Iraq,United States,2014,1500.0,AGM-114 Hellfire-2,anti-tank/air-to-surface missile,1500.0,2014,New,Aid against Islamic States rebels,0.05,75.0,75.0
Iraq,United States,2015,50.0,MaxxPro,armoured personnel carrier,50.0,2015,Second hand,Second-hand; aid; mine-clearance version,0.13,6.4,6.4
Iraq,United States,2015,29.0,Cougar,armoured personnel carrier,29.0,2016,New,'ITEF' (Iraqi Train and Equip Funding) aid; ILAV (Iraqi Light Armored Vehicle or Badger) 4x4 version,0.35,10.15,10.15
Iraq,United States,2019,1.0,TPS-77,air-search radar,1.0,2022,New,Designation uncertain; reported as Long-Range Radar 3,11.0,11.0,11.0
Iraq,United States,2022,82.0,K-6 120mm,mortar,82.0,2023,Second hand,Probably second-hand; aid; M-120 version; designation uncertain (reportrted as '120mm mortar'); for Peshmerga Regional Brigades,0.1,8.2,8.2
Iraq,United States,2004,19.0,M-1117 Guardian,armoured personnel carrier,19.0,2005,New,,0.4,7.6,7.6
Iraq,United States,2015,2000.0,WGU-59 APKWS,air-to-surface missile,2000.0,2016; 2017; 2018,New,,0.01,20.0,20.0
Iraq,United States,2006,1.0,TPS-77,air-search radar,1.0,2009,New,,11.0,11.0,11.0
Iraq,United States,2004,43.0,M-1117 Guardian,armoured personnel carrier,43.0,2004; 2005,New,$50 m deal; incl 2 command post version,0.4,17.2,17.2
Iraq,United States,2011,50.0,AGM-65 Maverick,air-to-surface missile,50.0,2015,New,,0.15,7.5,7.5
Iraq,United States,2011,100.0,AIM-9L Sidewinder,short-range air-to-air missile,100.0,2015,New,Possibly incl AIM-9M version,0.11,11.0,11.0
Iraq,United States,2011,150.0,AIM-7M Sparrow,long-range air-to-air missile,150.0,2015; 2016,New,,0.18,27.0,27.0
Iraq,United States,2013,100.0,AIM-9L Sidewinder,short-range air-to-air missile,100.0,2016; 2017,New,Possibly incl AIM-9M version,0.11,11.0,11.0
Iraq,United States,2013,150.0,AIM-7M Sparrow,long-range air-to-air missile,150.0,2016; 2017,New,,0.18,27.0,27.0
Iraq,United States,2013,300.0,Paveway,guided bomb,300.0,2016; 2017,New,Incl 50 GBU-10; 50 GBU-24 and 200 GBU-12 Paveway-2 versions,0.02,6.0,6.0
Iraq,United States,2013,50.0,AGM-65 Maverick,air-to-surface missile,50.0,2016,New,,0.15,7.5,7.5
Iraq,United States,2014,8.0,M-88A2 HERCULES,armoured recovery vehicle,8.0,2015,Second hand,Second-hand; aid,0.8,6.4,6.4
Iraq,United States,2014,17.0,Caiman,armoured personnel carrier,17.0,2014; 2015,Second hand,Second-hand; aid for Iraqi Government and Kurdish Regional Government against Islamic State rebels,0.1,1.7,1.7
Iraq,United States,2014,6.0,M-1A1 Abrams,tank,6.0,2015,Second hand,Second-hand; aid,1.6,9.6,9.6
Iraq,United States,2009,15.0,T-6 Texan-2,(armed) trainer aircraft,15.0,2009; 2010,New,Part of $257 m deal; T-6A version,2.0,30.0,30.0
Ireland,United States,2006,2.0,APS-143(V),maritime patrol aircraft radar,2.0,2007; 2008,New,Part of EUR12.5 m deal for modernization of 2 CN-235 MP aircraft,2.5,5.0,5.0
Ireland,United States,2002,36.0,FGM-148 Javelin,anti-tank missile,36.0,2006,New,$12.5 m deal,0.03,1.08,1.08
Israel,United States,2025,2166.0,GBU-39 SDB,guided glide bomb,100.0,2025,New,,0.02,43.32,2.0
Israel,United States,2002,54.0,M-106,self-propelled mortar,54.0,2002,Second hand,Probably second-hand; possibly incl some M-113 APC version,0.2,10.8,10.8
Israel,United States,2006,50.0,M-106A3,self-propelled mortar,50.0,2007; 2008; 2009,Second hand,Second-hand; M-1064A3 version; 2 more delivered for spare parts only,0.22,11.0,11.0
Israel,United States,2025,3000.0,AGM-114 Hellfire-2,anti-tank/air-to-surface missile,,,New,Deliveries planned from 2028,0.05,150.0,0.0
Israel,United States,2025,17479.0,JDAM,guided bomb,1000.0,2025,New,Aid,0.02,349.58,20.0
Israel,United States,2022,,Terrier LT-79,armoured personnel carrier,,,New,,0.14,0.0,0.0
Israel,United States,2001,1000.0,JDAM,guided bomb,1000.0,2002,New,,0.02,20.0,20.0
Israel,United States,2004,500.0,Paveway,guided bomb,500.0,2005; 2006,New,GBU-27 Paveway-3 version,0.02,10.0,10.0
Israel,United States,2000,700.0,JDAM,guided bomb,700.0,2000; 2001,New,$45 m deal,0.02,14.0,14.0
Israel,United States,2002,1000.0,JDAM,guided bomb,1000.0,2003,New,$27 m deal,0.02,20.0,20.0
Israel,United States,2004,840.0,JDAM,guided bomb,840.0,2005,New,$17.5 m deal,0.02,16.8,16.8
Israel,United States,2011,531.0,Namer,armoured personnel carrier,477.0,2014; 2015; 2016; 2017; 2018; 2019; 2020; 2021; 2022; 2023; 2024; 2025,New,'FMF' aid; designed in Israel but produced in USA for Israel,1.5,796.5,715.5
Israel,United States,2021,4.0,KC-46A Pegasus,tanker/transport aircraft,,,New,$927 m 'FMF' aid; delivery planned 2026,90.0,360.0,0.0
Israel,United States,2011,160.0,M-106A3,self-propelled mortar,160.0,2012,Second hand,Second-hand; M-1064A2 version with 120mm mortar,0.22,35.2,35.2
Israel,United States,2000,50.0,vehicle engine,vehicle engine,25.0,2004,New,AVDS-1790-9AR (908hp) diesel engine for Namer armoured personnel carriers produced in Israel,0.16,8.0,4.0
Israel,United States,2007,50.0,GBU-28,guided bomb,50.0,2009,New,,0.1,5.0,5.0
Israel,United States,2019,2.0,Kuroda,landing ship,2.0,2023; 2024,New,'FMF' aid; Israeli designation Nashon,40.0,80.0,80.0
Israel,United States,2017,4100.0,GBU-39 SDB,guided glide bomb,4100.0,2018; 2019; 2020; 2021; 2022,New,,0.02,82.0,82.0
Israel,United States,1975,1500.0,vehicle engine,vehicle engine,230.0,2000; 2001; 2002; 2003,New,AVDS-1790-5A; AVDS-1790-6A and AVDS-1790-9AR (900-908hp) diesel engine for some 1280 Merkava-1/2/3 tanks produced in Israel and for modernization of M-60 tanks to Magach-7C version,0.16,240.0,36.8
Israel,United States,2015,100.0,vehicle engine,vehicle engine,100.0,2016; 2017,New,$16 m deal; probably 16V-92 (710-850hp) diesel engine; for modernization of Achzarit infantry fighting vehicles,0.11,11.0,11.0
Israel,United States,2017,50.0,vehicle engine,vehicle engine,50.0,2018; 2019,New,$10.5 m 'FMF' aid; probably 16V-92 (710-850hp) diesel engine; for modernization of Achzarit infantry fighting vehicles,0.11,5.5,5.5
Israel,United States,2010,100.0,vehicle engine,vehicle engine,100.0,2011; 2012,New,$21 m deal; probably 16V-92 (710-850hp) diesel engine; for modernization of Achzarit infantry fighting vehicles,0.11,11.0,11.0
Israel,United States,1999,50.0,F-16I,fighter/ground-attack aircraft,50.0,2004; 2005; 2006,New,$2.5 b 'Peace Marble-5 Phase-1' deal (financed by US 'FMF' aid; offsets 25% incl production of components in Israel); Israeli designation Suefa,37.5,1875.0,1875.0
Israel,United States,2010,19.0,F-35A Lightning-2,fighter/ground-attack aircraft,19.0,2016; 2017; 2018; 2019,New,$2.7 b 'FMF' aid; incl production of components in Israel; F-35I version,55.0,1045.0,1045.0
Israel,United States,2001,52.0,F-16I,fighter/ground-attack aircraft,52.0,2006; 2007; 2008; 2009,New,$2 b 'Peace Marble-5 Phase-2' deal (incl $1.3 b for aircraft and $300 m for engines; offsets $800 m incl production of components in Israel); Israeli designation Suefa,37.5,1950.0,1950.0
Israel,United States,2016,1588.0,JDAM,guided bomb,1588.0,2019,New,,0.02,31.76,31.76
Israel,United States,2001,40.0,Popeye,air-to-surface missile,40.0,2002; 2003,New,$31 m deal; AGM-142F-1/2 versions; designed by Israel but produced in and bought from USA to use US 'FMF' aid,0.9,36.0,36.0
Israel,United States,2001,12.0,AH-64D Apache Longbow,combat helicopter,12.0,2005; 2006,New,$509 m deal (financed by US 'FMF' aid); incl 3 Israeli AH-64A rebuilt to AH-64D; Israeli designation Sharaf,15.5,186.0,186.0
Israel,United States,2005,100.0,GBU-28,guided bomb,100.0,2006,New,,0.1,10.0,10.0
Israel,United States,2005,42.0,AH-1F Cobra,combat helicopter,42.0,2006,Second hand,Second-hand; aid,3.0,126.0,126.0
Israel,United States,2008,1000.0,GBU-39 SDB,guided glide bomb,1000.0,2010; 2011; 2012,New,$77 m deal; Israeli designation Sharp Hail,0.02,20.0,20.0
Israel,United States,2011,3.0,AH-64D Apache Longbow,combat helicopter,3.0,2012,New,Israeli AH-64A rebuilt to AH-64D; Israeli designation Saraf,15.5,46.5,46.5
Israel,United States,2007,2350.0,JDAM,guided bomb,2350.0,2007; 2008,New,Replacing JDAM used in 2006 war against Hezbollah in Lebenon,0.02,47.0,47.0
Israel,United States,2013,2701.0,JDAM,guided bomb,2701.0,2014; 2015,New,$66 m deal,0.02,54.02,54.02
Israel,United States,2004,6.0,APG-78 Longbow,combat helicopter radar,6.0,2006,New,For AH-64D combat helicopters,3.0,18.0,18.0
Israel,United States,2010,1.0,Boeing-707,transport aircraft,1.0,2011,Second hand,Second-hand but modernized and modified to tanker aircraft after delivery,17.8,17.8,17.8
Israel,United States,2011,1.0,T-6 Texan-2,(armed) trainer aircraft,1.0,2012,New,T-6A version; Israeli designation Efroni,2.0,2.0,2.0
Israel,United States,2012,60.0,F-124,turbofan,60.0,2014; 2015; 2016,New,$735 m deal; funded by 'FMF' aid; for 30 M-346 trainer aircraft from Italy,1.0,60.0,60.0
Israel,United States,1999,300.0,vehicle engine,vehicle engine,300.0,2000; 2001; 2002,New,16V-92 (710-850hp) diesel engine for Achzarit Mk-2 infantry fighting vehicles produced in Israel,0.11,33.0,33.0
Israel,United States,2017,17.0,F-35A Lightning-2,fighter/ground-attack aircraft,12.0,2022; 2023; 2025,New,'FMF' aid; incl production of components in Israel; F-35I version,55.0,935.0,660.0
Israel,United States,2002,15.0,M-113,armoured personnel carrier,15.0,2003,Second hand,Second-hand; aid; XM-981 version,0.1,1.5,1.5
Israel,United States,2014,28.0,AIM-9X Sidewinder,long-range air-to-air missile,28.0,2016; 2017; 2019; 2020,New,AIM-9X Block-2 and Block-3 versions; possibly incl for evaluation,0.18,5.04,5.04
Israel,United States,2001,8.0,King Air,light transport aircraft,8.0,2002; 2003,New,B200CT version; modified in Israel for SIGINT; Israeli designation Zufit-3,2.85,22.8,22.8
Israel,United States,2024,25.0,APG-82,combat aircraft radar,,,New,'FMF' aid; APG-82(V)1 version for modernization of 25 F-15I combat aircraft to F-15IA,2.5,62.5,0.0
Israel,United States,2021,12.0,CH-53K King Stallion,transport helicopter,,,New,$2 b 'FMF' aid; delivery planned from 2028,0.0,0.0,0.0
Israel,United States,2015,14.0,F-35A Lightning-2,fighter/ground-attack aircraft,14.0,2019; 2020; 2021; 2022,New,$2.8 b 'FMF' aid; incl production of components in Israel; F-35I version,55.0,770.0,770.0
Israel,United States,2021,1800.0,JDAM,guided bomb,1800.0,2023,New,Part of $735 m deal,0.02,36.0,36.0
Israel,United States,2010,3.0,C-130J Hercules,transport aircraft,3.0,2013; 2014; 2015,New,$250 m deal; Israeli designation Samson,40.0,120.0,120.0
Israel,United States,2012,1500.0,JDAM,guided bomb,1500.0,2013,New,,0.02,30.0,30.0
Israel,United States,2015,100.0,JDAM,guided bomb,100.0,2016,New,,0.02,2.0,2.0
Israel,United States,2014,3000.0,JDAM,guided bomb,3000.0,2015; 2016,New,$66 m. deal,0.02,60.0,60.0
Israel,United States,2010,150.0,JDAM,guided bomb,150.0,2010,New,LJDAM version,0.02,3.0,3.0
Israel,United States,2015,250.0,AIM-120C AMRAAM,long-range air-to-air missile,250.0,2016; 2017; 2018; 2019; 2020,New,AIM-120C-7 version,0.6,150.0,150.0
Israel,United States,2009,3450.0,JDAM,guided bomb,3450.0,2010; 2011; 2012,New,,0.02,69.0,69.0
Israel,United States,2012,3450.0,GBU-39 SDB,guided glide bomb,3450.0,2015; 2016; 2017,New,,0.02,69.0,69.0
Israel,United States,2015,700.0,Paveway,guided bomb,700.0,2018; 2019,New,,0.02,14.0,14.0
Israel,United States,2021,1000.0,GBU-39 SDB,guided glide bomb,1000.0,2023,New,Part of $735 m deal,0.02,20.0,20.0
Israel,United States,2015,15.0,M-270 MLRS,multiple rocket launcher,15.0,2015,Second hand,Second-hand,0.88,13.2,13.2
Israel,United States,2016,9.0,F-15C Eagle,fighter/ground-attack aircraft,9.0,2016,Second hand,Second-hand; aid; F-15D version; possibly (partly) for spare parts,19.0,171.0,171.0
Israel,United States,2016,1000.0,GMLRS,guided rocket,1000.0,2017; 2018,New,,0.08,80.0,80.0
Israel,United States,2017,1.0,Gulfstream-5,light transport aircraft,1.0,2023,New,G-550 version; modified in Israel to Oron AGS/SIGINT aircraft,28.0,28.0,28.0
Israel,United States,2001,3.0,Gulfstream-5,light transport aircraft,3.0,2006; 2007,New,$174-206 m deal (partly financed by US 'FMF' aid); modified in Israel to G-550 Shavit SIGINT aircraft,28.0,84.0,84.0
Israel,United States,2003,2.0,Gulfstream-5,light transport aircraft,2.0,2007,New,Part of $473 m deal (partly financed by US 'FMF' aid); G-550 version; modified in Israel to Eitam AEW aircraft,28.0,56.0,56.0
Israel,United States,2013,4.0,C-130J Hercules,transport aircraft,4.0,2016; 2018,New,Israeli designation Samson,40.0,160.0,160.0
Israel,United States,2017,8.0,SH-60B Seahawk,anti-submarine helicopter,8.0,2025,Second hand,Second-hand but possibly modernized before delivery; SH-60F version,6.8,54.4,54.4
Israel,United States,2002,2030.0,BGM-71 TOW,anti-tank missile,2030.0,2003; 2004,New,$80 m deal; TOW-2A version,0.01,20.3,20.3
Israel,United States,2002,400.0,BGM-71F TOW-2B,anti-tank missile,400.0,2003; 2004,New,Part of $52 m deal; TOW-2A/TOW-2B version,0.02,8.0,8.0
Israel,United States,2001,48.0,AIM-120C AMRAAM,long-range air-to-air missile,48.0,2003; 2004,New,,0.6,28.8,28.8
Israel,United States,2002,6.0,King Air,light transport aircraft,6.0,2003,New,B200CT version; for training; Israeli designation Zufit-5,2.85,17.1,17.1
Israel,United States,2004,6.0,AH-64D Apache Longbow,combat helicopter,6.0,2006,New,$200 m deal; Israeli AH-64A rebuilt to AH-64D; Israeli designation Saraf,15.5,93.0,93.0
Israel,United States,1998,30.0,AAQ-13 LANTIRN,combat aircraft radar,30.0,2000; 2001,New,For F-15I combat aircraft,1.0,30.0,30.0
Israel,United States,2023,75.0,L-ATV,armoured personnel carrier,75.0,2024,New,JLTV version,0.18,13.5,13.5
Israel,United States,2025,5000.0,JDAM,guided bomb,,,New,Delivery planned from 2028,0.02,100.0,0.0
Israel,United States,2024,10.0,F-110,turbofan,,,New,F-110-GE-129 version,3.25,32.5,0.0
Israel,United States,1998,30.0,AAQ-14 LANTIRN,aircraft electro-optical system,30.0,2000; 2001,New,For F-15I combat aircraft,1.0,30.0,30.0
Israel,United States,2024,25.0,F-35A Lightning-2,fighter/ground-attack aircraft,,,New,$3 b deal; incl production of components in Israel; F-35I version; delivery planned from 2027,55.0,1375.0,0.0
Israel,United States,2008,20.0,T-6 Texan-2,(armed) trainer aircraft,20.0,2009; 2010,New,$124 m deal (funded by US 'FMF' aid); T-6A version; Israeli designation Efroni,2.0,40.0,40.0
Israel,United States,2012,300.0,M-113,armoured personnel carrier,300.0,2013; 2014; 2015,Second hand,Second-hand; aid; M-577A2 command post version,0.1,30.0,30.0
Israel,United States,2024,25.0,F-15 Advanced Eagle,fighter/ground-attack aircraft,,,New,F-15IA version; option on 25 more; delivery planned from 2031,75.0,1875.0,0.0
Israel,United States,2019,,vehicle engine,vehicle engine,1.0,2025,New,Caterpillar C-15 (600hp) diesle engine for SIGMA 155mm self-propelled gun produced in Israel,0.08,0.0,0.08
Israel,United States,2004,200.0,AGM-114 Hellfire-2,anti-tank/air-to-surface missile,200.0,2006,New,Part of $50 m deal; AGM-114K and AGM-114M versions,0.05,10.0,10.0
Israel,United States,2023,2.0,Iron Dome,surface-to-air missile system,2.0,2023,Second hand,Second-hand; lease,10.0,20.0,20.0
Israel,United States,2025,,Tamir,surface-to-air missile,,,New,$1.3 b deal; designed in Israel but produced in USA for Israel; for Iron Dome air-defence systems,0.15,0.0,0.0
Israel,United States,2023,75.0,L-ATV,armoured personnel carrier,75.0,2023; 2024,New,Aid; $33 m deal; JLTV version,0.18,13.5,13.5
Israel,United States,2023,,AGM-114 Hellfire-2,anti-tank/air-to-surface missile,3300.0,2023; 2024; 2025,Second hand,Second-hand; aid,0.02,0.0,66.0
Israel,United States,2025,2.0,KC-46A Pegasus,tanker/transport aircraft,,,New,Aid; selected but not yet ordered by end-2025,90.0,180.0,0.0
Israel,United States,2022,,David,armoured personnel carrier,179.0,2022; 2023; 2024; 2025,New,,0.11,0.0,19.69
Israel,United States,2021,4.0,aircraft engine,aircraft engine,,,New,General Electric T-408-GE-400 turboshaft; spare engines for CH-53K helicopters,2.0,8.0,0.0
Israel,United States,2001,30.0,AH-1F Cobra,combat helicopter,30.0,2002; 2005,Second hand,Second-hand; aid,3.0,90.0,90.0
Israel,United States,1998,16.0,Harpoon Block-1,anti-ship missile,16.0,2001; 2002,New,$26 m deal,0.9,14.4,14.4
Israel,United States,1998,64.0,AIM-120A AMRAAM,long-range air-to-air missile,45.0,2000; 2001,New,$28 m deal,0.4,25.6,18.0
Israel,United States,1998,5.0,King Air,light transport aircraft,5.0,2000,New,B200T version; Israeli designation Zufit-2; incl for EW and ELINT/SIGINT,2.85,14.25,14.25
Israel,United States,1999,42.0,AIM-120A AMRAAM,long-range air-to-air missile,42.0,2001; 2002,New,AIM-120B version,0.4,16.8,16.8
Israel,United States,2001,24.0,S-70 Black Hawk,transport helicopter,24.0,2002,New,$212 m deal; S-70A-55 version; Israeli designation Yanshuf-3,7.25,174.0,174.0
Israel,United States,2000,1.0,Boeing-707,transport aircraft,1.0,2001,Second hand,Second-hand but modernized and modified to tanker aircraft after delivery,17.8,17.8,17.8
Israel,United States,2000,480.0,AGM-114L Hellfire Longbow,anti-tank missile,480.0,2005; 2006,New,AGM-114L3 version; for AH-64D helicopters,0.07,33.6,33.6
Israel,United States,2004,18.0,Bonanza,light aircraft,18.0,2004; 2005,New,$11 m deal; option on 6 more,0.24,4.32,4.32
Israel,United States,2023,300.0,Tamir,surface-to-air missile,300.0,2023,Second hand,Second-hand; aid; for Iron Dome air-defence systems,0.06,18.0,18.0
Israel,United States,2024,200.0,L-ATV,armoured personnel carrier,,,New,,0.18,36.0,0.0
Israel,United States,2023,,GBU-39 SDB,guided glide bomb,2600.0,2024,Second hand,Probably second-hand; aid,0.01,0.0,20.8
Israel,United States,2002,120.0,HMMWV-UA,armoured personnel carrier,120.0,2003; 2004,New,M-1114 version; for use in West Bank and Gaza Strip Palestinian areas,0.13,15.6,15.6
Israel,United States,2023,1200.0,JDAM,guided bomb,1200.0,2023,Second hand,Second-hand; aid after October 2023 Hamas attack on Israel,0.01,9.6,9.6
Israel,United States,2014,60.0,AAQ-14 LANTIRN,aircraft electro-optical system,60.0,2015,Second hand,Second-hand; aid,0.4,24.0,24.0
Italy,United States,2001,5.0,RQ-1 Predator,reconnaissance drone,5.0,2004,New,$55 m deal; RQ-1A version,2.0,10.0,10.0
Italy,United States,2025,2.0,G-550 Compass Call-2,electronic warfare aircraft,,,New,Part of 'P-MMMS/JAMMS' programme; option on 1 more,0.0,0.0,0.0
Italy,United States,2025,94.0,AIM-120D AMRAAM,long-range air-to-air missile,,,New,Incl 64 AIM-120C-8 and 30 AIM-120D-3 versions,0.8,75.2,0.0
Italy,United States,2008,2.0,MQ-9 Reaper,reconnaissance drone,2.0,2010,New,RQ-9 (RQ-1B) version,6.5,13.0,13.0
Italy,United States,1999,25.0,vehicle engine,vehicle engine,25.0,2000; 2001; 2002,New,Cummins VTA-903 (525hp) diesel engine for modernization of 25 LVTP-7 armoured personnnel carriers to AAV-7RAM/RS version,0.08,2.0,2.0
Italy,United States,2016,5.0,FJ44-4,turbofan,5.0,2020; 2021,New,FJ44-4M version for 5 M-345 trainer aircraft produced in Italy,0.6,3.0,3.0
Italy,United States,2016,50.0,JDAM,guided bomb,50.0,2020; 2021,New,For modernized MQ-9 UAV,0.02,1.0,1.0
Italy,United States,2006,75.0,F-35A Lightning-2,fighter/ground-attack aircraft,36.0,2015; 2016; 2017; 2018; 2019; 2020; 2021; 2022; 2023; 2024; 2025,New,Produced under licence in Italy,55.0,4125.0,1980.0
Italy,United States,2021,4.0,Gulfstream-5,light transport aircraft,,,New,Part of 'P-MMMS/JAMMS' programme; G-550 version; incl for modification to ISR/electronic warfare aircraft,28.0,112.0,0.0
Italy,United States,2019,13.0,FJ44-4,turbofan,5.0,2024; 2025,New,FJ44-4M version for 13 M-345 trainer aircraft produced in Italy,0.6,7.8,3.0
Italy,United States,2016,50.0,Paveway,guided bomb,50.0,2020; 2021,New,For modernized MQ-9 UAV,0.02,1.0,1.0
Italy,United States,2009,160.0,AGM-88E AARGM,anti-radar missile,160.0,2017; 2018; 2019; 2020; 2021; 2022,New,Mainly Italian AGM-88 rebuilt to AGM-88E AARGM (incl production of components in Italy),0.6,96.0,96.0
Italy,United States,2016,5.0,LM-2500,gas turbine,4.0,2022; 2023; 2024,New,LM-2500+G4 (43000hp) version; produced under licence in Italy; for 7 PPA frigates produced in Italy,7.0,35.0,28.0
Italy,United States,2020,2.0,LM-2500,gas turbine,2.0,2025,New,LM-2500+G4 version; for 2 Bergamini (FREMM) frigates produced in Italy; produced under licence in Italy,7.0,14.0,14.0
Italy,United States,2022,23.0,AIM-9X Sidewinder,long-range air-to-air missile,23.0,2025,New,AIM-9X Block-2 version; for F-35B combat aircraft,0.18,4.14,4.14
Italy,United States,2024,21.0,HIMARS,multiple rocket launcher,,,New,,2.2,46.2,0.0
Italy,United States,2003,92.0,aircraft engine,aircraft engine,92.0,2011; 2012; 2013; 2014; 2015; 2016; 2017; 2018; 2019; 2020; 2021; 2022; 2023,New,General Electric T-700-6E1 turboshaft for 46 NH90 NFH (SH-90A) anti-submarine helicopters produced in Italy; produced under licence in Italy,0.75,69.0,69.0
Italy,United States,2023,20.0,M-270 MLRS,multiple rocket launcher,,,New,Italian M-270B1 rebuilt to M-270A2; delivery planned by 2027,2.2,44.0,0.0
Italy,United States,1997,16.0,C-130J Hercules,transport aircraft,16.0,2000; 2001; 2002; 2003,New,Incl 6 C-130J-30 version,40.0,640.0,640.0
Italy,United States,2023,173.0,GBU-53/B StormBreaker,guided glide bomb,,,New,,0.0,0.0,0.0
Italy,United States,2000,4.0,C-130J Hercules,transport aircraft,4.0,2004; 2005,New,C-130J-30 version,40.0,160.0,160.0
Italy,United States,2002,4.0,KC-767 GTTA,tanker/transport aircraft,4.0,2011; 2012,New,$619 m deal (offsets up to $1.1 b incl assembly of 3 in Italy),75.0,300.0,300.0
Italy,United States,2001,940.0,JDAM,guided bomb,940.0,2002; 2003,New,,0.02,18.8,18.8
Italy,United States,1997,24.0,aircraft engine,aircraft engine,24.0,2001; 2002; 2003; 2004; 2005,New,General Electric T-700-T-6A3 turboshaft engine for 8 EH-101 anti-submarine helicopters produced in Italy; produced under licence in Italy,0.75,18.0,18.0
Italy,United States,2008,10.0,Cougar,armoured personnel carrier,10.0,2008,New,$8.3 m deal; incl 4 Buffalo version,0.35,3.5,3.5
Italy,United States,2005,500.0,Paveway,guided bomb,500.0,2006; 2007,New,GBU-12 and/or Enhanced Paveway-2 version,0.02,10.0,10.0
Italy,United States,2004,2.0,RQ-1 Predator,reconnaissance drone,2.0,2005,New,,2.0,4.0,4.0
Italy,United States,2011,3.0,APY-8 Lynx,ground-surveillance radar,3.0,2012,New,For MQ-9 (RQ-9) UAV from USA,2.5,7.5,7.5
Italy,United States,1997,233.0,AIM-120A AMRAAM,long-range air-to-air missile,233.0,2000; 2001; 2002; 2003,New,$116 m deal; AIM-120B version; for AV-8B+ combat aircraft,0.4,93.2,93.2
Italy,United States,2009,52.0,F-124,turbofan,52.0,2011; 2012; 2013; 2014; 2015; 2016; 2017; 2018; 2019; 2021; 2022,New,For 26 M-346 (T-346) trainer aircraft produced in Italy,1.0,52.0,52.0
Italy,United States,2010,500.0,GBU-39 SDB,guided glide bomb,500.0,2015; 2016,New,Part of $34 m deal,0.02,10.0,10.0
Italy,United States,2003,46.0,HELRAS,anti-submarine sonar,46.0,2011; 2012; 2013; 2014; 2015; 2016; 2017; 2018; 2019,New,For 46 NH-90 ASW helicopters produced in Italy; from FRG production line,2.0,92.0,92.0
Italy,United States,2009,2.0,MQ-9 Reaper,reconnaissance drone,2.0,2010,New,$81 m deal; RQ-9 (RQ-1B) version,6.5,13.0,13.0
Italy,United States,2001,34.0,F-16ADF,fighter/ground-attack aircraft,34.0,2003; 2004,Second hand but modernized,Second-hand; $760 m 'Peace Ceasar' lease (for total of 45000 flying hours) until Eurofighter enters service in 2010; F-16A Block-15ADF version; incl 4 F-16B version; modernized before delivery; 4 more delivered for spares only,14.52,493.68,493.68
Italy,United States,2002,140.0,AIM-120C AMRAAM,long-range air-to-air missile,140.0,2003; 2004,New,AIM-120C5 version,0.6,84.0,84.0
Italy,United States,1980,34.0,Bell-412,helicopter,3.0,2004; 2005; 2007,New,AB-412SP/HP/EP and AB-412 Griffon version; incl 10 for coast guard,5.0,170.0,15.0
Italy,United States,1999,10.0,HELRAS,anti-submarine sonar,10.0,2002; 2003; 2004,New,For 8 EH-101 ASW helicopters produced in Italy; probably from FRG production line,2.0,20.0,20.0
Italy,United States,2016,50.0,AGM-114 Hellfire-2,anti-tank/air-to-surface missile,50.0,2020; 2021,New,AGM-114R2 version; for modernized MQ-9 UAV,0.05,2.5,2.5
Italy,United States,2011,2.0,MQ-9 Reaper,reconnaissance drone,2.0,2012,New,RQ-9 (RQ-1B) version,6.5,13.0,13.0
Italy,United States,2012,2.0,Gulfstream-5,light transport aircraft,2.0,2016; 2018,New,Part of 'P-MMMS/JAMMS' programme; G-550 version; ordered via Israel as part of $750 m deal for early-warning aircraft and modified to E-550A early-warning aircraft in Israel before delivery,28.0,56.0,56.0
Italy,United States,2002,2.0,TPS-77,air-search radar,2.0,2005; 2006,New,AN/TPS-117 version,11.0,22.0,22.0
Italy,United States,2002,113.0,AGM-88B HARM,anti-radar missile,113.0,2002; 2003,New,,0.25,28.25,28.25
Italy,United States,2001,336.0,Stinger,portable surface-to-air missile,336.0,2003; 2004,New,Part of $89 m deal (for 1007 for Greece; Italy and UK); probably for A129 combat helicopters,0.08,26.88,26.88
Italy,United States,2000,16.0,LM-2500,gas turbine,16.0,2007; 2008; 2009; 2013; 2014; 2015; 2016; 2017; 2018; 2019,New,Produced in Italy; for 1 Cavour aircraft carrier; 2 Doria (Horizon) destroyers and 8 Bergamini (FREMM) frigates produced in Italy,7.0,112.0,112.0
Italy,United States,2014,2.0,RQ-1 Predator,reconnaissance drone,2.0,2015,New,,2.0,4.0,4.0
Italy,United States,2012,1.0,Gulfstream-3 AML,reconnaissance/signals intelligence aircraft,1.0,2012,New,Lease,50.0,50.0,50.0
Italy,United States,2016,1.0,King Air-350 ISR,ground surveillance aircraft,1.0,2016,Second hand,Second-hand; lease; SPYDR version,4.4,4.4,4.4
Italy,United States,1999,9.0,AAV-7A1,armoured personnel carrier,9.0,2002,Second hand but modernized,Second-hand; part of $90 m deal; modernized in Italy with US kits,0.66,5.94,5.94
Italy,United States,2002,24.0,aircraft engine,aircraft engine,24.0,2006; 2007; 2008,New,Allison AE-2100D3 (5000hp) turboprop for 12 C-27J transport aircraft produced in Italy,1.5,36.0,36.0
Italy,United States,2006,40.0,F-35B Lightning-2,fighter/ground-attack aircraft,10.0,2018; 2019; 2020; 2021; 2022; 2023; 2024; 2025,New,Produced under licence in Italy; incl for use on aircraft carriers; originally 62 planned but reduced for financial reasons,60.0,2400.0,600.0
Italy,United States,2024,240.0,Stinger,portable surface-to-air missile,,,New,FIM-92K Stinger Block-1 version,0.08,19.2,0.0
Italy,United States,2010,16.0,RQ-7 Shadow-200,reconnaissance drone,16.0,2015,New,EUR51 m deal; for 4 Shadow-200 UAV systems,0.1,1.6,1.6
Italy,United States,2021,,AIM-9X Sidewinder,long-range air-to-air missile,,,New,AIM-9X Block-2 version; for F-35A combat aircraft,0.18,0.0,0.0
Italy,United States,2009,16.0,CH-47F Chinook,transport helicopter,16.0,2014; 2015; 2016; 2017; 2018,New,EUR900 m ($1.2 b) deal; incl production of components and assembly in Italy); ICH-47F version; option on 4 more,20.0,320.0,320.0
Italy,United States,2012,250.0,Paveway,guided bomb,250.0,2014; 2015,New,,0.02,5.0,5.0
Italy,United States,2012,864.0,GMLRS,guided rocket,864.0,2013; 2014; 2015; 2016; 2017,New,For use with MLRS multiple rocket launchers; incl production of components in Italy; 12.5% of development financed by Italy,0.08,69.12,69.12
Jamaica,United States,2020,6.0,vehicle engine,vehicle engine,6.0,2021,New,Caterpillar-3126 (300hp) diesel engine for 6 Bushmaster armoured personnel carriers from Australia,0.03,0.18,0.18
Jamaica,United States,2013,12.0,vehicle engine,vehicle engine,12.0,2015; 2016,New,Caterpillar-3126 (300hp) diesel engine for 12 Bushmaster armoured personnel carriers from Australia,0.03,0.36,0.36
Jamaica,United States,2006,4.0,Bell-407,light helicopter,4.0,2007; 2008,New,,1.3,5.2,5.2
Jamaica,United States,2010,1.0,Bell-206,light helicopter,1.0,2010,New,Bell-206B-3 version,0.7,0.7,0.7
Jamaica,United States,2008,1.0,Bell-206,light helicopter,1.0,2008,New,Bell-206B-3 version,0.7,0.7,0.7
Jamaica,United States,2018,3.0,Bell-429 GlobalRanger,light helicopter,3.0,2018; 2019,New,,2.8,8.4,8.4
Jamaica,United States,2017,1.0,King Air Maritime,maritime patrol aircraft,1.0,2018,New,$23 m deal,7.5,7.5,7.5
Jamaica,United States,2018,1.0,Bell-412,helicopter,1.0,2018,New,Bell-412EPi version; from Canadian production line,5.0,5.0,5.0
Jamaica,United States,2019,4.0,Bell-429 GlobalRanger,light helicopter,4.0,2021,New,,2.8,11.2,11.2
Jamaica,United States,2021,6.0,Bell-505 Jet Ranger X,light helicopter,6.0,2021,New,,0.9,5.4,5.4
Japan,United States,2025,36.0,T-6 Texan-2,(armed) trainer aircraft,,,New,T-6JP version; delivery planned from 2029,2.0,72.0,0.0
Japan,United States,2020,470.0,RIM-116C RAM Block-2B,surface-to-air missile,220.0,2022; 2023; 2024; 2025,New,Probably for SeaRAM SAM system on Mogami frigates,0.25,117.5,55.0
Japan,United States,2005,40.0,SM-2MR,surface-to-air missile,40.0,2007,New,SM-2 Block-3B version,0.3,12.0,12.0
Japan,United States,2007,6.0,King Air,light transport aircraft,6.0,2008; 2009,New,King Air-90 version; for training; Japanese designation TC-90,2.85,17.1,17.1
Japan,United States,2003,18.0,SM-2MR,surface-to-air missile,18.0,2005,New,SM-2 Block-3B version,0.3,5.4,5.4
Japan,United States,1987,110.0,F-110,turbofan,110.0,2000; 2001; 2002; 2003; 2004; 2005; 2006; 2007; 2008; 2009; 2010; 2011; 2012,New,F110-GE-129 version for 94 F-2 combat aircraft produced in Japan (incl spare engines); produced under licence in Japan,3.25,357.5,357.5
Japan,United States,2003,150.0,Stinger,portable surface-to-air missile,150.0,2006; 2007; 2008; 2009,New,AIM-92 version; for AH-64D combat helicopters,0.08,12.0,12.0
Japan,United States,2011,1.0,Patriot Configuration-3,surface-to-air missile system,1.0,2013,New,Japanese Patriot SAM system rebuilt to Patriot-3 version,55.0,55.0,55.0
Japan,United States,2006,44.0,SM-2MR,surface-to-air missile,44.0,2008,New,$70 m deal; SM-2 Block-3B version,0.3,13.2,13.2
Japan,United States,2012,42.0,F-35A Lightning-2,fighter/ground-attack aircraft,42.0,2016; 2017; 2018; 2019; 2020; 2021; 2022; 2023; 2024; 2025,New,$10 b 'F-X' programme (incl first 4 ordered 2012 for $756 m); incl production under licence in Japan,55.0,2310.0,2310.0
Japan,United States,2017,1000.0,GBU-39 SDB,guided glide bomb,600.0,2020; 2021; 2022; 2023; 2024; 2025,New,,0.02,20.0,12.0
Japan,United States,2015,150.0,Bell-412,helicopter,20.0,2022; 2023; 2024; 2025,New,'UH-X' programme; Bell-412EPX version; produced under licence in Japan as UH-2; delivery planned 2022-2042,5.0,750.0,100.0
Japan,United States,2017,12.0,Mk-45-4 127mm,naval gun,9.0,2022; 2023; 2024; 2025,New,For 12 Mogami (FFM or 30DDX) frigates produced in Japan,7.5,90.0,67.5
Japan,United States,2021,42.0,F-35B Lightning-2,fighter/ground-attack aircraft,4.0,2025,New,Produced under licence in Japan,60.0,2520.0,240.0
Japan,United States,2006,60.0,CF-6,turbofan,38.0,2016; 2017; 2018; 2019; 2020; 2021; 2022; 2024; 2025,New,CF-6-80C2K1F version for 30 C-2 transport and RC-2 reconnaissance aircraft produced in Japan,6.0,360.0,228.0
Japan,United States,2017,56.0,AIM-120C AMRAAM,long-range air-to-air missile,56.0,2020; 2021,New,AIM-120C-7 version,0.6,33.6,33.6
Japan,United States,2020,63.0,F-35A Lightning-2,fighter/ground-attack aircraft,6.0,2025,New,Produced under licence in Japan,55.0,3465.0,330.0
Japan,United States,2022,,aircraft engine,aircraft engine,,,New,IHI-General Electric T-700-IHI-401C (1800hp) turboshaft engine for SH-60L anti-submarine helicopter produced in Japan; produced under licence in Japan,0.5,0.0,0.0
Japan,United States,1998,4.0,Mk-15 Phalanx,naval gun,4.0,2000,New,$49 m deal; probably for Murasame frigates produced in Japan,7.0,28.0,28.0
Japan,United States,2015,8.0,LM-2500,gas turbine,8.0,2020; 2021,New,For 2 Maya destroyers produced in Japan; LM-2500-30 version; produced under licence in Japan,7.0,56.0,56.0
Japan,United States,2015,2.0,Mk-41 VLS,naval surface-to-air missile system,2.0,2020; 2021,New,For 2 Maya destroyers produced in Japan,20.0,40.0,40.0
Japan,United States,2015,4.0,SPQ-9,fire-control radar,4.0,2020; 2021,New,SPQ-9B version; for 2 Maya destroyers produced in Japan,3.5,14.0,14.0
Japan,United States,2015,2.0,Mk-45-4 127mm,naval gun,2.0,2020; 2021,New,Produced under licence in Japan; for 2 Maya destroyers produced in Japan,7.5,15.0,15.0
Japan,United States,2015,4.0,Mk-15 Phalanx,naval gun,4.0,2020; 2021,New,For 2 Maya destroyers produced in Japan,7.0,28.0,28.0
Japan,United States,2023,44.0,AIM-9X Sidewinder,long-range air-to-air missile,,,New,AIM-9X Block-2 version,0.18,7.92,0.0
Japan,United States,2017,12.0,SeaRAM,naval surface-to-air missile system,7.0,2022; 2023; 2024; 2025,New,For 12 Mogami (FFM or 30DDX) frigates produced in Japan,7.0,84.0,49.0
Japan,United States,1988,103.0,SH-60B Seahawk,anti-submarine helicopter,33.0,2000; 2001; 2002; 2003; 2004; 2005,New,SH-60J version,17.0,1751.0,561.0
Japan,United States,1993,99.0,M-270 MLRS,multiple rocket launcher,54.0,2000; 2001; 2002; 2003; 2004; 2005; 2006,New,,2.2,217.8,118.8
Japan,United States,1993,350.0,AIM-7M Sparrow,long-range air-to-air missile,222.0,2000; 2001; 2002; 2003; 2004; 2005; 2006,New,For Murasame and Takanami frigates; RIM-7M Sea Sparrow (SAM) version,0.18,63.0,39.96
Japan,United States,1995,21.0,BAe-125-800,light transport aircraft,17.0,2000; 2001; 2002; 2003; 2004; 2005; 2006; 2007; 2009; 2010,New,'H-X' programme; RH-800 or Hawker-800 version; modified in Japan for SAR; Japanese designation U-125A,9.25,194.25,157.25
Japan,United States,2001,13.0,AH-64D Apache Longbow,combat helicopter,13.0,2006; 2007; 2008; 2009; 2010; 2011; 2012; 2014; 2015; 2016,New,'AH-X' programme; AH-64DJP version; most assembled in Japan; original plan for up to 62 reduced to 13 for financial reasons,15.5,201.5,201.5
Japan,United States,2006,36.0,SM-3 Block-1,anti-ballistic missile missile,36.0,2007; 2008; 2009; 2010,New,Part of $6.5-9.3 b anti-ballistic missile defence system (incl production of components in Japan); SM-3 Block-1A version; for Kongou destroyers,7.0,252.0,252.0
Japan,United States,2003,2.0,Mk-45-4 127mm,naval gun,2.0,2007; 2008,New,For 2 Atago destroyers produced in Japan,7.5,15.0,15.0
Japan,United States,2011,13.0,SM-2MR,surface-to-air missile,13.0,2013,New,$33 m deal; SM-2 Block-3B version,0.3,3.9,3.9
Japan,United States,1999,18.0,ship engine,ship engine,18.0,2002; 2003; 2004,New,LM-500-G-07 (5400hp) gas turbine for 6 Hayabusa missile boats produced in Japan; produced under licence in Japan,1.5,27.0,27.0
Japan,United States,2004,80.0,APG-63,combat aircraft radar,80.0,2007; 2008; 2009; 2010; 2011; 2012; 2013; 2014; 2015,New,AN/APG-63(V)1 version for modernization of F-15J combat aircraft,2.5,200.0,200.0
Japan,United States,2008,24.0,SM-2MR,surface-to-air missile,24.0,2010,New,$40 m deal; SM-2 Block-3B version,0.3,7.2,7.2
Japan,United States,2000,4.0,DB-110,aircraft reconnaissance system,4.0,2002; 2003,New,For OP-3C reconnaissance aircraft,4.0,16.0,16.0
Japan,United States,2010,30.0,Enstrom-480,light helicopter,30.0,2011; 2012; 2013; 2014; 2015,New,TH-480B version; for training,0.4,12.0,12.0
Japan,United States,2009,348.0,GMLRS,guided rocket,348.0,2010; 2011; 2012; 2013; 2014,New,,0.08,27.84,27.84
Japan,United States,1997,8.0,King Air,light transport aircraft,6.0,2001; 2002; 2003; 2004; 2009,New,King Air-350 version; incl for reconnaissance; Japanese designation LR-2,2.85,22.8,17.1
Japan,United States,2001,10.0,AIM-120A AMRAAM,long-range air-to-air missile,10.0,2003,New,,0.4,4.0,4.0
Japan,United States,2004,64.0,SM-2MR,surface-to-air missile,64.0,2006,New,SM-2 Block-3B version,0.3,19.2,19.2
Japan,United States,2010,8.0,LM-2500,gas turbine,8.0,2015; 2017,New,For 2 Izumo helicopter carriers produced in Japan; produced in Japan,7.0,56.0,56.0
Japan,United States,1988,62.0,LM-2500,gas turbine,36.0,2000; 2001; 2002; 2003; 2004; 2005; 2006; 2007; 2008; 2009; 2011,New,For 2 Hyuga helicopter carriers; 4 Kongou and 2 Atago destroyers; 5 Takanami and 9 Murasame frigates and 1 Asuka research ship produced in Japan; produced in Japan,7.0,434.0,252.0
Japan,United States,2013,32.0,AAV-7RAM/RS,armoured personnel carrier,32.0,2014; 2016; 2017; 2018,New,$165 m deal,1.2,38.4,38.4
Japan,United States,2001,13.0,APG-78 Longbow,combat helicopter radar,13.0,2006; 2007; 2008; 2009; 2010; 2011; 2012; 2014; 2015; 2016,New,For AH-64D (AH-64DJP) combat helicopters,3.0,39.0,39.0
Japan,United States,2012,6.0,aircraft engine,aircraft engine,6.0,2014,Second hand but modernized,Second-hand but modernized before delivery; Allison T-56-A-16 turboprop; spares for C-130 transport aircraft,0.73,4.36,4.36
Japan,United States,2018,20.0,AAV-7RAM/RS,armoured personnel carrier,20.0,2018; 2019; 2020,New,,1.2,24.0,24.0
Japan,United States,2017,12.0,Mk-41 VLS,naval surface-to-air missile system,9.0,2022; 2023; 2024; 2025,New,For 12 Mogami (FFM or 30DDX) frigates produced in Japan,20.0,240.0,180.0
Japan,United States,2011,4.0,SeaRAM,naval surface-to-air missile system,4.0,2015; 2017,New,For 2 Izumo helicopter carriers produced in Japan,7.0,28.0,28.0
Japan,United States,2019,192.0,AIM-120C AMRAAM,long-range air-to-air missile,192.0,2021; 2022; 2023,New,AIM-120C-7 version,0.6,115.2,115.2
Japan,United States,1977,210.0,Hughes-500D/MD,light helicopter,2.0,2000; 2001,New,OH-6D and OH-6DA armed version; incl for training,0.71,149.1,1.42
Japan,United States,1982,89.0,AH-1S Cobra,combat helicopter,1.0,2000,New,,4.28,380.92,4.28
Japan,United States,2013,4.0,LM-2500,gas turbine,4.0,2018; 2019,New,Produced under licence in Japan; for 2 Asahi frigates produced in Japan,7.0,28.0,28.0
Japan,United States,2013,2.0,Mk-45-4 127mm,naval gun,2.0,2018; 2019,New,For 2 Asahi frigates produced in Japan,7.5,15.0,15.0
Japan,United States,2013,4.0,Mk-15 Phalanx,naval gun,4.0,2018; 2019,New,For 2 Asahi frigate produced in Japan,7.0,28.0,28.0
Japan,United States,2005,530.0,JDAM,guided bomb,530.0,2006; 2007; 2008; 2009; 2010; 2011; 2013; 2017,New,,0.02,10.6,10.6
Japan,United States,2016,2.0,SPY-1D,air-search radar,2.0,2020; 2021,New,SPY-1D(V) version; for 2 Maya destroyers produced in Japan,22.0,44.0,44.0
Japan,United States,1992,27.0,SeaVue,maritime patrol aircraft radar,17.0,2000; 2001; 2002; 2003; 2004; 2005; 2006; 2007; 2009; 2010,New,For 27 BAe-125-800/RH-800 (U-125A) MP aircraft from UK and USA; Japanese designation APQ-2,2.5,67.5,42.5
Japan,United States,2014,1.0,AAQ-33 Sniper ATP,aircraft electro-optical system,1.0,2016,New,For F-2 combat aircraft,1.0,1.0,1.0
Japan,United States,1995,39.0,S-70 Black Hawk,transport helicopter,33.0,2000; 2001; 2002; 2003; 2004; 2005; 2006; 2007; 2008; 2009; 2010; 2011; 2012; 2013; 2014; 2015; 2016,New,Produced under licence in Japan as UH-60JA,7.25,282.75,239.25
Japan,United States,2004,500.0,ESSM Block-1,surface-to-air missile,500.0,2008; 2009; 2010; 2011; 2012; 2013; 2014; 2015; 2016; 2017,New,Produced under licence in Japan; for Hyuga helicopter carriers and Akizuki; Takanami and Murasame frigates,0.4,200.0,200.0
Japan,United States,2017,1.0,PW-4000,turbofan,1.0,2023,New,PW-4062 version; spare engine for KC-46A tanker/transport aircraft,6.0,6.0,6.0
Japan,United States,2012,6.0,C-130H Hercules,transport aircraft,6.0,2014; 2015; 2016,Second hand but modernized,Second-hand but modernized before delivery; $170 m deal; C-130R version,18.48,110.88,110.88
Japan,United States,2017,6.0,KC-46A Pegasus,tanker/transport aircraft,6.0,2021; 2022; 2024; 2025,New,Incl production of components in Japan,90.0,540.0,540.0
Japan,United States,2019,1.0,King Air,light transport aircraft,1.0,2021,New,King Air-350i version; incl for reconnaissance; Japanese designation LR-2,2.85,2.85,2.85
Japan,United States,2024,400.0,BGM-109 Tomahawk,surface-to-surface missile,,,New,$1.7 b deal; incl 200 Tomahawk Block-4 and 200 Tomahawk Block-5 versions; for use on Kongo; Atago and Maya destroyers; delivery planned from 2026,1.0,400.0,0.0
Japan,United States,2018,9.0,E-2D Advanced Hawkeye,airborne early-warning aircraft,8.0,2022; 2024; 2025,New,,105.0,945.0,840.0
Japan,United States,2015,4.0,E-2D Advanced Hawkeye,airborne early-warning aircraft,4.0,2018; 2019; 2020,New,,105.0,420.0,420.0
Japan,United States,2022,32.0,SM-6 Block-1,anti-ballistic missile missile,,,New,For Maya class destroyers; delivery planned from 2026,0.0,0.0,0.0
Japan,United States,2004,16.0,Patriot Configuration-3,surface-to-air missile system,16.0,2007; 2008; 2009; 2010,New,Japanese Patriot SAM systems rebuilt to Patriot-3 version,55.0,880.0,880.0
Japan,United States,2005,350.0,MIM-104 PAC-3,anti-ballistic missile missile,350.0,2006; 2007; 2008; 2009; 2010; 2011; 2012; 2013; 2014; 2015; 2016,New,For Patriot Configuration-3 air-defence systems; incl production of components or production under licence in Japan,0.8,280.0,280.0
Japan,United States,2002,2.0,SPY-1D,air-search radar,2.0,2007; 2008,New,For 2 Atago destroyers produced in Japan,22.0,44.0,44.0
Japan,United States,2002,250.0,BGM-71F TOW-2B,anti-tank missile,250.0,2003; 2004,New,Part of $52 m deal; TOW-2A and/or TOW-2B version,0.02,5.0,5.0
Japan,United States,2002,6.0,SPG-62,fire-control radar,6.0,2007; 2008,New,For 2 Atago destroyers produced in Japan; for use with Standard SAM,4.5,27.0,27.0
Japan,United States,2002,16.0,SM-2MR,surface-to-air missile,16.0,2004,New,$24 m deal; SM-2 Block-3A version,0.3,4.8,4.8
Japan,United States,1978,65.0,F-100,turbofan,6.0,2000; 2001; 2002,New,F100-100 version; spares for F-15C combat aircraft,3.25,211.25,19.5
Japan,United States,2007,8.0,Mk-15 Phalanx,naval gun,8.0,2012; 2013; 2014,New,For 4 Akizuki frigates produced in Japan; Block-1B version,7.0,56.0,56.0
Japan,United States,2017,10.0,Patriot Configuration-3,surface-to-air missile system,10.0,2019; 2020; 2021,New,Japanese Patriot SAM systems rebuilt to Patriot-3 version,55.0,550.0,550.0
Japan,United States,1984,29.0,aircraft engine,aircraft engine,16.0,2000; 2001; 2002; 2003; 2004; 2005; 2006; 2007; 2008; 2009; 2010; 2011; 2012; 2013; 2014; 2015,New,Lycoming T-55-K-712 (3750hp) turboshaft; spares for CH-47 helicopters; produced under licence in Japan,1.1,31.9,17.6
Japan,United States,2017,3.0,RQ-4A Global Hawk,reconnaissance drone,3.0,2022,New,RQ-4 Block-30 (RQ-4B) version,35.0,105.0,105.0
Japan,United States,2014,4.0,vehicle engine,vehicle engine,4.0,2014,New,Caterpillar-3126 (300hp) diesel engine for 4 Bushmaster armoured personnel carriers from Australia,0.03,0.12,0.12
Japan,United States,1997,82.0,SH-60B Seahawk,anti-submarine helicopter,82.0,2005; 2006; 2007; 2008; 2009; 2010; 2011; 2013; 2015; 2016; 2017; 2018; 2019; 2020; 2021; 2022; 2023; 2025,New,Produced under licence in Japan as SH-60K,17.0,1394.0,1394.0
Japan,United States,2014,26.0,AIM-9X Sidewinder,long-range air-to-air missile,26.0,2016; 2017; 2018,New,,0.18,4.68,4.68
Japan,United States,2025,,ESSM Block-2,surface-to-air missile,,,New,Produced under licence in Japan; for destroyers and frigates,0.6,0.0,0.0
Japan,United States,2018,1.0,APY-9,airborne early-warning radar,1.0,2023,New,Spare radar for E-2D early-warning aircraft,30.0,30.0,30.0
Japan,United States,2018,10.0,aircraft engine,aircraft engine,2.0,2022; 2023,New,Rolls-Royce/Allison T56-A-427A (5100hp) turboprop engine; spares for E-2D early-warning aircraft,1.5,15.0,3.0
Japan,United States,2023,5.0,E-2D Advanced Hawkeye,airborne early-warning aircraft,,,New,Deliveries planned by 2029,105.0,525.0,0.0
Japan,United States,2015,20.0,AAQ-33 Sniper ATP,aircraft electro-optical system,20.0,2017; 2018; 2019; 2020,New,For F-2 combat aircraft,1.0,20.0,20.0
Japan,United States,2019,2.0,SPY-7,air-search radar,,,New,SPY-7(V)1 version for 2 ASEV destroyers produced in Japan (originally ordered for Aegis-Ashore ABM system cancelled 2020),0.0,0.0,0.0
Japan,United States,2017,26.0,CH-47F Chinook,transport helicopter,9.0,2021; 2022; 2023; 2024,New,Produced under licence in Japan as CH-47J and CH-47JA,20.0,520.0,180.0
Japan,United States,1993,38.0,Mk-15 Phalanx,naval gun,28.0,2000; 2001; 2002; 2003; 2004; 2005; 2006; 2007,New,For 2 Improved Kongou destroyers; 9 Murasame and 5 Takanami frigates and 3 Oosumi landing ships produced in Japan; incl some Block-1B version,7.0,266.0,196.0
Japan,United States,1994,6.0,LCAC,landing craft,4.0,2001; 2002,New,,13.9,83.4,55.6
Japan,United States,1999,16.0,SM-2MR,surface-to-air missile,16.0,2001,New,,0.3,4.8,4.8
Japan,United States,1998,40.0,AIM-120A AMRAAM,long-range air-to-air missile,40.0,2001; 2003,New,$22 m deal; AIM-120B version,0.4,16.0,16.0
Japan,United States,1998,5.0,SM-2MR,surface-to-air missile,5.0,2000,New,,0.3,1.5,1.5
Japan,United States,2001,16.0,SM-2MR,surface-to-air missile,16.0,2003,New,$27 m deal; possibly SM-2 Block-3B version,0.3,4.8,4.8
Japan,United States,2000,13.0,APS-145,airborne early-warning radar,13.0,2004; 2005; 2006; 2007; 2008,New,For modernization of 13 E-2C AEW&C aircraft to Hawkeye-2000,16.0,208.0,208.0
Japan,United States,2000,275.0,BGM-71 TOW,anti-tank missile,275.0,2001,New,BGM-71E TOW-2A and/or BGM-71F TOW-2B version (possibly incl or only practice TOW-2A missiles),0.01,2.75,2.75
Japan,United States,2001,16.0,SM-2MR,surface-to-air missile,16.0,2003,New,$27 m deal; SM-2 Block-3A version,0.3,4.8,4.8
Japan,United States,2001,400.0,BGM-71 TOW,anti-tank missile,400.0,2002; 2003,New,BGM-71E TOW-2A version (possibly only practice TOW-2A missiles),0.01,4.0,4.0
Japan,United States,2025,,AIM-120D AMRAAM,long-range air-to-air missile,,,New,Incl AIM-120D-3 and AIM-120C-8 versions,0.8,0.0,0.0
Japan,United States,1996,32.0,aircraft engine,aircraft engine,32.0,2007; 2009; 2010; 2012; 2017; 2020; 2022,New,Rolls-Royce/Allison AE-2100J (4600hp) turboprop for 8 US-2 maritime patrol aircraft produced in Japan,1.5,48.0,48.0
Japan,United States,2020,362.0,AIM-120C AMRAAM,long-range air-to-air missile,82.0,2023; 2024; 2025,New,AIM-120C-8 version,0.6,217.2,49.2
Japan,United States,2023,2.0,aircraft engine,aircraft engine,,,New,Rolls-Royce/Allison T56-A-427A (5100hp) turboprop engine; spares for E-2D early-warning aircraft,1.5,3.0,0.0
Japan,United States,2010,40.0,S-70 Black Hawk,transport helicopter,35.0,2013; 2016; 2018; 2019; 2022; 2023; 2025,New,'UH-X' programme; produced under licence in Japan as UH-60J; for SAR,7.25,290.0,253.75
Japan,United States,2018,500.0,MIM-104 PAC-3 MSE,anti-ballistic missile missile,150.0,2021; 2022; 2023; 2024; 2025,New,For Patriot Configuration-3 air-defence systems; produced under licence in Japan,1.5,750.0,225.0
Japan,United States,2024,9.0,KC-46A Pegasus,tanker/transport aircraft,,,New,,90.0,810.0,0.0
Japan,United States,2014,17.0,AIM-120C AMRAAM,long-range air-to-air missile,17.0,2016,New,$33 m deal; AIM-120C7 version,0.6,10.2,10.2
Japan,United States,2005,25.0,AIM-120C AMRAAM,long-range air-to-air missile,25.0,2006,New,AIM-120C-5 version,0.6,15.0,15.0
Japan,United States,2014,100.0,RIM-116A RAM,surface-to-air missile,100.0,2015; 2017,New,For SeaRAM SAM system on 2 Izumo helicopter carriers,0.14,14.0,14.0
Japan,United States,2019,90.0,SM-3 Block-2,anti-ballistic missile missile,19.0,2022; 2023; 2024; 2025,New,SM-3 Block-2A version; incl production of components in Japan; for destroyers,10.0,900.0,190.0
Japan,United States,2015,48.0,Harpoon Block-2,anti-ship/land-attack missile,48.0,2019; 2020; 2021; 2022; 2023,New,UGM-84L version,1.0,48.0,48.0
Japan,United States,2003,4.0,KC-767 GTTA,tanker/transport aircraft,4.0,2008; 2009; 2010,New,'KC-X' programme; KC-767J version,75.0,300.0,300.0
Japan,United States,2016,46.0,SM-2MR,surface-to-air missile,46.0,2020; 2021; 2022,New,,0.3,13.8,13.8
Japan,United States,1984,100.0,CH-47D Chinook,transport helicopter,43.0,2000; 2001; 2002; 2003; 2004; 2005; 2006; 2007; 2008; 2009; 2010; 2011; 2012; 2013; 2014; 2015; 2016; 2017,New,Incl production under licence in Japan as CH-47J and CH-47JA,18.0,1800.0,774.0
Japan,United States,2020,54.0,APG-82,combat aircraft radar,,,New,APG-82(V)1 version for modernization of 98 F-15J combat aircraft to F-15JSI (F-15Kai) version,2.5,135.0,0.0
Japan,United States,1994,5.0,Gulfstream-4,light transport aircraft,1.0,2000,New,'U-X' programme; Japanese designation U-4,23.0,115.0,23.0
Japan,United States,2007,4.0,Mk-41 VLS,naval surface-to-air missile system,4.0,2012; 2013; 2014,New,For 4 Akizuki frigates produced in Japan,20.0,80.0,80.0
Japan,United States,2002,2.0,Mk-41 VLS,naval surface-to-air missile system,2.0,2007; 2008,New,For 2 Atago destroyers produced in Japan,20.0,40.0,40.0
Japan,United States,2004,2.0,Mk-41 VLS,naval surface-to-air missile system,2.0,2009; 2011,New,For 2 Hyuga helicopter carriers produced in Japan,20.0,40.0,40.0
Japan,United States,1998,5.0,Mk-41 VLS,naval surface-to-air missile system,5.0,2003; 2004; 2005; 2006,New,For 5 Takanami destroyers produced in Japan,20.0,100.0,100.0
Japan,United States,2013,2.0,Mk-41 VLS,naval surface-to-air missile system,2.0,2018; 2019,New,For 2 Asahi frigates produced in Japan,20.0,40.0,40.0
Japan,United States,2015,2.0,aircraft engine,aircraft engine,2.0,2019; 2020,New,Rolls-Royce/Allison T56-A-427A (5100hp) turboprop engine; spares for E-2D AEW aircraft,1.5,3.0,3.0
Japan,United States,2012,5.0,F135-100,turbofan,5.0,2017; 2019; 2020; 2022; 2023,New,Spares for F-35A combat aircraft,4.0,20.0,20.0
Japan,United States,2015,17.0,V-22 Osprey,transport aircraft/helicopter,17.0,2018; 2019; 2021; 2022; 2023; 2024,New,$3 b deal; V-22B Block-C version,40.0,680.0,680.0
Japan,United States,2024,66.0,AGM-158B JASSM-ER,air-to-surface missile,,,New,For F-15 combat aircraft; possibly includes AGM-158B-2 version,1.3,85.8,0.0
Japan,United States,1988,67.0,S-70 Black Hawk,transport helicopter,29.0,2000; 2001; 2002; 2003; 2004; 2005; 2006; 2007; 2008; 2009; 2010; 2011; 2012; 2013,New,S-70A-12 version; produced under licence in Japan as UH-60J,7.25,485.75,210.25
Japan,United States,2007,4.0,Mk-45-4 127mm,naval gun,4.0,2012; 2013; 2014,New,For 4 Akizuki frigates produced in Japan,7.5,30.0,30.0
Jordan,United States,2015,8.0,S-70 Black Hawk,transport helicopter,8.0,2015; 2016,Second hand,Second-hand; aid; UH-60A version,2.6,20.8,20.8
Jordan,United States,2024,,S-70 Black Hawk,transport helicopter,,,New,UH-60M version; delivery planned by 2027,7.25,0.0,0.0
Jordan,United States,2000,2.0,SA-2-37,reconnaissance aircraft,2.0,2001,New,,0.26,0.52,0.52
Jordan,United States,2023,100.0,M-982 Excalibur,guided shell,100.0,2024,New,,0.04,4.0,4.0
Jordan,United States,2019,3.0,C-130H Hercules,transport aircraft,3.0,2021; 2022,Second hand,Second-hand; aid,11.2,33.6,33.6
Jordan,United States,2022,202.0,JDAM,guided bomb,,,New,Incl 100 GBU-31 and 102 GBU-54 LJDAM versions; for F-16 combat aircraft,0.02,4.04,0.0
Jordan,United States,2018,3.0,DB-110,aircraft reconnaissance system,3.0,2022,New,,4.0,12.0,12.0
Jordan,United States,2003,17.0,F-16ADF,fighter/ground-attack aircraft,17.0,2003; 2007,Second hand,Second-hand; 'Peace Falcon-2' or 'Jordan-2' deal; aid (partly as reward for Jordanian support in 2003 war against Iraq); incl 5 F-16B trainer/combat versions,8.8,149.6,149.6
Jordan,United States,2022,4.0,Cessna-208 Caravan,light transport aircraft,4.0,2024,New,Cessna-208B (RC-208B) ISR version,1.0,4.0,4.0
Jordan,United States,2023,2.0,S-70 Black Hawk,transport helicopter,,,New,UH-60M version; delivery planned by 2027,7.25,14.5,0.0
Jordan,United States,2014,3.0,Cessna-208 Caravan,light transport aircraft,3.0,2015,New,Cessna-208B and Cessna-208B-EX ISR versions,1.0,3.0,3.0
Jordan,United States,2009,5.0,Cessna-208 Caravan,light transport aircraft,5.0,2009; 2010; 2011,New,Incl 4 Cessna-208B (RC-208B) ISR version,1.0,5.0,5.0
Jordan,United States,2022,405.0,Paveway,guided bomb,,,New,Paveway-2 version; for F-16V combat aircraft ,0.02,8.1,0.0
Jordan,United States,2018,15.0,L-118 105mm,towed gun,15.0,2019; 2020,Second hand,Second-hand; aid,0.24,3.6,3.6
Jordan,United States,2015,4.0,AT-802U,ground-attack aircraft,4.0,2016,New,$9.8 m deal (originally ordered by Yemen but canceled 2015 and sold to Jordan),4.9,19.6,19.6
Jordan,United States,2017,250.0,FGM-148 Javelin,anti-tank missile,250.0,2019; 2020,New,,0.03,7.5,7.5
Jordan,United States,2016,9.0,TPQ-36 Firefinder,artillery locating radar,9.0,2019,Second hand,Second-hand,1.2,10.8,10.8
Jordan,United States,1999,23.0,M-901 ITV,tank destroyer,23.0,2000; 2001,Second hand,Second-hand; aid,0.36,8.28,8.28
Jordan,United States,1999,50.0,M-106,self-propelled mortar,50.0,2000,Second hand,Second-hand; aid,0.2,10.0,10.0
Jordan,United States,1998,9.0,AH-1F Cobra,combat helicopter,9.0,2000; 2001,Second hand,Second-hand; aid,3.0,27.0,27.0
Jordan,United States,2004,47.0,M-113,armoured personnel carrier,47.0,2004,Second hand,Second-hand; aid; incl 5 M-577A2 command post version,0.1,4.7,4.7
Jordan,United States,2007,6.0,MD-500E,light helicopter,6.0,2008,New,Armed MD-530F version,0.7,4.2,4.2
Jordan,United States,2000,270.0,BGM-71 TOW,anti-tank missile,270.0,2001; 2002,New,BGM-71E TOW-2A and/or BGM-71F TOW-2B version (possibly incl or only practice TOW-2A missiles),0.01,2.7,2.7
Jordan,United States,2014,50.0,AGM-114 Hellfire-2,anti-tank/air-to-surface missile,50.0,2014,New,AGM-114K and/or AGM-114M version; for CN-235 ground attack aircraft,0.05,2.5,2.5
Jordan,United States,2022,3.0,F-110,turbofan,,,New,Spare engines for F-16V combat aircraft,3.25,9.75,0.0
Jordan,United States,2013,100.0,FGM-148 Javelin,anti-tank missile,100.0,2014,New,Javelin Block-1 version,0.03,3.0,3.0
Jordan,United States,2010,3.0,C-130E Hercules,transport aircraft,3.0,2011; 2012,Second hand,Second-hand; aid,9.6,28.8,28.8
Jordan,United States,2015,198.0,JDAM,guided bomb,198.0,2018,New,,0.02,3.96,3.96
Jordan,United States,2009,85.0,AIM-120C AMRAAM,long-range air-to-air missile,85.0,2013; 2015; 2016,New,Possibly $131 m deal; AIM-120C-7 version,0.6,51.0,51.0
Jordan,United States,2014,45.0,Caiman,armoured personnel carrier,45.0,2017,Second hand,Second-hand; aid,0.1,4.5,4.5
Jordan,United States,2015,10.0,AAQ-33 Sniper ATP,aircraft electro-optical system,10.0,2015; 2016,Second hand,Second-hand; $8.9 m deal,0.4,4.0,4.0
Jordan,United States,2016,300.0,BGM-71 TOW,anti-tank missile,300.0,2016; 2017; 2018,New,,0.01,3.0,3.0
Jordan,United States,2013,10.0,M-88,armoured recovery vehicle,10.0,2015,New,Scond-hand but rebuilt to new condition; aid; M-88A1 version,1.5,15.0,15.0
Jordan,United States,2000,1.0,TPS-77,air-search radar,1.0,2002,New,AN/TPS-117 version,11.0,11.0,11.0
Jordan,United States,2016,2.0,TPS-77,air-search radar,2.0,2017; 2018,New,Part of $42 m deal; designation uncertain (reported as 'long-range radar'),11.0,22.0,22.0
Jordan,United States,2014,100.0,AGM-114 Hellfire-2,anti-tank/air-to-surface missile,100.0,2015,New,For AT-802 combat aircraft,0.05,5.0,5.0
Jordan,United States,2022,10.0,Bell-505 Jet Ranger X,light helicopter,10.0,2023; 2024,New,For training; from Canadian production line,0.9,9.0,9.0
Jordan,United States,2002,400.0,BGM-71F TOW-2B,anti-tank missile,400.0,2003; 2004,New,Part of $52 m deal (for 1689 TOW-2A/TOW-2B for 5 countries),0.02,8.0,8.0
Jordan,United States,2017,12.0,AH-1F Modernized,combat helicopter,12.0,2018; 2019,New,Jordanian AH-1F rebuilt to AH-1F MOD,11.5,138.0,138.0
Jordan,United States,2013,5.0,AAQ-33 Sniper ATP,aircraft electro-optical system,5.0,2014,New,$16.5 m deal; for F-16 combat aircraft,1.0,5.0,5.0
Jordan,United States,2020,2.0,MGBW-38m,patrol boat,,,New,Aid,0.0,0.0,0.0
Jordan,United States,2014,100.0,WGU-59 APKWS,air-to-surface missile,100.0,2015; 2016,New,,0.01,1.0,1.0
Jordan,United States,2015,200.0,Paveway,guided bomb,200.0,2015,New,Aid; GBU-12 version; for F-16 combat aircraft,0.02,4.0,4.0
Jordan,United States,2016,12.0,S-70 Black Hawk,transport helicopter,12.0,2017,New,UH-60M version; aid,7.25,87.0,87.0
Jordan,United States,2014,10.0,FGM-148 Javelin,anti-tank missile,10.0,2014,New,Javelin Block-1 version,0.03,0.3,0.3
Jordan,United States,2016,144.0,GMLRS,guided rocket,144.0,2017; 2018,New,,0.08,11.52,11.52
Jordan,United States,2010,432.0,GMLRS,guided rocket,432.0,2012; 2013; 2014,New,For HIMARS MRL,0.08,34.56,34.56
Jordan,United States,2012,12.0,M-88,armoured recovery vehicle,12.0,2013,Second hand,Scond-hand; aid; M-88A1 version,0.6,7.2,7.2
Jordan,United States,2012,35.0,Cougar,armoured personnel carrier,35.0,2013,Second hand,Second-hand; aid,0.14,4.9,4.9
Jordan,United States,2013,200.0,M-113,armoured personnel carrier,200.0,2014,Second hand,Second-hand; M-577 command post version,0.1,20.0,20.0
Jordan,United States,2014,3.0,AH-1F Cobra,combat helicopter,3.0,2016,Second hand but modernized,Second-hand; modernised before delivery; aid,4.95,14.85,14.85
Jordan,United States,2005,150.0,MIM-23B I-Hawk,surface-to-air missile,150.0,2006; 2007,Second hand,Second-hand; MIM-23E version,0.07,10.2,10.2
Jordan,United States,2022,12.0,F-16V Viper,fighter/ground-attack aircraft,,,New,,40.0,480.0,0.0
Jordan,United States,2005,50.0,AIM-120C AMRAAM,long-range air-to-air missile,50.0,2007; 2008,New,$39 m deal,0.6,30.0,30.0
Jordan,United States,2002,2.0,TPS-77,air-search radar,2.0,2004,New,,11.0,22.0,22.0
Jordan,United States,2001,562.0,BGM-71 TOW,anti-tank missile,562.0,2002; 2003,New,BGM-71E TOW-2A version,0.01,5.62,5.62
Jordan,United States,2004,17.0,APG-66,combat aircraft radar,17.0,2007; 2008; 2009,New,Part of $87 m deal; for modernization of 17 Jordanian F-16ADF combat aircraft to F-16AM in Turkey,1.5,25.5,25.5
Jordan,United States,2014,11.0,R-44,light helicopter,11.0,2014; 2015; 2016,New,For training,0.25,2.75,2.75
Jordan,United States,2022,4.0,AAQ-33 Sniper ATP,aircraft electro-optical system,,,New,For F-16V combat aircraft,1.0,4.0,0.0
Jordan,United States,2014,25.0,vehicle engine,vehicle engine,25.0,2016; 2017; 2018,New,Cummins ISBe-4 (450hp) diesel engine for 25 Mbombe infantry fighting vehicles from South Africa,0.08,2.0,2.0
Jordan,United States,2003,20.0,F-100,turbofan,20.0,2003,Second hand,Second-hand; spares for F-16 combat aircraft,1.3,26.0,26.0
Jordan,United States,2016,300.0,M-113,armoured personnel carrier,300.0,2017; 2018,Second hand,Second-hand; aid; M-577A2 command post version,0.1,30.0,30.0
Jordan,United States,2017,100.0,AGM-114 Hellfire-2,anti-tank/air-to-surface missile,100.0,2018; 2019,New,,0.05,5.0,5.0
Jordan,United States,2013,57.0,Cougar,armoured personnel carrier,57.0,2014,Second hand,Second-hand; aid,0.14,7.98,7.98
Jordan,United States,2010,12.0,HIMARS,multiple rocket launcher,12.0,2012,New,,2.2,26.4,26.4
Jordan,United States,2001,116.0,FGM-148 Javelin,anti-tank missile,116.0,2004,New,$12 m deal (incl 30 launchers),0.03,3.48,3.48
Jordan,United States,2004,8.0,S-70 Black Hawk,transport helicopter,8.0,2007,New,$220 m deal; UH-60L version,7.25,58.0,58.0
Kazakhstan,United States,2011,4.0,UH-1H Huey-2,helicopter,4.0,2012; 2014; 2016; 2017,New,Second-hand UH-1H rebuilt to UH-1H-2 before delivery,3.1,12.4,12.4
Kazakhstan,United States,2003,6.0,UH-1H Huey-2,helicopter,6.0,2004,New,Second-hand UH-1H rebuilt to Huey-2; aid against terrorists,3.1,18.6,18.6
Kazakhstan,United States,2007,2.0,UH-1H Huey-2,helicopter,2.0,2007,New,Second-hand UH-1H rebuilt to Huey-2,3.1,6.2,6.2
Kazakhstan,United States,2007,40.0,HMMWV-UA,armoured personnel carrier,40.0,2008; 2009,New,M-1151 version,0.13,5.2,5.2
Kenya,United States,2020,22.0,Mamba-7,armoured personnel carrier,22.0,2020,New,For use with UN peacekeeping forces in Somalia (AMISOM),0.2,4.4,4.4
Kenya,United States,2016,3.0,M-28 Skytruck,light transport aircraft,3.0,2020,Second hand,Second-hand; aid,1.1,3.3,3.3
Kenya,United States,2019,6.0,L-118 105mm,towed gun,6.0,2019,Second hand,Second-hand,0.24,1.44,1.44
Kenya,United States,2024,144.0,M-1117 Guardian,armoured personnel carrier,144.0,2025,Second hand,Second-hand,0.16,23.04,23.04
Kenya,United States,2024,8.0,UH-1H Huey-2,helicopter,2.0,2024,Second hand,Probably second-hand; aid,1.24,9.92,2.48
Kenya,United States,2017,6.0,aircraft engine,aircraft engine,6.0,2020,New,Allison AE-2100D3 (5000hp) turboprop for 3 C-27J transport aircraft from Italy,1.5,9.0,9.0
Kenya,United States,2018,6.0,MD-500E,light helicopter,6.0,2019,New,Armed MD-530F version,0.7,4.2,4.2
Kenya,United States,2014,1.0,Cessna-208 Caravan,light transport aircraft,1.0,2015,New,Aid; Cessna-208B ISR version,1.0,1.0,1.0
Kenya,United States,2016,8.0,UH-1H Huey-2,helicopter,8.0,2016; 2017,New,Aid; second-hand UH-1H rebuilt to UH-1H-2 before delivery,3.1,24.8,24.8
Kosovo,United States,2021,105.0,M-1117 Guardian,armoured personnel carrier,105.0,2021; 2025,Second hand,Second-hand; aid,0.16,16.8,16.8
Kosovo,United States,2018,34.0,HMMWV-UA,armoured personnel carrier,34.0,2018; 2020,New,,0.13,4.42,4.42
Kosovo,United States,2025,,Hawkeye 105mm,self-propelled gun,,,New,,0.0,0.0,0.0
Kuwait,United States,2002,21.0,Harpoon Block-1,anti-ship missile,21.0,2003,New,AGM-84 version,0.9,18.9,18.9
Kuwait,United States,2002,96.0,AGM-114L Hellfire Longbow,anti-tank missile,96.0,2007,New,Part of $868 m deal (part of larger $2.1 b deal); AGM-114L3 version; for AH-64D helicopters,0.07,6.72,6.72
Kuwait,United States,2018,28.0,F/A-18E Super Hornet,fighter/ground-attack aircraft,28.0,2021; 2022,New,$2.7 b deal; F/A-18E Block-3 version (incl 6 F/A-18F trainer/combat version),50.0,1400.0,1400.0
Kuwait,United States,2020,19.0,M-88A2 HERCULES,armoured recovery vehicle,19.0,2021; 2022,New,,2.0,38.0,38.0
Kuwait,United States,2021,84.0,MIM-104 PAC-3 MSE,anti-ballistic missile missile,25.0,2025,New,For Patriot air-defence systems,1.5,126.0,37.5
Kuwait,United States,2016,18.0,AAQ-33 Sniper ATP,aircraft electro-optical system,18.0,2022; 2023; 2024,New,For Typhoon combat aircraft,1.0,18.0,18.0
Kuwait,United States,2022,60.0,AIM-120D AMRAAM,long-range air-to-air missile,60.0,2023,New,AIM-120C-8 version; for Typhoon combat aircraft,0.8,48.0,48.0
Kuwait,United States,2008,2127.0,BGM-71 TOW,anti-tank missile,2127.0,2009; 2010; 2011,New,TOW-2A version,0.01,21.27,21.27
Kuwait,United States,2011,209.0,MIM-104 PAC-2,surface-to-air missile,209.0,2014; 2015,New,MIM-104E GEM-T version; for Patriot air-defence systems,1.0,209.0,209.0
Kuwait,United States,2009,10.0,Pegasus,patrol boat,10.0,2011; 2012; 2013,New,,4.6,46.0,46.0
Kuwait,United States,2008,1418.0,BGM-71F TOW-2B,anti-tank missile,1418.0,2010; 2011; 2012,New,,0.02,28.36,28.36
Kuwait,United States,2009,51.0,JDAM,guided bomb,51.0,2011,New,,0.02,1.02,1.02
Kuwait,United States,2013,1.0,C-17A Globemaster-3,heavy transport aircraft,1.0,2014,New,,140.0,140.0,140.0
Kuwait,United States,2013,80.0,AIM-9X Sidewinder,long-range air-to-air missile,80.0,2014; 2015,New,$40 m deal; AIM-9X Block-2 version,0.18,14.4,14.4
Kuwait,United States,2013,300.0,AGM-114 Hellfire-2,anti-tank/air-to-surface missile,300.0,2015,New,AGM-114R version,0.05,15.0,15.0
Kuwait,United States,2014,2.0,Patriot Configuration-3,surface-to-air missile system,2.0,2017; 2018,New,$655 m deal; probably Patriot PAC-3+ version,55.0,110.0,110.0
Kuwait,United States,2005,5.0,AAQ-33 Sniper ATP,aircraft electro-optical system,5.0,2006,New,$12.5 m deal,1.0,5.0,5.0
Kuwait,United States,2021,14.0,AAQ-33 Sniper ATP,aircraft electro-optical system,14.0,2023,New,For F/A-18E combat aircraft,1.0,14.0,14.0
Kuwait,United States,2008,6.0,Patriot Configuration-3,surface-to-air missile system,6.0,2014; 2015; 2016,New,Kuwaiti Patriot SAM systems rebuilt to Patriot PAC-3,55.0,330.0,330.0
Kuwait,United States,2016,51.0,JDAM,guided bomb,51.0,2017,New,,0.02,1.02,1.02
Kuwait,United States,2021,300.0,AGM-114 Hellfire-2,anti-tank/air-to-surface missile,300.0,2022; 2023; 2024,New,AGM-114R version,0.05,15.0,15.0
Kuwait,United States,2019,60.0,AIM-120C AMRAAM,long-range air-to-air missile,60.0,2022,New,For F/A-18E combat aircraft; AIM-120C-7 version,0.6,36.0,36.0
Kuwait,United States,2003,8.0,APG-78 Longbow,combat helicopter radar,8.0,2007,New,Part of $46 m deal; for 8 AH-64D combat helicopters,3.0,24.0,24.0
Kuwait,United States,2003,1.0,TPS-63,air-search radar,1.0,2005,New,$84-113 m deal; LASS version (on aerostat),5.0,5.0,5.0
Kuwait,United States,2016,218.0,M-1A2S Abrams,tank,218.0,2021; 2022,New,M1A2-K version,5.0,1090.0,1090.0
Kuwait,United States,2016,14.0,AAQ-33 Sniper ATP,aircraft electro-optical system,14.0,2018; 2019,New,For F/A-18C combat aircraft,1.0,14.0,14.0
Kuwait,United States,2021,16.0,AH-64E Apache,combat helicopter,,,New,Kuwaiti AH-64D rebuilt to AH-64E,15.0,240.0,0.0
Kuwait,United States,2010,40.0,LAV-25 turret,infantry fighting vehicle turret,40.0,2013; 2014,New,For Pandur infantry fighting vehicles from Austria,0.6,24.0,24.0
Kuwait,United States,2007,20.0,Desert Chameleon,infantry fighting vehicle,20.0,2010; 2011,New,For police,0.4,8.0,8.0
Kuwait,United States,2009,3.0,KC-130J Hercules,tanker/transport aircraft,3.0,2014,New,$245 m deal (part of $1.1 b deal incl support),45.0,135.0,135.0
Kuwait,United States,2022,4.0,TPS-77,air-search radar,,,New,$85 m deal; planned delivery by 2027,11.0,44.0,0.0
Kuwait,United States,2014,1.0,AIM-9X Sidewinder,long-range air-to-air missile,1.0,2016,New,AIM-9X Block-2 version,0.18,0.18,0.18
Kuwait,United States,2009,120.0,AIM-120C AMRAAM,long-range air-to-air missile,120.0,2010; 2013; 2014,New,Possibly $178 m deal; AIM-120C-7 version,0.6,72.0,72.0
Kuwait,United States,2013,60.0,MIM-104 PAC-3,anti-ballistic missile missile,60.0,2015; 2016,New,For Patriot air-defence systems,0.8,48.0,48.0
Kuwait,United States,2002,188.0,AGM-114 Hellfire-2,anti-tank/air-to-surface missile,188.0,2007,New,Part of $868 m deal (part of larger $2.1 b deal); AGM-114K3 version; for AH-64D helicopters,0.05,9.4,9.4
Kuwait,United States,2003,16.0,AH-64D Apache Longbow,combat helicopter,16.0,2007,New,Part of $868 m deal (incl $213 m for airframes and $46 m for Longbow radars; part of $2.1 b deal); sold on condition to be used for defensive operations only,15.5,248.0,248.0
Kuwait,United States,2011,1.0,C-17A Globemaster-3,heavy transport aircraft,1.0,2014,New,,140.0,140.0,140.0
Latvia,United States,2022,,FGM-148 Javelin,anti-tank missile,,,New,,0.03,0.0,0.0
Latvia,United States,2015,3.0,TPS-77,air-search radar,3.0,2018; 2019,New,TPS-77 MRR version,11.0,33.0,33.0
Latvia,United States,2007,2.0,TPS-77,air-search radar,2.0,2009; 2010,New,$44 m deal,11.0,22.0,22.0
Latvia,United States,2010,40.0,HMMWV-UA,armoured personnel carrier,40.0,2010,Second hand,Second-hand; loan for use in Afghanistan,0.05,2.08,2.08
Latvia,United States,2010,8.0,Cougar,armoured personnel carrier,8.0,2010,Second hand,Second-hand; loan for use in Afghanistan,0.14,1.12,1.12
Latvia,United States,2019,4.0,S-70 Black Hawk,transport helicopter,3.0,2022; 2023,New,EUR175 m deal; UH-60M version,7.25,29.0,21.75
Latvia,United States,2015,4.0,MPQ-64 Sentinel,air-search radar,4.0,2016,New,,5.0,20.0,20.0
Latvia,United States,2001,1.0,TPS-77,air-search radar,1.0,2003,New,$13 m deal (part of $30 m deal); for 'BALTNET' air surveillance network,11.0,11.0,11.0
Latvia,United States,2023,6.0,HIMARS,multiple rocket launcher,,,New,$180 m deal; delivery planned from 2027,2.2,13.2,0.0
Latvia,United States,2023,144.0,GMLRS,guided rocket,,,New,For HIMARS MRL,0.08,11.52,0.0
Latvia,United States,2023,10.0,ATACMS Block-1A,surface-to-surface missile,,,New,For HIMARS multiple rocket launchers,2.0,20.0,0.0
Lebanon,United States,2021,3.0,SP-2600,patrol boat,3.0,2023,Second hand,Second-hand; aid; Marine Protector version,1.68,5.04,5.04
Lebanon,United States,2021,3.0,UH-1H Huey-2,helicopter,3.0,2022,New,Second-hand UH-1H rebuilt to Huey-2,3.1,9.3,9.3
Lebanon,United States,2017,1000.0,AGM-114 Hellfire-2,anti-tank/air-to-surface missile,1000.0,2019; 2020; 2021,New,,0.05,50.0,50.0
Lebanon,United States,2020,89.0,K-6 120mm,mortar,89.0,2020; 2021; 2022; 2023,New,,0.25,22.25,22.25
Lebanon,United States,2012,24.0,K-6 120mm,mortar,24.0,2013,Second hand,Probably second-hand; M-120A1 version,0.1,2.4,2.4
Lebanon,United States,2003,4.0,R-44,light helicopter,4.0,2005,New,R44 Raven-2 version; for training,0.25,1.0,1.0
Lebanon,United States,2018,150.0,HMMWV-UA,armoured personnel carrier,150.0,2019,New,Aid,0.13,19.5,19.5
Lebanon,United States,2018,6.0,MD-500E,light helicopter,6.0,2020; 2021,New,$94 m 'Building Partner Capacity' aid; MD-530F+ version,0.7,4.2,4.2
Lebanon,United States,1998,8.0,Bell-205A-1,helicopter,4.0,2000,Second hand,Second-hand; aid; some more delivered for spares only,1.05,8.38,4.19
Lebanon,United States,2016,350.0,BGM-71 TOW,anti-tank missile,350.0,2017,Second hand,Secodn-hand; aid; for 32 M-2A2 infantry fighting vehicles,0.0,1.4,1.4
Lebanon,United States,2008,20.0,AGM-114 Hellfire-2,anti-tank/air-to-surface missile,20.0,2009,New,For Cessna-208B (AC-208) light transport aircraft,0.05,1.0,1.0
Lebanon,United States,2010,1.0,CSC-43m,patrol boat,1.0,2012,New,$29 m aid; Lebanese designation Tablous,12.2,12.2,12.2
Lebanon,United States,2015,40.0,M-198 155mm,towed gun,40.0,2016,Second hand,Second-hand; aid,0.34,13.6,13.6
Lebanon,United States,2014,72.0,M-198 155mm,towed gun,72.0,2015,Second hand,Second-hand; aid,0.34,24.48,24.48
Lebanon,United States,2014,50.0,AGM-114 Hellfire-2,anti-tank/air-to-surface missile,50.0,2015,New,,0.05,2.5,2.5
Lebanon,United States,2012,6.0,UH-1H Huey-2,helicopter,6.0,2012,New,$58 m aid (incl $33 m for aircraft only); second-hand UH-1H rebuilt to Huey-2,3.1,18.6,18.6
Lebanon,United States,2014,239.0,BGM-71 TOW,anti-tank missile,239.0,2015,New,Possibly second-hand; deal incl also 20 launchers; aid,0.01,2.39,2.39
Lebanon,United States,2011,1.0,Cessna-208 Caravan,light transport aircraft,1.0,2013,Second hand but modernized,Second-hand Cessna-208B but modernized to surveillance aircraft before delivery; aid,0.66,0.66,0.66
Lebanon,United States,2015,1000.0,M-712 Copperhead,guided shell,1000.0,2015; 2018,Second hand,Second-hand; aid,0.01,12.0,12.0
Lebanon,United States,2017,2.0,R-44,light helicopter,2.0,2018,New,R-44 Raven-2 version; for training,0.25,0.5,0.5
Lebanon,United States,2017,28.0,M-992 FAASV,armoured supply vehicle,28.0,2019,Second hand,Second-hand; aid ,0.18,5.04,5.04
Lebanon,United States,2015,100.0,AGM-114 Hellfire-2,anti-tank/air-to-surface missile,100.0,2015,New,,0.05,5.0,5.0
Lebanon,United States,2007,71.0,M-198 155mm,towed gun,71.0,2009; 2010,Second hand,Second-hand; aid,0.34,24.14,24.14
Lebanon,United States,2014,74.0,HMMWV-UA,armoured personnel carrier,74.0,2015; 2016,Second hand,Probably second-hand; aid,0.05,3.85,3.85
Lebanon,United States,2017,1500.0,BGM-71F TOW-2B,anti-tank missile,1500.0,2018; 2019; 2020,New,Incl 1000 BGM-71E and 500 BGM-71H versions,0.02,30.0,30.0
Lebanon,United States,2016,10.0,M-992 FAASV,armoured supply vehicle,10.0,2017,Second hand,Second-hand; aid,0.18,1.8,1.8
Lebanon,United States,2017,24.0,M-109A5 155mm,self-propelled gun,24.0,2022,Second hand,Second-hand,0.5,12.0,12.0
Lebanon,United States,2020,3.0,UH-1H Huey-2,helicopter,3.0,2021,New,Second-hand UH-1H rebuilt to Huey-2,3.1,9.3,9.3
Lebanon,United States,2014,6.0,UH-1H Huey-2,helicopter,6.0,2016; 2017,New,Second-hand UH-1H rebuilt to Huey-2; aid,3.1,18.6,18.6
Lebanon,United States,2017,2.0,M-88A2 HERCULES,armoured recovery vehicle,2.0,2019,New,Aid,2.0,4.0,4.0
Lebanon,United States,2015,1.0,Cessna-208 Caravan,light transport aircraft,1.0,2016,New,Cessna-208B (AC-208) armed version; aid,1.0,1.0,1.0
Lebanon,United States,2012,200.0,M-113,armoured personnel carrier,200.0,2013,Second hand,Second-hand; aid,0.1,20.0,20.0
Lebanon,United States,2016,32.0,M-2 Bradley,infantry fighting vehicle,32.0,2017; 2018,Second hand,Second-hand; aid; M-2A2 version,0.64,20.48,20.48
Lebanon,United States,2014,100.0,AGM-114 Hellfire-2,anti-tank/air-to-surface missile,100.0,2014,New,For Cessna-208B (AC-208) light transport aircraft; aid,0.05,5.0,5.0
Lebanon,United States,1999,1.0,M-113,armoured personnel carrier,1.0,2000,Second hand,Second-hand; M-113A2 version,0.1,0.1,0.1
Lebanon,United States,2016,2000.0,WGU-59 APKWS,air-to-surface missile,2000.0,2019; 2020; 2021; 2022,New,For A-29B (EMB-314) trainer/combat aircraft,0.01,20.0,20.0
Lebanon,United States,2008,1.0,Cessna-208 Caravan,light transport aircraft,1.0,2009,New,Cessna-208B (AC-208) armed version; aid,1.0,1.0,1.0
Liberia,United States,2020,50.0,Mamba-7,armoured personnel carrier,50.0,2023,New,,0.25,12.5,12.5
Lithuania,United States,2025,6.0,V-2500,turbofan,,,New,For 3 C-390 transport aircraft from Brazil,3.0,18.0,0.0
Lithuania,United States,2024,2.0,MPQ-64 Sentinel,air-search radar,,,New,For NASAMS SAM systems from Norway,5.0,10.0,0.0
Lithuania,United States,2024,,AIM-120C AMRAAM,long-range air-to-air missile,,,New,For NASAMS SAM systems,0.6,0.0,0.0
Lithuania,United States,2006,6.0,aircraft engine,aircraft engine,6.0,2006; 2008; 2009,New,Allison AE-2100D3 (5000hp) turboprop engine for 3 C-27J transport aircraft from Italy,1.5,9.0,9.0
Lithuania,United States,2022,230.0,FGM-148 Javelin,anti-tank missile,151.0,2024,New,,0.03,6.9,4.53
Lithuania,United States,2022,50.0,Switchblade-600,loitering munition,50.0,2024,New,,0.15,7.5,7.5
Lithuania,United States,2023,2.0,MPQ-64 Sentinel,air-search radar,,,New,For 2 NASAMS SAM systems from Norway,5.0,10.0,0.0
Lithuania,United States,2019,200.0,L-ATV,armoured personnel carrier,200.0,2021; 2022; 2023,New,EUR145 m deal (incl 5 years support); JLTV version,0.18,36.0,36.0
Lithuania,United States,2001,74.0,FGM-148 Javelin,anti-tank missile,74.0,2002; 2003,New,LTL39 ($9-10 m) deal (incl 18 launchers),0.03,2.22,2.22
Lithuania,United States,2020,4.0,S-70 Black Hawk,transport helicopter,2.0,2025,New,EUR181 m ($213 m) deal; UH-60M version; option on 2 more,7.25,29.0,14.5
Lithuania,United States,2015,500.0,FGM-148 Javelin,anti-tank missile,500.0,2015; 2017; 2019; 2020; 2021; 2022; 2023,New,,0.03,15.0,15.0
Lithuania,United States,2023,36.0,AIM-120C AMRAAM,long-range air-to-air missile,,,New,For NASAMS SAM systems,0.6,21.6,0.0
Lithuania,United States,2016,2.0,MPQ-64 Sentinel,air-search radar,2.0,2020; 2021,New,For 2 NASAMS SAM systems from Norway,5.0,10.0,10.0
Lithuania,United States,2016,150.0,AIM-120C AMRAAM,long-range air-to-air missile,150.0,2020; 2021; 2022,New,For NASAMS SAM systems,0.6,90.0,90.0
Lithuania,United States,2022,8.0,HIMARS,multiple rocket launcher,,,New,Delivery planned from 2026,2.2,17.6,0.0
Lithuania,United States,2022,18.0,ATACMS Block-1A,surface-to-surface missile,,,New,For HIMARS multiple rocket launchers,2.0,36.0,0.0
Lithuania,United States,2022,864.0,GMLRS,guided rocket,,,New,Incl 432 Extended GMLRS; for HIMARS multple rocket launchers,0.08,69.12,0.0
Lithuania,United States,2002,2.0,MPQ-64 Sentinel,air-search radar,2.0,2006,New,Part of $31 m deal; for use with Stinger MANPADS,5.0,10.0,10.0
Lithuania,United States,2002,54.0,Stinger,portable surface-to-air missile,54.0,2007,New,$31 m deal (incl 8 launchers),0.08,4.32,4.32
Lithuania,United States,2004,40.0,HMMWV-UA,armoured personnel carrier,40.0,2004; 2005,New,M-1114 version,0.13,5.2,5.2
Lithuania,United States,2023,3.0,TPS-77,air-search radar,,,New,,11.0,33.0,0.0
Lithuania,United States,2022,300.0,L-ATV,armoured personnel carrier,235.0,2024; 2025,New,J-LTV version,0.18,54.0,42.3
Luxembourg,United States,2002,50.0,BGM-71F TOW-2B,anti-tank missile,50.0,2003,New,TOW-2A and/or TOW-2B version,0.02,1.0,1.0
Malaysia,United States,2000,44.0,vehicle engine,vehicle engine,44.0,2002; 2003,New,Detroit Diesel 6V-53T (275hp) diesel engine for 44 AIFV (ACV-300) infantry fighting vehicles from Turkiye,0.03,1.32,1.32
Malaysia,United States,1999,12.0,aircraft engine,aircraft engine,12.0,2003; 2004,New,LHTEC CTS-800-4N (1270hp) turboshaft for 12 Super Lynx-300 helicopters from UK,0.5,6.0,6.0
Malaysia,United States,2002,4.0,aircraft engine,aircraft engine,4.0,2005; 2006,New,General Electric CT-7-9C3 (1750hp) turboprop for 2 CN-235 transport aircraft from Indonesia,0.5,2.0,2.0
Malaysia,United States,2000,31.0,Sharpshooter,infantry fighting vehicle turret,31.0,2002; 2003,New,For 31 AIFV (ACV-300) infantry fighting vehicles from Turkiye,0.6,18.6,18.6
Malaysia,United States,2005,20.0,AIM-120C AMRAAM,long-range air-to-air missile,20.0,2007,New,AIM-120C-5 version,0.6,12.0,12.0
Malaysia,United States,2016,6.0,MD-530G,combat helicopter,6.0,2022,New,MYR332 m ($77 m) deal,3.0,18.0,18.0
Malaysia,United States,2012,6.0,ASQ-228 ATFLIR,aircraft electro-optical system,6.0,2016; 2017,New,$26 m deal; for modernization of 6 F/A-18D combat aircraft,1.1,6.6,6.6
Malaysia,United States,2020,3.0,APS-143(V),maritime patrol aircraft radar,3.0,2022,New,'MSI' aid; APS-143C(V)3 version; for modification of 3 CN-235 transport aircraft to martime patrol aircraft (by Indonesian company),2.5,7.5,7.5
Malaysia,United States,2021,1.0,TPS-77,air-search radar,1.0,2023,New,$25 m deal,11.0,11.0,11.0
Malaysia,United States,2000,12.0,ship engine,ship engine,12.0,2006; 2009; 2010,New,Caterpillar-3616 (7310hp) diesel engine for 6 MEKO-A100 (Kedah) patrol ships from Germany,2.5,30.0,30.0
Malaysia,United States,2005,4.0,Harpoon Block-1,anti-ship missile,4.0,2006; 2007,New,AGM-84A air-launched version,0.9,3.6,3.6
Malaysia,United States,2009,50.0,JDAM,guided bomb,50.0,2011,New,For F/A-18D combat aircraft,0.02,1.0,1.0
Malaysia,United States,2008,28.0,vehicle engine,vehicle engine,28.0,2010,New,Detroit Diesel 6V-53T (275hp) diesel engine for 28 AIFV (ACV-300) infantry fighting vehicles Turkiye,0.03,0.84,0.84
Malaysia,United States,2013,20.0,AIM-9X Sidewinder,long-range air-to-air missile,20.0,2015,New,$12 m deal; AIM-9X Block-2 version,0.18,3.6,3.6
Malaysia,United States,2015,10.0,AIM-120C AMRAAM,long-range air-to-air missile,10.0,2016,New,AIM-120C-7 version,0.6,6.0,6.0
Malaysia,United States,2012,2.0,King Air,light transport aircraft,2.0,2013,New,King Air-350i version; for Malaysian company for training of Malaysian military,2.85,5.7,5.7
Malaysia,United States,2023,18.0,F-404,turbofan,,,New,For 18 FA-50 combat aircraft from South Korea,2.2,39.6,0.0
Malaysia,United States,2023,18.0,PhantomStrike,combat aircraft radar,,,New,For 18 FA-50 Block-20 combat aircraft from South Korea,0.0,0.0,0.0
Malaysia,United States,2012,4.0,RDR-1700,maritime patrol aircraft radar,4.0,2014,New,For modernization of 4 King Air-200T MP aircraft,2.5,10.0,10.0
Malaysia,United States,2018,8.0,ship engine,ship engine,8.0,2019; 2020,New,Cummins QSK-50 (2200hp) diesel engine for modernization of 2 Combattante-2 (Perdana) missile boats,0.25,2.0,2.0
Malaysia,United States,2001,6.0,RDR-1500,maritime patrol aircraft radar,6.0,2003; 2004,New,For 6 AS-555SN helicopters from France,2.25,13.5,13.5
Malaysia,United States,2010,60.0,Paveway,guided bomb,60.0,2011,New,GBU-10 and GBU-12 Paveway-2 versions,0.02,1.2,1.2
Malta,United States,2001,2.0,SP-2600,patrol boat,2.0,2002; 2004,New,Marine Protector version,4.2,8.4,8.4
Malta,United States,2009,1.0,King Air Maritime,maritime patrol aircraft,1.0,2011,New,EUR9.7 m deal (75% financed by EU 'EBF' programme); bought via company in Germany,7.5,7.5,7.5
Malta,United States,2025,1.0,King Air Maritime,maritime patrol aircraft,,,New,King Air-360 version; ordered via company in Germany,5.0,5.0,0.0
Malta,United States,2010,1.0,King Air Maritime,maritime patrol aircraft,1.0,2012,New,EUR9.7 m deal (75% financed by EU 'EBF' programme); bought via company in Germany,7.5,7.5,7.5
Malta,United States,2015,1.0,King Air Maritime,maritime patrol aircraft,1.0,2017,New,$18 m deal (financed by EU aid),7.5,7.5,7.5
Mauritania,United States,2014,2.0,Cessna-208 Caravan,light transport aircraft,2.0,2014,New,Aid (part of $21 m aid); incl for maritime patrol,1.0,2.0,2.0
Mexico,United States,2014,4.0,King Air Maritime,maritime patrol aircraft,4.0,2015; 2016,New,King Air-350ER version,7.5,30.0,30.0
Mexico,United States,2023,2.0,TPS-70,air-search radar,2.0,2025,Second hand,Second-hand; aid; incl. 1 TPS-78 version,4.4,8.8,8.8
Mexico,United States,2001,6.0,AE-3007,turbofan,6.0,2004,New,For 1 EMB-145AEW&C AEW and 2 EMB-145MP MP aircraft from Brazil,1.3,7.8,7.8
Mexico,United States,2000,4.0,Bell-412,helicopter,4.0,2002,New,From Canadian production line; Bell-412EP version,5.0,20.0,20.0
Mexico,United States,2008,2.0,APS-143(V),maritime patrol aircraft radar,2.0,2010,New,For 2 CN-235MP MP aircraft from Spain,2.5,5.0,5.0
Mexico,United States,2013,4.0,aircraft engine,aircraft engine,4.0,2015,New,General Electric CT-7-9C3 (1750hp) turboprop for 2 CN-235MP MP aircraft from Spain,0.5,2.0,2.0
Mexico,United States,2008,4.0,aircraft engine,aircraft engine,4.0,2010,New,General Electric CT-7-9C3 (1750hp) turboprop engine for 2 CN-235MP maritime patrol aircraft from Spain,0.5,2.0,2.0
Mexico,United States,2009,8.0,aircraft engine,aircraft engine,8.0,2011; 2012,New,General Electric CT-7-9C3 (1750hp) turboprop for 4 CN-235MP MP aircraft from Spain,0.5,4.0,4.0
Mexico,United States,2003,4.0,MPQ-64 Sentinel,air-search radar,4.0,2006,New,$26 m deal,5.0,20.0,20.0
Mexico,United States,2010,6.0,APS-143(V),maritime patrol aircraft radar,6.0,2011; 2012; 2015,New,APS-143(V)3 version for 6 CN-235MP MP aircraft from Spain,2.5,15.0,15.0
Mexico,United States,2018,23.0,RIM-116A RAM,surface-to-air missile,23.0,2020,New,For SIGMA-105 frigate,0.14,3.22,3.22
Mexico,United States,2018,1.0,Mk-56 VLS,naval surface-to-air missile system,1.0,2020,New,For 1 SIGMA-105 (Reformador) frigate from Netherlands,5.0,5.0,5.0
Mexico,United States,2009,3.0,Bell-412,helicopter,3.0,2010,New,Financed by US 'FMF' aid under 'Merida Initiative'; from Canadian production line; Bell-412EP version,5.0,15.0,15.0
Mexico,United States,2008,4.0,aircraft engine,aircraft engine,4.0,2010,New,General Electric CT-7-9C3 (1750hp) turboprop for 2 CN-235MP MP aircraft from Spain,0.5,2.0,2.0
Mexico,United States,2009,5.0,Bell-412,helicopter,5.0,2009,New,$51-104 m deal (financed by 'FMF' aid under 'Merida Initiative'); Bell-412EP version; from Canadian production line,5.0,25.0,25.0
Mexico,United States,2011,4.0,TPS-70,air-search radar,4.0,2012; 2013,New,$119 m or $221 m deal; AN/TPS-78 and/or AN/TPS-703 version,11.0,44.0,44.0
Mexico,United States,2011,8.0,aircraft engine,aircraft engine,8.0,2011; 2012,New,Allison AE-2100D3 (5000hp) turboprop for 4 C-27J transport aircraft from Italy,1.5,12.0,12.0
Mexico,United States,2000,1.0,Exec-162F,light helicopter,1.0,2000,New,Assembled from kit in Mexico,0.1,0.1,0.1
Mexico,United States,2010,170.0,SandCat,armoured personnel carrier,170.0,2010; 2011,New,Assembled in Mexico,0.14,23.8,23.8
Mexico,United States,2011,80.0,SandCat,armoured personnel carrier,80.0,2011,New,Assembled in Mexico,0.14,11.2,11.2
Mexico,United States,2002,4.0,C-130H Hercules,transport aircraft,4.0,2004,Second hand,Second-hand UK aircraft sold back to USA and sold to Mexico; incl 2 C-130K (Hercules C-1) and 2 C-130K-30 (Hercules C-3) versions,11.2,44.8,44.8
Mexico,United States,2008,2.0,Cessna-208 Caravan,light transport aircraft,2.0,2009,New,'Merida Initiative' aid; surveillance or possibly electronic reconnaissance version; for anti-narcotics operations,1.0,2.0,2.0
Mexico,United States,2014,4.0,King Air-350 ISR,ground surveillance aircraft,4.0,2015; 2016,New,King Air-350ER version,11.0,44.0,44.0
Mexico,United States,2014,2.0,King Air,light transport aircraft,2.0,2015,New,King Air-350i version,2.85,5.7,5.7
Mexico,United States,2018,8.0,ESSM Block-1,surface-to-air missile,8.0,2020,New,For SIGMA-105 (Reformador) frigate,0.4,3.2,3.2
Mexico,United States,2008,1.0,Gulfstream-4,light transport aircraft,1.0,2008,New,$42 m deal; for VIP transport,23.0,23.0,23.0
Mexico,United States,2015,3.0,Boeing-737NG,transport aircraft,3.0,2015; 2016,New,Boeing-737-800 version,33.0,99.0,99.0
Mexico,United States,2013,6.0,T-6 Texan-2,(armed) trainer aircraft,6.0,2014,New,T-6C+ armed version,2.0,12.0,12.0
Mexico,United States,2014,11.0,T-6 Texan-2,(armed) trainer aircraft,11.0,2016; 2017; 2018,New,MXN857 m deal; T-6C+ armed version; incl for combat role,2.0,22.0,22.0
Mexico,United States,2015,15.0,Bell-407,light helicopter,15.0,2015; 2016,New,MXN1.7b ($112 m) deal; Bell-407GX version,1.3,19.5,19.5
Mexico,United States,2014,2.0,T-6 Texan-2,(armed) trainer aircraft,2.0,2014,New,T-6C+ armed version; incl for combat role,2.0,4.0,4.0
Mexico,United States,2011,6.0,T-6 Texan-2,(armed) trainer aircraft,6.0,2012,New,T-6C+ armed version,2.0,12.0,12.0
Mexico,United States,2012,63.0,SandCat,armoured personnel carrier,63.0,2012; 2013; 2014,New,DN-XI version,0.14,8.82,8.82
Mexico,United States,2014,12.0,T-6 Texan-2,(armed) trainer aircraft,12.0,2015; 2016,New,T-6C+ armed version; for combat role,2.0,24.0,24.0
Mexico,United States,2014,24.0,T-6 Texan-2,(armed) trainer aircraft,24.0,2016; 2017,New,MXN6.3b ($480 m) deal; T-6C+ armed version,2.0,48.0,48.0
Mexico,United States,2013,3.0,Citation-1,light transport aircraft,3.0,2016,Second hand but modernized,Second-hand but modernized before delivery and modified to AGS/SIGINT aircraft with Israeli systems,2.64,7.92,7.92
Mexico,United States,2014,200.0,HMMWV-UA,armoured personnel carrier,200.0,2015; 2016,New,M-1152A1/B2 version,0.13,26.0,26.0
Mexico,United States,2010,3.0,S-70 Black Hawk,transport helicopter,3.0,2011,New,$35 m deal (financed by USA under 'Merida Initiative); UH-60M version,7.25,21.75,21.75
Mexico,United States,2014,8.0,S-70 Black Hawk,transport helicopter,8.0,2015,New,$93 m deal; UH-60M version,7.25,58.0,58.0
Mexico,United States,2001,1.0,Knox,frigate,1.0,2001,Second hand,Second-hand; Mexican designation Allende,110.0,110.0,110.0
Mexico,United States,2002,11.0,SeaVue,maritime patrol aircraft radar,11.0,2004,New,For modernization of 11 Bo-105CBS helicopters to Super Five version,2.5,27.5,27.5
Mexico,United States,2003,4.0,Schweizer-330,light helicopter,4.0,2006,New,,0.45,1.8,1.8
Mexico,United States,1997,24.0,ship engine,ship engine,16.0,2000; 2001; 2003; 2011; 2012,New,Caterpillar-3916V16 (3100hp) diesel engine for 4 Sierra; 4 Durango and 4 Oaxaca patrol ships produced in Mexico,1.2,28.8,19.2
Mexico,United States,2025,1.0,C-130J Hercules,transport aircraft,,,New,C-130J-30 version; delivery planned 2028,40.0,40.0,0.0
Mexico,United States,2015,2.0,S-70 Black Hawk,transport helicopter,2.0,2017,New,UH-60M version,7.25,14.5,14.5
Mexico,United States,2001,2.0,SeaVue,maritime patrol aircraft radar,2.0,2004,New,For 2 EMB-145 MP aircraft from Brazil,2.5,5.0,5.0
Mexico,United States,1998,10.0,Explorer,helicopter,6.0,2000; 2002,New,Armed version; for anti-narcotics operations,2.3,23.0,13.8
Mexico,United States,1999,73.0,Cessna-180 Skywagon,light aircraft,23.0,2000,New,For anti-narcotics operations; Cessna-182S version,0.18,13.14,4.14
Mexico,United States,1998,1.0,Knox,frigate,1.0,2000,Second hand,Second-hand; Mexican designation Allende,110.0,110.0,110.0
Mexico,United States,2000,2.0,R-22,light helicopter,2.0,2000,New,For training,0.13,0.26,0.26
Mexico,United States,2000,1.0,R-44,light helicopter,1.0,2000,New,,0.25,0.25,0.25
Mexico,United States,2002,8.0,SeaVue,maritime patrol aircraft radar,8.0,2004; 2005; 2006,New,For modernization of 8 C-212 MP aircraft in Spain and Mexico to C-212ES5MSA,2.5,20.0,20.0
Mexico,United States,2018,1.0,Cessna-208 Caravan,light transport aircraft,1.0,2018,New,Cessna-208EX version,1.0,1.0,1.0
Mexico,United States,2013,4.0,King Air,light transport aircraft,4.0,2014; 2015,New,King Air-350ER version,2.85,11.4,11.4
Mexico,United States,2000,2.0,Newport,landing ship,2.0,2001; 2002,Second hand,Second-hand; Mexican designation Rio Papaloapan,30.17,60.34,60.34
Mexico,United States,2017,6.0,Mk-54 LWT,anti-submarine torpedo,6.0,2020,New,For SIGMA-105 frigate,0.5,3.0,3.0
Mexico,United States,2010,3.0,S-70 Black Hawk,transport helicopter,3.0,2011,New,$37 m deal (financed by 'FMF' aid under 'Merida Initiative'); UH-60M version,7.25,21.75,21.75
Mexico,United States,2015,12.0,Cessna-U206,light aircraft,12.0,2016; 2017,New,Cessna-T206H version; for surveillance role,0.25,3.0,3.0
Mexico,United States,1999,2.0,Lancair-ES,light aircraft,2.0,2000,New,Assembled from kits in Mexico; for training,0.11,0.22,0.22
Mexico,United States,2017,6.0,Harpoon Block-2,anti-ship/land-attack missile,6.0,2020,New,RGM-84L  version; for SIGMA-105 frigate,1.0,6.0,6.0
Mexico,United States,2014,18.0,S-70 Black Hawk,transport helicopter,18.0,2015; 2016; 2017,New,$462 m deal (incl $204 m for airframes); armed UH-60M version,7.25,130.5,130.5
Mexico,United States,2014,5.0,S-70 Black Hawk,transport helicopter,5.0,2016; 2017,New,$56 m deal; UH-60M version,7.25,36.25,36.25
Mongolia,United States,2023,20.0,L-ATV,armoured personnel carrier,,,New,JLTV version; delivery possibly planned 2026,0.18,3.6,0.0
Montenegro,United States,2019,65.0,L-ATV,armoured personnel carrier,65.0,2020; 2022; 2024; 2025,New,$36 m deal; JLTV version,0.18,11.7,11.7
Montenegro,United States,2020,2.0,Bell-505 Jet Ranger X,light helicopter,2.0,2020; 2021,New,From production line in Canada,0.9,1.8,1.8
Montenegro,United States,2018,3.0,Bell-412,helicopter,3.0,2018,New,$37 m deal; from Canadian production line; incl 1 Bell-412EP and 2 Bell-412EPi version; incl for civilian use,5.0,15.0,15.0
Morocco,United States,2024,40.0,ATACMS Block-1A,surface-to-surface missile,,,New,For use with HIMARS multiple rocket launchers; delivery planned by 2028,2.0,80.0,0.0
Morocco,United States,2020,200.0,Stinger,portable surface-to-air missile,100.0,2025,New,AIM-92H version; for AH-64E combat helicopters,0.08,16.0,8.0
Morocco,United States,2024,150.0,vehicle engine,vehicle engine,5.0,2025,New,Cummins ISC-600 (600hp) diesel engine for 150 WhAP armoured personnel carriers from India,0.08,12.0,0.4
Morocco,United States,2012,146.0,M-113,armoured personnel carrier,146.0,2013,Second hand,Second-hand; M-577A2 command post version,0.1,14.6,14.6
Morocco,United States,2017,1200.0,BGM-71 TOW,anti-tank missile,1200.0,2018; 2019; 2020,New,TOW-2A-RF version,0.01,12.0,12.0
Morocco,United States,2023,432.0,GMLRS,guided rocket,,,New,For HIMARS multiple rocket launchers,0.08,34.56,0.0
Morocco,United States,1999,36.0,M-106,self-propelled mortar,36.0,2000,Second hand,Second-hand; aid,0.2,7.2,7.2
Morocco,United States,2005,199.0,M-113,armoured personnel carrier,199.0,2006,Second hand,Second-hand; M-113A2 version; incl 30 M-577A2 command post version,0.1,19.9,19.9
Morocco,United States,2009,60.0,M-109A5 155mm,self-propelled gun,60.0,2012,Second hand,Second-hand,0.5,30.0,30.0
Morocco,United States,2009,24.0,T-6 Texan-2,(armed) trainer aircraft,24.0,2011; 2012,New,$185 m deal; T-6C version,2.0,48.0,48.0
Morocco,United States,2020,501.0,AGM-114 Hellfire-2,anti-tank/air-to-surface missile,250.0,2025,New,AGM-114R and AGM-114L versions; for AH-64E combat helicopters,0.05,25.05,12.5
Morocco,United States,2008,60.0,AIM-9L Sidewinder,short-range air-to-air missile,60.0,2011; 2012,New,AIM-9M version,0.11,6.6,6.6
Morocco,United States,2008,4.0,DB-110,aircraft reconnaissance system,4.0,2011,New,$88 m deal; for F-16 combat aircraft,4.0,16.0,16.0
Morocco,United States,2008,8.0,aircraft engine,aircraft engine,8.0,2010; 2011,New,Allison AE-2100D3 (5000hp) turboprop engine for 4 C-27J transport aircraft from Italy,1.5,12.0,12.0
Morocco,United States,2023,18.0,HIMARS,multiple rocket launcher,,,New,,2.2,39.6,0.0
Morocco,United States,2012,10.0,JDAM,guided bomb,10.0,2013,New,LJDAM version,0.02,0.2,0.2
Morocco,United States,2018,36.0,AIM-9X Sidewinder,long-range air-to-air missile,36.0,2020; 2021,New,$16 m deal,0.18,6.48,6.48
Morocco,United States,2008,24.0,F-16C Block-50,fighter/ground-attack aircraft,24.0,2011; 2012,New,$2.4 b deal (partly financed by Saudi Arabia); F-16C Block-52 version,31.0,744.0,744.0
Morocco,United States,2008,1.0,LM-2500,gas turbine,1.0,2014,New,For 1 FREMM frigate from France; from Italian production line,7.0,7.0,7.0
Morocco,United States,2018,162.0,M-1A1 Abrams,tank,162.0,2022; 2023,New,Second-hand M-1A1 rebuilt to M-1A1SA before delivery,4.0,648.0,648.0
Morocco,United States,2011,8.0,MPQ-64 Sentinel,air-search radar,8.0,2012; 2013,New,MPQ-64F1 version,5.0,40.0,40.0
Morocco,United States,2016,600.0,BGM-71 TOW,anti-tank missile,600.0,2017; 2018,New,TOW-2A version,0.01,6.0,6.0
Morocco,United States,2014,90.0,JDAM,guided bomb,90.0,2015; 2017,New,,0.02,1.8,1.8
Morocco,United States,2018,2.0,King Air-350 ISR,ground surveillance aircraft,2.0,2019,New,King Air-350 version,11.0,22.0,22.0
Morocco,United States,2016,2.0,King Air,light transport aircraft,2.0,2018,New,King Air-350ER version; modified before delivery to MP aircraft in France,2.85,5.7,5.7
Morocco,United States,2020,12.0,APG-78 Longbow,combat helicopter radar,6.0,2025,New,For AH-64E combat helicopters,3.0,36.0,18.0
Morocco,United States,2020,24.0,AH-64E Apache,combat helicopter,12.0,2025,New,Option on 12 more,15.0,360.0,180.0
Morocco,United States,2020,478.0,WGU-59 APKWS,air-to-surface missile,240.0,2025,New,For AH-64E combat helicopters,0.01,4.78,2.4
Morocco,United States,2020,2.0,aircraft engine,aircraft engine,,,New,General Electric T-700-GE-701D (1900hp) turboshaft engine; spares for AH-64E combat helicopters,0.5,1.0,0.0
Morocco,United States,2020,24.0,F-16V Viper,fighter/ground-attack aircraft,,,New,F-16 Block-72 version,40.0,960.0,0.0
Morocco,United States,2015,70.0,M-109A5 155mm,self-propelled gun,70.0,2016,Second hand,Second-hand,0.5,35.0,35.0
Morocco,United States,2008,280.0,Paveway,guided bomb,280.0,2010; 2011,New,Incl 50 GBU-10 and 210 GBU-12 Paveway-3 and 20 GBU-24 Paveway-3 version,0.02,5.6,5.6
Morocco,United States,2010,20.0,AGM-88B HARM,anti-radar missile,20.0,2013,New,For F-16 combat aircraft,0.25,5.0,5.0
Morocco,United States,2009,12.0,AAQ-33 Sniper ATP,aircraft electro-optical system,12.0,2011,New,$30 m deal; for F-16C combat aircraft,1.0,12.0,12.0
Morocco,United States,2016,55.0,M-88,armoured recovery vehicle,55.0,2016,Second hand,Second-hand; aid,0.6,33.0,33.0
Morocco,United States,2019,2.0,Bell-412EP Sentinel,anti-submarine helicopter,2.0,2022,New,Bell-412EPi version,12.5,25.0,25.0
Morocco,United States,2009,30.0,AIM-120C AMRAAM,long-range air-to-air missile,30.0,2015; 2016,New,AIM-120C-7 version,0.6,18.0,18.0
Morocco,United States,2012,20.0,AIM-9X Sidewinder,long-range air-to-air missile,20.0,2014; 2015,New,$12 m deal; AIM-9X Block-2 version,0.18,3.6,3.6
Morocco,United States,2016,6.0,Harpoon Block-2,anti-ship/land-attack missile,6.0,2017,New,,1.0,6.0,6.0
Morocco,United States,2008,3.0,TPS-79 MMSR,air-search radar,3.0,2010,New,,6.0,18.0,18.0
Morocco,United States,2015,222.0,M-1A1 Abrams,tank,222.0,2016; 2017; 2018,New,Second-hand M-1A1 rebuilt to M-1A1SA before delivery,4.0,888.0,888.0
Morocco,United States,2018,161.0,M-113A3,armoured personnel carrier,161.0,2019,Second hand,Second-hand,0.12,19.32,19.32
Morocco,United States,2024,597.0,M-1117 Guardian,armoured personnel carrier,250.0,2025,Second hand,Second-hand,0.16,95.52,40.0
Morocco,United States,2017,4.0,AIM-120C AMRAAM,long-range air-to-air missile,4.0,2021,New,For F-16 combat aircraft,0.6,2.4,2.4
Morocco,United States,2016,489.0,M-113A3,armoured personnel carrier,489.0,2017; 2019,Second hand,Second-hand; incl 50 M-577A2 command post version; aid,0.12,58.68,58.68
Morocco,United States,2012,8.0,M-88,armoured recovery vehicle,8.0,2013,Second hand,Second-hand; M-88A1 version,0.6,4.8,4.8
Morocco,United States,2012,3.0,CH-47D Chinook,transport helicopter,3.0,2015,Second hand but modernized,Second-hand but probably modernized before delivery,11.88,35.64,35.64
Morocco,United States,2007,121.0,M-113,armoured personnel carrier,121.0,2009; 2010; 2011,Second hand,Second-hand; incl 14 M-981 FIST reconnaissance and 107 M-577A2 command post version,0.1,12.1,12.1
Morocco,United States,2025,50.0,M-ATV,armoured personnel carrier,50.0,2025,Second hand,Second-hand; probably aid,0.1,5.0,5.0
Namibia,United States,2010,2.0,ship engine,ship engine,2.0,2012,New,C-280 (6250hp) diesel engine; for 1 Elephant OPV from China,2.5,5.0,5.0
NATO**,United States,2009,1.0,C-17A Globemaster-3,heavy transport aircraft,1.0,2009,New,For NATO Strategic Airlift Capability (NSAC) consortium for use by 10 NATO countries plus Finland and Sweden,140.0,140.0,140.0
NATO**,United States,2012,5.0,RQ-4A Global Hawk,reconnaissance drone,5.0,2019; 2020,New,Part of EUR1.2 b 'NATO AGS' programme; RQ-4D-40 version,35.0,175.0,175.0
NATO**,United States,2017,420.0,JDAM,guided bomb,420.0,2018,New,For NATO Single Procurement Agency; final recipients are unknown NATO member states,0.02,8.4,8.4
NATO**,United States,2009,2.0,C-17A Globemaster-3,heavy transport aircraft,2.0,2009,New,Bought by NATO Strategic Airlift Capability (NSAC) consortium for use by 10 NATO countries plus Finland and Sweden,140.0,280.0,280.0
Nepal,United States,2018,1.0,Bell-407,light helicopter,1.0,2019,New,Bell-407GXP version,1.3,1.3,1.3
Nepal,United States,2017,2.0,aircraft engine,aircraft engine,2.0,2019,New,General Electric CT-7-9C3 (1750hp) turboprop for 1 CN-235 transport aircraft from Indonesia,0.5,1.0,1.0
Nepal,United States,2022,2.0,Bell-412,helicopter,,,New,USD44 m aid; delivery planned by 2027,5.0,10.0,0.0
Netherlands,United States,2024,5.0,F-35A Lightning-2,fighter/ground-attack aircraft,,,New,Option on 1 more; delivery planned from 2027; selected but contract not yet signed by end-2025,55.0,275.0,0.0
Netherlands,United States,2025,458.0,AIM-120D AMRAAM,long-range air-to-air missile,,,New,AIM-120D-3 AMRAAM version; for F-35 combat aircraft; delivery planned 2030-2033,0.8,366.4,0.0
Netherlands,United States,1997,80.0,AGM-65 Maverick,air-to-surface missile,44.0,2000,New,$6 m deal; AGM-65G version; not incl some as short-term lease from USA before delivery started,0.15,12.0,6.6
Netherlands,United States,2024,174.0,AMRAAM-ER,surface-to-air missile,,,New,For use with NASAMS SAM systems,0.6,104.4,0.0
Netherlands,United States,2004,350.0,JDAM,guided bomb,350.0,2005; 2006,New,,0.02,7.0,7.0
Netherlands,United States,1999,10.0,AAQ-14 LANTIRN,aircraft electro-optical system,10.0,2001,New,LANTIRN-2000+ version; for F-16 combat aircraft,1.0,10.0,10.0
Netherlands,United States,2014,68.0,AIM-9X Sidewinder,long-range air-to-air missile,68.0,2016; 2018; 2022,New,AIM-9X Block-2 version,0.18,12.24,12.24
Netherlands,United States,2008,37.0,F-35A Lightning-2,fighter/ground-attack aircraft,37.0,2013; 2019; 2020; 2021; 2022; 2023,New,Incl 29 from production line in Italy; ncl production of components in Netherlands,55.0,2035.0,2035.0
Netherlands,United States,2023,2.0,Mk-41 VLS,naval surface-to-air missile system,,,New,For 2 ASWF frigates produced in Netherlands,20.0,40.0,0.0
Netherlands,United States,2023,,AGM-114 Hellfire-2,anti-tank/air-to-surface missile,,,New,AGM-114R2 version; for AH-64E combat helicopters,0.05,0.0,0.0
Netherlands,United States,2024,10.0,V-2500,turbofan,,,New,For 5 C-390 transport aircraft from Brazil,3.0,30.0,0.0
Netherlands,United States,2022,115.0,AIM-9X Sidewinder,long-range air-to-air missile,50.0,2025,New,AIM-9X Block-2 version; for F-35 combat aircraft,0.18,20.7,9.0
Netherlands,United States,2018,,ESSM Block-2,surface-to-air missile,21.0,2023; 2024; 2025,New,For LCF and ASW frigates,0.6,0.0,12.6
Netherlands,United States,2022,6.0,F-35A Lightning-2,fighter/ground-attack aircraft,2.0,2025,New,From production line in Italy; incl production of components in Netherlands; delivery planned 2025-2026,55.0,330.0,110.0
Netherlands,United States,2018,28.0,AH-64E Apache,combat helicopter,20.0,2022; 2023; 2024; 2025,New,$1.2 b deal; AH-64E Block-2 version; using parts from deleted Dutch AH-64D; delivery planned 2022-2026,15.0,420.0,300.0
Netherlands,United States,2023,4.0,MQ-9 Reaper,armed drone,,,New,$611 m (incl 3 ground-based control systems); MQ-9A Block-5 version; delivery planned by 2029,7.5,30.0,0.0
Netherlands,United States,2024,120.0,AGM-158B JASSM-ER,air-to-surface missile,,,New,For F-35A combat aircraft; possibly includes AGM-158B-2 version; delivery planned from 2027,1.3,156.0,0.0
Netherlands,United States,2024,265.0,AGM-88G AARGM-ER,anti-radar missile,,,New,For F-35A combat aircraft; delivery planned 2029-2033,0.0,0.0,0.0
Netherlands,United States,2025,96.0,MIM-104 PAC-2,surface-to-air missile,,,New,GEM-T version; for Patriot air-defence systems; from production line in Germany,1.0,96.0,0.0
Netherlands,United States,2019,9.0,F-35A Lightning-2,fighter/ground-attack aircraft,9.0,2024; 2025,New,From production line in Italy; incl production of components in Netherlands,55.0,495.0,495.0
Netherlands,United States,2021,32.0,MIM-104 PAC-3 MSE,anti-ballistic missile missile,,,New,For Patriot air-defence systems; delivery planned 2026-2027,1.5,48.0,0.0
Netherlands,United States,2017,2.0,CH-47F Chinook,transport helicopter,2.0,2021,New,,20.0,40.0,40.0
Netherlands,United States,2019,18.0,SM-2MR,surface-to-air missile,,,New,SM-2MR Block-3A version; for De Zeven Provincien frigates; delivery planned from 2026,0.3,5.4,0.0
Netherlands,United States,2008,200.0,Paveway,guided bomb,200.0,2009; 2010,New,EGBU-12 (GBU-49) Paveway-2 version,0.02,4.0,4.0
Netherlands,United States,2005,360.0,JDAM,guided bomb,360.0,2006; 2007; 2008,New,,0.02,7.2,7.2
Netherlands,United States,2005,56.0,JDAM,guided bomb,56.0,2008,New,,0.02,1.12,1.12
Netherlands,United States,2003,718.0,Paveway,guided bomb,718.0,2003; 2004; 2005,New,Paveway-2 version,0.02,14.36,14.36
Netherlands,United States,2007,11.0,vehicle engine,vehicle engine,11.0,2007; 2008,New,Caterpillar-3126 (300hp) diesel engine for 11 Bushmaster armoured personnel carriers from Australia,0.03,0.33,0.33
Netherlands,United States,2009,9.0,vehicle engine,vehicle engine,9.0,2009,New,Caterpillar-3126 (300hp) diesel engine for 9 Bushmaster armoured personnel carriers from Australia,0.03,0.27,0.27
Netherlands,United States,2006,25.0,vehicle engine,vehicle engine,25.0,2006,New,Caterpillar-3126 (300hp) diesel engine for 25 Bushmaster armoured personnel carriers from Australia,0.03,0.75,0.75
Netherlands,United States,2008,13.0,vehicle engine,vehicle engine,13.0,2008,New,Caterpillar-3126 (300hp) diesel engine for 13 Bushmaster armoured personnel carriers from Australia,0.03,0.39,0.39
Netherlands,United States,2009,14.0,vehicle engine,vehicle engine,14.0,2009,New,Caterpillar-3126 (300hp) diesel engine for 14 Bushmaster armoured personnel carriers from Australia,0.03,0.42,0.42
Netherlands,United States,2009,14.0,vehicle engine,vehicle engine,14.0,2009,New,Caterpillar-3126 (300hp) diesel engine for 14 Bushmaster armoured personnel carriers from Australia,0.03,0.42,0.42
Netherlands,United States,2007,6.0,CH-47F Chinook,transport helicopter,6.0,2012; 2013,New,EUR400-500 m deal,20.0,120.0,120.0
Netherlands,United States,1995,30.0,AH-64D Apache Longbow,combat helicopter,21.0,2000; 2001; 2002,New,$686 m deal (offsets $873 m),15.5,465.0,325.5
Netherlands,United States,2013,100.0,AGM-114 Hellfire-2,anti-tank/air-to-surface missile,100.0,2016,New,,0.05,5.0,5.0
Netherlands,United States,2017,6.0,CH-47F Chinook,transport helicopter,6.0,2021; 2022; 2023,New,CH-47F MYII CAAS version,20.0,120.0,120.0
Netherlands,United States,2025,1.0,Patriot Configuration-3,surface-to-air missile system,,,New,,55.0,55.0,0.0
Netherlands,United States,2002,150.0,ESSM Block-1,surface-to-air missile,150.0,2003; 2004; 2005; 2006; 2007; 2008; 2009; 2010; 2011; 2013,New,For De Zeven Provincien frigates; incl production of components in Netherlands (as part of NATO Sea Sparrow Consortium),0.4,60.0,60.0
Netherlands,United States,2018,14.0,APG-78 Longbow,combat helicopter radar,14.0,2024; 2025,New,For AH-64E helicopters,3.0,42.0,42.0
Netherlands,United States,2015,300.0,JDAM,guided bomb,300.0,2016,New,,0.02,6.0,6.0
Netherlands,United States,1992,874.0,Stinger,portable surface-to-air missile,624.0,2000; 2001; 2002; 2003,New,Part of 'European Stinger Production Programme'; from FRG production line (incl production of components in Netherlands); FIM-92C version,0.08,69.92,49.92
Netherlands,United States,2010,603.0,GBU-39 SDB,guided glide bomb,603.0,2012; 2013,New,$44 m deal,0.02,12.06,12.06
Netherlands,United States,2017,3500.0,M-982 Excalibur,guided shell,3500.0,2018; 2019; 2020; 2021,New,Excalibur-Ib version,0.04,140.0,140.0
Netherlands,United States,2020,6.0,vehicle engine,vehicle engine,6.0,2021,New,Caterpillar-3126 (300hp) diesel engine for 6 Bushmaster armoured personnel carriers from Australia,0.03,0.18,0.18
Netherlands,United States,2019,100.0,WGU-59 APKWS,air-to-surface missile,100.0,2022,New,APKWS-2 version,0.01,1.0,1.0
Netherlands,United States,2018,140.0,JDAM,guided bomb,140.0,2019,New,,0.02,2.8,2.8
Netherlands,United States,2002,164.0,SM-2MR,surface-to-air missile,164.0,2003; 2004; 2005,New,SM-2MR Block-3A version; for De Zeven Provincien frigates,0.3,49.2,49.2
Netherlands,United States,2007,12.0,ship engine,ship engine,12.0,2012; 2013,New,Caterpillar-3508H (1300hp) diesel engine for 2 Holland patrol ships produced in Netherlands and 2 from Romania,0.25,3.0,3.0
Netherlands,United States,2020,106.0,Mk-54 LWT,anti-submarine torpedo,,,New,Mk-54 Mod-0 version; for frigates and NH-90 anti-submarine helicopters; delivery planned from 2026,0.5,53.0,0.0
Netherlands,United States,2016,12.0,CH-47F Chinook,transport helicopter,12.0,2020,New,$308 m deal,20.0,240.0,240.0
Netherlands,United States,2021,199.0,M-982 Excalibur,guided shell,199.0,2023,New,,0.04,7.96,7.96
Netherlands,United States,2016,1000.0,WGU-59 APKWS,air-to-surface missile,1000.0,2017; 2018; 2019; 2020; 2021,New,For AH-64D combat helicopters,0.01,10.0,10.0
Netherlands,United States,2019,42.0,AIM-120C AMRAAM,long-range air-to-air missile,42.0,2022; 2023; 2025,New,AIM-120 C-7 and AIM-120 C-8 versions; for F-35 combat aircraft,0.6,25.2,25.2
Netherlands,United States,2004,1.0,DC-10-40,transport aircraft,1.0,2004,Second hand,Second-hand; DC-10-30CF version; modernized in Netherlands after delivery,40.0,40.0,40.0
Netherlands,United States,2023,,AGM-114 Hellfire-2,anti-tank/air-to-surface missile,,,New,AGM-114R2 version; for MQ-9 UAV; delivery planned from 2026,0.05,0.0,0.0
Netherlands,United States,2016,250.0,AGM-114 Hellfire-2,anti-tank/air-to-surface missile,250.0,2021; 2022,New,$34 m deal; AGM-114R version,0.05,12.5,12.5
Netherlands,United States,2003,13.0,HELRAS,anti-submarine sonar,13.0,2010; 2011; 2012; 2013; 2015; 2016,New,For 12 NH-90 ASW helicopters from multi-national (incl Dutch) production (incl 1 spare HELRAS); from FRG production line,2.0,26.0,26.0
Netherlands,United States,2025,163.0,BGM-109 Tomahawk,surface-to-surface missile,,,New,For LCF frigates; delivery planned from 2028,1.0,163.0,0.0
Netherlands,United States,1998,16.0,SM-2MR,surface-to-air missile,16.0,2002,New,$24 m deal; SM-2MR Block-3A version; for De Zeven Provincien Frigates,0.3,4.8,4.8
Netherlands,United States,1993,139.0,APG-66,combat aircraft radar,29.0,2000; 2001; 2002; 2003,New,For 'Mid-Life Update' (MLU) modernization of 139 F-16A combat aircraft to F-16AM (F-16C) version,1.5,208.5,43.5
Netherlands,United States,2025,296.0,AGM-179 JAGM,air-to-surface missile,,,New,For AH-64E combat helicoptersM delivery planned from 2028,0.0,0.0,0.0
Netherlands,United States,2005,2.0,C-130H Hercules,transport aircraft,2.0,2010,Second hand,Second-hand; EUR54 m deal; EC-130Q version modernized in UK to C-130H before delivery,11.2,22.4,22.4
Netherlands,United States,2024,200.0,Stinger,portable surface-to-air missile,,,New,FIM-92K Stinger Block-1 version; delivery planned from 2028,0.08,16.0,0.0
Netherlands,United States,2024,246.0,AIM-9X Sidewinder,long-range air-to-air missile,,,New,For use with NASAMS/NOMADS SAM systems,0.18,44.28,0.0
Netherlands,United States,2005,32.0,MIM-104 PAC-3,anti-ballistic missile missile,32.0,2007; 2009,New,For Patriot air-defence systems,0.8,25.6,25.6
Netherlands,United States,2006,100.0,AIM-120A AMRAAM,long-range air-to-air missile,100.0,2009,New,AIM-120B version; for NASAMS SAM systems,0.4,40.0,40.0
Netherlands,United States,2004,2.0,APS-143(V),maritime patrol aircraft radar,2.0,2005,New,For modification of 2 Fokker-60 transport aircraft to MP aircraft,2.5,5.0,5.0
Netherlands,United States,1998,2.0,Harpoon Block-1,anti-ship missile,2.0,2000,New,,0.9,1.8,1.8
Netherlands,United States,1995,605.0,AGM-114 Hellfire-2,anti-tank/air-to-surface missile,330.0,2000; 2001; 2002,New,$127 m deal; for AH-64D helicopters,0.05,30.25,16.5
Netherlands,United States,1995,4.0,Mk-41 VLS,naval surface-to-air missile system,4.0,2002; 2003; 2004; 2005,New,For 4 De Zeven Provincien frigates produced in Netherlands,20.0,80.0,80.0
Netherlands,United States,2017,250.0,GBU-39 SDB,guided glide bomb,250.0,2020,New,,0.02,5.0,5.0
Netherlands,United States,2000,4.0,Patriot Configuration-3,surface-to-air missile system,4.0,2006,New,Dutch Patriot SAM systems rebuilt to Patriot-3 version,55.0,220.0,220.0
Netherlands,United States,2018,4.0,MQ-9 Reaper,armed drone,4.0,2022,New,MQ-9A Block-5 version,7.5,30.0,30.0
Netherlands,United States,1997,10.0,AAQ-14 LANTIRN,aircraft electro-optical system,10.0,2001,New,LANTIRN-2000+ version; for F-16 combat aircraft,1.0,10.0,10.0
Netherlands,United States,2010,40.0,Mk-48 Mod-5 ADCAP,anti-ship/anti-submarine torpedo,40.0,2015; 2016; 2017; 2018; 2019; 2020; 2021; 2022,New,Rebuild of Mk-48 to Mk-48-7 version,1.6,64.0,64.0
Netherlands,United States,2015,29.0,AAQ-33 Sniper ATP,aircraft electro-optical system,29.0,2016; 2017,New,Sniper-AT version for use on F-16 combat aircraft,1.0,29.0,29.0
New Zealand,United States,2017,4.0,King Air,light transport aircraft,4.0,2018; 2019; 2020,New,Lease; for training and MP,2.85,11.4,11.4
New Zealand,United States,2001,102.0,LAV-25 turret,infantry fighting vehicle turret,102.0,2003; 2004,New,For 102 Piranha-3 (LAV-3/NZLAV) infantry fighting vehicles from Canada,0.6,61.2,61.2
New Zealand,United States,2025,5.0,MH-60R Seahawk,anti-submarine helicopter,,,New,NZD2 b deal; selected 2025 but not yet ordered by end-2025,16.5,82.5,0.0
New Zealand,United States,2020,5.0,C-130J Hercules,transport aircraft,5.0,2024,New,NZD1 b ($704 m) 'Future Air Mobility Capability' programme; C-130J-30 version,40.0,200.0,200.0
New Zealand,United States,2020,40.0,Mk-54 LWT,anti-submarine torpedo,40.0,2022; 2023,New,For P-8A anti-submarine aircraft; Mk-54 Mod-0 version,0.5,20.0,20.0
New Zealand,United States,2020,13.0,Mk-46 Mod-5 NEARTIP,anti-submarine torpedo,13.0,2021,New,,0.35,4.55,4.55
New Zealand,United States,2001,102.0,vehicle engine,vehicle engine,102.0,2003; 2004,New,Caterpillar-3126 diesel engine for 105 Piranha-3 (LAV-3/NZLAV) infantry fighting vehicles from Canada,0.05,5.1,5.1
New Zealand,United States,2018,4.0,P-8A Poseidon,anti-submarine aircraft,4.0,2022; 2023,New,NZD2.3 b ($1.5 b) deal,125.0,500.0,500.0
New Zealand,United States,2013,8.0,SH-2G Super Seasprite,anti-submarine helicopter,8.0,2014; 2015,New,$242 m deal (incl $120 m for aircraft incl 2 more for spares parts only; originally produced for Australia but cancelled),15.0,120.0,120.0
New Zealand,United States,2020,43.0,vehicle engine,vehicle engine,43.0,2023,New,Caterpillar-3126 (300hp) diesel engine for 43 Bushmaster armoured personnel carriers from Australia,0.03,1.29,1.29
New Zealand,United States,1997,4.0,SH-2G Super Seasprite,anti-submarine helicopter,4.0,2001; 2002,New,$185 m deal (offsets 36%); SH-2G(NZ) version,15.0,60.0,60.0
New Zealand,United States,2014,11.0,T-6 Texan-2,(armed) trainer aircraft,11.0,2014; 2015,New,NZD154 m ($129 m) deal; T-6C version,2.0,22.0,22.0
New Zealand,United States,2014,10.0,FGM-148 Javelin,anti-tank missile,10.0,2014,New,Javelin Block-1 version,0.03,0.3,0.3
New Zealand,United States,1999,1.0,SH-2G Super Seasprite,anti-submarine helicopter,1.0,2003,New,$23 m deal; SH-2G(NZ) version,15.0,15.0,15.0
New Zealand,United States,2003,164.0,FGM-148 Javelin,anti-tank missile,164.0,2006; 2007; 2008,New,NZD22-27 m 'Project Crossbow' (incl 24 launchers),0.03,4.92,4.92
Niger,United States,2019,51.0,Mamba-7,armoured personnel carrier,51.0,2019; 2020; 2021,New,Aid,0.2,10.2,10.2
Niger,United States,2015,2.0,C-130H Hercules,transport aircraft,2.0,2021; 2022,Second hand,Second-hand (modernized in Belgium before delivery); aid,11.2,22.4,22.4
Niger,United States,2013,2.0,Cessna-208 Caravan,light transport aircraft,2.0,2013,New,Part of $11 m aid; Cessna-208B version,1.0,2.0,2.0
Niger,United States,2014,2.0,Cessna-208 Caravan,light transport aircraft,2.0,2015,New,Cessna-208B surveillance version,1.0,2.0,2.0
Niger,United States,2016,2.0,Mamba-7,armoured personnel carrier,2.0,2016,New,,0.2,0.4,0.4
Niger,United States,2013,1.0,King Air-350 ISR,ground surveillance aircraft,1.0,2015,Second hand but modernized,Second-hand King Air-350 probably modernized and modified to AGS aircraft before delivery ,7.26,7.26,7.26
Nigeria,United States,2021,48.0,F-124,turbofan,,,New,For 24 M-346 trainer/combat aircraft from Italy,1.0,48.0,0.0
Nigeria,United States,2013,3.0,King Air,light transport aircraft,3.0,2014,New,King Air-350 version,2.85,8.55,8.55
Nigeria,United States,2001,4.0,Balsam,cargo ship,4.0,2002; 2003,Second hand,Second-hand; 'SAP' aid; mainly for use as OPV; Nigerian designation Kyanma,4.0,16.0,16.0
Nigeria,United States,2011,1.0,Hamilton,patrol ship,1.0,2011,Second hand,Second-hand; aid; Nigerian designation Thunder,54.0,54.0,54.0
Nigeria,United States,2023,12.0,MD-500E,light helicopter,,,New,Cayuse Warrior Plus armed version,0.7,8.4,0.0
Nigeria,United States,2014,10.0,MaxxPro,armoured personnel carrier,10.0,2016,Second hand,Second-hand; aid,0.13,1.28,1.28
Nigeria,United States,2014,4.0,Alpha Jet,trainer/combat aircraft,4.0,2015; 2016; 2018,Second hand,Second-hand; Alpha Jet-A version,3.6,14.4,14.4
Nigeria,United States,2022,12.0,aircraft engine,aircraft engine,12.0,2023; 2024,New,LHTEC CTS-800-4N (1270hp) turboshaft engine for 6 T-129B combat helicopters from Turkiye,0.5,6.0,6.0
Nigeria,United States,2022,2000.0,WGU-59 APKWS,air-to-surface missile,,,New,For AH-1Z combat helicopters,0.01,20.0,0.0
Nigeria,United States,2014,16.0,Caiman,armoured personnel carrier,16.0,2016,Second hand,Second-hand; aid,0.1,1.6,1.6
Nigeria,United States,2022,3.0,King Air,light transport aircraft,3.0,2023; 2024; 2025,New,King Air-360I ISR version,2.85,8.55,8.55
Nigeria,United States,2019,400.0,WGU-59 APKWS,air-to-surface missile,400.0,2021,New,APKWS-2 version; for Super Tucano trainer/combat aircraft,0.01,4.0,4.0
Nigeria,United States,2024,12.0,AH-1Z Viper,combat helicopter,,,New,,14.5,174.0,0.0
Nigeria,United States,2013,1.0,Hamilton,patrol ship,1.0,2014,Second hand,Second-hand; aid,54.0,54.0,54.0
North Macedonia,United States,2005,1.0,HMMWV-UA,armoured personnel carrier,1.0,2006,New,M-1114 version,0.13,0.13,0.13
North Macedonia,United States,2001,1.0,Cessna-337/O-2,light aircraft,1.0,2001,Second hand,Leased from and operated by US civilian company for surveillance,0.14,0.14,0.14
North Macedonia,United States,2020,96.0,L-ATV,armoured personnel carrier,67.0,2022; 2023; 2024; 2025,New,JLTV version; partly financed by US aid,0.18,17.28,12.06
North Macedonia,United States,2000,1.0,Bell-412,helicopter,1.0,2000,New,$5.4 m deal (financed by Taiwan); for police; Bell-412SP version; from Canadian production line,5.0,5.0,5.0
North Macedonia,United States,2024,,FGM-148 Javelin,anti-tank missile,,,New,For JLTV APV,0.03,0.0,0.0
Norway,United States,2006,300.0,JDAM,guided bomb,300.0,2008; 2009,New,,0.02,6.0,6.0
Norway,United States,2000,5.0,LM-2500,gas turbine,5.0,2006; 2007; 2008; 2009; 2011,New,For 5 Nansen frigates from Spain,7.0,35.0,35.0
Norway,United States,2019,60.0,AIM-120C AMRAAM,long-range air-to-air missile,60.0,2022; 2023,New,AIM-120C-7 version,0.6,36.0,36.0
Norway,United States,2020,100.0,GBU-39 SDB,guided glide bomb,100.0,2023,New,,0.02,2.0,2.0
Norway,United States,2025,300.0,AIM-9X Sidewinder,long-range air-to-air missile,,,New,AIM-9X Block-2 version; for NASAMS and NOMADS (MGBADS) surface-to-air missile systems a produced in Norway,0.18,54.0,0.0
Norway,United States,2023,6.0,MH-60R Seahawk,anti-submarine helicopter,,,New,,16.5,99.0,0.0
Norway,United States,2007,4.0,C-130J Hercules,transport aircraft,4.0,2008; 2009; 2010,New,$608 m deal; C-130J-30 version,40.0,160.0,160.0
Norway,United States,2012,1.0,C-130J Hercules,transport aircraft,1.0,2012,New,$83 m deal; C-130J-30 version,40.0,40.0,40.0
Norway,United States,1996,500.0,AIM-120A AMRAAM,long-range air-to-air missile,266.0,2000; 2001,New,$150 m (offsets incl production of components and assembly in Norway); AIM-120B version; for F-16AM (modernized F-16A) combat aircraft,0.4,200.0,106.4
Norway,United States,2004,526.0,FGM-148 Javelin,anti-tank missile,526.0,2006; 2007,New,$86 m deal (incl 90 launchers; offsets incl production of components in Norway),0.03,15.78,15.78
Norway,United States,1999,12.0,ship engine,ship engine,12.0,2010; 2011; 2012; 2013,New,ST-18 (2680hp) gas turbine for 6 Skjold missile boats produced in Norway,1.2,14.4,14.4
Norway,United States,1999,12.0,ship engine,ship engine,12.0,2010; 2011; 2012; 2013,New,ST-40 (5360hp) gas turbine; for 6 Skjold FAC produced in Norway,1.5,18.0,18.0
Norway,United States,2014,238.0,JDAM,guided bomb,238.0,2015; 2016,New,Possibly GBU-38 version,0.02,4.76,4.76
Norway,United States,2000,10.0,SPG-62,fire-control radar,10.0,2006; 2007; 2008; 2009; 2011,New,For 5 Nansen frigates from Spain,4.5,45.0,45.0
Norway,United States,2018,,ESSM Block-2,surface-to-air missile,,,New,Incl production of components in Norway (as part of NATO Sea Sparrow Consortium),0.6,0.0,0.0
Norway,United States,2017,5.0,P-8A Poseidon,anti-submarine aircraft,5.0,2021; 2022,New,$1.2 b deal; Norwegian designation Vingtor,125.0,625.0,625.0
Norway,United States,2018,1.0,CFM-56,turbofan,1.0,2019,New,$13 m deal; spare engine for P-8 anti-submarine aircraft,3.0,3.0,3.0
Norway,United States,2016,50.0,JDAM,guided bomb,50.0,2020,New,,0.02,1.0,1.0
Norway,United States,2025,100.0,AMRAAM-ER,surface-to-air missile,,,New,For NASAMS SAM systems produced in Norway,0.6,60.0,0.0
Norway,United States,2024,3.0,TPY-4,air-search radar,,,New,'P-2078 Air Surveillance Radars' programme; assembled or produced under licence in Norway,15.0,45.0,0.0
Norway,United States,2012,50.0,GBU-39 SDB,guided glide bomb,50.0,2014,New,,0.02,1.0,1.0
Norway,United States,2014,36.0,AIM-120C AMRAAM,long-range air-to-air missile,36.0,2018,New,AIM-102C-7 version,0.6,21.6,21.6
Norway,United States,2022,8.0,TPY-4,air-search radar,1.0,2025,New,'P-2078 Air Surveillance Radars' programme; assembled or produced under licence in Norway; delivery planned 2025-2030,15.0,120.0,15.0
Norway,United States,2000,175.0,ESSM Block-1,surface-to-air missile,175.0,2006; 2007; 2008; 2009; 2011; 2012; 2013,New,For Nansen frigates; incl production of components in Norway (as part of NATO Sea Sparrow Consortium),0.4,70.0,70.0
Norway,United States,2000,5.0,SPY-1F,air-search radar,5.0,2006; 2007; 2008; 2009; 2011,New,Part of $500 m deal; part of AEGIS combat system for 5 Nansen frigates from Spain,20.0,100.0,100.0
Norway,United States,1993,56.0,APG-66,combat aircraft radar,24.0,2000; 2001; 2002,New,For 'Mid-Life Update' (MLU) modernization of 56 F-16A combat aircraft to F-16AM (F-16C) version,1.5,84.0,36.0
Norway,United States,2015,200.0,AIM-9X Sidewinder,long-range air-to-air missile,200.0,2018; 2020; 2021; 2022,New,For F-16 and F-35A combat aircraft,0.18,36.0,36.0
Norway,United States,2023,600.0,GBU-53/B StormBreaker,guided glide bomb,,,New,,0.0,0.0,0.0
Norway,United States,2024,1.0,C-130J Hercules,transport aircraft,,,New,Selected but not yet ordered by end-2025,40.0,40.0,0.0
Norway,United States,2022,120.0,FGM-148 Javelin,anti-tank missile,120.0,2024,New,,0.03,3.6,3.6
Norway,United States,2024,300.0,AIM-120C AMRAAM,long-range air-to-air missile,,,New,AIM-120C-8 version; for NASAMS SAM systems produced in Norway and F-35 combat aircraft,0.6,180.0,0.0
Norway,United States,2000,3.0,SPS-67,sea-search radar,3.0,2001; 2002,New,AN/SPS-67(V)3 version; for modernization of 3 Nordkapp patrol ships,1.0,3.0,3.0
Norway,United States,2000,5.0,Mk-41 VLS,naval surface-to-air missile system,5.0,2006; 2007; 2008; 2009; 2011,New,For 5 Nansen frigates from Spain,20.0,100.0,100.0
Norway,United States,2004,6.0,AAQ-33 Sniper ATP,aircraft electro-optical system,6.0,2005; 2006,New,For F-16 combat aircraft,1.0,6.0,6.0
Norway,United States,2002,9.0,AAQ-33 Sniper ATP,aircraft electro-optical system,9.0,2003; 2004,New,For F-16 combat aircraft,1.0,9.0,9.0
Norway,United States,2022,265.0,AIM-120D AMRAAM,long-range air-to-air missile,25.0,2025,New,For F-35 combat aircraft; delivery planned by 2028,0.8,212.0,20.0
Norway,United States,2003,5.0,AAQ-14 LANTIRN,aircraft electro-optical system,5.0,2003,New,Possibly loan for use on F-16 combat aircraft in Afghanistan,1.0,5.0,5.0
Norway,United States,2008,52.0,F-35A Lightning-2,fighter/ground-attack aircraft,52.0,2015; 2016; 2017; 2018; 2019; 2020; 2021; 2022; 2023; 2024; 2025,New,NOK63 b deal ($11.2 b; incl production of components in Norway); delivery planned 2015-2025,55.0,2860.0,2860.0
Oman,United States,2002,14.0,AAQ-14 LANTIRN,aircraft electro-optical system,14.0,2005; 2006; 2007; 2008,New,Part of $1.1 b deal; for F-16 combat aircraft,1.0,14.0,14.0
Oman,United States,2000,32.0,aircraft engine,aircraft engine,32.0,2004; 2005,New,LHTEC CTS-800-4N (1270hp) turboshaft for 16 Super Lynx-300 helicopters from UK,0.5,16.0,16.0
Oman,United States,2009,1.0,C-130J Hercules,transport aircraft,1.0,2012,New,C-130J-30 version,40.0,40.0,40.0
Oman,United States,2004,50.0,CBU-97 SFW,guided bomb,50.0,2006; 2007,New,Incl CBU-105 version,0.15,7.5,7.5
Oman,United States,2003,84.0,JDAM,guided bomb,84.0,2006,New,,0.02,1.68,1.68
Oman,United States,2004,100.0,Paveway,guided bomb,100.0,2005,New,,0.02,2.0,2.0
Oman,United States,2012,3.0,APG-68,combat aircraft radar,3.0,2014,New,AN/APG-68(V)9 version; spares for F-16 combat aircraft,2.0,6.0,6.0
Oman,United States,2002,50.0,AIM-120C AMRAAM,long-range air-to-air missile,50.0,2006,New,Part of $1.1 b deal; for F-16C combat aircraft,0.6,30.0,30.0
Oman,United States,2013,50.0,AIM-9X Sidewinder,long-range air-to-air missile,50.0,2014,New,$29m deal; AIM-9X Block-2 version,0.18,9.0,9.0
Oman,United States,2013,100.0,FGM-148 Javelin,anti-tank missile,100.0,2014,New,Javelin Block-1 version,0.03,3.0,3.0
Oman,United States,2013,18.0,Avenger,mobile surface-to-air missile system,18.0,2016,New,Part of $2.1 b deal,0.63,11.34,11.34
Oman,United States,2013,266.0,Stinger,portable surface-to-air missile,266.0,2016,New,For Avenger SAM systems,0.08,21.28,21.28
Oman,United States,2013,27.0,AIM-120C AMRAAM,long-range air-to-air missile,27.0,2014,New,AIM-120C-7 version,0.6,16.2,16.2
Oman,United States,2013,1.0,MPQ-64 Sentinel,air-search radar,1.0,2016,New,Part of $2.1 b deal; for NASAMS SAM system from Norway,5.0,5.0,5.0
Oman,United States,2012,4.0,DB-110,aircraft reconnaissance system,4.0,2014,New,$34 m deal; for F-16 combat aircraft,4.0,16.0,16.0
Oman,United States,2016,108.0,JDAM,guided bomb,108.0,2017,New,,0.02,2.16,2.16
Oman,United States,2003,7.0,AAQ-33 Sniper ATP,aircraft electro-optical system,7.0,2006,New,For F-16 combat aircraft; Pantera version,1.0,7.0,7.0
Oman,United States,2002,100.0,AIM-9M Sidewinder,short-range air-to-air missile,100.0,2006,New,Part of $1.1 b deal; AIM-9M-8/9 version; for F-16C combat aircraft,0.12,12.0,12.0
Oman,United States,2011,12.0,F-16C Block-50,fighter/ground-attack aircraft,12.0,2014,New,$600m deal; F-16C Block-50 version; incl 2 F-16D version,31.0,372.0,372.0
Oman,United States,2012,12.0,AAQ-33 Sniper ATP,aircraft electro-optical system,12.0,2014,New,$23 m deal; for F-16 combat aircraft,1.0,12.0,12.0
Oman,United States,2010,2.0,C-130J Hercules,transport aircraft,2.0,2013; 2014,New,,40.0,80.0,80.0
Oman,United States,2015,5.0,Bell-429 GlobalRanger,light helicopter,5.0,2015; 2016,New,,2.8,14.0,14.0
Oman,United States,2018,400.0,BGM-71F TOW-2B,anti-tank missile,400.0,2020; 2021,New,,0.02,8.0,8.0
Oman,United States,2002,12.0,F-16C Block-50,fighter/ground-attack aircraft,12.0,2005; 2006; 2008,New,$224 m deal (part of $1.1 b deal); F-16C Block-50 version,31.0,372.0,372.0
Oman,United States,2001,562.0,BGM-71 TOW,anti-tank missile,562.0,2002; 2003,New,BGM-71E TOW-2A version,0.01,5.62,5.62
Oman,United States,2003,20.0,Harpoon Block-1,anti-ship missile,20.0,2006,New,$22 m deal (part of $1.1 b deal); AGM-84D version for F-16C combat aircraft,0.9,18.0,18.0
Oman,United States,2002,80.0,AGM-65 Maverick,air-to-surface missile,80.0,2006,New,Part of $1.1 b deal; AGM-65D and AGM-65E version; for F-16C combat aircraft,0.15,12.0,12.0
Oman,United States,2002,14.0,AAQ-13 LANTIRN,combat aircraft radar,14.0,2005; 2006; 2007; 2008,New,Part of $1.1 b deal; for F-16 combat aircraft,1.0,14.0,14.0
Oman,United States,2005,100.0,FGM-148 Javelin,anti-tank missile,100.0,2009,New,,0.03,3.0,3.0
Oman,United States,2008,100.0,FGM-148 Javelin,anti-tank missile,100.0,2010,New,$11 m deal,0.03,3.0,3.0
Oman,United States,2014,100.0,BGM-71F TOW-2B,anti-tank missile,100.0,2016,New,TOW-2-RF version,0.02,2.0,2.0
Oman,United States,2013,290.0,AIM-120C AMRAAM,long-range air-to-air missile,290.0,2016; 2017,New,AIM-120C-7 version for NASAMS SAM system from Norway,0.6,174.0,174.0
Pakistan,United States,2014,500.0,M-113,armoured personnel carrier,500.0,2015,Second hand,Second-hand; aid; M-113A2 version,0.1,50.0,50.0
Pakistan,United States,2015,2.0,Cessna-208 Caravan,light transport aircraft,2.0,2016,New,Cessan-208B EX version,1.0,2.0,2.0
Pakistan,United States,2005,50.0,Harpoon Block-2,anti-ship/land-attack missile,50.0,2006; 2007,New,$63 m deal; incl 40 AGM-84L version,1.0,50.0,50.0
Pakistan,United States,2001,100.0,Paveway,guided bomb,100.0,2002,New,GBU-10 and GBU-12 (Paveway-2) versions,0.02,2.0,2.0
Pakistan,United States,2006,1600.0,Paveway,guided bomb,1600.0,2010,New,Incl 700 GBU-12 and 300 GBU-10 (Paveway-2) versions,0.02,32.0,32.0
Pakistan,United States,2015,15.0,AAQ-33 Sniper ATP,aircraft electro-optical system,15.0,2015; 2016,New,Probably for F-16 combat aircraft,1.0,15.0,15.0
Pakistan,United States,2020,4.0,LM-2500,gas turbine,2.0,2023; 2025,New,For 4 MilGem (Babur class) frigates from Turkey,7.0,28.0,14.0
Pakistan,United States,2014,350.0,MaxxPro,armoured personnel carrier,350.0,2015; 2016; 2018,Second hand,Second-hand; aid,0.13,44.8,44.8
Pakistan,United States,2017,8.0,ship engine,ship engine,8.0,2020,New,Caterpillar-3516 (3150hp) diesel engine; or 2 OPV-1900 OPV from the Netherlands,1.2,9.6,9.6
Pakistan,United States,2001,5.0,UH-1H Huey-2,helicopter,5.0,2002,New,Second-hand UH-1H rebuilt to Huey-2 before delivery; part of $73 m US; for Ministry of Interior; aid for Afghan border patrol and anti-narcotics operations,3.1,15.5,15.5
Pakistan,United States,2004,12.0,AH-1F Cobra,combat helicopter,12.0,2007,Second hand but modernized,Second-hand but modernized before delivery; $48 m 'FMF' aid; 20-28 more for spare parts only,4.95,59.4,59.4
Pakistan,United States,2004,6.0,C-130E Hercules,transport aircraft,6.0,2005; 2006; 2007,Second hand but modernized,Second-hand aircraft sold back to US producer and sold to Pakistan; $64 m or $76 m deal (financed with 'FMF' aid); modernized before delivery; 1 more for spares only,15.84,95.04,95.04
Pakistan,United States,2005,7.0,P-3CUP Orion,anti-submarine aircraft,7.0,2007; 2010; 2012,New,Second-hand P-3C rebuilt to P-3CUP (paid with $970 m US 'SAP' aid); first 2 delivered without complete systems (to be installed later),75.0,525.0,525.0
Pakistan,United States,2005,6.0,TPS-77,air-search radar,6.0,2008; 2009,New,$89 m or $100 m deal (financed with 'FMF' aid),11.0,66.0,66.0
Pakistan,United States,2004,26.0,Bell-412,helicopter,26.0,2004; 2005,New,Originally $230 m deal for 2 year lease but given to Pakistan in 2007 (financed with 'CSF' aid); from Canadian production line; for use in 'war on terrorism'; incl some for police; Bell-412EP version,5.0,130.0,130.0
Pakistan,United States,2005,14.0,F-16A,fighter/ground-attack aircraft,14.0,2005; 2007; 2008,New,Second-hand (but only used 2-4 years); aid (originally produced for Pakistan but delivery embargoed 1988; taken over by USA 2002 and after few years given as aid to Pakistan),20.65,289.1,289.1
Pakistan,United States,2007,18.0,AAQ-33 Sniper ATP,aircraft electro-optical system,18.0,2010,New,For F-16 combat aircraft,1.0,18.0,18.0
Pakistan,United States,2006,500.0,JDAM,guided bomb,500.0,2010; 2011,New,,0.02,10.0,10.0
Pakistan,United States,2003,40.0,T-37B,(armed) trainer aircraft,40.0,2009; 2010; 2011; 2012,Second hand,Second-hand; aid; possibly modernized before delivery; probably 19 more delivered for spare parts,0.72,28.8,28.8
Pakistan,United States,2006,2.0,ship engine,ship engine,2.0,2007; 2008,New,TF-50A (7400hp) gas turbine for MRTP-33 missile boat from Turkiye,2.5,5.0,5.0
Pakistan,United States,2008,5.0,UH-1H Huey-2,helicopter,5.0,2009,New,Second-hand UH-1H rebuilt to Huey-2 before delivery; for Ministry of Interior; aid for Afghan border patrol and anti-narcotics operations,3.1,15.5,15.5
Pakistan,United States,2009,2.0,DB-110,aircraft reconnaissance system,2.0,2009,New,For F-16 combat aircraft,4.0,8.0,8.0
Pakistan,United States,2009,1.0,RH-800RA/SIG,reconnaissance aircraft,1.0,2010,New,Hawker-850XP version,30.0,30.0,30.0
Pakistan,United States,2011,5.0,DB-110,aircraft reconnaissance system,5.0,2013,New,Part of $72m deal; for F-16 combat aircraft,4.0,20.0,20.0
Pakistan,United States,2016,2.0,Island,patrol boat,2.0,2017,Second hand,Second-hand; aid; for coast guard,3.68,7.36,7.36
Pakistan,United States,2007,18.0,F-16C Block-50,fighter/ground-attack aircraft,18.0,2010,New,$1.4 b 'Peace Drive 1' deal (part of $3.1 b deal); F-16 Block-52 version (incl 6 F-16D trainer/combat version),31.0,558.0,558.0
Pakistan,United States,2013,1.0,King Air,light transport aircraft,1.0,2013,Second hand,Second-hand; King Air-350i version,1.14,1.14,1.14
Pakistan,United States,2008,20.0,T-37B,(armed) trainer aircraft,20.0,2015,Second hand,Second-hand; aid,0.72,14.4,14.4
Pakistan,United States,2014,1.0,Cessna-208 Caravan,light transport aircraft,1.0,2015,New,Cessan-208B EX version,1.0,1.0,1.0
Pakistan,United States,2016,2.0,Cessna-208 Caravan,light transport aircraft,2.0,2016,New,Part of $14 m deal; Cessna-208B EX version; incl for medevac,1.0,2.0,2.0
Pakistan,United States,2015,2.0,Cessna-208 Caravan,light transport aircraft,2.0,2016,New,Cessna-208B EX version,1.0,2.0,2.0
Pakistan,United States,2009,2.0,Bell-412,helicopter,2.0,2010,New,$23-24 m aid; Bell-412EP version,5.0,10.0,10.0
Pakistan,United States,2010,20.0,Cougar,armoured personnel carrier,20.0,2010,New,Buffalo EOD version; aid,0.35,7.0,7.0
Pakistan,United States,2008,2.0,King Air-350 ISR,ground surveillance aircraft,2.0,2011,New,King Air-350 version; aid,11.0,22.0,22.0
Pakistan,United States,2016,30.0,MaxxPro,armoured personnel carrier,30.0,2016,Second hand,Second-hand; aid; incl. 35 ARV version,0.13,3.84,3.84
Pakistan,United States,2005,27.0,TFE-731,turbofan,27.0,2007; 2009; 2010,New,For 27 K-8 trainer/combat aircraft from China,0.6,16.2,16.2
Pakistan,United States,2001,6.0,TFE-731,turbofan,6.0,2003,New,For 6 K-8 trainer/combat aircraft from China,0.6,3.6,3.6
Pakistan,United States,2016,4.0,Cessna-U206,light aircraft,4.0,2017,New,Part of $14 m deal; Cessna-206H version,0.25,1.0,1.0
Pakistan,United States,2007,200.0,AIM-9M Sidewinder,short-range air-to-air missile,200.0,2010,New,AIM-9M8 and AIM-9M9 version; for F-16 combat aircraft,0.12,24.0,24.0
Pakistan,United States,2005,300.0,AIM-9M Sidewinder,short-range air-to-air missile,300.0,2007,New,$29 m deal; AIM-9M1/2 version,0.12,36.0,36.0
Pakistan,United States,2007,500.0,AIM-120C AMRAAM,long-range air-to-air missile,500.0,2010; 2013; 2014,New,$265 m deal; AIM-120C-5 version; for F-16 combat aircraft,0.6,300.0,300.0
Pakistan,United States,2004,2007.0,BGM-71 TOW,anti-tank missile,2007.0,2006; 2007; 2008,New,$82 m deal; TOW-2A version; for AH-1 combat helicopters,0.01,20.07,20.07
Pakistan,United States,2007,3198.0,BGM-71 TOW,anti-tank missile,3198.0,2008; 2009; 2010; 2011,New,$185 m deal; incl 2776 TOW-2A and 422 TOW-2RF,0.01,31.98,31.98
Pakistan,United States,2006,115.0,M-109A5 155mm,self-propelled gun,115.0,2007; 2008; 2009; 2010,Second hand,Second-hand; $87 m deal (incl $53-57 m 'FMF' aid),0.5,57.5,57.5
Pakistan,United States,2007,4.0,UH-1H Huey-2,helicopter,4.0,2008,New,Second-hand UH-1H rebuilt to Huey-2 before delivery; for Ministry of Interior; aid for Afghan border patrol and anti-narcotics operations,3.1,12.4,12.4
Pakistan,United States,2001,3.0,Cessna-208 Caravan,light transport aircraft,3.0,2002,New,For Ministry of Interior; aid for Afghan border patrol and anti-narcotics operations,1.0,3.0,3.0
Pakistan,United States,2010,843.0,BGM-71 TOW,anti-tank missile,843.0,2015,New,,0.01,8.43,8.43
Pakistan,United States,2008,4.0,AAQ-33 Sniper ATP,aircraft electro-optical system,4.0,2011,New,,1.0,4.0,4.0
Pakistan,United States,2009,10.0,Mi-17,transport helicopter,10.0,2009,Second hand,Second-hand; Mi-17 version; incl 6 on 5-year lease; aid,2.9,29.0,29.0
Pakistan,United States,2011,2.0,King Air-350 ISR,ground surveillance aircraft,2.0,2013; 2018,New,Aid,11.0,22.0,22.0
Pakistan,United States,2017,40.0,MaxxPro,armoured personnel carrier,40.0,2017,New,$35 m deal; MaxxPro Dash DXM version,0.32,12.8,12.8
Pakistan,United States,2011,10.0,APG-68,combat aircraft radar,10.0,2014,New,APG-68(V)9 version for 'Mid-Life Update' (MLU) modernization of 10 F-16A combat aircraft to F-16C (F-16AM or F-16MLU),2.0,20.0,20.0
Pakistan,United States,2007,35.0,APG-68,combat aircraft radar,35.0,2012; 2013; 2014,New,APG-68(V)9 version for 'Mid-Life Update' (MLU) modernization of 35 F-16A combat aircraft to F-16C (F-16AM or F-16MLU),2.0,70.0,70.0
Pakistan,United States,2019,2.0,Cessna-208 Caravan,light transport aircraft,2.0,2020,New,Cessna-208B version,1.0,2.0,2.0
Pakistan,United States,2013,22.0,MaxxPro,armoured personnel carrier,22.0,2014; 2015,Second hand,Second-hand; aid,0.13,2.82,2.82
Pakistan,United States,2002,6.0,aircraft engine,aircraft engine,6.0,2004,New,General Electric CT-7-9C3 (1750hp) turboprop engine for 3 CN-235 transport aircraft from Indonesia,0.5,3.0,3.0
Pakistan,United States,2021,20.0,Swiftships-38m,patrol boat,,,New,Designed for production under licence in Pakistan,13.0,260.0,0.0
Pakistan,United States,2023,3.0,Cessna-208 Caravan,light transport aircraft,3.0,2024,New,Cessna-208EX Grand Caravan version,1.0,3.0,3.0
Pakistan,United States,2007,10.0,Harpoon Block-2,anti-ship/land-attack missile,10.0,2009,New,$16 m deal; AGM-84L version; for P-3C ASW aircraft,1.0,10.0,10.0
Pakistan,United States,2010,550.0,M-113,armoured personnel carrier,550.0,2011; 2014; 2015,Second hand,Second-hand; M-113A2 version; aid,0.1,55.0,55.0
Pakistan,United States,1998,1054.0,M-113A3,armoured personnel carrier,1054.0,2000; 2001; 2002; 2003; 2004; 2005; 2006; 2007; 2008; 2009; 2010; 2011; 2012; 2013; 2014; 2017,New,Produced under licence in Pakistan,0.3,316.2,316.2
Pakistan,United States,2010,1.0,Perry,frigate,1.0,2011,Second hand but modernized,Second-hand; aid; modernized in $65 m deal before delivery,198.0,198.0,198.0
Paraguay,United States,2025,1.0,TPS-70,air-search radar,,,New,AN/TPS-78 version; $46 deal; delivery planned by 2027,11.0,11.0,0.0
Paraguay,United States,2010,2.0,Cessna-208 Caravan,light transport aircraft,2.0,2011; 2012,New,$3-7 m deal; Cessna-208B version,1.0,2.0,2.0
Paraguay,United States,2012,2.0,Cessna-U206,light aircraft,2.0,2012; 2013,Second hand,Second-hand; $1.1 m deal; Cessna-T206H version,0.1,0.2,0.2
Paraguay,United States,2020,2.0,Cessna-208 Caravan,light transport aircraft,2.0,2021,New,Cessna-208B version,1.0,2.0,2.0
Paraguay,United States,2025,20.0,M-ATV,armoured personnel carrier,,,Second hand,Second-hand; delivery planned by 2027,0.1,2.0,0.0
Peru,United States,2024,4.0,aircraft engine,aircraft engine,,,New,AE-2100D3 (5000hp) turboprop engine for 2 C-27J transport aircraft from Italy,1.5,6.0,0.0
Peru,United States,2023,2.0,F-28,light helicopter,2.0,2024,New,F-280FX version; for training,0.25,0.5,0.5
Peru,United States,2023,2.0,F-28,light helicopter,2.0,2025,New,F-280FX version; for training,0.25,0.5,0.5
Peru,United States,2020,2.0,F-28,light helicopter,2.0,2020,New,$2.3 m deal; F-280FX version; for training,0.25,0.5,0.5
Peru,United States,2023,2.0,F-28,light helicopter,2.0,2024,New,F-280FX version; for training,0.25,0.5,0.5
Peru,United States,2021,1.0,Boeing-737 Classic,transport aircraft,1.0,2022,Second hand,Second-hand; Boeing-737-33A version,13.2,13.2,13.2
Peru,United States,2022,1.0,T-34C Turbo Mentor,(armed) trainer aircraft,1.0,2022,Second hand,Second-hand; T-34C-1 version,0.54,0.54,0.54
Peru,United States,2009,1.0,BD-4,light aircraft,1.0,2009,New,BD-4C (BD-4LSA) version; for training; Peruvian designation Kuntur,0.1,0.1,0.1
Peru,United States,2002,2.0,A-37B Dragonfly,ground-attack aircraft,2.0,2002,Second hand,Second-hand; loan; for anti-narcotics operations; OA-37B version,2.0,4.0,4.0
Peru,United States,2002,2.0,Citation-2,signals intelligence aircraft,2.0,2002,Second hand,Second-hand; loan for anti-narcotics operations,5.0,10.0,10.0
Peru,United States,2004,7.0,UH-1H Huey-2,helicopter,7.0,2006,New,Second-hand UH-1H rebuilt to Huey-2; aid for police anti-narcotics operations,3.1,21.7,21.7
Peru,United States,2004,16.0,UH-1H Huey-2,helicopter,16.0,2004; 2005,New,Second-hand UH-1H rebuilt to Huey-2; aid for police anti-narcotics operations,3.1,49.6,49.6
Peru,United States,2010,1.0,Beech-1900,light transport aircraft,1.0,2011,Second hand,Second-hand; Beech-1900D version,1.52,1.52,1.52
Peru,United States,2010,2.0,Cessna-172,light/trainer aircraft,2.0,2011,New,,0.1,0.2,0.2
Peru,United States,2010,2.0,R-44,light helicopter,2.0,2011,New,For training,0.25,0.5,0.5
Peru,United States,2013,8.0,aircraft engine,aircraft engine,8.0,2015; 2017,New,Allison AE-2100D3 (5000hp) turboprop engine for 4 C-27J transport aircraft from Italy,1.5,12.0,12.0
Peru,United States,2002,14.0,UH-1H Huey-2,helicopter,14.0,2003; 2004,New,$21 m deal; Peruvian police UH-1H rebuilt to Huey-2; aid,3.1,43.4,43.4
Peru,United States,2013,1.0,Learjet-45,light transport aircraft,1.0,2013,Second hand,Second-hand; Learjet-45XR version,2.8,2.8,2.8
Peru,United States,2008,6.0,F-28,light helicopter,6.0,2009,New,F-28F version,0.25,1.5,1.5
Peru,United States,2019,18.0,CH-2000,light aircraft,11.0,2019; 2020; 2021; 2022; 2024,New,Sold via Canadian company; assembled/produced under licence in Peru as Alarus; for training,0.11,1.98,1.21
Peru,United States,2001,1.0,Cessna-208 Caravan,light transport aircraft,1.0,2001,New,,1.0,1.0,1.0
Peru,United States,2020,2.0,F-28,light helicopter,2.0,2021,New,F-280FX version; for training,0.25,0.5,0.5
Peru,United States,2015,7.0,Cessna-172,light/trainer aircraft,7.0,2015,New,Cessna-172SP version,0.1,0.7,0.7
Peru,United States,2015,1.0,PA-44 Seminole,light aircraft,1.0,2015,New,,0.25,0.25,0.25
Peru,United States,2015,2.0,F-28,light helicopter,2.0,2015,New,F280FX version,0.25,0.5,0.5
Peru,United States,2009,4.0,S-61/H-3A Sea King,transport helicopter,4.0,2010; 2011,Second hand,Second-hand; $6 m deal; UH-3H version,2.4,9.6,9.6
Peru,United States,2009,1.0,Cessna-208 Caravan,light transport aircraft,1.0,2009,Second hand,Second-hand,0.4,0.4,0.4
Peru,United States,2023,2.0,King Air,light transport aircraft,,,New,Aid; King Air-360ER version,2.85,5.7,0.0
Philippines,United States,2021,2.0,EDO-997,anti-submarine sonar,2.0,2025,New,For 2 HDC-3200 (Miguel Malvar class) frigates from South Korea,7.5,15.0,15.0
Philippines,United States,2025,12.0,F-404,turbofan,,,New,For 12 FA-50 combat aircraft from South Korea,2.2,26.4,0.0
Philippines,United States,2022,32.0,S-70 Black Hawk,transport helicopter,20.0,2024; 2025,New,PHP32 b ($624 m) 'Additional Utility Helicopters Acquisition Project'; S-70i version; from production line in Poland; delivery planned 2024-2026,7.25,232.0,145.0
Philippines,United States,2021,4.0,Cessna-172,light/trainer aircraft,4.0,2022,New,$2.2 m 'FMF' aid; Cessna-172S version,0.1,0.4,0.4
Philippines,United States,2016,2.0,Cessna-208 Caravan,light transport aircraft,2.0,2017,New,Cessna-208B surveillance version,1.0,2.0,2.0
Philippines,United States,2022,2.0,Cyclone,patrol boat,2.0,2023,Second hand,Second-hand,8.6,17.2,17.2
Philippines,United States,2013,125.0,AGM-65 Maverick,air-to-surface missile,125.0,2017; 2019; 2020,New,For FA-50 combat aircraft,0.15,18.75,18.75
Philippines,United States,2016,8.0,vehicle engine,vehicle engine,8.0,2019,New,Cummins-8.81 (400hp) diesel engine for 8 KAAV (AAV-7A1) armoured personnel carriers from South Korea,0.05,0.4,0.4
Philippines,United States,2001,8.0,Bell-205A-1,helicopter,8.0,2002; 2003,Second hand,Second-hand; aid,1.05,8.38,8.38
Philippines,United States,2001,1.0,Cyclone,patrol boat,1.0,2004,Second hand,Second-hand; aid; Philippine designation Alvares,8.6,8.6,8.6
Philippines,United States,2003,48.0,M-113,armoured personnel carrier,48.0,2006,Second hand,Second-hand; aid,0.1,4.8,4.8
Philippines,United States,2011,22.0,JDAM,guided bomb,22.0,2011,New,,0.02,0.44,0.44
Philippines,United States,2014,12.0,F-404,turbofan,12.0,2015; 2016; 2017,New,For 12 FA-50 combat aircraft from South Korea,2.2,26.4,26.4
Philippines,United States,2009,2.0,Hunter,reconnaissance drone,2.0,2009,Second hand,Second-hand,0.12,0.24,0.24
Philippines,United States,2009,5.0,Bell-205A-1,helicopter,5.0,2011,Second hand,Second-hand; possibly modernized before delivery,1.05,5.24,5.24
Philippines,United States,2013,25.0,HMMWV-UA,armoured personnel carrier,25.0,2013,Second hand,Second-hand; M-1114 version; aid,0.05,1.3,1.3
Philippines,United States,2020,100.0,BGM-71 TOW,anti-tank missile,100.0,2020,New,Possibly second-hand; aid; TOW-2A version,0.01,1.0,1.0
Philippines,United States,2017,2.0,EDO-997,anti-submarine sonar,2.0,2020; 2021,New,For 2 HHI-2600 (Rizal) frigates from South Korea,7.5,15.0,15.0
Philippines,United States,2003,20.0,Bell-205A-1,helicopter,20.0,2007; 2008,Second hand,Second-hand; part of $30 m aid (10 more delivered for spare parts),1.05,20.96,20.96
Philippines,United States,2004,1.0,Nomad,light transport aircraft,1.0,2004,Second hand,Second-hand; aid,0.6,0.6,0.6
Philippines,United States,2003,16.0,Bell-205A-1,helicopter,16.0,2004; 2005,Second hand,Second-hand; ordered and delivered via Singapore; modernized in Singapore before delivery; part of $12 m deal,1.05,16.77,16.77
Philippines,United States,2003,6.0,Bell-205A-1,helicopter,6.0,2006; 2007,Second hand but modernized,Second-hand but modernized before delivery; $8.2 m deal,1.73,10.38,10.38
Philippines,United States,1997,2.0,UH-1H Huey-2,helicopter,2.0,2005,New,Philippine UH-1H rebuilt to Huey-2; assembled from kits in Philippines,3.1,6.2,6.2
Philippines,United States,2016,4.0,aircraft engine,aircraft engine,4.0,2019,New,LHTEC CTS-800 (1350hp) turboshaft engine for 2 AW-159 anti-submarine helicopters from United Kingdom,0.5,2.0,2.0
Philippines,United States,2011,1.0,Hamilton,patrol ship,1.0,2011,Second hand,Second-hand; $27 m deal (aid but overhaul and delivery paid by Philippines); Philippine designation Del Pilar,54.0,54.0,54.0
Philippines,United States,2015,1.0,Hamilton,patrol ship,1.0,2016,Second hand,Second-hand; aid; Philippine designation Del Pilar,54.0,54.0,54.0
Philippines,United States,2012,1.0,Hamilton,patrol ship,1.0,2013,Second hand,Second-hand; $16 m deal (aid but overhaul and delivery paid by Philippines); Philippine designation Del Pilar,54.0,54.0,54.0
Philippines,United States,2019,16.0,S-70 Black Hawk,transport helicopter,16.0,2020; 2021,New,$241 m 'CUH' programme (replacing cancelled order for Bell-412 from Canada); S-70i version; from Polish production line,7.25,116.0,116.0
Philippines,United States,2022,2.0,Cessna-208 Caravan,light transport aircraft,2.0,2023; 2025,New,Cessna-208B surveillance version; aid,1.0,2.0,2.0
Philippines,United States,2019,100.0,WGU-59 APKWS,air-to-surface missile,100.0,2020,New,,0.01,1.0,1.0
Philippines,United States,2012,114.0,M-113,armoured personnel carrier,114.0,2015,Second hand,Second-hand; aid; M-113A2 version,0.1,11.4,11.4
Philippines,United States,2014,7.0,aircraft engine,aircraft engine,7.0,2016; 2018,Second hand,Second-hand; Allison T-56-A-15A turboprop; spares for C-130 transport aircraft,0.44,3.08,3.08
Philippines,United States,2011,1.0,TPS-79 MMSR,air-search radar,1.0,2012,New,Designation uncertain (reported as 'coastal radar'),6.0,6.0,6.0
Philippines,United States,2021,12.0,aircraft engine,aircraft engine,12.0,2022; 2024,New,LHTEC CTS-800 (1375hp) turboshaft for 6 T-129B combat helicopters from Turkiye,0.5,6.0,6.0
Philippines,United States,2014,2.0,C-130H Hercules,transport aircraft,2.0,2016,Second hand,Second-hand; $56 m deal (incl $20 m aid); C-130T version,11.2,22.4,22.4
Philippines,United States,2001,1.0,C-130B Hercules,transport aircraft,1.0,2001,Second hand,Second-hand; aid,9.2,9.2,9.2
Philippines,United States,2020,2.0,C-130H Hercules,transport aircraft,2.0,2021; 2024,Second hand,Second-hand; PHP2.5 b ($52 m) deal incl PHP900 m ($18 m) 'FMF' aid,11.2,22.4,22.4
Philippines,United States,2023,3.0,C-130J Hercules,transport aircraft,,,New,C-130J-30 version; delivery planned 2026-2027,40.0,120.0,0.0
Philippines,United States,2013,7.0,Bell-205A-1,helicopter,7.0,2014,Second hand but modernized,Second-hand but modernized before delivery; originally PHP1.25 b deal for 21 but 14 cancelled due to delivery delays,1.73,12.1,12.1
Philippines,United States,2014,6.0,Bell-412,helicopter,6.0,2015,New,Part of $105 m deal; Bell-412EP version; from Canadian production line; 2 more delivered for government VIP transport,5.0,30.0,30.0
Poland,United States,2024,400.0,AGM-158B JASSM-ER,air-to-surface missile,,,New,,1.3,520.0,0.0
Poland,United States,2024,4.0,ASRR,ground-surveillance radar,,,New,$960 m 'Barbara' programme,0.0,0.0,0.0
Poland,United States,2025,1400.0,GBU-39 SDB,guided glide bomb,,,New,$120 m deal; delivery planned from 2028,0.02,28.0,0.0
Poland,United States,2025,,AIM-120D AMRAAM,long-range air-to-air missile,,,New,$500 m deal; AIM-120D-3 version: for F-35A combat aircraft,0.8,0.0,0.0
Poland,United States,2003,272.0,JDAM,guided bomb,272.0,2005,New,,0.02,5.44,5.44
Poland,United States,2022,250.0,M-1A2 SEPv-3 Abrams,tank,117.0,2025,New,USD4.8 b deal; delivery planned 2025-2026,5.2,1300.0,608.4
Poland,United States,2022,12.0,M-88A2 HERCULES,armoured recovery vehicle,12.0,2023,Second hand,Second-hand,0.8,9.6,9.6
Poland,United States,2024,34.0,AAQ-33 Sniper ATP,aircraft electro-optical system,,,New,For FA-50 combat aircraft,1.0,34.0,0.0
Poland,United States,2023,79.0,M-ATV,armoured personnel carrier,79.0,2024,Second hand,Second-hand; aid,0.1,7.9,7.9
Poland,United States,2024,96.0,AH-64E Apache,combat helicopter,,,New,$10 b 'Kruk' programme (incl offsets); delivery planned 2028-2032,15.0,1440.0,0.0
Poland,United States,2019,4.0,S-70 Black Hawk,transport helicopter,4.0,2019,New,PLZ683 m ($159-177 m) deal; produced under licence in Poland; S-70i version,7.25,29.0,29.0
Poland,United States,2024,400.0,AIM-120D AMRAAM,long-range air-to-air missile,,,New,AIM-120C-8 version for use with F-16 and F-35 combat aircraft; delivery planned 2029-2033,0.8,320.0,0.0
Poland,United States,2025,25.0,M-1150 ABV,armoured engineer vehicle,,,New,Delivery planned from 2029,2.5,62.5,0.0
Poland,United States,2019,20.0,HIMARS,multiple rocket launcher,20.0,2023; 2024,New,$414 m deal; part of 'WR-300 Homar' programme,2.2,44.0,44.0
Poland,United States,2018,8.0,F-124,turbofan,8.0,2020,New,For 4 M-346 trainer/combat aircraft from Italy,1.0,8.0,8.0
Poland,United States,2021,8.0,F-124,turbofan,8.0,2022,New,For 4 M-346 trainer/combat aircraft from Italy,1.0,8.0,8.0
Poland,United States,2023,644.0,MIM-104 PAC-3 MSE,anti-ballistic missile missile,,,New,For Patriot air-defence systems; incl production of components in Poland,1.5,966.0,0.0
Poland,United States,2022,17.0,M-1074 JABS,armoured bridgelayer,,,New,M-1110 version,1.25,21.25,0.0
Poland,United States,2016,65.0,AIM-120C AMRAAM,long-range air-to-air missile,65.0,2020,New,AIM-120C-7 version,0.6,39.0,39.0
Poland,United States,2022,26.0,M-88A2 HERCULES,armoured recovery vehicle,14.0,2025,New,,2.0,52.0,28.0
Poland,United States,2022,3.0,Mk-41 VLS,naval surface-to-air missile system,,,New,For 3 Type-31 (Arrowhead-140 or Miecznik) frigates from UK,20.0,60.0,0.0
Poland,United States,2023,12.0,Patriot Configuration-3 LTAMDS,surface-to-air missile system,,,New,Phase-2 of 'Wisla' programme (part of 'Shield of Poland' programme); incl production of components in Poland; delivery planned 2026-2029,0.0,0.0,0.0
Poland,United States,2024,3.0,MQ-9 Reaper,reconnaissance drone,,,New,MQ-9B version,6.5,19.5,0.0
Poland,United States,2021,5.0,C-130H Hercules,transport aircraft,5.0,2022; 2023; 2025,Second hand,Second-hand,11.2,56.0,56.0
Poland,United States,2022,116.0,M-1A1 Abrams,tank,116.0,2023; 2024,Second hand,Second-hand; M-1A1FEP version,1.6,185.6,185.6
Poland,United States,2021,4.0,S-70 Black Hawk,transport helicopter,4.0,2023; 2024,New,PLN666 m ($163 m) deal; S-70i version; produced under licence in Poland,7.25,29.0,29.0
Poland,United States,2018,4.0,Patriot Configuration-3,surface-to-air missile system,4.0,2023; 2024,New,PLN16.6 b deal (incl production of components in Poland); part of 'Wisla' programme (part of 'Shield of Poland' programme),55.0,220.0,220.0
Poland,United States,2022,48.0,F-404,turbofan,12.0,2023,New,For 48 FA-50 combat aircraft from South Korea,2.2,105.6,26.4
Poland,United States,2020,180.0,FGM-148 Javelin,anti-tank missile,180.0,2021; 2022,New,,0.03,5.4,5.4
Poland,United States,2019,12.0,aircraft engine,aircraft engine,12.0,2023; 2024,New,General Electric CT-7-8E (2500hp) turboshaft engine for 4 AW-101-111 anti-submarine helicopters from United Kingdom,0.75,9.0,9.0
Poland,United States,2025,8.0,AH-64D Apache Longbow,combat helicopter,8.0,2025,Second hand,Second-hand; $300 m lease; for training of Polish crews for AH-64E helicopters,6.2,49.6,49.6
Poland,United States,2023,500.0,FGM-148 Javelin,anti-tank missile,250.0,2025,New,Delivery planned by 2026,0.03,15.0,7.5
Poland,United States,2023,37.0,APG-78 Longbow,combat helicopter radar,,,New,For AH-64E combat helicopters,3.0,111.0,0.0
Poland,United States,2022,6.0,M-113A3,armoured personnel carrier,6.0,2023; 2024,Second hand,Second-hand; M-577 command post version,0.12,0.72,0.72
Poland,United States,2022,8.0,M-1074 JABS,armoured bridgelayer,8.0,2023; 2024,Second hand,Second-hand,0.5,4.0,4.0
Poland,United States,1999,2.0,Perry,frigate,2.0,2000; 2002,Second hand,Second-hand; aid; Polish designation Pulaski,120.0,240.0,240.0
Poland,United States,2001,4.0,SH-2G Super Seasprite,anti-submarine helicopter,4.0,2002; 2003,Second hand,Second-hand; aid (re-activation and training paid with $20-22 m US 'CEDL' loan),6.0,24.0,24.0
Poland,United States,2004,5.0,C-130E Hercules,transport aircraft,5.0,2009; 2010; 2011; 2012,Second hand but modernized,Second-hand; $120 m 'FMF' aid; modernized to C-130H before delivery,15.84,79.2,79.2
Poland,United States,2004,7.0,DB-110,aircraft reconnaissance system,7.0,2006; 2007,New,$73 m deal; for F-16 combat aircraft,4.0,28.0,28.0
Poland,United States,2009,2.0,C-130E Hercules,transport aircraft,2.0,2009,Second hand,Second-hand; 11-month lease for training and use in Afghanistan,9.6,19.2,19.2
Poland,United States,2004,100.0,Paveway,guided bomb,100.0,2007,New,Paveway-3 version,0.02,2.0,2.0
Poland,United States,2001,1.0,LM-2500,gas turbine,1.0,2019,New,For 1 MEKO-A100 (Slazak) OPV from Germany,7.0,7.0,7.0
Poland,United States,2014,16.0,F-124,turbofan,16.0,2017,New,For 8 M-346 trainer/combat aircraft from Italy,1.0,16.0,16.0
Poland,United States,2008,40.0,Cougar,armoured personnel carrier,40.0,2008; 2009,New,Loan; for use in Afghanistan,0.35,14.0,14.0
Poland,United States,2020,1.0,F135-100,turbofan,,,New,Spare for F-35A combat aircraft,4.0,4.0,0.0
Poland,United States,2010,30.0,MaxxPro,armoured personnel carrier,30.0,2010,New,MaxxPro Dash version; loan for use in Afghanistan,0.32,9.6,9.6
Poland,United States,2023,45.0,ATACMS Block-1A,surface-to-surface missile,,,New,For HIMARS multiple rocket launchers,2.0,90.0,0.0
Poland,United States,2017,150.0,AIM-120C AMRAAM,long-range air-to-air missile,135.0,2021; 2022; 2023; 2024; 2025,New,AIM-120C-7 version,0.6,90.0,81.0
Poland,United States,2023,1844.0,AGM-114 Hellfire-2,anti-tank/air-to-surface missile,,,New,For AH-64E combat helicopters,0.05,92.2,0.0
Poland,United States,2023,460.0,AGM-179 JAGM,air-to-surface missile,,,New,,0.0,0.0,0.0
Poland,United States,2022,48.0,PhantomStrike,combat aircraft radar,,,New,For 36 FA-50PL (FA-50 Block-20) combat aircraft from South Korea and modernization of 12 FA-50GF combat aircraft to FA-50PL version,0.0,0.0,0.0
Poland,United States,2016,93.0,AIM-9X Sidewinder,long-range air-to-air missile,93.0,2018; 2019; 2020,New,,0.18,16.74,16.74
Poland,United States,2023,800.0,AGM-114 Hellfire-2,anti-tank/air-to-surface missile,420.0,2023; 2024; 2025,New,AGM-114R2 version; for AW-149 and AH-64E helicopters; delivery planned 2023-2029 ,0.05,40.0,21.0
Poland,United States,2019,30.0,ATACMS Block-1A,surface-to-surface missile,30.0,2023; 2024,New,Part of EUR369 m deal; for HIMARS multiple rocket launchers,2.0,60.0,60.0
Poland,United States,2018,440.0,Paveway,guided bomb,440.0,2020; 2021; 2022; 2023,New,Paveway-2 version,0.02,8.8,8.8
Poland,United States,2018,208.0,MIM-104 PAC-3 MSE,anti-ballistic missile missile,208.0,2023; 2024,New,For Patriot Configuration-3 air-defence systems; incl production of components in Poland,1.5,312.0,312.0
Poland,United States,2022,2.0,MQ-9 Reaper,reconnaissance drone,2.0,2022,Second hand,Second-hand; $71 m lease,2.6,5.2,5.2
Poland,United States,2007,78.0,AGM-154 JSOW,guided glide bomb,78.0,2008; 2009,New,AGM-154C version,0.1,7.8,7.8
Poland,United States,2003,13.0,MSTAR,ground surveillance radar,13.0,2003; 2004,New,$5.6 m deal; AN/PPS-5C version,0.5,6.5,6.5
Poland,United States,2003,22.0,AAQ-33 Sniper ATP,aircraft electro-optical system,22.0,2007; 2008,New,For F-16 combat aircraft; Pantera version,1.0,22.0,22.0
Poland,United States,2024,232.0,AIM-9X Sidewinder,long-range air-to-air missile,,,New,$175 m deal; AIM-9X Block-2 version; delivery planned 2028-2030,0.18,41.76,0.0
Poland,United States,2020,32.0,F-35A Lightning-2,fighter/ground-attack aircraft,7.0,2024; 2025,New,$4.6 b deal; part of 'Harpia' programme'; Polish designation Husarz; delivery planned 2024-2030,55.0,1760.0,385.0
Poland,United States,2023,486.0,HIMARS,multiple rocket launcher,,,New,'Homar-A' programme; produced under licence in Poland; delivery planned 2026-2030,2.2,1069.2,0.0
Poland,United States,2023,9084.0,GMLRS,guided rocket,,,New,For HIMARS multiple rocket launchers,0.08,726.72,0.0
Poland,United States,2019,1667.0,GMLRS,guided rocket,1667.0,2023; 2024,New,Part of $414 m deal; for HIMARS multiple rocket launchers,0.08,133.36,133.36
Poland,United States,2015,68.0,AGM-158A JASSM,air-to-surface missile,68.0,2017; 2019; 2020,New,For F-16 combat aircraft,0.64,43.52,43.52
Poland,United States,2024,210.0,AGM-88G AARGM-ER,anti-radar missile,,,New,$745 m deal; delivery planned 2029-2035,0.0,0.0,0.0
Poland,United States,2003,48.0,F-16C Block-50,fighter/ground-attack aircraft,48.0,2006; 2007; 2008,New,$3.5 b 'Peace Sky-1' deal ($4.7 b incl interest; offsets $6 b incl production of components in Poland); F-16 Block-52M+ version; incl 12 F-16D trainer/combat version; Polish designation Jastrzab,31.0,1488.0,1488.0
Poland,United States,2021,300.0,Cougar,armoured personnel carrier,300.0,2022; 2023,Second hand,Second-hand,0.14,42.0,42.0
Poland,United States,2025,,DB-110,aircraft reconnaissance system,,,New,MS-110 version,4.0,0.0,0.0
Poland,United States,2025,58.0,APG-83 SABR,combat aircraft radar,,,New,For modernization of 48 F-16C Block-52 combat aircraft to F-16V Block-72; incl 10 spare radars,2.5,145.0,0.0
Poland,United States,2025,24.0,AIM-9L Sidewinder,short-range air-to-air missile,,,Second hand,Second-hand; for FA-50 combat aircraft; supplier uncertain,0.04,1.06,0.0
Poland,United States,2000,9.0,MSTAR,ground surveillance radar,9.0,2001,New,$3.3-4.2 m deal; AN/PPS-5C version,0.5,4.5,4.5
Poland,United States,1999,100.0,SM-1MR,surface-to-air missile,100.0,2000; 2001; 2002,Second hand,Second-hand; for Perry (Pulaski) frigates,0.1,10.0,10.0
Poland,United States,2002,1.0,MSTAR,ground surveillance radar,1.0,2002,New,AN/PPS-5C version,0.5,0.5,0.5
Poland,United States,2004,360.0,AGM-65 Maverick,air-to-surface missile,360.0,2006; 2007,New,$78 m deal; AGM-64G2 version,0.15,54.0,54.0
Poland,United States,2004,178.0,AIM-9X Sidewinder,long-range air-to-air missile,178.0,2006,New,For F-16C combat aircraft,0.18,32.04,32.04
Poland,United States,2023,24.0,AIM-9X Sidewinder,long-range air-to-air missile,24.0,2025,New,,0.18,4.32,4.32
Poland,United States,2004,11.0,MSTAR,ground surveillance radar,11.0,2005,New,$2.7 m deal,0.5,5.5,5.5
Poland,United States,2023,,WGU-59 APKWS,air-to-surface missile,,,New,,0.01,0.0,0.0
Poland,United States,2024,508.0,Stinger,portable surface-to-air missile,,,New,For AH-64E combat helicopters,0.08,40.64,0.0
Poland,United States,2016,40.0,AGM-158B JASSM-ER,air-to-surface missile,40.0,2022; 2023,New,For F-16 combat aircraft,1.3,52.0,52.0
Poland,United States,2022,28.0,M-1A2 Abrams,tank,28.0,2022,Second hand,Second-hand; M-1A2SEPv2 version; loan for training,1.8,50.4,50.4
Poland,United States,2014,45.0,M-ATV,armoured personnel carrier,45.0,2014; 2015,Second hand,Second-hand; aid,0.1,4.5,4.5
Poland,United States,2004,126.0,AIM-120C AMRAAM,long-range air-to-air missile,126.0,2007; 2008; 2009,New,AIM-120C-5 version,0.6,75.6,75.6
Portugal,United States,2005,188.0,vehicle engine,vehicle engine,188.0,2007; 2008; 2009; 2010; 2011; 2014; 2016,New,Cummins ISC-350 (355hp) diesel engine for 188 Pandur-2 armoured personnel carriers from Austria,0.05,9.4,9.4
Portugal,United States,2016,10.0,aircraft engine,aircraft engine,10.0,2021; 2023; 2024,New,Part of EUR69 m deal; LHTEC CTS-800-4N (1270hp) turboshaft for modernization of 5 Super Lynx Mk-95 anti-submarine helicopters to Super Lynx Mk-95A version,0.5,5.0,5.0
Portugal,United States,1998,8.0,M-106,self-propelled mortar,8.0,2000,Second hand,Second-hand; aid; M-106A2 version,0.2,1.6,1.6
Portugal,United States,2004,96.0,MIM-72C Chaparral,surface-to-air missile,96.0,2006,New,Second-hand; aid; MIM-72G version,0.11,10.56,10.56
Portugal,United States,2007,50.0,Paveway,guided bomb,50.0,2009,New,,0.02,1.0,1.0
Portugal,United States,2004,50.0,JDAM,guided bomb,50.0,2005,New,,0.02,1.0,1.0
Portugal,United States,1995,34.0,M-113,armoured personnel carrier,6.0,2000,Second hand,Second-hand; M-577A2 command post version; no. could be 47,0.1,3.4,0.6
Portugal,United States,1998,22.0,F-16C,fighter/ground-attack aircraft,22.0,2003; 2004; 2005; 2006; 2007; 2008; 2009; 2010; 2011; 2012; 2019; 2020,New,$268 m 'Peace Atlantis-2' deal (incl aircraft as aid and 3 more for spare parts); second-hand F-16OCU rebuilt to F-16AM (F-16C) in Portugal with kits from USA; incl 4 F-16B trainer/combat version,28.5,627.0,627.0
Portugal,United States,2016,100.0,JDAM,guided bomb,100.0,2021,New,,0.02,2.0,2.0
Portugal,United States,2020,16.0,ESSM Block-2,surface-to-air missile,8.0,2025,New,EUIR20 m deal; for modernized Bartolomeu Dias (M) class frigates,0.6,9.6,4.8
Portugal,United States,2002,12.0,AIM-120C AMRAAM,long-range air-to-air missile,12.0,2005; 2006,New,,0.6,7.2,7.2
Portugal,United States,2022,18.0,AIM-9X Sidewinder,long-range air-to-air missile,,,New,AIM-9X Block-2 version; for F-16 combat aircraft; delivery planned 2026,0.18,3.24,0.0
Portugal,United States,1997,14.0,M-109A5 155mm,self-propelled gun,14.0,2001,New,$29 m deal,1.25,17.5,17.5
Portugal,United States,2019,10.0,V-2500,turbofan,6.0,2023; 2024; 2025,New,For 5 C-390 transport aircraft from Brazil,3.0,30.0,18.0
Qatar,United States,2019,996.0,JDAM,guided bomb,996.0,2021; 2022; 2023; 2024,New,For F-15QA combat aircraft; incl GBU-38; GBU31; GBU54 and GBU-56 versions,0.02,19.92,19.92
Qatar,United States,2019,40.0,AAQ-13 LANTIRN,combat aircraft radar,40.0,2021; 2022; 2023; 2024,New,For F-15QA combat aircraft,1.0,40.0,40.0
Qatar,United States,2017,36.0,F-15 Advanced Eagle,fighter/ground-attack aircraft,36.0,2021; 2022; 2023,New,$12 b deal; F-15QA version,75.0,2700.0,2700.0
Qatar,United States,2021,12.0,F-124,turbofan,12.0,2022; 2025,New,For 6 M-346 trainer/combat aircraft from Italy,1.0,12.0,12.0
Qatar,United States,2018,5.0,DB-110,aircraft reconnaissance system,5.0,2021; 2022; 2023; 2024; 2025,New,For F-15QA combat aircraft,4.0,20.0,20.0
Qatar,United States,2017,200.0,AGM-154 JSOW,guided glide bomb,200.0,2021; 2022,New,For F-15QA combat aircraft; AGM-154C version,0.1,20.0,20.0
Qatar,United States,2014,576.0,AGM-114 Hellfire-2,anti-tank/air-to-surface missile,576.0,2019; 2020,New,For AH-64 combat helicopters,0.05,28.8,28.8
Qatar,United States,2025,8.0,MQ-9 Reaper,reconnaissance drone,,,New,,6.5,52.0,0.0
Qatar,United States,2008,4.0,C-130J Hercules,transport aircraft,4.0,2011,New,$394 m deal; C-130J-30 version,40.0,160.0,160.0
Qatar,United States,2019,,AMRAAM-ER,surface-to-air missile,100.0,2024; 2025,New,For NASAMS-2 SAM systems,0.6,0.0,60.0
Qatar,United States,2019,100.0,AGM-88F HCSM,anti-radar missile,50.0,2024; 2025,New,Second-hand AGM-88B missiles rebuilt to AGM-88F HCSM; delivery probably planned by 2027,0.4,40.0,20.0
Qatar,United States,2017,1.0,FPS-132 UEWR,air-search radar,1.0,2022,New,FPS-132 Block-5 version,200.0,200.0,200.0
Qatar,United States,2015,295.0,Stinger,portable surface-to-air missile,295.0,2019; 2020,New,FIM-92 Block-1 version; for AH-64 combat helicopters,0.08,23.6,23.6
Qatar,United States,2014,24.0,APG-78 Longbow,combat helicopter radar,24.0,2019; 2020,New,For 24 AH-64E combat helicopters,3.0,72.0,72.0
Qatar,United States,2017,200.0,AIM-9X Sidewinder,long-range air-to-air missile,200.0,2021; 2022; 2023; 2024,New,$134 m deal; for F-15QA combat aircraft,0.18,36.0,36.0
Qatar,United States,2018,504.0,JDAM,guided bomb,504.0,2021; 2022; 2023,New,For F-15QA combat aircraft,0.02,10.08,10.08
Qatar,United States,2017,306.0,AIM-120C AMRAAM,long-range air-to-air missile,306.0,2021; 2022; 2023; 2024,New,For F-15QA and Typhoon combat aircraft,0.6,183.6,183.6
Qatar,United States,2018,36.0,AAQ-33 Sniper ATP,aircraft electro-optical system,36.0,2019; 2020; 2021,New,Sniper ATP version; for Rafale combat aircraft,1.0,36.0,36.0
Qatar,United States,2008,2.0,C-17A Globemaster-3,heavy transport aircraft,2.0,2009,New,$400 m deal,140.0,280.0,280.0
Qatar,United States,2010,2.0,C-17A Globemaster-3,heavy transport aircraft,2.0,2012,New,,140.0,280.0,280.0
Qatar,United States,2018,5000.0,WGU-59 APKWS,air-to-surface missile,5000.0,2019; 2020,New,For AH-64E combat helicopters,0.01,50.0,50.0
Qatar,United States,2020,13.0,Tiger Eyes,aircraft electro-optical system,13.0,2024; 2025,New,For F-15QA combat aircraft,3.0,39.0,39.0
Qatar,United States,2020,13.0,AAQ-13 LANTIRN,combat aircraft radar,13.0,2024; 2025,New,For F-15QA combat aircraft,1.0,13.0,13.0
Qatar,United States,2017,40.0,AAQ-33 Sniper ATP,aircraft electro-optical system,40.0,2021; 2022; 2023,New,Sniper ATP version; for F-15QA combat aircraft,1.0,40.0,40.0
Qatar,United States,2017,200.0,AGM-65 Maverick,air-to-surface missile,200.0,2021; 2022; 2023,New,For F-15QA combat aircraft,0.15,30.0,30.0
Qatar,United States,2014,248.0,MIM-104 PAC-2,surface-to-air missile,248.0,2015; 2017; 2018; 2019; 2020,New,MIM-104E GEM-T version; for Patriot air-defence systems,1.0,248.0,248.0
Qatar,United States,2019,6.0,MPQ-64 Sentinel,air-search radar,4.0,2024; 2025,New,For NASAMS-2 SAM system from Norway,5.0,30.0,20.0
Qatar,United States,2017,50.0,FGM-148 Javelin,anti-tank missile,50.0,2018,New,,0.03,1.5,1.5
Qatar,United States,2017,24.0,MIM-104 PAC-3 MSE,anti-ballistic missile missile,24.0,2020,New,For Patriot air-defence systems,1.5,36.0,36.0
Qatar,United States,2015,4.0,C-17A Globemaster-3,heavy transport aircraft,4.0,2015; 2016,New,,140.0,560.0,560.0
Qatar,United States,2014,24.0,AH-64E Apache,combat helicopter,24.0,2019; 2020,New,QAR8.9 b ($2.4 b) deal; option on 24 more,15.0,360.0,360.0
Qatar,United States,2014,10.0,Patriot Configuration-3,surface-to-air missile system,10.0,2015; 2017; 2018; 2019; 2020,New,QAT27.5 b ($7.6 b) deal,55.0,550.0,550.0
Qatar,United States,2014,778.0,MIM-104 PAC-3,anti-ballistic missile missile,778.0,2017; 2018; 2019; 2020; 2021,New,For Patriot air-defence systems,0.8,622.4,622.4
Qatar,United States,2025,10.0,FS-LIDS,surface-to-air missile system,,,New,$1 b deal,0.0,0.0,0.0
Qatar,United States,2020,32.0,vehicle engine,vehicle engine,32.0,2021,New,Cummins (375hp) diesel engine for 32 Ejder Yalcin tank destroyers from Turkiye,0.05,1.6,1.6
Qatar,United States,2018,125.0,RIM-116C RAM Block-2B,surface-to-air missile,125.0,2021; 2022; 2023,New,For Fincantieri-3000 frigates,0.25,31.25,31.25
Qatar,United States,2019,2.0,Patriot Configuration-3,surface-to-air missile system,1.0,2025,New,,55.0,110.0,55.0
Qatar,United States,2019,,MIM-104 PAC-3,anti-ballistic missile missile,75.0,2025,New,For Patriot air-defence systems,0.8,0.0,60.0
Qatar,United States,2020,12.0,F-15 Advanced Eagle,fighter/ground-attack aircraft,12.0,2024; 2025,New,F-15QA version,75.0,900.0,900.0
Qatar,United States,2014,500.0,FGM-148 Javelin,anti-tank missile,500.0,2016; 2017,New,$150 m deal,0.03,15.0,15.0
Qatar,United States,2020,13.0,AAQ-33 Sniper ATP,aircraft electro-optical system,13.0,2024; 2025,New,Sniper ATP version; for F-15QA combat aircraft,1.0,13.0,13.0
Qatar,United States,2017,40.0,Tiger Eyes,aircraft electro-optical system,40.0,2021; 2022; 2023,New,For F-15QA combat aircraft,3.0,120.0,120.0
Qatar,United States,2019,53.0,Harpoon Block-2,anti-ship/land-attack missile,53.0,2020; 2022; 2023; 2024; 2025,New,AGM-84L version; for F-15QA combat aircraft,1.0,53.0,53.0
Romania,United States,1997,60.0,Shadow-600,reconnaissance drone,30.0,2000,New,$23 m deal,0.1,6.0,3.0
Romania,United States,2024,190.0,AIM-120D AMRAAM,long-range air-to-air missile,,,New,AIM-120C-8 version,0.8,152.0,0.0
Romania,United States,2019,1.0,C-130H Hercules,transport aircraft,1.0,2021,Second hand,Second-hand; aid,11.2,11.2,11.2
Romania,United States,2023,4.0,M-1074 JABS,armoured bridgelayer,,,New,M-1110 version,1.25,5.0,0.0
Romania,United States,1997,99.0,vehicle engine,vehicle engine,99.0,2005; 2006; 2007; 2008; 2009,New,C-9 (400hp) diesel engine for modernization of 99 MLI-84 infantry fighting vehicles to MLI-84M version,0.05,4.95,4.95
Romania,United States,2017,56.0,MIM-104 PAC-2,surface-to-air missile,56.0,2020; 2022; 2023; 2024,New,GEM-T version for Patriot air-defence systems,1.0,56.0,56.0
Romania,United States,2022,2.0,C-130H Hercules,transport aircraft,2.0,2023,Second hand,Second-hand; aid; C-130H-2 version,11.2,22.4,22.4
Romania,United States,2005,4.0,MPQ-64 Sentinel,air-search radar,4.0,2007; 2008,New,For modernization of HAWK SAM systems to HAWK-XXI version; from Norwegian production line,5.0,20.0,20.0
Romania,United States,2017,16.0,aircraft engine,aircraft engine,16.0,2018,Second hand,Second-hand; aid; Allison T-56-A-15A turboprop engine; spare engine for C-130 transport aircraft,0.44,7.04,7.04
Romania,United States,2006,22.0,HMMWV-UA,armoured personnel carrier,22.0,2006; 2007,New,Aid; for use in Afghanistan and Iraq,0.13,2.86,2.86
Romania,United States,2013,30.0,AIM-120C AMRAAM,long-range air-to-air missile,30.0,2019; 2021,New,For F-16 combat aircraft,0.6,18.0,18.0
Romania,United States,2018,54.0,ATACMS Block-1A,surface-to-surface missile,54.0,2022; 2024; 2025,New,For use with HIMARS multiple rocket launchers,2.0,108.0,108.0
Romania,United States,2010,60.0,MaxxPro,armoured personnel carrier,60.0,2010,New,Incl 40 Second-hand (but maximum 2 years old); MaxxPro Dash version; for use in Afghanistan,0.32,19.2,19.2
Romania,United States,2018,534.0,GMLRS,guided rocket,534.0,2022; 2023; 2024,New,For use with HIMARS multiple rocket launchers,0.08,42.72,42.72
Romania,United States,2008,17.0,TPS-79 MMSR,air-search radar,17.0,2009; 2010; 2011,New,TPS-79(R) version; assembled in Romania,6.0,102.0,102.0
Romania,United States,2017,168.0,MIM-104 PAC-3 MSE,anti-ballistic missile missile,116.0,2020; 2022; 2023; 2024,New,For Patriot air-defence systems,1.5,252.0,174.0
Romania,United States,2015,22.0,AIM-9X Sidewinder,long-range air-to-air missile,22.0,2017; 2018,New,,0.18,3.96,3.96
Romania,United States,2017,180.0,JDAM,guided bomb,180.0,2019,New,,0.02,3.6,3.6
Romania,United States,2014,5.0,AAQ-33 Sniper ATP,aircraft electro-optical system,5.0,2016,New,,1.0,5.0,5.0
Romania,United States,2024,32.0,F-35A Lightning-2,fighter/ground-attack aircraft,,,New,Delivery planned from 2031,55.0,1760.0,0.0
Romania,United States,2016,12.0,vehicle engine,vehicle engine,12.0,2018,New,Detroit Diesel 6V-53T (275hp) diesel engine for 12 Piranha-3 armoured personnel carriers from Switzerland,0.03,0.36,0.36
Romania,United States,2002,2.0,TPS-79 MMSR,air-search radar,2.0,2005,New,TPS-79(R) version,6.0,12.0,12.0
Romania,United States,2025,1.0,Patriot Configuration-3,surface-to-air missile system,,,New,Patriot Configuration-3+ version; financed by aid from Norway; Sweden and 1 other NATO state,55.0,55.0,0.0
Romania,United States,2023,54.0,M-1A2 SEPv-3 Abrams,tank,,,New,,5.2,280.8,0.0
Romania,United States,2006,14.0,aircraft engine,aircraft engine,14.0,2010; 2011; 2012; 2013; 2015,New,Allison AE-2100D3 (5000hp) turboprop for 7 C-27J transport aircraft from Italy,1.5,21.0,21.0
Romania,United States,2022,34.0,L-ATV,armoured personnel carrier,34.0,2023,New,JLTV version,0.18,6.12,6.12
Romania,United States,2018,54.0,HIMARS,multiple rocket launcher,54.0,2021; 2023; 2024,New,,2.2,118.8,118.8
Romania,United States,2023,4.0,M-1150 ABV,armoured engineer vehicle,,,New,,2.5,10.0,0.0
Romania,United States,2023,4.0,M-88A2 HERCULES,armoured recovery vehicle,,,New,,2.0,8.0,0.0
Romania,United States,2004,1.0,C-130H Hercules,transport aircraft,1.0,2007,Second hand but modernized,Second-hand aircraft sold back to US producer; $7.8 m deal (part of $55 m deal incl modernization of 4 Romanian C-130B and $16 m' FMF' aid); modernized before delivery,18.48,18.48,18.48
Romania,United States,2000,5.0,Shadow-600,reconnaissance drone,5.0,2001,New,$7.5 m deal,0.1,0.5,0.5
Romania,United States,2023,200.0,MIM-104 PAC-2,surface-to-air missile,,,New,GEM-T version; for Patriot air-defence systems; from German production line in Germany,1.0,200.0,0.0
Romania,United States,2024,3.0,Patriot Configuration-3,surface-to-air missile system,,,New,Patriot Configuration-3+ version,55.0,165.0,0.0
Romania,United States,2022,6.0,TPQ-53,artillery locating radar,,,New,,7.0,42.0,0.0
Romania,United States,2024,21.0,AAV-7A1,armoured personnel carrier,,,Second hand,Second-hand,0.4,8.4,0.0
Romania,United States,2016,2.0,TPS-77,air-search radar,2.0,2017; 2018,New,,11.0,22.0,22.0
Romania,United States,2024,300.0,AIM-9X Sidewinder,long-range air-to-air missile,,,New,AIM-9X Block-2 version,0.18,54.0,0.0
Romania,United States,2014,2.0,Cougar,armoured personnel carrier,2.0,2014,Second hand,Probably second-hand; aid,0.14,0.28,0.28
Romania,United States,2017,4.0,Patriot Configuration-3,surface-to-air missile system,4.0,2020; 2022; 2023,New,$4.6 b 'HISAM' programme; Patriot Configuration-3+ version,55.0,220.0,220.0
Russia,United States,2018,60.0,vehicle engine,vehicle engine,60.0,2020; 2021; 2022,New,Cummins 6ISB-350 (350hp) diesel engine for KamAZ-53949 (Taifun) and probably KamAZ-4386 (Taifun-VDV) armoured personnel carriers produced in Russia; produced under licence in Russia as KamAZ-610.10.350; status of production uncertain after 2022 Russian invasion of Ukraine,0.05,3.0,3.0
Rwanda,United States,2020,2.0,Cessna-208 Caravan,light transport aircraft,2.0,2021,New,$10.1 m deal; aid; for peacekeeping forces; Cessna-208EX version,1.0,2.0,2.0
Saudi Arabia,United States,2015,3.0,Patriot Configuration-3,surface-to-air missile system,3.0,2017; 2018; 2019,New,$2 b deal,55.0,165.0,165.0
Saudi Arabia,United States,2012,12.0,AH-64E Apache,combat helicopter,12.0,2015,New,For National Guard,15.0,180.0,180.0
Saudi Arabia,United States,2022,149.0,vehicle engine,vehicle engine,70.0,2024; 2025,New,Cummins ISB-4 (450hp) diesel engine for 149 N-35 armoured personnel carriers from United Arab Emirates,0.08,11.92,5.6
Saudi Arabia,United States,2024,8.0,CF-6,turbofan,,,New,For 4 A-330 MRTT tanker/transport aircraft from France,6.0,48.0,0.0
Saudi Arabia,United States,2005,75.0,AIM-9M Sidewinder,short-range air-to-air missile,75.0,2006,New,Part of $17 m deal�,0.12,9.0,9.0
Saudi Arabia,United States,2009,72.0,ETS,tank destroyer turret,72.0,2011; 2012; 2013,New,ETS Mk-2 version for 72 Piranha (LAV-AT) tank destroyers from Canada,0.6,43.2,43.2
Saudi Arabia,United States,2006,132.0,vehicle engine,vehicle engine,132.0,2006; 2007; 2008; 2009,New,Detroit Diesel 6V-53T (275hp) diesel engine for 132 Piranha (LAV) armoured personnel carriers from Canada,0.03,3.96,3.96
Saudi Arabia,United States,2006,100.0,LAV-25 turret,infantry fighting vehicle turret,100.0,2006; 2007; 2008; 2009,New,For 100 Piranha (LAV-25) infantry fighting vehicles from Canada,0.6,60.0,60.0
Saudi Arabia,United States,2008,22.0,S-70 Black Hawk,transport helicopter,22.0,2010; 2011,New,$286 m deal,7.25,159.5,159.5
Saudi Arabia,United States,2014,355.0,AGM-154 JSOW,guided glide bomb,355.0,2016; 2017; 2018,New,$122 m deal; JSOW-C Block-3 version,0.1,35.5,35.5
Saudi Arabia,United States,2017,8.0,CH-47F Chinook,transport helicopter,8.0,2022,New,,20.0,160.0,160.0
Saudi Arabia,United States,2016,402.0,Harpoon Block-2,anti-ship/land-attack missile,350.0,2020; 2021; 2022; 2023; 2024; 2025,New,AGM-84L version; for F-15SA combat aircraft; delivery planned 2020-2026,1.0,402.0,350.0
Saudi Arabia,United States,2019,20000.0,Paveway,guided bomb,20000.0,2019; 2020,New,Incl Enhanced Paveway version,0.02,400.0,400.0
Saudi Arabia,United States,2012,158.0,AAQ-33 Sniper ATP,aircraft electro-optical system,132.0,2016; 2017; 2018; 2019; 2020; 2021; 2022; 2023; 2024; 2025,New,For F-15SA combat aircraft,1.0,158.0,132.0
Saudi Arabia,United States,2009,6.0,CF-6,turbofan,6.0,2014; 2015,New,For 3 A-330 MRTT tanker/transport aircraft from France,6.0,36.0,36.0
Saudi Arabia,United States,2016,9.0,S-70 Black Hawk,transport helicopter,9.0,2017,New,,7.25,65.25,65.25
Saudi Arabia,United States,2018,360.0,MIM-401 Talon,anti-ballistic missile missile,100.0,2025,New,For THAAD surface-to-air-missile systems,5.5,1980.0,550.0
Saudi Arabia,United States,2017,618.0,AGM-154 JSOW,guided glide bomb,618.0,2020; 2021; 2022,New,$302 m deal; JSOW-C Block-3 version,0.1,61.8,61.8
Saudi Arabia,United States,2011,193.0,AAQ-13 LANTIRN,combat aircraft radar,193.0,2016; 2017; 2018; 2019; 2020; 2021; 2022; 2023,New,For F-15SA combat aircraft,1.0,193.0,193.0
Saudi Arabia,United States,1998,2.0,RE-3,signals intelligence aircraft,2.0,2004,New,Saudi KE-3A tanker aircraft rebuilt to RE-3 ELINT/SIGINT aircraft,110.0,220.0,220.0
Saudi Arabia,United States,2009,724.0,vehicle engine,vehicle engine,724.0,2011; 2012; 2013; 2014; 2015,New,Detriot Diesel 6V-53T (275hp) diesel engine for 724 Piranha (LAV) armoured personnel carriers from Canada,0.03,21.72,21.72
Saudi Arabia,United States,2014,742.0,vehicle engine,vehicle engine,742.0,2018; 2019; 2020; 2021; 2022; 2023; 2024; 2025,New,Caterpillar C-13 (711hp) diesel engine for 742 LAV-700 infantry fighting vehicles; fire-support vehicles; tank destroyers and armoured personnel carriers from Canada,0.11,81.62,81.62
Saudi Arabia,United States,2014,24.0,AH-6S,combat helicopter,24.0,2016; 2017; 2018,New,$235 m deal; AH-6i version; for National Guard,4.0,96.0,96.0
Saudi Arabia,United States,2011,21.0,Patriot Configuration-3,surface-to-air missile system,21.0,2014; 2015; 2016; 2017,New,$1.7 b deal; Saudi Patriot SAM systems rebuilt to Patriot-3 version,55.0,1155.0,1155.0
Saudi Arabia,United States,2000,27.0,M-60A3,tank,27.0,2001,Second hand,Second-hand,0.84,22.68,22.68
Saudi Arabia,United States,2015,1325.0,M-ATV,armoured personnel carrier,1325.0,2016; 2017,New,Recipient possibly other Middle Eastern country,0.25,331.25,331.25
Saudi Arabia,United States,2009,14.0,AAQ-33 Sniper ATP,aircraft electro-optical system,14.0,2010,New,$40 m deal; for F-15S combat aircraft,1.0,14.0,14.0
Saudi Arabia,United States,2008,900.0,JDAM,guided bomb,900.0,2010; 2011,New,,0.02,18.0,18.0
Saudi Arabia,United States,2008,91.0,F-110,turbofan,91.0,2009; 2010,New,Part of $750 m deal; F-110-GE-129C version; for modernization of F-15S combat aircraft,3.25,295.75,295.75
Saudi Arabia,United States,2009,150.0,AIM-9X Sidewinder,long-range air-to-air missile,150.0,2010,New,,0.18,27.0,27.0
Saudi Arabia,United States,2009,264.0,LAV-25 turret,infantry fighting vehicle turret,264.0,2011; 2012; 2013; 2014; 2015,New,For 264 Piranha (LAV-25) infantry fighting vehicles from Canada,0.6,158.4,158.4
Saudi Arabia,United States,2010,21.0,AAQ-33 Sniper ATP,aircraft electro-optical system,21.0,2011; 2012,New,$40-42 m deal,1.0,21.0,21.0
Saudi Arabia,United States,2012,25.0,F-110,turbofan,25.0,2017; 2018; 2019,New,Spare engines for F-15SA combat aircraft,3.25,81.25,81.25
Saudi Arabia,United States,2012,12.0,MD-500E,light helicopter,12.0,2013,New,$41 m deal; MD-530F version; for National Guard; for training,0.7,8.4,8.4
Saudi Arabia,United States,2011,2.0,S-70 Black Hawk,transport helicopter,2.0,2012,New,$27 m deal,7.25,14.5,14.5
Saudi Arabia,United States,2008,6.0,CF-6,turbofan,6.0,2011; 2012; 2013,New,For 3 A-330 MRTT tanker/transport aircraft from France,6.0,36.0,36.0
Saudi Arabia,United States,2009,90.0,M-198 155mm,towed gun,90.0,2010; 2013,Second hand,Second-hand,0.34,30.6,30.6
Saudi Arabia,United States,2022,280.0,AIM-120D AMRAAM,long-range air-to-air missile,50.0,2025,New,,0.8,224.0,40.0
Saudi Arabia,United States,2011,155.0,vehicle engine,vehicle engine,155.0,2015,New,Detroit Diesel 6V-53T (275hp) diesel engine for 155 Piranha (LAV) armoured personnel carriers from Canada,0.03,4.65,4.65
Saudi Arabia,United States,2009,100.0,Paveway,guided bomb,100.0,2010; 2011,New,GBU-10 and GBU-12 Paveway-2 versions,0.02,2.0,2.0
Saudi Arabia,United States,2015,24.0,AH-64E Apache,combat helicopter,24.0,2021; 2022,New,,15.0,360.0,360.0
Saudi Arabia,United States,2012,24.0,S-70 Black Hawk,transport helicopter,24.0,2014; 2015,New,For National Guard; UH-60M version,7.25,174.0,174.0
Saudi Arabia,United States,2011,84.0,F-15 Advanced Eagle,fighter/ground-attack aircraft,84.0,2016; 2017; 2018; 2019; 2020,New,Part of $29 b deal; F-15SA version,75.0,6300.0,6300.0
Saudi Arabia,United States,2010,2742.0,BGM-71 TOW,anti-tank missile,2742.0,2011; 2012; 2013,New,$177 m deal; BGM-71E TOW-2A version; for National Guard,0.01,27.42,27.42
Saudi Arabia,United States,2013,500.0,AIM-120C AMRAAM,long-range air-to-air missile,500.0,2015; 2016; 2017; 2018; 2019; 2020; 2021; 2022,New,AIM-120C-7 version,0.6,300.0,300.0
Saudi Arabia,United States,2016,2.0,King Air-350 ISR,ground surveillance aircraft,2.0,2019; 2020,New,,11.0,22.0,22.0
Saudi Arabia,United States,2009,2.0,King Air-350 ISR,ground surveillance aircraft,2.0,2011,New,,11.0,22.0,22.0
Saudi Arabia,United States,2011,24.0,AH-64E Apache,combat helicopter,24.0,2015,New,,15.0,360.0,360.0
Saudi Arabia,United States,2013,25.0,SR-22,light aircraft,25.0,2013,New,Ordered via UK company (as part of GBP1.6 b deal); for training,0.2,5.0,5.0
Saudi Arabia,United States,2012,4.0,King Air-350 ISR,ground surveillance aircraft,4.0,2015; 2016,New,,11.0,44.0,44.0
Saudi Arabia,United States,2012,9.0,King Air,light transport aircraft,9.0,2013; 2014,New,King Air-350 version,2.85,25.65,25.65
Saudi Arabia,United States,2011,12.0,S-70 Black Hawk,transport helicopter,12.0,2013; 2014,New,Saudi UH-60A rebuilt to UH-60L version,7.25,87.0,87.0
Saudi Arabia,United States,2013,2.0,KC-130J Hercules,tanker/transport aircraft,2.0,2016,New,$181 m deal,45.0,90.0,90.0
Saudi Arabia,United States,2012,1.0,King Air,light transport aircraft,1.0,2013,Second hand but modernized,Second-hand but probably modernized before delivery; King Air-350 version,1.88,1.88,1.88
Saudi Arabia,United States,2009,12.0,AH-64E Apache,combat helicopter,12.0,2014; 2015,New,,15.0,180.0,180.0
Saudi Arabia,United States,1997,523.0,M-113A3,armoured personnel carrier,523.0,2003; 2004; 2005; 2006,New,$413 m deal; Saudi M-113 rebuilt to M-113A3,0.3,156.9,156.9
Saudi Arabia,United States,2011,3100.0,Paveway,guided bomb,3100.0,2013; 2014; 2015; 2016,New,Incl 1100 GBU-24 Paveway-3 and 2000 Dual Mode Paveway,0.02,62.0,62.0
Saudi Arabia,United States,1990,568.0,vehicle engine,vehicle engine,73.0,2000,New,Detroit Diesel 6V-53T (275hp) diesel engine for 384 Piranha-2 (LAV-25) infantry fighting; 111 LAV-AT tank destroyer and 73 LAV fire-support vehicles from Canada,0.03,17.04,2.19
Saudi Arabia,United States,2015,320.0,MIM-104 PAC-3,anti-ballistic missile missile,320.0,2017; 2018; 2019; 2020; 2021; 2022,New,For modernized Patriot air-defence systems,0.8,256.0,256.0
Saudi Arabia,United States,2025,8.0,aircraft engine,aircraft engine,,,New,Allison AE-2100D3 (5000hp) turboprop engine for 4 C-27J-MPA anti-submarine aircraft from Italy,1.5,12.0,0.0
Saudi Arabia,United States,2009,9.0,Schweizer-330,light helicopter,9.0,2009,New,S-434 version,0.45,4.05,4.05
Saudi Arabia,United States,2018,7.0,THAAD,anti-ballistic missile system,2.0,2025,New,Delivery planned 2025-2028,700.0,4900.0,1400.0
Saudi Arabia,United States,2012,10.0,DB-110,aircraft reconnaissance system,10.0,2014; 2015; 2016,New,$183 m deal; for F-15SA combat aircraft,4.0,40.0,40.0
Saudi Arabia,United States,2008,12.0,AH-64D Apache Longbow,combat helicopter,12.0,2011,New,Incl 11 Saudi AH-64A rebuilt to AH-64D version,15.5,186.0,186.0
Saudi Arabia,United States,2010,37.0,APG-78 Longbow,combat helicopter radar,37.0,2014; 2015; 2016,New,For 37 AH-64D Longbow combat helicopters,3.0,111.0,111.0
Saudi Arabia,United States,2010,13.0,S-70 Black Hawk,transport helicopter,13.0,2012; 2013,New,Saudi UH-60A rebuilt to UH-60L,7.25,94.25,94.25
Saudi Arabia,United States,2005,75.0,AIM-9M Sidewinder,short-range air-to-air missile,75.0,2007,New,Part of $17 m deal,0.12,9.0,9.0
Saudi Arabia,United States,2006,14.0,AIM-120C AMRAAM,long-range air-to-air missile,14.0,2008,New,AIM-120C-5 version,0.6,8.4,8.4
Saudi Arabia,United States,2007,65.0,F-110,turbofan,65.0,2008; 2009,New,$300 m deal; F-110-GE-129C version; for modernization of F-15S combat aircraft,3.25,211.25,211.25
Saudi Arabia,United States,2012,400.0,Harpoon Block-2,anti-ship/land-attack missile,400.0,2016; 2017; 2018; 2019; 2020,New,AGM-84L version; for F-15SA combat aircraft,1.0,400.0,400.0
Saudi Arabia,United States,2007,16.0,S-92,transport helicopter,16.0,2008; 2009; 2010,New,For police; incl for civilian police use,10.0,160.0,160.0
Saudi Arabia,United States,2010,3.0,S-70 Black Hawk,transport helicopter,3.0,2011,New,S-70i version; from Polish production line; for police,7.25,21.75,21.75
Saudi Arabia,United States,2009,19.0,Schweizer-330,light helicopter,19.0,2010,New,S-333 version,0.45,8.55,8.55
Saudi Arabia,United States,2005,4.0,Citation-2,light transport aircraft,4.0,2005; 2006,New,,3.0,12.0,12.0
Saudi Arabia,United States,2012,600.0,JDAM,guided bomb,600.0,2016,New,GBU-31B version,0.02,12.0,12.0
Saudi Arabia,United States,2016,2645.0,JDAM,guided bomb,2645.0,2018,New,Incl GBU-31; GBU-38; GBU-54 LJDAM and GBU56 LJDAM versions,0.02,52.9,52.9
Saudi Arabia,United States,2011,300.0,AIM-9X Sidewinder,long-range air-to-air missile,300.0,2012; 2013; 2014; 2015; 2016; 2017; 2018; 2019,New,AIM-9X Block-2 version,0.18,54.0,54.0
Saudi Arabia,United States,2019,500.0,Paveway,guided bomb,500.0,2020,New,Paveway-4 version,0.02,10.0,10.0
Saudi Arabia,United States,2013,1300.0,CBU-97 SFW,guided bomb,1300.0,2014; 2015,New,CBU-105D/B version,0.15,195.0,195.0
Saudi Arabia,United States,2014,4941.0,BGM-71F TOW-2B,anti-tank missile,4941.0,2015; 2016; 2017; 2018,New,For National Guard,0.02,98.82,98.82
Saudi Arabia,United States,2014,10747.0,BGM-71 TOW,anti-tank missile,10747.0,2015; 2016; 2017; 2018,New,BGM-71 TOW-2A and TOW-2A-RF versions; incl 9740 for National Guard,0.01,107.47,107.47
Saudi Arabia,United States,2016,20.0,M-88A2 HERCULES,armoured recovery vehicle,20.0,2019; 2020,New,,2.0,40.0,40.0
Saudi Arabia,United States,2018,20.0,MIM-104 PAC-3,anti-ballistic missile missile,20.0,2023,New,For Patriot air-defence systems,0.8,16.0,16.0
Saudi Arabia,United States,2017,130.0,MIM-104 PAC-3,anti-ballistic missile missile,130.0,2021; 2022,New,PAC-3 CRI version; for Patriot air-defence systems,0.8,104.0,104.0
Saudi Arabia,United States,2018,130.0,MIM-104 PAC-3,anti-ballistic missile missile,130.0,2022; 2023,New,$279 m deal; PAC-3 CRI version; for Patriot air-defence systems,0.8,104.0,104.0
Saudi Arabia,United States,2015,8120.0,Paveway,guided bomb,8120.0,2016; 2017,New,,0.02,162.4,162.4
Saudi Arabia,United States,2018,650.0,AGM-84H SLAM-ER,air-to-surface missile,390.0,2021; 2022; 2023; 2024; 2025,New,$2 b deal; for F-15SA combat aircraft; delivery probably planned 2021-2028,1.25,812.5,487.5
Saudi Arabia,United States,2011,68.0,F-15 Advanced Eagle,fighter/ground-attack aircraft,51.0,2016; 2020; 2021; 2022; 2023; 2024; 2025,New,Part of $29 b deal; Saudi F-15S rebuilt to F-15SA version; incl production of components and assembly in Saudi Arabia; delivery planned 2016-2026,69.0,4692.0,3519.0
Saudi Arabia,United States,2017,57.0,S-70 Black Hawk,transport helicopter,57.0,2019; 2020; 2021; 2022; 2023,New,UH-60M version; including 8 for National Guard,7.25,413.25,413.25
Saudi Arabia,United States,2017,100.0,RIM-116A RAM,surface-to-air missile,,,New,RAM Block-2 and/or Block-2A version for SeaRam SAM system on MMSC frigates,0.14,14.0,0.0
Saudi Arabia,United States,2013,534.0,M-ATV,armoured personnel carrier,534.0,2014; 2015; 2016,New,,0.25,133.5,133.5
Saudi Arabia,United States,2021,300.0,MIM-104 PAC-2,surface-to-air missile,100.0,2023; 2024; 2025,New,MIM-104E GEM-T version; for Patriot air-defence systems; incl assembly in Saudi Arabia,1.0,300.0,100.0
Saudi Arabia,United States,2001,48.0,M-109A5 155mm,self-propelled gun,48.0,2002; 2004,Second hand,Probably Second-hand,0.5,24.0,24.0
Saudi Arabia,United States,2009,314.0,M-1A2S Abrams,tank,314.0,2012; 2013; 2014; 2015; 2016,New,Saudi M-1A2 rebuilt to M-1A2S version,5.0,1570.0,1570.0
Saudi Arabia,United States,2013,1000.0,GBU-39 SDB,guided glide bomb,1000.0,2017; 2018; 2019; 2020; 2021,New,,0.02,20.0,20.0
Saudi Arabia,United States,2011,2592.0,AGM-114 Hellfire-2,anti-tank/air-to-surface missile,2592.0,2013; 2014,New,AGM-114R version; for AH-64 combat helicopters; for National Guard,0.05,129.6,129.6
Saudi Arabia,United States,2014,2176.0,AGM-114 Hellfire-2,anti-tank/air-to-surface missile,2176.0,2015; 2016,New,AGM-114R version,0.05,108.8,108.8
Saudi Arabia,United States,2008,59.0,M-1A2S Abrams,tank,59.0,2012; 2014,New,Second-hand M-1A1 rebuilt to M-1A2S before delivery,5.0,295.0,295.0
Saudi Arabia,United States,2001,16.0,Bell-412,helicopter,16.0,2002; 2003,New,Bell-412SA or Bell-412RSAF version; from Canadian production line,5.0,80.0,80.0
Saudi Arabia,United States,2000,500.0,AIM-120C AMRAAM,long-range air-to-air missile,500.0,2003; 2004; 2005; 2006,New,$475 m deal; for F-15 combat aircraft,0.6,300.0,300.0
Saudi Arabia,United States,2000,1827.0,BGM-71 TOW,anti-tank missile,1827.0,2001; 2002,New,Part of $416 m deal; BGM-71E TOW-2A version; for National Guard,0.01,18.27,18.27
Saudi Arabia,United States,2001,105.0,AGM-65 Maverick,air-to-surface missile,105.0,2002; 2003,New,$21 m deal; 98 AGM-65D and 7 AGM-65G version,0.15,15.75,15.75
Saudi Arabia,United States,2001,562.0,BGM-71 TOW,anti-tank missile,562.0,2002; 2003,New,BGM-71E TOW-2A version,0.01,5.62,5.62
Saudi Arabia,United States,2016,153.0,M-1A2S Abrams,tank,153.0,2020; 2021; 2022,New,Incl second-hand M-1A1 version rebuilt to M-1A2S,5.0,765.0,765.0
Saudi Arabia,United States,2017,4.0,MMSC,frigate,,,New,,0.0,0.0,0.0
Saudi Arabia,United States,2015,10.0,MH-60R Seahawk,anti-submarine helicopter,10.0,2018; 2019; 2020,New,,16.5,165.0,165.0
Saudi Arabia,United States,2011,600.0,AGM-88B HARM,anti-radar missile,600.0,2017; 2018; 2019; 2020,New,For F-15SG combat aircraft,0.25,150.0,150.0
Saudi Arabia,United States,2004,1.0,RE-3,signals intelligence aircraft,1.0,2007,New,Second-hand E-8B AGS aircraft rebuilt to RE-3B,110.0,110.0,110.0
Saudi Arabia,United States,2012,63.0,K-6 120mm,mortar,63.0,2013,Second hand,Probably second-hand; M-120A1 version,0.1,6.3,6.3
Senegal,United States,2011,2.0,King Air,light transport aircraft,2.0,2011,Second hand,Second-hand; King Air B-200 version; incl for civilian use,1.14,2.28,2.28
Senegal,United States,2018,2.0,aircraft engine,aircraft engine,2.0,2021,New,General Electric CT-7-9C3 (1750hp) turboprop for 1 CN-235 maritime patrol aircraft from Indonesia,0.5,1.0,1.0
Senegal,United States,2014,2.0,aircraft engine,aircraft engine,2.0,2017,New,General Electric CT-7-9C3 (1750hp) turboprop for 1 CN-235 transport aircraft from Indonesia,0.5,1.0,1.0
Serbia,United States,2022,5.0,BearCat,armoured personnel carrier,5.0,2022,New,,0.15,0.75,0.75
Serbia,United States,2009,1.0,PA-34 Seneca,light transport aircraft,1.0,2012,New,$3.5 m deal; PA-34-220T Seneca-5 version; incl for training and aerial survey,0.44,0.44,0.44
Serbia,United States,2016,80.0,vehicle engine,vehicle engine,30.0,2018; 2020; 2021; 2022,New,Cummins ISM-500 diesel engine (500hp) for Lazar-3 armoured personnel carriers produced in Serbia,0.08,6.4,2.4
Serbia,United States,2020,139.0,vehicle engine,vehicle engine,50.0,2021; 2022; 2024; 2025,New,Cummins ISB (300hp) diesel engine for 139 M-16 Milos armoured personnel carriers produced in Serbia,0.03,4.17,1.5
Serbia,United States,2023,10.0,vehicle engine,vehicle engine,10.0,2024,New,Cummins ISB (300hp) diesel engine for 10 M-21 armoured personnel carriers produced in Serbia,0.03,0.3,0.3
Singapore,United States,2014,8.0,F-15E Strike Eagle,fighter/ground-attack aircraft,8.0,2016; 2017,New,F-15SG version,70.0,560.0,560.0
Singapore,United States,2025,8.0,Mk-54 LWT,anti-submarine torpedo,,,New,Mk-54 Mod-0 version; for P-8A anti-submarine aircraft; selected 2025 but not yet ordered by end-2025,0.5,4.0,0.0
Singapore,United States,2007,200.0,AIM-9X Sidewinder,long-range air-to-air missile,200.0,2009; 2010; 2011; 2012,New,For F-15 combat aircraft,0.18,36.0,36.0
Singapore,United States,2008,60.0,AGM-154 JSOW,guided glide bomb,60.0,2008; 2009; 2010,New,AGM-154A and AGM-154C version; for F-15SG combat aircraft,0.1,6.0,6.0
Singapore,United States,2001,18.0,AAQ-13 LANTIRN,combat aircraft radar,18.0,2004; 2005,New,For F-16 combat aircraft,1.0,18.0,18.0
Singapore,United States,2016,16.0,CH-47F Chinook,transport helicopter,16.0,2021; 2022,New,,20.0,320.0,320.0
Singapore,United States,2014,100.0,AIM-120C AMRAAM,long-range air-to-air missile,100.0,2016; 2017,New,AIM-120C-7 version,0.6,60.0,60.0
Singapore,United States,2008,200.0,AIM-120C AMRAAM,long-range air-to-air missile,200.0,2013; 2014; 2015; 2016,New,AIM-120C-5 and AIM-120C-7 versions,0.6,120.0,120.0
Singapore,United States,2009,450.0,vehicle engine,vehicle engine,450.0,2010; 2011; 2012; 2013; 2014; 2015; 2016; 2017; 2018,New,Caterpillar C-9 (450hp) diesel engine for AV-81 Terrex (Terrex-1) infantry fighting vehicles and armoured personnel carriers produced in Singapore,0.08,36.0,36.0
Singapore,United States,2025,4.0,P-8A Poseidon,anti-submarine aircraft,,,New,Selected 2025 but not yet ordered by end-2025,125.0,500.0,0.0
Singapore,United States,2022,1042.0,JDAM,guided bomb,350.0,2024; 2025,New,Incl GBU-31 and GBU-38 JDAM and GBU-54 LJDAM versions,0.02,20.84,7.0
Singapore,United States,2022,480.0,Paveway,guided bomb,250.0,2024; 2025,New,Incl GBU-10 and GBU-12 versions,0.02,9.6,5.0
Singapore,United States,2008,264.0,GMLRS,guided rocket,264.0,2010; 2012; 2013,New,For HIMARS MRL,0.08,21.12,21.12
Singapore,United States,1995,500.0,vehicle engine,vehicle engine,410.0,2000; 2001; 2002; 2003; 2004,New,475-550hp diesel engine (possibly 6V-92TA) for Bionix infantry fighting vehicles produced in Singapore,0.08,40.0,32.8
Singapore,United States,2001,12.0,AH-64D Apache Longbow,combat helicopter,12.0,2005,New,$617 m 'Peace Vanguard' deal; stationed in USA until 2006,15.5,186.0,186.0
Singapore,United States,2007,12.0,F-15E Strike Eagle,fighter/ground-attack aircraft,12.0,2010; 2011; 2012,New,$1 b deal; F-15SG version,70.0,840.0,840.0
Singapore,United States,2006,24.0,AAQ-33 Sniper ATP,aircraft electro-optical system,24.0,2009; 2010; 2011; 2012,New,For F-15 combat aircraft,1.0,24.0,24.0
Singapore,United States,2006,50.0,JDAM,guided bomb,50.0,2009,New,,0.02,1.0,1.0
Singapore,United States,2007,84.0,Paveway,guided bomb,84.0,2009; 2011,New,Incl 28 GBU-10 and 56 GBU-12 version,0.02,1.68,1.68
Singapore,United States,2008,18.0,HIMARS,multiple rocket launcher,18.0,2010; 2011,New,,2.2,39.6,39.6
Singapore,United States,2008,20.0,AAQ-33 Sniper ATP,aircraft electro-optical system,20.0,2010; 2011,New,For F-16 combat aircraft,1.0,20.0,20.0
Singapore,United States,2000,6.0,EDO-980,anti-submarine sonar,6.0,2007; 2008; 2009,New,For 6 Lafayette (Formidable) frigates from France,7.5,45.0,45.0
Singapore,United States,2000,8.0,APG-78 Longbow,combat helicopter radar,8.0,2002,New,$26 m deal; for 8 AH-64D combat helicopters,3.0,24.0,24.0
Singapore,United States,2001,12.0,APG-78 Longbow,combat helicopter radar,12.0,2005,New,For 12 AH-64D combat helicopters,3.0,36.0,36.0
Singapore,United States,2009,15.0,MaxxPro,armoured personnel carrier,15.0,2009,New,MaxxPro Dash version,0.32,4.8,4.8
Singapore,United States,1999,2.0,CH-47D Chinook,transport helicopter,2.0,2000,New,CH-47SD version,18.0,36.0,36.0
Singapore,United States,2012,124.0,Paveway,guided bomb,124.0,2014,New,Incl 40 GBU-10 Paveway-2 and 84 GBU-12 Paveway-2 versions,0.02,2.48,2.48
Singapore,United States,2013,2.0,SH-60B Seahawk,anti-submarine helicopter,2.0,2018,New,,17.0,34.0,34.0
Singapore,United States,2005,12.0,F-15E Strike Eagle,fighter/ground-attack aircraft,12.0,2009; 2010,New,$1 b 'NFRP' or 'Peace Carvin 5' programme; F-15SG version,70.0,840.0,840.0
Singapore,United States,2003,57.0,AGM-65 Maverick,air-to-surface missile,57.0,2005,New,AGM-65G version,0.15,8.55,8.55
Singapore,United States,2006,24.0,Tiger Eyes,aircraft electro-optical system,24.0,2009; 2010; 2011; 2012,New,For F-15 combat aircraft,3.0,72.0,72.0
Singapore,United States,2006,100.0,AIM-120C AMRAAM,long-range air-to-air missile,100.0,2009; 2010,New,For F-15SG combat aircraft; AIM-120C-5 version,0.6,60.0,60.0
Singapore,United States,2015,70.0,APG-83 SABR,combat aircraft radar,70.0,2021; 2022; 2023,New,For modernization of 62 F-16 combat aircraft (incl spare radars),2.5,175.0,175.0
Singapore,United States,2017,124.0,Paveway,guided bomb,124.0,2019,New,Incl 40 GBU-10 and 84 GBU-12 versions; for F-15 combat aircraft,0.02,2.48,2.48
Singapore,United States,2005,6.0,SH-60B Seahawk,anti-submarine helicopter,6.0,2009; 2010,New,SH-70(N) version,17.0,102.0,102.0
Singapore,United States,2010,670.0,JDAM,guided bomb,670.0,2011; 2012,New,$40 m deal,0.02,13.4,13.4
Singapore,United States,2009,35.0,JDAM,guided bomb,35.0,2010,New,,0.02,0.7,0.7
Singapore,United States,2024,8.0,F-35B Lightning-2,fighter/ground-attack aircraft,,,New,Delivery planned by 2028,60.0,480.0,0.0
Singapore,United States,2010,8.0,F-15E Strike Eagle,fighter/ground-attack aircraft,8.0,2013,New,F-15SG version,70.0,560.0,560.0
Singapore,United States,2020,4.0,F-35B Lightning-2,fighter/ground-attack aircraft,,,New,Delivery planned 2026,60.0,240.0,0.0
Singapore,United States,2007,4.0,Gulfstream-5,light transport aircraft,4.0,2009; 2010; 2011,New,G-550 version; ordered via Israel and modified to AEW&C aircraft in Israel before delivery,28.0,112.0,112.0
Singapore,United States,2001,54.0,M-109 chassis,self-propelled gun chassis,54.0,2001; 2002; 2003; 2004; 2005,New,For use as chassis of SSPH-1 Primus self-propelled gun (with Singaporean 155mm gun turret); ALV and command post produced in Singapore,0.35,18.9,18.9
Singapore,United States,2000,20.0,AIM-7M Sparrow,long-range air-to-air missile,20.0,2001,New,,0.18,3.6,3.6
Singapore,United States,2000,60.0,AIM-9M Sidewinder,short-range air-to-air missile,60.0,2001,New,AIM-9S version,0.12,7.2,7.2
Singapore,United States,2010,24.0,F-124,turbofan,24.0,2012; 2013; 2014,New,For 12 M-346 trainer/combat aircraft from Italy,1.0,24.0,24.0
Singapore,United States,2015,917.0,JDAM,guided bomb,917.0,2016; 2017,New,,0.02,18.34,18.34
Singapore,United States,1997,4.0,KC-135 Stratotanker,tanker/transport aircraft,3.0,2000,Second hand but modernized,Second-hand; $280-500 m 'Peace Guardian' deal; modernized to KC-135R before delivery,39.6,158.4,118.8
Singapore,United States,2008,1.0,Gulfstream-5,light transport aircraft,1.0,2012,New,G-550 version; for civilian company for 20 year training of Singaporean air force pilots,28.0,28.0,28.0
Singapore,United States,2017,250.0,GBU-39 SDB,guided glide bomb,250.0,2020,New,,0.02,5.0,5.0
Singapore,United States,2017,6.0,TPQ-53,artillery locating radar,6.0,2021; 2022,New,$63 m deal,7.0,42.0,42.0
Singapore,United States,1999,8.0,AH-64D Apache Longbow,combat helicopter,8.0,2002,New,Part of $629 m 'Peace Vanguard' deal (incl $26 m for Longbow radars); stationed in USA until 2006,15.5,124.0,124.0
Singapore,United States,2001,192.0,AGM-114 Hellfire-2,anti-tank/air-to-surface missile,192.0,2005,New,For AH-64D helicopters,0.05,9.6,9.6
Singapore,United States,1998,6.0,CH-47D Chinook,transport helicopter,6.0,2000,New,CH-47SD version,18.0,108.0,108.0
Singapore,United States,1997,12.0,F-16C Block-50,fighter/ground-attack aircraft,8.0,2000,New,$350 m 'Peace Carvin-3' deal; F-16CJ Block-52 version; incl 2 F-16DJ,31.0,372.0,248.0
Singapore,United States,2001,100.0,AIM-120C AMRAAM,long-range air-to-air missile,100.0,2002; 2003,New,$85-100 m deal; for F-16 and possibly F-5S combat aircraft; stored in USA until 2003 when delivered to Singapore after China and Viet Nam introduced similar AA-12 missiles in 2002/2003,0.6,60.0,60.0
Singapore,United States,2000,2.0,S-70 Black Hawk,transport helicopter,2.0,2002,New,,7.25,14.5,14.5
Singapore,United States,2000,20.0,F-16C Block-50,fighter/ground-attack aircraft,20.0,2004; 2005,New,'Peace Carvin-4' deal; F-16D Block-52+ version,31.0,620.0,620.0
Singapore,United States,1999,2.0,CH-47D Chinook,transport helicopter,2.0,2001,New,CH-47SD version,18.0,36.0,36.0
Singapore,United States,2014,20.0,AIM-9X Sidewinder,long-range air-to-air missile,20.0,2015; 2016,New,AIM-9X Block-2 version,0.18,3.6,3.6
Singapore,United States,2014,348.0,GMLRS,guided rocket,348.0,2015; 2016,New,For HIMARS MRL,0.08,27.84,27.84
Singapore,United States,2024,8.0,F-35A Lightning-2,fighter/ground-attack aircraft,,,New,Delivery planned by 2030,55.0,440.0,0.0
Singapore,United States,2004,50.0,AIM-120C AMRAAM,long-range air-to-air missile,50.0,2006,New,$25 m deal; AIM-120C-5 version,0.6,30.0,30.0
Slovakia,United States,2018,6.0,AAQ-33 Sniper ATP,aircraft electro-optical system,6.0,2024; 2025,New,For F-16 combat aircraft from USA,1.0,6.0,6.0
Slovakia,United States,2024,6.0,V-2500,turbofan,,,New,For 3 C-390 transport aircraft from Brazil,3.0,18.0,0.0
Slovakia,United States,2018,98.0,AIM-9X Sidewinder,long-range air-to-air missile,98.0,2024; 2025,New,For F-16V combat aircraft,0.18,17.64,17.64
Slovakia,United States,2024,12.0,S-70 Black Hawk,transport helicopter,,,Second hand,Second-hand; EUR150 m deal,2.9,34.8,0.0
Slovakia,United States,2018,14.0,F-16V Viper,fighter/ground-attack aircraft,14.0,2024; 2025,New,EUR1.6 b ($1.8 b) deal; incl 2 F-16D Block-72 trainer/combat version,40.0,560.0,560.0
Slovakia,United States,2014,4.0,aircraft engine,aircraft engine,4.0,2017; 2018,New,Allison AE-2100D3 (5000hp) turboprop for 2 C-27J transport aircraft from Italy,1.5,6.0,6.0
Slovakia,United States,2015,9.0,S-70 Black Hawk,transport helicopter,9.0,2017; 2018; 2019; 2020,New,$261 m deal; UH-60M version,7.25,65.25,65.25
Slovakia,United States,2018,30.0,AIM-120C AMRAAM,long-range air-to-air missile,30.0,2024; 2025,New,AIM-120C-7 version; for F-16V combat aircraft,0.6,18.0,18.0
Slovakia,United States,2018,,JDAM,guided bomb,30.0,2024; 2025,New,For F-16 combat aircraft,0.02,0.0,0.6
Slovakia,United States,2023,160.0,L-ATV,armoured personnel carrier,,,New,$190 m 'FMF' aid; JLTV version,0.18,28.8,0.0
Slovakia,United States,2018,224.0,Paveway,guided bomb,112.0,2024; 2025,New,GBU-12 Paveway-2 version; for F-16 combat aircraft,0.02,4.48,2.24
Slovenia,United States,2023,2.0,aircraft engine,aircraft engine,2.0,2024,New,Allison AE-2100D3 (5000hp) turboprop engine for 1 C-27J transport aircraft from Italy,1.5,3.0,3.0
Slovenia,United States,2018,38.0,L-ATV,armoured personnel carrier,38.0,2021,New,EUR16 m ($19 m) deal; Slovenian designation LKOV 4X4,0.18,6.84,6.84
Slovenia,United States,2021,84.0,L-ATV,armoured personnel carrier,37.0,2023,New,EUR39 m deal; JLTV version; Slovenian designation LKOV 4X4,0.18,15.12,6.66
Slovenia,United States,2023,32.0,L-ATV,armoured personnel carrier,,,New,Probably second-hand; aid as compensation for Slovenian military aid to Ukraine,0.18,5.76,0.0
Slovenia,United States,2014,7.0,Cougar,armoured personnel carrier,7.0,2014,Second hand,Second-hand,0.14,0.98,0.98
Slovenia,United States,2022,7.0,L-ATV,armoured personnel carrier,,,New,Aid,0.18,1.26,0.0
Slovenia,United States,2000,1.0,HMMWV-UA,armoured personnel carrier,1.0,2001,New,M-1114 version,0.13,0.13,0.13
Slovenia,United States,2021,2.0,aircraft engine,aircraft engine,2.0,2023,New,Allison AE-2100D3 (5000hp) turboprop engine for 1 C-27J transport aircraft from Italy,1.5,3.0,3.0
Somalia,United States,2013,3.0,S-2RT,light aircraft,3.0,2013,Second hand,Second-hand; for Puntland maritime police,0.19,0.58,0.58
South Africa,United States,1999,4.0,LM-2500,gas turbine,4.0,2006; 2007,New,For 4 MEKO-A200 (Valour) frigates from Germany,7.0,28.0,28.0
South Africa,United States,1999,9.0,F-404,turbofan,9.0,2008; 2009,New,For 9 JAS-39 combat aircraft from Sweden; RM-12 version from Swedish production line,2.2,19.8,19.8
South Africa,United States,2010,50.0,Paveway,guided bomb,50.0,2011; 2012,New,Paveway-2 version; for trials and interim until South African Umbani available,0.02,1.0,1.0
South Africa,United States,2000,17.0,F-404,turbofan,17.0,2010; 2011; 2012,New,For 17 JAS-39 combat aircraft from Sweden; RM-12 version from Swedish production line,2.2,37.4,37.4
South Africa,United States,2003,4.0,APS-143(V),maritime patrol aircraft radar,4.0,2007,New,For 4 Super Lynx-300 helicopters from UK,2.5,10.0,10.0
South Korea,United States,2019,60.0,AIM-120D AMRAAM,long-range air-to-air missile,60.0,2021; 2022,New,,0.8,48.0,48.0
South Korea,United States,2020,19.0,Harpoon Block-2,anti-ship/land-attack missile,19.0,2021; 2022,New,Possibly UGM-84L Block-2 version,1.0,19.0,19.0
South Korea,United States,2019,9.0,Mk-45-4 127mm,naval gun,1.0,2024,New,Mk-45 Mod-4 version; for 3 Sejong the Great Batch-2 (KDX-3) destroyers and 6 Ulsan Batch-3 (FFX-3) frigates produced in South Korea; produced under licence in South Korea,7.5,67.5,7.5
South Korea,United States,2002,3.0,AGM-65 Maverick,air-to-surface missile,3.0,2003,New,,0.15,0.45,0.45
South Korea,United States,1999,6.0,LM-2500,gas turbine,6.0,2003; 2004; 2005,New,For 3 KDX-2 frigates produced in South Korea,7.0,42.0,42.0
South Korea,United States,1993,6.0,LM-2500,gas turbine,2.0,2000,New,For 3 KDX-1 (Kwanggaeto the Great) frigates produced in South Korea,7.0,42.0,14.0
South Korea,United States,1997,13.0,AQS-13F,anti-submarine sonar,10.0,2000; 2001,New,AQS-18(V)-3 version for 13 Super Lynx anti-submarine helicopters from United Kingdom,1.5,19.5,15.0
South Korea,United States,1997,16.0,aircraft engine,aircraft engine,16.0,2001; 2002,New,General Electric CT-7-9C3 (1750hp) turboprop for 8 CN-235 transport aircraft from Indonesia,0.5,8.0,8.0
South Korea,United States,2006,30.0,RIM-116A RAM,surface-to-air missile,30.0,2007,New,$17.4 m deal; RIM-116A Block-1/HAS version,0.14,4.2,4.2
South Korea,United States,2006,26.0,Harpoon Block-2,anti-ship/land-attack missile,26.0,2007; 2008,New,$38 m deal; incl 20 AGM-84 and 6 UGM-84 version,1.0,26.0,26.0
South Korea,United States,2014,40.0,F-35A Lightning-2,fighter/ground-attack aircraft,40.0,2018; 2019; 2020; 2021; 2022,New,KRW7.3 tr ($7 b) 'FX-3' programme (offsets incl technology transfers),55.0,2200.0,2200.0
South Korea,United States,2021,12.0,MH-60R Seahawk,anti-submarine helicopter,12.0,2024; 2025,New,KRW960 b ($881 m) 'Maritime Operation Helicopter Batch-2' programme,16.5,198.0,198.0
South Korea,United States,2005,8.0,P-3CUP Orion,anti-submarine aircraft,8.0,2010,New,$493-550 m deal; second-hand P-3B rebuilt to P-3CK (P-3CUP); 1 more for spares only,75.0,600.0,600.0
South Korea,United States,2024,,F414,turbofan,,,New,F414-GE-400K version for KF-21 (KFX) combat aircraft produced in South Korea (incl spare engines); produced under licence in South Korea,2.5,0.0,0.0
South Korea,United States,2016,3.0,SPY-1D,air-search radar,1.0,2024,New,For 3 Sejong the Great Batch-2 (KDX-3) destroyers produced in South Korea,22.0,66.0,22.0
South Korea,United States,1994,484.0,K-1A1,tank,474.0,2000; 2001; 2002; 2003; 2004; 2005; 2006; 2007; 2008; 2009,New,KRW1 tr ($781 m) deal; designed in USA for production under licence in South Korea,3.5,1694.0,1659.0
South Korea,United States,2014,274.0,AIM-120C AMRAAM,long-range air-to-air missile,274.0,2016; 2017; 2018,New,AIM-120C-7 version,0.6,164.4,164.4
South Korea,United States,2019,3.0,Mk-41 VLS,naval surface-to-air missile system,1.0,2024,New,For 3 Daewang (KDX-3 Batch-2) destroyers produced in South Korea,20.0,60.0,20.0
South Korea,United States,2013,60.0,F-404,turbofan,60.0,2013; 2014; 2015; 2016,New,For some 60 FA-50 combat aircraft produced in South Korea; incl production of components and final assembly in South Korea,2.2,132.0,132.0
South Korea,United States,2010,4.0,C-130J Hercules,transport aircraft,4.0,2014,New,C-130J-30 version,40.0,160.0,160.0
South Korea,United States,2023,6.0,V-2500,turbofan,,,New,For 3 C-390 transport aircraft from Brazil,3.0,18.0,0.0
South Korea,United States,2015,32.0,ship engine,ship engine,32.0,2017; 2019; 2020; 2021; 2022,New,GE LM-500 (6000hp) gas turbine for 16 PKX-B missile boats produced in South Korea,1.5,48.0,48.0
South Korea,United States,2023,18.0,CH-47F Chinook,transport helicopter,,,New,Delivery planned by 2028,20.0,360.0,0.0
South Korea,United States,2015,2.0,Mk-15 Phalanx,naval gun,2.0,2021,New,For 1 Dokdo amphibious assault ship produced in South Korea,7.0,14.0,14.0
South Korea,United States,2020,31.0,Mk-54 LWT,anti-submarine torpedo,31.0,2022; 2023,New,Mk-54 Mod-0 version,0.5,15.5,15.5
South Korea,United States,2012,1.0,Mk-45-4 127mm,naval gun,1.0,2018,New,For 1 FFX-2 (Daegu) frigate produced in South Korea,7.5,7.5,7.5
South Korea,United States,2017,7.0,Mk-45-4 127mm,naval gun,7.0,2021; 2023,New,For 7 Daegu (FFX-2) frigates produced in South Korea,7.5,52.5,52.5
South Korea,United States,2015,8.0,Patriot Configuration-3,surface-to-air missile system,8.0,2017; 2018; 2019; 2020,New,South Korean Patriot PAC-2 SAM system rebuilt to Patriot PAC-3 SAM/ABM system,55.0,440.0,440.0
South Korea,United States,2019,12.0,LM-2500,gas turbine,4.0,2024,New,For 3 Sejong the Great Batch-2 (KDX-3) destroyers produced in South Korea,7.0,84.0,28.0
South Korea,United States,2020,20.0,F-404,turbofan,9.0,2023; 2024; 2025,New,For 20 TA-50 Block-2 trainer/combat aircraft produced in South Korea; probably incl production of components and final assembly in South Korea,2.2,44.0,19.8
South Korea,United States,1991,12.0,F-100,turbofan,6.0,2000; 2001,New,Produced under licence in South Korea (54% of value produced in South Korea); spares for F-16 combat aircraft,3.25,39.0,19.5
South Korea,United States,1995,57.0,AAV-7A1,armoured personnel carrier,18.0,2000; 2001,New,$91 m deal; incl 5 ARV and 4 CP version; South Korean designation KAAV (Korean Armoured Amphibious Vehicle),1.0,57.0,18.0
South Korea,United States,1999,3.0,Mk-45 127mm,naval gun,3.0,2003; 2004; 2005,New,$22 m deal; produced under licence in South Korea; for 3 KDX-2 frigates produced in South Korea; Mk-45 Mod-4 version,5.25,15.75,15.75
South Korea,United States,2002,40.0,F-15E Strike Eagle,fighter/ground-attack aircraft,40.0,2005; 2006; 2007; 2008,New,$4.2 b 'F-X' programme (offsets 65-83% incl production of components for 32 F-15K and all production of AH-64 combat helicopter fuselages in South Korea); F-15K Slam Eagle version,70.0,2800.0,2800.0
South Korea,United States,2000,4.0,TPS-77,air-search radar,4.0,2002,New,$54 m deal (offsets incl production of components in South Korea),11.0,44.0,44.0
South Korea,United States,2000,67.0,AAV-7A1,armoured personnel carrier,67.0,2001; 2002; 2003; 2004; 2005; 2006,New,$99-120 m deal; South Korean designation KAAV (Korean Armoured Amphibious Vehicle),1.0,67.0,67.0
South Korea,United States,2002,3.0,TPS-77,air-search radar,3.0,2004,New,$39 m deal (offsets incl production of components in South Korea),11.0,33.0,33.0
South Korea,United States,2018,1132.0,JDAM,guided bomb,1132.0,2019,New,,0.02,22.64,22.64
South Korea,United States,2002,9.0,SPG-62,fire-control radar,9.0,2008; 2010; 2012,New,For 3 KDX-3 destroyers produced in South Korea,4.5,40.5,40.5
South Korea,United States,2002,12.0,LM-2500,gas turbine,12.0,2008; 2010; 2012,New,For 3 KDX-3 destroyers produced in South Korea,7.0,84.0,84.0
South Korea,United States,2002,3.0,Mk-45 127mm,naval gun,3.0,2008; 2010; 2012,New,For 3 KDX-3 destroyers produced in South Korea,5.25,15.75,15.75
South Korea,United States,2002,3.0,SPS-67,sea-search radar,3.0,2008; 2010; 2012,New,For 3 KDX-3 destroyers produced in South Korea,1.0,3.0,3.0
South Korea,United States,2002,3.0,SQS-53,anti-submarine sonar,3.0,2008; 2010; 2012,New,For 3 KDX-3 destroyers produced in South Korea; SQS-53C version,7.5,22.5,22.5
South Korea,United States,2018,60.0,AIM-9X Sidewinder,long-range air-to-air missile,60.0,2020; 2021,New,,0.18,10.8,10.8
South Korea,United States,2016,17.0,SM-2MR,surface-to-air missile,17.0,2021,New,SM-2MR Block-3B version,0.3,5.1,5.1
South Korea,United States,1996,8.0,RH-800RA/SIG,reconnaissance aircraft,8.0,2000; 2001,New,$461 m 'Paekdu/Peace Pioneer' and 'Peace Krypton' deals; incl 4 RH-800RA ground surveillance and RH-800SIG SIGINT version; deal temporarily suspended in 1998 after corruption charges,30.0,240.0,240.0
South Korea,United States,2009,6.0,Mk-45 127mm,naval gun,6.0,2013; 2014; 2015; 2016,New,For 6 Incheon (FFX) frigates produced in South Korea,5.25,31.5,31.5
South Korea,United States,2011,6.0,Mk-15 Phalanx,naval gun,6.0,2013; 2014; 2015; 2016,New,Phalanx Block-1B version for 6 Incheon (FFX) frigates produced in South Korea,7.0,42.0,42.0
South Korea,United States,2011,150.0,GBU-28,guided bomb,150.0,2013,New,KWR80 b ($71 m) deal,0.1,15.0,15.0
South Korea,United States,2012,16.0,aircraft engine,aircraft engine,16.0,2016,New,LHTEC CTS-800 (1350hp) turboshaft for 8 AW-159 helicopters from UK,0.5,8.0,8.0
South Korea,United States,2013,6.0,APG-78 Longbow,combat helicopter radar,6.0,2017,New,For 6 AH-64E combat helicopters,3.0,18.0,18.0
South Korea,United States,2013,2.0,aircraft engine,aircraft engine,2.0,2016,New,General Electric T-700-701D (2215hp) turboshaft; spares for AH-64E combat helicopters,0.75,1.5,1.5
South Korea,United States,2000,20.0,F-16C Block-50,fighter/ground-attack aircraft,20.0,2003; 2004,New,$663 m 'Korean Fighter Programme-2' (KFP-2) deal (78% value produced in South Korea); F-16 Block-52 version; incl 5 F-16D; for use as reconnaissance aircraft; South Korean designation KF-16,31.0,620.0,620.0
South Korea,United States,2003,47.0,AGM-84H SLAM-ER,air-to-surface missile,47.0,2006; 2007; 2008,New,$70 m deal; for F-15K combat aircraft,1.25,58.75,58.75
South Korea,United States,2003,27.0,F-404,turbofan,27.0,2006; 2007; 2008,New,$80 m deal; F-404-GE-102 version for 25 T-50 trainer aircraft produced in South Korea (including 2 spare engines),2.2,59.4,59.4
South Korea,United States,2014,4.0,RQ-4A Global Hawk,reconnaissance drone,4.0,2019; 2020,New,$657 m deal (incl production of components in South Korea); RQ-4B Block-30 version,35.0,140.0,140.0
South Korea,United States,2005,36.0,ship engine,ship engine,36.0,2008; 2011; 2012; 2013; 2014; 2018,New,GE LM-500 (5450hp) gas turbine for 18 Gumdoksuri (PKX or PKG-A) missile boats produced in South Korea,1.5,54.0,54.0
South Korea,United States,2004,50.0,Paveway,guided bomb,50.0,2005,New,Paveway-2 version,0.02,1.0,1.0
South Korea,United States,2004,159.0,SM-2MR,surface-to-air missile,159.0,2006; 2007; 2008,New,SM-2 Block-3A version; for KDX-2 destroyers,0.3,47.7,47.7
South Korea,United States,2008,280.0,JDAM,guided bomb,280.0,2010; 2011,New,Part of $200 m deal,0.02,5.6,5.6
South Korea,United States,2008,125.0,AIM-120C AMRAAM,long-range air-to-air missile,125.0,2011; 2012; 2014; 2015,New,AIM-120C-7 version,0.6,75.0,75.0
South Korea,United States,2010,62.0,SM-2MR,surface-to-air missile,62.0,2012,New,$67 m deal; SM-2 Block-3A and SM-2 Block-3B versions; for KDX-3 destroyers,0.3,18.6,18.6
South Korea,United States,2012,55.0,AIM-9X Sidewinder,long-range air-to-air missile,55.0,2012; 2013,New,,0.18,9.9,9.9
South Korea,United States,2011,150.0,Paveway,guided bomb,150.0,2013,New,$71 m deal; GBU-28 Paveway-3 version,0.02,3.0,3.0
South Korea,United States,2011,107.0,Paveway,guided bomb,107.0,2011,New,$39 m deal; GBU-24 Paveway-3 version,0.02,2.14,2.14
South Korea,United States,2012,18.0,Harpoon Block-2,anti-ship/land-attack missile,18.0,2016; 2017; 2018,New,UGM-84L Block-2 version,1.0,18.0,18.0
South Korea,United States,2013,288.0,AGM-114 Hellfire-2,anti-tank/air-to-surface missile,288.0,2016; 2017,New,AGM-114R1 version for AH-64E combat helicopters,0.05,14.4,14.4
South Korea,United States,2011,19.0,SM-2MR,surface-to-air missile,19.0,2013,New,SM-2 Block-3B version,0.3,5.7,5.7
South Korea,United States,2013,5.0,aircraft engine,aircraft engine,5.0,2014,Second hand,Second-hand; Honeywell T-55-L-714 (4100hp) turboshaft; spare engines for CH-47D helicopters,0.44,2.2,2.2
South Korea,United States,2014,100.0,AGM-65 Maverick,air-to-surface missile,100.0,2015; 2016,New,$31 m deal; AGM-65G-2 version,0.15,15.0,15.0
South Korea,United States,2018,542.0,GBU-39 SDB,guided glide bomb,542.0,2019; 2020,New,,0.02,10.84,10.84
South Korea,United States,2013,36.0,AH-64E Apache,combat helicopter,36.0,2016; 2017,New,$1.6 b 'AH-X' programme ((incl production of components in South Korea),15.0,540.0,540.0
South Korea,United States,2018,6.0,P-8A Poseidon,anti-submarine aircraft,6.0,2024,New,$1.7 b deal,125.0,750.0,750.0
South Korea,United States,2008,64.0,MIM-104 PAC-2,surface-to-air missile,64.0,2010; 2011,New,PAC-2 missiles rebuilt to GEM-T version; for Patriot air-defence systems,1.0,64.0,64.0
South Korea,United States,2006,48.0,SM-2MR,surface-to-air missile,48.0,2008,New,$111 m deal; SM-2 Block-3B version; for KDX-3 destroyers,0.3,14.4,14.4
South Korea,United States,2013,76.0,AIM-9X Sidewinder,long-range air-to-air missile,76.0,2016; 2017,New,,0.18,13.68,13.68
South Korea,United States,2012,246.0,JDAM,guided bomb,246.0,2013,New,,0.02,4.92,4.92
South Korea,United States,2003,14.0,JDAM,guided bomb,14.0,2006,New,,0.02,0.28,0.28
South Korea,United States,2010,10.0,MaxxPro,armoured personnel carrier,10.0,2011,New,MaxxPro Dash FXM version,0.32,3.2,3.2
South Korea,United States,2013,210.0,JDAM,guided bomb,210.0,2014,New,,0.02,4.2,4.2
South Korea,United States,2017,290.0,JDAM,guided bomb,290.0,2018,New,,0.02,5.8,5.8
South Korea,United States,2018,,SM-2MR,surface-to-air missile,30.0,2024,New,For Sejong the Great (KDX-3) destroyers; SM-2 Block-3B version,0.3,0.0,9.0
South Korea,United States,2014,361.0,CBU-97 SFW,guided bomb,361.0,2016,New,$190 m deal; CBU-105 version,0.15,54.15,54.15
South Korea,United States,2006,57.0,F-404,turbofan,57.0,2008; 2009; 2010; 2011; 2012,New,For 57 T-50 trainer and T/A-50 (T-50 LIFT) trainer/combat aircraft produced South Korea; incl production of components and final assembly in South Korea,2.2,125.4,125.4
South Korea,United States,2001,111.0,ATACMS Block-1A,surface-to-surface missile,111.0,2004,New,$81 m deal; for use with M-270 MLRS MRL,2.0,222.0,222.0
South Korea,United States,1989,256.0,K-1 chassis,tank chassis,45.0,2004; 2005; 2006,New,Designed in USA for production of 56 K-1 ABL (developed in cooperation with UK company) and 200 K-1 ARV (developed in cooperation with FRG company) version in South Korea,1.25,320.0,56.25
South Korea,United States,2015,32.0,ship engine,ship engine,32.0,2017; 2019; 2020; 2021; 2022,New,C-32 (1115hp) diesel engine for 16 PKX-B armoured personnel carriers produced in South Korea,0.25,8.0,8.0
South Korea,United States,2015,72.0,AIM-9X Sidewinder,long-range air-to-air missile,72.0,2018,New,,0.18,12.96,12.96
South Korea,United States,2023,20.0,F-35A Lightning-2,fighter/ground-attack aircraft,,,New,KRW3.9 tr ($3 b) deal; delivery planned from 2027,55.0,1100.0,0.0
South Korea,United States,2004,105.0,AIM-9X Sidewinder,long-range air-to-air missile,105.0,2006; 2007,New,Part of $110 m deal; for F-15K combat aircraft,0.18,18.9,18.9
South Korea,United States,2002,147.0,AIM-120C AMRAAM,long-range air-to-air missile,147.0,2005; 2006,New,Part of $110 m deal; for F-15K combat aircraft,0.6,88.2,88.2
South Korea,United States,2001,18.0,Harpoon Block-1,anti-ship missile,18.0,2003,New,,0.9,16.2,16.2
South Korea,United States,2002,40.0,Tiger Eyes,aircraft electro-optical system,40.0,2005; 2006; 2007; 2008,New,$164 m deal; for F-15K combat aircraft,3.0,120.0,120.0
South Korea,United States,2014,6.0,F135-100,turbofan,6.0,2018; 2019; 2020; 2021; 2022,New,Spares for F-35A combat aircraft,4.0,24.0,24.0
South Korea,United States,2004,130.0,RIM-116A RAM,surface-to-air missile,130.0,2007; 2008; 2009; 2010; 2011,New,For KDX-3 destroyers and Dodko (LPX) AALS,0.14,18.2,18.2
South Korea,United States,2020,1.0,APS-153,maritime patrol aircraft radar,1.0,2025,New,Spare for MH-60R ASW helicopters,2.0,2.0,2.0
South Korea,United States,2015,63.0,Stinger,portable surface-to-air missile,63.0,2016; 2017,New,Part of $35 m deal; for AH-64E combat helicopters,0.08,5.04,5.04
South Korea,United States,2020,1.0,aircraft engine,aircraft engine,,,New,General Electric T-700-701C (1880hp) turboshaft engine; spare engine for MH-60R anti-submarine helicopters,0.5,0.5,0.0
South Korea,United States,2013,14.0,CH-47D Chinook,transport helicopter,14.0,2014,Second hand,Second-hand; KRW150 b ($130-151 m) deal,7.2,100.8,100.8
South Korea,United States,1994,75.0,Harpoon Block-1,anti-ship missile,41.0,2000; 2001; 2002; 2004,New,UGM-84 version; for Type-209 (Chang Bogo) submarines,0.9,67.5,36.9
South Korea,United States,2008,102.0,AIM-9X Sidewinder,long-range air-to-air missile,102.0,2010; 2011,New,Part of $55 m deal; for F-15K combat aircraft,0.18,18.36,18.36
South Korea,United States,2009,40.0,AAQ-33 Sniper ATP,aircraft electro-optical system,40.0,2010; 2011; 2012; 2013,New,For F-15K combat aircraft,1.0,40.0,40.0
South Korea,United States,2013,50.0,AAQ-33 Sniper ATP,aircraft electro-optical system,50.0,2015; 2016; 2017,New,For F-16C and F-15K combat aircraft,1.0,50.0,50.0
South Korea,United States,2023,115.0,AIM-9X Sidewinder,long-range air-to-air missile,,,New,AIM-9X Block-2 version,0.18,20.7,0.0
South Korea,United States,2014,112.0,MIM-104 PAC-2,surface-to-air missile,112.0,2016; 2017,New,$160 m deal; PAC-2 missiles rebuilt to GEM-T version; for Patriot air-defence systems,1.0,112.0,112.0
South Korea,United States,2008,59.0,Harpoon Block-2,anti-ship/land-attack missile,59.0,2011,New,AGM-84L version,1.0,59.0,59.0
South Korea,United States,2008,21.0,F-15E Strike Eagle,fighter/ground-attack aircraft,21.0,2010; 2011; 2012,New,$2.3 b 'Next Fighter-2' deal; produced under licence in South Korea; F-15K Slam Eagle version,70.0,1470.0,1470.0
South Korea,United States,1991,120.0,F-16C Block-50,fighter/ground-attack aircraft,22.0,2000; 2001,New,$2.5-5.2 b 'Peace Bridge-2' or 'Korean Fighter Programme' (KFP) deal (incl production of components for all 120 and 36 assembled from kits and 72 produced under licence in South Korea; up to 51% value produced in South Korea); F-16 Block-52 version; incl some F-16D trainer version; South Korean designation KF-16,31.0,3720.0,682.0
South Korea,United States,2006,75.0,AAV-7A1,armoured personnel carrier,75.0,2006; 2007; 2008; 2009; 2010,New,KRW149 b ($157 m) deal; produced under licence in South Korea as KAAV (Korean Armoured Amphibious Vehicle),1.0,75.0,75.0
South Korea,United States,2006,4.0,Boeing-737 AEW&C,airborne early-warning aircraft,4.0,2011; 2012,New,$1.6-1.7 b 'E-X' or 'Peace Eye' programme (incl assembly of 3 in South Korea),250.0,1000.0,1000.0
South Korea,United States,2018,1000.0,GMLRS,guided rocket,1000.0,2020; 2022,New,For MLRS MRL,0.08,80.0,80.0
South Korea,United States,2022,,MIM-104 PAC-3,anti-ballistic missile missile,,,New,For Patriot air-defence systems; delivery planned by 2027,0.8,0.0,0.0
South Korea,United States,2023,38.0,SM-6 Block-1,anti-ballistic missile missile,,,New,For KDX-3 destroyers,0.0,0.0,0.0
South Korea,United States,2014,9.0,Mk-15 Phalanx,naval gun,9.0,2018; 2021; 2023,New,$123 m deal; Phalanx Block-1B version for 8 Daegu (improved Incheon or FFX Batch-2) frigates and 1 Soyang (AOE-2) support ship produced in South Korea,7.0,63.0,63.0
South Korea,United States,1999,3.0,SPS-49,air-search radar,3.0,2003; 2004; 2005,New,For 3 KDX-2 frigates produced in South Korea; AN/SPS-49(V)5 version,5.0,15.0,15.0
South Korea,United States,2001,8.0,F-110,turbofan,8.0,2005; 2006; 2007; 2008,New,Spares for F-15K combat aircraft,3.25,26.0,26.0
South Korea,United States,2000,270.0,BGM-71 TOW,anti-tank missile,270.0,2001; 2002,New,BGM-71E TOW-2A and/or BGM-71F TOW-2B version (possibly incl or only practice TOW-2A missiles),0.01,2.7,2.7
South Korea,United States,2000,100.0,AIM-120A AMRAAM,long-range air-to-air missile,100.0,2000,New,$29 m deal,0.4,40.0,40.0
South Korea,United States,2000,110.0,SM-2MR,surface-to-air missile,110.0,2003; 2004; 2005,New,$159 m deal; SM-2 Block-3A version; for KDX-2 destroyers,0.3,33.0,33.0
South Korea,United States,2001,64.0,RIM-116A RAM,surface-to-air missile,64.0,2004; 2005,New,For KDX-2 frigates,0.14,8.96,8.96
South Korea,United States,2002,29.0,M-270 MLRS,multiple rocket launcher,29.0,2002; 2003; 2004,New,$498 m deal,2.2,63.8,63.8
South Korea,United States,2000,4.0,Shadow-400,reconnaissance drone,4.0,2001; 2002,New,,0.15,0.6,0.6
South Korea,United States,2006,22.0,APG-67,combat aircraft radar,22.0,2011; 2012,New,AN/APG-67(V)4 version; for 22 T/A-50 (T-50 LIFT) trainer/combat aircraft produced in South Korea,2.5,55.0,55.0
South Korea,United States,2002,3.0,SPY-1D,air-search radar,3.0,2008; 2010; 2012,New,For 3 KDX-3 destroyers produced in South Korea,22.0,66.0,66.0
South Korea,United States,1995,200.0,Mk-46 Mod-5 NEARTIP,anti-submarine torpedo,150.0,2000; 2001; 2002; 2003; 2004; 2005,New,For KDX-1 (Kwanggaeto the Great) destroyers and for ASROC ASW missiles on KDX-2 destroyers,0.35,70.0,52.5
South Korea,United States,2024,42.0,AIM-9X Sidewinder,long-range air-to-air missile,,,New,AIM-9X Block-2+ version,0.18,7.56,0.0
South Korea,United States,2019,60.0,AIM-120C AMRAAM,long-range air-to-air missile,60.0,2021; 2022,New,AIM-120C-7 version,0.6,36.0,36.0
South Korea,United States,2022,40.0,Bell-505 Jet Ranger X,light helicopter,40.0,2023; 2024; 2025,New,KRW170b ($133 m) 'THX' programme; for training; from production line in Canada,0.9,36.0,36.0
South Korea,United States,2019,64.0,MIM-104 PAC-3 MSE,anti-ballistic missile missile,64.0,2020,New,For Patriot air-defence systems,1.5,96.0,96.0
South Korea,United States,2015,136.0,MIM-104 PAC-3 MSE,anti-ballistic missile missile,136.0,2017; 2018; 2019,New,$769 m deal; for Patriot air-defence systems,1.5,204.0,204.0
South Korea,United States,2023,288.0,AGM-114 Hellfire-2,anti-tank/air-to-surface missile,,,New,For AH-64E combat helicopters,0.05,14.4,0.0
South Korea,United States,1994,3.0,SPS-49,air-search radar,1.0,2000,New,For 3 KDX-1 (Kwanggaeto the Great) frigates produced in South Korea; AN/SPS-49(V)5 version,5.0,15.0,5.0
South Korea,United States,2002,3.0,Mk-41 VLS,naval surface-to-air missile system,3.0,2008; 2010; 2012,New,For 3 Daewang (KDX-3) destroyers produced in South Korea,20.0,60.0,60.0
South Korea,United States,1999,6.0,Mk-41 VLS,naval surface-to-air missile system,6.0,2003; 2004; 2005; 2006; 2007; 2008,New,For 6 Yi Sun-Shin (KDX-2) destroyers produced in South Korea,20.0,120.0,120.0
South Korea,United States,2009,12.0,LM-2500,gas turbine,12.0,2013; 2014; 2015; 2016,New,For 6 Incheon (FFX) frigates produced in South Korea,7.0,84.0,84.0
South Korea,United States,2015,134.0,APG-83 SABR,combat aircraft radar,134.0,2021; 2022; 2023; 2024; 2025,New,For modernization of 134 F-16 combat aircraft,2.5,335.0,335.0
South Korea,United States,2022,5.0,aircraft engine,aircraft engine,,,New,Honeywell T-55-GA-714A (4775hp) turboshaft; spares for CH-47F helicopters,1.5,7.5,0.0
South Korea,United States,2008,210.0,SM-2MR,surface-to-air missile,210.0,2009; 2010; 2011; 2012; 2013,New,$372 m deal; SM-2 Block-3A and SM-2 Block-3B version; for KDX-3 destroyers,0.3,63.0,63.0
South Korea,United States,2009,35.0,AGM-65 Maverick,air-to-surface missile,35.0,2011,New,AGM-65G version,0.15,5.25,5.25
Spain,United States,2022,100.0,WGU-59 APKWS,air-to-surface missile,,,New,APKWS-2 version; for MH-60R helicopters,0.01,1.0,0.0
Spain,United States,2018,,ESSM Block-2,surface-to-air missile,,,New,Incl for F-110 frigates; selected 2018 but probably not yet ordered by end-2025,0.6,0.0,0.0
Spain,United States,2023,20.0,F-404,turbofan,20.0,2024; 2025,Second hand,Second-hand; spare engines for F-18M (F/A-18) combat aircraft,0.88,17.6,17.6
Spain,United States,2025,30.0,F-404,turbofan,,,New,For Hurjet trainer/combat aircraft from Turkiye,2.2,66.0,0.0
Spain,United States,2005,1.0,SPY-1F,air-search radar,1.0,2012,New,Part of $550 m deal; for 1 De Bazan (F-100) frigate produced in Spain,20.0,20.0,20.0
Spain,United States,2006,94.0,SM-1MR,surface-to-air missile,94.0,2013,New,EUR26 m deal; SM-1 Block-4B version for Perry (Santa Maria) frigates,0.25,23.5,23.5
Spain,United States,1999,100.0,Paveway,guided bomb,100.0,2000,New,Spanish designation BPG-2000 (using CPE-800 bomb produced in Spain as warhead),0.02,2.0,2.0
Spain,United States,2004,1.0,LM-2500,gas turbine,1.0,2010,New,For 1 Juan Carlos aircraft carrier/amphibious assault ship produced in Spain,7.0,7.0,7.0
Spain,United States,1997,19.0,vehicle engine,vehicle engine,10.0,2000,New,VT-400 (400hp) diesel engine; part of $40 m modernization of 19 LVTP-7/AAV-7 armoured personnel carriers to LVTP-7A!/AAV-7A1 version,0.05,0.95,0.5
Spain,United States,2006,43.0,aircraft engine,aircraft engine,43.0,2007; 2008; 2009,New,$73 m deal; Honeywell T-55-L-714A (4775hp) turboshaft engine for modernization of CH-47 helicopters,1.5,64.5,64.5
Spain,United States,2023,1.0,CH-47F Chinook,transport helicopter,1.0,2025,New,,20.0,20.0,20.0
Spain,United States,2022,88.0,AIM-120D AMRAAM,long-range air-to-air missile,20.0,2025,New,EUR200 m deal; AIM-120C7 version,0.8,70.4,16.0
Spain,United States,2021,271.0,M-982 Excalibur,guided shell,271.0,2022; 2023,New,,0.04,10.84,10.84
Spain,United States,2023,8.0,MH-60R Seahawk,anti-submarine helicopter,,,New,EUR821 m deal; delivery planned 2026-2027,16.5,132.0,0.0
Spain,United States,2015,2.0,S-70 Black Hawk,transport helicopter,2.0,2017; 2018,Second hand but modernized,Second-hand SH-60F ASW version modified to transport version before delivery; EUR40 m deal; Spanish designation HT-23,4.79,9.57,9.57
Spain,United States,2018,2.0,S-70 Black Hawk,transport helicopter,2.0,2022,Second hand,Second-hand SH-60F ASW version modified to transport version before delivery,2.9,5.8,5.8
Spain,United States,2015,19.0,ESSM Block-1,surface-to-air missile,19.0,2020,New,,0.4,7.6,7.6
Spain,United States,2016,4.0,MQ-9 Reaper,armed drone,4.0,2019; 2020,New,EUR158-161 m deal; incl for ASW; Spanish designation NR.05,7.5,30.0,30.0
Spain,United States,2019,2.0,S-70 Black Hawk,transport helicopter,2.0,2025,Second hand but modernized,Second-hand SH-60F ASW version modified to transport version before delivery; EUR36 m deal,4.79,9.57,9.57
Spain,United States,2019,5.0,SPY-7,air-search radar,,,New,For 5 F-110 (Bonifaz) frigates produced in Spain; SPY-7(V)2 version,0.0,0.0,0.0
Spain,United States,2019,5.0,Mk-41 VLS,naval surface-to-air missile system,,,New,For 5 F-110 (Bonifaz) frigates produced in Spain,20.0,100.0,0.0
Spain,United States,2019,5.0,LM-2500,gas turbine,,,New,For 5 F-110 (Bonifaz) frigates produced in Spain,7.0,35.0,0.0
Spain,United States,2023,68.0,AIM-120D AMRAAM,long-range air-to-air missile,,,New,AIM-120C-8 version,0.8,54.4,0.0
Spain,United States,1996,10.0,ship engine,ship engine,10.0,2002; 2003; 2004; 2006; 2012,New,Caterpillar (6120hp) diesel engine for 5 De Bazan (F-100) frigates produced in Spain; produced under licence in Spain,2.5,25.0,25.0
Spain,United States,1994,4.0,ship engine,ship engine,2.0,2000,New,Caterpillar-3612 (6250hp) diesel engine for 2 Galicia amphibious assault ships produced in Spain; produced under licence in Spain,2.5,10.0,5.0
Spain,United States,2024,51.0,MIM-104 PAC-3 MSE,anti-ballistic missile missile,,,New,For Patriot Configuration-3 air-defence systems,1.5,76.5,0.0
Spain,United States,2007,36.0,SM-2MR,surface-to-air missile,36.0,2009,New,$63 m deal; SM-2 Block-3B version; for De Bazan (F-100) frigates,0.3,10.8,10.8
Spain,United States,2009,1000.0,BGM-71 TOW,anti-tank missile,1000.0,2009,New,,0.01,10.0,10.0
Spain,United States,2006,40.0,JDAM,guided bomb,40.0,2007,New,,0.02,0.8,0.8
Spain,United States,1999,5.0,Mk-45 127mm,naval gun,5.0,2002; 2003; 2004; 2006; 2012,Second hand but modernized,Second-hand but modernized before delivery; Mk-45 Mod-2 version for 5 De Bazan (F-100) frigates produced in Spain,3.47,17.33,17.33
Spain,United States,2008,325.0,ESSM Block-1,surface-to-air missile,325.0,2009; 2011; 2012; 2013; 2014; 2015; 2018; 2019,New,For Alvaro De Bazan (F-100) frigates; incl production of components in Spain (as part of NATO Sea Sparrow Consortium),0.4,130.0,130.0
Spain,United States,1996,5.0,DE-1160,anti-submarine sonar,5.0,2002; 2003; 2004; 2006; 2012,New,DE-1160LF version (possibly older Spanish DE-1160B modernized to DE-1160F) for 5 De Bazan (F-100) frigates produced in Spain,5.0,25.0,25.0
Spain,United States,2018,17.0,CH-47F Chinook,transport helicopter,17.0,2021; 2022; 2023; 2024,New,EUR1.1 b deal; Spanish CH-47D rebuilt to CH-47F version; designated HT.17 in Spain,20.0,340.0,340.0
Spain,United States,2000,5.0,AV-8B Harrier-2 Plus,fighter/ground-attack aircraft,5.0,2002; 2003; 2004,New,Spanish AV-8B rebuilt to AV8B Plus,22.0,110.0,110.0
Spain,United States,2014,14.0,MaxxPro,armoured personnel carrier,14.0,2016,Second hand,Second-hand; recovery vehicle version,0.13,1.79,1.79
Spain,United States,2016,50.0,JDAM,guided bomb,50.0,2018,New,,0.02,1.0,1.0
Spain,United States,2000,30.0,Harpoon Block-1,anti-ship missile,30.0,2001; 2004,New,Incl AGM-84 version,0.9,27.0,27.0
Spain,United States,2024,4.0,Patriot Configuration-3,surface-to-air missile system,,,New,EUR2.4 b deal; delivery planned 2029-2030,55.0,220.0,0.0
Spain,United States,2002,29.0,SM-2MR,surface-to-air missile,29.0,2006; 2007,New,$29 m deal; SM-2 Block-3A version; for De Bazan (F-100) frigates,0.3,8.7,8.7
Spain,United States,2002,400.0,BGM-71F TOW-2B,anti-tank missile,400.0,2003; 2004,New,Part of $52 m deal; TOW-2A/TOW-2B version,0.02,8.0,8.0
Spain,United States,2002,31.0,AIM-120C AMRAAM,long-range air-to-air missile,31.0,2004,New,$21 m deal; for F/A-18 combat aircraft,0.6,18.6,18.6
Spain,United States,2024,,MIM-104 PAC-2,surface-to-air missile,,,New,Patriot GEM-T version; for Patriot configuration-3 air-defence systems,1.0,0.0,0.0
Spain,United States,2000,6.0,SH-60B Seahawk,anti-submarine helicopter,6.0,2002; 2003,New,Part of $77 m deal; SH-60B Block-1 version; Spanish designation HS-23,17.0,102.0,102.0
Spain,United States,1999,44.0,AGM-65 Maverick,air-to-surface missile,44.0,2001,New,For AV-8B combat aircraft,0.15,6.6,6.6
Spain,United States,1996,200.0,AIM-120A AMRAAM,long-range air-to-air missile,100.0,2000,New,,0.4,80.0,40.0
Spain,United States,2017,4.0,AIM-120C AMRAAM,long-range air-to-air missile,4.0,2019,New,,0.6,2.4,2.4
Spain,United States,1998,100.0,AIM-120A AMRAAM,long-range air-to-air missile,100.0,2000; 2001,New,$52 m deal; AIM-120B version; for AV-8B combat aircraft,0.4,40.0,40.0
Spain,United States,2023,,AGM-114 Hellfire-2,anti-tank/air-to-surface missile,,,New,EUR13.4 m deal; for MQ-9 Reaper,0.05,0.0,0.0
Spain,United States,2018,10.0,SM-2MR,surface-to-air missile,10.0,2024,New,EUR26 m deal; SM-2 Block-3B version; for F-100 (Alvaro de Bazan) frigates,0.3,3.0,3.0
Spain,United States,2000,100.0,AIM-120A AMRAAM,long-range air-to-air missile,100.0,2002; 2003,New,For NASAMS SAM systems from Norway,0.4,40.0,40.0
Spain,United States,2000,4.0,MPQ-64 Sentinel,air-search radar,4.0,2002; 2003,New,For 4 NASAMS SAM systems from Norway,5.0,20.0,20.0
Spain,United States,1998,80.0,SM-2MR,surface-to-air missile,80.0,2001; 2002,New,Part of $105 m deal; SM-2 Block-3A version; for De Bazan (F-100) frigates,0.3,24.0,24.0
Spain,United States,1999,1.0,AV-8B Harrier-2,fighter/ground-attack aircraft,1.0,2000,New,Second-hand AV-8B rebuilt to TAV-8B before delivery,20.0,20.0,20.0
Spain,United States,1996,10.0,SPG-62,fire-control radar,10.0,2002; 2003; 2004; 2006; 2012,New,For use with Standard and ESSM SAM on 5 De Bazan (F-100) frigates produced in Spain,4.5,45.0,45.0
Spain,United States,2017,2.0,S-70 Black Hawk,transport helicopter,2.0,2021,Second hand but modernized,Second-hand SH-60F ASW version modified to transport version before delivery,4.79,9.57,9.57
Spain,United States,2023,32.0,AGM-114 Hellfire-2,anti-tank/air-to-surface missile,,,New,For MH-60R helicopters,0.05,1.6,0.0
Spain,United States,2021,30.0,Mk-54 LWT,anti-submarine torpedo,,,New,EUR50 m deal; for F-110 (Bonifaz) frigates,0.5,15.0,0.0
Spain,United States,2024,1.0,MPQ-64 Sentinel,air-search radar,,,New,For 1 NASAMS SAM system from Norway,5.0,5.0,0.0
Spain,United States,2024,,SM-2MR,surface-to-air missile,,,New,EUR28 m deal; SM-2 Block-3A/B version; for F-110 (Bonifaz) frigates,0.3,0.0,0.0
Spain,United States,2022,4.0,aircraft engine,aircraft engine,,,New,General Electric T-700-GE-401C (1900hp) turboshaft engine; spare engines for MH-60R anti-submarine helicopters,0.5,2.0,0.0
Spain,United States,1995,24.0,F/A-18A Hornet,fighter/ground-attack aircraft,3.0,2000,Second hand but modernized,Second-hand; $288 m deal; modernized to F/A-18A+ (EF-18A+) before delivery; option on 6 more not used; Spanish designation C-15,19.8,475.2,59.4
Spain,United States,1996,4.0,SPY-1F,air-search radar,4.0,2002; 2003; 2004; 2006,New,Part of $750 m deal; for 4 De Bazn (F-100) frigates produced in Spain,20.0,80.0,80.0
Spain,United States,1996,4.0,Mk-41 VLS,naval surface-to-air missile system,4.0,2002; 2003; 2004; 2006,New,For 4 De Bazan destroyers produced in Spain,20.0,80.0,80.0
Spain,United States,2006,1.0,Mk-41 VLS,naval surface-to-air missile system,1.0,2012,New,For 1 De Bazan destroyer produced in Spain,20.0,20.0,20.0
Spain,United States,1996,10.0,LM-2500,gas turbine,10.0,2002; 2003; 2004; 2006; 2012,New,For 5 De Bazan (F-100) frigates produced in Spain,7.0,70.0,70.0
Spain,United States,1997,100.0,AIM-7P Sparrow,long-range air-to-air missile,50.0,2000,New,For F/A-18A combat aircraft,0.2,20.0,10.0
Sri Lanka,United States,2021,1.0,Bell-206,light helicopter,1.0,2022,Second hand,Second-hand; Bell-206B-3 version,0.28,0.28,0.28
Sri Lanka,United States,2024,10.0,Bell-206,light helicopter,,,Second hand,Second-hand; aid; TH-57C version; delivery planned 2026,0.28,2.8,0.0
Sri Lanka,United States,2000,1.0,King Air HISAR,ground surveillance aircraft,1.0,2002,New,For use against LTTE rebels,9.0,9.0,9.0
Sri Lanka,United States,2021,1.0,Hamilton,patrol ship,1.0,2021,Second hand,Second-hand; aid,54.0,54.0,54.0
Sri Lanka,United States,2022,1.0,King Air Maritime,maritime patrol aircraft,1.0,2024,New,Aid; King Air-360ER version,7.5,7.5,7.5
Sri Lanka,United States,2018,1.0,Hamilton,patrol ship,1.0,2018,Second hand,Second-hand; aid,54.0,54.0,54.0
Sri Lanka,United States,2005,1.0,HF SWR-503,sea-search radar,1.0,2007,New,Aid against LTTE rebels,5.0,5.0,5.0
Sri Lanka,United States,2004,1.0,Reliance,patrol ship,1.0,2005,Second hand,Second-hand; aid; designated Samudura in Sri Lanka,6.0,6.0,6.0
Sri Lanka,United States,2010,2.0,Bell-412,helicopter,2.0,2011,New,,5.0,10.0,10.0
Sri Lanka,United States,2000,2.0,Bell-412,helicopter,2.0,2000,New,$9 m deal; incl for VIP transport; Bell-412EP version; from Canadian production line,5.0,10.0,10.0
Sri Lanka,United States,2025,2.0,C-130H Hercules,transport aircraft,,,Second hand,Second-hand; aid (probably incl financed by aid from Australia); delivery planned 2026-2027,11.2,22.4,0.0
Sri Lanka,United States,2024,1.0,Reliance,patrol ship,1.0,2025,Second hand,Second-hand,6.0,6.0,6.0
Sri Lanka,United States,2000,2.0,TPQ-36 Firefinder,artillery locating radar,2.0,2003; 2004,New,$22 m deal,3.0,6.0,6.0
Sweden,United States,2025,4.0,TPY-4,air-search radar,,,New,$104 m deal; delivery planned from 2027,15.0,60.0,0.0
Sweden,United States,1995,20.0,ship engine,ship engine,20.0,2006; 2008,New,TF-50A (5440hp) gas turbine for 5 Visby corvettes produced in Sweden,1.5,30.0,30.0
Sweden,United States,2025,5.0,Pelican,reconnaissance satellite,,,New,Selected 2025 but not yet ordered by end-2025; designation uncertain (reported as 'optiocal satellite'); delivery planned 2026-2028,0.0,0.0,0.0
Sweden,United States,2025,8.0,V-2500,turbofan,,,New,For 4 C-390 transport aircraft from Brazil,3.0,24.0,0.0
Sweden,United States,2015,4.0,APS-143(V),maritime patrol aircraft radar,4.0,2021; 2022; 2023,New,For 4 NH-90 transport helicopters modified to ASW version,2.5,10.0,10.0
Sweden,United States,2010,8.0,RQ-7 Shadow-200,reconnaissance drone,8.0,2011,New,$31 m deal (part of $77 m deal incl 3-year training and support by Swedish company); Swedish designation AUV-3,0.1,0.8,0.8
Sweden,United States,2011,53.0,GBU-39 SDB,guided glide bomb,53.0,2016,New,,0.02,1.06,1.06
Sweden,United States,2010,48.0,LCR-2020,air/sea-search radar,48.0,2011; 2012,New,Part of 'REMO-870 programme; Swedish designation PS-640; incl for coast guard and other civilian government agencies,5.0,240.0,240.0
Sweden,United States,1994,210.0,FJ-44-1,turbofan,40.0,2000,New,FJ-44-1C version for modernization of 105 Saab-105 (Sk-60) trainer aircraft; produced under licence in Sweden as RM-15,0.5,105.0,20.0
Sweden,United States,1982,190.0,F-404,turbofan,103.0,2000; 2001; 2002; 2003; 2004; 2005; 2006; 2007,New,For JAS-39 Gripen combat aircraft produced in Sweden; F-404-GE-400 version; produced under licence in Sweden as RM-12,2.2,418.0,226.6
Sweden,United States,2002,5.0,APS-143(V),maritime patrol aircraft radar,5.0,2016; 2017,New,$7.6 m deal; for 5 NH-90 ASW helicopters,2.5,12.5,12.5
Sweden,United States,2004,53.0,AIM-120C AMRAAM,long-range air-to-air missile,53.0,2005,New,Part of $53 m deal; AIM-120C-5 version,0.6,31.8,31.8
Sweden,United States,2002,400.0,Paveway,guided bomb,400.0,2006; 2007; 2008; 2009,New,GBU-12 Paveway-2 version,0.02,8.0,8.0
Sweden,United States,2023,250.0,AIM-120C AMRAAM,long-range air-to-air missile,,,New,$605 m deal; for JAS-39 combat aircraft; AIM-120C-8 version,0.6,150.0,0.0
Sweden,United States,2018,4.0,Patriot Configuration-3,surface-to-air missile system,4.0,2021; 2022,New,Swedish designation EldE-103,55.0,220.0,220.0
Sweden,United States,2018,200.0,MIM-104 PAC-3 MSE,anti-ballistic missile missile,200.0,2021; 2022; 2023; 2024; 2025,New,For Patriot air-defence systems; designated Rb-103b by Sweden,1.5,300.0,300.0
Sweden,United States,2018,100.0,MIM-104 PAC-2,surface-to-air missile,94.0,2021; 2022; 2023; 2024; 2025,New,MIM-104E GEM-T version; for Patriot air-defence systems; designated Rb-103a by Sweden,1.0,100.0,94.0
Sweden,United States,2024,80.0,MIM-104 PAC-2,surface-to-air missile,,,New,MIM-104E GEM-T version; for Patriot air-defence systems; designated Rb-103a by Sweden,1.0,80.0,0.0
Sweden,United States,2011,15.0,S-70 Black Hawk,transport helicopter,15.0,2011; 2012; 2013,New,$207 m deal; UH-60M version; Swedish designation Hkp-16A,7.25,108.75,108.75
Sweden,United States,2024,12.0,S-70 Black Hawk,transport helicopter,,,New,UH-60M version,7.25,87.0,0.0
Sweden,United States,2013,60.0,F414,turbofan,4.0,2025,New,F-414-GE-39E version; for 60 Gripen-E combat aircraft produced in Sweden,2.5,150.0,10.0
Switzerland,United States,2023,72.0,MIM-104 PAC-3 MSE,anti-ballistic missile missile,,,New,For Patriot air-defence systems; delivery planned 2030-2031,1.5,108.0,0.0
Switzerland,United States,2021,5.0,Patriot Configuration-3,surface-to-air missile system,,,New,CHF2 b 'Bodluv GR' programme; Patriot Configuration-3+ version,55.0,275.0,0.0
Switzerland,United States,2021,70.0,MIM-104 PAC-2,surface-to-air missile,,,New,GEM-T version; for Patriot Configuration-3 air-defence systems,1.0,70.0,0.0
Switzerland,United States,2012,1.0,Centaur,light aircraft/reconnaissance drone,1.0,2012,New,For testing of sensors and UAV technologies,0.5,0.5,0.5
Switzerland,United States,2007,20.0,ASQ-228 ATFLIR,aircraft electro-optical system,20.0,2010; 2011,New,For modernization of F/A-18C combat aircraft,1.1,22.0,22.0
Switzerland,United States,2004,100.0,AIM-9X Sidewinder,long-range air-to-air missile,100.0,2007; 2008; 2009; 2010,New,Probably CHF104 m ($80 m) deal (offsets 100%); for F/A-18C combat aircraft,0.18,18.0,18.0
Switzerland,United States,2009,12.0,vehicle engine,vehicle engine,12.0,2010; 2011; 2012,New,Caterpillar C-9 (400hp) diesel engine for 12 Piranha-3C armoured personnel carriers produced in Switzerland,0.05,0.6,0.6
Switzerland,United States,2003,24.0,PSTAR-ER,air-search radar,24.0,2004,New,$24 m deal,0.75,18.0,18.0
Switzerland,United States,2013,150.0,AIM-120C AMRAAM,long-range air-to-air missile,150.0,2016; 2022; 2023,New,AIM-120C-7 version,0.6,90.0,90.0
Switzerland,United States,2024,87.0,AIM-9X Sidewinder,long-range air-to-air missile,,,New,,0.18,15.66,0.0
Switzerland,United States,2021,36.0,F-35A Lightning-2,fighter/ground-attack aircraft,,,New,CHF6 b ($6.2 b) 'Air-2030 Neues Kampfflugzeug' programme (incl CHF2.9 b offsets); incl up to 28 from production line in Italy; incl 28 selected but not yet ordered by end-2025; delivery planned 2027-2030,55.0,1980.0,0.0
Syria rebels*,United States,2017,2.0,BearCat,armoured personnel carrier,2.0,2017,New,Aid,0.15,0.3,0.3
Taiwan,United States,1996,300.0,M-60A3,tank,82.0,2000; 2001; 2002,Second hand,Second-hand; $223 m deal; M-60A3TTS version,0.84,252.0,68.88
Taiwan,United States,2025,,Altius-600,loitering munition,291.0,2025,New,,0.06,0.0,17.46
Taiwan,United States,2005,5.0,AIM-7M Sparrow,long-range air-to-air missile,5.0,2007,New,Part of $280 m deal; for training in USA,0.18,0.9,0.9
Taiwan,United States,2005,10.0,AIM-9M Sidewinder,short-range air-to-air missile,10.0,2006,New,Part of $280 m deal; for training in USA,0.12,1.2,1.2
Taiwan,United States,1998,28.0,AAQ-14 LANTIRN,aircraft electro-optical system,28.0,2000; 2001,New,Part of $106 m deal; AN/AAQ-19 Sharpshooter version; for F-16 combat aircraft,1.0,28.0,28.0
Taiwan,United States,2016,36.0,AAV-7A1,armoured personnel carrier,36.0,2020; 2021,New,TWD5.8 b ($180 m) deal; second-hand AAV-7A1 rebuilt to AAV-7A1RAM/RS before delivery; incl 2 command post and 2 ARV versions,1.0,36.0,36.0
Taiwan,United States,2010,9.0,aircraft engine,aircraft engine,9.0,2013; 2014,New,General Electric T-700-701D (2215hp) turboshaft engine; spares for AH-64E combat helicopters,0.75,6.75,6.75
Taiwan,United States,2021,6.0,DB-110,aircraft reconnaissance system,6.0,2022; 2023; 2024; 2025,New,TWD9.6 b ($343 m) deal; MS-110 version; for use on F-16 combat aircraft,4.0,24.0,24.0
Taiwan,United States,2019,108.0,M-1A2 Abrams,tank,80.0,2022; 2024; 2025,New,M-1A2T version; delivery planned 2022-2026,4.5,486.0,360.0
Taiwan,United States,2018,18.0,AAQ-33 Sniper ATP,aircraft electro-optical system,18.0,2020; 2021; 2022; 2023,New,$84 m deal; for modernized F-16 combat aircraft,1.0,18.0,18.0
Taiwan,United States,2017,16.0,SM-2MR,surface-to-air missile,16.0,2020; 2021,New,,0.3,4.8,4.8
Taiwan,United States,2021,11.0,HIMARS,multiple rocket launcher,11.0,2024,New,$346 m deal; delivery planned 2024-2025,2.2,24.2,24.2
Taiwan,United States,2023,864.0,GMLRS,guided rocket,,,New,For HIMARS multiple rocket launchers,0.08,69.12,0.0
Taiwan,United States,2006,683.0,vehicle engine,vehicle engine,683.0,2006; 2007; 2008; 2009; 2010; 2011; 2012; 2013; 2014; 2015; 2016; 2017; 2018; 2019; 2020; 2021; 2022; 2023,New,Caterpillar C-9 or C-12 (410-450hp) diesel engine for 378 CM-32 armoured personnel carriers and 305 CM-34 infantry fighting vehicles produced in Taiwan,0.08,54.64,54.64
Taiwan,United States,1982,131.0,APG-67,combat aircraft radar,2.0,2000,New,Incl production under licence in Taiwan; for 131 F-CK-1 (Ching Kuo) combat aircraft produced in Taiwan; Taiwanese designation Golden Dragon-53,2.5,327.5,5.0
Taiwan,United States,2021,25.0,HCDS,coastal defence system,3.0,2024; 2025,New,$1.4 b deal; delivery planned by 2028,10.0,250.0,30.0
Taiwan,United States,2018,460.0,BGM-71F TOW-2B,anti-tank missile,460.0,2024,New,TWD3.8 b ($130 m) deal,0.02,9.2,9.2
Taiwan,United States,2019,400.0,FGM-148 Javelin,anti-tank missile,400.0,2023; 2024,New,TWS3.2 b ($112 m) deal (deal incl also 42-46 launchers),0.03,12.0,12.0
Taiwan,United States,2019,1240.0,BGM-71F TOW-2B,anti-tank missile,1240.0,2024,New,TWD7.5 b ($256 m) deal,0.02,24.8,24.8
Taiwan,United States,2008,60.0,Harpoon Block-2,anti-ship/land-attack missile,60.0,2010; 2011; 2012,New,$90 m deal; AGM-84L version; for F-16 combat aircraft,1.0,60.0,60.0
Taiwan,United States,2021,400.0,Harpoon Block-2,anti-ship/land-attack missile,60.0,2024; 2025,New,Part of $1.4b deal for HCDS coastal defence systems; RGM-84L-4 version,1.0,400.0,60.0
Taiwan,United States,1999,58.0,Harpoon Block-1,anti-ship missile,14.0,2000,New,$101 m deal; AGM-84 version (possibly Block-2 CTS version with land-attack capability); for F-16 combat aircraft,0.9,52.2,12.6
Taiwan,United States,1997,54.0,Harpoon Block-1,anti-ship missile,26.0,2000,New,$95 m deal,0.9,48.6,23.4
Taiwan,United States,2001,71.0,Harpoon Block-1,anti-ship missile,71.0,2002,New,,0.9,63.9,63.9
Taiwan,United States,2008,32.0,Harpoon Block-2,anti-ship/land-attack missile,32.0,2013; 2014; 2015; 2016,New,UGM-84L version for Zwaardvis (Hai Lung) submarines,1.0,32.0,32.0
Taiwan,United States,2003,22.0,Harpoon Block-2,anti-ship/land-attack missile,22.0,2005; 2006,New,RGM-84L version; for Kidd (Keelung) destroyers,1.0,22.0,22.0
Taiwan,United States,2022,135.0,AGM-84H SLAM-ER,air-to-surface missile,,,New,For F-16 combat aircraft,1.25,168.75,0.0
Taiwan,United States,2018,168.0,Mk-54 LWT,anti-submarine torpedo,168.0,2020; 2021; 2022,New,Mk-46 Mod-5 torpedoes rebuilt to Mk-54 Mod-1,0.5,84.0,84.0
Taiwan,United States,2022,4.0,MQ-9 Reaper,reconnaissance drone,,,New,TWD17 b ($546 m) deal; MQ-9B SeaGuardian martime patrol version; delivery planned 2026-2027,6.5,26.0,0.0
Taiwan,United States,2020,18.0,Mk-48 Mod-5 ADCAP,anti-ship/anti-submarine torpedo,,,New,Mk-48 Mod-6 or Mod-7 version; for Zwaardvis (Hai Lung) and/or new Taiwanese-produced submarines; delivery planned by 2026,1.6,28.8,0.0
Taiwan,United States,2017,50.0,AGM-154 JSOW,guided glide bomb,,,New,For F-16 combat aircraft; delivery planned by 2028,0.1,5.0,0.0
Taiwan,United States,2021,84.0,ATACMS Block-1A,surface-to-surface missile,64.0,2024; 2025,New,For HIMARS MRL,2.0,168.0,128.0
Taiwan,United States,2024,55.0,Legion,aircraft electro-optical system,,,New,Part of $329 m deal; Legion-ES version; for F-16V combat aircraft; dlivery planned by 2031,0.0,0.0,0.0
Taiwan,United States,2022,60.0,Harpoon Block-2,anti-ship/land-attack missile,,,New,AGM-84L-1 version; for F-16 combat aircraft,1.0,60.0,0.0
Taiwan,United States,1999,1.0,Anchorage,amphibious assault ship,1.0,2000,Second hand,Second-hand; Taiwanese designation Shui Hai,50.48,50.48,50.48
Taiwan,United States,2020,50.0,AGM-88F HCSM,anti-radar missile,30.0,2023; 2024; 2025,New,Second-hand AGM-88B missiles rebuilt to AGM-88F HCSM; delivery probably planned by 2027,0.4,20.0,12.0
Taiwan,United States,1997,11.0,SH-60B Seahawk,anti-submarine helicopter,11.0,2000; 2001,New,S-70C(M)-2 Thunderhawk version,17.0,187.0,187.0
Taiwan,United States,1987,300.0,F-125,turbofan,15.0,2000; 2001,New,'Yun Han' (Cloud Man) deal; produced under licence in Taiwan; for 131 F-CK-1 (Ching Kuo) combat aircraft produced in Taiwan; TFE-1042-70 version,1.25,375.0,18.75
Taiwan,United States,2009,235.0,AGM-65 Maverick,air-to-surface missile,235.0,2011; 2012,New,AIM-65G2 version,0.15,35.25,35.25
Taiwan,United States,2008,144.0,SM-2MR,surface-to-air missile,144.0,2010; 2011; 2012,New,SM-2 Block-3A version,0.3,43.2,43.2
Taiwan,United States,2009,182.0,FGM-148 Javelin,anti-tank missile,182.0,2011,New,$21-29 m deal,0.03,5.46,5.46
Taiwan,United States,2004,50.0,Paveway,guided bomb,50.0,2005,New,,0.02,1.0,1.0
Taiwan,United States,2009,25.0,Stinger,portable surface-to-air missile,25.0,2012,New,$9.9 m deal; Stinger Block-1 version,0.08,2.0,2.0
Taiwan,United States,2000,204.0,SM-1MR,surface-to-air missile,204.0,2001,New,Possibly Second-hand; for Perry (Cheng Kung) frigates,0.25,51.0,51.0
Taiwan,United States,1999,13.0,OH-58D,combat helicopter,12.0,2000; 2001,New,Assembled in Taiwan,3.0,39.0,36.0
Taiwan,United States,2009,4.0,Patriot Configuration-3,surface-to-air missile system,4.0,2014; 2015,New,$1.1 b deal (incl $134 m for spares; part of $3.2 b deal),55.0,220.0,220.0
Taiwan,United States,2012,45.0,S-70 Black Hawk,transport helicopter,45.0,2014; 2015; 2016; 2017; 2018; 2019,New,UH-60M version,7.25,326.25,326.25
Taiwan,United States,2007,2.0,Osprey,minehunter,2.0,2012,Second hand but modernized,Second-hand but modernized before delivery; $30 m deal; Taiwanese designation Yung Jin,35.81,71.62,71.62
Taiwan,United States,2007,218.0,AIM-120C AMRAAM,long-range air-to-air missile,218.0,2013; 2014,New,,0.6,130.8,130.8
Taiwan,United States,2010,17.0,APG-78 Longbow,combat helicopter radar,17.0,2012; 2013; 2014,New,For AH-64E combat helicopters,3.0,51.0,51.0
Taiwan,United States,2017,250.0,Stinger,portable surface-to-air missile,,,New,NTD6.2 b deal; Stinger Block-1-92 version; incl for use on Tuo Jiang corvettes and Guang Hua-4 missile boats; delivery planned 2026 (delayed from 2018),0.08,20.0,0.0
Taiwan,United States,2018,28.0,Mk-48 Mod-5 ADCAP,anti-ship/anti-submarine torpedo,,,New,Mk-48 Mod-6 or Mod-7 version; for Zwaardvis (Hai Lung) and/or new Taiwanese-produced submarines; delivery planned 2027-28 (delayed from 2026),1.6,44.8,0.0
Taiwan,United States,2003,54.0,AAV-7A1,armoured personnel carrier,54.0,2005; 2006,New,$64-156 m deal; second-hand AAV-7A1 rebuilt to AAV-7A1RAM/RS; incl 4 command post and 2 ARV versions,1.0,54.0,54.0
Taiwan,United States,2017,132.0,F-125,turbofan,54.0,2021; 2022; 2023,New,For 66 AT-5 trainer/combat aircraft produced in Taiwan,1.25,165.0,67.5
Taiwan,United States,2009,3.0,Patriot Configuration-3,surface-to-air missile system,3.0,2011; 2012,New,$600 m deal; Taiwanese Patriot SAM systems rebuilt to Patriot-3 version,55.0,165.0,165.0
Taiwan,United States,2009,264.0,MIM-104 PAC-3,anti-ballistic missile missile,264.0,2011; 2012; 2013; 2014,New,Part of $3.2 b deal for Patriot air-defence systems,0.8,211.2,211.2
Taiwan,United States,2015,2.0,AAQ-33 Sniper ATP,aircraft electro-optical system,2.0,2019,New,For modernized F-16 combat aircraft,1.0,2.0,2.0
Taiwan,United States,2016,13.0,Mk-15 Phalanx,naval gun,8.0,2021; 2023; 2024,New,Probably incl for 11 Tuo Jiang corvettes and 1 Yushun amphibious assault ship produced in Taiwan,7.0,91.0,56.0
Taiwan,United States,2019,14.0,M-88A2 HERCULES,armoured recovery vehicle,8.0,2024; 2025,New,,2.0,28.0,16.0
Taiwan,United States,2022,100.0,AIM-9X Sidewinder,long-range air-to-air missile,,,New,Aim-9X Block-2; delivery planned by 2030,0.18,18.0,0.0
Taiwan,United States,2016,40.0,AIM-9X Sidewinder,long-range air-to-air missile,40.0,2018; 2019,New,,0.18,7.2,7.2
Taiwan,United States,2023,460.0,vehicle engine,vehicle engine,,,New,NTD7.2 b ($240 m) deal; Renk America AVDS-1790-8CR (1050hp) diesel engine for modernization of 460 Taiwanese M-60A3 tanks; delivery planned by 2028,0.16,73.6,0.0
Taiwan,United States,2003,182.0,AIM-9M Sidewinder,short-range air-to-air missile,182.0,2005; 2006,New,$17 m deal; AIM-9M-2 version,0.12,21.84,21.84
Taiwan,United States,1998,28.0,AAQ-20 Pathfinder,aircraft electro-optical system,28.0,2000; 2001,New,Part of $106 m deal; for F-16 combat aircraft,0.3,8.4,8.4
Taiwan,United States,2025,60.0,M-109A7 155mm,self-propelled gun,,,New,Selected but not yet ordered by end-2025,0.0,0.0,0.0
Taiwan,United States,2011,4.0,S-70 Black Hawk,transport helicopter,4.0,2014,New,UH-60M version; $49 m deal,7.25,29.0,29.0
Taiwan,United States,2015,2.0,Perry,frigate,2.0,2017,Second hand but modernized,Second-hand but modernized before delivery; $175-190 m deal,198.0,396.0,396.0
Taiwan,United States,1997,21.0,AH-1W SuperCobra,combat helicopter,21.0,2000; 2001; 2002,New,$479 m deal,11.5,241.5,241.5
Taiwan,United States,2004,449.0,AGM-114 Hellfire-2,anti-tank/air-to-surface missile,449.0,2007; 2008,New,Part of $50 m deal; AGM-114M3 version,0.05,22.45,22.45
Taiwan,United States,2010,1000.0,AGM-114 Hellfire-2,anti-tank/air-to-surface missile,1000.0,2012; 2013; 2014,New,AGM-114L version; for AH-64E combat helicopters,0.05,50.0,50.0
Taiwan,United States,1989,8.0,Perry,frigate,1.0,2004,New,'Kwang Hua-1' project; order for last 1 delayed from 1997 to 2001 for financial reasons; produced under licence in Taiwan as Cheng Kung,300.0,2400.0,300.0
Taiwan,United States,2019,250.0,Stinger,portable surface-to-air missile,250.0,2023; 2025,New,NTD7.3 b deal; Stinger Block-1-92F version,0.08,20.0,20.0
Taiwan,United States,1999,20.0,AAQ-14 LANTIRN,aircraft electro-optical system,20.0,2000; 2001,New,AN/AAQ-19 Sharpshooter version,1.0,20.0,20.0
Taiwan,United States,2025,13.0,M-88A2 HERCULES,armoured recovery vehicle,,,New,Selected but not yet ordered by end-2025,2.0,26.0,0.0
Taiwan,United States,2025,60.0,M-992 FAASV,armoured supply vehicle,,,New,Selected but not yet ordered by end-2025,0.45,27.0,0.0
Taiwan,United States,2025,28.0,HIMARS,multiple rocket launcher,,,New,Selected but not yet ordered by end-2025,2.2,61.6,0.0
Taiwan,United States,2025,2121.0,Stinger,portable surface-to-air missile,,,New,USD359 m deal; delivery planned by 2031,0.08,169.68,0.0
Taiwan,United States,1999,9.0,CH-47D Chinook,transport helicopter,9.0,2002; 2003,New,$300-486 m deal; CH-47SD version,18.0,162.0,162.0
Taiwan,United States,1998,728.0,Stinger,portable surface-to-air missile,728.0,2000; 2001,New,$180 m deal (incl 61 launchers),0.08,58.24,58.24
Taiwan,United States,2010,122.0,MIM-104 PAC-3,anti-ballistic missile missile,122.0,2013; 2014; 2015,New,For Patriot air-defence systems,0.8,97.6,97.6
Taiwan,United States,1998,90.0,Mk-46 Mod-5 NEARTIP,anti-submarine torpedo,90.0,2000,New,,0.35,31.5,31.5
Taiwan,United States,1999,41.0,Mk-46 Mod-5 NEARTIP,anti-submarine torpedo,41.0,2001,New,$8.4 m deal,0.35,14.35,14.35
Taiwan,United States,1999,240.0,AGM-114 Hellfire-2,anti-tank/air-to-surface missile,240.0,2001,New,$23 m deal; AGM-114K3 version,0.05,12.0,12.0
Taiwan,United States,1999,2.0,E-2C Hawkeye-2000,airborne early-warning aircraft,2.0,2005,New,$400 m deal; E-2T/Hawkeye-2000 version,80.0,160.0,160.0
Taiwan,United States,2000,120.0,AIM-120C AMRAAM,long-range air-to-air missile,120.0,2001; 2002; 2003,New,$150 m deal; for F-16 combat aircraft; stored in USA until 2003 when delivered to Taiwan after China introduced similar AA-12 missiles in 2002/2003,0.6,72.0,72.0
Taiwan,United States,2002,360.0,FGM-148 Javelin,anti-tank missile,360.0,2005,New,$51 m deal (incl 40 launchers),0.03,10.8,10.8
Taiwan,United States,2001,40.0,AGM-65 Maverick,air-to-surface missile,40.0,2003,New,$18 m deal; AGM-65G version; for F-16 combat aircraft,0.15,6.0,6.0
Taiwan,United States,2003,4.0,Kidd,destroyer,4.0,2005; 2006,Second hand,Second-hand; $740 m deal; Taiwanese designation Keelung,180.0,720.0,720.0
Taiwan,United States,2002,11.0,TPS-77,air-search radar,11.0,2004; 2005; 2006,New,Incl 4 AN/TPS-117,11.0,121.0,121.0
Taiwan,United States,2000,302.0,MIM-72C Chaparral,surface-to-air missile,302.0,2000; 2005,New,Second-hand; MIM-72E/G/J versions,0.11,33.22,33.22
Taiwan,United States,2003,148.0,SM-2MR,surface-to-air missile,148.0,2005; 2006,New,SM-2MR Block-3A version; for Kidd (Keelung) destroyers,0.3,44.4,44.4
Taiwan,United States,2010,30.0,AH-64E Apache,combat helicopter,30.0,2012; 2013; 2014,New,$2 b deal,15.0,450.0,450.0
Taiwan,United States,2025,,TPS-70,air-search radar,,,New,TWD7.6 b ($230 m) deal; TPS-78 version; delivery planned by 2030,11.0,0.0,0.0
Taiwan,United States,2014,144.0,APG-83 SABR,combat aircraft radar,144.0,2019; 2020; 2021; 2022; 2023,New,For modernization of 136 F-16 combat aircraft in 'Phoenix Rising' programme,2.5,360.0,360.0
Taiwan,United States,2025,123.0,AMRAAM-ER,surface-to-air missile,,,New,For NASAMS air-defence systems,0.6,73.8,0.0
Taiwan,United States,2025,,TPS-77,air-search radar,,,New,TWD6.4 b ($190m) deal; delivery planned by 2030,11.0,0.0,0.0
Taiwan,United States,2025,3.0,MPQ-64 Sentinel,air-search radar,,,New,MPQ-64F1 version; for NASAMS SAM systems from Norway,5.0,15.0,0.0
Taiwan,United States,2011,1.0,Mk-15 Phalanx,naval gun,1.0,2014,New,For 1 Tuo Jiang corvette produced in Taiwan,7.0,7.0,7.0
Taiwan,United States,2005,1.0,FPS-115 Pave Paws,air-search radar,1.0,2013,New,Part of $1.4 b 'SRP' or 'Taiwan Surveillance Radar' programme,150.0,150.0,150.0
Taiwan,United States,2023,18.0,HIMARS,multiple rocket launcher,,,New,Delivery planned 2026,2.2,39.6,0.0
Taiwan,United States,1992,12.0,R-76,fire-control radar,6.0,2000,New,HR-76C5 version; for 12 Jin Chiang OPV/corvettes produced in Taiwan,2.38,28.56,14.28
Taiwan,United States,1997,1299.0,Stinger,portable surface-to-air missile,650.0,2000; 2001,New,Part of $420 m deal; for Avenger SAM systems,0.08,103.92,52.0
Taiwan,United States,1997,1786.0,BGM-71 TOW,anti-tank missile,1200.0,2000; 2001,New,Part of $81 m deal (incl 114 launchers); BGM-71E TOW-2A version,0.01,17.86,12.0
Taiwan,United States,2008,12.0,P-3CUP Orion,anti-submarine aircraft,12.0,2012; 2013; 2014; 2015,New,$664 m deal (offsets 70%); second-hand P-3C rebuilt to P-3CUP,75.0,900.0,900.0
Taiwan,United States,1999,3.0,Bolster,salvage ship,1.0,2000,Second hand,Second-hand; 'SAP' aid; Taiwanese designation Da Juen,8.0,24.0,8.0
Taiwan,United States,2009,171.0,Stinger,portable surface-to-air missile,171.0,2012; 2013; 2014,New,$45 m deal; for AH-64E combat helicopters,0.08,13.68,13.68
Taiwan,United States,2017,208.0,FGM-148 Javelin,anti-tank missile,208.0,2020,New,,0.03,6.24,6.24
Taiwan,United States,2019,66.0,F-16V Viper,fighter/ground-attack aircraft,,,New,TWD247 b ($8.2 b) deal; delivery planned 2026-2027,40.0,2640.0,0.0
Tanzania,United States,2023,4.0,aircraft engine,aircraft engine,,,New,Allison AE-2100D3 (5000hp) turboprop engine for 2 C-27J transport aircraft from Italy,1.5,6.0,0.0
Thailand,United States,2019,3.0,S-70 Black Hawk,transport helicopter,3.0,2020,Second hand,Second-hand; UH-60A version,2.6,7.8,7.8
Thailand,United States,2001,2.0,AQS-13F,anti-submarine sonar,2.0,2004,New,For 2 Super Lynx anti-submarine helicopters from United Kingdom,1.5,3.0,3.0
Thailand,United States,2004,3.0,SeaVue,maritime patrol aircraft radar,3.0,2005; 2006,New,For modernization of 3 P-3T ASW/MP aircraft,2.5,7.5,7.5
Thailand,United States,2001,4.0,aircraft engine,aircraft engine,4.0,2004,New,LHTEC CTS-800-4N (1270hp) turboshaft for 2 Super Lynx-300 anti-submarine helicopters from UK,0.5,2.0,2.0
Thailand,United States,2019,130.0,LAV-3,armoured personnel carrier,130.0,2019; 2020; 2022; 2023,Second hand,Second-hand; Stryker version (incl M-1126; M-1127; ambulance and M-1129 120mm mortar carrier versions),0.14,18.2,18.2
Thailand,United States,2015,14.0,ESSM Block-1,surface-to-air missile,14.0,2017; 2018,New,,0.4,5.6,5.6
Thailand,United States,2020,2.0,Cessna-208 Caravan,light transport aircraft,,,New,THB300 m ($10 m) deal; Cessna-208B version,1.0,2.0,0.0
Thailand,United States,2020,8.0,Harpoon Block-2,anti-ship/land-attack missile,,,New,Probably for DW-3000 (Bhumibol Adulyadej) frigate,1.0,8.0,0.0
Thailand,United States,2022,300.0,FGM-148 Javelin,anti-tank missile,300.0,2024; 2025,New,,0.03,9.0,9.0
Thailand,United States,1998,6.0,M-88A2 HERCULES,armoured recovery vehicle,6.0,2000; 2001,New,,2.0,12.0,12.0
Thailand,United States,2021,2.0,F-404,turbofan,2.0,2024,New,For 2 T-50 trainer/combat aircraft from South Korea,2.2,4.4,4.4
Thailand,United States,2017,8.0,F-404,turbofan,8.0,2019; 2020,New,For 8 T-50 trainer/combat aircraft from South Korea,2.2,17.6,17.6
Thailand,United States,2013,9.0,ESSM Block-1,surface-to-air missile,9.0,2015,New,,0.4,3.6,3.6
Thailand,United States,2001,30.0,Bell-205A-1,helicopter,30.0,2002; 2003; 2004,Second hand but modernized,Second-hand but modernized before delivery; $30 m aid,1.73,51.88,51.88
Thailand,United States,2005,4.0,AH-1F Cobra,combat helicopter,4.0,2011; 2012,Second hand but modernized,Second-hand but modernized before delivery; aid,4.95,19.8,19.8
Thailand,United States,2008,6.0,F-404,turbofan,6.0,2011,New,For 6 JAS-39 combat aircraft from Sweden; RM-12 version from Swedish production line,2.2,13.2,13.2
Thailand,United States,2012,3.0,S-70 Black Hawk,transport helicopter,3.0,2013,New,Possibly THB2.8 b ($90 m) deal; UH-60M version,7.25,21.75,21.75
Thailand,United States,2010,16.0,Enstrom-480,light helicopter,16.0,2011; 2012,New,THB1.2 b ($40 m) deal; for training,0.4,6.4,6.4
Thailand,United States,2009,1.0,Aeros-40 Sky Dragon,light transport airship,1.0,2009,New,Part of $9.7 m deal; Aeros-40D version; for reconnaissance/ground surveillance role,4.0,4.0,4.0
Thailand,United States,2003,1.0,APS-128,maritime patrol aircraft radar,1.0,2004,New,For 1 Do-228 MP aircraft from FRG; could be AN/APS-504 from Canada,2.5,2.5,2.5
Thailand,United States,2012,1.0,Saab-340,transport aircraft,1.0,2012,Second hand,Second-hand,2.8,2.8,2.8
Thailand,United States,2013,1.0,S-70 Black Hawk,transport helicopter,1.0,2016,New,$11.4 m deal; UH-60M version,7.25,7.25,7.25
Thailand,United States,2007,1.0,TPS-77,air-search radar,1.0,2012,New,,11.0,11.0,11.0
Thailand,United States,2010,2.0,Bell-214,helicopter,2.0,2011,Second hand,Second-hand; Bell-214EP version,1.6,3.2,3.2
Thailand,United States,2012,3.0,S-70 Black Hawk,transport helicopter,3.0,2014,New,UH-60M version,7.25,21.75,21.75
Thailand,United States,2013,2.0,TPS-70,air-search radar,2.0,2015; 2016,New,TPS-78 version,11.0,22.0,22.0
Thailand,United States,2012,54.0,M-198 155mm,towed gun,54.0,2013,Second hand,Second-hand,0.34,18.36,18.36
Thailand,United States,2014,50.0,AIM-120C AMRAAM,long-range air-to-air missile,50.0,2016; 2017,New,For JAS-39C combat aircraft,0.6,30.0,30.0
Thailand,United States,2010,6.0,F-404,turbofan,6.0,2013,New,For 6 JAS-39 combat aircraft from Sweden; RM-12 version from Swedish production line,2.2,13.2,13.2
Thailand,United States,2021,3.0,Kodiak-100,light transport aircraft,3.0,2024,New,$9.8 m deal,1.0,3.0,3.0
Thailand,United States,2013,1.0,Mk-15 Phalanx,naval gun,1.0,2018,New,For 1 DW-3000 (Bhumibol Adulyadej) frigate from South Korea,7.0,7.0,7.0
Thailand,United States,2013,1.0,Mk-41 VLS,naval surface-to-air missile system,1.0,2018,New,For 1 DW-3000 (Bhumibol Adulyadej) frigate from South Korea,20.0,20.0,20.0
Thailand,United States,2013,1.0,LM-2500,gas turbine,1.0,2018,New,For 1 DW-3000 (Bhumibol Adulyadej) frigate from South Korea,7.0,7.0,7.0
Thailand,United States,2014,5.0,AAQ-33 Sniper ATP,aircraft electro-optical system,5.0,2015; 2016,New,For F-16 combat aircraft,1.0,5.0,5.0
Thailand,United States,2007,2.0,S-70 Black Hawk,transport helicopter,2.0,2011,New,$58 m deal; MH-60S version; bought after 2004 natural disaster as reaction to lack of helicopters for SAR,7.25,14.5,14.5
Thailand,United States,2017,50.0,BGM-71F TOW-2B,anti-tank missile,50.0,2018,New,,0.02,1.0,1.0
Thailand,United States,2019,3.0,Cessna-180 Skywagon,light aircraft,3.0,2020,New,Cessna-182T version,0.18,0.54,0.54
Thailand,United States,2022,9.0,S-70 Black Hawk,transport helicopter,,,Second hand,Second-hand but possibly modernized before delivery; part of THB3.2 b ($91 m) deal,2.9,26.1,0.0
Thailand,United States,2020,12.0,T-6 Texan-2,(armed) trainer aircraft,12.0,2022; 2023,New,$162 m deal (incl technology transfers and 40% of parts produced in Thailand); T-6TH (T-6C) version,2.0,24.0,24.0
Thailand,United States,2003,4.0,S-70 Black Hawk,transport helicopter,4.0,2004; 2005,New,THB3 b deal,7.25,29.0,29.0
Thailand,United States,2025,4.0,F414,turbofan,,,New,For 4 Gripen-E combat aircraft from Sweden,2.5,10.0,0.0
Thailand,United States,2022,8.0,AH-6S,combat helicopter,,,New,AH-6i version,4.0,32.0,0.0
Thailand,United States,2000,16.0,F-16A,fighter/ground-attack aircraft,16.0,2002; 2003,Second hand but modernized,Second-hand but modernized before delivery; $130-157 m 'Peace Naresuan-4' deal (incl 2 more for spare parts only); F-16 Block-15 version; incl 1 F-16B version,13.63,218.06,218.06
Thailand,United States,2016,2.0,Saab-340,transport aircraft,2.0,2017,Second hand,Second-hand; probably for modification to signals intelligence aircraft,2.8,5.6,5.6
Thailand,United States,2023,50.0,AGM-114 Hellfire-2,anti-tank/air-to-surface missile,,,New,AGM-114R version; for AH-6S combat helicopters,0.05,2.5,0.0
Thailand,United States,2021,8.0,AT-6 Wolverine,ground-attack aircraft,8.0,2024; 2025,New,THB4.6 b ($143 m); AT-6TH version,4.75,38.0,38.0
Thailand,United States,1997,30.0,M-113,armoured personnel carrier,6.0,2000,Second hand,Probably Second-hand,0.1,3.0,0.6
Thailand,United States,2001,3.0,S-70 Black Hawk,transport helicopter,3.0,2001; 2002,New,$30-36 m deal; for patrol and anti-narcotics operations along border with Myanmar,7.25,21.75,21.75
Thailand,United States,2001,8.0,AIM-120C AMRAAM,long-range air-to-air missile,8.0,2003,New,$6.1 m deal; for F-16 combat aircraft; acquired as reaction to Myanmarese order for MiG-29 combat aircraft; stored in USA until 2003 when delivered to Thailand after China and Viet Nam introduced similar AA-12 missiles in 2002/2003,0.6,4.8,4.8
Thailand,United States,2012,18.0,APG-68,combat aircraft radar,18.0,2014; 2015; 2016; 2017,New,Part of $700 m deal for modernization of 18 F-16 combat aircraft; AN/APG-68(V)9 version,2.0,36.0,36.0
Thailand,United States,2019,5.0,S-70 Black Hawk,transport helicopter,5.0,2022; 2023,New,S-70i version; from Polish production line,7.25,36.25,36.25
Thailand,United States,2016,15.0,Mk-54 LWT,anti-submarine torpedo,15.0,2019,New,For DW-3000 (Bhumibol Adulyadej) frigate,0.5,7.5,7.5
Thailand,United States,2017,5.0,Harpoon Block-2,anti-ship/land-attack missile,5.0,2019,New,For DW-3000 (Bhumibol Adulyadej) frigate,1.0,5.0,5.0
Thailand,United States,1993,20.0,Bell-212,helicopter,5.0,2000,New,$130 m deal; from Canadian production line,3.7,74.0,18.5
Thailand,United States,2015,4.0,F-404,turbofan,4.0,2018,New,For 4 T-50 trainer/combat aircraft from South Korea,2.2,8.8,8.8
Togo,United States,2020,100.0,Mamba-7,armoured personnel carrier,100.0,2020; 2021; 2022; 2023,New,Mainly for use with MINUSMA in Mali,0.2,20.0,20.0
Trinidad and Tobago,United States,2009,4.0,AW-139,helicopter,4.0,2011; 2012,New,$348 m deal (incl training and 5 year support),6.0,24.0,24.0
Trinidad and Tobago,United States,1998,2.0,Metro-3/C-26,transport aircraft,2.0,2000,Second hand,Second-hand; aid; C-26B version,1.12,2.24,2.24
Trinidad and Tobago,United States,2000,2.0,PA-31 Navajo,light transport aircraft,2.0,2000; 2001,Second hand but modernized,Second-hand but modernized before delivery; aid,0.5,0.99,0.99
Trinidad and Tobago,United States,2007,2.0,Gasper Grande,patrol boat,2.0,2007,Second hand,Second-hand; former oil rig crew transport craft modified to patrol craft before delivery; for coast guard,2.96,5.92,5.92
Trinidad and Tobago,United States,2002,1.0,APG-66,combat aircraft radar,1.0,2002,New,For modification of 1 Metro-3 (C-26) transport aircraft to MP aircraft,1.5,1.5,1.5
Tunisia,United States,2024,2.0,Island,patrol boat,2.0,2025,Second hand,Second-hand; aid,3.68,7.36,7.36
Tunisia,United States,2003,6.0,M-113,armoured personnel carrier,6.0,2003,Second hand,Second-hand; M-577A2 CP version,0.1,0.6,0.6
Tunisia,United States,2021,4.0,Cessna-208 Caravan,light transport aircraft,4.0,2024,New,TNHD165 m($54 m) deal; possibly aid; Cessna-208 Grand Caravan-EX version; for surveillance role,1.0,4.0,4.0
Tunisia,United States,2010,2.0,C-130J Hercules,transport aircraft,2.0,2013; 2014,New,C-130J-30 version,40.0,80.0,80.0
Tunisia,United States,2020,4.0,C-130H Hercules,transport aircraft,3.0,2022; 2024,Second hand,Second-hand; aid; delivery planned by 2026,11.2,44.8,33.6
Tunisia,United States,2016,24.0,OH-58D,combat helicopter,24.0,2016; 2017,Second hand,Second-hand; aid,1.2,28.8,28.8
Tunisia,United States,1998,20.0,M-48 Chaparral,mobile surface-to-air missile system,20.0,2002,Second hand,Second-hand; aid,0.4,8.0,8.0
Tunisia,United States,1998,600.0,MIM-72C Chaparral,surface-to-air missile,600.0,2002,Second hand,Second-hand; aid; incl 300 MIM-72E version,0.04,26.4,26.4
Tunisia,United States,2006,10.0,Bell-205A-1,helicopter,10.0,2008; 2010; 2011,Second hand but modernized,Second-hand; aid; modernized before delivery,1.73,17.29,17.29
Tunisia,United States,2005,180.0,BGM-71 TOW,anti-tank missile,180.0,2006,New,,0.01,1.8,1.8
Tunisia,United States,2001,1.0,C-130B Hercules,transport aircraft,1.0,2002,Second hand,Second-hand,9.2,9.2,9.2
Tunisia,United States,2015,150.0,AGM-114 Hellfire-2,anti-tank/air-to-surface missile,150.0,2017,New,AGM-114R version; for OH-58D combat helicopters,0.05,7.5,7.5
Tunisia,United States,2016,12.0,MX-7,light aircraft,12.0,2016,New,Aid (for protection of border with Libya),0.1,1.2,1.2
Tunisia,United States,2015,80.0,HMMWV-UA,armoured personnel carrier,80.0,2015; 2016,New,M-1165A1 version; aid,0.13,10.4,10.4
Tunisia,United States,2016,4.0,S-70 Black Hawk,transport helicopter,4.0,2019; 2020,New,$38 m deal,7.25,29.0,29.0
Tunisia,United States,2016,8.0,ship engine,ship engine,8.0,2018,New,Caterpillar (4730hp) diesel engine; for 4 OPV-1400 (Jugartha) OPV from Netherlands,1.5,12.0,12.0
Tunisia,United States,2015,8.0,S-70 Black Hawk,transport helicopter,8.0,2017; 2018,New,UH-60M version,7.25,58.0,58.0
Tunisia,United States,2025,12.0,Bell-412,helicopter,,,New,Bell-412EPX version,5.0,60.0,0.0
Tunisia,United States,2018,9.0,Pitbull VX,armoured personnel carrier,9.0,2018,New,Aid,0.14,1.26,1.26
Tunisia,United States,2016,3.0,Bell-429 GlobalRanger,light helicopter,3.0,2017,New,For National Guard,2.8,8.4,8.4
Tunisia,United States,2025,184.0,FGM-148 Javelin,anti-tank missile,,,New,FGM-148F version,0.03,5.52,0.0
Tunisia,United States,2021,8.0,PC-9,(armed) trainer aircraft,8.0,2022; 2023,New,T-6C version,1.9,15.2,15.2
Turkiye,United States,2024,,AIM-9X Sidewinder,long-range air-to-air missile,,,New,AIM-9X Block-2 version; for F-16V combat aircraft,0.18,0.0,0.0
Turkiye,United States,2024,,JDAM,guided bomb,,,New,Incl GBU-31; GBU-32 and GBU-54 LJDAM versions; for F-16V combat aircraft,0.02,0.0,0.0
Turkiye,United States,2024,8.0,F-110,turbofan,,,New,F-110-GE-129D version; spare engines for F-16V combat aircraft,3.25,26.0,0.0
Turkiye,United States,2002,4.0,Boeing-737 AEW&C,airborne early-warning aircraft,4.0,2014; 2015,New,$1 b 'Peace Eagle' programme ($500-930 m offsets incl production of components and assembly of 3 in Turkiye; originally $1.5 b but reduced with $500 m penalties for delayed delivery from 2007 to 2014-2015); option on 2 more,250.0,1000.0,1000.0
Turkiye,United States,2024,,GBU-39 SDB,guided glide bomb,,,New,For F-16 combat aircraft,0.02,0.0,0.0
Turkiye,United States,2018,2.0,LM-2500,gas turbine,2.0,2024,New,For 1 Derya replenishment ship produced in Turkiye,7.0,14.0,14.0
Turkiye,United States,2007,125.0,RIM-116A RAM,surface-to-air missile,125.0,2011; 2012; 2013; 2014; 2015; 2016; 2017; 2018; 2019,New,For MilGem (Ada) frigates,0.14,17.5,17.5
Turkiye,United States,2006,104.0,AGM-154 JSOW,guided glide bomb,104.0,2007; 2008,New,$35 m deal; incl 50 AGM-154A-1 and 54 AGM-154C version,0.1,10.4,10.4
Turkiye,United States,1998,18.0,aircraft engine,aircraft engine,18.0,2013; 2014,New,General Electric CT-7-9C3 (1750hp) turboprop engine for 6 CN-235D/K anti-submarine and 3 CN-235 maritime patrol aircraft from Spain,0.5,9.0,9.0
Turkiye,United States,1990,8.0,LM-2500,gas turbine,2.0,2000,New,For 4 MEKO-200T2 (Barbaros) frigates from Germany,7.0,56.0,14.0
Turkiye,United States,1990,4.0,DE-1160,anti-submarine sonar,1.0,2000,New,For 4 MEKO-200T2 (Barbaros) frigates from FRG,5.0,20.0,5.0
Turkiye,United States,2014,39.0,S-70 Black Hawk,transport helicopter,30.0,2022; 2023; 2024; 2025,New,$3.5 b 'H-27' of 'TUHP 'programme (incl 23 more for police and other government agencies); T-70i version; produced under licence in Turkiye,7.25,282.75,217.5
Turkiye,United States,2016,24.0,LM-2500,gas turbine,1.0,2024,New,For 8 Istif class (TF-100 or MilGem-G or Istanbul) frigates produced and 8 TF-2000 frigates produced in Turkiye,7.0,168.0,7.0
Turkiye,United States,2020,80.0,F-110,turbofan,,,New,For Kaan combat aircraft produced in T�rkiye; selected but not yet ordered by end-2025,3.25,260.0,0.0
Turkiye,United States,2000,551.0,AIFV-APC,armoured personnel carrier,551.0,2001; 2002; 2003; 2004,New,$338 m deal; produced under licence in Turkiye; incl 81mm mortar carrier and other versions,0.3,165.3,165.3
Turkiye,United States,2024,40.0,F-16V Viper,fighter/ground-attack aircraft,,,New,,40.0,1600.0,0.0
Turkiye,United States,2015,4.0,Mk-15 Phalanx,naval gun,4.0,2017; 2018,New,For 2 Bayraktar landing ships produced in Turkiye,7.0,28.0,28.0
Turkiye,United States,2016,150.0,RIM-116A RAM,surface-to-air missile,150.0,2023,New,For TF-100 (I or MilGem-G) frigates and BPE (Anadolu) amphibious assault ship,0.14,21.0,21.0
Turkiye,United States,2016,48.0,AGM-84H SLAM-ER,air-to-surface missile,48.0,2016; 2017,New,,1.25,60.0,60.0
Turkiye,United States,1986,4800.0,Stinger,portable surface-to-air missile,1184.0,2000; 2001; 2002; 2003; 2004,New,Part of 'European Stinger Production Programme'; from FRG production line; incl production of components in Turkey; FIM-92A and FIM-92C version,0.08,384.0,94.72
Turkiye,United States,2007,30.0,F-16C Block-50,fighter/ground-attack aircraft,30.0,2011; 2012,New,$1.8 b 'Peace Onyx-4' deal; F-16C Block-50+ version; incl 16 F-16D,31.0,930.0,930.0
Turkiye,United States,2010,18.0,aircraft engine,aircraft engine,18.0,2014,New,LHTEC CTS-800-4N (1270hp) turboshaft for 9 T-129A combat helicopters from Italy; produced under licence in Turkey,0.5,9.0,9.0
Turkiye,United States,2018,658.0,JDAM,guided bomb,658.0,2019; 2020; 2021,New,,0.02,13.16,13.16
Turkiye,United States,1996,400.0,SM-1MR,surface-to-air missile,315.0,2000; 2001; 2002; 2003,Second hand,Second-hand; probably all aid; for Perry frigates,0.1,40.0,31.5
Turkiye,United States,2002,175.0,MIM-23B I-Hawk,surface-to-air missile,175.0,2005,Second hand,Second-hand; aid; for I-HAWK air-defence systems,0.07,11.9,11.9
Turkiye,United States,2005,398.0,JDAM,guided bomb,398.0,2007; 2008; 2009,New,,0.02,7.96,7.96
Turkiye,United States,2009,30.0,AAQ-33 Sniper ATP,aircraft electro-optical system,30.0,2011; 2012,New,,1.0,30.0,30.0
Turkiye,United States,2009,30.0,AAQ-13 LANTIRN,combat aircraft radar,30.0,2011; 2012,New,,1.0,30.0,30.0
Turkiye,United States,2008,25.0,Harpoon Block-2,anti-ship/land-attack missile,25.0,2011,New,,1.0,25.0,25.0
Turkiye,United States,2009,46.0,Cessna-180 Skywagon,light aircraft,46.0,2009; 2010,New,Cessna-T182T Skylane version; for training,0.18,8.28,8.28
Turkiye,United States,2006,100.0,CBU-97 SFW,guided bomb,100.0,2007; 2008,New,CBU-105 and CBU-103 version,0.15,15.0,15.0
Turkiye,United States,2011,90.0,Stinger,portable surface-to-air missile,90.0,2013,New,,0.08,7.2,7.2
Turkiye,United States,2014,145.0,AIM-120C AMRAAM,long-range air-to-air missile,145.0,2016; 2017; 2018; 2019,New,AIM-120C-7 version,0.6,87.0,87.0
Turkiye,United States,1998,8.0,SH-60B Seahawk,anti-submarine helicopter,8.0,2002,New,S-70B-28 version,17.0,136.0,136.0
Turkiye,United States,1998,2.0,Perry,frigate,1.0,2000,Second hand,Second-hand (1 more delivered for spare parts only); Turkish designation Gaziantep,120.0,240.0,120.0
Turkiye,United States,2008,107.0,AIM-120C AMRAAM,long-range air-to-air missile,107.0,2013; 2014,New,Possibly $157 m deal; AIM-120C-7 version,0.6,64.2,64.2
Turkiye,United States,2011,3.0,AH-1W SuperCobra,combat helicopter,3.0,2012,Second hand,Second-hand,4.6,13.8,13.8
Turkiye,United States,2015,1300.0,JDAM,guided bomb,1300.0,2017; 2018,New,GBU-38; GBU-54; BLU-109 versions,0.02,26.0,26.0
Turkiye,United States,2013,4.0,DB-110,aircraft reconnaissance system,4.0,2014,New,,4.0,16.0,16.0
Turkiye,United States,2009,275.0,ESSM Block-1,surface-to-air missile,275.0,2011; 2012; 2013; 2014; 2015; 2016; 2017,New,For Perry (Gaziantep or Gabya) and MEKO-200 frigates; incl production of components in Turkiye (as part of NATO Sea Sparrow Consortium),0.4,110.0,110.0
Turkiye,United States,2015,2.0,Mk-15 Phalanx,naval gun,2.0,2023,New,For 1 BPE (Anadolu) amphibious assault ship from Spain,7.0,14.0,14.0
Turkiye,United States,2011,4.0,Mk-15 Phalanx,naval gun,4.0,2017; 2018,New,Phalanx Block-1B version; for 2 Bayraktar landing ships produced in Turkey,7.0,28.0,28.0
Turkiye,United States,2009,2.0,Mk-41 VLS,naval surface-to-air missile system,2.0,2011,New,For modernization of 2 MEKO-200 (Barbaros) frigates,20.0,40.0,40.0
Turkiye,United States,2008,154.0,aircraft engine,aircraft engine,136.0,2016; 2017; 2018; 2019; 2020; 2021; 2022; 2023; 2025,New,$96 m deal; LHTEC CTS-800-4A turboshaft engine for 77 T-129B combat helicopters from Italy; produced under licence in Turkiye,0.5,77.0,68.0
Turkiye,United States,1998,80.0,Dragoon,armoured personnel carrier,80.0,2002; 2003; 2004,New,Part of $45 m deal; for police,0.3,24.0,24.0
Turkiye,United States,2011,6.0,CH-47F Chinook,transport helicopter,6.0,2016,New,$400 m deal,20.0,120.0,120.0
Turkiye,United States,2007,2.0,LM-2500,gas turbine,2.0,2011; 2013,New,For 2 MilGem (Ada) frigates produced in Turkiye,7.0,14.0,14.0
Turkiye,United States,2015,2.0,LM-2500,gas turbine,2.0,2018; 2019,New,For 2 MilGem (Ada) frigates produced in Turkiye,7.0,14.0,14.0
Turkiye,United States,2005,163.0,APG-68,combat aircraft radar,163.0,2009; 2011; 2012; 2013; 2014; 2015,New,Part of $1.1 b 'Peace Onyx-3' modernization of 163 Turkish F-16C combat aircraft; APG-68(V)9 version,2.0,326.0,326.0
Turkiye,United States,2012,300.0,JDAM,guided bomb,300.0,2013,New,,0.02,6.0,6.0
Turkiye,United States,2017,100.0,JDAM,guided bomb,100.0,2018,New,,0.02,2.0,2.0
Turkiye,United States,2017,160.0,FGM-148 Javelin,anti-tank missile,160.0,2017,New,,0.03,4.8,4.8
Turkiye,United States,2006,50.0,AGM-84H SLAM-ER,air-to-surface missile,50.0,2011,New,For F-16 combat aircraft,1.25,62.5,62.5
Turkiye,United States,1988,1698.0,AIFV,infantry fighting vehicle,194.0,2000,New,Part of $1.1 b deal (offsets $705 m incl 20 from Netherlands; 285 assembled from kits; and production under licence in Turkiye); incl 830 AAPC armoured personnel carrier; 48 ATV anti-tank and 170 AMV 81mm mortar carrier versions,0.3,509.4,58.2
Turkiye,United States,2009,100.0,Mk-54 LWT,anti-submarine torpedo,100.0,2012; 2013; 2014,New,$105 m deal,0.5,50.0,50.0
Turkiye,United States,2002,144.0,AGM-114 Hellfire-2,anti-tank/air-to-surface missile,144.0,2003; 2004,New,AGM-114K version; for Bell-209/AH-1W helicopters,0.05,7.2,7.2
Turkiye,United States,1997,5.0,MPQ-64 Sentinel,air-search radar,4.0,2000; 2001,New,For use with FIM-92 SAMs,5.0,25.0,20.0
Turkiye,United States,2024,10.0,APG-83 SABR,combat aircraft radar,,,New,Spare radars for F-16V combat aircraft,2.5,25.0,0.0
Turkiye,United States,2024,96.0,AGM-88E AARGM,anti-radar missile,,,New,Probably second-hand AGM-88B rebuilt in USA to AGM-88E AARGM version; for F-16V combat aircraft,0.6,57.6,0.0
Turkiye,United States,1994,2.0,Mk-41 VLS,naval surface-to-air missile system,1.0,2000,New,For 2 MEKO-200 (Barbaros) frigates from Germany,20.0,40.0,20.0
Turkiye,United States,2012,5.0,King Air,light transport aircraft,5.0,2012,Second hand but modernized,Second-hand King Air-350 version but modified to surveillance aircraft before delivery; $70 m 2-year lease (extended after 2 years),1.88,9.41,9.41
Turkiye,United States,2006,17.0,SH-60B Seahawk,anti-submarine helicopter,17.0,2012; 2013; 2014,New,Part of $500 m deal (mainly financed with US loan; offsets 50%); delivery delayed from 2009-2010,17.0,289.0,289.0
Turkiye,United States,2003,2.0,S-70 Black Hawk,transport helicopter,2.0,2004,New,$27 m deal; Turkish designation Karaku,7.25,14.5,14.5
Turkiye,United States,2002,8.0,I-HAWK,surface-to-air missile system,8.0,2005,Second hand but modernized,Second-hand; $100 m deal; modernized (partly in Norway) to I-HAWK PIP-3 before delivery,23.1,184.8,184.8
Turkiye,United States,2000,1.0,Perry,frigate,1.0,2000,Second hand,Second-hand; $29 m deal; Turkish designation Gaziantep,120.0,120.0,120.0
Turkiye,United States,2002,8.0,MPQ-64 Sentinel,air-search radar,8.0,2005,New,For use with 8 modernized I-HAWK SAM systems,5.0,40.0,40.0
Turkiye,United States,2001,1.0,Perry,frigate,1.0,2002,Second hand,Second-hand; Turkish designation Gaziantep,120.0,120.0,120.0
Turkiye,United States,2023,4.0,LM-2500,gas turbine,,,New,For 1 MUGEM aircraft carrier produced in Turkiye,7.0,28.0,0.0
Turkiye,United States,2006,127.0,AIM-9X Sidewinder,long-range air-to-air missile,127.0,2008,New,$36 m deal,0.18,22.86,22.86
Turkiye,United States,2021,,ESSM Block-2,surface-to-air missile,,,New,,0.6,0.0,0.0
Turkiye,United States,2014,117.0,AIM-9X Sidewinder,long-range air-to-air missile,117.0,2015; 2016,New,AIM-9X Block-2 version,0.18,21.06,21.06
Turkiye,United States,1993,50.0,Harpoon Block-1,anti-ship missile,25.0,2000; 2001,New,UGM-84 version for Type-209/1400 (Preveze) submarines,0.9,45.0,22.5
Turkiye,United States,1995,16.0,Harpoon Block-1,anti-ship missile,16.0,2002,New,$15 m deal; for MEKO-200T-2 (Barbaros) frigate,0.9,14.4,14.4
Turkiye,United States,1994,40.0,AIM-7P Sparrow,long-range air-to-air missile,5.0,2000,New,For MEKO-200T-2 (Barbaros) frigates; RIM-7P Sea Sparrow (SAM) version,0.2,8.0,1.0
Turkiye,United States,1994,2.0,Mk-45 127mm,naval gun,1.0,2000,New,For 2 MEKO-200T-2 (Barbaros) frigates from Germany,5.25,10.5,5.25
Turkiye,United States,1993,50.0,Harpoon Block-1,anti-ship missile,17.0,2000,New,For Kilic FAC,0.9,45.0,15.3
Turkiye,United States,1999,84.0,AGM-114 Hellfire-2,anti-tank/air-to-surface missile,84.0,2000; 2001,New,$6.7 m deal; AGM-114M version; for anti-ship role; for S-70B helicopters; bought after Norwegian refused to sell Penguin,0.05,4.2,4.2
Turkiye,United States,2016,184.0,vehicle engine,vehicle engine,184.0,2020; 2021; 2022,New,Cummins 360hp diesel engine for 184 Kaplan-ATV tank-destroyers produced in Turkiye,0.05,9.2,9.2
Turkiye,United States,2005,4.0,Mk-41 VLS,naval surface-to-air missile system,4.0,2013; 2014,New,For 'Genesis' modernization of 4 Perry (Gabya) frigates,20.0,80.0,80.0
Turkiye,United States,1999,50.0,S-70 Black Hawk,transport helicopter,30.0,2000; 2001; 2002,New,$561 m deal (offsets $110 m); originally ordered 1992 but deal suspended 1994-1999 for financial reasons and as reaction to US policy towards Turkish actions against Kurds; S-70A-28 and S-70A-28D versions; Turkish designation Karaku,7.25,362.5,217.5
Turkiye,United States,1990,750.0,Mk-46 Mod-5 NEARTIP,anti-submarine torpedo,300.0,2000; 2001; 2002; 2003; 2004; 2005,New,For MEKO-200; Perry and Knox frigates; S-70B and AB-212ASW helicopters and CN-235 ASW aircraft,0.35,262.5,105.0
Turkiye,United States,2002,1.0,Perry,frigate,1.0,2003,Second hand,Second-hand; Turkish designation Gaziantep,120.0,120.0,120.0
Turkiye,United States,2015,4.0,CH-47F Chinook,transport helicopter,4.0,2018; 2019,New,Part of $131 m deal,20.0,80.0,80.0
Turkiye,United States,2000,72.0,AGM-114 Hellfire-2,anti-tank/air-to-surface missile,72.0,2001; 2002,New,For Bell-209/AH-1W helicopters,0.05,3.6,3.6
Turkiye,United States,2024,16.0,AAQ-33 Sniper ATP,aircraft electro-optical system,,,New,For F-16V combat aircraft,1.0,16.0,0.0
Turkiye,United States,2024,,AIM-120D AMRAAM,long-range air-to-air missile,,,New,AIM-120C-8 version; for F-16V combat aircraft,0.8,0.0,0.0
Turkmenistan,United States,2019,12.0,F-124,turbofan,12.0,2021,New,For 6 M-346FA trainer/combat aircraft from Italy,1.0,12.0,12.0
Turkmenistan,United States,2021,2.0,vehicle engine,vehicle engine,2.0,2021,New,Cummins ISM-500 (500hp) diesel engine for 2 Lazar-3 infantry fighting vehicles from Serbia,0.08,0.16,0.16
Turkmenistan,United States,2019,4.0,aircraft engine,aircraft engine,4.0,2021,New,Allison AE-2100D3 (5000hp) turboprop for 2 C-27J transport aircraft from Italy,1.5,6.0,6.0
Uganda,United States,2020,23.0,Mamba-7,armoured personnel carrier,23.0,2020,New,For use with Ugandan AMISOM peacekeeping forces in Somalia,0.2,4.6,4.6
Uganda,United States,2014,2.0,Cessna-208 Caravan,light transport aircraft,2.0,2015,New,Aid; Cessna-208B version,1.0,2.0,2.0
Uganda,United States,2014,15.0,Cougar,armoured personnel carrier,15.0,2015,Second hand,Second-hand; aid for use by Ugandan UN peacekeeping forces in Somalia (AMISOM),0.14,2.1,2.1
Uganda,United States,2009,1.0,L-39Z Albatros,trainer/combat aircraft,1.0,2009,Second hand,Second-hand,2.0,2.0,2.0
Uganda,United States,2016,5.0,UH-1H Huey-2,helicopter,5.0,2017,New,$35 m aid; second-hand UH-1H rebuilt to UH-1H-2 before delivery,3.1,15.5,15.5
Uganda,United States,2013,10.0,RG-33,armoured personnel carrier,10.0,2015,Second hand,Second-hand; aid; RG-33L version; for use by peacekeepers in Somalia,0.08,0.8,0.8
Ukraine,United States,2025,3.0,Patriot,surface-to-air missile system,,,New,Financed by aid from Denmark; Lithuania; Netherlands; Norway; Sweden and other European countries as part of Prioritized Ukraine Requirements List (PURL) program,47.0,141.0,0.0
Ukraine,United States,2024,5.0,MMR,multi-role radar,5.0,2024,Second hand,Aid after 2022 Russian invasion of Ukraine,2.6,13.0,13.0
Ukraine,United States,2024,90.0,MIM-104 PAC-2,surface-to-air missile,90.0,2025,Second hand,Second-hand (missiles from Israel returned to USA ownership and transferred to Ukraine); aid after 2022 Russian invasion of Ukraine; for Patriot air-defence systems,0.4,36.0,36.0
Ukraine,United States,2022,260.0,Phoenix Ghost Dominator,one-way attack drone,260.0,2023; 2024,New,,0.06,15.6,15.6
Ukraine,United States,2024,3.0,Patriot,surface-to-air missile system,3.0,2025,Second hand,Second-hand systems from Israel returned to USA ownership and transferred to Ukraine; aid after 2022 Russian invasion of Ukraine,18.8,56.4,56.4
Ukraine,United States,2022,,BGM-71F TOW-2B,anti-tank missile,19500.0,2022; 2023; 2024; 2025,Second hand,Second-hand; aid after 2022 Russian invasion of Ukraine; incl for M-2 infantry fighting vehicles,0.01,0.0,156.0
Ukraine,United States,2015,15.0,TPQ-36 Firefinder,artillery locating radar,15.0,2015; 2016; 2017; 2018; 2019; 2021,Second hand,Second-hand; 'Ukraine Security Assistance Initiative' aid,1.2,18.0,18.0
Ukraine,United States,2019,3.0,Island,patrol boat,3.0,2021,Second hand,Second-hand; aid,3.68,11.04,11.04
Ukraine,United States,2023,,MIM-104 PAC-2,surface-to-air missile,325.0,2023; 2024,Second hand,Second-hand; incl Patriot GEM; GEM-C and GEM-T versions; aid after 2022 Russian invasion of Ukraine; for Patriot air-defence systems,0.4,0.0,130.0
Ukraine,United States,2022,1.0,MPQ-64 Sentinel,air-search radar,1.0,2024,New,Financed by Canada as aid after 2022 Russian invasion of Ukraine,5.0,5.0,5.0
Ukraine,United States,2021,180.0,FGM-148 Javelin,anti-tank missile,180.0,2021,New,Aid; delivery also incl 30 launchers,0.03,5.4,5.4
Ukraine,United States,2022,325.0,M-2A3 Bradley,infantry fighting vehicle,325.0,2023; 2024,Second hand,Second-hand; aid after 2022 Russian invasion of Ukraine; ODS-SA version,0.76,247.0,247.0
Ukraine,United States,2021,300.0,FGM-148 Javelin,anti-tank missile,300.0,2022,New,Part of $200 m aid,0.03,9.0,9.0
Ukraine,United States,2019,150.0,FGM-148 Javelin,anti-tank missile,150.0,2020,New,$27 m deal,0.03,4.5,4.5
Ukraine,United States,2022,20.0,Mi-17,transport helicopter,20.0,2022; 2023,Second hand,Second-hand; aid after 2022 Russian invasion of Ukraine; incl Mi-17V-5 and Mi-8MTV versions,2.9,58.0,58.0
Ukraine,United States,2022,,Stinger,portable surface-to-air missile,3250.0,2022; 2023; 2024,Second hand,Second-hand; aid after 2022 Russian invasion of Ukraine; incl for Avenger SAM systems,0.03,0.0,104.0
Ukraine,United States,2022,19.0,TPQ-36 Firefinder,artillery locating radar,19.0,2022,Second hand,Second-hand; aid after 2022 Russian invasion of Ukraine,1.2,22.8,22.8
Ukraine,United States,2022,18.0,M-109A6 Paladin 155mm,self-propelled gun,18.0,2023,Second hand,Second-hand; aid after 2022 Russian invasion of Ukraine,0.54,9.72,9.72
Ukraine,United States,2023,41.0,M-777 155mm,towed gun,41.0,2023; 2024,Second hand,Second-hand; aid after 2022 Russian invasion of Ukraine; designation uncertain (reported as '155mm Howitzers'),0.4,16.4,16.4
Ukraine,United States,2018,210.0,FGM-148 Javelin,anti-tank missile,210.0,2018,New,Aid; probably second-hand,0.03,6.3,6.3
Ukraine,United States,2022,31.0,M-1A1 Abrams,tank,31.0,2023,Second hand,Second-hand; aid after 2002 Russian invasion of Ukraine,1.6,49.6,49.6
Ukraine,United States,2023,3.0,S-70 Black Hawk,transport helicopter,3.0,2023; 2024; 2025,Second hand,Second-hand; UH-60A version,2.6,7.8,7.8
Ukraine,United States,2022,100.0,BATT,armoured personnel carrier,100.0,2022; 2023,New,$23 m deal,0.16,16.0,16.0
Ukraine,United States,2022,,WGU-59 APKWS,air-to-surface missile,1500.0,2023; 2024; 2025,New,Aid after 2022 Russian invasion of Ukraine,0.01,0.0,15.0
Ukraine,United States,2022,142.0,M-777 155mm,towed gun,142.0,2022,Second hand,Second-hand; aid after 2022 Russian invasion of Ukraine; M-777A2 version,0.4,56.8,56.8
Ukraine,United States,2021,8.0,Mk-VI,patrol boat,,,New,USD103 m deal; 'FMF' aid,6.0,48.0,0.0
Ukraine,United States,2022,4.0,MPQ-64 Sentinel,air-search radar,4.0,2022,Second hand,Second-hand; aid after 2022 Russian invasion of Ukraine,2.0,8.0,8.0
Ukraine,United States,2023,,MIM-104 PAC-3,anti-ballistic missile missile,650.0,2023; 2024,Second hand,Second-hand; aid after 2022 Russian invasion of Ukraine; for Patriot air-defence systems,0.32,0.0,208.0
Ukraine,United States,2024,,MIM-104 PAC-3 MSE,anti-ballistic missile missile,150.0,2024; 2025,New,Aid after 2022 Russian invasion of Ukraine; for Patriot air-defence systems,1.5,0.0,225.0
Ukraine,United States,2022,401.0,LAV-3,armoured personnel carrier,401.0,2023; 2024,Second hand,Second-hand; aid after 2022 Russian invasion of Ukraine; Stryker version,0.14,56.14,56.14
Ukraine,United States,2022,12.0,Avenger,mobile surface-to-air missile system,12.0,2023,Second hand,Second-hand; aid after 2022 Russian invasion of Ukraine,0.25,3.02,3.02
Ukraine,United States,2022,600.0,Switchblade-600,loitering munition,600.0,2023; 2024,New,Aid after 2022 Russian invasion of Ukraine,0.15,90.0,90.0
Ukraine,United States,2022,72.0,L-118 105mm,towed gun,72.0,2022; 2023,Second hand,Second-hand; aid after 2022 Russian invasion of Ukraine; M-119 version,0.24,17.28,17.28
Ukraine,United States,2022,29500.0,GMLRS,guided rocket,29500.0,2022; 2023; 2024; 2025,Second hand,Second-hand; aid after 2022 Russian invasion of Ukraine,0.03,944.0,944.0
Ukraine,United States,2022,24.0,TPQ-53,artillery locating radar,24.0,2023; 2024,New,Aid after 2022 Russian invasion of Ukraine; designation uncertain (reported as 'counter-artillery radar'),7.0,168.0,168.0
Ukraine,United States,2022,400.0,M-1117 Guardian,armoured personnel carrier,400.0,2023; 2024,Second hand,Second-hand; aid after 2022 Russian invasion of Ukraine; M-1117 version,0.16,64.0,64.0
Ukraine,United States,2015,50.0,HMMWV-UA,armoured personnel carrier,50.0,2015; 2021,Second hand,Second-hand; 'Ukrainian Security Assistance Initiative' aid; M-1114 and M-1151 versions,0.05,2.6,2.6
Ukraine,United States,2023,8.0,M-88A2 HERCULES,armoured recovery vehicle,8.0,2023,Second hand,Probably second-hand; aid after 2022 Russian invasion of Ukraine,0.8,6.4,6.4
Ukraine,United States,2023,,AIM-9M Sidewinder,short-range air-to-air missile,700.0,2023; 2025,Second hand,Second-hand; aid after 2022 Russian invasion of Ukraine; for Ukrainian SAM systems,0.05,0.0,33.6
Ukraine,United States,2018,2.0,Island,patrol boat,2.0,2018,Second hand,Second-hand; aid; Ukrainian designation Slavyansk,3.68,7.36,7.36
Ukraine,United States,2023,3.0,I-HAWK,surface-to-air missile system,3.0,2023,Second hand,Second-hand; aid,14.0,42.0,42.0
Ukraine,United States,2024,,GBU-39 SDB,guided glide bomb,750.0,2024; 2025,Second hand,Probably second-hand; aid after 2022 Russian invasion of Ukraine,0.01,0.0,6.0
Ukraine,United States,2023,55.0,M-ATV,armoured personnel carrier,55.0,2023,Second hand,Second-hand; aid after 2022 Russian invasion of Ukraine,0.1,5.5,5.5
Ukraine,United States,2022,3400.0,GMLRS,guided rocket,3400.0,2023; 2024; 2025,New,Aid after 2022 Russian invasion of Ukraine,0.08,272.0,272.0
Ukraine,United States,2022,,MIM-23B I-Hawk,surface-to-air missile,800.0,2023; 2024; 2025,Second hand,Second-hand; aid after 2022 Russian invasion of Ukraine; for I-HAWK air-defence systems,0.07,0.0,54.4
Ukraine,United States,2023,,ATACMS Block-1,surface-to-surface missile,50.0,2023; 2024,Second hand,Second-hand; aid after 2022 Russian invasion of Ukraine; for use with HIMARS multiple rocket launchers,0.54,0.0,27.0
Ukraine,United States,2023,4.0,M-2A3 Bradley,infantry fighting vehicle,4.0,2023,Second hand,Second-hand; aid after 2022 Russian invasion of Ukraine; M-7A2 FISTV reconnaissance version,0.76,3.04,3.04
Ukraine,United States,2024,3.0,HIMARS,multiple rocket launcher,3.0,2024,Second hand,Second-hand; financed by German aid after 2022 Russian invasion of Ukraine,0.88,2.64,2.64
Ukraine,United States,2022,20.0,MPQ-64 Sentinel,air-search radar,12.0,2024,New,Aid after 2022 Russian invasion of Ukraine; for use with 10 NASAMS SAM systems from Norway,5.0,100.0,60.0
Ukraine,United States,2022,30.0,K-6 120mm,mortar,30.0,2022,Second hand,Second-hand; aid after 2022 Russian invasion of Ukraine; M-120 version,0.1,3.0,3.0
Ukraine,United States,2025,,MIM-104 PAC-3,anti-ballistic missile missile,50.0,2025,Second hand,Probably second-hand; for Patriot air-defence systems; designation uncertain (reported as 'missiles for Patriots'); financed by Prioritized Ukraine Requirements List (PURL) program by European and other states as aid after 2022 Russian invasion of Ukraine,0.32,0.0,16.0
Ukraine,United States,2024,,AIM-120D AMRAAM,long-range air-to-air missile,350.0,2024; 2025,New,Aid after 2022 Russian invasion of Ukraine; for NASAMS-2 SAM systems and F-16 combat aircraft,0.8,0.0,280.0
Ukraine,United States,2023,50.0,vehicle engine,vehicle engine,50.0,2024; 2025,New,Caterpillar C-9 (450hp) diesel engine for 50 LAV-6 armoured personnel carriers from Canada,0.08,4.0,4.0
Ukraine,United States,2023,600.0,FGM-148 Javelin,anti-tank missile,600.0,2023; 2024; 2025,New,Aid after 2022 Russian invasion of Ukraine,0.03,18.0,18.0
Ukraine,United States,2022,,AIM-7M Sparrow,long-range air-to-air missile,900.0,2023; 2024; 2025,Second hand,Second-hand; aid after 2022 Russian invasion of Ukraine; incl for use with Ukrainian SAM systems and F-16 combat aircraft; incl RIM-7 version,0.07,0.0,64.8
Ukraine,United States,2022,39.0,HIMARS,multiple rocket launcher,39.0,2022; 2023,Second hand,Second-hand; aid after 2022 Russian invasion of Ukraine,0.88,34.32,34.32
Ukraine,United States,2022,2000.0,Phoenix Ghost Atlas,one-way attack drone,2000.0,2023; 2024,New,,0.02,40.0,40.0
Ukraine,United States,2025,,JDAM-ER,guided glide bomb,,,Second hand,Probably second-hand; designation uncertain(reported as 'guided aerial bombs'); financed through the Prioritized Ukraine Requirements List (PURL) program by European and other states as aid after 2022 Russian invasion of Ukraine,0.02,0.0,0.0
Ukraine,United States,2025,,AGM-114L Hellfire Longbow,anti-tank missile,100.0,2025,New,,0.07,0.0,7.0
Ukraine,United States,2025,,GMLRS,guided rocket,200.0,2025,Second hand,Probably second-hand; financed through the Prioritized Ukraine Requirements List (PURL) program by European and other states as aid after 2022 Russian invasion of Ukraine,0.03,0.0,6.4
Ukraine,United States,2025,,Tempest SAM,mobile surface-to-air missile system,5.0,2025,New,,1.0,0.0,5.0
Ukraine,United States,2022,1200.0,M-113A3,armoured personnel carrier,1200.0,2022; 2023; 2024,Second hand,Second-hand; aid after 2022 Russian invasion of Ukraine; incl 300 ambulance version,0.12,144.0,144.0
Ukraine,United States,2022,4000.0,Phoenix Ghost Dagger,one-way attack drone,4000.0,2022; 2023; 2024,New,Aid after 2022 Russian invasion of Ukraine,0.02,80.0,80.0
Ukraine,United States,2022,,AGM-88B HARM,anti-radar missile,280.0,2022; 2023; 2024; 2025,Second hand,Second-hand; aid after 2022 Russian invasion of Ukraine,0.1,0.0,28.0
Ukraine,United States,2022,37.0,Cougar,armoured personnel carrier,37.0,2022,Second hand,Second-hand; aid after 2022 Russian invasion of Ukraine,0.14,5.18,5.18
Ukraine,United States,2022,3.0,Patriot Configuration-3,surface-to-air missile system,3.0,2023; 2024,Second hand,Second-hand; aid after 2022 Russian invasion of Ukraine,22.0,66.0,66.0
Ukraine,United States,2022,30.0,M-992 FAASV,armoured supply vehicle,30.0,2023,Second hand,Second-hand; aid after 2022 Russian invasion of Ukraine,0.18,5.4,5.4
Ukraine,United States,2022,440.0,MaxxPro,armoured personnel carrier,440.0,2022,Second hand,Second-hand; aid after 2022 Russian invasion of Ukraine; incl 40 mine-clearing version,0.13,56.32,56.32
Ukraine,United States,2025,130.0,M-1117 Guardian,armoured personnel carrier,,,New,,0.4,52.0,0.0
Ukraine,United States,2025,1675.0,RAACM ERAM,air-to-surface missile,25.0,2025,New,Financed by 'FMF' aid (from USA) and aid from Denmark; Netherlands; Norway,0.64,1072.0,16.0
Ukraine,United States,2025,1675.0,Rusty Dagger ERAM,air-to-surface missile,25.0,2025,New,Financed by 'FMF' aid (from USA) and aid from Denmark; Netherlands; Norway,0.64,1072.0,16.0
Ukraine,United States,2023,1.0,M-1150 ABV,armoured engineer vehicle,1.0,2023,Second hand,Second-hand; aid after 2022 Russian invasion of Ukraine,1.0,1.0,1.0
Ukraine,United States,2024,,AIM-9X Sidewinder,long-range air-to-air missile,350.0,2024; 2025,New,Aid after 2022 Russian invasion of Ukraine; for NASAMS-2 SAM systems and F-16 combat aircraft; AIM-9X Block-2 version,0.18,0.0,63.0
Ukraine,United States,2023,12.0,M-106A3,self-propelled mortar,12.0,2023,Second hand,Second-hand; aid after 2022 Russian invasion of Ukraine; M-1064 version,0.22,2.64,2.64
Ukraine,United States,2022,1234.0,MaxxPro,armoured personnel carrier,1234.0,2023; 2024,Second hand,Second-hand; aid after 2022 Russian invasion of Ukraine; designation uncertain (reported as 'Mine Resistant Ambush Protected Vehicles; MRAPs'),0.13,157.95,157.95
Ukraine,United States,2022,51.0,MMR,multi-role radar,51.0,2023; 2024,New,Aid after 2022 Russian invasion of Ukraine,6.5,331.5,331.5
Ukraine,United States,2022,,AIM-120C AMRAAM,long-range air-to-air missile,650.0,2023; 2024; 2025,Second hand,Second-hand; aid after 2022 Russian invasion of Ukraine; for NASAMS-2 SAM systems,0.24,0.0,156.0
Ukraine,United States,2022,22000.0,FGM-148 Javelin,anti-tank missile,22000.0,2022; 2023; 2024; 2025,Second hand,Second-hand; aid after 2022 Russian invasion of Ukraine,0.01,264.0,264.0
Ukraine,United States,2023,,JDAM-ER,guided glide bomb,2000.0,2023; 2024,Second hand,Second-hand; aid after 2022 Russian invasion of Ukraine,0.02,0.0,32.0
Ukraine,United States,2022,2.0,NASAMS-2,surface-to-air missile system,2.0,2022,New,Aid after 2022 Russian invasion of Ukraine,25.0,50.0,50.0
Ukraine,United States,2022,260.0,Phoenix Ghost Disruptor,one-way attack drone,260.0,2023; 2024,New,,0.06,15.6,15.6
Ukraine,United States,2024,500.0,ATACMS Block-1A,surface-to-surface missile,500.0,2024,Second hand,Second-hand; aid after 2022 Russian invasion of Ukraine,0.8,400.0,400.0
Ukraine,United States,2024,,GBU-39 SDB,guided glide bomb,500.0,2025,New,Aid after 2022 Russian invasion of Ukraine,0.02,0.0,10.0
Ukraine,United States,2023,,GLSDB,surface-to-surface missile,300.0,2024; 2025,New,,0.08,0.0,24.0
Ukraine,United States,2022,39.0,vehicle engine,vehicle engine,39.0,2022,New,Caterpillar C-9 (450hp) diesel engine for 39 LAV-6 armoured personnel carriers from Canada,0.08,3.12,3.12
Ukraine,United States,2022,450.0,HMMWV-UA,armoured personnel carrier,450.0,2022,Second hand,Second-hand; aid after 2022 Russian invasion of Ukraine,0.05,23.4,23.4
Ukraine,United States,2022,150.0,HMMWV-UA,armoured personnel carrier,150.0,2023,New,Aid after 2022 Russian invasion of Ukraine,0.13,19.5,19.5
Ukraine,United States,2022,75.0,AIM-120C AMRAAM,long-range air-to-air missile,75.0,2024,New,Financed by Canada as aid after 2022 Russian invasion of Ukraine; for NASAMS SAM systems,0.6,45.0,45.0
Ukraine,United States,2023,466.0,BATT,armoured personnel carrier,466.0,2023; 2024; 2025,New,Financed by FRG; from German production line,0.16,74.56,74.56
Ukraine,United States,2022,7000.0,M-982 Excalibur,guided shell,7000.0,2022; 2023,Second hand,Second-hand; aid after 2022 Russian invasion of Ukraine,0.02,112.0,112.0
Ukraine,United States,2023,18.0,M-60 AVLB,armoured bridgelayer,18.0,2023,Second hand,Second-hand; aid after 2022 Russian invasion of Ukraine,0.4,7.2,7.2
Ukraine,United States,2025,100.0,Altius-600,loitering munition,100.0,2025,New,Part of $30 m deal; incl Altius-700 version; financed with UK aid; from UK production line,0.06,6.0,6.0
Ukraine,United States,2022,250.0,AIM-120C AMRAAM,long-range air-to-air missile,250.0,2022; 2023,Second hand,Second-hand; aid after 2022 Russian invasion of Ukraine; for NASAMS-2 SAM systems,0.24,60.0,60.0
United Arab Emirates,United States,2009,1262.0,AGM-114L Hellfire Longbow,anti-tank missile,1262.0,2012; 2013,New,AGM-114N version,0.07,88.34,88.34
United Arab Emirates,United States,2004,50.0,Paveway,guided bomb,50.0,2005,New,Paveway-3 version,0.02,1.0,1.0
United Arab Emirates,United States,2002,240.0,AGM-114L Hellfire Longbow,anti-tank missile,240.0,2005,New,AGM-114L3 version; for AH-64D heliciopters,0.07,16.8,16.8
United Arab Emirates,United States,2007,10.0,S-70 Black Hawk,transport helicopter,10.0,2008,New,S-70A version,7.25,72.5,72.5
United Arab Emirates,United States,2014,24.0,Archangel-BPA,ground-attack aircraft,24.0,2015; 2016; 2017,New,Assembled in United Arab Emirates,4.9,117.6,117.6
United Arab Emirates,United States,2016,96.0,ESSM Block-1,surface-to-air missile,96.0,2018; 2019,New,For Baynunah corvettes,0.4,38.4,38.4
United Arab Emirates,United States,2001,2.0,C-130H Hercules,transport aircraft,2.0,2001; 2002,Second hand,Second-hand; L-100-30 version; modernized in UK before delivery,11.2,22.4,22.4
United Arab Emirates,United States,2022,96.0,MIM-401 Talon,anti-ballistic missile missile,,,New,,5.5,528.0,0.0
United Arab Emirates,United States,2019,452.0,MIM-104 PAC-3 MSE,anti-ballistic missile missile,452.0,2021; 2022; 2023; 2024; 2025,New,For Patriot air-defence systems,1.5,678.0,678.0
United Arab Emirates,United States,2014,553.0,Caiman,armoured personnel carrier,553.0,2016; 2017; 2018; 2019,Second hand,Second-hand,0.1,55.3,55.3
United Arab Emirates,United States,2017,2.0,DB-110,aircraft reconnaissance system,2.0,2018; 2019,New,MS-110 version; for 2 Global Express-6000 SIGINT aircraft from Canada and UK,4.0,8.0,8.0
United Arab Emirates,United States,2017,400.0,vehicle engine,vehicle engine,400.0,2019; 2020; 2021; 2022; 2023,New,Caterpillar 600BG-2384 (600hp) diesel engine for 400 Rabdan infantry fighting vehicles from Turkiye,0.08,32.0,32.0
United Arab Emirates,United States,2007,100.0,CBU-97 SFW,guided bomb,100.0,2008; 2009,New,CBU-105 version,0.15,15.0,15.0
United Arab Emirates,United States,2003,202.0,JDAM,guided bomb,202.0,2006,New,,0.02,4.04,4.04
United Arab Emirates,United States,1998,1673.0,Paveway,guided bomb,1423.0,2000; 2001; 2002; 2003; 2004,New,Incl GBU-10 and GBU-12 Paveway-2 and GBU-24 Paveway-3,0.02,33.46,28.46
United Arab Emirates,United States,2008,938.0,Paveway,guided bomb,938.0,2010; 2011; 2012; 2013,New,Incl 450 GBU-24 Paveway-3 and 488 GBU-12 Paveway-2,0.02,18.76,18.76
United Arab Emirates,United States,2008,300.0,JDAM,guided bomb,300.0,2011; 2012,New,,0.02,6.0,6.0
United Arab Emirates,United States,2010,26.0,S-70 Black Hawk,transport helicopter,26.0,2011; 2012,New,Armed UH-60M version,7.25,188.5,188.5
United Arab Emirates,United States,2008,10.0,S-70 Black Hawk,transport helicopter,10.0,2009; 2010,New,,7.25,72.5,72.5
United Arab Emirates,United States,2009,14.0,S-70 Black Hawk,transport helicopter,14.0,2012; 2013,New,$209 m deal; UH-60M armed version,7.25,101.5,101.5
United Arab Emirates,United States,2010,500.0,AGM-65 Maverick,air-to-surface missile,500.0,2011; 2012; 2013,New,$170 m deal; AGM-65D and AGM-65G version,0.15,75.0,75.0
United Arab Emirates,United States,2007,30.0,APG-78 Longbow,combat helicopter radar,30.0,2008; 2009,New,For AH-64D combat helicopters,3.0,90.0,90.0
United Arab Emirates,United States,2015,390.0,GMLRS,guided rocket,390.0,2017,New,,0.08,31.2,31.2
United Arab Emirates,United States,2011,50.0,M-ATV,armoured personnel carrier,50.0,2011,New,$27 m deal,0.25,12.5,12.5
United Arab Emirates,United States,2011,6.0,DB-110,aircraft reconnaissance system,6.0,2013,New,$81 m deal,4.0,24.0,24.0
United Arab Emirates,United States,2010,250.0,CBU-97 SFW,guided bomb,250.0,2011; 2012,New,,0.15,37.5,37.5
United Arab Emirates,United States,2000,80.0,F-16E,fighter/ground-attack aircraft,80.0,2004; 2005; 2006; 2007; 2008,New,$5 b deal (incl $400 m for engines; $3 b advance payments incl for development of avionics and radar; part of $6.8 b deal); incl 25 F-16F version,37.5,3000.0,3000.0
United Arab Emirates,United States,2008,1000.0,FGM-148 Javelin,anti-tank missile,1000.0,2009; 2010,New,,0.03,30.0,30.0
United Arab Emirates,United States,2005,8.0,Cessna-208 Caravan,light transport aircraft,8.0,2005; 2006; 2007,New,Cessna-208B version,1.0,8.0,8.0
United Arab Emirates,United States,2005,16.0,aircraft engine,aircraft engine,16.0,2006; 2009; 2010,New,Lycoming T-55-L-712E (3750hp) turboshaft engine for modernization of 8 CH-47C helicopters; from production line in Italy,1.1,17.6,17.6
United Arab Emirates,United States,2007,150.0,RIM-116A RAM,surface-to-air missile,150.0,2011; 2012; 2013; 2015; 2016,New,For Baynunah corvettes; RIM-116 Block-1B version,0.14,21.0,21.0
United Arab Emirates,United States,2007,4.0,Dash-8,transport aircraft,4.0,2007,Second hand,Second-hand; for conversion to maritime patrol aircraft,3.6,14.4,14.4
United Arab Emirates,United States,2008,9.0,Patriot Configuration-3,surface-to-air missile system,9.0,2012; 2013; 2014,New,,55.0,495.0,495.0
United Arab Emirates,United States,2009,224.0,AIM-120C AMRAAM,long-range air-to-air missile,224.0,2013; 2014,New,Part of $326 m deal; AIM-120C-7 version,0.6,134.4,134.4
United Arab Emirates,United States,2011,2.0,THAAD,anti-ballistic missile system,2.0,2015; 2016,New,$2.5 b deal,700.0,1400.0,1400.0
United Arab Emirates,United States,2008,292.0,MIM-104 PAC-3,anti-ballistic missile missile,292.0,2012; 2013; 2014,New,For Patriot air-defence systems,0.8,233.6,233.6
United Arab Emirates,United States,2009,6.0,C-17A Globemaster-3,heavy transport aircraft,6.0,2011; 2012,New,,140.0,840.0,840.0
United Arab Emirates,United States,2015,100.0,ATACMS Block-1A,surface-to-surface missile,100.0,2018; 2019,New,$174 m deal; for use with HIMARS multiple rocket launcher,2.0,200.0,200.0
United Arab Emirates,United States,2010,24.0,AT-802U,ground-attack aircraft,24.0,2010; 2011; 2012; 2013; 2014,New,,4.9,117.6,117.6
United Arab Emirates,United States,2010,1.0,F-16E,fighter/ground-attack aircraft,1.0,2012,New,,37.5,37.5,37.5
United Arab Emirates,United States,2015,12.0,HIMARS,multiple rocket launcher,12.0,2018,New,$143 m deal,2.2,26.4,26.4
United Arab Emirates,United States,2013,30.0,Bell-407,light helicopter,30.0,2014; 2015; 2016,New,Bell-407MRH or Bell-407GX armed version,1.3,39.0,39.0
United Arab Emirates,United States,2012,750.0,M-ATV,armoured personnel carrier,750.0,2013,New,AED1.4 b ($380 m) deal,0.25,187.5,187.5
United Arab Emirates,United States,2023,106.0,MaxxPro,armoured personnel carrier,106.0,2024; 2025,Second hand but modernized,Second-hand but modernized before delivery,0.21,22.39,22.39
United Arab Emirates,United States,2006,96.0,ESSM Block-1,surface-to-air missile,96.0,2015,New,For Baynunah corvettes,0.4,38.4,38.4
United Arab Emirates,United States,2013,2000.0,Talon,air-to-surface missile,2000.0,2015; 2016; 2017; 2018,New,$117 m deal; for AH-64D and UH-60 combat helicopters,0.01,20.0,20.0
United Arab Emirates,United States,2018,300.0,AIM-9X Sidewinder,long-range air-to-air missile,300.0,2019; 2020; 2021,New,,0.18,54.0,54.0
United Arab Emirates,United States,2007,30.0,AH-64D Apache Longbow,combat helicopter,30.0,2008; 2009,New,Part of $1.5 b deal; UAE AH-64A rebuilt to AH-64D Longbow version,15.5,465.0,465.0
United Arab Emirates,United States,2015,2.0,C-17A Globemaster-3,heavy transport aircraft,2.0,2015,New,AED2.3 b (USD270 m) deal,140.0,280.0,280.0
United Arab Emirates,United States,2008,1560.0,GMLRS,guided rocket,1560.0,2011; 2012,New,Part of $752 m deal; for use with HIMARS MRL,0.08,124.8,124.8
United Arab Emirates,United States,2011,100.0,ATACMS Block-1A,surface-to-surface missile,100.0,2013,New,ATACMS Block-1A version,2.0,200.0,200.0
United Arab Emirates,United States,2014,44.0,M-ATV,armoured personnel carrier,44.0,2016,Second hand,Second-hand,0.1,4.4,4.4
United Arab Emirates,United States,2020,331.0,FGM-148 Javelin,anti-tank missile,331.0,2020,New,,0.03,9.93,9.93
United Arab Emirates,United States,2017,1000.0,AGM-114 Hellfire-2,anti-tank/air-to-surface missile,1000.0,2018,New,,0.05,50.0,50.0
United Arab Emirates,United States,2016,200.0,RIM-116A RAM,surface-to-air missile,200.0,2018; 2019; 2020,New,RAM-116 Block-1A and Block-2 version; for Baynunah and FOPV-850 (Arialah) corvettes,0.14,28.0,28.0
United Arab Emirates,United States,2017,1500.0,JDAM,guided bomb,1500.0,2018,New,,0.02,30.0,30.0
United Arab Emirates,United States,2016,3504.0,JDAM,guided bomb,3504.0,2017; 2018,New,GBU-31 version,0.02,70.08,70.08
United Arab Emirates,United States,2014,1085.0,MaxxPro,armoured personnel carrier,1085.0,2017; 2018,New,Second-hand but rebuilt to new condition before delivery,0.32,347.2,347.2
United Arab Emirates,United States,2015,100.0,vehicle engine,vehicle engine,100.0,2016; 2017; 2018; 2019,New,Cummins ISB-4 (450hp) diesel engine for 100 N-35 armoured personnel carriers from South Africa,0.08,8.0,8.0
United Arab Emirates,United States,2017,100.0,MIM-104 PAC-2,surface-to-air missile,100.0,2019; 2020,New,Patriot GEM-T version; for Patriot air-defence systems,1.0,100.0,100.0
United Arab Emirates,United States,2012,192.0,MIM-401 Talon,anti-ballistic missile missile,192.0,2015; 2016; 2017; 2018; 2019,New,For THAAD SAM system,5.5,1056.0,1056.0
United Arab Emirates,United States,2014,10.0,RQ-1 Predator,reconnaissance drone,10.0,2017,New,AED722 m ($200 m) deal; Predator XP (RQ-1E) version,2.0,20.0,20.0
United Arab Emirates,United States,2021,1000.0,AGM-114 Hellfire-2,anti-tank/air-to-surface missile,1000.0,2022; 2023; 2024,New,,0.05,50.0,50.0
United Arab Emirates,United States,2017,13640.0,Paveway,guided bomb,13640.0,2018; 2019; 2020; 2021; 2022,New,AED2.5 b ($680 m) deal; GBU-10 Paveway-2 and GBU-12 Paveway-2 versions,0.02,272.8,272.8
United Arab Emirates,United States,2018,4.0,Patriot Configuration-3,surface-to-air missile system,4.0,2021; 2022; 2023,New,$1.6 b deal,55.0,220.0,220.0
United Arab Emirates,United States,2002,49.0,AGM-114 Hellfire-2,anti-tank/air-to-surface missile,49.0,2005,New,AGM-114M3 version; for AH-64D heliciopters,0.05,2.45,2.45
United Arab Emirates,United States,2008,4.0,CH-47F Chinook,transport helicopter,4.0,2010,New,,20.0,80.0,80.0
United Arab Emirates,United States,2011,12.0,CH-47F Chinook,transport helicopter,12.0,2012; 2013; 2014; 2015,New,,20.0,240.0,240.0
United Arab Emirates,United States,2002,267.0,AIM-9M Sidewinder,short-range air-to-air missile,267.0,2004; 2005; 2006,New,For F-16E combat aircraft,0.12,32.04,32.04
United Arab Emirates,United States,2008,20.0,HIMARS,multiple rocket launcher,20.0,2013,New,,2.2,44.0,44.0
United Arab Emirates,United States,2019,60.0,RIM-116C RAM Block-2B,surface-to-air missile,60.0,2023; 2024,New,For Gowind-2500 frigates,0.25,15.0,15.0
United Arab Emirates,United States,2018,38.0,AH-64E Apache,combat helicopter,32.0,2023; 2024; 2025,New,Including 27 UAE AH-64D rebuilt to AH-64E,15.0,570.0,480.0
United Arab Emirates,United States,2003,491.0,AIM-120A AMRAAM,long-range air-to-air missile,491.0,2004; 2005; 2006; 2007,New,AIM-120B version; or F-16E combat aircraft,0.4,196.4,196.4
United Arab Emirates,United States,2001,153.0,AGM-88B HARM,anti-radar missile,153.0,2006; 2007,New,AGM-88C version; for F-16E combat aircraft,0.25,38.25,38.25
United Arab Emirates,United States,2002,1163.0,AGM-65 Maverick,air-to-surface missile,1163.0,2003; 2004; 2005; 2006; 2007,New,For F-16E combat aircraft; incl AGM-65G version,0.15,174.45,174.45
United Arab Emirates,United States,2003,12.0,Harpoon Block-1,anti-ship missile,12.0,2005,New,$40 m deal; AGM-84 version for F-16E combat aircraft,0.9,10.8,10.8
United Arab Emirates,United States,2014,5000.0,GBU-39 SDB,guided glide bomb,5000.0,2015; 2016; 2017; 2018; 2019,New,,0.02,100.0,100.0
United Arab Emirates,United States,2020,25.0,AAQ-33 Sniper ATP,aircraft electro-optical system,25.0,2022; 2023,New,For Mirage-2000-9 combat aircraft,1.0,25.0,25.0
United Arab Emirates,United States,2019,150.0,MIM-104 PAC-2,surface-to-air missile,150.0,2021; 2022; 2023,New,$356 m deal; Patriot GEM-T version; for Patriot air-defence systems,1.0,150.0,150.0
United Arab Emirates,United States,2018,60.0,MIM-104 PAC-3 MSE,anti-ballistic missile missile,60.0,2020,New,For Patriot air-defence systems,1.5,90.0,90.0
United Arab Emirates,United States,2008,216.0,MIM-104 PAC-2,surface-to-air missile,216.0,2012; 2013; 2014,New,Patriot GEM-T version; for Patriot air-defence systems,1.0,216.0,216.0
United Arab Emirates,United States,1998,24.0,Harpoon Block-1,anti-ship missile,9.0,2000; 2001,New,RGM-84G-4 version for Kortenaer (Abu Dhabi) frigates,0.9,21.6,8.1
United Arab Emirates,United States,2000,40.0,AAQ-33 Sniper ATP,aircraft electro-optical system,40.0,2004; 2005; 2006; 2007; 2008,New,For F-16 combat aircraft,1.0,40.0,40.0
United Arab Emirates,United States,2014,3600.0,JDAM,guided bomb,3600.0,2015; 2016,New,,0.02,72.0,72.0
United Kingdom,United States,2015,750.0,Paveway,guided bomb,750.0,2016; 2017,New,GBP42 m ($65 m) deal,0.02,15.0,15.0
United Kingdom,United States,2002,7.0,King Air,light transport aircraft,7.0,2003; 2004,New,Bought and operated by civilian company for training of UK pilots; King Air B-200 version,2.85,19.95,19.95
United Kingdom,United States,2001,8.0,Cougar,armoured personnel carrier,8.0,2002; 2003,New,$3.6 m deal; UK designation MPV and Tempest,0.35,2.8,2.8
United Kingdom,United States,2006,1.0,C-17A Globemaster-3,heavy transport aircraft,1.0,2008,New,Delivery 2008,140.0,140.0,140.0
United Kingdom,United States,2025,12.0,F-35A Lightning-2,fighter/ground-attack aircraft,,,New,F-35A Block-4 version; incl for use with US nuclear bombs (under US control); incl production of components in United Kingdom; selected but not yet ordered by end-2025,55.0,660.0,0.0
United Kingdom,United States,2003,1.0,Watchman,air-search radar,1.0,2003,Second hand,Second-hand,2.0,2.0,2.0
United Kingdom,United States,2006,30.0,Cougar,armoured personnel carrier,30.0,2007,New,Incl 15 Cougar 4x4 and 15 Cougar 6x6 version; for training,0.35,10.5,10.5
United Kingdom,United States,2021,1.0,MQ-9 Reaper,armed drone,1.0,2023,New,$13 m deal,7.5,7.5,7.5
United Kingdom,United States,2006,126.0,F-35B Lightning-2,fighter/ground-attack aircraft,41.0,2012; 2013; 2016; 2017; 2018; 2019; 2020; 2021; 2022; 2023; 2024; 2025,New,'FCJA' or 'JCA' programme; incl production of components in United Kingdom; 126 planned of which 48 ordered by end-2025; delivery of 1st 75 planned by 2033,60.0,7560.0,2460.0
United Kingdom,United States,2016,50.0,AH-64E Apache,combat helicopter,50.0,2020; 2021; 2022; 2023; 2024; 2025,New,AH-64E Version-6 version; incl production of components in UK and components from deleted UK WAH-64D helicopters; UK designation Apache AH-2,15.0,750.0,750.0
United Kingdom,United States,2016,9.0,P-8A Poseidon,anti-submarine aircraft,9.0,2019; 2020; 2021; 2022,New,GBP3 b ($3.9 b) deal; UK designation Poseidon MRA-1,125.0,1125.0,1125.0
United Kingdom,United States,2025,,AGM-179 JAGM,air-to-surface missile,,,New,For AH-64E combat helicopters,0.0,0.0,0.0
United Kingdom,United States,2023,5.0,Mk-41 VLS,naval surface-to-air missile system,,,New,For Type-31 frigates produced in UK,20.0,100.0,0.0
United Kingdom,United States,1990,15.0,C-130J Hercules,transport aircraft,14.0,2000; 2001,New,Part of $1.56 b deal (offsets 100%); C-130J-30 version; UK designation Hercules C-4,40.0,600.0,560.0
United Kingdom,United States,1994,10.0,C-130J Hercules,transport aircraft,7.0,2000,New,Part of $1.56 b deal (offsets 100%); UK designation Hercules C-5,40.0,400.0,280.0
United Kingdom,United States,2018,50.0,Mk-54 LWT,anti-submarine torpedo,50.0,2020; 2021; 2022,New,For P-8A anti-submarine aircraft,0.5,25.0,25.0
United Kingdom,United States,2022,600.0,FGM-148 Javelin,anti-tank missile,,,New,Delivery planned 2026-2028,0.03,18.0,0.0
United Kingdom,United States,2010,5.0,MQ-9 Reaper,armed drone,5.0,2014,New,For use in Afghanistan,7.5,37.5,37.5
United Kingdom,United States,1996,67.0,AH-64D Apache,combat helicopter,67.0,2000; 2001; 2002; 2003; 2004,New,$2.8-3.95 b deal (offsets 100% incl assembly and production of components in UK); WAH-64D version; UK designation Apache AH-1,13.3,891.1,891.1
United Kingdom,United States,1996,1600.0,AGM-114 Hellfire-2,anti-tank/air-to-surface missile,1600.0,2000; 2001; 2002; 2003; 2004,New,AGM-114K version; for AH-64D combat helicopters; assembled/produced under licence in UK,0.05,80.0,80.0
United Kingdom,United States,1999,5.0,ASTOR,ground-surveillance radar,5.0,2007,New,Part of $1.3 b deal (offsets 100% incl production of 4 in UK); for modification of 5 BD-700 transport aircraft from Canada to AGS aircraft,25.0,125.0,125.0
United Kingdom,United States,2003,3871.0,FGM-148 Javelin,anti-tank missile,3871.0,2005; 2006; 2007,New,GBP300 m ($459-490 m) 'LFATGWS' programme (offsets 100% incl production of components in UK),0.03,116.13,116.13
United Kingdom,United States,2011,14.0,CH-47F Chinook,transport helicopter,14.0,2014; 2015,New,GBP1 b ($1.6 b) 'FRC Land Lift (Heavy)' programme (incl 5 years support; offsets incl production of components in UK); UK designation Chinook HC-6,20.0,280.0,280.0
United Kingdom,United States,2005,2844.0,GMLRS,guided rocket,2844.0,2007; 2008; 2009; 2010; 2011; 2012,New,GBP250 m ($475 m) programme (incl first $60 m deal in 2005; 12.5% of development financed by UK; incl production of warhead and other components in UK); for use with MLRS and LIMAWS(R) MRL,0.08,227.52,227.52
United Kingdom,United States,2004,1200.0,FGM-148 Javelin,anti-tank missile,1200.0,2007; 2008,New,GBP100 m ($179 m) deal (offsets 100% incl production of components in UK),0.03,36.0,36.0
United Kingdom,United States,2006,108.0,Cougar,armoured personnel carrier,108.0,2006; 2007,New,For use in Afghanistan and Iraq; UK designation MPV or Mastiff,0.35,37.8,37.8
United Kingdom,United States,2003,2303.0,Paveway,guided bomb,2303.0,2008; 2009; 2010; 2011; 2012; 2013,New,GBP120 m ($190 m) 'PGB' programme; Paveway-4 version,0.02,46.06,46.06
United Kingdom,United States,2008,24.0,Cougar,armoured personnel carrier,24.0,2009,New,$15 m deal; UK designation Mastiff-2,0.35,8.4,8.4
United Kingdom,United States,2009,97.0,Cougar,armoured personnel carrier,97.0,2010; 2011,New,$123 m 'TSV (Heavy)' programme; Wolfhound ALV version,0.35,33.95,33.95
United Kingdom,United States,2008,14.0,Cougar,armoured personnel carrier,14.0,2009,New,$19 m deal; Buffalo version,0.35,4.9,4.9
United Kingdom,United States,2009,1300.0,FGM-148 Javelin,anti-tank missile,1300.0,2010; 2011; 2012,New,$176 m deal,0.03,39.0,39.0
United Kingdom,United States,2012,250.0,Paveway,guided bomb,250.0,2014,New,Paveway-4 version; produced in UK,0.02,5.0,5.0
United Kingdom,United States,2007,1.0,C-17A Globemaster-3,heavy transport aircraft,1.0,2008,New,GBP130 m deal,140.0,140.0,140.0
United Kingdom,United States,2007,4.0,King Air-350 ISR,ground surveillance aircraft,4.0,2009,New,UK designation Shadow R-1; possibly incl for SIGINT; lease,11.0,44.0,44.0
United Kingdom,United States,2008,174.0,Cougar,armoured personnel carrier,174.0,2009,New,For use in Afghanistan and Iraq; UK designation MPV or Mastiff-2,0.35,60.9,60.9
United Kingdom,United States,2008,2.0,MQ-9 Reaper,armed drone,2.0,2009,New,For use in Afghanistan,7.5,15.0,15.0
United Kingdom,United States,2008,157.0,Cougar,armoured personnel carrier,157.0,2008; 2009,New,$94 m deal; Cougar 4x4 version; UK designation Ridgeback,0.35,54.95,54.95
United Kingdom,United States,2007,100.0,Paveway,guided bomb,100.0,2008; 2009,New,GBU-12 Paveway-2 version; for MQ-9 armed UAV,0.02,2.0,2.0
United Kingdom,United States,2006,40.0,AGM-65 Maverick,air-to-surface missile,40.0,2007,New,AGM-65D version,0.15,6.0,6.0
United Kingdom,United States,2010,37.0,Cougar,armoured personnel carrier,37.0,2010; 2011,New,UK designation Mastiff-2,0.35,12.95,12.95
United Kingdom,United States,2009,20.0,Cougar,armoured personnel carrier,20.0,2011,New,Cougar 4x4 version; UK designation Ridgeback,0.35,7.0,7.0
United Kingdom,United States,2007,3.0,King Air,light transport aircraft,3.0,2009,New,Bought and operated by civilian company for training of UK pilots; King Air B-200GT version,2.85,8.55,8.55
United Kingdom,United States,2009,1.0,C-17A Globemaster-3,heavy transport aircraft,1.0,2010,New,,140.0,140.0,140.0
United Kingdom,United States,2010,23.0,Cougar,armoured personnel carrier,23.0,2010; 2011,New,$16 m deal; UK designation Mastiff-2,0.35,8.05,8.05
United Kingdom,United States,2010,28.0,Cougar,armoured personnel carrier,28.0,2010; 2011,New,GBP20 m ($30 m) deal; Wolfhound ALV version,0.35,9.8,9.8
United Kingdom,United States,1996,68.0,APG-78 Longbow,combat helicopter radar,68.0,2000; 2001; 2002; 2003; 2004,New,For 67 AH-64D (WAH-64D) combat helicopters,3.0,204.0,204.0
United Kingdom,United States,2012,1.0,C-17A Globemaster-3,heavy transport aircraft,1.0,2012,New,GBP200 m deal,140.0,140.0,140.0
United Kingdom,United States,2011,47.0,Cougar,armoured personnel carrier,47.0,2011,New,$27 m deal; UK designation Mastiff-2,0.35,16.45,16.45
United Kingdom,United States,2010,1.0,King Air-350 ISR,ground surveillance aircraft,1.0,2011,New,UK designation Shadow R-1; possibly incl for SIGINT,11.0,11.0,11.0
United Kingdom,United States,2010,71.0,MXT-MV,armoured personnel carrier,71.0,2011,New,UK designation Husky,0.16,11.36,11.36
United Kingdom,United States,2001,1000.0,Paveway,guided bomb,1000.0,2002; 2003,New,GBP42 m deal; Enhanced Paveway-2 and Enhanced Paveway-3 version,0.02,20.0,20.0
United Kingdom,United States,2012,400.0,AGM-114 Hellfire-2,anti-tank/air-to-surface missile,400.0,2013,New,GBP29 m deal,0.05,20.0,20.0
United Kingdom,United States,2013,100.0,AGM-114 Hellfire-2,anti-tank/air-to-surface missile,100.0,2013,New,GBP15 m deal,0.05,5.0,5.0
United Kingdom,United States,2008,24.0,vehicle engine,vehicle engine,24.0,2008,New,Caterpillar-3126 (300hp) diesel engine for 24 Bushmaster armoured personnel carriers from Australia,0.03,0.72,0.72
United Kingdom,United States,2012,1.0,King Air-350 ISR,ground surveillance aircraft,1.0,2013,New,UK designation Shadow R-1,11.0,11.0,11.0
United Kingdom,United States,2008,4.0,King Air Maritime,maritime patrol aircraft,4.0,2011,New,For training; King Air-350ER version; UK designation Avenger T-1,7.5,30.0,30.0
United Kingdom,United States,2012,1.0,King Air,light transport aircraft,1.0,2013,New,King Air-300C version; for training,2.85,2.85,2.85
United Kingdom,United States,2013,4.0,BGM-109 Tomahawk,surface-to-surface missile,4.0,2015,New,Tomahawk Block-4 version,1.0,4.0,4.0
United Kingdom,United States,2019,3.0,Boeing-737 AEW&C,airborne early-warning aircraft,,,New,Original plan for 5 reduced 2021 to 3 for financial reasons; incl assembly and production of components in UK; delivery planned from 2026,250.0,750.0,0.0
United Kingdom,United States,2012,16.0,PW-2000/F-117,turbofan,16.0,2012; 2013,New,Part of $300 m deal; F-117 version; spares for C-17 transport aircraft,5.0,80.0,80.0
United Kingdom,United States,2008,1.0,MQ-9 Reaper,armed drone,1.0,2010,New,For use in Afghanistan,7.5,7.5,7.5
United Kingdom,United States,2010,3.0,RC-135 Rivet Joint,signals intelligence aircraft,3.0,2013; 2015; 2017,New,GBP680 m ($1 b) 'Project Helix' or 'Airseeker' deal; second-hand KC-135R tanker aircraft rebuilt to RC-135W,150.0,450.0,450.0
United Kingdom,United States,2007,10.0,AAQ-33 Sniper ATP,aircraft electro-optical system,10.0,2007,New,For Harrier GR-7 and GR-9 combat aircraft,1.0,10.0,10.0
United Kingdom,United States,2007,2.0,C-RAM/Centurion,anti-aircraft gun,2.0,2007,New,Leased from USA; for use in Iraq; more modified from UK naval Phalanx systems,7.0,14.0,14.0
United Kingdom,United States,2006,16.0,Mk-15 Phalanx,naval gun,16.0,2008; 2009; 2010,New,GBP35 m ($67 m) deal; UK Phalanx Block-1A rebuilt to Block-1B with components (incl new radar) from USA,7.0,112.0,112.0
United Kingdom,United States,2006,2.0,APY-8 Lynx,ground-surveillance radar,2.0,2007,New,Part of $77 m 'Project Dabinett'; for MQ-9 UAV,2.5,5.0,5.0
United Kingdom,United States,2014,20.0,BGM-109 Tomahawk,surface-to-surface missile,20.0,2016,New,BGM-109 Block-4 version; for use on submarines; replacing missiles used in operations,1.0,20.0,20.0
United Kingdom,United States,2015,500.0,AGM-114 Hellfire-2,anti-tank/air-to-surface missile,500.0,2016,New,,0.05,25.0,25.0
United Kingdom,United States,2016,10.0,T-6 Texan-2,(armed) trainer aircraft,10.0,2018,New,Part of 'MFTS' programme; for UK company for training UK armed forces in 'MFTS' programme; T-6C version; UK designation Texan T-1,2.0,20.0,20.0
United Kingdom,United States,1982,72.0,UGM-133A Trident-D5,submarine-launched ballistic missile,2.0,2004,New,For Vanguard (Trident) SSBN produced in UK; with UK nuclear warheads,35.0,2520.0,70.0
United Kingdom,United States,2021,14.0,MH-47G Chinook,transport helicopter,,,New,GBP1.4 b deal; armed H-47(ER) version; delivery planned from 2027,0.0,0.0,0.0
United Kingdom,United States,2006,3.0,MQ-9 Reaper,armed drone,3.0,2007; 2008,New,Part of $77 m 'Project Dabinett'; for use in Afghanistan,7.5,22.5,22.5
United Kingdom,United States,2009,262.0,MXT-MV,armoured personnel carrier,262.0,2009; 2010,New,$180 m 'TSV (Medium)' programme; UK designation Husky,0.16,41.92,41.92
United Kingdom,United States,2019,4.0,T-6 Texan-2,(armed) trainer aircraft,4.0,2020,New,Part of 'MFTS' programme; for UK company for training UK armed forces in 'MFTS' programme; T-6C version; UK designation Texan T-1,2.0,8.0,8.0
United Kingdom,United States,2020,16.0,Protector CPB,armed drone,16.0,2022; 2023; 2024; 2025,New,GBP260 m ($305 m) deal (part ofGBP415 m ($607 m) 'Protector' programme); Certifiable Protector-B version; UK designation Protector RG-1,7.5,120.0,120.0
United Kingdom,United States,2017,8.0,Mk-41 VLS,naval surface-to-air missile system,,,New,For 8 Type-26 frigates produced in UK,20.0,160.0,0.0
United Kingdom,United States,2016,3.0,Mk-45-4 127mm,naval gun,,,New,GBP183 m ($240 m) deal (incl option on 5); for 3 Type-26 frigates produced in United Kingdom,7.5,22.5,0.0
United Kingdom,United States,2022,13.0,L-159A ALCA,fighter/ground-attack aircraft,13.0,2022; 2023; 2024,Second hand,Second-hand; for 'Interim Red Air Aggressor Service' programme for training of UK armed forces; L-159E version,4.0,52.0,52.0
United Kingdom,United States,1997,1231.0,vehicle engine,vehicle engine,1140.0,2000; 2001; 2002; 2003; 2004; 2005; 2006; 2007; 2008; 2009; 2010; 2011; 2012,New,Cummins 6BTA-5.9 (235hp) diesel engine; for modernization of some 1300 Scimitar and Sabre reconnaissance vehicles and FV-432 armoured personnel carriers; probably produced under licence in United Kingdom,0.03,36.93,34.2
United Kingdom,United States,2000,20.0,Harpoon Block-1,anti-ship missile,20.0,2001,New,UGM-84 version,0.9,18.0,18.0
United Kingdom,United States,2002,6.0,Bell-412,helicopter,6.0,2002; 2003,New,Operated by civilian company for the UK armed forces pilot training and for SAR at UK base on Cyprus; Bell-412EP version; UK designation Griffin HT-1 and HAR-3; from Canadian production line,5.0,30.0,30.0
United Kingdom,United States,2012,1000.0,Paveway,guided bomb,1000.0,2013; 2014,New,GBP60 m deal; Paveway-4 version; replacing Paveway used in Libya war 2011,0.02,20.0,20.0
United Kingdom,United States,2012,400.0,Paveway,guided bomb,400.0,2013,New,GBP25 m deal; Paveway-4 version; produced in UK,0.02,8.0,8.0
United Kingdom,United States,2004,64.0,BGM-109 Tomahawk,surface-to-surface missile,64.0,2007; 2008; 2009; 2011,New,GBP70 m ($126-129 m) deal; BGM-109 Tomahawk Block-IV (Tactical Tomahawk) version; for Swiftsure and Trafalgar submarines,1.0,64.0,64.0
United Kingdom,United States,1995,980.0,AGM-114L Hellfire Longbow,anti-tank missile,980.0,2000; 2001; 2002; 2003,New,For AH-64D combat helicopters; produced under licence in UK,0.07,68.6,68.6
United Kingdom,United States,2012,5.0,Mk-15 Phalanx,naval gun,5.0,2015; 2016; 2017,New,GBP43 m ($69 m) deal; Phalanx Block-1B version for support ships,7.0,35.0,35.0
United Kingdom,United States,2009,92.0,aircraft engine,aircraft engine,92.0,2012; 2013; 2014; 2015; 2016,New,GBP128 m deal; Honeywell T-55-L-714 (4775hp) turboshaft for 'Project Julius' modernization of 38 CH-47 (Chinook HC-2) helicopters to Chinook HC-4 version (incl spare engines),1.5,138.0,138.0
United Kingdom,United States,2007,600.0,AGM-114 Hellfire-2,anti-tank/air-to-surface missile,600.0,2008; 2009; 2010; 2011; 2012,New,AGM-114N and AGM-114P versions,0.05,30.0,30.0
United Kingdom,United States,2017,1000.0,AGM-114 Hellfire-2,anti-tank/air-to-surface missile,1000.0,2017,New,AGM-114R1 and AGM-114R2 versions,0.05,50.0,50.0
United Kingdom,United States,1995,8.0,DB-110,aircraft reconnaissance system,2.0,2000,New,RAPTOR version; for Tornado combat aircraft,4.0,32.0,8.0
United Kingdom,United States,2022,200.0,AIM-120D AMRAAM,long-range air-to-air missile,80.0,2022; 2023; 2024; 2025,New,For F-35B combat aircraft,0.8,160.0,64.0
United Kingdom,United States,1995,8.0,MH-47E Chinook,transport helicopter,8.0,2000; 2001,New,GBP259 m ($365 m) deal; delivery delayed from 1998 to 2001 because of technical problems and kept in storage after delivery (never used operationally); originally delivered as MH-47E (Chinook HC-3) armed special operations version but due to technical pro,25.0,200.0,200.0
United Kingdom,United States,2000,4.0,C-17A Globemaster-3,heavy transport aircraft,4.0,2001,New,GBP650 m-GBP1 b 'STSA' 7-year lease (incl $230 m for training and support; bought after lease); C-17 Block-12 version,140.0,560.0,560.0
United Kingdom,United States,1999,20.0,BGM-109 Tomahawk,surface-to-surface missile,20.0,2001; 2002,New,GBP23 m ($50 m) deal; BGM-109 T-LAM Block-IIIC version; for Swiftsure and Trafalgar submarines,1.0,20.0,20.0
United Kingdom,United States,2002,22.0,BGM-109 Tomahawk,surface-to-surface missile,22.0,2003,New,$30 m deal; second-hand UGM-109C version modernized to BGM-109 T-LAM Block-IIIC version; for Swiftsure and Trafalgar submarines,1.0,22.0,22.0
United Kingdom,United States,2000,200.0,AGM-65 Maverick,air-to-surface missile,200.0,2000; 2001,New,GBP42 m ($60 m) deal; AGM-65G2 version; for Harrier GR-7 combat aircraft; ordered as result of experience in 1999 Kosovo War,0.15,30.0,30.0
United Kingdom,United States,2001,336.0,Stinger,portable surface-to-air missile,336.0,2003; 2004,New,Part of $89 m deal (for 1007 for Greece; Italy and UK),0.08,26.88,26.88
United Kingdom,United States,2023,,GMLRS,guided rocket,,,New,,0.08,0.0,0.0
United Kingdom,United States,2006,212.0,AIM-120C AMRAAM,long-range air-to-air missile,212.0,2006; 2007; 2008,New,UK AIM-120B missiles rebuilt to AIM-120C-5 version,0.6,127.2,127.2
United Kingdom,United States,2004,150.0,AIM-120C AMRAAM,long-range air-to-air missile,150.0,2006,New,$144 m deal,0.6,90.0,90.0
United Kingdom,United States,1997,6.0,AIM-120A AMRAAM,long-range air-to-air missile,6.0,2000,New,For Tornado F-3 combat aircraft,0.4,2.4,2.4
United Kingdom,United States,2021,61.0,M-270 MLRS,multiple rocket launcher,2.0,2025,New,UK M-270B1 rebuilt to M-270A2; delivery planned 2025-2029,2.2,134.2,4.4
United Kingdom,United States,2023,768.0,WGU-59 APKWS,air-to-surface missile,763.0,2024; 2025,New,For AH-64E combat helicopters,0.01,7.68,7.63
United Kingdom,United States,2006,56.0,aircraft engine,aircraft engine,56.0,2015; 2016,New,LHTEC CTS-800-4 (1350hp) turboshaft engine for 28 AW-159 (Wildcat) anti-submarine helicopters produced in United Kingdom,0.5,28.0,28.0
United Nations**,United States,2024,34.0,MaxxPro,armoured personnel carrier,34.0,2024,Second hand,Second-hand; aid; for use by UN Multinational Security Support mission in Haiti,0.13,4.35,4.35
United States,Germany,2015,6.0,G-120TP,trainer aircraft,6.0,2016,New,For civilian company for training of US military,0.4,2.4,2.4
United States,Spain,2017,19.0,Mirage F-1M,fighter/ground-attack aircraft,19.0,2019; 2020,Second hand,Second-hand (1 more delivered for spare parts); incl 1 Mirage F-1BM trainer/combat version; for US company for training of US armed forces,8.4,159.6,159.6
United States,France,2004,66.0,MO-120-RT 120mm,mortar,66.0,2008; 2010; 2011; 2012; 2013,New,'EFSS' programme; US designation M-327,0.3,19.8,19.8
United States,Sweden,2024,2.0,Giraffe-4A,air-search radar,,,New,SEK525 m ($48 m) deal; delivery planned from 2027,12.5,25.0,0.0
United States,Germany,2004,38.0,ship engine,ship engine,38.0,2010; 2014; 2015; 2016; 2017; 2018; 2019; 2020; 2021; 2022; 2023; 2024; 2025,New,MTU 20V-8000 (13400hp) diesel engine for 19 LCS-2 frigates produced in USA,4.0,152.0,152.0
United States,Singapore,2020,4.0,KC-135 Stratotanker,tanker/transport aircraft,4.0,2020; 2021,Second hand,Second-hand; owned and operated by US company and leased per hour to US armed forces,24.0,96.0,96.0
United States,Australia,2009,15.0,EPF,transport ship,14.0,2013; 2014; 2015; 2016; 2017; 2018; 2019; 2020; 2023; 2024; 2025,New,Previously 'JHSV' (Joint High Speed Vessel) programme; produced under licence in USA,30.0,450.0,420.0
United States,France,2017,45.0,Mirage F-1C,fighter/ground-attack aircraft,45.0,2020; 2021; 2022; 2023,Second hand,Second-hand (some 18 more delivered for spare parts); EUR300 m deal; for US company for training of US armed forces,6.4,288.0,288.0
United States,United Kingdom,2007,6.0,MT-30,gas turbine,4.0,2016; 2019,New,For 3 Zumwalt (DDG-1000 or DDX) destroyers produced in USA,12.0,72.0,48.0
United States,France,1996,104.0,ship engine,ship engine,52.0,2006; 2007; 2009; 2012; 2013; 2014; 2016; 2017; 2022; 2024,New,Colt-Pielstick PC-2.5 (10400hp) diesel engine for 26 San Antonio amphibious assault ships produced in USA; produced under licence in USA,3.0,312.0,156.0
United States,Italy,2018,632.0,ACV,armoured personnel carrier,315.0,2020; 2021; 2022; 2023; 2024; 2025,New,'ACV' (formerly 'MPC') programme; produced under licence in USA; incl ACV-P armoured personnel carrier version and chassis for ACV-R recovery; ACV-C command post and 150 ACV-30 infantry fighting vehicle versions,0.55,347.6,173.25
United States,Canada,2012,1.0,Global Express,transport aircraft,1.0,2012,New,$45 m deal; for modification in USA to E-11A BACN communications support aircraft; Global-6000 version,26.0,26.0,26.0
United States,Israel,2024,1920.0,Tamir,surface-to-air missile,,,New,For Iron Dome (MRIC or SkyHunter) air-defence systems; produced under licence in USA; delivery planned from 2026,0.15,288.0,0.0
United States,United Kingdom,2004,32.0,MT-30,gas turbine,32.0,2008; 2012; 2015; 2016; 2017; 2018; 2019; 2020; 2022; 2023; 2024; 2025,New,For 16 LCS-1 (Freedom) frigates produced in USA,12.0,384.0,384.0
United States,Sweden,2018,3141.0,BONUS-2,guided shell,3141.0,2018; 2019; 2020; 2021,New,,0.04,125.64,125.64
United States,Israel,2019,29.0,F-16A,fighter/ground-attack aircraft,29.0,2021; 2022; 2023; 2024,Second hand,Second-hand (modernized in USA after delivery); for US company for training of US armed forces; incl 3 F-16B trainer/combat version,8.26,239.54,239.54
United States,Sweden,2004,19.0,Giraffe-AMB,air-search radar,19.0,2010; 2014; 2015; 2016; 2017; 2018; 2019; 2020; 2021; 2022; 2023; 2024; 2025,New,Sea Giraffe AMB version for 17 Independence (LCS-2) frigates produced in USA; designated SPS-77 in USA,7.5,142.5,142.5
United States,United Kingdom,2011,179.0,air refuel system,air refuel system,100.0,2019; 2020; 2021; 2022; 2023; 2024; 2025,New,Produced under licence in USA; for 179 KC-46 tanker/transport aircraft produced in USA,10.0,1790.0,1000.0
United States,South Africa,2017,12.0,Cheetah-C,fighter/ground-attack aircraft,12.0,2019; 2020; 2021,Second hand,Second-hand; for US company for training of US armed forces; incl 3 Cheetah-B/D trainer/combat versions,8.0,96.0,96.0
United States,Sweden,2004,45.0,SAK-70 Mk-2 57mm,naval gun,45.0,2008; 2010; 2012; 2014; 2015; 2016; 2017; 2018; 2019; 2020; 2021; 2022; 2023; 2024; 2025,New,For 35 Freedom (LCS-1) and Independence (LCS-2) frigates and 10 Legend (NSC) patrol ships produced in USA; produced under licence in USA as Mk-110,2.5,112.5,112.5
United States,Norway,2016,83.0,Protector-MC,infantry fighting vehicle turret,83.0,2017; 2018,New,$329 m deal; for modernization of Stryker (Piranha) infantry fighting vehicles to M-1296 Dragoon version; produced under licence in USA,0.8,66.4,66.4
United States,United Kingdom,2005,22.0,Seaspray,maritime patrol aircraft radar,22.0,2008; 2009; 2010; 2011,New,Seaspray-7500E version; for modernization of 22 Coast Guard HC-130H MP aircraft,2.0,44.0,44.0
United States,Spain,2018,3.0,C-295,transport aircraft,3.0,2021,New,C-295W version; possibly for conversion to ISR aircraft,12.5,37.5,37.5
United States,Germany,2009,15.0,Do-328,transport aircraft,15.0,2009; 2010; 2011; 2012; 2013,Second hand,Second-hand; US designation C-146 Wolfhound,3.4,51.0,51.0
United States,Japan,2024,,MIM-104 PAC-3 MSE,anti-ballistic missile missile,10.0,2025,New,US design produced in Japan for USA; for Patriot air-defence systems,1.5,0.0,15.0
United States,Brazil,2020,3.0,EMB-314 Super Tucano,trainer/combat aircraft,3.0,2021; 2022,New,'Combat Aviation Advisor' programme; A-29B version; produced under licence in USA,4.5,13.5,13.5
United States,Netherlands,2006,4.0,SP-2600,patrol boat,4.0,2007; 2008; 2009,New,Marine Protector version; produced under licence in USA,4.2,16.8,16.8
United States,Canada,2020,3.0,aircraft engine,aircraft engine,3.0,2021; 2022,New,Pratt & Whitney Canada PT-6A-68T (120hp) turboprop engine for 3 EMB-314 (A-29B) trainer/combat aircraft from Brazil,0.5,1.5,1.5
United States,Germany,2016,40.0,ship engine,ship engine,8.0,2022; 2023; 2024,New,Fairbanks Morse-MAN 12V48/60 (19000hp) diesel engine for 20 John Lewis support ships produced in USA; produced under licence in USA,5.0,200.0,40.0
United States,Switzerland,2020,22.0,F-5E Tiger-2,fighter/ground-attack aircraft,,,Second hand,Second-hand; $40 m deal; incl 4-6 F-5F combat/trainer version; for training; modified after delivery in USA to F-5N+ and F-5F+ versions; delivery planned by 2028,4.2,92.4,0.0
United States,Switzerland,2003,44.0,F-5E Tiger-2,fighter/ground-attack aircraft,44.0,2003; 2004; 2005; 2006; 2007; 2008,Second hand,Second-hand; $19 m deal; incl 3 F-5F combat/trainer versions; for use as 'enemy' in training; US designation F-5N,4.2,184.8,184.8
United States,Canada,2022,75.0,aircraft engine,aircraft engine,14.0,2025,New,Pratt & Whitney Canada PT-6A-67 turboprop for 75 AT-802U (OA-1K)combat aircraft produced in USA,0.5,37.5,7.0
United States,France,2004,34.0,ship engine,ship engine,34.0,2008; 2012; 2015; 2016; 2017; 2018; 2019; 2020; 2022; 2023; 2024; 2025,New,Semt-Pielstick 16PA6B (9100hp) diesel engine for 16 LCS-1 (Freedom) frigates produced in USA and modernization of 1 LCS-1; produced under licence in USA,3.0,102.0,102.0
United States,Norway,2018,1200.0,NSM,anti-ship missile,484.0,2019; 2021; 2022; 2023; 2024; 2025,New,For 'Over-the-Horizon Missile' programme for LCS and Constellation frigates; San Antonio landing ships; and for NMESIS coastal defence systems; US designation RGM-184A,1.0,1200.0,484.0
United States,Italy,2020,130.0,AW-119 Koala,light helicopter,130.0,2021; 2022; 2023; 2024; 2025,New,$648 m 'TH-XX' programme; for training; TH-119 version; US designation TH-73A Thrasher; produced under licence in USA,2.25,292.5,292.5
United States,France,2017,141.0,Atar-9,turbojet,141.0,2019; 2020,Second hand,Probably second-hand; spares for Mirage F-1C combat aircraft; part of EUR300 m deal for 63 Mirage F-1C for US company for training of US armed forces,0.6,84.6,84.6
United States,Switzerland,1996,748.0,T-6 Texan-2,(armed) trainer aircraft,747.0,2000; 2001; 2002; 2003; 2004; 2005; 2006; 2007; 2008; 2009; 2010; 2011; 2012; 2013; 2014; 2015; 2016,New,$7 b 'JPATS' programme (incl $4.7 b for aircraft only); incl T-6A and T-6B versions,2.0,1496.0,1494.0
United States,United Kingdom,1997,8.0,M-777 155mm,towed gun,8.0,2000; 2001,New,Produced under licence in USA,1.0,8.0,8.0
United States,United Kingdom,1997,1.0,Cyclone,patrol boat,1.0,2000,New,$23 m deal,21.5,21.5,21.5
United States,Israel,1998,250.0,Popeye,air-to-surface missile,250.0,2000; 2001; 2002; 2003; 2004; 2005,New,US designation AGM-142 Raptor or Have Nap,0.9,225.0,225.0
United States,Austria,1999,33.0,Pandur,armoured personnel carrier,33.0,2000; 2001; 2006; 2007,New,US designation AGMS (Armored Ground Mobility System),0.3,9.9,9.9
United States,Canada,2000,2123.0,LAV-3,armoured personnel carrier,2123.0,2002; 2003; 2004; 2005; 2006; 2007,New,Stryker version; incl command post; anti-tank and mortar carrier versions; incl production of components in USA,0.3,636.9,636.9
United States,United Kingdom,2005,275.0,L-118 105mm,towed gun,275.0,2006; 2007; 2008; 2009; 2010; 2011; 2012; 2013,New,L-119 version; US designation M-119,0.6,165.0,165.0
United States,Israel,2004,2.0,Aerostar,reconnaissance drone,2.0,2004,New,For training,0.1,0.2,0.2
United States,South Africa,2003,1311.0,RG-31 Nyala,armoured personnel carrier,1311.0,2004; 2005; 2006; 2007; 2008,New,Mainly for use in Iraq and Afghanistan; incl production in USA and from Canadian production line,0.18,235.98,235.98
United States,Canada,2004,640.0,LAV-3,armoured personnel carrier,640.0,2007; 2008; 2009,New,Stryker version; incl command post; anti-tank and mortar carrier versions; incl production of components in USA,0.3,192.0,192.0
United States,Israel,2001,40.0,Litening,aircraft electro-optical system,40.0,2001; 2003; 2004; 2005,New,Litening-2 and Litening-ER versions; for F-16 and AV-8B combat aircraft; US designation AN/AAQ-28,1.0,40.0,40.0
United States,Israel,2002,16.0,Litening,aircraft electro-optical system,16.0,2002; 2003,New,$19.3 m deal; Litening-ER version; for F-16 combat aircraft; US designation AN/AAQ-28,1.0,16.0,16.0
United States,Israel,2003,24.0,Litening,aircraft electro-optical system,24.0,2003,New,$33 m deal; Litening-ER version; for F-15E; F-16; A-10 and B-52 combat aircraft; US designation AN/AAQ-28,1.0,24.0,24.0
United States,Israel,2005,24.0,Litening,aircraft electro-optical system,24.0,2006,New,Litening-AT version; for F/A-18 combat aircraft; US designation AN/AAQ-28,1.0,24.0,24.0
United States,Israel,1999,32.0,Litening,aircraft electro-optical system,32.0,2000; 2001,New,$53 m deal; Litening-2 version; for F-16 combat aircraft; US designation AN/AAQ-28,1.0,32.0,32.0
United States,Israel,2000,9.0,Litening,aircraft electro-optical system,9.0,2000,New,Part of $25 m deal; Litening-2 version; for AV-8B combat aircraft; US designation AN/AAQ-28,1.0,9.0,9.0
United States,Israel,2001,47.0,Litening,aircraft electro-optical system,47.0,2001; 2002,New,$55-73 m deal; Litening-2 version; for AV-8B combat aircraft; US designation AN/AAQ-28,1.0,47.0,47.0
United States,Israel,2004,8.0,Litening,aircraft electro-optical system,8.0,2004,New,$10.3 m deal; Litening-AT version; for F/A-18 combat aircraft; assembled/produced in USA; US designation AN/AAQ-28,1.0,8.0,8.0
United States,Canada,2011,292.0,LAV-3,armoured personnel carrier,292.0,2012; 2013,New,Stryker DVH version,0.3,87.6,87.6
United States,Israel,2007,60.0,Golan,armoured personnel carrier,60.0,2007,New,$37 m deal; part of 'MRAP-2' programme,0.31,18.6,18.6
United States,South Africa,2008,773.0,RG-31 Nyala,armoured personnel carrier,773.0,2009; 2010,New,$552 m deal (incl $199 m for 440 produced in South Africa and $353 m for 333 produced in USA); mainly for use in Afghanistan,0.18,139.14,139.14
United States,Germany,2008,5.0,EC-145,light helicopter,5.0,2009; 2010,New,Produced under licence in USA; US designation H-72A,3.25,16.25,16.25
United States,Canada,2008,553.0,LAV-3,armoured personnel carrier,553.0,2009; 2010; 2011,New,$1.2 b deal; Stryker version; incl command post and mortar carrier versions,0.3,165.9,165.9
United States,Canada,2009,352.0,LAV-3,armoured personnel carrier,352.0,2011; 2012,New,$647 m deal; Stryker version; incl command post and mortar carrier versions,0.3,105.6,105.6
United States,Netherlands,2008,1.0,Stan Patrol-4708,patrol boat,1.0,2012,New,$88 m deal; for coast guard; produced under licence in USA as Sentinel or 154ft cutter,15.4,15.4,15.4
United States,Israel,2006,6.0,M-2022,maritime patrol aircraft radar,6.0,2008; 2009; 2010,New,For modernization of 6 HC-130J MP aircraft; for coast guard,2.5,15.0,15.0
United States,South Africa,2010,250.0,RG-31 Nyala,armoured personnel carrier,250.0,2010,New,$227 m deal (incl production of components in USA); RG-31A2 version,0.18,45.0,45.0
United States,Canada,2010,103.0,LAV-3,armoured personnel carrier,103.0,2012,New,$176 m deal; Stryker version; incl production of components in USA,0.3,30.9,30.9
United States,Canada,2010,91.0,LAV-3,armoured personnel carrier,91.0,2011; 2012,New,$143 m deal; Stryker version; incl production of components in USA,0.3,27.3,27.3
United States,South Africa,2010,27.0,RG-31 Nyala,armoured personnel carrier,27.0,2011,New,Probably incl production of components in USA,0.18,4.86,4.86
United States,Israel,2010,250.0,Litening,aircraft electro-optical system,250.0,2011; 2012; 2013; 2014; 2015; 2016; 2017,New,Part of $2.3 b 'ATP-SE' programme; Litening-SE version,1.0,250.0,250.0
United States,Israel,2012,3.0,M-2022,maritime patrol aircraft radar,3.0,2016; 2017,New,For 3 HC-130J MP aircraft produced in USA; for coast guard,2.5,7.5,7.5
United States,Germany,2021,8.0,ship engine,ship engine,,,New,MTU 20V4000 (4020hp) diesel engine for 2 Constellation frigates produced in USA,1.5,12.0,0.0
United States,Russia,2009,6.0,Mi-17,transport helicopter,6.0,2012,Second hand,Second-hand; for training,2.9,17.4,17.4
United States,United Kingdom,1995,33.0,air refuel system,air refuel system,30.0,2000; 2001; 2002; 2003; 2004; 2005,New,Mk-32B podded hose system for modernization of KC-135 tanker aircraft,10.0,330.0,300.0
United States,United Kingdom,2006,1.0,air refuel system,air refuel system,1.0,2007,New,For modification of 1 DC-10 transport aircraft to KDC-10 tanker aircraft owned and operated by US company,10.0,10.0,10.0
United States,Saudi Arabia,2005,1.0,Boeing-707,transport aircraft,1.0,2006,Second hand,Second-hand; modified to tanker aircraft; owned and operated by US company and leased per hour to US and other armed forces,17.8,17.8,17.8
United States,United Kingdom,1998,1.0,air refuel system,air refuel system,1.0,2000,New,For modification of 1 Boeing-707 transport aircraft to K-707 tanker aircraft owned and operated by US company,10.0,10.0,10.0
United States,United Kingdom,2005,1.0,air refuel system,air refuel system,1.0,2006,New,For modification of 1 Boeing-707 transport aircraft to K-707 tanker aircraft owned and operated by US company,10.0,10.0,10.0
United States,Japan,2006,1.0,DC-10-40,transport aircraft,1.0,2007,Second hand,Second-hand; modified to tanker aircraft after delivery; owned and operated by US company and leased per hour to US and other armed forces,40.0,40.0,40.0
United States,United Kingdom,2011,60.0,Pegasus,turbofan,60.0,2012,Second hand,Second-hand; Pegasus-107 version; spares for AV-8B combat aircraft,1.2,72.0,72.0
United States,Australia,2011,3.0,KC-707,tanker/transport aircraft,3.0,2011,Second hand,Second-hand; Boeing-707-338C version; owned and operated by US company and leased per hour to US and other armed forces,32.0,96.0,96.0
United States,New Zealand,2012,20.0,J-52,turbojet,20.0,2012,Second hand,Second-hand; spare for A-4K combat aircraft,0.44,8.8,8.8
United States,Sweden,2016,25.0,Giraffe-AMB,air-search radar,2.0,2022,New,For Nimitz Class Aircraft Carriers (CVN) and Amphibious (LHA and LHD(LH)) type ships; US designation SPN-50(V)1,7.5,187.5,15.0
United States,Italy,2007,21.0,C-27J Spartan,transport aircraft,21.0,2008; 2009; 2010; 2011; 2012; 2013; 2014,New,'JCA' (formerly 'FCA' or 'C-XX') programme; original plan for over 100 reduced to 78; then to 38 and in 2013 to 21,16.0,336.0,336.0
United States,Austria,2010,10.0,Camcopter S-100,reconnaissance drone,10.0,2010; 2011,New,Ordered for evaluation in 'Yellow Jacket' programme,0.2,2.0,2.0
United States,Poland,2009,9.0,M-28 Skytruck,light transport aircraft,9.0,2009; 2010; 2011,New,US designation C-145A,2.75,24.75,24.75
United States,Poland,2011,6.0,M-28 Skytruck,light transport aircraft,6.0,2012,New,US designation C-145A,2.75,16.5,16.5
United States,Poland,2012,21.0,MiG-21bis,fighter aircraft,21.0,2013,Second hand,Second-hand; for US company for training of US forces,5.0,105.0,105.0
United States,unknown supplier(s),2011,5.0,L-39C Albatros,(armed) trainer aircraft,5.0,2012,Second hand,Second-hand; for US company for training of US forces,1.8,9.0,9.0
United States,Poland,2012,4.0,MiG-21PFM,fighter aircraft,4.0,2013,Second hand,Second-hand; MiG-21UM version; for US company for training of US forces,4.0,16.0,16.0
United States,Israel,2000,1.0,TA-4J Skyhawk,trainer aircraft,1.0,2001,Second hand,Second-hand; operated by civilian company in USA for US and other military customers for training,2.8,2.8,2.8
United States,Switzerland,2004,15.0,Hunter,fighter/ground-attack aircraft,15.0,2004; 2007; 2010,Second hand,Second-hand; Hunter FGA-58 version; for civilian company for training of US forces,1.6,24.0,24.0
United States,United Kingdom,2018,18.0,M-777 155mm,towed gun,18.0,2021,New,,1.0,18.0,18.0
United States,Saudi Arabia,2023,10.0,F-5E Tiger-2,fighter/ground-attack aircraft,,,Second hand,Second-hand; for US company for training of US armed forces; incl F-5F and RF-5E versions,4.2,42.0,0.0
United States,United Kingdom,2011,642.0,AGM-65 Maverick,air-to-surface missile,642.0,2012; 2013,Second hand,Second-hand; status uncertain (possible only for US company),0.06,38.52,38.52
United States,Israel,2000,2.0,A-4E Skyhawk,fighter/ground-attack aircraft,2.0,2001,Second hand,Second-hand; TA-4H version operated by civilian company in USA for US and other military customers for training,3.6,7.2,7.2
United States,Italy,2000,8.0,A-109K,light helicopter,8.0,2000; 2001,New,Lease (worth $17 m for first 4); for coast guard 'Airborne Use of Force' anti-narcotics operations; A-109E Power version; US designation MH-68A Sting Ray,2.75,22.0,22.0
United States,Australia,2002,1.0,Incat,transport ship,1.0,2002,New,$80 m 3-year; US designation TSV-X1 and Spearhead,30.0,30.0,30.0
United States,Australia,2001,1.0,Incat,transport ship,1.0,2001,New,$20 m 2-year lease; US designation HSV-X1 and Joint Venture,30.0,30.0,30.0
United States,Italy,2003,2.0,A-109K,light helicopter,2.0,2004,New,Lease; for coast guard 'Airborne Use of Force' anti-narcotics operations; A-109E Power version; US designation MH-68A Sting Ray,2.75,5.5,5.5
United States,Australia,2001,1.0,WestPac Express,transport ship,1.0,2001,Second hand,Second-hand; lease,12.0,12.0,12.0
United States,Australia,2003,1.0,Incat,transport ship,1.0,2003,New,5-year lease; incl for use as MCM support ship; US designation HSV-2 and Swift,30.0,30.0,30.0
United States,Austria,2009,20.0,DA40,light aircraft,20.0,2009,New,Lease; or training; US designation T-52A,0.15,3.0,3.0
United States,Sweden,2017,,SAK-70 Mk-2 57mm,naval gun,,,New,For Heritage (OPC) OPV produced in USA,2.5,0.0,0.0
United States,Austria,2022,5.0,Pandur,armoured personnel carrier,5.0,2024,New,$56 m deal,0.3,1.5,1.5
United States,Norway,2004,1.0,NASAMS,surface-to-air missile system,1.0,2004,New,,10.0,10.0,10.0
United States,United Kingdom,1981,223.0,Hawk-60,trainer/combat aircraft,112.0,2000; 2001; 2002; 2003; 2004; 2005; 2006; 2007; 2008; 2009,New,'VTXTS' or 'T-45TS' programme; T-45A and T-45C Goshawk version,9.0,2007.0,1008.0
United States,Canada,2023,6.0,Global Express,transport aircraft,,,New,'HADES' programme; Global-6500 version for modification in USA to ISR aircraft,26.0,156.0,0.0
United States,Netherlands,2019,2.0,KC-10A Extender,tanker/transport aircraft,2.0,2019; 2021,Second hand,Second-hand; owned and operated by US company for leased per hour to US and other armed forces,48.0,96.0,96.0
United States,Jordan,2016,21.0,F-5E Tiger-2,fighter/ground-attack aircraft,21.0,2016; 2017,Second hand,Second-hand; for US company for training of US forces,4.2,88.2,88.2
United States,Netherlands,2025,35.0,LST-100,landing ship,,,New,'LSM' programme; produced under licence in USA; designated McClung class by USA; selected 2025 but not yet ordered by end-2025,17.5,612.5,0.0
United States,Sweden,2021,2.0,SAK-70 Mk-2 57mm,naval gun,,,New,For 2 Constellation frigates produced in USA; produced under licence in USA as Mk-110,2.5,5.0,0.0
United States,Norway,2024,,JSM,air-to-surface/anti-ship missile,,,New,For F-35; delivery planned from 2026,1.2,0.0,0.0
United States,unknown supplier(s),2001,3.0,Mi-17,transport helicopter,3.0,2001; 2002,Second hand,Second-hand; supplier could be former Soviet Central Asian country; Mi-8MTV1 version; for use by US forces (CIA) in Afghanistan,2.9,8.7,8.7
United States,Australia,2020,6.0,PC-9,(armed) trainer aircraft,6.0,2021,Second hand,Second-hand; for US company for training of US armed forces,0.9,5.4,5.4
United States,South Korea,2013,12.0,Hawk-50,trainer/combat aircraft,12.0,2014,Second hand,Second-hand; for US company for training of US armed forces,3.4,40.8,40.8
United States,Australia,2008,1.0,EPF,transport ship,1.0,2012,New,$185 m deal (part 'JHSV' (Joint High Speed Vessel) programme); produced under licence in USA,30.0,30.0,30.0
United States,Israel,2021,432.0,Spike-NLOS,air-to-surface/surface-to-surface missile,432.0,2023; 2024,New,$43 m deal; for AH-64E combat helicopter; produced under licence in USA,0.15,64.8,64.8
United States,France,2023,14.0,KC-135 Stratotanker,tanker/transport aircraft,14.0,2024; 2025,Second hand,Second-hand; owned and operated by US company and leased per hour to US armed forces; KC-135FR and KC-135RG versions,24.0,336.0,336.0
United States,Netherlands,2009,77.0,Stan Patrol-4708,patrol boat,61.0,2012; 2013; 2014; 2015; 2016; 2017; 2018; 2019; 2020; 2021; 2022; 2023; 2024; 2025,New,For coast guard; produced under licence in USA as Sentinel or 154ft cutter,15.4,1185.8,939.4
United States,Germany,2004,27.0,TRS-3D,air/sea-search radar,27.0,2006; 2008; 2010; 2012; 2014; 2015; 2016; 2017; 2018; 2019; 2020; 2021; 2022; 2023; 2024; 2025,New,TRS-3D/16 version for 16 LCS-1 (Freedom) frigates and 10 Legend (NSC) patrol ships produced in USA and 1 land-based site; possibly incl production under licence in USA,10.0,270.0,270.0
United States,South Korea,2024,5.0,Boeing-747-8,heavy transport aircraft,,,Second hand,Second-hand; $674 m deal; for modification to command and control aircraft,0.0,0.0,0.0
United States,Israel,2024,,Hero-120,loitering munition,,,New,Incl Hero-120SF version; produced under licence in USA; delivery planned by 2029,0.04,0.0,0.0
United States,Canada,2023,4.0,Global Express,transport aircraft,2.0,2025,New,'ATHENA' programme; Global-6500 version for modification in USA to AGS/SIGINT (ATHENA-R) and SIGINT (ATHENA-S) aircraft,26.0,104.0,52.0
United States,Israel,2016,340.0,K-6 120mm,mortar,340.0,2018; 2019; 2021,New,US designations M-120 and M-121,0.25,85.0,85.0
United States,Norway,2024,328.0,Protector-MC,infantry fighting vehicle turret,,,New,MCT-30 (RT-20) version for 150 ACV-30 infantry fighting vehicles produced in USA; produced under licence in USA,0.8,262.4,0.0
United States,Peru,2001,1.0,An-32,transport aircraft,1.0,2001,Second hand,Second-hand; An-32B version,4.4,4.4,4.4
United States,Israel,2002,6.0,Kfir C-2,fighter/ground-attack aircraft,6.0,2002; 2003; 2004,Second hand,Second-hand; for civilian company for training of US armed forces,4.9,29.4,29.4
United States,United Kingdom,2003,1.0,Pegasus One,transport ship,1.0,2003,Second hand,Second-hand; 1-year lease; US designation TSV-SCBT or Arrowhead class,12.0,12.0,12.0
United States,South Africa,2003,4.0,RG-31 Nyala,armoured personnel carrier,4.0,2003,New,,0.18,0.72,0.72
United States,Bulgaria,2002,1.0,Mi-17,transport helicopter,1.0,2002,Second hand,Second-hand,2.9,2.9,2.9
United States,Bulgaria,2002,2.0,Mi-24D,combat helicopter,2.0,2003,Second hand,Second-hand,3.3,6.6,6.6
United States,Canada,1999,35.0,Bell-206,light helicopter,35.0,2001; 2002; 2003,New,'NTH' programme; for training; Bell-206B-3 or TH-206 version; US designation TH-67A Creek,0.7,24.5,24.5
United States,Israel,2002,453.0,CARDOM 120mm,mortar,453.0,2002; 2004; 2005; 2006; 2007; 2009; 2010,New,For Stryker (Piranha-3) mortar carrier from Canada,0.25,113.25,113.25
United States,Jordan,2020,14.0,Mirage F-1E,fighter/ground-attack aircraft,14.0,2020; 2021; 2022,Second hand,Second-hand; Mirage F-1EJ version (incl 1 Mirage F-1DJ trainer/combat version); for US company for training of US armed forces,8.0,112.0,112.0
United States,Canada,2018,6.0,aircraft engine,aircraft engine,6.0,2021,New,Pratt & Whitney Canada PW-127G (2650hp) turboprop for 3 C-295 transport aircraft from Spain,0.75,4.5,4.5
United States,Spain,2004,18.0,CN-235MP,maritime patrol aircraft,18.0,2007; 2008; 2009; 2010; 2011; 2012; 2013; 2014,New,Part of coast guard 'Deepwater-2000' programme; CN-235M-300M/C-235ER version; US designation HC-144; incl production of components and assembly in USA,17.0,306.0,306.0
United States,Sweden,2018,1.0,Giraffe-AMB,air-search radar,1.0,2020,New,Sea Giraffe AMB version; for 1 Expeditionary Sea Base (ESB) support ship produced in USA; US designation SPS-77,7.5,7.5,7.5
United States,Germany,2003,20.0,ship engine,ship engine,20.0,2008; 2010; 2012; 2014; 2015; 2017; 2019; 2021; 2024,New,MTU 20V-1163 (9900hp) diesel engine for 10 Legend (NSC) patrol ships produced in USA,3.0,60.0,60.0
United States,Switzerland,2013,4.0,T-6 Texan-2,(armed) trainer aircraft,4.0,2015,New,Produced under licence in USA; T-6D version,2.0,8.0,8.0
United States,New Zealand,2012,9.0,MB-339C,trainer/combat aircraft,9.0,2012,Second hand,Second-hand; for US company for training of US armed forces,2.4,21.6,21.6
United States,United Kingdom,2000,1026.0,M-777 155mm,towed gun,1026.0,2002; 2004; 2005; 2006; 2007; 2008; 2009; 2010; 2011; 2012; 2013,New,Produced under licence in USA,1.0,1026.0,1026.0
United States,Ukraine,1997,1.0,Vaslayayev,cargo ship,1.0,2003,Second hand,Second-hand; US designation Roy M. Wheat; for use with Maritime Preprosition Force (MPF),50.0,50.0,50.0
United States,Italy,2023,26.0,Skyward,aircraft electro-optical system,26.0,2023; 2024,New,For F-16 combat aircraft operated by US company for training of US armed forces,1.0,26.0,26.0
United States,Canada,1996,748.0,aircraft engine,aircraft engine,747.0,2000; 2001; 2002; 2003; 2004; 2005; 2006; 2007; 2008; 2009; 2010; 2011; 2012; 2013; 2014; 2015; 2016,New,Pratt & Whitney Canada PT-6A-68 (1100hp) turboprop engine for 748 T-6A and T-6B trainer aircraft from Switzerland,0.5,374.0,373.5
United States,Canada,2021,6.0,Global Express,transport aircraft,5.0,2022; 2023; 2024; 2025,New,$465 m deal; Global-6500 version for modification in USA to E-11A BACN communications support aircraft,26.0,156.0,130.0
United States,Sweden,2025,,Giraffe-1X,air-search radar,,,New,From production line in USA,7.5,0.0,0.0
United States,Norway,1997,12.0,Penguin-2,anti-ship missile,6.0,2000; 2001; 2002,New,Penguin-2 Mod-7 version for SH-60B helicopters; designated AGM-119B by USA,0.4,4.8,2.4
United States,New Zealand,2012,8.0,A-4NZ Skyhawk-2,fighter/ground-attack aircraft,8.0,2012,Second hand,Second-hand; for US company for training of US armed forces,5.6,44.8,44.8
United States,Israel,2000,10.0,A-4M Skyhawk-2,fighter/ground-attack aircraft,10.0,2001,Second hand,Second-hand; operated by civilian company in USA for US and other military customers for training,4.0,40.0,40.0
United States,Israel,1998,42.0,Popeye,air-to-surface missile,42.0,2000,New,US designation AGM-142 Raptor or Have Nap; no. could be 142,0.9,37.8,37.8
United States,Australia,2003,7.0,GA-8 Airvan,light transport aircraft,7.0,2004,New,For Auxiliary Civil Air Patrol,0.24,1.68,1.68
United States,Israel,2021,,Samson RCWS-30,infantry fighting vehicle turret,100.0,2025,New,For modernization of Stryker infantry fighting vehicles; MCWS version; produced under licence in USA,0.8,0.0,80.0
United States,Norway,2020,33.0,Protector-MC,infantry fighting vehicle turret,33.0,2023; 2024,New,XM-914 version; produced under licence in USA; for MADIS Inc-1 air-defence systems (based on JLTV armoured personnel carriers) produced in USA,0.8,26.4,26.4
United States,Germany,2021,650.0,BR-725,turbofan,,,New,$2.6 b deal; for modernization of 76 B-52H combat aircraft (incl 42 spare engines) to B-52J; F-130 version; produced under licence in USA; delivery planned from 2033,0.0,0.0,0.0
United States,Italy,2018,34.0,AW-139,helicopter,18.0,2022; 2023; 2024; 2025,New,Incl production under licence  in USA; MH-139A Grey Wolf version,6.0,204.0,108.0
United States,Canada,2000,142.0,LAV-3 LPTAG,fire-support vehicle,142.0,2002; 2005; 2006; 2007; 2008; 2009; 2010,New,Incl production of components in USA; US designation M-1128 Stryker MGS,1.4,198.8,198.8
United States,Germany,2014,155.0,EC-145,light helicopter,155.0,2015; 2016; 2017; 2018; 2019; 2020; 2021; 2022; 2023; 2024; 2025,New,Produced in USA; for training; US designations UH-72A; LUH-72A or UH-72B,3.25,503.75,503.75
United States,Israel,2019,480.0,Tamir,surface-to-air missile,480.0,2020; 2021,New,For Iron Dome (MRIC) air-defence system,0.15,72.0,72.0
United States,Ukraine,2005,4.0,9P117 Uragan,surface-to-surface missile launcher,4.0,2005,Second hand,Second-hand; probably for training,0.4,1.6,1.6
United States,Bulgaria,2013,610.0,Fagot,anti-tank missile,610.0,2014,New,Possibly second-hand; possibly for US aid to Syrian rebels or Iraq,0.01,6.1,6.1
United States,Sweden,2002,2.0,Giraffe-AMB,air-search radar,2.0,2004,New,,7.5,15.0,15.0
United States,Switzerland,2004,6.0,PC-12,light transport aircraft,6.0,2005,New,US designation U-28A; incl for SIGINT,1.85,11.1,11.1
United States,France,2002,278.0,FLASH,anti-submarine sonar,278.0,2005; 2006; 2007; 2008; 2009; 2010; 2011; 2012; 2013; 2014; 2015; 2016; 2017; 2018; 2019; 2020; 2021; 2022; 2023; 2024,New,AQS-22 ALFS version for 281 MH-60R anti-submarine helicopters produced in USA; produced under licence in USA,2.0,556.0,556.0
United States,Germany,2006,346.0,EC-145,light helicopter,346.0,2006; 2007; 2008; 2009; 2010; 2011; 2012; 2013; 2014; 2015,New,$3 b 'LUH' programme (incl 20 years support); produced under licence in USA; US designation UH-72A Lakota,3.25,1124.5,1124.5
United States,Israel,2021,250.0,Spike-NLOS,air-to-surface/surface-to-surface missile,250.0,2022,New,For use on JLTV armoured vehicle; possibly produced under licence in USA,0.15,37.5,37.5
United States,United Kingdom,2019,1.0,C-130J Hercules,transport aircraft,1.0,2020,Second hand,Second-hand; $30 m deal,16.0,16.0,16.0
United States,Jordan,2020,11.0,Mirage F-1C,fighter/ground-attack aircraft,11.0,2020; 2021; 2022,Second hand,Second-hand; for US company for training of US armed forces,6.4,70.4,70.4
United States,Sweden,2020,2.0,Giraffe-AMB,air-search radar,,,New,$18 m deal; Sea Giraffe AMB version; for Heritage (OPC) OPV and Expeditionary Sea Base (ESB) support ship produced in USA; US designation SPS-77,7.5,15.0,0.0
United States,Sweden,2017,11.0,Giraffe-AMB,air-search radar,,,New,For 11 Heritage (OPC) OPV produced in USA,7.5,82.5,0.0
United States,Canada,2014,4.0,aircraft engine,aircraft engine,4.0,2015,New,Pratt & Whitney Canada PT-6A-68 (1100hp) turboprop for 4 T-6D trainer aircraft from Switzerland,0.5,2.0,2.0
United States,Czechia,2014,21.0,L-159A ALCA,fighter/ground-attack aircraft,21.0,2015; 2016; 2017; 2018,Second hand,Second-hand; for US company for training of US armed forces,4.0,84.0,84.0
unknown recipient(s),United States,2018,5.0,AAQ-33 Sniper ATP,aircraft electro-optical system,5.0,2020,New,,1.0,5.0,5.0
unknown recipient(s),United States,2010,10.0,MaxxPro,armoured personnel carrier,10.0,2010,New,MaxxPro Dash version; for use in Afhganistan,0.32,3.2,3.2
unknown recipient(s),United States,2018,5.0,AAQ-33 Sniper ATP,aircraft electro-optical system,5.0,2020,New,,1.0,5.0,5.0
unknown recipient(s),United States,2025,,C-130J Hercules,transport aircraft,,,New,,40.0,0.0,0.0
Uruguay,United States,2024,3.0,Bell-206,light helicopter,,,Second hand,Second-hand; delivery planned 2026,0.28,0.84,0.0
Uruguay,United States,2023,36.0,M-ATV,armoured personnel carrier,10.0,2025,Second hand,Second-hand; M-1240A1 version,0.1,3.6,1.0
Uruguay,United States,2023,14.0,Mamba-7,armoured personnel carrier,14.0,2024,New,$13 m 'Global Peacekeeping Operations Initiative' aid; for peacekeeping missions; incl 1 command post; 1 ambulance and 1 recovery versions,0.2,2.8,2.8
Uruguay,United States,2021,3.0,SP-2600,patrol boat,3.0,2022,Second hand,Second-hand; aid; Protector version,1.68,5.04,5.04
Uruguay,United States,2019,1.0,Bell-212,helicopter,1.0,2021,Second hand,Second-hand; aid,1.48,1.48,1.48
Uzbekistan,United States,2024,6.0,PC-12,light transport aircraft,,,Second hand,Second-hand; delivery planned by 2027,0.74,4.44,0.0
Uzbekistan,United States,2014,50.0,Cougar,armoured personnel carrier,50.0,2015,Second hand,Second-hand; aid,0.14,7.0,7.0
Uzbekistan,United States,2014,50.0,RG-33,armoured personnel carrier,50.0,2015,Second hand,Second-hand; aid,0.08,4.0,4.0
Uzbekistan,United States,2014,159.0,M-ATV,armoured personnel carrier,159.0,2015,Second hand,Second-hand; aid,0.1,15.9,15.9
Uzbekistan,United States,2014,70.0,MaxxPro,armoured personnel carrier,70.0,2015,Second hand,Second-hand; aid; incl 20 ARV version,0.13,8.96,8.96
Uzbekistan,United States,2024,4.0,V-2500,turbofan,,,New,For 2 C-390 transport aircraft from Brazil,3.0,12.0,0.0
Venezuela,United States,1998,2.0,HS-7,anti-submarine sonar,2.0,2002,New,For modernization of 2 Lupo (Sucre) frigates,5.0,10.0,10.0
Venezuela,United States,1999,2.0,ship engine,ship engine,2.0,2001,New,Caterpillar-3616 diesel engine for 1 Ciudad Bolivar support ship from South Korea,2.5,5.0,5.0
Venezuela,United States,2001,4.0,F-28,light helicopter,4.0,2002,New,F-280FX version; for National Guard; for training,0.25,1.0,1.0
Venezuela,United States,2014,16.0,Enstrom-480,light helicopter,16.0,2015,New,Probably $41 m deal; TH-480B version; for training,0.4,6.4,6.4
Venezuela,United States,2001,3.0,Bell-412,helicopter,3.0,2003,New,Bell-412EP version; from Canadian production line,5.0,15.0,15.0
Viet Nam,United States,2021,12.0,FJ44-4,turbofan,12.0,2024; 2025,New,For 12 L-39NG trainer/combat aircraft from Czechia,0.6,7.2,7.2
Viet Nam,United States,2019,1.0,Hamilton,patrol ship,1.0,2021,Second hand,Second-hand; for coast guard; aid,54.0,54.0,54.0
Viet Nam,United States,2016,1.0,Hamilton,patrol ship,1.0,2017,Second hand,Second-hand; for coast guard; aid,54.0,54.0,54.0
Viet Nam,United States,2021,12.0,T-6 Texan-2,(armed) trainer aircraft,12.0,2024; 2025,New,T-6C version,2.0,24.0,24.0
Viet Nam,United States,2022,1.0,Hamilton,patrol ship,1.0,2025,Second hand,Second-hand; aid,54.0,54.0,54.0
Yemen,United States,2007,18.0,Cougar,armoured personnel carrier,18.0,2008,New,Yemeni designation YLAV,0.35,6.3,6.3
Yemen,United States,2010,4.0,UH-1H Huey-2,helicopter,4.0,2011,New,$27 m aid; second-hand UH-1H rebuilt to UH-1H-2,3.1,12.4,12.4
Yemen,United States,2011,2.0,aircraft engine,aircraft engine,2.0,2013,New,General Electric CT-7-9C3 (1750hp) turboprop for 1 CN-235 transport aircraft from Spain,0.5,1.0,1.0
Yemen,United States,2014,1.0,King Air-350 ISR,ground surveillance aircraft,1.0,2015,New,Designation uncertain (possibly King Air-350 SPYDR version),11.0,11.0,11.0
Yemen,United States,2005,32.0,M-113,armoured personnel carrier,32.0,2006,Second hand,Second-hand; aid; M-113A2 version (incl 2 M-577A2 command post version),0.1,3.2,3.2
Yemen,United States,2012,2.0,Cessna-208 Caravan,light transport aircraft,2.0,2013,New,Cessna-208B-ISR surveillance version or AC-208B armed version; aid,1.0,2.0,2.0
Zambia,United States,2023,2.0,Enstrom-480,light helicopter,2.0,2024,New,Enstrom-480B version; incl for training,0.4,0.8,0.8
Zambia,United States,2020,1.0,Cessna-208 Caravan,light transport aircraft,1.0,2020,New,Cessna-208B EX version,1.0,1.0,1.0
Zambia,United States,2023,4.0,Bell-412,helicopter,1.0,2023,New,$80 m deal; aid; Bell-412EP version,5.0,20.0,5.0
Zambia,United States,2015,4.0,aircraft engine,aircraft engine,4.0,2019,New,Allison AE-2100D3 (5000hp) turboprop for 2 C-27J transport aircraft from Italy,1.5,6.0,6.0
